frame_index,read_frame_count,unscaled_delta_ns,main_thread_ns,gc_alloc_bytes,batches,set_pass_calls,draw_calls,engine_controller_update_ns,intended_cell_x,intended_cell_y,actual_cell_x,actual_cell_y,cell_match,input_checked,mouse_is_virtual,injected_x,injected_y,read_x,read_y,tnd_bench_t1_hover_ns,tnd_bench_t1_reclassify_ns,tnd_bench_t1_hoveredborder_ns,tnd_bench_t1_hoveredborderrebuild_ns,tnd_bench_t1_modeenter_ns,tnd_bench_t1_conquerui_ns,tnd_bench_s0_hover_ns,tnd_bench_s0_rebuild_ns
0,275,71921370,48534625,103073,8085,87,8090,0,0,-18,0,-18,1,1,1,960,544.56,960,544.56,0,0,0,0,0,0,769042,719500
1,276,52142128,50896667,23577,8086,88,8091,0,0,-18,0,-18,1,1,1,960,544.56,960,544.56,0,0,0,0,0,0,1060625,1009959
2,277,44624667,46049416,23553,8085,90,8090,0,0,-18,0,-18,1,1,1,960,544.56,960,544.56,0,0,0,0,0,0,964292,918875
3,278,49585748,49533583,285865,8085,87,8090,0,0,-18,0,-18,1,1,1,960,544.56,960,544.56,0,0,0,0,0,0,729208,693917
4,279,44156666,41952625,23903,8085,87,8090,0,0,-18,0,-18,1,1,1,960,544.56,960,544.56,0,0,0,0,0,0,716625,668458
5,280,39810623,41989917,24059,8085,87,8090,0,0,-18,0,-18,1,1,1,960,544.56,960,544.56,0,0,0,0,0,0,687416,652875
6,281,42152170,42174250,23489,8085,87,8090,0,0,-18,0,-18,1,1,1,960,544.56,960,544.56,0,0,0,0,0,0,717083,673000
7,282,43501663,42280750,23489,8085,87,8090,0,0,-18,0,-18,1,1,1,960,544.56,960,544.56,0,0,0,0,0,0,725875,688416
8,283,39635460,40790000,23553,8085,87,8090,0,0,-18,0,-18,1,1,1,960,544.56,960,544.56,0,0,0,0,0,0,741208,698708
9,284,40216788,40221250,23629,8085,87,8090,0,0,-18,0,-18,1,1,1,960,544.56,960,544.56,0,0,0,0,0,0,621459,590750
10,285,39362832,38320917,23489,8085,87,8090,0,0,-18,0,-18,1,1,1,960,544.56,960,544.56,0,0,0,0,0,0,647959,609375
11,286,36530882,37551208,23553,8085,87,8090,0,0,-18,0,-18,1,1,1,960,544.56,960,544.56,0,0,0,0,0,0,723375,680250
12,287,43111577,43069625,23489,8085,87,8090,0,0,-18,0,-18,1,1,1,960,544.56,960,544.56,0,0,0,0,0,0,763083,727083
13,288,40373045,39306125,23577,8085,90,8090,0,0,-18,0,-18,1,1,1,960,544.56,960,544.56,0,0,0,0,0,0,727750,688917
14,289,36785084,37849417,23553,8085,87,8090,0,0,-18,0,-18,1,1,1,960,544.56,960,544.56,0,0,0,0,0,0,642666,611500
15,290,38736209,38690334,23541,8085,87,8090,0,0,-18,0,-18,1,1,1,960,544.56,960,544.56,0,0,0,0,0,0,731125,690916
16,291,44091079,42370250,23489,8086,88,8091,0,0,-18,0,-18,1,1,1,960,544.56,960,544.56,0,0,0,0,0,0,714333,670291
17,292,44487919,44977000,24205,8085,87,8090,0,0,-18,0,-18,1,1,1,960,544.56,960,544.56,0,0,0,0,0,0,697166,652167
18,293,42526330,43717875,23705,8085,87,8090,0,0,-18,0,-18,1,1,1,960,544.56,960,544.56,0,0,0,0,0,0,895208,861000
19,294,50478413,48951167,23489,8085,87,8090,0,0,-18,0,-18,1,1,1,960,544.56,960,544.56,0,0,0,0,0,0,801834,751792
20,295,50676543,51859084,23605,8085,87,8090,0,0,-18,0,-18,1,1,1,960,544.56,960,544.56,0,0,0,0,0,0,886917,842583
21,296,63824333,62216083,23577,8085,87,8090,0,0,-18,0,-18,1,1,1,960,544.56,960,544.56,0,0,0,0,0,0,788084,737167
22,297,62781624,64369000,23553,8085,87,8090,0,0,-18,0,-18,1,1,1,960,544.56,960,544.56,0,0,0,0,0,0,1006041,952667
23,298,72570703,69550500,23489,8085,87,8090,0,0,-18,0,-18,1,1,1,960,544.56,960,544.56,0,0,0,0,0,0,1051416,978917
24,299,63417747,66364667,23693,8085,90,8090,0,0,-18,0,-18,1,1,1,960,544.56,960,544.56,0,0,0,0,0,0,1019167,970791
25,300,68399667,65112834,23851,8085,87,8090,0,0,-18,0,-18,1,1,1,960,544.56,960,544.56,0,0,0,0,0,0,1145083,1087708
26,301,62103252,65133333,23971,8085,87,8090,0,0,-18,0,-18,1,1,1,960,544.56,960,544.56,0,0,0,0,0,0,1022209,969541
27,302,68239413,66387375,23577,8085,87,8090,0,0,-18,0,-18,1,1,1,960,544.56,960,544.56,0,0,0,0,0,0,1005209,946792
28,303,59951957,61985958,23605,8085,87,8090,0,0,-18,0,-18,1,1,1,960,544.56,960,544.56,0,0,0,0,0,0,1087167,1020416
29,304,67693337,65803084,23489,8085,87,8090,0,0,-18,0,-18,1,1,1,960,544.56,960,544.56,0,0,0,0,0,0,1116417,1060833
30,305,71468710,73226458,23641,8085,87,8090,0,0,-18,0,-18,1,1,1,960,544.56,960,544.56,0,0,0,0,0,0,1185542,1124208
31,306,68213582,65941042,23541,8086,91,8091,0,0,-18,0,-18,1,1,1,960,544.56,960,544.56,0,0,0,0,0,0,1010875,958584
32,307,57382326,59665083,23553,8085,87,8090,0,0,-18,0,-18,1,1,1,960,544.56,960,544.56,0,0,0,0,0,0,1028208,964875
33,308,59056505,56373750,24141,8085,87,8090,0,0,-18,0,-18,1,1,1,960,544.56,960,544.56,0,0,0,0,0,0,811625,769583
34,309,55147830,57917292,23769,8085,87,8090,0,0,-18,0,-18,1,1,1,960,544.56,960,544.56,0,0,0,0,0,0,980084,919250
35,310,56870166,54970416,23541,8085,87,8090,0,0,-18,0,-18,1,1,1,960,544.56,960,544.56,0,0,0,0,0,0,806375,761083
36,311,56964252,58858958,23641,8085,87,8090,0,0,-18,0,-18,1,1,1,960,544.56,960,544.56,0,0,0,0,0,0,1114333,1047791
37,312,60292579,58807208,23489,8085,87,8090,0,0,-18,0,-18,1,1,1,960,544.56,960,544.56,0,0,0,0,0,0,1009625,944125
38,313,52484631,53750292,23553,8085,87,8090,0,0,-18,0,-18,1,1,1,960,544.56,960,544.56,0,0,0,0,0,0,1103625,1055541
39,314,56115284,54826333,23629,8085,87,8090,0,0,-18,0,-18,1,1,1,960,544.56,960,544.56,0,0,0,0,0,0,959416,901792
40,315,50865668,52243166,23553,8085,90,8090,0,0,-18,0,-18,1,1,1,960,544.56,960,544.56,0,0,0,0,0,0,982042,924209
41,316,51967460,50315125,23489,8085,87,8090,0,0,-18,0,-18,1,1,1,960,544.56,960,544.56,0,0,0,0,0,0,862791,808625
42,317,50460707,50640459,24003,8085,87,8090,0,0,-18,0,-18,1,1,1,960,544.56,960,544.56,0,0,0,0,0,0,863042,808250
43,318,49458041,49797792,23959,8085,87,8090,0,0,-18,0,-18,1,1,1,960,544.56,960,544.56,0,0,0,0,0,0,830083,787833
44,319,40527749,41648292,23553,8085,87,8090,0,0,-18,0,-18,1,1,1,960,544.56,960,544.56,0,0,0,0,0,0,748666,698500
45,320,42493544,42458291,23489,8085,87,8090,0,0,-18,0,-18,1,1,1,960,544.56,960,544.56,0,0,0,0,0,0,710583,666625
46,321,42835664,41553125,23577,8086,88,8091,0,0,-18,0,-18,1,1,1,960,544.56,960,544.56,0,0,0,0,0,0,677792,641959
47,322,39463166,40727584,23553,8085,87,8090,0,0,-18,0,-18,1,1,1,960,544.56,960,544.56,0,0,0,0,0,0,715750,669583
48,323,40189336,40217709,23541,8085,87,8090,0,0,-18,0,-18,1,1,1,960,544.56,960,544.56,0,0,0,0,0,0,737333,689042
49,324,47671660,46394167,23489,8085,87,8090,0,0,-18,0,-18,1,1,1,960,544.56,960,544.56,0,0,0,0,0,0,760583,724583
50,325,42161423,43359750,23641,8085,90,8090,0,0,-18,0,-18,1,1,1,960,544.56,960,544.56,0,0,0,0,0,0,694542,651959
51,326,46059161,45921750,23489,8085,87,8090,0,0,-18,0,-18,1,1,1,960,544.56,960,544.56,0,0,0,0,0,0,781500,735750
52,327,52488833,50889375,23489,8085,87,8090,0,0,-18,0,-18,1,1,1,960,544.56,960,544.56,0,0,0,0,0,0,821958,779584
53,328,51015958,50965625,23967,8085,87,8090,0,0,-18,0,-18,1,1,1,960,544.56,960,544.56,0,0,0,0,0,0,836125,782625
54,329,58462463,58736000,23995,8085,87,8090,0,0,-18,0,-18,1,1,1,960,544.56,960,544.56,0,0,0,0,0,0,802959,751208
55,330,58781873,60113625,23553,8085,87,8090,0,0,-18,0,-18,1,1,1,960,544.56,960,544.56,0,0,0,0,0,0,1295041,1241875
56,331,63242450,61416708,23489,8085,87,8090,0,0,-18,0,-18,1,1,1,960,544.56,960,544.56,0,0,0,0,0,0,946250,892000
57,332,57046916,58791833,23693,8085,87,8090,0,0,-18,0,-18,1,1,1,960,544.56,960,544.56,0,0,0,0,0,0,1008167,946333
58,333,57780627,56140833,23489,8085,87,8090,0,0,-18,0,-18,1,1,1,960,544.56,960,544.56,0,0,0,0,0,0,1011333,957750
59,334,60159921,61541209,23553,8085,87,8090,0,0,-18,0,-18,1,1,1,960,544.56,960,544.56,0,0,0,0,0,0,1169584,1101125
60,335,55929869,54690041,23577,8085,90,8090,0,0,-18,0,-18,1,1,1,960,544.56,960,544.56,0,0,0,0,0,0,860833,817875
61,336,51142461,52465417,23605,8086,88,8091,0,0,-18,0,-18,1,1,1,960,544.56,960,544.56,0,0,0,0,0,0,817917,754708
62,337,57313166,54342625,24053,8085,87,8090,0,0,-18,0,-18,1,1,1,960,544.56,960,544.56,0,0,0,0,0,0,804041,755916
63,338,55012628,58016000,23857,8085,87,8090,0,0,-18,0,-18,1,1,1,960,544.56,960,544.56,0,0,0,0,0,0,954250,900667
64,339,58237746,56603667,23489,8085,87,8090,0,0,-18,0,-18,1,1,1,960,544.56,960,544.56,0,0,0,0,0,0,876000,828833
65,340,52201543,53657334,23605,8085,87,8090,0,0,-18,0,-18,1,1,1,960,544.56,960,544.56,0,0,0,0,0,0,817791,766959
66,341,64842082,63128125,23577,8085,87,8090,0,0,-18,0,-18,1,1,1,960,544.56,960,544.56,0,0,0,0,0,0,992166,916166
67,342,62671832,64273625,23553,8085,87,8090,0,0,-18,0,-18,1,1,1,960,544.56,960,544.56,0,0,0,0,0,0,1038833,986625
68,343,66009335,64478333,23489,8085,87,8090,0,0,-18,0,-18,1,1,1,960,544.56,960,544.56,0,0,0,0,0,0,1034958,954000
69,344,55533085,56936125,23693,8085,90,8090,0,0,-18,0,-18,1,1,1,960,544.56,960,544.56,0,0,0,0,0,0,828750,786500
70,345,59814244,57141208,23489,8085,87,8090,0,0,-18,0,-18,1,1,1,960,544.56,960,544.56,0,0,0,0,0,0,887959,829083
71,346,52964463,55596584,24333,8085,87,8090,0,0,-18,0,-18,1,1,1,960,544.56,960,544.56,0,0,0,0,0,0,1113542,1058166
72,347,62269289,60578917,23577,8085,87,8090,0,0,-18,0,-18,1,1,1,960,544.56,960,544.56,0,0,0,0,0,0,936208,884417
73,348,64760878,66524666,23605,8085,87,8090,0,0,-18,0,-18,1,1,1,960,544.56,960,544.56,0,0,0,0,0,0,1296500,1233750
74,349,67706041,65865708,23489,8085,87,8090,0,0,-18,0,-18,1,1,1,960,544.56,960,544.56,0,0,0,0,0,0,1008584,948875
75,350,65042123,66855792,23641,8085,87,8090,0,0,-18,0,-18,1,1,1,960,544.56,960,544.56,0,0,0,0,0,0,1104791,1035166
76,351,69687627,67899417,23489,8086,88,8091,0,0,-18,0,-18,1,1,1,960,544.56,960,544.56,0,0,0,0,0,0,1066250,1012750
77,352,51331207,53102333,23605,8085,90,8090,0,0,-18,0,-18,1,1,1,960,544.56,960,544.56,0,0,0,0,0,0,1049292,980667
78,353,44980414,45110375,23577,8085,87,8090,0,0,-18,0,-18,1,1,1,960,544.56,960,544.56,0,0,0,0,0,0,811709,768833
79,354,42307958,40346416,24053,8085,87,8090,0,0,-18,0,-18,1,1,1,960,544.56,960,544.56,0,0,0,0,0,0,724333,683917
80,355,34975629,36914958,23769,8085,87,8090,0,0,-18,0,-18,1,1,1,960,544.56,960,544.56,0,0,0,0,0,0,696541,660209
81,356,37058830,36962666,23489,8085,87,8090,0,0,-18,0,-18,1,1,1,960,544.56,960,544.56,0,0,0,0,0,0,666208,629334
82,357,38256958,37135708,23629,8085,87,8090,0,0,-18,0,-18,1,1,1,960,544.56,960,544.56,0,0,0,0,0,0,616000,581417
83,358,36110587,37259042,23553,8085,87,8090,0,0,-18,0,-18,1,1,1,960,544.56,960,544.56,0,0,0,0,0,0,675167,641334
84,359,37087585,37090459,23489,8085,87,8090,0,0,-18,0,-18,1,1,1,960,544.56,960,544.56,0,0,0,0,0,0,615791,580959
85,360,43225206,41927542,23489,8085,87,8090,0,0,-18,0,-18,1,1,1,960,544.56,960,544.56,0,0,0,0,0,0,626584,585958
86,361,42103622,43311000,23641,8085,87,8090,0,0,-18,0,-18,1,1,1,960,544.56,960,544.56,0,0,0,0,0,0,698709,658666
87,362,47996208,47987000,23489,8085,87,8090,0,0,-18,0,-18,1,1,1,960,544.56,960,544.56,0,0,0,0,0,0,750750,705500
88,363,50876375,49369542,23541,8085,90,8090,0,0,-18,0,-18,1,1,1,960,544.56,960,544.56,0,0,0,0,0,0,732500,695958
89,364,51757335,53029209,23553,8085,87,8090,0,0,-18,0,-18,1,1,1,960,544.56,960,544.56,0,0,0,0,0,0,821584,773000
90,365,67454293,64262292,23939,8085,87,8090,0,0,-18,0,-18,1,1,1,960,544.56,960,544.56,0,0,0,0,0,0,1179125,1120750
91,366,60609664,63715458,23971,8086,88,8091,0,0,-18,0,-18,1,1,1,960,544.56,960,544.56,0,0,0,0,0,0,1003708,945166
92,367,66560998,64741250,23541,8085,87,8090,0,0,-18,0,-18,1,1,1,960,544.56,960,544.56,0,0,0,0,0,0,1092875,1022416
93,368,62980756,64799417,23641,8085,87,8090,0,0,-18,0,-18,1,1,1,960,544.56,960,544.56,0,0,0,0,0,0,983542,931958
94,369,66025130,64321875,23489,8085,87,8090,0,0,-18,0,-18,1,1,1,960,544.56,960,544.56,0,0,0,0,0,0,1058292,997958
95,370,62960915,64581250,23553,8085,87,8090,0,0,-18,0,-18,1,1,1,960,544.56,960,544.56,0,0,0,0,0,0,1086500,1012667
96,371,52382208,51082750,23629,8085,90,8090,0,0,-18,0,-18,1,1,1,960,544.56,960,544.56,0,0,0,0,0,0,886959,831958
97,372,49924086,51323250,23553,8085,87,8090,0,0,-18,0,-18,1,1,1,960,544.56,960,544.56,0,0,0,0,0,0,837541,794458
98,373,52141625,50644291,23489,8085,87,8090,0,0,-18,0,-18,1,1,1,960,544.56,960,544.56,0,0,0,0,0,0,822375,775959
99,374,52142333,52121000,24205,8085,87,8090,0,0,-18,0,-18,1,1,1,960,544.56,960,544.56,0,0,0,0,0,0,1006000,953167
100,375,51750581,51615167,23757,8085,87,8090,0,0,-18,0,-18,1,1,1,960,544.56,960,544.56,0,0,0,0,0,0,842041,790000
101,376,49697924,51188000,23553,8085,87,8090,0,0,-18,0,-18,1,1,1,960,544.56,960,544.56,0,0,0,0,0,0,846334,799042
102,377,53814832,52418709,23577,8085,87,8090,0,0,-18,0,-18,1,1,1,960,544.56,960,544.56,0,0,0,0,0,0,995166,939209
103,378,49973290,51423375,23553,8085,87,8090,0,0,-18,0,-18,1,1,1,960,544.56,960,544.56,0,0,0,0,0,0,858291,813833
104,379,55358119,53743917,23541,8085,87,8090,0,0,-18,0,-18,1,1,1,960,544.56,960,544.56,0,0,0,0,0,0,837708,791625
105,380,65687045,67127459,23641,8085,87,8090,0,0,-18,0,-18,1,1,1,960,544.56,960,544.56,0,0,0,0,0,0,975500,923000
106,381,55324334,54042417,23489,8086,91,8091,0,0,-18,0,-18,1,1,1,960,544.56,960,544.56,0,0,0,0,0,0,849500,801208
107,382,51259119,52144833,23553,8085,87,8090,0,0,-18,0,-18,1,1,1,960,544.56,960,544.56,0,0,0,0,0,0,954500,910208
108,383,56319296,54225917,24193,8085,87,8090,0,0,-18,0,-18,1,1,1,960,544.56,960,544.56,0,0,0,0,0,0,1044458,981916
109,384,48252996,50779500,23769,8085,87,8090,0,0,-18,0,-18,1,1,1,960,544.56,960,544.56,0,0,0,0,0,0,897667,853500
110,385,52450623,50911458,23489,8085,87,8090,0,0,-18,0,-18,1,1,1,960,544.56,960,544.56,0,0,0,0,0,0,834708,786209
111,386,49194082,50680708,23641,8085,87,8090,0,0,-18,0,-18,1,1,1,960,544.56,960,544.56,0,0,0,0,0,0,818292,765583
112,387,47862876,47923625,23541,8085,87,8090,0,0,-18,0,-18,1,1,1,960,544.56,960,544.56,0,0,0,0,0,0,826291,781000
113,388,43225418,42012625,23489,8085,87,8090,0,0,-18,0,-18,1,1,1,960,544.56,960,544.56,0,0,0,0,0,0,714458,667667
114,389,45240085,46394375,23553,8085,87,8090,0,0,-18,0,-18,1,1,1,960,544.56,960,544.56,0,0,0,0,0,0,786792,741958
115,390,38804370,38853000,23577,8085,90,8090,0,0,-18,0,-18,1,1,1,960,544.56,960,544.56,0,0,0,0,0,0,667500,635208
116,391,37541460,36469625,23489,8085,87,8090,0,0,-18,0,-18,1,1,1,960,544.56,960,544.56,0,0,0,0,0,0,651583,615583
117,392,36049325,37072458,23605,8085,87,8090,0,0,-18,0,-18,1,1,1,960,544.56,960,544.56,0,0,0,0,0,0,622916,593084
118,393,36113508,36094417,23489,8085,87,8090,0,0,-18,0,-18,1,1,1,960,544.56,960,544.56,0,0,0,0,0,0,679667,637958
119,394,39437577,38310125,23489,8085,87,8090,0,0,-18,0,-18,1,1,1,960,544.56,960,544.56,0,0,0,0,0,0,731083,672208
120,395,39768461,39639417,24205,8085,87,8090,0,0,-18,0,-18,1,1,1,960,544.56,960,544.56,0,0,0,0,0,0,665250,629000
121,396,38325957,39501709,23705,8086,88,8091,0,0,-18,0,-18,1,1,1,960,544.56,960,544.56,0,0,0,0,0,0,718875,671834
122,397,40013670,38969750,23489,8085,87,8090,0,0,-18,0,-18,1,1,1,960,544.56,960,544.56,0,0,0,0,0,0,714792,671000
123,398,38171380,39147291,23605,8085,87,8090,0,0,-18,0,-18,1,1,1,960,544.56,960,544.56,0,0,0,0,0,0,656417,620000
124,399,39365496,39420791,23577,8085,87,8090,0,0,-18,0,-18,1,1,1,960,544.56,960,544.56,0,0,0,0,0,0,652250,615291
125,400,44228211,42775875,23489,8085,87,8090,0,0,-18,0,-18,1,1,1,960,544.56,960,544.56,0,0,0,0,0,0,741541,700458
126,401,42726416,44044875,23553,8085,87,8090,0,0,-18,0,-18,1,1,1,960,544.56,960,544.56,0,0,0,0,0,0,803875,753875
127,402,48531036,48485375,23489,8085,87,8090,0,0,-18,0,-18,1,1,1,960,544.56,960,544.56,0,0,0,0,0,0,989583,938083
128,403,46492837,45128125,23629,8085,90,8090,0,0,-18,0,-18,1,1,1,960,544.56,960,544.56,0,0,0,0,0,0,672416,635167
129,404,49415498,50764625,23553,8085,87,8090,0,0,-18,0,-18,1,1,1,960,544.56,960,544.56,0,0,0,0,0,0,1063000,994458
130,405,53661543,51834375,23489,8085,87,8090,0,0,-18,0,-18,1,1,1,960,544.56,960,544.56,0,0,0,0,0,0,834125,783666
131,406,63934959,63783458,24117,8085,87,8090,0,0,-18,0,-18,1,1,1,960,544.56,960,544.56,0,0,0,0,0,0,966042,903750
132,407,64053460,63988500,23845,8085,87,8090,0,0,-18,0,-18,1,1,1,960,544.56,960,544.56,0,0,0,0,0,0,964791,900750
133,408,56403584,58295833,23553,8085,87,8090,0,0,-18,0,-18,1,1,1,960,544.56,960,544.56,0,0,0,0,0,0,836875,789375
134,409,59027459,57576791,23489,8085,87,8090,0,0,-18,0,-18,1,1,1,960,544.56,960,544.56,0,0,0,0,0,0,852750,800208
135,410,57125791,58462458,23641,8085,87,8090,0,0,-18,0,-18,1,1,1,960,544.56,960,544.56,0,0,0,0,0,0,941250,898208
136,411,65130457,63300917,23541,8086,88,8091,0,0,-18,0,-18,1,1,1,960,544.56,960,544.56,0,0,0,0,0,0,1219250,1144000
137,412,57068835,58802875,23553,8085,90,8090,0,0,-18,0,-18,1,1,1,960,544.56,960,544.56,0,0,0,0,0,0,848209,805000
138,413,60258958,58436667,23577,8085,87,8090,0,0,-18,0,-18,1,1,1,960,544.56,960,544.56,0,0,0,0,0,0,1012292,944583
139,414,64737878,64783834,24117,8085,87,8090,0,0,-18,0,-18,1,1,1,960,544.56,960,544.56,0,0,0,0,0,0,963958,910959
140,415,58035332,58414583,23757,8085,87,8090,0,0,-18,0,-18,1,1,1,960,544.56,960,544.56,0,0,0,0,0,0,1004958,947375
141,416,55317547,56792750,23641,8085,87,8090,0,0,-18,0,-18,1,1,1,960,544.56,960,544.56,0,0,0,0,0,0,973583,925666
142,417,59132661,57668792,23489,8085,87,8090,0,0,-18,0,-18,1,1,1,960,544.56,960,544.56,0,0,0,0,0,0,1007666,941708
143,418,58431625,59644083,23553,8085,87,8090,0,0,-18,0,-18,1,1,1,960,544.56,960,544.56,0,0,0,0,0,0,1231958,1154750
144,419,63447333,61777708,23629,8085,87,8090,0,0,-18,0,-18,1,1,1,960,544.56,960,544.56,0,0,0,0,0,0,1045792,985125
145,420,58077920,59889542,23553,8085,90,8090,0,0,-18,0,-18,1,1,1,960,544.56,960,544.56,0,0,0,0,0,0,1056041,1004084
146,421,54189078,52718917,23489,8085,87,8090,0,0,-18,0,-18,1,1,1,960,544.56,960,544.56,0,0,0,0,0,0,808584,759750
147,422,52764914,53618583,23641,8085,87,8090,0,0,-18,0,-18,1,1,1,960,544.56,960,544.56,0,0,0,0,0,0,1041291,975500
148,423,55712919,53666084,24105,8085,87,8090,0,0,-18,0,-18,1,1,1,960,544.56,960,544.56,0,0,0,0,0,0,875250,824500
149,424,48709504,51140375,23769,8085,87,8090,0,0,-18,0,-18,1,1,1,960,544.56,960,544.56,0,0,0,0,0,0,913667,856792
150,425,52935075,51554459,23577,8085,87,8090,0,0,-18,0,-18,1,1,1,960,544.56,960,544.56,0,0,0,0,0,0,912750,864083
151,426,49251545,50721291,23553,8086,88,8091,0,0,-18,0,-18,1,1,1,960,544.56,960,544.56,0,0,0,0,0,0,842041,790375
152,427,51868919,50318375,23541,8085,87,8090,0,0,-18,0,-18,1,1,1,960,544.56,960,544.56,0,0,0,0,0,0,794750,751917
153,428,45066162,46653583,23641,8085,87,8090,0,0,-18,0,-18,1,1,1,960,544.56,960,544.56,0,0,0,0,0,0,823000,777708
154,429,45200083,45159000,23489,8085,87,8090,0,0,-18,0,-18,1,1,1,960,544.56,960,544.56,0,0,0,0,0,0,704875,669125
155,430,42409162,41360250,23489,8085,90,8090,0,0,-18,0,-18,1,1,1,960,544.56,960,544.56,0,0,0,0,0,0,722959,682875
156,431,35570126,36554625,23553,8085,87,8090,0,0,-18,0,-18,1,1,1,960,544.56,960,544.56,0,0,0,0,0,0,676292,643125
157,432,37018042,37083833,23629,8085,87,8090,0,0,-18,0,-18,1,1,1,960,544.56,960,544.56,0,0,0,0,0,0,626541,592333
158,433,37702627,36630750,23489,8085,87,8090,0,0,-18,0,-18,1,1,1,960,544.56,960,544.56,0,0,0,0,0,0,632958,597291
159,434,36953251,36897792,24117,8085,87,8090,0,0,-18,0,-18,1,1,1,960,544.56,960,544.56,0,0,0,0,0,0,628166,596584
160,435,40542665,41512333,23705,8085,87,8090,0,0,-18,0,-18,1,1,1,960,544.56,960,544.56,0,0,0,0,0,0,704167,666292
161,436,44150955,42978292,23577,8085,87,8090,0,0,-18,0,-18,1,1,1,960,544.56,960,544.56,0,0,0,0,0,0,727333,684417
162,437,41996669,43188958,23553,8085,87,8090,0,0,-18,0,-18,1,1,1,960,544.56,960,544.56,0,0,0,0,0,0,853416,779458
163,438,43810039,43638459,23541,8085,87,8090,0,0,-18,0,-18,1,1,1,960,544.56,960,544.56,0,0,0,0,0,0,818500,761042
164,439,52059203,50546917,23489,8085,87,8090,0,0,-18,0,-18,1,1,1,960,544.56,960,544.56,0,0,0,0,0,0,702292,661250
165,440,50754413,52243041,23641,8085,87,8090,0,0,-18,0,-18,1,1,1,960,544.56,960,544.56,0,0,0,0,0,0,784041,735583
166,441,69773294,68021583,23489,8086,88,8091,0,0,-18,0,-18,1,1,1,960,544.56,960,544.56,0,0,0,0,0,0,989333,930000
167,442,63033625,64430166,23605,8085,90,8090,0,0,-18,0,-18,1,1,1,960,544.56,960,544.56,0,0,0,0,0,0,1287917,1211917
168,443,65518416,63714708,23577,8085,87,8090,0,0,-18,0,-18,1,1,1,960,544.56,960,544.56,0,0,0,0,0,0,1037584,983000
169,444,61724793,62371417,24117,8085,87,8090,0,0,-18,0,-18,1,1,1,960,544.56,960,544.56,0,0,0,0,0,0,1103666,1037334
170,445,53809665,53665042,23705,8085,87,8090,0,0,-18,0,-18,1,1,1,960,544.56,960,544.56,0,0,0,0,0,0,864958,808250
171,446,49906376,51435833,23693,8085,87,8090,0,0,-18,0,-18,1,1,1,960,544.56,960,544.56,0,0,0,0,0,0,837042,790083
172,447,55017579,53641875,23489,8085,87,8090,0,0,-18,0,-18,1,1,1,960,544.56,960,544.56,0,0,0,0,0,0,810125,755667
173,448,50318289,51636625,23553,8085,87,8090,0,0,-18,0,-18,1,1,1,960,544.56,960,544.56,0,0,0,0,0,0,952333,906666
174,449,60474332,59134208,23577,8085,87,8090,0,0,-18,0,-18,1,1,1,960,544.56,960,544.56,0,0,0,0,0,0,925167,865083
175,450,55321753,56701541,23605,8085,90,8090,0,0,-18,0,-18,1,1,1,960,544.56,960,544.56,0,0,0,0,0,0,933292,871375
176,451,58232497,56321916,23489,8085,87,8090,0,0,-18,0,-18,1,1,1,960,544.56,960,544.56,0,0,0,0,0,0,876375,826708
177,452,56886959,58715333,23641,8085,87,8090,0,0,-18,0,-18,1,1,1,960,544.56,960,544.56,0,0,0,0,0,0,1154084,1100708
178,453,62274668,59039333,24053,8085,87,8090,0,0,-18,0,-18,1,1,1,960,544.56,960,544.56,0,0,0,0,0,0,968458,911750
179,454,57396583,60544958,23821,8085,87,8090,0,0,-18,0,-18,1,1,1,960,544.56,960,544.56,0,0,0,0,0,0,1017625,945334
180,455,60233827,58450250,23577,8085,87,8090,0,0,-18,0,-18,1,1,1,960,544.56,960,544.56,0,0,0,0,0,0,1082167,1016375
181,456,59547670,61305458,23553,8086,88,8091,0,0,-18,0,-18,1,1,1,960,544.56,960,544.56,0,0,0,0,0,0,1021000,949958
182,457,57767290,56157750,23489,8085,87,8090,0,0,-18,0,-18,1,1,1,960,544.56,960,544.56,0,0,0,0,0,0,918917,869291
183,458,62335588,63961459,23693,8085,87,8090,0,0,-18,0,-18,1,1,1,960,544.56,960,544.56,0,0,0,0,0,0,1250500,1181500
184,459,58021202,56596541,23489,8085,90,8090,0,0,-18,0,-18,1,1,1,960,544.56,960,544.56,0,0,0,0,0,0,857125,800209
185,460,53957045,55130625,23553,8085,87,8090,0,0,-18,0,-18,1,1,1,960,544.56,960,544.56,0,0,0,0,0,0,858458,807333
186,461,59286542,56536917,24141,8085,87,8090,0,0,-18,0,-18,1,1,1,960,544.56,960,544.56,0,0,0,0,0,0,1068833,1013208
187,462,47339539,50201208,23821,8085,87,8090,0,0,-18,0,-18,1,1,1,960,544.56,960,544.56,0,0,0,0,0,0,835250,788583
188,463,51827542,50309667,23489,8085,87,8090,0,0,-18,0,-18,1,1,1,960,544.56,960,544.56,0,0,0,0,0,0,803750,750958
189,464,46996124,48568084,23641,8085,87,8090,0,0,-18,0,-18,1,1,1,960,544.56,960,544.56,0,0,0,0,0,0,804083,757125
190,465,42037125,42021125,23489,8085,87,8090,0,0,-18,0,-18,1,1,1,960,544.56,960,544.56,0,0,0,0,0,0,687917,645958
191,466,42344875,41221958,23489,8085,87,8090,0,0,-18,0,-18,1,1,1,960,544.56,960,544.56,0,0,0,0,0,0,685042,640583
192,467,41359666,42430833,23605,8085,87,8090,0,0,-18,0,-18,1,1,1,960,544.56,960,544.56,0,0,0,0,0,0,773833,729083
193,468,36463662,36501209,23577,8085,90,8090,0,0,-18,0,-18,1,1,1,960,544.56,960,544.56,0,0,0,0,0,0,703625,670584
194,469,37752006,36628375,23489,8085,87,8090,0,0,-18,0,-18,1,1,1,960,544.56,960,544.56,0,0,0,0,0,0,650542,614208
195,470,37393666,38478791,23553,8085,87,8090,0,0,-18,0,-18,1,1,1,960,544.56,960,544.56,0,0,0,0,0,0,623625,587833
196,471,38271747,38262000,23489,8086,88,8091,0,0,-18,0,-18,1,1,1,960,544.56,960,544.56,0,0,0,0,0,0,615083,574916
197,472,41091922,39956750,23489,8085,87,8090,0,0,-18,0,-18,1,1,1,960,544.56,960,544.56,0,0,0,0,0,0,639333,602167
198,473,39385538,39375625,24257,8085,87,8090,0,0,-18,0,-18,1,1,1,960,544.56,960,544.56,0,0,0,0,0,0,720833,685500
199,474,37379380,38453958,23705,8085,87,8090,0,0,-18,0,-18,1,1,1,960,544.56,960,544.56,0,0,0,0,0,0,668625,622875
200,475,40317375,39219667,23489,8085,87,8090,0,0,-18,0,-18,1,1,1,960,544.56,960,544.56,0,0,0,0,0,0,721833,686041
201,476,38748625,39768417,23553,8085,87,8090,0,0,-18,0,-18,1,1,1,960,544.56,960,544.56,0,0,0,0,0,0,612709,573750
202,477,39178911,39222084,23577,8085,87,8090,0,0,-18,0,-18,1,1,1,960,544.56,960,544.56,0,0,0,0,0,0,664375,633250
203,478,39140462,37859750,23489,8085,87,8090,0,0,-18,0,-18,1,1,1,960,544.56,960,544.56,0,0,0,0,0,0,652250,615208
204,479,39591580,40835417,23605,8085,87,8090,0,0,-18,0,-18,1,1,1,960,544.56,960,544.56,0,0,0,0,0,0,677000,642417
205,480,44327877,44227500,23489,8085,87,8090,0,0,-18,0,-18,1,1,1,960,544.56,960,544.56,0,0,0,0,0,0,803500,758709
206,481,40306873,39320958,23577,8085,90,8090,0,0,-18,0,-18,1,1,1,960,544.56,960,544.56,0,0,0,0,0,0,680292,645917
207,482,37521790,38563958,23553,8085,87,8090,0,0,-18,0,-18,1,1,1,960,544.56,960,544.56,0,0,0,0,0,0,621375,578958
208,483,39608374,39574084,23489,8085,87,8090,0,0,-18,0,-18,1,1,1,960,544.56,960,544.56,0,0,0,0,0,0,607542,576625
209,484,39304543,38040500,23541,8085,87,8090,0,0,-18,0,-18,1,1,1,960,544.56,960,544.56,0,0,0,0,0,0,662583,626125
210,485,42463004,42162666,24003,8085,87,8090,0,0,-18,0,-18,1,1,1,960,544.56,960,544.56,0,0,0,0,0,0,707167,671500
211,486,42241625,43757542,23907,8086,88,8091,0,0,-18,0,-18,1,1,1,960,544.56,960,544.56,0,0,0,0,0,0,719500,677166
212,487,47243580,45980709,23489,8085,87,8090,0,0,-18,0,-18,1,1,1,960,544.56,960,544.56,0,0,0,0,0,0,669375,634375
213,488,46073045,47091541,23553,8085,87,8090,0,0,-18,0,-18,1,1,1,960,544.56,960,544.56,0,0,0,0,0,0,718958,680042
214,489,63818499,61808042,23629,8085,87,8090,0,0,-18,0,-18,1,1,1,960,544.56,960,544.56,0,0,0,0,0,0,998250,951917
215,490,62280748,64197875,23553,8085,87,8090,0,0,-18,0,-18,1,1,1,960,544.56,960,544.56,0,0,0,0,0,0,1200667,1143625
216,491,71704871,69911042,23489,8085,87,8090,0,0,-18,0,-18,1,1,1,960,544.56,960,544.56,0,0,0,0,0,0,1031167,977625
217,492,63096873,64853541,23641,8085,90,8090,0,0,-18,0,-18,1,1,1,960,544.56,960,544.56,0,0,0,0,0,0,971458,906292
218,493,67611165,65768459,23541,8085,87,8090,0,0,-18,0,-18,1,1,1,960,544.56,960,544.56,0,0,0,0,0,0,1039000,971042
219,494,64449869,64359958,24117,8085,87,8090,0,0,-18,0,-18,1,1,1,960,544.56,960,544.56,0,0,0,0,0,0,1025375,971416
220,495,59439498,59952208,23793,8085,87,8090,0,0,-18,0,-18,1,1,1,960,544.56,960,544.56,0,0,0,0,0,0,950250,892834
221,496,49929540,51361333,23553,8085,87,8090,0,0,-18,0,-18,1,1,1,960,544.56,960,544.56,0,0,0,0,0,0,890916,841666
222,497,52848208,51335542,23541,8085,87,8090,0,0,-18,0,-18,1,1,1,960,544.56,960,544.56,0,0,0,0,0,0,803250,761375
223,498,50485920,51965333,23641,8085,87,8090,0,0,-18,0,-18,1,1,1,960,544.56,960,544.56,0,0,0,0,0,0,1278667,1209708
224,499,53197294,51602875,23489,8085,87,8090,0,0,-18,0,-18,1,1,1,960,544.56,960,544.56,0,0,0,0,0,0,1299375,1244833
225,500,55431164,56925459,23553,8085,87,8090,0,0,-18,0,-18,1,1,1,960,544.56,960,544.56,0,0,0,0,0,0,1105625,1051083
226,501,52668586,51313250,23629,8086,91,8091,0,0,-18,0,-18,1,1,1,960,544.56,960,544.56,0,0,0,0,0,0,864750,814542
227,502,50092332,51234125,23553,8085,87,8090,0,0,-18,0,-18,1,1,1,960,544.56,960,544.56,0,0,0,0,0,0,808458,754167
228,503,60288995,57575375,24053,8085,87,8090,0,0,-18,0,-18,1,1,1,960,544.56,960,544.56,0,0,0,0,0,0,964167,910167
229,504,57699751,60032625,23857,8085,87,8090,0,0,-18,0,-18,1,1,1,960,544.56,960,544.56,0,0,0,0,0,0,1145917,1081041
230,505,61984501,61103959,23541,8085,87,8090,0,0,-18,0,-18,1,1,1,960,544.56,960,544.56,0,0,0,0,0,0,969000,905542
231,506,56839831,58126709,23553,8085,87,8090,0,0,-18,0,-18,1,1,1,960,544.56,960,544.56,0,0,0,0,0,0,1071792,999000
232,507,58596748,57089750,23577,8085,87,8090,0,0,-18,0,-18,1,1,1,960,544.56,960,544.56,0,0,0,0,0,0,804459,761375
233,508,54670296,56217708,23553,8085,87,8090,0,0,-18,0,-18,1,1,1,960,544.56,960,544.56,0,0,0,0,0,0,854958,796917
234,509,64207628,62322250,23541,8085,87,8090,0,0,-18,0,-18,1,1,1,960,544.56,960,544.56,0,0,0,0,0,0,1097084,1039375
235,510,56186877,57968000,23641,8085,90,8090,0,0,-18,0,-18,1,1,1,960,544.56,960,544.56,0,0,0,0,0,0,994333,935000
236,511,58141998,56842042,23489,8085,87,8090,0,0,-18,0,-18,1,1,1,960,544.56,960,544.56,0,0,0,0,0,0,1298500,1244750
237,512,52317999,52101625,24117,8085,87,8090,0,0,-18,0,-18,1,1,1,960,544.56,960,544.56,0,0,0,0,0,0,874666,826416
238,513,49575582,49672708,23845,8085,87,8090,0,0,-18,0,-18,1,1,1,960,544.56,960,544.56,0,0,0,0,0,0,811250,761042
239,514,49037337,50442875,23553,8085,87,8090,0,0,-18,0,-18,1,1,1,960,544.56,960,544.56,0,0,0,0,0,0,846958,794625
240,515,44001538,44067000,23489,8085,87,8090,0,0,-18,0,-18,1,1,1,960,544.56,960,544.56,0,0,0,0,0,0,848542,804875
241,516,43251749,41953208,23489,8086,88,8091,0,0,-18,0,-18,1,1,1,960,544.56,960,544.56,0,0,0,0,0,0,767875,722625
242,517,39757207,41039958,23641,8085,87,8090,0,0,-18,0,-18,1,1,1,960,544.56,960,544.56,0,0,0,0,0,0,714000,679208
243,518,43648377,43472916,23541,8085,87,8090,0,0,-18,0,-18,1,1,1,960,544.56,960,544.56,0,0,0,0,0,0,716292,677458
244,519,40795627,39536541,23489,8085,90,8090,0,0,-18,0,-18,1,1,1,960,544.56,960,544.56,0,0,0,0,0,0,644958,605750
245,520,42486790,43736500,23553,8085,87,8090,0,0,-18,0,-18,1,1,1,960,544.56,960,544.56,0,0,0,0,0,0,836292,797167
246,521,42639702,42686458,23577,8085,87,8090,0,0,-18,0,-18,1,1,1,960,544.56,960,544.56,0,0,0,0,0,0,708625,663084
247,522,44188585,43000458,23489,8085,87,8090,0,0,-18,0,-18,1,1,1,960,544.56,960,544.56,0,0,0,0,0,0,687250,651333
248,523,48930294,48653000,24169,8085,87,8090,0,0,-18,0,-18,1,1,1,960,544.56,960,544.56,0,0,0,0,0,0,712084,668000
249,524,49761962,51062209,23705,8085,87,8090,0,0,-18,0,-18,1,1,1,960,544.56,960,544.56,0,0,0,0,0,0,800666,759291
250,525,63031949,60869958,23577,8085,87,8090,0,0,-18,0,-18,1,1,1,960,544.56,960,544.56,0,0,0,0,0,0,828959,781542
251,526,62106214,64169416,23553,8085,87,8090,0,0,-18,0,-18,1,1,1,960,544.56,960,544.56,0,0,0,0,0,0,995250,936708
252,527,67359916,65362500,23541,8085,87,8090,0,0,-18,0,-18,1,1,1,960,544.56,960,544.56,0,0,0,0,0,0,1003834,950417
253,528,72351709,74103917,23641,8085,87,8090,0,0,-18,0,-18,1,1,1,960,544.56,960,544.56,0,0,0,0,0,0,1133209,1066208
254,529,65462455,63879333,23489,8085,90,8090,0,0,-18,0,-18,1,1,1,960,544.56,960,544.56,0,0,0,0,0,0,1033166,966584
255,530,62808088,64466375,23605,8085,87,8090,0,0,-18,0,-18,1,1,1,960,544.56,960,544.56,0,0,0,0,0,0,988291,919500
256,531,56842837,54274959,24141,8086,88,8091,0,0,-18,0,-18,1,1,1,960,544.56,960,544.56,0,0,0,0,0,0,1041875,970458
257,532,49121577,51674792,23769,8085,87,8090,0,0,-18,0,-18,1,1,1,960,544.56,960,544.56,0,0,0,0,0,0,855250,811041
258,533,52725750,51311833,23489,8085,87,8090,0,0,-18,0,-18,1,1,1,960,544.56,960,544.56,0,0,0,0,0,0,847334,793000
259,534,49063377,50604250,23693,8085,87,8090,0,0,-18,0,-18,1,1,1,960,544.56,960,544.56,0,0,0,0,0,0,947958,904541
260,535,47894082,47771042,23489,8085,87,8090,0,0,-18,0,-18,1,1,1,960,544.56,960,544.56,0,0,0,0,0,0,811209,764375
261,536,50108246,48701125,23489,8085,87,8090,0,0,-18,0,-18,1,1,1,960,544.56,960,544.56,0,0,0,0,0,0,779375,738250
262,537,55129166,56451083,23553,8085,87,8090,0,0,-18,0,-18,1,1,1,960,544.56,960,544.56,0,0,0,0,0,0,1330208,1271541
263,538,52949171,51024083,23629,8085,90,8090,0,0,-18,0,-18,1,1,1,960,544.56,960,544.56,0,0,0,0,0,0,1011417,958667
264,539,49410205,51374334,23553,8085,87,8090,0,0,-18,0,-18,1,1,1,960,544.56,960,544.56,0,0,0,0,0,0,806875,746125
265,540,52855670,51161833,23489,8085,87,8090,0,0,-18,0,-18,1,1,1,960,544.56,960,544.56,0,0,0,0,0,0,796416,743959
266,541,50456874,50684459,24205,8085,87,8090,0,0,-18,0,-18,1,1,1,960,544.56,960,544.56,0,0,0,0,0,0,819416,770708
267,542,50827834,50583917,23757,8085,87,8090,0,0,-18,0,-18,1,1,1,960,544.56,960,544.56,0,0,0,0,0,0,798167,736167
268,543,47363746,49002291,23553,8085,87,8090,0,0,-18,0,-18,1,1,1,960,544.56,960,544.56,0,0,0,0,0,0,832292,789375
269,544,49893628,49800416,23489,8085,87,8090,0,0,-18,0,-18,1,1,1,960,544.56,960,544.56,0,0,0,0,0,0,1035500,970833
270,545,46920705,45851167,23577,8085,87,8090,0,0,-18,0,-18,1,1,1,960,544.56,960,544.56,0,0,0,0,0,0,906417,856625
271,546,40743835,41846375,23553,8086,88,8091,0,0,-18,0,-18,1,1,1,960,544.56,960,544.56,0,0,0,0,0,0,745583,692416
272,547,44726118,44778958,23541,8085,87,8090,0,0,-18,0,-18,1,1,1,960,544.56,960,544.56,0,0,0,0,0,0,791417,745416
273,548,43610040,42314166,23489,8085,90,8090,0,0,-18,0,-18,1,1,1,960,544.56,960,544.56,0,0,0,0,0,0,724667,683125
274,549,39626382,40883500,23641,8085,87,8090,0,0,-18,0,-18,1,1,1,960,544.56,960,544.56,0,0,0,0,0,0,693708,658667
275,550,36752495,36726625,23489,8085,87,8090,0,0,-18,0,-18,1,1,1,960,544.56,960,544.56,0,0,0,0,0,0,639958,590292
276,551,39265085,38204709,23489,8085,87,8090,0,0,-18,0,-18,1,1,1,960,544.56,960,544.56,0,0,0,0,0,0,645750,613500
277,552,39637252,39516458,23967,8085,87,8090,0,0,-18,0,-18,1,1,1,960,544.56,960,544.56,0,0,0,0,0,0,634916,582542
278,553,37027373,38169500,23995,8085,87,8090,0,0,-18,0,-18,1,1,1,960,544.56,960,544.56,0,0,0,0,0,0,622125,592167
279,554,40390208,39315459,23489,8085,87,8090,0,0,-18,0,-18,1,1,1,960,544.56,960,544.56,0,0,0,0,0,0,778708,737250
280,555,37833664,38867083,23553,8085,87,8090,0,0,-18,0,-18,1,1,1,960,544.56,960,544.56,0,0,0,0,0,0,637584,607000
281,556,39262790,39203708,23489,8085,87,8090,0,0,-18,0,-18,1,1,1,960,544.56,960,544.56,0,0,0,0,0,0,692833,641375
282,557,41206959,40185667,23577,8085,87,8090,0,0,-18,0,-18,1,1,1,960,544.56,960,544.56,0,0,0,0,0,0,635417,587375
283,558,37672668,38696500,23605,8085,87,8090,0,0,-18,0,-18,1,1,1,960,544.56,960,544.56,0,0,0,0,0,0,696000,645458
284,559,39540830,39515542,23489,8085,87,8090,0,0,-18,0,-18,1,1,1,960,544.56,960,544.56,0,0,0,0,0,0,722042,683500
285,560,45503210,44025250,23489,8085,87,8090,0,0,-18,0,-18,1,1,1,960,544.56,960,544.56,0,0,0,0,0,0,734625,695167
286,561,43003331,44459292,23641,8086,91,8091,0,0,-18,0,-18,1,1,1,960,544.56,960,544.56,0,0,0,0,0,0,842125,800500
287,562,42532503,42477292,23489,8085,87,8090,0,0,-18,0,-18,1,1,1,960,544.56,960,544.56,0,0,0,0,0,0,735375,671583
288,563,44559579,43397333,23541,8085,87,8090,0,0,-18,0,-18,1,1,1,960,544.56,960,544.56,0,0,0,0,0,0,752416,715875
289,564,47677252,47289000,23915,8085,87,8090,0,0,-18,0,-18,1,1,1,960,544.56,960,544.56,0,0,0,0,0,0,753584,697916
290,565,49504831,50958750,23995,8085,87,8090,0,0,-18,0,-18,1,1,1,960,544.56,960,544.56,0,0,0,0,0,0,991333,949292
291,566,64366832,62250167,23489,8085,87,8090,0,0,-18,0,-18,1,1,1,960,544.56,960,544.56,0,0,0,0,0,0,821375,752167
292,567,62876462,64772083,23605,8085,87,8090,0,0,-18,0,-18,1,1,1,960,544.56,960,544.56,0,0,0,0,0,0,1003541,931792
293,568,65826416,64062125,23577,8085,87,8090,0,0,-18,0,-18,1,1,1,960,544.56,960,544.56,0,0,0,0,0,0,1038666,957083
294,569,69209590,71020958,23553,8085,87,8090,0,0,-18,0,-18,1,1,1,960,544.56,960,544.56,0,0,0,0,0,0,1307791,1224167
295,570,57757873,55906792,23489,8085,90,8090,0,0,-18,0,-18,1,1,1,960,544.56,960,544.56,0,0,0,0,0,0,1088459,999250
296,571,55151417,57017750,23693,8085,87,8090,0,0,-18,0,-18,1,1,1,960,544.56,960,544.56,0,0,0,0,0,0,1025875,932750
297,572,55937245,54289333,23489,8085,87,8090,0,0,-18,0,-18,1,1,1,960,544.56,960,544.56,0,0,0,0,0,0,811500,768667
298,573,55587336,55262542,24117,8085,87,8090,0,0,-18,0,-18,1,1,1,960,544.56,960,544.56,0,0,0,0,0,0,911667,831167
299,574,59851996,59892708,51926,8085,87,8090,0,0,-18,0,-18,1,1,1,960,544.56,960,544.56,0,0,0,0,0,0,848333,796458
300,575,56525416,58385917,23605,8085,87,8090,0,0,-18,0,-18,1,1,1,960,544.56,960,544.56,0,0,0,0,0,0,1003625,946125
301,576,59087917,57123208,23489,8086,88,8091,0,0,-18,0,-18,1,1,1,960,544.56,960,544.56,0,0,0,0,0,0,895709,851375
302,577,53517829,55432292,23641,8085,87,8090,0,0,-18,0,-18,1,1,1,960,544.56,960,544.56,0,0,0,0,0,0,1007834,948750
303,578,57431839,55550875,23489,8085,87,8090,0,0,-18,0,-18,1,1,1,960,544.56,960,544.56,0,0,0,0,0,0,1132625,1042041
304,579,50641871,52421625,23605,8085,90,8090,0,0,-18,0,-18,1,1,1,960,544.56,960,544.56,0,0,0,0,0,0,890375,840541
305,580,52717998,51312292,23577,8085,87,8090,0,0,-18,0,-18,1,1,1,960,544.56,960,544.56,0,0,0,0,0,0,892625,827583
306,581,49135457,50489583,23553,8085,87,8090,0,0,-18,0,-18,1,1,1,960,544.56,960,544.56,0,0,0,0,0,0,849375,798542
307,582,59389915,56724333,24053,8085,87,8090,0,0,-18,0,-18,1,1,1,960,544.56,960,544.56,0,0,0,0,0,0,817625,769708
308,583,48901878,51238417,23909,8085,87,8090,0,0,-18,0,-18,1,1,1,960,544.56,960,544.56,0,0,0,0,0,0,921334,870125
309,584,54946660,53348125,23489,8085,87,8090,0,0,-18,0,-18,1,1,1,960,544.56,960,544.56,0,0,0,0,0,0,1090667,1025167
310,585,51811091,53529583,23553,8085,87,8090,0,0,-18,0,-18,1,1,1,960,544.56,960,544.56,0,0,0,0,0,0,845584,782750
311,586,52706122,51367250,23577,8085,87,8090,0,0,-18,0,-18,1,1,1,960,544.56,960,544.56,0,0,0,0,0,0,849375,801375
312,587,58953210,60405916,23605,8085,87,8090,0,0,-18,0,-18,1,1,1,960,544.56,960,544.56,0,0,0,0,0,0,943292,874083
313,588,53119912,51272125,23489,8085,90,8090,0,0,-18,0,-18,1,1,1,960,544.56,960,544.56,0,0,0,0,0,0,1123917,1058750
314,589,49795918,51417667,23641,8085,87,8090,0,0,-18,0,-18,1,1,1,960,544.56,960,544.56,0,0,0,0,0,0,835167,788375
315,590,51783666,50519750,23489,8085,87,8090,0,0,-18,0,-18,1,1,1,960,544.56,960,544.56,0,0,0,0,0,0,805250,762375
316,591,50492543,50383000,24169,8086,88,8091,0,0,-18,0,-18,1,1,1,960,544.56,960,544.56,0,0,0,0,0,0,789000,741583
317,592,44948369,46497750,23793,8085,87,8090,0,0,-18,0,-18,1,1,1,960,544.56,960,544.56,0,0,0,0,0,0,839541,791042
318,593,43471250,42220625,23489,8085,87,8090,0,0,-18,0,-18,1,1,1,960,544.56,960,544.56,0,0,0,0,0,0,731292,682292
319,594,40482498,41685917,23553,8085,87,8090,0,0,-18,0,-18,1,1,1,960,544.56,960,544.56,0,0,0,0,0,0,730916,687750
320,595,37924923,37853959,23489,8085,87,8090,0,0,-18,0,-18,1,1,1,960,544.56,960,544.56,0,0,0,0,0,0,708667,664667
321,596,39360161,38387584,23629,8085,87,8090,0,0,-18,0,-18,1,1,1,960,544.56,960,544.56,0,0,0,0,0,0,722125,688500
322,597,35419963,36439750,23553,8085,87,8090,0,0,-18,0,-18,1,1,1,960,544.56,960,544.56,0,0,0,0,0,0,620167,583875
323,598,41911918,41852750,23489,8085,87,8090,0,0,-18,0,-18,1,1,1,960,544.56,960,544.56,0,0,0,0,0,0,935209,903125
324,599,40706455,39558667,23489,8085,90,8090,0,0,-18,0,-18,1,1,1,960,544.56,960,544.56,0,0,0,0,0,0,711625,667958
325,600,38845416,39991500,23641,8085,87,8090,0,0,-18,0,-18,1,1,1,960,544.56,960,544.56,0,0,0,0,0,0,612709,581167
326,601,43862167,43782042,23489,8085,87,8090,0,0,-18,0,-18,1,1,1,960,544.56,960,544.56,0,0,0,0,0,0,786959,743459
327,602,43650373,42215083,23541,8085,87,8090,0,0,-18,0,-18,1,1,1,960,544.56,960,544.56,0,0,0,0,0,0,698000,655375
328,603,42770791,42897708,23915,8085,87,8090,0,0,-18,0,-18,1,1,1,960,544.56,960,544.56,0,0,0,0,0,0,710500,673084
329,604,44778335,45998125,23995,8085,87,8090,0,0,-18,0,-18,1,1,1,960,544.56,960,544.56,0,0,0,0,0,0,949334,911375
330,605,54008036,52609375,23489,8085,87,8090,0,0,-18,0,-18,1,1,1,960,544.56,960,544.56,0,0,0,0,0,0,778042,731458
331,606,48432376,49714958,23553,8086,88,8091,0,0,-18,0,-18,1,1,1,960,544.56,960,544.56,0,0,0,0,0,0,810250,752125
332,607,61761457,59928208,23541,8085,87,8090,0,0,-18,0,-18,1,1,1,960,544.56,960,544.56,0,0,0,0,0,0,809875,768500
333,608,57615045,59479792,23641,8085,87,8090,0,0,-18,0,-18,1,1,1,960,544.56,960,544.56,0,0,0,0,0,0,1009417,951083
334,609,61881959,60386041,23489,8085,87,8090,0,0,-18,0,-18,1,1,1,960,544.56,960,544.56,0,0,0,0,0,0,896084,842042
335,610,49640249,50972667,23553,8085,90,8090,0,0,-18,0,-18,1,1,1,960,544.56,960,544.56,0,0,0,0,0,0,851458,783458
336,611,53031872,51597917,23629,8085,87,8090,0,0,-18,0,-18,1,1,1,960,544.56,960,544.56,0,0,0,0,0,0,813625,771667
337,612,54222960,55701750,23553,8085,87,8090,0,0,-18,0,-18,1,1,1,960,544.56,960,544.56,0,0,0,0,0,0,848084,790625
338,613,66381454,62997833,24053,8085,87,8090,0,0,-18,0,-18,1,1,1,960,544.56,960,544.56,0,0,0,0,0,0,990333,927541
339,614,55882666,59129084,23857,8085,87,8090,0,0,-18,0,-18,1,1,1,960,544.56,960,544.56,0,0,0,0,0,0,1082375,1027792
340,615,58400332,56663167,23541,8085,87,8090,0,0,-18,0,-18,1,1,1,960,544.56,960,544.56,0,0,0,0,0,0,799375,757792
341,616,57160962,58756250,23553,8085,87,8090,0,0,-18,0,-18,1,1,1,960,544.56,960,544.56,0,0,0,0,0,0,1215667,1153417
342,617,57652913,56332000,23577,8085,87,8090,0,0,-18,0,-18,1,1,1,960,544.56,960,544.56,0,0,0,0,0,0,993750,941125
343,618,58828167,60270459,23553,8085,87,8090,0,0,-18,0,-18,1,1,1,960,544.56,960,544.56,0,0,0,0,0,0,1152542,1101500
344,619,55128749,53590709,23541,8085,90,8090,0,0,-18,0,-18,1,1,1,960,544.56,960,544.56,0,0,0,0,0,0,884750,830792
345,620,55772881,57265292,23641,8085,87,8090,0,0,-18,0,-18,1,1,1,960,544.56,960,544.56,0,0,0,0,0,0,821166,777042
346,621,57659871,54845042,24053,8086,88,8091,0,0,-18,0,-18,1,1,1,960,544.56,960,544.56,0,0,0,0,0,0,803041,760584
347,622,56539248,59129834,23769,8085,87,8090,0,0,-18,0,-18,1,1,1,960,544.56,960,544.56,0,0,0,0,0,0,841917,783041
348,623,57114832,55267291,23629,8085,87,8090,0,0,-18,0,-18,1,1,1,960,544.56,960,544.56,0,0,0,0,0,0,1057958,1003833
349,624,50794295,52768250,23553,8085,87,8090,0,0,-18,0,-18,1,1,1,960,544.56,960,544.56,0,0,0,0,0,0,1015125,962916
350,625,52247252,50724166,23489,8085,87,8090,0,0,-18,0,-18,1,1,1,960,544.56,960,544.56,0,0,0,0,0,0,848292,788667
351,626,43876793,45441125,23641,8085,87,8090,0,0,-18,0,-18,1,1,1,960,544.56,960,544.56,0,0,0,0,0,0,799875,758125
352,627,45368246,45324708,23541,8085,87,8090,0,0,-18,0,-18,1,1,1,960,544.56,960,544.56,0,0,0,0,0,0,902875,856833
353,628,40911208,39889875,23489,8085,90,8090,0,0,-18,0,-18,1,1,1,960,544.56,960,544.56,0,0,0,0,0,0,727167,678375
354,629,35797875,36739834,23553,8085,87,8090,0,0,-18,0,-18,1,1,1,960,544.56,960,544.56,0,0,0,0,0,0,657167,625916
355,630,36868579,36951666,23577,8085,87,8090,0,0,-18,0,-18,1,1,1,960,544.56,960,544.56,0,0,0,0,0,0,665875,633666
356,631,37328045,36216834,23489,8085,87,8090,0,0,-18,0,-18,1,1,1,960,544.56,960,544.56,0,0,0,0,0,0,647041,604417
357,632,37978995,37932125,23915,8085,87,8090,0,0,-18,0,-18,1,1,1,960,544.56,960,544.56,0,0,0,0,0,0,656292,625500
358,633,38165956,39206333,23959,8085,87,8090,0,0,-18,0,-18,1,1,1,960,544.56,960,544.56,0,0,0,0,0,0,629458,598458
359,634,39174087,38185708,23577,8085,87,8090,0,0,-18,0,-18,1,1,1,960,544.56,960,544.56,0,0,0,0,0,0,674166,629625
360,635,38791708,39799584,23553,8085,87,8090,0,0,-18,0,-18,1,1,1,960,544.56,960,544.56,0,0,0,0,0,0,611625,580458
361,636,37385493,37332917,23489,8086,88,8091,0,0,-18,0,-18,1,1,1,960,544.56,960,544.56,0,0,0,0,0,0,680500,645375
362,637,41106879,39842542,23489,8085,87,8090,0,0,-18,0,-18,1,1,1,960,544.56,960,544.56,0,0,0,0,0,0,701708,660209
363,638,37816829,39092416,23641,8085,87,8090,0,0,-18,0,-18,1,1,1,960,544.56,960,544.56,0,0,0,0,0,0,750834,715750
364,639,39321124,39299875,23541,8085,87,8090,0,0,-18,0,-18,1,1,1,960,544.56,960,544.56,0,0,0,0,0,0,637834,607458
365,640,43674878,42476625,23489,8085,87,8090,0,0,-18,0,-18,1,1,1,960,544.56,960,544.56,0,0,0,0,0,0,774167,719792
366,641,37998661,39101958,23553,8085,90,8090,0,0,-18,0,-18,1,1,1,960,544.56,960,544.56,0,0,0,0,0,0,696125,661292
367,642,39327297,39374000,23577,8085,87,8090,0,0,-18,0,-18,1,1,1,960,544.56,960,544.56,0,0,0,0,0,0,651417,620750
368,643,40478620,39392583,23489,8085,87,8090,0,0,-18,0,-18,1,1,1,960,544.56,960,544.56,0,0,0,0,0,0,659708,623708
369,644,38237165,39294875,23553,8085,87,8090,0,0,-18,0,-18,1,1,1,960,544.56,960,544.56,0,0,0,0,0,0,677292,641875
370,645,40589541,39271208,24105,8085,87,8090,0,0,-18,0,-18,1,1,1,960,544.56,960,544.56,0,0,0,0,0,0,642917,611667
371,646,44356461,44316708,23793,8085,87,8090,0,0,-18,0,-18,1,1,1,960,544.56,960,544.56,0,0,0,0,0,0,716417,672125
372,647,41854746,43104833,23553,8085,87,8090,0,0,-18,0,-18,1,1,1,960,544.56,960,544.56,0,0,0,0,0,0,933833,884292
373,648,46945586,46903750,23489,8085,87,8090,0,0,-18,0,-18,1,1,1,960,544.56,960,544.56,0,0,0,0,0,0,1112000,1063916
374,649,53521916,52005833,23489,8085,87,8090,0,0,-18,0,-18,1,1,1,960,544.56,960,544.56,0,0,0,0,0,0,823417,775083
375,650,51840744,53214416,23693,8085,87,8090,0,0,-18,0,-18,1,1,1,960,544.56,960,544.56,0,0,0,0,0,0,1070542,1021709
376,651,69653667,67769583,23489,8086,88,8091,0,0,-18,0,-18,1,1,1,960,544.56,960,544.56,0,0,0,0,0,0,993958,939833
377,652,61973121,63705833,23553,8085,90,8090,0,0,-18,0,-18,1,1,1,960,544.56,960,544.56,0,0,0,0,0,0,971833,911208
378,653,66251210,64505709,23577,8085,87,8090,0,0,-18,0,-18,1,1,1,960,544.56,960,544.56,0,0,0,0,0,0,1099125,1044334
379,654,64023204,64455166,24169,8085,87,8090,0,0,-18,0,-18,1,1,1,960,544.56,960,544.56,0,0,0,0,0,0,1061084,1005041
380,655,54298829,54024708,23705,8085,87,8090,0,0,-18,0,-18,1,1,1,960,544.56,960,544.56,0,0,0,0,0,0,858250,808042
381,656,51609043,53166958,23641,8085,87,8090,0,0,-18,0,-18,1,1,1,960,544.56,960,544.56,0,0,0,0,0,0,1208042,1148500
382,657,52711416,51343791,23489,8085,87,8090,0,0,-18,0,-18,1,1,1,960,544.56,960,544.56,0,0,0,0,0,0,876125,831542
383,658,49834672,51113042,23605,8085,87,8090,0,0,-18,0,-18,1,1,1,960,544.56,960,544.56,0,0,0,0,0,0,868667,816875
384,659,52154373,50724792,23577,8085,87,8090,0,0,-18,0,-18,1,1,1,960,544.56,960,544.56,0,0,0,0,0,0,882500,839125
385,660,55119372,56657875,23553,8085,87,8090,0,0,-18,0,-18,1,1,1,960,544.56,960,544.56,0,0,0,0,0,0,944750,897750
386,661,52996959,51515708,23489,8085,90,8090,0,0,-18,0,-18,1,1,1,960,544.56,960,544.56,0,0,0,0,0,0,838667,790125
387,662,50090540,51536667,23693,8085,87,8090,0,0,-18,0,-18,1,1,1,960,544.56,960,544.56,0,0,0,0,0,0,901958,849333
388,663,55839251,54443833,23489,8085,87,8090,0,0,-18,0,-18,1,1,1,960,544.56,960,544.56,0,0,0,0,0,0,877542,812958
389,664,53390752,53179500,24117,8085,87,8090,0,0,-18,0,-18,1,1,1,960,544.56,960,544.56,0,0,0,0,0,0,826125,767834
390,665,54804209,54933166,23793,8085,87,8090,0,0,-18,0,-18,1,1,1,960,544.56,960,544.56,0,0,0,0,0,0,834167,791791
391,666,50155207,51298916,23605,8086,88,8091,0,0,-18,0,-18,1,1,1,960,544.56,960,544.56,0,0,0,0,0,0,815667,773458
392,667,58492206,56659083,23489,8085,87,8090,0,0,-18,0,-18,1,1,1,960,544.56,960,544.56,0,0,0,0,0,0,928708,869833
393,668,55464003,57346208,23641,8085,87,8090,0,0,-18,0,-18,1,1,1,960,544.56,960,544.56,0,0,0,0,0,0,973792,922875
394,669,59023123,57524334,23489,8085,87,8090,0,0,-18,0,-18,1,1,1,960,544.56,960,544.56,0,0,0,0,0,0,1158875,1105916
395,670,52226126,53659375,23605,8085,90,8090,0,0,-18,0,-18,1,1,1,960,544.56,960,544.56,0,0,0,0,0,0,812291,757666
396,671,52122958,50740291,23577,8085,87,8090,0,0,-18,0,-18,1,1,1,960,544.56,960,544.56,0,0,0,0,0,0,838333,795125
397,672,48891957,50377833,23553,8085,87,8090,0,0,-18,0,-18,1,1,1,960,544.56,960,544.56,0,0,0,0,0,0,918833,864250
398,673,52680455,50005000,24053,8085,87,8090,0,0,-18,0,-18,1,1,1,960,544.56,960,544.56,0,0,0,0,0,0,819791,765833
399,674,45401252,48117541,23909,8085,87,8090,0,0,-18,0,-18,1,1,1,960,544.56,960,544.56,0,0,0,0,0,0,828292,786250
400,675,44343791,44300083,23489,8085,87,8090,0,0,-18,0,-18,1,1,1,960,544.56,960,544.56,0,0,0,0,0,0,715541,666458
401,676,45962039,44477083,23489,8085,87,8090,0,0,-18,0,-18,1,1,1,960,544.56,960,544.56,0,0,0,0,0,0,718542,671625
402,677,41248120,42548167,23553,8085,87,8090,0,0,-18,0,-18,1,1,1,960,544.56,960,544.56,0,0,0,0,0,0,683292,646459
403,678,43865583,43991917,23577,8085,87,8090,0,0,-18,0,-18,1,1,1,960,544.56,960,544.56,0,0,0,0,0,0,728125,691333
404,679,49741547,48289750,23541,8085,87,8090,0,0,-18,0,-18,1,1,1,960,544.56,960,544.56,0,0,0,0,0,0,1145917,1072000
405,680,49301415,50617750,23553,8085,90,8090,0,0,-18,0,-18,1,1,1,960,544.56,960,544.56,0,0,0,0,0,0,788875,746458
406,681,51477622,50027792,23489,8086,88,8091,0,0,-18,0,-18,1,1,1,960,544.56,960,544.56,0,0,0,0,0,0,799791,757916
407,682,49918290,51368583,23641,8085,87,8090,0,0,-18,0,-18,1,1,1,960,544.56,960,544.56,0,0,0,0,0,0,819542,771750
408,683,55078789,51861084,23903,8085,87,8090,0,0,-18,0,-18,1,1,1,960,544.56,960,544.56,0,0,0,0,0,0,798833,757166
409,684,58822583,61686625,23971,8085,87,8090,0,0,-18,0,-18,1,1,1,960,544.56,960,544.56,0,0,0,0,0,0,979541,927834
410,685,62762714,61282625,23577,8085,87,8090,0,0,-18,0,-18,1,1,1,960,544.56,960,544.56,0,0,0,0,0,0,1004750,940500
411,686,57101998,58812000,23553,8085,87,8090,0,0,-18,0,-18,1,1,1,960,544.56,960,544.56,0,0,0,0,0,0,1201791,1147750
412,687,59139914,57235000,23541,8085,87,8090,0,0,-18,0,-18,1,1,1,960,544.56,960,544.56,0,0,0,0,0,0,952833,902250
413,688,65077081,66843125,23641,8085,87,8090,0,0,-18,0,-18,1,1,1,960,544.56,960,544.56,0,0,0,0,0,0,1229000,1146167
414,689,60044415,58691708,23489,8085,90,8090,0,0,-18,0,-18,1,1,1,960,544.56,960,544.56,0,0,0,0,0,0,963833,911208
415,690,54473042,55729958,23553,8085,87,8090,0,0,-18,0,-18,1,1,1,960,544.56,960,544.56,0,0,0,0,0,0,1149625,1094959
416,691,60583420,59216542,23629,8085,87,8090,0,0,-18,0,-18,1,1,1,960,544.56,960,544.56,0,0,0,0,0,0,815875,762417
417,692,54174829,53846041,24117,8085,87,8090,0,0,-18,0,-18,1,1,1,960,544.56,960,544.56,0,0,0,0,0,0,801875,759209
418,693,56207120,56443667,23705,8085,87,8090,0,0,-18,0,-18,1,1,1,960,544.56,960,544.56,0,0,0,0,0,0,958708,900125
419,694,56386671,57866709,23641,8085,87,8090,0,0,-18,0,-18,1,1,1,960,544.56,960,544.56,0,0,0,0,0,0,934000,877166
420,695,58018792,55808208,23541,8085,87,8090,0,0,-18,0,-18,1,1,1,960,544.56,960,544.56,0,0,0,0,0,0,872292,830459
421,696,56608580,58721667,23553,8086,88,8091,0,0,-18,0,-18,1,1,1,960,544.56,960,544.56,0,0,0,0,0,0,992250,938834
422,697,61354458,59935958,23577,8085,87,8090,0,0,-18,0,-18,1,1,1,960,544.56,960,544.56,0,0,0,0,0,0,1413084,1330375
423,698,54797712,56122875,23553,8085,90,8090,0,0,-18,0,-18,1,1,1,960,544.56,960,544.56,0,0,0,0,0,0,1051625,997083
424,699,54961211,53575333,23541,8085,87,8090,0,0,-18,0,-18,1,1,1,960,544.56,960,544.56,0,0,0,0,0,0,831334,788875
425,700,50079081,51541916,23641,8085,87,8090,0,0,-18,0,-18,1,1,1,960,544.56,960,544.56,0,0,0,0,0,0,954833,897833
426,701,52988585,50361500,24053,8085,87,8090,0,0,-18,0,-18,1,1,1,960,544.56,960,544.56,0,0,0,0,0,0,857291,800500
427,702,47812122,50290959,23769,8085,87,8090,0,0,-18,0,-18,1,1,1,960,544.56,960,544.56,0,0,0,0,0,0,879292,836334
428,703,48333667,48513292,23629,8085,87,8090,0,0,-18,0,-18,1,1,1,960,544.56,960,544.56,0,0,0,0,0,0,830292,781125
429,704,42727041,41239667,23489,8085,87,8090,0,0,-18,0,-18,1,1,1,960,544.56,960,544.56,0,0,0,0,0,0,717917,680875
430,705,40983289,42437584,23553,8085,87,8090,0,0,-18,0,-18,1,1,1,960,544.56,960,544.56,0,0,0,0,0,0,675958,640834
431,706,42050622,41937500,23489,8085,87,8090,0,0,-18,0,-18,1,1,1,960,544.56,960,544.56,0,0,0,0,0,0,739500,697583
432,707,46347837,45208125,23577,8085,87,8090,0,0,-18,0,-18,1,1,1,960,544.56,960,544.56,0,0,0,0,0,0,815083,776625
433,708,40646996,41815166,23605,8085,90,8090,0,0,-18,0,-18,1,1,1,960,544.56,960,544.56,0,0,0,0,0,0,763000,726459
434,709,41225794,41243958,23489,8085,87,8090,0,0,-18,0,-18,1,1,1,960,544.56,960,544.56,0,0,0,0,0,0,736167,695084
435,710,43479748,42193333,23489,8085,87,8090,0,0,-18,0,-18,1,1,1,960,544.56,960,544.56,0,0,0,0,0,0,720916,685458
436,711,40137037,41374375,23641,8086,88,8091,0,0,-18,0,-18,1,1,1,960,544.56,960,544.56,0,0,0,0,0,0,724959,687166
437,712,43020874,41758958,24053,8085,87,8090,0,0,-18,0,-18,1,1,1,960,544.56,960,544.56,0,0,0,0,0,0,692416,647167
438,713,41355915,41402167,23757,8085,87,8090,0,0,-18,0,-18,1,1,1,960,544.56,960,544.56,0,0,0,0,0,0,692042,656542
439,714,40175084,41251292,23553,8085,87,8090,0,0,-18,0,-18,1,1,1,960,544.56,960,544.56,0,0,0,0,0,0,720875,685417
440,715,41823875,41904084,23577,8085,87,8090,0,0,-18,0,-18,1,1,1,960,544.56,960,544.56,0,0,0,0,0,0,748042,699417
441,716,42527835,41292834,23489,8085,87,8090,0,0,-18,0,-18,1,1,1,960,544.56,960,544.56,0,0,0,0,0,0,708084,673083
442,717,40443748,41630000,23553,8085,87,8090,0,0,-18,0,-18,1,1,1,960,544.56,960,544.56,0,0,0,0,0,0,694333,659042
443,718,41450750,41378584,23541,8085,87,8090,0,0,-18,0,-18,1,1,1,960,544.56,960,544.56,0,0,0,0,0,0,743334,702875
444,719,45606333,44437583,23577,8085,87,8090,0,0,-18,0,-18,1,1,1,960,544.56,960,544.56,0,0,0,0,0,0,753666,716791
445,720,40619287,41809416,23553,8085,90,8090,0,0,-18,0,-18,1,1,1,960,544.56,960,544.56,0,0,0,0,0,0,727584,690500
446,721,43046917,43040416,23489,8085,87,8090,0,0,-18,0,-18,1,1,1,960,544.56,960,544.56,0,0,0,0,0,0,712209,670541
447,722,48847377,47538166,23489,8085,87,8090,0,0,-18,0,-18,1,1,1,960,544.56,960,544.56,0,0,0,0,0,0,682292,645708
448,723,47518748,48794000,23693,8085,87,8090,0,0,-18,0,-18,1,1,1,960,544.56,960,544.56,0,0,0,0,0,0,756166,720417
449,724,55127125,51914250,24053,8085,87,8090,0,0,-18,0,-18,1,1,1,960,544.56,960,544.56,0,0,0,0,0,0,758625,713250
450,725,49206122,52186041,23769,8085,87,8090,0,0,-18,0,-18,1,1,1,960,544.56,960,544.56,0,0,0,0,0,0,903167,860500
451,726,59698123,57838417,23577,8086,88,8091,0,0,-18,0,-18,1,1,1,960,544.56,960,544.56,0,0,0,0,0,0,902500,856709
452,727,64671047,66516000,23605,8085,87,8090,0,0,-18,0,-18,1,1,1,960,544.56,960,544.56,0,0,0,0,0,0,1127125,1060583
453,728,65004661,62942750,23489,8085,87,8090,0,0,-18,0,-18,1,1,1,960,544.56,960,544.56,0,0,0,0,0,0,1224125,1157250
454,729,71644209,73597958,23641,8085,87,8090,0,0,-18,0,-18,1,1,1,960,544.56,960,544.56,0,0,0,0,0,0,1103291,1046667
455,730,68700917,66329500,23541,8085,90,8090,0,0,-18,0,-18,1,1,1,960,544.56,960,544.56,0,0,0,0,0,0,1294666,1223083
456,731,62152832,64386333,23553,8085,87,8090,0,0,-18,0,-18,1,1,1,960,544.56,960,544.56,0,0,0,0,0,0,944000,892875
457,732,67874416,64741417,24141,8085,87,8090,0,0,-18,0,-18,1,1,1,960,544.56,960,544.56,0,0,0,0,0,0,1145917,1086959
458,733,60727536,63853375,23769,8085,87,8090,0,0,-18,0,-18,1,1,1,960,544.56,960,544.56,0,0,0,0,0,0,1081917,1014209
459,734,60882169,59330458,23541,8085,87,8090,0,0,-18,0,-18,1,1,1,960,544.56,960,544.56,0,0,0,0,0,0,952792,900875
460,735,50261877,51850542,23641,8085,87,8090,0,0,-18,0,-18,1,1,1,960,544.56,960,544.56,0,0,0,0,0,0,865209,822292
461,736,57177621,55303333,23489,8085,87,8090,0,0,-18,0,-18,1,1,1,960,544.56,960,544.56,0,0,0,0,0,0,1022375,960750
462,737,63286297,64984541,23553,8085,87,8090,0,0,-18,0,-18,1,1,1,960,544.56,960,544.56,0,0,0,0,0,0,1104583,1045459
463,738,59511084,57826917,23629,8085,90,8090,0,0,-18,0,-18,1,1,1,960,544.56,960,544.56,0,0,0,0,0,0,1014708,959875
464,739,62181413,63898208,23553,8085,87,8090,0,0,-18,0,-18,1,1,1,960,544.56,960,544.56,0,0,0,0,0,0,1106333,1040625
465,740,68238422,64896417,24053,8085,87,8090,0,0,-18,0,-18,1,1,1,960,544.56,960,544.56,0,0,0,0,0,0,1211292,1154666
466,741,61188831,64485875,23857,8086,88,8091,0,0,-18,0,-18,1,1,1,960,544.56,960,544.56,0,0,0,0,0,0,1139583,1077709
467,742,66574707,64800084,23541,8085,87,8090,0,0,-18,0,-18,1,1,1,960,544.56,960,544.56,0,0,0,0,0,0,1125292,1063791
468,743,63241124,64388292,23553,8085,87,8090,0,0,-18,0,-18,1,1,1,960,544.56,960,544.56,0,0,0,0,0,0,986208,934166
469,744,64835250,63654625,23577,8085,87,8090,0,0,-18,0,-18,1,1,1,960,544.56,960,544.56,0,0,0,0,0,0,1062750,1007542
470,745,61202537,63006375,23553,8085,87,8090,0,0,-18,0,-18,1,1,1,960,544.56,960,544.56,0,0,0,0,0,0,1129334,1061708
471,746,51482751,50238667,23541,8085,90,8090,0,0,-18,0,-18,1,1,1,960,544.56,960,544.56,0,0,0,0,0,0,860833,817417
472,747,41000913,42269375,23641,8085,87,8090,0,0,-18,0,-18,1,1,1,960,544.56,960,544.56,0,0,0,0,0,0,680834,644959
473,748,41559375,41567875,23489,8085,87,8090,0,0,-18,0,-18,1,1,1,960,544.56,960,544.56,0,0,0,0,0,0,706583,664875
474,749,39730627,37842375,24053,8085,87,8090,0,0,-18,0,-18,1,1,1,960,544.56,960,544.56,0,0,0,0,0,0,678542,643666
475,750,36415420,38189958,23769,8085,87,8090,0,0,-18,0,-18,1,1,1,960,544.56,960,544.56,0,0,0,0,0,0,662375,621375
476,751,40840327,40911833,23629,8085,87,8090,0,0,-18,0,-18,1,1,1,960,544.56,960,544.56,0,0,0,0,0,0,666875,631208
477,752,43487004,42204667,23489,8085,87,8090,0,0,-18,0,-18,1,1,1,960,544.56,960,544.56,0,0,0,0,0,0,722583,686958
478,753,43039415,44278750,23553,8085,87,8090,0,0,-18,0,-18,1,1,1,960,544.56,960,544.56,0,0,0,0,0,0,691667,656833
479,754,45634169,45539167,23489,8085,87,8090,0,0,-18,0,-18,1,1,1,960,544.56,960,544.56,0,0,0,0,0,0,836125,788083
480,755,47739002,46534458,23577,8085,87,8090,0,0,-18,0,-18,1,1,1,960,544.56,960,544.56,0,0,0,0,0,0,690333,654792
481,756,48574753,49807625,23605,8086,88,8091,0,0,-18,0,-18,1,1,1,960,544.56,960,544.56,0,0,0,0,0,0,845042,803000
482,757,43339166,43337959,23489,8085,90,8090,0,0,-18,0,-18,1,1,1,960,544.56,960,544.56,0,0,0,0,0,0,683459,643125
483,758,44957708,43669792,23489,8085,87,8090,0,0,-18,0,-18,1,1,1,960,544.56,960,544.56,0,0,0,0,0,0,721542,684917
484,759,40285829,41555000,23641,8085,87,8090,0,0,-18,0,-18,1,1,1,960,544.56,960,544.56,0,0,0,0,0,0,722542,688042
485,760,42923420,41630209,23851,8085,87,8090,0,0,-18,0,-18,1,1,1,960,544.56,960,544.56,0,0,0,0,0,0,704292,663041
486,761,40909752,40973708,23959,8085,87,8090,0,0,-18,0,-18,1,1,1,960,544.56,960,544.56,0,0,0,0,0,0,734042,699166
487,762,40452204,41543084,23553,8085,87,8090,0,0,-18,0,-18,1,1,1,960,544.56,960,544.56,0,0,0,0,0,0,671166,636625
488,763,41396465,41447583,23577,8085,87,8090,0,0,-18,0,-18,1,1,1,960,544.56,960,544.56,0,0,0,0,0,0,753791,708792
489,764,39337202,38137625,23489,8085,87,8090,0,0,-18,0,-18,1,1,1,960,544.56,960,544.56,0,0,0,0,0,0,701959,666875
490,765,37573881,38772708,23553,8085,87,8090,0,0,-18,0,-18,1,1,1,960,544.56,960,544.56,0,0,0,0,0,0,699000,664542
491,766,43193664,43011833,23541,8085,87,8090,0,0,-18,0,-18,1,1,1,960,544.56,960,544.56,0,0,0,0,0,0,738750,694584
492,767,47870166,46754750,23577,8085,87,8090,0,0,-18,0,-18,1,1,1,960,544.56,960,544.56,0,0,0,0,0,0,774250,738334
493,768,41286874,42481208,23553,8085,90,8090,0,0,-18,0,-18,1,1,1,960,544.56,960,544.56,0,0,0,0,0,0,861500,822625
494,769,44555500,44462167,23489,8085,87,8090,0,0,-18,0,-18,1,1,1,960,544.56,960,544.56,0,0,0,0,0,0,1093083,1035375
495,770,53032871,51512458,23489,8085,87,8090,0,0,-18,0,-18,1,1,1,960,544.56,960,544.56,0,0,0,0,0,0,770625,729084
496,771,48907503,50322875,23693,8086,88,8091,0,0,-18,0,-18,1,1,1,960,544.56,960,544.56,0,0,0,0,0,0,825375,782833
497,772,65734043,62335458,24053,8085,87,8090,0,0,-18,0,-18,1,1,1,960,544.56,960,544.56,0,0,0,0,0,0,947834,889333
498,773,60436952,63584542,23769,8085,87,8090,0,0,-18,0,-18,1,1,1,960,544.56,960,544.56,0,0,0,0,0,0,987709,936667
499,774,64409546,62930208,23577,8085,87,8090,0,0,-18,0,-18,1,1,1,960,544.56,960,544.56,0,0,0,0,0,0,961708,908917
500,775,56801076,58467833,23605,8085,87,8090,0,0,-18,0,-18,1,1,1,960,544.56,960,544.56,0,0,0,0,0,0,975125,915125
501,776,57593878,56097000,23489,8085,87,8090,0,0,-18,0,-18,1,1,1,960,544.56,960,544.56,0,0,0,0,0,0,787875,745625
502,777,57796295,59250500,23641,8085,87,8090,0,0,-18,0,-18,1,1,1,960,544.56,960,544.56,0,0,0,0,0,0,940166,892042
503,778,52044458,50568583,23691,8085,90,8090,0,0,-18,0,-18,1,1,1,960,544.56,960,544.56,0,0,0,0,0,0,852000,799000
504,779,49147412,50517167,23605,8085,87,8090,0,0,-18,0,-18,1,1,1,960,544.56,960,544.56,0,0,0,0,0,0,802583,760417
505,780,53542375,50845750,23939,8085,87,8090,0,0,-18,0,-18,1,1,1,960,544.56,960,544.56,0,0,0,0,0,0,820291,778083
506,781,49933794,52678875,23971,8085,87,8090,0,0,-18,0,-18,1,1,1,960,544.56,960,544.56,0,0,0,0,0,0,806208,753916
507,782,54994620,53496000,23489,8085,87,8090,0,0,-18,0,-18,1,1,1,960,544.56,960,544.56,0,0,0,0,0,0,794625,741959
508,783,52609834,53972334,23693,8085,87,8090,0,0,-18,0,-18,1,1,1,960,544.56,960,544.56,0,0,0,0,0,0,988000,939416
509,784,54726794,53309875,23489,8085,87,8090,0,0,-18,0,-18,1,1,1,960,544.56,960,544.56,0,0,0,0,0,0,821584,770458
510,785,49570586,50661500,23553,8085,87,8090,0,0,-18,0,-18,1,1,1,960,544.56,960,544.56,0,0,0,0,0,0,816167,771959
511,786,55838532,54820209,23577,8086,88,8091,0,0,-18,0,-18,1,1,1,960,544.56,960,544.56,0,0,0,0,0,0,887208,844917
512,787,52154004,53488791,23605,8085,90,8090,0,0,-18,0,-18,1,1,1,960,544.56,960,544.56,0,0,0,0,0,0,1284958,1224750
513,788,55656377,54194125,23489,8085,87,8090,0,0,-18,0,-18,1,1,1,960,544.56,960,544.56,0,0,0,0,0,0,898750,852667
514,789,50401914,51844125,23641,8085,87,8090,0,0,-18,0,-18,1,1,1,960,544.56,960,544.56,0,0,0,0,0,0,801750,759625
515,790,52156087,49592958,24053,8085,87,8090,0,0,-18,0,-18,1,1,1,960,544.56,960,544.56,0,0,0,0,0,0,849625,800541
516,791,45263286,47804250,23821,8085,87,8090,0,0,-18,0,-18,1,1,1,960,544.56,960,544.56,0,0,0,0,0,0,830292,788250
517,792,41559040,41518125,23489,8085,87,8090,0,0,-18,0,-18,1,1,1,960,544.56,960,544.56,0,0,0,0,0,0,708250,672000
518,793,42449623,41227250,23577,8085,87,8090,0,0,-18,0,-18,1,1,1,960,544.56,960,544.56,0,0,0,0,0,0,723416,680333
519,794,40698796,41956125,23553,8085,87,8090,0,0,-18,0,-18,1,1,1,960,544.56,960,544.56,0,0,0,0,0,0,678875,643416
520,795,38093913,38052584,23489,8085,87,8090,0,0,-18,0,-18,1,1,1,960,544.56,960,544.56,0,0,0,0,0,0,629334,596208
521,796,37571210,36460166,23541,8085,87,8090,0,0,-18,0,-18,1,1,1,960,544.56,960,544.56,0,0,0,0,0,0,750500,713291
522,797,41619878,42721042,23641,8085,87,8090,0,0,-18,0,-18,1,1,1,960,544.56,960,544.56,0,0,0,0,0,0,715958,683583
523,798,36099042,36085500,23787,8085,90,8090,0,0,-18,0,-18,1,1,1,960,544.56,960,544.56,0,0,0,0,0,0,649125,617958
524,799,38662414,37465584,23489,8085,87,8090,0,0,-18,0,-18,1,1,1,960,544.56,960,544.56,0,0,0,0,0,0,734250,685625
525,800,38232751,39328458,23553,8085,87,8090,0,0,-18,0,-18,1,1,1,960,544.56,960,544.56,0,0,0,0,0,0,665625,630750
526,801,38166873,38202709,23577,8086,88,8091,0,0,-18,0,-18,1,1,1,960,544.56,960,544.56,0,0,0,0,0,0,607291,576750
527,802,41019707,39145333,23903,8085,87,8090,0,0,-18,0,-18,1,1,1,960,544.56,960,544.56,0,0,0,0,0,0,643791,605417
528,803,36132708,37971958,23971,8085,87,8090,0,0,-18,0,-18,1,1,1,960,544.56,960,544.56,0,0,0,0,0,0,652833,620292
529,804,37594586,37544083,23489,8085,87,8090,0,0,-18,0,-18,1,1,1,960,544.56,960,544.56,0,0,0,0,0,0,663166,631750
530,805,40555328,39343417,23577,8085,87,8090,0,0,-18,0,-18,1,1,1,960,544.56,960,544.56,0,0,0,0,0,0,726917,686625
531,806,37837754,39075000,23553,8085,87,8090,0,0,-18,0,-18,1,1,1,960,544.56,960,544.56,0,0,0,0,0,0,722000,687250
532,807,39049334,38984750,23489,8085,87,8090,0,0,-18,0,-18,1,1,1,960,544.56,960,544.56,0,0,0,0,0,0,677459,644958
533,808,40728997,39518833,23541,8085,87,8090,0,0,-18,0,-18,1,1,1,960,544.56,960,544.56,0,0,0,0,0,0,615583,576125
534,809,36465045,37675584,23641,8085,87,8090,0,0,-18,0,-18,1,1,1,960,544.56,960,544.56,0,0,0,0,0,0,608375,577791
535,810,43046124,42921583,23489,8085,87,8090,0,0,-18,0,-18,1,1,1,960,544.56,960,544.56,0,0,0,0,0,0,799541,758541
536,811,42874332,41744834,23489,8085,90,8090,0,0,-18,0,-18,1,1,1,960,544.56,960,544.56,0,0,0,0,0,0,712208,670250
537,812,41701000,42806250,23553,8085,87,8090,0,0,-18,0,-18,1,1,1,960,544.56,960,544.56,0,0,0,0,0,0,807542,752750
538,813,44165086,44123459,23629,8085,87,8090,0,0,-18,0,-18,1,1,1,960,544.56,960,544.56,0,0,0,0,0,0,876541,840459
539,814,43868578,42526125,23489,8085,87,8090,0,0,-18,0,-18,1,1,1,960,544.56,960,544.56,0,0,0,0,0,0,699583,658625
540,815,50922833,50687041,24117,8085,87,8090,0,0,-18,0,-18,1,1,1,960,544.56,960,544.56,0,0,0,0,0,0,700958,664667
541,816,51604166,51385959,23705,8086,88,8091,0,0,-18,0,-18,1,1,1,960,544.56,960,544.56,0,0,0,0,0,0,818625,770250
542,817,62189046,63701209,23641,8085,87,8090,0,0,-18,0,-18,1,1,1,960,544.56,960,544.56,0,0,0,0,0,0,956000,897000
543,818,65648078,63868125,23541,8085,87,8090,0,0,-18,0,-18,1,1,1,960,544.56,960,544.56,0,0,0,0,0,0,974541,922333
544,819,62591172,64340541,23553,8085,87,8090,0,0,-18,0,-18,1,1,1,960,544.56,960,544.56,0,0,0,0,0,0,976750,921750
545,820,72996623,70967875,23577,8085,87,8090,0,0,-18,0,-18,1,1,1,960,544.56,960,544.56,0,0,0,0,0,0,1088791,1025791
546,821,60375537,62425500,23553,8085,90,8090,0,0,-18,0,-18,1,1,1,960,544.56,960,544.56,0,0,0,0,0,0,1115792,1062375
547,822,68823955,66916834,23541,8085,87,8090,0,0,-18,0,-18,1,1,1,960,544.56,960,544.56,0,0,0,0,0,0,1172375,1119083
548,823,64839206,64880041,24205,8085,87,8090,0,0,-18,0,-18,1,1,1,960,544.56,960,544.56,0,0,0,0,0,0,1072417,1006542
549,824,65219588,65122292,23705,8085,87,8090,0,0,-18,0,-18,1,1,1,960,544.56,960,544.56,0,0,0,0,0,0,1241667,1186709
550,825,61590701,63152083,23553,8085,87,8090,0,0,-18,0,-18,1,1,1,960,544.56,960,544.56,0,0,0,0,0,0,987916,934792
551,826,65782755,64137209,23629,8085,87,8090,0,0,-18,0,-18,1,1,1,960,544.56,960,544.56,0,0,0,0,0,0,1050791,979417
552,827,68386875,69924000,23553,8085,87,8090,0,0,-18,0,-18,1,1,1,960,544.56,960,544.56,0,0,0,0,0,0,1150083,1090042
553,828,60940455,59538292,23489,8085,90,8090,0,0,-18,0,-18,1,1,1,960,544.56,960,544.56,0,0,0,0,0,0,988625,936583
554,829,51434211,53241083,23641,8085,87,8090,0,0,-18,0,-18,1,1,1,960,544.56,960,544.56,0,0,0,0,0,0,803167,755750
555,830,59384956,57981375,23541,8085,87,8090,0,0,-18,0,-18,1,1,1,960,544.56,960,544.56,0,0,0,0,0,0,874292,830666
556,831,56694664,55909792,24117,8086,88,8091,0,0,-18,0,-18,1,1,1,960,544.56,960,544.56,0,0,0,0,0,0,846000,803833
557,832,57972583,58374875,23793,8085,87,8090,0,0,-18,0,-18,1,1,1,960,544.56,960,544.56,0,0,0,0,0,0,1013875,954625
558,833,55098127,56778750,23553,8085,87,8090,0,0,-18,0,-18,1,1,1,960,544.56,960,544.56,0,0,0,0,0,0,984625,932583
559,834,58735501,56614834,23541,8085,87,8090,0,0,-18,0,-18,1,1,1,960,544.56,960,544.56,0,0,0,0,0,0,847958,797459
560,835,54812576,56891709,23641,8085,87,8090,0,0,-18,0,-18,1,1,1,960,544.56,960,544.56,0,0,0,0,0,0,991584,930083
561,836,59227254,57787250,23489,8085,87,8090,0,0,-18,0,-18,1,1,1,960,544.56,960,544.56,0,0,0,0,0,0,994208,936708
562,837,48559915,49892708,23553,8085,90,8090,0,0,-18,0,-18,1,1,1,960,544.56,960,544.56,0,0,0,0,0,0,827667,771584
563,838,48124752,48221792,23629,8085,87,8090,0,0,-18,0,-18,1,1,1,960,544.56,960,544.56,0,0,0,0,0,0,831041,776917
564,839,42842086,41680959,23489,8085,87,8090,0,0,-18,0,-18,1,1,1,960,544.56,960,544.56,0,0,0,0,0,0,712375,676250
565,840,41224122,41160292,23915,8085,87,8090,0,0,-18,0,-18,1,1,1,960,544.56,960,544.56,0,0,0,0,0,0,689125,655042
566,841,40252920,41394459,23907,8085,87,8090,0,0,-18,0,-18,1,1,1,960,544.56,960,544.56,0,0,0,0,0,0,735667,696834
567,842,42459376,41314000,23577,8085,87,8090,0,0,-18,0,-18,1,1,1,960,544.56,960,544.56,0,0,0,0,0,0,714042,679292
568,843,38298334,39453125,23605,8085,87,8090,0,0,-18,0,-18,1,1,1,960,544.56,960,544.56,0,0,0,0,0,0,721083,686292
569,844,39446372,39453208,23489,8085,87,8090,0,0,-18,0,-18,1,1,1,960,544.56,960,544.56,0,0,0,0,0,0,652625,616583
570,845,41940290,40624334,23489,8085,87,8090,0,0,-18,0,-18,1,1,1,960,544.56,960,544.56,0,0,0,0,0,0,743125,706917
571,846,40641624,41883375,23641,8086,88,8091,0,0,-18,0,-18,1,1,1,960,544.56,960,544.56,0,0,0,0,0,0,732625,694541
572,847,44861499,44830292,23489,8085,87,8090,0,0,-18,0,-18,1,1,1,960,544.56,960,544.56,0,0,0,0,0,0,780042,738167
573,848,42513046,41341875,23541,8085,90,8090,0,0,-18,0,-18,1,1,1,960,544.56,960,544.56,0,0,0,0,0,0,706000,671125
574,849,40077537,41201208,23553,8085,87,8090,0,0,-18,0,-18,1,1,1,960,544.56,960,544.56,0,0,0,0,0,0,679416,644750
575,850,40373463,40416333,23577,8085,87,8090,0,0,-18,0,-18,1,1,1,960,544.56,960,544.56,0,0,0,0,0,0,699167,658834
576,851,41361499,40164208,23489,8085,87,8090,0,0,-18,0,-18,1,1,1,960,544.56,960,544.56,0,0,0,0,0,0,639875,602541
577,852,41167374,41095125,23915,8085,87,8090,0,0,-18,0,-18,1,1,1,960,544.56,960,544.56,0,0,0,0,0,0,701833,662625
578,853,40234494,41391834,23959,8085,87,8090,0,0,-18,0,-18,1,1,1,960,544.56,960,544.56,0,0,0,0,0,0,677292,637125
579,854,43088499,41948625,23577,8085,87,8090,0,0,-18,0,-18,1,1,1,960,544.56,960,544.56,0,0,0,0,0,0,724625,688542
580,855,41567664,42689541,23553,8085,87,8090,0,0,-18,0,-18,1,1,1,960,544.56,960,544.56,0,0,0,0,0,0,720958,685917
581,856,42632460,42618834,23489,8085,87,8090,0,0,-18,0,-18,1,1,1,960,544.56,960,544.56,0,0,0,0,0,0,744875,702792
582,857,44127084,42256916,23489,8085,87,8090,0,0,-18,0,-18,1,1,1,960,544.56,960,544.56,0,0,0,0,0,0,854125,806709
583,858,48661332,50442375,23693,8085,87,8090,0,0,-18,0,-18,1,1,1,960,544.56,960,544.56,0,0,0,0,0,0,787291,749625
584,859,55641256,54245584,23489,8085,87,8090,0,0,-18,0,-18,1,1,1,960,544.56,960,544.56,0,0,0,0,0,0,856500,802125
585,860,54184246,55469458,23553,8085,90,8090,0,0,-18,0,-18,1,1,1,960,544.56,960,544.56,0,0,0,0,0,0,799167,756917
586,861,64684502,62947375,23577,8086,88,8091,0,0,-18,0,-18,1,1,1,960,544.56,960,544.56,0,0,0,0,0,0,1080333,1027167
587,862,57389874,59178416,23605,8085,87,8090,0,0,-18,0,-18,1,1,1,960,544.56,960,544.56,0,0,0,0,0,0,1182833,1113667
588,863,61573121,58815292,24053,8085,87,8090,0,0,-18,0,-18,1,1,1,960,544.56,960,544.56,0,0,0,0,0,0,991834,939875
589,864,55747754,58417833,23857,8085,87,8090,0,0,-18,0,-18,1,1,1,960,544.56,960,544.56,0,0,0,0,0,0,997834,945416
590,865,58042332,56223875,23489,8085,87,8090,0,0,-18,0,-18,1,1,1,960,544.56,960,544.56,0,0,0,0,0,0,862167,805250
591,866,56399248,58035666,23605,8085,87,8090,0,0,-18,0,-18,1,1,1,960,544.56,960,544.56,0,0,0,0,0,0,1130750,1070666
592,867,57497456,56073375,23577,8085,87,8090,0,0,-18,0,-18,1,1,1,960,544.56,960,544.56,0,0,0,0,0,0,988958,936208
593,868,62509834,63759166,23553,8085,87,8090,0,0,-18,0,-18,1,1,1,960,544.56,960,544.56,0,0,0,0,0,0,1405625,1327042
594,869,60395661,58887583,23489,8085,90,8090,0,0,-18,0,-18,1,1,1,960,544.56,960,544.56,0,0,0,0,0,0,1125417,1055625
595,870,56447003,58202042,23693,8085,87,8090,0,0,-18,0,-18,1,1,1,960,544.56,960,544.56,0,0,0,0,0,0,980542,928334
596,871,56355915,53761542,24053,8085,87,8090,0,0,-18,0,-18,1,1,1,960,544.56,960,544.56,0,0,0,0,0,0,991666,933208
597,872,53130745,55591750,23769,8085,87,8090,0,0,-18,0,-18,1,1,1,960,544.56,960,544.56,0,0,0,0,0,0,1037000,993416
598,873,55383998,54004125,23577,8085,87,8090,0,0,-18,0,-18,1,1,1,960,544.56,960,544.56,0,0,0,0,0,0,914541,866791
599,874,49475587,50929542,23605,8085,87,8090,0,0,-18,0,-18,1,1,1,960,544.56,960,544.56,0,0,0,0,0,0,880125,827208
600,875,53057078,51445250,23489,8085,87,8090,0,0,-18,0,-18,1,1,1,960,544.56,960,544.56,0,0,0,0,0,0,841208,788334
601,876,51395047,52774625,23641,8086,88,8091,0,0,-18,0,-18,1,1,1,960,544.56,960,544.56,0,0,0,0,0,0,791083,749625
602,877,61627082,60080000,23489,8085,87,8090,0,0,-18,0,-18,1,1,1,960,544.56,960,544.56,0,0,0,0,0,0,1521416,1452333
603,878,53518041,55112917,23605,8085,90,8090,0,0,-18,0,-18,1,1,1,960,544.56,960,544.56,0,0,0,0,0,0,1004334,949458
604,879,52167247,50680417,23577,8085,87,8090,0,0,-18,0,-18,1,1,1,960,544.56,960,544.56,0,0,0,0,0,0,969875,918000
605,880,48362083,49907334,23553,8085,87,8090,0,0,-18,0,-18,1,1,1,960,544.56,960,544.56,0,0,0,0,0,0,804875,753167
606,881,51540751,49963000,24053,8085,87,8090,0,0,-18,0,-18,1,1,1,960,544.56,960,544.56,0,0,0,0,0,0,819125,777375
607,882,45771040,46147250,23845,8085,87,8090,0,0,-18,0,-18,1,1,1,960,544.56,960,544.56,0,0,0,0,0,0,819041,777042
608,883,40624417,41789458,23553,8085,87,8090,0,0,-18,0,-18,1,1,1,960,544.56,960,544.56,0,0,0,0,0,0,717958,675667
609,884,41718460,41731459,23489,8085,87,8090,0,0,-18,0,-18,1,1,1,960,544.56,960,544.56,0,0,0,0,0,0,726792,690333
610,885,39618663,38472417,23489,8085,87,8090,0,0,-18,0,-18,1,1,1,960,544.56,960,544.56,0,0,0,0,0,0,666667,634708
611,886,36919791,38047125,23641,8085,87,8090,0,0,-18,0,-18,1,1,1,960,544.56,960,544.56,0,0,0,0,0,0,647958,606292
612,887,41932333,41860584,23541,8085,87,8090,0,0,-18,0,-18,1,1,1,960,544.56,960,544.56,0,0,0,0,0,0,720750,681542
613,888,39517290,38353333,23489,8085,90,8090,0,0,-18,0,-18,1,1,1,960,544.56,960,544.56,0,0,0,0,0,0,659750,628708
614,889,40210083,41294541,23553,8085,87,8090,0,0,-18,0,-18,1,1,1,960,544.56,960,544.56,0,0,0,0,0,0,713375,671250
615,890,41905250,41757833,23577,8085,87,8090,0,0,-18,0,-18,1,1,1,960,544.56,960,544.56,0,0,0,0,0,0,698667,662375
616,891,44379372,43282542,23489,8086,88,8091,0,0,-18,0,-18,1,1,1,960,544.56,960,544.56,0,0,0,0,0,0,717208,681500
617,892,43182667,43182375,23967,8085,87,8090,0,0,-18,0,-18,1,1,1,960,544.56,960,544.56,0,0,0,0,0,0,740125,697209
618,893,43080627,44113084,23907,8085,87,8090,0,0,-18,0,-18,1,1,1,960,544.56,960,544.56,0,0,0,0,0,0,1029750,972209
619,894,52568543,51099125,23577,8085,87,8090,0,0,-18,0,-18,1,1,1,960,544.56,960,544.56,0,0,0,0,0,0,822042,780458
620,895,58102160,59508792,23553,8085,87,8090,0,0,-18,0,-18,1,1,1,960,544.56,960,544.56,0,0,0,0,0,0,840584,794166
621,896,65787293,63677250,23489,8085,87,8090,0,0,-18,0,-18,1,1,1,960,544.56,960,544.56,0,0,0,0,0,0,969125,917958
622,897,62495917,64564291,23693,8085,87,8090,0,0,-18,0,-18,1,1,1,960,544.56,960,544.56,0,0,0,0,0,0,995084,943500
623,898,69946706,68263417,23489,8085,87,8090,0,0,-18,0,-18,1,1,1,960,544.56,960,544.56,0,0,0,0,0,0,1105750,1033042
624,899,61964087,63544625,23553,8085,90,8090,0,0,-18,0,-18,1,1,1,960,544.56,960,544.56,0,0,0,0,0,0,1022583,968500
625,900,53743954,52453417,23577,8085,87,8090,0,0,-18,0,-18,1,1,1,960,544.56,960,544.56,0,0,0,0,0,0,968250,916208
626,901,52232041,51738125,26289,8085,87,8090,0,0,-18,0,-18,1,1,1,960,544.56,960,544.56,0,0,0,0,0,0,971250,920875
627,902,51520917,51748458,23705,8085,87,8090,0,0,-18,0,-18,1,1,1,960,544.56,960,544.56,0,0,0,0,0,0,857458,815791
628,903,49610912,51144167,23641,8085,87,8090,0,0,-18,0,-18,1,1,1,960,544.56,960,544.56,0,0,0,0,0,0,837667,795208
629,904,52711877,51342542,23489,8085,87,8090,0,0,-18,0,-18,1,1,1,960,544.56,960,544.56,0,0,0,0,0,0,815917,763458
630,905,55110372,56448625,23605,8085,87,8090,0,0,-18,0,-18,1,1,1,960,544.56,960,544.56,0,0,0,0,0,0,1034250,991791
631,906,54321542,52954500,23577,8086,88,8091,0,0,-18,0,-18,1,1,1,960,544.56,960,544.56,0,0,0,0,0,0,801959,759375
632,907,62299378,63363625,23553,8085,87,8090,0,0,-18,0,-18,1,1,1,960,544.56,960,544.56,0,0,0,0,0,0,1067667,998208
633,908,60048710,58381750,23489,8085,90,8090,0,0,-18,0,-18,1,1,1,960,544.56,960,544.56,0,0,0,0,0,0,949334,896916
634,909,53032789,54875666,23693,8085,87,8090,0,0,-18,0,-18,1,1,1,960,544.56,960,544.56,0,0,0,0,0,0,865667,823208
635,910,67399911,64120458,24053,8085,87,8090,0,0,-18,0,-18,1,1,1,960,544.56,960,544.56,0,0,0,0,0,0,1054709,992250
636,911,59803962,62964083,23769,8085,87,8090,0,0,-18,0,-18,1,1,1,960,544.56,960,544.56,0,0,0,0,0,0,1075042,1006584
637,912,59997249,58498291,23577,8085,87,8090,0,0,-18,0,-18,1,1,1,960,544.56,960,544.56,0,0,0,0,0,0,870666,824625
638,913,51892582,53457416,23605,8085,87,8090,0,0,-18,0,-18,1,1,1,960,544.56,960,544.56,0,0,0,0,0,0,828417,778167
639,914,62504500,60781458,23489,8085,87,8090,0,0,-18,0,-18,1,1,1,960,544.56,960,544.56,0,0,0,0,0,0,1186542,1124166
640,915,58865208,60577959,23641,8085,87,8090,0,0,-18,0,-18,1,1,1,960,544.56,960,544.56,0,0,0,0,0,0,1171125,1112584
641,916,51162753,49742334,23489,8085,90,8090,0,0,-18,0,-18,1,1,1,960,544.56,960,544.56,0,0,0,0,0,0,805791,752125
642,917,48214372,49585000,23605,8085,87,8090,0,0,-18,0,-18,1,1,1,960,544.56,960,544.56,0,0,0,0,0,0,800209,758584
643,918,42339045,42410500,23577,8085,87,8090,0,0,-18,0,-18,1,1,1,960,544.56,960,544.56,0,0,0,0,0,0,723125,687333
644,919,43520286,41327542,23851,8085,87,8090,0,0,-18,0,-18,1,1,1,960,544.56,960,544.56,0,0,0,0,0,0,679000,635666
645,920,37787918,39957833,23971,8085,87,8090,0,0,-18,0,-18,1,1,1,960,544.56,960,544.56,0,0,0,0,0,0,751083,704125
646,921,36152083,36072042,23489,8086,88,8091,0,0,-18,0,-18,1,1,1,960,544.56,960,544.56,0,0,0,0,0,0,641708,610584
647,922,38848958,37848375,23629,8085,87,8090,0,0,-18,0,-18,1,1,1,960,544.56,960,544.56,0,0,0,0,0,0,653458,616917
648,923,40028251,41019083,23553,8085,87,8090,0,0,-18,0,-18,1,1,1,960,544.56,960,544.56,0,0,0,0,0,0,672250,640292
649,924,41673000,41715500,23489,8085,87,8090,0,0,-18,0,-18,1,1,1,960,544.56,960,544.56,0,0,0,0,0,0,723666,687333
650,925,41417870,40225709,23489,8085,87,8090,0,0,-18,0,-18,1,1,1,960,544.56,960,544.56,0,0,0,0,0,0,663583,626125
651,926,43114624,44239084,23641,8085,87,8090,0,0,-18,0,-18,1,1,1,960,544.56,960,544.56,0,0,0,0,0,0,795292,755542
652,927,41760876,41711125,23541,8085,90,8090,0,0,-18,0,-18,1,1,1,960,544.56,960,544.56,0,0,0,0,0,0,868750,822917
653,928,41338745,40290500,23489,8085,87,8090,0,0,-18,0,-18,1,1,1,960,544.56,960,544.56,0,0,0,0,0,0,727667,688375
654,929,40018126,40987916,23553,8085,87,8090,0,0,-18,0,-18,1,1,1,960,544.56,960,544.56,0,0,0,0,0,0,784083,748209
655,930,41196748,41275625,23577,8085,87,8090,0,0,-18,0,-18,1,1,1,960,544.56,960,544.56,0,0,0,0,0,0,766417,731375
656,931,42465753,41201709,23489,8085,87,8090,0,0,-18,0,-18,1,1,1,960,544.56,960,544.56,0,0,0,0,0,0,684875,644334
657,932,41552290,41552292,24169,8085,87,8090,0,0,-18,0,-18,1,1,1,960,544.56,960,544.56,0,0,0,0,0,0,724375,688417
658,933,40178123,41300125,23705,8085,87,8090,0,0,-18,0,-18,1,1,1,960,544.56,960,544.56,0,0,0,0,0,0,719708,684458
659,934,42732916,41586833,23577,8085,87,8090,0,0,-18,0,-18,1,1,1,960,544.56,960,544.56,0,0,0,0,0,0,711958,664084
660,935,40435835,41578875,23553,8085,87,8090,0,0,-18,0,-18,1,1,1,960,544.56,960,544.56,0,0,0,0,0,0,727666,692459
661,936,41611209,41638500,23489,8086,88,8091,0,0,-18,0,-18,1,1,1,960,544.56,960,544.56,0,0,0,0,0,0,694167,658833
662,937,39804123,38652542,23541,8085,87,8090,0,0,-18,0,-18,1,1,1,960,544.56,960,544.56,0,0,0,0,0,0,689417,649625
663,938,39117418,40219208,23641,8085,87,8090,0,0,-18,0,-18,1,1,1,960,544.56,960,544.56,0,0,0,0,0,0,622375,583875
664,939,44961832,44937208,23489,8085,87,8090,0,0,-18,0,-18,1,1,1,960,544.56,960,544.56,0,0,0,0,0,0,781875,745167
665,940,45526836,44252542,23489,8085,90,8090,0,0,-18,0,-18,1,1,1,960,544.56,960,544.56,0,0,0,0,0,0,744917,704041
666,941,47608666,48725041,23553,8085,87,8090,0,0,-18,0,-18,1,1,1,960,544.56,960,544.56,0,0,0,0,0,0,785375,748541
667,942,56747831,54896542,23629,8085,87,8090,0,0,-18,0,-18,1,1,1,960,544.56,960,544.56,0,0,0,0,0,0,775833,729458
668,943,65117247,64982917,24117,8085,87,8090,0,0,-18,0,-18,1,1,1,960,544.56,960,544.56,0,0,0,0,0,0,992292,931917
669,944,64530752,64544459,23705,8085,87,8090,0,0,-18,0,-18,1,1,1,960,544.56,960,544.56,0,0,0,0,0,0,1037875,980708
670,945,63508868,65381375,23641,8085,87,8090,0,0,-18,0,-18,1,1,1,960,544.56,960,544.56,0,0,0,0,0,0,1131167,1074208
671,946,67299336,65554208,23541,8085,87,8090,0,0,-18,0,-18,1,1,1,960,544.56,960,544.56,0,0,0,0,0,0,1113708,1046625
672,947,62776707,64362959,23553,8085,87,8090,0,0,-18,0,-18,1,1,1,960,544.56,960,544.56,0,0,0,0,0,0,1247875,1193833
673,948,72777085,70700791,23577,8085,87,8090,0,0,-18,0,-18,1,1,1,960,544.56,960,544.56,0,0,0,0,0,0,1301667,1234209
674,949,62327168,64376750,23605,8085,90,8090,0,0,-18,0,-18,1,1,1,960,544.56,960,544.56,0,0,0,0,0,0,1077542,1007125
675,950,61580371,60218833,23489,8085,87,8090,0,0,-18,0,-18,1,1,1,960,544.56,960,544.56,0,0,0,0,0,0,1070333,1017542
676,951,53122252,52689542,24205,8086,88,8091,0,0,-18,0,-18,1,1,1,960,544.56,960,544.56,0,0,0,0,0,0,1088833,1043042
677,952,58279875,58713666,23705,8085,87,8090,0,0,-18,0,-18,1,1,1,960,544.56,960,544.56,0,0,0,0,0,0,1022917,963000
678,953,57549376,58870666,23605,8085,87,8090,0,0,-18,0,-18,1,1,1,960,544.56,960,544.56,0,0,0,0,0,0,1207250,1148417
679,954,58564044,56804291,23577,8085,87,8090,0,0,-18,0,-18,1,1,1,960,544.56,960,544.56,0,0,0,0,0,0,808041,764625
680,955,62915250,64610333,23553,8085,87,8090,0,0,-18,0,-18,1,1,1,960,544.56,960,544.56,0,0,0,0,0,0,977792,907416
681,956,65054617,63530750,23489,8085,87,8090,0,0,-18,0,-18,1,1,1,960,544.56,960,544.56,0,0,0,0,0,0,1072959,1019334
682,957,54512422,56054750,23693,8085,90,8090,0,0,-18,0,-18,1,1,1,960,544.56,960,544.56,0,0,0,0,0,0,1016208,964166
683,958,60548957,58466542,23489,8085,87,8090,0,0,-18,0,-18,1,1,1,960,544.56,960,544.56,0,0,0,0,0,0,1031833,965708
684,959,55916871,56355458,24117,8085,87,8090,0,0,-18,0,-18,1,1,1,960,544.56,960,544.56,0,0,0,0,0,0,989084,935166
685,960,57783417,57748291,23793,8085,87,8090,0,0,-18,0,-18,1,1,1,960,544.56,960,544.56,0,0,0,0,0,0,1065875,1012667
686,961,55581036,57232917,23605,8085,87,8090,0,0,-18,0,-18,1,1,1,960,544.56,960,544.56,0,0,0,0,0,0,1072333,1014000
687,962,57341881,55476209,23489,8085,87,8090,0,0,-18,0,-18,1,1,1,960,544.56,960,544.56,0,0,0,0,0,0,796834,754458
688,963,53676914,55476458,23641,8085,87,8090,0,0,-18,0,-18,1,1,1,960,544.56,960,544.56,0,0,0,0,0,0,1286625,1224334
689,964,61673171,59919083,23489,8085,87,8090,0,0,-18,0,-18,1,1,1,960,544.56,960,544.56,0,0,0,0,0,0,911209,851333
690,965,48522993,50163750,23605,8085,90,8090,0,0,-18,0,-18,1,1,1,960,544.56,960,544.56,0,0,0,0,0,0,798875,757000
691,966,51863335,50566416,23577,8086,88,8091,0,0,-18,0,-18,1,1,1,960,544.56,960,544.56,0,0,0,0,0,0,813417,771042
692,967,47105081,48530958,23553,8085,87,8090,0,0,-18,0,-18,1,1,1,960,544.56,960,544.56,0,0,0,0,0,0,816791,767000
693,968,42357001,42262875,23489,8085,87,8090,0,0,-18,0,-18,1,1,1,960,544.56,960,544.56,0,0,0,0,0,0,667750,631875
694,969,44243041,41969500,24053,8085,87,8090,0,0,-18,0,-18,1,1,1,960,544.56,960,544.56,0,0,0,0,0,0,701792,666709
695,970,38108501,40381708,23909,8085,87,8090,0,0,-18,0,-18,1,1,1,960,544.56,960,544.56,0,0,0,0,0,0,731208,686041
696,971,36013413,36036917,23489,8085,87,8090,0,0,-18,0,-18,1,1,1,960,544.56,960,544.56,0,0,0,0,0,0,654917,623375
697,972,38205377,37117167,23489,8085,87,8090,0,0,-18,0,-18,1,1,1,960,544.56,960,544.56,0,0,0,0,0,0,610334,579625
698,973,35606250,36652875,23553,8085,87,8090,0,0,-18,0,-18,1,1,1,960,544.56,960,544.56,0,0,0,0,0,0,618458,582208
699,974,38050998,37953875,23489,8085,87,8090,0,0,-18,0,-18,1,1,1,960,544.56,960,544.56,0,0,0,0,0,0,611958,579750
700,975,40827535,39826416,23577,8085,87,8090,0,0,-18,0,-18,1,1,1,960,544.56,960,544.56,0,0,0,0,0,0,659958,627708
701,976,42631000,43643000,23605,8085,87,8090,0,0,-18,0,-18,1,1,1,960,544.56,960,544.56,0,0,0,0,0,0,744875,695833
702,977,38914583,38913250,23489,8085,90,8090,0,0,-18,0,-18,1,1,1,960,544.56,960,544.56,0,0,0,0,0,0,680709,644166
703,978,39207831,38084167,23489,8085,87,8090,0,0,-18,0,-18,1,1,1,960,544.56,960,544.56,0,0,0,0,0,0,642459,610958
704,979,38352672,39493709,23641,8085,87,8090,0,0,-18,0,-18,1,1,1,960,544.56,960,544.56,0,0,0,0,0,0,672708,633000
705,980,39550915,39495000,23489,8085,87,8090,0,0,-18,0,-18,1,1,1,960,544.56,960,544.56,0,0,0,0,0,0,679584,647833
706,981,40057793,37877291,23489,8086,88,8091,0,0,-18,0,-18,1,1,1,960,544.56,960,544.56,0,0,0,0,0,0,645041,614125
707,982,37127457,39205167,24385,8085,87,8090,0,0,-18,0,-18,1,1,1,960,544.56,960,544.56,0,0,0,0,0,0,738834,696792
708,983,37625581,37711292,23577,8085,87,8090,0,0,-18,0,-18,1,1,1,960,544.56,960,544.56,0,0,0,0,0,0,645167,604666
709,984,41323121,40170292,23489,8085,87,8090,0,0,-18,0,-18,1,1,1,960,544.56,960,544.56,0,0,0,0,0,0,634542,604084
710,985,41009128,42056958,23553,8085,87,8090,0,0,-18,0,-18,1,1,1,960,544.56,960,544.56,0,0,0,0,0,0,660250,625833
711,986,41838292,41768084,23489,8085,87,8090,0,0,-18,0,-18,1,1,1,960,544.56,960,544.56,0,0,0,0,0,0,721958,687542
712,987,44737081,43561708,23629,8085,87,8090,0,0,-18,0,-18,1,1,1,960,544.56,960,544.56,0,0,0,0,0,0,855625,815708
713,988,47503165,48633625,23553,8085,87,8090,0,0,-18,0,-18,1,1,1,960,544.56,960,544.56,0,0,0,0,0,0,1008750,946417
714,989,50335709,50310125,23489,8085,90,8090,0,0,-18,0,-18,1,1,1,960,544.56,960,544.56,0,0,0,0,0,0,823916,779583
715,990,58192126,55978250,23489,8085,87,8090,0,0,-18,0,-18,1,1,1,960,544.56,960,544.56,0,0,0,0,0,0,839375,797875
716,991,62023371,64145459,23641,8085,87,8090,0,0,-18,0,-18,1,1,1,960,544.56,960,544.56,0,0,0,0,0,0,988833,930667
717,992,67371167,63955833,24105,8085,87,8090,0,0,-18,0,-18,1,1,1,960,544.56,960,544.56,0,0,0,0,0,0,1113167,1060708
718,993,54429464,57624792,23769,8085,87,8090,0,0,-18,0,-18,1,1,1,960,544.56,960,544.56,0,0,0,0,0,0,1200209,1140000
719,994,54502163,53212750,23577,8085,87,8090,0,0,-18,0,-18,1,1,1,960,544.56,960,544.56,0,0,0,0,0,0,840958,794083
720,995,55284082,56732125,23553,8085,87,8090,0,0,-18,0,-18,1,1,1,960,544.56,960,544.56,0,0,0,0,0,0,1070334,1023458
721,996,61056625,58945708,23541,8086,88,8091,0,0,-18,0,-18,1,1,1,960,544.56,960,544.56,0,0,0,0,0,0,859125,816917
722,997,60050204,62062125,23641,8085,87,8090,0,0,-18,0,-18,1,1,1,960,544.56,960,544.56,0,0,0,0,0,0,1057625,991375
723,998,59741672,58311375,23489,8085,90,8090,0,0,-18,0,-18,1,1,1,960,544.56,960,544.56,0,0,0,0,0,0,1054041,998916
724,999,54759163,56124250,23553,8085,87,8090,0,0,-18,0,-18,1,1,1,960,544.56,960,544.56,0,0,0,0,0,0,851667,806542
725,1000,55241838,53615458,23629,8085,87,8090,0,0,-18,0,-18,1,1,1,960,544.56,960,544.56,0,0,0,0,0,0,1116291,1061583
726,1001,53481038,53631750,24117,8085,87,8090,0,0,-18,0,-18,1,1,1,960,544.56,960,544.56,0,0,0,0,0,0,816208,773459
727,1002,57312458,56820459,23705,8085,87,8090,0,0,-18,0,-18,1,1,1,960,544.56,960,544.56,0,0,0,0,0,0,846875,804292
728,1003,53469542,55405583,23641,8085,87,8090,0,0,-18,0,-18,1,1,1,960,544.56,960,544.56,0,0,0,0,0,0,1054083,989084
729,1004,59601418,57916208,23541,8085,87,8090,0,0,-18,0,-18,1,1,1,960,544.56,960,544.56,0,0,0,0,0,0,1007500,963166
730,1005,54812457,56320750,23553,8085,87,8090,0,0,-18,0,-18,1,1,1,960,544.56,960,544.56,0,0,0,0,0,0,978291,927792
731,1006,63589580,62062667,23577,8085,87,8090,0,0,-18,0,-18,1,1,1,960,544.56,960,544.56,0,0,0,0,0,0,1031917,963833
732,1007,54225750,55827417,23553,8085,90,8090,0,0,-18,0,-18,1,1,1,960,544.56,960,544.56,0,0,0,0,0,0,832708,789833
733,1008,59133496,57257417,23541,8085,87,8090,0,0,-18,0,-18,1,1,1,960,544.56,960,544.56,0,0,0,0,0,0,1114250,1058292
734,1009,54821334,56671333,23641,8085,87,8090,0,0,-18,0,-18,1,1,1,960,544.56,960,544.56,0,0,0,0,0,0,951083,885000
735,1010,56021004,53151875,24053,8085,87,8090,0,0,-18,0,-18,1,1,1,960,544.56,960,544.56,0,0,0,0,0,0,789500,747583
736,1011,48537168,51167458,23769,8086,88,8091,0,0,-18,0,-18,1,1,1,960,544.56,960,544.56,0,0,0,0,0,0,853875,810833
737,1012,58596618,57271083,23629,8085,87,8090,0,0,-18,0,-18,1,1,1,960,544.56,960,544.56,0,0,0,0,0,0,993958,932959
738,1013,55178500,56578125,23553,8085,87,8090,0,0,-18,0,-18,1,1,1,960,544.56,960,544.56,0,0,0,0,0,0,941667,888541
739,1014,58647122,57184666,23489,8085,87,8090,0,0,-18,0,-18,1,1,1,960,544.56,960,544.56,0,0,0,0,0,0,1029417,974625
740,1015,56000962,57477584,23641,8085,87,8090,0,0,-18,0,-18,1,1,1,960,544.56,960,544.56,0,0,0,0,0,0,901917,844458
741,1016,55342331,53576334,23541,8085,90,8090,0,0,-18,0,-18,1,1,1,960,544.56,960,544.56,0,0,0,0,0,0,791250,748375
742,1017,49832001,51318833,23553,8085,87,8090,0,0,-18,0,-18,1,1,1,960,544.56,960,544.56,0,0,0,0,0,0,873541,826833
743,1018,52759911,51577792,23577,8085,87,8090,0,0,-18,0,-18,1,1,1,960,544.56,960,544.56,0,0,0,0,0,0,870250,822209
744,1019,50905875,50572541,24117,8085,87,8090,0,0,-18,0,-18,1,1,1,960,544.56,960,544.56,0,0,0,0,0,0,857250,813500
745,1020,54210126,54321333,23757,8085,87,8090,0,0,-18,0,-18,1,1,1,960,544.56,960,544.56,0,0,0,0,0,0,792708,748209
746,1021,47472164,48992167,23641,8085,87,8090,0,0,-18,0,-18,1,1,1,960,544.56,960,544.56,0,0,0,0,0,0,794000,745625
747,1022,54690498,53024791,23489,8085,87,8090,0,0,-18,0,-18,1,1,1,960,544.56,960,544.56,0,0,0,0,0,0,851083,806084
748,1023,53838584,55376792,23553,8085,87,8090,0,0,-18,0,-18,1,1,1,960,544.56,960,544.56,0,0,0,0,0,0,898250,856750
749,1024,60909673,59423000,23629,8085,87,8090,0,0,-18,0,-18,1,1,1,960,544.56,960,544.56,0,0,0,0,0,0,941333,876042
750,1025,52376743,53935208,23553,8085,90,8090,0,0,-18,0,-18,1,1,1,960,544.56,960,544.56,0,0,0,0,0,0,832625,785083
751,1026,52893713,51146500,23489,8086,88,8091,0,0,-18,0,-18,1,1,1,960,544.56,960,544.56,0,0,0,0,0,0,798541,756208
752,1027,53054500,54464708,23641,8085,87,8090,0,0,-18,0,-18,1,1,1,960,544.56,960,544.56,0,0,0,0,0,0,1227958,1154125
753,1028,55409912,53048917,24105,8085,87,8090,0,0,-18,0,-18,1,1,1,960,544.56,960,544.56,0,0,0,0,0,0,1014375,954250
754,1029,52720211,55209459,23769,8085,87,8090,0,0,-18,0,-18,1,1,1,960,544.56,960,544.56,0,0,0,0,0,0,1009625,955750
755,1030,52360665,50935917,23577,8085,87,8090,0,0,-18,0,-18,1,1,1,960,544.56,960,544.56,0,0,0,0,0,0,829916,780250
756,1031,49709666,51147208,23553,8085,87,8090,0,0,-18,0,-18,1,1,1,960,544.56,960,544.56,0,0,0,0,0,0,886583,844000
757,1032,52450664,50993959,23541,8085,87,8090,0,0,-18,0,-18,1,1,1,960,544.56,960,544.56,0,0,0,0,0,0,794750,745209
758,1033,49730710,51171125,23641,8085,87,8090,0,0,-18,0,-18,1,1,1,960,544.56,960,544.56,0,0,0,0,0,0,1045292,987541
759,1034,59774000,58119667,23489,8085,87,8090,0,0,-18,0,-18,1,1,1,960,544.56,960,544.56,0,0,0,0,0,0,943959,896542
760,1035,47731336,49281584,23553,8085,90,8090,0,0,-18,0,-18,1,1,1,960,544.56,960,544.56,0,0,0,0,0,0,853084,808500
761,1036,50336748,50375208,23629,8085,87,8090,0,0,-18,0,-18,1,1,1,960,544.56,960,544.56,0,0,0,0,0,0,807209,759166
762,1037,53413167,51900416,23489,8085,87,8090,0,0,-18,0,-18,1,1,1,960,544.56,960,544.56,0,0,0,0,0,0,807500,765458
763,1038,50230413,50158208,24117,8085,87,8090,0,0,-18,0,-18,1,1,1,960,544.56,960,544.56,0,0,0,0,0,0,1009833,956792
764,1039,50161711,50251000,23793,8085,87,8090,0,0,-18,0,-18,1,1,1,960,544.56,960,544.56,0,0,0,0,0,0,841875,793000
765,1040,49572497,50969834,23605,8085,87,8090,0,0,-18,0,-18,1,1,1,960,544.56,960,544.56,0,0,0,0,0,0,831459,787959
766,1041,51241248,49652417,23489,8086,88,8091,0,0,-18,0,-18,1,1,1,960,544.56,960,544.56,0,0,0,0,0,0,850166,806500
767,1042,48350419,49903417,23641,8085,87,8090,0,0,-18,0,-18,1,1,1,960,544.56,960,544.56,0,0,0,0,0,0,786083,733792
768,1043,54336834,52939625,23489,8085,87,8090,0,0,-18,0,-18,1,1,1,960,544.56,960,544.56,0,0,0,0,0,0,796417,753750
769,1044,45965205,47420625,23605,8085,90,8090,0,0,-18,0,-18,1,1,1,960,544.56,960,544.56,0,0,0,0,0,0,833042,782125
770,1045,43039336,42931458,23489,8085,87,8090,0,0,-18,0,-18,1,1,1,960,544.56,960,544.56,0,0,0,0,0,0,869875,817417
771,1046,45095492,43967500,23577,8085,87,8090,0,0,-18,0,-18,1,1,1,960,544.56,960,544.56,0,0,0,0,0,0,844834,804209
772,1047,40956839,42061208,23553,8085,87,8090,0,0,-18,0,-18,1,1,1,960,544.56,960,544.56,0,0,0,0,0,0,706625,671208
773,1048,49759376,48128834,24053,8085,87,8090,0,0,-18,0,-18,1,1,1,960,544.56,960,544.56,0,0,0,0,0,0,739792,695042
774,1049,50748497,50793750,23757,8085,87,8090,0,0,-18,0,-18,1,1,1,960,544.56,960,544.56,0,0,0,0,0,0,799000,757125
775,1050,49281999,50728083,23641,8085,87,8090,0,0,-18,0,-18,1,1,1,960,544.56,960,544.56,0,0,0,0,0,0,794584,752875
776,1051,51721669,50324917,23489,8085,87,8090,0,0,-18,0,-18,1,1,1,960,544.56,960,544.56,0,0,0,0,0,0,815125,767625
777,1052,49467246,50784208,23553,8085,87,8090,0,0,-18,0,-18,1,1,1,960,544.56,960,544.56,0,0,0,0,0,0,810792,768000
778,1053,52031379,50723167,23629,8085,87,8090,0,0,-18,0,-18,1,1,1,960,544.56,960,544.56,0,0,0,0,0,0,837625,794375
779,1054,64345374,65573083,23553,8085,87,8090,0,0,-18,0,-18,1,1,1,960,544.56,960,544.56,0,0,0,0,0,0,901125,846917
780,1055,62860578,61066125,23489,8085,90,8090,0,0,-18,0,-18,1,1,1,960,544.56,960,544.56,0,0,0,0,0,0,961750,907834
781,1056,56631583,58399791,23641,8086,88,8091,0,0,-18,0,-18,1,1,1,960,544.56,960,544.56,0,0,0,0,0,0,1149833,1092292
782,1057,58682881,56165833,23903,8085,87,8090,0,0,-18,0,-18,1,1,1,960,544.56,960,544.56,0,0,0,0,0,0,1128375,1064250
783,1058,56355625,58844667,23971,8085,87,8090,0,0,-18,0,-18,1,1,1,960,544.56,960,544.56,0,0,0,0,0,0,1079959,1021791
784,1059,54287996,52723500,23577,8085,87,8090,0,0,-18,0,-18,1,1,1,960,544.56,960,544.56,0,0,0,0,0,0,869666,825083
785,1060,56949377,58530750,23553,8085,87,8090,0,0,-18,0,-18,1,1,1,960,544.56,960,544.56,0,0,0,0,0,0,994916,932042
786,1061,59177875,57681541,23541,8085,87,8090,0,0,-18,0,-18,1,1,1,960,544.56,960,544.56,0,0,0,0,0,0,921291,876333
787,1062,61935663,63424000,23641,8085,87,8090,0,0,-18,0,-18,1,1,1,960,544.56,960,544.56,0,0,0,0,0,0,1161542,1094625
788,1063,58023121,56569333,23489,8085,90,8090,0,0,-18,0,-18,1,1,1,960,544.56,960,544.56,0,0,0,0,0,0,1022916,969167
789,1064,55320005,56310625,23553,8085,87,8090,0,0,-18,0,-18,1,1,1,960,544.56,960,544.56,0,0,0,0,0,0,819500,777958
790,1065,55462166,54388250,23629,8085,87,8090,0,0,-18,0,-18,1,1,1,960,544.56,960,544.56,0,0,0,0,0,0,1073750,1016250
791,1066,51931872,51875000,24117,8085,87,8090,0,0,-18,0,-18,1,1,1,960,544.56,960,544.56,0,0,0,0,0,0,923500,870000
792,1067,50619956,50553125,23705,8085,87,8090,0,0,-18,0,-18,1,1,1,960,544.56,960,544.56,0,0,0,0,0,0,803750,761334
793,1068,48749130,50245583,23641,8085,87,8090,0,0,-18,0,-18,1,1,1,960,544.56,960,544.56,0,0,0,0,0,0,818292,775250
794,1069,53047496,51280709,23541,8085,87,8090,0,0,-18,0,-18,1,1,1,960,544.56,960,544.56,0,0,0,0,0,0,995750,944791
795,1070,49165248,50768167,23553,8085,87,8090,0,0,-18,0,-18,1,1,1,960,544.56,960,544.56,0,0,0,0,0,0,828125,784334
796,1071,51988292,50531541,23577,8086,88,8091,0,0,-18,0,-18,1,1,1,960,544.56,960,544.56,0,0,0,0,0,0,823625,780833
797,1072,57107958,58666417,23553,8085,87,8090,0,0,-18,0,-18,1,1,1,960,544.56,960,544.56,0,0,0,0,0,0,1057875,993417
798,1073,51076792,49651666,23541,8085,90,8090,0,0,-18,0,-18,1,1,1,960,544.56,960,544.56,0,0,0,0,0,0,789250,746291
799,1074,48462543,49828167,23641,8085,87,8090,0,0,-18,0,-18,1,1,1,960,544.56,960,544.56,0,0,0,0,0,0,831500,789833
800,1075,44261500,44328083,23489,8085,87,8090,0,0,-18,0,-18,1,1,1,960,544.56,960,544.56,0,0,0,0,0,0,823625,760125
801,1076,44949956,42673375,24053,8085,87,8090,0,0,-18,0,-18,1,1,1,960,544.56,960,544.56,0,0,0,0,0,0,669666,633750
802,1077,37963993,40146125,23769,8085,87,8090,0,0,-18,0,-18,1,1,1,960,544.56,960,544.56,0,0,0,0,0,0,701667,666000
803,1078,36166127,36226500,23629,8085,87,8090,0,0,-18,0,-18,1,1,1,960,544.56,960,544.56,0,0,0,0,0,0,668958,624750
804,1079,37306584,36239209,23489,8085,87,8090,0,0,-18,0,-18,1,1,1,960,544.56,960,544.56,0,0,0,0,0,0,631917,597917
805,1080,35648789,36661916,23553,8085,87,8090,0,0,-18,0,-18,1,1,1,960,544.56,960,544.56,0,0,0,0,0,0,658708,627125
806,1081,36138959,36094542,23489,8085,87,8090,0,0,-18,0,-18,1,1,1,960,544.56,960,544.56,0,0,0,0,0,0,718333,680292
807,1082,40634837,39503042,23489,8085,87,8090,0,0,-18,0,-18,1,1,1,960,544.56,960,544.56,0,0,0,0,0,0,678750,642125
808,1083,42122002,43247458,23641,8085,87,8090,0,0,-18,0,-18,1,1,1,960,544.56,960,544.56,0,0,0,0,0,0,761667,727416
809,1084,38156207,38108458,23541,8085,90,8090,0,0,-18,0,-18,1,1,1,960,544.56,960,544.56,0,0,0,0,0,0,692792,651333
810,1085,40578123,39403958,23489,8085,87,8090,0,0,-18,0,-18,1,1,1,960,544.56,960,544.56,0,0,0,0,0,0,712916,662625
811,1086,40994662,41966792,23553,8086,88,8091,0,0,-18,0,-18,1,1,1,960,544.56,960,544.56,0,0,0,0,0,0,680250,645500
812,1087,40628459,40812625,23577,8085,87,8090,0,0,-18,0,-18,1,1,1,960,544.56,960,544.56,0,0,0,0,0,0,624583,584000
813,1088,45605164,44359666,23489,8085,87,8090,0,0,-18,0,-18,1,1,1,960,544.56,960,544.56,0,0,0,0,0,0,686791,650583
814,1089,42957127,42884708,24169,8085,87,8090,0,0,-18,0,-18,1,1,1,960,544.56,960,544.56,0,0,0,0,0,0,724333,688917
815,1090,46900205,47920542,23705,8085,87,8090,0,0,-18,0,-18,1,1,1,960,544.56,960,544.56,0,0,0,0,0,0,749542,702334
816,1091,51776543,50318667,23577,8085,87,8090,0,0,-18,0,-18,1,1,1,960,544.56,960,544.56,0,0,0,0,0,0,835125,792292
817,1092,58855995,60346417,23553,8085,87,8090,0,0,-18,0,-18,1,1,1,960,544.56,960,544.56,0,0,0,0,0,0,814209,771834
818,1093,65869875,63846208,23541,8085,87,8090,0,0,-18,0,-18,1,1,1,960,544.56,960,544.56,0,0,0,0,0,0,1178667,1117916
819,1094,68840749,70772042,23641,8085,87,8090,0,0,-18,0,-18,1,1,1,960,544.56,960,544.56,0,0,0,0,0,0,1068292,1015416
820,1095,66415332,64665042,23489,8085,90,8090,0,0,-18,0,-18,1,1,1,960,544.56,960,544.56,0,0,0,0,0,0,1028708,970375
821,1096,59860084,61512875,23553,8085,87,8090,0,0,-18,0,-18,1,1,1,960,544.56,960,544.56,0,0,0,0,0,0,1085916,1018209
822,1097,56367706,53936416,23991,8085,87,8090,0,0,-18,0,-18,1,1,1,960,544.56,960,544.56,0,0,0,0,0,0,1004125,949584
823,1098,48255745,50775875,23971,8085,87,8090,0,0,-18,0,-18,1,1,1,960,544.56,960,544.56,0,0,0,0,0,0,827375,784167
824,1099,52074462,50595500,23489,8085,87,8090,0,0,-18,0,-18,1,1,1,960,544.56,960,544.56,0,0,0,0,0,0,807875,755250
825,1100,55114660,56392459,23641,8085,87,8090,0,0,-18,0,-18,1,1,1,960,544.56,960,544.56,0,0,0,0,0,0,1141542,1084875
826,1101,54186381,52870792,23541,8086,88,8091,0,0,-18,0,-18,1,1,1,960,544.56,960,544.56,0,0,0,0,0,0,825583,783542
827,1102,52111826,53278292,23553,8085,87,8090,0,0,-18,0,-18,1,1,1,960,544.56,960,544.56,0,0,0,0,0,0,1000416,937334
828,1103,60795541,59468167,23577,8085,87,8090,0,0,-18,0,-18,1,1,1,960,544.56,960,544.56,0,0,0,0,0,0,1214041,1150625
829,1104,49796130,51352375,23553,8085,90,8090,0,0,-18,0,-18,1,1,1,960,544.56,960,544.56,0,0,0,0,0,0,864334,821250
830,1105,52338995,50511584,23541,8085,87,8090,0,0,-18,0,-18,1,1,1,960,544.56,960,544.56,0,0,0,0,0,0,844208,794750
831,1106,48566002,50324708,23641,8085,87,8090,0,0,-18,0,-18,1,1,1,960,544.56,960,544.56,0,0,0,0,0,0,811375,768666
832,1107,53238790,50395208,24053,8085,87,8090,0,0,-18,0,-18,1,1,1,960,544.56,960,544.56,0,0,0,0,0,0,865458,822458
833,1108,47851502,50634541,23769,8085,87,8090,0,0,-18,0,-18,1,1,1,960,544.56,960,544.56,0,0,0,0,0,0,843833,792583
834,1109,48273250,48307375,23541,8085,87,8090,0,0,-18,0,-18,1,1,1,960,544.56,960,544.56,0,0,0,0,0,0,827542,784917
835,1110,52084043,50630916,23577,8085,87,8090,0,0,-18,0,-18,1,1,1,960,544.56,960,544.56,0,0,0,0,0,0,791333,749833
836,1111,49119126,50514459,23553,8085,87,8090,0,0,-18,0,-18,1,1,1,960,544.56,960,544.56,0,0,0,0,0,0,847292,797000
837,1112,51583666,50064583,23489,8083,87,8088,0,0,-18,0,-18,1,1,1,960,544.56,960,544.56,0,0,0,0,0,0,825166,782042
838,1113,53824957,55313875,23641,8085,87,8090,0,0,-18,0,-18,1,1,1,960,544.56,960,544.56,0,0,0,0,0,0,913292,868167
839,1114,50980001,49581541,23541,8085,90,8090,0,0,-18,0,-18,1,1,1,960,544.56,960,544.56,0,0,0,0,0,0,825416,769958
840,1115,46679832,48003917,23553,8085,87,8090,0,0,-18,0,-18,1,1,1,960,544.56,960,544.56,0,0,0,0,0,0,785708,743750
841,1116,41320662,41404667,23577,8086,88,8091,0,0,-18,0,-18,1,1,1,960,544.56,960,544.56,0,0,0,0,0,0,696542,660542
842,1117,44505294,42287541,24053,8085,87,8090,0,0,-18,0,-18,1,1,1,960,544.56,960,544.56,0,0,0,0,0,0,753083,711042
843,1118,39356712,41514417,23769,8085,87,8090,0,0,-18,0,-18,1,1,1,960,544.56,960,544.56,0,0,0,0,0,0,726917,689625
844,1119,39899624,39834000,23541,8085,87,8090,0,0,-18,0,-18,1,1,1,960,544.56,960,544.56,0,0,0,0,0,0,725917,689084
845,1120,41059125,40059042,23577,8085,87,8090,0,0,-18,0,-18,1,1,1,960,544.56,960,544.56,0,0,0,0,0,0,672250,630125
846,1121,39373453,40388000,23553,8085,87,8090,0,0,-18,0,-18,1,1,1,960,544.56,960,544.56,0,0,0,0,0,0,751042,714917
847,1122,39488039,39507583,23489,8085,87,8090,0,0,-18,0,-18,1,1,1,960,544.56,960,544.56,0,0,0,0,0,0,734458,699000
848,1123,40110588,38976000,23489,8085,87,8090,0,0,-18,0,-18,1,1,1,960,544.56,960,544.56,0,0,0,0,0,0,606125,570125
849,1124,42028833,43096375,23641,8085,87,8090,0,0,-18,0,-18,1,1,1,960,544.56,960,544.56,0,0,0,0,0,0,736375,701333
850,1125,38769997,38778792,23541,8085,90,8090,0,0,-18,0,-18,1,1,1,960,544.56,960,544.56,0,0,0,0,0,0,677125,641834
851,1126,38798205,37746334,23489,8085,87,8090,0,0,-18,0,-18,1,1,1,960,544.56,960,544.56,0,0,0,0,0,0,655916,616041
852,1127,38430668,39392625,23553,8085,87,8090,0,0,-18,0,-18,1,1,1,960,544.56,960,544.56,0,0,0,0,0,0,600792,570208
853,1128,37544414,37618083,23577,8085,87,8090,0,0,-18,0,-18,1,1,1,960,544.56,960,544.56,0,0,0,0,0,0,609708,578708
854,1129,39948001,38686417,23489,8085,87,8090,0,0,-18,0,-18,1,1,1,960,544.56,960,544.56,0,0,0,0,0,0,744958,706125
855,1130,39576247,39660041,24117,8085,87,8090,0,0,-18,0,-18,1,1,1,960,544.56,960,544.56,0,0,0,0,0,0,692541,658042
856,1131,38846712,39909125,23757,8086,88,8091,0,0,-18,0,-18,1,1,1,960,544.56,960,544.56,0,0,0,0,0,0,617583,585625
857,1132,42070541,40603875,23577,8085,87,8090,0,0,-18,0,-18,1,1,1,960,544.56,960,544.56,0,0,0,0,0,0,662834,625875
858,1133,41393581,42806042,23553,8085,87,8090,0,0,-18,0,-18,1,1,1,960,544.56,960,544.56,0,0,0,0,0,0,718833,682458
859,1134,44850625,44813625,23489,8085,87,8090,0,0,-18,0,-18,1,1,1,960,544.56,960,544.56,0,0,0,0,0,0,697125,650083
860,1135,46471960,44904917,23489,8085,87,8090,0,0,-18,0,-18,1,1,1,960,544.56,960,544.56,0,0,0,0,0,0,721042,678709
861,1136,53868290,55360959,23693,8085,87,8090,0,0,-18,0,-18,1,1,1,960,544.56,960,544.56,0,0,0,0,0,0,933709,878916
862,1137,58031171,56251875,23489,8085,90,8090,0,0,-18,0,-18,1,1,1,960,544.56,960,544.56,0,0,0,0,0,0,825500,783125
863,1138,61972457,63542875,23553,8085,87,8090,0,0,-18,0,-18,1,1,1,960,544.56,960,544.56,0,0,0,0,0,0,1133875,1069084
864,1139,62193997,60499417,23577,8085,87,8090,0,0,-18,0,-18,1,1,1,960,544.56,960,544.56,0,0,0,0,0,0,951917,899167
865,1140,55832214,56224166,24169,8085,87,8090,0,0,-18,0,-18,1,1,1,960,544.56,960,544.56,0,0,0,0,0,0,960042,904833
866,1141,55191248,54771291,23705,8085,87,8090,0,0,-18,0,-18,1,1,1,960,544.56,960,544.56,0,0,0,0,0,0,1231333,1171583
867,1142,55169332,56931750,23641,8085,87,8090,0,0,-18,0,-18,1,1,1,960,544.56,960,544.56,0,0,0,0,0,0,841000,798542
868,1143,57719834,56281833,23489,8085,87,8090,0,0,-18,0,-18,1,1,1,960,544.56,960,544.56,0,0,0,0,0,0,1011417,958250
869,1144,52081711,53389667,23605,8085,87,8090,0,0,-18,0,-18,1,1,1,960,544.56,960,544.56,0,0,0,0,0,0,826333,777334
870,1145,59167001,57849375,23577,8085,87,8090,0,0,-18,0,-18,1,1,1,960,544.56,960,544.56,0,0,0,0,0,0,962042,914458
871,1146,52819415,54213917,23553,8086,91,8091,0,0,-18,0,-18,1,1,1,960,544.56,960,544.56,0,0,0,0,0,0,826416,784333
872,1147,53796328,52334583,23489,8085,87,8090,0,0,-18,0,-18,1,1,1,960,544.56,960,544.56,0,0,0,0,0,0,813209,763292
873,1148,54483417,55442250,23693,8085,87,8090,0,0,-18,0,-18,1,1,1,960,544.56,960,544.56,0,0,0,0,0,0,886292,841708
874,1149,57399000,55043542,24053,8085,87,8090,0,0,-18,0,-18,1,1,1,960,544.56,960,544.56,0,0,0,0,0,0,968500,916667
875,1150,54018996,56654292,23769,8085,87,8090,0,0,-18,0,-18,1,1,1,960,544.56,960,544.56,0,0,0,0,0,0,1006333,944333
876,1151,58853629,57161834,23577,8085,87,8090,0,0,-18,0,-18,1,1,1,960,544.56,960,544.56,0,0,0,0,0,0,1005125,950792
877,1152,54562997,56347583,23605,8085,87,8090,0,0,-18,0,-18,1,1,1,960,544.56,960,544.56,0,0,0,0,0,0,968166,908583
878,1153,59518545,57825333,23489,8085,87,8090,0,0,-18,0,-18,1,1,1,960,544.56,960,544.56,0,0,0,0,0,0,958959,910708
879,1154,62512502,64053583,23641,8085,87,8090,0,0,-18,0,-18,1,1,1,960,544.56,960,544.56,0,0,0,0,0,0,1200041,1138500
880,1155,55383503,54045417,23489,8085,90,8090,0,0,-18,0,-18,1,1,1,960,544.56,960,544.56,0,0,0,0,0,0,927500,879958
881,1156,54502118,55654875,23605,8085,87,8090,0,0,-18,0,-18,1,1,1,960,544.56,960,544.56,0,0,0,0,0,0,869709,815916
882,1157,55122464,53521708,23577,8085,87,8090,0,0,-18,0,-18,1,1,1,960,544.56,960,544.56,0,0,0,0,0,0,993250,941333
883,1158,55277749,55652125,24117,8085,87,8090,0,0,-18,0,-18,1,1,1,960,544.56,960,544.56,0,0,0,0,0,0,1100333,1045750
884,1159,55513661,55407667,23705,8085,87,8090,0,0,-18,0,-18,1,1,1,960,544.56,960,544.56,0,0,0,0,0,0,1018291,956584
885,1160,55607922,57011750,23693,8085,87,8090,0,0,-18,0,-18,1,1,1,960,544.56,960,544.56,0,0,0,0,0,0,921084,878208
886,1161,57092580,55747417,23489,8086,88,8091,0,0,-18,0,-18,1,1,1,960,544.56,960,544.56,0,0,0,0,0,0,1059125,1003208
887,1162,48612166,49929375,23553,8085,87,8090,0,0,-18,0,-18,1,1,1,960,544.56,960,544.56,0,0,0,0,0,0,849833,801125
888,1163,54074957,52957125,23577,8085,87,8090,0,0,-18,0,-18,1,1,1,960,544.56,960,544.56,0,0,0,0,0,0,824083,781458
889,1164,40580414,41823584,23605,8085,90,8090,0,0,-18,0,-18,1,1,1,960,544.56,960,544.56,0,0,0,0,0,0,712625,677708
890,1165,42522918,42456375,23489,8085,87,8090,0,0,-18,0,-18,1,1,1,960,544.56,960,544.56,0,0,0,0,0,0,679542,638875
891,1166,40244963,39176791,23489,8085,87,8090,0,0,-18,0,-18,1,1,1,960,544.56,960,544.56,0,0,0,0,0,0,697792,661833
892,1167,35230457,36267083,23641,8085,87,8090,0,0,-18,0,-18,1,1,1,960,544.56,960,544.56,0,0,0,0,0,0,714334,683917
893,1168,37668585,36604584,24053,8085,87,8090,0,0,-18,0,-18,1,1,1,960,544.56,960,544.56,0,0,0,0,0,0,642667,596292
894,1169,38713209,38548375,23705,8085,87,8090,0,0,-18,0,-18,1,1,1,960,544.56,960,544.56,0,0,0,0,0,0,682209,650875
895,1170,39432205,40625417,36129,8085,87,8090,0,0,-18,0,-18,1,1,1,960,544.56,960,544.56,0,0,0,0,0,0,685000,650000
896,1171,38263704,38288167,23577,8085,87,8090,0,0,-18,0,-18,1,1,1,960,544.56,960,544.56,0,0,0,0,0,0,714250,673959
897,1172,40440000,39365208,23489,8085,87,8090,0,0,-18,0,-18,1,1,1,960,544.56,960,544.56,0,0,0,0,0,0,719750,678959
898,1173,37948958,38987375,23553,8085,87,8090,0,0,-18,0,-18,1,1,1,960,544.56,960,544.56,0,0,0,0,0,0,603333,573166
899,1174,40341623,40258667,23489,8085,87,8090,0,0,-18,0,-18,1,1,1,960,544.56,960,544.56,0,0,0,0,0,0,698459,661084
900,1175,44930420,43921959,23577,8085,87,8090,0,0,-18,0,-18,1,1,1,960,544.56,960,544.56,0,0,0,0,0,0,810708,768083
901,1176,37886545,38927750,23605,8086,91,8091,0,0,-18,0,-18,1,1,1,960,544.56,960,544.56,0,0,0,0,0,0,647958,617458
902,1177,37764701,37717375,23489,8085,87,8090,0,0,-18,0,-18,1,1,1,960,544.56,960,544.56,0,0,0,0,0,0,612125,580042
903,1178,38673419,37603208,23489,8085,87,8090,0,0,-18,0,-18,1,1,1,960,544.56,960,544.56,0,0,0,0,0,0,648833,612333
904,1179,38121081,39151333,23641,8085,87,8090,0,0,-18,0,-18,1,1,1,960,544.56,960,544.56,0,0,0,0,0,0,718625,683708
905,1180,40733288,40716375,23489,8085,87,8090,0,0,-18,0,-18,1,1,1,960,544.56,960,544.56,0,0,0,0,0,0,702500,662500
906,1181,44526331,42314250,24053,8085,87,8090,0,0,-18,0,-18,1,1,1,960,544.56,960,544.56,0,0,0,0,0,0,725875,681500
907,1182,41064918,43213458,23821,8085,87,8090,0,0,-18,0,-18,1,1,1,960,544.56,960,544.56,0,0,0,0,0,0,768542,731208
908,1183,42283214,42245875,23577,8085,87,8090,0,0,-18,0,-18,1,1,1,960,544.56,960,544.56,0,0,0,0,0,0,683167,648166
909,1184,52292495,50836583,23489,8085,87,8090,0,0,-18,0,-18,1,1,1,960,544.56,960,544.56,0,0,0,0,0,0,851375,800792
910,1185,53659629,55007542,23553,8085,87,8090,0,0,-18,0,-18,1,1,1,960,544.56,960,544.56,0,0,0,0,0,0,781250,738250
911,1186,64546748,62326083,23489,8085,87,8090,0,0,-18,0,-18,1,1,1,960,544.56,960,544.56,0,0,0,0,0,0,936625,882875
912,1187,68174161,70254542,23693,8085,87,8090,0,0,-18,0,-18,1,1,1,960,544.56,960,544.56,0,0,0,0,0,0,1185625,1104958
913,1188,66014088,63950834,23489,8085,90,8090,0,0,-18,0,-18,1,1,1,960,544.56,960,544.56,0,0,0,0,0,0,993083,939042
914,1189,62822453,64458041,23553,8085,87,8090,0,0,-18,0,-18,1,1,1,960,544.56,960,544.56,0,0,0,0,0,0,1038291,981875
915,1190,67584499,64748209,24141,8085,87,8090,0,0,-18,0,-18,1,1,1,960,544.56,960,544.56,0,0,0,0,0,0,1035583,974792
916,1191,54426535,57686500,23821,8086,88,8091,0,0,-18,0,-18,1,1,1,960,544.56,960,544.56,0,0,0,0,0,0,991917,938875
917,1192,52097164,50610708,23489,8085,87,8090,0,0,-18,0,-18,1,1,1,960,544.56,960,544.56,0,0,0,0,0,0,860208,817542
918,1193,49049880,50487000,23641,8085,87,8090,0,0,-18,0,-18,1,1,1,960,544.56,960,544.56,0,0,0,0,0,0,1271500,1207167
919,1194,51833912,50409625,23489,8085,87,8090,0,0,-18,0,-18,1,1,1,960,544.56,960,544.56,0,0,0,0,0,0,844541,800542
920,1195,55364165,56695333,23605,8085,87,8090,0,0,-18,0,-18,1,1,1,960,544.56,960,544.56,0,0,0,0,0,0,958583,911875
921,1196,52071832,50444500,23577,8085,90,8090,0,0,-18,0,-18,1,1,1,960,544.56,960,544.56,0,0,0,0,0,0,875666,824458
922,1197,49679130,51164167,23553,8085,87,8090,0,0,-18,0,-18,1,1,1,960,544.56,960,544.56,0,0,0,0,0,0,892250,846500
923,1198,50318706,48983625,23489,8085,87,8090,0,0,-18,0,-18,1,1,1,960,544.56,960,544.56,0,0,0,0,0,0,888875,844666
924,1199,49662876,49684042,24257,8085,87,8090,0,0,-18,0,-18,1,1,1,960,544.56,960,544.56,0,0,0,0,0,0,863958,801583
925,1200,47073662,48523333,23705,8085,87,8090,0,0,-18,0,-18,1,1,1,960,544.56,960,544.56,0,0,0,0,0,0,810333,755459
926,1201,50851963,49172250,23489,8085,87,8090,0,0,-18,0,-18,1,1,1,960,544.56,960,544.56,0,0,0,0,0,0,785667,737125
927,1202,49299668,50659625,23553,8085,87,8090,0,0,-18,0,-18,1,1,1,960,544.56,960,544.56,0,0,0,0,0,0,956875,907416
928,1203,51680456,50297833,23577,8085,87,8090,0,0,-18,0,-18,1,1,1,960,544.56,960,544.56,0,0,0,0,0,0,854208,811667
929,1204,48796918,50265541,23605,8085,87,8090,0,0,-18,0,-18,1,1,1,960,544.56,960,544.56,0,0,0,0,0,0,815792,770083
930,1205,54683580,53266875,23489,8085,87,8090,0,0,-18,0,-18,1,1,1,960,544.56,960,544.56,0,0,0,0,0,0,880084,827459
931,1206,48029754,49504708,23641,8086,91,8091,0,0,-18,0,-18,1,1,1,960,544.56,960,544.56,0,0,0,0,0,0,800792,757417
932,1207,50135783,50068416,23489,8085,87,8090,0,0,-18,0,-18,1,1,1,960,544.56,960,544.56,0,0,0,0,0,0,964959,911875
933,1208,52509211,51054833,23541,8085,87,8090,0,0,-18,0,-18,1,1,1,960,544.56,960,544.56,0,0,0,0,0,0,884833,838042
934,1209,50273496,50162958,24205,8085,87,8090,0,0,-18,0,-18,1,1,1,960,544.56,960,544.56,0,0,0,0,0,0,838834,796167
935,1210,48061456,49623417,23705,8085,87,8090,0,0,-18,0,-18,1,1,1,960,544.56,960,544.56,0,0,0,0,0,0,799750,757583
936,1211,51076333,49605500,23489,8085,87,8090,0,0,-18,0,-18,1,1,1,960,544.56,960,544.56,0,0,0,0,0,0,817375,769000
937,1212,46861961,48286708,23605,8085,87,8090,0,0,-18,0,-18,1,1,1,960,544.56,960,544.56,0,0,0,0,0,0,842958,800542
938,1213,43718248,43735209,23577,8085,87,8090,0,0,-18,0,-18,1,1,1,960,544.56,960,544.56,0,0,0,0,0,0,714125,678542
939,1214,43585672,42339917,23489,8085,87,8090,0,0,-18,0,-18,1,1,1,960,544.56,960,544.56,0,0,0,0,0,0,847458,808125
940,1215,44514831,45704000,23553,8085,87,8090,0,0,-18,0,-18,1,1,1,960,544.56,960,544.56,0,0,0,0,0,0,767541,729042
941,1216,42411793,42375083,23489,8085,90,8090,0,0,-18,0,-18,1,1,1,960,544.56,960,544.56,0,0,0,0,0,0,704250,668500
942,1217,38158625,37126500,23629,8085,87,8090,0,0,-18,0,-18,1,1,1,960,544.56,960,544.56,0,0,0,0,0,0,716791,676916
943,1218,37031166,38118584,23553,8085,87,8090,0,0,-18,0,-18,1,1,1,960,544.56,960,544.56,0,0,0,0,0,0,637042,605500
944,1219,36018416,35981834,23489,8085,87,8090,0,0,-18,0,-18,1,1,1,960,544.56,960,544.56,0,0,0,0,0,0,673417,641333
945,1220,39308544,38037166,23489,8085,87,8090,0,0,-18,0,-18,1,1,1,960,544.56,960,544.56,0,0,0,0,0,0,644041,605917
946,1221,38849290,38995334,24205,8086,88,8091,0,0,-18,0,-18,1,1,1,960,544.56,960,544.56,0,0,0,0,0,0,686083,645000
947,1222,36637917,37709959,23705,8085,87,8090,0,0,-18,0,-18,1,1,1,960,544.56,960,544.56,0,0,0,0,0,0,659708,629292
948,1223,38491666,37413750,23541,8085,87,8090,0,0,-18,0,-18,1,1,1,960,544.56,960,544.56,0,0,0,0,0,0,621250,586458
949,1224,38495704,39506708,23553,8085,87,8090,0,0,-18,0,-18,1,1,1,960,544.56,960,544.56,0,0,0,0,0,0,622417,591792
950,1225,38788337,38808084,23577,8085,87,8090,0,0,-18,0,-18,1,1,1,960,544.56,960,544.56,0,0,0,0,0,0,810208,778916
951,1226,40372993,39327834,23489,8085,87,8090,0,0,-18,0,-18,1,1,1,960,544.56,960,544.56,0,0,0,0,0,0,687416,649584
952,1227,38996584,40010625,23553,8085,87,8090,0,0,-18,0,-18,1,1,1,960,544.56,960,544.56,0,0,0,0,0,0,632834,602750
953,1228,46470295,46378083,23489,8085,87,8090,0,0,-18,0,-18,1,1,1,960,544.56,960,544.56,0,0,0,0,0,0,761750,721500
954,1229,43324042,42118042,23629,8085,90,8090,0,0,-18,0,-18,1,1,1,960,544.56,960,544.56,0,0,0,0,0,0,715209,670625
955,1230,41544750,42769709,23553,8085,87,8090,0,0,-18,0,-18,1,1,1,960,544.56,960,544.56,0,0,0,0,0,0,943416,905500
956,1231,50253577,50182750,23489,8085,87,8090,0,0,-18,0,-18,1,1,1,960,544.56,960,544.56,0,0,0,0,0,0,813209,769333
957,1232,52972085,51103417,23489,8085,87,8090,0,0,-18,0,-18,1,1,1,960,544.56,960,544.56,0,0,0,0,0,0,996750,948791
958,1233,60925785,60784083,24205,8085,87,8090,0,0,-18,0,-18,1,1,1,960,544.56,960,544.56,0,0,0,0,0,0,799250,756625
959,1234,62315333,62351084,23757,8085,87,8090,0,0,-18,0,-18,1,1,1,960,544.56,960,544.56,0,0,0,0,0,0,971083,919208
960,1235,62062416,63698667,23553,8085,87,8090,0,0,-18,0,-18,1,1,1,960,544.56,960,544.56,0,0,0,0,0,0,1016083,944542
961,1236,60560382,58933000,23577,8086,88,8091,0,0,-18,0,-18,1,1,1,960,544.56,960,544.56,0,0,0,0,0,0,1049750,994917
962,1237,61680831,63455250,23553,8085,87,8090,0,0,-18,0,-18,1,1,1,960,544.56,960,544.56,0,0,0,0,0,0,955584,902625
963,1238,54660040,53214167,23541,8085,90,8090,0,0,-18,0,-18,1,1,1,960,544.56,960,544.56,0,0,0,0,0,0,837167,788708
964,1239,49771081,51176458,23641,8085,87,8090,0,0,-18,0,-18,1,1,1,960,544.56,960,544.56,0,0,0,0,0,0,1077459,1034084
965,1240,55287413,53618166,23489,8085,87,8090,0,0,-18,0,-18,1,1,1,960,544.56,960,544.56,0,0,0,0,0,0,948667,905292
966,1241,50883211,50744458,23915,8085,87,8090,0,0,-18,0,-18,1,1,1,960,544.56,960,544.56,0,0,0,0,0,0,858917,811917
967,1242,51228415,51384125,24047,8085,87,8090,0,0,-18,0,-18,1,1,1,960,544.56,960,544.56,0,0,0,0,0,0,916917,869750
968,1243,54835084,56312375,23553,8085,87,8090,0,0,-18,0,-18,1,1,1,960,544.56,960,544.56,0,0,0,0,0,0,839500,795917
969,1244,57059869,55631917,23489,8085,87,8090,0,0,-18,0,-18,1,1,1,960,544.56,960,544.56,0,0,0,0,0,0,960666,900584
970,1245,51054712,52537667,23641,8085,87,8090,0,0,-18,0,-18,1,1,1,960,544.56,960,544.56,0,0,0,0,0,0,1024791,970292
971,1246,53210537,51608666,23541,8085,87,8090,0,0,-18,0,-18,1,1,1,960,544.56,960,544.56,0,0,0,0,0,0,809292,767000
972,1247,53657002,55139625,23553,8085,87,8090,0,0,-18,0,-18,1,1,1,960,544.56,960,544.56,0,0,0,0,0,0,851375,796834
973,1248,54815709,53350291,23577,8085,90,8090,0,0,-18,0,-18,1,1,1,960,544.56,960,544.56,0,0,0,0,0,0,994166,950959
974,1249,51576331,53006792,23553,8085,87,8090,0,0,-18,0,-18,1,1,1,960,544.56,960,544.56,0,0,0,0,0,0,806209,764750
975,1250,53946834,51716292,23541,8085,87,8090,0,0,-18,0,-18,1,1,1,960,544.56,960,544.56,0,0,0,0,0,0,959250,911666
976,1251,51952295,52486625,24205,8086,88,8091,0,0,-18,0,-18,1,1,1,960,544.56,960,544.56,0,0,0,0,0,0,944375,893500
977,1252,53188499,53463208,23705,8085,87,8090,0,0,-18,0,-18,1,1,1,960,544.56,960,544.56,0,0,0,0,0,0,791958,749416
978,1253,56171037,57490042,23553,8085,87,8090,0,0,-18,0,-18,1,1,1,960,544.56,960,544.56,0,0,0,0,0,0,1019250,958666
979,1254,51132880,49800709,23629,8085,87,8090,0,0,-18,0,-18,1,1,1,960,544.56,960,544.56,0,0,0,0,0,0,792250,749958
980,1255,50464957,51817625,23553,8085,87,8090,0,0,-18,0,-18,1,1,1,960,544.56,960,544.56,0,0,0,0,0,0,1198667,1146750
981,1256,54500121,53009916,23489,8085,87,8090,0,0,-18,0,-18,1,1,1,960,544.56,960,544.56,0,0,0,0,0,0,863041,811500
982,1257,48156335,49646625,23641,8085,90,8090,0,0,-18,0,-18,1,1,1,960,544.56,960,544.56,0,0,0,0,0,0,778125,736125
983,1258,43945543,43798750,23541,8085,87,8090,0,0,-18,0,-18,1,1,1,960,544.56,960,544.56,0,0,0,0,0,0,708041,671000
984,1259,42959794,41659000,23489,8085,87,8090,0,0,-18,0,-18,1,1,1,960,544.56,960,544.56,0,0,0,0,0,0,688625,647875
985,1260,41778832,43091167,23553,8085,87,8090,0,0,-18,0,-18,1,1,1,960,544.56,960,544.56,0,0,0,0,0,0,728042,690667
986,1261,43192453,42022000,24141,8085,87,8090,0,0,-18,0,-18,1,1,1,960,544.56,960,544.56,0,0,0,0,0,0,718708,682750
987,1262,47369338,46628375,23705,8085,87,8090,0,0,-18,0,-18,1,1,1,960,544.56,960,544.56,0,0,0,0,0,0,781959,735500
988,1263,49236286,50921708,23605,8085,87,8090,0,0,-18,0,-18,1,1,1,960,544.56,960,544.56,0,0,0,0,0,0,812875,770583
989,1264,52146542,50620416,23489,8085,87,8090,0,0,-18,0,-18,1,1,1,960,544.56,960,544.56,0,0,0,0,0,0,780291,731917
990,1265,56964915,58358291,23641,8085,87,8090,0,0,-18,0,-18,1,1,1,960,544.56,960,544.56,0,0,0,0,0,0,835167,785583
991,1266,66536039,64833333,23489,8086,88,8091,0,0,-18,0,-18,1,1,1,960,544.56,960,544.56,0,0,0,0,0,0,1179250,1121833
992,1267,57414378,59136167,23605,8085,90,8090,0,0,-18,0,-18,1,1,1,960,544.56,960,544.56,0,0,0,0,0,0,1010959,958667
993,1268,55106498,53793959,23577,8085,87,8090,0,0,-18,0,-18,1,1,1,960,544.56,960,544.56,0,0,0,0,0,0,856708,785042
994,1269,51793210,53174875,23553,8085,87,8090,0,0,-18,0,-18,1,1,1,960,544.56,960,544.56,0,0,0,0,0,0,839667,795375
995,1270,56779164,53877000,24053,8085,87,8090,0,0,-18,0,-18,1,1,1,960,544.56,960,544.56,0,0,0,0,0,0,798958,749333
996,1271,48290498,51174667,23909,8085,87,8090,0,0,-18,0,-18,1,1,1,960,544.56,960,544.56,0,0,0,0,0,0,894834,840375
997,1272,54690666,53269084,23489,8085,87,8090,0,0,-18,0,-18,1,1,1,960,544.56,960,544.56,0,0,0,0,0,0,856750,813583
998,1273,52686125,54008000,23553,8085,87,8090,0,0,-18,0,-18,1,1,1,960,544.56,960,544.56,0,0,0,0,0,0,940500,897583
999,1274,58390829,56582500,23577,8085,87,8090,0,0,-18,0,-18,1,1,1,960,544.56,960,544.56,0,0,0,0,0,0,865458,811334
1000,1275,62371961,64121917,23605,8085,87,8090,0,0,-18,0,-18,1,1,1,960,544.56,960,544.56,0,0,0,0,0,0,1063625,1006625
1001,1276,59812501,58186959,23489,8085,90,8090,0,0,-18,0,-18,1,1,1,960,544.56,960,544.56,0,0,0,0,0,0,1020375,967375
1002,1277,56582164,58227167,23641,8085,87,8090,0,0,-18,0,-18,1,1,1,960,544.56,960,544.56,0,0,0,0,0,0,960917,902375
1003,1278,54600212,52666167,23489,8085,87,8090,0,0,-18,0,-18,1,1,1,960,544.56,960,544.56,0,0,0,0,0,0,844833,790541
1004,1279,57946585,58261333,24169,8085,87,8090,0,0,-18,0,-18,1,1,1,960,544.56,960,544.56,0,0,0,0,0,0,958292,906041
1005,1280,55352460,55465542,23793,8085,87,8090,0,0,-18,0,-18,1,1,1,960,544.56,960,544.56,0,0,0,0,0,0,842000,794542
1006,1281,52969373,54354000,23553,8086,88,8091,0,0,-18,0,-18,1,1,1,960,544.56,960,544.56,0,0,0,0,0,0,878166,833041
1007,1282,56098498,54351416,23489,8085,87,8090,0,0,-18,0,-18,1,1,1,960,544.56,960,544.56,0,0,0,0,0,0,997709,945375
1008,1283,48160459,49938709,23693,8085,87,8090,0,0,-18,0,-18,1,1,1,960,544.56,960,544.56,0,0,0,0,0,0,853000,802667
1009,1284,54775290,53293000,23489,8085,87,8090,0,0,-18,0,-18,1,1,1,960,544.56,960,544.56,0,0,0,0,0,0,940458,892084
1010,1285,42140752,43607875,23553,8085,90,8090,0,0,-18,0,-18,1,1,1,960,544.56,960,544.56,0,0,0,0,0,0,839667,795958
1011,1286,41697669,41586334,23489,8085,87,8090,0,0,-18,0,-18,1,1,1,960,544.56,960,544.56,0,0,0,0,0,0,726875,687750
1012,1287,41131414,40148458,23577,8085,87,8090,0,0,-18,0,-18,1,1,1,960,544.56,960,544.56,0,0,0,0,0,0,688833,652334
1013,1288,36508623,37571541,23605,8085,87,8090,0,0,-18,0,-18,1,1,1,960,544.56,960,544.56,0,0,0,0,0,0,646417,615417
1014,1289,36304380,36332208,23489,8085,87,8090,0,0,-18,0,-18,1,1,1,960,544.56,960,544.56,0,0,0,0,0,0,650125,611459
1015,1290,38289625,36225500,24053,8085,87,8090,0,0,-18,0,-18,1,1,1,960,544.56,960,544.56,0,0,0,0,0,0,656708,623958
1016,1291,34276664,36239917,23857,8085,87,8090,0,0,-18,0,-18,1,1,1,960,544.56,960,544.56,0,0,0,0,0,0,639792,606000
1017,1292,38744039,38754042,23489,8085,87,8090,0,0,-18,0,-18,1,1,1,960,544.56,960,544.56,0,0,0,0,0,0,614250,577542
1018,1293,38806334,37668208,23489,8085,87,8090,0,0,-18,0,-18,1,1,1,960,544.56,960,544.56,0,0,0,0,0,0,642791,609625
1019,1294,37991624,39069209,23605,8085,87,8090,0,0,-18,0,-18,1,1,1,960,544.56,960,544.56,0,0,0,0,0,0,626000,594709
1020,1295,39418246,39338417,23489,8085,87,8090,0,0,-18,0,-18,1,1,1,960,544.56,960,544.56,0,0,0,0,0,0,652667,610708
1021,1296,42332541,40873541,23577,8086,88,8091,0,0,-18,0,-18,1,1,1,960,544.56,960,544.56,0,0,0,0,0,0,732167,690917
1022,1297,46942502,48302334,23553,8085,87,8090,0,0,-18,0,-18,1,1,1,960,544.56,960,544.56,0,0,0,0,0,0,789666,752584
1023,1298,42756874,42831208,23489,8085,90,8090,0,0,-18,0,-18,1,1,1,960,544.56,960,544.56,0,0,0,0,0,0,726417,682042
1024,1299,48896253,47084084,23541,8085,87,8090,0,0,-18,0,-18,1,1,1,960,544.56,960,544.56,0,0,0,0,0,0,682084,647334
1025,1300,48659205,50334583,23641,8085,87,8090,0,0,-18,0,-18,1,1,1,960,544.56,960,544.56,0,0,0,0,0,0,817250,775584
1026,1301,62278918,58859666,23851,8085,87,8090,0,0,-18,0,-18,1,1,1,960,544.56,960,544.56,0,0,0,0,0,0,822750,751459
1027,1302,59874836,63150375,23971,8085,87,8090,0,0,-18,0,-18,1,1,1,960,544.56,960,544.56,0,0,0,0,0,0,984625,933541
1028,1303,66252708,64537917,23629,8085,87,8090,0,0,-18,0,-18,1,1,1,960,544.56,960,544.56,0,0,0,0,0,0,1069667,1015375
1029,1304,59401877,61191916,23553,8085,87,8090,0,0,-18,0,-18,1,1,1,960,544.56,960,544.56,0,0,0,0,0,0,1266958,1192750
1030,1305,57051911,55594125,23489,8085,87,8090,0,0,-18,0,-18,1,1,1,960,544.56,960,544.56,0,0,0,0,0,0,819458,773208
1031,1306,57785663,59137375,23641,8085,87,8090,0,0,-18,0,-18,1,1,1,960,544.56,960,544.56,0,0,0,0,0,0,894750,852792
1032,1307,51718834,50129584,23541,8085,90,8090,0,0,-18,0,-18,1,1,1,960,544.56,960,544.56,0,0,0,0,0,0,884750,835500
1033,1308,48438124,49989250,23553,8085,87,8090,0,0,-18,0,-18,1,1,1,960,544.56,960,544.56,0,0,0,0,0,0,880583,835500
1034,1309,51774375,50332000,23577,8085,87,8090,0,0,-18,0,-18,1,1,1,960,544.56,960,544.56,0,0,0,0,0,0,933958,888375
1035,1310,50409708,50418458,24117,8085,87,8090,0,0,-18,0,-18,1,1,1,960,544.56,960,544.56,0,0,0,0,0,0,850583,801083
1036,1311,51589000,51251458,23757,8086,88,8091,0,0,-18,0,-18,1,1,1,960,544.56,960,544.56,0,0,0,0,0,0,936000,887209
1037,1312,48512499,50266167,23641,8085,87,8090,0,0,-18,0,-18,1,1,1,960,544.56,960,544.56,0,0,0,0,0,0,814083,772250
1038,1313,52117452,50597792,23489,8085,87,8090,0,0,-18,0,-18,1,1,1,960,544.56,960,544.56,0,0,0,0,0,0,832042,779250
1039,1314,48008084,49407958,23553,8085,87,8090,0,0,-18,0,-18,1,1,1,960,544.56,960,544.56,0,0,0,0,0,0,815584,772959
1040,1315,50371669,50349542,23541,8085,87,8090,0,0,-18,0,-18,1,1,1,960,544.56,960,544.56,0,0,0,0,0,0,849209,803666
1041,1316,55656038,54331125,23577,8085,87,8090,0,0,-18,0,-18,1,1,1,960,544.56,960,544.56,0,0,0,0,0,0,855625,806333
1042,1317,48982709,50371917,23553,8085,90,8090,0,0,-18,0,-18,1,1,1,960,544.56,960,544.56,0,0,0,0,0,0,823625,780458
1043,1318,51310706,49841208,23489,8085,87,8090,0,0,-18,0,-18,1,1,1,960,544.56,960,544.56,0,0,0,0,0,0,802208,761041
1044,1319,48528961,49923125,23693,8085,87,8090,0,0,-18,0,-18,1,1,1,960,544.56,960,544.56,0,0,0,0,0,0,943292,892417
1045,1320,53268875,50727375,24053,8085,87,8090,0,0,-18,0,-18,1,1,1,960,544.56,960,544.56,0,0,0,0,0,0,816750,775125
1046,1321,48972539,51413708,23769,8085,87,8090,0,0,-18,0,-18,1,1,1,960,544.56,960,544.56,0,0,0,0,0,0,772167,730167
1047,1322,52372582,50658750,23577,8085,87,8090,0,0,-18,0,-18,1,1,1,960,544.56,960,544.56,0,0,0,0,0,0,936667,869333
1048,1323,54372206,56120250,23605,8085,87,8090,0,0,-18,0,-18,1,1,1,960,544.56,960,544.56,0,0,0,0,0,0,780125,738541
1049,1324,56705705,55249334,23489,8085,87,8090,0,0,-18,0,-18,1,1,1,960,544.56,960,544.56,0,0,0,0,0,0,786583,745167
1050,1325,57754378,59172333,23641,8085,87,8090,0,0,-18,0,-18,1,1,1,960,544.56,960,544.56,0,0,0,0,0,0,1037083,976084
1051,1326,51019791,49670792,23489,8086,91,8091,0,0,-18,0,-18,1,1,1,960,544.56,960,544.56,0,0,0,0,0,0,828042,786583
1052,1327,46558998,47859958,23605,8085,87,8090,0,0,-18,0,-18,1,1,1,960,544.56,960,544.56,0,0,0,0,0,0,826458,786208
1053,1328,41532915,41607459,23577,8085,87,8090,0,0,-18,0,-18,1,1,1,960,544.56,960,544.56,0,0,0,0,0,0,731292,692333
1054,1329,42918536,41580083,23489,8085,87,8090,0,0,-18,0,-18,1,1,1,960,544.56,960,544.56,0,0,0,0,0,0,696292,661583
1055,1330,38633171,38811041,24117,8085,87,8090,0,0,-18,0,-18,1,1,1,960,544.56,960,544.56,0,0,0,0,0,0,702125,664083
1056,1331,35365708,36395500,23705,8085,87,8090,0,0,-18,0,-18,1,1,1,960,544.56,960,544.56,0,0,0,0,0,0,642333,603541
1057,1332,38348745,37349000,23629,8085,87,8090,0,0,-18,0,-18,1,1,1,960,544.56,960,544.56,0,0,0,0,0,0,667292,635625
1058,1333,38788668,39500167,23553,8085,87,8090,0,0,-18,0,-18,1,1,1,960,544.56,960,544.56,0,0,0,0,0,0,683375,647667
1059,1334,42767912,43035458,23489,8085,87,8090,0,0,-18,0,-18,1,1,1,960,544.56,960,544.56,0,0,0,0,0,0,846833,795583
1060,1335,44639419,43295458,23489,8085,87,8090,0,0,-18,0,-18,1,1,1,960,544.56,960,544.56,0,0,0,0,0,0,717750,680916
1061,1336,40974788,42274583,23641,8085,87,8090,0,0,-18,0,-18,1,1,1,960,544.56,960,544.56,0,0,0,0,0,0,924459,882375
1062,1337,53591255,53498000,23541,8085,87,8090,0,0,-18,0,-18,1,1,1,960,544.56,960,544.56,0,0,0,0,0,0,920958,860125
1063,1338,59371039,56924333,23489,8085,90,8090,0,0,-18,0,-18,1,1,1,960,544.56,960,544.56,0,0,0,0,0,0,856458,806125
1064,1339,60652330,62963667,23641,8085,87,8090,0,0,-18,0,-18,1,1,1,960,544.56,960,544.56,0,0,0,0,0,0,999667,948500
1065,1340,65155208,63083875,23489,8085,87,8090,0,0,-18,0,-18,1,1,1,960,544.56,960,544.56,0,0,0,0,0,0,968500,903750
1066,1341,62832131,62949250,24169,8086,88,8091,0,0,-18,0,-18,1,1,1,960,544.56,960,544.56,0,0,0,0,0,0,1006000,953833
1067,1342,64360246,64523292,23793,8085,87,8090,0,0,-18,0,-18,1,1,1,960,544.56,960,544.56,0,0,0,0,0,0,947500,890500
1068,1343,56704498,58486458,23553,8085,87,8090,0,0,-18,0,-18,1,1,1,960,544.56,960,544.56,0,0,0,0,0,0,1172000,1094959
1069,1344,52017375,50479541,23489,8085,87,8090,0,0,-18,0,-18,1,1,1,960,544.56,960,544.56,0,0,0,0,0,0,874458,831292
1070,1345,54479919,55957583,23693,8085,87,8090,0,0,-18,0,-18,1,1,1,960,544.56,960,544.56,0,0,0,0,0,0,868708,823250
1071,1346,52256796,50764625,23489,8085,90,8090,0,0,-18,0,-18,1,1,1,960,544.56,960,544.56,0,0,0,0,0,0,827416,774917
1072,1347,49110826,50496458,23553,8085,87,8090,0,0,-18,0,-18,1,1,1,960,544.56,960,544.56,0,0,0,0,0,0,826875,784916
1073,1348,51919423,50611125,23577,8085,87,8090,0,0,-18,0,-18,1,1,1,960,544.56,960,544.56,0,0,0,0,0,0,835458,792500
1074,1349,49002621,50367000,23605,8085,87,8090,0,0,-18,0,-18,1,1,1,960,544.56,960,544.56,0,0,0,0,0,0,1003083,954541
1075,1350,54090626,51359083,24053,8085,87,8090,0,0,-18,0,-18,1,1,1,960,544.56,960,544.56,0,0,0,0,0,0,810209,769042
1076,1351,48628371,51033375,23857,8085,87,8090,0,0,-18,0,-18,1,1,1,960,544.56,960,544.56,0,0,0,0,0,0,889833,844625
1077,1352,52477460,50837375,23489,8085,87,8090,0,0,-18,0,-18,1,1,1,960,544.56,960,544.56,0,0,0,0,0,0,826250,777625
1078,1353,51369629,53111125,23605,8085,87,8090,0,0,-18,0,-18,1,1,1,960,544.56,960,544.56,0,0,0,0,0,0,816166,774583
1079,1354,65542452,63458708,23577,8085,87,8090,0,0,-18,0,-18,1,1,1,960,544.56,960,544.56,0,0,0,0,0,0,960667,897584
1080,1355,68409547,70563167,23553,8085,87,8090,0,0,-18,0,-18,1,1,1,960,544.56,960,544.56,0,0,0,0,0,0,1069084,1005125
1081,1356,53599454,52042541,23489,8086,91,8091,0,0,-18,0,-18,1,1,1,960,544.56,960,544.56,0,0,0,0,0,0,915750,872292
1082,1357,48154294,49688875,23693,8085,87,8090,0,0,-18,0,-18,1,1,1,960,544.56,960,544.56,0,0,0,0,0,0,824250,782041
1083,1358,46788748,46764708,23489,8085,87,8090,0,0,-18,0,-18,1,1,1,960,544.56,960,544.56,0,0,0,0,0,0,844917,785791
1084,1359,43564461,41480041,24053,8085,87,8090,0,0,-18,0,-18,1,1,1,960,544.56,960,544.56,0,0,0,0,0,0,723292,687750
1085,1360,39047788,41110542,23769,8085,87,8090,0,0,-18,0,-18,1,1,1,960,544.56,960,544.56,0,0,0,0,0,0,684125,648458
1086,1361,36444254,36507834,23577,8085,87,8090,0,0,-18,0,-18,1,1,1,960,544.56,960,544.56,0,0,0,0,0,0,657666,608250
1087,1362,37489958,36349750,23541,8085,87,8090,0,0,-18,0,-18,1,1,1,960,544.56,960,544.56,0,0,0,0,0,0,639917,600875
1088,1363,34895792,35991166,23553,8085,87,8090,0,0,-18,0,-18,1,1,1,960,544.56,960,544.56,0,0,0,0,0,0,656542,625250
1089,1364,37760082,37734542,23489,8085,87,8090,0,0,-18,0,-18,1,1,1,960,544.56,960,544.56,0,0,0,0,0,0,614417,575000
1090,1365,38448873,37343084,23489,8085,87,8090,0,0,-18,0,-18,1,1,1,960,544.56,960,544.56,0,0,0,0,0,0,632334,600792
1091,1366,42336374,43390334,23641,8085,87,8090,0,0,-18,0,-18,1,1,1,960,544.56,960,544.56,0,0,0,0,0,0,780042,742792
1092,1367,38874376,38872958,23489,8085,90,8090,0,0,-18,0,-18,1,1,1,960,544.56,960,544.56,0,0,0,0,0,0,716000,674084
1093,1368,38160081,37093458,23541,8085,87,8090,0,0,-18,0,-18,1,1,1,960,544.56,960,544.56,0,0,0,0,0,0,634333,602208
1094,1369,36296039,37276042,23553,8085,87,8090,0,0,-18,0,-18,1,1,1,960,544.56,960,544.56,0,0,0,0,0,0,636666,606625
1095,1370,40554463,40603167,23577,8085,87,8090,0,0,-18,0,-18,1,1,1,960,544.56,960,544.56,0,0,0,0,0,0,722709,676833
1096,1371,40140248,39074458,23489,8086,88,8091,0,0,-18,0,-18,1,1,1,960,544.56,960,544.56,0,0,0,0,0,0,751167,719333
1097,1372,37303663,37236042,24117,8085,87,8090,0,0,-18,0,-18,1,1,1,960,544.56,960,544.56,0,0,0,0,0,0,662875,631084
1098,1373,38988918,39974625,23705,8085,87,8090,0,0,-18,0,-18,1,1,1,960,544.56,960,544.56,0,0,0,0,0,0,694250,659125
1099,1374,42301248,41195667,23629,8085,87,8090,0,0,-18,0,-18,1,1,1,960,544.56,960,544.56,0,0,0,0,0,0,737000,702458
1100,1375,39814751,40960584,23553,8085,87,8090,0,0,-18,0,-18,1,1,1,960,544.56,960,544.56,0,0,0,0,0,0,837083,777334
1101,1376,42105916,42031500,23489,8085,87,8090,0,0,-18,0,-18,1,1,1,960,544.56,960,544.56,0,0,0,0,0,0,894500,847875
1102,1377,44055122,42709375,23489,8085,87,8090,0,0,-18,0,-18,1,1,1,960,544.56,960,544.56,0,0,0,0,0,0,747750,712250
1103,1378,48553328,49835625,23641,8085,87,8090,0,0,-18,0,-18,1,1,1,960,544.56,960,544.56,0,0,0,0,0,0,859584,813292
1104,1379,57911004,56147209,23541,8085,87,8090,0,0,-18,0,-18,1,1,1,960,544.56,960,544.56,0,0,0,0,0,0,924500,873625
1105,1380,61367955,62874750,23755,8085,90,8090,0,0,-18,0,-18,1,1,1,960,544.56,960,544.56,0,0,0,0,0,0,1032791,973500
1106,1381,65080210,63341166,23577,8085,87,8090,0,0,-18,0,-18,1,1,1,960,544.56,960,544.56,0,0,0,0,0,0,1026458,959542
1107,1382,63066959,63101917,24117,8085,87,8090,0,0,-18,0,-18,1,1,1,960,544.56,960,544.56,0,0,0,0,0,0,1221917,1146625
1108,1383,62930166,62763584,23757,8085,87,8090,0,0,-18,0,-18,1,1,1,960,544.56,960,544.56,0,0,0,0,0,0,1156459,1102667
1109,1384,56259255,58236833,23641,8085,87,8090,0,0,-18,0,-18,1,1,1,960,544.56,960,544.56,0,0,0,0,0,0,974417,922541
1110,1385,52869081,51117208,23489,8085,87,8090,0,0,-18,0,-18,1,1,1,960,544.56,960,544.56,0,0,0,0,0,0,786583,737167
1111,1386,50192043,51599916,23553,8086,88,8091,0,0,-18,0,-18,1,1,1,960,544.56,960,544.56,0,0,0,0,0,0,819167,766542
1112,1387,56827373,55505125,23629,8085,87,8090,0,0,-18,0,-18,1,1,1,960,544.56,960,544.56,0,0,0,0,0,0,1043333,992000
1113,1388,48647038,50210750,23553,8085,90,8090,0,0,-18,0,-18,1,1,1,960,544.56,960,544.56,0,0,0,0,0,0,868291,819583
1114,1389,49681045,49621459,23489,8085,87,8090,0,0,-18,0,-18,1,1,1,960,544.56,960,544.56,0,0,0,0,0,0,866958,793083
1115,1390,55716667,54097125,23577,8085,87,8090,0,0,-18,0,-18,1,1,1,960,544.56,960,544.56,0,0,0,0,0,0,1036583,992250
1116,1391,50899375,52491500,23605,8085,87,8090,0,0,-18,0,-18,1,1,1,960,544.56,960,544.56,0,0,0,0,0,0,834208,785291
1117,1392,54065831,51489166,24053,8085,87,8090,0,0,-18,0,-18,1,1,1,960,544.56,960,544.56,0,0,0,0,0,0,918875,876459
1118,1393,52115086,54271083,23857,8085,87,8090,0,0,-18,0,-18,1,1,1,960,544.56,960,544.56,0,0,0,0,0,0,964541,918042
1119,1394,53337663,52216791,23489,8085,87,8090,0,0,-18,0,-18,1,1,1,960,544.56,960,544.56,0,0,0,0,0,0,811667,762542
1120,1395,50633247,52026375,23605,8085,87,8090,0,0,-18,0,-18,1,1,1,960,544.56,960,544.56,0,0,0,0,0,0,853500,810459
1121,1396,51883459,50482417,23577,8085,87,8090,0,0,-18,0,-18,1,1,1,960,544.56,960,544.56,0,0,0,0,0,0,954875,896500
1122,1397,60295790,61743292,23851,8085,87,8090,0,0,-18,0,-18,1,1,1,960,544.56,960,544.56,0,0,0,0,0,0,1424458,1309375
1123,1398,53415708,51837167,23489,8085,90,8090,0,0,-18,0,-18,1,1,1,960,544.56,960,544.56,0,0,0,0,0,0,774542,732375
1124,1399,48256497,49785084,23693,8085,87,8090,0,0,-18,0,-18,1,1,1,960,544.56,960,544.56,0,0,0,0,0,0,889583,824333
1125,1400,50065666,50058916,23489,8085,87,8090,0,0,-18,0,-18,1,1,1,960,544.56,960,544.56,0,0,0,0,0,0,828917,782917
1126,1401,51530379,48988583,24053,8086,88,8091,0,0,-18,0,-18,1,1,1,960,544.56,960,544.56,0,0,0,0,0,0,981625,932917
1127,1402,46248123,48708750,23769,8085,87,8090,0,0,-18,0,-18,1,1,1,960,544.56,960,544.56,0,0,0,0,0,0,782083,739500
1128,1403,41384708,41465584,23577,8085,87,8090,0,0,-18,0,-18,1,1,1,960,544.56,960,544.56,0,0,0,0,0,0,739083,682834
1129,1404,42557165,41227125,23541,8085,87,8090,0,0,-18,0,-18,1,1,1,960,544.56,960,544.56,0,0,0,0,0,0,734417,697541
1130,1405,40167879,41454750,23553,8085,87,8090,0,0,-18,0,-18,1,1,1,960,544.56,960,544.56,0,0,0,0,0,0,700666,665250
1131,1406,40279831,40231959,23489,8085,87,8090,0,0,-18,0,-18,1,1,1,960,544.56,960,544.56,0,0,0,0,0,0,700500,661291
1132,1407,40509793,39430875,23577,8085,87,8090,0,0,-18,0,-18,1,1,1,960,544.56,960,544.56,0,0,0,0,0,0,715166,680583
1133,1408,34847039,35934583,23553,8085,90,8090,0,0,-18,0,-18,1,1,1,960,544.56,960,544.56,0,0,0,0,0,0,623167,591375
1134,1409,37603087,37576958,23489,8085,87,8090,0,0,-18,0,-18,1,1,1,960,544.56,960,544.56,0,0,0,0,0,0,653959,617083
1135,1410,38353245,37036250,23541,8085,87,8090,0,0,-18,0,-18,1,1,1,960,544.56,960,544.56,0,0,0,0,0,0,676458,640625
1136,1411,37380583,38695959,23641,8085,87,8090,0,0,-18,0,-18,1,1,1,960,544.56,960,544.56,0,0,0,0,0,0,725041,689875
1137,1412,37926211,37902167,23489,8085,87,8090,0,0,-18,0,-18,1,1,1,960,544.56,960,544.56,0,0,0,0,0,0,638709,596875
1138,1413,40250621,39176750,23489,8085,87,8090,0,0,-18,0,-18,1,1,1,960,544.56,960,544.56,0,0,0,0,0,0,651625,620375
1139,1414,37284538,37157875,24117,8085,87,8090,0,0,-18,0,-18,1,1,1,960,544.56,960,544.56,0,0,0,0,0,0,654833,624209
1140,1415,38228381,39325500,23793,8085,87,8090,0,0,-18,0,-18,1,1,1,960,544.56,960,544.56,0,0,0,0,0,0,621416,586875
1141,1416,43111160,41729208,33550,8086,88,8091,0,0,-18,0,-18,1,1,1,960,544.56,960,544.56,0,0,0,0,0,0,724125,689125
1142,1417,42566545,43939667,23553,8085,87,8090,0,0,-18,0,-18,1,1,1,960,544.56,960,544.56,0,0,0,0,0,0,735000,699875
1143,1418,43028287,42852167,23489,8085,87,8090,0,0,-18,0,-18,1,1,1,960,544.56,960,544.56,0,0,0,0,0,0,691000,649958
1144,1419,51222164,49931042,23577,8085,87,8090,0,0,-18,0,-18,1,1,1,960,544.56,960,544.56,0,0,0,0,0,0,853916,810791
1145,1420,63189044,64355541,23553,8085,87,8090,0,0,-18,0,-18,1,1,1,960,544.56,960,544.56,0,0,0,0,0,0,864500,818333
1146,1421,64109750,62382625,23541,8085,90,8090,0,0,-18,0,-18,1,1,1,960,544.56,960,544.56,0,0,0,0,0,0,979250,920833
1147,1422,62760911,64526333,23641,8085,87,8090,0,0,-18,0,-18,1,1,1,960,544.56,960,544.56,0,0,0,0,0,0,1023959,970625
1148,1423,68189501,64778875,24198,8085,87,8090,0,0,-18,0,-18,1,1,1,960,544.56,960,544.56,0,0,0,0,0,0,984292,929584
1149,1424,60952167,64142917,23769,8085,87,8090,0,0,-18,0,-18,1,1,1,960,544.56,960,544.56,0,0,0,0,0,0,1330792,1267209
1150,1425,69980993,67517000,23629,8085,87,8090,0,0,-18,0,-18,1,1,1,960,544.56,960,544.56,0,0,0,0,0,0,1015167,952584
1151,1426,63989542,66527709,23553,8085,87,8090,0,0,-18,0,-18,1,1,1,960,544.56,960,544.56,0,0,0,0,0,0,1121458,1063625
1152,1427,65938957,64041250,23489,8085,87,8090,0,0,-18,0,-18,1,1,1,960,544.56,960,544.56,0,0,0,0,0,0,1032375,949292
1153,1428,67945003,69792666,23641,8085,87,8090,0,0,-18,0,-18,1,1,1,960,544.56,960,544.56,0,0,0,0,0,0,993667,935875
1154,1429,65575957,63807459,23541,8085,90,8090,0,0,-18,0,-18,1,1,1,960,544.56,960,544.56,0,0,0,0,0,0,1008958,958167
1155,1430,53846165,55581209,23553,8085,87,8090,0,0,-18,0,-18,1,1,1,960,544.56,960,544.56,0,0,0,0,0,0,984750,925250
1156,1431,52523080,50061916,24141,8086,88,8091,0,0,-18,0,-18,1,1,1,960,544.56,960,544.56,0,0,0,0,0,0,833084,790250
1157,1432,48205044,50706042,23769,8085,87,8090,0,0,-18,0,-18,1,1,1,960,544.56,960,544.56,0,0,0,0,0,0,1204208,1148250
1158,1433,52441332,50689959,23541,8085,87,8090,0,0,-18,0,-18,1,1,1,960,544.56,960,544.56,0,0,0,0,0,0,850292,780708
1159,1434,49781121,51524041,23641,8085,87,8090,0,0,-18,0,-18,1,1,1,960,544.56,960,544.56,0,0,0,0,0,0,1129458,1086500
1160,1435,51950667,50446666,23489,8085,87,8090,0,0,-18,0,-18,1,1,1,960,544.56,960,544.56,0,0,0,0,0,0,842208,798417
1161,1436,50136584,51314709,23553,8085,87,8090,0,0,-18,0,-18,1,1,1,960,544.56,960,544.56,0,0,0,0,0,0,880625,798583
1162,1437,56085955,54827791,23629,8085,87,8090,0,0,-18,0,-18,1,1,1,960,544.56,960,544.56,0,0,0,0,0,0,933083,886709
1163,1438,48029124,49524250,23553,8085,90,8090,0,0,-18,0,-18,1,1,1,960,544.56,960,544.56,0,0,0,0,0,0,821833,774875
1164,1439,48957999,48832625,23489,8085,87,8090,0,0,-18,0,-18,1,1,1,960,544.56,960,544.56,0,0,0,0,0,0,875334,797875
1165,1440,45813087,44783209,23577,8085,87,8090,0,0,-18,0,-18,1,1,1,960,544.56,960,544.56,0,0,0,0,0,0,848166,803917
1166,1441,41585415,41430750,24117,8085,87,8090,0,0,-18,0,-18,1,1,1,960,544.56,960,544.56,0,0,0,0,0,0,713083,677625
1167,1442,40315624,41602291,23757,8085,87,8090,0,0,-18,0,-18,1,1,1,960,544.56,960,544.56,0,0,0,0,0,0,748542,685625
1168,1443,40841497,39700167,23489,8085,87,8090,0,0,-18,0,-18,1,1,1,960,544.56,960,544.56,0,0,0,0,0,0,726250,690500
1169,1444,37164539,38313750,23641,8085,87,8090,0,0,-18,0,-18,1,1,1,960,544.56,960,544.56,0,0,0,0,0,0,667167,634542
1170,1445,36018211,35969000,23489,8085,87,8090,0,0,-18,0,-18,1,1,1,960,544.56,960,544.56,0,0,0,0,0,0,615792,574666
1171,1446,38485288,37419125,23489,8086,88,8091,0,0,-18,0,-18,1,1,1,960,544.56,960,544.56,0,0,0,0,0,0,622917,590416
1172,1447,36757957,37787250,23553,8085,87,8090,0,0,-18,0,-18,1,1,1,960,544.56,960,544.56,0,0,0,0,0,0,627791,595959
1173,1448,43192546,43096000,23541,8085,87,8090,0,0,-18,0,-18,1,1,1,960,544.56,960,544.56,0,0,0,0,0,0,794292,748125
1174,1449,39818953,38820083,23577,8085,90,8090,0,0,-18,0,-18,1,1,1,960,544.56,960,544.56,0,0,0,0,0,0,677959,642875
1175,1450,38109749,39169959,23553,8085,87,8090,0,0,-18,0,-18,1,1,1,960,544.56,960,544.56,0,0,0,0,0,0,669583,638375
1176,1451,37757460,37707625,23489,8085,87,8090,0,0,-18,0,-18,1,1,1,960,544.56,960,544.56,0,0,0,0,0,0,657000,620917
1177,1452,39067786,37991416,23489,8085,87,8090,0,0,-18,0,-18,1,1,1,960,544.56,960,544.56,0,0,0,0,0,0,638333,607209
1178,1453,38255628,39256709,23641,8085,87,8090,0,0,-18,0,-18,1,1,1,960,544.56,960,544.56,0,0,0,0,0,0,698084,663166
1179,1454,39685375,38680750,24105,8085,87,8090,0,0,-18,0,-18,1,1,1,960,544.56,960,544.56,0,0,0,0,0,0,701292,644125
1180,1455,38767836,38744542,23705,8085,87,8090,0,0,-18,0,-18,1,1,1,960,544.56,960,544.56,0,0,0,0,0,0,621458,579833
1181,1456,37790454,38780917,23553,8085,87,8090,0,0,-18,0,-18,1,1,1,960,544.56,960,544.56,0,0,0,0,0,0,634500,602417
1182,1457,37724625,37744834,23577,8085,87,8090,0,0,-18,0,-18,1,1,1,960,544.56,960,544.56,0,0,0,0,0,0,635625,591750
1183,1458,39961587,38927958,23489,8085,87,8090,0,0,-18,0,-18,1,1,1,960,544.56,960,544.56,0,0,0,0,0,0,718209,684000
1184,1459,36548506,37539875,23553,8085,87,8090,0,0,-18,0,-18,1,1,1,960,544.56,960,544.56,0,0,0,0,0,0,631750,600834
1185,1460,39539992,39517459,23541,8085,87,8090,0,0,-18,0,-18,1,1,1,960,544.56,960,544.56,0,0,0,0,0,0,734500,693041
1186,1461,44320832,43132750,23577,8086,88,8091,0,0,-18,0,-18,1,1,1,960,544.56,960,544.56,0,0,0,0,0,0,784042,741000
1187,1462,38523625,39712625,23553,8085,90,8090,0,0,-18,0,-18,1,1,1,960,544.56,960,544.56,0,0,0,0,0,0,692417,656209
1188,1463,39401415,39362541,23489,8085,87,8090,0,0,-18,0,-18,1,1,1,960,544.56,960,544.56,0,0,0,0,0,0,745542,691208
1189,1464,41276544,40151583,23489,8085,87,8090,0,0,-18,0,-18,1,1,1,960,544.56,960,544.56,0,0,0,0,0,0,695792,660458
1190,1465,38550622,39673083,23693,8085,87,8090,0,0,-18,0,-18,1,1,1,960,544.56,960,544.56,0,0,0,0,0,0,636541,605625
1191,1466,39535623,39487375,23489,8085,87,8090,0,0,-18,0,-18,1,1,1,960,544.56,960,544.56,0,0,0,0,0,0,727041,680125
1192,1467,44734921,42559375,24053,8085,87,8090,0,0,-18,0,-18,1,1,1,960,544.56,960,544.56,0,0,0,0,0,0,713500,678667
1193,1468,41383873,43301292,23769,8085,87,8090,0,0,-18,0,-18,1,1,1,960,544.56,960,544.56,0,0,0,0,0,0,754917,716166
1194,1469,43627168,43803416,23577,8085,87,8090,0,0,-18,0,-18,1,1,1,960,544.56,960,544.56,0,0,0,0,0,0,745125,702291
1195,1470,49828123,48430208,23541,8085,87,8090,0,0,-18,0,-18,1,1,1,960,544.56,960,544.56,0,0,0,0,0,0,942583,879417
1196,1471,49300376,50567208,23553,8085,87,8090,0,0,-18,0,-18,1,1,1,960,544.56,960,544.56,0,0,0,0,0,0,964416,917666
1197,1472,64732998,62514416,23489,8085,87,8090,0,0,-18,0,-18,1,1,1,960,544.56,960,544.56,0,0,0,0,0,0,1042166,943833
1198,1473,67868582,69968458,23641,8085,87,8090,0,0,-18,0,-18,1,1,1,960,544.56,960,544.56,0,0,0,0,0,0,1035042,979041
1199,1474,65254248,63302459,23541,8085,90,8090,0,0,-18,0,-18,1,1,1,960,544.56,960,544.56,0,0,0,0,0,0,1112625,1060208
1200,1475,61430960,63281292,23553,8085,87,8090,0,0,-18,0,-18,1,1,1,960,544.56,960,544.56,0,0,0,0,0,0,1097042,991292
1201,1476,66948831,63641708,24141,8086,88,8091,0,0,-18,0,-18,1,1,1,960,544.56,960,544.56,0,0,0,0,0,0,1227209,1172916
1202,1477,50411295,53817333,23769,8085,87,8090,0,0,-18,0,-18,1,1,1,960,544.56,960,544.56,0,0,0,0,0,0,1117375,1066292
1203,1478,52685871,50785709,23541,8085,87,8090,0,0,-18,0,-18,1,1,1,960,544.56,960,544.56,0,0,0,0,0,0,983542,885417
1204,1479,51452048,53297792,23641,8085,87,8090,0,0,-18,0,-18,1,1,1,960,544.56,960,544.56,0,0,0,0,0,0,832417,790125
1205,1480,54580617,52873125,23489,8085,87,8090,0,0,-18,0,-18,1,1,1,960,544.56,960,544.56,0,0,0,0,0,0,854709,811834
1206,1481,65536916,66993584,23553,8085,87,8090,0,0,-18,0,-18,1,1,1,960,544.56,960,544.56,0,0,0,0,0,0,1087625,1024500
1207,1482,62768623,61528667,23629,8085,90,8090,0,0,-18,0,-18,1,1,1,960,544.56,960,544.56,0,0,0,0,0,0,1082500,1027333
1208,1483,56422796,57610417,23553,8085,87,8090,0,0,-18,0,-18,1,1,1,960,544.56,960,544.56,0,0,0,0,0,0,996959,945958
1209,1484,57000912,55244750,23489,8085,87,8090,0,0,-18,0,-18,1,1,1,960,544.56,960,544.56,0,0,0,0,0,0,1054125,940541
1210,1485,57248085,57734042,24205,8085,87,8090,0,0,-18,0,-18,1,1,1,960,544.56,960,544.56,0,0,0,0,0,0,944875,892542
1211,1486,50579458,50602125,23757,8085,87,8090,0,0,-18,0,-18,1,1,1,960,544.56,960,544.56,0,0,0,0,0,0,1087500,1022750
1212,1487,54225374,55506541,23553,8085,87,8090,0,0,-18,0,-18,1,1,1,960,544.56,960,544.56,0,0,0,0,0,0,1107959,1041000
1213,1488,57272039,55599042,23577,8085,87,8090,0,0,-18,0,-18,1,1,1,960,544.56,960,544.56,0,0,0,0,0,0,836834,793792
1214,1489,52010167,53717167,23553,8085,87,8090,0,0,-18,0,-18,1,1,1,960,544.56,960,544.56,0,0,0,0,0,0,802625,758417
1215,1490,57563625,55578500,23541,8085,87,8090,0,0,-18,0,-18,1,1,1,960,544.56,960,544.56,0,0,0,0,0,0,1218625,1114792
1216,1491,51253166,53240083,23641,8086,91,8091,0,0,-18,0,-18,1,1,1,960,544.56,960,544.56,0,0,0,0,0,0,819416,776208
1217,1492,53932785,52428375,23489,8085,87,8090,0,0,-18,0,-18,1,1,1,960,544.56,960,544.56,0,0,0,0,0,0,838542,785875
1218,1493,48231624,49614209,23553,8085,87,8090,0,0,-18,0,-18,1,1,1,960,544.56,960,544.56,0,0,0,0,0,0,872834,821208
1219,1494,50761628,49370875,24193,8085,87,8090,0,0,-18,0,-18,1,1,1,960,544.56,960,544.56,0,0,0,0,0,0,821125,778125
1220,1495,47177910,47464000,23705,8085,87,8090,0,0,-18,0,-18,1,1,1,960,544.56,960,544.56,0,0,0,0,0,0,822167,779958
1221,1496,40602415,41780917,23553,8085,87,8090,0,0,-18,0,-18,1,1,1,960,544.56,960,544.56,0,0,0,0,0,0,752625,708208
1222,1497,41061211,40999458,23489,8085,87,8090,0,0,-18,0,-18,1,1,1,960,544.56,960,544.56,0,0,0,0,0,0,719791,684875
1223,1498,42374249,41368833,23577,8085,87,8090,0,0,-18,0,-18,1,1,1,960,544.56,960,544.56,0,0,0,0,0,0,734500,693542
1224,1499,35216171,36297709,23605,8085,87,8090,0,0,-18,0,-18,1,1,1,960,544.56,960,544.56,0,0,0,0,0,0,635542,599125
1225,1500,41037414,40988958,23489,8085,87,8090,0,0,-18,0,-18,1,1,1,960,544.56,960,544.56,0,0,0,0,0,0,696458,660167
1226,1501,38371458,37254959,23489,8085,90,8090,0,0,-18,0,-18,1,1,1,960,544.56,960,544.56,0,0,0,0,0,0,670917,634584
1227,1502,37931874,39018666,23641,8085,87,8090,0,0,-18,0,-18,1,1,1,960,544.56,960,544.56,0,0,0,0,0,0,647625,592667
1228,1503,37181839,37189000,23489,8085,87,8090,0,0,-18,0,-18,1,1,1,960,544.56,960,544.56,0,0,0,0,0,0,645542,602375
1229,1504,39223872,37903334,23489,8085,87,8090,0,0,-18,0,-18,1,1,1,960,544.56,960,544.56,0,0,0,0,0,0,648416,595250
1230,1505,38218665,39451459,23605,8085,87,8090,0,0,-18,0,-18,1,1,1,960,544.56,960,544.56,0,0,0,0,0,0,703625,658541
1231,1506,37329703,37338208,23577,8086,88,8091,0,0,-18,0,-18,1,1,1,960,544.56,960,544.56,0,0,0,0,0,0,668625,636792
1232,1507,40374793,38504792,24053,8085,87,8090,0,0,-18,0,-18,1,1,1,960,544.56,960,544.56,0,0,0,0,0,0,607834,576833
1233,1508,37345457,39170208,23769,8085,87,8090,0,0,-18,0,-18,1,1,1,960,544.56,960,544.56,0,0,0,0,0,0,643958,585417
1234,1509,39263498,39230417,23489,8085,87,8090,0,0,-18,0,-18,1,1,1,960,544.56,960,544.56,0,0,0,0,0,0,612083,579417
1235,1510,38663379,37461000,23577,8085,87,8090,0,0,-18,0,-18,1,1,1,960,544.56,960,544.56,0,0,0,0,0,0,612583,581458
1236,1511,38058161,39278208,23605,8085,87,8090,0,0,-18,0,-18,1,1,1,960,544.56,960,544.56,0,0,0,0,0,0,687541,645750
1237,1512,37623796,37592834,23489,8085,87,8090,0,0,-18,0,-18,1,1,1,960,544.56,960,544.56,0,0,0,0,0,0,626875,595875
1238,1513,44433709,43134250,23489,8085,87,8090,0,0,-18,0,-18,1,1,1,960,544.56,960,544.56,0,0,0,0,0,0,749041,712334
1239,1514,38473743,39722333,23641,8085,90,8090,0,0,-18,0,-18,1,1,1,960,544.56,960,544.56,0,0,0,0,0,0,721792,678500
1240,1515,37969127,37957917,23489,8085,87,8090,0,0,-18,0,-18,1,1,1,960,544.56,960,544.56,0,0,0,0,0,0,646292,615334
1241,1516,42187586,41084333,23489,8085,87,8090,0,0,-18,0,-18,1,1,1,960,544.56,960,544.56,0,0,0,0,0,0,721583,686458
1242,1517,40557119,41440167,23605,8085,87,8090,0,0,-18,0,-18,1,1,1,960,544.56,960,544.56,0,0,0,0,0,0,677584,638416
1243,1518,42612422,42596042,23577,8085,87,8090,0,0,-18,0,-18,1,1,1,960,544.56,960,544.56,0,0,0,0,0,0,833750,785500
1244,1519,44172830,42165666,24053,8085,87,8090,0,0,-18,0,-18,1,1,1,960,544.56,960,544.56,0,0,0,0,0,0,692917,657750
1245,1520,45807540,47721833,23769,8085,87,8090,0,0,-18,0,-18,1,1,1,960,544.56,960,544.56,0,0,0,0,0,0,755000,714459
1246,1521,51515463,51440458,23489,8086,88,8091,0,0,-18,0,-18,1,1,1,960,544.56,960,544.56,0,0,0,0,0,0,831250,781666
1247,1522,55061124,53058791,23629,8085,87,8090,0,0,-18,0,-18,1,1,1,960,544.56,960,544.56,0,0,0,0,0,0,782583,739500
1248,1523,60879040,62823667,23553,8085,87,8090,0,0,-18,0,-18,1,1,1,960,544.56,960,544.56,0,0,0,0,0,0,964750,905250
1249,1524,66621705,64597041,23489,8085,87,8090,0,0,-18,0,-18,1,1,1,960,544.56,960,544.56,0,0,0,0,0,0,1245458,1171125
1250,1525,55855710,57973708,23641,8085,90,8090,0,0,-18,0,-18,1,1,1,960,544.56,960,544.56,0,0,0,0,0,0,959584,906208
1251,1526,57079583,55698792,23541,8085,87,8090,0,0,-18,0,-18,1,1,1,960,544.56,960,544.56,0,0,0,0,0,0,1118417,1049083
1252,1527,53852792,55140792,23553,8085,87,8090,0,0,-18,0,-18,1,1,1,960,544.56,960,544.56,0,0,0,0,0,0,823459,780667
1253,1528,57527706,54291625,24141,8085,87,8090,0,0,-18,0,-18,1,1,1,960,544.56,960,544.56,0,0,0,0,0,0,801750,759250
1254,1529,54403543,57565542,23769,8085,87,8090,0,0,-18,0,-18,1,1,1,960,544.56,960,544.56,0,0,0,0,0,0,995250,934125
1255,1530,57302203,55664209,23541,8085,87,8090,0,0,-18,0,-18,1,1,1,960,544.56,960,544.56,0,0,0,0,0,0,1140209,1087541
1256,1531,53719628,55418292,23641,8085,87,8090,0,0,-18,0,-18,1,1,1,960,544.56,960,544.56,0,0,0,0,0,0,824875,782833
1257,1532,56724041,55126750,23489,8085,87,8090,0,0,-18,0,-18,1,1,1,960,544.56,960,544.56,0,0,0,0,0,0,863375,794958
1258,1533,62234289,63564666,23553,8085,87,8090,0,0,-18,0,-18,1,1,1,960,544.56,960,544.56,0,0,0,0,0,0,1053959,998042
1259,1534,56197959,54982875,23629,8085,90,8090,0,0,-18,0,-18,1,1,1,960,544.56,960,544.56,0,0,0,0,0,0,814708,772458
1260,1535,57061288,58451292,23553,8085,87,8090,0,0,-18,0,-18,1,1,1,960,544.56,960,544.56,0,0,0,0,0,0,1132625,1038459
1261,1536,57783041,55897083,23489,8086,88,8091,0,0,-18,0,-18,1,1,1,960,544.56,960,544.56,0,0,0,0,0,0,961625,918292
1262,1537,54323583,54377125,24205,8085,87,8090,0,0,-18,0,-18,1,1,1,960,544.56,960,544.56,0,0,0,0,0,0,1083917,1033333
1263,1538,53670413,53968834,23757,8085,87,8090,0,0,-18,0,-18,1,1,1,960,544.56,960,544.56,0,0,0,0,0,0,802166,754125
1264,1539,48777714,50012292,23553,8085,87,8090,0,0,-18,0,-18,1,1,1,960,544.56,960,544.56,0,0,0,0,0,0,860583,818792
1265,1540,55462203,54124750,23577,8085,87,8090,0,0,-18,0,-18,1,1,1,960,544.56,960,544.56,0,0,0,0,0,0,845333,791667
1266,1541,51745712,53227292,23553,8085,87,8090,0,0,-18,0,-18,1,1,1,960,544.56,960,544.56,0,0,0,0,0,0,856958,791583
1267,1542,60823872,59297292,23541,8085,87,8090,0,0,-18,0,-18,1,1,1,960,544.56,960,544.56,0,0,0,0,0,0,1147708,1092333
1268,1543,51002252,52486541,23641,8085,90,8090,0,0,-18,0,-18,1,1,1,960,544.56,960,544.56,0,0,0,0,0,0,911625,866709
1269,1544,52095789,50589625,23489,8085,87,8090,0,0,-18,0,-18,1,1,1,960,544.56,960,544.56,0,0,0,0,0,0,855167,803375
1270,1545,49657080,51007500,23553,8085,87,8090,0,0,-18,0,-18,1,1,1,960,544.56,960,544.56,0,0,0,0,0,0,840042,788959
1271,1546,50328414,48944625,24193,8085,87,8090,0,0,-18,0,-18,1,1,1,960,544.56,960,544.56,0,0,0,0,0,0,836542,794292
1272,1547,51203124,50941417,23705,8085,87,8090,0,0,-18,0,-18,1,1,1,960,544.56,960,544.56,0,0,0,0,0,0,818500,770167
1273,1548,48106625,49824834,23553,8085,87,8090,0,0,-18,0,-18,1,1,1,960,544.56,960,544.56,0,0,0,0,0,0,792333,748375
1274,1549,52018254,50390834,23489,8085,87,8090,0,0,-18,0,-18,1,1,1,960,544.56,960,544.56,0,0,0,0,0,0,820792,772584
1275,1550,49117665,50631541,23693,8085,87,8090,0,0,-18,0,-18,1,1,1,960,544.56,960,544.56,0,0,0,0,0,0,849333,797042
1276,1551,51667042,50236792,23489,8086,88,8091,0,0,-18,0,-18,1,1,1,960,544.56,960,544.56,0,0,0,0,0,0,802209,759666
1277,1552,55748540,57064958,23553,8085,87,8090,0,0,-18,0,-18,1,1,1,960,544.56,960,544.56,0,0,0,0,0,0,932625,864833
1278,1553,54813455,53418708,23577,8085,90,8090,0,0,-18,0,-18,1,1,1,960,544.56,960,544.56,0,0,0,0,0,0,885417,830416
1279,1554,50305377,51759584,23605,8085,87,8090,0,0,-18,0,-18,1,1,1,960,544.56,960,544.56,0,0,0,0,0,0,968250,915458
1280,1555,51561247,49986625,23489,8085,87,8090,0,0,-18,0,-18,1,1,1,960,544.56,960,544.56,0,0,0,0,0,0,884291,841458
1281,1556,51306173,51426959,24205,8085,87,8090,0,0,-18,0,-18,1,1,1,960,544.56,960,544.56,0,0,0,0,0,0,897583,826542
1282,1557,48966161,48882958,23705,8085,87,8090,0,0,-18,0,-18,1,1,1,960,544.56,960,544.56,0,0,0,0,0,0,872417,806917
1283,1558,49771457,51084833,23605,8085,87,8090,0,0,-18,0,-18,1,1,1,960,544.56,960,544.56,0,0,0,0,0,0,887250,842791
1284,1559,50636585,48991041,23577,8085,87,8090,0,0,-18,0,-18,1,1,1,960,544.56,960,544.56,0,0,0,0,0,0,886792,811250
1285,1560,48830412,50575625,23553,8085,87,8090,0,0,-18,0,-18,1,1,1,960,544.56,960,544.56,0,0,0,0,0,0,808500,764792
1286,1561,54548837,52872958,23489,8085,87,8090,0,0,-18,0,-18,1,1,1,960,544.56,960,544.56,0,0,0,0,0,0,860417,817084
1287,1562,47947704,49588750,23693,8085,90,8090,0,0,-18,0,-18,1,1,1,960,544.56,960,544.56,0,0,0,0,0,0,829667,759666
1288,1563,57461123,56053375,23489,8085,87,8090,0,0,-18,0,-18,1,1,1,960,544.56,960,544.56,0,0,0,0,0,0,823791,780958
1289,1564,53542170,54854250,23553,8085,87,8090,0,0,-18,0,-18,1,1,1,960,544.56,960,544.56,0,0,0,0,0,0,1077750,1022792
1290,1565,54648250,53255084,23577,8085,87,8090,0,0,-18,0,-18,1,1,1,960,544.56,960,544.56,0,0,0,0,0,0,807708,758959
1291,1566,49942247,49893875,24169,8086,88,8091,0,0,-18,0,-18,1,1,1,960,544.56,960,544.56,0,0,0,0,0,0,845417,801625
1292,1567,48538167,49904500,23705,8085,87,8090,0,0,-18,0,-18,1,1,1,960,544.56,960,544.56,0,0,0,0,0,0,832166,788667
1293,1568,51279045,49641417,23577,8085,87,8090,0,0,-18,0,-18,1,1,1,960,544.56,960,544.56,0,0,0,0,0,0,894542,844375
1294,1569,56395161,58052458,23553,8085,87,8090,0,0,-18,0,-18,1,1,1,960,544.56,960,544.56,0,0,0,0,0,0,970375,915958
1295,1570,57250171,55549584,23541,8085,87,8090,0,0,-18,0,-18,1,1,1,960,544.56,960,544.56,0,0,0,0,0,0,1135750,1094667
1296,1571,58177836,59755250,23641,8085,87,8090,0,0,-18,0,-18,1,1,1,960,544.56,960,544.56,0,0,0,0,0,0,1094250,984875
1297,1572,55446498,54089000,23489,8085,90,8090,0,0,-18,0,-18,1,1,1,960,544.56,960,544.56,0,0,0,0,0,0,1109042,1056042
1298,1573,48245124,49597458,23553,8085,87,8090,0,0,-18,0,-18,1,1,1,960,544.56,960,544.56,0,0,0,0,0,0,860791,818875
1299,1574,48119287,48189708,23629,8085,87,8090,0,0,-18,0,-18,1,1,1,960,544.56,960,544.56,0,0,0,0,0,0,818666,749625
1300,1575,44057127,41852542,24019,8085,87,8090,0,0,-18,0,-18,1,1,1,960,544.56,960,544.56,0,0,0,0,0,0,726000,690125
1301,1576,38740411,40925875,23803,8085,87,8090,0,0,-18,0,-18,1,1,1,960,544.56,960,544.56,0,0,0,0,0,0,694334,659417
1302,1577,37015419,36978625,23489,8085,87,8090,0,0,-18,0,-18,1,1,1,960,544.56,960,544.56,0,0,0,0,0,0,649958,612542
1303,1578,37233207,36166875,23577,8085,87,8090,0,0,-18,0,-18,1,1,1,960,544.56,960,544.56,0,0,0,0,0,0,677959,624708
1304,1579,34954380,36007792,23605,8085,87,8090,0,0,-18,0,-18,1,1,1,960,544.56,960,544.56,0,0,0,0,0,0,662708,627666
1305,1580,36596540,36577834,23489,8085,87,8090,0,0,-18,0,-18,1,1,1,960,544.56,960,544.56,0,0,0,0,0,0,650875,615208
1306,1581,38968954,37896042,23489,8086,88,8091,0,0,-18,0,-18,1,1,1,960,544.56,960,544.56,0,0,0,0,0,0,607041,576125
1307,1582,44196002,45167000,23553,8085,87,8090,0,0,-18,0,-18,1,1,1,960,544.56,960,544.56,0,0,0,0,0,0,780750,708750
1308,1583,38685996,38783833,23577,8085,90,8090,0,0,-18,0,-18,1,1,1,960,544.56,960,544.56,0,0,0,0,0,0,674917,623000
1309,1584,40194705,39076417,23489,8085,87,8090,0,0,-18,0,-18,1,1,1,960,544.56,960,544.56,0,0,0,0,0,0,670459,637584
1310,1585,38109961,39154000,23605,8085,87,8090,0,0,-18,0,-18,1,1,1,960,544.56,960,544.56,0,0,0,0,0,0,702375,667666
1311,1586,37502620,37410875,23489,8085,87,8090,0,0,-18,0,-18,1,1,1,960,544.56,960,544.56,0,0,0,0,0,0,725458,681167
1312,1587,39783749,38808083,23577,8085,87,8090,0,0,-18,0,-18,1,1,1,960,544.56,960,544.56,0,0,0,0,0,0,720209,684833
1313,1588,37443913,37357291,24117,8085,87,8090,0,0,-18,0,-18,1,1,1,960,544.56,960,544.56,0,0,0,0,0,0,672459,640416
1314,1589,39774376,40877208,23705,8085,87,8090,0,0,-18,0,-18,1,1,1,960,544.56,960,544.56,0,0,0,0,0,0,621417,584375
1315,1590,44170960,42736458,23489,8085,87,8090,0,0,-18,0,-18,1,1,1,960,544.56,960,544.56,0,0,0,0,0,0,676292,640666
1316,1591,40745459,42123000,23693,8085,87,8090,0,0,-18,0,-18,1,1,1,960,544.56,960,544.56,0,0,0,0,0,0,702375,666625
1317,1592,43090045,43023333,23489,8085,87,8090,0,0,-18,0,-18,1,1,1,960,544.56,960,544.56,0,0,0,0,0,0,996292,947042
1318,1593,48287663,46441125,23489,8085,87,8090,0,0,-18,0,-18,1,1,1,960,544.56,960,544.56,0,0,0,0,0,0,710333,672083
1319,1594,55337876,56919125,23553,8085,87,8090,0,0,-18,0,-18,1,1,1,960,544.56,960,544.56,0,0,0,0,0,0,889625,841125
1320,1595,64847670,62848708,23577,8085,90,8090,0,0,-18,0,-18,1,1,1,960,544.56,960,544.56,0,0,0,0,0,0,1278834,1213083
1321,1596,60573164,62615416,23605,8086,88,8091,0,0,-18,0,-18,1,1,1,960,544.56,960,544.56,0,0,0,0,0,0,953209,896916
1322,1597,67446500,65504500,23489,8085,87,8090,0,0,-18,0,-18,1,1,1,960,544.56,960,544.56,0,0,0,0,0,0,988458,934959
1323,1598,63125662,63093417,24205,8085,87,8090,0,0,-18,0,-18,1,1,1,960,544.56,960,544.56,0,0,0,0,0,0,1094375,1032041
1324,1599,63397958,63552958,23705,8085,87,8090,0,0,-18,0,-18,1,1,1,960,544.56,960,544.56,0,0,0,0,0,0,1049250,995042
1325,1600,57414002,59070500,23605,8085,87,8090,0,0,-18,0,-18,1,1,1,960,544.56,960,544.56,0,0,0,0,0,0,1047333,994292
1326,1601,52874788,51116834,23577,8085,87,8090,0,0,-18,0,-18,1,1,1,960,544.56,960,544.56,0,0,0,0,0,0,894417,843000
1327,1602,48419415,50245792,23553,8085,87,8090,0,0,-18,0,-18,1,1,1,960,544.56,960,544.56,0,0,0,0,0,0,829791,786750
1328,1603,55804833,54350791,23489,8085,87,8090,0,0,-18,0,-18,1,1,1,960,544.56,960,544.56,0,0,0,0,0,0,929875,883542
1329,1604,49260381,50712209,23693,8085,90,8090,0,0,-18,0,-18,1,1,1,960,544.56,960,544.56,0,0,0,0,0,0,842041,786917
1330,1605,51918376,50484000,23489,8085,87,8090,0,0,-18,0,-18,1,1,1,960,544.56,960,544.56,0,0,0,0,0,0,848958,806333
1331,1606,49549248,50785250,23553,8085,87,8090,0,0,-18,0,-18,1,1,1,960,544.56,960,544.56,0,0,0,0,0,0,912208,863417
1332,1607,58194331,55546959,24141,8085,87,8090,0,0,-18,0,-18,1,1,1,960,544.56,960,544.56,0,0,0,0,0,0,1107584,1010083
1333,1608,54565582,57162958,23821,8085,87,8090,0,0,-18,0,-18,1,1,1,960,544.56,960,544.56,0,0,0,0,0,0,1031208,978042
1334,1609,56970790,55189666,23489,8085,87,8090,0,0,-18,0,-18,1,1,1,960,544.56,960,544.56,0,0,0,0,0,0,810125,767583
1335,1610,56883256,58670291,23641,8085,87,8090,0,0,-18,0,-18,1,1,1,960,544.56,960,544.56,0,0,0,0,0,0,977083,899334
1336,1611,54997369,53597250,23489,8086,88,8091,0,0,-18,0,-18,1,1,1,960,544.56,960,544.56,0,0,0,0,0,0,960084,909208
1337,1612,61853080,63173208,23605,8085,87,8090,0,0,-18,0,-18,1,1,1,960,544.56,960,544.56,0,0,0,0,0,0,1123125,1072083
1338,1613,57185750,55483166,23577,8085,90,8090,0,0,-18,0,-18,1,1,1,960,544.56,960,544.56,0,0,0,0,0,0,936959,865041
1339,1614,56289043,58031375,23553,8085,87,8090,0,0,-18,0,-18,1,1,1,960,544.56,960,544.56,0,0,0,0,0,0,1140250,1082250
1340,1615,56569084,54696667,23489,8085,87,8090,0,0,-18,0,-18,1,1,1,960,544.56,960,544.56,0,0,0,0,0,0,918333,875416
1341,1616,54663371,55097125,24257,8085,87,8090,0,0,-18,0,-18,1,1,1,960,544.56,960,544.56,0,0,0,0,0,0,850083,793584
1342,1617,54917503,54860958,23705,8085,87,8090,0,0,-18,0,-18,1,1,1,960,544.56,960,544.56,0,0,0,0,0,0,1072750,1015875
1343,1618,53454749,54810000,23553,8085,87,8090,0,0,-18,0,-18,1,1,1,960,544.56,960,544.56,0,0,0,0,0,0,856750,814458
1344,1619,50754796,49438708,23577,8085,87,8090,0,0,-18,0,-18,1,1,1,960,544.56,960,544.56,0,0,0,0,0,0,847209,797542
1345,1620,48215959,49600084,23605,8085,87,8090,0,0,-18,0,-18,1,1,1,960,544.56,960,544.56,0,0,0,0,0,0,818125,775791
1346,1621,53638704,52136334,23489,8085,87,8090,0,0,-18,0,-18,1,1,1,960,544.56,960,544.56,0,0,0,0,0,0,842792,798750
1347,1622,41467417,42991084,23641,8085,90,8090,0,0,-18,0,-18,1,1,1,960,544.56,960,544.56,0,0,0,0,0,0,816000,748583
1348,1623,41092000,41044792,23489,8085,87,8090,0,0,-18,0,-18,1,1,1,960,544.56,960,544.56,0,0,0,0,0,0,718333,681875
1349,1624,40054626,39039875,23489,8085,87,8090,0,0,-18,0,-18,1,1,1,960,544.56,960,544.56,0,0,0,0,0,0,711000,675083
1350,1625,34906122,35876750,23605,8085,87,8090,0,0,-18,0,-18,1,1,1,960,544.56,960,544.56,0,0,0,0,0,0,708834,657459
1351,1626,35725664,35793375,23577,8086,88,8091,0,0,-18,0,-18,1,1,1,960,544.56,960,544.56,0,0,0,0,0,0,608959,575250
1352,1627,37999793,36015083,24053,8085,87,8090,0,0,-18,0,-18,1,1,1,960,544.56,960,544.56,0,0,0,0,0,0,629042,597375
1353,1628,35962458,37926666,23769,8085,87,8090,0,0,-18,0,-18,1,1,1,960,544.56,960,544.56,0,0,0,0,0,0,661084,619541
1354,1629,40164746,40071375,23489,8085,87,8090,0,0,-18,0,-18,1,1,1,960,544.56,960,544.56,0,0,0,0,0,0,620416,587083
1355,1630,42631752,41158250,23489,8085,87,8090,0,0,-18,0,-18,1,1,1,960,544.56,960,544.56,0,0,0,0,0,0,618875,587709
1356,1631,40154166,41557250,23693,8085,87,8090,0,0,-18,0,-18,1,1,1,960,544.56,960,544.56,0,0,0,0,0,0,726375,682125
1357,1632,42903415,42831042,23489,8085,87,8090,0,0,-18,0,-18,1,1,1,960,544.56,960,544.56,0,0,0,0,0,0,828916,788458
1358,1633,53047627,51667584,23489,8085,87,8090,0,0,-18,0,-18,1,1,1,960,544.56,960,544.56,0,0,0,0,0,0,835792,796083
1359,1634,48741668,50031125,23553,8085,90,8090,0,0,-18,0,-18,1,1,1,960,544.56,960,544.56,0,0,0,0,0,0,792917,743667
1360,1635,58891292,57006084,23577,8085,87,8090,0,0,-18,0,-18,1,1,1,960,544.56,960,544.56,0,0,0,0,0,0,847250,794417
1361,1636,60641460,62459625,23605,8085,87,8090,0,0,-18,0,-18,1,1,1,960,544.56,960,544.56,0,0,0,0,0,0,971583,917750
1362,1637,67276373,63968000,24053,8085,87,8090,0,0,-18,0,-18,1,1,1,960,544.56,960,544.56,0,0,0,0,0,0,1071333,1010167
1363,1638,59528704,62768250,23857,8085,87,8090,0,0,-18,0,-18,1,1,1,960,544.56,960,544.56,0,0,0,0,0,0,1074625,1008709
1364,1639,55770080,54441750,23489,8085,87,8090,0,0,-18,0,-18,1,1,1,960,544.56,960,544.56,0,0,0,0,0,0,820750,777583
1365,1640,49518622,50829167,23605,8085,87,8090,0,0,-18,0,-18,1,1,1,960,544.56,960,544.56,0,0,0,0,0,0,956333,905291
1366,1641,52713207,51085125,23577,8086,88,8091,0,0,-18,0,-18,1,1,1,960,544.56,960,544.56,0,0,0,0,0,0,822959,780292
1367,1642,55059041,56624167,23553,8083,87,8088,0,0,-18,0,-18,1,1,1,960,544.56,960,544.56,0,0,0,0,0,0,902500,856000
1368,1643,54835543,53294250,23489,8085,90,8090,0,0,-18,0,-18,1,1,1,960,544.56,960,544.56,0,0,0,0,0,0,847750,794792
1369,1644,55965751,57573083,23693,8085,87,8090,0,0,-18,0,-18,1,1,1,960,544.56,960,544.56,0,0,0,0,0,0,1011917,959167
1370,1645,52308000,50720000,23489,8085,87,8090,0,0,-18,0,-18,1,1,1,960,544.56,960,544.56,0,0,0,0,0,0,893792,847500
1371,1646,49871202,51132625,23553,8085,87,8090,0,0,-18,0,-18,1,1,1,960,544.56,960,544.56,0,0,0,0,0,0,937208,884542
1372,1647,55708922,53248792,24141,8085,87,8090,0,0,-18,0,-18,1,1,1,960,544.56,960,544.56,0,0,0,0,0,0,828375,786041
1373,1648,50073206,52735166,23821,8085,87,8090,0,0,-18,0,-18,1,1,1,960,544.56,960,544.56,0,0,0,0,0,0,852125,800084
1374,1649,57785373,55826667,23489,8085,87,8090,0,0,-18,0,-18,1,1,1,960,544.56,960,544.56,0,0,0,0,0,0,885042,816792
1375,1650,62187336,64002500,23641,8085,87,8090,0,0,-18,0,-18,1,1,1,960,544.56,960,544.56,0,0,0,0,0,0,1322125,1260500
1376,1651,72519086,70602667,23489,8085,87,8090,0,0,-18,0,-18,1,1,1,960,544.56,960,544.56,0,0,0,0,0,0,1342708,1272209
1377,1652,62753617,64516833,23605,8085,90,8090,0,0,-18,0,-18,1,1,1,960,544.56,960,544.56,0,0,0,0,0,0,1190000,1120958
1378,1653,64479455,62810583,23577,8085,87,8090,0,0,-18,0,-18,1,1,1,960,544.56,960,544.56,0,0,0,0,0,0,1031084,947333
1379,1654,61064250,62759000,23553,8085,87,8090,0,0,-18,0,-18,1,1,1,960,544.56,960,544.56,0,0,0,0,0,0,1182208,1127292
1380,1655,67472875,63882584,24053,8085,87,8090,0,0,-18,0,-18,1,1,1,960,544.56,960,544.56,0,0,0,0,0,0,1012708,950625
1381,1656,59450339,63032667,23909,8086,88,8091,0,0,-18,0,-18,1,1,1,960,544.56,960,544.56,0,0,0,0,0,0,1045875,992375
1382,1657,61341498,59985750,23489,8085,87,8090,0,0,-18,0,-18,1,1,1,960,544.56,960,544.56,0,0,0,0,0,0,1320375,1252167
1383,1658,47776125,49131167,23553,8085,87,8090,0,0,-18,0,-18,1,1,1,960,544.56,960,544.56,0,0,0,0,0,0,858958,807875
1384,1659,52958913,51825833,23577,8085,87,8090,0,0,-18,0,-18,1,1,1,960,544.56,960,544.56,0,0,0,0,0,0,876167,833250
1385,1660,40727499,41947750,23605,8085,90,8090,0,0,-18,0,-18,1,1,1,960,544.56,960,544.56,0,0,0,0,0,0,695375,659917
1386,1661,43209206,43009084,23489,8085,87,8090,0,0,-18,0,-18,1,1,1,960,544.56,960,544.56,0,0,0,0,0,0,1042500,945750
1387,1662,42960919,41549958,23489,8085,87,8090,0,0,-18,0,-18,1,1,1,960,544.56,960,544.56,0,0,0,0,0,0,707958,670875
1388,1663,41508540,43042500,23641,8085,87,8090,0,0,-18,0,-18,1,1,1,960,544.56,960,544.56,0,0,0,0,0,0,692292,655208
1389,1664,43072130,43079583,23489,8085,87,8090,0,0,-18,0,-18,1,1,1,960,544.56,960,544.56,0,0,0,0,0,0,724667,667750
1390,1665,43972287,41765875,24105,8085,87,8090,0,0,-18,0,-18,1,1,1,960,544.56,960,544.56,0,0,0,0,0,0,739334,703458
1391,1666,47732334,49757041,23769,8085,87,8090,0,0,-18,0,-18,1,1,1,960,544.56,960,544.56,0,0,0,0,0,0,924583,877084
1392,1667,52352212,50654875,23577,8085,87,8090,0,0,-18,0,-18,1,1,1,960,544.56,960,544.56,0,0,0,0,0,0,839584,790833
1393,1668,60639582,62245916,23553,8085,87,8090,0,0,-18,0,-18,1,1,1,960,544.56,960,544.56,0,0,0,0,0,0,1278625,1216333
1394,1669,62864914,61112625,23541,8085,87,8090,0,0,-18,0,-18,1,1,1,960,544.56,960,544.56,0,0,0,0,0,0,992708,941708
1395,1670,63099123,64868250,23641,8085,87,8090,0,0,-18,0,-18,1,1,1,960,544.56,960,544.56,0,0,0,0,0,0,1026750,956250
1396,1671,57217631,55777500,23489,8086,91,8091,0,0,-18,0,-18,1,1,1,960,544.56,960,544.56,0,0,0,0,0,0,967208,923458
1397,1672,52218288,53419583,23553,8085,87,8090,0,0,-18,0,-18,1,1,1,960,544.56,960,544.56,0,0,0,0,0,0,899250,833334
1398,1673,56255497,54611708,23629,8085,87,8090,0,0,-18,0,-18,1,1,1,960,544.56,960,544.56,0,0,0,0,0,0,831250,753417
1399,1674,57086747,57422042,24117,8085,87,8090,0,0,-18,0,-18,1,1,1,960,544.56,960,544.56,0,0,0,0,0,0,1011333,957000
1400,1675,57471625,57366791,23705,8085,87,8090,0,0,-18,0,-18,1,1,1,960,544.56,960,544.56,0,0,0,0,0,0,940084,887500
1401,1676,54011330,55404958,23641,8085,87,8090,0,0,-18,0,-18,1,1,1,960,544.56,960,544.56,0,0,0,0,0,0,971708,894959
1402,1677,56718461,55425250,23541,8085,87,8090,0,0,-18,0,-18,1,1,1,960,544.56,960,544.56,0,0,0,0,0,0,957958,905833
1403,1678,57298708,58234084,23553,8085,87,8090,0,0,-18,0,-18,1,1,1,960,544.56,960,544.56,0,0,0,0,0,0,830250,788125
1404,1679,64692959,63707875,23577,8085,87,8090,0,0,-18,0,-18,1,1,1,960,544.56,960,544.56,0,0,0,0,0,0,1273209,1192083
1405,1680,54044459,55378167,23553,8085,90,8090,0,0,-18,0,-18,1,1,1,960,544.56,960,544.56,0,0,0,0,0,0,1138334,1087209
1406,1681,54120123,52411708,23541,8085,87,8090,0,0,-18,0,-18,1,1,1,960,544.56,960,544.56,0,0,0,0,0,0,847916,804625
1407,1682,49733545,51365208,23641,8085,87,8090,0,0,-18,0,-18,1,1,1,960,544.56,960,544.56,0,0,0,0,0,0,863708,797834
1408,1683,52796918,49848375,24053,8085,87,8090,0,0,-18,0,-18,1,1,1,960,544.56,960,544.56,0,0,0,0,0,0,827750,784000
1409,1684,49114659,52035750,23769,8085,87,8090,0,0,-18,0,-18,1,1,1,960,544.56,960,544.56,0,0,0,0,0,0,945750,893625
1410,1685,53662165,52086042,23629,8085,87,8090,0,0,-18,0,-18,1,1,1,960,544.56,960,544.56,0,0,0,0,0,0,1008750,929792
1411,1686,48954207,50471125,23553,8086,88,8091,0,0,-18,0,-18,1,1,1,960,544.56,960,544.56,0,0,0,0,0,0,832666,790208
1412,1687,52591707,51233834,23489,8085,87,8090,0,0,-18,0,-18,1,1,1,960,544.56,960,544.56,0,0,0,0,0,0,817666,776875
1413,1688,57746585,59084167,23641,8085,87,8090,0,0,-18,0,-18,1,1,1,960,544.56,960,544.56,0,0,0,0,0,0,892292,815250
1414,1689,51055833,49658750,23541,8085,90,8090,0,0,-18,0,-18,1,1,1,960,544.56,960,544.56,0,0,0,0,0,0,821708,778375
1415,1690,47893956,49278125,23553,8085,87,8090,0,0,-18,0,-18,1,1,1,960,544.56,960,544.56,0,0,0,0,0,0,811292,768875
1416,1691,47428756,47511917,23577,8085,87,8090,0,0,-18,0,-18,1,1,1,960,544.56,960,544.56,0,0,0,0,0,0,934333,887000
1417,1692,42815163,41593542,23489,8085,87,8090,0,0,-18,0,-18,1,1,1,960,544.56,960,544.56,0,0,0,0,0,0,669666,634834
1418,1693,40938790,40912666,24117,8085,87,8090,0,0,-18,0,-18,1,1,1,960,544.56,960,544.56,0,0,0,0,0,0,698166,663458
1419,1694,37240169,38400083,23757,8085,87,8090,0,0,-18,0,-18,1,1,1,960,544.56,960,544.56,0,0,0,0,0,0,760083,690416
1420,1695,36643665,35533959,23577,8085,87,8090,0,0,-18,0,-18,1,1,1,960,544.56,960,544.56,0,0,0,0,0,0,666583,634125
1421,1696,36467205,37606125,23553,8085,87,8090,0,0,-18,0,-18,1,1,1,960,544.56,960,544.56,0,0,0,0,0,0,641791,610667
1422,1697,37819460,37809250,23489,8085,87,8090,0,0,-18,0,-18,1,1,1,960,544.56,960,544.56,0,0,0,0,0,0,651542,615833
1423,1698,39510417,38323625,23489,8085,87,8090,0,0,-18,0,-18,1,1,1,960,544.56,960,544.56,0,0,0,0,0,0,801458,770584
1424,1699,38561962,39691750,23641,8085,87,8090,0,0,-18,0,-18,1,1,1,960,544.56,960,544.56,0,0,0,0,0,0,656375,622916
1425,1700,43023250,43027834,23541,8085,87,8090,0,0,-18,0,-18,1,1,1,960,544.56,960,544.56,0,0,0,0,0,0,833292,769583
1426,1701,40510538,39288458,23489,8086,91,8091,0,0,-18,0,-18,1,1,1,960,544.56,960,544.56,0,0,0,0,0,0,679250,642125
1427,1702,37992961,39131708,23553,8085,87,8090,0,0,-18,0,-18,1,1,1,960,544.56,960,544.56,0,0,0,0,0,0,679500,643250
1428,1703,38936417,38955000,23577,8085,87,8090,0,0,-18,0,-18,1,1,1,960,544.56,960,544.56,0,0,0,0,0,0,630459,592125
1429,1704,37862662,36796209,23489,8085,87,8090,0,0,-18,0,-18,1,1,1,960,544.56,960,544.56,0,0,0,0,0,0,666375,633833
1430,1705,39166290,40176875,23553,8085,87,8090,0,0,-18,0,-18,1,1,1,960,544.56,960,544.56,0,0,0,0,0,0,664667,633667
1431,1706,42842835,41530834,24105,8085,87,8090,0,0,-18,0,-18,1,1,1,960,544.56,960,544.56,0,0,0,0,0,0,708417,647125
1432,1707,42947079,43043875,23793,8085,87,8090,0,0,-18,0,-18,1,1,1,960,544.56,960,544.56,0,0,0,0,0,0,769250,732167
1433,1708,42470797,43567417,23553,8085,87,8090,0,0,-18,0,-18,1,1,1,960,544.56,960,544.56,0,0,0,0,0,0,1090542,1039625
1434,1709,43239496,43211750,23489,8085,87,8090,0,0,-18,0,-18,1,1,1,960,544.56,960,544.56,0,0,0,0,0,0,702791,659667
1435,1710,49331959,47577875,23489,8085,87,8090,0,0,-18,0,-18,1,1,1,960,544.56,960,544.56,0,0,0,0,0,0,689500,654125
1436,1711,48921208,50478583,23693,8085,87,8090,0,0,-18,0,-18,1,1,1,960,544.56,960,544.56,0,0,0,0,0,0,787542,745500
1437,1712,60540746,58811792,23489,8085,87,8090,0,0,-18,0,-18,1,1,1,960,544.56,960,544.56,0,0,0,0,0,0,899208,817875
1438,1713,61422839,63091333,23553,8085,90,8090,0,0,-18,0,-18,1,1,1,960,544.56,960,544.56,0,0,0,0,0,0,991459,939125
1439,1714,62377911,60492500,23577,8085,87,8090,0,0,-18,0,-18,1,1,1,960,544.56,960,544.56,0,0,0,0,0,0,1174500,1111709
1440,1715,57867750,58151958,24169,8085,87,8090,0,0,-18,0,-18,1,1,1,960,544.56,960,544.56,0,0,0,0,0,0,957750,899209
1441,1716,54756872,54990292,23705,8086,88,8091,0,0,-18,0,-18,1,1,1,960,544.56,960,544.56,0,0,0,0,0,0,990666,931709
1442,1717,51948916,53404792,23641,8085,87,8090,0,0,-18,0,-18,1,1,1,960,544.56,960,544.56,0,0,0,0,0,0,804792,762709
1443,1718,55034589,53552041,23489,8085,87,8090,0,0,-18,0,-18,1,1,1,960,544.56,960,544.56,0,0,0,0,0,0,924500,870833
1444,1719,51629874,52948000,23605,8085,87,8090,0,0,-18,0,-18,1,1,1,960,544.56,960,544.56,0,0,0,0,0,0,825667,781458
1445,1720,63253082,61359250,23577,8085,87,8090,0,0,-18,0,-18,1,1,1,960,544.56,960,544.56,0,0,0,0,0,0,1081333,998500
1446,1721,55862165,57819500,23553,8085,90,8090,0,0,-18,0,-18,1,1,1,960,544.56,960,544.56,0,0,0,0,0,0,1008042,910916
1447,1722,54883666,53304000,23489,8085,87,8090,0,0,-18,0,-18,1,1,1,960,544.56,960,544.56,0,0,0,0,0,0,822041,776541
1448,1723,55304501,56772291,23693,8085,87,8090,0,0,-18,0,-18,1,1,1,960,544.56,960,544.56,0,0,0,0,0,0,1206250,1151792
1449,1724,58320790,55623625,24053,8085,87,8090,0,0,-18,0,-18,1,1,1,960,544.56,960,544.56,0,0,0,0,0,0,841083,764417
1450,1725,55377792,57870000,23769,8085,87,8090,0,0,-18,0,-18,1,1,1,960,544.56,960,544.56,0,0,0,0,0,0,838125,794834
1451,1726,63925206,62342084,23577,8085,87,8090,0,0,-18,0,-18,1,1,1,960,544.56,960,544.56,0,0,0,0,0,0,1089209,1030541
1452,1727,60072917,61783250,23605,8085,87,8090,0,0,-18,0,-18,1,1,1,960,544.56,960,544.56,0,0,0,0,0,0,1006583,948666
1453,1728,63490547,61393917,23489,8085,87,8090,0,0,-18,0,-18,1,1,1,960,544.56,960,544.56,0,0,0,0,0,0,1245042,1190958
1454,1729,58076828,60173792,23641,8085,87,8090,0,0,-18,0,-18,1,1,1,960,544.56,960,544.56,0,0,0,0,0,0,855625,809750
1455,1730,50856214,49370834,23489,8085,90,8090,0,0,-18,0,-18,1,1,1,960,544.56,960,544.56,0,0,0,0,0,0,852833,803708
1456,1731,49877911,51217083,23605,8086,88,8091,0,0,-18,0,-18,1,1,1,960,544.56,960,544.56,0,0,0,0,0,0,828375,784500
1457,1732,52537295,51211667,23577,8085,87,8090,0,0,-18,0,-18,1,1,1,960,544.56,960,544.56,0,0,0,0,0,0,813083,770375
1458,1733,50289455,50204708,24117,8085,87,8090,0,0,-18,0,-18,1,1,1,960,544.56,960,544.56,0,0,0,0,0,0,975584,921459
1459,1734,43351706,44852584,23705,8085,87,8090,0,0,-18,0,-18,1,1,1,960,544.56,960,544.56,0,0,0,0,0,0,692667,656625
1460,1735,42693708,41335500,23489,8085,87,8090,0,0,-18,0,-18,1,1,1,960,544.56,960,544.56,0,0,0,0,0,0,679291,641958
1461,1736,40131624,41433542,23693,8085,87,8090,0,0,-18,0,-18,1,1,1,960,544.56,960,544.56,0,0,0,0,0,0,751834,664208
1462,1737,41239209,41239584,23489,8085,87,8090,0,0,-18,0,-18,1,1,1,960,544.56,960,544.56,0,0,0,0,0,0,708167,672583
1463,1738,41606582,40339125,23489,8085,87,8090,0,0,-18,0,-18,1,1,1,960,544.56,960,544.56,0,0,0,0,0,0,699000,664166
1464,1739,40522336,41722459,23553,8085,87,8090,0,0,-18,0,-18,1,1,1,960,544.56,960,544.56,0,0,0,0,0,0,785125,742583
1465,1740,39170037,39192083,23577,8085,90,8090,0,0,-18,0,-18,1,1,1,960,544.56,960,544.56,0,0,0,0,0,0,633500,602167
1466,1741,38793373,37714959,23541,8085,87,8090,0,0,-18,0,-18,1,1,1,960,544.56,960,544.56,0,0,0,0,0,0,651334,619375
1467,1742,38073249,39167875,23553,8085,87,8090,0,0,-18,0,-18,1,1,1,960,544.56,960,544.56,0,0,0,0,0,0,708333,650208
1468,1743,37425085,37271167,23489,8085,87,8090,0,0,-18,0,-18,1,1,1,960,544.56,960,544.56,0,0,0,0,0,0,617666,585417
1469,1744,39470005,38452208,23577,8085,87,8090,0,0,-18,0,-18,1,1,1,960,544.56,960,544.56,0,0,0,0,0,0,725042,688667
1470,1745,38305953,39381500,23553,8085,87,8090,0,0,-18,0,-18,1,1,1,960,544.56,960,544.56,0,0,0,0,0,0,650959,614917
1471,1746,39816964,38731791,24053,8086,88,8091,0,0,-18,0,-18,1,1,1,960,544.56,960,544.56,0,0,0,0,0,0,650000,616542
1472,1747,37506788,37466500,23757,8085,87,8090,0,0,-18,0,-18,1,1,1,960,544.56,960,544.56,0,0,0,0,0,0,624459,594125
1473,1748,38098789,39212375,23641,8085,87,8090,0,0,-18,0,-18,1,1,1,960,544.56,960,544.56,0,0,0,0,0,0,722750,681875
1474,1749,38545250,38515917,23489,8085,87,8090,0,0,-18,0,-18,1,1,1,960,544.56,960,544.56,0,0,0,0,0,0,746208,709500
1475,1750,39117332,37907458,23489,8085,87,8090,0,0,-18,0,-18,1,1,1,960,544.56,960,544.56,0,0,0,0,0,0,649500,606125
1476,1751,38102835,39212125,23553,8085,87,8090,0,0,-18,0,-18,1,1,1,960,544.56,960,544.56,0,0,0,0,0,0,728750,686000
1477,1752,41975792,42038875,23577,8085,87,8090,0,0,-18,0,-18,1,1,1,960,544.56,960,544.56,0,0,0,0,0,0,731000,696250
1478,1753,41944082,40698459,23541,8085,90,8090,0,0,-18,0,-18,1,1,1,960,544.56,960,544.56,0,0,0,0,0,0,658416,628500
1479,1754,39511501,40730875,23553,8085,87,8090,0,0,-18,0,-18,1,1,1,960,544.56,960,544.56,0,0,0,0,0,0,727833,683333
1480,1755,40079746,39968584,23489,8085,87,8090,0,0,-18,0,-18,1,1,1,960,544.56,960,544.56,0,0,0,0,0,0,623083,581750
1481,1756,42237371,41086875,23577,8085,87,8090,0,0,-18,0,-18,1,1,1,960,544.56,960,544.56,0,0,0,0,0,0,707583,672000
1482,1757,39762005,40901208,23553,8085,87,8090,0,0,-18,0,-18,1,1,1,960,544.56,960,544.56,0,0,0,0,0,0,675916,637208
1483,1758,43382413,42128166,24105,8085,87,8090,0,0,-18,0,-18,1,1,1,960,544.56,960,544.56,0,0,0,0,0,0,726000,691292
1484,1759,42555250,42436667,23705,8085,87,8090,0,0,-18,0,-18,1,1,1,960,544.56,960,544.56,0,0,0,0,0,0,682625,647792
1485,1760,45769833,47068459,23641,8085,87,8090,0,0,-18,0,-18,1,1,1,960,544.56,960,544.56,0,0,0,0,0,0,752125,710125
1486,1761,51008000,50932167,23489,8086,88,8091,0,0,-18,0,-18,1,1,1,960,544.56,960,544.56,0,0,0,0,0,0,813583,771458
1487,1762,65184876,63140375,23489,8085,87,8090,0,0,-18,0,-18,1,1,1,960,544.56,960,544.56,0,0,0,0,0,0,825417,781500
1488,1763,62862329,64673125,23693,8085,87,8090,0,0,-18,0,-18,1,1,1,960,544.56,960,544.56,0,0,0,0,0,0,986250,925000
1489,1764,77784664,75051834,23489,8085,87,8090,0,0,-18,0,-18,1,1,1,960,544.56,960,544.56,0,0,0,0,0,0,1129625,1073125
1490,1765,63402086,65942042,23553,8085,90,8090,0,0,-18,0,-18,1,1,1,960,544.56,960,544.56,0,0,0,0,0,0,1022334,969000
1491,1766,70211008,67836750,23629,8085,87,8090,0,0,-18,0,-18,1,1,1,960,544.56,960,544.56,0,0,0,0,0,0,981250,920375
1492,1767,62621913,63165708,24117,8085,87,8090,0,0,-18,0,-18,1,1,1,960,544.56,960,544.56,0,0,0,0,0,0,1027959,974708
1493,1768,64450122,64445000,23705,8085,87,8090,0,0,-18,0,-18,1,1,1,960,544.56,960,544.56,0,0,0,0,0,0,957416,903292
1494,1769,62463335,64389000,23641,8085,87,8090,0,0,-18,0,-18,1,1,1,960,544.56,960,544.56,0,0,0,0,0,0,1076084,990125
1495,1770,66868916,65103291,23541,8085,87,8090,0,0,-18,0,-18,1,1,1,960,544.56,960,544.56,0,0,0,0,0,0,1063500,1000500
1496,1771,64099669,65851791,23553,8085,87,8090,0,0,-18,0,-18,1,1,1,960,544.56,960,544.56,0,0,0,0,0,0,1059083,1000709
1497,1772,52421756,50792500,23577,8085,90,8090,0,0,-18,0,-18,1,1,1,960,544.56,960,544.56,0,0,0,0,0,0,942792,888542
1498,1773,49653414,51244291,23553,8085,87,8090,0,0,-18,0,-18,1,1,1,960,544.56,960,544.56,0,0,0,0,0,0,843250,801167
1499,1774,52866708,51193084,23541,8085,87,8090,0,0,-18,0,-18,1,1,1,960,544.56,960,544.56,0,0,0,0,0,0,920958,875500
1500,1775,51475044,51639500,24205,8085,87,8090,0,0,-18,0,-18,1,1,1,960,544.56,960,544.56,0,0,0,0,0,0,820375,770667
1501,1776,59800412,59504500,30501,8086,88,8091,0,0,-18,0,-18,1,1,1,960,544.56,960,544.56,0,0,0,0,0,0,998833,944625
1502,1777,58229796,59908750,29281,8085,87,8090,0,0,-18,0,-18,1,1,1,960,544.56,960,544.56,0,0,0,0,0,0,1272333,1197333
1503,1778,57482659,55759166,23629,8085,87,8090,0,0,-18,0,-18,1,1,1,960,544.56,960,544.56,0,0,0,0,0,0,821541,778542
1504,1779,53079832,54830917,23553,8085,87,8090,0,0,-18,0,-18,1,1,1,960,544.56,960,544.56,0,0,0,0,0,0,1155459,1064500
1505,1780,63072592,61587458,23489,8085,87,8090,0,0,-18,0,-18,1,1,1,960,544.56,960,544.56,0,0,0,0,0,0,1003666,950833
1506,1781,50677537,52132917,23641,8085,90,8090,0,0,-18,0,-18,1,1,1,960,544.56,960,544.56,0,0,0,0,0,0,1398042,1346584
1507,1782,51697123,50266917,23541,8085,87,8090,0,0,-18,0,-18,1,1,1,960,544.56,960,544.56,0,0,0,0,0,0,1300167,1226167
1508,1783,49097046,50418708,23553,8085,87,8090,0,0,-18,0,-18,1,1,1,960,544.56,960,544.56,0,0,0,0,0,0,821125,777375
1509,1784,49539666,48359542,24141,8085,87,8090,0,0,-18,0,-18,1,1,1,960,544.56,960,544.56,0,0,0,0,0,0,812042,770750
1510,1785,41708666,41785250,23705,8085,87,8090,0,0,-18,0,-18,1,1,1,960,544.56,960,544.56,0,0,0,0,0,0,760209,694917
1511,1786,40308207,41532375,23553,8085,87,8090,0,0,-18,0,-18,1,1,1,960,544.56,960,544.56,0,0,0,0,0,0,691333,654667
1512,1787,36463081,36369417,23541,8085,87,8090,0,0,-18,0,-18,1,1,1,960,544.56,960,544.56,0,0,0,0,0,0,656208,625709
1513,1788,37406001,36415042,23577,8085,87,8090,0,0,-18,0,-18,1,1,1,960,544.56,960,544.56,0,0,0,0,0,0,672625,635708
1514,1789,35087168,36101583,23553,8085,87,8090,0,0,-18,0,-18,1,1,1,960,544.56,960,544.56,0,0,0,0,0,0,639834,607458
1515,1790,38092210,38087417,23489,8085,87,8090,0,0,-18,0,-18,1,1,1,960,544.56,960,544.56,0,0,0,0,0,0,667500,636125
1516,1791,43763831,42605791,23489,8086,88,8091,0,0,-18,0,-18,1,1,1,960,544.56,960,544.56,0,0,0,0,0,0,727167,686500
1517,1792,38623120,39703959,23641,8085,90,8090,0,0,-18,0,-18,1,1,1,960,544.56,960,544.56,0,0,0,0,0,0,717417,682458
1518,1793,39491958,39495750,23541,8085,87,8090,0,0,-18,0,-18,1,1,1,960,544.56,960,544.56,0,0,0,0,0,0,674958,640083
1519,1794,39930086,38876833,23489,8085,87,8090,0,0,-18,0,-18,1,1,1,960,544.56,960,544.56,0,0,0,0,0,0,772667,731792
1520,1795,38414206,39399833,23553,8085,87,8090,0,0,-18,0,-18,1,1,1,960,544.56,960,544.56,0,0,0,0,0,0,675125,643000
1521,1796,39080038,39107666,23577,8085,87,8090,0,0,-18,0,-18,1,1,1,960,544.56,960,544.56,0,0,0,0,0,0,676500,641709
1522,1797,40120005,38209208,24053,8085,87,8090,0,0,-18,0,-18,1,1,1,960,544.56,960,544.56,0,0,0,0,0,0,723291,678375
1523,1798,37466078,39357292,23769,8085,87,8090,0,0,-18,0,-18,1,1,1,960,544.56,960,544.56,0,0,0,0,0,0,616416,585583
1524,1799,37289250,37212333,23541,8085,87,8090,0,0,-18,0,-18,1,1,1,960,544.56,960,544.56,0,0,0,0,0,0,661208,630209
1525,1800,39697166,38678625,23577,8085,87,8090,0,0,-18,0,-18,1,1,1,960,544.56,960,544.56,0,0,0,0,0,0,660167,625583
1526,1801,37872377,38905958,23553,8085,87,8090,0,0,-18,0,-18,1,1,1,960,544.56,960,544.56,0,0,0,0,0,0,680208,648459
1527,1802,37311542,37325875,23489,8085,87,8090,0,0,-18,0,-18,1,1,1,960,544.56,960,544.56,0,0,0,0,0,0,715000,680000
1528,1803,39807539,38631459,23489,8085,87,8090,0,0,-18,0,-18,1,1,1,960,544.56,960,544.56,0,0,0,0,0,0,704292,663000
1529,1804,43555788,44654250,23641,8085,87,8090,0,0,-18,0,-18,1,1,1,960,544.56,960,544.56,0,0,0,0,0,0,699375,664583
1530,1805,39090625,39063541,23541,8085,90,8090,0,0,-18,0,-18,1,1,1,960,544.56,960,544.56,0,0,0,0,0,0,723792,660375
1531,1806,41981335,40654583,23489,8086,88,8091,0,0,-18,0,-18,1,1,1,960,544.56,960,544.56,0,0,0,0,0,0,682667,639500
1532,1807,37751544,39005875,23553,8085,87,8090,0,0,-18,0,-18,1,1,1,960,544.56,960,544.56,0,0,0,0,0,0,661250,629542
1533,1808,39948914,40020000,23577,8085,87,8090,0,0,-18,0,-18,1,1,1,960,544.56,960,544.56,0,0,0,0,0,0,717667,682542
1534,1809,43310288,42023708,23489,8085,87,8090,0,0,-18,0,-18,1,1,1,960,544.56,960,544.56,0,0,0,0,0,0,751709,706709
1535,1810,47001127,47019000,24169,8085,87,8090,0,0,-18,0,-18,1,1,1,960,544.56,960,544.56,0,0,0,0,0,0,865375,828125
1536,1811,40959998,41940583,23705,8085,87,8090,0,0,-18,0,-18,1,1,1,960,544.56,960,544.56,0,0,0,0,0,0,708292,673500
1537,1812,46360749,45053791,23577,8085,87,8090,0,0,-18,0,-18,1,1,1,960,544.56,960,544.56,0,0,0,0,0,0,748041,690833
1538,1813,49721669,51107250,23553,8085,87,8090,0,0,-18,0,-18,1,1,1,960,544.56,960,544.56,0,0,0,0,0,0,909708,859708
1539,1814,63844121,61756708,23489,8085,87,8090,0,0,-18,0,-18,1,1,1,960,544.56,960,544.56,0,0,0,0,0,0,1012875,965125
1540,1815,67941203,69875834,23693,8085,87,8090,0,0,-18,0,-18,1,1,1,960,544.56,960,544.56,0,0,0,0,0,0,1063834,979167
1541,1816,67119620,65291917,23489,8085,90,8090,0,0,-18,0,-18,1,1,1,960,544.56,960,544.56,0,0,0,0,0,0,985666,932959
1542,1817,62594875,64206334,23553,8085,87,8090,0,0,-18,0,-18,1,1,1,960,544.56,960,544.56,0,0,0,0,0,0,1004083,950542
1543,1818,66943332,63671292,23577,8085,87,8090,0,0,-18,0,-18,1,1,1,960,544.56,960,544.56,0,0,0,0,0,0,1077375,979167
1544,1819,60260340,63640750,24385,8085,87,8090,0,0,-18,0,-18,1,1,1,960,544.56,960,544.56,0,0,0,0,0,0,1033708,977459
1545,1820,54684750,53254083,23489,8085,87,8090,0,0,-18,0,-18,1,1,1,960,544.56,960,544.56,0,0,0,0,0,0,1028542,976083
1546,1821,49585331,51025833,23641,8086,88,8091,0,0,-18,0,-18,1,1,1,960,544.56,960,544.56,0,0,0,0,0,0,857875,781917
1547,1822,52762456,51080417,23489,8085,87,8090,0,0,-18,0,-18,1,1,1,960,544.56,960,544.56,0,0,0,0,0,0,806000,761250
1548,1823,66812627,68175917,23605,8085,87,8090,0,0,-18,0,-18,1,1,1,960,544.56,960,544.56,0,0,0,0,0,0,1238167,1175958
1549,1824,60187201,59018292,23577,8085,90,8090,0,0,-18,0,-18,1,1,1,960,544.56,960,544.56,0,0,0,0,0,0,1024167,933250
1550,1825,52634630,54036125,23553,8085,87,8090,0,0,-18,0,-18,1,1,1,960,544.56,960,544.56,0,0,0,0,0,0,1117417,1075125
1551,1826,55649291,54145416,23489,8085,87,8090,0,0,-18,0,-18,1,1,1,960,544.56,960,544.56,0,0,0,0,0,0,847875,804541
1552,1827,49932289,49980083,24257,8085,87,8090,0,0,-18,0,-18,1,1,1,960,544.56,960,544.56,0,0,0,0,0,0,831542,767209
1553,1828,53107872,53108042,23705,8085,87,8090,0,0,-18,0,-18,1,1,1,960,544.56,960,544.56,0,0,0,0,0,0,903667,861500
1554,1829,52445296,53689916,23553,8085,87,8090,0,0,-18,0,-18,1,1,1,960,544.56,960,544.56,0,0,0,0,0,0,867333,815292
1555,1830,53959246,52645083,23577,8085,87,8090,0,0,-18,0,-18,1,1,1,960,544.56,960,544.56,0,0,0,0,0,0,856375,788625
1556,1831,50807625,52213875,23605,8085,87,8090,0,0,-18,0,-18,1,1,1,960,544.56,960,544.56,0,0,0,0,0,0,832375,788416
1557,1832,54491665,53041000,23489,8085,87,8090,0,0,-18,0,-18,1,1,1,960,544.56,960,544.56,0,0,0,0,0,0,845667,801833
1558,1833,48094209,49511125,23641,8085,90,8090,0,0,-18,0,-18,1,1,1,960,544.56,960,544.56,0,0,0,0,0,0,838125,759792
1559,1834,43498206,43537875,23489,8085,87,8090,0,0,-18,0,-18,1,1,1,960,544.56,960,544.56,0,0,0,0,0,0,820958,779625
1560,1835,42876750,41678084,23489,8085,87,8090,0,0,-18,0,-18,1,1,1,960,544.56,960,544.56,0,0,0,0,0,0,713250,677084
1561,1836,39826333,40959166,23605,8086,88,8091,0,0,-18,0,-18,1,1,1,960,544.56,960,544.56,0,0,0,0,0,0,706916,666333
1562,1837,36310039,36369417,23577,8085,87,8090,0,0,-18,0,-18,1,1,1,960,544.56,960,544.56,0,0,0,0,0,0,657750,626875
1563,1838,38030337,36043500,24053,8085,87,8090,0,0,-18,0,-18,1,1,1,960,544.56,960,544.56,0,0,0,0,0,0,697083,646792
1564,1839,34622207,36568000,23769,8085,87,8090,0,0,-18,0,-18,1,1,1,960,544.56,960,544.56,0,0,0,0,0,0,659042,623291
1565,1840,39113372,39042958,23489,8085,87,8090,0,0,-18,0,-18,1,1,1,960,544.56,960,544.56,0,0,0,0,0,0,662417,630958
1566,1841,42793791,41447250,23489,8085,87,8090,0,0,-18,0,-18,1,1,1,960,544.56,960,544.56,0,0,0,0,0,0,734083,699375
1567,1842,40610961,41751208,23693,8085,87,8090,0,0,-18,0,-18,1,1,1,960,544.56,960,544.56,0,0,0,0,0,0,726042,685208
1568,1843,42717743,42826959,23489,8085,87,8090,0,0,-18,0,-18,1,1,1,960,544.56,960,544.56,0,0,0,0,0,0,922167,880625
1569,1844,51577381,50140167,23489,8085,87,8090,0,0,-18,0,-18,1,1,1,960,544.56,960,544.56,0,0,0,0,0,0,972625,937250
1570,1845,49046039,50276208,23553,8085,90,8090,0,0,-18,0,-18,1,1,1,960,544.56,960,544.56,0,0,0,0,0,0,790333,744542
1571,1846,61061628,58835958,23577,8085,87,8090,0,0,-18,0,-18,1,1,1,960,544.56,960,544.56,0,0,0,0,0,0,789083,745833
1572,1847,61241369,63503000,23605,8085,87,8090,0,0,-18,0,-18,1,1,1,960,544.56,960,544.56,0,0,0,0,0,0,964834,913250
1573,1848,67241750,63875333,24053,8085,87,8090,0,0,-18,0,-18,1,1,1,960,544.56,960,544.56,0,0,0,0,0,0,1107750,1042208
1574,1849,58049794,61308542,23857,8085,87,8090,0,0,-18,0,-18,1,1,1,960,544.56,960,544.56,0,0,0,0,0,0,1144500,1089208
1575,1850,62959417,61032750,23489,8085,87,8090,0,0,-18,0,-18,1,1,1,960,544.56,960,544.56,0,0,0,0,0,0,1003709,950042
1576,1851,57802911,59600958,23605,8086,88,8091,0,0,-18,0,-18,1,1,1,960,544.56,960,544.56,0,0,0,0,0,0,1006834,945666
1577,1852,56575879,55099750,23577,8085,87,8090,0,0,-18,0,-18,1,1,1,960,544.56,960,544.56,0,0,0,0,0,0,939541,886792
1578,1853,56831121,58331708,23553,8085,87,8090,0,0,-18,0,-18,1,1,1,960,544.56,960,544.56,0,0,0,0,0,0,866125,818583
1579,1854,52210252,50449917,23489,8085,90,8090,0,0,-18,0,-18,1,1,1,960,544.56,960,544.56,0,0,0,0,0,0,838708,788958
1580,1855,48316743,50120500,23693,8085,87,8090,0,0,-18,0,-18,1,1,1,960,544.56,960,544.56,0,0,0,0,0,0,805792,763959
1581,1856,51609255,50187833,23489,8085,87,8090,0,0,-18,0,-18,1,1,1,960,544.56,960,544.56,0,0,0,0,0,0,771958,728292
1582,1857,49634955,49527250,23553,8085,87,8090,0,0,-18,0,-18,1,1,1,960,544.56,960,544.56,0,0,0,0,0,0,832416,781416
1583,1858,50494998,50438958,24269,8085,87,8090,0,0,-18,0,-18,1,1,1,960,544.56,960,544.56,0,0,0,0,0,0,815209,773375
1584,1859,49114916,50607750,23693,8085,87,8090,0,0,-18,0,-18,1,1,1,960,544.56,960,544.56,0,0,0,0,0,0,774750,732750
1585,1860,50889797,49483792,23489,8085,87,8090,0,0,-18,0,-18,1,1,1,960,544.56,960,544.56,0,0,0,0,0,0,825292,776750
1586,1861,51423788,52743625,23553,8085,87,8090,0,0,-18,0,-18,1,1,1,960,544.56,960,544.56,0,0,0,0,0,0,830667,762208
1587,1862,51107250,49788958,23577,8085,87,8090,0,0,-18,0,-18,1,1,1,960,544.56,960,544.56,0,0,0,0,0,0,771542,729542
1588,1863,57575963,58893334,23605,8085,87,8090,0,0,-18,0,-18,1,1,1,960,544.56,960,544.56,0,0,0,0,0,0,902208,846042
1589,1864,53733624,52255625,23489,8085,90,8090,0,0,-18,0,-18,1,1,1,960,544.56,960,544.56,0,0,0,0,0,0,845750,801625
1590,1865,51992580,53309542,23641,8085,87,8090,0,0,-18,0,-18,1,1,1,960,544.56,960,544.56,0,0,0,0,0,0,825250,782084
1591,1866,54343372,53091417,23489,8086,88,8091,0,0,-18,0,-18,1,1,1,960,544.56,960,544.56,0,0,0,0,0,0,830541,760916
1592,1867,51446668,50908459,24169,8085,87,8090,0,0,-18,0,-18,1,1,1,960,544.56,960,544.56,0,0,0,0,0,0,1051709,998709
1593,1868,57497788,57810625,23793,8085,87,8090,0,0,-18,0,-18,1,1,1,960,544.56,960,544.56,0,0,0,0,0,0,1189208,1130875
1594,1869,54709836,56261792,23553,8085,87,8090,0,0,-18,0,-18,1,1,1,960,544.56,960,544.56,0,0,0,0,0,0,1015042,950250
1595,1870,50968997,49273458,23489,8085,87,8090,0,0,-18,0,-18,1,1,1,960,544.56,960,544.56,0,0,0,0,0,0,768167,727250
1596,1871,47580584,49218416,23693,8085,87,8090,0,0,-18,0,-18,1,1,1,960,544.56,960,544.56,0,0,0,0,0,0,792500,750750
1597,1872,48586040,48656167,23489,8085,87,8090,0,0,-18,0,-18,1,1,1,960,544.56,960,544.56,0,0,0,0,0,0,844834,796375
1598,1873,42978167,41682459,23489,8085,90,8090,0,0,-18,0,-18,1,1,1,960,544.56,960,544.56,0,0,0,0,0,0,694542,658167
1599,1874,39566878,40770458,23553,8085,87,8090,0,0,-18,0,-18,1,1,1,960,544.56,960,544.56,0,0,0,0,0,0,727250,666792
1600,1875,36236371,36273416,23577,8085,87,8090,0,0,-18,0,-18,1,1,1,960,544.56,960,544.56,0,0,0,0,0,0,670250,633375
1601,1876,37243168,36163291,23541,8085,87,8090,0,0,-18,0,-18,1,1,1,960,544.56,960,544.56,0,0,0,0,0,0,627791,595625
1602,1877,34881830,35924917,23553,8085,87,8090,0,0,-18,0,-18,1,1,1,960,544.56,960,544.56,0,0,0,0,0,0,652000,621375
1603,1878,38772668,37684750,24053,8085,87,8090,0,0,-18,0,-18,1,1,1,960,544.56,960,544.56,0,0,0,0,0,0,648208,612083
1604,1879,38914252,38851000,23705,8085,87,8090,0,0,-18,0,-18,1,1,1,960,544.56,960,544.56,0,0,0,0,0,0,657375,626209
1605,1880,38078870,39203458,23641,8085,87,8090,0,0,-18,0,-18,1,1,1,960,544.56,960,544.56,0,0,0,0,0,0,680917,643416
1606,1881,37075169,37041833,23489,8086,88,8091,0,0,-18,0,-18,1,1,1,960,544.56,960,544.56,0,0,0,0,0,0,754458,703792
1607,1882,41291873,40239709,23541,8085,87,8090,0,0,-18,0,-18,1,1,1,960,544.56,960,544.56,0,0,0,0,0,0,708291,673916
1608,1883,38078542,39060834,23553,8085,87,8090,0,0,-18,0,-18,1,1,1,960,544.56,960,544.56,0,0,0,0,0,0,611667,576000
1609,1884,36963164,36955042,23577,8083,87,8088,0,0,-18,0,-18,1,1,1,960,544.56,960,544.56,0,0,0,0,0,0,691084,655875
1610,1885,44375170,43314292,23489,8085,87,8090,0,0,-18,0,-18,1,1,1,960,544.56,960,544.56,0,0,0,0,0,0,756667,717541
1611,1886,37639662,38710875,23553,8085,90,8090,0,0,-18,0,-18,1,1,1,960,544.56,960,544.56,0,0,0,0,0,0,626208,595584
1612,1887,40321830,40173166,23489,8085,87,8090,0,0,-18,0,-18,1,1,1,960,544.56,960,544.56,0,0,0,0,0,0,673125,621209
1613,1888,40894713,39705917,23629,8085,87,8090,0,0,-18,0,-18,1,1,1,960,544.56,960,544.56,0,0,0,0,0,0,672666,637625
1614,1889,36274455,37508250,23553,8085,87,8090,0,0,-18,0,-18,1,1,1,960,544.56,960,544.56,0,0,0,0,0,0,766875,735833
1615,1890,39755959,39725084,23489,8085,87,8090,0,0,-18,0,-18,1,1,1,960,544.56,960,544.56,0,0,0,0,0,0,707666,646375
1616,1891,43295294,41349917,24053,8085,87,8090,0,0,-18,0,-18,1,1,1,960,544.56,960,544.56,0,0,0,0,0,0,756458,713250
1617,1892,42619373,44485500,23857,8085,87,8090,0,0,-18,0,-18,1,1,1,960,544.56,960,544.56,0,0,0,0,0,0,801958,764333
1618,1893,42140871,41926333,23541,8085,87,8090,0,0,-18,0,-18,1,1,1,960,544.56,960,544.56,0,0,0,0,0,0,698208,632625
1619,1894,46011459,44785083,23489,8085,87,8090,0,0,-18,0,-18,1,1,1,960,544.56,960,544.56,0,0,0,0,0,0,683584,646875
1620,1895,49538251,50813792,23553,8085,87,8090,0,0,-18,0,-18,1,1,1,960,544.56,960,544.56,0,0,0,0,0,0,799250,757500
1621,1896,55153705,53271833,23577,8086,88,8091,0,0,-18,0,-18,1,1,1,960,544.56,960,544.56,0,0,0,0,0,0,1045209,986875
1622,1897,65346539,67072291,23553,8085,87,8090,0,0,-18,0,-18,1,1,1,960,544.56,960,544.56,0,0,0,0,0,0,1058084,1004708
1623,1898,65128296,63259000,23541,8085,90,8090,0,0,-18,0,-18,1,1,1,960,544.56,960,544.56,0,0,0,0,0,0,972750,921166
1624,1899,58224376,60082000,23641,8085,87,8090,0,0,-18,0,-18,1,1,1,960,544.56,960,544.56,0,0,0,0,0,0,952333,894209
1625,1900,57235248,54777292,24053,8085,87,8090,0,0,-18,0,-18,1,1,1,960,544.56,960,544.56,0,0,0,0,0,0,882542,838708
1626,1901,51278330,53559500,23769,8085,87,8090,0,0,-18,0,-18,1,1,1,960,544.56,960,544.56,0,0,0,0,0,0,864000,821250
1627,1902,51943004,50811333,23629,8085,87,8090,0,0,-18,0,-18,1,1,1,960,544.56,960,544.56,0,0,0,0,0,0,903959,849292
1628,1903,49786500,51036375,23553,8085,87,8090,0,0,-18,0,-18,1,1,1,960,544.56,960,544.56,0,0,0,0,0,0,840958,791500
1629,1904,52818749,51287667,23489,8085,87,8090,0,0,-18,0,-18,1,1,1,960,544.56,960,544.56,0,0,0,0,0,0,912792,864041
1630,1905,48271209,49879333,23641,8085,87,8090,0,0,-18,0,-18,1,1,1,960,544.56,960,544.56,0,0,0,0,0,0,857208,777792
1631,1906,54733119,53279667,23541,8085,87,8090,0,0,-18,0,-18,1,1,1,960,544.56,960,544.56,0,0,0,0,0,0,1074167,1029416
1632,1907,48831786,50124208,23553,8085,90,8090,0,0,-18,0,-18,1,1,1,960,544.56,960,544.56,0,0,0,0,0,0,820416,778416
1633,1908,51532708,50201583,23577,8085,87,8090,0,0,-18,0,-18,1,1,1,960,544.56,960,544.56,0,0,0,0,0,0,844750,792334
1634,1909,49090709,50441041,23553,8085,87,8090,0,0,-18,0,-18,1,1,1,960,544.56,960,544.56,0,0,0,0,0,0,819041,776875
1635,1910,50568167,49343916,24105,8085,87,8090,0,0,-18,0,-18,1,1,1,960,544.56,960,544.56,0,0,0,0,0,0,805125,761416
1636,1911,48575870,48318166,23793,8086,88,8091,0,0,-18,0,-18,1,1,1,960,544.56,960,544.56,0,0,0,0,0,0,756167,714708
1637,1912,46272128,47679667,23553,8085,87,8090,0,0,-18,0,-18,1,1,1,960,544.56,960,544.56,0,0,0,0,0,0,857250,808250
1638,1913,51096748,51104417,23489,8085,87,8090,0,0,-18,0,-18,1,1,1,960,544.56,960,544.56,0,0,0,0,0,0,824291,767000
1639,1914,51958914,50485250,23489,8085,87,8090,0,0,-18,0,-18,1,1,1,960,544.56,960,544.56,0,0,0,0,0,0,841583,791958
1640,1915,54465711,55872667,23693,8085,87,8090,0,0,-18,0,-18,1,1,1,960,544.56,960,544.56,0,0,0,0,0,0,888083,842417
1641,1916,51939167,50534042,23489,8085,90,8090,0,0,-18,0,-18,1,1,1,960,544.56,960,544.56,0,0,0,0,0,0,806792,763792
1642,1917,49073752,50303917,23553,8085,87,8090,0,0,-18,0,-18,1,1,1,960,544.56,960,544.56,0,0,0,0,0,0,844666,775875
1643,1918,50905540,49651500,23577,8085,87,8090,0,0,-18,0,-18,1,1,1,960,544.56,960,544.56,0,0,0,0,0,0,808125,766166
1644,1919,47422457,48791917,23605,8085,87,8090,0,0,-18,0,-18,1,1,1,960,544.56,960,544.56,0,0,0,0,0,0,821333,778916
1645,1920,50435964,49045250,24053,8085,87,8090,0,0,-18,0,-18,1,1,1,960,544.56,960,544.56,0,0,0,0,0,0,830292,759042
1646,1921,43456703,43636959,23705,8085,87,8090,0,0,-18,0,-18,1,1,1,960,544.56,960,544.56,0,0,0,0,0,0,832000,789917
1647,1922,40214002,41447917,23641,8085,87,8090,0,0,-18,0,-18,1,1,1,960,544.56,960,544.56,0,0,0,0,0,0,751708,715000
1648,1923,41536793,41506167,23489,8085,87,8090,0,0,-18,0,-18,1,1,1,960,544.56,960,544.56,0,0,0,0,0,0,724209,665416
1649,1924,40380336,39302584,23541,8085,87,8090,0,0,-18,0,-18,1,1,1,960,544.56,960,544.56,0,0,0,0,0,0,699916,664250
1650,1925,36556251,37547708,23553,8085,87,8090,0,0,-18,0,-18,1,1,1,960,544.56,960,544.56,0,0,0,0,0,0,651500,619708
1651,1926,41215874,41274458,23577,8086,88,8091,0,0,-18,0,-18,1,1,1,960,544.56,960,544.56,0,0,0,0,0,0,732083,692334
1652,1927,38815498,37668375,23489,8085,90,8090,0,0,-18,0,-18,1,1,1,960,544.56,960,544.56,0,0,0,0,0,0,713833,677708
1653,1928,37775419,38877375,23553,8085,87,8090,0,0,-18,0,-18,1,1,1,960,544.56,960,544.56,0,0,0,0,0,0,705875,664459
1654,1929,37904039,37806500,23489,8085,87,8090,0,0,-18,0,-18,1,1,1,960,544.56,960,544.56,0,0,0,0,0,0,722542,681583
1655,1930,39628338,38403792,23629,8085,87,8090,0,0,-18,0,-18,1,1,1,960,544.56,960,544.56,0,0,0,0,0,0,728667,694042
1656,1931,37561833,38835750,23553,8085,87,8090,0,0,-18,0,-18,1,1,1,960,544.56,960,544.56,0,0,0,0,0,0,611125,580792
1657,1932,39001666,39018958,23489,8085,87,8090,0,0,-18,0,-18,1,1,1,960,544.56,960,544.56,0,0,0,0,0,0,654125,589042
1658,1933,39594586,37571250,24053,8085,87,8090,0,0,-18,0,-18,1,1,1,960,544.56,960,544.56,0,0,0,0,0,0,621875,591167
1659,1934,36044619,38036958,23857,8085,87,8090,0,0,-18,0,-18,1,1,1,960,544.56,960,544.56,0,0,0,0,0,0,646709,615625
1660,1935,38780704,38756208,23489,8085,87,8090,0,0,-18,0,-18,1,1,1,960,544.56,960,544.56,0,0,0,0,0,0,678875,635375
1661,1936,38306627,37225375,23541,8085,87,8090,0,0,-18,0,-18,1,1,1,960,544.56,960,544.56,0,0,0,0,0,0,653333,621958
1662,1937,37753295,38747708,23553,8085,87,8090,0,0,-18,0,-18,1,1,1,960,544.56,960,544.56,0,0,0,0,0,0,612375,582250
1663,1938,38715418,38753375,23577,8085,87,8090,0,0,-18,0,-18,1,1,1,960,544.56,960,544.56,0,0,0,0,0,0,663000,626125
1664,1939,43830167,42524542,23489,8085,87,8090,0,0,-18,0,-18,1,1,1,960,544.56,960,544.56,0,0,0,0,0,0,757958,719500
1665,1940,38238037,39499500,23553,8085,90,8090,0,0,-18,0,-18,1,1,1,960,544.56,960,544.56,0,0,0,0,0,0,700292,664958
1666,1941,38715206,38640167,23489,8086,88,8091,0,0,-18,0,-18,1,1,1,960,544.56,960,544.56,0,0,0,0,0,0,730500,689125
1667,1942,40157590,39020500,23629,8085,87,8090,0,0,-18,0,-18,1,1,1,960,544.56,960,544.56,0,0,0,0,0,0,651250,620417
1668,1943,36242708,37348625,23553,8085,87,8090,0,0,-18,0,-18,1,1,1,960,544.56,960,544.56,0,0,0,0,0,0,608459,577833
1669,1944,41723616,41724792,23489,8085,87,8090,0,0,-18,0,-18,1,1,1,960,544.56,960,544.56,0,0,0,0,0,0,720666,677208
1670,1945,46407587,44172833,24053,8085,87,8090,0,0,-18,0,-18,1,1,1,960,544.56,960,544.56,0,0,0,0,0,0,759041,720750
1671,1946,41094578,43298625,23857,8085,87,8090,0,0,-18,0,-18,1,1,1,960,544.56,960,544.56,0,0,0,0,0,0,1303625,1253125
1672,1947,44638585,44459291,23541,8085,87,8090,0,0,-18,0,-18,1,1,1,960,544.56,960,544.56,0,0,0,0,0,0,747959,689166
1673,1948,53610499,52228208,23489,8085,87,8090,0,0,-18,0,-18,1,1,1,960,544.56,960,544.56,0,0,0,0,0,0,792958,743042
1674,1949,58484997,59721334,23553,8085,87,8090,0,0,-18,0,-18,1,1,1,960,544.56,960,544.56,0,0,0,0,0,0,834958,792375
1675,1950,66116087,64325292,23577,8085,87,8090,0,0,-18,0,-18,1,1,1,960,544.56,960,544.56,0,0,0,0,0,0,1252959,1156042
1676,1951,69199077,71016375,23605,8085,87,8090,0,0,-18,0,-18,1,1,1,960,544.56,960,544.56,0,0,0,0,0,0,1024250,971833
1677,1952,65581336,63650583,23489,8085,90,8090,0,0,-18,0,-18,1,1,1,960,544.56,960,544.56,0,0,0,0,0,0,1211875,1156750
1678,1953,62725171,64420917,23641,8085,87,8090,0,0,-18,0,-18,1,1,1,960,544.56,960,544.56,0,0,0,0,0,0,1270042,1170583
1679,1954,65944083,62679875,24053,8085,87,8090,0,0,-18,0,-18,1,1,1,960,544.56,960,544.56,0,0,0,0,0,0,980541,927667
1680,1955,59977911,63332458,23821,8085,87,8090,0,0,-18,0,-18,1,1,1,960,544.56,960,544.56,0,0,0,0,0,0,966666,912334
1681,1956,51921166,50409959,23577,8086,88,8091,0,0,-18,0,-18,1,1,1,960,544.56,960,544.56,0,0,0,0,0,0,847875,773042
1682,1957,48907127,50481125,23553,8085,87,8090,0,0,-18,0,-18,1,1,1,960,544.56,960,544.56,0,0,0,0,0,0,825000,781667
1683,1958,51661331,50099542,23489,8085,87,8090,0,0,-18,0,-18,1,1,1,960,544.56,960,544.56,0,0,0,0,0,0,872500,829959
1684,1959,50138711,51726167,23693,8085,87,8090,0,0,-18,0,-18,1,1,1,960,544.56,960,544.56,0,0,0,0,0,0,963375,893584
1685,1960,45651119,45657791,23489,8085,90,8090,0,0,-18,0,-18,1,1,1,960,544.56,960,544.56,0,0,0,0,0,0,718375,681458
1686,1961,50381626,48563250,23489,8085,87,8090,0,0,-18,0,-18,1,1,1,960,544.56,960,544.56,0,0,0,0,0,0,832208,789959
1687,1962,50287831,51740875,23553,8085,87,8090,0,0,-18,0,-18,1,1,1,960,544.56,960,544.56,0,0,0,0,0,0,835750,760417
1688,1963,52247129,50869625,23577,8085,87,8090,0,0,-18,0,-18,1,1,1,960,544.56,960,544.56,0,0,0,0,0,0,798000,754958
1689,1964,50256669,50275291,24169,8085,87,8090,0,0,-18,0,-18,1,1,1,960,544.56,960,544.56,0,0,0,0,0,0,821084,778792
1690,1965,60939036,60601959,23705,8085,87,8090,0,0,-18,0,-18,1,1,1,960,544.56,960,544.56,0,0,0,0,0,0,859416,779583
1691,1966,60878705,62593083,23641,8085,87,8090,0,0,-18,0,-18,1,1,1,960,544.56,960,544.56,0,0,0,0,0,0,1086792,1030417
1692,1967,58684919,57111333,23489,8085,87,8090,0,0,-18,0,-18,1,1,1,960,544.56,960,544.56,0,0,0,0,0,0,998333,945083
1693,1968,61778876,63350250,23605,8085,87,8090,0,0,-18,0,-18,1,1,1,960,544.56,960,544.56,0,0,0,0,0,0,1114333,1034750
1694,1969,54527372,53129000,23577,8085,90,8090,0,0,-18,0,-18,1,1,1,960,544.56,960,544.56,0,0,0,0,0,0,1006417,963500
1695,1970,52069246,53427709,23553,8085,87,8090,0,0,-18,0,-18,1,1,1,960,544.56,960,544.56,0,0,0,0,0,0,802375,760584
1696,1971,52138917,50401917,23489,8086,88,8091,0,0,-18,0,-18,1,1,1,960,544.56,960,544.56,0,0,0,0,0,0,847500,797916
1697,1972,48877671,50536792,23693,8085,87,8090,0,0,-18,0,-18,1,1,1,960,544.56,960,544.56,0,0,0,0,0,0,878333,834833
1698,1973,50850827,49448834,24053,8085,87,8090,0,0,-18,0,-18,1,1,1,960,544.56,960,544.56,0,0,0,0,0,0,830042,785541
1699,1974,49248836,49330750,23705,8085,87,8090,0,0,-18,0,-18,1,1,1,960,544.56,960,544.56,0,0,0,0,0,0,865875,816458
1700,1975,45055951,46426833,23553,8085,87,8090,0,0,-18,0,-18,1,1,1,960,544.56,960,544.56,0,0,0,0,0,0,800916,758667
1701,1976,42629916,42573167,23577,8085,87,8090,0,0,-18,0,-18,1,1,1,960,544.56,960,544.56,0,0,0,0,0,0,718875,682334
1702,1977,42629756,41414500,23541,8085,87,8090,0,0,-18,0,-18,1,1,1,960,544.56,960,544.56,0,0,0,0,0,0,777000,702542
1703,1978,44411789,45665459,23553,8085,87,8090,0,0,-18,0,-18,1,1,1,960,544.56,960,544.56,0,0,0,0,0,0,794125,751667
1704,1979,38660287,38636791,23489,8085,90,8090,0,0,-18,0,-18,1,1,1,960,544.56,960,544.56,0,0,0,0,0,0,700500,663958
1705,1980,39370916,38266125,23577,8085,87,8090,0,0,-18,0,-18,1,1,1,960,544.56,960,544.56,0,0,0,0,0,0,672584,630958
1706,1981,35119790,36161208,23553,8085,87,8090,0,0,-18,0,-18,1,1,1,960,544.56,960,544.56,0,0,0,0,0,0,609667,576292
1707,1982,39849121,39863833,23541,8085,87,8090,0,0,-18,0,-18,1,1,1,960,544.56,960,544.56,0,0,0,0,0,0,669791,636708
1708,1983,44709254,43191708,23489,8085,87,8090,0,0,-18,0,-18,1,1,1,960,544.56,960,544.56,0,0,0,0,0,0,843084,771583
1709,1984,42646124,42630542,24205,8085,87,8090,0,0,-18,0,-18,1,1,1,960,544.56,960,544.56,0,0,0,0,0,0,675083,638875
1710,1985,42326912,43678792,23705,8085,87,8090,0,0,-18,0,-18,1,1,1,960,544.56,960,544.56,0,0,0,0,0,0,689875,654375
1711,1986,50368588,49022500,23489,8086,88,8091,0,0,-18,0,-18,1,1,1,960,544.56,960,544.56,0,0,0,0,0,0,716459,651375
1712,1987,48761792,50052334,23605,8085,87,8090,0,0,-18,0,-18,1,1,1,960,544.56,960,544.56,0,0,0,0,0,0,817625,776208
1713,1988,63057623,61314083,23577,8085,87,8090,0,0,-18,0,-18,1,1,1,960,544.56,960,544.56,0,0,0,0,0,0,955542,903667
1714,1989,67241869,68835708,23553,8085,87,8090,0,0,-18,0,-18,1,1,1,960,544.56,960,544.56,0,0,0,0,0,0,1063958,978333
1715,1990,65563455,63693917,23489,8085,90,8090,0,0,-18,0,-18,1,1,1,960,544.56,960,544.56,0,0,0,0,0,0,990792,935791
1716,1991,57594876,59569709,23895,8085,87,8090,0,0,-18,0,-18,1,1,1,960,544.56,960,544.56,0,0,0,0,0,0,1288292,1226125
1717,1992,52406542,50974958,23489,8085,87,8090,0,0,-18,0,-18,1,1,1,960,544.56,960,544.56,0,0,0,0,0,0,834000,765166
1718,1993,54072376,53872625,24117,8085,87,8090,0,0,-18,0,-18,1,1,1,960,544.56,960,544.56,0,0,0,0,0,0,969625,912750
1719,1994,50295166,50463542,23793,8085,87,8090,0,0,-18,0,-18,1,1,1,960,544.56,960,544.56,0,0,0,0,0,0,813250,770042
1720,1995,48804875,50148042,23605,8085,87,8090,0,0,-18,0,-18,1,1,1,960,544.56,960,544.56,0,0,0,0,0,0,847625,778459
1721,1996,51446832,50015083,23489,8085,87,8090,0,0,-18,0,-18,1,1,1,960,544.56,960,544.56,0,0,0,0,0,0,786458,742791
1722,1997,48865828,50305459,23641,8085,87,8090,0,0,-18,0,-18,1,1,1,960,544.56,960,544.56,0,0,0,0,0,0,838417,796000
1723,1998,51522754,50101375,23489,8085,87,8090,0,0,-18,0,-18,1,1,1,960,544.56,960,544.56,0,0,0,0,0,0,845625,796083
1724,1999,53831163,55136042,23605,8085,87,8090,0,0,-18,0,-18,1,1,1,960,544.56,960,544.56,0,0,0,0,0,0,858792,801417
1725,2000,51651418,50109417,23577,8085,90,8090,0,0,-18,0,-18,1,1,1,960,544.56,960,544.56,0,0,0,0,0,0,777667,735875
1726,2001,49046706,50573959,23553,8086,88,8091,0,0,-18,0,-18,1,1,1,960,544.56,960,544.56,0,0,0,0,0,0,825458,755709
1727,2002,49381751,49337875,23489,8085,87,8090,0,0,-18,0,-18,1,1,1,960,544.56,960,544.56,0,0,0,0,0,0,817875,776042
1728,2003,53743708,51021833,24193,8085,87,8090,0,0,-18,0,-18,1,1,1,960,544.56,960,544.56,0,0,0,0,0,0,787584,743125
1729,2004,47574333,50294417,23769,8085,87,8090,0,0,-18,0,-18,1,1,1,960,544.56,960,544.56,0,0,0,0,0,0,830250,750916
1730,2005,52268043,50803875,23489,8085,87,8090,0,0,-18,0,-18,1,1,1,960,544.56,960,544.56,0,0,0,0,0,0,766959,725459
1731,2006,49024999,50427708,23641,8085,87,8090,0,0,-18,0,-18,1,1,1,960,544.56,960,544.56,0,0,0,0,0,0,796000,753458
1732,2007,51265623,49937000,23541,8085,87,8090,0,0,-18,0,-18,1,1,1,960,544.56,960,544.56,0,0,0,0,0,0,825958,760750
1733,2008,53956624,55182541,23553,8085,87,8090,0,0,-18,0,-18,1,1,1,960,544.56,960,544.56,0,0,0,0,0,0,978500,930292
1734,2009,50631754,49343625,23875,8085,90,8090,0,0,-18,0,-18,1,1,1,960,544.56,960,544.56,0,0,0,0,0,0,800708,758416
1735,2010,48620246,49960584,23553,8085,87,8090,0,0,-18,0,-18,1,1,1,960,544.56,960,544.56,0,0,0,0,0,0,850083,782291
1736,2011,46952962,47017959,23541,8085,87,8090,0,0,-18,0,-18,1,1,1,960,544.56,960,544.56,0,0,0,0,0,0,818583,777166
1737,2012,42769663,41238125,23489,8085,87,8090,0,0,-18,0,-18,1,1,1,960,544.56,960,544.56,0,0,0,0,0,0,673625,638500
1738,2013,41120748,41385667,24205,8085,87,8090,0,0,-18,0,-18,1,1,1,960,544.56,960,544.56,0,0,0,0,0,0,770292,707958
1739,2014,36574624,37794917,23705,8085,87,8090,0,0,-18,0,-18,1,1,1,960,544.56,960,544.56,0,0,0,0,0,0,723250,687333
1740,2015,37679132,36609791,23489,8085,87,8090,0,0,-18,0,-18,1,1,1,960,544.56,960,544.56,0,0,0,0,0,0,613834,583083
1741,2016,35617999,36552084,23605,8086,88,8091,0,0,-18,0,-18,1,1,1,960,544.56,960,544.56,0,0,0,0,0,0,696833,646417
1742,2017,37711791,37764916,23577,8085,87,8090,0,0,-18,0,-18,1,1,1,960,544.56,960,544.56,0,0,0,0,0,0,680334,648875
1743,2018,42871370,41563667,23489,8085,87,8090,0,0,-18,0,-18,1,1,1,960,544.56,960,544.56,0,0,0,0,0,0,603583,571708
1744,2019,41774041,43014750,23553,8085,87,8090,0,0,-18,0,-18,1,1,1,960,544.56,960,544.56,0,0,0,0,0,0,747458,705750
1745,2020,50848122,50684834,23489,8085,87,8090,0,0,-18,0,-18,1,1,1,960,544.56,960,544.56,0,0,0,0,0,0,1001333,954208
1746,2021,51541753,50182917,23629,8085,90,8090,0,0,-18,0,-18,1,1,1,960,544.56,960,544.56,0,0,0,0,0,0,1054209,1012583
1747,2022,57049583,58380667,23553,8085,87,8090,0,0,-18,0,-18,1,1,1,960,544.56,960,544.56,0,0,0,0,0,0,1027541,943959
1748,2023,64401254,62321750,23489,8085,87,8090,0,0,-18,0,-18,1,1,1,960,544.56,960,544.56,0,0,0,0,0,0,1026750,974416
1749,2024,62559753,62772667,24205,8085,87,8090,0,0,-18,0,-18,1,1,1,960,544.56,960,544.56,0,0,0,0,0,0,1011333,958625
1750,2025,63958868,63960708,23757,8085,87,8090,0,0,-18,0,-18,1,1,1,960,544.56,960,544.56,0,0,0,0,0,0,1190667,1110166
1751,2026,61482667,63094542,23553,8085,87,8090,0,0,-18,0,-18,1,1,1,960,544.56,960,544.56,0,0,0,0,0,0,1119291,1065792
1752,2027,60079004,58564042,23577,8085,87,8090,0,0,-18,0,-18,1,1,1,960,544.56,960,544.56,0,0,0,0,0,0,945458,892791
1753,2028,48703372,50345250,23553,8085,87,8090,0,0,-18,0,-18,1,1,1,960,544.56,960,544.56,0,0,0,0,0,0,835542,785000
1754,2029,60137167,58269625,23541,8085,87,8090,0,0,-18,0,-18,1,1,1,960,544.56,960,544.56,0,0,0,0,0,0,945000,897583
1755,2030,53721833,55597792,23641,8085,90,8090,0,0,-18,0,-18,1,1,1,960,544.56,960,544.56,0,0,0,0,0,0,981042,918125
1756,2031,52495166,51060208,23489,8086,88,8091,0,0,-18,0,-18,1,1,1,960,544.56,960,544.56,0,0,0,0,0,0,1247708,1179375
1757,2032,53687371,54906084,23553,8085,87,8090,0,0,-18,0,-18,1,1,1,960,544.56,960,544.56,0,0,0,0,0,0,807875,765708
1758,2033,53966417,51490916,24193,8085,87,8090,0,0,-18,0,-18,1,1,1,960,544.56,960,544.56,0,0,0,0,0,0,878542,835334
1759,2034,48354834,50856917,23769,8085,87,8090,0,0,-18,0,-18,1,1,1,960,544.56,960,544.56,0,0,0,0,0,0,1029583,947000
1760,2035,51313668,49913458,23489,8085,87,8090,0,0,-18,0,-18,1,1,1,960,544.56,960,544.56,0,0,0,0,0,0,839167,791833
1761,2036,51142666,52480958,23641,8085,87,8090,0,0,-18,0,-18,1,1,1,960,544.56,960,544.56,0,0,0,0,0,0,846584,802000
1762,2037,56441247,55170542,23541,8085,87,8090,0,0,-18,0,-18,1,1,1,960,544.56,960,544.56,0,0,0,0,0,0,983417,922791
1763,2038,58068912,59346208,23553,8085,87,8090,0,0,-18,0,-18,1,1,1,960,544.56,960,544.56,0,0,0,0,0,0,1021791,969042
1764,2039,51303002,49962459,23577,8085,90,8090,0,0,-18,0,-18,1,1,1,960,544.56,960,544.56,0,0,0,0,0,0,857833,815500
1765,2040,48883788,50242000,23553,8085,87,8090,0,0,-18,0,-18,1,1,1,960,544.56,960,544.56,0,0,0,0,0,0,966375,893750
1766,2041,49247462,49244667,23541,8085,87,8090,0,0,-18,0,-18,1,1,1,960,544.56,960,544.56,0,0,0,0,0,0,902917,859333
1767,2042,50944287,49445083,23489,8085,87,8090,0,0,-18,0,-18,1,1,1,960,544.56,960,544.56,0,0,0,0,0,0,851334,807250
1768,2043,47384083,47667833,24205,8085,87,8090,0,0,-18,0,-18,1,1,1,960,544.56,960,544.56,0,0,0,0,0,0,820667,772500
1769,2044,40530294,41732042,23705,8085,87,8090,0,0,-18,0,-18,1,1,1,960,544.56,960,544.56,0,0,0,0,0,0,739292,703916
1770,2045,42700041,41515708,23489,8085,87,8090,0,0,-18,0,-18,1,1,1,960,544.56,960,544.56,0,0,0,0,0,0,676083,640667
1771,2046,40734291,41807375,23605,8086,88,8091,0,0,-18,0,-18,1,1,1,960,544.56,960,544.56,0,0,0,0,0,0,688834,642291
1772,2047,38508120,38594500,23577,8085,87,8090,0,0,-18,0,-18,1,1,1,960,544.56,960,544.56,0,0,0,0,0,0,723500,686667
1773,2048,37136252,36060125,23489,8085,87,8090,0,0,-18,0,-18,1,1,1,960,544.56,960,544.56,0,0,0,0,0,0,765833,729792
1774,2049,42980123,44007500,23553,8085,87,8090,0,0,-18,0,-18,1,1,1,960,544.56,960,544.56,0,0,0,0,0,0,712083,673375
1775,2050,39037294,38842375,23489,8085,90,8090,0,0,-18,0,-18,1,1,1,960,544.56,960,544.56,0,0,0,0,0,0,690208,655333
1776,2051,39980337,39084000,23577,8085,87,8090,0,0,-18,0,-18,1,1,1,960,544.56,960,544.56,0,0,0,0,0,0,668958,637500
1777,2052,38267869,39294708,23605,8085,87,8090,0,0,-18,0,-18,1,1,1,960,544.56,960,544.56,0,0,0,0,0,0,672625,614417
1778,2053,37387039,37409166,23489,8085,87,8090,0,0,-18,0,-18,1,1,1,960,544.56,960,544.56,0,0,0,0,0,0,639041,608667
1779,2054,38897044,37474917,23489,8085,87,8090,0,0,-18,0,-18,1,1,1,960,544.56,960,544.56,0,0,0,0,0,0,656000,606333
1780,2055,36741085,37033625,24205,8085,87,8090,0,0,-18,0,-18,1,1,1,960,544.56,960,544.56,0,0,0,0,0,0,723625,682209
1781,2056,37991497,39027000,23705,8085,87,8090,0,0,-18,0,-18,1,1,1,960,544.56,960,544.56,0,0,0,0,0,0,677167,643083
1782,2057,39705626,38666791,23489,8085,87,8090,0,0,-18,0,-18,1,1,1,960,544.56,960,544.56,0,0,0,0,0,0,722708,687792
1783,2058,37548251,38503041,23605,8085,87,8090,0,0,-18,0,-18,1,1,1,960,544.56,960,544.56,0,0,0,0,0,0,633625,579500
1784,2059,38853749,38930500,23577,8085,87,8090,0,0,-18,0,-18,1,1,1,960,544.56,960,544.56,0,0,0,0,0,0,664500,632917
1785,2060,38704335,37596292,23489,8085,87,8090,0,0,-18,0,-18,1,1,1,960,544.56,960,544.56,0,0,0,0,0,0,661542,630459
1786,2061,37539832,38618250,23553,8086,88,8091,0,0,-18,0,-18,1,1,1,960,544.56,960,544.56,0,0,0,0,0,0,639917,606291
1787,2062,43720167,43638166,23489,8085,87,8090,0,0,-18,0,-18,1,1,1,960,544.56,960,544.56,0,0,0,0,0,0,780167,742958
1788,2063,39617497,38589292,23577,8085,90,8090,0,0,-18,0,-18,1,1,1,960,544.56,960,544.56,0,0,0,0,0,0,623667,592625
1789,2064,38064088,39113333,23605,8085,87,8090,0,0,-18,0,-18,1,1,1,960,544.56,960,544.56,0,0,0,0,0,0,701167,662708
1790,2065,37092998,37101875,23489,8085,87,8090,0,0,-18,0,-18,1,1,1,960,544.56,960,544.56,0,0,0,0,0,0,656208,618000
1791,2066,40714789,39375459,23489,8085,87,8090,0,0,-18,0,-18,1,1,1,960,544.56,960,544.56,0,0,0,0,0,0,764000,729500
1792,2067,38218878,39406875,23641,8085,87,8090,0,0,-18,0,-18,1,1,1,960,544.56,960,544.56,0,0,0,0,0,0,732542,691333
1793,2068,44779166,42888042,24053,8085,87,8090,0,0,-18,0,-18,1,1,1,960,544.56,960,544.56,0,0,0,0,0,0,672875,637417
1794,2069,42522080,43168625,23705,8085,87,8090,0,0,-18,0,-18,1,1,1,960,544.56,960,544.56,0,0,0,0,0,0,776375,739541
1795,2070,48861544,49959458,23605,8085,87,8090,0,0,-18,0,-18,1,1,1,960,544.56,960,544.56,0,0,0,0,0,0,954250,898791
1796,2071,56922163,54808375,23577,8085,87,8090,0,0,-18,0,-18,1,1,1,960,544.56,960,544.56,0,0,0,0,0,0,776833,734125
1797,2072,61524588,63552125,23553,8085,87,8090,0,0,-18,0,-18,1,1,1,960,544.56,960,544.56,0,0,0,0,0,0,967542,914625
1798,2073,70449367,68357083,23489,8085,87,8090,0,0,-18,0,-18,1,1,1,960,544.56,960,544.56,0,0,0,0,0,0,1111292,1025208
1799,2074,61289336,63319375,23693,8085,90,8090,0,0,-18,0,-18,1,1,1,960,544.56,960,544.56,0,0,0,0,0,0,1023083,971666
