frame_index,read_frame_count,unscaled_delta_ns,main_thread_ns,gc_alloc_bytes,batches,set_pass_calls,draw_calls,engine_controller_update_ns,intended_cell_x,intended_cell_y,actual_cell_x,actual_cell_y,cell_match,input_checked,mouse_is_virtual,injected_x,injected_y,read_x,read_y,tnd_bench_t1_hover_ns,tnd_bench_t1_reclassify_ns,tnd_bench_t1_hoveredborder_ns,tnd_bench_t1_hoveredborderrebuild_ns,tnd_bench_t1_modeenter_ns,tnd_bench_t1_conquerui_ns,tnd_bench_s0_hover_ns,tnd_bench_s0_rebuild_ns
0,275,83615496,56111417,102293,7933,93,7955,0,0,-18,0,-18,1,1,1,960,544.56,960,544.56,0,0,0,0,0,0,0,0
1,276,69386124,70958500,294261,7934,94,7956,0,0,-18,0,-18,1,1,1,960,544.56,960,544.56,0,0,0,0,0,0,0,0
2,277,65763205,62778791,22725,7933,93,7955,0,0,-18,0,-18,1,1,1,960,544.56,960,544.56,0,0,0,0,0,0,0,0
3,278,55440623,58428958,22353,7933,96,7955,0,0,-18,0,-18,1,1,1,960,544.56,960,544.56,0,0,0,0,0,0,0,0
4,279,57490959,55430042,22073,7933,93,7955,0,0,-18,0,-18,1,1,1,960,544.56,960,544.56,0,0,0,0,0,0,0,0
5,280,53905710,55890292,22277,7933,93,7955,0,0,-18,0,-18,1,1,1,960,544.56,960,544.56,0,0,0,0,0,0,0,0
6,281,55400412,53703500,22073,7933,93,7955,0,0,-18,0,-18,1,1,1,960,544.56,960,544.56,0,0,0,0,0,0,0,0
7,282,56618340,58062792,22137,7933,93,7955,0,0,-18,0,-18,1,1,1,960,544.56,960,544.56,0,0,0,0,0,0,0,0
8,283,55882666,54505125,22161,7933,93,7955,0,0,-18,0,-18,1,1,1,960,544.56,960,544.56,0,0,0,0,0,0,0,0
9,284,59458624,60838209,22189,7933,93,7955,0,0,-18,0,-18,1,1,1,960,544.56,960,544.56,0,0,0,0,0,0,0,0
10,285,63288629,59705542,22637,7933,93,7955,0,0,-18,0,-18,1,1,1,960,544.56,960,544.56,0,0,0,0,0,0,0,0
11,286,59769414,63475916,22441,7933,93,7955,0,0,-18,0,-18,1,1,1,960,544.56,960,544.56,0,0,0,0,0,0,0,0
12,287,53581662,51698750,22073,7933,96,7955,0,0,-18,0,-18,1,1,1,960,544.56,960,544.56,0,0,0,0,0,0,0,0
13,288,50781711,52557292,22189,7933,93,7955,0,0,-18,0,-18,1,1,1,960,544.56,960,544.56,0,0,0,0,0,0,0,0
14,289,45183461,45312250,22161,7933,93,7955,0,0,-18,0,-18,1,1,1,960,544.56,960,544.56,0,0,0,0,0,0,0,0
15,290,45888833,44448542,22073,7933,93,7955,0,0,-18,0,-18,1,1,1,960,544.56,960,544.56,0,0,0,0,0,0,0,0
16,291,42261499,43654833,22137,7934,94,7956,0,0,-18,0,-18,1,1,1,960,544.56,960,544.56,0,0,0,0,0,0,0,0
17,292,38067828,38009083,22073,7933,93,7955,0,0,-18,0,-18,1,1,1,960,544.56,960,544.56,0,0,0,0,0,0,0,0
18,293,42952042,41668333,22213,7933,93,7955,0,0,-18,0,-18,1,1,1,960,544.56,960,544.56,0,0,0,0,0,0,0,0
19,294,43362669,44618667,22137,7933,93,7955,0,0,-18,0,-18,1,1,1,960,544.56,960,544.56,0,0,0,0,0,0,0,0
20,295,44167622,44189708,22073,7933,93,7955,0,0,-18,0,-18,1,1,1,960,544.56,960,544.56,0,0,0,0,0,0,0,0
21,296,42103208,39960250,22637,7933,93,7955,0,0,-18,0,-18,1,1,1,960,544.56,960,544.56,0,0,0,0,0,0,0,0
22,297,40044706,42147292,22441,7933,93,7955,0,0,-18,0,-18,1,1,1,960,544.56,960,544.56,0,0,0,0,0,0,0,0
23,298,38709919,38699542,22125,7933,96,7955,0,0,-18,0,-18,1,1,1,960,544.56,960,544.56,0,0,0,0,0,0,0,0
24,299,39606999,38392875,22073,7933,93,7955,0,0,-18,0,-18,1,1,1,960,544.56,960,544.56,0,0,0,0,0,0,0,0
25,300,39147287,40226250,22137,7933,93,7955,0,0,-18,0,-18,1,1,1,960,544.56,960,544.56,0,0,0,0,0,0,0,0
26,301,45112788,45071459,22161,7933,93,7955,0,0,-18,0,-18,1,1,1,960,544.56,960,544.56,0,0,0,0,0,0,0,0
27,302,53703166,52206458,22073,7933,93,7955,0,0,-18,0,-18,1,1,1,960,544.56,960,544.56,0,0,0,0,0,0,0,0
28,303,50047043,51541417,22189,7933,93,7955,0,0,-18,0,-18,1,1,1,960,544.56,960,544.56,0,0,0,0,0,0,0,0
29,304,55927664,54154542,22073,7933,93,7955,0,0,-18,0,-18,1,1,1,960,544.56,960,544.56,0,0,0,0,0,0,0,0
30,305,51872421,53529125,22225,7933,93,7955,0,0,-18,0,-18,1,1,1,960,544.56,960,544.56,0,0,0,0,0,0,0,0
31,306,53912125,52357000,22073,7934,94,7956,0,0,-18,0,-18,1,1,1,960,544.56,960,544.56,0,0,0,0,0,0,0,0
32,307,56557122,56529000,22753,7933,93,7955,0,0,-18,0,-18,1,1,1,960,544.56,960,544.56,0,0,0,0,0,0,0,0
33,308,57506874,57189625,22377,7933,96,7955,0,0,-18,0,-18,1,1,1,960,544.56,960,544.56,0,0,0,0,0,0,0,0
34,309,63816964,65597417,22137,7933,93,7955,0,0,-18,0,-18,1,1,1,960,544.56,960,544.56,0,0,0,0,0,0,0,0
35,310,70587374,68546625,22073,7933,93,7955,0,0,-18,0,-18,1,1,1,960,544.56,960,544.56,0,0,0,0,0,0,0,0
36,311,63840374,65634667,22277,7933,93,7955,0,0,-18,0,-18,1,1,1,960,544.56,960,544.56,0,0,0,0,0,0,0,0
37,312,69566205,67559208,22073,7933,93,7955,0,0,-18,0,-18,1,1,1,960,544.56,960,544.56,0,0,0,0,0,0,0,0
38,313,63671417,65614041,22137,7933,93,7955,0,0,-18,0,-18,1,1,1,960,544.56,960,544.56,0,0,0,0,0,0,0,0
39,314,69384209,65858875,22725,7933,93,7955,0,0,-18,0,-18,1,1,1,960,544.56,960,544.56,0,0,0,0,0,0,0,0
40,315,65592333,69340542,22405,7933,93,7955,0,0,-18,0,-18,1,1,1,960,544.56,960,544.56,0,0,0,0,0,0,0,0
41,316,54851289,53092708,22073,7933,96,7955,0,0,-18,0,-18,1,1,1,960,544.56,960,544.56,0,0,0,0,0,0,0,0
42,317,54462168,56106917,22225,7933,93,7955,0,0,-18,0,-18,1,1,1,960,544.56,960,544.56,0,0,0,0,0,0,0,0
43,318,56252375,54170500,22073,7933,93,7955,0,0,-18,0,-18,1,1,1,960,544.56,960,544.56,0,0,0,0,0,0,0,0
44,319,52800126,54749208,22189,7933,93,7955,0,0,-18,0,-18,1,1,1,960,544.56,960,544.56,0,0,0,0,0,0,0,0
45,320,54582249,53091333,22161,7933,93,7955,0,0,-18,0,-18,1,1,1,960,544.56,960,544.56,0,0,0,0,0,0,0,0
46,321,53402211,54955875,22137,7934,94,7956,0,0,-18,0,-18,1,1,1,960,544.56,960,544.56,0,0,0,0,0,0,0,0
47,322,55441249,53514083,22073,7933,93,7955,0,0,-18,0,-18,1,1,1,960,544.56,960,544.56,0,0,0,0,0,0,0,0
48,323,52827287,53205291,22841,7933,93,7955,0,0,-18,0,-18,1,1,1,960,544.56,960,544.56,0,0,0,0,0,0,0,0
49,324,59492416,59424959,22289,7933,93,7955,0,0,-18,0,-18,1,1,1,960,544.56,960,544.56,0,0,0,0,0,0,0,0
50,325,54848916,56193542,22137,7933,96,7955,0,0,-18,0,-18,1,1,1,960,544.56,960,544.56,0,0,0,0,0,0,0,0
51,326,59221122,57550500,22161,7933,93,7955,0,0,-18,0,-18,1,1,1,960,544.56,960,544.56,0,0,0,0,0,0,0,0
52,327,54171334,55921958,22189,7933,93,7955,0,0,-18,0,-18,1,1,1,960,544.56,960,544.56,0,0,0,0,0,0,0,0
53,328,60364123,58785291,22073,7933,93,7955,0,0,-18,0,-18,1,1,1,960,544.56,960,544.56,0,0,0,0,0,0,0,0
54,329,53449708,55034542,22225,7933,93,7955,0,0,-18,0,-18,1,1,1,960,544.56,960,544.56,0,0,0,0,0,0,0,0
55,330,54021373,52454750,22073,7933,93,7955,0,0,-18,0,-18,1,1,1,960,544.56,960,544.56,0,0,0,0,0,0,0,0
56,331,50583299,52054458,22189,7933,93,7955,0,0,-18,0,-18,1,1,1,960,544.56,960,544.56,0,0,0,0,0,0,0,0
57,332,51813576,49567625,22725,7933,93,7955,0,0,-18,0,-18,1,1,1,960,544.56,960,544.56,0,0,0,0,0,0,0,0
58,333,45635588,47981458,22353,7933,93,7955,0,0,-18,0,-18,1,1,1,960,544.56,960,544.56,0,0,0,0,0,0,0,0
59,334,42602166,42644000,22073,7933,96,7955,0,0,-18,0,-18,1,1,1,960,544.56,960,544.56,0,0,0,0,0,0,0,0
60,335,41239500,39991416,22073,7933,93,7955,0,0,-18,0,-18,1,1,1,960,544.56,960,544.56,0,0,0,0,0,0,0,0
61,336,36747746,37951250,22277,7934,94,7956,0,0,-18,0,-18,1,1,1,960,544.56,960,544.56,0,0,0,0,0,0,0,0
62,337,38499213,38450584,22073,7933,93,7955,0,0,-18,0,-18,1,1,1,960,544.56,960,544.56,0,0,0,0,0,0,0,0
63,338,39096329,37936625,22073,7933,93,7955,0,0,-18,0,-18,1,1,1,960,544.56,960,544.56,0,0,0,0,0,0,0,0
64,339,39657752,40734833,22137,7933,93,7955,0,0,-18,0,-18,1,1,1,960,544.56,960,544.56,0,0,0,0,0,0,0,0
65,340,41284836,41333916,22161,7933,93,7955,0,0,-18,0,-18,1,1,1,960,544.56,960,544.56,0,0,0,0,0,0,0,0
66,341,41867870,40689250,22073,7933,93,7955,0,0,-18,0,-18,1,1,1,960,544.56,960,544.56,0,0,0,0,0,0,0,0
67,342,39421584,40557417,22189,7933,93,7955,0,0,-18,0,-18,1,1,1,960,544.56,960,544.56,0,0,0,0,0,0,0,0
68,343,39257835,39148834,22073,7933,93,7955,0,0,-18,0,-18,1,1,1,960,544.56,960,544.56,0,0,0,0,0,0,0,0
69,344,42218998,41059833,22161,7933,93,7955,0,0,-18,0,-18,1,1,1,960,544.56,960,544.56,0,0,0,0,0,0,0,0
70,345,44175539,44025459,22701,7933,93,7955,0,0,-18,0,-18,1,1,1,960,544.56,960,544.56,0,0,0,0,0,0,0,0
71,346,39304412,40678292,22289,7933,96,7955,0,0,-18,0,-18,1,1,1,960,544.56,960,544.56,0,0,0,0,0,0,0,0
72,347,41927501,40690209,22125,7933,93,7955,0,0,-18,0,-18,1,1,1,960,544.56,960,544.56,0,0,0,0,0,0,0,0
73,348,39445165,40630708,22225,7933,93,7955,0,0,-18,0,-18,1,1,1,960,544.56,960,544.56,0,0,0,0,0,0,0,0
74,349,41540503,41518083,22073,7933,93,7955,0,0,-18,0,-18,1,1,1,960,544.56,960,544.56,0,0,0,0,0,0,0,0
75,350,45132249,43804500,22073,7933,93,7955,0,0,-18,0,-18,1,1,1,960,544.56,960,544.56,0,0,0,0,0,0,0,0
76,351,44412039,45475417,22137,7934,94,7956,0,0,-18,0,-18,1,1,1,960,544.56,960,544.56,0,0,0,0,0,0,0,0
77,352,47856163,47998625,22213,7933,93,7955,0,0,-18,0,-18,1,1,1,960,544.56,960,544.56,0,0,0,0,0,0,0,0
78,353,58291461,56273709,22073,7933,93,7955,0,0,-18,0,-18,1,1,1,960,544.56,960,544.56,0,0,0,0,0,0,0,0
79,354,63185535,64959583,22137,7933,93,7955,0,0,-18,0,-18,1,1,1,960,544.56,960,544.56,0,0,0,0,0,0,0,0
80,355,69731332,66319041,22725,7933,93,7955,0,0,-18,0,-18,1,1,1,960,544.56,960,544.56,0,0,0,0,0,0,0,0
81,356,69428294,72872375,22405,7933,93,7955,0,0,-18,0,-18,1,1,1,960,544.56,960,544.56,0,0,0,0,0,0,0,0
82,357,68510167,66112250,22073,7933,96,7955,0,0,-18,0,-18,1,1,1,960,544.56,960,544.56,0,0,0,0,0,0,0,0
83,358,64226619,66522625,22225,7933,93,7955,0,0,-18,0,-18,1,1,1,960,544.56,960,544.56,0,0,0,0,0,0,0,0
84,359,71059957,68903833,22125,7933,93,7955,0,0,-18,0,-18,1,1,1,960,544.56,960,544.56,0,0,0,0,0,0,0,0
85,360,61783127,63949583,22137,7933,93,7955,0,0,-18,0,-18,1,1,1,960,544.56,960,544.56,0,0,0,0,0,0,0,0
86,361,54810289,53330375,22161,7933,93,7955,0,0,-18,0,-18,1,1,1,960,544.56,960,544.56,0,0,0,0,0,0,0,0
87,362,52362628,53739250,22137,7933,93,7955,0,0,-18,0,-18,1,1,1,960,544.56,960,544.56,0,0,0,0,0,0,0,0
88,363,56891206,54073541,22689,7933,93,7955,0,0,-18,0,-18,1,1,1,960,544.56,960,544.56,0,0,0,0,0,0,0,0
89,364,55109545,57983250,22441,7933,93,7955,0,0,-18,0,-18,1,1,1,960,544.56,960,544.56,0,0,0,0,0,0,0,0
90,365,55336456,53278375,22073,7933,96,7955,0,0,-18,0,-18,1,1,1,960,544.56,960,544.56,0,0,0,0,0,0,0,0
91,366,52219457,53928666,22137,7934,94,7956,0,0,-18,0,-18,1,1,1,960,544.56,960,544.56,0,0,0,0,0,0,0,0
92,367,54996661,53698041,22213,7933,93,7955,0,0,-18,0,-18,1,1,1,960,544.56,960,544.56,0,0,0,0,0,0,0,0
93,368,52264668,53845791,22137,7933,93,7955,0,0,-18,0,-18,1,1,1,960,544.56,960,544.56,0,0,0,0,0,0,0,0
94,369,58168545,56235167,22073,7933,93,7955,0,0,-18,0,-18,1,1,1,960,544.56,960,544.56,0,0,0,0,0,0,0,0
95,370,60358829,62142000,22225,7933,93,7955,0,0,-18,0,-18,1,1,1,960,544.56,960,544.56,0,0,0,0,0,0,0,0
96,371,67308336,64992250,22125,7933,93,7955,0,0,-18,0,-18,1,1,1,960,544.56,960,544.56,0,0,0,0,0,0,0,0
97,372,62525250,62829959,22701,7933,93,7955,0,0,-18,0,-18,1,1,1,960,544.56,960,544.56,0,0,0,0,0,0,0,0
98,373,65716169,66195792,22377,7933,93,7955,0,0,-18,0,-18,1,1,1,960,544.56,960,544.56,0,0,0,0,0,0,0,0
99,374,57894833,59232500,22137,7933,96,7955,0,0,-18,0,-18,1,1,1,960,544.56,960,544.56,0,0,0,0,0,0,0,0
100,375,61135835,59691667,22125,7933,93,7955,0,0,-18,0,-18,1,1,1,960,544.56,960,544.56,0,0,0,0,0,0,0,0
101,376,50499327,52114708,22225,7933,93,7955,0,0,-18,0,-18,1,1,1,960,544.56,960,544.56,0,0,0,0,0,0,0,0
102,377,53155131,51559875,22073,7933,93,7955,0,0,-18,0,-18,1,1,1,960,544.56,960,544.56,0,0,0,0,0,0,0,0
103,378,48702042,50230417,22137,7933,93,7955,0,0,-18,0,-18,1,1,1,960,544.56,960,544.56,0,0,0,0,0,0,0,0
104,379,42980372,43072416,22213,7933,93,7955,0,0,-18,0,-18,1,1,1,960,544.56,960,544.56,0,0,0,0,0,0,0,0
105,380,43252039,42069834,22073,7933,93,7955,0,0,-18,0,-18,1,1,1,960,544.56,960,544.56,0,0,0,0,0,0,0,0
106,381,38326963,38321000,24821,7934,94,7956,0,0,-18,0,-18,1,1,1,960,544.56,960,544.56,0,0,0,0,0,0,0,0
107,382,40661331,41750667,22289,7933,93,7955,0,0,-18,0,-18,1,1,1,960,544.56,960,544.56,0,0,0,0,0,0,0,0
108,383,38913670,37673084,22161,7933,96,7955,0,0,-18,0,-18,1,1,1,960,544.56,960,544.56,0,0,0,0,0,0,0,0
109,384,36890078,38142750,22189,7933,93,7955,0,0,-18,0,-18,1,1,1,960,544.56,960,544.56,0,0,0,0,0,0,0,0
110,385,40201876,40184584,22073,7933,93,7955,0,0,-18,0,-18,1,1,1,960,544.56,960,544.56,0,0,0,0,0,0,0,0
111,386,42153544,40933792,22073,7933,93,7955,0,0,-18,0,-18,1,1,1,960,544.56,960,544.56,0,0,0,0,0,0,0,0
112,387,41816249,42988084,22225,7933,93,7955,0,0,-18,0,-18,1,1,1,960,544.56,960,544.56,0,0,0,0,0,0,0,0
113,388,42326666,42326666,22073,7933,93,7955,0,0,-18,0,-18,1,1,1,960,544.56,960,544.56,0,0,0,0,0,0,0,0
114,389,40490873,39325958,22125,7933,93,7955,0,0,-18,0,-18,1,1,1,960,544.56,960,544.56,0,0,0,0,0,0,0,0
115,390,39487499,40576083,22137,7933,93,7955,0,0,-18,0,-18,1,1,1,960,544.56,960,544.56,0,0,0,0,0,0,0,0
116,391,41031669,41062708,22161,7933,93,7955,0,0,-18,0,-18,1,1,1,960,544.56,960,544.56,0,0,0,0,0,0,0,0
117,392,40551919,39298541,22073,7933,93,7955,0,0,-18,0,-18,1,1,1,960,544.56,960,544.56,0,0,0,0,0,0,0,0
118,393,42205583,43445083,22137,7933,93,7955,0,0,-18,0,-18,1,1,1,960,544.56,960,544.56,0,0,0,0,0,0,0,0
119,394,49346122,47768292,22689,7933,93,7955,0,0,-18,0,-18,1,1,1,960,544.56,960,544.56,0,0,0,0,0,0,0,0
120,395,46106327,46028208,22377,7933,96,7955,0,0,-18,0,-18,1,1,1,960,544.56,960,544.56,0,0,0,0,0,0,0,0
121,396,42985457,44486750,22137,7934,94,7956,0,0,-18,0,-18,1,1,1,960,544.56,960,544.56,0,0,0,0,0,0,0,0
122,397,52793502,52760792,22073,7933,93,7955,0,0,-18,0,-18,1,1,1,960,544.56,960,544.56,0,0,0,0,0,0,0,0
123,398,57212583,55156833,22073,7933,93,7955,0,0,-18,0,-18,1,1,1,960,544.56,960,544.56,0,0,0,0,0,0,0,0
124,399,63651837,65510875,22277,7933,93,7955,0,0,-18,0,-18,1,1,1,960,544.56,960,544.56,0,0,0,0,0,0,0,0
125,400,67882247,66010333,22073,7933,93,7955,0,0,-18,0,-18,1,1,1,960,544.56,960,544.56,0,0,0,0,0,0,0,0
126,401,64070872,65815542,22137,7933,93,7955,0,0,-18,0,-18,1,1,1,960,544.56,960,544.56,0,0,0,0,0,0,0,0
127,402,66511832,63748792,22725,7933,93,7955,0,0,-18,0,-18,1,1,1,960,544.56,960,544.56,0,0,0,0,0,0,0,0
128,403,59148456,62034250,22405,7933,93,7955,0,0,-18,0,-18,1,1,1,960,544.56,960,544.56,0,0,0,0,0,0,0,0
129,404,57103663,55004750,22073,7933,96,7955,0,0,-18,0,-18,1,1,1,960,544.56,960,544.56,0,0,0,0,0,0,0,0
130,405,52152875,54224375,22225,7933,93,7955,0,0,-18,0,-18,1,1,1,960,544.56,960,544.56,0,0,0,0,0,0,0,0
131,406,55792622,53829000,22073,7933,93,7955,0,0,-18,0,-18,1,1,1,960,544.56,960,544.56,0,0,0,0,0,0,0,0
132,407,56816417,58582375,22189,7933,93,7955,0,0,-18,0,-18,1,1,1,960,544.56,960,544.56,0,0,0,0,0,0,0,0
133,408,58899838,57402708,22161,7933,93,7955,0,0,-18,0,-18,1,1,1,960,544.56,960,544.56,0,0,0,0,0,0,0,0
134,409,52339829,53919125,22137,7933,93,7955,0,0,-18,0,-18,1,1,1,960,544.56,960,544.56,0,0,0,0,0,0,0,0
135,410,59660665,57830209,22073,7933,93,7955,0,0,-18,0,-18,1,1,1,960,544.56,960,544.56,0,0,0,0,0,0,0,0
136,411,56542418,56625541,22841,7934,94,7956,0,0,-18,0,-18,1,1,1,960,544.56,960,544.56,0,0,0,0,0,0,0,0
137,412,56817751,56750708,22289,7933,93,7955,0,0,-18,0,-18,1,1,1,960,544.56,960,544.56,0,0,0,0,0,0,0,0
138,413,51968287,53585041,22137,7933,96,7955,0,0,-18,0,-18,1,1,1,960,544.56,960,544.56,0,0,0,0,0,0,0,0
139,414,54476041,52989541,22161,7933,93,7955,0,0,-18,0,-18,1,1,1,960,544.56,960,544.56,0,0,0,0,0,0,0,0
140,415,52867043,54412084,22189,7933,93,7955,0,0,-18,0,-18,1,1,1,960,544.56,960,544.56,0,0,0,0,0,0,0,0
141,416,54855789,52975166,22073,7933,93,7955,0,0,-18,0,-18,1,1,1,960,544.56,960,544.56,0,0,0,0,0,0,0,0
142,417,51390752,53163500,22225,7933,93,7955,0,0,-18,0,-18,1,1,1,960,544.56,960,544.56,0,0,0,0,0,0,0,0
143,418,53476460,52063958,22073,7933,93,7955,0,0,-18,0,-18,1,1,1,960,544.56,960,544.56,0,0,0,0,0,0,0,0
144,419,50872787,52243083,22189,7933,93,7955,0,0,-18,0,-18,1,1,1,960,544.56,960,544.56,0,0,0,0,0,0,0,0
145,420,44277705,44425500,22161,7933,93,7955,0,0,-18,0,-18,1,1,1,960,544.56,960,544.56,0,0,0,0,0,0,0,0
146,421,45688420,43297834,22637,7933,93,7955,0,0,-18,0,-18,1,1,1,960,544.56,960,544.56,0,0,0,0,0,0,0,0
147,422,43001204,45383791,22353,7933,93,7955,0,0,-18,0,-18,1,1,1,960,544.56,960,544.56,0,0,0,0,0,0,0,0
148,423,38204755,38074708,22073,7933,96,7955,0,0,-18,0,-18,1,1,1,960,544.56,960,544.56,0,0,0,0,0,0,0,0
149,424,39299786,38231375,22213,7933,93,7955,0,0,-18,0,-18,1,1,1,960,544.56,960,544.56,0,0,0,0,0,0,0,0
150,425,38115043,39244083,22137,7933,93,7955,0,0,-18,0,-18,1,1,1,960,544.56,960,544.56,0,0,0,0,0,0,0,0
151,426,38536287,38502041,22073,7934,94,7956,0,0,-18,0,-18,1,1,1,960,544.56,960,544.56,0,0,0,0,0,0,0,0
152,427,44126298,42786958,22073,7933,93,7955,0,0,-18,0,-18,1,1,1,960,544.56,960,544.56,0,0,0,0,0,0,0,0
153,428,38060162,39400042,22225,7933,93,7955,0,0,-18,0,-18,1,1,1,960,544.56,960,544.56,0,0,0,0,0,0,0,0
154,429,42410876,42350125,22073,7933,93,7955,0,0,-18,0,-18,1,1,1,960,544.56,960,544.56,0,0,0,0,0,0,0,0
155,430,46628959,45274708,22125,7933,93,7955,0,0,-18,0,-18,1,1,1,960,544.56,960,544.56,0,0,0,0,0,0,0,0
156,431,42702287,43969167,22137,7933,93,7955,0,0,-18,0,-18,1,1,1,960,544.56,960,544.56,0,0,0,0,0,0,0,0
157,432,46331208,46267583,22161,7933,93,7955,0,0,-18,0,-18,1,1,1,960,544.56,960,544.56,0,0,0,0,0,0,0,0
158,433,50108291,47368750,22637,7933,93,7955,0,0,-18,0,-18,1,1,1,960,544.56,960,544.56,0,0,0,0,0,0,0,0
159,434,58046627,60634209,22353,7933,93,7955,0,0,-18,0,-18,1,1,1,960,544.56,960,544.56,0,0,0,0,0,0,0,0
160,435,62599040,60753500,22213,7933,96,7955,0,0,-18,0,-18,1,1,1,960,544.56,960,544.56,0,0,0,0,0,0,0,0
161,436,64591623,66352333,22137,7933,93,7955,0,0,-18,0,-18,1,1,1,960,544.56,960,544.56,0,0,0,0,0,0,0,0
162,437,68502418,66582792,22073,7933,93,7955,0,0,-18,0,-18,1,1,1,960,544.56,960,544.56,0,0,0,0,0,0,0,0
163,438,63773542,65679083,22225,7933,93,7955,0,0,-18,0,-18,1,1,1,960,544.56,960,544.56,0,0,0,0,0,0,0,0
164,439,68943917,67080458,22125,7933,93,7955,0,0,-18,0,-18,1,1,1,960,544.56,960,544.56,0,0,0,0,0,0,0,0
165,440,60462832,62284709,22137,7933,93,7955,0,0,-18,0,-18,1,1,1,960,544.56,960,544.56,0,0,0,0,0,0,0,0
166,441,59492330,56100917,22725,7934,94,7956,0,0,-18,0,-18,1,1,1,960,544.56,960,544.56,0,0,0,0,0,0,0,0
167,442,60178458,63637625,22353,7933,93,7955,0,0,-18,0,-18,1,1,1,960,544.56,960,544.56,0,0,0,0,0,0,0,0
168,443,59750538,58127000,22125,7933,96,7955,0,0,-18,0,-18,1,1,1,960,544.56,960,544.56,0,0,0,0,0,0,0,0
169,444,54714754,56246334,22225,7933,93,7955,0,0,-18,0,-18,1,1,1,960,544.56,960,544.56,0,0,0,0,0,0,0,0
170,445,61989746,60215375,22073,7933,93,7955,0,0,-18,0,-18,1,1,1,960,544.56,960,544.56,0,0,0,0,0,0,0,0
171,446,59192664,60882000,22137,7933,93,7955,0,0,-18,0,-18,1,1,1,960,544.56,960,544.56,0,0,0,0,0,0,0,0
172,447,58452252,57004500,22213,7933,93,7955,0,0,-18,0,-18,1,1,1,960,544.56,960,544.56,0,0,0,0,0,0,0,0
173,448,60426998,61873125,22137,7933,93,7955,0,0,-18,0,-18,1,1,1,960,544.56,960,544.56,0,0,0,0,0,0,0,0
174,449,62740087,59453708,22637,7933,93,7955,0,0,-18,0,-18,1,1,1,960,544.56,960,544.56,0,0,0,0,0,0,0,0
175,450,60438413,63702000,22441,7933,93,7955,0,0,-18,0,-18,1,1,1,960,544.56,960,544.56,0,0,0,0,0,0,0,0
176,451,57368040,55400541,22125,7933,96,7955,0,0,-18,0,-18,1,1,1,960,544.56,960,544.56,0,0,0,0,0,0,0,0
177,452,52579831,54471209,22137,7933,93,7955,0,0,-18,0,-18,1,1,1,960,544.56,960,544.56,0,0,0,0,0,0,0,0
178,453,52900921,51406209,22161,7933,93,7955,0,0,-18,0,-18,1,1,1,960,544.56,960,544.56,0,0,0,0,0,0,0,0
179,454,46076826,47687500,22137,7933,93,7955,0,0,-18,0,-18,1,1,1,960,544.56,960,544.56,0,0,0,0,0,0,0,0
180,455,43754458,43728292,22125,7933,93,7955,0,0,-18,0,-18,1,1,1,960,544.56,960,544.56,0,0,0,0,0,0,0,0
181,456,42989335,41788875,22073,7934,94,7956,0,0,-18,0,-18,1,1,1,960,544.56,960,544.56,0,0,0,0,0,0,0,0
182,457,36949753,38128083,22225,7933,93,7955,0,0,-18,0,-18,1,1,1,960,544.56,960,544.56,0,0,0,0,0,0,0,0
183,458,38057539,38070625,22073,7933,93,7955,0,0,-18,0,-18,1,1,1,960,544.56,960,544.56,0,0,0,0,0,0,0,0
184,459,39058335,37873958,22073,7933,93,7955,0,0,-18,0,-18,1,1,1,960,544.56,960,544.56,0,0,0,0,0,0,0,0
185,460,43423626,43336792,22701,7933,93,7955,0,0,-18,0,-18,1,1,1,960,544.56,960,544.56,0,0,0,0,0,0,0,0
186,461,38003336,39180708,22429,7933,96,7955,0,0,-18,0,-18,1,1,1,960,544.56,960,544.56,0,0,0,0,0,0,0,0
187,462,42661912,41537209,22073,7933,93,7955,0,0,-18,0,-18,1,1,1,960,544.56,960,544.56,0,0,0,0,0,0,0,0
188,463,40173795,41265042,22137,7933,93,7955,0,0,-18,0,-18,1,1,1,960,544.56,960,544.56,0,0,0,0,0,0,0,0
189,464,41222874,41176708,22073,7933,93,7955,0,0,-18,0,-18,1,1,1,960,544.56,960,544.56,0,0,0,0,0,0,0,0
190,465,41483417,40355792,22161,7933,93,7955,0,0,-18,0,-18,1,1,1,960,544.56,960,544.56,0,0,0,0,0,0,0,0
191,466,40036868,41177000,22189,7933,93,7955,0,0,-18,0,-18,1,1,1,960,544.56,960,544.56,0,0,0,0,0,0,0,0
192,467,40422130,40391250,22073,7933,93,7955,0,0,-18,0,-18,1,1,1,960,544.56,960,544.56,0,0,0,0,0,0,0,0
193,468,42101707,40894167,22073,7933,93,7955,0,0,-18,0,-18,1,1,1,960,544.56,960,544.56,0,0,0,0,0,0,0,0
194,469,40169082,41371667,22225,7933,93,7955,0,0,-18,0,-18,1,1,1,960,544.56,960,544.56,0,0,0,0,0,0,0,0
195,470,44657871,44600959,22073,7933,93,7955,0,0,-18,0,-18,1,1,1,960,544.56,960,544.56,0,0,0,0,0,0,0,0
196,471,48231463,46455625,22125,7934,94,7956,0,0,-18,0,-18,1,1,1,960,544.56,960,544.56,0,0,0,0,0,0,0,0
197,472,49182992,49269125,22701,7933,93,7955,0,0,-18,0,-18,1,1,1,960,544.56,960,544.56,0,0,0,0,0,0,0,0
198,473,52979756,52958750,22377,7933,96,7955,0,0,-18,0,-18,1,1,1,960,544.56,960,544.56,0,0,0,0,0,0,0,0
199,474,52206251,53653750,22137,7933,93,7955,0,0,-18,0,-18,1,1,1,960,544.56,960,544.56,0,0,0,0,0,0,0,0
200,475,68136915,65995250,22125,7933,93,7955,0,0,-18,0,-18,1,1,1,960,544.56,960,544.56,0,0,0,0,0,0,0,0
201,476,63876502,65947709,22225,7933,93,7955,0,0,-18,0,-18,1,1,1,960,544.56,960,544.56,0,0,0,0,0,0,0,0
202,477,68915247,66941208,22073,7933,93,7955,0,0,-18,0,-18,1,1,1,960,544.56,960,544.56,0,0,0,0,0,0,0,0
203,478,63691288,65544958,22137,7933,93,7955,0,0,-18,0,-18,1,1,1,960,544.56,960,544.56,0,0,0,0,0,0,0,0
204,479,67641578,65734375,22213,7933,93,7955,0,0,-18,0,-18,1,1,1,960,544.56,960,544.56,0,0,0,0,0,0,0,0
205,480,65231084,65616334,22701,7933,93,7955,0,0,-18,0,-18,1,1,1,960,544.56,960,544.56,0,0,0,0,0,0,0,0
206,481,62100417,62109167,22289,7933,93,7955,0,0,-18,0,-18,1,1,1,960,544.56,960,544.56,0,0,0,0,0,0,0,0
207,482,53326126,54796083,22225,7933,96,7955,0,0,-18,0,-18,1,1,1,960,544.56,960,544.56,0,0,0,0,0,0,0,0
208,483,56916955,55420000,22125,7933,93,7955,0,0,-18,0,-18,1,1,1,960,544.56,960,544.56,0,0,0,0,0,0,0,0
209,484,54770875,56215000,22137,7933,93,7955,0,0,-18,0,-18,1,1,1,960,544.56,960,544.56,0,0,0,0,0,0,0,0
210,485,58287873,56549708,22161,7933,93,7955,0,0,-18,0,-18,1,1,1,960,544.56,960,544.56,0,0,0,0,0,0,0,0
211,486,57451248,59200541,22137,7934,94,7956,0,0,-18,0,-18,1,1,1,960,544.56,960,544.56,0,0,0,0,0,0,0,0
212,487,57337209,55743792,22125,7933,93,7955,0,0,-18,0,-18,1,1,1,960,544.56,960,544.56,0,0,0,0,0,0,0,0
213,488,57712372,57465958,22789,7933,93,7955,0,0,-18,0,-18,1,1,1,960,544.56,960,544.56,0,0,0,0,0,0,0,0
214,489,66488757,66382959,22289,7933,93,7955,0,0,-18,0,-18,1,1,1,960,544.56,960,544.56,0,0,0,0,0,0,0,0
215,490,58734957,60593500,22137,7933,96,7955,0,0,-18,0,-18,1,1,1,960,544.56,960,544.56,0,0,0,0,0,0,0,0
216,491,60788705,58838750,22213,7933,93,7955,0,0,-18,0,-18,1,1,1,960,544.56,960,544.56,0,0,0,0,0,0,0,0
217,492,55410005,57387958,22137,7933,93,7955,0,0,-18,0,-18,1,1,1,960,544.56,960,544.56,0,0,0,0,0,0,0,0
218,493,57957541,56290875,22073,7933,93,7955,0,0,-18,0,-18,1,1,1,960,544.56,960,544.56,0,0,0,0,0,0,0,0
219,494,52687328,54247916,22225,7933,93,7955,0,0,-18,0,-18,1,1,1,960,544.56,960,544.56,0,0,0,0,0,0,0,0
220,495,58470416,56967666,22125,7933,93,7955,0,0,-18,0,-18,1,1,1,960,544.56,960,544.56,0,0,0,0,0,0,0,0
221,496,50174590,51607708,22137,7933,93,7955,0,0,-18,0,-18,1,1,1,960,544.56,960,544.56,0,0,0,0,0,0,0,0
222,497,51702417,49510791,22725,7933,93,7955,0,0,-18,0,-18,1,1,1,960,544.56,960,544.56,0,0,0,0,0,0,0,0
223,498,45171499,47435958,22353,7933,93,7955,0,0,-18,0,-18,1,1,1,960,544.56,960,544.56,0,0,0,0,0,0,0,0
224,499,43263994,43297541,22125,7933,96,7955,0,0,-18,0,-18,1,1,1,960,544.56,960,544.56,0,0,0,0,0,0,0,0
225,500,43163422,41891167,22073,7933,93,7955,0,0,-18,0,-18,1,1,1,960,544.56,960,544.56,0,0,0,0,0,0,0,0
226,501,39793085,41072334,22225,7934,94,7956,0,0,-18,0,-18,1,1,1,960,544.56,960,544.56,0,0,0,0,0,0,0,0
227,502,40480542,40406917,22073,7933,93,7955,0,0,-18,0,-18,1,1,1,960,544.56,960,544.56,0,0,0,0,0,0,0,0
228,503,44646788,43333250,22073,7933,93,7955,0,0,-18,0,-18,1,1,1,960,544.56,960,544.56,0,0,0,0,0,0,0,0
229,504,42571917,43762792,22189,7933,93,7955,0,0,-18,0,-18,1,1,1,960,544.56,960,544.56,0,0,0,0,0,0,0,0
230,505,43001376,43088750,22161,7933,93,7955,0,0,-18,0,-18,1,1,1,960,544.56,960,544.56,0,0,0,0,0,0,0,0
231,506,42705167,41311125,22073,7933,93,7955,0,0,-18,0,-18,1,1,1,960,544.56,960,544.56,0,0,0,0,0,0,0,0
232,507,42976621,44240209,22137,7933,93,7955,0,0,-18,0,-18,1,1,1,960,544.56,960,544.56,0,0,0,0,0,0,0,0
233,508,44931042,44837125,22073,7933,93,7955,0,0,-18,0,-18,1,1,1,960,544.56,960,544.56,0,0,0,0,0,0,0,0
234,509,47600582,44642084,22777,7933,93,7955,0,0,-18,0,-18,1,1,1,960,544.56,960,544.56,0,0,0,0,0,0,0,0
235,510,54113294,57114334,22353,7933,93,7955,0,0,-18,0,-18,1,1,1,960,544.56,960,544.56,0,0,0,0,0,0,0,0
236,511,55048462,53464625,22073,7933,96,7955,0,0,-18,0,-18,1,1,1,960,544.56,960,544.56,0,0,0,0,0,0,0,0
237,512,60816913,62274083,22225,7933,93,7955,0,0,-18,0,-18,1,1,1,960,544.56,960,544.56,0,0,0,0,0,0,0,0
238,513,67970916,65903667,22125,7933,93,7955,0,0,-18,0,-18,1,1,1,960,544.56,960,544.56,0,0,0,0,0,0,0,0
239,514,64292207,66068958,22137,7933,93,7955,0,0,-18,0,-18,1,1,1,960,544.56,960,544.56,0,0,0,0,0,0,0,0
240,515,68833462,67130750,22161,7933,93,7955,0,0,-18,0,-18,1,1,1,960,544.56,960,544.56,0,0,0,0,0,0,0,0
241,516,64616665,66413208,22137,7934,94,7956,0,0,-18,0,-18,1,1,1,960,544.56,960,544.56,0,0,0,0,0,0,0,0
242,517,66230036,62990917,22689,7933,93,7955,0,0,-18,0,-18,1,1,1,960,544.56,960,544.56,0,0,0,0,0,0,0,0
243,518,58966085,62309250,22441,7933,93,7955,0,0,-18,0,-18,1,1,1,960,544.56,960,544.56,0,0,0,0,0,0,0,0
244,519,53852912,52170875,22073,7933,96,7955,0,0,-18,0,-18,1,1,1,960,544.56,960,544.56,0,0,0,0,0,0,0,0
245,520,51506917,52862834,22137,7933,93,7955,0,0,-18,0,-18,1,1,1,960,544.56,960,544.56,0,0,0,0,0,0,0,0
246,521,55175963,53917041,22213,7933,93,7955,0,0,-18,0,-18,1,1,1,960,544.56,960,544.56,0,0,0,0,0,0,0,0
247,522,51797583,53266916,22137,7933,93,7955,0,0,-18,0,-18,1,1,1,960,544.56,960,544.56,0,0,0,0,0,0,0,0
248,523,55009000,53094000,22073,7933,93,7955,0,0,-18,0,-18,1,1,1,960,544.56,960,544.56,0,0,0,0,0,0,0,0
249,524,51210708,53066875,22225,7933,93,7955,0,0,-18,0,-18,1,1,1,960,544.56,960,544.56,0,0,0,0,0,0,0,0
250,525,55544417,53740250,22125,7933,93,7955,0,0,-18,0,-18,1,1,1,960,544.56,960,544.56,0,0,0,0,0,0,0,0
251,526,52836917,53003083,22701,7933,93,7955,0,0,-18,0,-18,1,1,1,960,544.56,960,544.56,0,0,0,0,0,0,0,0
252,527,55959451,56036250,22377,7933,93,7955,0,0,-18,0,-18,1,1,1,960,544.56,960,544.56,0,0,0,0,0,0,0,0
253,528,51570378,53021375,22137,7933,96,7955,0,0,-18,0,-18,1,1,1,960,544.56,960,544.56,0,0,0,0,0,0,0,0
254,529,55910330,53858500,22125,7933,93,7955,0,0,-18,0,-18,1,1,1,960,544.56,960,544.56,0,0,0,0,0,0,0,0
255,530,51317997,53343250,22225,7933,93,7955,0,0,-18,0,-18,1,1,1,960,544.56,960,544.56,0,0,0,0,0,0,0,0
256,531,62339123,60603083,22073,7934,94,7956,0,0,-18,0,-18,1,1,1,960,544.56,960,544.56,0,0,0,0,0,0,0,0
257,532,54232299,55743167,22137,7933,93,7955,0,0,-18,0,-18,1,1,1,960,544.56,960,544.56,0,0,0,0,0,0,0,0
258,533,57846158,56483958,22213,7933,93,7955,0,0,-18,0,-18,1,1,1,960,544.56,960,544.56,0,0,0,0,0,0,0,0
259,534,50167005,51657375,22137,7933,93,7955,0,0,-18,0,-18,1,1,1,960,544.56,960,544.56,0,0,0,0,0,0,0,0
260,535,48702083,47370208,22637,7933,93,7955,0,0,-18,0,-18,1,1,1,960,544.56,960,544.56,0,0,0,0,0,0,0,0
261,536,46380497,46417958,22377,7933,93,7955,0,0,-18,0,-18,1,1,1,960,544.56,960,544.56,0,0,0,0,0,0,0,0
262,537,42292162,43632709,22189,7933,96,7955,0,0,-18,0,-18,1,1,1,960,544.56,960,544.56,0,0,0,0,0,0,0,0
263,538,38012627,37988917,22073,7933,93,7955,0,0,-18,0,-18,1,1,1,960,544.56,960,544.56,0,0,0,0,0,0,0,0
264,539,39726667,38484625,22073,7933,93,7955,0,0,-18,0,-18,1,1,1,960,544.56,960,544.56,0,0,0,0,0,0,0,0
265,540,36907795,38101708,22225,7933,93,7955,0,0,-18,0,-18,1,1,1,960,544.56,960,544.56,0,0,0,0,0,0,0,0
266,541,39215497,39239083,22073,7933,93,7955,0,0,-18,0,-18,1,1,1,960,544.56,960,544.56,0,0,0,0,0,0,0,0
267,542,41520416,40146333,22073,7933,93,7955,0,0,-18,0,-18,1,1,1,960,544.56,960,544.56,0,0,0,0,0,0,0,0
268,543,38511082,39804959,22189,7933,93,7955,0,0,-18,0,-18,1,1,1,960,544.56,960,544.56,0,0,0,0,0,0,0,0
269,544,41077747,41044542,22161,7933,93,7955,0,0,-18,0,-18,1,1,1,960,544.56,960,544.56,0,0,0,0,0,0,0,0
270,545,40568418,39257792,22073,7933,93,7955,0,0,-18,0,-18,1,1,1,960,544.56,960,544.56,0,0,0,0,0,0,0,0
271,546,39365250,40643167,22137,7934,94,7956,0,0,-18,0,-18,1,1,1,960,544.56,960,544.56,0,0,0,0,0,0,0,0
272,547,40857836,40799041,22073,7933,93,7955,0,0,-18,0,-18,1,1,1,960,544.56,960,544.56,0,0,0,0,0,0,0,0
273,548,46792998,44711125,22777,7933,93,7955,0,0,-18,0,-18,1,1,1,960,544.56,960,544.56,0,0,0,0,0,0,0,0
274,549,39946585,42016709,22353,7933,96,7955,0,0,-18,0,-18,1,1,1,960,544.56,960,544.56,0,0,0,0,0,0,0,0
275,550,42488958,42476500,22073,7933,93,7955,0,0,-18,0,-18,1,1,1,960,544.56,960,544.56,0,0,0,0,0,0,0,0
276,551,42342249,41125958,22073,7933,93,7955,0,0,-18,0,-18,1,1,1,960,544.56,960,544.56,0,0,0,0,0,0,0,0
277,552,39386920,40547250,22225,7933,93,7955,0,0,-18,0,-18,1,1,1,960,544.56,960,544.56,0,0,0,0,0,0,0,0
278,553,40784955,40840000,22125,7933,93,7955,0,0,-18,0,-18,1,1,1,960,544.56,960,544.56,0,0,0,0,0,0,0,0
279,554,44328961,42364084,22073,7933,93,7955,0,0,-18,0,-18,1,1,1,960,544.56,960,544.56,0,0,0,0,0,0,0,0
280,555,43529618,45156042,22137,7933,93,7955,0,0,-18,0,-18,1,1,1,960,544.56,960,544.56,0,0,0,0,0,0,0,0
281,556,44916331,45076375,22161,7933,93,7955,0,0,-18,0,-18,1,1,1,960,544.56,960,544.56,0,0,0,0,0,0,0,0
282,557,46425838,45086875,44478,7933,93,7955,0,0,-18,0,-18,1,1,1,960,544.56,960,544.56,0,0,0,0,0,0,0,0
283,558,49420416,50532542,27917,7933,93,7955,0,0,-18,0,-18,1,1,1,960,544.56,960,544.56,0,0,0,0,0,0,0,0
284,559,55714294,52818500,22637,7933,93,7955,0,0,-18,0,-18,1,1,1,960,544.56,960,544.56,0,0,0,0,0,0,0,0
285,560,62906123,65783084,22441,7933,93,7955,0,0,-18,0,-18,1,1,1,960,544.56,960,544.56,0,0,0,0,0,0,0,0
286,561,67295961,65424709,22073,7934,97,7956,0,0,-18,0,-18,1,1,1,960,544.56,960,544.56,0,0,0,0,0,0,0,0
287,562,63597328,65365209,22189,7933,93,7955,0,0,-18,0,-18,1,1,1,960,544.56,960,544.56,0,0,0,0,0,0,0,0
288,563,66768877,65029292,22161,7933,93,7955,0,0,-18,0,-18,1,1,1,960,544.56,960,544.56,0,0,0,0,0,0,0,0
289,564,56071046,57887458,22137,7933,93,7955,0,0,-18,0,-18,1,1,1,960,544.56,960,544.56,0,0,0,0,0,0,0,0
290,565,60255039,57977583,22073,7933,93,7955,0,0,-18,0,-18,1,1,1,960,544.56,960,544.56,0,0,0,0,0,0,0,0
291,566,56118953,58344000,22277,7933,93,7955,0,0,-18,0,-18,1,1,1,960,544.56,960,544.56,0,0,0,0,0,0,0,0
292,567,58710381,55011416,22637,7933,93,7955,0,0,-18,0,-18,1,1,1,960,544.56,960,544.56,0,0,0,0,0,0,0,0
293,568,59797663,63413416,22353,7933,93,7955,0,0,-18,0,-18,1,1,1,960,544.56,960,544.56,0,0,0,0,0,0,0,0
294,569,59125255,57642084,22161,7933,96,7955,0,0,-18,0,-18,1,1,1,960,544.56,960,544.56,0,0,0,0,0,0,0,0
295,570,53499702,55031375,22189,7933,93,7955,0,0,-18,0,-18,1,1,1,960,544.56,960,544.56,0,0,0,0,0,0,0,0
296,571,55022839,53278708,22073,7933,93,7955,0,0,-18,0,-18,1,1,1,960,544.56,960,544.56,0,0,0,0,0,0,0,0
297,572,52341580,53938333,22225,7933,93,7955,0,0,-18,0,-18,1,1,1,960,544.56,960,544.56,0,0,0,0,0,0,0,0
298,573,57269126,55790417,22073,7933,93,7955,0,0,-18,0,-18,1,1,1,960,544.56,960,544.56,0,0,0,0,0,0,0,0
299,574,50565708,51990917,22189,7933,93,7955,0,0,-18,0,-18,1,1,1,960,544.56,960,544.56,0,0,0,0,0,0,0,0
300,575,55815163,54301250,22161,7933,93,7955,0,0,-18,0,-18,1,1,1,960,544.56,960,544.56,0,0,0,0,0,0,0,0
301,576,54515376,54468208,22701,7934,94,7956,0,0,-18,0,-18,1,1,1,960,544.56,960,544.56,0,0,0,0,0,0,0,0
302,577,57880584,57777500,22289,7933,93,7955,0,0,-18,0,-18,1,1,1,960,544.56,960,544.56,0,0,0,0,0,0,0,0
303,578,52349325,53979667,22277,7933,96,7955,0,0,-18,0,-18,1,1,1,960,544.56,960,544.56,0,0,0,0,0,0,0,0
304,579,59262044,57686833,22073,7933,93,7955,0,0,-18,0,-18,1,1,1,960,544.56,960,544.56,0,0,0,0,0,0,0,0
305,580,52995041,54483125,22137,7933,93,7955,0,0,-18,0,-18,1,1,1,960,544.56,960,544.56,0,0,0,0,0,0,0,0
306,581,53522497,52022250,22161,7933,93,7955,0,0,-18,0,-18,1,1,1,960,544.56,960,544.56,0,0,0,0,0,0,0,0
307,582,47413915,48982916,22189,7933,93,7955,0,0,-18,0,-18,1,1,1,960,544.56,960,544.56,0,0,0,0,0,0,0,0
308,583,43134707,43138958,22073,7933,93,7955,0,0,-18,0,-18,1,1,1,960,544.56,960,544.56,0,0,0,0,0,0,0,0
309,584,44849213,43516959,22073,7933,93,7955,0,0,-18,0,-18,1,1,1,960,544.56,960,544.56,0,0,0,0,0,0,0,0
310,585,41439995,42745000,22225,7933,93,7955,0,0,-18,0,-18,1,1,1,960,544.56,960,544.56,0,0,0,0,0,0,0,0
311,586,41331209,40136042,22637,7933,93,7955,0,0,-18,0,-18,1,1,1,960,544.56,960,544.56,0,0,0,0,0,0,0,0
312,587,41683837,41718083,22341,7933,93,7955,0,0,-18,0,-18,1,1,1,960,544.56,960,544.56,0,0,0,0,0,0,0,0
313,588,39045706,40123125,22137,7933,96,7955,0,0,-18,0,-18,1,1,1,960,544.56,960,544.56,0,0,0,0,0,0,0,0
314,589,39535254,39531959,22161,7933,93,7955,0,0,-18,0,-18,1,1,1,960,544.56,960,544.56,0,0,0,0,0,0,0,0
315,590,42888540,41616750,22073,7933,93,7955,0,0,-18,0,-18,1,1,1,960,544.56,960,544.56,0,0,0,0,0,0,0,0
316,591,44603329,45764333,22137,7934,94,7956,0,0,-18,0,-18,1,1,1,960,544.56,960,544.56,0,0,0,0,0,0,0,0
317,592,46377252,46220833,22125,7933,93,7955,0,0,-18,0,-18,1,1,1,960,544.56,960,544.56,0,0,0,0,0,0,0,0
318,593,46007249,44512125,22161,7933,93,7955,0,0,-18,0,-18,1,1,1,960,544.56,960,544.56,0,0,0,0,0,0,0,0
319,594,47293581,48945459,22137,7933,93,7955,0,0,-18,0,-18,1,1,1,960,544.56,960,544.56,0,0,0,0,0,0,0,0
320,595,56123878,54099625,22073,7933,93,7955,0,0,-18,0,-18,1,1,1,960,544.56,960,544.56,0,0,0,0,0,0,0,0
321,596,52092667,53958334,22137,7933,93,7955,0,0,-18,0,-18,1,1,1,960,544.56,960,544.56,0,0,0,0,0,0,0,0
322,597,67980542,64230583,22777,7933,93,7955,0,0,-18,0,-18,1,1,1,960,544.56,960,544.56,0,0,0,0,0,0,0,0
323,598,68125955,71794292,22353,7933,93,7955,0,0,-18,0,-18,1,1,1,960,544.56,960,544.56,0,0,0,0,0,0,0,0
324,599,68992622,66979125,22073,7933,96,7955,0,0,-18,0,-18,1,1,1,960,544.56,960,544.56,0,0,0,0,0,0,0,0
325,600,64877703,66847459,22277,7933,93,7955,0,0,-18,0,-18,1,1,1,960,544.56,960,544.56,0,0,0,0,0,0,0,0
326,601,66774666,64639958,22073,7933,93,7955,0,0,-18,0,-18,1,1,1,960,544.56,960,544.56,0,0,0,0,0,0,0,0
327,602,57301629,59232375,22137,7933,93,7955,0,0,-18,0,-18,1,1,1,960,544.56,960,544.56,0,0,0,0,0,0,0,0
328,603,60332164,58289291,22161,7933,93,7955,0,0,-18,0,-18,1,1,1,960,544.56,960,544.56,0,0,0,0,0,0,0,0
329,604,55362541,57563750,22189,7933,93,7955,0,0,-18,0,-18,1,1,1,960,544.56,960,544.56,0,0,0,0,0,0,0,0
330,605,61813123,58915458,22637,7933,93,7955,0,0,-18,0,-18,1,1,1,960,544.56,960,544.56,0,0,0,0,0,0,0,0
331,606,66989876,69778875,22441,7934,94,7956,0,0,-18,0,-18,1,1,1,960,544.56,960,544.56,0,0,0,0,0,0,0,0
332,607,68898417,66912750,22073,7933,96,7955,0,0,-18,0,-18,1,1,1,960,544.56,960,544.56,0,0,0,0,0,0,0,0
333,608,62126126,63998709,22189,7933,93,7955,0,0,-18,0,-18,1,1,1,960,544.56,960,544.56,0,0,0,0,0,0,0,0
334,609,63224293,61629958,22161,7933,93,7955,0,0,-18,0,-18,1,1,1,960,544.56,960,544.56,0,0,0,0,0,0,0,0
335,610,56631207,58328458,22137,7933,93,7955,0,0,-18,0,-18,1,1,1,960,544.56,960,544.56,0,0,0,0,0,0,0,0
336,611,59387501,57208583,22073,7933,93,7955,0,0,-18,0,-18,1,1,1,960,544.56,960,544.56,0,0,0,0,0,0,0,0
337,612,55735956,57886667,22277,7933,93,7955,0,0,-18,0,-18,1,1,1,960,544.56,960,544.56,0,0,0,0,0,0,0,0
338,613,55686876,52827125,22637,7933,93,7955,0,0,-18,0,-18,1,1,1,960,544.56,960,544.56,0,0,0,0,0,0,0,0
339,614,54426793,57178000,22353,7933,93,7955,0,0,-18,0,-18,1,1,1,960,544.56,960,544.56,0,0,0,0,0,0,0,0
340,615,53880080,52468125,22161,7933,96,7955,0,0,-18,0,-18,1,1,1,960,544.56,960,544.56,0,0,0,0,0,0,0,0
341,616,42262002,43753250,22189,7933,93,7955,0,0,-18,0,-18,1,1,1,960,544.56,960,544.56,0,0,0,0,0,0,0,0
342,617,43457332,43425042,22073,7933,93,7955,0,0,-18,0,-18,1,1,1,960,544.56,960,544.56,0,0,0,0,0,0,0,0
343,618,44246330,42959375,22073,7933,93,7955,0,0,-18,0,-18,1,1,1,960,544.56,960,544.56,0,0,0,0,0,0,0,0
344,619,36828670,38122708,22225,7933,93,7955,0,0,-18,0,-18,1,1,1,960,544.56,960,544.56,0,0,0,0,0,0,0,0
345,620,38289994,38274250,22073,7933,93,7955,0,0,-18,0,-18,1,1,1,960,544.56,960,544.56,0,0,0,0,0,0,0,0
346,621,41269835,39988750,22125,7934,94,7956,0,0,-18,0,-18,1,1,1,960,544.56,960,544.56,0,0,0,0,0,0,0,0
347,622,38733042,39919166,22137,7933,93,7955,0,0,-18,0,-18,1,1,1,960,544.56,960,544.56,0,0,0,0,0,0,0,0
348,623,41454292,41484334,22161,7933,93,7955,0,0,-18,0,-18,1,1,1,960,544.56,960,544.56,0,0,0,0,0,0,0,0
349,624,43637458,41206792,22637,7933,93,7955,0,0,-18,0,-18,1,1,1,960,544.56,960,544.56,0,0,0,0,0,0,0,0
350,625,43420877,45824750,22353,7933,93,7955,0,0,-18,0,-18,1,1,1,960,544.56,960,544.56,0,0,0,0,0,0,0,0
351,626,39722703,39630667,22125,7933,96,7955,0,0,-18,0,-18,1,1,1,960,544.56,960,544.56,0,0,0,0,0,0,0,0
352,627,41721124,40615500,22161,7933,93,7955,0,0,-18,0,-18,1,1,1,960,544.56,960,544.56,0,0,0,0,0,0,0,0
353,628,38355089,39526209,22137,7933,93,7955,0,0,-18,0,-18,1,1,1,960,544.56,960,544.56,0,0,0,0,0,0,0,0
354,629,40788918,40729666,22073,7933,93,7955,0,0,-18,0,-18,1,1,1,960,544.56,960,544.56,0,0,0,0,0,0,0,0
355,630,41712082,40495333,22073,7933,93,7955,0,0,-18,0,-18,1,1,1,960,544.56,960,544.56,0,0,0,0,0,0,0,0
356,631,39840668,41029625,22277,7933,93,7955,0,0,-18,0,-18,1,1,1,960,544.56,960,544.56,0,0,0,0,0,0,0,0
357,632,41282333,41298625,22073,7933,93,7955,0,0,-18,0,-18,1,1,1,960,544.56,960,544.56,0,0,0,0,0,0,0,0
358,633,40654834,39466375,22073,7933,93,7955,0,0,-18,0,-18,1,1,1,960,544.56,960,544.56,0,0,0,0,0,0,0,0
359,634,39378125,40469209,22137,7933,93,7955,0,0,-18,0,-18,1,1,1,960,544.56,960,544.56,0,0,0,0,0,0,0,0
360,635,39824873,39826542,22161,7933,93,7955,0,0,-18,0,-18,1,1,1,960,544.56,960,544.56,0,0,0,0,0,0,0,0
361,636,40107000,38991833,22125,7934,94,7956,0,0,-18,0,-18,1,1,1,960,544.56,960,544.56,0,0,0,0,0,0,0,0
362,637,44440001,44192375,22701,7933,93,7955,0,0,-18,0,-18,1,1,1,960,544.56,960,544.56,0,0,0,0,0,0,0,0
363,638,41007164,42315333,22289,7933,96,7955,0,0,-18,0,-18,1,1,1,960,544.56,960,544.56,0,0,0,0,0,0,0,0
364,639,44932838,43574500,22161,7933,93,7955,0,0,-18,0,-18,1,1,1,960,544.56,960,544.56,0,0,0,0,0,0,0,0
365,640,45973327,47293208,22137,7933,93,7955,0,0,-18,0,-18,1,1,1,960,544.56,960,544.56,0,0,0,0,0,0,0,0
366,641,46507213,46498584,22125,7933,93,7955,0,0,-18,0,-18,1,1,1,960,544.56,960,544.56,0,0,0,0,0,0,0,0
367,642,53536288,51626458,22073,7933,93,7955,0,0,-18,0,-18,1,1,1,960,544.56,960,544.56,0,0,0,0,0,0,0,0
368,643,52041292,53842250,22225,7933,93,7955,0,0,-18,0,-18,1,1,1,960,544.56,960,544.56,0,0,0,0,0,0,0,0
369,644,66569037,64643459,22275,7933,93,7955,0,0,-18,0,-18,1,1,1,960,544.56,960,544.56,0,0,0,0,0,0,0,0
370,645,64206421,65630958,22189,7933,93,7955,0,0,-18,0,-18,1,1,1,960,544.56,960,544.56,0,0,0,0,0,0,0,0
371,646,69245874,66141583,22725,7933,93,7955,0,0,-18,0,-18,1,1,1,960,544.56,960,544.56,0,0,0,0,0,0,0,0
372,647,68624958,71991417,22353,7933,93,7955,0,0,-18,0,-18,1,1,1,960,544.56,960,544.56,0,0,0,0,0,0,0,0
373,648,67955337,65977333,22125,7933,96,7955,0,0,-18,0,-18,1,1,1,960,544.56,960,544.56,0,0,0,0,0,0,0,0
374,649,65066955,67041042,22225,7933,93,7955,0,0,-18,0,-18,1,1,1,960,544.56,960,544.56,0,0,0,0,0,0,0,0
375,650,65636083,64197625,22073,7933,93,7955,0,0,-18,0,-18,1,1,1,960,544.56,960,544.56,0,0,0,0,0,0,0,0
376,651,54102621,55508625,22137,7934,94,7956,0,0,-18,0,-18,1,1,1,960,544.56,960,544.56,0,0,0,0,0,0,0,0
377,652,56261714,54277833,22213,7933,93,7955,0,0,-18,0,-18,1,1,1,960,544.56,960,544.56,0,0,0,0,0,0,0,0
378,653,53530372,55503667,22137,7933,93,7955,0,0,-18,0,-18,1,1,1,960,544.56,960,544.56,0,0,0,0,0,0,0,0
379,654,61366420,58196458,22637,7933,93,7955,0,0,-18,0,-18,1,1,1,960,544.56,960,544.56,0,0,0,0,0,0,0,0
380,655,63333578,66447958,22441,7933,93,7955,0,0,-18,0,-18,1,1,1,960,544.56,960,544.56,0,0,0,0,0,0,0,0
381,656,68545326,66367333,22125,7933,96,7955,0,0,-18,0,-18,1,1,1,960,544.56,960,544.56,0,0,0,0,0,0,0,0
382,657,59052381,61060958,22137,7933,93,7955,0,0,-18,0,-18,1,1,1,960,544.56,960,544.56,0,0,0,0,0,0,0,0
383,658,60094997,58047250,22161,7933,93,7955,0,0,-18,0,-18,1,1,1,960,544.56,960,544.56,0,0,0,0,0,0,0,0
384,659,58646667,60811000,22435,7933,93,7955,0,0,-18,0,-18,1,1,1,960,544.56,960,544.56,0,0,0,0,0,0,0,0
385,660,60536373,58620459,22125,7933,93,7955,0,0,-18,0,-18,1,1,1,960,544.56,960,544.56,0,0,0,0,0,0,0,0
386,661,56345082,58216625,22225,7933,93,7955,0,0,-18,0,-18,1,1,1,960,544.56,960,544.56,0,0,0,0,0,0,0,0
387,662,63934624,61023542,22637,7933,93,7955,0,0,-18,0,-18,1,1,1,960,544.56,960,544.56,0,0,0,0,0,0,0,0
388,663,63413091,66007541,22353,7933,93,7955,0,0,-18,0,-18,1,1,1,960,544.56,960,544.56,0,0,0,0,0,0,0,0
389,664,61788704,60078541,22213,7933,96,7955,0,0,-18,0,-18,1,1,1,960,544.56,960,544.56,0,0,0,0,0,0,0,0
390,665,57723667,59627125,22137,7933,93,7955,0,0,-18,0,-18,1,1,1,960,544.56,960,544.56,0,0,0,0,0,0,0,0
391,666,53351543,51733958,22073,7934,94,7956,0,0,-18,0,-18,1,1,1,960,544.56,960,544.56,0,0,0,0,0,0,0,0
392,667,49025204,50638083,22225,7933,93,7955,0,0,-18,0,-18,1,1,1,960,544.56,960,544.56,0,0,0,0,0,0,0,0
393,668,43237540,43288208,22125,7933,93,7955,0,0,-18,0,-18,1,1,1,960,544.56,960,544.56,0,0,0,0,0,0,0,0
394,669,44586125,43236000,22073,7933,93,7955,0,0,-18,0,-18,1,1,1,960,544.56,960,544.56,0,0,0,0,0,0,0,0
395,670,40346618,41618334,22137,7933,93,7955,0,0,-18,0,-18,1,1,1,960,544.56,960,544.56,0,0,0,0,0,0,0,0
396,671,38113087,38124166,22161,7933,93,7955,0,0,-18,0,-18,1,1,1,960,544.56,960,544.56,0,0,0,0,0,0,0,0
397,672,40808871,38733917,22073,7933,93,7955,0,0,-18,0,-18,1,1,1,960,544.56,960,544.56,0,0,0,0,0,0,0,0
398,673,40077295,42106875,22969,7933,93,7955,0,0,-18,0,-18,1,1,1,960,544.56,960,544.56,0,0,0,0,0,0,0,0
399,674,40326040,40214375,22073,7933,96,7955,0,0,-18,0,-18,1,1,1,960,544.56,960,544.56,0,0,0,0,0,0,0,0
400,675,47323916,45192667,22161,7933,93,7955,0,0,-18,0,-18,1,1,1,960,544.56,960,544.56,0,0,0,0,0,0,0,0
401,676,42832788,44931791,22137,7933,93,7955,0,0,-18,0,-18,1,1,1,960,544.56,960,544.56,0,0,0,0,0,0,0,0
402,677,45530043,45539709,22073,7933,93,7955,0,0,-18,0,-18,1,1,1,960,544.56,960,544.56,0,0,0,0,0,0,0,0
403,678,51832709,49858625,22125,7933,93,7955,0,0,-18,0,-18,1,1,1,960,544.56,960,544.56,0,0,0,0,0,0,0,0
404,679,56526333,58358958,22225,7933,93,7955,0,0,-18,0,-18,1,1,1,960,544.56,960,544.56,0,0,0,0,0,0,0,0
405,680,68198204,66289458,22073,7933,93,7955,0,0,-18,0,-18,1,1,1,960,544.56,960,544.56,0,0,0,0,0,0,0,0
406,681,65304167,66495292,22137,7934,94,7956,0,0,-18,0,-18,1,1,1,960,544.56,960,544.56,0,0,0,0,0,0,0,0
407,682,69697208,66749500,22777,7933,93,7955,0,0,-18,0,-18,1,1,1,960,544.56,960,544.56,0,0,0,0,0,0,0,0
408,683,68738877,72224958,22353,7933,93,7955,0,0,-18,0,-18,1,1,1,960,544.56,960,544.56,0,0,0,0,0,0,0,0
409,684,68877622,66471000,22073,7933,96,7955,0,0,-18,0,-18,1,1,1,960,544.56,960,544.56,0,0,0,0,0,0,0,0
410,685,58332964,60807291,22277,7933,93,7955,0,0,-18,0,-18,1,1,1,960,544.56,960,544.56,0,0,0,0,0,0,0,0
411,686,54726582,53174291,22073,7933,93,7955,0,0,-18,0,-18,1,1,1,960,544.56,960,544.56,0,0,0,0,0,0,0,0
412,687,51988292,53379417,22137,7933,93,7955,0,0,-18,0,-18,1,1,1,960,544.56,960,544.56,0,0,0,0,0,0,0,0
413,688,54695662,52823667,22161,7933,93,7955,0,0,-18,0,-18,1,1,1,960,544.56,960,544.56,0,0,0,0,0,0,0,0
414,689,51433708,53323291,22189,7933,93,7955,0,0,-18,0,-18,1,1,1,960,544.56,960,544.56,0,0,0,0,0,0,0,0
415,690,60798335,59200541,22073,7933,93,7955,0,0,-18,0,-18,1,1,1,960,544.56,960,544.56,0,0,0,0,0,0,0,0
416,691,61345789,61350667,22789,7933,93,7955,0,0,-18,0,-18,1,1,1,960,544.56,960,544.56,0,0,0,0,0,0,0,0
417,692,54523669,54589584,22289,7933,96,7955,0,0,-18,0,-18,1,1,1,960,544.56,960,544.56,0,0,0,0,0,0,0,0
418,693,50844375,52259208,22189,7933,93,7955,0,0,-18,0,-18,1,1,1,960,544.56,960,544.56,0,0,0,0,0,0,0,0
419,694,55244747,53230542,22161,7933,93,7955,0,0,-18,0,-18,1,1,1,960,544.56,960,544.56,0,0,0,0,0,0,0,0
420,695,55544663,57570792,22137,7933,93,7955,0,0,-18,0,-18,1,1,1,960,544.56,960,544.56,0,0,0,0,0,0,0,0
421,696,61244502,59132125,22073,7934,94,7956,0,0,-18,0,-18,1,1,1,960,544.56,960,544.56,0,0,0,0,0,0,0,0
422,697,55728498,57741625,22277,7933,93,7955,0,0,-18,0,-18,1,1,1,960,544.56,960,544.56,0,0,0,0,0,0,0,0
423,698,54904125,53319666,22073,7933,93,7955,0,0,-18,0,-18,1,1,1,960,544.56,960,544.56,0,0,0,0,0,0,0,0
424,699,59231001,59087125,22701,7933,93,7955,0,0,-18,0,-18,1,1,1,960,544.56,960,544.56,0,0,0,0,0,0,0,0
425,700,62387038,62370041,22377,7933,93,7955,0,0,-18,0,-18,1,1,1,960,544.56,960,544.56,0,0,0,0,0,0,0,0
426,701,53465332,55169583,22189,7933,96,7955,0,0,-18,0,-18,1,1,1,960,544.56,960,544.56,0,0,0,0,0,0,0,0
427,702,56152962,54574750,22073,7933,93,7955,0,0,-18,0,-18,1,1,1,960,544.56,960,544.56,0,0,0,0,0,0,0,0
428,703,49511954,51075291,22225,7933,93,7955,0,0,-18,0,-18,1,1,1,960,544.56,960,544.56,0,0,0,0,0,0,0,0
429,704,52150417,50841916,22073,7933,93,7955,0,0,-18,0,-18,1,1,1,960,544.56,960,544.56,0,0,0,0,0,0,0,0
430,705,42975246,44302042,22189,7933,93,7955,0,0,-18,0,-18,1,1,1,960,544.56,960,544.56,0,0,0,0,0,0,0,0
431,706,44983126,44881958,22073,7933,93,7955,0,0,-18,0,-18,1,1,1,960,544.56,960,544.56,0,0,0,0,0,0,0,0
432,707,45207418,43937417,22161,7933,93,7955,0,0,-18,0,-18,1,1,1,960,544.56,960,544.56,0,0,0,0,0,0,0,0
433,708,43642375,44935000,22137,7933,93,7955,0,0,-18,0,-18,1,1,1,960,544.56,960,544.56,0,0,0,0,0,0,0,0
434,709,46225957,44668209,22637,7933,93,7955,0,0,-18,0,-18,1,1,1,960,544.56,960,544.56,0,0,0,0,0,0,0,0
435,710,52059579,51974709,22341,7933,93,7955,0,0,-18,0,-18,1,1,1,960,544.56,960,544.56,0,0,0,0,0,0,0,0
436,711,51253005,52739500,22225,7934,97,7956,0,0,-18,0,-18,1,1,1,960,544.56,960,544.56,0,0,0,0,0,0,0,0
437,712,62459751,60155500,22073,7933,93,7955,0,0,-18,0,-18,1,1,1,960,544.56,960,544.56,0,0,0,0,0,0,0,0
438,713,64105540,66192417,22137,7933,93,7955,0,0,-18,0,-18,1,1,1,960,544.56,960,544.56,0,0,0,0,0,0,0,0
439,714,67800246,65942125,22213,7933,93,7955,0,0,-18,0,-18,1,1,1,960,544.56,960,544.56,0,0,0,0,0,0,0,0
440,715,64079254,65947708,22137,7933,93,7955,0,0,-18,0,-18,1,1,1,960,544.56,960,544.56,0,0,0,0,0,0,0,0
441,716,68981543,66907625,22073,7933,93,7955,0,0,-18,0,-18,1,1,1,960,544.56,960,544.56,0,0,0,0,0,0,0,0
442,717,57381208,59149375,22225,7933,93,7955,0,0,-18,0,-18,1,1,1,960,544.56,960,544.56,0,0,0,0,0,0,0,0
443,718,67652910,64152292,22689,7933,93,7955,0,0,-18,0,-18,1,1,1,960,544.56,960,544.56,0,0,0,0,0,0,0,0
444,719,54111339,57791417,22353,7933,96,7955,0,0,-18,0,-18,1,1,1,960,544.56,960,544.56,0,0,0,0,0,0,0,0
445,720,64549788,62672917,22161,7933,93,7955,0,0,-18,0,-18,1,1,1,960,544.56,960,544.56,0,0,0,0,0,0,0,0
446,721,60528211,62190208,22137,7933,93,7955,0,0,-18,0,-18,1,1,1,960,544.56,960,544.56,0,0,0,0,0,0,0,0
447,722,62956541,61502917,22125,7933,93,7955,0,0,-18,0,-18,1,1,1,960,544.56,960,544.56,0,0,0,0,0,0,0,0
448,723,57133834,58715041,22225,7933,93,7955,0,0,-18,0,-18,1,1,1,960,544.56,960,544.56,0,0,0,0,0,0,0,0
449,724,62058418,59792834,22073,7933,93,7955,0,0,-18,0,-18,1,1,1,960,544.56,960,544.56,0,0,0,0,0,0,0,0
450,725,55951248,58057333,22137,7933,93,7955,0,0,-18,0,-18,1,1,1,960,544.56,960,544.56,0,0,0,0,0,0,0,0
451,726,60575168,57539209,22777,7934,94,7956,0,0,-18,0,-18,1,1,1,960,544.56,960,544.56,0,0,0,0,0,0,0,0
452,727,58396995,61591792,22353,7933,93,7955,0,0,-18,0,-18,1,1,1,960,544.56,960,544.56,0,0,0,0,0,0,0,0
453,728,54718375,52806375,22073,7933,96,7955,0,0,-18,0,-18,1,1,1,960,544.56,960,544.56,0,0,0,0,0,0,0,0
454,729,53433459,55155791,22225,7933,93,7955,0,0,-18,0,-18,1,1,1,960,544.56,960,544.56,0,0,0,0,0,0,0,0
455,730,53490247,52037292,22125,7933,93,7955,0,0,-18,0,-18,1,1,1,960,544.56,960,544.56,0,0,0,0,0,0,0,0
456,731,50911083,52333875,22137,7933,93,7955,0,0,-18,0,-18,1,1,1,960,544.56,960,544.56,0,0,0,0,0,0,0,0
457,732,53536038,52131667,22161,7933,93,7955,0,0,-18,0,-18,1,1,1,960,544.56,960,544.56,0,0,0,0,0,0,0,0
458,733,47424547,48948750,22137,7933,93,7955,0,0,-18,0,-18,1,1,1,960,544.56,960,544.56,0,0,0,0,0,0,0,0
459,734,43913915,43859167,22125,7933,93,7955,0,0,-18,0,-18,1,1,1,960,544.56,960,544.56,0,0,0,0,0,0,0,0
460,735,43284580,42087167,22073,7933,93,7955,0,0,-18,0,-18,1,1,1,960,544.56,960,544.56,0,0,0,0,0,0,0,0
461,736,41281752,41337417,22789,7933,93,7955,0,0,-18,0,-18,1,1,1,960,544.56,960,544.56,0,0,0,0,0,0,0,0
462,737,37036791,38208000,22289,7933,96,7955,0,0,-18,0,-18,1,1,1,960,544.56,960,544.56,0,0,0,0,0,0,0,0
463,738,39756625,38543167,22073,7933,93,7955,0,0,-18,0,-18,1,1,1,960,544.56,960,544.56,0,0,0,0,0,0,0,0
464,739,38815081,39943584,22189,7933,93,7955,0,0,-18,0,-18,1,1,1,960,544.56,960,544.56,0,0,0,0,0,0,0,0
465,740,42065378,42068125,22161,7933,93,7955,0,0,-18,0,-18,1,1,1,960,544.56,960,544.56,0,0,0,0,0,0,0,0
466,741,41405748,40110000,22073,7934,94,7956,0,0,-18,0,-18,1,1,1,960,544.56,960,544.56,0,0,0,0,0,0,0,0
467,742,40787294,42062500,22137,7933,93,7955,0,0,-18,0,-18,1,1,1,960,544.56,960,544.56,0,0,0,0,0,0,0,0
468,743,39480876,39376000,22073,7933,93,7955,0,0,-18,0,-18,1,1,1,960,544.56,960,544.56,0,0,0,0,0,0,0,0
469,744,41807290,40687791,22213,7933,93,7955,0,0,-18,0,-18,1,1,1,960,544.56,960,544.56,0,0,0,0,0,0,0,0
470,745,37871994,39063375,22137,7933,93,7955,0,0,-18,0,-18,1,1,1,960,544.56,960,544.56,0,0,0,0,0,0,0,0
471,746,40984459,40849792,22073,7933,93,7955,0,0,-18,0,-18,1,1,1,960,544.56,960,544.56,0,0,0,0,0,0,0,0
472,747,46194169,45029458,22073,7933,93,7955,0,0,-18,0,-18,1,1,1,960,544.56,960,544.56,0,0,0,0,0,0,0,0
473,748,43721038,43598500,22789,7933,93,7955,0,0,-18,0,-18,1,1,1,960,544.56,960,544.56,0,0,0,0,0,0,0,0
474,749,47076005,48327500,22341,7933,93,7955,0,0,-18,0,-18,1,1,1,960,544.56,960,544.56,0,0,0,0,0,0,0,0
475,750,52610829,51067167,22073,7933,96,7955,0,0,-18,0,-18,1,1,1,960,544.56,960,544.56,0,0,0,0,0,0,0,0
476,751,51704876,53127000,22137,7933,93,7955,0,0,-18,0,-18,1,1,1,960,544.56,960,544.56,0,0,0,0,0,0,0,0
477,752,61373461,59282375,22161,7933,93,7955,0,0,-18,0,-18,1,1,1,960,544.56,960,544.56,0,0,0,0,0,0,0,0
478,753,63686996,65532084,22189,7933,93,7955,0,0,-18,0,-18,1,1,1,960,544.56,960,544.56,0,0,0,0,0,0,0,0
479,754,68786874,66886625,22073,7933,93,7955,0,0,-18,0,-18,1,1,1,960,544.56,960,544.56,0,0,0,0,0,0,0,0
480,755,64786210,66676417,22225,7933,93,7955,0,0,-18,0,-18,1,1,1,960,544.56,960,544.56,0,0,0,0,0,0,0,0
481,756,62500163,60063334,22073,7934,94,7956,0,0,-18,0,-18,1,1,1,960,544.56,960,544.56,0,0,0,0,0,0,0,0
482,757,61455208,62435917,22753,7933,93,7955,0,0,-18,0,-18,1,1,1,960,544.56,960,544.56,0,0,0,0,0,0,0,0
483,758,55900543,55932458,22377,7933,96,7955,0,0,-18,0,-18,1,1,1,960,544.56,960,544.56,0,0,0,0,0,0,0,0
484,759,52560247,53845583,22137,7933,93,7955,0,0,-18,0,-18,1,1,1,960,544.56,960,544.56,0,0,0,0,0,0,0,0
485,760,57298205,55864917,22073,7933,93,7955,0,0,-18,0,-18,1,1,1,960,544.56,960,544.56,0,0,0,0,0,0,0,0
486,761,54959084,56380042,22277,7933,93,7955,0,0,-18,0,-18,1,1,1,960,544.56,960,544.56,0,0,0,0,0,0,0,0
487,762,57667247,55949416,22073,7933,93,7955,0,0,-18,0,-18,1,1,1,960,544.56,960,544.56,0,0,0,0,0,0,0,0
488,763,57122837,58899583,22137,7933,93,7955,0,0,-18,0,-18,1,1,1,960,544.56,960,544.56,0,0,0,0,0,0,0,0
489,764,59994913,58439625,22161,7933,93,7955,0,0,-18,0,-18,1,1,1,960,544.56,960,544.56,0,0,0,0,0,0,0,0
490,765,55391751,55320375,22753,7933,93,7955,0,0,-18,0,-18,1,1,1,960,544.56,960,544.56,0,0,0,0,0,0,0,0
491,766,60366623,60203708,22289,7933,93,7955,0,0,-18,0,-18,1,1,1,960,544.56,960,544.56,0,0,0,0,0,0,0,0
492,767,54312877,56015416,22225,7933,96,7955,0,0,-18,0,-18,1,1,1,960,544.56,960,544.56,0,0,0,0,0,0,0,0
493,768,61841290,60080250,22073,7933,93,7955,0,0,-18,0,-18,1,1,1,960,544.56,960,544.56,0,0,0,0,0,0,0,0
494,769,54624956,56349375,22189,7933,93,7955,0,0,-18,0,-18,1,1,1,960,544.56,960,544.56,0,0,0,0,0,0,0,0
495,770,53263165,51787709,22161,7933,93,7955,0,0,-18,0,-18,1,1,1,960,544.56,960,544.56,0,0,0,0,0,0,0,0
496,771,48702005,50236166,22137,7934,94,7956,0,0,-18,0,-18,1,1,1,960,544.56,960,544.56,0,0,0,0,0,0,0,0
497,772,43172370,43191292,22073,7933,93,7955,0,0,-18,0,-18,1,1,1,960,544.56,960,544.56,0,0,0,0,0,0,0,0
498,773,44756207,43476291,22125,7933,93,7955,0,0,-18,0,-18,1,1,1,960,544.56,960,544.56,0,0,0,0,0,0,0,0
499,774,38339797,39616625,22225,7933,93,7955,0,0,-18,0,-18,1,1,1,960,544.56,960,544.56,0,0,0,0,0,0,0,0
500,775,42212039,40958042,22637,7933,93,7955,0,0,-18,0,-18,1,1,1,960,544.56,960,544.56,0,0,0,0,0,0,0,0
501,776,47777790,47664208,22289,7933,93,7955,0,0,-18,0,-18,1,1,1,960,544.56,960,544.56,0,0,0,0,0,0,0,0
502,777,45028626,46104917,22137,7933,96,7955,0,0,-18,0,-18,1,1,1,960,544.56,960,544.56,0,0,0,0,0,0,0,0
503,778,45367829,45463833,22213,7933,93,7955,0,0,-18,0,-18,1,1,1,960,544.56,960,544.56,0,0,0,0,0,0,0,0
504,779,52510499,50579667,22073,7933,93,7955,0,0,-18,0,-18,1,1,1,960,544.56,960,544.56,0,0,0,0,0,0,0,0
505,780,50950247,52838958,22137,7933,93,7955,0,0,-18,0,-18,1,1,1,960,544.56,960,544.56,0,0,0,0,0,0,0,0
506,781,67928582,65794333,22073,7933,93,7955,0,0,-18,0,-18,1,1,1,960,544.56,960,544.56,0,0,0,0,0,0,0,0
507,782,63187830,65088625,22277,7933,93,7955,0,0,-18,0,-18,1,1,1,960,544.56,960,544.56,0,0,0,0,0,0,0,0
508,783,68536125,66547083,22073,7933,93,7955,0,0,-18,0,-18,1,1,1,960,544.56,960,544.56,0,0,0,0,0,0,0,0
509,784,66858872,66689334,22701,7933,93,7955,0,0,-18,0,-18,1,1,1,960,544.56,960,544.56,0,0,0,0,0,0,0,0
510,785,65719425,66036375,22377,7933,93,7955,0,0,-18,0,-18,1,1,1,960,544.56,960,544.56,0,0,0,0,0,0,0,0
511,786,53955372,55784584,22189,7934,97,7956,0,0,-18,0,-18,1,1,1,960,544.56,960,544.56,0,0,0,0,0,0,0,0
512,787,55228125,53683875,22073,7933,93,7955,0,0,-18,0,-18,1,1,1,960,544.56,960,544.56,0,0,0,0,0,0,0,0
513,788,56377168,57943125,22225,7933,93,7955,0,0,-18,0,-18,1,1,1,960,544.56,960,544.56,0,0,0,0,0,0,0,0
514,789,69135621,66876584,22073,7933,93,7955,0,0,-18,0,-18,1,1,1,960,544.56,960,544.56,0,0,0,0,0,0,0,0
515,790,60288585,62130459,22189,7933,93,7955,0,0,-18,0,-18,1,1,1,960,544.56,960,544.56,0,0,0,0,0,0,0,0
516,791,62054295,60444500,22161,7933,93,7955,0,0,-18,0,-18,1,1,1,960,544.56,960,544.56,0,0,0,0,0,0,0,0
517,792,62259495,62307584,22701,7933,93,7955,0,0,-18,0,-18,1,1,1,960,544.56,960,544.56,0,0,0,0,0,0,0,0
518,793,64072251,64023792,22289,7933,93,7955,0,0,-18,0,-18,1,1,1,960,544.56,960,544.56,0,0,0,0,0,0,0,0
519,794,53387124,55145458,22277,7933,96,7955,0,0,-18,0,-18,1,1,1,960,544.56,960,544.56,0,0,0,0,0,0,0,0
520,795,61532668,59699958,22073,7933,93,7955,0,0,-18,0,-18,1,1,1,960,544.56,960,544.56,0,0,0,0,0,0,0,0
521,796,53301792,55088083,22137,7933,93,7955,0,0,-18,0,-18,1,1,1,960,544.56,960,544.56,0,0,0,0,0,0,0,0
522,797,53281873,51769167,22161,7933,93,7955,0,0,-18,0,-18,1,1,1,960,544.56,960,544.56,0,0,0,0,0,0,0,0
523,798,49680128,51263375,22189,7933,93,7955,0,0,-18,0,-18,1,1,1,960,544.56,960,544.56,0,0,0,0,0,0,0,0
524,799,43902330,43838042,22073,7933,93,7955,0,0,-18,0,-18,1,1,1,960,544.56,960,544.56,0,0,0,0,0,0,0,0
525,800,45339453,44035584,22073,7933,93,7955,0,0,-18,0,-18,1,1,1,960,544.56,960,544.56,0,0,0,0,0,0,0,0
526,801,38599375,39973041,22225,7934,94,7956,0,0,-18,0,-18,1,1,1,960,544.56,960,544.56,0,0,0,0,0,0,0,0
527,802,39406120,38169375,22637,7933,93,7955,0,0,-18,0,-18,1,1,1,960,544.56,960,544.56,0,0,0,0,0,0,0,0
528,803,41389130,41455791,22341,7933,93,7955,0,0,-18,0,-18,1,1,1,960,544.56,960,544.56,0,0,0,0,0,0,0,0
529,804,37184666,38222792,22137,7933,96,7955,0,0,-18,0,-18,1,1,1,960,544.56,960,544.56,0,0,0,0,0,0,0,0
530,805,39630915,39684875,22161,7933,93,7955,0,0,-18,0,-18,1,1,1,960,544.56,960,544.56,0,0,0,0,0,0,0,0
531,806,47190584,45694083,22073,7933,93,7955,0,0,-18,0,-18,1,1,1,960,544.56,960,544.56,0,0,0,0,0,0,0,0
532,807,43878622,45113167,22137,7933,93,7955,0,0,-18,0,-18,1,1,1,960,544.56,960,544.56,0,0,0,0,0,0,0,0
533,808,45531753,45505084,22125,7933,93,7955,0,0,-18,0,-18,1,1,1,960,544.56,960,544.56,0,0,0,0,0,0,0,0
534,809,54830044,53100625,22161,7933,93,7955,0,0,-18,0,-18,1,1,1,960,544.56,960,544.56,0,0,0,0,0,0,0,0
535,810,51286622,52781542,22137,7933,93,7955,0,0,-18,0,-18,1,1,1,960,544.56,960,544.56,0,0,0,0,0,0,0,0
536,811,67365042,65300542,22073,7933,93,7955,0,0,-18,0,-18,1,1,1,960,544.56,960,544.56,0,0,0,0,0,0,0,0
537,812,62495835,64788708,22277,7933,93,7955,0,0,-18,0,-18,1,1,1,960,544.56,960,544.56,0,0,0,0,0,0,0,0
538,813,70443160,66520125,22637,7933,93,7955,0,0,-18,0,-18,1,1,1,960,544.56,960,544.56,0,0,0,0,0,0,0,0
539,814,56514710,60140208,22353,7933,96,7955,0,0,-18,0,-18,1,1,1,960,544.56,960,544.56,0,0,0,0,0,0,0,0
540,815,56328587,54804792,22161,7933,93,7955,0,0,-18,0,-18,1,1,1,960,544.56,960,544.56,0,0,0,0,0,0,0,0
541,816,55442750,57069250,22189,7934,94,7956,0,0,-18,0,-18,1,1,1,960,544.56,960,544.56,0,0,0,0,0,0,0,0
542,817,57199668,55593916,22073,7933,93,7955,0,0,-18,0,-18,1,1,1,960,544.56,960,544.56,0,0,0,0,0,0,0,0
543,818,51101077,52706333,22225,7933,93,7955,0,0,-18,0,-18,1,1,1,960,544.56,960,544.56,0,0,0,0,0,0,0,0
544,819,55122248,53596292,22073,7933,93,7955,0,0,-18,0,-18,1,1,1,960,544.56,960,544.56,0,0,0,0,0,0,0,0
545,820,52846625,54184458,22189,7933,93,7955,0,0,-18,0,-18,1,1,1,960,544.56,960,544.56,0,0,0,0,0,0,0,0
546,821,55623088,52937292,22725,7933,93,7955,0,0,-18,0,-18,1,1,1,960,544.56,960,544.56,0,0,0,0,0,0,0,0
547,822,59035535,61690000,22353,7933,93,7955,0,0,-18,0,-18,1,1,1,960,544.56,960,544.56,0,0,0,0,0,0,0,0
548,823,55147044,53494292,22073,7933,96,7955,0,0,-18,0,-18,1,1,1,960,544.56,960,544.56,0,0,0,0,0,0,0,0
549,824,57549871,59026542,22277,7933,93,7955,0,0,-18,0,-18,1,1,1,960,544.56,960,544.56,0,0,0,0,0,0,0,0
550,825,61398874,60117167,22073,7933,93,7955,0,0,-18,0,-18,1,1,1,960,544.56,960,544.56,0,0,0,0,0,0,0,0
551,826,61154585,62517750,22137,7933,93,7955,0,0,-18,0,-18,1,1,1,960,544.56,960,544.56,0,0,0,0,0,0,0,0
552,827,61957247,60185500,22161,7933,93,7955,0,0,-18,0,-18,1,1,1,960,544.56,960,544.56,0,0,0,0,0,0,0,0
553,828,56222248,58012416,22189,7933,93,7955,0,0,-18,0,-18,1,1,1,960,544.56,960,544.56,0,0,0,0,0,0,0,0
554,829,60066793,58331833,22073,7933,93,7955,0,0,-18,0,-18,1,1,1,960,544.56,960,544.56,0,0,0,0,0,0,0,0
555,830,59579543,59032958,22789,7933,93,7955,0,0,-18,0,-18,1,1,1,960,544.56,960,544.56,0,0,0,0,0,0,0,0
556,831,67568331,68157208,22289,7934,94,7956,0,0,-18,0,-18,1,1,1,960,544.56,960,544.56,0,0,0,0,0,0,0,0
557,832,59699453,61120542,22189,7933,96,7955,0,0,-18,0,-18,1,1,1,960,544.56,960,544.56,0,0,0,0,0,0,0,0
558,833,57703252,56397334,22161,7933,93,7955,0,0,-18,0,-18,1,1,1,960,544.56,960,544.56,0,0,0,0,0,0,0,0
559,834,50680667,52188625,22137,7933,93,7955,0,0,-18,0,-18,1,1,1,960,544.56,960,544.56,0,0,0,0,0,0,0,0
560,835,51559291,50202834,22073,7933,93,7955,0,0,-18,0,-18,1,1,1,960,544.56,960,544.56,0,0,0,0,0,0,0,0
561,836,41204668,42596541,22277,7933,93,7955,0,0,-18,0,-18,1,1,1,960,544.56,960,544.56,0,0,0,0,0,0,0,0
562,837,43463286,43450125,22073,7933,93,7955,0,0,-18,0,-18,1,1,1,960,544.56,960,544.56,0,0,0,0,0,0,0,0
563,838,40852006,39689000,22073,7933,93,7955,0,0,-18,0,-18,1,1,1,960,544.56,960,544.56,0,0,0,0,0,0,0,0
564,839,37153124,38215333,22137,7933,93,7955,0,0,-18,0,-18,1,1,1,960,544.56,960,544.56,0,0,0,0,0,0,0,0
565,840,41534785,40428792,22725,7933,93,7955,0,0,-18,0,-18,1,1,1,960,544.56,960,544.56,0,0,0,0,0,0,0,0
566,841,37973545,37957541,22341,7933,96,7955,0,0,-18,0,-18,1,1,1,960,544.56,960,544.56,0,0,0,0,0,0,0,0
567,842,39241410,40358917,22137,7933,93,7955,0,0,-18,0,-18,1,1,1,960,544.56,960,544.56,0,0,0,0,0,0,0,0
568,843,40214914,40155125,22073,7933,93,7955,0,0,-18,0,-18,1,1,1,960,544.56,960,544.56,0,0,0,0,0,0,0,0
569,844,43802082,42687750,22161,7933,93,7955,0,0,-18,0,-18,1,1,1,960,544.56,960,544.56,0,0,0,0,0,0,0,0
570,845,40533334,41661250,22137,7933,93,7955,0,0,-18,0,-18,1,1,1,960,544.56,960,544.56,0,0,0,0,0,0,0,0
571,846,46506710,46477708,22125,7934,94,7956,0,0,-18,0,-18,1,1,1,960,544.56,960,544.56,0,0,0,0,0,0,0,0
572,847,45405790,43966541,22073,7933,93,7955,0,0,-18,0,-18,1,1,1,960,544.56,960,544.56,0,0,0,0,0,0,0,0
573,848,45004796,46386208,22225,7933,93,7955,0,0,-18,0,-18,1,1,1,960,544.56,960,544.56,0,0,0,0,0,0,0,0
574,849,52957247,52836834,22073,7933,93,7955,0,0,-18,0,-18,1,1,1,960,544.56,960,544.56,0,0,0,0,0,0,0,0
575,850,56875042,54792708,22073,7933,93,7955,0,0,-18,0,-18,1,1,1,960,544.56,960,544.56,0,0,0,0,0,0,0,0
576,851,65932288,65964500,22841,7933,93,7955,0,0,-18,0,-18,1,1,1,960,544.56,960,544.56,0,0,0,0,0,0,0,0
577,852,75343087,75166083,22289,7933,93,7955,0,0,-18,0,-18,1,1,1,960,544.56,960,544.56,0,0,0,0,0,0,0,0
578,853,67605912,69569334,22137,7933,96,7955,0,0,-18,0,-18,1,1,1,960,544.56,960,544.56,0,0,0,0,0,0,0,0
579,854,75358547,72943875,22213,7933,93,7955,0,0,-18,0,-18,1,1,1,960,544.56,960,544.56,0,0,0,0,0,0,0,0
580,855,66361576,68887084,22137,7933,93,7955,0,0,-18,0,-18,1,1,1,960,544.56,960,544.56,0,0,0,0,0,0,0,0
581,856,75780339,73685084,22073,7933,93,7955,0,0,-18,0,-18,1,1,1,960,544.56,960,544.56,0,0,0,0,0,0,0,0
582,857,62599040,64684333,22277,7933,93,7955,0,0,-18,0,-18,1,1,1,960,544.56,960,544.56,0,0,0,0,0,0,0,0
583,858,57664453,54816875,22637,7933,93,7955,0,0,-18,0,-18,1,1,1,960,544.56,960,544.56,0,0,0,0,0,0,0,0
584,859,56787874,59426125,22353,7933,93,7955,0,0,-18,0,-18,1,1,1,960,544.56,960,544.56,0,0,0,0,0,0,0,0
585,860,57196583,55707000,22161,7933,96,7955,0,0,-18,0,-18,1,1,1,960,544.56,960,544.56,0,0,0,0,0,0,0,0
586,861,52742794,54305417,22189,7934,94,7956,0,0,-18,0,-18,1,1,1,960,544.56,960,544.56,0,0,0,0,0,0,0,0
587,862,61587542,59921750,22073,7933,93,7955,0,0,-18,0,-18,1,1,1,960,544.56,960,544.56,0,0,0,0,0,0,0,0
588,863,64452998,65986083,22225,7933,93,7955,0,0,-18,0,-18,1,1,1,960,544.56,960,544.56,0,0,0,0,0,0,0,0
589,864,71244038,69296833,22073,7933,93,7955,0,0,-18,0,-18,1,1,1,960,544.56,960,544.56,0,0,0,0,0,0,0,0
590,865,65125130,66965875,22189,7933,93,7955,0,0,-18,0,-18,1,1,1,960,544.56,960,544.56,0,0,0,0,0,0,0,0
591,866,71262665,67810416,22725,7933,93,7955,0,0,-18,0,-18,1,1,1,960,544.56,960,544.56,0,0,0,0,0,0,0,0
592,867,70669256,73850500,22353,7933,93,7955,0,0,-18,0,-18,1,1,1,960,544.56,960,544.56,0,0,0,0,0,0,0,0
593,868,60706377,59495000,22125,7933,96,7955,0,0,-18,0,-18,1,1,1,960,544.56,960,544.56,0,0,0,0,0,0,0,0
594,869,51163952,52727292,22225,7933,93,7955,0,0,-18,0,-18,1,1,1,960,544.56,960,544.56,0,0,0,0,0,0,0,0
595,870,52188754,50933334,22073,7933,93,7955,0,0,-18,0,-18,1,1,1,960,544.56,960,544.56,0,0,0,0,0,0,0,0
596,871,42106747,43396458,22137,7933,93,7955,0,0,-18,0,-18,1,1,1,960,544.56,960,544.56,0,0,0,0,0,0,0,0
597,872,43603379,43531500,22125,7933,93,7955,0,0,-18,0,-18,1,1,1,960,544.56,960,544.56,0,0,0,0,0,0,0,0
598,873,40030702,38968917,22161,7933,93,7955,0,0,-18,0,-18,1,1,1,960,544.56,960,544.56,0,0,0,0,0,0,0,0
599,874,37162039,38257875,22137,7933,93,7955,0,0,-18,0,-18,1,1,1,960,544.56,960,544.56,0,0,0,0,0,0,0,0
600,875,38651544,38659833,22073,7933,93,7955,0,0,-18,0,-18,1,1,1,960,544.56,960,544.56,0,0,0,0,0,0,0,0
601,876,40416914,38282208,22637,7934,94,7956,0,0,-18,0,-18,1,1,1,960,544.56,960,544.56,0,0,0,0,0,0,0,0
602,877,41789710,43889375,22441,7933,93,7955,0,0,-18,0,-18,1,1,1,960,544.56,960,544.56,0,0,0,0,0,0,0,0
603,878,39534375,39484541,22125,7933,96,7955,0,0,-18,0,-18,1,1,1,960,544.56,960,544.56,0,0,0,0,0,0,0,0
604,879,41864667,40714291,22073,7933,93,7955,0,0,-18,0,-18,1,1,1,960,544.56,960,544.56,0,0,0,0,0,0,0,0
605,880,41252870,42294791,22137,7933,93,7955,0,0,-18,0,-18,1,1,1,960,544.56,960,544.56,0,0,0,0,0,0,0,0
606,881,45102082,45193209,22161,7933,93,7955,0,0,-18,0,-18,1,1,1,960,544.56,960,544.56,0,0,0,0,0,0,0,0
607,882,46036500,44636042,22073,7933,93,7955,0,0,-18,0,-18,1,1,1,960,544.56,960,544.56,0,0,0,0,0,0,0,0
608,883,43514207,44780250,22189,7933,93,7955,0,0,-18,0,-18,1,1,1,960,544.56,960,544.56,0,0,0,0,0,0,0,0
609,884,49256548,49185167,22073,7933,93,7955,0,0,-18,0,-18,1,1,1,960,544.56,960,544.56,0,0,0,0,0,0,0,0
610,885,53674325,52175750,22161,7933,93,7955,0,0,-18,0,-18,1,1,1,960,544.56,960,544.56,0,0,0,0,0,0,0,0
611,886,59553045,60828291,22137,7933,93,7955,0,0,-18,0,-18,1,1,1,960,544.56,960,544.56,0,0,0,0,0,0,0,0
612,887,69650374,65938334,22689,7933,93,7955,0,0,-18,0,-18,1,1,1,960,544.56,960,544.56,0,0,0,0,0,0,0,0
613,888,68975329,72801875,22441,7933,93,7955,0,0,-18,0,-18,1,1,1,960,544.56,960,544.56,0,0,0,0,0,0,0,0
614,889,69430500,67457708,22073,7933,96,7955,0,0,-18,0,-18,1,1,1,960,544.56,960,544.56,0,0,0,0,0,0,0,0
615,890,65623082,67431667,22189,7933,93,7955,0,0,-18,0,-18,1,1,1,960,544.56,960,544.56,0,0,0,0,0,0,0,0
616,891,68053625,66218792,22161,7934,94,7956,0,0,-18,0,-18,1,1,1,960,544.56,960,544.56,0,0,0,0,0,0,0,0
617,892,64478084,66357791,22137,7933,93,7955,0,0,-18,0,-18,1,1,1,960,544.56,960,544.56,0,0,0,0,0,0,0,0
618,893,65628208,64047459,22125,7933,93,7955,0,0,-18,0,-18,1,1,1,960,544.56,960,544.56,0,0,0,0,0,0,0,0
619,894,53859621,55474500,22225,7933,93,7955,0,0,-18,0,-18,1,1,1,960,544.56,960,544.56,0,0,0,0,0,0,0,0
620,895,61993751,58829166,22637,7933,93,7955,0,0,-18,0,-18,1,1,1,960,544.56,960,544.56,0,0,0,0,0,0,0,0
621,896,50647873,53646375,22353,7933,96,7955,0,0,-18,0,-18,1,1,1,960,544.56,960,544.56,0,0,0,0,0,0,0,0
622,897,57147711,55695917,22213,7933,93,7955,0,0,-18,0,-18,1,1,1,960,544.56,960,544.56,0,0,0,0,0,0,0,0
623,898,54643202,56074917,22137,7933,93,7955,0,0,-18,0,-18,1,1,1,960,544.56,960,544.56,0,0,0,0,0,0,0,0
624,899,57530164,55970916,22073,7933,93,7955,0,0,-18,0,-18,1,1,1,960,544.56,960,544.56,0,0,0,0,0,0,0,0
625,900,59012629,60427750,22225,7933,93,7955,0,0,-18,0,-18,1,1,1,960,544.56,960,544.56,0,0,0,0,0,0,0,0
626,901,59459544,58059250,22125,7933,93,7955,0,0,-18,0,-18,1,1,1,960,544.56,960,544.56,0,0,0,0,0,0,0,0
627,902,59041537,60417834,22137,7933,93,7955,0,0,-18,0,-18,1,1,1,960,544.56,960,544.56,0,0,0,0,0,0,0,0
628,903,60514166,57832000,22725,7933,93,7955,0,0,-18,0,-18,1,1,1,960,544.56,960,544.56,0,0,0,0,0,0,0,0
629,904,61726167,64513334,22353,7933,93,7955,0,0,-18,0,-18,1,1,1,960,544.56,960,544.56,0,0,0,0,0,0,0,0
630,905,53957123,52031875,22125,7933,96,7955,0,0,-18,0,-18,1,1,1,960,544.56,960,544.56,0,0,0,0,0,0,0,0
631,906,50050836,51948542,22225,7934,94,7956,0,0,-18,0,-18,1,1,1,960,544.56,960,544.56,0,0,0,0,0,0,0,0
632,907,51824375,50510000,22073,7933,93,7955,0,0,-18,0,-18,1,1,1,960,544.56,960,544.56,0,0,0,0,0,0,0,0
633,908,42477458,43822708,22137,7933,93,7955,0,0,-18,0,-18,1,1,1,960,544.56,960,544.56,0,0,0,0,0,0,0,0
634,909,43561041,43475416,22073,7933,93,7955,0,0,-18,0,-18,1,1,1,960,544.56,960,544.56,0,0,0,0,0,0,0,0
635,910,42412705,41310625,22213,7933,93,7955,0,0,-18,0,-18,1,1,1,960,544.56,960,544.56,0,0,0,0,0,0,0,0
636,911,36984331,38127000,22137,7933,93,7955,0,0,-18,0,-18,1,1,1,960,544.56,960,544.56,0,0,0,0,0,0,0,0
637,912,38010921,38026916,22073,7933,93,7955,0,0,-18,0,-18,1,1,1,960,544.56,960,544.56,0,0,0,0,0,0,0,0
638,913,39673831,38400042,22073,7933,93,7955,0,0,-18,0,-18,1,1,1,960,544.56,960,544.56,0,0,0,0,0,0,0,0
639,914,41592255,41608416,22789,7933,93,7955,0,0,-18,0,-18,1,1,1,960,544.56,960,544.56,0,0,0,0,0,0,0,0
640,915,43062996,44232208,22289,7933,93,7955,0,0,-18,0,-18,1,1,1,960,544.56,960,544.56,0,0,0,0,0,0,0,0
641,916,42439498,41128083,22125,7933,96,7955,0,0,-18,0,-18,1,1,1,960,544.56,960,544.56,0,0,0,0,0,0,0,0
642,917,39042878,40241875,22137,7933,93,7955,0,0,-18,0,-18,1,1,1,960,544.56,960,544.56,0,0,0,0,0,0,0,0
643,918,40790751,40882750,22161,7933,93,7955,0,0,-18,0,-18,1,1,1,960,544.56,960,544.56,0,0,0,0,0,0,0,0
644,919,40372617,39110791,22073,7933,93,7955,0,0,-18,0,-18,1,1,1,960,544.56,960,544.56,0,0,0,0,0,0,0,0
645,920,39967041,41158500,22137,7933,93,7955,0,0,-18,0,-18,1,1,1,960,544.56,960,544.56,0,0,0,0,0,0,0,0
646,921,40638796,40601375,22125,7934,94,7956,0,0,-18,0,-18,1,1,1,960,544.56,960,544.56,0,0,0,0,0,0,0,0
647,922,42331080,41082208,22161,7933,93,7955,0,0,-18,0,-18,1,1,1,960,544.56,960,544.56,0,0,0,0,0,0,0,0
648,923,39499044,40755000,22137,7933,93,7955,0,0,-18,0,-18,1,1,1,960,544.56,960,544.56,0,0,0,0,0,0,0,0
649,924,41017331,40984916,22073,7933,93,7955,0,0,-18,0,-18,1,1,1,960,544.56,960,544.56,0,0,0,0,0,0,0,0
650,925,40774580,39352625,22073,7933,93,7955,0,0,-18,0,-18,1,1,1,960,544.56,960,544.56,0,0,0,0,0,0,0,0
651,926,43976835,43380125,22841,7933,93,7955,0,0,-18,0,-18,1,1,1,960,544.56,960,544.56,0,0,0,0,0,0,0,0
652,927,47487456,49300125,22289,7933,93,7955,0,0,-18,0,-18,1,1,1,960,544.56,960,544.56,0,0,0,0,0,0,0,0
653,928,48291537,46965541,22073,7933,96,7955,0,0,-18,0,-18,1,1,1,960,544.56,960,544.56,0,0,0,0,0,0,0,0
654,929,48876792,50150166,22137,7933,93,7955,0,0,-18,0,-18,1,1,1,960,544.56,960,544.56,0,0,0,0,0,0,0,0
655,930,55531583,53592542,22161,7933,93,7955,0,0,-18,0,-18,1,1,1,960,544.56,960,544.56,0,0,0,0,0,0,0,0
656,931,63697874,65571416,22189,7933,93,7955,0,0,-18,0,-18,1,1,1,960,544.56,960,544.56,0,0,0,0,0,0,0,0
657,932,67333333,65343833,22073,7933,93,7955,0,0,-18,0,-18,1,1,1,960,544.56,960,544.56,0,0,0,0,0,0,0,0
658,933,63791170,65677666,22225,7933,93,7955,0,0,-18,0,-18,1,1,1,960,544.56,960,544.56,0,0,0,0,0,0,0,0
659,934,68442292,66604583,22073,7933,93,7955,0,0,-18,0,-18,1,1,1,960,544.56,960,544.56,0,0,0,0,0,0,0,0
660,935,66734872,66570000,22753,7933,93,7955,0,0,-18,0,-18,1,1,1,960,544.56,960,544.56,0,0,0,0,0,0,0,0
661,936,66493794,67079584,22377,7934,94,7956,0,0,-18,0,-18,1,1,1,960,544.56,960,544.56,0,0,0,0,0,0,0,0
662,937,55456377,56877875,22137,7933,96,7955,0,0,-18,0,-18,1,1,1,960,544.56,960,544.56,0,0,0,0,0,0,0,0
663,938,58544166,56491083,22073,7933,93,7955,0,0,-18,0,-18,1,1,1,960,544.56,960,544.56,0,0,0,0,0,0,0,0
664,939,51848746,53876959,22277,7933,93,7955,0,0,-18,0,-18,1,1,1,960,544.56,960,544.56,0,0,0,0,0,0,0,0
665,940,66295169,64588709,22073,7933,93,7955,0,0,-18,0,-18,1,1,1,960,544.56,960,544.56,0,0,0,0,0,0,0,0
666,941,58828253,60344417,22137,7933,93,7955,0,0,-18,0,-18,1,1,1,960,544.56,960,544.56,0,0,0,0,0,0,0,0
667,942,61754081,60238416,22161,7933,93,7955,0,0,-18,0,-18,1,1,1,960,544.56,960,544.56,0,0,0,0,0,0,0,0
668,943,57900503,57798500,22753,7933,93,7955,0,0,-18,0,-18,1,1,1,960,544.56,960,544.56,0,0,0,0,0,0,0,0
669,944,69499827,68763084,22289,7933,93,7955,0,0,-18,0,-18,1,1,1,960,544.56,960,544.56,0,0,0,0,0,0,0,0
670,945,57797670,59893500,22225,7933,96,7955,0,0,-18,0,-18,1,1,1,960,544.56,960,544.56,0,0,0,0,0,0,0,0
671,946,60314379,58745750,22073,7933,93,7955,0,0,-18,0,-18,1,1,1,960,544.56,960,544.56,0,0,0,0,0,0,0,0
672,947,51381453,53112000,22189,7933,93,7955,0,0,-18,0,-18,1,1,1,960,544.56,960,544.56,0,0,0,0,0,0,0,0
673,948,55557668,53996791,22161,7933,93,7955,0,0,-18,0,-18,1,1,1,960,544.56,960,544.56,0,0,0,0,0,0,0,0
674,949,50872627,52439041,22137,7933,93,7955,0,0,-18,0,-18,1,1,1,960,544.56,960,544.56,0,0,0,0,0,0,0,0
675,950,57313498,55536250,22073,7933,93,7955,0,0,-18,0,-18,1,1,1,960,544.56,960,544.56,0,0,0,0,0,0,0,0
676,951,52130080,53861875,22277,7934,94,7956,0,0,-18,0,-18,1,1,1,960,544.56,960,544.56,0,0,0,0,0,0,0,0
677,952,56514166,53684084,22637,7933,93,7955,0,0,-18,0,-18,1,1,1,960,544.56,960,544.56,0,0,0,0,0,0,0,0
678,953,55328756,58031792,22353,7933,93,7955,0,0,-18,0,-18,1,1,1,960,544.56,960,544.56,0,0,0,0,0,0,0,0
679,954,53367786,51962916,22161,7933,96,7955,0,0,-18,0,-18,1,1,1,960,544.56,960,544.56,0,0,0,0,0,0,0,0
680,955,44975630,46488417,22189,7933,93,7955,0,0,-18,0,-18,1,1,1,960,544.56,960,544.56,0,0,0,0,0,0,0,0
681,956,43082248,43060459,22073,7933,93,7955,0,0,-18,0,-18,1,1,1,960,544.56,960,544.56,0,0,0,0,0,0,0,0
682,957,44346831,43037041,22073,7933,93,7955,0,0,-18,0,-18,1,1,1,960,544.56,960,544.56,0,0,0,0,0,0,0,0
683,958,40035124,41332334,22225,7933,93,7955,0,0,-18,0,-18,1,1,1,960,544.56,960,544.56,0,0,0,0,0,0,0,0
684,959,38599625,38596417,22073,7933,93,7955,0,0,-18,0,-18,1,1,1,960,544.56,960,544.56,0,0,0,0,0,0,0,0
685,960,39001539,37806250,22125,7933,93,7955,0,0,-18,0,-18,1,1,1,960,544.56,960,544.56,0,0,0,0,0,0,0,0
686,961,38181874,39287583,22137,7933,93,7955,0,0,-18,0,-18,1,1,1,960,544.56,960,544.56,0,0,0,0,0,0,0,0
687,962,41381336,41426625,22161,7933,93,7955,0,0,-18,0,-18,1,1,1,960,544.56,960,544.56,0,0,0,0,0,0,0,0
688,963,42548000,40168916,22637,7933,93,7955,0,0,-18,0,-18,1,1,1,960,544.56,960,544.56,0,0,0,0,0,0,0,0
689,964,43242912,45549584,22353,7933,93,7955,0,0,-18,0,-18,1,1,1,960,544.56,960,544.56,0,0,0,0,0,0,0,0
690,965,40505465,40464708,22125,7933,96,7955,0,0,-18,0,-18,1,1,1,960,544.56,960,544.56,0,0,0,0,0,0,0,0
691,966,41318118,40182417,22161,7934,94,7956,0,0,-18,0,-18,1,1,1,960,544.56,960,544.56,0,0,0,0,0,0,0,0
692,967,39671175,40802083,22137,7933,93,7955,0,0,-18,0,-18,1,1,1,960,544.56,960,544.56,0,0,0,0,0,0,0,0
693,968,40820159,40823500,22073,7933,93,7955,0,0,-18,0,-18,1,1,1,960,544.56,960,544.56,0,0,0,0,0,0,0,0
694,969,42524546,41289334,22073,7933,93,7955,0,0,-18,0,-18,1,1,1,960,544.56,960,544.56,0,0,0,0,0,0,0,0
695,970,39768204,40962375,22277,7933,93,7955,0,0,-18,0,-18,1,1,1,960,544.56,960,544.56,0,0,0,0,0,0,0,0
696,971,39615128,39589667,22073,7933,93,7955,0,0,-18,0,-18,1,1,1,960,544.56,960,544.56,0,0,0,0,0,0,0,0
697,972,41632495,40486750,22073,7933,93,7955,0,0,-18,0,-18,1,1,1,960,544.56,960,544.56,0,0,0,0,0,0,0,0
698,973,39721585,40788041,22137,7933,93,7955,0,0,-18,0,-18,1,1,1,960,544.56,960,544.56,0,0,0,0,0,0,0,0
699,974,38981582,38977792,22161,7933,93,7955,0,0,-18,0,-18,1,1,1,960,544.56,960,544.56,0,0,0,0,0,0,0,0
700,975,44527288,43407333,22125,7933,93,7955,0,0,-18,0,-18,1,1,1,960,544.56,960,544.56,0,0,0,0,0,0,0,0
701,976,50114043,49914042,22701,7933,93,7955,0,0,-18,0,-18,1,1,1,960,544.56,960,544.56,0,0,0,0,0,0,0,0
702,977,43315291,44565417,22289,7933,96,7955,0,0,-18,0,-18,1,1,1,960,544.56,960,544.56,0,0,0,0,0,0,0,0
703,978,47464121,45929333,22161,7933,93,7955,0,0,-18,0,-18,1,1,1,960,544.56,960,544.56,0,0,0,0,0,0,0,0
704,979,50795458,52279416,22137,7933,93,7955,0,0,-18,0,-18,1,1,1,960,544.56,960,544.56,0,0,0,0,0,0,0,0
705,980,57769339,55418042,22125,7933,93,7955,0,0,-18,0,-18,1,1,1,960,544.56,960,544.56,0,0,0,0,0,0,0,0
706,981,62992870,65207625,22225,7934,94,7956,0,0,-18,0,-18,1,1,1,960,544.56,960,544.56,0,0,0,0,0,0,0,0
707,982,69012254,66861667,22073,7933,93,7955,0,0,-18,0,-18,1,1,1,960,544.56,960,544.56,0,0,0,0,0,0,0,0
708,983,61244748,63235625,22137,7933,93,7955,0,0,-18,0,-18,1,1,1,960,544.56,960,544.56,0,0,0,0,0,0,0,0
709,984,61720371,58877875,22777,7933,93,7955,0,0,-18,0,-18,1,1,1,960,544.56,960,544.56,0,0,0,0,0,0,0,0
710,985,59918586,62882750,22353,7933,93,7955,0,0,-18,0,-18,1,1,1,960,544.56,960,544.56,0,0,0,0,0,0,0,0
711,986,59476248,57723542,22073,7933,96,7955,0,0,-18,0,-18,1,1,1,960,544.56,960,544.56,0,0,0,0,0,0,0,0
712,987,57038463,58112292,22225,7933,93,7955,0,0,-18,0,-18,1,1,1,960,544.56,960,544.56,0,0,0,0,0,0,0,0
713,988,61457626,60093084,22125,7933,93,7955,0,0,-18,0,-18,1,1,1,960,544.56,960,544.56,0,0,0,0,0,0,0,0
714,989,56831497,58607917,22137,7933,93,7955,0,0,-18,0,-18,1,1,1,960,544.56,960,544.56,0,0,0,0,0,0,0,0
715,990,60531627,59133459,22161,7933,93,7955,0,0,-18,0,-18,1,1,1,960,544.56,960,544.56,0,0,0,0,0,0,0,0
716,991,56364957,57761416,22137,7933,93,7955,0,0,-18,0,-18,1,1,1,960,544.56,960,544.56,0,0,0,0,0,0,0,0
717,992,58130372,56349959,22125,7933,93,7955,0,0,-18,0,-18,1,1,1,960,544.56,960,544.56,0,0,0,0,0,0,0,0
718,993,58257956,58498875,22789,7933,93,7955,0,0,-18,0,-18,1,1,1,960,544.56,960,544.56,0,0,0,0,0,0,0,0
719,994,63832670,63696417,22289,7933,93,7955,0,0,-18,0,-18,1,1,1,960,544.56,960,544.56,0,0,0,0,0,0,0,0
720,995,57234667,58814708,22137,7933,96,7955,0,0,-18,0,-18,1,1,1,960,544.56,960,544.56,0,0,0,0,0,0,0,0
721,996,57179123,55737459,22213,7934,94,7956,0,0,-18,0,-18,1,1,1,960,544.56,960,544.56,0,0,0,0,0,0,0,0
722,997,56747376,58101167,22137,7933,93,7955,0,0,-18,0,-18,1,1,1,960,544.56,960,544.56,0,0,0,0,0,0,0,0
723,998,57963788,56407667,22073,7933,93,7955,0,0,-18,0,-18,1,1,1,960,544.56,960,544.56,0,0,0,0,0,0,0,0
724,999,57459749,59041208,22225,7933,93,7955,0,0,-18,0,-18,1,1,1,960,544.56,960,544.56,0,0,0,0,0,0,0,0
725,1000,57013541,55512083,22125,7933,93,7955,0,0,-18,0,-18,1,1,1,960,544.56,960,544.56,0,0,0,0,0,0,0,0
726,1001,54521627,55971708,22137,7933,93,7955,0,0,-18,0,-18,1,1,1,960,544.56,960,544.56,0,0,0,0,0,0,0,0
727,1002,57659503,54952292,22725,7933,93,7955,0,0,-18,0,-18,1,1,1,960,544.56,960,544.56,0,0,0,0,0,0,0,0
728,1003,49451205,52204584,22353,7933,96,7955,0,0,-18,0,-18,1,1,1,960,544.56,960,544.56,0,0,0,0,0,0,0,0
729,1004,51163960,49859041,22125,7933,93,7955,0,0,-18,0,-18,1,1,1,960,544.56,960,544.56,0,0,0,0,0,0,0,0
730,1005,42119912,43450833,22225,7933,93,7955,0,0,-18,0,-18,1,1,1,960,544.56,960,544.56,0,0,0,0,0,0,0,0
731,1006,44565878,44530917,22073,7933,93,7955,0,0,-18,0,-18,1,1,1,960,544.56,960,544.56,0,0,0,0,0,0,0,0
732,1007,45351836,43711209,22073,7933,93,7955,0,0,-18,0,-18,1,1,1,960,544.56,960,544.56,0,0,0,0,0,0,0,0
733,1008,41609622,43137541,22137,7933,93,7955,0,0,-18,0,-18,1,1,1,960,544.56,960,544.56,0,0,0,0,0,0,0,0
734,1009,45211039,45214875,22213,7933,93,7955,0,0,-18,0,-18,1,1,1,960,544.56,960,544.56,0,0,0,0,0,0,0,0
735,1010,46214003,44598167,22073,7933,93,7955,0,0,-18,0,-18,1,1,1,960,544.56,960,544.56,0,0,0,0,0,0,0,0
736,1011,44875331,46410875,22137,7934,94,7956,0,0,-18,0,-18,1,1,1,960,544.56,960,544.56,0,0,0,0,0,0,0,0
737,1012,54573334,53011250,22637,7933,93,7955,0,0,-18,0,-18,1,1,1,960,544.56,960,544.56,0,0,0,0,0,0,0,0
738,1013,64961329,64421042,22377,7933,93,7955,0,0,-18,0,-18,1,1,1,960,544.56,960,544.56,0,0,0,0,0,0,0,0
739,1014,63106000,65064375,22189,7933,96,7955,0,0,-18,0,-18,1,1,1,960,544.56,960,544.56,0,0,0,0,0,0,0,0
740,1015,68689249,66330250,22073,7933,93,7955,0,0,-18,0,-18,1,1,1,960,544.56,960,544.56,0,0,0,0,0,0,0,0
741,1016,61139788,63537959,22225,7933,93,7955,0,0,-18,0,-18,1,1,1,960,544.56,960,544.56,0,0,0,0,0,0,0,0
742,1017,60825418,58537958,22073,7933,93,7955,0,0,-18,0,-18,1,1,1,960,544.56,960,544.56,0,0,0,0,0,0,0,0
743,1018,56826416,58987833,22189,7933,93,7955,0,0,-18,0,-18,1,1,1,960,544.56,960,544.56,0,0,0,0,0,0,0,0
744,1019,58256208,56260375,22161,7933,93,7955,0,0,-18,0,-18,1,1,1,960,544.56,960,544.56,0,0,0,0,0,0,0,0
745,1020,54573081,54593625,22701,7933,93,7955,0,0,-18,0,-18,1,1,1,960,544.56,960,544.56,0,0,0,0,0,0,0,0
746,1021,66428788,66163000,22289,7933,93,7955,0,0,-18,0,-18,1,1,1,960,544.56,960,544.56,0,0,0,0,0,0,0,0
747,1022,55834706,58042125,22277,7933,96,7955,0,0,-18,0,-18,1,1,1,960,544.56,960,544.56,0,0,0,0,0,0,0,0
748,1023,60552962,58227833,22073,7933,93,7955,0,0,-18,0,-18,1,1,1,960,544.56,960,544.56,0,0,0,0,0,0,0,0
749,1024,55170960,57331875,22137,7933,93,7955,0,0,-18,0,-18,1,1,1,960,544.56,960,544.56,0,0,0,0,0,0,0,0
750,1025,60306582,58803375,22161,7933,93,7955,0,0,-18,0,-18,1,1,1,960,544.56,960,544.56,0,0,0,0,0,0,0,0
751,1026,59048205,60542375,22189,7934,94,7956,0,0,-18,0,-18,1,1,1,960,544.56,960,544.56,0,0,0,0,0,0,0,0
752,1027,63372537,61372792,22073,7933,93,7955,0,0,-18,0,-18,1,1,1,960,544.56,960,544.56,0,0,0,0,0,0,0,0
753,1028,60366827,62306500,22225,7933,93,7955,0,0,-18,0,-18,1,1,1,960,544.56,960,544.56,0,0,0,0,0,0,0,0
754,1029,66835373,63038584,22637,7933,93,7955,0,0,-18,0,-18,1,1,1,960,544.56,960,544.56,0,0,0,0,0,0,0,0
755,1030,59752501,63400209,22405,7933,93,7955,0,0,-18,0,-18,1,1,1,960,544.56,960,544.56,0,0,0,0,0,0,0,0
756,1031,56693706,54943834,22161,7933,96,7955,0,0,-18,0,-18,1,1,1,960,544.56,960,544.56,0,0,0,0,0,0,0,0
757,1032,50214421,52085333,22137,7933,93,7955,0,0,-18,0,-18,1,1,1,960,544.56,960,544.56,0,0,0,0,0,0,0,0
758,1033,53026042,51418417,22073,7933,93,7955,0,0,-18,0,-18,1,1,1,960,544.56,960,544.56,0,0,0,0,0,0,0,0
759,1034,47117289,48752250,22277,7933,93,7955,0,0,-18,0,-18,1,1,1,960,544.56,960,544.56,0,0,0,0,0,0,0,0
760,1035,43809749,43749708,22073,7933,93,7955,0,0,-18,0,-18,1,1,1,960,544.56,960,544.56,0,0,0,0,0,0,0,0
761,1036,43725956,42597917,22073,7933,93,7955,0,0,-18,0,-18,1,1,1,960,544.56,960,544.56,0,0,0,0,0,0,0,0
762,1037,37357293,38448750,22137,7933,93,7955,0,0,-18,0,-18,1,1,1,960,544.56,960,544.56,0,0,0,0,0,0,0,0
763,1038,37741214,37796542,22161,7933,93,7955,0,0,-18,0,-18,1,1,1,960,544.56,960,544.56,0,0,0,0,0,0,0,0
764,1039,40559496,38435709,22689,7933,93,7955,0,0,-18,0,-18,1,1,1,960,544.56,960,544.56,0,0,0,0,0,0,0,0
765,1040,42294416,44392792,22353,7933,93,7955,0,0,-18,0,-18,1,1,1,960,544.56,960,544.56,0,0,0,0,0,0,0,0
766,1041,41355542,41264792,22073,7934,97,7956,0,0,-18,0,-18,1,1,1,960,544.56,960,544.56,0,0,0,0,0,0,0,0
767,1042,41454542,40214375,22161,7933,93,7955,0,0,-18,0,-18,1,1,1,960,544.56,960,544.56,0,0,0,0,0,0,0,0
768,1043,43458752,44695417,22137,7933,93,7955,0,0,-18,0,-18,1,1,1,960,544.56,960,544.56,0,0,0,0,0,0,0,0
769,1044,44467579,44432041,22125,7933,93,7955,0,0,-18,0,-18,1,1,1,960,544.56,960,544.56,0,0,0,0,0,0,0,0
770,1045,47455713,45617333,22073,7933,93,7955,0,0,-18,0,-18,1,1,1,960,544.56,960,544.56,0,0,0,0,0,0,0,0
771,1046,45139454,46881792,22225,7933,93,7955,0,0,-18,0,-18,1,1,1,960,544.56,960,544.56,0,0,0,0,0,0,0,0
772,1047,52659042,52664417,22073,7933,93,7955,0,0,-18,0,-18,1,1,1,960,544.56,960,544.56,0,0,0,0,0,0,0,0
773,1048,62711209,60685083,22073,7933,93,7955,0,0,-18,0,-18,1,1,1,960,544.56,960,544.56,0,0,0,0,0,0,0,0
774,1049,65883003,65869916,22841,7933,93,7955,0,0,-18,0,-18,1,1,1,960,544.56,960,544.56,0,0,0,0,0,0,0,0
775,1050,70710666,70432291,22289,7933,93,7955,0,0,-18,0,-18,1,1,1,960,544.56,960,544.56,0,0,0,0,0,0,0,0
776,1051,64627252,66671750,22137,7933,96,7955,0,0,-18,0,-18,1,1,1,960,544.56,960,544.56,0,0,0,0,0,0,0,0
777,1052,69277703,67235917,22213,7933,93,7955,0,0,-18,0,-18,1,1,1,960,544.56,960,544.56,0,0,0,0,0,0,0,0
778,1053,64036540,66104542,22137,7933,93,7955,0,0,-18,0,-18,1,1,1,960,544.56,960,544.56,0,0,0,0,0,0,0,0
779,1054,66166378,64616125,22073,7933,93,7955,0,0,-18,0,-18,1,1,1,960,544.56,960,544.56,0,0,0,0,0,0,0,0
780,1055,58969665,60507583,22225,7933,93,7955,0,0,-18,0,-18,1,1,1,960,544.56,960,544.56,0,0,0,0,0,0,0,0
781,1056,60687500,59086417,22125,7934,94,7956,0,0,-18,0,-18,1,1,1,960,544.56,960,544.56,0,0,0,0,0,0,0,0
782,1057,60846082,60160875,22701,7933,93,7955,0,0,-18,0,-18,1,1,1,960,544.56,960,544.56,0,0,0,0,0,0,0,0
783,1058,68503335,68821958,22377,7933,93,7955,0,0,-18,0,-18,1,1,1,960,544.56,960,544.56,0,0,0,0,0,0,0,0
784,1059,58044373,59851917,22137,7933,96,7955,0,0,-18,0,-18,1,1,1,960,544.56,960,544.56,0,0,0,0,0,0,0,0
785,1060,62525376,60163000,22125,7933,93,7955,0,0,-18,0,-18,1,1,1,960,544.56,960,544.56,0,0,0,0,0,0,0,0
786,1061,56374538,58735334,22225,7933,93,7955,0,0,-18,0,-18,1,1,1,960,544.56,960,544.56,0,0,0,0,0,0,0,0
787,1062,62167204,60352583,22073,7933,93,7955,0,0,-18,0,-18,1,1,1,960,544.56,960,544.56,0,0,0,0,0,0,0,0
788,1063,58186832,59849250,22137,7933,93,7955,0,0,-18,0,-18,1,1,1,960,544.56,960,544.56,0,0,0,0,0,0,0,0
789,1064,63577875,62251958,22213,7933,93,7955,0,0,-18,0,-18,1,1,1,960,544.56,960,544.56,0,0,0,0,0,0,0,0
790,1065,55079337,54971417,22701,7933,93,7955,0,0,-18,0,-18,1,1,1,960,544.56,960,544.56,0,0,0,0,0,0,0,0
791,1066,61445876,61339959,22289,7933,93,7955,0,0,-18,0,-18,1,1,1,960,544.56,960,544.56,0,0,0,0,0,0,0,0
792,1067,49331992,50960917,22225,7933,96,7955,0,0,-18,0,-18,1,1,1,960,544.56,960,544.56,0,0,0,0,0,0,0,0
793,1068,52635673,51030625,22125,7933,93,7955,0,0,-18,0,-18,1,1,1,960,544.56,960,544.56,0,0,0,0,0,0,0,0
794,1069,48329748,49902834,22137,7933,93,7955,0,0,-18,0,-18,1,1,1,960,544.56,960,544.56,0,0,0,0,0,0,0,0
795,1070,44536288,44586583,22161,7933,93,7955,0,0,-18,0,-18,1,1,1,960,544.56,960,544.56,0,0,0,0,0,0,0,0
796,1071,45106794,43782708,22073,7934,94,7956,0,0,-18,0,-18,1,1,1,960,544.56,960,544.56,0,0,0,0,0,0,0,0
797,1072,41960041,43228875,22137,7933,93,7955,0,0,-18,0,-18,1,1,1,960,544.56,960,544.56,0,0,0,0,0,0,0,0
798,1073,40668997,40637792,22125,7933,93,7955,0,0,-18,0,-18,1,1,1,960,544.56,960,544.56,0,0,0,0,0,0,0,0
799,1074,39724502,38420750,22161,7933,93,7955,0,0,-18,0,-18,1,1,1,960,544.56,960,544.56,0,0,0,0,0,0,0,0
800,1075,38285288,39630959,22137,7933,93,7955,0,0,-18,0,-18,1,1,1,960,544.56,960,544.56,0,0,0,0,0,0,0,0
801,1076,40280044,39056209,22637,7933,93,7955,0,0,-18,0,-18,1,1,1,960,544.56,960,544.56,0,0,0,0,0,0,0,0
802,1077,44603373,44508750,22289,7933,93,7955,0,0,-18,0,-18,1,1,1,960,544.56,960,544.56,0,0,0,0,0,0,0,0
803,1078,38137041,39378083,22277,7933,96,7955,0,0,-18,0,-18,1,1,1,960,544.56,960,544.56,0,0,0,0,0,0,0,0
804,1079,40943622,40949208,22073,7933,93,7955,0,0,-18,0,-18,1,1,1,960,544.56,960,544.56,0,0,0,0,0,0,0,0
805,1080,40457587,39307209,22073,7933,93,7955,0,0,-18,0,-18,1,1,1,960,544.56,960,544.56,0,0,0,0,0,0,0,0
806,1081,39589326,40662416,22137,7933,93,7955,0,0,-18,0,-18,1,1,1,960,544.56,960,544.56,0,0,0,0,0,0,0,0
807,1082,39506085,39491625,22161,7933,93,7955,0,0,-18,0,-18,1,1,1,960,544.56,960,544.56,0,0,0,0,0,0,0,0
808,1083,41144125,39881750,22073,7933,93,7955,0,0,-18,0,-18,1,1,1,960,544.56,960,544.56,0,0,0,0,0,0,0,0
809,1084,40566708,41809792,22189,7933,93,7955,0,0,-18,0,-18,1,1,1,960,544.56,960,544.56,0,0,0,0,0,0,0,0
810,1085,39849538,39819417,22073,7933,93,7955,0,0,-18,0,-18,1,1,1,960,544.56,960,544.56,0,0,0,0,0,0,0,0
811,1086,41403833,40239042,22161,7934,94,7956,0,0,-18,0,-18,1,1,1,960,544.56,960,544.56,0,0,0,0,0,0,0,0
812,1087,39526291,40722500,22137,7933,93,7955,0,0,-18,0,-18,1,1,1,960,544.56,960,544.56,0,0,0,0,0,0,0,0
813,1088,39415247,39366584,22073,7933,93,7955,0,0,-18,0,-18,1,1,1,960,544.56,960,544.56,0,0,0,0,0,0,0,0
814,1089,46158213,44057875,22689,7933,93,7955,0,0,-18,0,-18,1,1,1,960,544.56,960,544.56,0,0,0,0,0,0,0,0
815,1090,41373539,43410208,22441,7933,96,7955,0,0,-18,0,-18,1,1,1,960,544.56,960,544.56,0,0,0,0,0,0,0,0
816,1091,46612747,46627625,22073,7933,93,7955,0,0,-18,0,-18,1,1,1,960,544.56,960,544.56,0,0,0,0,0,0,0,0
817,1092,47123335,45446417,22073,7933,93,7955,0,0,-18,0,-18,1,1,1,960,544.56,960,544.56,0,0,0,0,0,0,0,0
818,1093,46963166,48471875,22137,7933,93,7955,0,0,-18,0,-18,1,1,1,960,544.56,960,544.56,0,0,0,0,0,0,0,0
819,1094,54050084,52453958,22213,7933,93,7955,0,0,-18,0,-18,1,1,1,960,544.56,960,544.56,0,0,0,0,0,0,0,0
820,1095,57532999,58967292,22137,7933,93,7955,0,0,-18,0,-18,1,1,1,960,544.56,960,544.56,0,0,0,0,0,0,0,0
821,1096,64892373,63109250,22073,7933,93,7955,0,0,-18,0,-18,1,1,1,960,544.56,960,544.56,0,0,0,0,0,0,0,0
822,1097,58448292,60315541,22225,7933,93,7955,0,0,-18,0,-18,1,1,1,960,544.56,960,544.56,0,0,0,0,0,0,0,0
823,1098,61696704,58921709,22689,7933,93,7955,0,0,-18,0,-18,1,1,1,960,544.56,960,544.56,0,0,0,0,0,0,0,0
824,1099,57020209,59689958,22353,7933,93,7955,0,0,-18,0,-18,1,1,1,960,544.56,960,544.56,0,0,0,0,0,0,0,0
825,1100,55667791,54020792,22161,7933,96,7955,0,0,-18,0,-18,1,1,1,960,544.56,960,544.56,0,0,0,0,0,0,0,0
826,1101,53535666,55136084,22137,7934,94,7956,0,0,-18,0,-18,1,1,1,960,544.56,960,544.56,0,0,0,0,0,0,0,0
827,1102,59077791,56656958,22125,7933,93,7955,0,0,-18,0,-18,1,1,1,960,544.56,960,544.56,0,0,0,0,0,0,0,0
828,1103,54583624,56973584,22225,7933,93,7955,0,0,-18,0,-18,1,1,1,960,544.56,960,544.56,0,0,0,0,0,0,0,0
829,1104,60122080,58400834,22073,7933,93,7955,0,0,-18,0,-18,1,1,1,960,544.56,960,544.56,0,0,0,0,0,0,0,0
830,1105,59066630,60599833,22137,7933,93,7955,0,0,-18,0,-18,1,1,1,960,544.56,960,544.56,0,0,0,0,0,0,0,0
831,1106,56879244,55477833,22213,7933,93,7955,0,0,-18,0,-18,1,1,1,960,544.56,960,544.56,0,0,0,0,0,0,0,0
832,1107,62007129,61583208,22701,7933,93,7955,0,0,-18,0,-18,1,1,1,960,544.56,960,544.56,0,0,0,0,0,0,0,0
833,1108,65217375,65260959,22289,7933,93,7955,0,0,-18,0,-18,1,1,1,960,544.56,960,544.56,0,0,0,0,0,0,0,0
834,1109,60062542,61832209,22225,7933,96,7955,0,0,-18,0,-18,1,1,1,960,544.56,960,544.56,0,0,0,0,0,0,0,0
835,1110,64314454,62335667,22125,7933,93,7955,0,0,-18,0,-18,1,1,1,960,544.56,960,544.56,0,0,0,0,0,0,0,0
836,1111,58983795,60836916,22137,7933,93,7955,0,0,-18,0,-18,1,1,1,960,544.56,960,544.56,0,0,0,0,0,0,0,0
837,1112,62826827,61057208,22161,7933,93,7955,0,0,-18,0,-18,1,1,1,960,544.56,960,544.56,0,0,0,0,0,0,0,0
838,1113,59204500,61105041,22137,7933,93,7955,0,0,-18,0,-18,1,1,1,960,544.56,960,544.56,0,0,0,0,0,0,0,0
839,1114,60097999,58110208,22125,7933,93,7955,0,0,-18,0,-18,1,1,1,960,544.56,960,544.56,0,0,0,0,0,0,0,0
840,1115,58948419,58963084,22789,7933,93,7955,0,0,-18,0,-18,1,1,1,960,544.56,960,544.56,0,0,0,0,0,0,0,0
841,1116,60840293,61200875,22289,7934,94,7956,0,0,-18,0,-18,1,1,1,960,544.56,960,544.56,0,0,0,0,0,0,0,0
842,1117,50695165,52149167,22137,7933,96,7955,0,0,-18,0,-18,1,1,1,960,544.56,960,544.56,0,0,0,0,0,0,0,0
843,1118,53419910,51919000,22213,7933,93,7955,0,0,-18,0,-18,1,1,1,960,544.56,960,544.56,0,0,0,0,0,0,0,0
844,1119,44373545,45982833,22137,7933,93,7955,0,0,-18,0,-18,1,1,1,960,544.56,960,544.56,0,0,0,0,0,0,0,0
845,1120,43565992,43533708,22073,7933,93,7955,0,0,-18,0,-18,1,1,1,960,544.56,960,544.56,0,0,0,0,0,0,0,0
846,1121,41127458,39940625,22073,7933,93,7955,0,0,-18,0,-18,1,1,1,960,544.56,960,544.56,0,0,0,0,0,0,0,0
847,1122,37263292,38406666,22225,7933,93,7955,0,0,-18,0,-18,1,1,1,960,544.56,960,544.56,0,0,0,0,0,0,0,0
848,1123,38353167,38406000,22125,7933,93,7955,0,0,-18,0,-18,1,1,1,960,544.56,960,544.56,0,0,0,0,0,0,0,0
849,1124,39475873,38286875,34597,7933,93,7955,0,0,-18,0,-18,1,1,1,960,544.56,960,544.56,0,0,0,0,0,0,0,0
850,1125,39088089,40185209,22137,7933,93,7955,0,0,-18,0,-18,1,1,1,960,544.56,960,544.56,0,0,0,0,0,0,0,0
851,1126,40544331,39367833,22725,7933,93,7955,0,0,-18,0,-18,1,1,1,960,544.56,960,544.56,0,0,0,0,0,0,0,0
852,1127,45390088,45273333,22289,7933,93,7955,0,0,-18,0,-18,1,1,1,960,544.56,960,544.56,0,0,0,0,0,0,0,0
853,1128,43680038,44788250,22189,7933,96,7955,0,0,-18,0,-18,1,1,1,960,544.56,960,544.56,0,0,0,0,0,0,0,0
854,1129,44887457,44852417,22073,7933,93,7955,0,0,-18,0,-18,1,1,1,960,544.56,960,544.56,0,0,0,0,0,0,0,0
855,1130,47115042,45605333,22161,7933,93,7955,0,0,-18,0,-18,1,1,1,960,544.56,960,544.56,0,0,0,0,0,0,0,0
856,1131,43304499,44946084,22137,7934,94,7956,0,0,-18,0,-18,1,1,1,960,544.56,960,544.56,0,0,0,0,0,0,0,0
857,1132,49989413,49879583,22073,7933,93,7955,0,0,-18,0,-18,1,1,1,960,544.56,960,544.56,0,0,0,0,0,0,0,0
858,1133,54041631,52392375,22125,7933,93,7955,0,0,-18,0,-18,1,1,1,960,544.56,960,544.56,0,0,0,0,0,0,0,0
859,1134,61924368,63478417,22225,7933,93,7955,0,0,-18,0,-18,1,1,1,960,544.56,960,544.56,0,0,0,0,0,0,0,0
860,1135,68839713,66949750,22073,7933,93,7955,0,0,-18,0,-18,1,1,1,960,544.56,960,544.56,0,0,0,0,0,0,0,0
861,1136,62939167,62715500,22701,7933,93,7955,0,0,-18,0,-18,1,1,1,960,544.56,960,544.56,0,0,0,0,0,0,0,0
862,1137,68102039,68540875,22429,7933,93,7955,0,0,-18,0,-18,1,1,1,960,544.56,960,544.56,0,0,0,0,0,0,0,0
863,1138,56556206,58180750,22137,7933,96,7955,0,0,-18,0,-18,1,1,1,960,544.56,960,544.56,0,0,0,0,0,0,0,0
864,1139,64399003,62330042,22073,7933,93,7955,0,0,-18,0,-18,1,1,1,960,544.56,960,544.56,0,0,0,0,0,0,0,0
865,1140,57634416,59408250,22225,7933,93,7955,0,0,-18,0,-18,1,1,1,960,544.56,960,544.56,0,0,0,0,0,0,0,0
866,1141,58703038,57334333,22125,7933,93,7955,0,0,-18,0,-18,1,1,1,960,544.56,960,544.56,0,0,0,0,0,0,0,0
867,1142,56274376,57614625,22137,7933,93,7955,0,0,-18,0,-18,1,1,1,960,544.56,960,544.56,0,0,0,0,0,0,0,0
868,1143,63415251,62090208,22161,7933,93,7955,0,0,-18,0,-18,1,1,1,960,544.56,960,544.56,0,0,0,0,0,0,0,0
869,1144,59313420,58865541,22701,7933,93,7955,0,0,-18,0,-18,1,1,1,960,544.56,960,544.56,0,0,0,0,0,0,0,0
870,1145,66554829,66908875,22341,7933,93,7955,0,0,-18,0,-18,1,1,1,960,544.56,960,544.56,0,0,0,0,0,0,0,0
871,1146,61131499,62743916,22225,7934,97,7956,0,0,-18,0,-18,1,1,1,960,544.56,960,544.56,0,0,0,0,0,0,0,0
872,1147,62260996,60426875,22073,7933,93,7955,0,0,-18,0,-18,1,1,1,960,544.56,960,544.56,0,0,0,0,0,0,0,0
873,1148,56937422,58546833,22137,7933,93,7955,0,0,-18,0,-18,1,1,1,960,544.56,960,544.56,0,0,0,0,0,0,0,0
874,1149,64086206,62246958,22213,7933,93,7955,0,0,-18,0,-18,1,1,1,960,544.56,960,544.56,0,0,0,0,0,0,0,0
875,1150,58423548,60352291,22137,7933,93,7955,0,0,-18,0,-18,1,1,1,960,544.56,960,544.56,0,0,0,0,0,0,0,0
876,1151,59560120,57790291,22073,7933,93,7955,0,0,-18,0,-18,1,1,1,960,544.56,960,544.56,0,0,0,0,0,0,0,0
877,1152,57706709,57841208,22789,7933,93,7955,0,0,-18,0,-18,1,1,1,960,544.56,960,544.56,0,0,0,0,0,0,0,0
878,1153,59045586,59083208,22341,7933,93,7955,0,0,-18,0,-18,1,1,1,960,544.56,960,544.56,0,0,0,0,0,0,0,0
879,1154,50676751,52088792,22137,7933,96,7955,0,0,-18,0,-18,1,1,1,960,544.56,960,544.56,0,0,0,0,0,0,0,0
880,1155,51408041,50217333,22161,7933,93,7955,0,0,-18,0,-18,1,1,1,960,544.56,960,544.56,0,0,0,0,0,0,0,0
881,1156,42030412,43350667,22137,7933,93,7955,0,0,-18,0,-18,1,1,1,960,544.56,960,544.56,0,0,0,0,0,0,0,0
882,1157,43720584,43689542,22125,7933,93,7955,0,0,-18,0,-18,1,1,1,960,544.56,960,544.56,0,0,0,0,0,0,0,0
883,1158,39767418,38593167,22073,7933,93,7955,0,0,-18,0,-18,1,1,1,960,544.56,960,544.56,0,0,0,0,0,0,0,0
884,1159,37106703,38286333,22225,7933,93,7955,0,0,-18,0,-18,1,1,1,960,544.56,960,544.56,0,0,0,0,0,0,0,0
885,1160,38198795,38191459,22073,7933,93,7955,0,0,-18,0,-18,1,1,1,960,544.56,960,544.56,0,0,0,0,0,0,0,0
886,1161,40542248,39325875,22073,7934,94,7956,0,0,-18,0,-18,1,1,1,960,544.56,960,544.56,0,0,0,0,0,0,0,0
887,1162,37402749,38528041,22137,7933,93,7955,0,0,-18,0,-18,1,1,1,960,544.56,960,544.56,0,0,0,0,0,0,0,0
888,1163,39677042,39688792,22213,7933,93,7955,0,0,-18,0,-18,1,1,1,960,544.56,960,544.56,0,0,0,0,0,0,0,0
889,1164,45619502,43602000,22637,7933,93,7955,0,0,-18,0,-18,1,1,1,960,544.56,960,544.56,0,0,0,0,0,0,0,0
890,1165,38860749,40879750,22353,7933,96,7955,0,0,-18,0,-18,1,1,1,960,544.56,960,544.56,0,0,0,0,0,0,0,0
891,1166,40760543,40695416,22073,7933,93,7955,0,0,-18,0,-18,1,1,1,960,544.56,960,544.56,0,0,0,0,0,0,0,0
892,1167,41999205,40856458,22161,7933,93,7955,0,0,-18,0,-18,1,1,1,960,544.56,960,544.56,0,0,0,0,0,0,0,0
893,1168,39977833,41128791,22189,7933,93,7955,0,0,-18,0,-18,1,1,1,960,544.56,960,544.56,0,0,0,0,0,0,0,0
894,1169,43549787,43499292,22073,7933,93,7955,0,0,-18,0,-18,1,1,1,960,544.56,960,544.56,0,0,0,0,0,0,0,0
895,1170,46593587,45192166,22073,7933,93,7955,0,0,-18,0,-18,1,1,1,960,544.56,960,544.56,0,0,0,0,0,0,0,0
896,1171,43262746,44630708,22225,7933,93,7955,0,0,-18,0,-18,1,1,1,960,544.56,960,544.56,0,0,0,0,0,0,0,0
897,1172,49292623,49223834,22073,7933,93,7955,0,0,-18,0,-18,1,1,1,960,544.56,960,544.56,0,0,0,0,0,0,0,0
898,1173,55910211,54319625,22125,7933,93,7955,0,0,-18,0,-18,1,1,1,960,544.56,960,544.56,0,0,0,0,0,0,0,0
899,1174,59815164,60906292,22137,7933,93,7955,0,0,-18,0,-18,1,1,1,960,544.56,960,544.56,0,0,0,0,0,0,0,0
900,1175,72563290,69198667,22725,7933,93,7955,0,0,-18,0,-18,1,1,1,960,544.56,960,544.56,0,0,0,0,0,0,0,0
901,1176,64071543,67587500,22353,7934,97,7956,0,0,-18,0,-18,1,1,1,960,544.56,960,544.56,0,0,0,0,0,0,0,0
902,1177,68461708,66220917,22125,7933,93,7955,0,0,-18,0,-18,1,1,1,960,544.56,960,544.56,0,0,0,0,0,0,0,0
903,1178,61369083,63607167,22225,7933,93,7955,0,0,-18,0,-18,1,1,1,960,544.56,960,544.56,0,0,0,0,0,0,0,0
904,1179,63033588,60825417,22073,7933,93,7955,0,0,-18,0,-18,1,1,1,960,544.56,960,544.56,0,0,0,0,0,0,0,0
905,1180,63627451,65684083,22137,7933,93,7955,0,0,-18,0,-18,1,1,1,960,544.56,960,544.56,0,0,0,0,0,0,0,0
906,1181,68097881,66127583,22213,7933,93,7955,0,0,-18,0,-18,1,1,1,960,544.56,960,544.56,0,0,0,0,0,0,0,0
907,1182,66034786,66098375,22701,7933,93,7955,0,0,-18,0,-18,1,1,1,960,544.56,960,544.56,0,0,0,0,0,0,0,0
908,1183,70283256,70482500,22289,7933,93,7955,0,0,-18,0,-18,1,1,1,960,544.56,960,544.56,0,0,0,0,0,0,0,0
909,1184,60456123,62289291,22277,7933,96,7955,0,0,-18,0,-18,1,1,1,960,544.56,960,544.56,0,0,0,0,0,0,0,0
910,1185,62998913,60935667,22073,7933,93,7955,0,0,-18,0,-18,1,1,1,960,544.56,960,544.56,0,0,0,0,0,0,0,0
911,1186,60604251,62453625,22137,7933,93,7955,0,0,-18,0,-18,1,1,1,960,544.56,960,544.56,0,0,0,0,0,0,0,0
912,1187,64982585,63141667,22161,7933,93,7955,0,0,-18,0,-18,1,1,1,960,544.56,960,544.56,0,0,0,0,0,0,0,0
913,1188,62193416,64058458,22189,7933,93,7955,0,0,-18,0,-18,1,1,1,960,544.56,960,544.56,0,0,0,0,0,0,0,0
914,1189,64642168,62600416,22073,7933,93,7955,0,0,-18,0,-18,1,1,1,960,544.56,960,544.56,0,0,0,0,0,0,0,0
915,1190,61484787,61937542,22789,7933,93,7955,0,0,-18,0,-18,1,1,1,960,544.56,960,544.56,0,0,0,0,0,0,0,0
916,1191,69264374,68726417,22289,7934,94,7956,0,0,-18,0,-18,1,1,1,960,544.56,960,544.56,0,0,0,0,0,0,0,0
917,1192,56780252,58699833,22189,7933,96,7955,0,0,-18,0,-18,1,1,1,960,544.56,960,544.56,0,0,0,0,0,0,0,0
918,1193,57267289,55855958,22161,7933,93,7955,0,0,-18,0,-18,1,1,1,960,544.56,960,544.56,0,0,0,0,0,0,0,0
919,1194,51185790,52721833,22137,7933,93,7955,0,0,-18,0,-18,1,1,1,960,544.56,960,544.56,0,0,0,0,0,0,0,0
920,1195,52822746,51476625,22073,7933,93,7955,0,0,-18,0,-18,1,1,1,960,544.56,960,544.56,0,0,0,0,0,0,0,0
921,1196,42221583,43607417,22277,7933,93,7955,0,0,-18,0,-18,1,1,1,960,544.56,960,544.56,0,0,0,0,0,0,0,0
922,1197,43503753,43466042,22073,7933,93,7955,0,0,-18,0,-18,1,1,1,960,544.56,960,544.56,0,0,0,0,0,0,0,0
923,1198,40405124,39267583,22073,7933,93,7955,0,0,-18,0,-18,1,1,1,960,544.56,960,544.56,0,0,0,0,0,0,0,0
924,1199,37330746,38396417,22137,7933,93,7955,0,0,-18,0,-18,1,1,1,960,544.56,960,544.56,0,0,0,0,0,0,0,0
925,1200,39056915,37926875,22725,7933,93,7955,0,0,-18,0,-18,1,1,1,960,544.56,960,544.56,0,0,0,0,0,0,0,0
926,1201,41201170,41205750,22341,7933,93,7955,0,0,-18,0,-18,1,1,1,960,544.56,960,544.56,0,0,0,0,0,0,0,0
927,1202,40372334,41504084,22137,7933,96,7955,0,0,-18,0,-18,1,1,1,960,544.56,960,544.56,0,0,0,0,0,0,0,0
928,1203,39270706,39173375,22073,7933,93,7955,0,0,-18,0,-18,1,1,1,960,544.56,960,544.56,0,0,0,0,0,0,0,0
929,1204,41366793,40322541,22161,7933,93,7955,0,0,-18,0,-18,1,1,1,960,544.56,960,544.56,0,0,0,0,0,0,0,0
930,1205,40108539,41211250,22137,7933,93,7955,0,0,-18,0,-18,1,1,1,960,544.56,960,544.56,0,0,0,0,0,0,0,0
931,1206,39574205,39567167,22125,7934,94,7956,0,0,-18,0,-18,1,1,1,960,544.56,960,544.56,0,0,0,0,0,0,0,0
932,1207,40562335,39297000,22073,7933,93,7955,0,0,-18,0,-18,1,1,1,960,544.56,960,544.56,0,0,0,0,0,0,0,0
933,1208,40060084,41290500,22427,7933,93,7955,0,0,-18,0,-18,1,1,1,960,544.56,960,544.56,0,0,0,0,0,0,0,0
934,1209,41576538,41539708,22073,7933,93,7955,0,0,-18,0,-18,1,1,1,960,544.56,960,544.56,0,0,0,0,0,0,0,0
935,1210,44514540,42850541,22073,7933,93,7955,0,0,-18,0,-18,1,1,1,960,544.56,960,544.56,0,0,0,0,0,0,0,0
936,1211,44558547,46077292,22189,7933,93,7955,0,0,-18,0,-18,1,1,1,960,544.56,960,544.56,0,0,0,0,0,0,0,0
937,1212,46223454,44752292,22725,7933,93,7955,0,0,-18,0,-18,1,1,1,960,544.56,960,544.56,0,0,0,0,0,0,0,0
938,1213,53205046,53067375,22289,7933,93,7955,0,0,-18,0,-18,1,1,1,960,544.56,960,544.56,0,0,0,0,0,0,0,0
939,1214,51414038,52805375,22137,7933,96,7955,0,0,-18,0,-18,1,1,1,960,544.56,960,544.56,0,0,0,0,0,0,0,0
940,1215,55471915,53641167,22161,7933,93,7955,0,0,-18,0,-18,1,1,1,960,544.56,960,544.56,0,0,0,0,0,0,0,0
941,1216,64802043,66563458,22189,7933,93,7955,0,0,-18,0,-18,1,1,1,960,544.56,960,544.56,0,0,0,0,0,0,0,0
942,1217,68276837,66036125,22073,7933,93,7955,0,0,-18,0,-18,1,1,1,960,544.56,960,544.56,0,0,0,0,0,0,0,0
943,1218,63775166,65712542,22225,7933,93,7955,0,0,-18,0,-18,1,1,1,960,544.56,960,544.56,0,0,0,0,0,0,0,0
944,1219,64606621,63015166,22073,7933,93,7955,0,0,-18,0,-18,1,1,1,960,544.56,960,544.56,0,0,0,0,0,0,0,0
945,1220,63724592,63563625,22753,7933,93,7955,0,0,-18,0,-18,1,1,1,960,544.56,960,544.56,0,0,0,0,0,0,0,0
946,1221,63692867,63942208,22377,7934,94,7956,0,0,-18,0,-18,1,1,1,960,544.56,960,544.56,0,0,0,0,0,0,0,0
947,1222,55731538,57528292,22137,7933,96,7955,0,0,-18,0,-18,1,1,1,960,544.56,960,544.56,0,0,0,0,0,0,0,0
948,1223,59962045,57980917,22073,7933,93,7955,0,0,-18,0,-18,1,1,1,960,544.56,960,544.56,0,0,0,0,0,0,0,0
949,1224,57627458,59579417,22277,7933,93,7955,0,0,-18,0,-18,1,1,1,960,544.56,960,544.56,0,0,0,0,0,0,0,0
950,1225,62795832,60926583,22371,7933,93,7955,0,0,-18,0,-18,1,1,1,960,544.56,960,544.56,0,0,0,0,0,0,0,0
951,1226,66275581,67919666,22137,7933,93,7955,0,0,-18,0,-18,1,1,1,960,544.56,960,544.56,0,0,0,0,0,0,0,0
952,1227,66649831,65244833,22161,7933,93,7955,0,0,-18,0,-18,1,1,1,960,544.56,960,544.56,0,0,0,0,0,0,0,0
953,1228,57732548,59197750,22189,7933,93,7955,0,0,-18,0,-18,1,1,1,960,544.56,960,544.56,0,0,0,0,0,0,0,0
954,1229,75068451,71082458,22637,7931,93,7953,0,0,-18,0,-18,1,1,1,960,544.56,960,544.56,0,0,0,0,0,0,0,0
955,1230,62160424,65885167,22441,7933,96,7955,0,0,-18,0,-18,1,1,1,960,544.56,960,544.56,0,0,0,0,0,0,0,0
956,1231,69627828,67718208,22073,7933,93,7955,0,0,-18,0,-18,1,1,1,960,544.56,960,544.56,0,0,0,0,0,0,0,0
957,1232,62826834,64815709,22189,7933,93,7955,0,0,-18,0,-18,1,1,1,960,544.56,960,544.56,0,0,0,0,0,0,0,0
958,1233,61654251,59875916,22161,7933,93,7955,0,0,-18,0,-18,1,1,1,960,544.56,960,544.56,0,0,0,0,0,0,0,0
959,1234,59578210,61396875,22137,7933,93,7955,0,0,-18,0,-18,1,1,1,960,544.56,960,544.56,0,0,0,0,0,0,0,0
960,1235,62026999,59737333,22073,7933,93,7955,0,0,-18,0,-18,1,1,1,960,544.56,960,544.56,0,0,0,0,0,0,0,0
961,1236,60762874,61144375,22841,7934,94,7956,0,0,-18,0,-18,1,1,1,960,544.56,960,544.56,0,0,0,0,0,0,0,0
962,1237,60553997,60613792,22289,7933,93,7955,0,0,-18,0,-18,1,1,1,960,544.56,960,544.56,0,0,0,0,0,0,0,0
963,1238,54480291,56227625,22137,7933,96,7955,0,0,-18,0,-18,1,1,1,960,544.56,960,544.56,0,0,0,0,0,0,0,0
964,1239,68233087,66285500,22161,7933,93,7955,0,0,-18,0,-18,1,1,1,960,544.56,960,544.56,0,0,0,0,0,0,0,0
965,1240,64143784,66117084,22189,7933,93,7955,0,0,-18,0,-18,1,1,1,960,544.56,960,544.56,0,0,0,0,0,0,0,0
966,1241,58646216,56586416,22073,7933,93,7955,0,0,-18,0,-18,1,1,1,960,544.56,960,544.56,0,0,0,0,0,0,0,0
967,1242,56155662,58110041,22225,7933,93,7955,0,0,-18,0,-18,1,1,1,960,544.56,960,544.56,0,0,0,0,0,0,0,0
968,1243,60625623,58424750,22073,7933,93,7955,0,0,-18,0,-18,1,1,1,960,544.56,960,544.56,0,0,0,0,0,0,0,0
969,1244,57282418,59421750,22189,7933,93,7955,0,0,-18,0,-18,1,1,1,960,544.56,960,544.56,0,0,0,0,0,0,0,0
970,1245,67895829,64159333,22725,7933,93,7955,0,0,-18,0,-18,1,1,1,960,544.56,960,544.56,0,0,0,0,0,0,0,0
971,1246,54661542,58373667,22353,7933,96,7955,0,0,-18,0,-18,1,1,1,960,544.56,960,544.56,0,0,0,0,0,0,0,0
972,1247,60598496,58950250,22073,7933,93,7955,0,0,-18,0,-18,1,1,1,960,544.56,960,544.56,0,0,0,0,0,0,0,0
973,1248,56867580,58513000,22277,7933,93,7955,0,0,-18,0,-18,1,1,1,960,544.56,960,544.56,0,0,0,0,0,0,0,0
974,1249,56746207,55223167,22073,7933,93,7955,0,0,-18,0,-18,1,1,1,960,544.56,960,544.56,0,0,0,0,0,0,0,0
975,1250,54533291,55885792,22137,7933,93,7955,0,0,-18,0,-18,1,1,1,960,544.56,960,544.56,0,0,0,0,0,0,0,0
976,1251,57147666,55157542,22161,7934,94,7956,0,0,-18,0,-18,1,1,1,960,544.56,960,544.56,0,0,0,0,0,0,0,0
977,1252,54116085,56158000,22189,7933,93,7955,0,0,-18,0,-18,1,1,1,960,544.56,960,544.56,0,0,0,0,0,0,0,0
978,1253,62179166,58972375,22637,7933,93,7955,0,0,-18,0,-18,1,1,1,960,544.56,960,544.56,0,0,0,0,0,0,0,0
979,1254,59563703,62760500,22441,7933,93,7955,0,0,-18,0,-18,1,1,1,960,544.56,960,544.56,0,0,0,0,0,0,0,0
980,1255,61553090,59362000,22073,7933,96,7955,0,0,-18,0,-18,1,1,1,960,544.56,960,544.56,0,0,0,0,0,0,0,0
981,1256,57568911,59601875,22189,7933,93,7955,0,0,-18,0,-18,1,1,1,960,544.56,960,544.56,0,0,0,0,0,0,0,0
982,1257,60427289,59018792,22161,7933,93,7955,0,0,-18,0,-18,1,1,1,960,544.56,960,544.56,0,0,0,0,0,0,0,0
983,1258,53947292,55317292,22137,7933,93,7955,0,0,-18,0,-18,1,1,1,960,544.56,960,544.56,0,0,0,0,0,0,0,0
984,1259,60394629,58645250,22073,7933,93,7955,0,0,-18,0,-18,1,1,1,960,544.56,960,544.56,0,0,0,0,0,0,0,0
985,1260,54095245,55874083,22277,7933,93,7955,0,0,-18,0,-18,1,1,1,960,544.56,960,544.56,0,0,0,0,0,0,0,0
986,1261,54592419,53026834,22073,7933,93,7955,0,0,-18,0,-18,1,1,1,960,544.56,960,544.56,0,0,0,0,0,0,0,0
987,1262,50478789,50693875,22701,7933,93,7955,0,0,-18,0,-18,1,1,1,960,544.56,960,544.56,0,0,0,0,0,0,0,0
988,1263,45625794,46997375,22377,7933,93,7955,0,0,-18,0,-18,1,1,1,960,544.56,960,544.56,0,0,0,0,0,0,0,0
989,1264,44519793,43338667,22125,7933,96,7955,0,0,-18,0,-18,1,1,1,960,544.56,960,544.56,0,0,0,0,0,0,0,0
990,1265,38487542,39693167,22137,7933,93,7955,0,0,-18,0,-18,1,1,1,960,544.56,960,544.56,0,0,0,0,0,0,0,0
991,1266,40306787,40221708,22073,7934,94,7956,0,0,-18,0,-18,1,1,1,960,544.56,960,544.56,0,0,0,0,0,0,0,0
992,1267,38982462,37869459,22161,7933,93,7955,0,0,-18,0,-18,1,1,1,960,544.56,960,544.56,0,0,0,0,0,0,0,0
993,1268,40434956,41533750,22137,7933,93,7955,0,0,-18,0,-18,1,1,1,960,544.56,960,544.56,0,0,0,0,0,0,0,0
994,1269,40753714,40707416,22125,7933,93,7955,0,0,-18,0,-18,1,1,1,960,544.56,960,544.56,0,0,0,0,0,0,0,0
995,1270,41332367,39961000,22073,7933,93,7955,0,0,-18,0,-18,1,1,1,960,544.56,960,544.56,0,0,0,0,0,0,0,0
996,1271,41124213,42538041,22225,7933,93,7955,0,0,-18,0,-18,1,1,1,960,544.56,960,544.56,0,0,0,0,0,0,0,0
997,1272,39464745,39339709,22073,7933,93,7955,0,0,-18,0,-18,1,1,1,960,544.56,960,544.56,0,0,0,0,0,0,0,0
998,1273,45498292,43998709,22073,7933,93,7955,0,0,-18,0,-18,1,1,1,960,544.56,960,544.56,0,0,0,0,0,0,0,0
999,1274,45806165,45704250,22753,7933,93,7955,0,0,-18,0,-18,1,1,1,960,544.56,960,544.56,0,0,0,0,0,0,0,0
1000,1275,48108588,49666291,22377,7933,93,7955,0,0,-18,0,-18,1,1,1,960,544.56,960,544.56,0,0,0,0,0,0,0,0
1001,1276,45542411,44266125,22073,7933,96,7955,0,0,-18,0,-18,1,1,1,960,544.56,960,544.56,0,0,0,0,0,0,0,0
1002,1277,52967213,53992959,22137,7933,93,7955,0,0,-18,0,-18,1,1,1,960,544.56,960,544.56,0,0,0,0,0,0,0,0
1003,1278,61124119,59066500,22073,7933,93,7955,0,0,-18,0,-18,1,1,1,960,544.56,960,544.56,0,0,0,0,0,0,0,0
1004,1279,64558215,66626625,22277,7933,93,7955,0,0,-18,0,-18,1,1,1,960,544.56,960,544.56,0,0,0,0,0,0,0,0
1005,1280,71398831,69434458,22073,7933,93,7955,0,0,-18,0,-18,1,1,1,960,544.56,960,544.56,0,0,0,0,0,0,0,0
1006,1281,66658869,68453583,22137,7934,94,7956,0,0,-18,0,-18,1,1,1,960,544.56,960,544.56,0,0,0,0,0,0,0,0
1007,1282,69135047,65711916,22777,7933,93,7955,0,0,-18,0,-18,1,1,1,960,544.56,960,544.56,0,0,0,0,0,0,0,0
1008,1283,68675160,72183417,22353,7933,93,7955,0,0,-18,0,-18,1,1,1,960,544.56,960,544.56,0,0,0,0,0,0,0,0
1009,1284,65116539,63582708,22073,7933,96,7955,0,0,-18,0,-18,1,1,1,960,544.56,960,544.56,0,0,0,0,0,0,0,0
1010,1285,55805377,57172208,22277,7933,93,7955,0,0,-18,0,-18,1,1,1,960,544.56,960,544.56,0,0,0,0,0,0,0,0
1011,1286,59111833,57706166,22073,7933,93,7955,0,0,-18,0,-18,1,1,1,960,544.56,960,544.56,0,0,0,0,0,0,0,0
1012,1287,54391786,55575000,22137,7933,93,7955,0,0,-18,0,-18,1,1,1,960,544.56,960,544.56,0,0,0,0,0,0,0,0
1013,1288,61845421,60445041,22161,7933,93,7955,0,0,-18,0,-18,1,1,1,960,544.56,960,544.56,0,0,0,0,0,0,0,0
1014,1289,59124540,60353875,22189,7933,93,7955,0,0,-18,0,-18,1,1,1,960,544.56,960,544.56,0,0,0,0,0,0,0,0
1015,1290,60241207,58955959,22073,7933,93,7955,0,0,-18,0,-18,1,1,1,960,544.56,960,544.56,0,0,0,0,0,0,0,0
1016,1291,67234456,66897250,22789,7933,93,7955,0,0,-18,0,-18,1,1,1,960,544.56,960,544.56,0,0,0,0,0,0,0,0
1017,1292,60936708,60994459,22289,7933,96,7955,0,0,-18,0,-18,1,1,1,960,544.56,960,544.56,0,0,0,0,0,0,0,0
1018,1293,61445917,63004334,22189,7933,93,7955,0,0,-18,0,-18,1,1,1,960,544.56,960,544.56,0,0,0,0,0,0,0,0
1019,1294,61838004,60181791,22161,7933,93,7955,0,0,-18,0,-18,1,1,1,960,544.56,960,544.56,0,0,0,0,0,0,0,0
1020,1295,58794792,60664000,22137,7933,93,7955,0,0,-18,0,-18,1,1,1,960,544.56,960,544.56,0,0,0,0,0,0,0,0
1021,1296,55036202,53477667,22073,7934,94,7956,0,0,-18,0,-18,1,1,1,960,544.56,960,544.56,0,0,0,0,0,0,0,0
1022,1297,49944501,51519917,22277,7933,93,7955,0,0,-18,0,-18,1,1,1,960,544.56,960,544.56,0,0,0,0,0,0,0,0
1023,1298,53307045,51810000,22073,7933,93,7955,0,0,-18,0,-18,1,1,1,960,544.56,960,544.56,0,0,0,0,0,0,0,0
1024,1299,44763252,44976166,22701,7933,93,7955,0,0,-18,0,-18,1,1,1,960,544.56,960,544.56,0,0,0,0,0,0,0,0
1025,1300,45905455,47136041,22289,7933,93,7955,0,0,-18,0,-18,1,1,1,960,544.56,960,544.56,0,0,0,0,0,0,0,0
1026,1301,40899042,39837500,22161,7933,96,7955,0,0,-18,0,-18,1,1,1,960,544.56,960,544.56,0,0,0,0,0,0,0,0
1027,1302,37015959,38154875,22189,7933,93,7955,0,0,-18,0,-18,1,1,1,960,544.56,960,544.56,0,0,0,0,0,0,0,0
1028,1303,38326911,38323750,22073,7933,93,7955,0,0,-18,0,-18,1,1,1,960,544.56,960,544.56,0,0,0,0,0,0,0,0
1029,1304,39971087,38696167,22073,7933,93,7955,0,0,-18,0,-18,1,1,1,960,544.56,960,544.56,0,0,0,0,0,0,0,0
1030,1305,36967042,38188625,22225,7933,93,7955,0,0,-18,0,-18,1,1,1,960,544.56,960,544.56,0,0,0,0,0,0,0,0
1031,1306,39263244,39213000,22073,7933,93,7955,0,0,-18,0,-18,1,1,1,960,544.56,960,544.56,0,0,0,0,0,0,0,0
1032,1307,41964549,40845917,22073,7933,93,7955,0,0,-18,0,-18,1,1,1,960,544.56,960,544.56,0,0,0,0,0,0,0,0
1033,1308,39303909,40362500,22189,7933,93,7955,0,0,-18,0,-18,1,1,1,960,544.56,960,544.56,0,0,0,0,0,0,0,0
1034,1309,39119672,39167083,22161,7933,93,7955,0,0,-18,0,-18,1,1,1,960,544.56,960,544.56,0,0,0,0,0,0,0,0
1035,1310,42007163,40794916,22073,7933,93,7955,0,0,-18,0,-18,1,1,1,960,544.56,960,544.56,0,0,0,0,0,0,0,0
1036,1311,43399624,44514417,22137,7934,94,7956,0,0,-18,0,-18,1,1,1,960,544.56,960,544.56,0,0,0,0,0,0,0,0
1037,1312,49394544,48005750,22637,7933,93,7955,0,0,-18,0,-18,1,1,1,960,544.56,960,544.56,0,0,0,0,0,0,0,0
1038,1313,45481581,45285583,22429,7933,96,7955,0,0,-18,0,-18,1,1,1,960,544.56,960,544.56,0,0,0,0,0,0,0,0
1039,1314,51756624,53183959,22137,7933,93,7955,0,0,-18,0,-18,1,1,1,960,544.56,960,544.56,0,0,0,0,0,0,0,0
1040,1315,56109458,54128959,22073,7933,93,7955,0,0,-18,0,-18,1,1,1,960,544.56,960,544.56,0,0,0,0,0,0,0,0
1041,1316,62933698,64826542,22225,7933,93,7955,0,0,-18,0,-18,1,1,1,960,544.56,960,544.56,0,0,0,0,0,0,0,0
1042,1317,68880170,66911375,22125,7933,93,7955,0,0,-18,0,-18,1,1,1,960,544.56,960,544.56,0,0,0,0,0,0,0,0
1043,1318,66198453,67879125,22137,7933,93,7955,0,0,-18,0,-18,1,1,1,960,544.56,960,544.56,0,0,0,0,0,0,0,0
1044,1319,69810420,67960083,22161,7933,93,7955,0,0,-18,0,-18,1,1,1,960,544.56,960,544.56,0,0,0,0,0,0,0,0
1045,1320,66841833,66921667,22753,7933,93,7955,0,0,-18,0,-18,1,1,1,960,544.56,960,544.56,0,0,0,0,0,0,0,0
1046,1321,77741377,74220167,22289,7933,93,7955,0,0,-18,0,-18,1,1,1,960,544.56,960,544.56,0,0,0,0,0,0,0,0
1047,1322,58319084,63830083,22225,7933,96,7955,0,0,-18,0,-18,1,1,1,960,544.56,960,544.56,0,0,0,0,0,0,0,0
1048,1323,55969458,54449250,22125,7933,93,7955,0,0,-18,0,-18,1,1,1,960,544.56,960,544.56,0,0,0,0,0,0,0,0
1049,1324,53150836,54546125,22137,7933,93,7955,0,0,-18,0,-18,1,1,1,960,544.56,960,544.56,0,0,0,0,0,0,0,0
1050,1325,61293546,59215708,22161,7933,93,7955,0,0,-18,0,-18,1,1,1,960,544.56,960,544.56,0,0,0,0,0,0,0,0
1051,1326,61813037,63782042,22137,7934,94,7956,0,0,-18,0,-18,1,1,1,960,544.56,960,544.56,0,0,0,0,0,0,0,0
1052,1327,64251087,62442334,22125,7933,93,7955,0,0,-18,0,-18,1,1,1,960,544.56,960,544.56,0,0,0,0,0,0,0,0
1053,1328,64531043,64240459,22789,7933,93,7955,0,0,-18,0,-18,1,1,1,960,544.56,960,544.56,0,0,0,0,0,0,0,0
1054,1329,69837369,70310042,22289,7933,93,7955,0,0,-18,0,-18,1,1,1,960,544.56,960,544.56,0,0,0,0,0,0,0,0
1055,1330,59867497,61354291,22137,7933,96,7955,0,0,-18,0,-18,1,1,1,960,544.56,960,544.56,0,0,0,0,0,0,0,0
1056,1331,69656170,67815583,22213,7933,93,7955,0,0,-18,0,-18,1,1,1,960,544.56,960,544.56,0,0,0,0,0,0,0,0
1057,1332,60584452,62537208,22137,7933,93,7955,0,0,-18,0,-18,1,1,1,960,544.56,960,544.56,0,0,0,0,0,0,0,0
1058,1333,69879464,67672959,22073,7933,93,7955,0,0,-18,0,-18,1,1,1,960,544.56,960,544.56,0,0,0,0,0,0,0,0
1059,1334,66782914,68788958,22225,7933,93,7955,0,0,-18,0,-18,1,1,1,960,544.56,960,544.56,0,0,0,0,0,0,0,0
1060,1335,61240538,59714833,22125,7933,93,7955,0,0,-18,0,-18,1,1,1,960,544.56,960,544.56,0,0,0,0,0,0,0,0
1061,1336,55281292,55230583,22701,7933,93,7955,0,0,-18,0,-18,1,1,1,960,544.56,960,544.56,0,0,0,0,0,0,0,0
1062,1337,56257795,56368250,22377,7933,93,7955,0,0,-18,0,-18,1,1,1,960,544.56,960,544.56,0,0,0,0,0,0,0,0
1063,1338,46575162,48169708,22137,7933,96,7955,0,0,-18,0,-18,1,1,1,960,544.56,960,544.56,0,0,0,0,0,0,0,0
1064,1339,44651042,44633875,22125,7933,93,7955,0,0,-18,0,-18,1,1,1,960,544.56,960,544.56,0,0,0,0,0,0,0,0
1065,1340,46140667,44934708,22073,7933,93,7955,0,0,-18,0,-18,1,1,1,960,544.56,960,544.56,0,0,0,0,0,0,0,0
1066,1341,42928081,44088750,22225,7934,94,7956,0,0,-18,0,-18,1,1,1,960,544.56,960,544.56,0,0,0,0,0,0,0,0
1067,1342,45316956,45207875,22073,7933,93,7955,0,0,-18,0,-18,1,1,1,960,544.56,960,544.56,0,0,0,0,0,0,0,0
1068,1343,46197462,44610333,22073,7933,93,7955,0,0,-18,0,-18,1,1,1,960,544.56,960,544.56,0,0,0,0,0,0,0,0
1069,1344,49932036,51331000,22189,7933,93,7955,0,0,-18,0,-18,1,1,1,960,544.56,960,544.56,0,0,0,0,0,0,0,0
1070,1345,54663710,52888542,22161,7933,93,7955,0,0,-18,0,-18,1,1,1,960,544.56,960,544.56,0,0,0,0,0,0,0,0
1071,1346,66136330,66065458,22701,7933,93,7955,0,0,-18,0,-18,1,1,1,960,544.56,960,544.56,0,0,0,0,0,0,0,0
1072,1347,70593878,70483458,22289,7933,93,7955,0,0,-18,0,-18,1,1,1,960,544.56,960,544.56,0,0,0,0,0,0,0,0
1073,1348,63910908,65824833,22277,7933,96,7955,0,0,-18,0,-18,1,1,1,960,544.56,960,544.56,0,0,0,0,0,0,0,0
1074,1349,68295709,66424792,22073,7933,93,7955,0,0,-18,0,-18,1,1,1,960,544.56,960,544.56,0,0,0,0,0,0,0,0
1075,1350,55556915,57346083,22137,7933,93,7955,0,0,-18,0,-18,1,1,1,960,544.56,960,544.56,0,0,0,0,0,0,0,0
1076,1351,57385578,55927000,22161,7933,93,7955,0,0,-18,0,-18,1,1,1,960,544.56,960,544.56,0,0,0,0,0,0,0,0
1077,1352,54518878,56083708,22189,7933,93,7955,0,0,-18,0,-18,1,1,1,960,544.56,960,544.56,0,0,0,0,0,0,0,0
1078,1353,57100333,55257917,22073,7933,93,7955,0,0,-18,0,-18,1,1,1,960,544.56,960,544.56,0,0,0,0,0,0,0,0
1079,1354,57982496,57905500,22789,7933,93,7955,0,0,-18,0,-18,1,1,1,960,544.56,960,544.56,0,0,0,0,0,0,0,0
1080,1355,69278001,69129500,22289,7933,93,7955,0,0,-18,0,-18,1,1,1,960,544.56,960,544.56,0,0,0,0,0,0,0,0
1081,1356,66272415,68050208,22189,7934,97,7956,0,0,-18,0,-18,1,1,1,960,544.56,960,544.56,0,0,0,0,0,0,0,0
1082,1357,66107749,64586917,22161,7933,93,7955,0,0,-18,0,-18,1,1,1,960,544.56,960,544.56,0,0,0,0,0,0,0,0
1083,1358,53520541,55128959,22137,7933,93,7955,0,0,-18,0,-18,1,1,1,960,544.56,960,544.56,0,0,0,0,0,0,0,0
1084,1359,56272327,54091625,22073,7933,93,7955,0,0,-18,0,-18,1,1,1,960,544.56,960,544.56,0,0,0,0,0,0,0,0
1085,1360,56146088,58214208,22277,7933,93,7955,0,0,-18,0,-18,1,1,1,960,544.56,960,544.56,0,0,0,0,0,0,0,0
1086,1361,61780661,59787375,22073,7933,93,7955,0,0,-18,0,-18,1,1,1,960,544.56,960,544.56,0,0,0,0,0,0,0,0
1087,1362,65941669,65053083,22701,7933,93,7955,0,0,-18,0,-18,1,1,1,960,544.56,960,544.56,0,0,0,0,0,0,0,0
1088,1363,68962164,69831334,22377,7933,93,7955,0,0,-18,0,-18,1,1,1,960,544.56,960,544.56,0,0,0,0,0,0,0,0
1089,1364,62419500,64159208,22189,7933,96,7955,0,0,-18,0,-18,1,1,1,960,544.56,960,544.56,0,0,0,0,0,0,0,0
1090,1365,67141205,65213125,22073,7933,93,7955,0,0,-18,0,-18,1,1,1,960,544.56,960,544.56,0,0,0,0,0,0,0,0
1091,1366,56973379,59074583,22225,7933,93,7955,0,0,-18,0,-18,1,1,1,960,544.56,960,544.56,0,0,0,0,0,0,0,0
1092,1367,54068706,52469958,22073,7933,93,7955,0,0,-18,0,-18,1,1,1,960,544.56,960,544.56,0,0,0,0,0,0,0,0
1093,1368,49921207,51396625,22189,7933,93,7955,0,0,-18,0,-18,1,1,1,960,544.56,960,544.56,0,0,0,0,0,0,0,0
1094,1369,45058291,45177333,22161,7933,93,7955,0,0,-18,0,-18,1,1,1,960,544.56,960,544.56,0,0,0,0,0,0,0,0
1095,1370,45026708,43645209,22073,7933,93,7955,0,0,-18,0,-18,1,1,1,960,544.56,960,544.56,0,0,0,0,0,0,0,0
1096,1371,40180377,40369708,22701,7934,94,7956,0,0,-18,0,-18,1,1,1,960,544.56,960,544.56,0,0,0,0,0,0,0,0
1097,1372,44122166,45137000,22289,7933,93,7955,0,0,-18,0,-18,1,1,1,960,544.56,960,544.56,0,0,0,0,0,0,0,0
1098,1373,44882792,43666333,22213,7933,96,7955,0,0,-18,0,-18,1,1,1,960,544.56,960,544.56,0,0,0,0,0,0,0,0
1099,1374,44385492,45582625,22137,7933,93,7955,0,0,-18,0,-18,1,1,1,960,544.56,960,544.56,0,0,0,0,0,0,0,0
1100,1375,46731881,46827500,22073,7933,93,7955,0,0,-18,0,-18,1,1,1,960,544.56,960,544.56,0,0,0,0,0,0,0,0
1101,1376,53568828,51913417,22073,7933,93,7955,0,0,-18,0,-18,1,1,1,960,544.56,960,544.56,0,0,0,0,0,0,0,0
1102,1377,52267085,53727083,22225,7933,93,7955,0,0,-18,0,-18,1,1,1,960,544.56,960,544.56,0,0,0,0,0,0,0,0
1103,1378,67849874,65981834,22125,7933,93,7955,0,0,-18,0,-18,1,1,1,960,544.56,960,544.56,0,0,0,0,0,0,0,0
1104,1379,64658083,66365500,22137,7933,93,7955,0,0,-18,0,-18,1,1,1,960,544.56,960,544.56,0,0,0,0,0,0,0,0
1105,1380,67393794,65525375,22161,7933,93,7955,0,0,-18,0,-18,1,1,1,960,544.56,960,544.56,0,0,0,0,0,0,0,0
1106,1381,72123043,71718459,22701,7933,93,7955,0,0,-18,0,-18,1,1,1,960,544.56,960,544.56,0,0,0,0,0,0,0,0
1107,1382,68206913,68065625,22341,7933,96,7955,0,0,-18,0,-18,1,1,1,960,544.56,960,544.56,0,0,0,0,0,0,0,0
1108,1383,65940871,68158584,22225,7933,93,7955,0,0,-18,0,-18,1,1,1,960,544.56,960,544.56,0,0,0,0,0,0,0,0
1109,1384,65285213,63824458,22073,7933,93,7955,0,0,-18,0,-18,1,1,1,960,544.56,960,544.56,0,0,0,0,0,0,0,0
1110,1385,53332541,54808958,22189,7933,93,7955,0,0,-18,0,-18,1,1,1,960,544.56,960,544.56,0,0,0,0,0,0,0,0
1111,1386,57521458,56049083,22161,7934,94,7956,0,0,-18,0,-18,1,1,1,960,544.56,960,544.56,0,0,0,0,0,0,0,0
1112,1387,59836331,61334333,22137,7933,93,7955,0,0,-18,0,-18,1,1,1,960,544.56,960,544.56,0,0,0,0,0,0,0,0
1113,1388,60379542,58171125,22073,7933,93,7955,0,0,-18,0,-18,1,1,1,960,544.56,960,544.56,0,0,0,0,0,0,0,0
1114,1389,65345168,65952625,22841,7933,93,7955,0,0,-18,0,-18,1,1,1,960,544.56,960,544.56,0,0,0,0,0,0,0,0
1115,1390,57885587,58019916,22289,7933,96,7955,0,0,-18,0,-18,1,1,1,960,544.56,960,544.56,0,0,0,0,0,0,0,0
1116,1391,52550707,53969833,22137,7933,93,7955,0,0,-18,0,-18,1,1,1,960,544.56,960,544.56,0,0,0,0,0,0,0,0
1117,1392,58437168,56664291,22161,7933,93,7955,0,0,-18,0,-18,1,1,1,960,544.56,960,544.56,0,0,0,0,0,0,0,0
1118,1393,57723123,59463833,22189,7933,93,7955,0,0,-18,0,-18,1,1,1,960,544.56,960,544.56,0,0,0,0,0,0,0,0
1119,1394,61159376,59106083,22073,7933,93,7955,0,0,-18,0,-18,1,1,1,960,544.56,960,544.56,0,0,0,0,0,0,0,0
1120,1395,55405456,57401875,22225,7933,93,7955,0,0,-18,0,-18,1,1,1,960,544.56,960,544.56,0,0,0,0,0,0,0,0
1121,1396,54922796,53421833,22073,7933,93,7955,0,0,-18,0,-18,1,1,1,960,544.56,960,544.56,0,0,0,0,0,0,0,0
1122,1397,54940335,54762542,22753,7933,93,7955,0,0,-18,0,-18,1,1,1,960,544.56,960,544.56,0,0,0,0,0,0,0,0
1123,1398,56577417,56443125,22377,7933,93,7955,0,0,-18,0,-18,1,1,1,960,544.56,960,544.56,0,0,0,0,0,0,0,0
1124,1399,48465166,50330959,22137,7933,96,7955,0,0,-18,0,-18,1,1,1,960,544.56,960,544.56,0,0,0,0,0,0,0,0
1125,1400,43807793,43798666,22073,7933,93,7955,0,0,-18,0,-18,1,1,1,960,544.56,960,544.56,0,0,0,0,0,0,0,0
1126,1401,44681370,43279417,22125,7934,94,7956,0,0,-18,0,-18,1,1,1,960,544.56,960,544.56,0,0,0,0,0,0,0,0
1127,1402,40508460,41913041,22225,7933,93,7955,0,0,-18,0,-18,1,1,1,960,544.56,960,544.56,0,0,0,0,0,0,0,0
1128,1403,38048744,38010083,22073,7933,93,7955,0,0,-18,0,-18,1,1,1,960,544.56,960,544.56,0,0,0,0,0,0,0,0
1129,1404,39628379,38418917,22073,7933,93,7955,0,0,-18,0,-18,1,1,1,960,544.56,960,544.56,0,0,0,0,0,0,0,0
1130,1405,41441958,42497875,22137,7933,93,7955,0,0,-18,0,-18,1,1,1,960,544.56,960,544.56,0,0,0,0,0,0,0,0
1131,1406,44935084,45026750,22213,7933,93,7955,0,0,-18,0,-18,1,1,1,960,544.56,960,544.56,0,0,0,0,0,0,0,0
1132,1407,44291667,42921625,22073,7933,93,7955,0,0,-18,0,-18,1,1,1,960,544.56,960,544.56,0,0,0,0,0,0,0,0
1133,1408,42664334,43944583,22137,7933,93,7955,0,0,-18,0,-18,1,1,1,960,544.56,960,544.56,0,0,0,0,0,0,0,0
1134,1409,47705661,46116084,22637,7933,93,7955,0,0,-18,0,-18,1,1,1,960,544.56,960,544.56,0,0,0,0,0,0,0,0
1135,1410,44046834,44318167,22377,7933,96,7955,0,0,-18,0,-18,1,1,1,960,544.56,960,544.56,0,0,0,0,0,0,0,0
1136,1411,43897248,45164417,22189,7933,93,7955,0,0,-18,0,-18,1,1,1,960,544.56,960,544.56,0,0,0,0,0,0,0,0
1137,1412,46288754,46175833,22073,7933,93,7955,0,0,-18,0,-18,1,1,1,960,544.56,960,544.56,0,0,0,0,0,0,0,0
1138,1413,47103330,45733000,22073,7933,93,7955,0,0,-18,0,-18,1,1,1,960,544.56,960,544.56,0,0,0,0,0,0,0,0
1139,1414,50661500,52019041,22225,7933,93,7955,0,0,-18,0,-18,1,1,1,960,544.56,960,544.56,0,0,0,0,0,0,0,0
1140,1415,59675205,57742250,22073,7933,93,7955,0,0,-18,0,-18,1,1,1,960,544.56,960,544.56,0,0,0,0,0,0,0,0
1141,1416,64083173,65719166,22189,7934,94,7956,0,0,-18,0,-18,1,1,1,960,544.56,960,544.56,0,0,0,0,0,0,0,0
1142,1417,67921750,66242042,22161,7933,93,7955,0,0,-18,0,-18,1,1,1,960,544.56,960,544.56,0,0,0,0,0,0,0,0
1143,1418,66606581,66581042,22701,7933,93,7955,0,0,-18,0,-18,1,1,1,960,544.56,960,544.56,0,0,0,0,0,0,0,0
1144,1419,70729628,70430125,22289,7933,93,7955,0,0,-18,0,-18,1,1,1,960,544.56,960,544.56,0,0,0,0,0,0,0,0
1145,1420,64906336,66970750,22277,7933,96,7955,0,0,-18,0,-18,1,1,1,960,544.56,960,544.56,0,0,0,0,0,0,0,0
1146,1421,70257999,68280542,22073,7933,93,7955,0,0,-18,0,-18,1,1,1,960,544.56,960,544.56,0,0,0,0,0,0,0,0
1147,1422,67296080,69094917,22137,7933,93,7955,0,0,-18,0,-18,1,1,1,960,544.56,960,544.56,0,0,0,0,0,0,0,0
1148,1423,71190625,69131625,22213,7933,93,7955,0,0,-18,0,-18,1,1,1,960,544.56,960,544.56,0,0,0,0,0,0,0,0
1149,1424,65363332,67483833,22137,7933,93,7955,0,0,-18,0,-18,1,1,1,960,544.56,960,544.56,0,0,0,0,0,0,0,0
1150,1425,72934038,68678000,22637,7933,93,7955,0,0,-18,0,-18,1,1,1,960,544.56,960,544.56,0,0,0,0,0,0,0,0
1151,1426,70372909,74572959,22493,7933,93,7955,0,0,-18,0,-18,1,1,1,960,544.56,960,544.56,0,0,0,0,0,0,0,0
1152,1427,69493584,67534958,22073,7933,96,7955,0,0,-18,0,-18,1,1,1,960,544.56,960,544.56,0,0,0,0,0,0,0,0
1153,1428,62432955,64302542,22137,7933,93,7955,0,0,-18,0,-18,1,1,1,960,544.56,960,544.56,0,0,0,0,0,0,0,0
1154,1429,64226545,62866750,22213,7933,93,7955,0,0,-18,0,-18,1,1,1,960,544.56,960,544.56,0,0,0,0,0,0,0,0
1155,1430,56417409,57891167,22137,7933,93,7955,0,0,-18,0,-18,1,1,1,960,544.56,960,544.56,0,0,0,0,0,0,0,0
1156,1431,57019423,55345750,22073,7934,94,7956,0,0,-18,0,-18,1,1,1,960,544.56,960,544.56,0,0,0,0,0,0,0,0
1157,1432,50742246,52333834,22225,7933,93,7955,0,0,-18,0,-18,1,1,1,960,544.56,960,544.56,0,0,0,0,0,0,0,0
1158,1433,50754498,49547500,22125,7933,93,7955,0,0,-18,0,-18,1,1,1,960,544.56,960,544.56,0,0,0,0,0,0,0,0
1159,1434,47167085,47078375,22701,7933,93,7955,0,0,-18,0,-18,1,1,1,960,544.56,960,544.56,0,0,0,0,0,0,0,0
1160,1435,42202126,43304375,22289,7933,96,7955,0,0,-18,0,-18,1,1,1,960,544.56,960,544.56,0,0,0,0,0,0,0,0
1161,1436,39142664,38206500,22161,7933,93,7955,0,0,-18,0,-18,1,1,1,960,544.56,960,544.56,0,0,0,0,0,0,0,0
1162,1437,37059288,38247083,22137,7933,93,7955,0,0,-18,0,-18,1,1,1,960,544.56,960,544.56,0,0,0,0,0,0,0,0
1163,1438,38071040,38007209,22125,7933,93,7955,0,0,-18,0,-18,1,1,1,960,544.56,960,544.56,0,0,0,0,0,0,0,0
1164,1439,39520960,38225125,22073,7933,93,7955,0,0,-18,0,-18,1,1,1,960,544.56,960,544.56,0,0,0,0,0,0,0,0
1165,1440,38450248,39735250,22225,7933,93,7955,0,0,-18,0,-18,1,1,1,960,544.56,960,544.56,0,0,0,0,0,0,0,0
1166,1441,40270585,40259875,22073,7933,93,7955,0,0,-18,0,-18,1,1,1,960,544.56,960,544.56,0,0,0,0,0,0,0,0
1167,1442,43387498,42238542,22073,7933,93,7955,0,0,-18,0,-18,1,1,1,960,544.56,960,544.56,0,0,0,0,0,0,0,0
1168,1443,37855371,38921500,22137,7933,93,7955,0,0,-18,0,-18,1,1,1,960,544.56,960,544.56,0,0,0,0,0,0,0,0
1169,1444,40238294,40276708,22213,7933,93,7955,0,0,-18,0,-18,1,1,1,960,544.56,960,544.56,0,0,0,0,0,0,0,0
1170,1445,42397044,41221125,22073,7933,93,7955,0,0,-18,0,-18,1,1,1,960,544.56,960,544.56,0,0,0,0,0,0,0,0
1171,1446,45671455,45385584,22701,7932,94,7954,0,0,-18,0,-18,1,1,1,960,544.56,960,544.56,0,0,0,0,0,0,0,0
1172,1447,39725579,41092834,22289,7933,96,7955,0,0,-18,0,-18,1,1,1,960,544.56,960,544.56,0,0,0,0,0,0,0,0
1173,1448,40335629,39191375,22161,7933,93,7955,0,0,-18,0,-18,1,1,1,960,544.56,960,544.56,0,0,0,0,0,0,0,0
1174,1449,39635162,40808458,22189,7933,93,7955,0,0,-18,0,-18,1,1,1,960,544.56,960,544.56,0,0,0,0,0,0,0,0
1175,1450,39265044,39233167,22073,7933,93,7955,0,0,-18,0,-18,1,1,1,960,544.56,960,544.56,0,0,0,0,0,0,0,0
1176,1451,45852039,43998667,22073,7933,93,7955,0,0,-18,0,-18,1,1,1,960,544.56,960,544.56,0,0,0,0,0,0,0,0
1177,1452,43191913,44957916,22225,7933,93,7955,0,0,-18,0,-18,1,1,1,960,544.56,960,544.56,0,0,0,0,0,0,0,0
1178,1453,46069502,45999959,22073,7933,93,7955,0,0,-18,0,-18,1,1,1,960,544.56,960,544.56,0,0,0,0,0,0,0,0
1179,1454,50978876,49342917,22125,7933,93,7955,0,0,-18,0,-18,1,1,1,960,544.56,960,544.56,0,0,0,0,0,0,0,0
1180,1455,53365375,54619167,22137,7933,93,7955,0,0,-18,0,-18,1,1,1,960,544.56,960,544.56,0,0,0,0,0,0,0,0
1181,1456,66938959,65119667,22161,7933,93,7955,0,0,-18,0,-18,1,1,1,960,544.56,960,544.56,0,0,0,0,0,0,0,0
1182,1457,70457451,70099000,22701,7933,93,7955,0,0,-18,0,-18,1,1,1,960,544.56,960,544.56,0,0,0,0,0,0,0,0
1183,1458,69238543,69343875,22341,7933,96,7955,0,0,-18,0,-18,1,1,1,960,544.56,960,544.56,0,0,0,0,0,0,0,0
1184,1459,69929413,72096417,22225,7933,93,7955,0,0,-18,0,-18,1,1,1,960,544.56,960,544.56,0,0,0,0,0,0,0,0
1185,1460,67646421,65272125,22073,7933,93,7955,0,0,-18,0,-18,1,1,1,960,544.56,960,544.56,0,0,0,0,0,0,0,0
1186,1461,64597956,66574042,22189,7934,94,7956,0,0,-18,0,-18,1,1,1,960,544.56,960,544.56,0,0,0,0,0,0,0,0
1187,1462,69756411,68113000,22161,7933,93,7955,0,0,-18,0,-18,1,1,1,960,544.56,960,544.56,0,0,0,0,0,0,0,0
1188,1463,68051084,69923750,22137,7933,93,7955,0,0,-18,0,-18,1,1,1,960,544.56,960,544.56,0,0,0,0,0,0,0,0
1189,1464,72924293,69203708,22689,7933,93,7955,0,0,-18,0,-18,1,1,1,960,544.56,960,544.56,0,0,0,0,0,0,0,0
1190,1465,71417711,75128708,22441,7933,93,7955,0,0,-18,0,-18,1,1,1,960,544.56,960,544.56,0,0,0,0,0,0,0,0
1191,1466,70706374,68615291,22073,7933,96,7955,0,0,-18,0,-18,1,1,1,960,544.56,960,544.56,0,0,0,0,0,0,0,0
1192,1467,60771916,62783541,22189,7933,93,7955,0,0,-18,0,-18,1,1,1,960,544.56,960,544.56,0,0,0,0,0,0,0,0
1193,1468,62628619,60068709,22161,7933,93,7955,0,0,-18,0,-18,1,1,1,960,544.56,960,544.56,0,0,0,0,0,0,0,0
1194,1469,59757418,62330250,22137,7933,93,7955,0,0,-18,0,-18,1,1,1,960,544.56,960,544.56,0,0,0,0,0,0,0,0
1195,1470,70393837,67999417,22073,7933,93,7955,0,0,-18,0,-18,1,1,1,960,544.56,960,544.56,0,0,0,0,0,0,0,0
1196,1471,67973077,68266375,22841,7933,93,7955,0,0,-18,0,-18,1,1,1,960,544.56,960,544.56,0,0,0,0,0,0,0,0
1197,1472,62124796,62694625,22289,7933,93,7955,0,0,-18,0,-18,1,1,1,960,544.56,960,544.56,0,0,0,0,0,0,0,0
1198,1473,51329661,52458584,22137,7933,96,7955,0,0,-18,0,-18,1,1,1,960,544.56,960,544.56,0,0,0,0,0,0,0,0
1199,1474,51261708,50282334,22161,7933,93,7955,0,0,-18,0,-18,1,1,1,960,544.56,960,544.56,0,0,0,0,0,0,0,0
1200,1475,42888462,44188750,22189,7933,93,7955,0,0,-18,0,-18,1,1,1,960,544.56,960,544.56,0,0,0,0,0,0,0,0
1201,1476,44391497,44438875,22073,7934,94,7956,0,0,-18,0,-18,1,1,1,960,544.56,960,544.56,0,0,0,0,0,0,0,0
1202,1477,42705960,41458917,22073,7933,93,7955,0,0,-18,0,-18,1,1,1,960,544.56,960,544.56,0,0,0,0,0,0,0,0
1203,1478,36619331,37850125,22225,7933,93,7955,0,0,-18,0,-18,1,1,1,960,544.56,960,544.56,0,0,0,0,0,0,0,0
1204,1479,39535585,39545041,22073,7933,93,7955,0,0,-18,0,-18,1,1,1,960,544.56,960,544.56,0,0,0,0,0,0,0,0
1205,1480,39740122,38513250,22125,7933,93,7955,0,0,-18,0,-18,1,1,1,960,544.56,960,544.56,0,0,0,0,0,0,0,0
1206,1481,38629498,39771000,22137,7933,93,7955,0,0,-18,0,-18,1,1,1,960,544.56,960,544.56,0,0,0,0,0,0,0,0
1207,1482,42449172,41273375,22725,7933,93,7955,0,0,-18,0,-18,1,1,1,960,544.56,960,544.56,0,0,0,0,0,0,0,0
1208,1483,45405585,45440667,22289,7933,93,7955,0,0,-18,0,-18,1,1,1,960,544.56,960,544.56,0,0,0,0,0,0,0,0
1209,1484,40533751,41637625,22137,7933,96,7955,0,0,-18,0,-18,1,1,1,960,544.56,960,544.56,0,0,0,0,0,0,0,0
1210,1485,39565745,39487083,22125,7933,93,7955,0,0,-18,0,-18,1,1,1,960,544.56,960,544.56,0,0,0,0,0,0,0,0
1211,1486,41454501,40353708,22161,7933,93,7955,0,0,-18,0,-18,1,1,1,960,544.56,960,544.56,0,0,0,0,0,0,0,0
1212,1487,39480585,40655834,22137,7933,93,7955,0,0,-18,0,-18,1,1,1,960,544.56,960,544.56,0,0,0,0,0,0,0,0
1213,1488,41360545,41285209,22073,7933,93,7955,0,0,-18,0,-18,1,1,1,960,544.56,960,544.56,0,0,0,0,0,0,0,0
1214,1489,41864540,40656500,22073,7933,93,7955,0,0,-18,0,-18,1,1,1,960,544.56,960,544.56,0,0,0,0,0,0,0,0
1215,1490,39793126,40993375,22277,7933,93,7955,0,0,-18,0,-18,1,1,1,960,544.56,960,544.56,0,0,0,0,0,0,0,0
1216,1491,39547789,39527083,22073,7934,94,7956,0,0,-18,0,-18,1,1,1,960,544.56,960,544.56,0,0,0,0,0,0,0,0
1217,1492,41340336,40110541,22073,7933,93,7955,0,0,-18,0,-18,1,1,1,960,544.56,960,544.56,0,0,0,0,0,0,0,0
1218,1493,39657495,40833583,22137,7933,93,7955,0,0,-18,0,-18,1,1,1,960,544.56,960,544.56,0,0,0,0,0,0,0,0
1219,1494,39000835,39005084,22161,7933,93,7955,0,0,-18,0,-18,1,1,1,960,544.56,960,544.56,0,0,0,0,0,0,0,0
1220,1495,45341290,43294417,22689,7933,93,7955,0,0,-18,0,-18,1,1,1,960,544.56,960,544.56,0,0,0,0,0,0,0,0
1221,1496,41179917,43166208,22353,7933,96,7955,0,0,-18,0,-18,1,1,1,960,544.56,960,544.56,0,0,0,0,0,0,0,0
1222,1497,40391582,40374416,22073,7933,93,7955,0,0,-18,0,-18,1,1,1,960,544.56,960,544.56,0,0,0,0,0,0,0,0
1223,1498,46008583,44668417,22161,7933,93,7955,0,0,-18,0,-18,1,1,1,960,544.56,960,544.56,0,0,0,0,0,0,0,0
1224,1499,44046543,45357666,22137,7933,93,7955,0,0,-18,0,-18,1,1,1,960,544.56,960,544.56,0,0,0,0,0,0,0,0
1225,1500,46324998,46296333,22125,7933,93,7955,0,0,-18,0,-18,1,1,1,960,544.56,960,544.56,0,0,0,0,0,0,0,0
1226,1501,47693375,45951708,22073,7933,93,7955,0,0,-18,0,-18,1,1,1,960,544.56,960,544.56,0,0,0,0,0,0,0,0
1227,1502,50023626,51662500,22225,7933,93,7955,0,0,-18,0,-18,1,1,1,960,544.56,960,544.56,0,0,0,0,0,0,0,0
1228,1503,55802006,53849167,22073,7933,93,7955,0,0,-18,0,-18,1,1,1,960,544.56,960,544.56,0,0,0,0,0,0,0,0
1229,1504,63070997,64803125,22137,7933,93,7955,0,0,-18,0,-18,1,1,1,960,544.56,960,544.56,0,0,0,0,0,0,0,0
1230,1505,69659881,66219542,22777,7933,93,7955,0,0,-18,0,-18,1,1,1,960,544.56,960,544.56,0,0,0,0,0,0,0,0
1231,1506,68818867,72306416,22353,7934,94,7956,0,0,-18,0,-18,1,1,1,960,544.56,960,544.56,0,0,0,0,0,0,0,0
1232,1507,69120168,67000791,22073,7933,96,7955,0,0,-18,0,-18,1,1,1,960,544.56,960,544.56,0,0,0,0,0,0,0,0
1233,1508,56903082,59034125,22277,7933,93,7955,0,0,-18,0,-18,1,1,1,960,544.56,960,544.56,0,0,0,0,0,0,0,0
1234,1509,55056504,53363417,22073,7933,93,7955,0,0,-18,0,-18,1,1,1,960,544.56,960,544.56,0,0,0,0,0,0,0,0
1235,1510,58317411,59842458,22137,7933,93,7955,0,0,-18,0,-18,1,1,1,960,544.56,960,544.56,0,0,0,0,0,0,0,0
1236,1511,60957256,59356750,22161,7933,93,7955,0,0,-18,0,-18,1,1,1,960,544.56,960,544.56,0,0,0,0,0,0,0,0
1237,1512,58775331,60392500,22189,7933,93,7955,0,0,-18,0,-18,1,1,1,960,544.56,960,544.56,0,0,0,0,0,0,0,0
1238,1513,65470375,62238500,22637,7933,93,7955,0,0,-18,0,-18,1,1,1,960,544.56,960,544.56,0,0,0,0,0,0,0,0
1239,1514,64578168,67779959,22441,7933,93,7955,0,0,-18,0,-18,1,1,1,960,544.56,960,544.56,0,0,0,0,0,0,0,0
1240,1515,65371625,62814541,22073,7933,96,7955,0,0,-18,0,-18,1,1,1,960,544.56,960,544.56,0,0,0,0,0,0,0,0
1241,1516,59431992,61891584,22189,7933,93,7955,0,0,-18,0,-18,1,1,1,960,544.56,960,544.56,0,0,0,0,0,0,0,0
1242,1517,63953340,62425958,22161,7933,93,7955,0,0,-18,0,-18,1,1,1,960,544.56,960,544.56,0,0,0,0,0,0,0,0
1243,1518,60836996,62420375,22137,7933,93,7955,0,0,-18,0,-18,1,1,1,960,544.56,960,544.56,0,0,0,0,0,0,0,0
1244,1519,63626505,61226375,22073,7933,93,7955,0,0,-18,0,-18,1,1,1,960,544.56,960,544.56,0,0,0,0,0,0,0,0
1245,1520,62135245,64377750,22277,7933,93,7955,0,0,-18,0,-18,1,1,1,960,544.56,960,544.56,0,0,0,0,0,0,0,0
1246,1521,71932330,68146500,22637,7934,94,7956,0,0,-18,0,-18,1,1,1,960,544.56,960,544.56,0,0,0,0,0,0,0,0
1247,1522,68694375,72315334,22353,7933,93,7955,0,0,-18,0,-18,1,1,1,960,544.56,960,544.56,0,0,0,0,0,0,0,0
1248,1523,65254211,63307458,22213,7933,96,7955,0,0,-18,0,-18,1,1,1,960,544.56,960,544.56,0,0,0,0,0,0,0,0
1249,1524,58713711,60816458,22137,7933,93,7955,0,0,-18,0,-18,1,1,1,960,544.56,960,544.56,0,0,0,0,0,0,0,0
1250,1525,58206122,56314166,22073,7933,93,7955,0,0,-18,0,-18,1,1,1,960,544.56,960,544.56,0,0,0,0,0,0,0,0
1251,1526,52898582,54558791,22225,7933,93,7955,0,0,-18,0,-18,1,1,1,960,544.56,960,544.56,0,0,0,0,0,0,0,0
1252,1527,53787004,52356375,22125,7933,93,7955,0,0,-18,0,-18,1,1,1,960,544.56,960,544.56,0,0,0,0,0,0,0,0
1253,1528,54411791,55857375,22137,7933,93,7955,0,0,-18,0,-18,1,1,1,960,544.56,960,544.56,0,0,0,0,0,0,0,0
1254,1529,59898335,56935958,22725,7933,93,7955,0,0,-18,0,-18,1,1,1,960,544.56,960,544.56,0,0,0,0,0,0,0,0
1255,1530,61343826,64201625,22353,7933,93,7955,0,0,-18,0,-18,1,1,1,960,544.56,960,544.56,0,0,0,0,0,0,0,0
1256,1531,55484671,53984125,22125,7933,96,7955,0,0,-18,0,-18,1,1,1,960,544.56,960,544.56,0,0,0,0,0,0,0,0
1257,1532,60704994,62169750,22225,7933,93,7955,0,0,-18,0,-18,1,1,1,960,544.56,960,544.56,0,0,0,0,0,0,0,0
1258,1533,65497785,63230583,22073,7933,93,7955,0,0,-18,0,-18,1,1,1,960,544.56,960,544.56,0,0,0,0,0,0,0,0
1259,1534,57374589,59517125,22137,7933,93,7955,0,0,-18,0,-18,1,1,1,960,544.56,960,544.56,0,0,0,0,0,0,0,0
1260,1535,58814037,57347666,22213,7933,93,7955,0,0,-18,0,-18,1,1,1,960,544.56,960,544.56,0,0,0,0,0,0,0,0
1261,1536,54261416,55688875,22137,7934,94,7956,0,0,-18,0,-18,1,1,1,960,544.56,960,544.56,0,0,0,0,0,0,0,0
1262,1537,59859707,57995875,22073,7933,93,7955,0,0,-18,0,-18,1,1,1,960,544.56,960,544.56,0,0,0,0,0,0,0,0
1263,1538,68736717,68963625,22789,7933,93,7955,0,0,-18,0,-18,1,1,1,960,544.56,960,544.56,0,0,0,0,0,0,0,0
1264,1539,57956747,57885542,22341,7933,96,7955,0,0,-18,0,-18,1,1,1,960,544.56,960,544.56,0,0,0,0,0,0,0,0
1265,1540,55166915,56775375,22137,7933,93,7955,0,0,-18,0,-18,1,1,1,960,544.56,960,544.56,0,0,0,0,0,0,0,0
1266,1541,62314461,60426458,22161,7933,93,7955,0,0,-18,0,-18,1,1,1,960,544.56,960,544.56,0,0,0,0,0,0,0,0
1267,1542,56683540,58630666,22137,7933,93,7955,0,0,-18,0,-18,1,1,1,960,544.56,960,544.56,0,0,0,0,0,0,0,0
1268,1543,62502168,60691208,22125,7933,93,7955,0,0,-18,0,-18,1,1,1,960,544.56,960,544.56,0,0,0,0,0,0,0,0
1269,1544,51038745,52855167,22225,7933,93,7955,0,0,-18,0,-18,1,1,1,960,544.56,960,544.56,0,0,0,0,0,0,0,0
1270,1545,57414505,55645958,22073,7933,93,7955,0,0,-18,0,-18,1,1,1,960,544.56,960,544.56,0,0,0,0,0,0,0,0
1271,1546,53040668,53068875,22701,7933,93,7955,0,0,-18,0,-18,1,1,1,960,544.56,960,544.56,0,0,0,0,0,0,0,0
1272,1547,56360162,56528083,22429,7933,93,7955,0,0,-18,0,-18,1,1,1,960,544.56,960,544.56,0,0,0,0,0,0,0,0
1273,1548,54357957,55747208,22137,7933,96,7955,0,0,-18,0,-18,1,1,1,960,544.56,960,544.56,0,0,0,0,0,0,0,0
1274,1549,68637713,66042000,22073,7933,93,7955,0,0,-18,0,-18,1,1,1,960,544.56,960,544.56,0,0,0,0,0,0,0,0
1275,1550,64141832,66667375,22225,7933,93,7955,0,0,-18,0,-18,1,1,1,960,544.56,960,544.56,0,0,0,0,0,0,0,0
1276,1551,58619458,57080125,22125,7934,94,7956,0,0,-18,0,-18,1,1,1,960,544.56,960,544.56,0,0,0,0,0,0,0,0
1277,1552,50460666,51999334,22137,7933,93,7955,0,0,-18,0,-18,1,1,1,960,544.56,960,544.56,0,0,0,0,0,0,0,0
1278,1553,54294500,52762500,22161,7933,93,7955,0,0,-18,0,-18,1,1,1,960,544.56,960,544.56,0,0,0,0,0,0,0,0
1279,1554,53531754,55073000,22137,7933,93,7955,0,0,-18,0,-18,1,1,1,960,544.56,960,544.56,0,0,0,0,0,0,0,0
1280,1555,56576170,54210792,22689,7933,93,7955,0,0,-18,0,-18,1,1,1,960,544.56,960,544.56,0,0,0,0,0,0,0,0
1281,1556,53442291,55797750,22441,7933,93,7955,0,0,-18,0,-18,1,1,1,960,544.56,960,544.56,0,0,0,0,0,0,0,0
1282,1557,54691582,53129875,22073,7933,96,7955,0,0,-18,0,-18,1,1,1,960,544.56,960,544.56,0,0,0,0,0,0,0,0
1283,1558,51131080,52505875,22137,7933,93,7955,0,0,-18,0,-18,1,1,1,960,544.56,960,544.56,0,0,0,0,0,0,0,0
1284,1559,55013377,53368667,22213,7933,93,7955,0,0,-18,0,-18,1,1,1,960,544.56,960,544.56,0,0,0,0,0,0,0,0
1285,1560,51722541,53479667,22137,7933,93,7955,0,0,-18,0,-18,1,1,1,960,544.56,960,544.56,0,0,0,0,0,0,0,0
1286,1561,68183459,65893084,22073,7933,93,7955,0,0,-18,0,-18,1,1,1,960,544.56,960,544.56,0,0,0,0,0,0,0,0
1287,1562,64615622,66721083,22225,7933,93,7955,0,0,-18,0,-18,1,1,1,960,544.56,960,544.56,0,0,0,0,0,0,0,0
1288,1563,70324078,66511250,22125,7933,93,7955,0,0,-18,0,-18,1,1,1,960,544.56,960,544.56,0,0,0,0,0,0,0,0
1289,1564,68503379,72126250,25037,7933,93,7955,0,0,-18,0,-18,1,1,1,960,544.56,960,544.56,0,0,0,0,0,0,0,0
1290,1565,63562951,61712625,22161,7933,96,7955,0,0,-18,0,-18,1,1,1,960,544.56,960,544.56,0,0,0,0,0,0,0,0
1291,1566,54536338,56563334,22189,7934,94,7956,0,0,-18,0,-18,1,1,1,960,544.56,960,544.56,0,0,0,0,0,0,0,0
1292,1567,56824956,54649750,22073,7933,93,7955,0,0,-18,0,-18,1,1,1,960,544.56,960,544.56,0,0,0,0,0,0,0,0
1293,1568,56314412,58454042,22225,7933,93,7955,0,0,-18,0,-18,1,1,1,960,544.56,960,544.56,0,0,0,0,0,0,0,0
1294,1569,62991507,60634291,22073,7933,93,7955,0,0,-18,0,-18,1,1,1,960,544.56,960,544.56,0,0,0,0,0,0,0,0
1295,1570,59435416,61490208,22189,7933,93,7955,0,0,-18,0,-18,1,1,1,960,544.56,960,544.56,0,0,0,0,0,0,0,0
1296,1571,61606250,59277791,22161,7933,93,7955,0,0,-18,0,-18,1,1,1,960,544.56,960,544.56,0,0,0,0,0,0,0,0
1297,1572,70631623,71115875,22701,7933,93,7955,0,0,-18,0,-18,1,1,1,960,544.56,960,544.56,0,0,0,0,0,0,0,0
1298,1573,67144535,67006084,22289,7933,96,7955,0,0,-18,0,-18,1,1,1,960,544.56,960,544.56,0,0,0,0,0,0,0,0
1299,1574,68251751,70216458,22277,7933,93,7955,0,0,-18,0,-18,1,1,1,960,544.56,960,544.56,0,0,0,0,0,0,0,0
1300,1575,68784832,66514750,22073,7933,93,7955,0,0,-18,0,-18,1,1,1,960,544.56,960,544.56,0,0,0,0,0,0,0,0
1301,1576,67116126,69071292,22137,7933,93,7955,0,0,-18,0,-18,1,1,1,960,544.56,960,544.56,0,0,0,0,0,0,0,0
1302,1577,66580414,65081417,22213,7933,93,7955,0,0,-18,0,-18,1,1,1,960,544.56,960,544.56,0,0,0,0,0,0,0,0
1303,1578,52864123,54726459,22137,7933,93,7955,0,0,-18,0,-18,1,1,1,960,544.56,960,544.56,0,0,0,0,0,0,0,0
1304,1579,54997291,51884458,22073,7933,93,7955,0,0,-18,0,-18,1,1,1,960,544.56,960,544.56,0,0,0,0,0,0,0,0
1305,1580,48238210,51314125,23005,7933,93,7955,0,0,-18,0,-18,1,1,1,960,544.56,960,544.56,0,0,0,0,0,0,0,0
1306,1581,43831001,43874625,22125,7934,97,7956,0,0,-18,0,-18,1,1,1,960,544.56,960,544.56,0,0,0,0,0,0,0,0
1307,1582,40438458,39226417,22073,7933,93,7955,0,0,-18,0,-18,1,1,1,960,544.56,960,544.56,0,0,0,0,0,0,0,0
1308,1583,37181045,38326333,22137,7933,93,7955,0,0,-18,0,-18,1,1,1,960,544.56,960,544.56,0,0,0,0,0,0,0,0
1309,1584,38282122,38079416,22161,7933,93,7955,0,0,-18,0,-18,1,1,1,960,544.56,960,544.56,0,0,0,0,0,0,0,0
1310,1585,39276000,38339792,22073,7933,93,7955,0,0,-18,0,-18,1,1,1,960,544.56,960,544.56,0,0,0,0,0,0,0,0
1311,1586,38444500,39558334,22137,7933,93,7955,0,0,-18,0,-18,1,1,1,960,544.56,960,544.56,0,0,0,0,0,0,0,0
1312,1587,39773456,39754667,22125,7933,93,7955,0,0,-18,0,-18,1,1,1,960,544.56,960,544.56,0,0,0,0,0,0,0,0
1313,1588,42702630,41349917,22161,7933,93,7955,0,0,-18,0,-18,1,1,1,960,544.56,960,544.56,0,0,0,0,0,0,0,0
1314,1589,39187960,40551333,22137,7933,93,7955,0,0,-18,0,-18,1,1,1,960,544.56,960,544.56,0,0,0,0,0,0,0,0
1315,1590,40564659,40509625,22073,7933,93,7955,0,0,-18,0,-18,1,1,1,960,544.56,960,544.56,0,0,0,0,0,0,0,0
1316,1591,42128004,40758875,22073,7933,93,7955,0,0,-18,0,-18,1,1,1,960,544.56,960,544.56,0,0,0,0,0,0,0,0
1317,1592,45130457,45286750,22841,7933,93,7955,0,0,-18,0,-18,1,1,1,960,544.56,960,544.56,0,0,0,0,0,0,0,0
1318,1593,39367206,40530500,22289,7933,96,7955,0,0,-18,0,-18,1,1,1,960,544.56,960,544.56,0,0,0,0,0,0,0,0
1319,1594,41704047,40567291,22073,7933,93,7955,0,0,-18,0,-18,1,1,1,960,544.56,960,544.56,0,0,0,0,0,0,0,0
1320,1595,39909083,40987375,22137,7933,93,7955,0,0,-18,0,-18,1,1,1,960,544.56,960,544.56,0,0,0,0,0,0,0,0
1321,1596,39591494,39565333,22161,7934,94,7956,0,0,-18,0,-18,1,1,1,960,544.56,960,544.56,0,0,0,0,0,0,0,0
1322,1597,41193708,40102625,22125,7933,93,7955,0,0,-18,0,-18,1,1,1,960,544.56,960,544.56,0,0,0,0,0,0,0,0
1323,1598,41399624,42178916,22137,7933,93,7955,0,0,-18,0,-18,1,1,1,960,544.56,960,544.56,0,0,0,0,0,0,0,0
1324,1599,46085041,46268583,22073,7933,93,7955,0,0,-18,0,-18,1,1,1,960,544.56,960,544.56,0,0,0,0,0,0,0,0
1325,1600,45560713,44327666,22161,7933,93,7955,0,0,-18,0,-18,1,1,1,960,544.56,960,544.56,0,0,0,0,0,0,0,0
1326,1601,44514704,45690792,22137,7933,93,7955,0,0,-18,0,-18,1,1,1,960,544.56,960,544.56,0,0,0,0,0,0,0,0
1327,1602,53100332,53116917,22125,7933,93,7955,0,0,-18,0,-18,1,1,1,960,544.56,960,544.56,0,0,0,0,0,0,0,0
1328,1603,62381539,58339125,22637,7933,93,7955,0,0,-18,0,-18,1,1,1,960,544.56,960,544.56,0,0,0,0,0,0,0,0
1329,1604,67911915,71815667,22441,7933,93,7955,0,0,-18,0,-18,1,1,1,960,544.56,960,544.56,0,0,0,0,0,0,0,0
1330,1605,69528296,67659667,22073,7933,96,7955,0,0,-18,0,-18,1,1,1,960,544.56,960,544.56,0,0,0,0,0,0,0,0
1331,1606,64926244,66648084,22189,7933,93,7955,0,0,-18,0,-18,1,1,1,960,544.56,960,544.56,0,0,0,0,0,0,0,0
1332,1607,69623582,67750750,22161,7933,93,7955,0,0,-18,0,-18,1,1,1,960,544.56,960,544.56,0,0,0,0,0,0,0,0
1333,1608,64026042,65909416,22137,7933,93,7955,0,0,-18,0,-18,1,1,1,960,544.56,960,544.56,0,0,0,0,0,0,0,0
1334,1609,70113874,67153417,22125,7933,93,7955,0,0,-18,0,-18,1,1,1,960,544.56,960,544.56,0,0,0,0,0,0,0,0
1335,1610,67143291,68091125,22789,7933,93,7955,0,0,-18,0,-18,1,1,1,960,544.56,960,544.56,0,0,0,0,0,0,0,0
1336,1611,74256837,74014834,22289,7934,94,7956,0,0,-18,0,-18,1,1,1,960,544.56,960,544.56,0,0,0,0,0,0,0,0
1337,1612,62647283,64718000,22189,7933,96,7955,0,0,-18,0,-18,1,1,1,960,544.56,960,544.56,0,0,0,0,0,0,0,0
1338,1613,55921960,54517583,22161,7933,93,7955,0,0,-18,0,-18,1,1,1,960,544.56,960,544.56,0,0,0,0,0,0,0,0
1339,1614,52264958,53752875,22137,7933,93,7955,0,0,-18,0,-18,1,1,1,960,544.56,960,544.56,0,0,0,0,0,0,0,0
1340,1615,54944835,53268875,22073,7933,93,7955,0,0,-18,0,-18,1,1,1,960,544.56,960,544.56,0,0,0,0,0,0,0,0
1341,1616,53378168,55000916,22277,7933,93,7955,0,0,-18,0,-18,1,1,1,960,544.56,960,544.56,0,0,0,0,0,0,0,0
1342,1617,55734999,54276208,22073,7933,93,7955,0,0,-18,0,-18,1,1,1,960,544.56,960,544.56,0,0,0,0,0,0,0,0
1343,1618,52590668,53877875,22137,7933,93,7955,0,0,-18,0,-18,1,1,1,960,544.56,960,544.56,0,0,0,0,0,0,0,0
1344,1619,58061920,55071375,22725,7933,93,7955,0,0,-18,0,-18,1,1,1,960,544.56,960,544.56,0,0,0,0,0,0,0,0
1345,1620,62476288,65492792,22405,7933,93,7955,0,0,-18,0,-18,1,1,1,960,544.56,960,544.56,0,0,0,0,0,0,0,0
1346,1621,63038080,61491750,22073,7933,96,7955,0,0,-18,0,-18,1,1,1,960,544.56,960,544.56,0,0,0,0,0,0,0,0
1347,1622,52254337,53849333,22225,7933,93,7955,0,0,-18,0,-18,1,1,1,960,544.56,960,544.56,0,0,0,0,0,0,0,0
1348,1623,51948957,50458750,22073,7933,93,7955,0,0,-18,0,-18,1,1,1,960,544.56,960,544.56,0,0,0,0,0,0,0,0
1349,1624,42398538,43923292,22189,7933,93,7955,0,0,-18,0,-18,1,1,1,960,544.56,960,544.56,0,0,0,0,0,0,0,0
1350,1625,44277124,44175500,22073,7933,93,7955,0,0,-18,0,-18,1,1,1,960,544.56,960,544.56,0,0,0,0,0,0,0,0
1351,1626,43947957,42736250,22161,7934,94,7956,0,0,-18,0,-18,1,1,1,960,544.56,960,544.56,0,0,0,0,0,0,0,0
1352,1627,42858496,44120209,22137,7933,93,7955,0,0,-18,0,-18,1,1,1,960,544.56,960,544.56,0,0,0,0,0,0,0,0
1353,1628,42220167,42194000,22073,7933,93,7955,0,0,-18,0,-18,1,1,1,960,544.56,960,544.56,0,0,0,0,0,0,0,0
1354,1629,47065999,44570792,22689,7933,93,7955,0,0,-18,0,-18,1,1,1,960,544.56,960,544.56,0,0,0,0,0,0,0,0
1355,1630,47159291,49631834,22441,7933,93,7955,0,0,-18,0,-18,1,1,1,960,544.56,960,544.56,0,0,0,0,0,0,0,0
1356,1631,45961458,45901667,22073,7933,96,7955,0,0,-18,0,-18,1,1,1,960,544.56,960,544.56,0,0,0,0,0,0,0,0
1357,1632,54073583,52573375,22073,7933,93,7955,0,0,-18,0,-18,1,1,1,960,544.56,960,544.56,0,0,0,0,0,0,0,0
1358,1633,59897251,60923959,22137,7933,93,7955,0,0,-18,0,-18,1,1,1,960,544.56,960,544.56,0,0,0,0,0,0,0,0
1359,1634,67758336,65913666,22213,7933,93,7955,0,0,-18,0,-18,1,1,1,960,544.56,960,544.56,0,0,0,0,0,0,0,0
1360,1635,66614247,68644667,22137,7933,93,7955,0,0,-18,0,-18,1,1,1,960,544.56,960,544.56,0,0,0,0,0,0,0,0
1361,1636,70290461,67845834,22073,7933,93,7955,0,0,-18,0,-18,1,1,1,960,544.56,960,544.56,0,0,0,0,0,0,0,0
1362,1637,68272292,70615083,22277,7933,93,7955,0,0,-18,0,-18,1,1,1,960,544.56,960,544.56,0,0,0,0,0,0,0,0
1363,1638,75600497,72043750,22637,7933,93,7955,0,0,-18,0,-18,1,1,1,960,544.56,960,544.56,0,0,0,0,0,0,0,0
1364,1639,65085500,68580625,22353,7933,96,7955,0,0,-18,0,-18,1,1,1,960,544.56,960,544.56,0,0,0,0,0,0,0,0
1365,1640,71225494,68932458,22213,7933,93,7955,0,0,-18,0,-18,1,1,1,960,544.56,960,544.56,0,0,0,0,0,0,0,0
1366,1641,65618671,67587541,22137,7934,94,7956,0,0,-18,0,-18,1,1,1,960,544.56,960,544.56,0,0,0,0,0,0,0,0
1367,1642,71991831,69877083,22073,7933,93,7955,0,0,-18,0,-18,1,1,1,960,544.56,960,544.56,0,0,0,0,0,0,0,0
1368,1643,65993085,68252208,22277,7933,93,7955,0,0,-18,0,-18,1,1,1,960,544.56,960,544.56,0,0,0,0,0,0,0,0
1369,1644,69292210,67841500,22073,7933,93,7955,0,0,-18,0,-18,1,1,1,960,544.56,960,544.56,0,0,0,0,0,0,0,0
1370,1645,66925451,66375750,22701,7933,93,7955,0,0,-18,0,-18,1,1,1,960,544.56,960,544.56,0,0,0,0,0,0,0,0
1371,1646,58458171,58696375,22429,7933,96,7955,0,0,-18,0,-18,1,1,1,960,544.56,960,544.56,0,0,0,0,0,0,0,0
1372,1647,61217203,63038042,22137,7933,93,7955,0,0,-18,0,-18,1,1,1,960,544.56,960,544.56,0,0,0,0,0,0,0,0
1373,1648,62862917,60947417,22073,7933,93,7955,0,0,-18,0,-18,1,1,1,960,544.56,960,544.56,0,0,0,0,0,0,0,0
1374,1649,56973043,58905541,22225,7933,93,7955,0,0,-18,0,-18,1,1,1,960,544.56,960,544.56,0,0,0,0,0,0,0,0
1375,1650,54321542,52767708,22125,7933,93,7955,0,0,-18,0,-18,1,1,1,960,544.56,960,544.56,0,0,0,0,0,0,0,0
1376,1651,50479415,51909458,22137,7933,93,7955,0,0,-18,0,-18,1,1,1,960,544.56,960,544.56,0,0,0,0,0,0,0,0
1377,1652,50237704,49020625,22161,7933,93,7955,0,0,-18,0,-18,1,1,1,960,544.56,960,544.56,0,0,0,0,0,0,0,0
1378,1653,42167544,43526417,22137,7933,93,7955,0,0,-18,0,-18,1,1,1,960,544.56,960,544.56,0,0,0,0,0,0,0,0
1379,1654,45510835,44342084,22637,7933,93,7955,0,0,-18,0,-18,1,1,1,960,544.56,960,544.56,0,0,0,0,0,0,0,0
1380,1655,38762498,38706833,22341,7933,96,7955,0,0,-18,0,-18,1,1,1,960,544.56,960,544.56,0,0,0,0,0,0,0,0
1381,1656,37001453,38176125,22225,7934,94,7956,0,0,-18,0,-18,1,1,1,960,544.56,960,544.56,0,0,0,0,0,0,0,0
1382,1657,37962500,37932875,22073,7933,93,7955,0,0,-18,0,-18,1,1,1,960,544.56,960,544.56,0,0,0,0,0,0,0,0
1383,1658,39236962,38045459,22073,7933,93,7955,0,0,-18,0,-18,1,1,1,960,544.56,960,544.56,0,0,0,0,0,0,0,0
1384,1659,38081120,39203375,22137,7933,93,7955,0,0,-18,0,-18,1,1,1,960,544.56,960,544.56,0,0,0,0,0,0,0,0
1385,1660,40700171,40517167,22161,7933,93,7955,0,0,-18,0,-18,1,1,1,960,544.56,960,544.56,0,0,0,0,0,0,0,0
1386,1661,43123163,42168375,22125,7933,93,7955,0,0,-18,0,-18,1,1,1,960,544.56,960,544.56,0,0,0,0,0,0,0,0
1387,1662,39306916,40474792,22137,7933,93,7955,0,0,-18,0,-18,1,1,1,960,544.56,960,544.56,0,0,0,0,0,0,0,0
1388,1663,40836960,40737291,22073,7933,93,7955,0,0,-18,0,-18,1,1,1,960,544.56,960,544.56,0,0,0,0,0,0,0,0
1389,1664,43943248,42415542,22161,7933,93,7955,0,0,-18,0,-18,1,1,1,960,544.56,960,544.56,0,0,0,0,0,0,0,0
1390,1665,44523626,46033458,22137,7933,93,7955,0,0,-18,0,-18,1,1,1,960,544.56,960,544.56,0,0,0,0,0,0,0,0
1391,1666,46204295,44852250,22689,7933,93,7955,0,0,-18,0,-18,1,1,1,960,544.56,960,544.56,0,0,0,0,0,0,0,0
1392,1667,50920832,50606167,22289,7933,93,7955,0,0,-18,0,-18,1,1,1,960,544.56,960,544.56,0,0,0,0,0,0,0,0
1393,1668,52414625,53960542,22225,7933,96,7955,0,0,-18,0,-18,1,1,1,960,544.56,960,544.56,0,0,0,0,0,0,0,0
1394,1669,66733583,64540291,22073,7933,93,7955,0,0,-18,0,-18,1,1,1,960,544.56,960,544.56,0,0,0,0,0,0,0,0
1395,1670,65853036,67743833,22189,7933,93,7955,0,0,-18,0,-18,1,1,1,960,544.56,960,544.56,0,0,0,0,0,0,0,0
1396,1671,68373501,66262250,22161,7934,94,7956,0,0,-18,0,-18,1,1,1,960,544.56,960,544.56,0,0,0,0,0,0,0,0
1397,1672,64679712,66862125,22137,7933,93,7955,0,0,-18,0,-18,1,1,1,960,544.56,960,544.56,0,0,0,0,0,0,0,0
1398,1673,67357331,65342750,34649,7933,93,7955,0,0,-18,0,-18,1,1,1,960,544.56,960,544.56,0,0,0,0,0,0,0,0
1399,1674,59987287,60452541,22789,7933,93,7955,0,0,-18,0,-18,1,1,1,960,544.56,960,544.56,0,0,0,0,0,0,0,0
1400,1675,60595296,60167959,22289,7933,93,7955,0,0,-18,0,-18,1,1,1,960,544.56,960,544.56,0,0,0,0,0,0,0,0
1401,1676,58956786,60794625,22137,7933,96,7955,0,0,-18,0,-18,1,1,1,960,544.56,960,544.56,0,0,0,0,0,0,0,0
1402,1677,63958793,62489667,22213,7933,93,7955,0,0,-18,0,-18,1,1,1,960,544.56,960,544.56,0,0,0,0,0,0,0,0
1403,1678,56534919,58054459,22137,7933,93,7955,0,0,-18,0,-18,1,1,1,960,544.56,960,544.56,0,0,0,0,0,0,0,0
1404,1679,56796371,55032958,22073,7933,93,7955,0,0,-18,0,-18,1,1,1,960,544.56,960,544.56,0,0,0,0,0,0,0,0
1405,1680,52585955,54371375,22225,7933,93,7955,0,0,-18,0,-18,1,1,1,960,544.56,960,544.56,0,0,0,0,0,0,0,0
1406,1681,63023045,61037083,22125,7933,93,7955,0,0,-18,0,-18,1,1,1,960,544.56,960,544.56,0,0,0,0,0,0,0,0
1407,1682,53323540,55217083,22137,7933,93,7955,0,0,-18,0,-18,1,1,1,960,544.56,960,544.56,0,0,0,0,0,0,0,0
1408,1683,63344500,60124583,22725,7933,93,7955,0,0,-18,0,-18,1,1,1,960,544.56,960,544.56,0,0,0,0,0,0,0,0
1409,1684,51696080,54939500,22353,7933,96,7955,0,0,-18,0,-18,1,1,1,960,544.56,960,544.56,0,0,0,0,0,0,0,0
1410,1685,55382292,53751041,22125,7933,93,7955,0,0,-18,0,-18,1,1,1,960,544.56,960,544.56,0,0,0,0,0,0,0,0
1411,1686,54065085,55595625,22225,7934,94,7956,0,0,-18,0,-18,1,1,1,960,544.56,960,544.56,0,0,0,0,0,0,0,0
1412,1687,59653166,57864000,22073,7933,93,7955,0,0,-18,0,-18,1,1,1,960,544.56,960,544.56,0,0,0,0,0,0,0,0
1413,1688,55911209,57567375,22137,7933,93,7955,0,0,-18,0,-18,1,1,1,960,544.56,960,544.56,0,0,0,0,0,0,0,0
1414,1689,60565993,59161333,22213,7933,93,7955,0,0,-18,0,-18,1,1,1,960,544.56,960,544.56,0,0,0,0,0,0,0,0
1415,1690,53457461,54958250,22137,7933,93,7955,0,0,-18,0,-18,1,1,1,960,544.56,960,544.56,0,0,0,0,0,0,0,0
1416,1691,53006291,51353291,22073,7933,93,7955,0,0,-18,0,-18,1,1,1,960,544.56,960,544.56,0,0,0,0,0,0,0,0
1417,1692,56195542,56119458,22789,7933,93,7955,0,0,-18,0,-18,1,1,1,960,544.56,960,544.56,0,0,0,0,0,0,0,0
1418,1693,45791119,46091625,22341,7933,96,7955,0,0,-18,0,-18,1,1,1,960,544.56,960,544.56,0,0,0,0,0,0,0,0
1419,1694,43593294,44979041,22137,7933,93,7955,0,0,-18,0,-18,1,1,1,960,544.56,960,544.56,0,0,0,0,0,0,0,0
1420,1695,46054746,45950459,22073,7933,93,7955,0,0,-18,0,-18,1,1,1,960,544.56,960,544.56,0,0,0,0,0,0,0,0
1421,1696,52106037,50594333,22161,7933,93,7955,0,0,-18,0,-18,1,1,1,960,544.56,960,544.56,0,0,0,0,0,0,0,0
1422,1697,51450919,52672458,22137,7933,93,7955,0,0,-18,0,-18,1,1,1,960,544.56,960,544.56,0,0,0,0,0,0,0,0
1423,1698,54826792,53479917,22125,7933,93,7955,0,0,-18,0,-18,1,1,1,960,544.56,960,544.56,0,0,0,0,0,0,0,0
1424,1699,52460663,53972292,22225,7933,93,7955,0,0,-18,0,-18,1,1,1,960,544.56,960,544.56,0,0,0,0,0,0,0,0
1425,1700,67940294,66021166,22073,7933,93,7955,0,0,-18,0,-18,1,1,1,960,544.56,960,544.56,0,0,0,0,0,0,0,0
1426,1701,66506378,65891208,22701,7934,94,7956,0,0,-18,0,-18,1,1,1,960,544.56,960,544.56,0,0,0,0,0,0,0,0
1427,1702,69994702,70394041,22429,7933,93,7955,0,0,-18,0,-18,1,1,1,960,544.56,960,544.56,0,0,0,0,0,0,0,0
1428,1703,60938294,62739417,22137,7933,96,7955,0,0,-18,0,-18,1,1,1,960,544.56,960,544.56,0,0,0,0,0,0,0,0
1429,1704,62631204,60848666,22073,7933,93,7955,0,0,-18,0,-18,1,1,1,960,544.56,960,544.56,0,0,0,0,0,0,0,0
1430,1705,65901704,67832500,22225,7933,93,7955,0,0,-18,0,-18,1,1,1,960,544.56,960,544.56,0,0,0,0,0,0,0,0
1431,1706,68370878,66381166,22125,7933,93,7955,0,0,-18,0,-18,1,1,1,960,544.56,960,544.56,0,0,0,0,0,0,0,0
1432,1707,64846329,66628541,22137,7933,93,7955,0,0,-18,0,-18,1,1,1,960,544.56,960,544.56,0,0,0,0,0,0,0,0
1433,1708,64054422,62595875,22161,7933,93,7955,0,0,-18,0,-18,1,1,1,960,544.56,960,544.56,0,0,0,0,0,0,0,0
1434,1709,64202286,64032917,22701,7933,93,7955,0,0,-18,0,-18,1,1,1,960,544.56,960,544.56,0,0,0,0,0,0,0,0
1435,1710,57965122,58111000,22341,7933,96,7955,0,0,-18,0,-18,1,1,1,960,544.56,960,544.56,0,0,0,0,0,0,0,0
1436,1711,58387670,59868208,22225,7933,93,7955,0,0,-18,0,-18,1,1,1,960,544.56,960,544.56,0,0,0,0,0,0,0,0
1437,1712,65148703,62749958,22073,7933,93,7955,0,0,-18,0,-18,1,1,1,960,544.56,960,544.56,0,0,0,0,0,0,0,0
1438,1713,58400340,60735000,22137,7933,93,7955,0,0,-18,0,-18,1,1,1,960,544.56,960,544.56,0,0,0,0,0,0,0,0
1439,1714,58807164,57211083,22213,7933,93,7955,0,0,-18,0,-18,1,1,1,960,544.56,960,544.56,0,0,0,0,0,0,0,0
1440,1715,56391913,58043916,22137,7933,93,7955,0,0,-18,0,-18,1,1,1,960,544.56,960,544.56,0,0,0,0,0,0,0,0
1441,1716,55958248,54329583,22073,7934,94,7956,0,0,-18,0,-18,1,1,1,960,544.56,960,544.56,0,0,0,0,0,0,0,0
1442,1717,54316170,54295708,22789,7933,93,7955,0,0,-18,0,-18,1,1,1,960,544.56,960,544.56,0,0,0,0,0,0,0,0
1443,1718,56095123,56127833,22341,7933,93,7955,0,0,-18,0,-18,1,1,1,960,544.56,960,544.56,0,0,0,0,0,0,0,0
1444,1719,45117419,46665000,22137,7933,96,7955,0,0,-18,0,-18,1,1,1,960,544.56,960,544.56,0,0,0,0,0,0,0,0
1445,1720,43673872,43677792,22161,7933,93,7955,0,0,-18,0,-18,1,1,1,960,544.56,960,544.56,0,0,0,0,0,0,0,0
1446,1721,42391538,41245500,22073,7933,93,7955,0,0,-18,0,-18,1,1,1,960,544.56,960,544.56,0,0,0,0,0,0,0,0
1447,1722,37293210,38412083,22137,7933,93,7955,0,0,-18,0,-18,1,1,1,960,544.56,960,544.56,0,0,0,0,0,0,0,0
1448,1723,38382753,38356583,22125,7933,93,7955,0,0,-18,0,-18,1,1,1,960,544.56,960,544.56,0,0,0,0,0,0,0,0
1449,1724,39418417,38288292,22161,7933,93,7955,0,0,-18,0,-18,1,1,1,960,544.56,960,544.56,0,0,0,0,0,0,0,0
1450,1725,37310793,38456875,22137,7933,93,7955,0,0,-18,0,-18,1,1,1,960,544.56,960,544.56,0,0,0,0,0,0,0,0
1451,1726,39812244,39769750,22073,7933,93,7955,0,0,-18,0,-18,1,1,1,960,544.56,960,544.56,0,0,0,0,0,0,0,0
1452,1727,41690956,40486916,22073,7933,93,7955,0,0,-18,0,-18,1,1,1,960,544.56,960,544.56,0,0,0,0,0,0,0,0
1453,1728,39790794,40952500,22225,7933,93,7955,0,0,-18,0,-18,1,1,1,960,544.56,960,544.56,0,0,0,0,0,0,0,0
1454,1729,41943706,40644083,22689,7933,93,7955,0,0,-18,0,-18,1,1,1,960,544.56,960,544.56,0,0,0,0,0,0,0,0
1455,1730,45148078,45284042,22289,7933,93,7955,0,0,-18,0,-18,1,1,1,960,544.56,960,544.56,0,0,0,0,0,0,0,0
1456,1731,37781666,38843625,22137,7934,97,7956,0,0,-18,0,-18,1,1,1,960,544.56,960,544.56,0,0,0,0,0,0,0,0
1457,1732,40220499,40278709,22161,7933,93,7955,0,0,-18,0,-18,1,1,1,960,544.56,960,544.56,0,0,0,0,0,0,0,0
1458,1733,41801836,40668792,22073,7933,93,7955,0,0,-18,0,-18,1,1,1,960,544.56,960,544.56,0,0,0,0,0,0,0,0
1459,1734,38973625,40045166,22189,7933,93,7955,0,0,-18,0,-18,1,1,1,960,544.56,960,544.56,0,0,0,0,0,0,0,0
1460,1735,42250957,42221083,22073,7933,93,7955,0,0,-18,0,-18,1,1,1,960,544.56,960,544.56,0,0,0,0,0,0,0,0
1461,1736,42542211,41123625,22161,7933,93,7955,0,0,-18,0,-18,1,1,1,960,544.56,960,544.56,0,0,0,0,0,0,0,0
1462,1737,39372369,40738500,22137,7933,93,7955,0,0,-18,0,-18,1,1,1,960,544.56,960,544.56,0,0,0,0,0,0,0,0
1463,1738,44934544,44913125,22073,7933,93,7955,0,0,-18,0,-18,1,1,1,960,544.56,960,544.56,0,0,0,0,0,0,0,0
1464,1739,45977536,44407208,22125,7933,93,7955,0,0,-18,0,-18,1,1,1,960,544.56,960,544.56,0,0,0,0,0,0,0,0
1465,1740,44259835,45830458,22225,7933,93,7955,0,0,-18,0,-18,1,1,1,960,544.56,960,544.56,0,0,0,0,0,0,0,0
1466,1741,53976956,52163041,22637,7933,93,7955,0,0,-18,0,-18,1,1,1,960,544.56,960,544.56,0,0,0,0,0,0,0,0
1467,1742,59081751,58642458,22289,7933,93,7955,0,0,-18,0,-18,1,1,1,960,544.56,960,544.56,0,0,0,0,0,0,0,0
1468,1743,64064078,66102208,22277,7933,96,7955,0,0,-18,0,-18,1,1,1,960,544.56,960,544.56,0,0,0,0,0,0,0,0
1469,1744,68977631,66811167,22073,7933,93,7955,0,0,-18,0,-18,1,1,1,960,544.56,960,544.56,0,0,0,0,0,0,0,0
1470,1745,66609911,68598375,22137,7933,93,7955,0,0,-18,0,-18,1,1,1,960,544.56,960,544.56,0,0,0,0,0,0,0,0
1471,1746,70509172,68292292,22213,7934,94,7956,0,0,-18,0,-18,1,1,1,960,544.56,960,544.56,0,0,0,0,0,0,0,0
1472,1747,66933669,69040167,22137,7933,93,7955,0,0,-18,0,-18,1,1,1,960,544.56,960,544.56,0,0,0,0,0,0,0,0
1473,1748,70022828,68121042,22073,7933,93,7955,0,0,-18,0,-18,1,1,1,960,544.56,960,544.56,0,0,0,0,0,0,0,0
1474,1749,73134832,73157208,22841,7933,93,7955,0,0,-18,0,-18,1,1,1,960,544.56,960,544.56,0,0,0,0,0,0,0,0
1475,1750,67670874,67855375,22289,7933,96,7955,0,0,-18,0,-18,1,1,1,960,544.56,960,544.56,0,0,0,0,0,0,0,0
1476,1751,59416666,61072209,22137,7933,93,7955,0,0,-18,0,-18,1,1,1,960,544.56,960,544.56,0,0,0,0,0,0,0,0
1477,1752,61912577,60036667,22213,7933,93,7955,0,0,-18,0,-18,1,1,1,960,544.56,960,544.56,0,0,0,0,0,0,0,0
1478,1753,61383504,63278958,22137,7933,93,7955,0,0,-18,0,-18,1,1,1,960,544.56,960,544.56,0,0,0,0,0,0,0,0
1479,1754,65114252,63465000,22275,7933,93,7955,0,0,-18,0,-18,1,1,1,960,544.56,960,544.56,0,0,0,0,0,0,0,0
1480,1755,64122743,65739541,22225,7933,93,7955,0,0,-18,0,-18,1,1,1,960,544.56,960,544.56,0,0,0,0,0,0,0,0
1481,1756,69021798,65542833,22689,7933,93,7955,0,0,-18,0,-18,1,1,1,960,544.56,960,544.56,0,0,0,0,0,0,0,0
1482,1757,69360867,72637542,22353,7933,93,7955,0,0,-18,0,-18,1,1,1,960,544.56,960,544.56,0,0,0,0,0,0,0,0
1483,1758,58127295,56474625,22161,7933,96,7955,0,0,-18,0,-18,1,1,1,960,544.56,960,544.56,0,0,0,0,0,0,0,0
1484,1759,59201288,60945542,22137,7933,93,7955,0,0,-18,0,-18,1,1,1,960,544.56,960,544.56,0,0,0,0,0,0,0,0
1485,1760,57642459,56073417,22125,7933,93,7955,0,0,-18,0,-18,1,1,1,960,544.56,960,544.56,0,0,0,0,0,0,0,0
1486,1761,53207162,54808250,22225,7934,94,7956,0,0,-18,0,-18,1,1,1,960,544.56,960,544.56,0,0,0,0,0,0,0,0
1487,1762,53653124,52057000,22073,7933,93,7955,0,0,-18,0,-18,1,1,1,960,544.56,960,544.56,0,0,0,0,0,0,0,0
1488,1763,50641249,52070875,22137,7933,93,7955,0,0,-18,0,-18,1,1,1,960,544.56,960,544.56,0,0,0,0,0,0,0,0
1489,1764,44703748,44874167,22213,7933,93,7955,0,0,-18,0,-18,1,1,1,960,544.56,960,544.56,0,0,0,0,0,0,0,0
1490,1765,45621462,43244167,22637,7933,93,7955,0,0,-18,0,-18,1,1,1,960,544.56,960,544.56,0,0,0,0,0,0,0,0
1491,1766,43389413,45741625,22353,7933,93,7955,0,0,-18,0,-18,1,1,1,960,544.56,960,544.56,0,0,0,0,0,0,0,0
1492,1767,37958707,37881584,22073,7933,96,7955,0,0,-18,0,-18,1,1,1,960,544.56,960,544.56,0,0,0,0,0,0,0,0
1493,1768,39275664,38133000,22161,7933,93,7955,0,0,-18,0,-18,1,1,1,960,544.56,960,544.56,0,0,0,0,0,0,0,0
1494,1769,37011835,38147834,22189,7933,93,7955,0,0,-18,0,-18,1,1,1,960,544.56,960,544.56,0,0,0,0,0,0,0,0
1495,1770,39871543,39795250,22073,7933,93,7955,0,0,-18,0,-18,1,1,1,960,544.56,960,544.56,0,0,0,0,0,0,0,0
1496,1771,41056003,39876792,22073,7933,93,7955,0,0,-18,0,-18,1,1,1,960,544.56,960,544.56,0,0,0,0,0,0,0,0
1497,1772,39703875,40932583,22523,7933,93,7955,0,0,-18,0,-18,1,1,1,960,544.56,960,544.56,0,0,0,0,0,0,0,0
1498,1773,39422832,39105875,22073,7933,93,7955,0,0,-18,0,-18,1,1,1,960,544.56,960,544.56,0,0,0,0,0,0,0,0
1499,1774,41047748,40153291,22073,7933,93,7955,0,0,-18,0,-18,1,1,1,960,544.56,960,544.56,0,0,0,0,0,0,0,0
1500,1775,39609503,40696417,22189,7933,93,7955,0,0,-18,0,-18,1,1,1,960,544.56,960,544.56,0,0,0,0,0,0,0,0
1501,1776,40943954,41003541,22161,7934,94,7956,0,0,-18,0,-18,1,1,1,960,544.56,960,544.56,0,0,0,0,0,0,0,0
1502,1777,42056087,40699750,22073,7933,93,7955,0,0,-18,0,-18,1,1,1,960,544.56,960,544.56,0,0,0,0,0,0,0,0
1503,1778,43852169,43830959,22701,7933,93,7955,0,0,-18,0,-18,1,1,1,960,544.56,960,544.56,0,0,0,0,0,0,0,0
1504,1779,39271619,40415792,22289,7933,96,7955,0,0,-18,0,-18,1,1,1,960,544.56,960,544.56,0,0,0,0,0,0,0,0
1505,1780,41716624,40750875,22213,7933,93,7955,0,0,-18,0,-18,1,1,1,960,544.56,960,544.56,0,0,0,0,0,0,0,0
1506,1781,38071669,39143375,22137,7933,93,7955,0,0,-18,0,-18,1,1,1,960,544.56,960,544.56,0,0,0,0,0,0,0,0
1507,1782,41018623,41023334,22073,7933,93,7955,0,0,-18,0,-18,1,1,1,960,544.56,960,544.56,0,0,0,0,0,0,0,0
1508,1783,41692543,40458917,22073,7933,93,7955,0,0,-18,0,-18,1,1,1,960,544.56,960,544.56,0,0,0,0,0,0,0,0
1509,1784,39335791,40540542,22225,7933,93,7955,0,0,-18,0,-18,1,1,1,960,544.56,960,544.56,0,0,0,0,0,0,0,0
1510,1785,42551331,42387709,22125,7933,93,7955,0,0,-18,0,-18,1,1,1,960,544.56,960,544.56,0,0,0,0,0,0,0,0
1511,1786,47191418,45958125,22073,7933,93,7955,0,0,-18,0,-18,1,1,1,960,544.56,960,544.56,0,0,0,0,0,0,0,0
1512,1787,44155415,45296042,22137,7933,93,7955,0,0,-18,0,-18,1,1,1,960,544.56,960,544.56,0,0,0,0,0,0,0,0
1513,1788,49073044,49077583,22161,7933,93,7955,0,0,-18,0,-18,1,1,1,960,544.56,960,544.56,0,0,0,0,0,0,0,0
1514,1789,55025495,52276875,22637,7933,93,7955,0,0,-18,0,-18,1,1,1,960,544.56,960,544.56,0,0,0,0,0,0,0,0
1515,1790,66647127,69249250,22405,7933,93,7955,0,0,-18,0,-18,1,1,1,960,544.56,960,544.56,0,0,0,0,0,0,0,0
1516,1791,68040661,66203209,22161,7934,97,7956,0,0,-18,0,-18,1,1,1,960,544.56,960,544.56,0,0,0,0,0,0,0,0
1517,1792,63451714,65236959,22137,7933,93,7955,0,0,-18,0,-18,1,1,1,960,544.56,960,544.56,0,0,0,0,0,0,0,0
1518,1793,67539617,66096292,22125,7933,93,7955,0,0,-18,0,-18,1,1,1,960,544.56,960,544.56,0,0,0,0,0,0,0,0
1519,1794,59328209,60690292,22225,7933,93,7955,0,0,-18,0,-18,1,1,1,960,544.56,960,544.56,0,0,0,0,0,0,0,0
1520,1795,63958957,62510542,22073,7933,93,7955,0,0,-18,0,-18,1,1,1,960,544.56,960,544.56,0,0,0,0,0,0,0,0
1521,1796,54818004,56082583,22137,7933,93,7955,0,0,-18,0,-18,1,1,1,960,544.56,960,544.56,0,0,0,0,0,0,0,0
1522,1797,65521039,62608833,22777,7933,93,7955,0,0,-18,0,-18,1,1,1,960,544.56,960,544.56,0,0,0,0,0,0,0,0
1523,1798,61396371,64558250,22353,7933,93,7955,0,0,-18,0,-18,1,1,1,960,544.56,960,544.56,0,0,0,0,0,0,0,0
1524,1799,60366753,58748500,22073,7933,96,7955,0,0,-18,0,-18,1,1,1,960,544.56,960,544.56,0,0,0,0,0,0,0,0
1525,1800,56226376,57803333,22225,7933,93,7955,0,0,-18,0,-18,1,1,1,960,544.56,960,544.56,0,0,0,0,0,0,0,0
1526,1801,58069124,56539250,22125,7933,93,7955,0,0,-18,0,-18,1,1,1,960,544.56,960,544.56,0,0,0,0,0,0,0,0
1527,1802,54918546,56329833,22137,7933,93,7955,0,0,-18,0,-18,1,1,1,960,544.56,960,544.56,0,0,0,0,0,0,0,0
1528,1803,54934043,53216875,22161,7933,93,7955,0,0,-18,0,-18,1,1,1,960,544.56,960,544.56,0,0,0,0,0,0,0,0
1529,1804,57123370,58787833,22137,7933,93,7955,0,0,-18,0,-18,1,1,1,960,544.56,960,544.56,0,0,0,0,0,0,0,0
1530,1805,66101923,63725958,22125,7933,93,7955,0,0,-18,0,-18,1,1,1,960,544.56,960,544.56,0,0,0,0,0,0,0,0
1531,1806,72206832,72644959,22789,7934,94,7956,0,0,-18,0,-18,1,1,1,960,544.56,960,544.56,0,0,0,0,0,0,0,0
1532,1807,67784376,67537333,22289,7933,96,7955,0,0,-18,0,-18,1,1,1,960,544.56,960,544.56,0,0,0,0,0,0,0,0
1533,1808,65514586,67486917,22189,7933,93,7955,0,0,-18,0,-18,1,1,1,960,544.56,960,544.56,0,0,0,0,0,0,0,0
1534,1809,65150126,63774125,22161,7933,93,7955,0,0,-18,0,-18,1,1,1,960,544.56,960,544.56,0,0,0,0,0,0,0,0
1535,1810,52800707,54339917,22137,7933,93,7955,0,0,-18,0,-18,1,1,1,960,544.56,960,544.56,0,0,0,0,0,0,0,0
1536,1811,53804542,51863584,22073,7933,93,7955,0,0,-18,0,-18,1,1,1,960,544.56,960,544.56,0,0,0,0,0,0,0,0
1537,1812,49157872,51091042,22277,7933,93,7955,0,0,-18,0,-18,1,1,1,960,544.56,960,544.56,0,0,0,0,0,0,0,0
1538,1813,43206334,43212291,22073,7933,93,7955,0,0,-18,0,-18,1,1,1,960,544.56,960,544.56,0,0,0,0,0,0,0,0
1539,1814,44568248,42463750,22637,7933,93,7955,0,0,-18,0,-18,1,1,1,960,544.56,960,544.56,0,0,0,0,0,0,0,0
1540,1815,41830711,43898125,22353,7933,93,7955,0,0,-18,0,-18,1,1,1,960,544.56,960,544.56,0,0,0,0,0,0,0,0
1541,1816,38845125,38867916,22161,7933,96,7955,0,0,-18,0,-18,1,1,1,960,544.56,960,544.56,0,0,0,0,0,0,0,0
1542,1817,38956206,37789916,22125,7933,93,7955,0,0,-18,0,-18,1,1,1,960,544.56,960,544.56,0,0,0,0,0,0,0,0
1543,1818,36900792,38026500,22137,7933,93,7955,0,0,-18,0,-18,1,1,1,960,544.56,960,544.56,0,0,0,0,0,0,0,0
1544,1819,39890829,39823209,22073,7933,93,7955,0,0,-18,0,-18,1,1,1,960,544.56,960,544.56,0,0,0,0,0,0,0,0
1545,1820,42426288,41286084,22161,7933,93,7955,0,0,-18,0,-18,1,1,1,960,544.56,960,544.56,0,0,0,0,0,0,0,0
1546,1821,39664626,40837458,22137,7934,94,7956,0,0,-18,0,-18,1,1,1,960,544.56,960,544.56,0,0,0,0,0,0,0,0
1547,1822,40579378,40527750,22073,7933,93,7955,0,0,-18,0,-18,1,1,1,960,544.56,960,544.56,0,0,0,0,0,0,0,0
1548,1823,40694084,39364542,22125,7933,93,7955,0,0,-18,0,-18,1,1,1,960,544.56,960,544.56,0,0,0,0,0,0,0,0
1549,1824,38954373,40289000,22225,7933,93,7955,0,0,-18,0,-18,1,1,1,960,544.56,960,544.56,0,0,0,0,0,0,0,0
1550,1825,40875751,40854083,22073,7933,93,7955,0,0,-18,0,-18,1,1,1,960,544.56,960,544.56,0,0,0,0,0,0,0,0
1551,1826,40594417,39264375,22073,7933,93,7955,0,0,-18,0,-18,1,1,1,960,544.56,960,544.56,0,0,0,0,0,0,0,0
1552,1827,45272625,45335250,22701,7933,93,7955,0,0,-18,0,-18,1,1,1,960,544.56,960,544.56,0,0,0,0,0,0,0,0
1553,1828,38152996,39307084,22429,7933,96,7955,0,0,-18,0,-18,1,1,1,960,544.56,960,544.56,0,0,0,0,0,0,0,0
1554,1829,41599247,40512958,22073,7933,93,7955,0,0,-18,0,-18,1,1,1,960,544.56,960,544.56,0,0,0,0,0,0,0,0
1555,1830,39400964,40512083,22137,7933,93,7955,0,0,-18,0,-18,1,1,1,960,544.56,960,544.56,0,0,0,0,0,0,0,0
1556,1831,40687747,40611959,22073,7933,93,7955,0,0,-18,0,-18,1,1,1,960,544.56,960,544.56,0,0,0,0,0,0,0,0
1557,1832,40466494,39362166,22161,7933,93,7955,0,0,-18,0,-18,1,1,1,960,544.56,960,544.56,0,0,0,0,0,0,0,0
1558,1833,40512003,41650541,22189,7933,93,7955,0,0,-18,0,-18,1,1,1,960,544.56,960,544.56,0,0,0,0,0,0,0,0
1559,1834,43022166,42954417,22073,7933,93,7955,0,0,-18,0,-18,1,1,1,960,544.56,960,544.56,0,0,0,0,0,0,0,0
1560,1835,47038208,45600084,22073,7933,93,7955,0,0,-18,0,-18,1,1,1,960,544.56,960,544.56,0,0,0,0,0,0,0,0
1561,1836,43519664,44914250,22225,7934,94,7956,0,0,-18,0,-18,1,1,1,960,544.56,960,544.56,0,0,0,0,0,0,0,0
1562,1837,48454046,48396500,22073,7933,93,7955,0,0,-18,0,-18,1,1,1,960,544.56,960,544.56,0,0,0,0,0,0,0,0
1563,1838,56694664,53953541,22689,7933,93,7955,0,0,-18,0,-18,1,1,1,960,544.56,960,544.56,0,0,0,0,0,0,0,0
1564,1839,63631378,66154792,22353,7933,93,7955,0,0,-18,0,-18,1,1,1,960,544.56,960,544.56,0,0,0,0,0,0,0,0
1565,1840,68406499,66268500,22161,7933,96,7955,0,0,-18,0,-18,1,1,1,960,544.56,960,544.56,0,0,0,0,0,0,0,0
1566,1841,64900912,66972125,22137,7933,93,7955,0,0,-18,0,-18,1,1,1,960,544.56,960,544.56,0,0,0,0,0,0,0,0
1567,1842,70426456,68189583,22125,7933,93,7955,0,0,-18,0,-18,1,1,1,960,544.56,960,544.56,0,0,0,0,0,0,0,0
1568,1843,65037369,67344042,22225,7933,93,7955,0,0,-18,0,-18,1,1,1,960,544.56,960,544.56,0,0,0,0,0,0,0,0
1569,1844,70305585,68351042,22073,7933,93,7955,0,0,-18,0,-18,1,1,1,960,544.56,960,544.56,0,0,0,0,0,0,0,0
1570,1845,65628007,67429417,22189,7933,93,7955,0,0,-18,0,-18,1,1,1,960,544.56,960,544.56,0,0,0,0,0,0,0,0
1571,1846,75718201,71660625,22725,7933,93,7955,0,0,-18,0,-18,1,1,1,960,544.56,960,544.56,0,0,0,0,0,0,0,0
1572,1847,57621166,61703791,22353,7933,96,7955,0,0,-18,0,-18,1,1,1,960,544.56,960,544.56,0,0,0,0,0,0,0,0
1573,1848,62061790,59741542,22125,7933,93,7955,0,0,-18,0,-18,1,1,1,960,544.56,960,544.56,0,0,0,0,0,0,0,0
1574,1849,64232252,66297375,22225,7933,93,7955,0,0,-18,0,-18,1,1,1,960,544.56,960,544.56,0,0,0,0,0,0,0,0
1575,1850,65643042,63831584,22073,7933,93,7955,0,0,-18,0,-18,1,1,1,960,544.56,960,544.56,0,0,0,0,0,0,0,0
1576,1851,68654716,69781125,22137,7934,94,7956,0,0,-18,0,-18,1,1,1,960,544.56,960,544.56,0,0,0,0,0,0,0,0
1577,1852,68646080,67645250,22213,7933,93,7955,0,0,-18,0,-18,1,1,1,960,544.56,960,544.56,0,0,0,0,0,0,0,0
1578,1853,63593916,63351709,22701,7933,93,7955,0,0,-18,0,-18,1,1,1,960,544.56,960,544.56,0,0,0,0,0,0,0,0
1579,1854,71838498,71513708,22289,7933,93,7955,0,0,-18,0,-18,1,1,1,960,544.56,960,544.56,0,0,0,0,0,0,0,0
1580,1855,65742120,67918333,22277,7933,96,7955,0,0,-18,0,-18,1,1,1,960,544.56,960,544.56,0,0,0,0,0,0,0,0
1581,1856,70119798,68062875,22073,7933,93,7955,0,0,-18,0,-18,1,1,1,960,544.56,960,544.56,0,0,0,0,0,0,0,0
1582,1857,62794037,64730125,22137,7933,93,7955,0,0,-18,0,-18,1,1,1,960,544.56,960,544.56,0,0,0,0,0,0,0,0
1583,1858,58886833,57518833,22213,7933,93,7955,0,0,-18,0,-18,1,1,1,960,544.56,960,544.56,0,0,0,0,0,0,0,0
1584,1859,50681371,52180459,22137,7933,93,7955,0,0,-18,0,-18,1,1,1,960,544.56,960,544.56,0,0,0,0,0,0,0,0
1585,1860,53929958,52233792,22073,7933,93,7955,0,0,-18,0,-18,1,1,1,960,544.56,960,544.56,0,0,0,0,0,0,0,0
1586,1861,44556960,46308166,22225,7933,93,7955,0,0,-18,0,-18,1,1,1,960,544.56,960,544.56,0,0,0,0,0,0,0,0
1587,1862,47092128,45731500,22689,7933,93,7955,0,0,-18,0,-18,1,1,1,960,544.56,960,544.56,0,0,0,0,0,0,0,0
1588,1863,42698163,42539750,22289,7933,96,7955,0,0,-18,0,-18,1,1,1,960,544.56,960,544.56,0,0,0,0,0,0,0,0
1589,1864,38121584,39566208,22137,7933,93,7955,0,0,-18,0,-18,1,1,1,960,544.56,960,544.56,0,0,0,0,0,0,0,0
1590,1865,37948787,37994542,22161,7933,93,7955,0,0,-18,0,-18,1,1,1,960,544.56,960,544.56,0,0,0,0,0,0,0,0
1591,1866,41137669,39891584,22073,7934,94,7956,0,0,-18,0,-18,1,1,1,960,544.56,960,544.56,0,0,0,0,0,0,0,0
1592,1867,38074456,39266667,22189,7933,93,7955,0,0,-18,0,-18,1,1,1,960,544.56,960,544.56,0,0,0,0,0,0,0,0
1593,1868,40880832,40819292,22073,7933,93,7955,0,0,-18,0,-18,1,1,1,960,544.56,960,544.56,0,0,0,0,0,0,0,0
1594,1869,42271710,41132917,22161,7933,93,7955,0,0,-18,0,-18,1,1,1,960,544.56,960,544.56,0,0,0,0,0,0,0,0
1595,1870,39028082,40126875,22137,7933,93,7955,0,0,-18,0,-18,1,1,1,960,544.56,960,544.56,0,0,0,0,0,0,0,0
1596,1871,45264542,45230750,22073,7933,93,7955,0,0,-18,0,-18,1,1,1,960,544.56,960,544.56,0,0,0,0,0,0,0,0
1597,1872,46784792,45365000,22125,7933,93,7955,0,0,-18,0,-18,1,1,1,960,544.56,960,544.56,0,0,0,0,0,0,0,0
1598,1873,44285040,45662709,22225,7933,93,7955,0,0,-18,0,-18,1,1,1,960,544.56,960,544.56,0,0,0,0,0,0,0,0
1599,1874,58841377,55928167,22637,7933,93,7955,0,0,-18,0,-18,1,1,1,960,544.56,960,544.56,0,0,0,0,0,0,0,0
1600,1875,59549830,62025250,22353,7933,96,7955,0,0,-18,0,-18,1,1,1,960,544.56,960,544.56,0,0,0,0,0,0,0,0
1601,1876,69556750,67531083,22213,7933,93,7955,0,0,-18,0,-18,1,1,1,960,544.56,960,544.56,0,0,0,0,0,0,0,0
1602,1877,65738037,67923125,22137,7933,93,7955,0,0,-18,0,-18,1,1,1,960,544.56,960,544.56,0,0,0,0,0,0,0,0
1603,1878,69610081,67646500,22073,7933,93,7955,0,0,-18,0,-18,1,1,1,960,544.56,960,544.56,0,0,0,0,0,0,0,0
1604,1879,66321715,68215667,22277,7933,93,7955,0,0,-18,0,-18,1,1,1,960,544.56,960,544.56,0,0,0,0,0,0,0,0
1605,1880,70514164,68612125,22073,7933,93,7955,0,0,-18,0,-18,1,1,1,960,544.56,960,544.56,0,0,0,0,0,0,0,0
1606,1881,65882042,66228250,22701,7934,94,7956,0,0,-18,0,-18,1,1,1,960,544.56,960,544.56,0,0,0,0,0,0,0,0
1607,1882,60191582,59993458,22429,7933,93,7955,0,0,-18,0,-18,1,1,1,960,544.56,960,544.56,0,0,0,0,0,0,0,0
1608,1883,52299626,54100083,22137,7933,96,7955,0,0,-18,0,-18,1,1,1,960,544.56,960,544.56,0,0,0,0,0,0,0,0
1609,1884,56973915,55333958,22073,7933,93,7955,0,0,-18,0,-18,1,1,1,960,544.56,960,544.56,0,0,0,0,0,0,0,0
1610,1885,52971001,54507792,22225,7933,93,7955,0,0,-18,0,-18,1,1,1,960,544.56,960,544.56,0,0,0,0,0,0,0,0
1611,1886,55986415,53984250,22125,7933,93,7955,0,0,-18,0,-18,1,1,1,960,544.56,960,544.56,0,0,0,0,0,0,0,0
1612,1887,53126871,55068500,22137,7933,93,7955,0,0,-18,0,-18,1,1,1,960,544.56,960,544.56,0,0,0,0,0,0,0,0
1613,1888,67332960,64818084,22161,7933,93,7955,0,0,-18,0,-18,1,1,1,960,544.56,960,544.56,0,0,0,0,0,0,0,0
1614,1889,61245918,63593792,22137,7933,93,7955,0,0,-18,0,-18,1,1,1,960,544.56,960,544.56,0,0,0,0,0,0,0,0
1615,1890,64293704,61171792,22689,7933,93,7955,0,0,-18,0,-18,1,1,1,960,544.56,960,544.56,0,0,0,0,0,0,0,0
1616,1891,63968628,67148417,22441,7933,93,7955,0,0,-18,0,-18,1,1,1,960,544.56,960,544.56,0,0,0,0,0,0,0,0
1617,1892,60951665,59334917,22073,7933,96,7955,0,0,-18,0,-18,1,1,1,960,544.56,960,544.56,0,0,0,0,0,0,0,0
1618,1893,56457959,57847625,22137,7933,93,7955,0,0,-18,0,-18,1,1,1,960,544.56,960,544.56,0,0,0,0,0,0,0,0
1619,1894,63891917,62104958,22213,7933,93,7955,0,0,-18,0,-18,1,1,1,960,544.56,960,544.56,0,0,0,0,0,0,0,0
1620,1895,64587585,66466958,22137,7933,93,7955,0,0,-18,0,-18,1,1,1,960,544.56,960,544.56,0,0,0,0,0,0,0,0
1621,1896,64686208,63052916,22073,7934,94,7956,0,0,-18,0,-18,1,1,1,960,544.56,960,544.56,0,0,0,0,0,0,0,0
1622,1897,50442706,52109125,22225,7933,93,7955,0,0,-18,0,-18,1,1,1,960,544.56,960,544.56,0,0,0,0,0,0,0,0
1623,1898,55405039,52576167,22689,7933,93,7955,0,0,-18,0,-18,1,1,1,960,544.56,960,544.56,0,0,0,0,0,0,0,0
1624,1899,52454583,55096042,22353,7933,93,7955,0,0,-18,0,-18,1,1,1,960,544.56,960,544.56,0,0,0,0,0,0,0,0
1625,1900,46036083,44918958,22161,7933,96,7955,0,0,-18,0,-18,1,1,1,960,544.56,960,544.56,0,0,0,0,0,0,0,0
1626,1901,43510373,44799541,22137,7933,93,7955,0,0,-18,0,-18,1,1,1,960,544.56,960,544.56,0,0,0,0,0,0,0,0
1627,1902,44662456,44626125,22073,7933,93,7955,0,0,-18,0,-18,1,1,1,960,544.56,960,544.56,0,0,0,0,0,0,0,0
1628,1903,47408964,45959916,22125,7933,93,7955,0,0,-18,0,-18,1,1,1,960,544.56,960,544.56,0,0,0,0,0,0,0,0
1629,1904,42772952,44159958,22225,7933,93,7955,0,0,-18,0,-18,1,1,1,960,544.56,960,544.56,0,0,0,0,0,0,0,0
1630,1905,46422667,46360042,22073,7933,93,7955,0,0,-18,0,-18,1,1,1,960,544.56,960,544.56,0,0,0,0,0,0,0,0
1631,1906,49201708,47287084,22073,7933,93,7955,0,0,-18,0,-18,1,1,1,960,544.56,960,544.56,0,0,0,0,0,0,0,0
1632,1907,52000708,53677833,22137,7933,93,7955,0,0,-18,0,-18,1,1,1,960,544.56,960,544.56,0,0,0,0,0,0,0,0
1633,1908,63931666,60222833,22777,7933,93,7955,0,0,-18,0,-18,1,1,1,960,544.56,960,544.56,0,0,0,0,0,0,0,0
1634,1909,69925710,73594875,22353,7933,93,7955,0,0,-18,0,-18,1,1,1,960,544.56,960,544.56,0,0,0,0,0,0,0,0
1635,1910,69105081,67076541,22073,7933,96,7955,0,0,-18,0,-18,1,1,1,960,544.56,960,544.56,0,0,0,0,0,0,0,0
1636,1911,71767747,73639333,22277,7934,94,7956,0,0,-18,0,-18,1,1,1,960,544.56,960,544.56,0,0,0,0,0,0,0,0
1637,1912,63832506,62044167,22073,7933,93,7955,0,0,-18,0,-18,1,1,1,960,544.56,960,544.56,0,0,0,0,0,0,0,0
1638,1913,65156206,66962625,22137,7933,93,7955,0,0,-18,0,-18,1,1,1,960,544.56,960,544.56,0,0,0,0,0,0,0,0
1639,1914,69593414,67601292,22213,7933,93,7955,0,0,-18,0,-18,1,1,1,960,544.56,960,544.56,0,0,0,0,0,0,0,0
1640,1915,60374036,62490875,22137,7933,93,7955,0,0,-18,0,-18,1,1,1,960,544.56,960,544.56,0,0,0,0,0,0,0,0
1641,1916,57828877,54881541,22637,7933,93,7955,0,0,-18,0,-18,1,1,1,960,544.56,960,544.56,0,0,0,0,0,0,0,0
1642,1917,59363294,62261833,22441,7933,93,7955,0,0,-18,0,-18,1,1,1,960,544.56,960,544.56,0,0,0,0,0,0,0,0
1643,1918,55240999,53438333,22125,7933,96,7955,0,0,-18,0,-18,1,1,1,960,544.56,960,544.56,0,0,0,0,0,0,0,0
1644,1919,52800957,54465291,22137,7933,93,7955,0,0,-18,0,-18,1,1,1,960,544.56,960,544.56,0,0,0,0,0,0,0,0
1645,1920,57629540,56203708,22161,7933,93,7955,0,0,-18,0,-18,1,1,1,960,544.56,960,544.56,0,0,0,0,0,0,0,0
1646,1921,52218127,53696250,22137,7933,93,7955,0,0,-18,0,-18,1,1,1,960,544.56,960,544.56,0,0,0,0,0,0,0,0
1647,1922,62725245,60126417,22125,7933,93,7955,0,0,-18,0,-18,1,1,1,960,544.56,960,544.56,0,0,0,0,0,0,0,0
1648,1923,65138787,67072084,22225,7933,93,7955,0,0,-18,0,-18,1,1,1,960,544.56,960,544.56,0,0,0,0,0,0,0,0
1649,1924,68793959,65137292,22637,7933,93,7955,0,0,-18,0,-18,1,1,1,960,544.56,960,544.56,0,0,0,0,0,0,0,0
1650,1925,71418710,75501958,22353,7933,93,7955,0,0,-18,0,-18,1,1,1,960,544.56,960,544.56,0,0,0,0,0,0,0,0
1651,1926,69194540,67237292,22213,7934,97,7956,0,0,-18,0,-18,1,1,1,960,544.56,960,544.56,0,0,0,0,0,0,0,0
1652,1927,58860041,60925667,22137,7933,93,7955,0,0,-18,0,-18,1,1,1,960,544.56,960,544.56,0,0,0,0,0,0,0,0
1653,1928,59111040,57485959,22073,7933,93,7955,0,0,-18,0,-18,1,1,1,960,544.56,960,544.56,0,0,0,0,0,0,0,0
1654,1929,50455335,51992917,22225,7933,93,7955,0,0,-18,0,-18,1,1,1,960,544.56,960,544.56,0,0,0,0,0,0,0,0
1655,1930,52032291,50727166,22125,7933,93,7955,0,0,-18,0,-18,1,1,1,960,544.56,960,544.56,0,0,0,0,0,0,0,0
1656,1931,41900709,43285083,22137,7933,93,7955,0,0,-18,0,-18,1,1,1,960,544.56,960,544.56,0,0,0,0,0,0,0,0
1657,1932,42171202,42120417,22073,7933,93,7955,0,0,-18,0,-18,1,1,1,960,544.56,960,544.56,0,0,0,0,0,0,0,0
1658,1933,41216503,40067334,22161,7933,93,7955,0,0,-18,0,-18,1,1,1,960,544.56,960,544.56,0,0,0,0,0,0,0,0
1659,1934,41681166,41639333,22701,7933,93,7955,0,0,-18,0,-18,1,1,1,960,544.56,960,544.56,0,0,0,0,0,0,0,0
1660,1935,36548249,37746208,22341,7933,96,7955,0,0,-18,0,-18,1,1,1,960,544.56,960,544.56,0,0,0,0,0,0,0,0
1661,1936,39250880,37961167,22073,7933,93,7955,0,0,-18,0,-18,1,1,1,960,544.56,960,544.56,0,0,0,0,0,0,0,0
1662,1937,37055082,38265000,22225,7933,93,7955,0,0,-18,0,-18,1,1,1,960,544.56,960,544.56,0,0,0,0,0,0,0,0
1663,1938,42605917,42628042,22073,7933,93,7955,0,0,-18,0,-18,1,1,1,960,544.56,960,544.56,0,0,0,0,0,0,0,0
1664,1939,42928542,41755417,22073,7933,93,7955,0,0,-18,0,-18,1,1,1,960,544.56,960,544.56,0,0,0,0,0,0,0,0
1665,1940,38458667,39471542,22137,7933,93,7955,0,0,-18,0,-18,1,1,1,960,544.56,960,544.56,0,0,0,0,0,0,0,0
1666,1941,40771458,40856458,22213,7934,94,7956,0,0,-18,0,-18,1,1,1,960,544.56,960,544.56,0,0,0,0,0,0,0,0
1667,1942,41794415,40606000,22073,7933,93,7955,0,0,-18,0,-18,1,1,1,960,544.56,960,544.56,0,0,0,0,0,0,0,0
1668,1943,40131751,41269000,22137,7933,93,7955,0,0,-18,0,-18,1,1,1,960,544.56,960,544.56,0,0,0,0,0,0,0,0
1669,1944,40670543,40638500,22073,7933,93,7955,0,0,-18,0,-18,1,1,1,960,544.56,960,544.56,0,0,0,0,0,0,0,0
1670,1945,42036373,40925583,22161,7933,93,7955,0,0,-18,0,-18,1,1,1,960,544.56,960,544.56,0,0,0,0,0,0,0,0
1671,1946,43360125,43299375,22753,7933,93,7955,0,0,-18,0,-18,1,1,1,960,544.56,960,544.56,0,0,0,0,0,0,0,0
1672,1947,39824701,41006083,22289,7933,96,7955,0,0,-18,0,-18,1,1,1,960,544.56,960,544.56,0,0,0,0,0,0,0,0
1673,1948,44223334,42813791,22073,7933,93,7955,0,0,-18,0,-18,1,1,1,960,544.56,960,544.56,0,0,0,0,0,0,0,0
1674,1949,44183332,45535459,22225,7933,93,7955,0,0,-18,0,-18,1,1,1,960,544.56,960,544.56,0,0,0,0,0,0,0,0
1675,1950,44919338,44752125,22073,7933,93,7955,0,0,-18,0,-18,1,1,1,960,544.56,960,544.56,0,0,0,0,0,0,0,0
1676,1951,47227453,45893042,22125,7933,93,7955,0,0,-18,0,-18,1,1,1,960,544.56,960,544.56,0,0,0,0,0,0,0,0
1677,1952,49591708,50689042,22137,7933,93,7955,0,0,-18,0,-18,1,1,1,960,544.56,960,544.56,0,0,0,0,0,0,0,0
1678,1953,55058877,53401167,22161,7933,93,7955,0,0,-18,0,-18,1,1,1,960,544.56,960,544.56,0,0,0,0,0,0,0,0
1679,1954,64715541,66446291,22137,7933,93,7955,0,0,-18,0,-18,1,1,1,960,544.56,960,544.56,0,0,0,0,0,0,0,0
1680,1955,69752290,67775583,22125,7933,93,7955,0,0,-18,0,-18,1,1,1,960,544.56,960,544.56,0,0,0,0,0,0,0,0
1681,1956,74512295,73989916,22789,7934,94,7956,0,0,-18,0,-18,1,1,1,960,544.56,960,544.56,0,0,0,0,0,0,0,0
1682,1957,69236412,69410833,22289,7933,96,7955,0,0,-18,0,-18,1,1,1,960,544.56,960,544.56,0,0,0,0,0,0,0,0
1683,1958,68093210,70181750,22189,7933,93,7955,0,0,-18,0,-18,1,1,1,960,544.56,960,544.56,0,0,0,0,0,0,0,0
1684,1959,70497542,68473916,22161,7933,93,7955,0,0,-18,0,-18,1,1,1,960,544.56,960,544.56,0,0,0,0,0,0,0,0
1685,1960,67056499,69144375,22137,7933,93,7955,0,0,-18,0,-18,1,1,1,960,544.56,960,544.56,0,0,0,0,0,0,0,0
1686,1961,68384081,66302167,22125,7933,93,7955,0,0,-18,0,-18,1,1,1,960,544.56,960,544.56,0,0,0,0,0,0,0,0
1687,1962,61165496,63039583,22225,7933,93,7955,0,0,-18,0,-18,1,1,1,960,544.56,960,544.56,0,0,0,0,0,0,0,0
1688,1963,56313626,53748042,22637,7933,93,7955,0,0,-18,0,-18,1,1,1,960,544.56,960,544.56,0,0,0,0,0,0,0,0
1689,1964,59649206,62368500,22353,7933,93,7955,0,0,-18,0,-18,1,1,1,960,544.56,960,544.56,0,0,0,0,0,0,0,0
1690,1965,54314959,52910167,22213,7933,96,7955,0,0,-18,0,-18,1,1,1,960,544.56,960,544.56,0,0,0,0,0,0,0,0
1691,1966,50265546,51708333,22137,7933,93,7955,0,0,-18,0,-18,1,1,1,960,544.56,960,544.56,0,0,0,0,0,0,0,0
1692,1967,52493955,50848792,22073,7933,93,7955,0,0,-18,0,-18,1,1,1,960,544.56,960,544.56,0,0,0,0,0,0,0,0
1693,1968,50552621,52142625,22225,7933,93,7955,0,0,-18,0,-18,1,1,1,960,544.56,960,544.56,0,0,0,0,0,0,0,0
1694,1969,57400837,55523708,22125,7933,93,7955,0,0,-18,0,-18,1,1,1,960,544.56,960,544.56,0,0,0,0,0,0,0,0
1695,1970,62023162,63476208,22137,7933,93,7955,0,0,-18,0,-18,1,1,1,960,544.56,960,544.56,0,0,0,0,0,0,0,0
1696,1971,71991458,69923875,22161,7934,94,7956,0,0,-18,0,-18,1,1,1,960,544.56,960,544.56,0,0,0,0,0,0,0,0
1697,1972,67313082,67675500,22701,7933,93,7955,0,0,-18,0,-18,1,1,1,960,544.56,960,544.56,0,0,0,0,0,0,0,0
1698,1973,70238709,70110042,22341,7933,93,7955,0,0,-18,0,-18,1,1,1,960,544.56,960,544.56,0,0,0,0,0,0,0,0
1699,1974,57261537,59365917,22225,7933,96,7955,0,0,-18,0,-18,1,1,1,960,544.56,960,544.56,0,0,0,0,0,0,0,0
1700,1975,48712294,47449875,22073,7933,93,7955,0,0,-18,0,-18,1,1,1,960,544.56,960,544.56,0,0,0,0,0,0,0,0
1701,1976,41359290,42662042,22137,7933,93,7955,0,0,-18,0,-18,1,1,1,960,544.56,960,544.56,0,0,0,0,0,0,0,0
1702,1977,38379210,38311250,22125,7933,93,7955,0,0,-18,0,-18,1,1,1,960,544.56,960,544.56,0,0,0,0,0,0,0,0
1703,1978,39270039,38182834,22161,7933,93,7955,0,0,-18,0,-18,1,1,1,960,544.56,960,544.56,0,0,0,0,0,0,0,0
1704,1979,37608418,38742042,22137,7933,93,7955,0,0,-18,0,-18,1,1,1,960,544.56,960,544.56,0,0,0,0,0,0,0,0
1705,1980,38226373,38191208,22073,7933,93,7955,0,0,-18,0,-18,1,1,1,960,544.56,960,544.56,0,0,0,0,0,0,0,0
1706,1981,39991207,38746292,22073,7933,93,7955,0,0,-18,0,-18,1,1,1,960,544.56,960,544.56,0,0,0,0,0,0,0,0
1707,1982,36736544,37954292,22225,7933,93,7955,0,0,-18,0,-18,1,1,1,960,544.56,960,544.56,0,0,0,0,0,0,0,0
1708,1983,41633665,40410458,22689,7933,93,7955,0,0,-18,0,-18,1,1,1,960,544.56,960,544.56,0,0,0,0,0,0,0,0
1709,1984,41696798,41489167,22289,7933,96,7955,0,0,-18,0,-18,1,1,1,960,544.56,960,544.56,0,0,0,0,0,0,0,0
1710,1985,42579662,43897833,22137,7933,93,7955,0,0,-18,0,-18,1,1,1,960,544.56,960,544.56,0,0,0,0,0,0,0,0
1711,1986,42630497,42616292,22161,7934,94,7956,0,0,-18,0,-18,1,1,1,960,544.56,960,544.56,0,0,0,0,0,0,0,0
1712,1987,42722251,41604667,22073,7933,93,7955,0,0,-18,0,-18,1,1,1,960,544.56,960,544.56,0,0,0,0,0,0,0,0
1713,1988,42170379,43228125,22189,7933,93,7955,0,0,-18,0,-18,1,1,1,960,544.56,960,544.56,0,0,0,0,0,0,0,0
1714,1989,45189917,45085458,22073,7933,93,7955,0,0,-18,0,-18,1,1,1,960,544.56,960,544.56,0,0,0,0,0,0,0,0
1715,1990,46303953,44964083,22161,7933,93,7955,0,0,-18,0,-18,1,1,1,960,544.56,960,544.56,0,0,0,0,0,0,0,0
1716,1991,42908921,44287208,22137,7933,93,7955,0,0,-18,0,-18,1,1,1,960,544.56,960,544.56,0,0,0,0,0,0,0,0
1717,1992,51510162,51474875,22073,7933,93,7955,0,0,-18,0,-18,1,1,1,960,544.56,960,544.56,0,0,0,0,0,0,0,0
1718,1993,54853584,53257209,22125,7933,93,7955,0,0,-18,0,-18,1,1,1,960,544.56,960,544.56,0,0,0,0,0,0,0,0
1719,1994,60755748,60395125,22789,7933,93,7955,0,0,-18,0,-18,1,1,1,960,544.56,960,544.56,0,0,0,0,0,0,0,0
1720,1995,64661830,64806584,22289,7933,96,7955,0,0,-18,0,-18,1,1,1,960,544.56,960,544.56,0,0,0,0,0,0,0,0
1721,1996,63528962,64845084,22137,7933,93,7955,0,0,-18,0,-18,1,1,1,960,544.56,960,544.56,0,0,0,0,0,0,0,0
1722,1997,70078372,68316291,22213,7933,93,7955,0,0,-18,0,-18,1,1,1,960,544.56,960,544.56,0,0,0,0,0,0,0,0
1723,1998,66315837,68276875,22137,7933,93,7955,0,0,-18,0,-18,1,1,1,960,544.56,960,544.56,0,0,0,0,0,0,0,0
1724,1999,71771658,69742792,22073,7933,93,7955,0,0,-18,0,-18,1,1,1,960,544.56,960,544.56,0,0,0,0,0,0,0,0
1725,2000,65701082,67719417,22277,7933,93,7955,0,0,-18,0,-18,1,1,1,960,544.56,960,544.56,0,0,0,0,0,0,0,0
1726,2001,71177542,67232333,22637,7934,94,7956,0,0,-18,0,-18,1,1,1,960,544.56,960,544.56,0,0,0,0,0,0,0,0
1727,2002,66140666,69855709,22353,7933,93,7955,0,0,-18,0,-18,1,1,1,960,544.56,960,544.56,0,0,0,0,0,0,0,0
1728,2003,60902118,59538750,22213,7933,96,7955,0,0,-18,0,-18,1,1,1,960,544.56,960,544.56,0,0,0,0,0,0,0,0
1729,2004,65910831,67322542,22137,7933,93,7955,0,0,-18,0,-18,1,1,1,960,544.56,960,544.56,0,0,0,0,0,0,0,0
1730,2005,70654757,68580125,22073,7933,93,7955,0,0,-18,0,-18,1,1,1,960,544.56,960,544.56,0,0,0,0,0,0,0,0
1731,2006,63585460,65627458,22225,7933,93,7955,0,0,-18,0,-18,1,1,1,960,544.56,960,544.56,0,0,0,0,0,0,0,0
1732,2007,63615500,61765625,22125,7933,93,7955,0,0,-18,0,-18,1,1,1,960,544.56,960,544.56,0,0,0,0,0,0,0,0
1733,2008,54619289,56336625,22137,7933,93,7955,0,0,-18,0,-18,1,1,1,960,544.56,960,544.56,0,0,0,0,0,0,0,0
1734,2009,59738583,56568000,22725,7933,93,7955,0,0,-18,0,-18,1,1,1,960,544.56,960,544.56,0,0,0,0,0,0,0,0
1735,2010,57480208,60771417,22353,7933,93,7955,0,0,-18,0,-18,1,1,1,960,544.56,960,544.56,0,0,0,0,0,0,0,0
1736,2011,58646455,56806625,22125,7933,96,7955,0,0,-18,0,-18,1,1,1,960,544.56,960,544.56,0,0,0,0,0,0,0,0
1737,2012,49796838,51607333,22225,7933,93,7955,0,0,-18,0,-18,1,1,1,960,544.56,960,544.56,0,0,0,0,0,0,0,0
1738,2013,54091453,52536709,22073,7933,93,7955,0,0,-18,0,-18,1,1,1,960,544.56,960,544.56,0,0,0,0,0,0,0,0
1739,2014,46729292,48235250,22137,7933,93,7955,0,0,-18,0,-18,1,1,1,960,544.56,960,544.56,0,0,0,0,0,0,0,0
1740,2015,44377956,44427292,22213,7933,93,7955,0,0,-18,0,-18,1,1,1,960,544.56,960,544.56,0,0,0,0,0,0,0,0
1741,2016,43937455,42602875,22073,7934,94,7956,0,0,-18,0,-18,1,1,1,960,544.56,960,544.56,0,0,0,0,0,0,0,0
1742,2017,38622044,39938791,22137,7933,93,7955,0,0,-18,0,-18,1,1,1,960,544.56,960,544.56,0,0,0,0,0,0,0,0
1743,2018,39407376,39308667,22073,7933,93,7955,0,0,-18,0,-18,1,1,1,960,544.56,960,544.56,0,0,0,0,0,0,0,0
1744,2019,40402870,39295375,22161,7933,93,7955,0,0,-18,0,-18,1,1,1,960,544.56,960,544.56,0,0,0,0,0,0,0,0
1745,2020,43462421,43359583,22753,7933,93,7955,0,0,-18,0,-18,1,1,1,960,544.56,960,544.56,0,0,0,0,0,0,0,0
1746,2021,40509957,41763833,22289,7933,96,7955,0,0,-18,0,-18,1,1,1,960,544.56,960,544.56,0,0,0,0,0,0,0,0
1747,2022,42628124,41373959,22073,7933,93,7955,0,0,-18,0,-18,1,1,1,960,544.56,960,544.56,0,0,0,0,0,0,0,0
1748,2023,41563082,42742209,22225,7933,93,7955,0,0,-18,0,-18,1,1,1,960,544.56,960,544.56,0,0,0,0,0,0,0,0
1749,2024,43783292,43494750,22073,7933,93,7955,0,0,-18,0,-18,1,1,1,960,544.56,960,544.56,0,0,0,0,0,0,0,0
1750,2025,47270338,45859000,22125,7933,93,7955,0,0,-18,0,-18,1,1,1,960,544.56,960,544.56,0,0,0,0,0,0,0,0
1751,2026,43434999,45014125,22137,7933,93,7955,0,0,-18,0,-18,1,1,1,960,544.56,960,544.56,0,0,0,0,0,0,0,0
1752,2027,44581830,44604459,22161,7933,93,7955,0,0,-18,0,-18,1,1,1,960,544.56,960,544.56,0,0,0,0,0,0,0,0
1753,2028,54493252,52901625,22073,7933,93,7955,0,0,-18,0,-18,1,1,1,960,544.56,960,544.56,0,0,0,0,0,0,0,0
1754,2029,55175203,56435709,22137,7933,93,7955,0,0,-18,0,-18,1,1,1,960,544.56,960,544.56,0,0,0,0,0,0,0,0
1755,2030,71063376,67711792,22777,7933,93,7955,0,0,-18,0,-18,1,1,1,960,544.56,960,544.56,0,0,0,0,0,0,0,0
1756,2031,70769868,74205625,22353,7934,94,7956,0,0,-18,0,-18,1,1,1,960,544.56,960,544.56,0,0,0,0,0,0,0,0
1757,2032,70386171,68346875,22073,7933,96,7955,0,0,-18,0,-18,1,1,1,960,544.56,960,544.56,0,0,0,0,0,0,0,0
1758,2033,67329920,69338500,22277,7933,93,7955,0,0,-18,0,-18,1,1,1,960,544.56,960,544.56,0,0,0,0,0,0,0,0
1759,2034,72730123,69926375,22073,7933,93,7955,0,0,-18,0,-18,1,1,1,960,544.56,960,544.56,0,0,0,0,0,0,0,0
1760,2035,65136335,67518375,22137,7933,93,7955,0,0,-18,0,-18,1,1,1,960,544.56,960,544.56,0,0,0,0,0,0,0,0
1761,2036,71022629,69374500,22213,7933,93,7955,0,0,-18,0,-18,1,1,1,960,544.56,960,544.56,0,0,0,0,0,0,0,0
1762,2037,68996660,68835583,22701,7933,93,7955,0,0,-18,0,-18,1,1,1,960,544.56,960,544.56,0,0,0,0,0,0,0,0
1763,2038,70878542,70943625,22289,7933,93,7955,0,0,-18,0,-18,1,1,1,960,544.56,960,544.56,0,0,0,0,0,0,0,0
1764,2039,52399002,54396708,22277,7933,96,7955,0,0,-18,0,-18,1,1,1,960,544.56,960,544.56,0,0,0,0,0,0,0,0
1765,2040,56928541,55224917,22073,7933,93,7955,0,0,-18,0,-18,1,1,1,960,544.56,960,544.56,0,0,0,0,0,0,0,0
1766,2041,52816744,54411250,22137,7933,93,7955,0,0,-18,0,-18,1,1,1,960,544.56,960,544.56,0,0,0,0,0,0,0,0
1767,2042,55935211,54410917,22161,7933,93,7955,0,0,-18,0,-18,1,1,1,960,544.56,960,544.56,0,0,0,0,0,0,0,0
1768,2043,53235705,54752417,22189,7933,93,7955,0,0,-18,0,-18,1,1,1,960,544.56,960,544.56,0,0,0,0,0,0,0,0
1769,2044,56019499,54395709,22073,7933,93,7955,0,0,-18,0,-18,1,1,1,960,544.56,960,544.56,0,0,0,0,0,0,0,0
1770,2045,56658998,58217500,22225,7933,93,7955,0,0,-18,0,-18,1,1,1,960,544.56,960,544.56,0,0,0,0,0,0,0,0
1771,2046,63420079,59488958,22637,7934,94,7956,0,0,-18,0,-18,1,1,1,960,544.56,960,544.56,0,0,0,0,0,0,0,0
1772,2047,57783957,61646875,22405,7933,93,7955,0,0,-18,0,-18,1,1,1,960,544.56,960,544.56,0,0,0,0,0,0,0,0
1773,2048,55392671,53640583,22161,7933,96,7955,0,0,-18,0,-18,1,1,1,960,544.56,960,544.56,0,0,0,0,0,0,0,0
1774,2049,51259912,53029750,22137,7933,93,7955,0,0,-18,0,-18,1,1,1,960,544.56,960,544.56,0,0,0,0,0,0,0,0
1775,2050,55138040,53439500,22073,7933,93,7955,0,0,-18,0,-18,1,1,1,960,544.56,960,544.56,0,0,0,0,0,0,0,0
1776,2051,50090290,51803500,22277,7933,93,7955,0,0,-18,0,-18,1,1,1,960,544.56,960,544.56,0,0,0,0,0,0,0,0
1777,2052,46000879,45951333,22073,7933,93,7955,0,0,-18,0,-18,1,1,1,960,544.56,960,544.56,0,0,0,0,0,0,0,0
1778,2053,49233708,47437000,22073,7933,93,7955,0,0,-18,0,-18,1,1,1,960,544.56,960,544.56,0,0,0,0,0,0,0,0
1779,2054,51154207,52816209,22137,7933,93,7955,0,0,-18,0,-18,1,1,1,960,544.56,960,544.56,0,0,0,0,0,0,0,0
1780,2055,57812869,54509625,22161,7933,93,7955,0,0,-18,0,-18,1,1,1,960,544.56,960,544.56,0,0,0,0,0,0,0,0
1781,2056,56653585,60014250,22969,7933,93,7955,0,0,-18,0,-18,1,1,1,960,544.56,960,544.56,0,0,0,0,0,0,0,0
1782,2057,66905871,64862750,22073,7933,96,7955,0,0,-18,0,-18,1,1,1,960,544.56,960,544.56,0,0,0,0,0,0,0,0
1783,2058,62424708,64368875,22225,7933,93,7955,0,0,-18,0,-18,1,1,1,960,544.56,960,544.56,0,0,0,0,0,0,0,0
1784,2059,62383085,60764125,22073,7933,93,7955,0,0,-18,0,-18,1,1,1,960,544.56,960,544.56,0,0,0,0,0,0,0,0
1785,2060,57627212,59192375,22189,7933,93,7955,0,0,-18,0,-18,1,1,1,960,544.56,960,544.56,0,0,0,0,0,0,0,0
1786,2061,58204244,56646833,22161,7934,94,7956,0,0,-18,0,-18,1,1,1,960,544.56,960,544.56,0,0,0,0,0,0,0,0
1787,2062,54641794,56038375,22137,7933,93,7955,0,0,-18,0,-18,1,1,1,960,544.56,960,544.56,0,0,0,0,0,0,0,0
1788,2063,58956831,56987500,22073,7933,93,7955,0,0,-18,0,-18,1,1,1,960,544.56,960,544.56,0,0,0,0,0,0,0,0
1789,2064,75223162,74826250,22841,7933,93,7955,0,0,-18,0,-18,1,1,1,960,544.56,960,544.56,0,0,0,0,0,0,0,0
1790,2065,70031218,70066792,22289,7933,96,7955,0,0,-18,0,-18,1,1,1,960,544.56,960,544.56,0,0,0,0,0,0,0,0
1791,2066,67252866,69432208,22137,7933,93,7955,0,0,-18,0,-18,1,1,1,960,544.56,960,544.56,0,0,0,0,0,0,0,0
1792,2067,70038832,68229708,22213,7933,93,7955,0,0,-18,0,-18,1,1,1,960,544.56,960,544.56,0,0,0,0,0,0,0,0
1793,2068,66350676,68223333,22137,7933,93,7955,0,0,-18,0,-18,1,1,1,960,544.56,960,544.56,0,0,0,0,0,0,0,0
1794,2069,64827330,63287958,22073,7933,93,7955,0,0,-18,0,-18,1,1,1,960,544.56,960,544.56,0,0,0,0,0,0,0,0
1795,2070,58667454,60203750,22225,7933,93,7955,0,0,-18,0,-18,1,1,1,960,544.56,960,544.56,0,0,0,0,0,0,0,0
1796,2071,68360790,64672292,22689,7933,93,7955,0,0,-18,0,-18,1,1,1,960,544.56,960,544.56,0,0,0,0,0,0,0,0
1797,2072,72098046,75109417,22353,7933,93,7955,0,0,-18,0,-18,1,1,1,960,544.56,960,544.56,0,0,0,0,0,0,0,0
1798,2073,69286331,67877458,22161,7933,96,7955,0,0,-18,0,-18,1,1,1,960,544.56,960,544.56,0,0,0,0,0,0,0,0
1799,2074,60225792,62248959,22189,7933,93,7955,0,0,-18,0,-18,1,1,1,960,544.56,960,544.56,0,0,0,0,0,0,0,0
