frame_index,read_frame_count,unscaled_delta_ns,main_thread_ns,gc_alloc_bytes,batches,set_pass_calls,draw_calls,engine_controller_update_ns,intended_cell_x,intended_cell_y,actual_cell_x,actual_cell_y,cell_match,input_checked,mouse_is_virtual,injected_x,injected_y,read_x,read_y,tnd_bench_t1_hover_ns,tnd_bench_t1_reclassify_ns,tnd_bench_t1_hoveredborder_ns,tnd_bench_t1_hoveredborderrebuild_ns,tnd_bench_t1_modeenter_ns,tnd_bench_t1_conquerui_ns,tnd_bench_s0_hover_ns,tnd_bench_s0_rebuild_ns
0,274,58830626,41950042,102053,7917,87,7922,0,0,-18,0,-18,1,1,1,960,544.56,960,544.56,0,0,0,0,0,0,0,0
1,275,48318460,47130584,284757,7918,88,7923,0,0,-18,0,-18,1,1,1,960,544.56,960,544.56,0,0,0,0,0,0,0,0
2,276,38617376,39862459,22409,7917,90,7922,0,0,-18,0,-18,1,1,1,960,544.56,960,544.56,0,0,0,0,0,0,0,0
3,277,39702579,39692917,22257,7917,87,7922,0,0,-18,0,-18,1,1,1,960,544.56,960,544.56,0,0,0,0,0,0,0,0
4,278,41965965,40062250,22821,7917,87,7922,0,0,-18,0,-18,1,1,1,960,544.56,960,544.56,0,0,0,0,0,0,0,0
5,279,36915540,38727500,22537,7917,87,7922,0,0,-18,0,-18,1,1,1,960,544.56,960,544.56,0,0,0,0,0,0,0,0
6,280,42242955,42239458,22397,7917,87,7922,0,0,-18,0,-18,1,1,1,960,544.56,960,544.56,0,0,0,0,0,0,0,0
7,281,45222334,43764583,22257,7917,87,7922,0,0,-18,0,-18,1,1,1,960,544.56,960,544.56,0,0,0,0,0,0,0,0
8,282,43357290,44653292,22321,7917,87,7922,0,0,-18,0,-18,1,1,1,960,544.56,960,544.56,0,0,0,0,0,0,0,0
9,283,43861124,43831875,22257,7917,87,7922,0,0,-18,0,-18,1,1,1,960,544.56,960,544.56,0,0,0,0,0,0,0,0
10,284,53185332,51828208,22345,7917,87,7922,0,0,-18,0,-18,1,1,1,960,544.56,960,544.56,0,0,0,0,0,0,0,0
11,285,55816333,57097708,22373,7917,87,7922,0,0,-18,0,-18,1,1,1,960,544.56,960,544.56,0,0,0,0,0,0,0,0
12,286,68946078,67109500,22257,7915,87,7920,0,0,-18,0,-18,1,1,1,960,544.56,960,544.56,0,0,0,0,0,0,0,0
13,287,64361713,66161833,22409,7917,90,7922,0,0,-18,0,-18,1,1,1,960,544.56,960,544.56,0,0,0,0,0,0,0,0
14,288,69951288,66236208,22821,7917,87,7922,0,0,-18,0,-18,1,1,1,960,544.56,960,544.56,0,0,0,0,0,0,0,0
15,289,61709914,65211125,22589,7917,87,7922,0,0,-18,0,-18,1,1,1,960,544.56,960,544.56,0,0,0,0,0,0,0,0
16,290,62964417,61660500,22345,7918,88,7923,0,0,-18,0,-18,1,1,1,960,544.56,960,544.56,0,0,0,0,0,0,0,0
17,291,50993956,52435708,22321,7917,87,7922,0,0,-18,0,-18,1,1,1,960,544.56,960,544.56,0,0,0,0,0,0,0,0
18,292,60548666,58728792,22257,7917,87,7922,0,0,-18,0,-18,1,1,1,960,544.56,960,544.56,0,0,0,0,0,0,0,0
19,293,58730874,60495334,22461,7917,87,7922,0,0,-18,0,-18,1,1,1,960,544.56,960,544.56,0,0,0,0,0,0,0,0
20,294,70098161,68297583,22257,7917,87,7922,0,0,-18,0,-18,1,1,1,960,544.56,960,544.56,0,0,0,0,0,0,0,0
21,295,60743007,62407458,22321,7917,90,7922,0,0,-18,0,-18,1,1,1,960,544.56,960,544.56,0,0,0,0,0,0,0,0
22,296,55651709,53073875,22909,7917,87,7922,0,0,-18,0,-18,1,1,1,960,544.56,960,544.56,0,0,0,0,0,0,0,0
23,297,50468333,52966333,22589,7917,87,7922,0,0,-18,0,-18,1,1,1,960,544.56,960,544.56,0,0,0,0,0,0,0,0
24,298,65656870,63822417,22257,7917,87,7922,0,0,-18,0,-18,1,1,1,960,544.56,960,544.56,0,0,0,0,0,0,0,0
25,299,56934621,58769291,22409,7917,87,7922,0,0,-18,0,-18,1,1,1,960,544.56,960,544.56,0,0,0,0,0,0,0,0
26,300,65066210,63254125,22257,7917,87,7922,0,0,-18,0,-18,1,1,1,960,544.56,960,544.56,0,0,0,0,0,0,0,0
27,301,63343413,64969250,22373,7917,87,7922,0,0,-18,0,-18,1,1,1,960,544.56,960,544.56,0,0,0,0,0,0,0,0
28,302,67322626,65424542,22345,7917,87,7922,0,0,-18,0,-18,1,1,1,960,544.56,960,544.56,0,0,0,0,0,0,0,0
29,303,69979541,71888750,22321,7917,87,7922,0,0,-18,0,-18,1,1,1,960,544.56,960,544.56,0,0,0,0,0,0,0,0
30,304,64411833,61522833,22873,7917,90,7922,0,0,-18,0,-18,1,1,1,960,544.56,960,544.56,0,0,0,0,0,0,0,0
31,305,51267921,54290792,22625,7918,88,7923,0,0,-18,0,-18,1,1,1,960,544.56,960,544.56,0,0,0,0,0,0,0,0
32,306,51796577,50385250,22257,7917,87,7922,0,0,-18,0,-18,1,1,1,960,544.56,960,544.56,0,0,0,0,0,0,0,0
33,307,47472752,48863292,22321,7917,87,7922,0,0,-18,0,-18,1,1,1,960,544.56,960,544.56,0,0,0,0,0,0,0,0
34,308,42923625,42941375,22397,7917,87,7922,0,0,-18,0,-18,1,1,1,960,544.56,960,544.56,0,0,0,0,0,0,0,0
35,309,43860957,42644083,22257,7917,87,7922,0,0,-18,0,-18,1,1,1,960,544.56,960,544.56,0,0,0,0,0,0,0,0
36,310,38667168,39892584,22321,7917,87,7922,0,0,-18,0,-18,1,1,1,960,544.56,960,544.56,0,0,0,0,0,0,0,0
37,311,39117835,39025125,22257,7917,87,7922,0,0,-18,0,-18,1,1,1,960,544.56,960,544.56,0,0,0,0,0,0,0,0
38,312,46067621,44865500,22345,7917,87,7922,0,0,-18,0,-18,1,1,1,960,544.56,960,544.56,0,0,0,0,0,0,0,0
39,313,39470579,40730791,22373,7917,90,7922,0,0,-18,0,-18,1,1,1,960,544.56,960,544.56,0,0,0,0,0,0,0,0
40,314,40139503,40099208,22257,7917,87,7922,0,0,-18,0,-18,1,1,1,960,544.56,960,544.56,0,0,0,0,0,0,0,0
41,315,41074998,39094375,22821,7917,87,7922,0,0,-18,0,-18,1,1,1,960,544.56,960,544.56,0,0,0,0,0,0,0,0
42,316,38432702,40377500,22625,7917,87,7922,0,0,-18,0,-18,1,1,1,960,544.56,960,544.56,0,0,0,0,0,0,0,0
43,317,38335792,38341583,22257,7917,87,7922,0,0,-18,0,-18,1,1,1,960,544.56,960,544.56,0,0,0,0,0,0,0,0
44,318,39458043,38361833,22257,7917,87,7922,0,0,-18,0,-18,1,1,1,960,544.56,960,544.56,0,0,0,0,0,0,0,0
45,319,39299793,40309583,22373,7917,87,7922,0,0,-18,0,-18,1,1,1,960,544.56,960,544.56,0,0,0,0,0,0,0,0
46,320,38668707,38674125,22345,7918,88,7923,0,0,-18,0,-18,1,1,1,960,544.56,960,544.56,0,0,0,0,0,0,0,0
47,321,39503373,38450459,22257,7917,87,7922,0,0,-18,0,-18,1,1,1,960,544.56,960,544.56,0,0,0,0,0,0,0,0
48,322,38497872,39468500,22321,7917,87,7922,0,0,-18,0,-18,1,1,1,960,544.56,960,544.56,0,0,0,0,0,0,0,0
49,323,42522959,42524416,22257,7917,87,7922,0,0,-18,0,-18,1,1,1,960,544.56,960,544.56,0,0,0,0,0,0,0,0
50,324,45974377,44447583,22345,7917,87,7922,0,0,-18,0,-18,1,1,1,960,544.56,960,544.56,0,0,0,0,0,0,0,0
51,325,47438208,48920125,22373,7917,87,7922,0,0,-18,0,-18,1,1,1,960,544.56,960,544.56,0,0,0,0,0,0,0,0
52,326,48051666,47997333,22257,7917,90,7922,0,0,-18,0,-18,1,1,1,960,544.56,960,544.56,0,0,0,0,0,0,0,0
53,327,55844627,52498291,22821,7917,87,7922,0,0,-18,0,-18,1,1,1,960,544.56,960,544.56,0,0,0,0,0,0,0,0
54,328,61396498,64278375,22625,7917,87,7922,0,0,-18,0,-18,1,1,1,960,544.56,960,544.56,0,0,0,0,0,0,0,0
55,329,65631829,63698583,22309,7917,87,7922,0,0,-18,0,-18,1,1,1,960,544.56,960,544.56,0,0,0,0,0,0,0,0
56,330,62966294,65051875,22321,7917,87,7922,0,0,-18,0,-18,1,1,1,960,544.56,960,544.56,0,0,0,0,0,0,0,0
57,331,67066170,65322750,22345,7917,87,7922,0,0,-18,0,-18,1,1,1,960,544.56,960,544.56,0,0,0,0,0,0,0,0
58,332,62734119,64464667,22321,7917,87,7922,0,0,-18,0,-18,1,1,1,960,544.56,960,544.56,0,0,0,0,0,0,0,0
59,333,59256754,57656416,22309,7917,87,7922,0,0,-18,0,-18,1,1,1,960,544.56,960,544.56,0,0,0,0,0,0,0,0
60,334,50313875,51949333,22409,7917,90,7922,0,0,-18,0,-18,1,1,1,960,544.56,960,544.56,0,0,0,0,0,0,0,0
61,335,54623249,51933583,22821,7918,88,7923,0,0,-18,0,-18,1,1,1,960,544.56,960,544.56,0,0,0,0,0,0,0,0
62,336,49641419,52180334,22537,7917,87,7922,0,0,-18,0,-18,1,1,1,960,544.56,960,544.56,0,0,0,0,0,0,0,0
63,337,59032540,57463042,22397,7917,87,7922,0,0,-18,0,-18,1,1,1,960,544.56,960,544.56,0,0,0,0,0,0,0,0
64,338,55539958,57042958,22321,7917,87,7922,0,0,-18,0,-18,1,1,1,960,544.56,960,544.56,0,0,0,0,0,0,0,0
65,339,58906413,57441833,22257,7917,87,7922,0,0,-18,0,-18,1,1,1,960,544.56,960,544.56,0,0,0,0,0,0,0,0
66,340,52721336,54303000,22409,7917,87,7922,0,0,-18,0,-18,1,1,1,960,544.56,960,544.56,0,0,0,0,0,0,0,0
67,341,58855164,57444334,22309,7917,87,7922,0,0,-18,0,-18,1,1,1,960,544.56,960,544.56,0,0,0,0,0,0,0,0
68,342,61810586,63073792,22321,7917,87,7922,0,0,-18,0,-18,1,1,1,960,544.56,960,544.56,0,0,0,0,0,0,0,0
69,343,53928535,52197750,22345,7917,90,7922,0,0,-18,0,-18,1,1,1,960,544.56,960,544.56,0,0,0,0,0,0,0,0
70,344,54319500,54247125,22885,7917,87,7922,0,0,-18,0,-18,1,1,1,960,544.56,960,544.56,0,0,0,0,0,0,0,0
71,345,53823001,54080708,22525,7917,87,7922,0,0,-18,0,-18,1,1,1,960,544.56,960,544.56,0,0,0,0,0,0,0,0
72,346,54132580,55603500,22409,7917,87,7922,0,0,-18,0,-18,1,1,1,960,544.56,960,544.56,0,0,0,0,0,0,0,0
73,347,55768210,54279333,22257,7917,87,7922,0,0,-18,0,-18,1,1,1,960,544.56,960,544.56,0,0,0,0,0,0,0,0
74,348,55531624,56993542,22321,7917,87,7922,0,0,-18,0,-18,1,1,1,960,544.56,960,544.56,0,0,0,0,0,0,0,0
75,349,55853243,54415791,22397,7917,87,7922,0,0,-18,0,-18,1,1,1,960,544.56,960,544.56,0,0,0,0,0,0,0,0
76,350,52814129,54271500,22321,7918,88,7923,0,0,-18,0,-18,1,1,1,960,544.56,960,544.56,0,0,0,0,0,0,0,0
77,351,55861458,54384791,22257,7917,87,7922,0,0,-18,0,-18,1,1,1,960,544.56,960,544.56,0,0,0,0,0,0,0,0
78,352,48703867,50189458,22409,7917,90,7922,0,0,-18,0,-18,1,1,1,960,544.56,960,544.56,0,0,0,0,0,0,0,0
79,353,42650751,42654125,22309,7917,87,7922,0,0,-18,0,-18,1,1,1,960,544.56,960,544.56,0,0,0,0,0,0,0,0
80,354,44443879,42285542,22821,7917,87,7922,0,0,-18,0,-18,1,1,1,960,544.56,960,544.56,0,0,0,0,0,0,0,0
81,355,38337413,40463125,22537,7917,87,7922,0,0,-18,0,-18,1,1,1,960,544.56,960,544.56,0,0,0,0,0,0,0,0
82,356,37372086,37390750,22345,7917,87,7922,0,0,-18,0,-18,1,1,1,960,544.56,960,544.56,0,0,0,0,0,0,0,0
83,357,38623496,37524167,22257,7917,87,7922,0,0,-18,0,-18,1,1,1,960,544.56,960,544.56,0,0,0,0,0,0,0,0
84,358,35981375,37039000,22373,7917,87,7922,0,0,-18,0,-18,1,1,1,960,544.56,960,544.56,0,0,0,0,0,0,0,0
85,359,37273745,37252250,22257,7917,87,7922,0,0,-18,0,-18,1,1,1,960,544.56,960,544.56,0,0,0,0,0,0,0,0
86,360,40011707,38848916,22257,7917,87,7922,0,0,-18,0,-18,1,1,1,960,544.56,960,544.56,0,0,0,0,0,0,0,0
87,361,39203166,40329208,22409,7917,87,7922,0,0,-18,0,-18,1,1,1,960,544.56,960,544.56,0,0,0,0,0,0,0,0
88,362,41069544,41062250,22257,7917,87,7922,0,0,-18,0,-18,1,1,1,960,544.56,960,544.56,0,0,0,0,0,0,0,0
89,363,47974959,46688041,22257,7917,87,7922,0,0,-18,0,-18,1,1,1,960,544.56,960,544.56,0,0,0,0,0,0,0,0
90,364,43249044,44378333,22373,7917,90,7922,0,0,-18,0,-18,1,1,1,960,544.56,960,544.56,0,0,0,0,0,0,0,0
91,365,43808538,43900291,22345,7918,88,7923,0,0,-18,0,-18,1,1,1,960,544.56,960,544.56,0,0,0,0,0,0,0,0
92,366,54717503,51666084,22821,7917,87,7922,0,0,-18,0,-18,1,1,1,960,544.56,960,544.56,0,0,0,0,0,0,0,0
93,367,55940829,58394625,22537,7917,87,7922,0,0,-18,0,-18,1,1,1,960,544.56,960,544.56,0,0,0,0,0,0,0,0
94,368,65762169,64346375,22345,7917,87,7922,0,0,-18,0,-18,1,1,1,960,544.56,960,544.56,0,0,0,0,0,0,0,0
95,369,60652747,62254291,22373,7917,87,7922,0,0,-18,0,-18,1,1,1,960,544.56,960,544.56,0,0,0,0,0,0,0,0
96,370,60005668,58374667,22257,7917,87,7922,0,0,-18,0,-18,1,1,1,960,544.56,960,544.56,0,0,0,0,0,0,0,0
97,371,55447421,57166500,22409,7917,87,7922,0,0,-18,0,-18,1,1,1,960,544.56,960,544.56,0,0,0,0,0,0,0,0
98,372,56719869,54950208,22257,7917,87,7922,0,0,-18,0,-18,1,1,1,960,544.56,960,544.56,0,0,0,0,0,0,0,0
99,373,60113959,61692375,22373,7917,87,7922,0,0,-18,0,-18,1,1,1,960,544.56,960,544.56,0,0,0,0,0,0,0,0
100,374,55643707,54395000,22345,7917,90,7922,0,0,-18,0,-18,1,1,1,960,544.56,960,544.56,0,0,0,0,0,0,0,0
101,375,54251588,54107625,22885,7917,87,7922,0,0,-18,0,-18,1,1,1,960,544.56,960,544.56,0,0,0,0,0,0,0,0
102,376,54842997,54860083,22473,7917,87,7922,0,0,-18,0,-18,1,1,1,960,544.56,960,544.56,0,0,0,0,0,0,0,0
103,377,53018290,54462333,22461,7917,87,7922,0,0,-18,0,-18,1,1,1,960,544.56,960,544.56,0,0,0,0,0,0,0,0
104,378,53926836,52514458,22257,7917,87,7922,0,0,-18,0,-18,1,1,1,960,544.56,960,544.56,0,0,0,0,0,0,0,0
105,379,55472627,56758334,22321,7917,87,7922,0,0,-18,0,-18,1,1,1,960,544.56,960,544.56,0,0,0,0,0,0,0,0
106,380,54218579,52918916,22345,7918,88,7923,0,0,-18,0,-18,1,1,1,960,544.56,960,544.56,0,0,0,0,0,0,0,0
107,381,51947079,53218250,22373,7917,87,7922,0,0,-18,0,-18,1,1,1,960,544.56,960,544.56,0,0,0,0,0,0,0,0
108,382,63530668,62090833,22257,7917,87,7922,0,0,-18,0,-18,1,1,1,960,544.56,960,544.56,0,0,0,0,0,0,0,0
109,383,52372422,53821834,22409,7917,90,7922,0,0,-18,0,-18,1,1,1,960,544.56,960,544.56,0,0,0,0,0,0,0,0
110,384,56171663,52852292,22821,7917,87,7922,0,0,-18,0,-18,1,1,1,960,544.56,960,544.56,0,0,0,0,0,0,0,0
111,385,52338540,55562959,22589,7917,87,7922,0,0,-18,0,-18,1,1,1,960,544.56,960,544.56,0,0,0,0,0,0,0,0
112,386,51743295,50336208,22345,7917,87,7922,0,0,-18,0,-18,1,1,1,960,544.56,960,544.56,0,0,0,0,0,0,0,0
113,387,47504704,49014667,22321,7917,87,7922,0,0,-18,0,-18,1,1,1,960,544.56,960,544.56,0,0,0,0,0,0,0,0
114,388,42579252,42493917,22257,7917,87,7922,0,0,-18,0,-18,1,1,1,960,544.56,960,544.56,0,0,0,0,0,0,0,0
115,389,44043496,42856875,22257,7917,87,7922,0,0,-18,0,-18,1,1,1,960,544.56,960,544.56,0,0,0,0,0,0,0,0
116,390,39141673,40399583,22461,7917,87,7922,0,0,-18,0,-18,1,1,1,960,544.56,960,544.56,0,0,0,0,0,0,0,0
117,391,37978749,37967584,22257,7917,87,7922,0,0,-18,0,-18,1,1,1,960,544.56,960,544.56,0,0,0,0,0,0,0,0
118,392,45574743,44442166,22257,7917,87,7922,0,0,-18,0,-18,1,1,1,960,544.56,960,544.56,0,0,0,0,0,0,0,0
119,393,43169669,44131584,22321,7917,90,7922,0,0,-18,0,-18,1,1,1,960,544.56,960,544.56,0,0,0,0,0,0,0,0
120,394,44944245,44837583,22345,7917,87,7922,0,0,-18,0,-18,1,1,1,960,544.56,960,544.56,0,0,0,0,0,0,0,0
121,395,46055380,43348500,22873,7918,88,7923,0,0,-18,0,-18,1,1,1,960,544.56,960,544.56,0,0,0,0,0,0,0,0
122,396,49288455,51933666,22537,7917,87,7922,0,0,-18,0,-18,1,1,1,960,544.56,960,544.56,0,0,0,0,0,0,0,0
123,397,57495251,55730500,22257,7917,87,7922,0,0,-18,0,-18,1,1,1,960,544.56,960,544.56,0,0,0,0,0,0,0,0
124,398,62203459,63851416,22409,7917,87,7922,0,0,-18,0,-18,1,1,1,960,544.56,960,544.56,0,0,0,0,0,0,0,0
125,399,66928416,64840792,22309,7917,87,7922,0,0,-18,0,-18,1,1,1,960,544.56,960,544.56,0,0,0,0,0,0,0,0
126,400,55614121,57726333,22321,7917,87,7922,0,0,-18,0,-18,1,1,1,960,544.56,960,544.56,0,0,0,0,0,0,0,0
127,401,59516999,57642250,22345,7917,87,7922,0,0,-18,0,-18,1,1,1,960,544.56,960,544.56,0,0,0,0,0,0,0,0
128,402,51930669,53744334,22321,7917,90,7922,0,0,-18,0,-18,1,1,1,960,544.56,960,544.56,0,0,0,0,0,0,0,0
129,403,54605167,51929666,22309,7917,87,7922,0,0,-18,0,-18,1,1,1,960,544.56,960,544.56,0,0,0,0,0,0,0,0
130,404,49397043,52066000,23189,7917,87,7922,0,0,-18,0,-18,1,1,1,960,544.56,960,544.56,0,0,0,0,0,0,0,0
131,405,58554287,56654667,22257,7917,87,7922,0,0,-18,0,-18,1,1,1,960,544.56,960,544.56,0,0,0,0,0,0,0,0
132,406,52903003,54717958,22321,7917,87,7922,0,0,-18,0,-18,1,1,1,960,544.56,960,544.56,0,0,0,0,0,0,0,0
133,407,55893827,54501250,22397,7917,87,7922,0,0,-18,0,-18,1,1,1,960,544.56,960,544.56,0,0,0,0,0,0,0,0
134,408,53041417,54340375,22321,7917,87,7922,0,0,-18,0,-18,1,1,1,960,544.56,960,544.56,0,0,0,0,0,0,0,0
135,409,58730456,57074167,22257,7917,87,7922,0,0,-18,0,-18,1,1,1,960,544.56,960,544.56,0,0,0,0,0,0,0,0
136,410,55906504,57651417,22409,7918,88,7923,0,0,-18,0,-18,1,1,1,960,544.56,960,544.56,0,0,0,0,0,0,0,0
137,411,55056326,53614541,22309,7917,90,7922,0,0,-18,0,-18,1,1,1,960,544.56,960,544.56,0,0,0,0,0,0,0,0
138,412,49953166,51296541,22321,7917,87,7922,0,0,-18,0,-18,1,1,1,960,544.56,960,544.56,0,0,0,0,0,0,0,0
139,413,55383920,52510041,22909,7917,87,7922,0,0,-18,0,-18,1,1,1,960,544.56,960,544.56,0,0,0,0,0,0,0,0
140,414,49475494,52267583,22537,7917,87,7922,0,0,-18,0,-18,1,1,1,960,544.56,960,544.56,0,0,0,0,0,0,0,0
141,415,52782665,51016459,22309,7917,87,7922,0,0,-18,0,-18,1,1,1,960,544.56,960,544.56,0,0,0,0,0,0,0,0
142,416,53863499,55666208,22409,7917,87,7922,0,0,-18,0,-18,1,1,1,960,544.56,960,544.56,0,0,0,0,0,0,0,0
143,417,51464207,50032500,22257,7917,87,7922,0,0,-18,0,-18,1,1,1,960,544.56,960,544.56,0,0,0,0,0,0,0,0
144,418,45254465,46638458,22321,7917,87,7922,0,0,-18,0,-18,1,1,1,960,544.56,960,544.56,0,0,0,0,0,0,0,0
145,419,42463831,42509291,22397,7917,87,7922,0,0,-18,0,-18,1,1,1,960,544.56,960,544.56,0,0,0,0,0,0,0,0
146,420,44375453,43337584,22257,7917,87,7922,0,0,-18,0,-18,1,1,1,960,544.56,960,544.56,0,0,0,0,0,0,0,0
147,421,36627963,37666542,22321,7917,90,7922,0,0,-18,0,-18,1,1,1,960,544.56,960,544.56,0,0,0,0,0,0,0,0
148,422,37806250,37674750,22257,7917,87,7922,0,0,-18,0,-18,1,1,1,960,544.56,960,544.56,0,0,0,0,0,0,0,0
149,423,37911832,36919958,22345,7917,87,7922,0,0,-18,0,-18,1,1,1,960,544.56,960,544.56,0,0,0,0,0,0,0,0
150,424,38096457,37935416,22885,7917,87,7922,0,0,-18,0,-18,1,1,1,960,544.56,960,544.56,0,0,0,0,0,0,0,0
151,425,39674751,40868916,22525,7918,88,7923,0,0,-18,0,-18,1,1,1,960,544.56,960,544.56,0,0,0,0,0,0,0,0
152,426,41321039,40230792,22257,7917,87,7922,0,0,-18,0,-18,1,1,1,960,544.56,960,544.56,0,0,0,0,0,0,0,0
153,427,39439667,40485000,22409,7917,87,7922,0,0,-18,0,-18,1,1,1,960,544.56,960,544.56,0,0,0,0,0,0,0,0
154,428,39743620,39773875,22257,7917,87,7922,0,0,-18,0,-18,1,1,1,960,544.56,960,544.56,0,0,0,0,0,0,0,0
155,429,43884418,42608875,22257,7917,87,7922,0,0,-18,0,-18,1,1,1,960,544.56,960,544.56,0,0,0,0,0,0,0,0
156,430,42410790,43548833,22373,7917,87,7922,0,0,-18,0,-18,1,1,1,960,544.56,960,544.56,0,0,0,0,0,0,0,0
157,431,44158667,44047208,22345,7917,87,7922,0,0,-18,0,-18,1,1,1,960,544.56,960,544.56,0,0,0,0,0,0,0,0
158,432,45593999,44401417,22257,7917,87,7922,0,0,-18,0,-18,1,1,1,960,544.56,960,544.56,0,0,0,0,0,0,0,0
159,433,53245168,54483500,22321,7917,87,7922,0,0,-18,0,-18,1,1,1,960,544.56,960,544.56,0,0,0,0,0,0,0,0
160,434,53979001,52523000,22257,7917,90,7922,0,0,-18,0,-18,1,1,1,960,544.56,960,544.56,0,0,0,0,0,0,0,0
161,435,63720501,63069750,23025,7917,87,7922,0,0,-18,0,-18,1,1,1,960,544.56,960,544.56,0,0,0,0,0,0,0,0
162,436,62201581,62145583,22473,7917,87,7922,0,0,-18,0,-18,1,1,1,960,544.56,960,544.56,0,0,0,0,0,0,0,0
163,437,58910083,60761042,22321,7917,87,7922,0,0,-18,0,-18,1,1,1,960,544.56,960,544.56,0,0,0,0,0,0,0,0
164,438,60781914,59279875,22345,7917,87,7922,0,0,-18,0,-18,1,1,1,960,544.56,960,544.56,0,0,0,0,0,0,0,0
165,439,53673293,55343375,22373,7917,87,7922,0,0,-18,0,-18,1,1,1,960,544.56,960,544.56,0,0,0,0,0,0,0,0
166,440,53789164,52216000,22257,7918,88,7923,0,0,-18,0,-18,1,1,1,960,544.56,960,544.56,0,0,0,0,0,0,0,0
167,441,59800922,61317125,22409,7917,87,7922,0,0,-18,0,-18,1,1,1,960,544.56,960,544.56,0,0,0,0,0,0,0,0
168,442,54293118,52861792,22257,7917,90,7922,0,0,-18,0,-18,1,1,1,960,544.56,960,544.56,0,0,0,0,0,0,0,0
169,443,51799878,53114041,22373,7917,87,7922,0,0,-18,0,-18,1,1,1,960,544.56,960,544.56,0,0,0,0,0,0,0,0
170,444,59978328,56578500,22909,7917,87,7922,0,0,-18,0,-18,1,1,1,960,544.56,960,544.56,0,0,0,0,0,0,0,0
171,445,53602211,56798000,22537,7917,87,7922,0,0,-18,0,-18,1,1,1,960,544.56,960,544.56,0,0,0,0,0,0,0,0
172,446,55757958,54290708,22257,7917,87,7922,0,0,-18,0,-18,1,1,1,960,544.56,960,544.56,0,0,0,0,0,0,0,0
173,447,55203586,56759458,22461,7917,87,7922,0,0,-18,0,-18,1,1,1,960,544.56,960,544.56,0,0,0,0,0,0,0,0
174,448,58989576,57528875,22257,7917,87,7922,0,0,-18,0,-18,1,1,1,960,544.56,960,544.56,0,0,0,0,0,0,0,0
175,449,57460792,58873625,22321,7917,87,7922,0,0,-18,0,-18,1,1,1,960,544.56,960,544.56,0,0,0,0,0,0,0,0
176,450,63467711,62098166,22345,7917,87,7922,0,0,-18,0,-18,1,1,1,960,544.56,960,544.56,0,0,0,0,0,0,0,0
177,451,55394168,56820584,22373,7917,90,7922,0,0,-18,0,-18,1,1,1,960,544.56,960,544.56,0,0,0,0,0,0,0,0
178,452,60080498,57297250,22821,7917,87,7922,0,0,-18,0,-18,1,1,1,960,544.56,960,544.56,0,0,0,0,0,0,0,0
179,453,50989549,53658666,22625,7917,87,7922,0,0,-18,0,-18,1,1,1,960,544.56,960,544.56,0,0,0,0,0,0,0,0
180,454,56095413,54494292,22257,7917,87,7922,0,0,-18,0,-18,1,1,1,960,544.56,960,544.56,0,0,0,0,0,0,0,0
181,455,54281916,55739709,22373,7918,88,7923,0,0,-18,0,-18,1,1,1,960,544.56,960,544.56,0,0,0,0,0,0,0,0
182,456,59835333,58132291,22345,7917,87,7922,0,0,-18,0,-18,1,1,1,960,544.56,960,544.56,0,0,0,0,0,0,0,0
183,457,57964250,59790875,22321,7917,87,7922,0,0,-18,0,-18,1,1,1,960,544.56,960,544.56,0,0,0,0,0,0,0,0
184,458,52089206,50503583,22257,7917,87,7922,0,0,-18,0,-18,1,1,1,960,544.56,960,544.56,0,0,0,0,0,0,0,0
185,459,51009878,52595167,22461,7917,87,7922,0,0,-18,0,-18,1,1,1,960,544.56,960,544.56,0,0,0,0,0,0,0,0
186,460,41922830,41943500,22257,7917,90,7922,0,0,-18,0,-18,1,1,1,960,544.56,960,544.56,0,0,0,0,0,0,0,0
187,461,43323710,42202792,22257,7917,87,7922,0,0,-18,0,-18,1,1,1,960,544.56,960,544.56,0,0,0,0,0,0,0,0
188,462,36991119,36922667,22885,7917,87,7922,0,0,-18,0,-18,1,1,1,960,544.56,960,544.56,0,0,0,0,0,0,0,0
189,463,35517752,36645208,22561,7917,87,7922,0,0,-18,0,-18,1,1,1,960,544.56,960,544.56,0,0,0,0,0,0,0,0
190,464,38188748,37132209,22309,7917,87,7922,0,0,-18,0,-18,1,1,1,960,544.56,960,544.56,0,0,0,0,0,0,0,0
191,465,36578379,37602875,22321,7917,87,7922,0,0,-18,0,-18,1,1,1,960,544.56,960,544.56,0,0,0,0,0,0,0,0
192,466,37203621,37212542,22257,7917,87,7922,0,0,-18,0,-18,1,1,1,960,544.56,960,544.56,0,0,0,0,0,0,0,0
193,467,39972838,38642083,22257,7917,87,7922,0,0,-18,0,-18,1,1,1,960,544.56,960,544.56,0,0,0,0,0,0,0,0
194,468,40268160,41570500,22409,7917,87,7922,0,0,-18,0,-18,1,1,1,960,544.56,960,544.56,0,0,0,0,0,0,0,0
195,469,40562789,40468625,22257,7917,87,7922,0,0,-18,0,-18,1,1,1,960,544.56,960,544.56,0,0,0,0,0,0,0,0
196,470,41527748,40320958,22309,7918,88,7923,0,0,-18,0,-18,1,1,1,960,544.56,960,544.56,0,0,0,0,0,0,0,0
197,471,42953543,44104042,22321,7917,87,7922,0,0,-18,0,-18,1,1,1,960,544.56,960,544.56,0,0,0,0,0,0,0,0
198,472,38587082,38637791,22345,7917,90,7922,0,0,-18,0,-18,1,1,1,960,544.56,960,544.56,0,0,0,0,0,0,0,0
199,473,41722249,40465333,22257,7917,87,7922,0,0,-18,0,-18,1,1,1,960,544.56,960,544.56,0,0,0,0,0,0,0,0
200,474,40516044,41682417,22321,7917,87,7922,0,0,-18,0,-18,1,1,1,960,544.56,960,544.56,0,0,0,0,0,0,0,0
201,475,44644501,43371667,22873,7917,87,7922,0,0,-18,0,-18,1,1,1,960,544.56,960,544.56,0,0,0,0,0,0,0,0
202,476,44480875,44574583,22561,7917,87,7922,0,0,-18,0,-18,1,1,1,960,544.56,960,544.56,0,0,0,0,0,0,0,0
203,477,42732417,43825917,22321,7917,87,7922,0,0,-18,0,-18,1,1,1,960,544.56,960,544.56,0,0,0,0,0,0,0,0
204,478,49736414,49677000,22257,7917,87,7922,0,0,-18,0,-18,1,1,1,960,544.56,960,544.56,0,0,0,0,0,0,0,0
205,479,53401999,51934166,22257,7917,87,7922,0,0,-18,0,-18,1,1,1,960,544.56,960,544.56,0,0,0,0,0,0,0,0
206,480,57280335,58644292,22461,7917,87,7922,0,0,-18,0,-18,1,1,1,960,544.56,960,544.56,0,0,0,0,0,0,0,0
207,481,65874248,63891708,22257,7917,87,7922,0,0,-18,0,-18,1,1,1,960,544.56,960,544.56,0,0,0,0,0,0,0,0
208,482,67628748,69455708,22321,7917,87,7922,0,0,-18,0,-18,1,1,1,960,544.56,960,544.56,0,0,0,0,0,0,0,0
209,483,66796921,65087458,22345,7917,90,7922,0,0,-18,0,-18,1,1,1,960,544.56,960,544.56,0,0,0,0,0,0,0,0
210,484,64822919,64623125,22937,7917,87,7922,0,0,-18,0,-18,1,1,1,960,544.56,960,544.56,0,0,0,0,0,0,0,0
211,485,66899165,66563750,22473,7918,88,7923,0,0,-18,0,-18,1,1,1,960,544.56,960,544.56,0,0,0,0,0,0,0,0
212,486,58622837,60893083,22409,7917,87,7922,0,0,-18,0,-18,1,1,1,960,544.56,960,544.56,0,0,0,0,0,0,0,0
213,487,53786620,52269792,22257,7917,87,7922,0,0,-18,0,-18,1,1,1,960,544.56,960,544.56,0,0,0,0,0,0,0,0
214,488,50157915,51586417,22373,7917,87,7922,0,0,-18,0,-18,1,1,1,960,544.56,960,544.56,0,0,0,0,0,0,0,0
215,489,58491084,56849209,22345,7917,87,7922,0,0,-18,0,-18,1,1,1,960,544.56,960,544.56,0,0,0,0,0,0,0,0
216,490,54722584,56401417,22321,7917,87,7922,0,0,-18,0,-18,1,1,1,960,544.56,960,544.56,0,0,0,0,0,0,0,0
217,491,56451667,54867042,22257,7917,90,7922,0,0,-18,0,-18,1,1,1,960,544.56,960,544.56,0,0,0,0,0,0,0,0
218,492,51546379,51546083,23025,7917,87,7922,0,0,-18,0,-18,1,1,1,960,544.56,960,544.56,0,0,0,0,0,0,0,0
219,493,57891163,57834667,22473,7917,87,7922,0,0,-18,0,-18,1,1,1,960,544.56,960,544.56,0,0,0,0,0,0,0,0
220,494,53844168,55259709,22321,7917,87,7922,0,0,-18,0,-18,1,1,1,960,544.56,960,544.56,0,0,0,0,0,0,0,0
221,495,55296082,53732000,22345,7917,87,7922,0,0,-18,0,-18,1,1,1,960,544.56,960,544.56,0,0,0,0,0,0,0,0
222,496,53326416,54798958,22373,7917,87,7922,0,0,-18,0,-18,1,1,1,960,544.56,960,544.56,0,0,0,0,0,0,0,0
223,497,57076502,55585084,22257,7917,87,7922,0,0,-18,0,-18,1,1,1,960,544.56,960,544.56,0,0,0,0,0,0,0,0
224,498,53073249,54694542,22409,7917,87,7922,0,0,-18,0,-18,1,1,1,960,544.56,960,544.56,0,0,0,0,0,0,0,0
225,499,59218663,57573292,22257,7917,87,7922,0,0,-18,0,-18,1,1,1,960,544.56,960,544.56,0,0,0,0,0,0,0,0
226,500,50427254,51864750,22373,7918,91,7923,0,0,-18,0,-18,1,1,1,960,544.56,960,544.56,0,0,0,0,0,0,0,0
227,501,53025290,51737750,22345,7917,87,7922,0,0,-18,0,-18,1,1,1,960,544.56,960,544.56,0,0,0,0,0,0,0,0
228,502,51041785,50964958,22885,7917,87,7922,0,0,-18,0,-18,1,1,1,960,544.56,960,544.56,0,0,0,0,0,0,0,0
229,503,45412123,46933125,22473,7917,87,7922,0,0,-18,0,-18,1,1,1,960,544.56,960,544.56,0,0,0,0,0,0,0,0
230,504,43951835,42676417,22309,7917,87,7922,0,0,-18,0,-18,1,1,1,960,544.56,960,544.56,0,0,0,0,0,0,0,0
231,505,40882583,42137959,22409,7917,87,7922,0,0,-18,0,-18,1,1,1,960,544.56,960,544.56,0,0,0,0,0,0,0,0
232,506,41341625,41304666,22257,7917,87,7922,0,0,-18,0,-18,1,1,1,960,544.56,960,544.56,0,0,0,0,0,0,0,0
233,507,39798088,38757292,22257,7917,87,7922,0,0,-18,0,-18,1,1,1,960,544.56,960,544.56,0,0,0,0,0,0,0,0
234,508,36996413,37914542,22321,7917,87,7922,0,0,-18,0,-18,1,1,1,960,544.56,960,544.56,0,0,0,0,0,0,0,0
235,509,40106914,40225000,22397,7917,87,7922,0,0,-18,0,-18,1,1,1,960,544.56,960,544.56,0,0,0,0,0,0,0,0
236,510,43690335,42564625,22257,7917,87,7922,0,0,-18,0,-18,1,1,1,960,544.56,960,544.56,0,0,0,0,0,0,0,0
237,511,39209332,40286292,22321,7917,90,7922,0,0,-18,0,-18,1,1,1,960,544.56,960,544.56,0,0,0,0,0,0,0,0
238,512,38852587,38764625,22257,7917,87,7922,0,0,-18,0,-18,1,1,1,960,544.56,960,544.56,0,0,0,0,0,0,0,0
239,513,42126417,40264292,22345,7917,87,7922,0,0,-18,0,-18,1,1,1,960,544.56,960,544.56,0,0,0,0,0,0,0,0
240,514,37823036,39602875,23153,7917,87,7922,0,0,-18,0,-18,1,1,1,960,544.56,960,544.56,0,0,0,0,0,0,0,0
241,515,41588086,41696334,22257,7918,88,7923,0,0,-18,0,-18,1,1,1,960,544.56,960,544.56,0,0,0,0,0,0,0,0
242,516,44681746,43327792,22257,7917,87,7922,0,0,-18,0,-18,1,1,1,960,544.56,960,544.56,0,0,0,0,0,0,0,0
243,517,43617706,44854833,22409,7917,87,7922,0,0,-18,0,-18,1,1,1,960,544.56,960,544.56,0,0,0,0,0,0,0,0
244,518,44647753,44550875,22257,7917,87,7922,0,0,-18,0,-18,1,1,1,960,544.56,960,544.56,0,0,0,0,0,0,0,0
245,519,49701914,48350917,22309,7917,87,7922,0,0,-18,0,-18,1,1,1,960,544.56,960,544.56,0,0,0,0,0,0,0,0
246,520,50579294,51866709,22321,7917,87,7922,0,0,-18,0,-18,1,1,1,960,544.56,960,544.56,0,0,0,0,0,0,0,0
247,521,54754372,53008500,22345,7917,87,7922,0,0,-18,0,-18,1,1,1,960,544.56,960,544.56,0,0,0,0,0,0,0,0
248,522,66080048,67734833,22321,7917,87,7922,0,0,-18,0,-18,1,1,1,960,544.56,960,544.56,0,0,0,0,0,0,0,0
249,523,64888581,63062375,22309,7917,90,7922,0,0,-18,0,-18,1,1,1,960,544.56,960,544.56,0,0,0,0,0,0,0,0
250,524,58498080,58845625,22973,7917,87,7922,0,0,-18,0,-18,1,1,1,960,544.56,960,544.56,0,0,0,0,0,0,0,0
251,525,54751921,54861958,22473,7917,87,7922,0,0,-18,0,-18,1,1,1,960,544.56,960,544.56,0,0,0,0,0,0,0,0
252,526,53831830,54837084,22321,7917,87,7922,0,0,-18,0,-18,1,1,1,960,544.56,960,544.56,0,0,0,0,0,0,0,0
253,527,53326085,52191625,22397,7917,87,7922,0,0,-18,0,-18,1,1,1,960,544.56,960,544.56,0,0,0,0,0,0,0,0
254,528,54294835,55758375,22321,7917,87,7922,0,0,-18,0,-18,1,1,1,960,544.56,960,544.56,0,0,0,0,0,0,0,0
255,529,54721917,53099584,22257,7917,87,7922,0,0,-18,0,-18,1,1,1,960,544.56,960,544.56,0,0,0,0,0,0,0,0
256,530,54078910,55651208,22409,7918,88,7923,0,0,-18,0,-18,1,1,1,960,544.56,960,544.56,0,0,0,0,0,0,0,0
257,531,55873379,54310458,22309,7917,90,7922,0,0,-18,0,-18,1,1,1,960,544.56,960,544.56,0,0,0,0,0,0,0,0
258,532,53019210,54393084,22321,7917,87,7922,0,0,-18,0,-18,1,1,1,960,544.56,960,544.56,0,0,0,0,0,0,0,0
259,533,55312208,52061791,22909,7917,87,7922,0,0,-18,0,-18,1,1,1,960,544.56,960,544.56,0,0,0,0,0,0,0,0
260,534,53174871,56509417,22537,7917,87,7922,0,0,-18,0,-18,1,1,1,960,544.56,960,544.56,0,0,0,0,0,0,0,0
261,535,53423915,51854000,22309,7917,87,7922,0,0,-18,0,-18,1,1,1,960,544.56,960,544.56,0,0,0,0,0,0,0,0
262,536,50239123,51737167,22409,7917,87,7922,0,0,-18,0,-18,1,1,1,960,544.56,960,544.56,0,0,0,0,0,0,0,0
263,537,56440085,54840042,22257,7917,87,7922,0,0,-18,0,-18,1,1,1,960,544.56,960,544.56,0,0,0,0,0,0,0,0
264,538,54925162,56374333,22321,7917,87,7922,0,0,-18,0,-18,1,1,1,960,544.56,960,544.56,0,0,0,0,0,0,0,0
265,539,58353252,56653125,22397,7917,87,7922,0,0,-18,0,-18,1,1,1,960,544.56,960,544.56,0,0,0,0,0,0,0,0
266,540,56841291,58620792,22321,7917,87,7922,0,0,-18,0,-18,1,1,1,960,544.56,960,544.56,0,0,0,0,0,0,0,0
267,541,51831163,50261500,22257,7917,90,7922,0,0,-18,0,-18,1,1,1,960,544.56,960,544.56,0,0,0,0,0,0,0,0
268,542,47860004,48224792,22973,7917,87,7922,0,0,-18,0,-18,1,1,1,960,544.56,960,544.56,0,0,0,0,0,0,0,0
269,543,41806787,43017917,22525,7917,87,7922,0,0,-18,0,-18,1,1,1,960,544.56,960,544.56,0,0,0,0,0,0,0,0
270,544,43939668,42715459,22257,7917,87,7922,0,0,-18,0,-18,1,1,1,960,544.56,960,544.56,0,0,0,0,0,0,0,0
271,545,40479995,41645375,22321,7918,88,7923,0,0,-18,0,-18,1,1,1,960,544.56,960,544.56,0,0,0,0,0,0,0,0
272,546,36949545,37008875,22345,7917,87,7922,0,0,-18,0,-18,1,1,1,960,544.56,960,544.56,0,0,0,0,0,0,0,0
273,547,39536330,38432125,22257,7917,87,7922,0,0,-18,0,-18,1,1,1,960,544.56,960,544.56,0,0,0,0,0,0,0,0
274,548,38148667,39078625,22373,7917,87,7922,0,0,-18,0,-18,1,1,1,960,544.56,960,544.56,0,0,0,0,0,0,0,0
275,549,43574247,43445583,22257,7917,87,7922,0,0,-18,0,-18,1,1,1,960,544.56,960,544.56,0,0,0,0,0,0,0,0
276,550,45993793,44477625,22345,7917,87,7922,0,0,-18,0,-18,1,1,1,960,544.56,960,544.56,0,0,0,0,0,0,0,0
277,551,49159128,50635875,22321,7917,87,7922,0,0,-18,0,-18,1,1,1,960,544.56,960,544.56,0,0,0,0,0,0,0,0
278,552,53086869,51801583,22257,7917,90,7922,0,0,-18,0,-18,1,1,1,960,544.56,960,544.56,0,0,0,0,0,0,0,0
279,553,60810834,60218792,22937,7917,87,7922,0,0,-18,0,-18,1,1,1,960,544.56,960,544.56,0,0,0,0,0,0,0,0
280,554,64373083,64189333,22561,7917,87,7922,0,0,-18,0,-18,1,1,1,960,544.56,960,544.56,0,0,0,0,0,0,0,0
281,555,62222454,64189541,22321,7917,87,7922,0,0,-18,0,-18,1,1,1,960,544.56,960,544.56,0,0,0,0,0,0,0,0
282,556,62708839,61358083,22257,7917,87,7922,0,0,-18,0,-18,1,1,1,960,544.56,960,544.56,0,0,0,0,0,0,0,0
283,557,55346164,56651417,22461,7917,87,7922,0,0,-18,0,-18,1,1,1,960,544.56,960,544.56,0,0,0,0,0,0,0,0
284,558,58695912,57060542,22257,7917,87,7922,0,0,-18,0,-18,1,1,1,960,544.56,960,544.56,0,0,0,0,0,0,0,0
285,559,58061089,59659500,22321,7917,87,7922,0,0,-18,0,-18,1,1,1,960,544.56,960,544.56,0,0,0,0,0,0,0,0
286,560,69899082,67866958,22345,7918,88,7923,0,0,-18,0,-18,1,1,1,960,544.56,960,544.56,0,0,0,0,0,0,0,0
287,561,64121790,64232833,22937,7917,90,7922,0,0,-18,0,-18,1,1,1,960,544.56,960,544.56,0,0,0,0,0,0,0,0
288,562,65331086,65298833,22473,7917,87,7922,0,0,-18,0,-18,1,1,1,960,544.56,960,544.56,0,0,0,0,0,0,0,0
289,563,55127996,57075166,22409,7917,87,7922,0,0,-18,0,-18,1,1,1,960,544.56,960,544.56,0,0,0,0,0,0,0,0
290,564,54851502,52912834,22257,7917,87,7922,0,0,-18,0,-18,1,1,1,960,544.56,960,544.56,0,0,0,0,0,0,0,0
291,565,55080123,56919625,22373,7917,87,7922,0,0,-18,0,-18,1,1,1,960,544.56,960,544.56,0,0,0,0,0,0,0,0
292,566,59495083,57369125,22345,7917,87,7922,0,0,-18,0,-18,1,1,1,960,544.56,960,544.56,0,0,0,0,0,0,0,0
293,567,54899957,56955459,22321,7917,87,7922,0,0,-18,0,-18,1,1,1,960,544.56,960,544.56,0,0,0,0,0,0,0,0
294,568,65507754,63644917,22257,7917,87,7922,0,0,-18,0,-18,1,1,1,960,544.56,960,544.56,0,0,0,0,0,0,0,0
295,569,60096003,61886750,22461,7917,90,7922,0,0,-18,0,-18,1,1,1,960,544.56,960,544.56,0,0,0,0,0,0,0,0
296,570,63234955,60054084,24941,7917,87,7922,0,0,-18,0,-18,1,1,1,960,544.56,960,544.56,0,0,0,0,0,0,0,0
297,571,58466665,61464875,50549,7917,87,7922,0,0,-18,0,-18,1,1,1,960,544.56,960,544.56,0,0,0,0,0,0,0,0
298,572,55148333,53683125,22345,7917,87,7922,0,0,-18,0,-18,1,1,1,960,544.56,960,544.56,0,0,0,0,0,0,0,0
299,573,54477706,56117250,22373,7917,87,7922,0,0,-18,0,-18,1,1,1,960,544.56,960,544.56,0,0,0,0,0,0,0,0
300,574,52238669,50723500,22257,7917,87,7922,0,0,-18,0,-18,1,1,1,960,544.56,960,544.56,0,0,0,0,0,0,0,0
301,575,48229124,49764917,22409,7918,88,7923,0,0,-18,0,-18,1,1,1,960,544.56,960,544.56,0,0,0,0,0,0,0,0
302,576,42192749,42168083,22257,7917,87,7922,0,0,-18,0,-18,1,1,1,960,544.56,960,544.56,0,0,0,0,0,0,0,0
303,577,45408997,44142250,22257,7917,87,7922,0,0,-18,0,-18,1,1,1,960,544.56,960,544.56,0,0,0,0,0,0,0,0
304,578,37733249,38930375,22373,7917,90,7922,0,0,-18,0,-18,1,1,1,960,544.56,960,544.56,0,0,0,0,0,0,0,0
305,579,37718247,37769250,22345,7917,87,7922,0,0,-18,0,-18,1,1,1,960,544.56,960,544.56,0,0,0,0,0,0,0,0
306,580,39198376,37240125,22821,7917,87,7922,0,0,-18,0,-18,1,1,1,960,544.56,960,544.56,0,0,0,0,0,0,0,0
307,581,36622542,38558417,22537,7917,87,7922,0,0,-18,0,-18,1,1,1,960,544.56,960,544.56,0,0,0,0,0,0,0,0
308,582,40726996,40622334,22257,7917,87,7922,0,0,-18,0,-18,1,1,1,960,544.56,960,544.56,0,0,0,0,0,0,0,0
309,583,43296463,42150333,22345,7917,87,7922,0,0,-18,0,-18,1,1,1,960,544.56,960,544.56,0,0,0,0,0,0,0,0
310,584,41166037,42325709,22373,7917,87,7922,0,0,-18,0,-18,1,1,1,960,544.56,960,544.56,0,0,0,0,0,0,0,0
311,585,42188875,42178625,22257,7917,87,7922,0,0,-18,0,-18,1,1,1,960,544.56,960,544.56,0,0,0,0,0,0,0,0
312,586,42539421,41402166,22257,7917,87,7922,0,0,-18,0,-18,1,1,1,960,544.56,960,544.56,0,0,0,0,0,0,0,0
313,587,38739122,39888291,22409,7917,87,7922,0,0,-18,0,-18,1,1,1,960,544.56,960,544.56,0,0,0,0,0,0,0,0
314,588,37579335,37502625,22257,7917,87,7922,0,0,-18,0,-18,1,1,1,960,544.56,960,544.56,0,0,0,0,0,0,0,0
315,589,45584458,44530625,22309,7917,87,7922,0,0,-18,0,-18,1,1,1,960,544.56,960,544.56,0,0,0,0,0,0,0,0
316,590,42584743,43541375,22321,7918,91,7923,0,0,-18,0,-18,1,1,1,960,544.56,960,544.56,0,0,0,0,0,0,0,0
317,591,44557590,44474834,22345,7917,87,7922,0,0,-18,0,-18,1,1,1,960,544.56,960,544.56,0,0,0,0,0,0,0,0
318,592,46652331,44346750,22821,7917,87,7922,0,0,-18,0,-18,1,1,1,960,544.56,960,544.56,0,0,0,0,0,0,0,0
319,593,44384494,46672333,22537,7917,87,7922,0,0,-18,0,-18,1,1,1,960,544.56,960,544.56,0,0,0,0,0,0,0,0
320,594,51762003,51651208,22309,7917,87,7922,0,0,-18,0,-18,1,1,1,960,544.56,960,544.56,0,0,0,0,0,0,0,0
321,595,58651246,56950625,22345,7917,87,7922,0,0,-18,0,-18,1,1,1,960,544.56,960,544.56,0,0,0,0,0,0,0,0
322,596,62295045,63871083,22321,7917,87,7922,0,0,-18,0,-18,1,1,1,960,544.56,960,544.56,0,0,0,0,0,0,0,0
323,597,66948167,65017417,22257,7917,87,7922,0,0,-18,0,-18,1,1,1,960,544.56,960,544.56,0,0,0,0,0,0,0,0
324,598,57463791,59511541,22461,7917,87,7922,0,0,-18,0,-18,1,1,1,960,544.56,960,544.56,0,0,0,0,0,0,0,0
325,599,61042375,59252917,22257,7917,87,7922,0,0,-18,0,-18,1,1,1,960,544.56,960,544.56,0,0,0,0,0,0,0,0
326,600,52414376,54080042,22321,7917,90,7922,0,0,-18,0,-18,1,1,1,960,544.56,960,544.56,0,0,0,0,0,0,0,0
327,601,54749164,52153084,22909,7917,87,7922,0,0,-18,0,-18,1,1,1,960,544.56,960,544.56,0,0,0,0,0,0,0,0
328,602,49247957,51895208,22589,7917,87,7922,0,0,-18,0,-18,1,1,1,960,544.56,960,544.56,0,0,0,0,0,0,0,0
329,603,53769081,51789209,22257,7917,87,7922,0,0,-18,0,-18,1,1,1,960,544.56,960,544.56,0,0,0,0,0,0,0,0
330,604,52344415,54265333,22409,7917,87,7922,0,0,-18,0,-18,1,1,1,960,544.56,960,544.56,0,0,0,0,0,0,0,0
331,605,57303875,55434458,22257,7918,88,7923,0,0,-18,0,-18,1,1,1,960,544.56,960,544.56,0,0,0,0,0,0,0,0
332,606,53753331,55489291,22373,7917,87,7922,0,0,-18,0,-18,1,1,1,960,544.56,960,544.56,0,0,0,0,0,0,0,0
333,607,52442297,50988542,22345,7917,87,7922,0,0,-18,0,-18,1,1,1,960,544.56,960,544.56,0,0,0,0,0,0,0,0
334,608,57278331,58793500,22321,7917,87,7922,0,0,-18,0,-18,1,1,1,960,544.56,960,544.56,0,0,0,0,0,0,0,0
335,609,55009245,53192209,22257,7917,90,7922,0,0,-18,0,-18,1,1,1,960,544.56,960,544.56,0,0,0,0,0,0,0,0
336,610,51320586,51663958,23025,7917,87,7922,0,0,-18,0,-18,1,1,1,960,544.56,960,544.56,0,0,0,0,0,0,0,0
337,611,52133504,51996834,22473,7917,87,7922,0,0,-18,0,-18,1,1,1,960,544.56,960,544.56,0,0,0,0,0,0,0,0
338,612,50464414,51799083,22321,7917,87,7922,0,0,-18,0,-18,1,1,1,960,544.56,960,544.56,0,0,0,0,0,0,0,0
339,613,58158129,56736458,22345,7917,87,7922,0,0,-18,0,-18,1,1,1,960,544.56,960,544.56,0,0,0,0,0,0,0,0
340,614,57230327,58763584,22373,7917,87,7922,0,0,-18,0,-18,1,1,1,960,544.56,960,544.56,0,0,0,0,0,0,0,0
341,615,53323626,51841459,22257,7917,87,7922,0,0,-18,0,-18,1,1,1,960,544.56,960,544.56,0,0,0,0,0,0,0,0
342,616,49978919,51450709,22409,7917,87,7922,0,0,-18,0,-18,1,1,1,960,544.56,960,544.56,0,0,0,0,0,0,0,0
343,617,54788917,53398167,22257,7917,87,7922,0,0,-18,0,-18,1,1,1,960,544.56,960,544.56,0,0,0,0,0,0,0,0
344,618,48315625,49680291,22373,7917,90,7922,0,0,-18,0,-18,1,1,1,960,544.56,960,544.56,0,0,0,0,0,0,0,0
345,619,43368954,43357209,22345,7917,87,7922,0,0,-18,0,-18,1,1,1,960,544.56,960,544.56,0,0,0,0,0,0,0,0
346,620,43948173,41832792,22821,7918,88,7923,0,0,-18,0,-18,1,1,1,960,544.56,960,544.56,0,0,0,0,0,0,0,0
347,621,39612203,41722958,22537,7917,87,7922,0,0,-18,0,-18,1,1,1,960,544.56,960,544.56,0,0,0,0,0,0,0,0
348,622,37661835,37628458,22257,7917,87,7922,0,0,-18,0,-18,1,1,1,960,544.56,960,544.56,0,0,0,0,0,0,0,0
349,623,38062628,37013083,22397,7917,87,7922,0,0,-18,0,-18,1,1,1,960,544.56,960,544.56,0,0,0,0,0,0,0,0
350,624,36132998,37214375,22321,7917,87,7922,0,0,-18,0,-18,1,1,1,960,544.56,960,544.56,0,0,0,0,0,0,0,0
351,625,38992870,38955375,22257,7917,87,7922,0,0,-18,0,-18,1,1,1,960,544.56,960,544.56,0,0,0,0,0,0,0,0
352,626,40852542,39704000,22257,7917,87,7922,0,0,-18,0,-18,1,1,1,960,544.56,960,544.56,0,0,0,0,0,0,0,0
353,627,39675291,40726375,22409,7917,87,7922,0,0,-18,0,-18,1,1,1,960,544.56,960,544.56,0,0,0,0,0,0,0,0
354,628,44560585,44294625,22257,7917,87,7922,0,0,-18,0,-18,1,1,1,960,544.56,960,544.56,0,0,0,0,0,0,0,0
355,629,48470124,47219750,22309,7917,87,7922,0,0,-18,0,-18,1,1,1,960,544.56,960,544.56,0,0,0,0,0,0,0,0
356,630,43154876,44507750,22321,7917,90,7922,0,0,-18,0,-18,1,1,1,960,544.56,960,544.56,0,0,0,0,0,0,0,0
357,631,51180958,51105625,22345,7917,87,7922,0,0,-18,0,-18,1,1,1,960,544.56,960,544.56,0,0,0,0,0,0,0,0
358,632,53762499,51317708,22821,7917,87,7922,0,0,-18,0,-18,1,1,1,960,544.56,960,544.56,0,0,0,0,0,0,0,0
359,633,60228247,62484625,22537,7917,87,7922,0,0,-18,0,-18,1,1,1,960,544.56,960,544.56,0,0,0,0,0,0,0,0
360,634,66650457,64975625,22397,7917,87,7922,0,0,-18,0,-18,1,1,1,960,544.56,960,544.56,0,0,0,0,0,0,0,0
361,635,62477793,64234333,22321,7918,88,7923,0,0,-18,0,-18,1,1,1,960,544.56,960,544.56,0,0,0,0,0,0,0,0
362,636,60536168,58900208,22257,7917,87,7922,0,0,-18,0,-18,1,1,1,960,544.56,960,544.56,0,0,0,0,0,0,0,0
363,637,53972914,55591125,22409,7917,87,7922,0,0,-18,0,-18,1,1,1,960,544.56,960,544.56,0,0,0,0,0,0,0,0
364,638,58748453,57159541,22309,7917,87,7922,0,0,-18,0,-18,1,1,1,960,544.56,960,544.56,0,0,0,0,0,0,0,0
365,639,53640291,54916959,22321,7917,90,7922,0,0,-18,0,-18,1,1,1,960,544.56,960,544.56,0,0,0,0,0,0,0,0
366,640,58511961,56191000,22909,7917,87,7922,0,0,-18,0,-18,1,1,1,960,544.56,960,544.56,0,0,0,0,0,0,0,0
367,641,54936502,57511875,22537,7917,87,7922,0,0,-18,0,-18,1,1,1,960,544.56,960,544.56,0,0,0,0,0,0,0,0
368,642,57344287,55355834,22309,7917,87,7922,0,0,-18,0,-18,1,1,1,960,544.56,960,544.56,0,0,0,0,0,0,0,0
369,643,58745294,60463250,22409,7917,87,7922,0,0,-18,0,-18,1,1,1,960,544.56,960,544.56,0,0,0,0,0,0,0,0
370,644,64365670,62406250,22257,7917,87,7922,0,0,-18,0,-18,1,1,1,960,544.56,960,544.56,0,0,0,0,0,0,0,0
371,645,59190746,61167834,22321,7917,87,7922,0,0,-18,0,-18,1,1,1,960,544.56,960,544.56,0,0,0,0,0,0,0,0
372,646,56404918,55136958,22397,7917,87,7922,0,0,-18,0,-18,1,1,1,960,544.56,960,544.56,0,0,0,0,0,0,0,0
373,647,63818462,65121917,22321,7917,87,7922,0,0,-18,0,-18,1,1,1,960,544.56,960,544.56,0,0,0,0,0,0,0,0
374,648,57491291,55923375,22257,7917,90,7922,0,0,-18,0,-18,1,1,1,960,544.56,960,544.56,0,0,0,0,0,0,0,0
375,649,52052665,52116000,22973,7917,87,7922,0,0,-18,0,-18,1,1,1,960,544.56,960,544.56,0,0,0,0,0,0,0,0
376,650,52362080,52456583,22525,7918,88,7923,0,0,-18,0,-18,1,1,1,960,544.56,960,544.56,0,0,0,0,0,0,0,0
377,651,50575919,51903542,22321,7917,87,7922,0,0,-18,0,-18,1,1,1,960,544.56,960,544.56,0,0,0,0,0,0,0,0
378,652,52129413,50797833,22345,7917,87,7922,0,0,-18,0,-18,1,1,1,960,544.56,960,544.56,0,0,0,0,0,0,0,0
379,653,49105335,50540709,22321,7917,87,7922,0,0,-18,0,-18,1,1,1,960,544.56,960,544.56,0,0,0,0,0,0,0,0
380,654,42656831,42670916,22309,7917,87,7922,0,0,-18,0,-18,1,1,1,960,544.56,960,544.56,0,0,0,0,0,0,0,0
381,655,43761041,42403250,22257,7917,87,7922,0,0,-18,0,-18,1,1,1,960,544.56,960,544.56,0,0,0,0,0,0,0,0
382,656,42035877,43372250,22409,7917,87,7922,0,0,-18,0,-18,1,1,1,960,544.56,960,544.56,0,0,0,0,0,0,0,0
383,657,37300247,37264500,22257,7917,90,7922,0,0,-18,0,-18,1,1,1,960,544.56,960,544.56,0,0,0,0,0,0,0,0
384,658,38130957,37008333,22257,7917,87,7922,0,0,-18,0,-18,1,1,1,960,544.56,960,544.56,0,0,0,0,0,0,0,0
385,659,36740120,37705750,22373,7917,87,7922,0,0,-18,0,-18,1,1,1,960,544.56,960,544.56,0,0,0,0,0,0,0,0
386,660,41419211,40077916,22909,7917,87,7922,0,0,-18,0,-18,1,1,1,960,544.56,960,544.56,0,0,0,0,0,0,0,0
387,661,45494083,45694542,22473,7917,87,7922,0,0,-18,0,-18,1,1,1,960,544.56,960,544.56,0,0,0,0,0,0,0,0
388,662,42299877,43388833,22321,7917,87,7922,0,0,-18,0,-18,1,1,1,960,544.56,960,544.56,0,0,0,0,0,0,0,0
389,663,43554618,43552583,22257,7917,87,7922,0,0,-18,0,-18,1,1,1,960,544.56,960,544.56,0,0,0,0,0,0,0,0
390,664,53373128,51992042,22397,7917,87,7922,0,0,-18,0,-18,1,1,1,960,544.56,960,544.56,0,0,0,0,0,0,0,0
391,665,54709870,55947542,22321,7918,88,7923,0,0,-18,0,-18,1,1,1,960,544.56,960,544.56,0,0,0,0,0,0,0,0
392,666,65743081,63909417,22257,7917,87,7922,0,0,-18,0,-18,1,1,1,960,544.56,960,544.56,0,0,0,0,0,0,0,0
393,667,67139752,68943875,22409,7917,87,7922,0,0,-18,0,-18,1,1,1,960,544.56,960,544.56,0,0,0,0,0,0,0,0
394,668,66008165,64264042,22309,7917,90,7922,0,0,-18,0,-18,1,1,1,960,544.56,960,544.56,0,0,0,0,0,0,0,0
395,669,65285250,65130833,22885,7917,87,7922,0,0,-18,0,-18,1,1,1,960,544.56,960,544.56,0,0,0,0,0,0,0,0
396,670,64698621,64608959,22561,7917,87,7922,0,0,-18,0,-18,1,1,1,960,544.56,960,544.56,0,0,0,0,0,0,0,0
397,671,53930498,55898000,22321,7917,87,7922,0,0,-18,0,-18,1,1,1,960,544.56,960,544.56,0,0,0,0,0,0,0,0
398,672,53783625,52211834,22309,7917,87,7922,0,0,-18,0,-18,1,1,1,960,544.56,960,544.56,0,0,0,0,0,0,0,0
399,673,49843624,51336625,22409,7917,87,7922,0,0,-18,0,-18,1,1,1,960,544.56,960,544.56,0,0,0,0,0,0,0,0
400,674,54534878,53151750,22257,7917,87,7922,0,0,-18,0,-18,1,1,1,960,544.56,960,544.56,0,0,0,0,0,0,0,0
401,675,48911832,50282292,22321,7917,87,7922,0,0,-18,0,-18,1,1,1,960,544.56,960,544.56,0,0,0,0,0,0,0,0
402,676,56000664,54650541,22397,7917,87,7922,0,0,-18,0,-18,1,1,1,960,544.56,960,544.56,0,0,0,0,0,0,0,0
403,677,50233539,51571958,22321,7917,90,7922,0,0,-18,0,-18,1,1,1,960,544.56,960,544.56,0,0,0,0,0,0,0,0
404,678,54087501,51320083,22821,7917,87,7922,0,0,-18,0,-18,1,1,1,960,544.56,960,544.56,0,0,0,0,0,0,0,0
405,679,46964336,49685167,22625,7917,87,7922,0,0,-18,0,-18,1,1,1,960,544.56,960,544.56,0,0,0,0,0,0,0,0
406,680,49622669,49564500,22309,7918,88,7923,0,0,-18,0,-18,1,1,1,960,544.56,960,544.56,0,0,0,0,0,0,0,0
407,681,51029287,49461083,22257,7917,87,7922,0,0,-18,0,-18,1,1,1,960,544.56,960,544.56,0,0,0,0,0,0,0,0
408,682,49413293,50849167,22321,7917,87,7922,0,0,-18,0,-18,1,1,1,960,544.56,960,544.56,0,0,0,0,0,0,0,0
409,683,54902501,53014250,22345,7917,87,7922,0,0,-18,0,-18,1,1,1,960,544.56,960,544.56,0,0,0,0,0,0,0,0
410,684,49827750,51780042,22373,7917,87,7922,0,0,-18,0,-18,1,1,1,960,544.56,960,544.56,0,0,0,0,0,0,0,0
411,685,52763875,50568584,22257,7917,87,7922,0,0,-18,0,-18,1,1,1,960,544.56,960,544.56,0,0,0,0,0,0,0,0
412,686,64654670,66777708,22409,7917,87,7922,0,0,-18,0,-18,1,1,1,960,544.56,960,544.56,0,0,0,0,0,0,0,0
413,687,58748744,56625542,22257,7917,90,7922,0,0,-18,0,-18,1,1,1,960,544.56,960,544.56,0,0,0,0,0,0,0,0
414,688,56422583,56747375,22937,7917,87,7922,0,0,-18,0,-18,1,1,1,960,544.56,960,544.56,0,0,0,0,0,0,0,0
415,689,56162670,56422833,22561,7917,87,7922,0,0,-18,0,-18,1,1,1,960,544.56,960,544.56,0,0,0,0,0,0,0,0
416,690,54153159,55602917,22321,7917,87,7922,0,0,-18,0,-18,1,1,1,960,544.56,960,544.56,0,0,0,0,0,0,0,0
417,691,52362874,50892417,22257,7917,87,7922,0,0,-18,0,-18,1,1,1,960,544.56,960,544.56,0,0,0,0,0,0,0,0
418,692,46590924,48102042,22461,7917,87,7922,0,0,-18,0,-18,1,1,1,960,544.56,960,544.56,0,0,0,0,0,0,0,0
419,693,43452870,43423916,22257,7917,87,7922,0,0,-18,0,-18,1,1,1,960,544.56,960,544.56,0,0,0,0,0,0,0,0
420,694,43159253,41964208,22257,7917,87,7922,0,0,-18,0,-18,1,1,1,960,544.56,960,544.56,0,0,0,0,0,0,0,0
421,695,41460450,42589583,22321,7918,88,7923,0,0,-18,0,-18,1,1,1,960,544.56,960,544.56,0,0,0,0,0,0,0,0
422,696,36965042,37010208,22345,7917,90,7922,0,0,-18,0,-18,1,1,1,960,544.56,960,544.56,0,0,0,0,0,0,0,0
423,697,38638167,37538333,22309,7917,87,7922,0,0,-18,0,-18,1,1,1,960,544.56,960,544.56,0,0,0,0,0,0,0,0
424,698,36507625,37582500,22321,7917,87,7922,0,0,-18,0,-18,1,1,1,960,544.56,960,544.56,0,0,0,0,0,0,0,0
425,699,40157958,38971250,22821,7917,87,7922,0,0,-18,0,-18,1,1,1,960,544.56,960,544.56,0,0,0,0,0,0,0,0
426,700,40010340,40084000,22561,7917,87,7922,0,0,-18,0,-18,1,1,1,960,544.56,960,544.56,0,0,0,0,0,0,0,0
427,701,39361372,40406792,22321,7917,87,7922,0,0,-18,0,-18,1,1,1,960,544.56,960,544.56,0,0,0,0,0,0,0,0
428,702,38145501,38110584,22257,7917,87,7922,0,0,-18,0,-18,1,1,1,960,544.56,960,544.56,0,0,0,0,0,0,0,0
429,703,41412919,40121209,22309,7917,87,7922,0,0,-18,0,-18,1,1,1,960,544.56,960,544.56,0,0,0,0,0,0,0,0
430,704,40011867,41327667,22409,7917,87,7922,0,0,-18,0,-18,1,1,1,960,544.56,960,544.56,0,0,0,0,0,0,0,0
431,705,40271464,40154834,22257,7917,87,7922,0,0,-18,0,-18,1,1,1,960,544.56,960,544.56,0,0,0,0,0,0,0,0
432,706,40924828,39897916,22257,7917,87,7922,0,0,-18,0,-18,1,1,1,960,544.56,960,544.56,0,0,0,0,0,0,0,0
433,707,41921667,42507125,22321,7917,87,7922,0,0,-18,0,-18,1,1,1,960,544.56,960,544.56,0,0,0,0,0,0,0,0
434,708,48055619,48341459,22397,7917,87,7922,0,0,-18,0,-18,1,1,1,960,544.56,960,544.56,0,0,0,0,0,0,0,0
435,709,45979421,44831500,22257,7917,90,7922,0,0,-18,0,-18,1,1,1,960,544.56,960,544.56,0,0,0,0,0,0,0,0
436,710,42225793,43390375,22321,7918,88,7923,0,0,-18,0,-18,1,1,1,960,544.56,960,544.56,0,0,0,0,0,0,0,0
437,711,52575368,51037917,22821,7917,87,7922,0,0,-18,0,-18,1,1,1,960,544.56,960,544.56,0,0,0,0,0,0,0,0
438,712,53169790,52594958,22561,7917,87,7922,0,0,-18,0,-18,1,1,1,960,544.56,960,544.56,0,0,0,0,0,0,0,0
439,713,62763623,64698916,22373,7917,87,7922,0,0,-18,0,-18,1,1,1,960,544.56,960,544.56,0,0,0,0,0,0,0,0
440,714,66287748,64384042,22257,7917,87,7922,0,0,-18,0,-18,1,1,1,960,544.56,960,544.56,0,0,0,0,0,0,0,0
441,715,62587670,64445708,22409,7917,87,7922,0,0,-18,0,-18,1,1,1,960,544.56,960,544.56,0,0,0,0,0,0,0,0
442,716,62599495,61165750,22257,7917,87,7922,0,0,-18,0,-18,1,1,1,960,544.56,960,544.56,0,0,0,0,0,0,0,0
443,717,58558709,59978625,22373,7917,87,7922,0,0,-18,0,-18,1,1,1,960,544.56,960,544.56,0,0,0,0,0,0,0,0
444,718,56024249,54224209,22345,7917,90,7922,0,0,-18,0,-18,1,1,1,960,544.56,960,544.56,0,0,0,0,0,0,0,0
445,719,57072710,57361666,22885,7917,87,7922,0,0,-18,0,-18,1,1,1,960,544.56,960,544.56,0,0,0,0,0,0,0,0
446,720,58615129,58485000,22473,7917,87,7922,0,0,-18,0,-18,1,1,1,960,544.56,960,544.56,0,0,0,0,0,0,0,0
447,721,53237661,54685375,22663,7917,87,7922,0,0,-18,0,-18,1,1,1,960,544.56,960,544.56,0,0,0,0,0,0,0,0
448,722,53822789,52567333,22257,7917,87,7922,0,0,-18,0,-18,1,1,1,960,544.56,960,544.56,0,0,0,0,0,0,0,0
449,723,50632420,51894625,22321,7917,87,7922,0,0,-18,0,-18,1,1,1,960,544.56,960,544.56,0,0,0,0,0,0,0,0
450,724,53798045,52051583,22345,7917,87,7922,0,0,-18,0,-18,1,1,1,960,544.56,960,544.56,0,0,0,0,0,0,0,0
451,725,50252083,51965250,22373,7918,88,7923,0,0,-18,0,-18,1,1,1,960,544.56,960,544.56,0,0,0,0,0,0,0,0
452,726,56745789,55347333,22257,7917,87,7922,0,0,-18,0,-18,1,1,1,960,544.56,960,544.56,0,0,0,0,0,0,0,0
453,727,53449206,54891042,22409,7917,90,7922,0,0,-18,0,-18,1,1,1,960,544.56,960,544.56,0,0,0,0,0,0,0,0
454,728,53024128,50465416,22821,7917,87,7922,0,0,-18,0,-18,1,1,1,960,544.56,960,544.56,0,0,0,0,0,0,0,0
455,729,48505950,50927583,22589,7917,87,7922,0,0,-18,0,-18,1,1,1,960,544.56,960,544.56,0,0,0,0,0,0,0,0
456,730,53641792,52247083,22345,7917,87,7922,0,0,-18,0,-18,1,1,1,960,544.56,960,544.56,0,0,0,0,0,0,0,0
457,731,49540914,50976333,22321,7917,87,7922,0,0,-18,0,-18,1,1,1,960,544.56,960,544.56,0,0,0,0,0,0,0,0
458,732,51396586,50144917,22257,7917,87,7922,0,0,-18,0,-18,1,1,1,960,544.56,960,544.56,0,0,0,0,0,0,0,0
459,733,43621379,44916500,22461,7917,87,7922,0,0,-18,0,-18,1,1,1,960,544.56,960,544.56,0,0,0,0,0,0,0,0
460,734,43113499,43071584,22257,7917,87,7922,0,0,-18,0,-18,1,1,1,960,544.56,960,544.56,0,0,0,0,0,0,0,0
461,735,42750749,41568375,22257,7917,87,7922,0,0,-18,0,-18,1,1,1,960,544.56,960,544.56,0,0,0,0,0,0,0,0
462,736,44768784,45853666,22321,7917,87,7922,0,0,-18,0,-18,1,1,1,960,544.56,960,544.56,0,0,0,0,0,0,0,0
463,737,40843170,40915875,22345,7917,90,7922,0,0,-18,0,-18,1,1,1,960,544.56,960,544.56,0,0,0,0,0,0,0,0
464,738,38769125,37534667,22309,7917,87,7922,0,0,-18,0,-18,1,1,1,960,544.56,960,544.56,0,0,0,0,0,0,0,0
465,739,37827581,37939000,22885,7917,87,7922,0,0,-18,0,-18,1,1,1,960,544.56,960,544.56,0,0,0,0,0,0,0,0
466,740,41270874,42269000,22473,7918,88,7923,0,0,-18,0,-18,1,1,1,960,544.56,960,544.56,0,0,0,0,0,0,0,0
467,741,44919379,43728542,22345,7917,87,7922,0,0,-18,0,-18,1,1,1,960,544.56,960,544.56,0,0,0,0,0,0,0,0
468,742,43223164,44400458,22619,7917,87,7922,0,0,-18,0,-18,1,1,1,960,544.56,960,544.56,0,0,0,0,0,0,0,0
469,743,43205413,43201500,22309,7917,87,7922,0,0,-18,0,-18,1,1,1,960,544.56,960,544.56,0,0,0,0,0,0,0,0
470,744,50001211,48431417,22257,7917,87,7922,0,0,-18,0,-18,1,1,1,960,544.56,960,544.56,0,0,0,0,0,0,0,0
471,745,49556832,51034083,22409,7917,87,7922,0,0,-18,0,-18,1,1,1,960,544.56,960,544.56,0,0,0,0,0,0,0,0
472,746,63051372,61043167,22257,7917,87,7922,0,0,-18,0,-18,1,1,1,960,544.56,960,544.56,0,0,0,0,0,0,0,0
473,747,66583916,68378084,22373,7917,87,7922,0,0,-18,0,-18,1,1,1,960,544.56,960,544.56,0,0,0,0,0,0,0,0
474,748,67891374,65929958,22345,7917,90,7922,0,0,-18,0,-18,1,1,1,960,544.56,960,544.56,0,0,0,0,0,0,0,0
475,749,59819046,59830750,22885,7917,87,7922,0,0,-18,0,-18,1,1,1,960,544.56,960,544.56,0,0,0,0,0,0,0,0
476,750,56820824,57125458,22473,7917,87,7922,0,0,-18,0,-18,1,1,1,960,544.56,960,544.56,0,0,0,0,0,0,0,0
477,751,52650254,54271250,22461,7917,87,7922,0,0,-18,0,-18,1,1,1,960,544.56,960,544.56,0,0,0,0,0,0,0,0
478,752,53444288,52048292,22257,7917,87,7922,0,0,-18,0,-18,1,1,1,960,544.56,960,544.56,0,0,0,0,0,0,0,0
479,753,53379457,54616458,22321,7917,87,7922,0,0,-18,0,-18,1,1,1,960,544.56,960,544.56,0,0,0,0,0,0,0,0
480,754,56031879,54433833,22345,7917,87,7922,0,0,-18,0,-18,1,1,1,960,544.56,960,544.56,0,0,0,0,0,0,0,0
481,755,53563166,55298042,22373,7918,88,7923,0,0,-18,0,-18,1,1,1,960,544.56,960,544.56,0,0,0,0,0,0,0,0
482,756,63799999,61724625,22257,7917,87,7922,0,0,-18,0,-18,1,1,1,960,544.56,960,544.56,0,0,0,0,0,0,0,0
483,757,55372625,57382958,22409,7917,90,7922,0,0,-18,0,-18,1,1,1,960,544.56,960,544.56,0,0,0,0,0,0,0,0
484,758,59458579,56712542,22821,7917,87,7922,0,0,-18,0,-18,1,1,1,960,544.56,960,544.56,0,0,0,0,0,0,0,0
485,759,54488122,57155292,22589,7917,87,7922,0,0,-18,0,-18,1,1,1,960,544.56,960,544.56,0,0,0,0,0,0,0,0
486,760,58051042,56599916,22345,7917,87,7922,0,0,-18,0,-18,1,1,1,960,544.56,960,544.56,0,0,0,0,0,0,0,0
487,761,55390786,56773709,22321,7917,87,7922,0,0,-18,0,-18,1,1,1,960,544.56,960,544.56,0,0,0,0,0,0,0,0
488,762,58362338,56905500,22257,7917,87,7922,0,0,-18,0,-18,1,1,1,960,544.56,960,544.56,0,0,0,0,0,0,0,0
489,763,55872626,56939291,22461,7917,87,7922,0,0,-18,0,-18,1,1,1,960,544.56,960,544.56,0,0,0,0,0,0,0,0
490,764,60082871,59007208,22257,7917,87,7922,0,0,-18,0,-18,1,1,1,960,544.56,960,544.56,0,0,0,0,0,0,0,0
491,765,64349003,65647583,22321,7917,87,7922,0,0,-18,0,-18,1,1,1,960,544.56,960,544.56,0,0,0,0,0,0,0,0
492,766,61776835,58569292,22909,7917,90,7922,0,0,-18,0,-18,1,1,1,960,544.56,960,544.56,0,0,0,0,0,0,0,0
493,767,52281122,55565959,22589,7917,87,7922,0,0,-18,0,-18,1,1,1,960,544.56,960,544.56,0,0,0,0,0,0,0,0
494,768,52270669,50759958,22257,7917,87,7922,0,0,-18,0,-18,1,1,1,960,544.56,960,544.56,0,0,0,0,0,0,0,0
495,769,49205038,50693875,22409,7917,87,7922,0,0,-18,0,-18,1,1,1,960,544.56,960,544.56,0,0,0,0,0,0,0,0
496,770,44395875,44451125,22257,7918,88,7923,0,0,-18,0,-18,1,1,1,960,544.56,960,544.56,0,0,0,0,0,0,0,0
497,771,44029209,42766458,22309,7917,87,7922,0,0,-18,0,-18,1,1,1,960,544.56,960,544.56,0,0,0,0,0,0,0,0
498,772,44611748,45699625,22321,7917,87,7922,0,0,-18,0,-18,1,1,1,960,544.56,960,544.56,0,0,0,0,0,0,0,0
499,773,38690045,38692417,22345,7917,87,7922,0,0,-18,0,-18,1,1,1,960,544.56,960,544.56,0,0,0,0,0,0,0,0
500,774,48451494,47285334,22257,7917,87,7922,0,0,-18,0,-18,1,1,1,960,544.56,960,544.56,0,0,0,0,0,0,0,0
501,775,43040957,44171291,22321,7917,90,7922,0,0,-18,0,-18,1,1,1,960,544.56,960,544.56,0,0,0,0,0,0,0,0
502,776,49304541,49228209,22309,7917,87,7922,0,0,-18,0,-18,1,1,1,960,544.56,960,544.56,0,0,0,0,0,0,0,0
503,777,53753543,51134917,22909,7917,87,7922,0,0,-18,0,-18,1,1,1,960,544.56,960,544.56,0,0,0,0,0,0,0,0
504,778,55407043,57945333,22537,7917,87,7922,0,0,-18,0,-18,1,1,1,960,544.56,960,544.56,0,0,0,0,0,0,0,0
505,779,66628038,64758375,22257,7917,87,7922,0,0,-18,0,-18,1,1,1,960,544.56,960,544.56,0,0,0,0,0,0,0,0
506,780,59629626,61405167,22461,7917,87,7922,0,0,-18,0,-18,1,1,1,960,544.56,960,544.56,0,0,0,0,0,0,0,0
507,781,63697211,61700500,22257,7917,87,7922,0,0,-18,0,-18,1,1,1,960,544.56,960,544.56,0,0,0,0,0,0,0,0
508,782,58029208,60043334,22321,7917,87,7922,0,0,-18,0,-18,1,1,1,960,544.56,960,544.56,0,0,0,0,0,0,0,0
509,783,61707034,60281958,22345,7917,87,7922,0,0,-18,0,-18,1,1,1,960,544.56,960,544.56,0,0,0,0,0,0,0,0
510,784,50890710,52248084,22373,7917,90,7922,0,0,-18,0,-18,1,1,1,960,544.56,960,544.56,0,0,0,0,0,0,0,0
511,785,53046412,51590625,22257,7918,88,7923,0,0,-18,0,-18,1,1,1,960,544.56,960,544.56,0,0,0,0,0,0,0,0
512,786,52117750,51902208,22973,7917,87,7922,0,0,-18,0,-18,1,1,1,960,544.56,960,544.56,0,0,0,0,0,0,0,0
513,787,52147872,52399583,22473,7917,87,7922,0,0,-18,0,-18,1,1,1,960,544.56,960,544.56,0,0,0,0,0,0,0,0
514,788,50695251,52034500,22373,7917,87,7922,0,0,-18,0,-18,1,1,1,960,544.56,960,544.56,0,0,0,0,0,0,0,0
515,789,53565375,51999708,22345,7917,87,7922,0,0,-18,0,-18,1,1,1,960,544.56,960,544.56,0,0,0,0,0,0,0,0
516,790,51424164,52833750,22321,7917,87,7922,0,0,-18,0,-18,1,1,1,960,544.56,960,544.56,0,0,0,0,0,0,0,0
517,791,53804047,52434209,22257,7917,87,7922,0,0,-18,0,-18,1,1,1,960,544.56,960,544.56,0,0,0,0,0,0,0,0
518,792,47263037,48770416,22461,7917,87,7922,0,0,-18,0,-18,1,1,1,960,544.56,960,544.56,0,0,0,0,0,0,0,0
519,793,53302083,51916750,22257,7917,87,7922,0,0,-18,0,-18,1,1,1,960,544.56,960,544.56,0,0,0,0,0,0,0,0
520,794,50197999,51448250,22321,7917,90,7922,0,0,-18,0,-18,1,1,1,960,544.56,960,544.56,0,0,0,0,0,0,0,0
521,795,53854040,51349667,22909,7917,87,7922,0,0,-18,0,-18,1,1,1,960,544.56,960,544.56,0,0,0,0,0,0,0,0
522,796,49788337,52341042,22589,7917,87,7922,0,0,-18,0,-18,1,1,1,960,544.56,960,544.56,0,0,0,0,0,0,0,0
523,797,53402040,51820541,22257,7917,87,7922,0,0,-18,0,-18,1,1,1,960,544.56,960,544.56,0,0,0,0,0,0,0,0
524,798,49456626,50982709,22409,7917,87,7922,0,0,-18,0,-18,1,1,1,960,544.56,960,544.56,0,0,0,0,0,0,0,0
525,799,52308205,50917542,22257,7917,87,7922,0,0,-18,0,-18,1,1,1,960,544.56,960,544.56,0,0,0,0,0,0,0,0
526,800,49353834,50621250,22373,7918,88,7923,0,0,-18,0,-18,1,1,1,960,544.56,960,544.56,0,0,0,0,0,0,0,0
527,801,51993586,50658458,22345,7917,87,7922,0,0,-18,0,-18,1,1,1,960,544.56,960,544.56,0,0,0,0,0,0,0,0
528,802,44595707,45831458,22321,7917,87,7922,0,0,-18,0,-18,1,1,1,960,544.56,960,544.56,0,0,0,0,0,0,0,0
529,803,44382378,44562417,22257,7917,87,7922,0,0,-18,0,-18,1,1,1,960,544.56,960,544.56,0,0,0,0,0,0,0,0
530,804,43455831,42214834,22257,7917,90,7922,0,0,-18,0,-18,1,1,1,960,544.56,960,544.56,0,0,0,0,0,0,0,0
531,805,42052417,43259458,22461,7917,87,7922,0,0,-18,0,-18,1,1,1,960,544.56,960,544.56,0,0,0,0,0,0,0,0
532,806,45136373,43920333,22821,7917,87,7922,0,0,-18,0,-18,1,1,1,960,544.56,960,544.56,0,0,0,0,0,0,0,0
533,807,45788872,45744000,22473,7917,87,7922,0,0,-18,0,-18,1,1,1,960,544.56,960,544.56,0,0,0,0,0,0,0,0
534,808,49940839,51013125,22321,7917,87,7922,0,0,-18,0,-18,1,1,1,960,544.56,960,544.56,0,0,0,0,0,0,0,0
535,809,50523292,49368500,22345,7917,87,7922,0,0,-18,0,-18,1,1,1,960,544.56,960,544.56,0,0,0,0,0,0,0,0
536,810,41125204,42363166,22373,7917,87,7922,0,0,-18,0,-18,1,1,1,960,544.56,960,544.56,0,0,0,0,0,0,0,0
537,811,42102750,42100042,22257,7917,87,7922,0,0,-18,0,-18,1,1,1,960,544.56,960,544.56,0,0,0,0,0,0,0,0
538,812,43334171,42059542,22257,7917,87,7922,0,0,-18,0,-18,1,1,1,960,544.56,960,544.56,0,0,0,0,0,0,0,0
539,813,40850076,42078958,22409,7917,87,7922,0,0,-18,0,-18,1,1,1,960,544.56,960,544.56,0,0,0,0,0,0,0,0
540,814,41527628,41542250,22257,7917,87,7922,0,0,-18,0,-18,1,1,1,960,544.56,960,544.56,0,0,0,0,0,0,0,0
541,815,38134537,37091375,22309,7918,91,7923,0,0,-18,0,-18,1,1,1,960,544.56,960,544.56,0,0,0,0,0,0,0,0
542,816,35829830,36789750,22321,7917,87,7922,0,0,-18,0,-18,1,1,1,960,544.56,960,544.56,0,0,0,0,0,0,0,0
543,817,39587087,38554958,22909,7917,87,7922,0,0,-18,0,-18,1,1,1,960,544.56,960,544.56,0,0,0,0,0,0,0,0
544,818,38210246,38189917,22473,7917,87,7922,0,0,-18,0,-18,1,1,1,960,544.56,960,544.56,0,0,0,0,0,0,0,0
545,819,37609834,38681084,22321,7917,87,7922,0,0,-18,0,-18,1,1,1,960,544.56,960,544.56,0,0,0,0,0,0,0,0
546,820,40265042,40166209,22257,7917,87,7922,0,0,-18,0,-18,1,1,1,960,544.56,960,544.56,0,0,0,0,0,0,0,0
547,821,40128827,38728083,22397,7917,87,7922,0,0,-18,0,-18,1,1,1,960,544.56,960,544.56,0,0,0,0,0,0,0,0
548,822,42666792,44044458,22321,7917,87,7922,0,0,-18,0,-18,1,1,1,960,544.56,960,544.56,0,0,0,0,0,0,0,0
549,823,45326877,45172959,22257,7917,87,7922,0,0,-18,0,-18,1,1,1,960,544.56,960,544.56,0,0,0,0,0,0,0,0
550,824,49364916,47857792,22257,7917,87,7922,0,0,-18,0,-18,1,1,1,960,544.56,960,544.56,0,0,0,0,0,0,0,0
551,825,50822660,52175500,22409,7917,87,7922,0,0,-18,0,-18,1,1,1,960,544.56,960,544.56,0,0,0,0,0,0,0,0
552,826,66490173,64709667,22309,7917,87,7922,0,0,-18,0,-18,1,1,1,960,544.56,960,544.56,0,0,0,0,0,0,0,0
553,827,63783288,65423083,22321,7917,90,7922,0,0,-18,0,-18,1,1,1,960,544.56,960,544.56,0,0,0,0,0,0,0,0
554,828,69044791,65639625,22909,7917,87,7922,0,0,-18,0,-18,1,1,1,960,544.56,960,544.56,0,0,0,0,0,0,0,0
555,829,61861500,65339833,22537,7917,87,7922,0,0,-18,0,-18,1,1,1,960,544.56,960,544.56,0,0,0,0,0,0,0,0
556,830,66640414,64834417,22309,7918,88,7923,0,0,-18,0,-18,1,1,1,960,544.56,960,544.56,0,0,0,0,0,0,0,0
557,831,56742332,58625916,22409,7917,87,7922,0,0,-18,0,-18,1,1,1,960,544.56,960,544.56,0,0,0,0,0,0,0,0
558,832,54771710,53188333,22257,7917,87,7922,0,0,-18,0,-18,1,1,1,960,544.56,960,544.56,0,0,0,0,0,0,0,0
559,833,53633246,55095750,22321,7917,87,7922,0,0,-18,0,-18,1,1,1,960,544.56,960,544.56,0,0,0,0,0,0,0,0
560,834,66190294,64795750,22397,7917,87,7922,0,0,-18,0,-18,1,1,1,960,544.56,960,544.56,0,0,0,0,0,0,0,0
561,835,57833958,59093542,22321,7917,90,7922,0,0,-18,0,-18,1,1,1,960,544.56,960,544.56,0,0,0,0,0,0,0,0
562,836,62468040,59757542,22821,7917,87,7922,0,0,-18,0,-18,1,1,1,960,544.56,960,544.56,0,0,0,0,0,0,0,0
563,837,53458128,56229625,22625,7917,87,7922,0,0,-18,0,-18,1,1,1,960,544.56,960,544.56,0,0,0,0,0,0,0,0
564,838,56650795,55078125,22309,7917,87,7922,0,0,-18,0,-18,1,1,1,960,544.56,960,544.56,0,0,0,0,0,0,0,0
565,839,52803330,54269125,22321,7917,87,7922,0,0,-18,0,-18,1,1,1,960,544.56,960,544.56,0,0,0,0,0,0,0,0
566,840,58139916,56806209,22345,7917,87,7922,0,0,-18,0,-18,1,1,1,960,544.56,960,544.56,0,0,0,0,0,0,0,0
567,841,51232583,52506708,22321,7917,87,7922,0,0,-18,0,-18,1,1,1,960,544.56,960,544.56,0,0,0,0,0,0,0,0
568,842,55253293,53752542,22309,7917,87,7922,0,0,-18,0,-18,1,1,1,960,544.56,960,544.56,0,0,0,0,0,0,0,0
569,843,59833668,61010708,22409,7917,87,7922,0,0,-18,0,-18,1,1,1,960,544.56,960,544.56,0,0,0,0,0,0,0,0
570,844,55110871,54043791,22257,7917,90,7922,0,0,-18,0,-18,1,1,1,960,544.56,960,544.56,0,0,0,0,0,0,0,0
571,845,54363712,54236875,22885,7918,88,7923,0,0,-18,0,-18,1,1,1,960,544.56,960,544.56,0,0,0,0,0,0,0,0
572,846,52132163,52194708,22613,7917,87,7922,0,0,-18,0,-18,1,1,1,960,544.56,960,544.56,0,0,0,0,0,0,0,0
573,847,50935082,52338250,22321,7917,87,7922,0,0,-18,0,-18,1,1,1,960,544.56,960,544.56,0,0,0,0,0,0,0,0
574,848,55968545,54263625,22257,7917,87,7922,0,0,-18,0,-18,1,1,1,960,544.56,960,544.56,0,0,0,0,0,0,0,0
575,849,50466462,52150541,22409,7917,87,7922,0,0,-18,0,-18,1,1,1,960,544.56,960,544.56,0,0,0,0,0,0,0,0
576,850,52159331,50811834,22309,7917,87,7922,0,0,-18,0,-18,1,1,1,960,544.56,960,544.56,0,0,0,0,0,0,0,0
577,851,46782959,48177833,22321,7917,87,7922,0,0,-18,0,-18,1,1,1,960,544.56,960,544.56,0,0,0,0,0,0,0,0
578,852,45069124,44979958,22257,7917,87,7922,0,0,-18,0,-18,1,1,1,960,544.56,960,544.56,0,0,0,0,0,0,0,0
579,853,42852159,41721125,22345,7917,90,7922,0,0,-18,0,-18,1,1,1,960,544.56,960,544.56,0,0,0,0,0,0,0,0
580,854,38833376,40008375,22321,7917,87,7922,0,0,-18,0,-18,1,1,1,960,544.56,960,544.56,0,0,0,0,0,0,0,0
581,855,38041580,36966958,22873,7917,87,7922,0,0,-18,0,-18,1,1,1,960,544.56,960,544.56,0,0,0,0,0,0,0,0
582,856,37428669,37309625,22473,7917,87,7922,0,0,-18,0,-18,1,1,1,960,544.56,960,544.56,0,0,0,0,0,0,0,0
583,857,37918664,39108792,22409,7917,87,7922,0,0,-18,0,-18,1,1,1,960,544.56,960,544.56,0,0,0,0,0,0,0,0
584,858,39081208,39025333,22257,7917,87,7922,0,0,-18,0,-18,1,1,1,960,544.56,960,544.56,0,0,0,0,0,0,0,0
585,859,41372839,40315417,22257,7917,87,7922,0,0,-18,0,-18,1,1,1,960,544.56,960,544.56,0,0,0,0,0,0,0,0
586,860,39333205,40300667,22321,7918,88,7923,0,0,-18,0,-18,1,1,1,960,544.56,960,544.56,0,0,0,0,0,0,0,0
587,861,39918124,39951833,22397,7917,87,7922,0,0,-18,0,-18,1,1,1,960,544.56,960,544.56,0,0,0,0,0,0,0,0
588,862,40892247,39844625,22257,7917,87,7922,0,0,-18,0,-18,1,1,1,960,544.56,960,544.56,0,0,0,0,0,0,0,0
589,863,40829919,41849083,22321,7917,87,7922,0,0,-18,0,-18,1,1,1,960,544.56,960,544.56,0,0,0,0,0,0,0,0
590,864,44596541,44462042,22257,7917,87,7922,0,0,-18,0,-18,1,1,1,960,544.56,960,544.56,0,0,0,0,0,0,0,0
591,865,47445874,46307458,22345,7917,87,7922,0,0,-18,0,-18,1,1,1,960,544.56,960,544.56,0,0,0,0,0,0,0,0
592,866,43103877,44199209,22373,7917,90,7922,0,0,-18,0,-18,1,1,1,960,544.56,960,544.56,0,0,0,0,0,0,0,0
593,867,51084041,49463791,22821,7917,87,7922,0,0,-18,0,-18,1,1,1,960,544.56,960,544.56,0,0,0,0,0,0,0,0
594,868,52027706,52072333,22473,7917,87,7922,0,0,-18,0,-18,1,1,1,960,544.56,960,544.56,0,0,0,0,0,0,0,0
595,869,52179791,53645375,22409,7917,87,7922,0,0,-18,0,-18,1,1,1,960,544.56,960,544.56,0,0,0,0,0,0,0,0
596,870,61679456,59965375,22257,7917,87,7922,0,0,-18,0,-18,1,1,1,960,544.56,960,544.56,0,0,0,0,0,0,0,0
597,871,57747796,59408125,22373,7917,87,7922,0,0,-18,0,-18,1,1,1,960,544.56,960,544.56,0,0,0,0,0,0,0,0
598,872,55823456,54423500,22345,7917,87,7922,0,0,-18,0,-18,1,1,1,960,544.56,960,544.56,0,0,0,0,0,0,0,0
599,873,50840456,52284083,22321,7917,87,7922,0,0,-18,0,-18,1,1,1,960,544.56,960,544.56,0,0,0,0,0,0,0,0
600,874,60825876,59320208,22257,7917,87,7922,0,0,-18,0,-18,1,1,1,960,544.56,960,544.56,0,0,0,0,0,0,0,0
601,875,50234332,51689709,22461,7918,91,7923,0,0,-18,0,-18,1,1,1,960,544.56,960,544.56,0,0,0,0,0,0,0,0
602,876,53860705,51096041,22257,7917,87,7922,0,0,-18,0,-18,1,1,1,960,544.56,960,544.56,0,0,0,0,0,0,0,0
603,877,49782752,52452666,23101,7917,87,7922,0,0,-18,0,-18,1,1,1,960,544.56,960,544.56,0,0,0,0,0,0,0,0
604,878,54428372,52850959,22345,7917,87,7922,0,0,-18,0,-18,1,1,1,960,544.56,960,544.56,0,0,0,0,0,0,0,0
605,879,50464797,52010208,22373,7917,87,7922,0,0,-18,0,-18,1,1,1,960,544.56,960,544.56,0,0,0,0,0,0,0,0
606,880,53705703,52262208,22257,7917,87,7922,0,0,-18,0,-18,1,1,1,960,544.56,960,544.56,0,0,0,0,0,0,0,0
607,881,54876171,56318500,22409,7917,87,7922,0,0,-18,0,-18,1,1,1,960,544.56,960,544.56,0,0,0,0,0,0,0,0
608,882,65864704,64015042,22257,7917,87,7922,0,0,-18,0,-18,1,1,1,960,544.56,960,544.56,0,0,0,0,0,0,0,0
609,883,68534463,70097084,22373,7917,87,7922,0,0,-18,0,-18,1,1,1,960,544.56,960,544.56,0,0,0,0,0,0,0,0
610,884,68373166,66174541,22345,7917,90,7922,0,0,-18,0,-18,1,1,1,960,544.56,960,544.56,0,0,0,0,0,0,0,0
611,885,58732796,59656708,22885,7917,87,7922,0,0,-18,0,-18,1,1,1,960,544.56,960,544.56,0,0,0,0,0,0,0,0
612,886,56113626,56012209,22473,7917,87,7922,0,0,-18,0,-18,1,1,1,960,544.56,960,544.56,0,0,0,0,0,0,0,0
613,887,57988874,59466583,22461,7917,87,7922,0,0,-18,0,-18,1,1,1,960,544.56,960,544.56,0,0,0,0,0,0,0,0
614,888,61821788,59816833,22257,7917,87,7922,0,0,-18,0,-18,1,1,1,960,544.56,960,544.56,0,0,0,0,0,0,0,0
615,889,57810168,59632167,22321,7917,87,7922,0,0,-18,0,-18,1,1,1,960,544.56,960,544.56,0,0,0,0,0,0,0,0
616,890,56537210,55210250,22345,7918,88,7923,0,0,-18,0,-18,1,1,1,960,544.56,960,544.56,0,0,0,0,0,0,0,0
617,891,49265120,50693750,22373,7917,87,7922,0,0,-18,0,-18,1,1,1,960,544.56,960,544.56,0,0,0,0,0,0,0,0
618,892,53506873,52231125,22257,7917,87,7922,0,0,-18,0,-18,1,1,1,960,544.56,960,544.56,0,0,0,0,0,0,0,0
619,893,40703337,42024375,22409,7917,90,7922,0,0,-18,0,-18,1,1,1,960,544.56,960,544.56,0,0,0,0,0,0,0,0
620,894,44302579,43055833,22821,7917,87,7922,0,0,-18,0,-18,1,1,1,960,544.56,960,544.56,0,0,0,0,0,0,0,0
621,895,41294962,41426250,22473,7917,87,7922,0,0,-18,0,-18,1,1,1,960,544.56,960,544.56,0,0,0,0,0,0,0,0
622,896,38206163,39207916,22373,7917,87,7922,0,0,-18,0,-18,1,1,1,960,544.56,960,544.56,0,0,0,0,0,0,0,0
623,897,37035878,37112125,22345,7917,87,7922,0,0,-18,0,-18,1,1,1,960,544.56,960,544.56,0,0,0,0,0,0,0,0
624,898,38327578,37211791,22257,7917,87,7922,0,0,-18,0,-18,1,1,1,960,544.56,960,544.56,0,0,0,0,0,0,0,0
625,899,38611747,39682542,22321,7917,87,7922,0,0,-18,0,-18,1,1,1,960,544.56,960,544.56,0,0,0,0,0,0,0,0
626,900,40056794,39969292,22257,7917,87,7922,0,0,-18,0,-18,1,1,1,960,544.56,960,544.56,0,0,0,0,0,0,0,0
627,901,41666042,40477625,22345,7917,87,7922,0,0,-18,0,-18,1,1,1,960,544.56,960,544.56,0,0,0,0,0,0,0,0
628,902,39202332,40421125,22373,7917,87,7922,0,0,-18,0,-18,1,1,1,960,544.56,960,544.56,0,0,0,0,0,0,0,0
629,903,40165077,40169584,22257,7917,87,7922,0,0,-18,0,-18,1,1,1,960,544.56,960,544.56,0,0,0,0,0,0,0,0
630,904,46046756,44548208,22257,7917,87,7922,0,0,-18,0,-18,1,1,1,960,544.56,960,544.56,0,0,0,0,0,0,0,0
631,905,42092494,43494458,22409,7918,91,7923,0,0,-18,0,-18,1,1,1,960,544.56,960,544.56,0,0,0,0,0,0,0,0
632,906,45163337,45025500,22257,7917,87,7922,0,0,-18,0,-18,1,1,1,960,544.56,960,544.56,0,0,0,0,0,0,0,0
633,907,46488627,44116292,22873,7917,87,7922,0,0,-18,0,-18,1,1,1,960,544.56,960,544.56,0,0,0,0,0,0,0,0
634,908,41393000,43762333,22537,7917,87,7922,0,0,-18,0,-18,1,1,1,960,544.56,960,544.56,0,0,0,0,0,0,0,0
635,909,49293536,49329583,22345,7917,87,7922,0,0,-18,0,-18,1,1,1,960,544.56,960,544.56,0,0,0,0,0,0,0,0
636,910,53792543,52193500,22257,7917,87,7922,0,0,-18,0,-18,1,1,1,960,544.56,960,544.56,0,0,0,0,0,0,0,0
637,911,60407206,61769166,22321,7917,87,7922,0,0,-18,0,-18,1,1,1,960,544.56,960,544.56,0,0,0,0,0,0,0,0
638,912,65522335,63899458,22397,7917,87,7922,0,0,-18,0,-18,1,1,1,960,544.56,960,544.56,0,0,0,0,0,0,0,0
639,913,63256122,64822042,22321,7917,87,7922,0,0,-18,0,-18,1,1,1,960,544.56,960,544.56,0,0,0,0,0,0,0,0
640,914,70203877,68455791,22257,7917,87,7922,0,0,-18,0,-18,1,1,1,960,544.56,960,544.56,0,0,0,0,0,0,0,0
641,915,64894333,64685917,22973,7917,90,7922,0,0,-18,0,-18,1,1,1,960,544.56,960,544.56,0,0,0,0,0,0,0,0
642,916,64921714,64825666,22525,7917,87,7922,0,0,-18,0,-18,1,1,1,960,544.56,960,544.56,0,0,0,0,0,0,0,0
643,917,51605582,53561042,22321,7917,87,7922,0,0,-18,0,-18,1,1,1,960,544.56,960,544.56,0,0,0,0,0,0,0,0
644,918,56084163,54789666,22345,7917,87,7922,0,0,-18,0,-18,1,1,1,960,544.56,960,544.56,0,0,0,0,0,0,0,0
645,919,53596876,54745042,22321,7917,87,7922,0,0,-18,0,-18,1,1,1,960,544.56,960,544.56,0,0,0,0,0,0,0,0
646,920,60309834,58622708,22309,7918,88,7923,0,0,-18,0,-18,1,1,1,960,544.56,960,544.56,0,0,0,0,0,0,0,0
647,921,56892041,58694291,22409,7917,87,7922,0,0,-18,0,-18,1,1,1,960,544.56,960,544.56,0,0,0,0,0,0,0,0
648,922,65832123,64194708,22257,7917,87,7922,0,0,-18,0,-18,1,1,1,960,544.56,960,544.56,0,0,0,0,0,0,0,0
649,923,55976502,56993333,22321,7917,90,7922,0,0,-18,0,-18,1,1,1,960,544.56,960,544.56,0,0,0,0,0,0,0,0
650,924,62227707,60076583,22961,7917,87,7922,0,0,-18,0,-18,1,1,1,960,544.56,960,544.56,0,0,0,0,0,0,0,0
651,925,57751212,60414375,22537,7917,87,7922,0,0,-18,0,-18,1,1,1,960,544.56,960,544.56,0,0,0,0,0,0,0,0
652,926,58784794,57031834,22257,7917,87,7922,0,0,-18,0,-18,1,1,1,960,544.56,960,544.56,0,0,0,0,0,0,0,0
653,927,59489872,61224083,22409,7917,87,7922,0,0,-18,0,-18,1,1,1,960,544.56,960,544.56,0,0,0,0,0,0,0,0
654,928,61648000,59883333,22309,7917,87,7922,0,0,-18,0,-18,1,1,1,960,544.56,960,544.56,0,0,0,0,0,0,0,0
655,929,57519663,59153625,22321,7917,87,7922,0,0,-18,0,-18,1,1,1,960,544.56,960,544.56,0,0,0,0,0,0,0,0
656,930,62395166,61032333,22345,7917,87,7922,0,0,-18,0,-18,1,1,1,960,544.56,960,544.56,0,0,0,0,0,0,0,0
657,931,48798874,50207541,22321,7917,90,7922,0,0,-18,0,-18,1,1,1,960,544.56,960,544.56,0,0,0,0,0,0,0,0
658,932,49118623,49117666,22309,7917,87,7922,0,0,-18,0,-18,1,1,1,960,544.56,960,544.56,0,0,0,0,0,0,0,0
659,933,45076418,42971208,22909,7917,87,7922,0,0,-18,0,-18,1,1,1,960,544.56,960,544.56,0,0,0,0,0,0,0,0
660,934,40287710,42461500,22537,7917,87,7922,0,0,-18,0,-18,1,1,1,960,544.56,960,544.56,0,0,0,0,0,0,0,0
661,935,39253082,39211375,22257,7918,88,7923,0,0,-18,0,-18,1,1,1,960,544.56,960,544.56,0,0,0,0,0,0,0,0
662,936,38599289,37466292,22257,7917,87,7922,0,0,-18,0,-18,1,1,1,960,544.56,960,544.56,0,0,0,0,0,0,0,0
663,937,36301705,37405792,22461,7917,87,7922,0,0,-18,0,-18,1,1,1,960,544.56,960,544.56,0,0,0,0,0,0,0,0
664,938,37239208,37243792,22257,7917,87,7922,0,0,-18,0,-18,1,1,1,960,544.56,960,544.56,0,0,0,0,0,0,0,0
665,939,38730379,37641834,22257,7917,87,7922,0,0,-18,0,-18,1,1,1,960,544.56,960,544.56,0,0,0,0,0,0,0,0
666,940,39364539,40258458,22321,7917,87,7922,0,0,-18,0,-18,1,1,1,960,544.56,960,544.56,0,0,0,0,0,0,0,0
667,941,40532037,40629042,22345,7917,87,7922,0,0,-18,0,-18,1,1,1,960,544.56,960,544.56,0,0,0,0,0,0,0,0
668,942,44203210,43162500,22257,7917,87,7922,0,0,-18,0,-18,1,1,1,960,544.56,960,544.56,0,0,0,0,0,0,0,0
669,943,41228041,42253625,22373,7917,90,7922,0,0,-18,0,-18,1,1,1,960,544.56,960,544.56,0,0,0,0,0,0,0,0
670,944,43795336,43468167,22257,7917,87,7922,0,0,-18,0,-18,1,1,1,960,544.56,960,544.56,0,0,0,0,0,0,0,0
671,945,46160500,44068166,22909,7917,87,7922,0,0,-18,0,-18,1,1,1,960,544.56,960,544.56,0,0,0,0,0,0,0,0
672,946,42196039,44511417,22537,7917,87,7922,0,0,-18,0,-18,1,1,1,960,544.56,960,544.56,0,0,0,0,0,0,0,0
673,947,45718461,45635792,22257,7917,87,7922,0,0,-18,0,-18,1,1,1,960,544.56,960,544.56,0,0,0,0,0,0,0,0
674,948,53347833,51858042,22309,7917,87,7922,0,0,-18,0,-18,1,1,1,960,544.56,960,544.56,0,0,0,0,0,0,0,0
675,949,50266537,51714209,22409,7917,87,7922,0,0,-18,0,-18,1,1,1,960,544.56,960,544.56,0,0,0,0,0,0,0,0
676,950,63579089,61788375,22257,7918,88,7923,0,0,-18,0,-18,1,1,1,960,544.56,960,544.56,0,0,0,0,0,0,0,0
677,951,63551828,64994916,22321,7917,87,7922,0,0,-18,0,-18,1,1,1,960,544.56,960,544.56,0,0,0,0,0,0,0,0
678,952,69147840,67539500,22397,7915,87,7920,0,0,-18,0,-18,1,1,1,960,544.56,960,544.56,0,0,0,0,0,0,0,0
679,953,60031209,61872959,22321,7917,90,7922,0,0,-18,0,-18,1,1,1,960,544.56,960,544.56,0,0,0,0,0,0,0,0
680,954,58074582,55277167,22821,7917,87,7922,0,0,-18,0,-18,1,1,1,960,544.56,960,544.56,0,0,0,0,0,0,0,0
681,955,49705874,52457666,22625,7917,87,7922,0,0,-18,0,-18,1,1,1,960,544.56,960,544.56,0,0,0,0,0,0,0,0
682,956,53760588,52231917,22309,7917,87,7922,0,0,-18,0,-18,1,1,1,960,544.56,960,544.56,0,0,0,0,0,0,0,0
683,957,50077956,51481833,22321,7917,87,7922,0,0,-18,0,-18,1,1,1,960,544.56,960,544.56,0,0,0,0,0,0,0,0
684,958,53721040,52222667,22345,7917,87,7922,0,0,-18,0,-18,1,1,1,960,544.56,960,544.56,0,0,0,0,0,0,0,0
685,959,50518415,52016084,22321,7917,87,7922,0,0,-18,0,-18,1,1,1,960,544.56,960,544.56,0,0,0,0,0,0,0,0
686,960,53838044,52106000,22309,7917,87,7922,0,0,-18,0,-18,1,1,1,960,544.56,960,544.56,0,0,0,0,0,0,0,0
687,961,53892001,55625916,22409,7917,87,7922,0,0,-18,0,-18,1,1,1,960,544.56,960,544.56,0,0,0,0,0,0,0,0
688,962,54025042,52454916,22257,7917,90,7922,0,0,-18,0,-18,1,1,1,960,544.56,960,544.56,0,0,0,0,0,0,0,0
689,963,50271082,51441958,22321,7917,87,7922,0,0,-18,0,-18,1,1,1,960,544.56,960,544.56,0,0,0,0,0,0,0,0
690,964,47710545,46820875,22961,7917,87,7922,0,0,-18,0,-18,1,1,1,960,544.56,960,544.56,0,0,0,0,0,0,0,0
691,965,46910203,46979834,22473,7918,88,7923,0,0,-18,0,-18,1,1,1,960,544.56,960,544.56,0,0,0,0,0,0,0,0
692,966,47494713,48693416,22321,7917,87,7922,0,0,-18,0,-18,1,1,1,960,544.56,960,544.56,0,0,0,0,0,0,0,0
693,967,51109708,50881583,22257,7917,87,7922,0,0,-18,0,-18,1,1,1,960,544.56,960,544.56,0,0,0,0,0,0,0,0
694,968,49813080,48587417,22345,7917,87,7922,0,0,-18,0,-18,1,1,1,960,544.56,960,544.56,0,0,0,0,0,0,0,0
695,969,47322627,48678375,22373,7917,87,7922,0,0,-18,0,-18,1,1,1,960,544.56,960,544.56,0,0,0,0,0,0,0,0
696,970,42521458,42520292,22257,7917,87,7922,0,0,-18,0,-18,1,1,1,960,544.56,960,544.56,0,0,0,0,0,0,0,0
697,971,47965250,46584042,22257,7917,87,7922,0,0,-18,0,-18,1,1,1,960,544.56,960,544.56,0,0,0,0,0,0,0,0
698,972,41193287,42545958,22409,7917,90,7922,0,0,-18,0,-18,1,1,1,960,544.56,960,544.56,0,0,0,0,0,0,0,0
699,973,43045293,42972959,22257,7917,87,7922,0,0,-18,0,-18,1,1,1,960,544.56,960,544.56,0,0,0,0,0,0,0,0
700,974,44754125,42571667,22873,7917,87,7922,0,0,-18,0,-18,1,1,1,960,544.56,960,544.56,0,0,0,0,0,0,0,0
701,975,36991667,39106250,22537,7917,87,7922,0,0,-18,0,-18,1,1,1,960,544.56,960,544.56,0,0,0,0,0,0,0,0
702,976,38353208,38439541,22345,7917,87,7922,0,0,-18,0,-18,1,1,1,960,544.56,960,544.56,0,0,0,0,0,0,0,0
703,977,38181498,37073792,22257,7917,87,7922,0,0,-18,0,-18,1,1,1,960,544.56,960,544.56,0,0,0,0,0,0,0,0
704,978,35925086,37002542,22321,7917,87,7922,0,0,-18,0,-18,1,1,1,960,544.56,960,544.56,0,0,0,0,0,0,0,0
705,979,39124377,39009000,22257,7917,87,7922,0,0,-18,0,-18,1,1,1,960,544.56,960,544.56,0,0,0,0,0,0,0,0
706,980,40975913,40008125,22397,7918,88,7923,0,0,-18,0,-18,1,1,1,960,544.56,960,544.56,0,0,0,0,0,0,0,0
707,981,39482496,40466417,22321,7917,87,7922,0,0,-18,0,-18,1,1,1,960,544.56,960,544.56,0,0,0,0,0,0,0,0
708,982,41099965,41130792,22257,7917,87,7922,0,0,-18,0,-18,1,1,1,960,544.56,960,544.56,0,0,0,0,0,0,0,0
709,983,39001706,37861875,22257,7917,87,7922,0,0,-18,0,-18,1,1,1,960,544.56,960,544.56,0,0,0,0,0,0,0,0
710,984,43643750,44748250,22409,7917,87,7922,0,0,-18,0,-18,1,1,1,960,544.56,960,544.56,0,0,0,0,0,0,0,0
711,985,40139250,40091208,22309,7917,90,7922,0,0,-18,0,-18,1,1,1,960,544.56,960,544.56,0,0,0,0,0,0,0,0
712,986,39742041,38710042,22257,7917,87,7922,0,0,-18,0,-18,1,1,1,960,544.56,960,544.56,0,0,0,0,0,0,0,0
713,987,40456037,40329167,22885,7917,87,7922,0,0,-18,0,-18,1,1,1,960,544.56,960,544.56,0,0,0,0,0,0,0,0
714,988,37856627,39005833,22561,7917,87,7922,0,0,-18,0,-18,1,1,1,960,544.56,960,544.56,0,0,0,0,0,0,0,0
715,989,41036296,39932417,22257,7917,87,7922,0,0,-18,0,-18,1,1,1,960,544.56,960,544.56,0,0,0,0,0,0,0,0
716,990,39473414,40517250,22321,7917,87,7922,0,0,-18,0,-18,1,1,1,960,544.56,960,544.56,0,0,0,0,0,0,0,0
717,991,44150169,44017708,22309,7917,87,7922,0,0,-18,0,-18,1,1,1,960,544.56,960,544.56,0,0,0,0,0,0,0,0
718,992,45577827,44425834,22345,7917,87,7922,0,0,-18,0,-18,1,1,1,960,544.56,960,544.56,0,0,0,0,0,0,0,0
719,993,42825128,44022208,22321,7917,87,7922,0,0,-18,0,-18,1,1,1,960,544.56,960,544.56,0,0,0,0,0,0,0,0
720,994,44210255,44214459,22257,7917,87,7922,0,0,-18,0,-18,1,1,1,960,544.56,960,544.56,0,0,0,0,0,0,0,0
721,995,53230702,51548834,22257,7918,88,7923,0,0,-18,0,-18,1,1,1,960,544.56,960,544.56,0,0,0,0,0,0,0,0
722,996,54339002,55817125,22461,7917,87,7922,0,0,-18,0,-18,1,1,1,960,544.56,960,544.56,0,0,0,0,0,0,0,0
723,997,64066164,62262625,22257,7917,90,7922,0,0,-18,0,-18,1,1,1,960,544.56,960,544.56,0,0,0,0,0,0,0,0
724,998,64626544,64304709,22885,7917,87,7922,0,0,-18,0,-18,1,1,1,960,544.56,960,544.56,0,0,0,0,0,0,0,0
725,999,64439125,64608459,22561,7917,87,7922,0,0,-18,0,-18,1,1,1,960,544.56,960,544.56,0,0,0,0,0,0,0,0
726,1000,62179002,64088625,22373,7917,87,7922,0,0,-18,0,-18,1,1,1,960,544.56,960,544.56,0,0,0,0,0,0,0,0
727,1001,56827828,54900000,22257,7917,87,7922,0,0,-18,0,-18,1,1,1,960,544.56,960,544.56,0,0,0,0,0,0,0,0
728,1002,58227416,60100708,22409,7917,87,7922,0,0,-18,0,-18,1,1,1,960,544.56,960,544.56,0,0,0,0,0,0,0,0
729,1003,59258084,57775125,22257,7917,87,7922,0,0,-18,0,-18,1,1,1,960,544.56,960,544.56,0,0,0,0,0,0,0,0
730,1004,58885585,60164875,22373,7917,87,7922,0,0,-18,0,-18,1,1,1,960,544.56,960,544.56,0,0,0,0,0,0,0,0
731,1005,59204287,57731625,22345,7917,90,7922,0,0,-18,0,-18,1,1,1,960,544.56,960,544.56,0,0,0,0,0,0,0,0
732,1006,55021710,54762416,22885,7917,87,7922,0,0,-18,0,-18,1,1,1,960,544.56,960,544.56,0,0,0,0,0,0,0,0
733,1007,54618082,54927333,22473,7917,87,7922,0,0,-18,0,-18,1,1,1,960,544.56,960,544.56,0,0,0,0,0,0,0,0
734,1008,50488542,51981292,22461,7917,87,7922,0,0,-18,0,-18,1,1,1,960,544.56,960,544.56,0,0,0,0,0,0,0,0
735,1009,54013121,52509708,22257,7917,87,7922,0,0,-18,0,-18,1,1,1,960,544.56,960,544.56,0,0,0,0,0,0,0,0
736,1010,54047584,55263500,22321,7918,88,7923,0,0,-18,0,-18,1,1,1,960,544.56,960,544.56,0,0,0,0,0,0,0,0
737,1011,60494329,59080000,22345,7917,87,7922,0,0,-18,0,-18,1,1,1,960,544.56,960,544.56,0,0,0,0,0,0,0,0
738,1012,55285166,56893625,22373,7917,87,7922,0,0,-18,0,-18,1,1,1,960,544.56,960,544.56,0,0,0,0,0,0,0,0
739,1013,59252247,57655041,22257,7917,87,7922,0,0,-18,0,-18,1,1,1,960,544.56,960,544.56,0,0,0,0,0,0,0,0
740,1014,53034834,54501833,22409,7917,90,7922,0,0,-18,0,-18,1,1,1,960,544.56,960,544.56,0,0,0,0,0,0,0,0
741,1015,55263046,52279958,22821,7917,87,7922,0,0,-18,0,-18,1,1,1,960,544.56,960,544.56,0,0,0,0,0,0,0,0
742,1016,52482668,55330750,22589,7917,87,7922,0,0,-18,0,-18,1,1,1,960,544.56,960,544.56,0,0,0,0,0,0,0,0
743,1017,52723284,51398459,22345,7917,87,7922,0,0,-18,0,-18,1,1,1,960,544.56,960,544.56,0,0,0,0,0,0,0,0
744,1018,49979958,51415041,22321,7917,87,7922,0,0,-18,0,-18,1,1,1,960,544.56,960,544.56,0,0,0,0,0,0,0,0
745,1019,52471499,50928291,22257,7917,87,7922,0,0,-18,0,-18,1,1,1,960,544.56,960,544.56,0,0,0,0,0,0,0,0
746,1020,50723794,52201625,22461,7917,87,7922,0,0,-18,0,-18,1,1,1,960,544.56,960,544.56,0,0,0,0,0,0,0,0
747,1021,50822038,49472166,22257,7917,87,7922,0,0,-18,0,-18,1,1,1,960,544.56,960,544.56,0,0,0,0,0,0,0,0
748,1022,52789583,54105208,22321,7917,87,7922,0,0,-18,0,-18,1,1,1,960,544.56,960,544.56,0,0,0,0,0,0,0,0
749,1023,51386877,49981750,22345,7917,90,7922,0,0,-18,0,-18,1,1,1,960,544.56,960,544.56,0,0,0,0,0,0,0,0
750,1024,50387583,51783084,22373,7917,87,7922,0,0,-18,0,-18,1,1,1,960,544.56,960,544.56,0,0,0,0,0,0,0,0
751,1025,55142205,52122958,22821,7918,88,7923,0,0,-18,0,-18,1,1,1,960,544.56,960,544.56,0,0,0,0,0,0,0,0
752,1026,49677919,52563708,22625,7917,87,7922,0,0,-18,0,-18,1,1,1,960,544.56,960,544.56,0,0,0,0,0,0,0,0
753,1027,53930703,52144917,22257,7917,87,7922,0,0,-18,0,-18,1,1,1,960,544.56,960,544.56,0,0,0,0,0,0,0,0
754,1028,62740504,64309584,22373,7917,87,7922,0,0,-18,0,-18,1,1,1,960,544.56,960,544.56,0,0,0,0,0,0,0,0
755,1029,64652167,63039791,22345,7917,87,7922,0,0,-18,0,-18,1,1,1,960,544.56,960,544.56,0,0,0,0,0,0,0,0
756,1030,58920159,60596000,22321,7917,87,7922,0,0,-18,0,-18,1,1,1,960,544.56,960,544.56,0,0,0,0,0,0,0,0
757,1031,65572537,63611500,22257,7917,87,7922,0,0,-18,0,-18,1,1,1,960,544.56,960,544.56,0,0,0,0,0,0,0,0
758,1032,54910749,56856584,22461,7917,90,7922,0,0,-18,0,-18,1,1,1,960,544.56,960,544.56,0,0,0,0,0,0,0,0
759,1033,62304917,59772750,22821,7917,87,7922,0,0,-18,0,-18,1,1,1,960,544.56,960,544.56,0,0,0,0,0,0,0,0
760,1034,56127499,58583125,22537,7917,87,7922,0,0,-18,0,-18,1,1,1,960,544.56,960,544.56,0,0,0,0,0,0,0,0
761,1035,57756088,56276916,22345,7917,87,7922,0,0,-18,0,-18,1,1,1,960,544.56,960,544.56,0,0,0,0,0,0,0,0
762,1036,57027332,58560750,22373,7917,87,7922,0,0,-18,0,-18,1,1,1,960,544.56,960,544.56,0,0,0,0,0,0,0,0
763,1037,53875502,51736125,22257,7917,87,7922,0,0,-18,0,-18,1,1,1,960,544.56,960,544.56,0,0,0,0,0,0,0,0
764,1038,55833332,57800375,22409,7917,87,7922,0,0,-18,0,-18,1,1,1,960,544.56,960,544.56,0,0,0,0,0,0,0,0
765,1039,57162832,55540125,22257,7917,87,7922,0,0,-18,0,-18,1,1,1,960,544.56,960,544.56,0,0,0,0,0,0,0,0
766,1040,60297209,61894583,22373,7918,88,7923,0,0,-18,0,-18,1,1,1,960,544.56,960,544.56,0,0,0,0,0,0,0,0
767,1041,54103620,52690666,22345,7917,90,7922,0,0,-18,0,-18,1,1,1,960,544.56,960,544.56,0,0,0,0,0,0,0,0
768,1042,51868461,51631708,22885,7917,87,7922,0,0,-18,0,-18,1,1,1,960,544.56,960,544.56,0,0,0,0,0,0,0,0
769,1043,53146541,53071500,22473,7917,87,7922,0,0,-18,0,-18,1,1,1,960,544.56,960,544.56,0,0,0,0,0,0,0,0
770,1044,51387500,52948166,22461,7917,87,7922,0,0,-18,0,-18,1,1,1,960,544.56,960,544.56,0,0,0,0,0,0,0,0
771,1045,55054660,53763875,22257,7917,87,7922,0,0,-18,0,-18,1,1,1,960,544.56,960,544.56,0,0,0,0,0,0,0,0
772,1046,52099041,53426750,22321,7917,87,7922,0,0,-18,0,-18,1,1,1,960,544.56,960,544.56,0,0,0,0,0,0,0,0
773,1047,52042629,50641209,22345,7917,87,7922,0,0,-18,0,-18,1,1,1,960,544.56,960,544.56,0,0,0,0,0,0,0,0
774,1048,49811244,51231084,22373,7917,87,7922,0,0,-18,0,-18,1,1,1,960,544.56,960,544.56,0,0,0,0,0,0,0,0
775,1049,48212081,48224458,22257,7917,87,7922,0,0,-18,0,-18,1,1,1,960,544.56,960,544.56,0,0,0,0,0,0,0,0
776,1050,43545294,42325375,22345,7917,90,7922,0,0,-18,0,-18,1,1,1,960,544.56,960,544.56,0,0,0,0,0,0,0,0
777,1051,39233624,40503875,22321,7917,87,7922,0,0,-18,0,-18,1,1,1,960,544.56,960,544.56,0,0,0,0,0,0,0,0
778,1052,37599164,37551125,22257,7917,87,7922,0,0,-18,0,-18,1,1,1,960,544.56,960,544.56,0,0,0,0,0,0,0,0
779,1053,39216920,37316125,22873,7917,87,7922,0,0,-18,0,-18,1,1,1,960,544.56,960,544.56,0,0,0,0,0,0,0,0
780,1054,35458333,37346042,22625,7917,87,7922,0,0,-18,0,-18,1,1,1,960,544.56,960,544.56,0,0,0,0,0,0,0,0
781,1055,37135288,37145916,22257,7918,88,7923,0,0,-18,0,-18,1,1,1,960,544.56,960,544.56,0,0,0,0,0,0,0,0
782,1056,38719251,37605334,22257,7917,87,7922,0,0,-18,0,-18,1,1,1,960,544.56,960,544.56,0,0,0,0,0,0,0,0
783,1057,39986997,40961584,22321,7917,87,7922,0,0,-18,0,-18,1,1,1,960,544.56,960,544.56,0,0,0,0,0,0,0,0
784,1058,43398916,43255417,22345,7917,87,7922,0,0,-18,0,-18,1,1,1,960,544.56,960,544.56,0,0,0,0,0,0,0,0
785,1059,45219499,44179750,22309,7917,87,7922,0,0,-18,0,-18,1,1,1,960,544.56,960,544.56,0,0,0,0,0,0,0,0
786,1060,42707666,43746792,22321,7917,87,7922,0,0,-18,0,-18,1,1,1,960,544.56,960,544.56,0,0,0,0,0,0,0,0
787,1061,47421831,47430625,22257,7917,87,7922,0,0,-18,0,-18,1,1,1,960,544.56,960,544.56,0,0,0,0,0,0,0,0
788,1062,56441292,54987834,22345,7917,87,7922,0,0,-18,0,-18,1,1,1,960,544.56,960,544.56,0,0,0,0,0,0,0,0
789,1063,60155335,61580709,22321,7917,90,7922,0,0,-18,0,-18,1,1,1,960,544.56,960,544.56,0,0,0,0,0,0,0,0
790,1064,64436577,61200625,22873,7917,87,7922,0,0,-18,0,-18,1,1,1,960,544.56,960,544.56,0,0,0,0,0,0,0,0
791,1065,55943671,59021666,22625,7917,87,7922,0,0,-18,0,-18,1,1,1,960,544.56,960,544.56,0,0,0,0,0,0,0,0
792,1066,57239875,55894958,22257,7917,87,7922,0,0,-18,0,-18,1,1,1,960,544.56,960,544.56,0,0,0,0,0,0,0,0
793,1067,53267914,54566875,22321,7917,87,7922,0,0,-18,0,-18,1,1,1,960,544.56,960,544.56,0,0,0,0,0,0,0,0
794,1068,53229335,51894959,22397,7917,87,7922,0,0,-18,0,-18,1,1,1,960,544.56,960,544.56,0,0,0,0,0,0,0,0
795,1069,51173701,52485833,22321,7917,87,7922,0,0,-18,0,-18,1,1,1,960,544.56,960,544.56,0,0,0,0,0,0,0,0
796,1070,54315462,52720958,22257,7918,88,7923,0,0,-18,0,-18,1,1,1,960,544.56,960,544.56,0,0,0,0,0,0,0,0
797,1071,55427875,56946042,22409,7917,87,7922,0,0,-18,0,-18,1,1,1,960,544.56,960,544.56,0,0,0,0,0,0,0,0
798,1072,52545953,51166083,22309,7917,90,7922,0,0,-18,0,-18,1,1,1,960,544.56,960,544.56,0,0,0,0,0,0,0,0
799,1073,51266666,51183625,22885,7917,87,7922,0,0,-18,0,-18,1,1,1,960,544.56,960,544.56,0,0,0,0,0,0,0,0
800,1074,51321797,51265167,22561,7917,87,7922,0,0,-18,0,-18,1,1,1,960,544.56,960,544.56,0,0,0,0,0,0,0,0
801,1075,50481617,52011375,22321,7917,87,7922,0,0,-18,0,-18,1,1,1,960,544.56,960,544.56,0,0,0,0,0,0,0,0
802,1076,54614044,53150958,22309,7917,87,7922,0,0,-18,0,-18,1,1,1,960,544.56,960,544.56,0,0,0,0,0,0,0,0
803,1077,50215333,51567750,22409,7917,87,7922,0,0,-18,0,-18,1,1,1,960,544.56,960,544.56,0,0,0,0,0,0,0,0
804,1078,52977245,51529708,22257,7917,87,7922,0,0,-18,0,-18,1,1,1,960,544.56,960,544.56,0,0,0,0,0,0,0,0
805,1079,55091377,56340000,22321,7917,87,7922,0,0,-18,0,-18,1,1,1,960,544.56,960,544.56,0,0,0,0,0,0,0,0
806,1080,70333003,68654958,22397,7917,87,7922,0,0,-18,0,-18,1,1,1,960,544.56,960,544.56,0,0,0,0,0,0,0,0
807,1081,64925506,66653750,22321,7917,90,7922,0,0,-18,0,-18,1,1,1,960,544.56,960,544.56,0,0,0,0,0,0,0,0
808,1082,69598786,66000667,22821,7917,87,7922,0,0,-18,0,-18,1,1,1,960,544.56,960,544.56,0,0,0,0,0,0,0,0
809,1083,61343211,64592792,22677,7917,87,7922,0,0,-18,0,-18,1,1,1,960,544.56,960,544.56,0,0,0,0,0,0,0,0
810,1084,57913456,56516333,22257,7917,87,7922,0,0,-18,0,-18,1,1,1,960,544.56,960,544.56,0,0,0,0,0,0,0,0
811,1085,51709666,53358125,22321,7918,88,7923,0,0,-18,0,-18,1,1,1,960,544.56,960,544.56,0,0,0,0,0,0,0,0
812,1086,52547421,51149792,22345,7917,87,7922,0,0,-18,0,-18,1,1,1,960,544.56,960,544.56,0,0,0,0,0,0,0,0
813,1087,49264993,50710917,22373,7917,87,7922,0,0,-18,0,-18,1,1,1,960,544.56,960,544.56,0,0,0,0,0,0,0,0
814,1088,45923378,45977958,22257,7917,87,7922,0,0,-18,0,-18,1,1,1,960,544.56,960,544.56,0,0,0,0,0,0,0,0
815,1089,44277586,42977166,22257,7917,90,7922,0,0,-18,0,-18,1,1,1,960,544.56,960,544.56,0,0,0,0,0,0,0,0
816,1090,39338618,40623541,22409,7917,87,7922,0,0,-18,0,-18,1,1,1,960,544.56,960,544.56,0,0,0,0,0,0,0,0
817,1091,37277124,37231792,22257,7917,87,7922,0,0,-18,0,-18,1,1,1,960,544.56,960,544.56,0,0,0,0,0,0,0,0
818,1092,39702832,37826875,22873,7917,87,7922,0,0,-18,0,-18,1,1,1,960,544.56,960,544.56,0,0,0,0,0,0,0,0
819,1093,35915669,37721667,22537,7917,87,7922,0,0,-18,0,-18,1,1,1,960,544.56,960,544.56,0,0,0,0,0,0,0,0
820,1094,38041871,38072291,22345,7917,87,7922,0,0,-18,0,-18,1,1,1,960,544.56,960,544.56,0,0,0,0,0,0,0,0
821,1095,41690710,40443834,22257,7917,87,7922,0,0,-18,0,-18,1,1,1,960,544.56,960,544.56,0,0,0,0,0,0,0,0
822,1096,43381165,44456000,22321,7917,87,7922,0,0,-18,0,-18,1,1,1,960,544.56,960,544.56,0,0,0,0,0,0,0,0
823,1097,44289421,44263333,22257,7917,87,7922,0,0,-18,0,-18,1,1,1,960,544.56,960,544.56,0,0,0,0,0,0,0,0
824,1098,49812253,48435459,22397,7917,87,7922,0,0,-18,0,-18,1,1,1,960,544.56,960,544.56,0,0,0,0,0,0,0,0
825,1099,50202332,51566375,22321,7917,87,7922,0,0,-18,0,-18,1,1,1,960,544.56,960,544.56,0,0,0,0,0,0,0,0
826,1100,59033248,57068750,22257,7918,88,7923,0,0,-18,0,-18,1,1,1,960,544.56,960,544.56,0,0,0,0,0,0,0,0
827,1101,61957795,63725417,22409,7917,90,7922,0,0,-18,0,-18,1,1,1,960,544.56,960,544.56,0,0,0,0,0,0,0,0
828,1102,67964665,64678875,22873,7917,87,7922,0,0,-18,0,-18,1,1,1,960,544.56,960,544.56,0,0,0,0,0,0,0,0
829,1103,56749206,60027750,22537,7917,87,7922,0,0,-18,0,-18,1,1,1,960,544.56,960,544.56,0,0,0,0,0,0,0,0
830,1104,55968914,54609459,22345,7917,87,7922,0,0,-18,0,-18,1,1,1,960,544.56,960,544.56,0,0,0,0,0,0,0,0
831,1105,56722335,57966916,22321,7917,87,7922,0,0,-18,0,-18,1,1,1,960,544.56,960,544.56,0,0,0,0,0,0,0,0
832,1106,58414250,57050458,22309,7917,87,7922,0,0,-18,0,-18,1,1,1,960,544.56,960,544.56,0,0,0,0,0,0,0,0
833,1107,58809246,60186125,22409,7917,87,7922,0,0,-18,0,-18,1,1,1,960,544.56,960,544.56,0,0,0,0,0,0,0,0
834,1108,60234084,58695250,22257,7917,87,7922,0,0,-18,0,-18,1,1,1,960,544.56,960,544.56,0,0,0,0,0,0,0,0
835,1109,63092589,64573958,22321,7917,87,7922,0,0,-18,0,-18,1,1,1,960,544.56,960,544.56,0,0,0,0,0,0,0,0
836,1110,59605244,58258000,22397,7917,90,7922,0,0,-18,0,-18,1,1,1,960,544.56,960,544.56,0,0,0,0,0,0,0,0
837,1111,57064581,56877708,22885,7917,87,7922,0,0,-18,0,-18,1,1,1,960,544.56,960,544.56,0,0,0,0,0,0,0,0
838,1112,54906625,54559959,22473,7917,87,7922,0,0,-18,0,-18,1,1,1,960,544.56,960,544.56,0,0,0,0,0,0,0,0
839,1113,56918792,58732667,22409,7917,87,7922,0,0,-18,0,-18,1,1,1,960,544.56,960,544.56,0,0,0,0,0,0,0,0
840,1114,60837585,58919041,22309,7917,87,7922,0,0,-18,0,-18,1,1,1,960,544.56,960,544.56,0,0,0,0,0,0,0,0
841,1115,59075418,60686375,22321,7918,88,7923,0,0,-18,0,-18,1,1,1,960,544.56,960,544.56,0,0,0,0,0,0,0,0
842,1116,58150582,56566583,22345,7917,87,7922,0,0,-18,0,-18,1,1,1,960,544.56,960,544.56,0,0,0,0,0,0,0,0
843,1117,60907129,62712750,22321,7917,87,7922,0,0,-18,0,-18,1,1,1,960,544.56,960,544.56,0,0,0,0,0,0,0,0
844,1118,58811202,57166917,22309,7917,90,7922,0,0,-18,0,-18,1,1,1,960,544.56,960,544.56,0,0,0,0,0,0,0,0
845,1119,57557795,57541625,22973,7917,87,7922,0,0,-18,0,-18,1,1,1,960,544.56,960,544.56,0,0,0,0,0,0,0,0
846,1120,56409664,56564667,22473,7917,87,7922,0,0,-18,0,-18,1,1,1,960,544.56,960,544.56,0,0,0,0,0,0,0,0
847,1121,50390042,51419500,22321,7917,87,7922,0,0,-18,0,-18,1,1,1,960,544.56,960,544.56,0,0,0,0,0,0,0,0
848,1122,51821082,50732750,22397,7917,87,7922,0,0,-18,0,-18,1,1,1,960,544.56,960,544.56,0,0,0,0,0,0,0,0
849,1123,45542083,47046291,22321,7917,87,7922,0,0,-18,0,-18,1,1,1,960,544.56,960,544.56,0,0,0,0,0,0,0,0
850,1124,43135203,43071625,22257,7917,87,7922,0,0,-18,0,-18,1,1,1,960,544.56,960,544.56,0,0,0,0,0,0,0,0
851,1125,42345542,41279250,22257,7917,87,7922,0,0,-18,0,-18,1,1,1,960,544.56,960,544.56,0,0,0,0,0,0,0,0
852,1126,36676835,37727250,22409,7917,87,7922,0,0,-18,0,-18,1,1,1,960,544.56,960,544.56,0,0,0,0,0,0,0,0
853,1127,39883248,39928875,22309,7917,87,7922,0,0,-18,0,-18,1,1,1,960,544.56,960,544.56,0,0,0,0,0,0,0,0
854,1128,38174752,37044792,22257,7917,90,7922,0,0,-18,0,-18,1,1,1,960,544.56,960,544.56,0,0,0,0,0,0,0,0
855,1129,36574333,37601667,22321,7917,87,7922,0,0,-18,0,-18,1,1,1,960,544.56,960,544.56,0,0,0,0,0,0,0,0
856,1130,39294041,39289541,22345,7918,88,7923,0,0,-18,0,-18,1,1,1,960,544.56,960,544.56,0,0,0,0,0,0,0,0
857,1131,42931497,41079709,22821,7917,87,7922,0,0,-18,0,-18,1,1,1,960,544.56,960,544.56,0,0,0,0,0,0,0,0
858,1132,42059000,43848208,22537,7917,87,7922,0,0,-18,0,-18,1,1,1,960,544.56,960,544.56,0,0,0,0,0,0,0,0
859,1133,43830499,43779333,22309,7917,87,7922,0,0,-18,0,-18,1,1,1,960,544.56,960,544.56,0,0,0,0,0,0,0,0
860,1134,45459341,44067167,22345,7917,87,7922,0,0,-18,0,-18,1,1,1,960,544.56,960,544.56,0,0,0,0,0,0,0,0
861,1135,45734871,47108292,22321,7917,87,7922,0,0,-18,0,-18,1,1,1,960,544.56,960,544.56,0,0,0,0,0,0,0,0
862,1136,54884374,53296083,22257,7917,87,7922,0,0,-18,0,-18,1,1,1,960,544.56,960,544.56,0,0,0,0,0,0,0,0
863,1137,58538164,59849833,22321,7917,87,7922,0,0,-18,0,-18,1,1,1,960,544.56,960,544.56,0,0,0,0,0,0,0,0
864,1138,69070748,67417750,22397,7917,87,7922,0,0,-18,0,-18,1,1,1,960,544.56,960,544.56,0,0,0,0,0,0,0,0
865,1139,63159294,64845167,22321,7917,90,7922,0,0,-18,0,-18,1,1,1,960,544.56,960,544.56,0,0,0,0,0,0,0,0
866,1140,68971790,65346125,22821,7917,87,7922,0,0,-18,0,-18,1,1,1,960,544.56,960,544.56,0,0,0,0,0,0,0,0
867,1141,58688540,62353000,22625,7917,87,7922,0,0,-18,0,-18,1,1,1,960,544.56,960,544.56,0,0,0,0,0,0,0,0
868,1142,55801581,54397750,22309,7917,87,7922,0,0,-18,0,-18,1,1,1,960,544.56,960,544.56,0,0,0,0,0,0,0,0
869,1143,51187250,52449334,22321,7917,87,7922,0,0,-18,0,-18,1,1,1,960,544.56,960,544.56,0,0,0,0,0,0,0,0
870,1144,56844372,55315875,22345,7917,87,7922,0,0,-18,0,-18,1,1,1,960,544.56,960,544.56,0,0,0,0,0,0,0,0
871,1145,50860375,52458833,22321,7918,88,7923,0,0,-18,0,-18,1,1,1,960,544.56,960,544.56,0,0,0,0,0,0,0,0
872,1146,53114086,51588458,22309,7917,87,7922,0,0,-18,0,-18,1,1,1,960,544.56,960,544.56,0,0,0,0,0,0,0,0
873,1147,57799708,59296125,22409,7917,87,7922,0,0,-18,0,-18,1,1,1,960,544.56,960,544.56,0,0,0,0,0,0,0,0
874,1148,58756660,57218583,22257,7917,90,7922,0,0,-18,0,-18,1,1,1,960,544.56,960,544.56,0,0,0,0,0,0,0,0
875,1149,54765794,54735708,22885,7917,87,7922,0,0,-18,0,-18,1,1,1,960,544.56,960,544.56,0,0,0,0,0,0,0,0
876,1150,54141461,54226375,22613,7917,87,7922,0,0,-18,0,-18,1,1,1,960,544.56,960,544.56,0,0,0,0,0,0,0,0
877,1151,50390455,51705417,22321,7917,87,7922,0,0,-18,0,-18,1,1,1,960,544.56,960,544.56,0,0,0,0,0,0,0,0
878,1152,53804039,52195291,22257,7917,87,7922,0,0,-18,0,-18,1,1,1,960,544.56,960,544.56,0,0,0,0,0,0,0,0
879,1153,50576835,52193333,22409,7917,87,7922,0,0,-18,0,-18,1,1,1,960,544.56,960,544.56,0,0,0,0,0,0,0,0
880,1154,53812500,51733917,22309,7917,87,7922,0,0,-18,0,-18,1,1,1,960,544.56,960,544.56,0,0,0,0,0,0,0,0
881,1155,49763087,51721459,22321,7917,87,7922,0,0,-18,0,-18,1,1,1,960,544.56,960,544.56,0,0,0,0,0,0,0,0
882,1156,54318204,52989541,22345,7917,87,7922,0,0,-18,0,-18,1,1,1,960,544.56,960,544.56,0,0,0,0,0,0,0,0
883,1157,45606043,47037250,22321,7917,90,7922,0,0,-18,0,-18,1,1,1,960,544.56,960,544.56,0,0,0,0,0,0,0,0
884,1158,42868748,42865250,22309,7917,87,7922,0,0,-18,0,-18,1,1,1,960,544.56,960,544.56,0,0,0,0,0,0,0,0
885,1159,45524667,43294917,22821,7917,87,7922,0,0,-18,0,-18,1,1,1,960,544.56,960,544.56,0,0,0,0,0,0,0,0
886,1160,38363873,40586875,22625,7918,88,7923,0,0,-18,0,-18,1,1,1,960,544.56,960,544.56,0,0,0,0,0,0,0,0
887,1161,38208249,38182875,34781,7917,87,7922,0,0,-18,0,-18,1,1,1,960,544.56,960,544.56,0,0,0,0,0,0,0,0
888,1162,38834538,37510084,22257,7917,87,7922,0,0,-18,0,-18,1,1,1,960,544.56,960,544.56,0,0,0,0,0,0,0,0
889,1163,36015462,37272875,22373,7917,87,7922,0,0,-18,0,-18,1,1,1,960,544.56,960,544.56,0,0,0,0,0,0,0,0
890,1164,38475837,38493792,22345,7917,87,7922,0,0,-18,0,-18,1,1,1,960,544.56,960,544.56,0,0,0,0,0,0,0,0
891,1165,41782036,40708667,22257,7917,87,7922,0,0,-18,0,-18,1,1,1,960,544.56,960,544.56,0,0,0,0,0,0,0,0
892,1166,37772461,38826208,22321,7917,87,7922,0,0,-18,0,-18,1,1,1,960,544.56,960,544.56,0,0,0,0,0,0,0,0
893,1167,39896499,39837625,22257,7917,87,7922,0,0,-18,0,-18,1,1,1,960,544.56,960,544.56,0,0,0,0,0,0,0,0
894,1168,43887168,42654667,22345,7917,87,7922,0,0,-18,0,-18,1,1,1,960,544.56,960,544.56,0,0,0,0,0,0,0,0
895,1169,42135450,43361166,22373,7917,90,7922,0,0,-18,0,-18,1,1,1,960,544.56,960,544.56,0,0,0,0,0,0,0,0
896,1170,44582128,44407583,22257,7917,87,7922,0,0,-18,0,-18,1,1,1,960,544.56,960,544.56,0,0,0,0,0,0,0,0
897,1171,46790789,44682709,22821,7917,87,7922,0,0,-18,0,-18,1,1,1,960,544.56,960,544.56,0,0,0,0,0,0,0,0
898,1172,41701417,43835375,22625,7917,87,7922,0,0,-18,0,-18,1,1,1,960,544.56,960,544.56,0,0,0,0,0,0,0,0
899,1173,52287381,52274542,22257,7917,87,7922,0,0,-18,0,-18,1,1,1,960,544.56,960,544.56,0,0,0,0,0,0,0,0
900,1174,59146370,57039542,22309,7917,87,7922,0,0,-18,0,-18,1,1,1,960,544.56,960,544.56,0,0,0,0,0,0,0,0
901,1175,63168458,65137084,22409,7918,88,7923,0,0,-18,0,-18,1,1,1,960,544.56,960,544.56,0,0,0,0,0,0,0,0
902,1176,66951125,65123792,22257,7917,87,7922,0,0,-18,0,-18,1,1,1,960,544.56,960,544.56,0,0,0,0,0,0,0,0
903,1177,63140496,64768834,22321,7917,87,7922,0,0,-18,0,-18,1,1,1,960,544.56,960,544.56,0,0,0,0,0,0,0,0
904,1178,71137167,69479292,22397,7917,87,7922,0,0,-18,0,-18,1,1,1,960,544.56,960,544.56,0,0,0,0,0,0,0,0
905,1179,60262791,62085375,22321,7917,90,7922,0,0,-18,0,-18,1,1,1,960,544.56,960,544.56,0,0,0,0,0,0,0,0
906,1180,58077294,55157250,22821,7917,87,7922,0,0,-18,0,-18,1,1,1,960,544.56,960,544.56,0,0,0,0,0,0,0,0
907,1181,49556583,52256125,22625,7917,87,7922,0,0,-18,0,-18,1,1,1,960,544.56,960,544.56,0,0,0,0,0,0,0,0
908,1182,54299745,53037125,22309,7917,87,7922,0,0,-18,0,-18,1,1,1,960,544.56,960,544.56,0,0,0,0,0,0,0,0
909,1183,51156334,52468500,22321,7917,87,7922,0,0,-18,0,-18,1,1,1,960,544.56,960,544.56,0,0,0,0,0,0,0,0
910,1184,53263377,51875042,22345,7917,87,7922,0,0,-18,0,-18,1,1,1,960,544.56,960,544.56,0,0,0,0,0,0,0,0
911,1185,53438954,54717958,22321,7917,87,7922,0,0,-18,0,-18,1,1,1,960,544.56,960,544.56,0,0,0,0,0,0,0,0
912,1186,56349460,54466875,22309,7917,87,7922,0,0,-18,0,-18,1,1,1,960,544.56,960,544.56,0,0,0,0,0,0,0,0
913,1187,57029541,58989625,22409,7917,87,7922,0,0,-18,0,-18,1,1,1,960,544.56,960,544.56,0,0,0,0,0,0,0,0
914,1188,54556455,53120459,22257,7917,90,7922,0,0,-18,0,-18,1,1,1,960,544.56,960,544.56,0,0,0,0,0,0,0,0
915,1189,57290084,57196041,22885,7917,87,7922,0,0,-18,0,-18,1,1,1,960,544.56,960,544.56,0,0,0,0,0,0,0,0
916,1190,53545288,53588667,22613,7918,88,7923,0,0,-18,0,-18,1,1,1,960,544.56,960,544.56,0,0,0,0,0,0,0,0
917,1191,50633002,52054084,22321,7917,87,7922,0,0,-18,0,-18,1,1,1,960,544.56,960,544.56,0,0,0,0,0,0,0,0
918,1192,53232587,51670417,22257,7917,87,7922,0,0,-18,0,-18,1,1,1,960,544.56,960,544.56,0,0,0,0,0,0,0,0
919,1193,55802244,57217375,22409,7917,87,7922,0,0,-18,0,-18,1,1,1,960,544.56,960,544.56,0,0,0,0,0,0,0,0
920,1194,59783581,58372834,22309,7917,87,7922,0,0,-18,0,-18,1,1,1,960,544.56,960,544.56,0,0,0,0,0,0,0,0
921,1195,54471086,55811416,22321,7917,87,7922,0,0,-18,0,-18,1,1,1,960,544.56,960,544.56,0,0,0,0,0,0,0,0
922,1196,56691374,55412084,22345,7917,87,7922,0,0,-18,0,-18,1,1,1,960,544.56,960,544.56,0,0,0,0,0,0,0,0
923,1197,48932701,50294750,22321,7917,90,7922,0,0,-18,0,-18,1,1,1,960,544.56,960,544.56,0,0,0,0,0,0,0,0
924,1198,47712542,46218292,22873,7917,87,7922,0,0,-18,0,-18,1,1,1,960,544.56,960,544.56,0,0,0,0,0,0,0,0
925,1199,45388918,45657417,22561,7917,87,7922,0,0,-18,0,-18,1,1,1,960,544.56,960,544.56,0,0,0,0,0,0,0,0
926,1200,40784042,42012500,22321,7917,87,7922,0,0,-18,0,-18,1,1,1,960,544.56,960,544.56,0,0,0,0,0,0,0,0
927,1201,44832043,44361750,22257,7917,87,7922,0,0,-18,0,-18,1,1,1,960,544.56,960,544.56,0,0,0,0,0,0,0,0
928,1202,45040335,44066417,22257,7917,87,7922,0,0,-18,0,-18,1,1,1,960,544.56,960,544.56,0,0,0,0,0,0,0,0
929,1203,42870040,44228959,22461,7917,87,7922,0,0,-18,0,-18,1,1,1,960,544.56,960,544.56,0,0,0,0,0,0,0,0
930,1204,50812039,50654416,22257,7917,87,7922,0,0,-18,0,-18,1,1,1,960,544.56,960,544.56,0,0,0,0,0,0,0,0
931,1205,53428251,51699833,22257,7918,88,7923,0,0,-18,0,-18,1,1,1,960,544.56,960,544.56,0,0,0,0,0,0,0,0
932,1206,66379666,67958959,22321,7917,87,7922,0,0,-18,0,-18,1,1,1,960,544.56,960,544.56,0,0,0,0,0,0,0,0
933,1207,62045458,60364500,22397,7917,90,7922,0,0,-18,0,-18,1,1,1,960,544.56,960,544.56,0,0,0,0,0,0,0,0
934,1208,59347547,59413541,22885,7917,87,7922,0,0,-18,0,-18,1,1,1,960,544.56,960,544.56,0,0,0,0,0,0,0,0
935,1209,59998914,60000125,22473,7917,87,7922,0,0,-18,0,-18,1,1,1,960,544.56,960,544.56,0,0,0,0,0,0,0,0
936,1210,59356290,60953000,22409,7917,87,7922,0,0,-18,0,-18,1,1,1,960,544.56,960,544.56,0,0,0,0,0,0,0,0
937,1211,60425288,58647834,22309,7917,87,7922,0,0,-18,0,-18,1,1,1,960,544.56,960,544.56,0,0,0,0,0,0,0,0
938,1212,59482369,61154875,22321,7917,87,7922,0,0,-18,0,-18,1,1,1,960,544.56,960,544.56,0,0,0,0,0,0,0,0
939,1213,60875128,59214083,22345,7917,87,7922,0,0,-18,0,-18,1,1,1,960,544.56,960,544.56,0,0,0,0,0,0,0,0
940,1214,61671335,63404292,22321,7917,87,7922,0,0,-18,0,-18,1,1,1,960,544.56,960,544.56,0,0,0,0,0,0,0,0
941,1215,59029288,57165666,22309,7917,90,7922,0,0,-18,0,-18,1,1,1,960,544.56,960,544.56,0,0,0,0,0,0,0,0
942,1216,56831881,57144083,22973,7917,87,7922,0,0,-18,0,-18,1,1,1,960,544.56,960,544.56,0,0,0,0,0,0,0,0
943,1217,57742409,57796583,22473,7917,87,7922,0,0,-18,0,-18,1,1,1,960,544.56,960,544.56,0,0,0,0,0,0,0,0
944,1218,56711211,57947875,22321,7917,87,7922,0,0,-18,0,-18,1,1,1,960,544.56,960,544.56,0,0,0,0,0,0,0,0
945,1219,58061670,56228917,22397,7917,87,7922,0,0,-18,0,-18,1,1,1,960,544.56,960,544.56,0,0,0,0,0,0,0,0
946,1220,55146124,57036833,22321,7918,88,7923,0,0,-18,0,-18,1,1,1,960,544.56,960,544.56,0,0,0,0,0,0,0,0
947,1221,62835708,61319333,22257,7917,87,7922,0,0,-18,0,-18,1,1,1,960,544.56,960,544.56,0,0,0,0,0,0,0,0
948,1222,54712083,56252042,22409,7917,87,7922,0,0,-18,0,-18,1,1,1,960,544.56,960,544.56,0,0,0,0,0,0,0,0
949,1223,57042956,55618458,22309,7917,87,7922,0,0,-18,0,-18,1,1,1,960,544.56,960,544.56,0,0,0,0,0,0,0,0
950,1224,49869835,51210417,22321,7917,90,7922,0,0,-18,0,-18,1,1,1,960,544.56,960,544.56,0,0,0,0,0,0,0,0
951,1225,46791043,45617458,22909,7917,87,7922,0,0,-18,0,-18,1,1,1,960,544.56,960,544.56,0,0,0,0,0,0,0,0
952,1226,42218375,42287917,22473,7917,87,7922,0,0,-18,0,-18,1,1,1,960,544.56,960,544.56,0,0,0,0,0,0,0,0
953,1227,40750581,41946833,22321,7917,87,7922,0,0,-18,0,-18,1,1,1,960,544.56,960,544.56,0,0,0,0,0,0,0,0
954,1228,37655506,37580791,22309,7917,87,7922,0,0,-18,0,-18,1,1,1,960,544.56,960,544.56,0,0,0,0,0,0,0,0
955,1229,38815122,37785833,22345,7917,87,7922,0,0,-18,0,-18,1,1,1,960,544.56,960,544.56,0,0,0,0,0,0,0,0
956,1230,35958494,37010000,22321,7917,87,7922,0,0,-18,0,-18,1,1,1,960,544.56,960,544.56,0,0,0,0,0,0,0,0
957,1231,39346873,39319666,22257,7917,87,7922,0,0,-18,0,-18,1,1,1,960,544.56,960,544.56,0,0,0,0,0,0,0,0
958,1232,41638210,40457250,22257,7917,87,7922,0,0,-18,0,-18,1,1,1,960,544.56,960,544.56,0,0,0,0,0,0,0,0
959,1233,39277382,40406708,22409,7917,87,7922,0,0,-18,0,-18,1,1,1,960,544.56,960,544.56,0,0,0,0,0,0,0,0
960,1234,43311662,43306750,22309,7917,87,7922,0,0,-18,0,-18,1,1,1,960,544.56,960,544.56,0,0,0,0,0,0,0,0
961,1235,40569622,39415083,22257,7918,91,7923,0,0,-18,0,-18,1,1,1,960,544.56,960,544.56,0,0,0,0,0,0,0,0
962,1236,42628124,43660750,22321,7917,87,7922,0,0,-18,0,-18,1,1,1,960,544.56,960,544.56,0,0,0,0,0,0,0,0
963,1237,46312168,46351166,22345,7917,87,7922,0,0,-18,0,-18,1,1,1,960,544.56,960,544.56,0,0,0,0,0,0,0,0
964,1238,46469792,43525666,22821,7917,87,7922,0,0,-18,0,-18,1,1,1,960,544.56,960,544.56,0,0,0,0,0,0,0,0
965,1239,46152338,48961083,22589,7917,87,7922,0,0,-18,0,-18,1,1,1,960,544.56,960,544.56,0,0,0,0,0,0,0,0
966,1240,52903953,51294875,22257,7917,87,7922,0,0,-18,0,-18,1,1,1,960,544.56,960,544.56,0,0,0,0,0,0,0,0
967,1241,60191001,61307083,22409,7917,87,7922,0,0,-18,0,-18,1,1,1,960,544.56,960,544.56,0,0,0,0,0,0,0,0
968,1242,66030085,64464584,22257,7917,87,7922,0,0,-18,0,-18,1,1,1,960,544.56,960,544.56,0,0,0,0,0,0,0,0
969,1243,63073828,64660958,22373,7917,87,7922,0,0,-18,0,-18,1,1,1,960,544.56,960,544.56,0,0,0,0,0,0,0,0
970,1244,70361994,68659958,22345,7917,87,7922,0,0,-18,0,-18,1,1,1,960,544.56,960,544.56,0,0,0,0,0,0,0,0
971,1245,60638625,62622542,22321,7917,90,7922,0,0,-18,0,-18,1,1,1,960,544.56,960,544.56,0,0,0,0,0,0,0,0
972,1246,57935040,54804125,22821,7917,87,7922,0,0,-18,0,-18,1,1,1,960,544.56,960,544.56,0,0,0,0,0,0,0,0
973,1247,49158416,52314291,22677,7917,87,7922,0,0,-18,0,-18,1,1,1,960,544.56,960,544.56,0,0,0,0,0,0,0,0
974,1248,53296253,51864750,22257,7917,87,7922,0,0,-18,0,-18,1,1,1,960,544.56,960,544.56,0,0,0,0,0,0,0,0
975,1249,52333246,53607542,22321,7917,87,7922,0,0,-18,0,-18,1,1,1,960,544.56,960,544.56,0,0,0,0,0,0,0,0
976,1250,53085085,51700416,22345,7918,88,7923,0,0,-18,0,-18,1,1,1,960,544.56,960,544.56,0,0,0,0,0,0,0,0
977,1251,49939457,51367958,22373,7917,87,7922,0,0,-18,0,-18,1,1,1,960,544.56,960,544.56,0,0,0,0,0,0,0,0
978,1252,53791590,52017958,22257,7917,87,7922,0,0,-18,0,-18,1,1,1,960,544.56,960,544.56,0,0,0,0,0,0,0,0
979,1253,55605541,57277750,22409,7917,87,7922,0,0,-18,0,-18,1,1,1,960,544.56,960,544.56,0,0,0,0,0,0,0,0
980,1254,53375333,51973166,22257,7917,90,7922,0,0,-18,0,-18,1,1,1,960,544.56,960,544.56,0,0,0,0,0,0,0,0
981,1255,51224410,52527958,22373,7917,87,7922,0,0,-18,0,-18,1,1,1,960,544.56,960,544.56,0,0,0,0,0,0,0,0
982,1256,54866127,52310417,22909,7917,87,7922,0,0,-18,0,-18,1,1,1,960,544.56,960,544.56,0,0,0,0,0,0,0,0
983,1257,49328919,51910000,22537,7917,87,7922,0,0,-18,0,-18,1,1,1,960,544.56,960,544.56,0,0,0,0,0,0,0,0
984,1258,53341001,51775375,22257,7917,87,7922,0,0,-18,0,-18,1,1,1,960,544.56,960,544.56,0,0,0,0,0,0,0,0
985,1259,50011459,51583041,22461,7917,87,7922,0,0,-18,0,-18,1,1,1,960,544.56,960,544.56,0,0,0,0,0,0,0,0
986,1260,49715284,48536417,22257,7917,87,7922,0,0,-18,0,-18,1,1,1,960,544.56,960,544.56,0,0,0,0,0,0,0,0
987,1261,41470047,42637834,22321,7917,87,7922,0,0,-18,0,-18,1,1,1,960,544.56,960,544.56,0,0,0,0,0,0,0,0
988,1262,42621996,42597459,22257,7917,87,7922,0,0,-18,0,-18,1,1,1,960,544.56,960,544.56,0,0,0,0,0,0,0,0
989,1263,45817837,44597625,22345,7917,87,7922,0,0,-18,0,-18,1,1,1,960,544.56,960,544.56,0,0,0,0,0,0,0,0
990,1264,41136372,42347250,22373,7917,90,7922,0,0,-18,0,-18,1,1,1,960,544.56,960,544.56,0,0,0,0,0,0,0,0
991,1265,39859630,39856292,22257,7918,88,7923,0,0,-18,0,-18,1,1,1,960,544.56,960,544.56,0,0,0,0,0,0,0,0
992,1266,38280662,37127833,22257,7917,87,7922,0,0,-18,0,-18,1,1,1,960,544.56,960,544.56,0,0,0,0,0,0,0,0
993,1267,38767375,38780667,22973,7917,87,7922,0,0,-18,0,-18,1,1,1,960,544.56,960,544.56,0,0,0,0,0,0,0,0
994,1268,37698335,38796834,22473,7917,87,7922,0,0,-18,0,-18,1,1,1,960,544.56,960,544.56,0,0,0,0,0,0,0,0
995,1269,41786294,40704292,22257,7917,87,7922,0,0,-18,0,-18,1,1,1,960,544.56,960,544.56,0,0,0,0,0,0,0,0
996,1270,39347454,40353625,22373,7917,87,7922,0,0,-18,0,-18,1,1,1,960,544.56,960,544.56,0,0,0,0,0,0,0,0
997,1271,38343835,38356417,22345,7917,87,7922,0,0,-18,0,-18,1,1,1,960,544.56,960,544.56,0,0,0,0,0,0,0,0
998,1272,42004663,40794292,22257,7917,87,7922,0,0,-18,0,-18,1,1,1,960,544.56,960,544.56,0,0,0,0,0,0,0,0
999,1273,39677333,40874542,22321,7917,87,7922,0,0,-18,0,-18,1,1,1,960,544.56,960,544.56,0,0,0,0,0,0,0,0
1000,1274,40043715,39963166,22257,7917,87,7922,0,0,-18,0,-18,1,1,1,960,544.56,960,544.56,0,0,0,0,0,0,0,0
1001,1275,41087374,40059542,22397,7917,87,7922,0,0,-18,0,-18,1,1,1,960,544.56,960,544.56,0,0,0,0,0,0,0,0
1002,1276,43373625,44394083,22321,7917,87,7922,0,0,-18,0,-18,1,1,1,960,544.56,960,544.56,0,0,0,0,0,0,0,0
1003,1277,40946669,40912208,22257,7917,90,7922,0,0,-18,0,-18,1,1,1,960,544.56,960,544.56,0,0,0,0,0,0,0,0
1004,1278,44293828,42865750,22257,7917,87,7922,0,0,-18,0,-18,1,1,1,960,544.56,960,544.56,0,0,0,0,0,0,0,0
1005,1279,44022206,44104375,22973,7917,87,7922,0,0,-18,0,-18,1,1,1,960,544.56,960,544.56,0,0,0,0,0,0,0,0
1006,1280,43406624,44653125,22525,7918,88,7923,0,0,-18,0,-18,1,1,1,960,544.56,960,544.56,0,0,0,0,0,0,0,0
1007,1281,45092213,43418833,22257,7917,87,7922,0,0,-18,0,-18,1,1,1,960,544.56,960,544.56,0,0,0,0,0,0,0,0
1008,1282,48157162,49748917,22321,7917,87,7922,0,0,-18,0,-18,1,1,1,960,544.56,960,544.56,0,0,0,0,0,0,0,0
1009,1283,54567623,52441084,22345,7917,87,7922,0,0,-18,0,-18,1,1,1,960,544.56,960,544.56,0,0,0,0,0,0,0,0
1010,1284,50592921,52682458,22321,7917,87,7922,0,0,-18,0,-18,1,1,1,960,544.56,960,544.56,0,0,0,0,0,0,0,0
1011,1285,65177001,63011292,22309,7917,87,7922,0,0,-18,0,-18,1,1,1,960,544.56,960,544.56,0,0,0,0,0,0,0,0
1012,1286,66978164,68934417,22409,7917,87,7922,0,0,-18,0,-18,1,1,1,960,544.56,960,544.56,0,0,0,0,0,0,0,0
1013,1287,65799668,63845750,22257,7917,90,7922,0,0,-18,0,-18,1,1,1,960,544.56,960,544.56,0,0,0,0,0,0,0,0
1014,1288,57340539,57889166,22885,7917,87,7922,0,0,-18,0,-18,1,1,1,960,544.56,960,544.56,0,0,0,0,0,0,0,0
1015,1289,56907668,56930875,22613,7917,87,7922,0,0,-18,0,-18,1,1,1,960,544.56,960,544.56,0,0,0,0,0,0,0,0
1016,1290,56444834,57828334,22321,7917,87,7922,0,0,-18,0,-18,1,1,1,960,544.56,960,544.56,0,0,0,0,0,0,0,0
1017,1291,60532711,59074167,22257,7917,87,7922,0,0,-18,0,-18,1,1,1,960,544.56,960,544.56,0,0,0,0,0,0,0,0
1018,1292,53261995,54675125,22409,7917,87,7922,0,0,-18,0,-18,1,1,1,960,544.56,960,544.56,0,0,0,0,0,0,0,0
1019,1293,56277621,54764875,22309,7917,87,7922,0,0,-18,0,-18,1,1,1,960,544.56,960,544.56,0,0,0,0,0,0,0,0
1020,1294,53640503,55061500,22321,7917,87,7922,0,0,-18,0,-18,1,1,1,960,544.56,960,544.56,0,0,0,0,0,0,0,0
1021,1295,60877040,59358791,22345,7918,88,7923,0,0,-18,0,-18,1,1,1,960,544.56,960,544.56,0,0,0,0,0,0,0,0
1022,1296,49518503,51068708,22321,7917,90,7922,0,0,-18,0,-18,1,1,1,960,544.56,960,544.56,0,0,0,0,0,0,0,0
1023,1297,53772285,51015458,22873,7917,87,7922,0,0,-18,0,-18,1,1,1,960,544.56,960,544.56,0,0,0,0,0,0,0,0
1024,1298,47969792,50687083,22625,7917,87,7922,0,0,-18,0,-18,1,1,1,960,544.56,960,544.56,0,0,0,0,0,0,0,0
1025,1299,53148213,51703958,22257,7917,87,7922,0,0,-18,0,-18,1,1,1,960,544.56,960,544.56,0,0,0,0,0,0,0,0
1026,1300,47549959,49001542,22321,7917,87,7922,0,0,-18,0,-18,1,1,1,960,544.56,960,544.56,0,0,0,0,0,0,0,0
1027,1301,46682454,46542584,22309,7917,87,7922,0,0,-18,0,-18,1,1,1,960,544.56,960,544.56,0,0,0,0,0,0,0,0
1028,1302,49433331,48151583,22345,7917,87,7922,0,0,-18,0,-18,1,1,1,960,544.56,960,544.56,0,0,0,0,0,0,0,0
1029,1303,44780712,46141042,22321,7917,87,7922,0,0,-18,0,-18,1,1,1,960,544.56,960,544.56,0,0,0,0,0,0,0,0
1030,1304,42960580,42960875,22257,7917,87,7922,0,0,-18,0,-18,1,1,1,960,544.56,960,544.56,0,0,0,0,0,0,0,0
1031,1305,45637123,44362208,22257,7917,87,7922,0,0,-18,0,-18,1,1,1,960,544.56,960,544.56,0,0,0,0,0,0,0,0
1032,1306,41062336,42280292,22461,7917,90,7922,0,0,-18,0,-18,1,1,1,960,544.56,960,544.56,0,0,0,0,0,0,0,0
1033,1307,42200624,42179292,22257,7917,87,7922,0,0,-18,0,-18,1,1,1,960,544.56,960,544.56,0,0,0,0,0,0,0,0
1034,1308,44816128,42619125,22821,7917,87,7922,0,0,-18,0,-18,1,1,1,960,544.56,960,544.56,0,0,0,0,0,0,0,0
1035,1309,40762457,42865917,22537,7917,87,7922,0,0,-18,0,-18,1,1,1,960,544.56,960,544.56,0,0,0,0,0,0,0,0
1036,1310,42718496,42751417,22547,7918,88,7923,0,0,-18,0,-18,1,1,1,960,544.56,960,544.56,0,0,0,0,0,0,0,0
1037,1311,43442964,42214334,22309,7917,87,7922,0,0,-18,0,-18,1,1,1,960,544.56,960,544.56,0,0,0,0,0,0,0,0
1038,1312,40975205,42191708,22321,7917,87,7922,0,0,-18,0,-18,1,1,1,960,544.56,960,544.56,0,0,0,0,0,0,0,0
1039,1313,42299248,42201500,22257,7917,87,7922,0,0,-18,0,-18,1,1,1,960,544.56,960,544.56,0,0,0,0,0,0,0,0
1040,1314,43130755,42024667,22345,7917,87,7922,0,0,-18,0,-18,1,1,1,960,544.56,960,544.56,0,0,0,0,0,0,0,0
1041,1315,41575621,42654334,22321,7917,87,7922,0,0,-18,0,-18,1,1,1,960,544.56,960,544.56,0,0,0,0,0,0,0,0
1042,1316,49753125,49735208,22309,7917,87,7922,0,0,-18,0,-18,1,1,1,960,544.56,960,544.56,0,0,0,0,0,0,0,0
1043,1317,52986543,51409791,22257,7917,90,7922,0,0,-18,0,-18,1,1,1,960,544.56,960,544.56,0,0,0,0,0,0,0,0
1044,1318,50513252,52055334,22409,7917,87,7922,0,0,-18,0,-18,1,1,1,960,544.56,960,544.56,0,0,0,0,0,0,0,0
1045,1319,55030830,51407375,22821,7917,87,7922,0,0,-18,0,-18,1,1,1,960,544.56,960,544.56,0,0,0,0,0,0,0,0
1046,1320,58240666,61652000,22589,7917,87,7922,0,0,-18,0,-18,1,1,1,960,544.56,960,544.56,0,0,0,0,0,0,0,0
1047,1321,64009375,62370959,22345,7917,87,7922,0,0,-18,0,-18,1,1,1,960,544.56,960,544.56,0,0,0,0,0,0,0,0
1048,1322,61710827,63059750,22321,7917,87,7922,0,0,-18,0,-18,1,1,1,960,544.56,960,544.56,0,0,0,0,0,0,0,0
1049,1323,62507331,61407916,22257,7917,87,7922,0,0,-18,0,-18,1,1,1,960,544.56,960,544.56,0,0,0,0,0,0,0,0
1050,1324,58836501,60265875,22461,7917,87,7922,0,0,-18,0,-18,1,1,1,960,544.56,960,544.56,0,0,0,0,0,0,0,0
1051,1325,63087083,61619166,22257,7918,88,7923,0,0,-18,0,-18,1,1,1,960,544.56,960,544.56,0,0,0,0,0,0,0,0
1052,1326,56962713,58295209,22321,7917,90,7922,0,0,-18,0,-18,1,1,1,960,544.56,960,544.56,0,0,0,0,0,0,0,0
1053,1327,57538874,54391458,22909,7917,87,7922,0,0,-18,0,-18,1,1,1,960,544.56,960,544.56,0,0,0,0,0,0,0,0
1054,1328,56643538,59826792,22589,7917,87,7922,0,0,-18,0,-18,1,1,1,960,544.56,960,544.56,0,0,0,0,0,0,0,0
1055,1329,54296668,52315792,22555,7917,87,7922,0,0,-18,0,-18,1,1,1,960,544.56,960,544.56,0,0,0,0,0,0,0,0
1056,1330,55476546,57378584,22409,7917,87,7922,0,0,-18,0,-18,1,1,1,960,544.56,960,544.56,0,0,0,0,0,0,0,0
1057,1331,53509749,52109500,22257,7917,87,7922,0,0,-18,0,-18,1,1,1,960,544.56,960,544.56,0,0,0,0,0,0,0,0
1058,1332,51603663,52629333,22373,7917,87,7922,0,0,-18,0,-18,1,1,1,960,544.56,960,544.56,0,0,0,0,0,0,0,0
1059,1333,54028254,52920541,22345,7917,87,7922,0,0,-18,0,-18,1,1,1,960,544.56,960,544.56,0,0,0,0,0,0,0,0
1060,1334,54949700,56378292,22321,7917,87,7922,0,0,-18,0,-18,1,1,1,960,544.56,960,544.56,0,0,0,0,0,0,0,0
1061,1335,54090417,52075333,22257,7917,90,7922,0,0,-18,0,-18,1,1,1,960,544.56,960,544.56,0,0,0,0,0,0,0,0
1062,1336,56484792,56581667,23025,7917,87,7922,0,0,-18,0,-18,1,1,1,960,544.56,960,544.56,0,0,0,0,0,0,0,0
1063,1337,61436414,61515042,22473,7917,87,7922,0,0,-18,0,-18,1,1,1,960,544.56,960,544.56,0,0,0,0,0,0,0,0
1064,1338,56666087,58257125,22321,7917,87,7922,0,0,-18,0,-18,1,1,1,960,544.56,960,544.56,0,0,0,0,0,0,0,0
1065,1339,57206705,55175000,22345,7917,87,7922,0,0,-18,0,-18,1,1,1,960,544.56,960,544.56,0,0,0,0,0,0,0,0
1066,1340,52113838,54232708,22373,7918,88,7923,0,0,-18,0,-18,1,1,1,960,544.56,960,544.56,0,0,0,0,0,0,0,0
1067,1341,56171160,54636541,22257,7917,87,7922,0,0,-18,0,-18,1,1,1,960,544.56,960,544.56,0,0,0,0,0,0,0,0
1068,1342,53676255,55154750,22409,7917,87,7922,0,0,-18,0,-18,1,1,1,960,544.56,960,544.56,0,0,0,0,0,0,0,0
1069,1343,60332000,58874208,22257,7917,87,7922,0,0,-18,0,-18,1,1,1,960,544.56,960,544.56,0,0,0,0,0,0,0,0
1070,1344,49942869,51306584,22373,7917,90,7922,0,0,-18,0,-18,1,1,1,960,544.56,960,544.56,0,0,0,0,0,0,0,0
1071,1345,52914001,50418042,22909,7917,87,7922,0,0,-18,0,-18,1,1,1,960,544.56,960,544.56,0,0,0,0,0,0,0,0
1072,1346,46780832,49358209,22537,7917,87,7922,0,0,-18,0,-18,1,1,1,960,544.56,960,544.56,0,0,0,0,0,0,0,0
1073,1347,43299172,43230708,22257,7917,87,7922,0,0,-18,0,-18,1,1,1,960,544.56,960,544.56,0,0,0,0,0,0,0,0
1074,1348,44566333,43318375,22257,7917,87,7922,0,0,-18,0,-18,1,1,1,960,544.56,960,544.56,0,0,0,0,0,0,0,0
1075,1349,37622541,38904334,22461,7917,87,7922,0,0,-18,0,-18,1,1,1,960,544.56,960,544.56,0,0,0,0,0,0,0,0
1076,1350,37456411,37459167,22257,7917,87,7922,0,0,-18,0,-18,1,1,1,960,544.56,960,544.56,0,0,0,0,0,0,0,0
1077,1351,42458374,41348417,22257,7917,87,7922,0,0,-18,0,-18,1,1,1,960,544.56,960,544.56,0,0,0,0,0,0,0,0
1078,1352,38936417,39936833,22321,7917,87,7922,0,0,-18,0,-18,1,1,1,960,544.56,960,544.56,0,0,0,0,0,0,0,0
1079,1353,42133126,42146333,22345,7917,87,7922,0,0,-18,0,-18,1,1,1,960,544.56,960,544.56,0,0,0,0,0,0,0,0
1080,1354,44974412,43787375,22257,7917,87,7922,0,0,-18,0,-18,1,1,1,960,544.56,960,544.56,0,0,0,0,0,0,0,0
1081,1355,40941085,42079875,22373,7918,91,7923,0,0,-18,0,-18,1,1,1,960,544.56,960,544.56,0,0,0,0,0,0,0,0
1082,1356,42167458,42097916,22257,7917,87,7922,0,0,-18,0,-18,1,1,1,960,544.56,960,544.56,0,0,0,0,0,0,0,0
1083,1357,43905705,41825708,22909,7917,87,7922,0,0,-18,0,-18,1,1,1,960,544.56,960,544.56,0,0,0,0,0,0,0,0
1084,1358,39456002,41581709,22537,7917,87,7922,0,0,-18,0,-18,1,1,1,960,544.56,960,544.56,0,0,0,0,0,0,0,0
1085,1359,42388122,42336791,22257,7917,87,7922,0,0,-18,0,-18,1,1,1,960,544.56,960,544.56,0,0,0,0,0,0,0,0
1086,1360,43247461,41867083,22309,7917,87,7922,0,0,-18,0,-18,1,1,1,960,544.56,960,544.56,0,0,0,0,0,0,0,0
1087,1361,41315659,42634792,22409,7917,87,7922,0,0,-18,0,-18,1,1,1,960,544.56,960,544.56,0,0,0,0,0,0,0,0
1088,1362,50999965,50436125,22257,7917,87,7922,0,0,-18,0,-18,1,1,1,960,544.56,960,544.56,0,0,0,0,0,0,0,0
1089,1363,53408622,52357416,22257,7917,87,7922,0,0,-18,0,-18,1,1,1,960,544.56,960,544.56,0,0,0,0,0,0,0,0
1090,1364,49658000,51133917,22321,7917,87,7922,0,0,-18,0,-18,1,1,1,960,544.56,960,544.56,0,0,0,0,0,0,0,0
1091,1365,57482540,56154541,22397,7917,87,7922,0,0,-18,0,-18,1,1,1,960,544.56,960,544.56,0,0,0,0,0,0,0,0
1092,1366,50466332,51817916,22321,7917,90,7922,0,0,-18,0,-18,1,1,1,960,544.56,960,544.56,0,0,0,0,0,0,0,0
1093,1367,64128212,60618208,22821,7917,87,7922,0,0,-18,0,-18,1,1,1,960,544.56,960,544.56,0,0,0,0,0,0,0,0
1094,1368,61738371,65128458,22625,7917,87,7922,0,0,-18,0,-18,1,1,1,960,544.56,960,544.56,0,0,0,0,0,0,0,0
1095,1369,61676170,60313083,22309,7917,87,7922,0,0,-18,0,-18,1,1,1,960,544.56,960,544.56,0,0,0,0,0,0,0,0
1096,1370,51789626,53011459,22321,7918,88,7923,0,0,-18,0,-18,1,1,1,960,544.56,960,544.56,0,0,0,0,0,0,0,0
1097,1371,54129328,52850791,22345,7917,87,7922,0,0,-18,0,-18,1,1,1,960,544.56,960,544.56,0,0,0,0,0,0,0,0
1098,1372,51169373,52554375,22321,7917,87,7922,0,0,-18,0,-18,1,1,1,960,544.56,960,544.56,0,0,0,0,0,0,0,0
1099,1373,53943168,52383917,22309,7917,87,7922,0,0,-18,0,-18,1,1,1,960,544.56,960,544.56,0,0,0,0,0,0,0,0
1100,1374,54738584,56258042,22409,7917,87,7922,0,0,-18,0,-18,1,1,1,960,544.56,960,544.56,0,0,0,0,0,0,0,0
1101,1375,56103747,54445583,22257,7917,90,7922,0,0,-18,0,-18,1,1,1,960,544.56,960,544.56,0,0,0,0,0,0,0,0
1102,1376,51842458,51924750,22885,7917,87,7922,0,0,-18,0,-18,1,1,1,960,544.56,960,544.56,0,0,0,0,0,0,0,0
1103,1377,52575495,52542875,22613,7917,87,7922,0,0,-18,0,-18,1,1,1,960,544.56,960,544.56,0,0,0,0,0,0,0,0
1104,1378,49895498,51391166,22321,7917,87,7922,0,0,-18,0,-18,1,1,1,960,544.56,960,544.56,0,0,0,0,0,0,0,0
1105,1379,52840378,51363958,22257,7917,87,7922,0,0,-18,0,-18,1,1,1,960,544.56,960,544.56,0,0,0,0,0,0,0,0
1106,1380,50391212,51767083,22409,7917,87,7922,0,0,-18,0,-18,1,1,1,960,544.56,960,544.56,0,0,0,0,0,0,0,0
1107,1381,53414575,51981084,22309,7917,87,7922,0,0,-18,0,-18,1,1,1,960,544.56,960,544.56,0,0,0,0,0,0,0,0
1108,1382,51314085,52648833,22321,7917,87,7922,0,0,-18,0,-18,1,1,1,960,544.56,960,544.56,0,0,0,0,0,0,0,0
1109,1383,52546542,51203375,22345,7917,87,7922,0,0,-18,0,-18,1,1,1,960,544.56,960,544.56,0,0,0,0,0,0,0,0
1110,1384,54151915,55577459,22321,7917,87,7922,0,0,-18,0,-18,1,1,1,960,544.56,960,544.56,0,0,0,0,0,0,0,0
1111,1385,48259254,47074875,22309,7918,91,7923,0,0,-18,0,-18,1,1,1,960,544.56,960,544.56,0,0,0,0,0,0,0,0
1112,1386,45141078,45120250,22973,7917,87,7922,0,0,-18,0,-18,1,1,1,960,544.56,960,544.56,0,0,0,0,0,0,0,0
1113,1387,41554465,42772167,22473,7917,87,7922,0,0,-18,0,-18,1,1,1,960,544.56,960,544.56,0,0,0,0,0,0,0,0
1114,1388,43832369,42600500,22257,7917,87,7922,0,0,-18,0,-18,1,1,1,960,544.56,960,544.56,0,0,0,0,0,0,0,0
1115,1389,41907999,43020000,22321,7917,87,7922,0,0,-18,0,-18,1,1,1,960,544.56,960,544.56,0,0,0,0,0,0,0,0
1116,1390,41992962,42064167,22397,7917,87,7922,0,0,-18,0,-18,1,1,1,960,544.56,960,544.56,0,0,0,0,0,0,0,0
1117,1391,40003705,38950708,22257,7917,87,7922,0,0,-18,0,-18,1,1,1,960,544.56,960,544.56,0,0,0,0,0,0,0,0
1118,1392,37482496,38502875,22321,7917,87,7922,0,0,-18,0,-18,1,1,1,960,544.56,960,544.56,0,0,0,0,0,0,0,0
1119,1393,37047669,36998583,22257,7917,87,7922,0,0,-18,0,-18,1,1,1,960,544.56,960,544.56,0,0,0,0,0,0,0,0
1120,1394,39155788,38078750,22345,7917,87,7922,0,0,-18,0,-18,1,1,1,960,544.56,960,544.56,0,0,0,0,0,0,0,0
1121,1395,42103543,43174875,22321,7917,87,7922,0,0,-18,0,-18,1,1,1,960,544.56,960,544.56,0,0,0,0,0,0,0,0
1122,1396,38996081,38970875,22309,7917,90,7922,0,0,-18,0,-18,1,1,1,960,544.56,960,544.56,0,0,0,0,0,0,0,0
1123,1397,41992794,40912958,22257,7917,87,7922,0,0,-18,0,-18,1,1,1,960,544.56,960,544.56,0,0,0,0,0,0,0,0
1124,1398,38366999,39446791,22409,7917,87,7922,0,0,-18,0,-18,1,1,1,960,544.56,960,544.56,0,0,0,0,0,0,0,0
1125,1399,39892256,38761333,22821,7917,87,7922,0,0,-18,0,-18,1,1,1,960,544.56,960,544.56,0,0,0,0,0,0,0,0
1126,1400,39667163,39679041,22473,7918,88,7923,0,0,-18,0,-18,1,1,1,960,544.56,960,544.56,0,0,0,0,0,0,0,0
1127,1401,39172001,40191583,22321,7917,87,7922,0,0,-18,0,-18,1,1,1,960,544.56,960,544.56,0,0,0,0,0,0,0,0
1128,1402,39732914,39747292,22397,7917,87,7922,0,0,-18,0,-18,1,1,1,960,544.56,960,544.56,0,0,0,0,0,0,0,0
1129,1403,40209911,39000708,22257,7917,87,7922,0,0,-18,0,-18,1,1,1,960,544.56,960,544.56,0,0,0,0,0,0,0,0
1130,1404,38473248,39427958,22321,7917,87,7922,0,0,-18,0,-18,1,1,1,960,544.56,960,544.56,0,0,0,0,0,0,0,0
1131,1405,39722044,39917667,22257,7917,87,7922,0,0,-18,0,-18,1,1,1,960,544.56,960,544.56,0,0,0,0,0,0,0,0
1132,1406,40005583,38811458,22345,7917,87,7922,0,0,-18,0,-18,1,1,1,960,544.56,960,544.56,0,0,0,0,0,0,0,0
1133,1407,40937747,42093250,22321,7917,87,7922,0,0,-18,0,-18,1,1,1,960,544.56,960,544.56,0,0,0,0,0,0,0,0
1134,1408,44385373,44371417,22309,7917,87,7922,0,0,-18,0,-18,1,1,1,960,544.56,960,544.56,0,0,0,0,0,0,0,0
1135,1409,44231504,42974958,22257,7917,90,7922,0,0,-18,0,-18,1,1,1,960,544.56,960,544.56,0,0,0,0,0,0,0,0
1136,1410,45555833,46715417,22409,7917,87,7922,0,0,-18,0,-18,1,1,1,960,544.56,960,544.56,0,0,0,0,0,0,0,0
1137,1411,52536126,51098000,22821,7917,87,7922,0,0,-18,0,-18,1,1,1,960,544.56,960,544.56,0,0,0,0,0,0,0,0
1138,1412,54681081,54624584,22473,7917,87,7922,0,0,-18,0,-18,1,1,1,960,544.56,960,544.56,0,0,0,0,0,0,0,0
1139,1413,56143082,57596417,22461,7917,87,7922,0,0,-18,0,-18,1,1,1,960,544.56,960,544.56,0,0,0,0,0,0,0,0
1140,1414,58430455,56283750,22257,7917,87,7922,0,0,-18,0,-18,1,1,1,960,544.56,960,544.56,0,0,0,0,0,0,0,0
1141,1415,59809628,61691208,22321,7918,88,7923,0,0,-18,0,-18,1,1,1,960,544.56,960,544.56,0,0,0,0,0,0,0,0
1142,1416,67722208,66045792,22345,7917,87,7922,0,0,-18,0,-18,1,1,1,960,544.56,960,544.56,0,0,0,0,0,0,0,0
1143,1417,69169037,70828667,22373,7917,87,7922,0,0,-18,0,-18,1,1,1,960,544.56,960,544.56,0,0,0,0,0,0,0,0
1144,1418,68160086,65822875,22257,7917,90,7922,0,0,-18,0,-18,1,1,1,960,544.56,960,544.56,0,0,0,0,0,0,0,0
1145,1419,71367129,71356084,22973,7917,87,7922,0,0,-18,0,-18,1,1,1,960,544.56,960,544.56,0,0,0,0,0,0,0,0
1146,1420,66579662,67203417,22525,7917,87,7922,0,0,-18,0,-18,1,1,1,960,544.56,960,544.56,0,0,0,0,0,0,0,0
1147,1421,64163036,65814375,22321,7917,87,7922,0,0,-18,0,-18,1,1,1,960,544.56,960,544.56,0,0,0,0,0,0,0,0
1148,1422,67560292,65784000,22345,7917,87,7922,0,0,-18,0,-18,1,1,1,960,544.56,960,544.56,0,0,0,0,0,0,0,0
1149,1423,58893162,60744125,22321,7917,87,7922,0,0,-18,0,-18,1,1,1,960,544.56,960,544.56,0,0,0,0,0,0,0,0
1150,1424,55701337,53983916,22309,7917,87,7922,0,0,-18,0,-18,1,1,1,960,544.56,960,544.56,0,0,0,0,0,0,0,0
1151,1425,55688582,57290125,22409,7917,87,7922,0,0,-18,0,-18,1,1,1,960,544.56,960,544.56,0,0,0,0,0,0,0,0
1152,1426,56293997,54933458,22257,7917,90,7922,0,0,-18,0,-18,1,1,1,960,544.56,960,544.56,0,0,0,0,0,0,0,0
1153,1427,58450289,57605542,22885,7917,87,7922,0,0,-18,0,-18,1,1,1,960,544.56,960,544.56,0,0,0,0,0,0,0,0
1154,1428,55977750,56693708,22613,7917,87,7922,0,0,-18,0,-18,1,1,1,960,544.56,960,544.56,0,0,0,0,0,0,0,0
1155,1429,56788582,58227875,22321,7917,87,7922,0,0,-18,0,-18,1,1,1,960,544.56,960,544.56,0,0,0,0,0,0,0,0
1156,1430,58013789,56283375,22257,7918,88,7923,0,0,-18,0,-18,1,1,1,960,544.56,960,544.56,0,0,0,0,0,0,0,0
1157,1431,56286167,57873375,22409,7917,87,7922,0,0,-18,0,-18,1,1,1,960,544.56,960,544.56,0,0,0,0,0,0,0,0
1158,1432,64173087,62396917,22309,7917,87,7922,0,0,-18,0,-18,1,1,1,960,544.56,960,544.56,0,0,0,0,0,0,0,0
1159,1433,65972872,67645334,22321,7917,87,7922,0,0,-18,0,-18,1,1,1,960,544.56,960,544.56,0,0,0,0,0,0,0,0
1160,1434,65326958,63663792,22345,7917,90,7922,0,0,-18,0,-18,1,1,1,960,544.56,960,544.56,0,0,0,0,0,0,0,0
1161,1435,63061878,63044667,22885,7917,87,7922,0,0,-18,0,-18,1,1,1,960,544.56,960,544.56,0,0,0,0,0,0,0,0
1162,1436,55539336,55798625,22525,7917,87,7922,0,0,-18,0,-18,1,1,1,960,544.56,960,544.56,0,0,0,0,0,0,0,0
1163,1437,50079789,51534584,22409,7917,87,7922,0,0,-18,0,-18,1,1,1,960,544.56,960,544.56,0,0,0,0,0,0,0,0
1164,1438,52448123,51054625,22257,7917,87,7922,0,0,-18,0,-18,1,1,1,960,544.56,960,544.56,0,0,0,0,0,0,0,0
1165,1439,42564209,43984500,22321,7917,87,7922,0,0,-18,0,-18,1,1,1,960,544.56,960,544.56,0,0,0,0,0,0,0,0
1166,1440,43175544,42872375,22309,7917,87,7922,0,0,-18,0,-18,1,1,1,960,544.56,960,544.56,0,0,0,0,0,0,0,0
1167,1441,41858624,41126208,22345,7917,87,7922,0,0,-18,0,-18,1,1,1,960,544.56,960,544.56,0,0,0,0,0,0,0,0
1168,1442,36404542,37414875,22321,7917,87,7922,0,0,-18,0,-18,1,1,1,960,544.56,960,544.56,0,0,0,0,0,0,0,0
1169,1443,39782080,39781125,22257,7917,87,7922,0,0,-18,0,-18,1,1,1,960,544.56,960,544.56,0,0,0,0,0,0,0,0
1170,1444,38467504,37329500,22257,7917,90,7922,0,0,-18,0,-18,1,1,1,960,544.56,960,544.56,0,0,0,0,0,0,0,0
1171,1445,36373540,37477542,22409,7918,88,7923,0,0,-18,0,-18,1,1,1,960,544.56,960,544.56,0,0,0,0,0,0,0,0
1172,1446,40377918,40305917,22309,7917,87,7922,0,0,-18,0,-18,1,1,1,960,544.56,960,544.56,0,0,0,0,0,0,0,0
1173,1447,42417954,40386625,22821,7917,87,7922,0,0,-18,0,-18,1,1,1,960,544.56,960,544.56,0,0,0,0,0,0,0,0
1174,1448,38290958,40241167,22537,7917,87,7922,0,0,-18,0,-18,1,1,1,960,544.56,960,544.56,0,0,0,0,0,0,0,0
1175,1449,39315581,39401750,22345,7917,87,7922,0,0,-18,0,-18,1,1,1,960,544.56,960,544.56,0,0,0,0,0,0,0,0
1176,1450,41008461,39909208,22257,7917,87,7922,0,0,-18,0,-18,1,1,1,960,544.56,960,544.56,0,0,0,0,0,0,0,0
1177,1451,37544876,38606916,22373,7917,87,7922,0,0,-18,0,-18,1,1,1,960,544.56,960,544.56,0,0,0,0,0,0,0,0
1178,1452,39682496,39599958,22257,7917,87,7922,0,0,-18,0,-18,1,1,1,960,544.56,960,544.56,0,0,0,0,0,0,0,0
1179,1453,40849462,39776417,22345,7917,87,7922,0,0,-18,0,-18,1,1,1,960,544.56,960,544.56,0,0,0,0,0,0,0,0
1180,1454,41048292,42111917,22321,7917,87,7922,0,0,-18,0,-18,1,1,1,960,544.56,960,544.56,0,0,0,0,0,0,0,0
1181,1455,44743042,44713083,22257,7917,87,7922,0,0,-18,0,-18,1,1,1,960,544.56,960,544.56,0,0,0,0,0,0,0,0
1182,1456,48724956,47434917,22309,7917,87,7922,0,0,-18,0,-18,1,1,1,960,544.56,960,544.56,0,0,0,0,0,0,0,0
1183,1457,45874785,47032875,22409,7917,90,7922,0,0,-18,0,-18,1,1,1,960,544.56,960,544.56,0,0,0,0,0,0,0,0
1184,1458,55734168,53174292,22821,7917,87,7922,0,0,-18,0,-18,1,1,1,960,544.56,960,544.56,0,0,0,0,0,0,0,0
1185,1459,58386038,60777958,22537,7917,87,7922,0,0,-18,0,-18,1,1,1,960,544.56,960,544.56,0,0,0,0,0,0,0,0
1186,1460,66688835,64932459,22397,7918,88,7923,0,0,-18,0,-18,1,1,1,960,544.56,960,544.56,0,0,0,0,0,0,0,0
1187,1461,62989041,64737833,22321,7917,87,7922,0,0,-18,0,-18,1,1,1,960,544.56,960,544.56,0,0,0,0,0,0,0,0
1188,1462,62206745,60697459,22257,7917,87,7922,0,0,-18,0,-18,1,1,1,960,544.56,960,544.56,0,0,0,0,0,0,0,0
1189,1463,53056042,54625292,22409,7917,87,7922,0,0,-18,0,-18,1,1,1,960,544.56,960,544.56,0,0,0,0,0,0,0,0
1190,1464,57238541,55635959,22309,7917,87,7922,0,0,-18,0,-18,1,1,1,960,544.56,960,544.56,0,0,0,0,0,0,0,0
1191,1465,54607540,56071458,22321,7917,87,7922,0,0,-18,0,-18,1,1,1,960,544.56,960,544.56,0,0,0,0,0,0,0,0
1192,1466,56586671,54887584,22345,7917,90,7922,0,0,-18,0,-18,1,1,1,960,544.56,960,544.56,0,0,0,0,0,0,0,0
1193,1467,56055370,56312875,22885,7917,87,7922,0,0,-18,0,-18,1,1,1,960,544.56,960,544.56,0,0,0,0,0,0,0,0
1194,1468,54065421,54015250,22525,7917,87,7922,0,0,-18,0,-18,1,1,1,960,544.56,960,544.56,0,0,0,0,0,0,0,0
1195,1469,54863706,56358875,22409,7917,87,7922,0,0,-18,0,-18,1,1,1,960,544.56,960,544.56,0,0,0,0,0,0,0,0
1196,1470,56268543,54849625,22257,7917,87,7922,0,0,-18,0,-18,1,1,1,960,544.56,960,544.56,0,0,0,0,0,0,0,0
1197,1471,55141828,56321416,22321,7917,87,7922,0,0,-18,0,-18,1,1,1,960,544.56,960,544.56,0,0,0,0,0,0,0,0
1198,1472,60167629,58503084,22397,7917,87,7922,0,0,-18,0,-18,1,1,1,960,544.56,960,544.56,0,0,0,0,0,0,0,0
1199,1473,64536206,66193667,22321,7917,87,7922,0,0,-18,0,-18,1,1,1,960,544.56,960,544.56,0,0,0,0,0,0,0,0
1200,1474,65580539,63554708,22257,7917,90,7922,0,0,-18,0,-18,1,1,1,960,544.56,960,544.56,0,0,0,0,0,0,0,0
1201,1475,63501000,63409500,22973,7918,88,7923,0,0,-18,0,-18,1,1,1,960,544.56,960,544.56,0,0,0,0,0,0,0,0
1202,1476,65161801,65442042,22525,7917,87,7922,0,0,-18,0,-18,1,1,1,960,544.56,960,544.56,0,0,0,0,0,0,0,0
1203,1477,63829876,65545125,22321,7917,87,7922,0,0,-18,0,-18,1,1,1,960,544.56,960,544.56,0,0,0,0,0,0,0,0
1204,1478,67166119,65359375,22345,7917,87,7922,0,0,-18,0,-18,1,1,1,960,544.56,960,544.56,0,0,0,0,0,0,0,0
1205,1479,64147338,65671167,22321,7917,87,7922,0,0,-18,0,-18,1,1,1,960,544.56,960,544.56,0,0,0,0,0,0,0,0
1206,1480,63352502,61912167,22309,7917,87,7922,0,0,-18,0,-18,1,1,1,960,544.56,960,544.56,0,0,0,0,0,0,0,0
1207,1481,56891497,58701625,22409,7917,87,7922,0,0,-18,0,-18,1,1,1,960,544.56,960,544.56,0,0,0,0,0,0,0,0
1208,1482,55566668,54059417,22257,7917,90,7922,0,0,-18,0,-18,1,1,1,960,544.56,960,544.56,0,0,0,0,0,0,0,0
1209,1483,50226211,51615334,22321,7917,87,7922,0,0,-18,0,-18,1,1,1,960,544.56,960,544.56,0,0,0,0,0,0,0,0
1210,1484,55339831,52788750,22961,7917,87,7922,0,0,-18,0,-18,1,1,1,960,544.56,960,544.56,0,0,0,0,0,0,0,0
1211,1485,46905372,49586958,22537,7917,87,7922,0,0,-18,0,-18,1,1,1,960,544.56,960,544.56,0,0,0,0,0,0,0,0
1212,1486,42982589,42925375,22257,7917,87,7922,0,0,-18,0,-18,1,1,1,960,544.56,960,544.56,0,0,0,0,0,0,0,0
1213,1487,43364915,42093708,22257,7917,87,7922,0,0,-18,0,-18,1,1,1,960,544.56,960,544.56,0,0,0,0,0,0,0,0
1214,1488,40515080,41795125,22409,7917,87,7922,0,0,-18,0,-18,1,1,1,960,544.56,960,544.56,0,0,0,0,0,0,0,0
1215,1489,38915336,38915250,22309,7917,87,7922,0,0,-18,0,-18,1,1,1,960,544.56,960,544.56,0,0,0,0,0,0,0,0
1216,1490,38366999,37211375,22257,7918,88,7923,0,0,-18,0,-18,1,1,1,960,544.56,960,544.56,0,0,0,0,0,0,0,0
1217,1491,36411706,37447625,22321,7917,87,7922,0,0,-18,0,-18,1,1,1,960,544.56,960,544.56,0,0,0,0,0,0,0,0
1218,1492,45955497,45956292,22345,7917,87,7922,0,0,-18,0,-18,1,1,1,960,544.56,960,544.56,0,0,0,0,0,0,0,0
1219,1493,45567374,44205917,22257,7917,90,7922,0,0,-18,0,-18,1,1,1,960,544.56,960,544.56,0,0,0,0,0,0,0,0
1220,1494,43908588,45169792,22373,7917,87,7922,0,0,-18,0,-18,1,1,1,960,544.56,960,544.56,0,0,0,0,0,0,0,0
1221,1495,44848293,43354750,22821,7917,87,7922,0,0,-18,0,-18,1,1,1,960,544.56,960,544.56,0,0,0,0,0,0,0,0
1222,1496,50743751,50740750,22561,7917,87,7922,0,0,-18,0,-18,1,1,1,960,544.56,960,544.56,0,0,0,0,0,0,0,0
1223,1497,50874538,52193917,22321,7917,87,7922,0,0,-18,0,-18,1,1,1,960,544.56,960,544.56,0,0,0,0,0,0,0,0
1224,1498,65763369,63943958,22257,7917,87,7922,0,0,-18,0,-18,1,1,1,960,544.56,960,544.56,0,0,0,0,0,0,0,0
1225,1499,63171006,64956250,22461,7917,87,7922,0,0,-18,0,-18,1,1,1,960,544.56,960,544.56,0,0,0,0,0,0,0,0
1226,1500,66674582,64876000,22257,7917,87,7922,0,0,-18,0,-18,1,1,1,960,544.56,960,544.56,0,0,0,0,0,0,0,0
1227,1501,63693374,65334666,22321,7917,87,7922,0,0,-18,0,-18,1,1,1,960,544.56,960,544.56,0,0,0,0,0,0,0,0
1228,1502,55481128,54148750,22345,7917,90,7922,0,0,-18,0,-18,1,1,1,960,544.56,960,544.56,0,0,0,0,0,0,0,0
1229,1503,51041334,52509791,22373,7917,87,7922,0,0,-18,0,-18,1,1,1,960,544.56,960,544.56,0,0,0,0,0,0,0,0
1230,1504,55916495,53000417,22821,7917,87,7922,0,0,-18,0,-18,1,1,1,960,544.56,960,544.56,0,0,0,0,0,0,0,0
1231,1505,48346582,51175916,22625,7918,88,7923,0,0,-18,0,-18,1,1,1,960,544.56,960,544.56,0,0,0,0,0,0,0,0
1232,1506,54013330,52567041,22257,7917,87,7922,0,0,-18,0,-18,1,1,1,960,544.56,960,544.56,0,0,0,0,0,0,0,0
1233,1507,50689086,51947750,22373,7917,87,7922,0,0,-18,0,-18,1,1,1,960,544.56,960,544.56,0,0,0,0,0,0,0,0
1234,1508,54911244,53557500,22345,7917,87,7922,0,0,-18,0,-18,1,1,1,960,544.56,960,544.56,0,0,0,0,0,0,0,0
1235,1509,51624793,53090833,22321,7917,87,7922,0,0,-18,0,-18,1,1,1,960,544.56,960,544.56,0,0,0,0,0,0,0,0
1236,1510,64760081,62406417,22257,7917,87,7922,0,0,-18,0,-18,1,1,1,960,544.56,960,544.56,0,0,0,0,0,0,0,0
1237,1511,68453624,70705834,22461,7917,87,7922,0,0,-18,0,-18,1,1,1,960,544.56,960,544.56,0,0,0,0,0,0,0,0
1238,1512,72533495,69038708,22821,7917,90,7922,0,0,-18,0,-18,1,1,1,960,544.56,960,544.56,0,0,0,0,0,0,0,0
1239,1513,66391378,69563500,22537,7917,87,7922,0,0,-18,0,-18,1,1,1,960,544.56,960,544.56,0,0,0,0,0,0,0,0
1240,1514,70646747,68496417,22397,7917,87,7922,0,0,-18,0,-18,1,1,1,960,544.56,960,544.56,0,0,0,0,0,0,0,0
1241,1515,61773292,64096125,22321,7917,87,7922,0,0,-18,0,-18,1,1,1,960,544.56,960,544.56,0,0,0,0,0,0,0,0
1242,1516,67761003,65499208,22257,7917,87,7922,0,0,-18,0,-18,1,1,1,960,544.56,960,544.56,0,0,0,0,0,0,0,0
1243,1517,61635706,63932083,22409,7917,87,7922,0,0,-18,0,-18,1,1,1,960,544.56,960,544.56,0,0,0,0,0,0,0,0
1244,1518,58717291,57293250,22309,7917,87,7922,0,0,-18,0,-18,1,1,1,960,544.56,960,544.56,0,0,0,0,0,0,0,0
1245,1519,53112916,54445041,22321,7917,90,7922,0,0,-18,0,-18,1,1,1,960,544.56,960,544.56,0,0,0,0,0,0,0,0
1246,1520,53421456,50909166,22345,7918,88,7923,0,0,-18,0,-18,1,1,1,960,544.56,960,544.56,0,0,0,0,0,0,0,0
1247,1521,47872960,50476542,23101,7917,87,7922,0,0,-18,0,-18,1,1,1,960,544.56,960,544.56,0,0,0,0,0,0,0,0
1248,1522,43001793,43013458,22309,7917,87,7922,0,0,-18,0,-18,1,1,1,960,544.56,960,544.56,0,0,0,0,0,0,0,0
1249,1523,43437909,42080500,22257,7917,87,7922,0,0,-18,0,-18,1,1,1,960,544.56,960,544.56,0,0,0,0,0,0,0,0
1250,1524,37948377,39284458,22409,7917,87,7922,0,0,-18,0,-18,1,1,1,960,544.56,960,544.56,0,0,0,0,0,0,0,0
1251,1525,37456419,37440792,22257,7917,87,7922,0,0,-18,0,-18,1,1,1,960,544.56,960,544.56,0,0,0,0,0,0,0,0
1252,1526,37902828,36847667,22257,7917,87,7922,0,0,-18,0,-18,1,1,1,960,544.56,960,544.56,0,0,0,0,0,0,0,0
1253,1527,36535877,37530000,22321,7917,87,7922,0,0,-18,0,-18,1,1,1,960,544.56,960,544.56,0,0,0,0,0,0,0,0
1254,1528,40834169,40785334,22309,7917,87,7922,0,0,-18,0,-18,1,1,1,960,544.56,960,544.56,0,0,0,0,0,0,0,0
1255,1529,43349497,42316167,22345,7917,87,7922,0,0,-18,0,-18,1,1,1,960,544.56,960,544.56,0,0,0,0,0,0,0,0
1256,1530,40507879,41547542,22321,7917,90,7922,0,0,-18,0,-18,1,1,1,960,544.56,960,544.56,0,0,0,0,0,0,0,0
1257,1531,42194869,42125166,22257,7917,87,7922,0,0,-18,0,-18,1,1,1,960,544.56,960,544.56,0,0,0,0,0,0,0,0
1258,1532,42504377,41252417,22257,7917,87,7922,0,0,-18,0,-18,1,1,1,960,544.56,960,544.56,0,0,0,0,0,0,0,0
1259,1533,43186124,43175625,23025,7917,87,7922,0,0,-18,0,-18,1,1,1,960,544.56,960,544.56,0,0,0,0,0,0,0,0
1260,1534,42232289,43496792,22473,7917,87,7922,0,0,-18,0,-18,1,1,1,960,544.56,960,544.56,0,0,0,0,0,0,0,0
1261,1535,46351496,44814291,22257,7918,88,7923,0,0,-18,0,-18,1,1,1,960,544.56,960,544.56,0,0,0,0,0,0,0,0
1262,1536,51051631,52396041,22321,7917,87,7922,0,0,-18,0,-18,1,1,1,960,544.56,960,544.56,0,0,0,0,0,0,0,0
1263,1537,61628952,59857291,22345,7917,87,7922,0,0,-18,0,-18,1,1,1,960,544.56,960,544.56,0,0,0,0,0,0,0,0
1264,1538,63870050,65587000,22373,7917,87,7922,0,0,-18,0,-18,1,1,1,960,544.56,960,544.56,0,0,0,0,0,0,0,0
1265,1539,67983828,66085041,22257,7917,87,7922,0,0,-18,0,-18,1,1,1,960,544.56,960,544.56,0,0,0,0,0,0,0,0
1266,1540,73400169,75171416,22409,7917,87,7922,0,0,-18,0,-18,1,1,1,960,544.56,960,544.56,0,0,0,0,0,0,0,0
1267,1541,72554662,67943750,22873,7917,90,7922,0,0,-18,0,-18,1,1,1,960,544.56,960,544.56,0,0,0,0,0,0,0,0
1268,1542,60971293,65476792,22537,7917,87,7922,0,0,-18,0,-18,1,1,1,960,544.56,960,544.56,0,0,0,0,0,0,0,0
1269,1543,69083668,67339833,22345,7917,87,7922,0,0,-18,0,-18,1,1,1,960,544.56,960,544.56,0,0,0,0,0,0,0,0
1270,1544,63011370,64825500,22373,7917,87,7922,0,0,-18,0,-18,1,1,1,960,544.56,960,544.56,0,0,0,0,0,0,0,0
1271,1545,68044543,66170167,22257,7917,87,7922,0,0,-18,0,-18,1,1,1,960,544.56,960,544.56,0,0,0,0,0,0,0,0
1272,1546,63023209,64760833,22409,7917,87,7922,0,0,-18,0,-18,1,1,1,960,544.56,960,544.56,0,0,0,0,0,0,0,0
1273,1547,67941538,66290583,22257,7917,87,7922,0,0,-18,0,-18,1,1,1,960,544.56,960,544.56,0,0,0,0,0,0,0,0
1274,1548,50273463,51929708,22373,7917,90,7922,0,0,-18,0,-18,1,1,1,960,544.56,960,544.56,0,0,0,0,0,0,0,0
1275,1549,54812997,52080625,22909,7917,87,7922,0,0,-18,0,-18,1,1,1,960,544.56,960,544.56,0,0,0,0,0,0,0,0
1276,1550,48762045,51500625,22537,7918,88,7923,0,0,-18,0,-18,1,1,1,960,544.56,960,544.56,0,0,0,0,0,0,0,0
1277,1551,46227082,46286167,22257,7917,87,7922,0,0,-18,0,-18,1,1,1,960,544.56,960,544.56,0,0,0,0,0,0,0,0
1278,1552,48380080,47017375,22309,7917,87,7922,0,0,-18,0,-18,1,1,1,960,544.56,960,544.56,0,0,0,0,0,0,0,0
1279,1553,48153374,49460917,22409,7917,87,7922,0,0,-18,0,-18,1,1,1,960,544.56,960,544.56,0,0,0,0,0,0,0,0
1280,1554,53736004,52085375,22257,7917,87,7922,0,0,-18,0,-18,1,1,1,960,544.56,960,544.56,0,0,0,0,0,0,0,0
1281,1555,50198789,51401291,22321,7917,87,7922,0,0,-18,0,-18,1,1,1,960,544.56,960,544.56,0,0,0,0,0,0,0,0
1282,1556,52341461,51203292,22397,7917,87,7922,0,0,-18,0,-18,1,1,1,960,544.56,960,544.56,0,0,0,0,0,0,0,0
1283,1557,52292246,53741542,22321,7917,87,7922,0,0,-18,0,-18,1,1,1,960,544.56,960,544.56,0,0,0,0,0,0,0,0
1284,1558,48443246,47212250,22257,7917,90,7922,0,0,-18,0,-18,1,1,1,960,544.56,960,544.56,0,0,0,0,0,0,0,0
1285,1559,43792419,43793750,22973,7917,87,7922,0,0,-18,0,-18,1,1,1,960,544.56,960,544.56,0,0,0,0,0,0,0,0
1286,1560,41445918,42674041,22473,7917,87,7922,0,0,-18,0,-18,1,1,1,960,544.56,960,544.56,0,0,0,0,0,0,0,0
1287,1561,41657794,40566833,22309,7917,87,7922,0,0,-18,0,-18,1,1,1,960,544.56,960,544.56,0,0,0,0,0,0,0,0
1288,1562,37934374,38989166,22321,7917,87,7922,0,0,-18,0,-18,1,1,1,960,544.56,960,544.56,0,0,0,0,0,0,0,0
1289,1563,37286579,37314041,22345,7917,87,7922,0,0,-18,0,-18,1,1,1,960,544.56,960,544.56,0,0,0,0,0,0,0,0
1290,1564,39928916,38845750,22257,7917,87,7922,0,0,-18,0,-18,1,1,1,960,544.56,960,544.56,0,0,0,0,0,0,0,0
1291,1565,39281122,40337708,22321,7918,88,7923,0,0,-18,0,-18,1,1,1,960,544.56,960,544.56,0,0,0,0,0,0,0,0
1292,1566,40985211,40879375,22257,7917,87,7922,0,0,-18,0,-18,1,1,1,960,544.56,960,544.56,0,0,0,0,0,0,0,0
1293,1567,40402211,39390542,22397,7917,87,7922,0,0,-18,0,-18,1,1,1,960,544.56,960,544.56,0,0,0,0,0,0,0,0
1294,1568,43968956,45006792,22321,7917,87,7922,0,0,-18,0,-18,1,1,1,960,544.56,960,544.56,0,0,0,0,0,0,0,0
1295,1569,41056789,41062667,22257,7917,90,7922,0,0,-18,0,-18,1,1,1,960,544.56,960,544.56,0,0,0,0,0,0,0,0
1296,1570,39527963,38394625,22257,7917,87,7922,0,0,-18,0,-18,1,1,1,960,544.56,960,544.56,0,0,0,0,0,0,0,0
1297,1571,37465583,38516375,22409,7917,87,7922,0,0,-18,0,-18,1,1,1,960,544.56,960,544.56,0,0,0,0,0,0,0,0
1298,1572,42465087,41134250,22873,7917,87,7922,0,0,-18,0,-18,1,1,1,960,544.56,960,544.56,0,0,0,0,0,0,0,0
1299,1573,42854662,42961875,22473,7917,87,7922,0,0,-18,0,-18,1,1,1,960,544.56,960,544.56,0,0,0,0,0,0,0,0
1300,1574,43318588,44351584,22321,7917,87,7922,0,0,-18,0,-18,1,1,1,960,544.56,960,544.56,0,0,0,0,0,0,0,0
1301,1575,44380079,44509084,22345,7917,87,7922,0,0,-18,0,-18,1,1,1,960,544.56,960,544.56,0,0,0,0,0,0,0,0
1302,1576,47390248,45576833,22257,7917,87,7922,0,0,-18,0,-18,1,1,1,960,544.56,960,544.56,0,0,0,0,0,0,0,0
1303,1577,51295790,52914417,22373,7917,87,7922,0,0,-18,0,-18,1,1,1,960,544.56,960,544.56,0,0,0,0,0,0,0,0
1304,1578,60691501,58921542,22257,7917,87,7922,0,0,-18,0,-18,1,1,1,960,544.56,960,544.56,0,0,0,0,0,0,0,0
1305,1579,68498663,70176375,22409,7917,87,7922,0,0,-18,0,-18,1,1,1,960,544.56,960,544.56,0,0,0,0,0,0,0,0
1306,1580,66060125,64297250,22257,7918,91,7923,0,0,-18,0,-18,1,1,1,960,544.56,960,544.56,0,0,0,0,0,0,0,0
1307,1581,64770206,64501208,22937,7917,87,7922,0,0,-18,0,-18,1,1,1,960,544.56,960,544.56,0,0,0,0,0,0,0,0
1308,1582,65220251,65462625,22561,7917,87,7922,0,0,-18,0,-18,1,1,1,960,544.56,960,544.56,0,0,0,0,0,0,0,0
1309,1583,60213703,62011917,22321,7917,87,7922,0,0,-18,0,-18,1,1,1,960,544.56,960,544.56,0,0,0,0,0,0,0,0
1310,1584,54751671,52956583,22257,7917,87,7922,0,0,-18,0,-18,1,1,1,960,544.56,960,544.56,0,0,0,0,0,0,0,0
1311,1585,50024162,51712792,22461,7917,87,7922,0,0,-18,0,-18,1,1,1,960,544.56,960,544.56,0,0,0,0,0,0,0,0
1312,1586,56066121,54623291,22257,7917,87,7922,0,0,-18,0,-18,1,1,1,960,544.56,960,544.56,0,0,0,0,0,0,0,0
1313,1587,55893961,57200000,22321,7917,87,7922,0,0,-18,0,-18,1,1,1,960,544.56,960,544.56,0,0,0,0,0,0,0,0
1314,1588,63944920,62385917,22345,7917,87,7922,0,0,-18,0,-18,1,1,1,960,544.56,960,544.56,0,0,0,0,0,0,0,0
1315,1589,52555371,54210084,22373,7917,90,7922,0,0,-18,0,-18,1,1,1,960,544.56,960,544.56,0,0,0,0,0,0,0,0
1316,1590,55892545,52839042,22821,7917,87,7922,0,0,-18,0,-18,1,1,1,960,544.56,960,544.56,0,0,0,0,0,0,0,0
1317,1591,49391623,52409666,22625,7917,87,7922,0,0,-18,0,-18,1,1,1,960,544.56,960,544.56,0,0,0,0,0,0,0,0
1318,1592,55588286,53881417,22257,7917,87,7922,0,0,-18,0,-18,1,1,1,960,544.56,960,544.56,0,0,0,0,0,0,0,0
1319,1593,55596005,57163334,22373,7917,87,7922,0,0,-18,0,-18,1,1,1,960,544.56,960,544.56,0,0,0,0,0,0,0,0
1320,1594,54175127,52601209,22345,7917,87,7922,0,0,-18,0,-18,1,1,1,960,544.56,960,544.56,0,0,0,0,0,0,0,0
1321,1595,51234871,52808542,22321,7918,88,7923,0,0,-18,0,-18,1,1,1,960,544.56,960,544.56,0,0,0,0,0,0,0,0
1322,1596,55537294,53725958,22257,7917,87,7922,0,0,-18,0,-18,1,1,1,960,544.56,960,544.56,0,0,0,0,0,0,0,0
1323,1597,55315453,57105125,22461,7917,87,7922,0,0,-18,0,-18,1,1,1,960,544.56,960,544.56,0,0,0,0,0,0,0,0
1324,1598,54020501,52460167,22257,7917,90,7922,0,0,-18,0,-18,1,1,1,960,544.56,960,544.56,0,0,0,0,0,0,0,0
1325,1599,56012004,55975083,22885,7917,87,7922,0,0,-18,0,-18,1,1,1,960,544.56,960,544.56,0,0,0,0,0,0,0,0
1326,1600,50886083,50962583,22561,7917,87,7922,0,0,-18,0,-18,1,1,1,960,544.56,960,544.56,0,0,0,0,0,0,0,0
1327,1601,49643911,51067458,22373,7917,87,7922,0,0,-18,0,-18,1,1,1,960,544.56,960,544.56,0,0,0,0,0,0,0,0
1328,1602,47066248,47120125,22257,7917,87,7922,0,0,-18,0,-18,1,1,1,960,544.56,960,544.56,0,0,0,0,0,0,0,0
1329,1603,43798293,42487083,22257,7917,87,7922,0,0,-18,0,-18,1,1,1,960,544.56,960,544.56,0,0,0,0,0,0,0,0
1330,1604,41094791,42357250,22409,7917,87,7922,0,0,-18,0,-18,1,1,1,960,544.56,960,544.56,0,0,0,0,0,0,0,0
1331,1605,38521293,38502375,22257,7917,87,7922,0,0,-18,0,-18,1,1,1,960,544.56,960,544.56,0,0,0,0,0,0,0,0
1332,1606,39695661,38581292,22309,7917,87,7922,0,0,-18,0,-18,1,1,1,960,544.56,960,544.56,0,0,0,0,0,0,0,0
1333,1607,41867211,42874041,22321,7917,87,7922,0,0,-18,0,-18,1,1,1,960,544.56,960,544.56,0,0,0,0,0,0,0,0
1334,1608,39621498,39700375,22345,7917,90,7922,0,0,-18,0,-18,1,1,1,960,544.56,960,544.56,0,0,0,0,0,0,0,0
1335,1609,40148250,38956209,22257,7917,87,7922,0,0,-18,0,-18,1,1,1,960,544.56,960,544.56,0,0,0,0,0,0,0,0
1336,1610,39800707,40912375,22321,7918,88,7923,0,0,-18,0,-18,1,1,1,960,544.56,960,544.56,0,0,0,0,0,0,0,0
1337,1611,41238833,40104333,22873,7917,87,7922,0,0,-18,0,-18,1,1,1,960,544.56,960,544.56,0,0,0,0,0,0,0,0
1338,1612,40006045,39979875,22561,7917,87,7922,0,0,-18,0,-18,1,1,1,960,544.56,960,544.56,0,0,0,0,0,0,0,0
1339,1613,38945790,40086125,22321,7917,87,7922,0,0,-18,0,-18,1,1,1,960,544.56,960,544.56,0,0,0,0,0,0,0,0
1340,1614,38377955,38369666,22257,7917,87,7922,0,0,-18,0,-18,1,1,1,960,544.56,960,544.56,0,0,0,0,0,0,0,0
1341,1615,39862208,38705583,22257,7917,87,7922,0,0,-18,0,-18,1,1,1,960,544.56,960,544.56,0,0,0,0,0,0,0,0
1342,1616,38476791,39605542,22409,7917,87,7922,0,0,-18,0,-18,1,1,1,960,544.56,960,544.56,0,0,0,0,0,0,0,0
1343,1617,39280831,39195917,22309,7917,87,7922,0,0,-18,0,-18,1,1,1,960,544.56,960,544.56,0,0,0,0,0,0,0,0
1344,1618,40637005,39600959,22257,7917,87,7922,0,0,-18,0,-18,1,1,1,960,544.56,960,544.56,0,0,0,0,0,0,0,0
1345,1619,41285041,42074833,22321,7917,87,7922,0,0,-18,0,-18,1,1,1,960,544.56,960,544.56,0,0,0,0,0,0,0,0
1346,1620,47525376,47687834,22345,7917,87,7922,0,0,-18,0,-18,1,1,1,960,544.56,960,544.56,0,0,0,0,0,0,0,0
1347,1621,46021331,44840792,22257,7917,90,7922,0,0,-18,0,-18,1,1,1,960,544.56,960,544.56,0,0,0,0,0,0,0,0
1348,1622,42227294,43426292,22373,7917,87,7922,0,0,-18,0,-18,1,1,1,960,544.56,960,544.56,0,0,0,0,0,0,0,0
1349,1623,53369373,51807834,22821,7917,87,7922,0,0,-18,0,-18,1,1,1,960,544.56,960,544.56,0,0,0,0,0,0,0,0
1350,1624,51507711,51500042,22561,7917,87,7922,0,0,-18,0,-18,1,1,1,960,544.56,960,544.56,0,0,0,0,0,0,0,0
1351,1625,61170373,62533250,22321,7918,88,7923,0,0,-18,0,-18,1,1,1,960,544.56,960,544.56,0,0,0,0,0,0,0,0
1352,1626,65935172,64092084,22309,7917,87,7922,0,0,-18,0,-18,1,1,1,960,544.56,960,544.56,0,0,0,0,0,0,0,0
1353,1627,63315749,65119916,22409,7917,87,7922,0,0,-18,0,-18,1,1,1,960,544.56,960,544.56,0,0,0,0,0,0,0,0
1354,1628,60873292,59075167,22257,7917,87,7922,0,0,-18,0,-18,1,1,1,960,544.56,960,544.56,0,0,0,0,0,0,0,0
1355,1629,59195499,60918667,22321,7917,87,7922,0,0,-18,0,-18,1,1,1,960,544.56,960,544.56,0,0,0,0,0,0,0,0
1356,1630,55953670,54491833,22397,7917,90,7922,0,0,-18,0,-18,1,1,1,960,544.56,960,544.56,0,0,0,0,0,0,0,0
1357,1631,52312791,52259125,22885,7917,87,7922,0,0,-18,0,-18,1,1,1,960,544.56,960,544.56,0,0,0,0,0,0,0,0
1358,1632,52439369,52054125,22473,7917,87,7922,0,0,-18,0,-18,1,1,1,960,544.56,960,544.56,0,0,0,0,0,0,0,0
1359,1633,53026128,54923541,22409,7917,87,7922,0,0,-18,0,-18,1,1,1,960,544.56,960,544.56,0,0,0,0,0,0,0,0
1360,1634,53077545,51635042,22309,7917,87,7922,0,0,-18,0,-18,1,1,1,960,544.56,960,544.56,0,0,0,0,0,0,0,0
1361,1635,53237501,54546125,22321,7917,87,7922,0,0,-18,0,-18,1,1,1,960,544.56,960,544.56,0,0,0,0,0,0,0,0
1362,1636,56873708,54894500,22345,7917,87,7922,0,0,-18,0,-18,1,1,1,960,544.56,960,544.56,0,0,0,0,0,0,0,0
1363,1637,58517452,60513542,22321,7917,87,7922,0,0,-18,0,-18,1,1,1,960,544.56,960,544.56,0,0,0,0,0,0,0,0
1364,1638,58872044,56964583,22309,7917,87,7922,0,0,-18,0,-18,1,1,1,960,544.56,960,544.56,0,0,0,0,0,0,0,0
1365,1639,52600666,54508834,22409,7917,90,7922,0,0,-18,0,-18,1,1,1,960,544.56,960,544.56,0,0,0,0,0,0,0,0
1366,1640,57891998,55318416,22821,7918,88,7923,0,0,-18,0,-18,1,1,1,960,544.56,960,544.56,0,0,0,0,0,0,0,0
1367,1641,51906455,54334625,22537,7917,87,7922,0,0,-18,0,-18,1,1,1,960,544.56,960,544.56,0,0,0,0,0,0,0,0
1368,1642,55323753,53634459,22397,7917,87,7922,0,0,-18,0,-18,1,1,1,960,544.56,960,544.56,0,0,0,0,0,0,0,0
1369,1643,49137875,50874791,22321,7917,87,7922,0,0,-18,0,-18,1,1,1,960,544.56,960,544.56,0,0,0,0,0,0,0,0
1370,1644,49102708,49089000,22257,7917,87,7922,0,0,-18,0,-18,1,1,1,960,544.56,960,544.56,0,0,0,0,0,0,0,0
1371,1645,43769169,42585209,22345,7917,87,7922,0,0,-18,0,-18,1,1,1,960,544.56,960,544.56,0,0,0,0,0,0,0,0
1372,1646,41729331,42914042,22321,7917,87,7922,0,0,-18,0,-18,1,1,1,960,544.56,960,544.56,0,0,0,0,0,0,0,0
1373,1647,42852543,42816750,22309,7917,87,7922,0,0,-18,0,-18,1,1,1,960,544.56,960,544.56,0,0,0,0,0,0,0,0
1374,1648,42510833,41447708,22257,7917,87,7922,0,0,-18,0,-18,1,1,1,960,544.56,960,544.56,0,0,0,0,0,0,0,0
1375,1649,36500539,37558041,22409,7917,90,7922,0,0,-18,0,-18,1,1,1,960,544.56,960,544.56,0,0,0,0,0,0,0,0
1376,1650,38723044,38735833,22257,7917,87,7922,0,0,-18,0,-18,1,1,1,960,544.56,960,544.56,0,0,0,0,0,0,0,0
1377,1651,37616163,36512459,22257,7917,87,7922,0,0,-18,0,-18,1,1,1,960,544.56,960,544.56,0,0,0,0,0,0,0,0
1378,1652,40527921,40353292,22885,7917,87,7922,0,0,-18,0,-18,1,1,1,960,544.56,960,544.56,0,0,0,0,0,0,0,0
1379,1653,37548959,38764916,22613,7917,87,7922,0,0,-18,0,-18,1,1,1,960,544.56,960,544.56,0,0,0,0,0,0,0,0
1380,1654,40075793,38840625,22257,7917,87,7922,0,0,-18,0,-18,1,1,1,960,544.56,960,544.56,0,0,0,0,0,0,0,0
1381,1655,40232498,41422958,22321,7918,88,7923,0,0,-18,0,-18,1,1,1,960,544.56,960,544.56,0,0,0,0,0,0,0,0
1382,1656,43518085,43347083,22257,7917,87,7922,0,0,-18,0,-18,1,1,1,960,544.56,960,544.56,0,0,0,0,0,0,0,0
1383,1657,45564081,44355500,22345,7917,87,7922,0,0,-18,0,-18,1,1,1,960,544.56,960,544.56,0,0,0,0,0,0,0,0
1384,1658,42958587,44168708,22373,7917,87,7922,0,0,-18,0,-18,1,1,1,960,544.56,960,544.56,0,0,0,0,0,0,0,0
1385,1659,52076913,52088209,22257,7917,87,7922,0,0,-18,0,-18,1,1,1,960,544.56,960,544.56,0,0,0,0,0,0,0,0
1386,1660,63259877,61332583,22257,7917,87,7922,0,0,-18,0,-18,1,1,1,960,544.56,960,544.56,0,0,0,0,0,0,0,0
1387,1661,63686534,65434875,22409,7917,90,7922,0,0,-18,0,-18,1,1,1,960,544.56,960,544.56,0,0,0,0,0,0,0,0
1388,1662,67099630,63596833,22873,7917,87,7922,0,0,-18,0,-18,1,1,1,960,544.56,960,544.56,0,0,0,0,0,0,0,0
1389,1663,62092375,65472375,22537,7917,87,7922,0,0,-18,0,-18,1,1,1,960,544.56,960,544.56,0,0,0,0,0,0,0,0
1390,1664,67080706,65384875,22345,7917,87,7922,0,0,-18,0,-18,1,1,1,960,544.56,960,544.56,0,0,0,0,0,0,0,0
1391,1665,55659040,57494833,22321,7917,87,7922,0,0,-18,0,-18,1,1,1,960,544.56,960,544.56,0,0,0,0,0,0,0,0
1392,1666,53536329,51933291,22309,7917,87,7922,0,0,-18,0,-18,1,1,1,960,544.56,960,544.56,0,0,0,0,0,0,0,0
1393,1667,50504840,52028667,22409,7917,87,7922,0,0,-18,0,-18,1,1,1,960,544.56,960,544.56,0,0,0,0,0,0,0,0
1394,1668,59598915,57778833,22257,7917,87,7922,0,0,-18,0,-18,1,1,1,960,544.56,960,544.56,0,0,0,0,0,0,0,0
1395,1669,53594332,55155042,22321,7917,90,7922,0,0,-18,0,-18,1,1,1,960,544.56,960,544.56,0,0,0,0,0,0,0,0
1396,1670,58588668,57354750,22397,7918,88,7923,0,0,-18,0,-18,1,1,1,960,544.56,960,544.56,0,0,0,0,0,0,0,0
1397,1671,54855372,54559208,22885,7917,87,7922,0,0,-18,0,-18,1,1,1,960,544.56,960,544.56,0,0,0,0,0,0,0,0
1398,1672,52541837,52779083,22473,7917,87,7922,0,0,-18,0,-18,1,1,1,960,544.56,960,544.56,0,0,0,0,0,0,0,0
1399,1673,50401289,51804583,22409,7917,87,7922,0,0,-18,0,-18,1,1,1,960,544.56,960,544.56,0,0,0,0,0,0,0,0
1400,1674,53627621,52159125,22309,7917,87,7922,0,0,-18,0,-18,1,1,1,960,544.56,960,544.56,0,0,0,0,0,0,0,0
1401,1675,50663165,52037375,22321,7917,87,7922,0,0,-18,0,-18,1,1,1,960,544.56,960,544.56,0,0,0,0,0,0,0,0
1402,1676,54164838,52513542,22345,7917,87,7922,0,0,-18,0,-18,1,1,1,960,544.56,960,544.56,0,0,0,0,0,0,0,0
1403,1677,50073701,51742250,22321,7917,87,7922,0,0,-18,0,-18,1,1,1,960,544.56,960,544.56,0,0,0,0,0,0,0,0
1404,1678,61575297,59533041,22309,7917,87,7922,0,0,-18,0,-18,1,1,1,960,544.56,960,544.56,0,0,0,0,0,0,0,0
1405,1679,62649704,64559166,22409,7917,90,7922,0,0,-18,0,-18,1,1,1,960,544.56,960,544.56,0,0,0,0,0,0,0,0
1406,1680,69863915,66505250,22821,7917,87,7922,0,0,-18,0,-18,1,1,1,960,544.56,960,544.56,0,0,0,0,0,0,0,0
1407,1681,62762334,65946750,22537,7917,87,7922,0,0,-18,0,-18,1,1,1,960,544.56,960,544.56,0,0,0,0,0,0,0,0
1408,1682,69014742,67359583,22397,7917,87,7922,0,0,-18,0,-18,1,1,1,960,544.56,960,544.56,0,0,0,0,0,0,0,0
1409,1683,59270959,61037375,22321,7917,87,7922,0,0,-18,0,-18,1,1,1,960,544.56,960,544.56,0,0,0,0,0,0,0,0
1410,1684,69043837,66673417,22257,7917,87,7922,0,0,-18,0,-18,1,1,1,960,544.56,960,544.56,0,0,0,0,0,0,0,0
1411,1685,65748915,67962375,22409,7918,88,7923,0,0,-18,0,-18,1,1,1,960,544.56,960,544.56,0,0,0,0,0,0,0,0
1412,1686,71825250,70160500,22309,7917,87,7922,0,0,-18,0,-18,1,1,1,960,544.56,960,544.56,0,0,0,0,0,0,0,0
1413,1687,66509999,66323959,22885,7917,90,7922,0,0,-18,0,-18,1,1,1,960,544.56,960,544.56,0,0,0,0,0,0,0,0
1414,1688,66756464,66660458,22561,7917,87,7922,0,0,-18,0,-18,1,1,1,960,544.56,960,544.56,0,0,0,0,0,0,0,0
1415,1689,64831957,66677167,22373,7917,87,7922,0,0,-18,0,-18,1,1,1,960,544.56,960,544.56,0,0,0,0,0,0,0,0
1416,1690,69306671,67536042,22257,7917,87,7922,0,0,-18,0,-18,1,1,1,960,544.56,960,544.56,0,0,0,0,0,0,0,0
1417,1691,64956456,66721250,22409,7917,87,7922,0,0,-18,0,-18,1,1,1,960,544.56,960,544.56,0,0,0,0,0,0,0,0
1418,1692,68328745,66515084,22309,7917,87,7922,0,0,-18,0,-18,1,1,1,960,544.56,960,544.56,0,0,0,0,0,0,0,0
1419,1693,69730207,71439500,22321,7917,87,7922,0,0,-18,0,-18,1,1,1,960,544.56,960,544.56,0,0,0,0,0,0,0,0
1420,1694,66804297,65068083,22345,7917,90,7922,0,0,-18,0,-18,1,1,1,960,544.56,960,544.56,0,0,0,0,0,0,0,0
1421,1695,66549204,66450084,22937,7917,87,7922,0,0,-18,0,-18,1,1,1,960,544.56,960,544.56,0,0,0,0,0,0,0,0
1422,1696,66060207,65889666,22473,7917,87,7922,0,0,-18,0,-18,1,1,1,960,544.56,960,544.56,0,0,0,0,0,0,0,0
1423,1697,63475079,65462833,22409,7917,87,7922,0,0,-18,0,-18,1,1,1,960,544.56,960,544.56,0,0,0,0,0,0,0,0
1424,1698,69339796,67446291,22257,7917,87,7922,0,0,-18,0,-18,1,1,1,960,544.56,960,544.56,0,0,0,0,0,0,0,0
1425,1699,63902504,65608375,22373,7917,87,7922,0,0,-18,0,-18,1,1,1,960,544.56,960,544.56,0,0,0,0,0,0,0,0
1426,1700,69607034,67918625,22345,7918,88,7923,0,0,-18,0,-18,1,1,1,960,544.56,960,544.56,0,0,0,0,0,0,0,0
1427,1701,63519008,65325292,22321,7917,90,7922,0,0,-18,0,-18,1,1,1,960,544.56,960,544.56,0,0,0,0,0,0,0,0
1428,1702,58049079,55324583,22821,7917,87,7922,0,0,-18,0,-18,1,1,1,960,544.56,960,544.56,0,0,0,0,0,0,0,0
1429,1703,49389626,52074500,22677,7917,87,7922,0,0,-18,0,-18,1,1,1,960,544.56,960,544.56,0,0,0,0,0,0,0,0
1430,1704,53363002,51891375,22257,7917,87,7922,0,0,-18,0,-18,1,1,1,960,544.56,960,544.56,0,0,0,0,0,0,0,0
1431,1705,50808247,52047125,22321,7917,87,7922,0,0,-18,0,-18,1,1,1,960,544.56,960,544.56,0,0,0,0,0,0,0,0
1432,1706,53428169,51868125,22345,7917,87,7922,0,0,-18,0,-18,1,1,1,960,544.56,960,544.56,0,0,0,0,0,0,0,0
1433,1707,51229916,52915834,22373,7917,87,7922,0,0,-18,0,-18,1,1,1,960,544.56,960,544.56,0,0,0,0,0,0,0,0
1434,1708,51865123,50164292,22257,7917,87,7922,0,0,-18,0,-18,1,1,1,960,544.56,960,544.56,0,0,0,0,0,0,0,0
1435,1709,50056334,51815583,22409,7917,87,7922,0,0,-18,0,-18,1,1,1,960,544.56,960,544.56,0,0,0,0,0,0,0,0
1436,1710,50980746,49327209,22257,7917,90,7922,0,0,-18,0,-18,1,1,1,960,544.56,960,544.56,0,0,0,0,0,0,0,0
1437,1711,50290957,51505875,22373,7917,87,7922,0,0,-18,0,-18,1,1,1,960,544.56,960,544.56,0,0,0,0,0,0,0,0
1438,1712,54008707,51706625,22909,7917,87,7922,0,0,-18,0,-18,1,1,1,960,544.56,960,544.56,0,0,0,0,0,0,0,0
1439,1713,48707291,51316125,22537,7917,87,7922,0,0,-18,0,-18,1,1,1,960,544.56,960,544.56,0,0,0,0,0,0,0,0
1440,1714,53961038,52444709,22257,7917,87,7922,0,0,-18,0,-18,1,1,1,960,544.56,960,544.56,0,0,0,0,0,0,0,0
1441,1715,51087584,52574042,22461,7918,88,7923,0,0,-18,0,-18,1,1,1,960,544.56,960,544.56,0,0,0,0,0,0,0,0
1442,1716,53309921,51368917,22257,7917,87,7922,0,0,-18,0,-18,1,1,1,960,544.56,960,544.56,0,0,0,0,0,0,0,0
1443,1717,51073744,52895792,22321,7917,87,7922,0,0,-18,0,-18,1,1,1,960,544.56,960,544.56,0,0,0,0,0,0,0,0
1444,1718,63030958,61451708,22345,7917,87,7922,0,0,-18,0,-18,1,1,1,960,544.56,960,544.56,0,0,0,0,0,0,0,0
1445,1719,66347755,67771166,22373,7917,87,7922,0,0,-18,0,-18,1,1,1,960,544.56,960,544.56,0,0,0,0,0,0,0,0
1446,1720,60552373,58827250,22257,7917,90,7922,0,0,-18,0,-18,1,1,1,960,544.56,960,544.56,0,0,0,0,0,0,0,0
1447,1721,59165872,59400292,22973,7917,87,7922,0,0,-18,0,-18,1,1,1,960,544.56,960,544.56,0,0,0,0,0,0,0,0
1448,1722,57300623,57454375,22473,7917,87,7922,0,0,-18,0,-18,1,1,1,960,544.56,960,544.56,0,0,0,0,0,0,0,0
1449,1723,49941170,51264291,22373,7917,87,7922,0,0,-18,0,-18,1,1,1,960,544.56,960,544.56,0,0,0,0,0,0,0,0
1450,1724,53641956,52240833,22345,7917,87,7922,0,0,-18,0,-18,1,1,1,960,544.56,960,544.56,0,0,0,0,0,0,0,0
1451,1725,51564000,53039584,22321,7917,87,7922,0,0,-18,0,-18,1,1,1,960,544.56,960,544.56,0,0,0,0,0,0,0,0
1452,1726,54490704,52720250,22257,7917,87,7922,0,0,-18,0,-18,1,1,1,960,544.56,960,544.56,0,0,0,0,0,0,0,0
1453,1727,53156208,54762916,22461,7917,87,7922,0,0,-18,0,-18,1,1,1,960,544.56,960,544.56,0,0,0,0,0,0,0,0
1454,1728,58936417,57193834,22257,7917,87,7922,0,0,-18,0,-18,1,1,1,960,544.56,960,544.56,0,0,0,0,0,0,0,0
1455,1729,60835082,62424917,22321,7917,90,7922,0,0,-18,0,-18,1,1,1,960,544.56,960,544.56,0,0,0,0,0,0,0,0
1456,1730,67032836,63816250,22909,7918,88,7923,0,0,-18,0,-18,1,1,1,960,544.56,960,544.56,0,0,0,0,0,0,0,0
1457,1731,57591333,60826834,22589,7917,87,7922,0,0,-18,0,-18,1,1,1,960,544.56,960,544.56,0,0,0,0,0,0,0,0
1458,1732,60899708,59453042,22257,7917,87,7922,0,0,-18,0,-18,1,1,1,960,544.56,960,544.56,0,0,0,0,0,0,0,0
1459,1733,55834289,57207250,22409,7917,87,7922,0,0,-18,0,-18,1,1,1,960,544.56,960,544.56,0,0,0,0,0,0,0,0
1460,1734,60215752,58911917,22257,7917,87,7922,0,0,-18,0,-18,1,1,1,960,544.56,960,544.56,0,0,0,0,0,0,0,0
1461,1735,54231412,55514333,22373,7917,87,7922,0,0,-18,0,-18,1,1,1,960,544.56,960,544.56,0,0,0,0,0,0,0,0
1462,1736,55277835,53956666,22345,7917,87,7922,0,0,-18,0,-18,1,1,1,960,544.56,960,544.56,0,0,0,0,0,0,0,0
1463,1737,51774956,53109250,22321,7917,90,7922,0,0,-18,0,-18,1,1,1,960,544.56,960,544.56,0,0,0,0,0,0,0,0
1464,1738,53136792,51645459,22257,7917,87,7922,0,0,-18,0,-18,1,1,1,960,544.56,960,544.56,0,0,0,0,0,0,0,0
1465,1739,48517417,48599750,23025,7917,87,7922,0,0,-18,0,-18,1,1,1,960,544.56,960,544.56,0,0,0,0,0,0,0,0
1466,1740,44418204,45871833,22473,7917,87,7922,0,0,-18,0,-18,1,1,1,960,544.56,960,544.56,0,0,0,0,0,0,0,0
1467,1741,50442170,48764875,34781,7917,87,7922,0,0,-18,0,-18,1,1,1,960,544.56,960,544.56,0,0,0,0,0,0,0,0
1468,1742,51326997,52742209,22321,7917,87,7922,0,0,-18,0,-18,1,1,1,960,544.56,960,544.56,0,0,0,0,0,0,0,0
1469,1743,53695835,52410459,22345,7917,87,7922,0,0,-18,0,-18,1,1,1,960,544.56,960,544.56,0,0,0,0,0,0,0,0
1470,1744,50225377,51467417,22373,7917,87,7922,0,0,-18,0,-18,1,1,1,960,544.56,960,544.56,0,0,0,0,0,0,0,0
1471,1745,53798045,52442916,22257,7918,88,7923,0,0,-18,0,-18,1,1,1,960,544.56,960,544.56,0,0,0,0,0,0,0,0
1472,1746,55873163,57139708,22409,7917,87,7922,0,0,-18,0,-18,1,1,1,960,544.56,960,544.56,0,0,0,0,0,0,0,0
1473,1747,65903834,64158458,22257,7917,90,7922,0,0,-18,0,-18,1,1,1,960,544.56,960,544.56,0,0,0,0,0,0,0,0
1474,1748,64831666,64320500,22937,7917,87,7922,0,0,-18,0,-18,1,1,1,960,544.56,960,544.56,0,0,0,0,0,0,0,0
1475,1749,64936541,65386000,22561,7917,87,7922,0,0,-18,0,-18,1,1,1,960,544.56,960,544.56,0,0,0,0,0,0,0,0
1476,1750,60185160,62004583,22321,7917,87,7922,0,0,-18,0,-18,1,1,1,960,544.56,960,544.56,0,0,0,0,0,0,0,0
1477,1751,58616213,56993500,22257,7917,87,7922,0,0,-18,0,-18,1,1,1,960,544.56,960,544.56,0,0,0,0,0,0,0,0
1478,1752,56338414,57976459,22461,7917,87,7922,0,0,-18,0,-18,1,1,1,960,544.56,960,544.56,0,0,0,0,0,0,0,0
1479,1753,59921249,57722167,22257,7917,87,7922,0,0,-18,0,-18,1,1,1,960,544.56,960,544.56,0,0,0,0,0,0,0,0
1480,1754,69776751,71688042,22321,7917,87,7922,0,0,-18,0,-18,1,1,1,960,544.56,960,544.56,0,0,0,0,0,0,0,0
1481,1755,67198038,65410333,22345,7917,90,7922,0,0,-18,0,-18,1,1,1,960,544.56,960,544.56,0,0,0,0,0,0,0,0
1482,1756,65793499,65685667,22937,7917,87,7922,0,0,-18,0,-18,1,1,1,960,544.56,960,544.56,0,0,0,0,0,0,0,0
1483,1757,58700375,59256625,22473,7917,87,7922,0,0,-18,0,-18,1,1,1,960,544.56,960,544.56,0,0,0,0,0,0,0,0
1484,1758,50537336,51987125,22409,7917,87,7922,0,0,-18,0,-18,1,1,1,960,544.56,960,544.56,0,0,0,0,0,0,0,0
1485,1759,54809164,53348125,22257,7917,87,7922,0,0,-18,0,-18,1,1,1,960,544.56,960,544.56,0,0,0,0,0,0,0,0
1486,1760,50372797,51727167,22373,7918,88,7923,0,0,-18,0,-18,1,1,1,960,544.56,960,544.56,0,0,0,0,0,0,0,0
1487,1761,54046038,52297583,22345,7917,87,7922,0,0,-18,0,-18,1,1,1,960,544.56,960,544.56,0,0,0,0,0,0,0,0
1488,1762,49831874,51612042,22321,7917,87,7922,0,0,-18,0,-18,1,1,1,960,544.56,960,544.56,0,0,0,0,0,0,0,0
1489,1763,55535372,54034625,22257,7917,87,7922,0,0,-18,0,-18,1,1,1,960,544.56,960,544.56,0,0,0,0,0,0,0,0
1490,1764,49170713,50592125,22461,7917,90,7922,0,0,-18,0,-18,1,1,1,960,544.56,960,544.56,0,0,0,0,0,0,0,0
1491,1765,44397123,44483333,22257,7917,87,7922,0,0,-18,0,-18,1,1,1,960,544.56,960,544.56,0,0,0,0,0,0,0,0
1492,1766,44868707,42623417,22821,7917,87,7922,0,0,-18,0,-18,1,1,1,960,544.56,960,544.56,0,0,0,0,0,0,0,0
1493,1767,41260708,43410167,22537,7917,87,7922,0,0,-18,0,-18,1,1,1,960,544.56,960,544.56,0,0,0,0,0,0,0,0
1494,1768,42588833,42606375,22345,7917,87,7922,0,0,-18,0,-18,1,1,1,960,544.56,960,544.56,0,0,0,0,0,0,0,0
1495,1769,43305251,41257375,22309,7917,87,7922,0,0,-18,0,-18,1,1,1,960,544.56,960,544.56,0,0,0,0,0,0,0,0
1496,1770,40173504,42217958,22321,7917,87,7922,0,0,-18,0,-18,1,1,1,960,544.56,960,544.56,0,0,0,0,0,0,0,0
1497,1771,42589619,42401833,22257,7917,87,7922,0,0,-18,0,-18,1,1,1,960,544.56,960,544.56,0,0,0,0,0,0,0,0
1498,1772,45806333,44421292,22345,7917,87,7922,0,0,-18,0,-18,1,1,1,960,544.56,960,544.56,0,0,0,0,0,0,0,0
1499,1773,48223711,49548917,22321,7917,87,7922,0,0,-18,0,-18,1,1,1,960,544.56,960,544.56,0,0,0,0,0,0,0,0
1500,1774,55815666,54495209,22309,7917,87,7922,0,0,-18,0,-18,1,1,1,960,544.56,960,544.56,0,0,0,0,0,0,0,0
1501,1775,62060955,63154625,22321,7918,91,7923,0,0,-18,0,-18,1,1,1,960,544.56,960,544.56,0,0,0,0,0,0,0,0
1502,1776,68286292,65003416,22909,7917,87,7922,0,0,-18,0,-18,1,1,1,960,544.56,960,544.56,0,0,0,0,0,0,0,0
1503,1777,58325707,61713708,22537,7917,87,7922,0,0,-18,0,-18,1,1,1,960,544.56,960,544.56,0,0,0,0,0,0,0,0
1504,1778,60269705,58753125,22309,7917,87,7922,0,0,-18,0,-18,1,1,1,960,544.56,960,544.56,0,0,0,0,0,0,0,0
1505,1779,50868246,52363000,22409,7917,87,7922,0,0,-18,0,-18,1,1,1,960,544.56,960,544.56,0,0,0,0,0,0,0,0
1506,1780,56064624,54618500,22257,7917,87,7922,0,0,-18,0,-18,1,1,1,960,544.56,960,544.56,0,0,0,0,0,0,0,0
1507,1781,50475001,51820334,22321,7917,87,7922,0,0,-18,0,-18,1,1,1,960,544.56,960,544.56,0,0,0,0,0,0,0,0
1508,1782,53518585,52186166,22397,7917,87,7922,0,0,-18,0,-18,1,1,1,960,544.56,960,544.56,0,0,0,0,0,0,0,0
1509,1783,59109624,60522250,22321,7917,87,7922,0,0,-18,0,-18,1,1,1,960,544.56,960,544.56,0,0,0,0,0,0,0,0
1510,1784,58673832,57082041,22257,7917,90,7922,0,0,-18,0,-18,1,1,1,960,544.56,960,544.56,0,0,0,0,0,0,0,0
1511,1785,60150373,59948375,22973,7917,87,7922,0,0,-18,0,-18,1,1,1,960,544.56,960,544.56,0,0,0,0,0,0,0,0
1512,1786,56757420,56766875,22525,7917,87,7922,0,0,-18,0,-18,1,1,1,960,544.56,960,544.56,0,0,0,0,0,0,0,0
1513,1787,55185835,56731375,22321,7917,87,7922,0,0,-18,0,-18,1,1,1,960,544.56,960,544.56,0,0,0,0,0,0,0,0
1514,1788,58365829,56868375,22345,7917,87,7922,0,0,-18,0,-18,1,1,1,960,544.56,960,544.56,0,0,0,0,0,0,0,0
1515,1789,56032165,57640125,22321,7917,87,7922,0,0,-18,0,-18,1,1,1,960,544.56,960,544.56,0,0,0,0,0,0,0,0
1516,1790,59779293,57756875,22309,7918,88,7923,0,0,-18,0,-18,1,1,1,960,544.56,960,544.56,0,0,0,0,0,0,0,0
1517,1791,64989045,66953500,22409,7917,87,7922,0,0,-18,0,-18,1,1,1,960,544.56,960,544.56,0,0,0,0,0,0,0,0
1518,1792,60163661,58734292,22257,7917,90,7922,0,0,-18,0,-18,1,1,1,960,544.56,960,544.56,0,0,0,0,0,0,0,0
1519,1793,56786168,56255959,25005,7917,87,7922,0,0,-18,0,-18,1,1,1,960,544.56,960,544.56,0,0,0,0,0,0,0,0
1520,1794,56093253,56091333,22613,7917,87,7922,0,0,-18,0,-18,1,1,1,960,544.56,960,544.56,0,0,0,0,0,0,0,0
1521,1795,57725120,59596750,22321,7917,87,7922,0,0,-18,0,-18,1,1,1,960,544.56,960,544.56,0,0,0,0,0,0,0,0
1522,1796,62269918,60597125,22257,7917,87,7922,0,0,-18,0,-18,1,1,1,960,544.56,960,544.56,0,0,0,0,0,0,0,0
1523,1797,54509870,56141500,22409,7917,87,7922,0,0,-18,0,-18,1,1,1,960,544.56,960,544.56,0,0,0,0,0,0,0,0
1524,1798,57602126,56021667,22309,7917,87,7922,0,0,-18,0,-18,1,1,1,960,544.56,960,544.56,0,0,0,0,0,0,0,0
1525,1799,49817416,51197291,22321,7917,87,7922,0,0,-18,0,-18,1,1,1,960,544.56,960,544.56,0,0,0,0,0,0,0,0
1526,1800,52463378,51481041,22345,7917,87,7922,0,0,-18,0,-18,1,1,1,960,544.56,960,544.56,0,0,0,0,0,0,0,0
1527,1801,41698079,42855709,22321,7917,90,7922,0,0,-18,0,-18,1,1,1,960,544.56,960,544.56,0,0,0,0,0,0,0,0
1528,1802,42519919,42489458,22309,7917,87,7922,0,0,-18,0,-18,1,1,1,960,544.56,960,544.56,0,0,0,0,0,0,0,0
1529,1803,41977416,40064041,22821,7917,87,7922,0,0,-18,0,-18,1,1,1,960,544.56,960,544.56,0,0,0,0,0,0,0,0
1530,1804,35463791,37361708,22625,7917,87,7922,0,0,-18,0,-18,1,1,1,960,544.56,960,544.56,0,0,0,0,0,0,0,0
1531,1805,37028834,37027041,22257,7918,88,7923,0,0,-18,0,-18,1,1,1,960,544.56,960,544.56,0,0,0,0,0,0,0,0
1532,1806,39955712,38817042,22257,7917,87,7922,0,0,-18,0,-18,1,1,1,960,544.56,960,544.56,0,0,0,0,0,0,0,0
1533,1807,38242161,39231541,22321,7917,87,7922,0,0,-18,0,-18,1,1,1,960,544.56,960,544.56,0,0,0,0,0,0,0,0
1534,1808,41270252,41065833,22397,7917,87,7922,0,0,-18,0,-18,1,1,1,960,544.56,960,544.56,0,0,0,0,0,0,0,0
1535,1809,46004831,44928708,22257,7917,87,7922,0,0,-18,0,-18,1,1,1,960,544.56,960,544.56,0,0,0,0,0,0,0,0
1536,1810,44064540,45335083,22321,7917,87,7922,0,0,-18,0,-18,1,1,1,960,544.56,960,544.56,0,0,0,0,0,0,0,0
1537,1811,47529250,47352125,22257,7917,87,7922,0,0,-18,0,-18,1,1,1,960,544.56,960,544.56,0,0,0,0,0,0,0,0
1538,1812,55688455,54349709,22345,7917,87,7922,0,0,-18,0,-18,1,1,1,960,544.56,960,544.56,0,0,0,0,0,0,0,0
1539,1813,62358580,63669042,22373,7917,90,7922,0,0,-18,0,-18,1,1,1,960,544.56,960,544.56,0,0,0,0,0,0,0,0
1540,1814,67573711,63919417,22821,7917,87,7922,0,0,-18,0,-18,1,1,1,960,544.56,960,544.56,0,0,0,0,0,0,0,0
1541,1815,62013082,65641625,22625,7917,87,7922,0,0,-18,0,-18,1,1,1,960,544.56,960,544.56,0,0,0,0,0,0,0,0
1542,1816,63055127,61513667,22257,7917,87,7922,0,0,-18,0,-18,1,1,1,960,544.56,960,544.56,0,0,0,0,0,0,0,0
1543,1817,52874334,54278875,22373,7917,87,7922,0,0,-18,0,-18,1,1,1,960,544.56,960,544.56,0,0,0,0,0,0,0,0
1544,1818,55649410,54372541,22345,7917,87,7922,0,0,-18,0,-18,1,1,1,960,544.56,960,544.56,0,0,0,0,0,0,0,0
1545,1819,50844211,52213583,22321,7917,87,7922,0,0,-18,0,-18,1,1,1,960,544.56,960,544.56,0,0,0,0,0,0,0,0
1546,1820,59180412,57744833,22257,7918,88,7923,0,0,-18,0,-18,1,1,1,960,544.56,960,544.56,0,0,0,0,0,0,0,0
1547,1821,52957914,54340125,22461,7917,90,7922,0,0,-18,0,-18,1,1,1,960,544.56,960,544.56,0,0,0,0,0,0,0,0
1548,1822,53222004,51867875,22257,7917,87,7922,0,0,-18,0,-18,1,1,1,960,544.56,960,544.56,0,0,0,0,0,0,0,0
1549,1823,55097497,54716958,22885,7917,87,7922,0,0,-18,0,-18,1,1,1,960,544.56,960,544.56,0,0,0,0,0,0,0,0
1550,1824,51678005,52009167,22561,7917,87,7922,0,0,-18,0,-18,1,1,1,960,544.56,960,544.56,0,0,0,0,0,0,0,0
1551,1825,50729166,52086000,22373,7917,87,7922,0,0,-18,0,-18,1,1,1,960,544.56,960,544.56,0,0,0,0,0,0,0,0
1552,1826,56364584,54840959,22257,7917,87,7922,0,0,-18,0,-18,1,1,1,960,544.56,960,544.56,0,0,0,0,0,0,0,0
1553,1827,52439454,53935250,22409,7917,87,7922,0,0,-18,0,-18,1,1,1,960,544.56,960,544.56,0,0,0,0,0,0,0,0
1554,1828,56347958,54903959,22257,7917,87,7922,0,0,-18,0,-18,1,1,1,960,544.56,960,544.56,0,0,0,0,0,0,0,0
1555,1829,53662661,54908459,22373,7917,87,7922,0,0,-18,0,-18,1,1,1,960,544.56,960,544.56,0,0,0,0,0,0,0,0
1556,1830,57060755,55811916,22345,7917,87,7922,0,0,-18,0,-18,1,1,1,960,544.56,960,544.56,0,0,0,0,0,0,0,0
1557,1831,50004329,51379125,22321,7917,90,7922,0,0,-18,0,-18,1,1,1,960,544.56,960,544.56,0,0,0,0,0,0,0,0
1558,1832,52565794,49904042,22821,7917,87,7922,0,0,-18,0,-18,1,1,1,960,544.56,960,544.56,0,0,0,0,0,0,0,0
1559,1833,44395498,47009167,22677,7917,87,7922,0,0,-18,0,-18,1,1,1,960,544.56,960,544.56,0,0,0,0,0,0,0,0
1560,1834,43040703,43093250,22257,7917,87,7922,0,0,-18,0,-18,1,1,1,960,544.56,960,544.56,0,0,0,0,0,0,0,0
1561,1835,42327705,41221917,22257,7918,88,7923,0,0,-18,0,-18,1,1,1,960,544.56,960,544.56,0,0,0,0,0,0,0,0
1562,1836,36776918,37800792,22321,7917,87,7922,0,0,-18,0,-18,1,1,1,960,544.56,960,544.56,0,0,0,0,0,0,0,0
1563,1837,37016376,37031333,22345,7917,87,7922,0,0,-18,0,-18,1,1,1,960,544.56,960,544.56,0,0,0,0,0,0,0,0
1564,1838,38958374,37928708,22309,7917,87,7922,0,0,-18,0,-18,1,1,1,960,544.56,960,544.56,0,0,0,0,0,0,0,0
1565,1839,38153082,39163333,22321,7917,87,7922,0,0,-18,0,-18,1,1,1,960,544.56,960,544.56,0,0,0,0,0,0,0,0
1566,1840,40540456,40447959,22257,7917,87,7922,0,0,-18,0,-18,1,1,1,960,544.56,960,544.56,0,0,0,0,0,0,0,0
1567,1841,43619371,42557000,22345,7917,87,7922,0,0,-18,0,-18,1,1,1,960,544.56,960,544.56,0,0,0,0,0,0,0,0
1568,1842,39158333,40272959,22321,7917,90,7922,0,0,-18,0,-18,1,1,1,960,544.56,960,544.56,0,0,0,0,0,0,0,0
1569,1843,40157001,40108250,22309,7917,87,7922,0,0,-18,0,-18,1,1,1,960,544.56,960,544.56,0,0,0,0,0,0,0,0
1570,1844,41877500,39923125,22821,7917,87,7922,0,0,-18,0,-18,1,1,1,960,544.56,960,544.56,0,0,0,0,0,0,0,0
1571,1845,38219995,40155500,22625,7917,87,7922,0,0,-18,0,-18,1,1,1,960,544.56,960,544.56,0,0,0,0,0,0,0,0
1572,1846,38237210,38204750,22257,7917,87,7922,0,0,-18,0,-18,1,1,1,960,544.56,960,544.56,0,0,0,0,0,0,0,0
1573,1847,40983334,39900542,22257,7917,87,7922,0,0,-18,0,-18,1,1,1,960,544.56,960,544.56,0,0,0,0,0,0,0,0
1574,1848,39101749,40101250,22321,7917,87,7922,0,0,-18,0,-18,1,1,1,960,544.56,960,544.56,0,0,0,0,0,0,0,0
1575,1849,38699753,38743000,22397,7917,87,7922,0,0,-18,0,-18,1,1,1,960,544.56,960,544.56,0,0,0,0,0,0,0,0
1576,1850,41820790,40482459,22257,7918,88,7923,0,0,-18,0,-18,1,1,1,960,544.56,960,544.56,0,0,0,0,0,0,0,0
1577,1851,41672166,42870792,22321,7917,87,7922,0,0,-18,0,-18,1,1,1,960,544.56,960,544.56,0,0,0,0,0,0,0,0
1578,1852,43657463,43667125,22257,7917,87,7922,0,0,-18,0,-18,1,1,1,960,544.56,960,544.56,0,0,0,0,0,0,0,0
1579,1853,50656832,49238541,22345,7917,87,7922,0,0,-18,0,-18,1,1,1,960,544.56,960,544.56,0,0,0,0,0,0,0,0
1580,1854,49637962,51002750,22373,7917,90,7922,0,0,-18,0,-18,1,1,1,960,544.56,960,544.56,0,0,0,0,0,0,0,0
1581,1855,53337123,51573625,22257,7917,87,7922,0,0,-18,0,-18,1,1,1,960,544.56,960,544.56,0,0,0,0,0,0,0,0
1582,1856,64128622,63862625,22973,7917,87,7922,0,0,-18,0,-18,1,1,1,960,544.56,960,544.56,0,0,0,0,0,0,0,0
1583,1857,64627051,64574583,22473,7917,87,7922,0,0,-18,0,-18,1,1,1,960,544.56,960,544.56,0,0,0,0,0,0,0,0
1584,1858,64026750,65800917,22373,7917,87,7922,0,0,-18,0,-18,1,1,1,960,544.56,960,544.56,0,0,0,0,0,0,0,0
1585,1859,56248035,54895250,22345,7917,87,7922,0,0,-18,0,-18,1,1,1,960,544.56,960,544.56,0,0,0,0,0,0,0,0
1586,1860,53815498,55287792,22321,7917,87,7922,0,0,-18,0,-18,1,1,1,960,544.56,960,544.56,0,0,0,0,0,0,0,0
1587,1861,53753048,52229792,22257,7917,87,7922,0,0,-18,0,-18,1,1,1,960,544.56,960,544.56,0,0,0,0,0,0,0,0
1588,1862,58820288,60261583,22461,7917,87,7922,0,0,-18,0,-18,1,1,1,960,544.56,960,544.56,0,0,0,0,0,0,0,0
1589,1863,55304583,53834041,22257,7917,90,7922,0,0,-18,0,-18,1,1,1,960,544.56,960,544.56,0,0,0,0,0,0,0,0
1590,1864,52422378,52294792,22885,7917,87,7922,0,0,-18,0,-18,1,1,1,960,544.56,960,544.56,0,0,0,0,0,0,0,0
1591,1865,52657496,52146084,22561,7918,88,7923,0,0,-18,0,-18,1,1,1,960,544.56,960,544.56,0,0,0,0,0,0,0,0
1592,1866,53257044,55261708,22373,7917,87,7922,0,0,-18,0,-18,1,1,1,960,544.56,960,544.56,0,0,0,0,0,0,0,0
1593,1867,58386877,56871125,22257,7917,87,7922,0,0,-18,0,-18,1,1,1,960,544.56,960,544.56,0,0,0,0,0,0,0,0
1594,1868,53138911,54678167,22409,7917,87,7922,0,0,-18,0,-18,1,1,1,960,544.56,960,544.56,0,0,0,0,0,0,0,0
1595,1869,54903335,53199042,22257,7917,87,7922,0,0,-18,0,-18,1,1,1,960,544.56,960,544.56,0,0,0,0,0,0,0,0
1596,1870,55325083,56826209,22373,7917,87,7922,0,0,-18,0,-18,1,1,1,960,544.56,960,544.56,0,0,0,0,0,0,0,0
1597,1871,69724790,68069041,22345,7917,87,7922,0,0,-18,0,-18,1,1,1,960,544.56,960,544.56,0,0,0,0,0,0,0,0
1598,1872,56067794,57767250,22321,7917,90,7922,0,0,-18,0,-18,1,1,1,960,544.56,960,544.56,0,0,0,0,0,0,0,0
1599,1873,61741750,59009000,22821,7917,87,7922,0,0,-18,0,-18,1,1,1,960,544.56,960,544.56,0,0,0,0,0,0,0,0
1600,1874,54196249,56862000,22677,7917,87,7922,0,0,-18,0,-18,1,1,1,960,544.56,960,544.56,0,0,0,0,0,0,0,0
1601,1875,56528534,55097375,22257,7917,87,7922,0,0,-18,0,-18,1,1,1,960,544.56,960,544.56,0,0,0,0,0,0,0,0
1602,1876,57789709,59161208,22321,7917,87,7922,0,0,-18,0,-18,1,1,1,960,544.56,960,544.56,0,0,0,0,0,0,0,0
1603,1877,55434998,54102625,22345,7917,87,7922,0,0,-18,0,-18,1,1,1,960,544.56,960,544.56,0,0,0,0,0,0,0,0
1604,1878,49335997,50703000,22373,7917,87,7922,0,0,-18,0,-18,1,1,1,960,544.56,960,544.56,0,0,0,0,0,0,0,0
1605,1879,49079090,49088708,22257,7917,87,7922,0,0,-18,0,-18,1,1,1,960,544.56,960,544.56,0,0,0,0,0,0,0,0
1606,1880,45520208,44341416,22345,7918,88,7923,0,0,-18,0,-18,1,1,1,960,544.56,960,544.56,0,0,0,0,0,0,0,0
1607,1881,41377417,42571750,22321,7917,90,7922,0,0,-18,0,-18,1,1,1,960,544.56,960,544.56,0,0,0,0,0,0,0,0
1608,1882,38642246,38628458,22257,7917,87,7922,0,0,-18,0,-18,1,1,1,960,544.56,960,544.56,0,0,0,0,0,0,0,0
1609,1883,39500538,37513459,22873,7917,87,7922,0,0,-18,0,-18,1,1,1,960,544.56,960,544.56,0,0,0,0,0,0,0,0
1610,1884,35150084,37113375,22625,7917,87,7922,0,0,-18,0,-18,1,1,1,960,544.56,960,544.56,0,0,0,0,0,0,0,0
1611,1885,37853792,37808166,22257,7917,87,7922,0,0,-18,0,-18,1,1,1,960,544.56,960,544.56,0,0,0,0,0,0,0,0
1612,1886,44859666,43322417,22459,7917,87,7922,0,0,-18,0,-18,1,1,1,960,544.56,960,544.56,0,0,0,0,0,0,0,0
1613,1887,43370336,44784000,22321,7917,87,7922,0,0,-18,0,-18,1,1,1,960,544.56,960,544.56,0,0,0,0,0,0,0,0
1614,1888,44331334,44254875,22397,7917,87,7922,0,0,-18,0,-18,1,1,1,960,544.56,960,544.56,0,0,0,0,0,0,0,0
1615,1889,44997539,43719000,22257,7917,87,7922,0,0,-18,0,-18,1,1,1,960,544.56,960,544.56,0,0,0,0,0,0,0,0
1616,1890,51002416,52251625,22321,7917,87,7922,0,0,-18,0,-18,1,1,1,960,544.56,960,544.56,0,0,0,0,0,0,0,0
1617,1891,56252330,54414542,22257,7917,87,7922,0,0,-18,0,-18,1,1,1,960,544.56,960,544.56,0,0,0,0,0,0,0,0
1618,1892,66692002,68466917,22409,7917,87,7922,0,0,-18,0,-18,1,1,1,960,544.56,960,544.56,0,0,0,0,0,0,0,0
1619,1893,67957460,64608167,22873,7917,90,7922,0,0,-18,0,-18,1,1,1,960,544.56,960,544.56,0,0,0,0,0,0,0,0
1620,1894,61750743,64979250,22537,7917,87,7922,0,0,-18,0,-18,1,1,1,960,544.56,960,544.56,0,0,0,0,0,0,0,0
1621,1895,65418832,64007042,22345,7918,88,7923,0,0,-18,0,-18,1,1,1,960,544.56,960,544.56,0,0,0,0,0,0,0,0
1622,1896,52651040,54102208,22321,7917,87,7922,0,0,-18,0,-18,1,1,1,960,544.56,960,544.56,0,0,0,0,0,0,0,0
1623,1897,56311339,54675750,22309,7917,87,7922,0,0,-18,0,-18,1,1,1,960,544.56,960,544.56,0,0,0,0,0,0,0,0
1624,1898,53866829,55450875,22409,7917,87,7922,0,0,-18,0,-18,1,1,1,960,544.56,960,544.56,0,0,0,0,0,0,0,0
1625,1899,58350536,56889917,22257,7917,87,7922,0,0,-18,0,-18,1,1,1,960,544.56,960,544.56,0,0,0,0,0,0,0,0
1626,1900,61645712,62953708,22321,7917,87,7922,0,0,-18,0,-18,1,1,1,960,544.56,960,544.56,0,0,0,0,0,0,0,0
1627,1901,56420996,55095375,22397,7917,90,7922,0,0,-18,0,-18,1,1,1,960,544.56,960,544.56,0,0,0,0,0,0,0,0
1628,1902,52491504,52400750,22885,7917,87,7922,0,0,-18,0,-18,1,1,1,960,544.56,960,544.56,0,0,0,0,0,0,0,0
1629,1903,52507709,52186875,22473,7917,87,7922,0,0,-18,0,-18,1,1,1,960,544.56,960,544.56,0,0,0,0,0,0,0,0
1630,1904,52816871,54554833,22707,7917,87,7922,0,0,-18,0,-18,1,1,1,960,544.56,960,544.56,0,0,0,0,0,0,0,0
1631,1905,53900040,52535875,22309,7917,87,7922,0,0,-18,0,-18,1,1,1,960,544.56,960,544.56,0,0,0,0,0,0,0,0
1632,1906,51458582,52780459,22321,7917,87,7922,0,0,-18,0,-18,1,1,1,960,544.56,960,544.56,0,0,0,0,0,0,0,0
1633,1907,53722128,52361208,22345,7917,87,7922,0,0,-18,0,-18,1,1,1,960,544.56,960,544.56,0,0,0,0,0,0,0,0
1634,1908,50674624,51990708,22321,7917,87,7922,0,0,-18,0,-18,1,1,1,960,544.56,960,544.56,0,0,0,0,0,0,0,0
1635,1909,57040207,55542042,22309,7917,87,7922,0,0,-18,0,-18,1,1,1,960,544.56,960,544.56,0,0,0,0,0,0,0,0
1636,1910,50907205,52238458,22409,7918,91,7923,0,0,-18,0,-18,1,1,1,960,544.56,960,544.56,0,0,0,0,0,0,0,0
1637,1911,55206336,52725292,22257,7917,87,7922,0,0,-18,0,-18,1,1,1,960,544.56,960,544.56,0,0,0,0,0,0,0,0
1638,1912,49426537,51836834,23101,7917,87,7922,0,0,-18,0,-18,1,1,1,960,544.56,960,544.56,0,0,0,0,0,0,0,0
1639,1913,52574127,51322791,22397,7917,87,7922,0,0,-18,0,-18,1,1,1,960,544.56,960,544.56,0,0,0,0,0,0,0,0
1640,1914,43503459,44960500,22321,7917,87,7922,0,0,-18,0,-18,1,1,1,960,544.56,960,544.56,0,0,0,0,0,0,0,0
1641,1915,42956873,42918500,22257,7917,87,7922,0,0,-18,0,-18,1,1,1,960,544.56,960,544.56,0,0,0,0,0,0,0,0
1642,1916,43133128,41878083,22257,7917,87,7922,0,0,-18,0,-18,1,1,1,960,544.56,960,544.56,0,0,0,0,0,0,0,0
1643,1917,41444372,42655666,22409,7917,87,7922,0,0,-18,0,-18,1,1,1,960,544.56,960,544.56,0,0,0,0,0,0,0,0
1644,1918,40470834,40469292,22309,7917,87,7922,0,0,-18,0,-18,1,1,1,960,544.56,960,544.56,0,0,0,0,0,0,0,0
1645,1919,43033290,41967959,22257,7917,87,7922,0,0,-18,0,-18,1,1,1,960,544.56,960,544.56,0,0,0,0,0,0,0,0
1646,1920,37619665,38592125,22321,7917,90,7922,0,0,-18,0,-18,1,1,1,960,544.56,960,544.56,0,0,0,0,0,0,0,0
1647,1921,38974922,38941709,22345,7917,87,7922,0,0,-18,0,-18,1,1,1,960,544.56,960,544.56,0,0,0,0,0,0,0,0
1648,1922,40295246,39300958,22257,7917,87,7922,0,0,-18,0,-18,1,1,1,960,544.56,960,544.56,0,0,0,0,0,0,0,0
1649,1923,39987586,39908208,22885,7917,87,7922,0,0,-18,0,-18,1,1,1,960,544.56,960,544.56,0,0,0,0,0,0,0,0
1650,1924,39641872,40685042,22525,7917,87,7922,0,0,-18,0,-18,1,1,1,960,544.56,960,544.56,0,0,0,0,0,0,0,0
1651,1925,40101338,38924625,22345,7918,88,7923,0,0,-18,0,-18,1,1,1,960,544.56,960,544.56,0,0,0,0,0,0,0,0
1652,1926,38933292,40132417,22321,7917,87,7922,0,0,-18,0,-18,1,1,1,960,544.56,960,544.56,0,0,0,0,0,0,0,0
1653,1927,40059041,40026000,22257,7917,87,7922,0,0,-18,0,-18,1,1,1,960,544.56,960,544.56,0,0,0,0,0,0,0,0
1654,1928,39536997,38417875,22257,7917,87,7922,0,0,-18,0,-18,1,1,1,960,544.56,960,544.56,0,0,0,0,0,0,0,0
1655,1929,39392877,40496209,22409,7917,87,7922,0,0,-18,0,-18,1,1,1,960,544.56,960,544.56,0,0,0,0,0,0,0,0
1656,1930,38652416,38627625,22309,7917,87,7922,0,0,-18,0,-18,1,1,1,960,544.56,960,544.56,0,0,0,0,0,0,0,0
1657,1931,43249078,41190000,22257,7917,87,7922,0,0,-18,0,-18,1,1,1,960,544.56,960,544.56,0,0,0,0,0,0,0,0
1658,1932,46904798,48841834,22321,7917,87,7922,0,0,-18,0,-18,1,1,1,960,544.56,960,544.56,0,0,0,0,0,0,0,0
1659,1933,44569827,44591375,22345,7917,90,7922,0,0,-18,0,-18,1,1,1,960,544.56,960,544.56,0,0,0,0,0,0,0,0
1660,1934,45547503,44101458,22257,7917,87,7922,0,0,-18,0,-18,1,1,1,960,544.56,960,544.56,0,0,0,0,0,0,0,0
1661,1935,51398992,51313584,22937,7917,87,7922,0,0,-18,0,-18,1,1,1,960,544.56,960,544.56,0,0,0,0,0,0,0,0
1662,1936,52087210,51625625,22473,7917,87,7922,0,0,-18,0,-18,1,1,1,960,544.56,960,544.56,0,0,0,0,0,0,0,0
1663,1937,56277960,57980375,22409,7917,87,7922,0,0,-18,0,-18,1,1,1,960,544.56,960,544.56,0,0,0,0,0,0,0,0
1664,1938,66984161,65129375,22257,7917,87,7922,0,0,-18,0,-18,1,1,1,960,544.56,960,544.56,0,0,0,0,0,0,0,0
1665,1939,60669962,62494375,22373,7917,87,7922,0,0,-18,0,-18,1,1,1,960,544.56,960,544.56,0,0,0,0,0,0,0,0
1666,1940,58660373,57371625,22345,7918,88,7923,0,0,-18,0,-18,1,1,1,960,544.56,960,544.56,0,0,0,0,0,0,0,0
1667,1941,63870832,65135042,22321,7917,87,7922,0,0,-18,0,-18,1,1,1,960,544.56,960,544.56,0,0,0,0,0,0,0,0
1668,1942,58381959,56905375,22257,7917,90,7922,0,0,-18,0,-18,1,1,1,960,544.56,960,544.56,0,0,0,0,0,0,0,0
1669,1943,55274497,56752500,22461,7917,87,7922,0,0,-18,0,-18,1,1,1,960,544.56,960,544.56,0,0,0,0,0,0,0,0
1670,1944,61273589,58080500,22821,7917,87,7922,0,0,-18,0,-18,1,1,1,960,544.56,960,544.56,0,0,0,0,0,0,0,0
1671,1945,53669869,56524709,22537,7917,87,7922,0,0,-18,0,-18,1,1,1,960,544.56,960,544.56,0,0,0,0,0,0,0,0
1672,1946,61081375,59926750,22345,7917,87,7922,0,0,-18,0,-18,1,1,1,960,544.56,960,544.56,0,0,0,0,0,0,0,0
1673,1947,53247626,54399709,22373,7917,87,7922,0,0,-18,0,-18,1,1,1,960,544.56,960,544.56,0,0,0,0,0,0,0,0
1674,1948,58310706,56997291,22257,7917,87,7922,0,0,-18,0,-18,1,1,1,960,544.56,960,544.56,0,0,0,0,0,0,0,0
1675,1949,53566247,55112875,22409,7917,87,7922,0,0,-18,0,-18,1,1,1,960,544.56,960,544.56,0,0,0,0,0,0,0,0
1676,1950,63174173,61667125,22257,7917,87,7922,0,0,-18,0,-18,1,1,1,960,544.56,960,544.56,0,0,0,0,0,0,0,0
1677,1951,52683666,54031916,22373,7917,90,7922,0,0,-18,0,-18,1,1,1,960,544.56,960,544.56,0,0,0,0,0,0,0,0
1678,1952,55396500,52724875,22909,7917,87,7922,0,0,-18,0,-18,1,1,1,960,544.56,960,544.56,0,0,0,0,0,0,0,0
1679,1953,49541622,52249792,22537,7917,87,7922,0,0,-18,0,-18,1,1,1,960,544.56,960,544.56,0,0,0,0,0,0,0,0
1680,1954,53505994,51968708,22257,7917,87,7922,0,0,-18,0,-18,1,1,1,960,544.56,960,544.56,0,0,0,0,0,0,0,0
1681,1955,50235457,51660959,22461,7918,88,7923,0,0,-18,0,-18,1,1,1,960,544.56,960,544.56,0,0,0,0,0,0,0,0
1682,1956,45255463,45410000,22257,7917,87,7922,0,0,-18,0,-18,1,1,1,960,544.56,960,544.56,0,0,0,0,0,0,0,0
1683,1957,43462704,42270458,22257,7917,87,7922,0,0,-18,0,-18,1,1,1,960,544.56,960,544.56,0,0,0,0,0,0,0,0
1684,1958,41395962,42507375,22321,7917,87,7922,0,0,-18,0,-18,1,1,1,960,544.56,960,544.56,0,0,0,0,0,0,0,0
1685,1959,42423412,42444625,22345,7917,87,7922,0,0,-18,0,-18,1,1,1,960,544.56,960,544.56,0,0,0,0,0,0,0,0
1686,1960,42986501,41951750,22309,7917,87,7922,0,0,-18,0,-18,1,1,1,960,544.56,960,544.56,0,0,0,0,0,0,0,0
1687,1961,37478208,38515459,22321,7917,90,7922,0,0,-18,0,-18,1,1,1,960,544.56,960,544.56,0,0,0,0,0,0,0,0
1688,1962,39601955,39543917,22257,7917,87,7922,0,0,-18,0,-18,1,1,1,960,544.56,960,544.56,0,0,0,0,0,0,0,0
1689,1963,41409417,40369750,22345,7917,87,7922,0,0,-18,0,-18,1,1,1,960,544.56,960,544.56,0,0,0,0,0,0,0,0
1690,1964,41001878,40919500,22885,7917,87,7922,0,0,-18,0,-18,1,1,1,960,544.56,960,544.56,0,0,0,0,0,0,0,0
1691,1965,37876792,38931584,22525,7917,87,7922,0,0,-18,0,-18,1,1,1,960,544.56,960,544.56,0,0,0,0,0,0,0,0
1692,1966,40821909,39769792,22257,7917,87,7922,0,0,-18,0,-18,1,1,1,960,544.56,960,544.56,0,0,0,0,0,0,0,0
1693,1967,39241544,40313792,22409,7917,87,7922,0,0,-18,0,-18,1,1,1,960,544.56,960,544.56,0,0,0,0,0,0,0,0
1694,1968,38490332,38464000,22257,7917,87,7922,0,0,-18,0,-18,1,1,1,960,544.56,960,544.56,0,0,0,0,0,0,0,0
1695,1969,41291743,40210625,22257,7917,87,7922,0,0,-18,0,-18,1,1,1,960,544.56,960,544.56,0,0,0,0,0,0,0,0
1696,1970,38658920,39658291,22321,7918,88,7923,0,0,-18,0,-18,1,1,1,960,544.56,960,544.56,0,0,0,0,0,0,0,0
1697,1971,38361169,38402250,22397,7917,87,7922,0,0,-18,0,-18,1,1,1,960,544.56,960,544.56,0,0,0,0,0,0,0,0
1698,1972,41898164,40652459,22257,7917,87,7922,0,0,-18,0,-18,1,1,1,960,544.56,960,544.56,0,0,0,0,0,0,0,0
1699,1973,43149080,44371500,22321,7917,87,7922,0,0,-18,0,-18,1,1,1,960,544.56,960,544.56,0,0,0,0,0,0,0,0
1700,1974,40282625,40221916,22257,7917,90,7922,0,0,-18,0,-18,1,1,1,960,544.56,960,544.56,0,0,0,0,0,0,0,0
1701,1975,39756879,38667500,22345,7917,87,7922,0,0,-18,0,-18,1,1,1,960,544.56,960,544.56,0,0,0,0,0,0,0,0
1702,1976,42348369,41852458,22937,7917,87,7922,0,0,-18,0,-18,1,1,1,960,544.56,960,544.56,0,0,0,0,0,0,0,0
1703,1977,43007966,44509416,22473,7917,87,7922,0,0,-18,0,-18,1,1,1,960,544.56,960,544.56,0,0,0,0,0,0,0,0
1704,1978,45366290,44054167,22257,7917,87,7922,0,0,-18,0,-18,1,1,1,960,544.56,960,544.56,0,0,0,0,0,0,0,0
1705,1979,43525412,44524292,22409,7917,87,7922,0,0,-18,0,-18,1,1,1,960,544.56,960,544.56,0,0,0,0,0,0,0,0
1706,1980,52478123,52557416,22257,7917,87,7922,0,0,-18,0,-18,1,1,1,960,544.56,960,544.56,0,0,0,0,0,0,0,0
1707,1981,64231336,62406833,22309,7917,87,7922,0,0,-18,0,-18,1,1,1,960,544.56,960,544.56,0,0,0,0,0,0,0,0
1708,1982,66336959,67991125,22409,7917,87,7922,0,0,-18,0,-18,1,1,1,960,544.56,960,544.56,0,0,0,0,0,0,0,0
1709,1983,73810994,71667250,22257,7917,87,7922,0,0,-18,0,-18,1,1,1,960,544.56,960,544.56,0,0,0,0,0,0,0,0
1710,1984,63022501,65123959,22373,7917,90,7922,0,0,-18,0,-18,1,1,1,960,544.56,960,544.56,0,0,0,0,0,0,0,0
1711,1985,69248668,66056125,22909,7918,88,7923,0,0,-18,0,-18,1,1,1,960,544.56,960,544.56,0,0,0,0,0,0,0,0
1712,1986,61447959,64695542,22537,7917,87,7922,0,0,-18,0,-18,1,1,1,960,544.56,960,544.56,0,0,0,0,0,0,0,0
1713,1987,58475460,56542167,22257,7917,87,7922,0,0,-18,0,-18,1,1,1,960,544.56,960,544.56,0,0,0,0,0,0,0,0
1714,1988,50164207,52130167,22461,7917,87,7922,0,0,-18,0,-18,1,1,1,960,544.56,960,544.56,0,0,0,0,0,0,0,0
1715,1989,54365251,52650833,22257,7917,87,7922,0,0,-18,0,-18,1,1,1,960,544.56,960,544.56,0,0,0,0,0,0,0,0
1716,1990,49582913,51100166,22321,7917,87,7922,0,0,-18,0,-18,1,1,1,960,544.56,960,544.56,0,0,0,0,0,0,0,0
1717,1991,52277244,50830083,22345,7917,87,7922,0,0,-18,0,-18,1,1,1,960,544.56,960,544.56,0,0,0,0,0,0,0,0
1718,1992,52038047,53637708,22373,7917,87,7922,0,0,-18,0,-18,1,1,1,960,544.56,960,544.56,0,0,0,0,0,0,0,0
1719,1993,52346747,50536625,22257,7917,90,7922,0,0,-18,0,-18,1,1,1,960,544.56,960,544.56,0,0,0,0,0,0,0,0
1720,1994,49041375,49108500,22973,7917,87,7922,0,0,-18,0,-18,1,1,1,960,544.56,960,544.56,0,0,0,0,0,0,0,0
1721,1995,51343999,51496000,22473,7917,87,7922,0,0,-18,0,-18,1,1,1,960,544.56,960,544.56,0,0,0,0,0,0,0,0
1722,1996,51165256,52515416,22373,7917,87,7922,0,0,-18,0,-18,1,1,1,960,544.56,960,544.56,0,0,0,0,0,0,0,0
1723,1997,52484374,51089417,22345,7917,87,7922,0,0,-18,0,-18,1,1,1,960,544.56,960,544.56,0,0,0,0,0,0,0,0
1724,1998,50289124,51684833,22321,7917,87,7922,0,0,-18,0,-18,1,1,1,960,544.56,960,544.56,0,0,0,0,0,0,0,0
1725,1999,54498873,53013083,22257,7917,87,7922,0,0,-18,0,-18,1,1,1,960,544.56,960,544.56,0,0,0,0,0,0,0,0
1726,2000,51849838,53360459,22461,7918,88,7923,0,0,-18,0,-18,1,1,1,960,544.56,960,544.56,0,0,0,0,0,0,0,0
1727,2001,55772498,54315541,22257,7917,87,7922,0,0,-18,0,-18,1,1,1,960,544.56,960,544.56,0,0,0,0,0,0,0,0
1728,2002,59007413,60126750,22321,7917,90,7922,0,0,-18,0,-18,1,1,1,960,544.56,960,544.56,0,0,0,0,0,0,0,0
1729,2003,62439464,60110875,22909,7917,87,7922,0,0,-18,0,-18,1,1,1,960,544.56,960,544.56,0,0,0,0,0,0,0,0
1730,2004,48521209,51017541,22589,7917,87,7922,0,0,-18,0,-18,1,1,1,960,544.56,960,544.56,0,0,0,0,0,0,0,0
1731,2005,52023496,50529500,22257,7917,87,7922,0,0,-18,0,-18,1,1,1,960,544.56,960,544.56,0,0,0,0,0,0,0,0
1732,2006,47869041,49433041,22409,7917,87,7922,0,0,-18,0,-18,1,1,1,960,544.56,960,544.56,0,0,0,0,0,0,0,0
1733,2007,42199462,42177458,22257,7917,87,7922,0,0,-18,0,-18,1,1,1,960,544.56,960,544.56,0,0,0,0,0,0,0,0
1734,2008,42552955,41502125,22257,7917,87,7922,0,0,-18,0,-18,1,1,1,960,544.56,960,544.56,0,0,0,0,0,0,0,0
1735,2009,36726750,37689458,22373,7917,87,7922,0,0,-18,0,-18,1,1,1,960,544.56,960,544.56,0,0,0,0,0,0,0,0
1736,2010,37579081,37654583,22345,7917,87,7922,0,0,-18,0,-18,1,1,1,960,544.56,960,544.56,0,0,0,0,0,0,0,0
1737,2011,41273709,39994875,22257,7917,87,7922,0,0,-18,0,-18,1,1,1,960,544.56,960,544.56,0,0,0,0,0,0,0,0
1738,2012,38916248,40168875,22321,7917,90,7922,0,0,-18,0,-18,1,1,1,960,544.56,960,544.56,0,0,0,0,0,0,0,0
1739,2013,40632419,40534041,22257,7917,87,7922,0,0,-18,0,-18,1,1,1,960,544.56,960,544.56,0,0,0,0,0,0,0,0
1740,2014,39845626,38692750,22345,7917,87,7922,0,0,-18,0,-18,1,1,1,960,544.56,960,544.56,0,0,0,0,0,0,0,0
1741,2015,39995159,40081375,22937,7918,88,7923,0,0,-18,0,-18,1,1,1,960,544.56,960,544.56,0,0,0,0,0,0,0,0
1742,2016,39142459,40248167,22473,7917,87,7922,0,0,-18,0,-18,1,1,1,960,544.56,960,544.56,0,0,0,0,0,0,0,0
1743,2017,40973208,39820958,22257,7917,87,7922,0,0,-18,0,-18,1,1,1,960,544.56,960,544.56,0,0,0,0,0,0,0,0
1744,2018,37062756,38180875,22409,7917,87,7922,0,0,-18,0,-18,1,1,1,960,544.56,960,544.56,0,0,0,0,0,0,0,0
1745,2019,38935415,38861541,22257,7917,87,7922,0,0,-18,0,-18,1,1,1,960,544.56,960,544.56,0,0,0,0,0,0,0,0
1746,2020,40524538,39368958,22257,7917,87,7922,0,0,-18,0,-18,1,1,1,960,544.56,960,544.56,0,0,0,0,0,0,0,0
1747,2021,37794664,38872125,22373,7917,87,7922,0,0,-18,0,-18,1,1,1,960,544.56,960,544.56,0,0,0,0,0,0,0,0
1748,2022,40144920,40192708,22345,7917,87,7922,0,0,-18,0,-18,1,1,1,960,544.56,960,544.56,0,0,0,0,0,0,0,0
1749,2023,46615626,45414458,22257,7917,87,7922,0,0,-18,0,-18,1,1,1,960,544.56,960,544.56,0,0,0,0,0,0,0,0
1750,2024,47998249,49087041,22321,7917,87,7922,0,0,-18,0,-18,1,1,1,960,544.56,960,544.56,0,0,0,0,0,0,0,0
1751,2025,44783957,44643792,22257,7917,90,7922,0,0,-18,0,-18,1,1,1,960,544.56,960,544.56,0,0,0,0,0,0,0,0
1752,2026,51626212,50066875,22397,7917,87,7922,0,0,-18,0,-18,1,1,1,960,544.56,960,544.56,0,0,0,0,0,0,0,0
1753,2027,51594708,51804959,22885,7917,87,7922,0,0,-18,0,-18,1,1,1,960,544.56,960,544.56,0,0,0,0,0,0,0,0
1754,2028,61745833,61018583,22473,7917,87,7922,0,0,-18,0,-18,1,1,1,960,544.56,960,544.56,0,0,0,0,0,0,0,0
1755,2029,60222744,62310750,22409,7917,87,7922,0,0,-18,0,-18,1,1,1,960,544.56,960,544.56,0,0,0,0,0,0,0,0
1756,2030,61308879,59610083,22309,7918,88,7923,0,0,-18,0,-18,1,1,1,960,544.56,960,544.56,0,0,0,0,0,0,0,0
1757,2031,57006541,58484792,22321,7917,87,7922,0,0,-18,0,-18,1,1,1,960,544.56,960,544.56,0,0,0,0,0,0,0,0
1758,2032,59096038,57202084,22345,7917,87,7922,0,0,-18,0,-18,1,1,1,960,544.56,960,544.56,0,0,0,0,0,0,0,0
1759,2033,59831582,61842167,22321,7917,87,7922,0,0,-18,0,-18,1,1,1,960,544.56,960,544.56,0,0,0,0,0,0,0,0
1760,2034,57416297,55822834,22309,7917,90,7922,0,0,-18,0,-18,1,1,1,960,544.56,960,544.56,0,0,0,0,0,0,0,0
1761,2035,54017581,54079666,22973,7917,87,7922,0,0,-18,0,-18,1,1,1,960,544.56,960,544.56,0,0,0,0,0,0,0,0
1762,2036,54398413,54355208,22473,7917,87,7922,0,0,-18,0,-18,1,1,1,960,544.56,960,544.56,0,0,0,0,0,0,0,0
1763,2037,52762918,54159875,22321,7917,87,7922,0,0,-18,0,-18,1,1,1,960,544.56,960,544.56,0,0,0,0,0,0,0,0
1764,2038,54806541,53457667,22397,7917,87,7922,0,0,-18,0,-18,1,1,1,960,544.56,960,544.56,0,0,0,0,0,0,0,0
1765,2039,50938796,52344125,22321,7917,87,7922,0,0,-18,0,-18,1,1,1,960,544.56,960,544.56,0,0,0,0,0,0,0,0
1766,2040,53490292,51719250,22257,7917,87,7922,0,0,-18,0,-18,1,1,1,960,544.56,960,544.56,0,0,0,0,0,0,0,0
1767,2041,50729081,52354791,22409,7917,87,7922,0,0,-18,0,-18,1,1,1,960,544.56,960,544.56,0,0,0,0,0,0,0,0
1768,2042,54675582,53214959,22309,7915,87,7920,0,0,-18,0,-18,1,1,1,960,544.56,960,544.56,0,0,0,0,0,0,0,0
1769,2043,46936672,48403708,22321,7917,90,7922,0,0,-18,0,-18,1,1,1,960,544.56,960,544.56,0,0,0,0,0,0,0,0
1770,2044,49863122,49882625,22345,7917,87,7922,0,0,-18,0,-18,1,1,1,960,544.56,960,544.56,0,0,0,0,0,0,0,0
1771,2045,54767537,52181458,22821,7918,88,7923,0,0,-18,0,-18,1,1,1,960,544.56,960,544.56,0,0,0,0,0,0,0,0
1772,2046,49759835,52228417,22589,7917,87,7922,0,0,-18,0,-18,1,1,1,960,544.56,960,544.56,0,0,0,0,0,0,0,0
1773,2047,54131668,52462875,22345,7917,87,7922,0,0,-18,0,-18,1,1,1,960,544.56,960,544.56,0,0,0,0,0,0,0,0
1774,2048,50075042,51766791,22321,7917,87,7922,0,0,-18,0,-18,1,1,1,960,544.56,960,544.56,0,0,0,0,0,0,0,0
1775,2049,53162373,51658208,22257,7917,87,7922,0,0,-18,0,-18,1,1,1,960,544.56,960,544.56,0,0,0,0,0,0,0,0
1776,2050,49885544,51338000,22461,7917,87,7922,0,0,-18,0,-18,1,1,1,960,544.56,960,544.56,0,0,0,0,0,0,0,0
1777,2051,51709409,50242958,22257,7917,87,7922,0,0,-18,0,-18,1,1,1,960,544.56,960,544.56,0,0,0,0,0,0,0,0
1778,2052,51171462,52582667,22321,7917,87,7922,0,0,-18,0,-18,1,1,1,960,544.56,960,544.56,0,0,0,0,0,0,0,0
1779,2053,42801581,42875250,22345,7917,90,7922,0,0,-18,0,-18,1,1,1,960,544.56,960,544.56,0,0,0,0,0,0,0,0
1780,2054,44113080,42840583,22257,7917,87,7922,0,0,-18,0,-18,1,1,1,960,544.56,960,544.56,0,0,0,0,0,0,0,0
1781,2055,42544458,42564792,22937,7917,87,7922,0,0,-18,0,-18,1,1,1,960,544.56,960,544.56,0,0,0,0,0,0,0,0
1782,2056,41020713,42170292,22473,7917,87,7922,0,0,-18,0,-18,1,1,1,960,544.56,960,544.56,0,0,0,0,0,0,0,0
1783,2057,38256164,37267084,22345,7917,87,7922,0,0,-18,0,-18,1,1,1,960,544.56,960,544.56,0,0,0,0,0,0,0,0
1784,2058,36814831,37814833,22321,7917,87,7922,0,0,-18,0,-18,1,1,1,960,544.56,960,544.56,0,0,0,0,0,0,0,0
1785,2059,39212003,39209250,22257,7917,87,7922,0,0,-18,0,-18,1,1,1,960,544.56,960,544.56,0,0,0,0,0,0,0,0
1786,2060,38617040,37378667,22257,7918,88,7923,0,0,-18,0,-18,1,1,1,960,544.56,960,544.56,0,0,0,0,0,0,0,0
1787,2061,38762245,39966708,22461,7917,87,7922,0,0,-18,0,-18,1,1,1,960,544.56,960,544.56,0,0,0,0,0,0,0,0
1788,2062,39944585,39916291,22257,7917,87,7922,0,0,-18,0,-18,1,1,1,960,544.56,960,544.56,0,0,0,0,0,0,0,0
1789,2063,39164625,38115750,22257,7917,87,7922,0,0,-18,0,-18,1,1,1,960,544.56,960,544.56,0,0,0,0,0,0,0,0
1790,2064,42433246,43395917,22321,7917,87,7922,0,0,-18,0,-18,1,1,1,960,544.56,960,544.56,0,0,0,0,0,0,0,0
1791,2065,38349837,38418750,22345,7917,90,7922,0,0,-18,0,-18,1,1,1,960,544.56,960,544.56,0,0,0,0,0,0,0,0
1792,2066,41345331,40161000,22257,7917,87,7922,0,0,-18,0,-18,1,1,1,960,544.56,960,544.56,0,0,0,0,0,0,0,0
1793,2067,39724871,40848750,22373,7917,87,7922,0,0,-18,0,-18,1,1,1,960,544.56,960,544.56,0,0,0,0,0,0,0,0
1794,2068,39782878,38329041,22821,7917,87,7922,0,0,-18,0,-18,1,1,1,960,544.56,960,544.56,0,0,0,0,0,0,0,0
1795,2069,43888330,43973625,22561,7917,87,7922,0,0,-18,0,-18,1,1,1,960,544.56,960,544.56,0,0,0,0,0,0,0,0
1796,2070,42625587,43830000,22321,7917,87,7922,0,0,-18,0,-18,1,1,1,960,544.56,960,544.56,0,0,0,0,0,0,0,0
1797,2071,43699335,43748708,22257,7917,87,7922,0,0,-18,0,-18,1,1,1,960,544.56,960,544.56,0,0,0,0,0,0,0,0
1798,2072,52752416,50661667,22309,7917,87,7922,0,0,-18,0,-18,1,1,1,960,544.56,960,544.56,0,0,0,0,0,0,0,0
1799,2073,50844117,52603208,22409,7917,87,7922,0,0,-18,0,-18,1,1,1,960,544.56,960,544.56,0,0,0,0,0,0,0,0
