frame_index,read_frame_count,unscaled_delta_ns,main_thread_ns,gc_alloc_bytes,batches,set_pass_calls,draw_calls,engine_controller_update_ns,intended_cell_x,intended_cell_y,actual_cell_x,actual_cell_y,cell_match,input_checked,mouse_is_virtual,injected_x,injected_y,read_x,read_y,tnd_bench_t1_hover_ns,tnd_bench_t1_reclassify_ns,tnd_bench_t1_hoveredborder_ns,tnd_bench_t1_hoveredborderrebuild_ns,tnd_bench_t1_modeenter_ns,tnd_bench_t1_conquerui_ns,tnd_bench_s0_hover_ns,tnd_bench_s0_rebuild_ns
0,275,114353291,73213792,106833,0,0,0,0,-17,-18,-17,-18,1,1,1,182.86,230.19,182.86,230.19,0,0,0,0,0,0,1374166,1304416
1,276,67022077,69002208,27471,8174,88,8179,0,-17,-18,-17,-18,1,1,1,182.86,230.19,182.86,230.19,0,0,0,0,0,0,1032083,942750
2,277,49921125,48216125,26495,8173,90,8178,0,-17,-18,-17,-18,1,1,1,182.86,230.19,182.86,230.19,0,0,0,0,0,0,1125625,1010167
3,278,52194211,52624416,209734,8173,87,8178,0,-17,-18,-17,-18,1,1,1,182.86,230.19,182.86,230.19,0,0,0,0,0,0,1163042,1052917
4,279,48811707,48756625,24121,8173,87,8178,0,-17,-18,-17,-18,1,1,1,182.86,230.19,182.86,230.19,0,0,0,0,0,0,903750,810041
5,280,46133086,47491000,23933,8173,87,8178,0,-17,-18,-17,-18,1,1,1,182.86,230.19,182.86,230.19,0,0,0,0,0,0,728667,661708
6,281,51655918,51384833,23817,8173,87,8178,0,-17,-18,-17,-18,1,1,1,182.86,230.19,182.86,230.19,0,0,0,0,0,0,1012709,896333
7,282,57998914,56410459,23817,8173,87,8178,0,-17,-18,-17,-18,1,1,1,182.86,230.19,182.86,230.19,0,0,0,0,0,0,1041417,967667
8,283,54483957,56166625,23969,8173,87,8178,0,-17,-18,-17,-18,1,1,1,182.86,230.19,182.86,230.19,0,0,0,0,0,0,898208,823417
9,284,63094668,60966250,23869,8173,87,8178,0,-17,-18,-17,-18,1,1,1,182.86,230.19,182.86,230.19,0,0,0,0,0,0,860625,790750
10,285,66726073,68766542,23881,8173,87,8178,0,-17,-18,-17,-18,1,1,1,182.86,230.19,182.86,230.19,0,0,0,0,0,0,1141875,1032500
11,286,53584709,52173542,23905,8173,90,8178,0,-17,-18,-17,-18,1,1,1,182.86,230.19,182.86,230.19,0,0,0,0,0,0,869417,799542
12,287,49957334,50169167,24445,8173,87,8178,0,-16,-18,-16,-18,1,1,1,228.57,258.09,228.57,258.09,0,0,0,0,0,0,863875,786625
13,288,41322376,42576333,24085,8173,87,8178,0,-16,-18,-16,-18,1,1,1,228.57,258.09,228.57,258.09,0,0,0,0,0,0,749708,690208
14,289,39621874,38490417,23817,8173,87,8178,0,-16,-18,-16,-18,1,1,1,228.57,258.09,228.57,258.09,0,0,0,0,0,0,659084,597041
15,290,36193210,37376208,23969,8173,87,8178,0,-16,-18,-16,-18,1,1,1,228.57,258.09,228.57,258.09,0,0,0,0,0,0,623375,568625
16,291,34249495,34202791,23817,8174,88,8179,0,-16,-18,-16,-18,1,1,1,228.57,258.09,228.57,258.09,0,0,0,0,0,0,645208,591083
17,292,35121627,34122916,23817,8173,87,8178,0,-16,-18,-16,-18,1,1,1,228.57,258.09,228.57,258.09,0,0,0,0,0,0,728000,660500
18,293,33179618,34160875,23881,8173,87,8178,0,-16,-18,-16,-18,1,1,1,228.57,258.09,228.57,258.09,0,0,0,0,0,0,619375,562959
19,294,34420378,34343291,23869,8173,87,8178,0,-16,-18,-16,-18,1,1,1,228.57,258.09,228.57,258.09,0,0,0,0,0,0,618333,567458
20,295,36048702,35003917,23905,8173,87,8178,0,-16,-18,-16,-18,1,1,1,228.57,258.09,228.57,258.09,0,0,0,0,0,0,588417,527750
21,296,37908297,38799125,23881,8173,87,8178,0,-16,-18,-16,-18,1,1,1,228.57,258.09,228.57,258.09,0,0,0,0,0,0,701333,634166
22,297,33635664,33779417,23817,8173,90,8178,0,-16,-18,-16,-18,1,1,1,228.57,258.09,228.57,258.09,0,0,0,0,0,0,644375,579167
23,298,35305250,34324500,23817,8173,87,8178,0,-16,-18,-16,-18,1,1,1,228.57,258.09,228.57,258.09,0,0,0,0,0,0,603625,551917
24,299,34701041,35594458,23881,8173,87,8178,0,-15,-18,-15,-18,1,1,1,274.29,285.43,274.29,285.43,0,0,0,0,0,0,588292,530125
25,300,35900078,34904458,24521,8173,87,8178,0,-15,-18,-15,-18,1,1,1,274.29,285.43,274.29,285.43,0,0,0,0,0,0,578875,526166
26,301,36554336,36474625,24033,8173,87,8178,0,-15,-18,-15,-18,1,1,1,274.29,285.43,274.29,285.43,0,0,0,0,0,0,679166,592792
27,302,35005003,36092167,23881,8173,87,8178,0,-15,-18,-15,-18,1,1,1,274.29,285.43,274.29,285.43,0,0,0,0,0,0,640542,587708
28,303,43422874,43267167,23817,8173,87,8178,0,-15,-18,-15,-18,1,1,1,274.29,285.43,274.29,285.43,0,0,0,0,0,0,701667,633416
29,304,49404576,48053917,23905,8173,87,8178,0,-15,-18,-15,-18,1,1,1,274.29,285.43,274.29,285.43,0,0,0,0,0,0,726666,652500
30,305,50376296,51734458,23881,8173,87,8178,0,-15,-18,-15,-18,1,1,1,274.29,285.43,274.29,285.43,0,0,0,0,0,0,1001084,923958
31,306,53260203,51657875,23869,8174,88,8179,0,-15,-18,-15,-18,1,1,1,274.29,285.43,274.29,285.43,0,0,0,0,0,0,905459,819917
32,307,42422875,44054583,23969,8173,87,8178,0,-15,-18,-15,-18,1,1,1,274.29,285.43,274.29,285.43,0,0,0,0,0,0,707209,638625
33,308,41909128,41904708,23817,8173,87,8178,0,-15,-18,-15,-18,1,1,1,274.29,285.43,274.29,285.43,0,0,0,0,0,0,748750,687584
34,309,41783750,40550792,23817,8173,87,8178,0,-15,-18,-15,-18,1,1,1,274.29,285.43,274.29,285.43,0,0,0,0,0,0,779708,715292
35,310,37918418,39092041,23881,8173,90,8178,0,-15,-18,-15,-18,1,1,1,274.29,285.43,274.29,285.43,0,0,0,0,0,0,664916,602459
36,311,36059416,36121083,23957,8173,87,8178,0,-14,-18,-14,-18,1,1,1,320,311.82,320,311.82,0,0,0,0,0,0,637459,581875
37,312,43169416,40051541,24381,8173,87,8178,0,-14,-18,-14,-18,1,1,1,320,311.82,320,311.82,0,0,0,0,0,0,907250,870458
38,313,40908418,43747750,24097,8173,87,8178,0,-14,-18,-14,-18,1,1,1,320,311.82,320,311.82,0,0,0,0,0,0,701791,655208
39,314,45260127,45309041,23817,8173,87,8178,0,-14,-18,-14,-18,1,1,1,320,311.82,320,311.82,0,0,0,0,0,0,612333,575291
40,315,57859826,55270292,23905,8173,87,8178,0,-14,-18,-14,-18,1,1,1,320,311.82,320,311.82,0,0,0,0,0,0,751000,697834
41,316,69428920,71802083,23933,8173,87,8178,0,-14,-18,-14,-18,1,1,1,320,311.82,320,311.82,0,0,0,0,0,0,1267208,1201709
42,317,86644954,77272500,23817,8173,87,8178,0,-14,-18,-14,-18,1,1,1,320,311.82,320,311.82,0,0,0,0,0,0,973125,907625
43,318,71561165,80837917,23969,8173,87,8178,0,-14,-18,-14,-18,1,1,1,320,311.82,320,311.82,0,0,0,0,0,0,1247416,1177125
44,319,78276708,76363167,23869,8173,87,8178,0,-14,-18,-14,-18,1,1,1,320,311.82,320,311.82,0,0,0,0,0,0,1000375,926500
45,320,70027299,69997125,35487,8173,90,8178,0,-14,-18,-14,-18,1,1,1,320,311.82,320,311.82,0,0,0,0,0,0,1051875,988584
46,321,60713209,60792125,24121,8174,88,8179,0,-14,-18,-14,-18,1,1,1,320,311.82,320,311.82,0,0,0,0,0,0,1070042,988834
47,322,54931666,56895083,23933,8173,87,8178,0,-14,-18,-14,-18,1,1,1,320,311.82,320,311.82,0,0,0,0,0,0,812083,761958
48,323,49791786,48370208,23817,8173,87,8178,0,-13,-18,-13,-18,1,1,1,365.71,336.6,365.71,336.6,0,0,0,0,0,0,755625,705500
49,324,47009170,48317792,23969,8173,87,8178,0,-13,-18,-13,-18,1,1,1,365.71,336.6,365.71,336.6,0,0,0,0,0,0,781291,732375
50,325,46884708,46854333,23817,8173,87,8178,0,-13,-18,-13,-18,1,1,1,365.71,336.6,365.71,336.6,0,0,0,0,0,0,698125,653000
51,326,52752580,51002709,23869,8173,87,8178,0,-13,-18,-13,-18,1,1,1,365.71,336.6,365.71,336.6,0,0,0,0,0,0,702667,650625
52,327,58744963,60369042,23881,8173,87,8178,0,-13,-18,-13,-18,1,1,1,365.71,336.6,365.71,336.6,0,0,0,0,0,0,1428708,1320500
53,328,56591872,54882250,23905,8173,90,8178,0,-13,-18,-13,-18,1,1,1,365.71,336.6,365.71,336.6,0,0,0,0,0,0,801458,749583
54,329,56229293,56572417,24445,8173,87,8178,0,-13,-18,-13,-18,1,1,1,365.71,336.6,365.71,336.6,0,0,0,0,0,0,895125,810750
55,330,62870748,62638584,24085,8173,87,8178,0,-13,-18,-13,-18,1,1,1,365.71,336.6,365.71,336.6,0,0,0,0,0,0,966833,904917
56,331,54663583,56229333,23969,8173,87,8178,0,-13,-18,-13,-18,1,1,1,365.71,336.6,365.71,336.6,0,0,0,0,0,0,843667,778750
57,332,64454123,63064958,23817,8173,87,8178,0,-13,-18,-13,-18,1,1,1,365.71,336.6,365.71,336.6,0,0,0,0,0,0,1182958,1108417
58,333,61965376,63109958,23881,8173,87,8178,0,-13,-18,-13,-18,1,1,1,365.71,336.6,365.71,336.6,0,0,0,0,0,0,890209,830708
59,334,62904372,61143916,23957,8173,87,8178,0,-13,-18,-13,-18,1,1,1,365.71,336.6,365.71,336.6,0,0,0,0,0,0,869000,818083
60,335,64573131,66095334,23881,8173,87,8178,0,-12,-18,-12,-18,1,1,1,411.43,359.32,411.43,359.32,0,0,0,0,0,0,1177667,1098083
61,336,63027665,61912917,23817,8174,88,8179,0,-12,-18,-12,-18,1,1,1,411.43,359.32,411.43,359.32,0,0,0,0,0,0,1043667,980333
62,337,49846500,50148583,24305,8173,90,8178,0,-12,-18,-12,-18,1,1,1,411.43,359.32,411.43,359.32,0,0,0,0,0,0,816292,758292
63,338,43170962,44468292,24313,8173,87,8178,0,-12,-18,-12,-18,1,1,1,411.43,359.32,411.43,359.32,0,0,0,0,0,0,738541,696833
64,339,39883121,38719208,23817,8173,87,8178,0,-12,-18,-12,-18,1,1,1,411.43,359.32,411.43,359.32,0,0,0,0,0,0,658167,610541
65,340,36467127,37546250,23881,8173,87,8178,0,-12,-18,-12,-18,1,1,1,411.43,359.32,411.43,359.32,0,0,0,0,0,0,694834,656083
66,341,34206669,34188791,23905,8173,87,8178,0,-12,-18,-12,-18,1,1,1,411.43,359.32,411.43,359.32,0,0,0,0,0,0,560417,517667
67,342,35133913,34160792,23817,8173,87,8178,0,-12,-18,-12,-18,1,1,1,411.43,359.32,411.43,359.32,0,0,0,0,0,0,554667,519791
68,343,33211253,34190792,23881,8173,87,8178,0,-12,-18,-12,-18,1,1,1,411.43,359.32,411.43,359.32,0,0,0,0,0,0,609209,569500
69,344,34138541,34146042,23869,8173,87,8178,0,-12,-18,-12,-18,1,1,1,411.43,359.32,411.43,359.32,0,0,0,0,0,0,633667,598000
70,345,35010494,33814291,23817,8173,87,8178,0,-12,-18,-12,-18,1,1,1,411.43,359.32,411.43,359.32,0,0,0,0,0,0,555209,515625
71,346,32838132,33997791,23969,8173,87,8178,0,-12,-18,-12,-18,1,1,1,411.43,359.32,411.43,359.32,0,0,0,0,0,0,551708,518167
72,347,36990165,36960000,23817,8173,87,8178,0,-11,-18,-11,-18,1,1,1,457.14,380.06,457.14,380.06,0,0,0,0,0,0,663500,617458
73,348,34974999,33960000,23817,8173,90,8178,0,-11,-18,-11,-18,1,1,1,457.14,380.06,457.14,380.06,0,0,0,0,0,0,599750,566041
74,349,32919373,33917375,23881,8173,87,8178,0,-11,-18,-11,-18,1,1,1,457.14,380.06,457.14,380.06,0,0,0,0,0,0,566000,529792
75,350,31843170,31778583,23869,8173,87,8178,0,-11,-18,-11,-18,1,1,1,457.14,380.06,457.14,380.06,0,0,0,0,0,0,512375,482000
76,351,30763626,30804209,23905,8174,88,8179,0,-11,-18,-11,-18,1,1,1,457.14,380.06,457.14,380.06,0,0,0,0,0,0,526542,491833
77,352,31887996,30284458,24381,8173,87,8178,0,-11,-18,-11,-18,1,1,1,457.14,380.06,457.14,380.06,0,0,0,0,0,0,525291,492292
78,353,29621293,31089208,24097,8173,87,8178,0,-11,-18,-11,-18,1,1,1,457.14,380.06,457.14,380.06,0,0,0,0,0,0,574042,538000
79,354,36435287,36453625,23817,8173,87,8178,0,-11,-18,-11,-18,1,1,1,457.14,380.06,457.14,380.06,0,0,0,0,0,0,638541,591375
80,355,39407752,37811000,23817,8173,87,8178,0,-11,-18,-11,-18,1,1,1,457.14,380.06,457.14,380.06,0,0,0,0,0,0,632791,581125
81,356,35439915,37040708,23969,8173,87,8178,0,-11,-18,-11,-18,1,1,1,457.14,380.06,457.14,380.06,0,0,0,0,0,0,603458,568666
82,357,37083793,37056917,23869,8173,87,8178,0,-11,-18,-11,-18,1,1,1,457.14,380.06,457.14,380.06,0,0,0,0,0,0,606458,567625
83,358,37181079,36034709,23817,8173,87,8178,0,-11,-18,-11,-18,1,1,1,457.14,380.06,457.14,380.06,0,0,0,0,0,0,593750,559791
84,359,36823086,37896917,23881,8173,87,8178,0,-10,-18,-10,-18,1,1,1,502.86,399.44,502.86,399.44,0,0,0,0,0,0,793625,746500
85,360,43028909,42952416,23817,8173,87,8178,0,-10,-18,-10,-18,1,1,1,502.86,399.44,502.86,399.44,0,0,0,0,0,0,761875,712959
86,361,54313167,52291625,23905,8173,87,8178,0,-10,-18,-10,-18,1,1,1,502.86,399.44,502.86,399.44,0,0,0,0,0,0,725750,675166
87,362,70449464,72315833,23933,8173,87,8178,0,-10,-18,-10,-18,1,1,1,502.86,399.44,502.86,399.44,0,0,0,0,0,0,1103667,1038375
88,363,98256580,90410750,24381,8173,90,8178,0,-10,-18,-10,-18,1,1,1,502.86,399.44,502.86,399.44,0,0,0,0,0,0,1009166,935500
89,364,74240162,81879833,24185,8173,87,8178,0,-10,-18,-10,-18,1,1,1,502.86,399.44,502.86,399.44,0,0,0,0,0,0,1240916,1176709
90,365,84215089,81910541,23869,8173,87,8178,0,-10,-18,-10,-18,1,1,1,502.86,399.44,502.86,399.44,0,0,0,0,0,0,1171291,1093375
91,366,68019621,70381375,23969,8174,88,8179,0,-10,-18,-10,-18,1,1,1,502.86,399.44,502.86,399.44,0,0,0,0,0,0,1623583,1531917
92,367,74805296,72933917,23817,8173,87,8178,0,-10,-18,-10,-18,1,1,1,502.86,399.44,502.86,399.44,0,0,0,0,0,0,1464625,1352500
93,368,62240291,63946208,23933,8173,87,8178,0,-10,-18,-10,-18,1,1,1,502.86,399.44,502.86,399.44,0,0,0,0,0,0,1401792,1342875
94,369,56742921,55071875,23905,8173,90,8178,0,-10,-18,-10,-18,1,1,1,502.86,399.44,502.86,399.44,0,0,0,0,0,0,896875,824875
95,370,57960998,57972417,24445,8173,87,8178,0,-10,-18,-10,-18,1,1,1,502.86,399.44,502.86,399.44,0,0,0,0,0,0,863375,812083
96,371,54660793,54857166,24033,8173,87,8178,0,-9,-18,-9,-18,1,1,1,548.57,418.39,548.57,418.39,0,0,0,0,0,0,1008500,944416
97,372,54864037,56441792,24021,8173,87,8178,0,-9,-18,-9,-18,1,1,1,548.57,418.39,548.57,418.39,0,0,0,0,0,0,885959,831042
98,373,57678584,56079667,23817,8173,87,8178,0,-9,-18,-9,-18,1,1,1,548.57,418.39,548.57,418.39,0,0,0,0,0,0,838167,773792
99,374,54563831,55951041,23881,8173,87,8178,0,-9,-18,-9,-18,1,1,1,548.57,418.39,548.57,418.39,0,0,0,0,0,0,832875,777291
100,375,55567666,54107375,23905,8173,87,8178,0,-9,-18,-9,-18,1,1,1,548.57,418.39,548.57,418.39,0,0,0,0,0,0,873041,811375
101,376,54095789,55687000,23933,8173,87,8178,0,-9,-18,-9,-18,1,1,1,548.57,418.39,548.57,418.39,0,0,0,0,0,0,856166,804291
102,377,60663830,58282292,23817,8173,87,8178,0,-9,-18,-9,-18,1,1,1,548.57,418.39,548.57,418.39,0,0,0,0,0,0,989166,914166
103,378,59218458,61371042,23969,8173,90,8178,0,-9,-18,-9,-18,1,1,1,548.57,418.39,548.57,418.39,0,0,0,0,0,0,835000,781417
104,379,63913084,61277333,24381,8173,87,8178,0,-9,-18,-9,-18,1,1,1,548.57,418.39,548.57,418.39,0,0,0,0,0,0,1410958,1329166
105,380,50164747,52750250,24149,8173,87,8178,0,-9,-18,-9,-18,1,1,1,548.57,418.39,548.57,418.39,0,0,0,0,0,0,867708,814541
106,381,51041837,49940833,23905,8174,88,8179,0,-9,-18,-9,-18,1,1,1,548.57,418.39,548.57,418.39,0,0,0,0,0,0,833292,769625
107,382,42978245,44311500,23881,8173,87,8178,0,-9,-18,-9,-18,1,1,1,548.57,418.39,548.57,418.39,0,0,0,0,0,0,697417,654583
108,383,38349624,38354625,23817,8173,87,8178,0,-8,-18,-8,-18,1,1,1,594.29,422.77,594.29,422.77,0,0,0,0,0,0,644833,602000
109,384,38927212,37800042,23817,8173,87,8178,0,-8,-18,-8,-18,1,1,1,594.29,422.77,594.29,422.77,0,0,0,0,0,0,726459,679667
110,385,33429749,34511250,24021,8173,87,8178,0,-8,-18,-8,-18,1,1,1,594.29,422.77,594.29,422.77,0,0,0,0,0,0,622417,585333
111,386,33748582,33709541,23817,8173,87,8178,0,-8,-18,-8,-18,1,1,1,594.29,422.77,594.29,422.77,0,0,0,0,0,0,547833,515375
112,387,38423001,37456292,23817,8173,87,8178,0,-8,-18,-8,-18,1,1,1,594.29,422.77,594.29,422.77,0,0,0,0,0,0,720542,672292
113,388,33536586,34483125,23881,8173,90,8178,0,-8,-18,-8,-18,1,1,1,594.29,422.77,594.29,422.77,0,0,0,0,0,0,555500,519667
114,389,34265872,34230083,23817,8173,87,8178,0,-8,-18,-8,-18,1,1,1,594.29,422.77,594.29,422.77,0,0,0,0,0,0,607625,563834
115,390,35415999,34359542,23905,8173,87,8178,0,-8,-18,-8,-18,1,1,1,594.29,422.77,594.29,422.77,0,0,0,0,0,0,574500,540500
116,391,32626375,33709750,23933,8173,87,8178,0,-8,-18,-8,-18,1,1,1,594.29,422.77,594.29,422.77,0,0,0,0,0,0,605375,564750
117,392,35416170,34357083,24381,8173,87,8178,0,-8,-18,-8,-18,1,1,1,594.29,422.77,594.29,422.77,0,0,0,0,0,0,556625,521792
118,393,34146789,34157625,24033,8173,87,8178,0,-8,-18,-8,-18,1,1,1,594.29,422.77,594.29,422.77,0,0,0,0,0,0,622834,580833
119,394,32835748,33789458,23881,8173,87,8178,0,-8,-18,-8,-18,1,1,1,594.29,422.77,594.29,422.77,0,0,0,0,0,0,736042,703042
120,395,32905958,32965792,23905,8173,87,8178,0,-6,-18,-6,-18,1,1,1,685.71,416.09,685.71,416.09,0,0,0,0,0,0,587500,548750
121,396,30807206,30772875,23817,8174,88,8179,0,-6,-18,-6,-18,1,1,1,685.71,416.09,685.71,416.09,0,0,0,0,0,0,510583,480666
122,397,32828126,31910792,23817,8173,87,8178,0,-6,-18,-6,-18,1,1,1,685.71,416.09,685.71,416.09,0,0,0,0,0,0,522625,483541
123,398,30591540,31485584,23933,8173,87,8178,0,-6,-18,-6,-18,1,1,1,685.71,416.09,685.71,416.09,0,0,0,0,0,0,509375,476334
124,399,31675837,31570375,23817,8173,87,8178,0,-6,-18,-6,-18,1,1,1,685.71,416.09,685.71,416.09,0,0,0,0,0,0,526209,488000
125,400,33040668,33101875,23905,8173,87,8178,0,-6,-18,-6,-18,1,1,1,685.71,416.09,685.71,416.09,0,0,0,0,0,0,573166,539667
126,401,34150581,33100250,23817,8173,87,8178,0,-6,-18,-6,-18,1,1,1,685.71,416.09,685.71,416.09,0,0,0,0,0,0,525416,486375
127,402,37302501,38290083,23881,8173,87,8178,0,-6,-18,-6,-18,1,1,1,685.71,416.09,685.71,416.09,0,0,0,0,0,0,680542,643833
128,403,34531079,34547959,23817,8173,90,8178,0,-6,-18,-6,-18,1,1,1,685.71,416.09,685.71,416.09,0,0,0,0,0,0,570042,531916
129,404,38254335,37143000,23869,8173,87,8178,0,-6,-18,-6,-18,1,1,1,685.71,416.09,685.71,416.09,0,0,0,0,0,0,546375,514084
130,405,38520831,39260000,23969,8173,87,8178,0,-6,-18,-6,-18,1,1,1,685.71,416.09,685.71,416.09,0,0,0,0,0,0,889166,836541
131,406,40050040,39277708,24381,8173,87,8178,0,-6,-18,-6,-18,1,1,1,685.71,416.09,685.71,416.09,0,0,0,0,0,0,597209,560083
132,407,38404330,38445708,24033,8173,87,8178,0,-5,-18,-5,-18,1,1,1,731.43,431,731.43,431,0,0,0,0,0,0,571084,527292
133,408,38536414,39216959,23881,8173,87,8178,0,-5,-18,-5,-18,1,1,1,731.43,431,731.43,431,0,0,0,0,0,0,659583,562583
134,409,46884834,47032917,23905,8173,87,8178,0,-5,-18,-5,-18,1,1,1,731.43,431,731.43,431,0,0,0,0,0,0,752834,701833
135,410,65835833,63993625,23869,8173,87,8178,0,-5,-18,-5,-18,1,1,1,731.43,431,731.43,431,0,0,0,0,0,0,840167,789000
136,411,69763496,71203750,23881,8174,88,8179,0,-5,-18,-5,-18,1,1,1,731.43,431,731.43,431,0,0,0,0,0,0,1005583,932500
137,412,81542536,78449541,23905,8173,87,8178,0,-5,-18,-5,-18,1,1,1,731.43,431,731.43,431,0,0,0,0,0,0,1085541,1024375
138,413,78718878,81908875,23933,8173,87,8178,0,-5,-18,-5,-18,1,1,1,731.43,431,731.43,431,0,0,0,0,0,0,1054500,935000
139,414,72130002,68302208,24469,8173,90,8178,0,-5,-18,-5,-18,1,1,1,731.43,431,731.43,431,0,0,0,0,0,0,1012083,956667
140,415,66358163,70211291,24097,8173,87,8178,0,-5,-18,-5,-18,1,1,1,731.43,431,731.43,431,0,0,0,0,0,0,1373166,1278500
141,416,59355583,57916166,23869,8173,87,8178,0,-5,-18,-5,-18,1,1,1,731.43,431,731.43,431,0,0,0,0,0,0,1113958,1046084
142,417,52838668,54364875,23969,8173,87,8178,0,-5,-18,-5,-18,1,1,1,731.43,431,731.43,431,0,0,0,0,0,0,1094708,1021541
143,418,46861127,45665917,23817,8173,87,8178,0,-5,-18,-5,-18,1,1,1,731.43,431,731.43,431,0,0,0,0,0,0,715875,672917
144,419,46702835,47795292,23353,8173,87,8178,0,-4,-18,-4,-18,1,1,1,777.14,453.14,777.14,453.14,0,0,0,0,0,0,859750,812416
145,420,45825410,45643166,23341,8085,87,8090,0,-4,-18,-4,-18,1,1,1,777.14,453.14,777.14,453.14,0,0,0,0,0,0,665959,624459
146,421,56833334,55797500,35675,8085,87,8090,0,-4,-18,-4,-18,1,1,1,777.14,453.14,777.14,453.14,0,0,0,0,0,0,742708,678250
147,422,47968298,48938375,26031,8085,90,8090,0,-4,-18,-4,-18,1,1,1,777.14,453.14,777.14,453.14,0,0,0,0,0,0,708750,667458
148,423,46249080,46182958,23289,8085,87,8090,0,-4,-18,-4,-18,1,1,1,777.14,453.14,777.14,453.14,0,0,0,0,0,0,644417,593292
149,424,56193374,53585750,23941,8085,87,8090,0,-4,-18,-4,-18,1,1,1,777.14,453.14,777.14,453.14,0,0,0,0,0,0,646916,607750
150,425,53536832,56031333,23621,8085,87,8090,0,-4,-18,-4,-18,1,1,1,777.14,453.14,777.14,453.14,0,0,0,0,0,0,760042,698958
151,426,70067040,67673583,23289,8086,88,8091,0,-4,-18,-4,-18,1,1,1,777.14,453.14,777.14,453.14,0,0,0,0,0,0,888166,831667
152,427,67132294,69607333,23441,8085,87,8090,0,-4,-18,-4,-18,1,1,1,777.14,453.14,777.14,453.14,0,0,0,0,0,0,1052250,977375
153,428,68173542,66416541,23289,8085,87,8090,0,-4,-18,-4,-18,1,1,1,777.14,453.14,777.14,453.14,0,0,0,0,0,0,996791,919667
154,429,59433963,61190333,23405,8085,87,8090,0,-4,-18,-4,-18,1,1,1,777.14,453.14,777.14,453.14,0,0,0,0,0,0,988541,906083
155,430,53865917,52672500,23377,8085,87,8090,0,-4,-18,-4,-18,1,1,1,777.14,453.14,777.14,453.14,0,0,0,0,0,0,780291,733125
156,431,41307292,42656833,23353,8085,90,8090,0,-3,-18,-3,-18,1,1,1,822.86,475.99,822.86,475.99,0,0,0,0,0,0,694250,653750
157,432,38649044,38602875,23539,8085,87,8090,0,-3,-18,-3,-18,1,1,1,822.86,475.99,822.86,475.99,0,0,0,0,0,0,622666,578458
158,433,35463660,33603875,23853,8085,87,8090,0,-3,-18,-3,-18,1,1,1,822.86,475.99,822.86,475.99,0,0,0,0,0,0,527875,495042
159,434,32134290,33989750,23709,8085,87,8090,0,-3,-18,-3,-18,1,1,1,822.86,475.99,822.86,475.99,0,0,0,0,0,0,506792,471042
160,435,33526714,33528875,23289,8085,87,8090,0,-3,-18,-3,-18,1,1,1,822.86,475.99,822.86,475.99,0,0,0,0,0,0,515417,475250
161,436,34400623,33369750,23289,8085,87,8090,0,-3,-18,-3,-18,1,1,1,822.86,475.99,822.86,475.99,0,0,0,0,0,0,515541,478834
162,437,32889291,33888541,23353,8085,87,8090,0,-3,-18,-3,-18,1,1,1,822.86,475.99,822.86,475.99,0,0,0,0,0,0,553792,516292
163,438,33840037,33765375,23289,8085,87,8090,0,-3,-18,-3,-18,1,1,1,822.86,475.99,822.86,475.99,0,0,0,0,0,0,510333,480416
164,439,33627793,32758833,23377,8085,87,8090,0,-3,-18,-3,-18,1,1,1,822.86,475.99,822.86,475.99,0,0,0,0,0,0,516834,482792
165,440,29582377,30485166,23405,8085,87,8090,0,-3,-18,-3,-18,1,1,1,822.86,475.99,822.86,475.99,0,0,0,0,0,0,526750,500708
166,441,30284084,30278667,23289,8086,88,8091,0,-3,-18,-3,-18,1,1,1,822.86,475.99,822.86,475.99,0,0,0,0,0,0,482125,452875
167,442,30221832,30180000,23289,8085,87,8090,0,-3,-18,-3,-18,1,1,1,822.86,475.99,822.86,475.99,0,0,0,0,0,0,490041,443417
168,443,31336747,30281958,23289,8085,87,8090,0,-2,-18,-2,-18,1,1,1,868.57,498.85,868.57,498.85,0,0,0,0,0,0,520875,466708
169,444,33395417,34422708,23441,8085,87,8090,0,-2,-18,-2,-18,1,1,1,868.57,498.85,868.57,498.85,0,0,0,0,0,0,596667,545667
170,445,30221499,30228875,23289,8085,90,8090,0,-2,-18,-2,-18,1,1,1,868.57,498.85,868.57,498.85,0,0,0,0,0,0,484667,448416
171,446,30399376,30376541,23289,8085,87,8090,0,-2,-18,-2,-18,1,1,1,868.57,498.85,868.57,498.85,0,0,0,0,0,0,474791,437666
172,447,31377628,30439875,23341,8085,87,8090,0,-2,-18,-2,-18,1,1,1,868.57,498.85,868.57,498.85,0,0,0,0,0,0,473792,440708
173,448,33569246,33373417,23353,8085,87,8090,0,-2,-18,-2,-18,1,1,1,868.57,498.85,868.57,498.85,0,0,0,0,0,0,565709,538208
174,449,32133169,33221250,24157,8085,87,8090,0,-2,-18,-2,-18,1,1,1,868.57,498.85,868.57,498.85,0,0,0,0,0,0,567417,535500
175,450,35104457,34073084,23289,8085,87,8090,0,-2,-18,-2,-18,1,1,1,868.57,498.85,868.57,498.85,0,0,0,0,0,0,546208,511791
176,451,35867538,36878750,23353,8085,87,8090,0,-2,-18,-2,-18,1,1,1,868.57,498.85,868.57,498.85,0,0,0,0,0,0,567333,534542
177,452,38774546,38647709,23289,8085,87,8090,0,-2,-18,-2,-18,1,1,1,868.57,498.85,868.57,498.85,0,0,0,0,0,0,557458,527208
178,453,38344748,37262584,23341,8085,87,8090,0,-2,-18,-2,-18,1,1,1,868.57,498.85,868.57,498.85,0,0,0,0,0,0,510166,474208
179,454,37381872,38441292,23441,8085,87,8090,0,-2,-18,-2,-18,1,1,1,868.57,498.85,868.57,498.85,0,0,0,0,0,0,522708,489334
180,455,43527588,43499875,23289,8085,87,8090,0,-1,-18,-1,-18,1,1,1,914.29,521.71,914.29,521.71,0,0,0,0,0,0,567917,539208
181,456,55658914,53810708,24047,8086,88,8091,0,-1,-18,-1,-18,1,1,1,914.29,521.71,914.29,521.71,0,0,0,0,0,0,652042,608208
182,457,66925458,68530792,23353,8085,87,8090,0,-1,-18,-1,-18,1,1,1,914.29,521.71,914.29,521.71,0,0,0,0,0,0,905875,845958
183,458,84279708,81750042,23429,8085,87,8090,0,-1,-18,-1,-18,1,1,1,914.29,521.71,914.29,521.71,0,0,0,0,0,0,1045584,979500
184,459,78414708,78652834,23917,8085,90,8090,0,-1,-18,-1,-18,1,1,1,914.29,521.71,914.29,521.71,0,0,0,0,0,0,1137417,1053750
185,460,66742002,67165625,23593,8085,87,8090,0,-1,-18,-1,-18,1,1,1,914.29,521.71,914.29,521.71,0,0,0,0,0,0,953333,899500
186,461,66547244,68366000,23405,8085,87,8090,0,-1,-18,-1,-18,1,1,1,914.29,521.71,914.29,521.71,0,0,0,0,0,0,946916,885500
187,462,67923463,66467625,23289,8085,87,8090,0,-1,-18,-1,-18,1,1,1,914.29,521.71,914.29,521.71,0,0,0,0,0,0,928250,874250
188,463,53866375,55354958,23441,8085,87,8090,0,-1,-18,-1,-18,1,1,1,914.29,521.71,914.29,521.71,0,0,0,0,0,0,904667,847292
189,464,54935246,53671125,23289,8085,87,8090,0,-1,-18,-1,-18,1,1,1,914.29,521.71,914.29,521.71,0,0,0,0,0,0,1049500,992750
190,465,51631752,52681583,23405,8085,87,8090,0,-1,-18,-1,-18,1,1,1,914.29,521.71,914.29,521.71,0,0,0,0,0,0,761959,711125
191,466,46910502,46585334,23377,8085,90,8090,0,-1,-18,-1,-18,1,1,1,914.29,521.71,914.29,521.71,0,0,0,0,0,0,640792,585625
192,467,50574786,48334791,23853,8085,87,8090,0,0,-18,0,-18,1,1,1,960,544.56,960,544.56,0,0,0,0,0,0,677333,636875
193,468,49980420,52645292,23569,8085,87,8090,0,0,-18,0,-18,1,1,1,960,544.56,960,544.56,0,0,0,0,0,0,736250,638583
194,469,57225786,55347958,23341,8085,87,8090,0,0,-18,0,-18,1,1,1,960,544.56,960,544.56,0,0,0,0,0,0,754750,702250
195,470,54723959,56521416,23441,8085,87,8090,0,0,-18,0,-18,1,1,1,960,544.56,960,544.56,0,0,0,0,0,0,775667,717541
196,471,57917546,56016458,23289,8086,88,8091,0,0,-18,0,-18,1,1,1,960,544.56,960,544.56,0,0,0,0,0,0,795375,731916
197,472,54232787,56026583,23353,8085,87,8090,0,0,-18,0,-18,1,1,1,960,544.56,960,544.56,0,0,0,0,0,0,732334,687833
198,473,67990794,65959208,23429,8085,87,8090,0,0,-18,0,-18,1,1,1,960,544.56,960,544.56,0,0,0,0,0,0,940916,879583
199,474,73718912,75622708,23353,8085,87,8090,0,0,-18,0,-18,1,1,1,960,544.56,960,544.56,0,0,0,0,0,0,1195333,1127500
200,475,62793672,61288333,23289,8085,90,8090,0,0,-18,0,-18,1,1,1,960,544.56,960,544.56,0,0,0,0,0,0,1026208,963875
201,476,52838705,52831875,24057,8085,87,8090,0,0,-18,0,-18,1,1,1,960,544.56,960,544.56,0,0,0,0,0,0,1198250,1128916
202,477,51843877,51981500,23505,8085,87,8090,0,0,-18,0,-18,1,1,1,960,544.56,960,544.56,0,0,0,0,0,0,738709,679209
203,478,44141538,45666458,23353,8085,87,8090,0,0,-18,0,-18,1,1,1,960,544.56,960,544.56,0,0,0,0,0,0,737291,684959
204,479,42129080,42056792,23289,8085,87,8090,0,1,-18,1,-18,1,1,1,1005.71,567.42,1005.71,567.42,0,0,0,0,0,0,756584,709458
205,480,38915794,37917875,23377,8085,87,8090,0,1,-18,1,-18,1,1,1,1005.71,567.42,1005.71,567.42,0,0,0,0,0,0,603667,563875
206,481,34827835,35910375,23405,8085,87,8090,0,1,-18,1,-18,1,1,1,1005.71,567.42,1005.71,567.42,0,0,0,0,0,0,559125,519250
207,482,34509539,34528750,23289,8085,87,8090,0,1,-18,1,-18,1,1,1,1005.71,567.42,1005.71,567.42,0,0,0,0,0,0,539584,511292
208,483,37946421,36443917,23289,8085,87,8090,0,1,-18,1,-18,1,1,1,1005.71,567.42,1005.71,567.42,0,0,0,0,0,0,557375,521250
209,484,36731038,37891416,23353,8085,87,8090,0,1,-18,1,-18,1,1,1,1005.71,567.42,1005.71,567.42,0,0,0,0,0,0,717125,673750
210,485,41777662,42034958,23377,8085,87,8090,0,1,-18,1,-18,1,1,1,1005.71,567.42,1005.71,567.42,0,0,0,0,0,0,608583,573375
211,486,39397712,38302667,23289,8086,91,8091,0,1,-18,1,-18,1,1,1,1005.71,567.42,1005.71,567.42,0,0,0,0,0,0,1066666,1010500
212,487,38141623,39178792,23405,8085,87,8090,0,1,-18,1,-18,1,1,1,1005.71,567.42,1005.71,567.42,0,0,0,0,0,0,786500,733625
213,488,40914539,39563167,23853,8085,87,8090,0,1,-18,1,-18,1,1,1,1005.71,567.42,1005.71,567.42,0,0,0,0,0,0,611542,570791
214,489,45920584,45785000,23593,8085,87,8090,0,1,-18,1,-18,1,1,1,1005.71,567.42,1005.71,567.42,0,0,0,0,0,0,723083,683375
215,490,50448752,51715583,23353,8085,87,8090,0,1,-18,1,-18,1,1,1,1005.71,567.42,1005.71,567.42,0,0,0,0,0,0,660583,624375
216,491,67584708,65699333,23289,8085,87,8090,0,2,-18,2,-18,1,1,1,1051.43,590.28,1051.43,590.28,0,0,0,0,0,0,872834,808291
217,492,65541580,67357667,23493,8085,87,8090,0,2,-18,2,-18,1,1,1,1051.43,590.28,1051.43,590.28,0,0,0,0,0,0,1063792,1008625
218,493,68899579,67025250,23289,8085,87,8090,0,2,-18,2,-18,1,1,1,1051.43,590.28,1051.43,590.28,0,0,0,0,0,0,1259042,1199708
219,494,66200911,67901000,23353,8085,87,8090,0,2,-18,2,-18,1,1,1,1051.43,590.28,1051.43,590.28,0,0,0,0,0,0,1119458,1067291
220,495,74497878,72779292,23429,8085,87,8090,0,2,-18,2,-18,1,1,1,1051.43,590.28,1051.43,590.28,0,0,0,0,0,0,1179209,1096375
221,496,60042452,60350875,23917,8085,90,8090,0,2,-18,2,-18,1,1,1,1051.43,590.28,1051.43,590.28,0,0,0,0,0,0,976042,907167
222,497,56488875,55709792,23505,8085,87,8090,0,2,-18,2,-18,1,1,1,1051.43,590.28,1051.43,590.28,0,0,0,0,0,0,769500,726959
223,498,51080044,53253209,23441,8085,87,8090,0,2,-18,2,-18,1,1,1,1051.43,590.28,1051.43,590.28,0,0,0,0,0,0,752334,698125
224,499,49365956,47873958,23341,8085,87,8090,0,2,-18,2,-18,1,1,1,1051.43,590.28,1051.43,590.28,0,0,0,0,0,0,633250,583167
225,500,49576461,51054958,23353,8085,87,8090,0,2,-18,2,-18,1,1,1,1051.43,590.28,1051.43,590.28,0,0,0,0,0,0,682917,635709
226,501,57401042,56075333,23377,8086,88,8091,0,2,-18,2,-18,1,1,1,1051.43,590.28,1051.43,590.28,0,0,0,0,0,0,724666,682417
227,502,55590290,56730375,23353,8085,87,8090,0,2,-18,2,-18,1,1,1,1051.43,590.28,1051.43,590.28,0,0,0,0,0,0,780083,725000
228,503,63588283,61792000,23341,8085,87,8090,0,3,-18,3,-18,1,1,1,1097.14,613.14,1097.14,613.14,0,0,0,0,0,0,843458,799625
229,504,67031085,68525958,23441,8085,90,8090,0,3,-18,3,-18,1,1,1,1097.14,613.14,1097.14,613.14,0,0,0,0,0,0,929041,862917
230,505,71295544,68299750,23853,8085,87,8090,0,3,-18,3,-18,1,1,1,1097.14,613.14,1097.14,613.14,0,0,0,0,0,0,929708,839250
231,506,58629080,61869083,23569,8085,87,8090,0,3,-18,3,-18,1,1,1,1097.14,613.14,1097.14,613.14,0,0,0,0,0,0,983875,920625
232,507,54351877,53252666,23429,8085,87,8090,0,3,-18,3,-18,1,1,1,1097.14,613.14,1097.14,613.14,0,0,0,0,0,0,817959,760750
233,508,42720161,44005625,23353,8085,87,8090,0,3,-18,3,-18,1,1,1,1097.14,613.14,1097.14,613.14,0,0,0,0,0,0,646666,602583
234,509,40083836,40072834,23289,8085,87,8090,0,3,-18,3,-18,1,1,1,1097.14,613.14,1097.14,613.14,0,0,0,0,0,0,612834,571000
235,510,38990087,37894625,23289,8085,87,8090,0,3,-18,3,-18,1,1,1,1097.14,613.14,1097.14,613.14,0,0,0,0,0,0,571917,532292
236,511,32886747,33956750,23441,8085,87,8090,0,3,-18,3,-18,1,1,1,1097.14,613.14,1097.14,613.14,0,0,0,0,0,0,542375,512792
237,512,33777832,33778084,23341,8085,87,8090,0,3,-18,3,-18,1,1,1,1097.14,613.14,1097.14,613.14,0,0,0,0,0,0,568917,531125
238,513,40656916,39668542,23289,8085,87,8090,0,3,-18,3,-18,1,1,1,1097.14,613.14,1097.14,613.14,0,0,0,0,0,0,576458,545500
239,514,34691914,35678459,23353,8085,90,8090,0,3,-18,3,-18,1,1,1,1097.14,613.14,1097.14,613.14,0,0,0,0,0,0,559459,531500
240,515,36961253,36879208,23289,8085,87,8090,0,4,-18,4,-18,1,1,1,1142.86,635.99,1142.86,635.99,0,0,0,0,0,0,678416,644125
241,516,38203202,36930792,23377,8086,88,8091,0,4,-18,4,-18,1,1,1,1142.86,635.99,1142.86,635.99,0,0,0,0,0,0,657667,622291
242,517,38203544,38033958,26037,8085,87,8090,0,4,-18,4,-18,1,1,1,1142.86,635.99,1142.86,635.99,0,0,0,0,0,0,629625,597583
243,518,36554336,37981625,23557,8085,87,8090,0,4,-18,4,-18,1,1,1,1142.86,635.99,1142.86,635.99,0,0,0,0,0,0,498875,463084
244,519,42230915,40699042,23289,8085,87,8090,0,4,-18,4,-18,1,1,1,1142.86,635.99,1142.86,635.99,0,0,0,0,0,0,600208,569250
245,520,44389329,45852917,23441,8085,87,8090,0,4,-18,4,-18,1,1,1,1142.86,635.99,1142.86,635.99,0,0,0,0,0,0,642334,606125
246,521,51635585,51542292,23289,8085,87,8090,0,4,-18,4,-18,1,1,1,1142.86,635.99,1142.86,635.99,0,0,0,0,0,0,757959,703875
247,522,65712459,63364042,23289,8085,87,8090,0,4,-18,4,-18,1,1,1,1142.86,635.99,1142.86,635.99,0,0,0,0,0,0,726791,685000
248,523,65819375,68048834,23493,8085,87,8090,0,4,-18,4,-18,1,1,1,1142.86,635.99,1142.86,635.99,0,0,0,0,0,0,884250,830875
249,524,76548166,74330625,23289,8085,87,8090,0,4,-18,4,-18,1,1,1,1142.86,635.99,1142.86,635.99,0,0,0,0,0,0,975250,911750
250,525,70651084,72673750,23353,8085,90,8090,0,4,-18,4,-18,1,1,1,1142.86,635.99,1142.86,635.99,0,0,0,0,0,0,920667,868417
251,526,74216336,70724833,23993,8085,87,8090,0,4,-18,4,-18,1,1,1,1142.86,635.99,1142.86,635.99,0,0,0,0,0,0,1070792,1018875
252,527,68150922,71611166,23989,8085,87,8090,0,5,-18,5,-18,1,1,1,1188.57,662.98,1188.57,662.98,0,0,0,0,0,0,1175084,1119917
253,528,71228124,69456375,23709,8155,87,8160,0,5,-18,5,-18,1,1,1,1188.57,662.98,1188.57,662.98,0,0,0,0,0,0,1060167,991250
254,529,63269041,65055959,27363,8155,87,8160,0,5,-18,5,-18,1,1,1,1188.57,662.98,1188.57,662.98,0,0,0,0,0,0,859916,806666
255,530,54890830,53492750,26387,8155,87,8160,0,5,-18,5,-18,1,1,1,1188.57,662.98,1188.57,662.98,0,0,0,0,0,0,856625,803500
256,531,48382002,49687750,23773,8156,88,8161,0,5,-18,5,-18,1,1,1,1188.57,662.98,1188.57,662.98,0,0,0,0,0,0,743125,704209
257,532,60806829,59235750,23797,8155,87,8160,0,5,-18,5,-18,1,1,1,1188.57,662.98,1188.57,662.98,0,0,0,0,0,0,922333,862708
258,533,52258085,53792167,23825,8155,90,8160,0,5,-18,5,-18,1,1,1,1188.57,662.98,1188.57,662.98,0,0,0,0,0,0,828375,781750
259,534,56270875,53391792,24273,8155,87,8160,0,5,-18,5,-18,1,1,1,1188.57,662.98,1188.57,662.98,0,0,0,0,0,0,788417,734000
260,535,52811209,55732958,24077,8155,87,8160,0,5,-18,5,-18,1,1,1,1188.57,662.98,1188.57,662.98,0,0,0,0,0,0,841958,795167
261,536,57357497,55720417,23709,8155,87,8160,0,5,-18,5,-18,1,1,1,1188.57,662.98,1188.57,662.98,0,0,0,0,0,0,970625,918000
262,537,53325127,54749375,23825,8155,87,8160,0,5,-18,5,-18,1,1,1,1188.57,662.98,1188.57,662.98,0,0,0,0,0,0,791583,745208
263,538,57477869,55584167,23797,8155,87,8160,0,5,-18,5,-18,1,1,1,1188.57,662.98,1188.57,662.98,0,0,0,0,0,0,833250,767916
264,539,52108503,54109500,23773,8155,87,8160,0,6,-18,6,-18,1,1,1,1234.29,696.59,1234.29,696.59,0,0,0,0,0,0,788208,741250
265,540,54485287,52842958,23709,8155,87,8160,0,6,-18,6,-18,1,1,1,1234.29,696.59,1234.29,696.59,0,0,0,0,0,0,859083,800250
266,541,47318544,48985166,23913,8155,87,8160,0,6,-18,6,-18,1,1,1,1234.29,696.59,1234.29,696.59,0,0,0,0,0,0,812000,767333
267,542,44941205,44914250,23709,8155,90,8160,0,6,-18,6,-18,1,1,1,1234.29,696.59,1234.29,696.59,0,0,0,0,0,0,737250,692250
268,543,44421628,42825875,23709,8155,87,8160,0,6,-18,6,-18,1,1,1,1234.29,696.59,1234.29,696.59,0,0,0,0,0,0,726167,687292
269,544,42635545,42576542,24337,8155,87,8160,0,6,-18,6,-18,1,1,1,1234.29,696.59,1234.29,696.59,0,0,0,0,0,0,592417,553208
270,545,42461995,44097916,24013,8155,87,8160,0,6,-18,6,-18,1,1,1,1234.29,696.59,1234.29,696.59,0,0,0,0,0,0,1020542,969792
271,546,40875580,39593500,23761,8156,88,8161,0,6,-18,6,-18,1,1,1,1234.29,696.59,1234.29,696.59,0,0,0,0,0,0,663667,618291
272,547,44535707,45793041,23773,8155,87,8160,0,6,-18,6,-18,1,1,1,1234.29,696.59,1234.29,696.59,0,0,0,0,0,0,800083,759917
273,548,46761125,46625875,23709,8155,87,8160,0,6,-18,6,-18,1,1,1,1234.29,696.59,1234.29,696.59,0,0,0,0,0,0,799125,753166
274,549,48775374,47309292,23797,8155,87,8160,0,6,-18,6,-18,1,1,1,1234.29,696.59,1234.29,696.59,0,0,0,0,0,0,692417,653459
275,550,44648956,46134916,23773,8155,87,8160,0,6,-18,6,-18,1,1,1,1234.29,696.59,1234.29,696.59,0,0,0,0,0,0,671958,623084
276,551,57332001,55783791,23761,8155,87,8160,0,7,-18,7,-18,1,1,1,1280,736.66,1280,736.66,0,0,0,0,0,0,799458,734291
277,552,69514580,70902417,23861,8155,87,8160,0,7,-18,7,-18,1,1,1,1280,736.66,1280,736.66,0,0,0,0,0,0,895792,823917
278,553,73126211,69278208,24273,8155,90,8160,0,7,-18,7,-18,1,1,1,1280,736.66,1280,736.66,0,0,0,0,0,0,986500,926833
279,554,65006874,68633833,23989,8155,87,8160,0,7,-18,7,-18,1,1,1,1280,736.66,1280,736.66,0,0,0,0,0,0,995958,919667
280,555,70727124,68900667,23849,8155,87,8160,0,7,-18,7,-18,1,1,1,1280,736.66,1280,736.66,0,0,0,0,0,0,1215417,1152917
281,556,65621793,67545958,23773,8155,87,8160,0,7,-18,7,-18,1,1,1,1280,736.66,1280,736.66,0,0,0,0,0,0,1076250,1010958
282,557,58502707,56930959,23709,8155,87,8160,0,7,-18,7,-18,1,1,1,1280,736.66,1280,736.66,0,0,0,0,0,0,1095500,1040500
283,558,54636832,56190750,23861,8155,87,8160,0,7,-18,7,-18,1,1,1,1280,736.66,1280,736.66,0,0,0,0,0,0,992542,938000
284,559,57733878,56114458,23761,8155,87,8160,0,7,-18,7,-18,1,1,1,1280,736.66,1280,736.66,0,0,0,0,0,0,871750,819875
285,560,60794372,62298250,23773,8155,87,8160,0,7,-18,7,-18,1,1,1,1280,736.66,1280,736.66,0,0,0,0,0,0,1424709,1313792
286,561,57594042,56227916,23797,8156,91,8161,0,7,-18,7,-18,1,1,1,1280,736.66,1280,736.66,0,0,0,0,0,0,909542,858500
287,562,55926330,55205167,24337,8155,87,8160,0,7,-18,7,-18,1,1,1,1280,736.66,1280,736.66,0,0,0,0,0,0,809250,744792
288,563,61347004,61451917,23977,8155,87,8160,0,8,-18,8,-18,1,1,1,1325.71,772.98,1325.71,772.98,0,0,0,0,0,0,1101458,1051209
289,564,62602832,64354250,23861,8155,87,8160,0,8,-18,8,-18,1,1,1,1325.71,772.98,1325.71,772.98,0,0,0,0,0,0,1090709,977959
290,565,60047831,58399833,23709,8155,87,8160,0,8,-18,8,-18,1,1,1,1325.71,772.98,1325.71,772.98,0,0,0,0,0,0,929625,881791
291,566,51557496,53280334,23773,8155,87,8160,0,8,-18,8,-18,1,1,1,1325.71,772.98,1325.71,772.98,0,0,0,0,0,0,895667,829542
292,567,51947165,50675666,23849,8155,87,8160,0,8,-18,8,-18,1,1,1,1325.71,772.98,1325.71,772.98,0,0,0,0,0,0,798792,750250
293,568,46603500,48018667,23773,8155,87,8160,0,8,-18,8,-18,1,1,1,1325.71,772.98,1325.71,772.98,0,0,0,0,0,0,849000,783667
294,569,42386211,42372459,23709,8155,90,8160,0,8,-18,8,-18,1,1,1,1325.71,772.98,1325.71,772.98,0,0,0,0,0,0,710958,670667
295,570,39596207,38231833,23709,8155,87,8160,0,8,-18,8,-18,1,1,1,1325.71,772.98,1325.71,772.98,0,0,0,0,0,0,616375,570208
296,571,35668212,35947333,24425,8155,87,8160,0,8,-18,8,-18,1,1,1,1325.71,772.98,1325.71,772.98,0,0,0,0,0,0,614208,579125
297,572,33006951,34080750,23977,8155,87,8160,0,8,-18,8,-18,1,1,1,1325.71,772.98,1325.71,772.98,0,0,0,0,0,0,617667,575375
298,573,35886336,34652625,23709,8155,87,8160,0,8,-18,8,-18,1,1,1,1325.71,772.98,1325.71,772.98,0,0,0,0,0,0,623334,589333
299,574,38531623,39660334,23773,8155,87,8160,0,8,-18,8,-18,1,1,1,1325.71,772.98,1325.71,772.98,0,0,0,0,0,0,662833,621500
300,575,38551248,38479125,23709,8155,87,8160,0,9,-18,9,-18,1,1,1,1371.43,801.36,1371.43,801.36,0,0,0,0,0,0,551167,511416
301,576,42258709,40942959,23797,8156,88,8161,0,9,-18,9,-18,1,1,1,1371.43,801.36,1371.43,801.36,0,0,0,0,0,0,662125,618291
302,577,39276793,40624959,23773,8155,87,8160,0,9,-18,9,-18,1,1,1,1371.43,801.36,1371.43,801.36,0,0,0,0,0,0,654250,619917
303,578,46617127,46579750,23761,8155,87,8160,0,9,-18,9,-18,1,1,1,1371.43,801.36,1371.43,801.36,0,0,0,0,0,0,645583,604375
304,579,49045287,47016834,23709,8155,87,8160,0,9,-18,9,-18,1,1,1,1371.43,801.36,1371.43,801.36,0,0,0,0,0,0,678916,639167
305,580,58857332,60741041,23861,8155,87,8160,0,9,-18,9,-18,1,1,1,1371.43,801.36,1371.43,801.36,0,0,0,0,0,0,1490375,1343458
306,581,65688624,63330417,23709,8155,90,8160,0,9,-18,9,-18,1,1,1,1371.43,801.36,1371.43,801.36,0,0,0,0,0,0,864667,815125
307,582,67220211,66816917,24389,8155,87,8160,0,9,-18,9,-18,1,1,1,1371.43,801.36,1371.43,801.36,0,0,0,0,0,0,1171417,1096500
308,583,69483041,70042167,24013,8155,87,8160,0,9,-18,9,-18,1,1,1,1371.43,801.36,1371.43,801.36,0,0,0,0,0,0,1126458,1067583
309,584,67890495,69881542,23773,8155,87,8160,0,9,-18,9,-18,1,1,1,1371.43,801.36,1371.43,801.36,0,0,0,0,0,0,1036125,936167
310,585,70748627,68612042,23761,8155,87,8160,0,9,-18,9,-18,1,1,1,1371.43,801.36,1371.43,801.36,0,0,0,0,0,0,1029834,968000
311,586,60526333,62735916,23861,8155,87,8160,0,9,-18,9,-18,1,1,1,1371.43,801.36,1371.43,801.36,0,0,0,0,0,0,1247042,1164042
312,587,57578328,55975666,23709,8155,87,8160,0,10,-18,10,-18,1,1,1,1417.14,823.72,1417.14,823.72,0,0,0,0,0,0,863291,813416
313,588,59011671,60313416,23773,8155,87,8160,0,10,-18,10,-18,1,1,1,1417.14,823.72,1417.14,823.72,0,0,0,0,0,0,1184416,1091709
314,589,56160621,54700666,23849,8155,90,8160,0,10,-18,10,-18,1,1,1,1417.14,823.72,1417.14,823.72,0,0,0,0,0,0,851375,798500
315,590,55066503,55194917,24337,8155,87,8160,0,10,-18,10,-18,1,1,1,1417.14,823.72,1417.14,823.72,0,0,0,0,0,0,891708,827542
316,591,55248249,54495375,23925,8156,88,8161,0,10,-18,10,-18,1,1,1,1417.14,823.72,1417.14,823.72,0,0,0,0,0,0,1029458,961167
317,592,52185870,54403709,23861,8155,87,8160,0,10,-18,10,-18,1,1,1,1417.14,823.72,1417.14,823.72,0,0,0,0,0,0,897917,835750
318,593,57482171,55727250,23761,8155,87,8160,0,10,-18,10,-18,1,1,1,1417.14,823.72,1417.14,823.72,0,0,0,0,0,0,988750,919959
319,594,54289583,55912000,23773,8155,87,8160,0,10,-18,10,-18,1,1,1,1417.14,823.72,1417.14,823.72,0,0,0,0,0,0,1056250,991000
320,595,56858707,55032709,23797,8155,87,8160,0,10,-18,10,-18,1,1,1,1417.14,823.72,1417.14,823.72,0,0,0,0,0,0,785584,736167
321,596,54042454,55908417,23773,8155,87,8160,0,10,-18,10,-18,1,1,1,1417.14,823.72,1417.14,823.72,0,0,0,0,0,0,837000,766041
322,597,63259504,61090792,23761,8155,87,8160,0,10,-18,10,-18,1,1,1,1417.14,823.72,1417.14,823.72,0,0,0,0,0,0,1222250,1159167
323,598,60771167,62790375,23861,8155,90,8160,0,10,-18,10,-18,1,1,1,1417.14,823.72,1417.14,823.72,0,0,0,0,0,0,1044042,967708
324,599,67746914,64411416,24273,8155,87,8160,0,11,-18,11,-18,1,1,1,1462.86,845.83,1462.86,845.83,0,0,0,0,0,0,995417,933375
325,600,50345499,53612292,23989,8155,87,8160,0,11,-18,11,-18,1,1,1,1462.86,845.83,1462.86,845.83,0,0,0,0,0,0,1126000,1047083
326,601,54545331,53171833,23849,8155,87,8160,0,11,-18,11,-18,1,1,1,1462.86,845.83,1462.86,845.83,0,0,0,0,0,0,808334,758208
327,602,48196338,49700959,23773,8155,87,8160,0,11,-18,11,-18,1,1,1,1462.86,845.83,1462.86,845.83,0,0,0,0,0,0,811500,753000
328,603,42337499,42374458,23709,8155,87,8160,0,11,-18,11,-18,1,1,1,1462.86,845.83,1462.86,845.83,0,0,0,0,0,0,730292,688375
329,604,39252996,38044875,23709,8155,87,8160,0,11,-18,11,-18,1,1,1,1462.86,845.83,1462.86,845.83,0,0,0,0,0,0,610958,553083
330,605,35947583,37132542,23861,8155,87,8160,0,11,-18,11,-18,1,1,1,1462.86,845.83,1462.86,845.83,0,0,0,0,0,0,667166,630083
331,606,33877920,33868125,23761,8156,88,8161,0,11,-18,11,-18,1,1,1,1462.86,845.83,1462.86,845.83,0,0,0,0,0,0,552000,513583
332,607,38140788,37102208,23709,8155,87,8160,0,11,-18,11,-18,1,1,1,1462.86,845.83,1462.86,845.83,0,0,0,0,0,0,666292,631833
333,608,33071711,34087291,23773,8155,90,8160,0,11,-18,11,-18,1,1,1,1462.86,845.83,1462.86,845.83,0,0,0,0,0,0,547500,506167
334,609,34119665,34034583,23709,8155,87,8160,0,11,-18,11,-18,1,1,1,1462.86,845.83,1462.86,845.83,0,0,0,0,0,0,548333,515500
335,610,35421457,34474167,23797,8155,87,8160,0,11,-18,11,-18,1,1,1,1462.86,845.83,1462.86,845.83,0,0,0,0,0,0,596750,555875
336,611,33739916,33680625,24337,8155,87,8160,0,12,-18,12,-18,1,1,1,1508.57,868.27,1508.57,868.27,0,0,0,0,0,0,745500,712542
337,612,33373463,34374458,23977,8155,87,8160,0,12,-18,12,-18,1,1,1,1508.57,868.27,1508.57,868.27,0,0,0,0,0,0,546292,506417
338,613,37083540,35648792,23709,8155,87,8160,0,12,-18,12,-18,1,1,1,1508.57,868.27,1508.57,868.27,0,0,0,0,0,0,617125,580250
339,614,37679713,38804125,23773,8155,87,8160,0,12,-18,12,-18,1,1,1,1508.57,868.27,1508.57,868.27,0,0,0,0,0,0,990125,922750
340,615,37908494,38162625,23797,8155,87,8160,0,12,-18,12,-18,1,1,1,1508.57,868.27,1508.57,868.27,0,0,0,0,0,0,556792,519542
341,616,38898460,37714375,23709,8155,87,8160,0,12,-18,12,-18,1,1,1,1508.57,868.27,1508.57,868.27,0,0,0,0,0,0,588291,549792
342,617,35516496,36473375,23773,8155,87,8160,0,12,-18,12,-18,1,1,1,1508.57,868.27,1508.57,868.27,0,0,0,0,0,0,598250,564542
343,618,38884792,38858042,23761,8155,87,8160,0,12,-18,12,-18,1,1,1,1508.57,868.27,1508.57,868.27,0,0,0,0,0,0,924708,879916
344,619,40846370,39832500,23797,8155,87,8160,0,12,-18,12,-18,1,1,1,1508.57,868.27,1508.57,868.27,0,0,0,0,0,0,582833,550167
345,620,45499753,46601334,23773,8155,87,8160,0,12,-18,12,-18,1,1,1,1508.57,868.27,1508.57,868.27,0,0,0,0,0,0,730042,673625
346,621,68052664,66047708,23709,8156,88,8161,0,12,-18,12,-18,1,1,1,1508.57,868.27,1508.57,868.27,0,0,0,0,0,0,1586166,1519416
347,622,65162420,66954375,23861,8155,90,8160,0,12,-18,12,-18,1,1,1,1508.57,868.27,1508.57,868.27,0,0,0,0,0,0,1146958,1072333
348,623,89494705,83965208,24325,8155,87,8160,0,13,-18,13,-18,1,1,1,1554.29,892.25,1554.29,892.25,0,0,0,0,0,0,977416,922875
349,624,75440585,80799833,24077,8155,87,8160,0,13,-18,13,-18,1,1,1,1554.29,892.25,1554.29,892.25,0,0,0,0,0,0,1247584,1174625
350,625,67119084,65295875,23709,8155,87,8160,0,13,-18,13,-18,1,1,1,1554.29,892.25,1554.29,892.25,0,0,0,0,0,0,955584,893500
351,626,68811461,70568166,23825,8155,87,8160,0,13,-18,13,-18,1,1,1,1554.29,892.25,1554.29,892.25,0,0,0,0,0,0,997500,923666
352,627,59480916,58093250,23797,8155,87,8160,0,13,-18,13,-18,1,1,1,1554.29,892.25,1554.29,892.25,0,0,0,0,0,0,1011000,949166
353,628,57576544,59165333,23773,8155,87,8160,0,13,-18,13,-18,1,1,1,1554.29,892.25,1554.29,892.25,0,0,0,0,0,0,903708,833917
354,629,49964081,48521958,23709,8155,90,8160,0,13,-18,13,-18,1,1,1,1554.29,892.25,1554.29,892.25,0,0,0,0,0,0,742584,700209
355,630,47003585,46890125,24477,8155,87,8160,0,13,-18,13,-18,1,1,1,1554.29,892.25,1554.29,892.25,0,0,0,0,0,0,717875,670292
356,631,45276287,46813209,23925,8155,87,8160,0,13,-18,13,-18,1,1,1,1554.29,892.25,1554.29,892.25,0,0,0,0,0,0,714917,671208
357,632,49098335,47563583,23709,8155,87,8160,0,13,-18,13,-18,1,1,1,1554.29,892.25,1554.29,892.25,0,0,0,0,0,0,868500,799250
358,633,48393245,49719791,23773,8155,87,8160,0,13,-18,13,-18,1,1,1,1554.29,892.25,1554.29,892.25,0,0,0,0,0,0,687250,646750
359,634,58538336,56881834,23797,8155,87,8160,0,13,-18,13,-18,1,1,1,1554.29,892.25,1554.29,892.25,0,0,0,0,0,0,838458,770583
360,635,53002707,54694375,23825,8155,87,8160,0,14,-18,14,-18,1,1,1,1600,918.02,1600,918.02,0,0,0,0,0,0,851791,803000
361,636,65521411,63612375,23709,8156,88,8161,0,14,-18,14,-18,1,1,1,1600,918.02,1600,918.02,0,0,0,0,0,0,1036042,960583
362,637,67278921,69120000,23861,8155,87,8160,0,14,-18,14,-18,1,1,1,1600,918.02,1600,918.02,0,0,0,0,0,0,1069167,1005541
363,638,57203456,55108792,23709,8155,90,8160,0,14,-18,14,-18,1,1,1,1600,918.02,1600,918.02,0,0,0,0,0,0,826958,760958
364,639,57139165,57424250,24389,8155,87,8160,0,14,-18,14,-18,1,1,1,1600,918.02,1600,918.02,0,0,0,0,0,0,1214458,1159583
365,640,53161080,53448584,24013,8155,87,8160,0,14,-18,14,-18,1,1,1,1600,918.02,1600,918.02,0,0,0,0,0,0,838625,769542
366,641,48303835,49829875,23773,8155,87,8160,0,14,-18,14,-18,1,1,1,1600,918.02,1600,918.02,0,0,0,0,0,0,1227542,1157666
367,642,45269750,45197167,23709,8155,87,8160,0,14,-18,14,-18,1,1,1,1600,918.02,1600,918.02,0,0,0,0,0,0,710209,654667
368,643,45143749,43834500,23761,8155,87,8160,0,14,-18,14,-18,1,1,1,1600,918.02,1600,918.02,0,0,0,0,0,0,725834,683583
369,644,41043836,42392500,23861,8155,87,8160,0,14,-18,14,-18,1,1,1,1600,918.02,1600,918.02,0,0,0,0,0,0,744000,685666
370,645,40069919,40063583,23709,8155,87,8160,0,14,-18,14,-18,1,1,1,1600,918.02,1600,918.02,0,0,0,0,0,0,596041,560584
371,646,43442998,41946708,23709,8155,87,8160,0,14,-18,14,-18,1,1,1,1600,918.02,1600,918.02,0,0,0,0,0,0,756750,698291
372,647,44916957,46130625,23773,8155,87,8160,0,15,-18,15,-18,1,1,1,1645.71,944.98,1645.71,944.98,0,0,0,0,0,0,721542,675750
373,648,40328629,40522125,23849,8155,90,8160,0,15,-18,15,-18,1,1,1,1645.71,944.98,1645.71,944.98,0,0,0,0,0,0,723667,669916
374,649,42556915,40950208,23709,8155,87,8160,0,15,-18,15,-18,1,1,1,1645.71,944.98,1645.71,944.98,0,0,0,0,0,0,595791,558750
375,650,38860622,40334750,23773,8155,87,8160,0,15,-18,15,-18,1,1,1,1645.71,944.98,1645.71,944.98,0,0,0,0,0,0,627708,582458
376,651,46206206,44427666,24273,8156,88,8161,0,15,-18,15,-18,1,1,1,1645.71,944.98,1645.71,944.98,0,0,0,0,0,0,744708,709292
377,652,46610374,46956417,24013,8155,87,8160,0,15,-18,15,-18,1,1,1,1645.71,944.98,1645.71,944.98,0,0,0,0,0,0,708583,658167
378,653,52480798,53812041,23825,8155,87,8160,0,15,-18,15,-18,1,1,1,1645.71,944.98,1645.71,944.98,0,0,0,0,0,0,802000,750833
379,654,66465742,64423792,23709,8155,87,8160,0,15,-18,15,-18,1,1,1,1645.71,944.98,1645.71,944.98,0,0,0,0,0,0,935833,867708
380,655,66446878,68331416,23861,8155,87,8160,0,15,-18,15,-18,1,1,1,1645.71,944.98,1645.71,944.98,0,0,0,0,0,0,1021042,917291
381,656,70084966,67839083,23709,8155,87,8160,0,15,-18,15,-18,1,1,1,1645.71,944.98,1645.71,944.98,0,0,0,0,0,0,1006708,930792
382,657,72422541,74554583,23825,8155,87,8160,0,15,-18,15,-18,1,1,1,1645.71,944.98,1645.71,944.98,0,0,0,0,0,0,1478416,1413667
383,658,68066164,66668917,23797,8155,90,8160,0,15,-18,15,-18,1,1,1,1645.71,944.98,1645.71,944.98,0,0,0,0,0,0,1052250,976500
384,659,56188087,56208417,24337,8155,87,8160,0,16,-18,16,-18,1,1,1,1691.43,972.01,1691.43,972.01,0,0,0,0,0,0,1138625,1082667
385,660,55285289,54971291,23925,8155,87,8160,0,16,-18,16,-18,1,1,1,1691.43,972.01,1691.43,972.01,0,0,0,0,0,0,894459,815375
386,661,53988542,55775791,23913,8155,87,8160,0,16,-18,16,-18,1,1,1,1691.43,972.01,1691.43,972.01,0,0,0,0,0,0,813250,763834
387,662,57821337,56305500,23709,8155,87,8160,0,16,-18,16,-18,1,1,1,1691.43,972.01,1691.43,972.01,0,0,0,0,0,0,1127709,1020250
388,663,54120160,55372083,23773,8155,87,8160,0,16,-18,16,-18,1,1,1,1691.43,972.01,1691.43,972.01,0,0,0,0,0,0,857875,756958
389,664,57606045,56339792,23797,8155,87,8160,0,16,-18,16,-18,1,1,1,1691.43,972.01,1691.43,972.01,0,0,0,0,0,0,812375,747875
390,665,54089333,55475084,23825,8155,87,8160,0,16,-18,16,-18,1,1,1,1691.43,972.01,1691.43,972.01,0,0,0,0,0,0,787625,738458
391,666,61830166,59885292,23709,8156,88,8161,0,16,-18,16,-18,1,1,1,1691.43,972.01,1691.43,972.01,0,0,0,0,0,0,888250,825833
392,667,54308623,56178250,23861,8155,90,8160,0,16,-18,16,-18,1,1,1,1691.43,972.01,1691.43,972.01,0,0,0,0,0,0,836625,787750
393,668,58360416,55615042,24273,8155,87,8160,0,16,-18,16,-18,1,1,1,1691.43,972.01,1691.43,972.01,0,0,0,0,0,0,795583,737583
394,669,51974248,54693750,24041,8155,87,8160,0,16,-18,16,-18,1,1,1,1691.43,972.01,1691.43,972.01,0,0,0,0,0,0,894041,845125
395,670,62906295,61313000,23797,8155,87,8160,0,16,-18,16,-18,1,1,1,1691.43,972.01,1691.43,972.01,0,0,0,0,0,0,1127042,1019833
396,671,64569249,66118917,23773,8155,87,8160,0,15,-18,15,-18,1,1,1,1645.71,944.98,1645.71,944.98,0,0,0,0,0,0,850708,799417
397,672,61648208,59853375,23709,8155,87,8160,0,15,-18,15,-18,1,1,1,1645.71,944.98,1645.71,944.98,0,0,0,0,0,0,1102125,933042
398,673,52673958,54471500,23913,8155,87,8160,0,15,-18,15,-18,1,1,1,1645.71,944.98,1645.71,944.98,0,0,0,0,0,0,840583,790208
399,674,57102538,55598834,23709,8155,87,8160,0,15,-18,15,-18,1,1,1,1645.71,944.98,1645.71,944.98,0,0,0,0,0,0,804958,744458
400,675,50254754,51712500,23773,8155,90,8160,0,15,-18,15,-18,1,1,1,1645.71,944.98,1645.71,944.98,0,0,0,0,0,0,802708,752083
401,676,46640206,46650083,23797,8155,87,8160,0,15,-18,15,-18,1,1,1,1645.71,944.98,1645.71,944.98,0,0,0,0,0,0,794959,738750
402,677,48117749,45346333,24325,8155,87,8160,0,15,-18,15,-18,1,1,1,1645.71,944.98,1645.71,944.98,0,0,0,0,0,0,711500,670041
403,678,40031541,42846542,23989,8155,87,8160,0,15,-18,15,-18,1,1,1,1645.71,944.98,1645.71,944.98,0,0,0,0,0,0,649083,604333
404,679,45665580,45470000,23709,8155,87,8160,0,15,-18,15,-18,1,1,1,1645.71,944.98,1645.71,944.98,0,0,0,0,0,0,837083,787125
405,680,48567667,47486625,23797,8155,87,8160,0,15,-18,15,-18,1,1,1,1645.71,944.98,1645.71,944.98,0,0,0,0,0,0,745500,696958
406,681,47658085,48581458,23773,8156,88,8161,0,15,-18,15,-18,1,1,1,1645.71,944.98,1645.71,944.98,0,0,0,0,0,0,683541,643541
407,682,56199122,54814750,23761,8155,87,8160,0,15,-18,15,-18,1,1,1,1645.71,944.98,1645.71,944.98,0,0,0,0,0,0,833500,769375
408,683,62920629,64352042,23861,8155,87,8160,0,14,-18,14,-18,1,1,1,1600,918.02,1600,918.02,0,0,0,0,0,0,1275708,1209959
409,684,74576504,72511709,23709,8155,87,8160,0,14,-18,14,-18,1,1,1,1600,918.02,1600,918.02,0,0,0,0,0,0,1405042,1311958
410,685,68907245,70805083,23773,8155,90,8160,0,14,-18,14,-18,1,1,1,1600,918.02,1600,918.02,0,0,0,0,0,0,1035833,963792
411,686,68305253,65596250,24413,8155,87,8160,0,14,-18,14,-18,1,1,1,1600,918.02,1600,918.02,0,0,0,0,0,0,1029500,936250
412,687,53016871,55846834,23989,8155,87,8160,0,14,-18,14,-18,1,1,1,1600,918.02,1600,918.02,0,0,0,0,0,0,829666,779291
413,688,56362748,54849791,23709,8155,87,8160,0,14,-18,14,-18,1,1,1,1600,918.02,1600,918.02,0,0,0,0,0,0,807000,741417
414,689,55418588,56658333,23861,8155,87,8160,0,14,-18,14,-18,1,1,1,1600,918.02,1600,918.02,0,0,0,0,0,0,1320000,1257250
415,690,57424582,56122333,23761,8155,87,8160,0,14,-18,14,-18,1,1,1,1600,918.02,1600,918.02,0,0,0,0,0,0,880125,816584
416,691,52950624,54378875,23773,8155,87,8160,0,14,-18,14,-18,1,1,1,1600,918.02,1600,918.02,0,0,0,0,0,0,805125,755291
417,692,63086837,61507084,23797,8155,87,8160,0,14,-18,14,-18,1,1,1,1600,918.02,1600,918.02,0,0,0,0,0,0,872792,807833
418,693,53705208,55304291,23773,8155,90,8160,0,14,-18,14,-18,1,1,1,1600,918.02,1600,918.02,0,0,0,0,0,0,858750,797292
419,694,59798669,56709875,24325,8155,87,8160,0,14,-18,14,-18,1,1,1,1600,918.02,1600,918.02,0,0,0,0,0,0,881709,821833
420,695,53712125,56757917,24077,8155,87,8160,0,13,-18,13,-18,1,1,1,1554.29,892.25,1554.29,892.25,0,0,0,0,0,0,795292,745959
421,696,62109459,59629834,23709,8156,88,8161,0,13,-18,13,-18,1,1,1,1554.29,892.25,1554.29,892.25,0,0,0,0,0,0,822583,746459
422,697,59850912,62201834,23773,8155,87,8160,0,13,-18,13,-18,1,1,1,1554.29,892.25,1554.29,892.25,0,0,0,0,0,0,1011958,948917
423,698,58446500,56360500,23849,8155,87,8160,0,13,-18,13,-18,1,1,1,1554.29,892.25,1554.29,892.25,0,0,0,0,0,0,993000,881875
424,699,54668296,56774708,23773,8155,87,8160,0,13,-18,13,-18,1,1,1,1554.29,892.25,1554.29,892.25,0,0,0,0,0,0,894542,844666
425,700,55583871,53960667,23709,8155,87,8160,0,13,-18,13,-18,1,1,1,1554.29,892.25,1554.29,892.25,0,0,0,0,0,0,878125,814916
426,701,55474419,57009084,23861,8155,87,8160,0,13,-18,13,-18,1,1,1,1554.29,892.25,1554.29,892.25,0,0,0,0,0,0,898167,846500
427,702,49214702,48037667,23761,8155,90,8160,0,13,-18,13,-18,1,1,1,1554.29,892.25,1554.29,892.25,0,0,0,0,0,0,795666,731625
428,703,41230667,42488375,23773,8155,87,8160,0,13,-18,13,-18,1,1,1,1554.29,892.25,1554.29,892.25,0,0,0,0,0,0,702250,660292
429,704,39925213,38747500,24273,8155,87,8160,0,13,-18,13,-18,1,1,1,1554.29,892.25,1554.29,892.25,0,0,0,0,0,0,625417,578584
430,705,35645328,35694208,24013,8155,87,8160,0,13,-18,13,-18,1,1,1,1554.29,892.25,1554.29,892.25,0,0,0,0,0,0,672709,633417
431,706,33098708,34224458,23773,8155,87,8160,0,13,-18,13,-18,1,1,1,1554.29,892.25,1554.29,892.25,0,0,0,0,0,0,582166,541583
432,707,33735457,33695250,23709,8155,87,8160,0,12,-18,12,-18,1,1,1,1508.57,868.27,1508.57,868.27,0,0,0,0,0,0,574667,540708
433,708,34836579,33835667,23761,8155,87,8160,0,12,-18,12,-18,1,1,1,1508.57,868.27,1508.57,868.27,0,0,0,0,0,0,584167,541916
434,709,32717458,33645833,23773,8155,87,8160,0,12,-18,12,-18,1,1,1,1508.57,868.27,1508.57,868.27,0,0,0,0,0,0,595583,562875
435,710,33536791,33593250,23797,8155,87,8160,0,12,-18,12,-18,1,1,1,1508.57,868.27,1508.57,868.27,0,0,0,0,0,0,554791,500834
436,711,35011917,33977541,23709,8156,88,8161,0,12,-18,12,-18,1,1,1,1508.57,868.27,1508.57,868.27,0,0,0,0,0,0,576583,542125
437,712,33084247,34086541,23773,8155,87,8160,0,12,-18,12,-18,1,1,1,1508.57,868.27,1508.57,868.27,0,0,0,0,0,0,548750,506833
438,713,33748582,33731875,23709,8155,87,8160,0,12,-18,12,-18,1,1,1,1508.57,868.27,1508.57,868.27,0,0,0,0,0,0,535583,502750
439,714,37605080,36536542,23761,8155,87,8160,0,12,-18,12,-18,1,1,1,1508.57,868.27,1508.57,868.27,0,0,0,0,0,0,687125,619625
440,715,32694049,33723375,23861,8155,90,8160,0,12,-18,12,-18,1,1,1,1508.57,868.27,1508.57,868.27,0,0,0,0,0,0,593833,561375
441,716,31509663,31520041,23709,8155,87,8160,0,12,-18,12,-18,1,1,1,1508.57,868.27,1508.57,868.27,0,0,0,0,0,0,514208,479334
442,717,31361956,31323375,23709,8155,87,8160,0,12,-18,12,-18,1,1,1,1508.57,868.27,1508.57,868.27,0,0,0,0,0,0,500667,470458
443,718,36328714,34561667,24273,8155,87,8160,0,12,-18,12,-18,1,1,1,1508.57,868.27,1508.57,868.27,0,0,0,0,0,0,550208,508709
444,719,35452201,37095250,23989,8155,87,8160,0,11,-18,11,-18,1,1,1,1462.86,845.83,1462.86,845.83,0,0,0,0,0,0,623125,589667
445,720,36658462,36615834,23849,8155,87,8160,0,11,-18,11,-18,1,1,1,1462.86,845.83,1462.86,845.83,0,0,0,0,0,0,598792,559458
446,721,39461955,38437875,23709,8155,87,8160,0,11,-18,11,-18,1,1,1,1462.86,845.83,1462.86,845.83,0,0,0,0,0,0,565792,525750
447,722,34412335,35509792,23773,8155,87,8160,0,11,-18,11,-18,1,1,1,1462.86,845.83,1462.86,845.83,0,0,0,0,0,0,622083,579792
448,723,35682085,35657250,23709,8155,87,8160,0,11,-18,11,-18,1,1,1,1462.86,845.83,1462.86,845.83,0,0,0,0,0,0,549166,515500
449,724,39374623,38110750,23709,8155,87,8160,0,11,-18,11,-18,1,1,1,1462.86,845.83,1462.86,845.83,0,0,0,0,0,0,547709,509625
450,725,43285954,44307167,23861,8155,87,8160,0,11,-18,11,-18,1,1,1,1462.86,845.83,1462.86,845.83,0,0,0,0,0,0,704459,666500
451,726,54772872,54778333,23761,8156,88,8161,0,11,-18,11,-18,1,1,1,1462.86,845.83,1462.86,845.83,0,0,0,0,0,0,796334,737000
452,727,73897756,71870041,23709,8155,87,8160,0,11,-18,11,-18,1,1,1,1462.86,845.83,1462.86,845.83,0,0,0,0,0,0,1123708,1051458
453,728,72190999,73974208,23861,8155,90,8160,0,11,-18,11,-18,1,1,1,1462.86,845.83,1462.86,845.83,0,0,0,0,0,0,1015708,940584
454,729,75788289,72323791,24325,8155,87,8160,0,11,-18,11,-18,1,1,1,1462.86,845.83,1462.86,845.83,0,0,0,0,0,0,2154334,2094166
455,730,62928624,66369125,23989,8155,87,8160,0,11,-18,11,-18,1,1,1,1462.86,845.83,1462.86,845.83,0,0,0,0,0,0,1037000,940084
456,731,71089707,68665791,23797,8155,87,8160,0,10,-18,10,-18,1,1,1,1417.14,823.72,1417.14,823.72,0,0,0,0,0,0,1019959,957625
457,732,55737335,58303250,23825,8155,87,8160,0,10,-18,10,-18,1,1,1,1417.14,823.72,1417.14,823.72,0,0,0,0,0,0,1093084,1006916
458,733,53039081,51782667,23709,8155,87,8160,0,10,-18,10,-18,1,1,1,1417.14,823.72,1417.14,823.72,0,0,0,0,0,0,793333,743791
459,734,46645123,47894209,23861,8155,87,8160,0,10,-18,10,-18,1,1,1,1417.14,823.72,1417.14,823.72,0,0,0,0,0,0,725375,668791
460,735,51461629,51413166,23709,8155,87,8160,0,10,-18,10,-18,1,1,1,1417.14,823.72,1417.14,823.72,0,0,0,0,0,0,984541,939667
461,736,49439080,48199958,23761,8155,90,8160,0,10,-18,10,-18,1,1,1,1417.14,823.72,1417.14,823.72,0,0,0,0,0,0,693125,644875
462,737,44914916,46116791,23773,8155,87,8160,0,10,-18,10,-18,1,1,1,1417.14,823.72,1417.14,823.72,0,0,0,0,0,0,713708,672709
463,738,57547088,54744875,24361,8155,87,8160,0,10,-18,10,-18,1,1,1,1417.14,823.72,1417.14,823.72,0,0,0,0,0,0,680833,630375
464,739,51544416,54270125,23989,8155,87,8160,0,10,-18,10,-18,1,1,1,1417.14,823.72,1417.14,823.72,0,0,0,0,0,0,783083,734125
465,740,65452873,63227250,23761,8155,87,8160,0,10,-18,10,-18,1,1,1,1417.14,823.72,1417.14,823.72,0,0,0,0,0,0,956375,852417
466,741,61215080,63412417,23861,8156,88,8161,0,10,-18,10,-18,1,1,1,1417.14,823.72,1417.14,823.72,0,0,0,0,0,0,985500,909333
467,742,57426750,55909917,23709,8155,87,8160,0,10,-18,10,-18,1,1,1,1417.14,823.72,1417.14,823.72,0,0,0,0,0,0,805042,743000
468,743,54150376,55551000,23773,8155,87,8160,0,9,-18,9,-18,1,1,1,1371.43,801.36,1371.43,801.36,0,0,0,0,0,0,993917,939083
469,744,56764207,55290708,23849,8155,87,8160,0,9,-18,9,-18,1,1,1,1371.43,801.36,1371.43,801.36,0,0,0,0,0,0,876000,820375
470,745,49608334,51176416,23773,8155,90,8160,0,9,-18,9,-18,1,1,1,1371.43,801.36,1371.43,801.36,0,0,0,0,0,0,814583,767958
471,746,42994458,43009625,23709,8155,87,8160,0,9,-18,9,-18,1,1,1,1371.43,801.36,1371.43,801.36,0,0,0,0,0,0,710042,664541
472,747,43453544,41438458,24273,8155,87,8160,0,9,-18,9,-18,1,1,1,1371.43,801.36,1371.43,801.36,0,0,0,0,0,0,692209,650209
473,748,35952329,37956667,24077,8155,87,8160,0,9,-18,9,-18,1,1,1,1371.43,801.36,1371.43,801.36,0,0,0,0,0,0,633166,577542
474,749,35586960,35567209,23761,8155,87,8160,0,9,-18,9,-18,1,1,1,1371.43,801.36,1371.43,801.36,0,0,0,0,0,0,604083,569167
475,750,35043332,33885708,23709,8155,87,8160,0,9,-18,9,-18,1,1,1,1371.43,801.36,1371.43,801.36,0,0,0,0,0,0,571333,534625
476,751,32843418,33980541,23773,8155,87,8160,0,9,-18,9,-18,1,1,1,1371.43,801.36,1371.43,801.36,0,0,0,0,0,0,621958,590333
477,752,33881668,33838084,23709,8155,87,8160,0,9,-18,9,-18,1,1,1,1371.43,801.36,1371.43,801.36,0,0,0,0,0,0,573875,532042
478,753,34911371,33924292,23797,8155,87,8160,0,9,-18,9,-18,1,1,1,1371.43,801.36,1371.43,801.36,0,0,0,0,0,0,552375,519917
479,754,32662123,33659333,23773,8155,87,8160,0,9,-18,9,-18,1,1,1,1371.43,801.36,1371.43,801.36,0,0,0,0,0,0,605916,551042
480,755,33779874,33746791,23761,8155,87,8160,0,8,-18,8,-18,1,1,1,1325.71,772.98,1325.71,772.98,0,0,0,0,0,0,560917,529792
481,756,34393128,33391583,23709,8156,88,8161,0,8,-18,8,-18,1,1,1,1325.71,772.98,1325.71,772.98,0,0,0,0,0,0,566708,518334
482,757,36220330,37114292,23773,8155,87,8160,0,8,-18,8,-18,1,1,1,1325.71,772.98,1325.71,772.98,0,0,0,0,0,0,627375,594916
483,758,33115003,33201375,23797,8155,90,8160,0,8,-18,8,-18,1,1,1,1325.71,772.98,1325.71,772.98,0,0,0,0,0,0,545083,505708
484,759,31204337,30250083,23709,8155,87,8160,0,8,-18,8,-18,1,1,1,1325.71,772.98,1325.71,772.98,0,0,0,0,0,0,510166,480334
485,760,29340745,30250833,23773,8155,87,8160,0,8,-18,8,-18,1,1,1,1325.71,772.98,1325.71,772.98,0,0,0,0,0,0,546083,504084
486,761,31714830,31719042,23709,8155,87,8160,0,8,-18,8,-18,1,1,1,1325.71,772.98,1325.71,772.98,0,0,0,0,0,0,544791,515833
487,762,31140547,30131458,24325,8155,87,8160,0,8,-18,8,-18,1,1,1,1325.71,772.98,1325.71,772.98,0,0,0,0,0,0,501250,466541
488,763,31587790,31628583,24013,8155,87,8160,0,8,-18,8,-18,1,1,1,1325.71,772.98,1325.71,772.98,0,0,0,0,0,0,519291,490625
489,764,32225955,33141667,23773,8155,87,8160,0,8,-18,8,-18,1,1,1,1325.71,772.98,1325.71,772.98,0,0,0,0,0,0,503458,472000
490,765,33704124,33681917,23709,8155,87,8160,0,8,-18,8,-18,1,1,1,1325.71,772.98,1325.71,772.98,0,0,0,0,0,0,561000,528917
491,766,34541837,33524958,23709,8155,87,8160,0,8,-18,8,-18,1,1,1,1325.71,772.98,1325.71,772.98,0,0,0,0,0,0,554792,511750
492,767,36061707,36994625,23773,8155,87,8160,0,7,-18,7,-18,1,1,1,1280,736.66,1280,736.66,0,0,0,0,0,0,602583,566667
493,768,35075709,35127792,23797,8155,87,8160,0,7,-18,7,-18,1,1,1,1280,736.66,1280,736.66,0,0,0,0,0,0,605084,554291
494,769,37330079,35998250,23761,8155,87,8160,0,7,-18,7,-18,1,1,1,1280,736.66,1280,736.66,0,0,0,0,0,0,575417,540750
495,770,35175085,36322833,23773,8155,87,8160,0,7,-18,7,-18,1,1,1,1280,736.66,1280,736.66,0,0,0,0,0,0,577208,536709
496,771,37630122,37569125,23709,8156,88,8161,0,7,-18,7,-18,1,1,1,1280,736.66,1280,736.66,0,0,0,0,0,0,547791,515459
497,772,42352963,41125250,23709,8155,87,8160,0,7,-18,7,-18,1,1,1,1280,736.66,1280,736.66,0,0,0,0,0,0,725541,680500
498,773,40633752,41925417,23861,8155,90,8160,0,7,-18,7,-18,1,1,1,1280,736.66,1280,736.66,0,0,0,0,0,0,801667,765333
499,774,47878328,47739417,23709,8155,87,8160,0,7,-18,7,-18,1,1,1,1280,736.66,1280,736.66,0,0,0,0,0,0,734667,671125
500,775,65736919,62264125,24325,8155,87,8160,0,7,-18,7,-18,1,1,1,1280,736.66,1280,736.66,0,0,0,0,0,0,789417,740541
501,776,64875870,68163583,24077,8155,87,8160,0,7,-18,7,-18,1,1,1,1280,736.66,1280,736.66,0,0,0,0,0,0,1021000,946917
502,777,73379166,71486917,23709,8155,87,8160,0,7,-18,7,-18,1,1,1,1280,736.66,1280,736.66,0,0,0,0,0,0,1119209,1058458
503,778,66091954,67827292,23825,8155,87,8160,0,7,-18,7,-18,1,1,1,1280,736.66,1280,736.66,0,0,0,0,0,0,1023917,929583
504,779,68597547,66908416,23797,8155,87,8160,0,6,-18,6,-18,1,1,1,1234.29,696.59,1234.29,696.59,0,0,0,0,0,0,983459,926125
505,780,63483372,65313041,23773,8155,87,8160,0,6,-18,6,-18,1,1,1,1234.29,696.59,1234.29,696.59,0,0,0,0,0,0,1063209,977000
506,781,60962960,59282250,23761,8155,87,8160,0,6,-18,6,-18,1,1,1,1234.29,696.59,1234.29,696.59,0,0,0,0,0,0,1348084,1280833
507,782,54231751,55855291,23861,8155,90,8160,0,6,-18,6,-18,1,1,1,1234.29,696.59,1234.29,696.59,0,0,0,0,0,0,899584,837208
508,783,49881659,47000541,24273,8155,87,8160,0,6,-18,6,-18,1,1,1,1234.29,696.59,1234.29,696.59,0,0,0,0,0,0,701875,661167
509,784,45450877,48271667,23989,8155,87,8160,0,6,-18,6,-18,1,1,1,1234.29,696.59,1234.29,696.59,0,0,0,0,0,0,766500,711833
510,785,49844287,49592416,23761,8155,87,8160,0,6,-18,6,-18,1,1,1,1234.29,696.59,1234.29,696.59,0,0,0,0,0,0,1131875,1067709
511,786,58842997,57419667,23797,8156,88,8161,0,6,-18,6,-18,1,1,1,1234.29,696.59,1234.29,696.59,0,0,0,0,0,0,1193458,1126042
512,787,53757626,55224292,23773,8155,87,8160,0,6,-18,6,-18,1,1,1,1234.29,696.59,1234.29,696.59,0,0,0,0,0,0,863125,817875
513,788,63594833,61623000,23709,8155,87,8160,0,6,-18,6,-18,1,1,1,1234.29,696.59,1234.29,696.59,0,0,0,0,0,0,805958,737916
514,789,61306044,63281250,23913,8155,87,8160,0,6,-18,6,-18,1,1,1,1234.29,696.59,1234.29,696.59,0,0,0,0,0,0,1344416,1274625
515,790,73824457,72204750,23709,8155,87,8160,0,6,-18,6,-18,1,1,1,1234.29,696.59,1234.29,696.59,0,0,0,0,0,0,1049458,969000
516,791,60552120,60499833,24337,8155,90,8160,0,5,-18,5,-18,1,1,1,1188.57,662.98,1188.57,662.98,0,0,0,0,0,0,1214708,1141833
517,792,53176749,53420333,24013,8155,87,8160,0,5,-18,5,-18,1,1,1,1188.57,662.98,1188.57,662.98,0,0,0,0,0,0,814625,756250
518,793,48646338,50117458,23825,8155,87,8160,0,5,-18,5,-18,1,1,1,1188.57,662.98,1188.57,662.98,0,0,0,0,0,0,854042,807375
519,794,43808419,43821000,23709,8155,87,8160,0,5,-18,5,-18,1,1,1,1188.57,662.98,1188.57,662.98,0,0,0,0,0,0,744333,694667
520,795,41432291,40261084,23709,8155,87,8160,0,5,-18,5,-18,1,1,1,1188.57,662.98,1188.57,662.98,0,0,0,0,0,0,739541,699250
521,796,36294706,37485834,23861,8155,87,8160,0,5,-18,5,-18,1,1,1,1188.57,662.98,1188.57,662.98,0,0,0,0,0,0,676416,634125
522,797,34012038,33978000,23709,8155,87,8160,0,5,-18,5,-18,1,1,1,1188.57,662.98,1188.57,662.98,0,0,0,0,0,0,550250,518917
523,798,35181626,34176417,23761,8155,87,8160,0,5,-18,5,-18,1,1,1,1188.57,662.98,1188.57,662.98,0,0,0,0,0,0,598208,537042
524,799,33100835,34008792,23773,8155,87,8160,0,5,-18,5,-18,1,1,1,1188.57,662.98,1188.57,662.98,0,0,0,0,0,0,564083,531375
525,800,37032205,37051500,23709,8155,87,8160,0,5,-18,5,-18,1,1,1,1188.57,662.98,1188.57,662.98,0,0,0,0,0,0,713583,669542
526,801,34513540,33546125,23797,8156,91,8161,0,5,-18,5,-18,1,1,1,1188.57,662.98,1188.57,662.98,0,0,0,0,0,0,541500,510291
527,802,32462295,33456666,23773,8155,87,8160,0,5,-18,5,-18,1,1,1,1188.57,662.98,1188.57,662.98,0,0,0,0,0,0,601833,567459
528,803,34166540,34140334,23289,8155,87,8160,0,4,-18,4,-18,1,1,1,1142.86,635.99,1142.86,635.99,0,0,0,0,0,0,585791,547375
529,804,35211332,33426666,23905,8085,87,8090,0,4,-18,4,-18,1,1,1,1142.86,635.99,1142.86,635.99,0,0,0,0,0,0,514000,486625
530,805,30922668,32591917,23569,8085,87,8090,0,4,-18,4,-18,1,1,1,1142.86,635.99,1142.86,635.99,0,0,0,0,0,0,545959,519250
531,806,35205081,35307875,26827,8085,87,8090,0,4,-18,4,-18,1,1,1,1142.86,635.99,1142.86,635.99,0,0,0,0,0,0,468791,440125
532,807,30361458,30354459,25967,8085,87,8090,0,4,-18,4,-18,1,1,1,1142.86,635.99,1142.86,635.99,0,0,0,0,0,0,485417,459584
533,808,31897958,30975500,23289,8085,87,8090,0,4,-18,4,-18,1,1,1,1142.86,635.99,1142.86,635.99,0,0,0,0,0,0,480417,453417
534,809,31927168,32635583,23353,8085,87,8090,0,4,-18,4,-18,1,1,1,1142.86,635.99,1142.86,635.99,0,0,0,0,0,0,511417,480250
535,810,37012670,36953709,23289,8085,87,8090,0,4,-18,4,-18,1,1,1,1142.86,635.99,1142.86,635.99,0,0,0,0,0,0,549583,519584
536,811,39420083,38533750,23429,8085,87,8090,0,4,-18,4,-18,1,1,1,1142.86,635.99,1142.86,635.99,0,0,0,0,0,0,800208,761125
537,812,35927750,36949583,23353,8085,87,8090,0,4,-18,4,-18,1,1,1,1142.86,635.99,1142.86,635.99,0,0,0,0,0,0,560583,522833
538,813,38099665,38058208,23289,8085,87,8090,0,4,-18,4,-18,1,1,1,1142.86,635.99,1142.86,635.99,0,0,0,0,0,0,904375,872333
539,814,37679620,36640000,23289,8085,87,8090,0,4,-18,4,-18,1,1,1,1142.86,635.99,1142.86,635.99,0,0,0,0,0,0,516542,488875
540,815,41209630,42218042,23441,8085,87,8090,0,3,-18,3,-18,1,1,1,1097.14,613.14,1097.14,613.14,0,0,0,0,0,0,574792,532375
541,816,45467749,45318042,23289,8086,91,8091,0,3,-18,3,-18,1,1,1,1097.14,613.14,1097.14,613.14,0,0,0,0,0,0,570292,538583
542,817,62999367,59665625,23341,8085,87,8090,0,3,-18,3,-18,1,1,1,1097.14,613.14,1097.14,613.14,0,0,0,0,0,0,731125,690541
543,818,65799042,68928041,24133,8085,87,8090,0,3,-18,3,-18,1,1,1,1097.14,613.14,1097.14,613.14,0,0,0,0,0,0,903958,844125
544,819,74952706,72664084,23377,8085,87,8090,0,3,-18,3,-18,1,1,1,1097.14,613.14,1097.14,613.14,0,0,0,0,0,0,872375,821250
545,820,70216752,72397500,23405,8085,87,8090,0,3,-18,3,-18,1,1,1,1097.14,613.14,1097.14,613.14,0,0,0,0,0,0,980833,918625
546,821,71793504,69963208,23289,8085,87,8090,0,3,-18,3,-18,1,1,1,1097.14,613.14,1097.14,613.14,0,0,0,0,0,0,1178458,1093417
547,822,67398123,69248458,23441,8085,87,8090,0,3,-18,3,-18,1,1,1,1097.14,613.14,1097.14,613.14,0,0,0,0,0,0,930000,876625
548,823,65717421,64162000,23341,8085,87,8090,0,3,-18,3,-18,1,1,1,1097.14,613.14,1097.14,613.14,0,0,0,0,0,0,967958,914000
549,824,49883376,51423334,23353,8085,90,8090,0,3,-18,3,-18,1,1,1,1097.14,613.14,1097.14,613.14,0,0,0,0,0,0,802917,748125
550,825,47012962,45898125,23941,8085,87,8090,0,3,-18,3,-18,1,1,1,1097.14,613.14,1097.14,613.14,0,0,0,0,0,0,682833,644584
551,826,43497744,43323917,23505,8085,87,8090,0,3,-18,3,-18,1,1,1,1097.14,613.14,1097.14,613.14,0,0,0,0,0,0,664250,628917
552,827,40158212,41387958,23405,8085,87,8090,0,2,-18,2,-18,1,1,1,1051.43,590.28,1051.43,590.28,0,0,0,0,0,0,571208,536208
553,828,46488787,46518250,23289,8085,87,8090,0,2,-18,2,-18,1,1,1,1051.43,590.28,1051.43,590.28,0,0,0,0,0,0,764000,682125
554,829,50687331,49307875,23377,8085,87,8090,0,2,-18,2,-18,1,1,1,1051.43,590.28,1051.43,590.28,0,0,0,0,0,0,630417,594333
555,830,54722916,56068167,23353,8085,87,8090,0,2,-18,2,-18,1,1,1,1051.43,590.28,1051.43,590.28,0,0,0,0,0,0,669209,618583
556,831,64350590,61849209,23289,8086,88,8091,0,2,-18,2,-18,1,1,1,1051.43,590.28,1051.43,590.28,0,0,0,0,0,0,880208,827917
557,832,65905123,68143750,23493,8085,87,8090,0,2,-18,2,-18,1,1,1,1051.43,590.28,1051.43,590.28,0,0,0,0,0,0,1031250,975417
558,833,75497291,73687666,23289,8085,87,8090,0,2,-18,2,-18,1,1,1,1051.43,590.28,1051.43,590.28,0,0,0,0,0,0,1087792,1025625
559,834,71008495,70728542,23917,8085,90,8090,0,2,-18,2,-18,1,1,1,1051.43,590.28,1051.43,590.28,0,0,0,0,0,0,1010750,958083
560,835,68037629,68331250,23645,8085,87,8090,0,2,-18,2,-18,1,1,1,1051.43,590.28,1051.43,590.28,0,0,0,0,0,0,1168958,1107041
561,836,67461878,69153708,23353,8085,87,8090,0,2,-18,2,-18,1,1,1,1051.43,590.28,1051.43,590.28,0,0,0,0,0,0,1240083,1137459
562,837,57307701,55645667,23289,8085,87,8090,0,2,-18,2,-18,1,1,1,1051.43,590.28,1051.43,590.28,0,0,0,0,0,0,771667,728334
563,838,53575709,55405708,23441,8085,87,8090,0,2,-18,2,-18,1,1,1,1051.43,590.28,1051.43,590.28,0,0,0,0,0,0,828500,782875
564,839,53191877,51964750,23341,8085,87,8090,0,1,-18,1,-18,1,1,1,1005.71,567.42,1005.71,567.42,0,0,0,0,0,0,739417,678750
565,840,47525707,48737334,23353,8085,87,8090,0,1,-18,1,-18,1,1,1,1005.71,567.42,1005.71,567.42,0,0,0,0,0,0,822125,777250
566,841,43045911,43073333,23377,8085,90,8090,0,1,-18,1,-18,1,1,1,1005.71,567.42,1005.71,567.42,0,0,0,0,0,0,641333,606458
567,842,39212834,38157667,23289,8085,87,8090,0,1,-18,1,-18,1,1,1,1005.71,567.42,1005.71,567.42,0,0,0,0,0,0,576625,538416
568,843,37290129,38336125,23353,8085,87,8090,0,1,-18,1,-18,1,1,1,1005.71,567.42,1005.71,567.42,0,0,0,0,0,0,552416,520959
569,844,35588122,34505167,23905,8085,87,8090,0,1,-18,1,-18,1,1,1,1005.71,567.42,1005.71,567.42,0,0,0,0,0,0,499708,472333
570,845,34098751,34151417,23593,8085,87,8090,0,1,-18,1,-18,1,1,1,1005.71,567.42,1005.71,567.42,0,0,0,0,0,0,539709,502542
571,846,33202622,34239166,23353,8086,88,8091,0,1,-18,1,-18,1,1,1,1005.71,567.42,1005.71,567.42,0,0,0,0,0,0,586625,559000
572,847,33988293,33952458,23289,8085,87,8090,0,1,-18,1,-18,1,1,1,1005.71,567.42,1005.71,567.42,0,0,0,0,0,0,491292,461667
573,848,35137210,34102709,23289,8085,87,8090,0,1,-18,1,-18,1,1,1,1005.71,567.42,1005.71,567.42,0,0,0,0,0,0,561875,508958
574,849,32921791,33878375,23353,8085,87,8090,0,1,-18,1,-18,1,1,1,1005.71,567.42,1005.71,567.42,0,0,0,0,0,0,566084,538125
575,850,33295501,33346084,23429,8085,87,8090,0,1,-18,1,-18,1,1,1,1005.71,567.42,1005.71,567.42,0,0,0,0,0,0,506917,479583
576,851,34681625,33625292,23289,8085,87,8090,0,0,-18,0,-18,1,1,1,960,544.56,960,544.56,0,0,0,0,0,0,555959,519208
577,852,32690625,33709416,23353,8085,87,8090,0,0,-18,0,-18,1,1,1,960,544.56,960,544.56,0,0,0,0,0,0,556041,522917
578,853,33619578,33573792,23289,8085,87,8090,0,0,-18,0,-18,1,1,1,960,544.56,960,544.56,0,0,0,0,0,0,495792,468291
579,854,37028796,35916208,23289,8085,87,8090,0,0,-18,0,-18,1,1,1,960,544.56,960,544.56,0,0,0,0,0,0,646625,604583
580,855,31783204,32883250,23441,8085,90,8090,0,0,-18,0,-18,1,1,1,960,544.56,960,544.56,0,0,0,0,0,0,509208,481667
581,856,32652329,32667375,23341,8085,87,8090,0,0,-18,0,-18,1,1,1,960,544.56,960,544.56,0,0,0,0,0,0,454166,429083
582,857,32445006,32401625,23289,8085,87,8090,0,0,-18,0,-18,1,1,1,960,544.56,960,544.56,0,0,0,0,0,0,482875,444000
583,858,34065958,32474042,23853,8085,87,8090,0,0,-18,0,-18,1,1,1,960,544.56,960,544.56,0,0,0,0,0,0,570458,543000
584,859,31733829,33236667,23569,8085,87,8090,0,0,-18,0,-18,1,1,1,960,544.56,960,544.56,0,0,0,0,0,0,527208,499542
585,860,33433955,33491250,23377,8085,87,8090,0,0,-18,0,-18,1,1,1,960,544.56,960,544.56,0,0,0,0,0,0,507333,468584
586,861,34353293,33318875,23289,8086,88,8091,0,0,-18,0,-18,1,1,1,960,544.56,960,544.56,0,0,0,0,0,0,533750,505459
587,862,32286040,33263417,23353,8085,87,8090,0,0,-18,0,-18,1,1,1,960,544.56,960,544.56,0,0,0,0,0,0,511667,484584
588,863,34383419,34354959,23341,8085,87,8090,0,-1,-18,-1,-18,1,1,1,914.29,521.71,914.29,521.71,0,0,0,0,0,0,527791,496166
589,864,37868291,36834750,23289,8085,87,8090,0,-1,-18,-1,-18,1,1,1,914.29,521.71,914.29,521.71,0,0,0,0,0,0,503458,474542
590,865,35216085,36188292,23441,8085,87,8090,0,-1,-18,-1,-18,1,1,1,914.29,521.71,914.29,521.71,0,0,0,0,0,0,540084,512875
591,866,38515456,38474792,23289,8085,87,8090,0,-1,-18,-1,-18,1,1,1,914.29,521.71,914.29,521.71,0,0,0,0,0,0,521541,480792
592,867,38010004,36999792,23289,8085,87,8090,0,-1,-18,-1,-18,1,1,1,914.29,521.71,914.29,521.71,0,0,0,0,0,0,672792,634208
593,868,42755208,43733958,23353,8085,87,8090,0,-1,-18,-1,-18,1,1,1,914.29,521.71,914.29,521.71,0,0,0,0,0,0,610917,570084
594,869,39850827,39823292,23429,8085,90,8090,0,-1,-18,-1,-18,1,1,1,914.29,521.71,914.29,521.71,0,0,0,0,0,0,536250,500084
595,870,50121832,48327292,23289,8085,87,8090,0,-1,-18,-1,-18,1,1,1,914.29,521.71,914.29,521.71,0,0,0,0,0,0,651084,614042
596,871,62632374,62387167,23917,8085,87,8090,0,-1,-18,-1,-18,1,1,1,914.29,521.71,914.29,521.71,0,0,0,0,0,0,754500,713375
597,872,67088544,67168875,23593,8085,87,8090,0,-1,-18,-1,-18,1,1,1,914.29,521.71,914.29,521.71,0,0,0,0,0,0,886292,829583
598,873,69708041,71321667,23405,8085,87,8090,0,-1,-18,-1,-18,1,1,1,914.29,521.71,914.29,521.71,0,0,0,0,0,0,1051459,981041
599,874,70740789,68394041,23289,8085,87,8090,0,-1,-18,-1,-18,1,1,1,914.29,521.71,914.29,521.71,0,0,0,0,0,0,892250,846375
600,875,64069211,66475584,23441,8085,87,8090,0,-2,-18,-2,-18,1,1,1,868.57,498.85,868.57,498.85,0,0,0,0,0,0,918667,856542
601,876,69217875,67610042,23341,8086,88,8091,0,-2,-18,-2,-18,1,1,1,868.57,498.85,868.57,498.85,0,0,0,0,0,0,943750,875125
602,877,58385245,59941750,23353,8085,87,8090,0,-2,-18,-2,-18,1,1,1,868.57,498.85,868.57,498.85,0,0,0,0,0,0,846833,794666
603,878,56160252,54867000,23377,8085,90,8090,0,-2,-18,-2,-18,1,1,1,868.57,498.85,868.57,498.85,0,0,0,0,0,0,769833,695375
604,879,49069330,48893458,23917,8085,87,8090,0,-2,-18,-2,-18,1,1,1,868.57,498.85,868.57,498.85,0,0,0,0,0,0,723792,687041
605,880,44966120,46433334,23557,8085,87,8090,0,-2,-18,-2,-18,1,1,1,868.57,498.85,868.57,498.85,0,0,0,0,0,0,627458,591250
606,881,48088543,46948833,23377,8085,87,8090,0,-2,-18,-2,-18,1,1,1,868.57,498.85,868.57,498.85,0,0,0,0,0,0,1124583,1062917
607,882,44099420,45130250,23353,8085,87,8090,0,-2,-18,-2,-18,1,1,1,868.57,498.85,868.57,498.85,0,0,0,0,0,0,650208,614084
608,883,53995791,54034875,23289,8085,87,8090,0,-2,-18,-2,-18,1,1,1,868.57,498.85,868.57,498.85,0,0,0,0,0,0,725959,682792
609,884,56338295,54746708,23289,8085,87,8090,0,-2,-18,-2,-18,1,1,1,868.57,498.85,868.57,498.85,0,0,0,0,0,0,760750,703125
610,885,53750708,55338666,23493,8085,87,8090,0,-2,-18,-2,-18,1,1,1,868.57,498.85,868.57,498.85,0,0,0,0,0,0,708875,667417
611,886,59096705,57627750,23289,8085,87,8090,0,-2,-18,-2,-18,1,1,1,868.57,498.85,868.57,498.85,0,0,0,0,0,0,908708,864792
612,887,55156752,56395958,23353,8085,90,8090,0,-3,-18,-3,-18,1,1,1,822.86,475.99,822.86,475.99,0,0,0,0,0,0,1175458,1074708
613,888,64436286,62221875,23377,8085,87,8090,0,-3,-18,-3,-18,1,1,1,822.86,475.99,822.86,475.99,0,0,0,0,0,0,899666,844875
614,889,61214461,62067542,23969,8085,87,8090,0,-3,-18,-3,-18,1,1,1,822.86,475.99,822.86,475.99,0,0,0,0,0,0,1299333,1243750
615,890,52868206,52772834,23505,8085,87,8090,0,-3,-18,-3,-18,1,1,1,822.86,475.99,822.86,475.99,0,0,0,0,0,0,808959,737875
616,891,50683084,52211458,23441,8086,88,8091,0,-3,-18,-3,-18,1,1,1,822.86,475.99,822.86,475.99,0,0,0,0,0,0,774958,730833
617,892,43949000,44010417,23289,8085,87,8090,0,-3,-18,-3,-18,1,1,1,822.86,475.99,822.86,475.99,0,0,0,0,0,0,643709,606291
618,893,41931122,40828208,23341,8085,87,8090,0,-3,-18,-3,-18,1,1,1,822.86,475.99,822.86,475.99,0,0,0,0,0,0,671042,620792
619,894,36102168,37174125,23353,8085,87,8090,0,-3,-18,-3,-18,1,1,1,822.86,475.99,822.86,475.99,0,0,0,0,0,0,636000,602042
620,895,33481087,33483958,23377,8085,87,8090,0,-3,-18,-3,-18,1,1,1,822.86,475.99,822.86,475.99,0,0,0,0,0,0,506125,476083
621,896,34904498,33884459,23289,8085,87,8090,0,-3,-18,-3,-18,1,1,1,822.86,475.99,822.86,475.99,0,0,0,0,0,0,549834,512500
622,897,37047542,38043375,23353,8085,87,8090,0,-3,-18,-3,-18,1,1,1,822.86,475.99,822.86,475.99,0,0,0,0,0,0,647125,614542
623,898,34226041,34210542,23289,8085,90,8090,0,-3,-18,-3,-18,1,1,1,822.86,475.99,822.86,475.99,0,0,0,0,0,0,495708,466625
624,899,35064250,33980500,23341,8085,87,8090,0,-4,-18,-4,-18,1,1,1,777.14,453.14,777.14,453.14,0,0,0,0,0,0,512583,469500
625,900,33143203,34202417,23441,8085,87,8090,0,-4,-18,-4,-18,1,1,1,777.14,453.14,777.14,453.14,0,0,0,0,0,0,515958,483917
626,901,34690335,33620584,23853,8085,87,8090,0,-4,-18,-4,-18,1,1,1,777.14,453.14,777.14,453.14,0,0,0,0,0,0,528500,472917
627,902,33441916,33464167,23505,8085,87,8090,0,-4,-18,-4,-18,1,1,1,777.14,453.14,777.14,453.14,0,0,0,0,0,0,509625,469375
628,903,32607503,33595208,23353,8085,87,8090,0,-4,-18,-4,-18,1,1,1,777.14,453.14,777.14,453.14,0,0,0,0,0,0,502916,473584
629,904,32723035,32680916,23289,8085,87,8090,0,-4,-18,-4,-18,1,1,1,777.14,453.14,777.14,453.14,0,0,0,0,0,0,514875,484708
630,905,30371541,30395541,23429,8085,87,8090,0,-4,-18,-4,-18,1,1,1,777.14,453.14,777.14,453.14,0,0,0,0,0,0,499541,465041
631,906,31279087,30327375,23289,8086,88,8091,0,-4,-18,-4,-18,1,1,1,777.14,453.14,777.14,453.14,0,0,0,0,0,0,485458,457916
632,907,29219791,30131000,23353,8085,87,8090,0,-4,-18,-4,-18,1,1,1,777.14,453.14,777.14,453.14,0,0,0,0,0,0,516417,489167
633,908,31710956,31683875,23289,8085,87,8090,0,-4,-18,-4,-18,1,1,1,777.14,453.14,777.14,453.14,0,0,0,0,0,0,489375,452375
634,909,31227288,31162208,23289,8085,87,8090,0,-4,-18,-4,-18,1,1,1,777.14,453.14,777.14,453.14,0,0,0,0,0,0,485458,457625
635,910,33872917,32832708,23377,8085,87,8090,0,-4,-18,-4,-18,1,1,1,777.14,453.14,777.14,453.14,0,0,0,0,0,0,469083,435500
636,911,33980626,35021541,23881,8085,87,8090,0,-5,-18,-5,-18,1,1,1,731.43,431,731.43,431,0,0,0,0,0,0,691000,653667
637,912,41735500,41655292,23869,8173,87,8178,0,-5,-18,-5,-18,1,1,1,731.43,431,731.43,431,0,0,0,0,0,0,780292,721542
638,913,36824420,35830083,23817,8173,90,8178,0,-5,-18,-5,-18,1,1,1,731.43,431,731.43,431,0,0,0,0,0,0,583958,546833
639,914,36737203,37627792,23881,8173,87,8178,0,-5,-18,-5,-18,1,1,1,731.43,431,731.43,431,0,0,0,0,0,0,582375,537000
640,915,44985543,43824250,27919,8173,87,8178,0,-5,-18,-5,-18,1,1,1,731.43,431,731.43,431,0,0,0,0,0,0,1143917,1087792
641,916,38470920,38613750,26711,8173,87,8178,0,-5,-18,-5,-18,1,1,1,731.43,431,731.43,431,0,0,0,0,0,0,639417,596084
642,917,44645544,45668333,23881,8173,87,8178,0,-5,-18,-5,-18,1,1,1,731.43,431,731.43,431,0,0,0,0,0,0,889083,822833
643,918,57067751,55085208,23869,8173,87,8178,0,-5,-18,-5,-18,1,1,1,731.43,431,731.43,431,0,0,0,0,0,0,710125,661208
644,919,67101828,68903625,23969,8173,87,8178,0,-5,-18,-5,-18,1,1,1,731.43,431,731.43,431,0,0,0,0,0,0,969209,903833
645,920,75565755,72817458,23817,8173,87,8178,0,-5,-18,-5,-18,1,1,1,731.43,431,731.43,431,0,0,0,0,0,0,1469333,1372667
646,921,72903461,75230208,23881,8174,88,8179,0,-5,-18,-5,-18,1,1,1,731.43,431,731.43,431,0,0,0,0,0,0,1181375,1118666
647,922,80717287,79139000,23957,8173,87,8178,0,-5,-18,-5,-18,1,1,1,731.43,431,731.43,431,0,0,0,0,0,0,1184125,1074208
648,923,68127922,68112541,24445,8173,90,8178,0,-6,-18,-6,-18,1,1,1,685.71,416.09,685.71,416.09,0,0,0,0,0,0,1050708,985167
649,924,62300581,62673625,24033,8173,87,8178,0,-6,-18,-6,-18,1,1,1,685.71,416.09,685.71,416.09,0,0,0,0,0,0,1181208,1094125
650,925,52256207,53884333,24021,8173,87,8178,0,-6,-18,-6,-18,1,1,1,685.71,416.09,685.71,416.09,0,0,0,0,0,0,826375,774875
651,926,50352212,49081459,23817,8173,87,8178,0,-6,-18,-6,-18,1,1,1,685.71,416.09,685.71,416.09,0,0,0,0,0,0,990625,935250
652,927,46118870,47336291,23881,8173,87,8178,0,-6,-18,-6,-18,1,1,1,685.71,416.09,685.71,416.09,0,0,0,0,0,0,706375,661542
653,928,46777714,46493583,23817,8173,87,8178,0,-6,-18,-6,-18,1,1,1,685.71,416.09,685.71,416.09,0,0,0,0,0,0,693083,632458
654,929,49927622,48572208,23905,8173,87,8178,0,-6,-18,-6,-18,1,1,1,685.71,416.09,685.71,416.09,0,0,0,0,0,0,813458,767084
655,930,57247046,58771834,23933,8173,87,8178,0,-6,-18,-6,-18,1,1,1,685.71,416.09,685.71,416.09,0,0,0,0,0,0,762708,699792
656,931,58579660,56972750,23817,8173,90,8178,0,-6,-18,-6,-18,1,1,1,685.71,416.09,685.71,416.09,0,0,0,0,0,0,1252166,1200750
657,932,55018585,56397708,34516,8173,87,8178,0,-6,-18,-6,-18,1,1,1,685.71,416.09,685.71,416.09,0,0,0,0,0,0,913292,818917
658,933,72637543,69265792,30109,8173,87,8178,0,-6,-18,-6,-18,1,1,1,685.71,416.09,685.71,416.09,0,0,0,0,0,0,1038042,959167
659,934,65662242,68958750,24149,8173,87,8178,0,-6,-18,-6,-18,1,1,1,685.71,416.09,685.71,416.09,0,0,0,0,0,0,1037583,935500
660,935,69917999,68105625,23905,8173,87,8178,0,-8,-18,-8,-18,1,1,1,594.29,422.77,594.29,422.77,0,0,0,0,0,0,1145500,1080917
661,936,58508127,60331958,23881,8174,88,8179,0,-8,-18,-8,-18,1,1,1,594.29,422.77,594.29,422.77,0,0,0,0,0,0,1002333,926000
662,937,58199752,56071833,23817,8173,87,8178,0,-8,-18,-8,-18,1,1,1,594.29,422.77,594.29,422.77,0,0,0,0,0,0,827791,768417
663,938,52458334,54669209,24021,8173,87,8178,0,-8,-18,-8,-18,1,1,1,594.29,422.77,594.29,422.77,0,0,0,0,0,0,1290292,1201250
664,939,55722206,54525375,23817,8173,87,8178,0,-8,-18,-8,-18,1,1,1,594.29,422.77,594.29,422.77,0,0,0,0,0,0,873292,820500
665,940,43082665,44264958,23881,8173,90,8178,0,-8,-18,-8,-18,1,1,1,594.29,422.77,594.29,422.77,0,0,0,0,0,0,725750,653292
666,941,43545749,42420542,24469,8173,87,8178,0,-8,-18,-8,-18,1,1,1,594.29,422.77,594.29,422.77,0,0,0,0,0,0,752375,710208
667,942,38278039,38355459,24033,8173,87,8178,0,-8,-18,-8,-18,1,1,1,594.29,422.77,594.29,422.77,0,0,0,0,0,0,657542,614625
668,943,37399377,38356083,23933,8173,87,8178,0,-8,-18,-8,-18,1,1,1,594.29,422.77,594.29,422.77,0,0,0,0,0,0,645417,609000
669,944,34391794,34457292,23817,8173,87,8178,0,-8,-18,-8,-18,1,1,1,594.29,422.77,594.29,422.77,0,0,0,0,0,0,570209,521625
670,945,35587541,34579834,23905,8173,87,8178,0,-8,-18,-8,-18,1,1,1,594.29,422.77,594.29,422.77,0,0,0,0,0,0,609292,570292
671,946,33517871,34558042,23881,8173,87,8178,0,-8,-18,-8,-18,1,1,1,594.29,422.77,594.29,422.77,0,0,0,0,0,0,602584,546167
672,947,34802373,34758084,23817,8173,87,8178,0,-9,-18,-9,-18,1,1,1,548.57,418.39,548.57,418.39,0,0,0,0,0,0,549750,508250
673,948,35087749,34076417,23817,8173,87,8178,0,-9,-18,-9,-18,1,1,1,548.57,418.39,548.57,418.39,0,0,0,0,0,0,578708,522375
674,949,32810918,33741083,23933,8173,87,8178,0,-9,-18,-9,-18,1,1,1,548.57,418.39,548.57,418.39,0,0,0,0,0,0,597459,561042
675,950,33881291,33940584,23905,8173,87,8178,0,-9,-18,-9,-18,1,1,1,548.57,418.39,548.57,418.39,0,0,0,0,0,0,585333,535958
676,951,38782045,37743459,23817,8174,88,8179,0,-9,-18,-9,-18,1,1,1,548.57,418.39,548.57,418.39,0,0,0,0,0,0,841042,802583
677,952,36996874,37834167,23881,8173,90,8178,0,-9,-18,-9,-18,1,1,1,548.57,418.39,548.57,418.39,0,0,0,0,0,0,641084,590167
678,953,37590205,37689708,23817,8173,87,8178,0,-9,-18,-9,-18,1,1,1,548.57,418.39,548.57,418.39,0,0,0,0,0,0,729167,687375
679,954,40493793,39289458,23817,8173,87,8178,0,-9,-18,-9,-18,1,1,1,548.57,418.39,548.57,418.39,0,0,0,0,0,0,562167,521542
680,955,40469415,40066333,24585,8173,87,8178,0,-9,-18,-9,-18,1,1,1,548.57,418.39,548.57,418.39,0,0,0,0,0,0,667583,629917
681,956,46179458,47536208,24033,8173,87,8178,0,-9,-18,-9,-18,1,1,1,548.57,418.39,548.57,418.39,0,0,0,0,0,0,746792,695541
682,957,53826041,51984958,23817,8173,87,8178,0,-9,-18,-9,-18,1,1,1,548.57,418.39,548.57,418.39,0,0,0,0,0,0,997417,939375
683,958,64851082,66546000,23881,8173,87,8178,0,-9,-18,-9,-18,1,1,1,548.57,418.39,548.57,418.39,0,0,0,0,0,0,885375,820417
684,959,72472713,70637250,23957,8173,87,8178,0,-10,-18,-10,-18,1,1,1,502.86,399.44,502.86,399.44,0,0,0,0,0,0,1026542,962917
685,960,68859912,70423958,23881,8173,87,8178,0,-10,-18,-10,-18,1,1,1,502.86,399.44,502.86,399.44,0,0,0,0,0,0,1038416,962500
686,961,78540541,76265291,23817,8173,87,8178,0,-10,-18,-10,-18,1,1,1,502.86,399.44,502.86,399.44,0,0,0,0,0,0,1248667,1190083
687,962,67364126,69613542,24021,8173,90,8178,0,-10,-18,-10,-18,1,1,1,502.86,399.44,502.86,399.44,0,0,0,0,0,0,1049625,977458
688,963,71514464,69069958,24381,8173,87,8178,0,-10,-18,-10,-18,1,1,1,502.86,399.44,502.86,399.44,0,0,0,0,0,0,1044958,979458
689,964,54247293,56730792,24097,8173,87,8178,0,-10,-18,-10,-18,1,1,1,502.86,399.44,502.86,399.44,0,0,0,0,0,0,898416,830291
690,965,59004455,57603292,23905,8173,87,8178,0,-10,-18,-10,-18,1,1,1,502.86,399.44,502.86,399.44,0,0,0,0,0,0,1284541,1233166
691,966,53983043,55594375,23933,8174,88,8179,0,-10,-18,-10,-18,1,1,1,502.86,399.44,502.86,399.44,0,0,0,0,0,0,872333,815292
692,967,56720953,54928000,23817,8173,87,8178,0,-10,-18,-10,-18,1,1,1,502.86,399.44,502.86,399.44,0,0,0,0,0,0,961958,903667
693,968,51320586,53023917,23969,8173,87,8178,0,-10,-18,-10,-18,1,1,1,502.86,399.44,502.86,399.44,0,0,0,0,0,0,1190292,1128417
694,969,54908085,53754541,23817,8173,87,8178,0,-10,-18,-10,-18,1,1,1,502.86,399.44,502.86,399.44,0,0,0,0,0,0,838916,794125
695,970,52607454,53707458,23933,8173,90,8178,0,-10,-18,-10,-18,1,1,1,502.86,399.44,502.86,399.44,0,0,0,0,0,0,689750,640250
696,971,56153714,54641125,23905,8173,87,8178,0,-11,-18,-11,-18,1,1,1,457.14,380.06,457.14,380.06,0,0,0,0,0,0,1274708,1208709
697,972,56263577,55883625,24445,8173,87,8178,0,-11,-18,-11,-18,1,1,1,457.14,380.06,457.14,380.06,0,0,0,0,0,0,849958,766458
698,973,55886127,56254792,24033,8173,87,8178,0,-11,-18,-11,-18,1,1,1,457.14,380.06,457.14,380.06,0,0,0,0,0,0,813000,762792
699,974,54760962,56030500,24021,8173,87,8178,0,-11,-18,-11,-18,1,1,1,457.14,380.06,457.14,380.06,0,0,0,0,0,0,966041,890625
700,975,68668171,67196750,23817,8173,87,8178,0,-11,-18,-11,-18,1,1,1,457.14,380.06,457.14,380.06,0,0,0,0,0,0,992833,928250
701,976,60369372,61919542,23881,8173,87,8178,0,-11,-18,-11,-18,1,1,1,457.14,380.06,457.14,380.06,0,0,0,0,0,0,901875,826625
702,977,58786123,57205375,23905,8173,87,8178,0,-11,-18,-11,-18,1,1,1,457.14,380.06,457.14,380.06,0,0,0,0,0,0,841375,772334
703,978,56491915,58099375,23933,8173,87,8178,0,-11,-18,-11,-18,1,1,1,457.14,380.06,457.14,380.06,0,0,0,0,0,0,971000,895500
704,979,51206916,49952375,23817,8173,90,8178,0,-11,-18,-11,-18,1,1,1,457.14,380.06,457.14,380.06,0,0,0,0,0,0,809125,758833
705,980,43159708,44433834,23969,8173,87,8178,0,-11,-18,-11,-18,1,1,1,457.14,380.06,457.14,380.06,0,0,0,0,0,0,724250,675750
706,981,40044084,38963083,24381,8174,88,8179,0,-11,-18,-11,-18,1,1,1,457.14,380.06,457.14,380.06,0,0,0,0,0,0,662375,624458
707,982,37637628,37702375,24033,8173,87,8178,0,-11,-18,-11,-18,1,1,1,457.14,380.06,457.14,380.06,0,0,0,0,0,0,752000,708208
708,983,33232249,34234333,23933,8173,87,8178,0,-12,-18,-12,-18,1,1,1,411.43,359.32,411.43,359.32,0,0,0,0,0,0,547584,513875
709,984,34256499,34277500,23905,8173,87,8178,0,-12,-18,-12,-18,1,1,1,411.43,359.32,411.43,359.32,0,0,0,0,0,0,602542,544917
710,985,35624794,34592125,23817,8173,87,8178,0,-12,-18,-12,-18,1,1,1,411.43,359.32,411.43,359.32,0,0,0,0,0,0,570291,536667
711,986,33054124,34059500,23881,8173,87,8178,0,-12,-18,-12,-18,1,1,1,411.43,359.32,411.43,359.32,0,0,0,0,0,0,606875,566292
712,987,33844910,33826334,23817,8173,87,8178,0,-12,-18,-12,-18,1,1,1,411.43,359.32,411.43,359.32,0,0,0,0,0,0,555125,520750
713,988,34432332,33318250,23817,8173,87,8178,0,-12,-18,-12,-18,1,1,1,411.43,359.32,411.43,359.32,0,0,0,0,0,0,569375,520333
714,989,32479465,33577583,24021,8173,87,8178,0,-12,-18,-12,-18,1,1,1,411.43,359.32,411.43,359.32,0,0,0,0,0,0,576416,539584
715,990,34125033,34020958,23817,8173,87,8178,0,-12,-18,-12,-18,1,1,1,411.43,359.32,411.43,359.32,0,0,0,0,0,0,558750,516709
716,991,41274290,40256542,23817,8173,87,8178,0,-12,-18,-12,-18,1,1,1,411.43,359.32,411.43,359.32,0,0,0,0,0,0,624208,585083
717,992,34912131,35870959,23881,8173,90,8178,0,-12,-18,-12,-18,1,1,1,411.43,359.32,411.43,359.32,0,0,0,0,0,0,597750,560042
718,993,36735538,36629917,23817,8173,87,8178,0,-12,-18,-12,-18,1,1,1,411.43,359.32,411.43,359.32,0,0,0,0,0,0,588958,554417
719,994,38086917,36868708,23905,8173,87,8178,0,-12,-18,-12,-18,1,1,1,411.43,359.32,411.43,359.32,0,0,0,0,0,0,638417,584250
720,995,38653124,38710209,24497,8173,87,8178,0,-13,-18,-13,-18,1,1,1,365.71,336.6,365.71,336.6,0,0,0,0,0,0,648375,589083
721,996,36028329,37266250,24033,8174,88,8179,0,-13,-18,-13,-18,1,1,1,365.71,336.6,365.71,336.6,0,0,0,0,0,0,933250,894750
722,997,38401085,37323125,23817,8173,87,8178,0,-13,-18,-13,-18,1,1,1,365.71,336.6,365.71,336.6,0,0,0,0,0,0,757000,718417
723,998,40732044,41692000,23969,8173,87,8178,0,-13,-18,-13,-18,1,1,1,365.71,336.6,365.71,336.6,0,0,0,0,0,0,739292,689958
724,999,50578705,50473166,23817,8173,87,8178,0,-13,-18,-13,-18,1,1,1,365.71,336.6,365.71,336.6,0,0,0,0,0,0,754583,694875
725,1000,66765375,64882666,23869,8173,87,8178,0,-13,-18,-13,-18,1,1,1,365.71,336.6,365.71,336.6,0,0,0,0,0,0,805834,745125
726,1001,71111664,72428584,23969,8173,87,8178,0,-13,-18,-13,-18,1,1,1,365.71,336.6,365.71,336.6,0,0,0,0,0,0,1046209,985291
727,1002,96109375,94673292,23817,8173,87,8178,0,-13,-18,-13,-18,1,1,1,365.71,336.6,365.71,336.6,0,0,0,0,0,0,1054709,984125
728,1003,65374292,67198458,24021,8173,90,8178,0,-13,-18,-13,-18,1,1,1,365.71,336.6,365.71,336.6,0,0,0,0,0,0,1081584,1018917
729,1004,71909293,68299250,24381,8173,87,8178,0,-13,-18,-13,-18,1,1,1,365.71,336.6,365.71,336.6,0,0,0,0,0,0,1115042,1008250
730,1005,66805705,70076208,24097,8173,87,8178,0,-13,-18,-13,-18,1,1,1,365.71,336.6,365.71,336.6,0,0,0,0,0,0,1316500,1253459
731,1006,59085212,57801166,23957,8173,87,8178,0,-13,-18,-13,-18,1,1,1,365.71,336.6,365.71,336.6,0,0,0,0,0,0,846375,786792
732,1007,54345954,55974959,23881,8173,87,8178,0,-14,-18,-14,-18,1,1,1,320,311.82,320,311.82,0,0,0,0,0,0,836333,786875
733,1008,58308169,56686833,23817,8173,87,8178,0,-14,-18,-14,-18,1,1,1,320,311.82,320,311.82,0,0,0,0,0,0,1231542,1151584
734,1009,53410500,54937417,23969,8173,87,8178,0,-14,-18,-14,-18,1,1,1,320,311.82,320,311.82,0,0,0,0,0,0,873084,820000
735,1010,58477085,57212542,23869,8173,87,8178,0,-14,-18,-14,-18,1,1,1,320,311.82,320,311.82,0,0,0,0,0,0,1081166,1021500
736,1011,47275666,48548291,23881,8174,91,8179,0,-14,-18,-14,-18,1,1,1,320,311.82,320,311.82,0,0,0,0,0,0,725458,680958
737,1012,55249452,52067208,24469,8173,87,8178,0,-14,-18,-14,-18,1,1,1,320,311.82,320,311.82,0,0,0,0,0,0,820250,773458
738,1013,53633172,56715292,24097,8173,87,8178,0,-14,-18,-14,-18,1,1,1,320,311.82,320,311.82,0,0,0,0,0,0,938709,877125
739,1014,56734666,55267875,23869,8173,87,8178,0,-14,-18,-14,-18,1,1,1,320,311.82,320,311.82,0,0,0,0,0,0,812458,754167
740,1015,52475795,53836334,23969,8173,87,8178,0,-14,-18,-14,-18,1,1,1,320,311.82,320,311.82,0,0,0,0,0,0,1263458,1197834
741,1016,51060248,49909584,23817,8173,87,8178,0,-14,-18,-14,-18,1,1,1,320,311.82,320,311.82,0,0,0,0,0,0,828291,754542
742,1017,43095123,44354667,23881,8173,87,8178,0,-14,-18,-14,-18,1,1,1,320,311.82,320,311.82,0,0,0,0,0,0,719958,678875
743,1018,41184000,41156500,23869,8173,87,8178,0,-14,-18,-14,-18,1,1,1,320,311.82,320,311.82,0,0,0,0,0,0,696125,648542
744,1019,39306003,38197667,23905,8173,87,8178,0,-15,-18,-15,-18,1,1,1,274.29,285.43,274.29,285.43,0,0,0,0,0,0,623042,580125
745,1020,40156956,41309792,23881,8173,87,8178,0,-15,-18,-15,-18,1,1,1,274.29,285.43,274.29,285.43,0,0,0,0,0,0,789875,712959
746,1021,34037664,34025208,23817,8173,90,8178,0,-15,-18,-15,-18,1,1,1,274.29,285.43,274.29,285.43,0,0,0,0,0,0,602333,550208
747,1022,35380128,34317250,23817,8173,87,8178,0,-15,-18,-15,-18,1,1,1,274.29,285.43,274.29,285.43,0,0,0,0,0,0,689333,620792
748,1023,32966829,33930750,23881,8173,87,8178,0,-15,-18,-15,-18,1,1,1,274.29,285.43,274.29,285.43,0,0,0,0,0,0,559542,510500
749,1024,34562874,33484375,24521,8173,87,8178,0,-15,-18,-15,-18,1,1,1,274.29,285.43,274.29,285.43,0,0,0,0,0,0,595000,524958
750,1025,33884998,33999833,24033,8173,87,8178,0,-15,-18,-15,-18,1,1,1,274.29,285.43,274.29,285.43,0,0,0,0,0,0,594000,543667
751,1026,32435212,33444458,23881,8174,88,8179,0,-15,-18,-15,-18,1,1,1,274.29,285.43,274.29,285.43,0,0,0,0,0,0,626166,548291
752,1027,33884245,33738583,23817,8173,87,8178,0,-15,-18,-15,-18,1,1,1,274.29,285.43,274.29,285.43,0,0,0,0,0,0,572167,520500
753,1028,34523002,33543167,23817,8173,87,8178,0,-15,-18,-15,-18,1,1,1,274.29,285.43,274.29,285.43,0,0,0,0,0,0,582708,512209
754,1029,32464206,33500084,23969,8173,87,8178,0,-15,-18,-15,-18,1,1,1,274.29,285.43,274.29,285.43,0,0,0,0,0,0,617000,565125
755,1030,33771712,33754375,23869,8173,87,8178,0,-15,-18,-15,-18,1,1,1,274.29,285.43,274.29,285.43,0,0,0,0,0,0,596084,528333
756,1031,33974248,32992000,23817,8173,87,8178,0,-16,-18,-16,-18,1,1,1,228.57,258.09,228.57,258.09,0,0,0,0,0,0,560667,510667
757,1032,31113123,32079958,23881,8173,87,8178,0,-16,-18,-16,-18,1,1,1,228.57,258.09,228.57,258.09,0,0,0,0,0,0,579375,513875
758,1033,32268997,32159208,23817,8173,87,8178,0,-16,-18,-16,-18,1,1,1,228.57,258.09,228.57,258.09,0,0,0,0,0,0,553833,486041
759,1034,38319166,37375833,23905,8173,87,8178,0,-16,-18,-16,-18,1,1,1,228.57,258.09,228.57,258.09,0,0,0,0,0,0,745250,661708
760,1035,33002961,33986834,23881,8173,90,8178,0,-16,-18,-16,-18,1,1,1,228.57,258.09,228.57,258.09,0,0,0,0,0,0,643000,594166
761,1036,33704791,33695583,23869,8173,87,8178,0,-16,-18,-16,-18,1,1,1,228.57,258.09,228.57,258.09,0,0,0,0,0,0,597875,540541
762,1037,34683872,33638042,23817,8173,87,8178,0,-16,-18,-16,-18,1,1,1,228.57,258.09,228.57,258.09,0,0,0,0,0,0,561417,509292
763,1038,33523045,33446292,24445,8173,87,8178,0,-16,-18,-16,-18,1,1,1,228.57,258.09,228.57,258.09,0,0,0,0,0,0,607583,549083
764,1039,32452039,33516834,24121,8173,87,8178,0,-16,-18,-16,-18,1,1,1,228.57,258.09,228.57,258.09,0,0,0,0,0,0,611083,561792
765,1040,34886706,33855417,23817,8173,87,8178,0,-16,-18,-16,-18,1,1,1,228.57,258.09,228.57,258.09,0,0,0,0,0,0,579292,523833
766,1041,32896455,33898541,23881,8174,88,8179,0,-16,-18,-16,-18,1,1,1,228.57,258.09,228.57,258.09,0,0,0,0,0,0,600833,546917
767,1042,34184169,34182333,23869,8173,87,8178,0,-16,-18,-16,-18,1,1,1,228.57,258.09,228.57,258.09,0,0,0,0,0,0,726333,642750
768,1043,34981831,33893333,23817,8173,87,8178,0,-17,-18,-17,-18,1,1,1,182.86,230.19,182.86,230.19,0,0,0,0,0,0,609709,554125
769,1044,35175375,36130083,23969,8173,87,8178,0,-17,-18,-17,-18,1,1,1,182.86,230.19,182.86,230.19,0,0,0,0,0,0,641791,572584
770,1045,34434963,34471458,23817,8173,87,8178,0,-17,-18,-17,-18,1,1,1,182.86,230.19,182.86,230.19,0,0,0,0,0,0,600167,548042
771,1046,38056582,36818750,23817,8173,87,8178,0,-17,-18,-17,-18,1,1,1,182.86,230.19,182.86,230.19,0,0,0,0,0,0,672416,609625
772,1047,38610953,39727083,23881,8173,87,8178,0,-17,-18,-17,-18,1,1,1,182.86,230.19,182.86,230.19,0,0,0,0,0,0,877792,798458
773,1048,42083419,41927042,23869,8173,87,8178,0,-17,-18,-17,-18,1,1,1,182.86,230.19,182.86,230.19,0,0,0,0,0,0,720666,643792
774,1049,39540916,38350458,23905,8173,90,8178,0,-17,-18,-17,-18,1,1,1,182.86,230.19,182.86,230.19,0,0,0,0,0,0,600250,548458
775,1050,44961169,46303750,24083,8173,87,8178,0,-17,-18,-17,-18,1,1,1,182.86,230.19,182.86,230.19,0,0,0,0,0,0,996334,900041
776,1051,58370705,54759958,23817,8173,87,8178,0,-17,-18,-17,-18,1,1,1,182.86,230.19,182.86,230.19,0,0,0,0,0,0,720583,656291
777,1052,64552083,67841958,24661,8173,87,8178,0,-17,-18,-17,-18,1,1,1,182.86,230.19,182.86,230.19,0,0,0,0,0,0,995625,903083
778,1053,75089752,73095667,23957,8173,87,8178,0,-17,-18,-17,-18,1,1,1,182.86,230.19,182.86,230.19,0,0,0,0,0,0,1157542,1057625
779,1054,66220581,68134292,23881,8173,87,8178,0,-17,-18,-17,-18,1,1,1,182.86,230.19,182.86,230.19,0,0,0,0,0,0,1371583,1222750
780,1055,71202546,69238958,23817,8173,87,8178,0,-16,-18,-16,-18,1,1,1,228.57,258.09,228.57,258.09,0,0,0,0,0,0,1304958,1171875
781,1056,65067663,67069458,24021,8174,88,8179,0,-16,-18,-16,-18,1,1,1,228.57,258.09,228.57,258.09,0,0,0,0,0,0,1193833,1057500
782,1057,67000754,65596500,23817,8173,87,8178,0,-16,-18,-16,-18,1,1,1,228.57,258.09,228.57,258.09,0,0,0,0,0,0,1202125,1097084
783,1058,53996037,55336625,23881,8173,90,8178,0,-16,-18,-16,-18,1,1,1,228.57,258.09,228.57,258.09,0,0,0,0,0,0,883292,783833
784,1059,48222377,45980125,24469,8173,87,8178,0,-16,-18,-16,-18,1,1,1,228.57,258.09,228.57,258.09,0,0,0,0,0,0,762791,698667
785,1060,44378627,46789375,24149,8173,87,8178,0,-16,-18,-16,-18,1,1,1,228.57,258.09,228.57,258.09,0,0,0,0,0,0,806958,737500
786,1061,47179706,47026042,23817,8173,87,8178,0,-16,-18,-16,-18,1,1,1,228.57,258.09,228.57,258.09,0,0,0,0,0,0,741584,679959
787,1062,48137329,46419292,23817,8173,87,8178,0,-16,-18,-16,-18,1,1,1,228.57,258.09,228.57,258.09,0,0,0,0,0,0,729583,643583
788,1063,45051503,46779250,23969,8173,87,8178,0,-16,-18,-16,-18,1,1,1,228.57,258.09,228.57,258.09,0,0,0,0,0,0,740458,653375
789,1064,47782503,47799917,23817,8173,87,8178,0,-16,-18,-16,-18,1,1,1,228.57,258.09,228.57,258.09,0,0,0,0,0,0,792792,660959
790,1065,55797167,54264625,24167,8173,87,8178,0,-16,-18,-16,-18,1,1,1,228.57,258.09,228.57,258.09,0,0,0,0,0,0,785125,673750
791,1066,62731496,63997958,23881,8173,87,8178,0,-16,-18,-16,-18,1,1,1,228.57,258.09,228.57,258.09,0,0,0,0,0,0,857250,763334
792,1067,73632664,71889000,23905,8173,87,8178,0,-15,-18,-15,-18,1,1,1,274.29,285.43,274.29,285.43,0,0,0,0,0,0,1025291,930459
793,1068,69993622,69637833,24445,8173,90,8178,0,-15,-18,-15,-18,1,1,1,274.29,285.43,274.29,285.43,0,0,0,0,0,0,1085708,984625
794,1069,64183793,64738083,24085,8173,87,8178,0,-15,-18,-15,-18,1,1,1,274.29,285.43,274.29,285.43,0,0,0,0,0,0,1434209,1324958
795,1070,54934501,56321167,23969,8173,87,8178,0,-15,-18,-15,-18,1,1,1,274.29,285.43,274.29,285.43,0,0,0,0,0,0,870083,775708
796,1071,57582248,56098792,23817,8174,88,8179,0,-15,-18,-15,-18,1,1,1,274.29,285.43,274.29,285.43,0,0,0,0,0,0,1055166,982750
797,1072,55192582,56751833,23881,8173,87,8178,0,-15,-18,-15,-18,1,1,1,274.29,285.43,274.29,285.43,0,0,0,0,0,0,967708,864333
798,1073,56429788,55047833,23957,8173,87,8178,0,-15,-18,-15,-18,1,1,1,274.29,285.43,274.29,285.43,0,0,0,0,0,0,920041,808083
799,1074,54650954,56022458,23881,8173,87,8178,0,-15,-18,-15,-18,1,1,1,274.29,285.43,274.29,285.43,0,0,0,0,0,0,883417,792208
800,1075,61826962,59805875,23817,8173,87,8178,0,-15,-18,-15,-18,1,1,1,274.29,285.43,274.29,285.43,0,0,0,0,0,0,928750,851833
801,1076,54284203,56330792,23969,8173,90,8178,0,-15,-18,-15,-18,1,1,1,274.29,285.43,274.29,285.43,0,0,0,0,0,0,842459,756834
802,1077,59969458,57207167,24433,8173,87,8178,0,-15,-18,-15,-18,1,1,1,274.29,285.43,274.29,285.43,0,0,0,0,0,0,869125,794125
803,1078,54296713,56753125,24097,8173,87,8178,0,-15,-18,-15,-18,1,1,1,274.29,285.43,274.29,285.43,0,0,0,0,0,0,1352333,1218542
804,1079,57159163,55589834,23905,8173,87,8178,0,-14,-18,-14,-18,1,1,1,320,311.82,320,311.82,0,0,0,0,0,0,939541,863167
805,1080,54083667,55804750,23881,8173,87,8178,0,-14,-18,-14,-18,1,1,1,320,311.82,320,311.82,0,0,0,0,0,0,847458,783000
806,1081,58828379,57288084,23869,8173,87,8178,0,-14,-18,-14,-18,1,1,1,320,311.82,320,311.82,0,0,0,0,0,0,1245833,1177292
807,1082,54326042,55832750,23969,8173,87,8178,0,-14,-18,-14,-18,1,1,1,320,311.82,320,311.82,0,0,0,0,0,0,836166,777666
808,1083,65318711,63086709,23817,8173,87,8178,0,-14,-18,-14,-18,1,1,1,320,311.82,320,311.82,0,0,0,0,0,0,1048084,986000
809,1084,67261874,69285417,23881,8173,87,8178,0,-14,-18,-14,-18,1,1,1,320,311.82,320,311.82,0,0,0,0,0,0,1352041,1292958
810,1085,60734119,59049041,23957,8173,90,8178,0,-14,-18,-14,-18,1,1,1,320,311.82,320,311.82,0,0,0,0,0,0,1041041,977458
811,1086,55547002,55520042,24445,8174,88,8179,0,-14,-18,-14,-18,1,1,1,320,311.82,320,311.82,0,0,0,0,0,0,848209,768083
812,1087,55763833,56046875,24033,8173,87,8178,0,-14,-18,-14,-18,1,1,1,320,311.82,320,311.82,0,0,0,0,0,0,803958,753834
813,1088,59047251,60475750,23969,8173,87,8178,0,-14,-18,-14,-18,1,1,1,320,311.82,320,311.82,0,0,0,0,0,0,1065041,1004250
814,1089,60952331,59103291,23869,8173,87,8178,0,-14,-18,-14,-18,1,1,1,320,311.82,320,311.82,0,0,0,0,0,0,852875,800333
815,1090,61810918,63612500,23881,8173,87,8178,0,-14,-18,-14,-18,1,1,1,320,311.82,320,311.82,0,0,0,0,0,0,1278458,1188167
816,1091,63074164,61056625,23905,8173,87,8178,0,-13,-18,-13,-18,1,1,1,365.71,336.6,365.71,336.6,0,0,0,0,0,0,1297083,1220708
817,1092,62643542,64545000,23881,8173,87,8178,0,-13,-18,-13,-18,1,1,1,365.71,336.6,365.71,336.6,0,0,0,0,0,0,1210500,1079292
818,1093,59065625,57632750,23869,8173,90,8178,0,-13,-18,-13,-18,1,1,1,365.71,336.6,365.71,336.6,0,0,0,0,0,0,914375,861084
819,1094,57141873,57209042,24533,8173,87,8178,0,-13,-18,-13,-18,1,1,1,365.71,336.6,365.71,336.6,0,0,0,0,0,0,997000,923958
820,1095,58085877,58122583,24033,8173,87,8178,0,-13,-18,-13,-18,1,1,1,365.71,336.6,365.71,336.6,0,0,0,0,0,0,862167,812042
821,1096,58446668,59752167,23881,8173,87,8178,0,-13,-18,-13,-18,1,1,1,365.71,336.6,365.71,336.6,0,0,0,0,0,0,1427542,1323125
822,1097,59132035,57749875,23957,8173,87,8178,0,-13,-18,-13,-18,1,1,1,365.71,336.6,365.71,336.6,0,0,0,0,0,0,996125,932000
823,1098,54748669,56165125,23881,8173,87,8178,0,-13,-18,-13,-18,1,1,1,365.71,336.6,365.71,336.6,0,0,0,0,0,0,980417,922250
824,1099,55922251,54425792,23817,8173,87,8178,0,-13,-18,-13,-18,1,1,1,365.71,336.6,365.71,336.6,0,0,0,0,0,0,887083,836666
825,1100,56876000,58350334,23969,8173,87,8178,0,-13,-18,-13,-18,1,1,1,365.71,336.6,365.71,336.6,0,0,0,0,0,0,1382792,1318083
826,1101,48171456,47020542,23869,8174,91,8179,0,-13,-18,-13,-18,1,1,1,365.71,336.6,365.71,336.6,0,0,0,0,0,0,900375,851292
827,1102,42161878,43376416,23881,8173,87,8178,0,-13,-18,-13,-18,1,1,1,365.71,336.6,365.71,336.6,0,0,0,0,0,0,746500,696458
828,1103,40080796,38906292,24381,8173,87,8178,0,-12,-18,-12,-18,1,1,1,411.43,359.32,411.43,359.32,0,0,0,0,0,0,650583,613292
829,1104,37084709,37270334,24121,8173,87,8178,0,-12,-18,-12,-18,1,1,1,411.43,359.32,411.43,359.32,0,0,0,0,0,0,705792,650250
830,1105,32930079,33911750,23881,8173,87,8178,0,-12,-18,-12,-18,1,1,1,411.43,359.32,411.43,359.32,0,0,0,0,0,0,589500,554709
831,1106,33782206,33773000,23869,8173,87,8178,0,-12,-18,-12,-18,1,1,1,411.43,359.32,411.43,359.32,0,0,0,0,0,0,656458,590625
832,1107,35000249,33983250,23817,8173,87,8178,0,-12,-18,-12,-18,1,1,1,411.43,359.32,411.43,359.32,0,0,0,0,0,0,576750,542958
833,1108,32647542,33582375,23881,8173,87,8178,0,-12,-18,-12,-18,1,1,1,411.43,359.32,411.43,359.32,0,0,0,0,0,0,581083,527250
834,1109,33858709,33914083,23905,8173,87,8178,0,-12,-18,-12,-18,1,1,1,411.43,359.32,411.43,359.32,0,0,0,0,0,0,611209,577083
835,1110,34515045,33449167,23817,8173,87,8178,0,-12,-18,-12,-18,1,1,1,411.43,359.32,411.43,359.32,0,0,0,0,0,0,564291,524292
836,1111,32376248,33373625,23881,8173,87,8178,0,-12,-18,-12,-18,1,1,1,411.43,359.32,411.43,359.32,0,0,0,0,0,0,558791,526250
837,1112,33606171,33603959,23869,8173,87,8178,0,-12,-18,-12,-18,1,1,1,411.43,359.32,411.43,359.32,0,0,0,0,0,0,587333,546666
838,1113,36205165,34909625,23817,8173,87,8178,0,-12,-18,-12,-18,1,1,1,411.43,359.32,411.43,359.32,0,0,0,0,0,0,545750,512625
839,1114,40837123,42063375,23969,8173,87,8178,0,-12,-18,-12,-18,1,1,1,411.43,359.32,411.43,359.32,0,0,0,0,0,0,588416,547250
840,1115,38562331,38566375,23817,8173,90,8178,0,-11,-18,-11,-18,1,1,1,457.14,380.06,457.14,380.06,0,0,0,0,0,0,841083,799334
841,1116,37536755,36486916,23817,8174,88,8179,0,-11,-18,-11,-18,1,1,1,457.14,380.06,457.14,380.06,0,0,0,0,0,0,597459,543417
842,1117,38653247,38603250,24445,8173,87,8178,0,-11,-18,-11,-18,1,1,1,457.14,380.06,457.14,380.06,0,0,0,0,0,0,753792,712709
843,1118,36506541,37557458,24173,8173,87,8178,0,-11,-18,-11,-18,1,1,1,457.14,380.06,457.14,380.06,0,0,0,0,0,0,569625,523542
844,1119,39467588,38235584,23817,8173,87,8178,0,-11,-18,-11,-18,1,1,1,457.14,380.06,457.14,380.06,0,0,0,0,0,0,611209,576708
845,1120,39168417,40218250,23881,8173,87,8178,0,-11,-18,-11,-18,1,1,1,457.14,380.06,457.14,380.06,0,0,0,0,0,0,857834,816791
846,1121,48994705,48806333,23817,8173,87,8178,0,-11,-18,-11,-18,1,1,1,457.14,380.06,457.14,380.06,0,0,0,0,0,0,713958,670375
847,1122,66120415,64223500,23905,8173,87,8178,0,-11,-18,-11,-18,1,1,1,457.14,380.06,457.14,380.06,0,0,0,0,0,0,958417,897875
848,1123,66202461,68188667,23933,8173,87,8178,0,-11,-18,-11,-18,1,1,1,457.14,380.06,457.14,380.06,0,0,0,0,0,0,1030875,967000
849,1124,76774626,73239709,23817,8173,87,8178,0,-11,-18,-11,-18,1,1,1,457.14,380.06,457.14,380.06,0,0,0,0,0,0,1045750,968666
850,1125,80376878,83811875,23969,8173,87,8178,0,-11,-18,-11,-18,1,1,1,457.14,380.06,457.14,380.06,0,0,0,0,0,0,1174042,1101000
851,1126,73817662,70173333,24433,8173,90,8178,0,-11,-18,-11,-18,1,1,1,457.14,380.06,457.14,380.06,0,0,0,0,0,0,1375583,1259250
852,1127,66408291,69891333,24185,8173,87,8178,0,-10,-18,-10,-18,1,1,1,502.86,399.44,502.86,399.44,0,0,0,0,0,0,1092875,1010042
853,1128,64033128,62537542,23817,8173,87,8178,0,-10,-18,-10,-18,1,1,1,502.86,399.44,502.86,399.44,0,0,0,0,0,0,1340625,1215834
854,1129,54976914,56535333,23933,8173,87,8178,0,-10,-18,-10,-18,1,1,1,502.86,399.44,502.86,399.44,0,0,0,0,0,0,860083,807792
855,1130,52002836,50606000,23905,8173,87,8178,0,-10,-18,-10,-18,1,1,1,502.86,399.44,502.86,399.44,0,0,0,0,0,0,832417,772625
856,1131,45485168,46975958,23881,8174,88,8179,0,-10,-18,-10,-18,1,1,1,502.86,399.44,502.86,399.44,0,0,0,0,0,0,697500,654167
857,1132,47156874,47151542,23817,8173,87,8178,0,-10,-18,-10,-18,1,1,1,502.86,399.44,502.86,399.44,0,0,0,0,0,0,1206708,1138667
858,1133,53447250,51637250,23869,8173,87,8178,0,-10,-18,-10,-18,1,1,1,502.86,399.44,502.86,399.44,0,0,0,0,0,0,758917,712625
859,1134,53746663,55326917,23969,8173,90,8178,0,-10,-18,-10,-18,1,1,1,502.86,399.44,502.86,399.44,0,0,0,0,0,0,875208,798417
860,1135,59671625,56653584,24381,8173,87,8178,0,-10,-18,-10,-18,1,1,1,502.86,399.44,502.86,399.44,0,0,0,0,0,0,848208,796791
861,1136,52882872,55882250,24097,8173,87,8178,0,-10,-18,-10,-18,1,1,1,502.86,399.44,502.86,399.44,0,0,0,0,0,0,1136708,1061625
862,1137,69987334,68098500,23957,8173,87,8178,0,-10,-18,-10,-18,1,1,1,502.86,399.44,502.86,399.44,0,0,0,0,0,0,991167,925916
863,1138,68275041,70089792,23881,8173,87,8178,0,-10,-18,-10,-18,1,1,1,502.86,399.44,502.86,399.44,0,0,0,0,0,0,1045334,944375
864,1139,69318838,67846333,23817,8173,87,8178,0,-9,-18,-9,-18,1,1,1,548.57,418.39,548.57,418.39,0,0,0,0,0,0,1055833,988375
865,1140,52329286,53873583,24021,8173,87,8178,0,-9,-18,-9,-18,1,1,1,548.57,418.39,548.57,418.39,0,0,0,0,0,0,870584,788209
866,1141,58093708,56631292,23817,8173,87,8178,0,-9,-18,-9,-18,1,1,1,548.57,418.39,548.57,418.39,0,0,0,0,0,0,876708,816375
867,1142,42674001,44113417,23881,8173,90,8178,0,-9,-18,-9,-18,1,1,1,548.57,418.39,548.57,418.39,0,0,0,0,0,0,742375,672875
868,1143,43242666,43293167,23905,8173,87,8178,0,-9,-18,-9,-18,1,1,1,548.57,418.39,548.57,418.39,0,0,0,0,0,0,696458,652333
869,1144,40043834,38097000,24381,8173,87,8178,0,-9,-18,-9,-18,1,1,1,548.57,418.39,548.57,418.39,0,0,0,0,0,0,632083,567542
870,1145,35140793,37089917,24149,8173,87,8178,0,-9,-18,-9,-18,1,1,1,548.57,418.39,548.57,418.39,0,0,0,0,0,0,775416,735417
871,1146,34301452,34246916,23817,8174,88,8179,0,-9,-18,-9,-18,1,1,1,548.57,418.39,548.57,418.39,0,0,0,0,0,0,632417,591250
872,1147,35115085,34099041,23905,8173,87,8178,0,-9,-18,-9,-18,1,1,1,548.57,418.39,548.57,418.39,0,0,0,0,0,0,605958,568459
873,1148,33113081,34005208,23881,8173,87,8178,0,-9,-18,-9,-18,1,1,1,548.57,418.39,548.57,418.39,0,0,0,0,0,0,592083,539208
874,1149,34476630,34566958,23817,8173,87,8178,0,-9,-18,-9,-18,1,1,1,548.57,418.39,548.57,418.39,0,0,0,0,0,0,578334,542500
875,1150,35400077,34368209,23817,8173,87,8178,0,-9,-18,-9,-18,1,1,1,548.57,418.39,548.57,418.39,0,0,0,0,0,0,560625,521208
876,1151,33094294,34018792,23933,8173,87,8178,0,-8,-18,-8,-18,1,1,1,594.29,422.77,594.29,422.77,0,0,0,0,0,0,597167,563625
877,1152,33577084,33663625,23905,8173,87,8178,0,-8,-18,-8,-18,1,1,1,594.29,422.77,594.29,422.77,0,0,0,0,0,0,615875,566000
878,1153,34487619,33426459,23817,8173,87,8178,0,-8,-18,-8,-18,1,1,1,594.29,422.77,594.29,422.77,0,0,0,0,0,0,599292,565791
879,1154,36457255,37477250,23881,8173,87,8178,0,-8,-18,-8,-18,1,1,1,594.29,422.77,594.29,422.77,0,0,0,0,0,0,656875,583292
880,1155,33499035,33450416,23817,8173,90,8178,0,-8,-18,-8,-18,1,1,1,594.29,422.77,594.29,422.77,0,0,0,0,0,0,555000,522458
881,1156,33449213,32507541,23817,8173,87,8178,0,-8,-18,-8,-18,1,1,1,594.29,422.77,594.29,422.77,0,0,0,0,0,0,628792,572708
882,1157,29419040,30371875,24021,8173,87,8178,0,-8,-18,-8,-18,1,1,1,594.29,422.77,594.29,422.77,0,0,0,0,0,0,500125,470625
883,1158,31353041,31365958,23817,8173,87,8178,0,-8,-18,-8,-18,1,1,1,594.29,422.77,594.29,422.77,0,0,0,0,0,0,517167,480458
884,1159,32416418,31397708,24381,8173,87,8178,0,-8,-18,-8,-18,1,1,1,594.29,422.77,594.29,422.77,0,0,0,0,0,0,517125,474334
885,1160,34985288,34886958,24033,8173,87,8178,0,-8,-18,-8,-18,1,1,1,594.29,422.77,594.29,422.77,0,0,0,0,0,0,596750,543791
886,1161,37310663,38223542,23881,8174,88,8179,0,-8,-18,-8,-18,1,1,1,594.29,422.77,594.29,422.77,0,0,0,0,0,0,694500,655209
887,1162,37531208,37593542,23905,8173,87,8178,0,-8,-18,-8,-18,1,1,1,594.29,422.77,594.29,422.77,0,0,0,0,0,0,588416,549333
888,1163,38565505,37546583,23869,8173,87,8178,0,-6,-18,-6,-18,1,1,1,685.71,416.09,685.71,416.09,0,0,0,0,0,0,597500,562333
889,1164,36045834,37048417,23881,8173,87,8178,0,-6,-18,-6,-18,1,1,1,685.71,416.09,685.71,416.09,0,0,0,0,0,0,583208,544791
890,1165,37352792,37332125,23817,8173,87,8178,0,-6,-18,-6,-18,1,1,1,685.71,416.09,685.71,416.09,0,0,0,0,0,0,753583,711875
891,1166,42563874,41222208,23817,8173,87,8178,0,-6,-18,-6,-18,1,1,1,685.71,416.09,685.71,416.09,0,0,0,0,0,0,721375,669250
892,1167,46926084,48127166,23969,8173,87,8178,0,-6,-18,-6,-18,1,1,1,685.71,416.09,685.71,416.09,0,0,0,0,0,0,774375,728292
893,1168,69456540,67207125,23869,8173,87,8178,0,-6,-18,-6,-18,1,1,1,685.71,416.09,685.71,416.09,0,0,0,0,0,0,879208,814833
894,1169,66465206,68225459,23881,8173,90,8178,0,-6,-18,-6,-18,1,1,1,685.71,416.09,685.71,416.09,0,0,0,0,0,0,980791,906458
895,1170,74868462,69906292,24469,8173,87,8178,0,-6,-18,-6,-18,1,1,1,685.71,416.09,685.71,416.09,0,0,0,0,0,0,1301667,1202000
896,1171,66172786,71223042,24149,8173,87,8178,0,-6,-18,-6,-18,1,1,1,685.71,416.09,685.71,416.09,0,0,0,0,0,0,1093667,1016791
897,1172,71163125,69358417,23817,8173,87,8178,0,-6,-18,-6,-18,1,1,1,685.71,416.09,685.71,416.09,0,0,0,0,0,0,1102833,1000417
898,1173,66825330,68654417,23969,8173,87,8178,0,-6,-18,-6,-18,1,1,1,685.71,416.09,685.71,416.09,0,0,0,0,0,0,1182250,1116000
899,1174,58720253,57180625,23869,8173,87,8178,0,-6,-18,-6,-18,1,1,1,685.71,416.09,685.71,416.09,0,0,0,0,0,0,1353166,1275292
900,1175,56926999,58548875,23881,8173,87,8178,0,-5,-18,-5,-18,1,1,1,731.43,431,731.43,431,0,0,0,0,0,0,939708,887417
901,1176,49799084,48604625,23905,8174,91,8179,0,-5,-18,-5,-18,1,1,1,731.43,431,731.43,431,0,0,0,0,0,0,712375,658292
902,1177,45275375,46298041,23881,8173,87,8178,0,-5,-18,-5,-18,1,1,1,731.43,431,731.43,431,0,0,0,0,0,0,705834,660708
903,1178,48844374,47514750,24433,8173,87,8178,0,-5,-18,-5,-18,1,1,1,731.43,431,731.43,431,0,0,0,0,0,0,768583,712000
904,1179,48515461,48458917,24033,8173,87,8178,0,-5,-18,-5,-18,1,1,1,731.43,431,731.43,431,0,0,0,0,0,0,761917,680791
905,1180,46668291,48143416,23969,8173,87,8178,0,-5,-18,-5,-18,1,1,1,731.43,431,731.43,431,0,0,0,0,0,0,885916,811750
906,1181,56108042,54264208,23817,8173,87,8178,0,-5,-18,-5,-18,1,1,1,731.43,431,731.43,431,0,0,0,0,0,0,800625,749291
907,1182,55199455,56774584,23881,8173,87,8178,0,-5,-18,-5,-18,1,1,1,731.43,431,731.43,431,0,0,0,0,0,0,796833,738084
908,1183,70613503,68793041,23957,8173,87,8178,0,-5,-18,-5,-18,1,1,1,731.43,431,731.43,431,0,0,0,0,0,0,1046250,983500
909,1184,66307701,68175541,23881,8173,87,8178,0,-5,-18,-5,-18,1,1,1,731.43,431,731.43,431,0,0,0,0,0,0,1258542,1168875
910,1185,60568500,59110584,23817,8173,87,8178,0,-5,-18,-5,-18,1,1,1,731.43,431,731.43,431,0,0,0,0,0,0,1077416,1010666
911,1186,48241462,49810917,23969,8173,90,8178,0,-5,-18,-5,-18,1,1,1,731.43,431,731.43,431,0,0,0,0,0,0,867167,809458
912,1187,42799744,41666708,23905,8173,87,8178,0,-4,-18,-4,-18,1,1,1,777.14,453.14,777.14,453.14,0,0,0,0,0,0,681375,641125
913,1188,38545753,38509792,23505,8085,87,8090,0,-4,-18,-4,-18,1,1,1,777.14,453.14,777.14,453.14,0,0,0,0,0,0,611042,569375
914,1189,36175332,37226542,23353,8085,87,8090,0,-4,-18,-4,-18,1,1,1,777.14,453.14,777.14,453.14,0,0,0,0,0,0,617625,584333
915,1190,37810869,37945084,35675,8085,87,8090,0,-4,-18,-4,-18,1,1,1,777.14,453.14,777.14,453.14,0,0,0,0,0,0,552542,523208
916,1191,34692835,33618167,25967,8086,88,8091,0,-4,-18,-4,-18,1,1,1,777.14,453.14,777.14,453.14,0,0,0,0,0,0,530667,500166
917,1192,32918170,33965250,23353,8085,87,8090,0,-4,-18,-4,-18,1,1,1,777.14,453.14,777.14,453.14,0,0,0,0,0,0,530875,495833
918,1193,35375121,35338625,23341,8085,87,8090,0,-4,-18,-4,-18,1,1,1,777.14,453.14,777.14,453.14,0,0,0,0,0,0,545958,516000
919,1194,36805670,35331959,23289,8085,87,8090,0,-4,-18,-4,-18,1,1,1,777.14,453.14,777.14,453.14,0,0,0,0,0,0,517167,487000
920,1195,36363415,37783750,23441,8085,87,8090,0,-4,-18,-4,-18,1,1,1,777.14,453.14,777.14,453.14,0,0,0,0,0,0,927333,876459
921,1196,38564130,38585625,23289,8085,87,8090,0,-4,-18,-4,-18,1,1,1,777.14,453.14,777.14,453.14,0,0,0,0,0,0,733500,696541
922,1197,40029168,38798458,23289,8085,87,8090,0,-4,-18,-4,-18,1,1,1,777.14,453.14,777.14,453.14,0,0,0,0,0,0,587083,552459
923,1198,36162167,37218667,23353,8085,90,8090,0,-4,-18,-4,-18,1,1,1,777.14,453.14,777.14,453.14,0,0,0,0,0,0,711041,672334
924,1199,35176161,35217042,23429,8085,87,8090,0,-3,-18,-3,-18,1,1,1,822.86,475.99,822.86,475.99,0,0,0,0,0,0,731500,689042
925,1200,38305584,37105500,23289,8085,87,8090,0,-3,-18,-3,-18,1,1,1,822.86,475.99,822.86,475.99,0,0,0,0,0,0,660250,626583
926,1201,39017546,39038542,23917,8085,87,8090,0,-3,-18,-3,-18,1,1,1,822.86,475.99,822.86,475.99,0,0,0,0,0,0,659209,617000
927,1202,43024078,44041083,23505,8085,87,8090,0,-3,-18,-3,-18,1,1,1,822.86,475.99,822.86,475.99,0,0,0,0,0,0,680000,635792
928,1203,52142214,50662084,23377,8085,87,8090,0,-3,-18,-3,-18,1,1,1,822.86,475.99,822.86,475.99,0,0,0,0,0,0,669917,633541
929,1204,62728203,64086209,23405,8085,87,8090,0,-3,-18,-3,-18,1,1,1,822.86,475.99,822.86,475.99,0,0,0,0,0,0,841542,781334
930,1205,69538913,67620917,23289,8085,87,8090,0,-3,-18,-3,-18,1,1,1,822.86,475.99,822.86,475.99,0,0,0,0,0,0,898416,842792
931,1206,66836379,68641958,23441,8086,88,8091,0,-3,-18,-3,-18,1,1,1,822.86,475.99,822.86,475.99,0,0,0,0,0,0,965625,911125
932,1207,74514210,72646792,23341,8085,87,8090,0,-3,-18,-3,-18,1,1,1,822.86,475.99,822.86,475.99,0,0,0,0,0,0,1108458,1031042
933,1208,65431252,66784209,23353,8085,90,8090,0,-3,-18,-3,-18,1,1,1,822.86,475.99,822.86,475.99,0,0,0,0,0,0,932000,876292
934,1209,58520834,56128625,23941,8085,87,8090,0,-3,-18,-3,-18,1,1,1,822.86,475.99,822.86,475.99,0,0,0,0,0,0,778666,733500
935,1210,52988372,55930167,23569,8085,87,8090,0,-3,-18,-3,-18,1,1,1,822.86,475.99,822.86,475.99,0,0,0,0,0,0,773542,722708
936,1211,57866752,56148958,23341,8085,87,8090,0,-2,-18,-2,-18,1,1,1,868.57,498.85,868.57,498.85,0,0,0,0,0,0,797458,706917
937,1212,54033838,55551625,23441,8085,87,8090,0,-2,-18,-2,-18,1,1,1,868.57,498.85,868.57,498.85,0,0,0,0,0,0,783000,738083
938,1213,57292621,55955250,23289,8085,87,8090,0,-2,-18,-2,-18,1,1,1,868.57,498.85,868.57,498.85,0,0,0,0,0,0,772125,722584
939,1214,54898001,56137208,23353,8085,87,8090,0,-2,-18,-2,-18,1,1,1,868.57,498.85,868.57,498.85,0,0,0,0,0,0,999708,954292
940,1215,57095825,55647250,23429,8085,87,8090,0,-2,-18,-2,-18,1,1,1,868.57,498.85,868.57,498.85,0,0,0,0,0,0,806167,761916
941,1216,66210716,67804500,23353,8085,87,8090,0,-2,-18,-2,-18,1,1,1,868.57,498.85,868.57,498.85,0,0,0,0,0,0,1114083,1045959
942,1217,55979125,54421375,23289,8085,90,8090,0,-2,-18,-2,-18,1,1,1,868.57,498.85,868.57,498.85,0,0,0,0,0,0,813541,769792
943,1218,61256036,61254000,24005,8085,87,8090,0,-2,-18,-2,-18,1,1,1,868.57,498.85,868.57,498.85,0,0,0,0,0,0,773000,722375
944,1219,58820165,58549292,23557,8085,87,8090,0,-2,-18,-2,-18,1,1,1,868.57,498.85,868.57,498.85,0,0,0,0,0,0,838417,788833
945,1220,56564584,58182584,23353,8085,87,8090,0,-2,-18,-2,-18,1,1,1,868.57,498.85,868.57,498.85,0,0,0,0,0,0,778833,733750
946,1221,54019585,52561417,23377,8086,88,8091,0,-2,-18,-2,-18,1,1,1,868.57,498.85,868.57,498.85,0,0,0,0,0,0,767458,722083
947,1222,50218332,51771417,23353,8085,87,8090,0,-2,-18,-2,-18,1,1,1,868.57,498.85,868.57,498.85,0,0,0,0,0,0,807334,750166
948,1223,43355166,43431792,23341,8085,87,8090,0,-1,-18,-1,-18,1,1,1,914.29,521.71,914.29,521.71,0,0,0,0,0,0,803542,768041
949,1224,39007291,37820542,23289,8085,87,8090,0,-1,-18,-1,-18,1,1,1,914.29,521.71,914.29,521.71,0,0,0,0,0,0,595708,564875
950,1225,38229208,39411875,23441,8085,87,8090,0,-1,-18,-1,-18,1,1,1,914.29,521.71,914.29,521.71,0,0,0,0,0,0,702542,657250
951,1226,33980045,33853958,23289,8085,90,8090,0,-1,-18,-1,-18,1,1,1,914.29,521.71,914.29,521.71,0,0,0,0,0,0,512125,483208
952,1227,35003792,34047500,23289,8085,87,8090,0,-1,-18,-1,-18,1,1,1,914.29,521.71,914.29,521.71,0,0,0,0,0,0,503791,474334
953,1228,32955951,33951083,23353,8085,87,8090,0,-1,-18,-1,-18,1,1,1,914.29,521.71,914.29,521.71,0,0,0,0,0,0,611542,554042
954,1229,34900672,33755000,23905,8085,87,8090,0,-1,-18,-1,-18,1,1,1,914.29,521.71,914.29,521.71,0,0,0,0,0,0,507584,479542
955,1230,33354952,33462083,23593,8085,87,8090,0,-1,-18,-1,-18,1,1,1,914.29,521.71,914.29,521.71,0,0,0,0,0,0,540750,510458
956,1231,32465752,33475208,23353,8085,87,8090,0,-1,-18,-1,-18,1,1,1,914.29,521.71,914.29,521.71,0,0,0,0,0,0,515583,481375
957,1232,33873498,33835166,23289,8085,87,8090,0,-1,-18,-1,-18,1,1,1,914.29,521.71,914.29,521.71,0,0,0,0,0,0,541625,512792
958,1233,34036833,33154417,23289,8085,87,8090,0,-1,-18,-1,-18,1,1,1,914.29,521.71,914.29,521.71,0,0,0,0,0,0,519041,488917
959,1234,30648376,31482084,23353,8085,87,8090,0,-1,-18,-1,-18,1,1,1,914.29,521.71,914.29,521.71,0,0,0,0,0,0,551375,521750
960,1235,30267495,30317625,23377,8085,87,8090,0,0,-18,0,-18,1,1,1,960,544.56,960,544.56,0,0,0,0,0,0,457542,433042
961,1236,30507171,30471083,23341,8086,88,8091,0,0,-18,0,-18,1,1,1,960,544.56,960,544.56,0,0,0,0,0,0,507875,473084
962,1237,31154584,30220334,23289,8085,87,8090,0,0,-18,0,-18,1,1,1,960,544.56,960,544.56,0,0,0,0,0,0,518166,481084
963,1238,30908077,31801875,23353,8085,87,8090,0,0,-18,0,-18,1,1,1,960,544.56,960,544.56,0,0,0,0,0,0,465167,439458
964,1239,32551459,32516750,23289,8085,87,8090,0,0,-18,0,-18,1,1,1,960,544.56,960,544.56,0,0,0,0,0,0,472250,445625
965,1240,35284247,35259792,23377,8085,87,8090,0,0,-18,0,-18,1,1,1,960,544.56,960,544.56,0,0,0,0,0,0,604250,565250
966,1241,34409962,33309084,23289,8085,90,8090,0,0,-18,0,-18,1,1,1,960,544.56,960,544.56,0,0,0,0,0,0,541250,511792
967,1242,34150496,35228334,23353,8085,87,8090,0,0,-18,0,-18,1,1,1,960,544.56,960,544.56,0,0,0,0,0,0,576375,543708
968,1243,35715922,35718250,23341,8085,87,8090,0,0,-18,0,-18,1,1,1,960,544.56,960,544.56,0,0,0,0,0,0,499708,464375
969,1244,38453329,36448625,23853,8085,87,8090,0,0,-18,0,-18,1,1,1,960,544.56,960,544.56,0,0,0,0,0,0,533625,504667
970,1245,36408793,38348500,23657,8085,87,8090,0,0,-18,0,-18,1,1,1,960,544.56,960,544.56,0,0,0,0,0,0,970625,930708
971,1246,38713790,38622125,23289,8085,87,8090,0,0,-18,0,-18,1,1,1,960,544.56,960,544.56,0,0,0,0,0,0,772375,723666
972,1247,38155164,37056875,23289,8085,87,8090,0,1,-18,1,-18,1,1,1,1005.71,567.42,1005.71,567.42,0,0,0,0,0,0,512333,482916
973,1248,39432123,40450084,23353,8085,87,8090,0,1,-18,1,-18,1,1,1,1005.71,567.42,1005.71,567.42,0,0,0,0,0,0,572625,541333
974,1249,50465419,50426750,23429,8085,87,8090,0,1,-18,1,-18,1,1,1,1005.71,567.42,1005.71,567.42,0,0,0,0,0,0,631250,587083
975,1250,67604415,65722875,23289,8085,87,8090,0,1,-18,1,-18,1,1,1,1005.71,567.42,1005.71,567.42,0,0,0,0,0,0,1058833,995625
976,1251,64969629,66462125,23353,8086,88,8091,0,1,-18,1,-18,1,1,1,1005.71,567.42,1005.71,567.42,0,0,0,0,0,0,925958,865500
977,1252,74872411,73188917,23377,8085,87,8090,0,1,-18,1,-18,1,1,1,1005.71,567.42,1005.71,567.42,0,0,0,0,0,0,923292,864833
978,1253,67657664,69245167,23405,8085,90,8090,0,1,-18,1,-18,1,1,1,1005.71,567.42,1005.71,567.42,0,0,0,0,0,0,1148583,1096000
979,1254,70954166,67839333,23853,8085,87,8090,0,1,-18,1,-18,1,1,1,1005.71,567.42,1005.71,567.42,0,0,0,0,0,0,1278042,1215333
980,1255,65370582,68616500,23657,8085,87,8090,0,1,-18,1,-18,1,1,1,1005.71,567.42,1005.71,567.42,0,0,0,0,0,0,1062375,989459
981,1256,72737254,70778917,23341,8085,87,8090,0,1,-18,1,-18,1,1,1,1005.71,567.42,1005.71,567.42,0,0,0,0,0,0,787584,741625
982,1257,69460451,71098208,23353,8085,87,8090,0,1,-18,1,-18,1,1,1,1005.71,567.42,1005.71,567.42,0,0,0,0,0,0,957958,901209
983,1258,72521798,71024916,23377,8085,87,8090,0,1,-18,1,-18,1,1,1,1005.71,567.42,1005.71,567.42,0,0,0,0,0,0,1071584,1003125
984,1259,75467750,77250375,23405,8085,87,8090,0,2,-18,2,-18,1,1,1,1051.43,590.28,1051.43,590.28,0,0,0,0,0,0,931292,875708
985,1260,69783456,67672708,23289,8085,90,8090,0,2,-18,2,-18,1,1,1,1051.43,590.28,1051.43,590.28,0,0,0,0,0,0,890125,837542
986,1261,63258923,63648834,24005,8085,87,8090,0,2,-18,2,-18,1,1,1,1051.43,590.28,1051.43,590.28,0,0,0,0,0,0,921667,855209
987,1262,55664829,55566833,23557,8085,87,8090,0,2,-18,2,-18,1,1,1,1051.43,590.28,1051.43,590.28,0,0,0,0,0,0,773334,730292
988,1263,47381788,49092792,23353,8085,87,8090,0,2,-18,2,-18,1,1,1,1051.43,590.28,1051.43,590.28,0,0,0,0,0,0,738209,697250
989,1264,46216461,46207709,23377,8085,87,8090,0,2,-18,2,-18,1,1,1,1051.43,590.28,1051.43,590.28,0,0,0,0,0,0,685833,643292
990,1265,49192246,48038292,23289,8085,87,8090,0,2,-18,2,-18,1,1,1,1051.43,590.28,1051.43,590.28,0,0,0,0,0,0,725917,680333
991,1266,45910671,47107625,23353,8086,88,8091,0,2,-18,2,-18,1,1,1,1051.43,590.28,1051.43,590.28,0,0,0,0,0,0,741541,690042
992,1267,48447951,48361792,23341,8085,87,8090,0,2,-18,2,-18,1,1,1,1051.43,590.28,1051.43,590.28,0,0,0,0,0,0,704625,650875
993,1268,56820336,55382708,23377,8085,87,8090,0,2,-18,2,-18,1,1,1,1051.43,590.28,1051.43,590.28,0,0,0,0,0,0,876667,819709
994,1269,45092578,46612250,23353,8085,90,8090,0,2,-18,2,-18,1,1,1,1051.43,590.28,1051.43,590.28,0,0,0,0,0,0,716458,675042
995,1270,43335586,43304125,23289,8085,87,8090,0,2,-18,2,-18,1,1,1,1051.43,590.28,1051.43,590.28,0,0,0,0,0,0,672125,624334
996,1271,43376374,41340833,23853,8085,87,8090,0,3,-18,3,-18,1,1,1,1097.14,613.14,1097.14,613.14,0,0,0,0,0,0,644709,581500
997,1272,35882830,37882417,23709,8085,87,8090,0,3,-18,3,-18,1,1,1,1097.14,613.14,1097.14,613.14,0,0,0,0,0,0,613333,581041
998,1273,38200501,38226833,23289,8085,87,8090,0,3,-18,3,-18,1,1,1,1097.14,613.14,1097.14,613.14,0,0,0,0,0,0,607958,569334
999,1274,37571791,36557000,23289,8085,87,8090,0,3,-18,3,-18,1,1,1,1097.14,613.14,1097.14,613.14,0,0,0,0,0,0,579334,540333
1000,1275,32795626,33822084,23353,8085,87,8090,0,3,-18,3,-18,1,1,1,1097.14,613.14,1097.14,613.14,0,0,0,0,0,0,565875,538708
1001,1276,33849120,33735584,23289,8085,87,8090,0,3,-18,3,-18,1,1,1,1097.14,613.14,1097.14,613.14,0,0,0,0,0,0,498042,462625
1002,1277,34535586,33587458,23377,8085,87,8090,0,3,-18,3,-18,1,1,1,1097.14,613.14,1097.14,613.14,0,0,0,0,0,0,514292,486083
1003,1278,32781206,33769833,23405,8085,87,8090,0,3,-18,3,-18,1,1,1,1097.14,613.14,1097.14,613.14,0,0,0,0,0,0,508250,475667
1004,1279,33258453,33237917,23289,8085,87,8090,0,3,-18,3,-18,1,1,1,1097.14,613.14,1097.14,613.14,0,0,0,0,0,0,507250,474375
1005,1280,34679584,33490542,23289,8085,87,8090,0,3,-18,3,-18,1,1,1,1097.14,613.14,1097.14,613.14,0,0,0,0,0,0,517917,485708
1006,1281,36240164,37330333,23353,8086,88,8091,0,3,-18,3,-18,1,1,1,1097.14,613.14,1097.14,613.14,0,0,0,0,0,0,603959,575625
1007,1282,33212337,33268791,23377,8085,90,8090,0,3,-18,3,-18,1,1,1,1097.14,613.14,1097.14,613.14,0,0,0,0,0,0,571792,538042
1008,1283,34237500,33220125,23289,8085,87,8090,0,4,-18,4,-18,1,1,1,1142.86,635.99,1142.86,635.99,0,0,0,0,0,0,521084,493125
1009,1284,31969416,32956917,23405,8085,87,8090,0,4,-18,4,-18,1,1,1,1142.86,635.99,1142.86,635.99,0,0,0,0,0,0,491334,463625
1010,1285,34669585,33621750,23853,8085,87,8090,0,4,-18,4,-18,1,1,1,1142.86,635.99,1142.86,635.99,0,0,0,0,0,0,551458,512542
1011,1286,32183375,33146750,23505,8085,87,8090,0,4,-18,4,-18,1,1,1,1142.86,635.99,1142.86,635.99,0,0,0,0,0,0,530209,502542
1012,1287,33747330,32872708,23377,8085,87,8090,0,4,-18,4,-18,1,1,1,1142.86,635.99,1142.86,635.99,0,0,0,0,0,0,525625,497875
1013,1288,29540795,30408292,23353,8085,87,8090,0,4,-18,4,-18,1,1,1,1142.86,635.99,1142.86,635.99,0,0,0,0,0,0,507500,475834
1014,1289,31266871,31318000,23289,8085,87,8090,0,4,-18,4,-18,1,1,1,1142.86,635.99,1142.86,635.99,0,0,0,0,0,0,476917,450583
1015,1290,31059792,31017959,23289,8085,87,8090,0,4,-18,4,-18,1,1,1,1142.86,635.99,1142.86,635.99,0,0,0,0,0,0,534500,509125
1016,1291,33412415,32334584,23341,8085,87,8090,0,4,-18,4,-18,1,1,1,1142.86,635.99,1142.86,635.99,0,0,0,0,0,0,506000,476208
1017,1292,31623795,32674458,23441,8085,87,8090,0,4,-18,4,-18,1,1,1,1142.86,635.99,1142.86,635.99,0,0,0,0,0,0,545916,517417
1018,1293,32939914,32927708,23289,8085,87,8090,0,4,-18,4,-18,1,1,1,1142.86,635.99,1142.86,635.99,0,0,0,0,0,0,470583,444833
1019,1294,35699538,34673459,23289,8085,87,8090,0,4,-18,4,-18,1,1,1,1142.86,635.99,1142.86,635.99,0,0,0,0,0,0,505917,472625
1020,1295,35574998,36570833,23773,8085,87,8090,0,5,-18,5,-18,1,1,1,1188.57,662.98,1188.57,662.98,0,0,0,0,0,0,659084,619334
1021,1296,42240541,41978791,23709,8156,88,8161,0,5,-18,5,-18,1,1,1,1188.57,662.98,1188.57,662.98,0,0,0,0,0,0,946625,904625
1022,1297,42569380,41359542,27299,8155,90,8160,0,5,-18,5,-18,1,1,1,1188.57,662.98,1188.57,662.98,0,0,0,0,0,0,656000,618375
1023,1298,39607327,40772750,26451,8155,87,8160,0,5,-18,5,-18,1,1,1,1188.57,662.98,1188.57,662.98,0,0,0,0,0,0,732583,671333
1024,1299,41870083,40707500,24273,8155,87,8160,0,5,-18,5,-18,1,1,1,1188.57,662.98,1188.57,662.98,0,0,0,0,0,0,649666,605334
1025,1300,42232546,41988167,23925,8155,87,8160,0,5,-18,5,-18,1,1,1,1188.57,662.98,1188.57,662.98,0,0,0,0,0,0,588959,554167
1026,1301,51212996,52554958,23861,8155,87,8160,0,5,-18,5,-18,1,1,1,1188.57,662.98,1188.57,662.98,0,0,0,0,0,0,696959,653291
1027,1302,68302415,66430750,23761,8155,87,8160,0,5,-18,5,-18,1,1,1,1188.57,662.98,1188.57,662.98,0,0,0,0,0,0,996958,921708
1028,1303,67718498,69455833,23773,8155,87,8160,0,5,-18,5,-18,1,1,1,1188.57,662.98,1188.57,662.98,0,0,0,0,0,0,992041,931584
1029,1304,72617083,70598583,23797,8155,87,8160,0,5,-18,5,-18,1,1,1,1188.57,662.98,1188.57,662.98,0,0,0,0,0,0,1006333,950875
1030,1305,65398246,67488458,23825,8155,87,8160,0,5,-18,5,-18,1,1,1,1188.57,662.98,1188.57,662.98,0,0,0,0,0,0,1313875,1249459
1031,1306,75918123,73899041,23709,8155,87,8160,0,5,-18,5,-18,1,1,1,1188.57,662.98,1188.57,662.98,0,0,0,0,0,0,1154917,1094458
1032,1307,67241042,67268958,24425,8155,90,8160,0,6,-18,6,-18,1,1,1,1234.29,696.59,1234.29,696.59,0,0,0,0,0,0,1004958,925291
1033,1308,57748328,57812250,23977,8155,87,8160,0,6,-18,6,-18,1,1,1,1234.29,696.59,1234.29,696.59,0,0,0,0,0,0,815709,767792
1034,1309,54445713,56262250,23773,8155,87,8160,0,6,-18,6,-18,1,1,1,1234.29,696.59,1234.29,696.59,0,0,0,0,0,0,833042,769250
1035,1310,50312541,49087000,23797,8155,87,8160,0,6,-18,6,-18,1,1,1,1234.29,696.59,1234.29,696.59,0,0,0,0,0,0,819584,748042
1036,1311,45816119,47117917,23773,8156,88,8161,0,6,-18,6,-18,1,1,1,1234.29,696.59,1234.29,696.59,0,0,0,0,0,0,979333,918208
1037,1312,47897163,47758041,23761,8155,87,8160,0,6,-18,6,-18,1,1,1,1234.29,696.59,1234.29,696.59,0,0,0,0,0,0,835417,787959
1038,1313,52082750,50871875,23709,8155,87,8160,0,6,-18,6,-18,1,1,1,1234.29,696.59,1234.29,696.59,0,0,0,0,0,0,955375,898875
1039,1314,52320584,53483000,23861,8155,87,8160,0,6,-18,6,-18,1,1,1,1234.29,696.59,1234.29,696.59,0,0,0,0,0,0,736917,696584
1040,1315,50793666,49427834,23709,8155,90,8160,0,6,-18,6,-18,1,1,1,1234.29,696.59,1234.29,696.59,0,0,0,0,0,0,950792,900750
1041,1316,54958835,56124833,23825,8155,87,8160,0,6,-18,6,-18,1,1,1,1234.29,696.59,1234.29,696.59,0,0,0,0,0,0,910458,854000
1042,1317,57386953,54857084,24361,8155,87,8160,0,6,-18,6,-18,1,1,1,1234.29,696.59,1234.29,696.59,0,0,0,0,0,0,769875,718209
1043,1318,49097001,51808542,23989,8155,87,8160,0,6,-18,6,-18,1,1,1,1234.29,696.59,1234.29,696.59,0,0,0,0,0,0,795125,749125
1044,1319,52763618,51387041,23709,8155,87,8160,0,7,-18,7,-18,1,1,1,1280,736.66,1280,736.66,0,0,0,0,0,0,834791,779167
1045,1320,42531214,43926875,23913,8155,87,8160,0,7,-18,7,-18,1,1,1,1280,736.66,1280,736.66,0,0,0,0,0,0,682792,642833
1046,1321,42319159,42307792,23709,8155,87,8160,0,7,-18,7,-18,1,1,1,1280,736.66,1280,736.66,0,0,0,0,0,0,683792,637834
1047,1322,39168007,38067667,23709,8155,87,8160,0,7,-18,7,-18,1,1,1,1280,736.66,1280,736.66,0,0,0,0,0,0,608000,572125
1048,1323,37094041,38099000,23773,8155,87,8160,0,7,-18,7,-18,1,1,1,1280,736.66,1280,736.66,0,0,0,0,0,0,646666,601667
1049,1324,35310827,35388625,23797,8155,87,8160,0,7,-18,7,-18,1,1,1,1280,736.66,1280,736.66,0,0,0,0,0,0,588000,552000
1050,1325,38021210,36965875,23709,8155,87,8160,0,7,-18,7,-18,1,1,1,1280,736.66,1280,736.66,0,0,0,0,0,0,666333,624083
1051,1326,32666880,33699583,23825,8156,91,8161,0,7,-18,7,-18,1,1,1,1280,736.66,1280,736.66,0,0,0,0,0,0,607834,569625
1052,1327,33749163,33715667,23709,8155,87,8160,0,7,-18,7,-18,1,1,1,1280,736.66,1280,736.66,0,0,0,0,0,0,544958,508292
1053,1328,34378081,33337375,23709,8155,87,8160,0,7,-18,7,-18,1,1,1,1280,736.66,1280,736.66,0,0,0,0,0,0,568875,535875
1054,1329,33877961,33840667,24425,8155,87,8160,0,7,-18,7,-18,1,1,1,1280,736.66,1280,736.66,0,0,0,0,0,0,574708,537083
1055,1330,32315045,33371958,23925,8155,87,8160,0,7,-18,7,-18,1,1,1,1280,736.66,1280,736.66,0,0,0,0,0,0,611667,578042
1056,1331,34964874,33912833,23709,8155,87,8160,0,8,-18,8,-18,1,1,1,1325.71,772.98,1325.71,772.98,0,0,0,0,0,0,575083,538584
1057,1332,32446455,33456375,23825,8155,87,8160,0,8,-18,8,-18,1,1,1,1325.71,772.98,1325.71,772.98,0,0,0,0,0,0,552083,521541
1058,1333,33614668,33544750,23709,8155,87,8160,0,8,-18,8,-18,1,1,1,1325.71,772.98,1325.71,772.98,0,0,0,0,0,0,602916,562250
1059,1334,35073079,34001708,23797,8155,87,8160,0,8,-18,8,-18,1,1,1,1325.71,772.98,1325.71,772.98,0,0,0,0,0,0,558458,511917
1060,1335,35499129,36557625,23773,8155,87,8160,0,8,-18,8,-18,1,1,1,1325.71,772.98,1325.71,772.98,0,0,0,0,0,0,546459,507250
1061,1336,35789746,35755250,23709,8155,87,8160,0,8,-18,8,-18,1,1,1,1325.71,772.98,1325.71,772.98,0,0,0,0,0,0,551584,520208
1062,1337,36504421,35515875,23709,8155,87,8160,0,8,-18,8,-18,1,1,1,1325.71,772.98,1325.71,772.98,0,0,0,0,0,0,551167,508625
1063,1338,35197746,36154791,23825,8155,87,8160,0,8,-18,8,-18,1,1,1,1325.71,772.98,1325.71,772.98,0,0,0,0,0,0,550500,519708
1064,1339,43422669,43282083,23797,8155,87,8160,0,8,-18,8,-18,1,1,1,1325.71,772.98,1325.71,772.98,0,0,0,0,0,0,703875,659250
1065,1340,39729416,38601792,23709,8155,90,8160,0,8,-18,8,-18,1,1,1,1325.71,772.98,1325.71,772.98,0,0,0,0,0,0,564542,532292
1066,1341,34570168,35803459,23773,8156,88,8161,0,8,-18,8,-18,1,1,1,1325.71,772.98,1325.71,772.98,0,0,0,0,0,0,563375,522625
1067,1342,39079371,38977958,23709,8155,87,8160,0,8,-18,8,-18,1,1,1,1325.71,772.98,1325.71,772.98,0,0,0,0,0,0,725958,688334
1068,1343,50909586,47393625,24361,8155,87,8160,0,9,-18,9,-18,1,1,1,1371.43,801.36,1371.43,801.36,0,0,0,0,0,0,603083,561292
1069,1344,59248037,62617208,24041,8155,87,8160,0,9,-18,9,-18,1,1,1,1371.43,801.36,1371.43,801.36,0,0,0,0,0,0,781291,733500
1070,1345,69589503,67724209,23709,8155,87,8160,0,9,-18,9,-18,1,1,1,1371.43,801.36,1371.43,801.36,0,0,0,0,0,0,1007667,931250
1071,1346,71639955,73257292,23861,8155,87,8160,0,9,-18,9,-18,1,1,1,1371.43,801.36,1371.43,801.36,0,0,0,0,0,0,1049750,985500
1072,1347,68845584,67036833,23761,8155,87,8160,0,9,-18,9,-18,1,1,1,1371.43,801.36,1371.43,801.36,0,0,0,0,0,0,1042209,965708
1073,1348,65356835,67135208,23773,8155,87,8160,0,9,-18,9,-18,1,1,1,1371.43,801.36,1371.43,801.36,0,0,0,0,0,0,993834,934250
1074,1349,70348165,69063208,23797,8155,87,8160,0,9,-18,9,-18,1,1,1,1371.43,801.36,1371.43,801.36,0,0,0,0,0,0,1055333,985042
1075,1350,54172039,55590667,23825,8155,90,8160,0,9,-18,9,-18,1,1,1,1371.43,801.36,1371.43,801.36,0,0,0,0,0,0,836750,784791
1076,1351,55575255,53003417,24273,8155,87,8160,0,9,-18,9,-18,1,1,1,1371.43,801.36,1371.43,801.36,0,0,0,0,0,0,926209,753250
1077,1352,43523788,46123125,24077,8155,87,8160,0,9,-18,9,-18,1,1,1,1371.43,801.36,1371.43,801.36,0,0,0,0,0,0,757500,709375
1078,1353,48669748,48641583,23709,8155,87,8160,0,9,-18,9,-18,1,1,1,1371.43,801.36,1371.43,801.36,0,0,0,0,0,0,671792,621625
1079,1354,54816126,52669917,23761,8155,87,8160,0,9,-18,9,-18,1,1,1,1371.43,801.36,1371.43,801.36,0,0,0,0,0,0,705375,664291
1080,1355,54227538,56181792,23773,8155,87,8160,0,10,-18,10,-18,1,1,1,1417.14,823.72,1417.14,823.72,0,0,0,0,0,0,1197500,1092667
1081,1356,56429002,54985292,23797,8156,88,8161,0,10,-18,10,-18,1,1,1,1417.14,823.72,1417.14,823.72,0,0,0,0,0,0,930750,872125
1082,1357,59662874,60909584,23773,8155,87,8160,0,10,-18,10,-18,1,1,1,1417.14,823.72,1417.14,823.72,0,0,0,0,0,0,777333,718208
1083,1358,69549754,67981083,23761,8155,87,8160,0,10,-18,10,-18,1,1,1,1417.14,823.72,1417.14,823.72,0,0,0,0,0,0,855125,802916
1084,1359,58982539,60490958,23861,8155,90,8160,0,10,-18,10,-18,1,1,1,1417.14,823.72,1417.14,823.72,0,0,0,0,0,0,848459,786250
1085,1360,61021037,58567500,24273,8155,87,8160,0,10,-18,10,-18,1,1,1,1417.14,823.72,1417.14,823.72,0,0,0,0,0,0,1079209,1016333
1086,1361,50077337,52621667,23989,8155,87,8160,0,10,-18,10,-18,1,1,1,1417.14,823.72,1417.14,823.72,0,0,0,0,0,0,897000,826750
1087,1362,49626998,48522667,23849,8155,87,8160,0,10,-18,10,-18,1,1,1,1417.14,823.72,1417.14,823.72,0,0,0,0,0,0,801375,752250
1088,1363,39817664,41073541,23773,8155,87,8160,0,10,-18,10,-18,1,1,1,1417.14,823.72,1417.14,823.72,0,0,0,0,0,0,687250,638209
1089,1364,37930957,37921083,23709,8155,87,8160,0,10,-18,10,-18,1,1,1,1417.14,823.72,1417.14,823.72,0,0,0,0,0,0,597042,559875
1090,1365,38834750,37772125,23709,8155,87,8160,0,10,-18,10,-18,1,1,1,1417.14,823.72,1417.14,823.72,0,0,0,0,0,0,611042,569416
1091,1366,33170707,34243500,23861,8155,87,8160,0,10,-18,10,-18,1,1,1,1417.14,823.72,1417.14,823.72,0,0,0,0,0,0,598542,566875
1092,1367,34064788,33987166,23709,8155,87,8160,0,11,-18,11,-18,1,1,1,1462.86,845.83,1462.86,845.83,0,0,0,0,0,0,547125,505334
1093,1368,38062337,37109959,23761,8155,87,8160,0,11,-18,11,-18,1,1,1,1462.86,845.83,1462.86,845.83,0,0,0,0,0,0,660750,623375
1094,1369,32588079,33554708,23773,8155,90,8160,0,11,-18,11,-18,1,1,1,1462.86,845.83,1462.86,845.83,0,0,0,0,0,0,595459,559875
1095,1370,34632623,34570708,23709,8155,87,8160,0,11,-18,11,-18,1,1,1,1462.86,845.83,1462.86,845.83,0,0,0,0,0,0,622083,576000
1096,1371,36460585,35067625,23797,8156,88,8161,0,11,-18,11,-18,1,1,1,1462.86,845.83,1462.86,845.83,0,0,0,0,0,0,568667,528917
1097,1372,39029285,38903583,24337,8155,87,8160,0,11,-18,11,-18,1,1,1,1462.86,845.83,1462.86,845.83,0,0,0,0,0,0,1034125,974667
1098,1373,37210211,38658500,23925,8155,87,8160,0,11,-18,11,-18,1,1,1,1462.86,845.83,1462.86,845.83,0,0,0,0,0,0,572834,529333
1099,1374,38345705,37305750,23761,8155,87,8160,0,11,-18,11,-18,1,1,1,1462.86,845.83,1462.86,845.83,0,0,0,0,0,0,580750,547875
1100,1375,35434588,36227750,23861,8155,87,8160,0,11,-18,11,-18,1,1,1,1462.86,845.83,1462.86,845.83,0,0,0,0,0,0,632959,589083
1101,1376,39959955,40063834,23709,8155,87,8160,0,11,-18,11,-18,1,1,1,1462.86,845.83,1462.86,845.83,0,0,0,0,0,0,1257792,1222583
1102,1377,46965874,45354625,23709,8155,87,8160,0,11,-18,11,-18,1,1,1,1462.86,845.83,1462.86,845.83,0,0,0,0,0,0,741042,686708
1103,1378,54499957,55869458,23773,8155,87,8160,0,11,-18,11,-18,1,1,1,1462.86,845.83,1462.86,845.83,0,0,0,0,0,0,785584,738459
1104,1379,71360670,69662125,23849,8155,87,8160,0,12,-18,12,-18,1,1,1,1508.57,868.27,1508.57,868.27,0,0,0,0,0,0,1004208,934292
1105,1380,85126824,86491875,23773,8155,87,8160,0,12,-18,12,-18,1,1,1,1508.57,868.27,1508.57,868.27,0,0,0,0,0,0,1156334,1075958
1106,1381,72896249,70401584,23797,8155,90,8160,0,12,-18,12,-18,1,1,1,1508.57,868.27,1508.57,868.27,0,0,0,0,0,0,968250,905167
1107,1382,67080624,67690583,24389,8155,87,8160,0,12,-18,12,-18,1,1,1,1508.57,868.27,1508.57,868.27,0,0,0,0,0,0,1026166,965125
1108,1383,67742213,67684791,23925,8155,87,8160,0,12,-18,12,-18,1,1,1,1508.57,868.27,1508.57,868.27,0,0,0,0,0,0,1086333,1010708
1109,1384,63450075,65741292,23861,8155,87,8160,0,12,-18,12,-18,1,1,1,1508.57,868.27,1508.57,868.27,0,0,0,0,0,0,1040833,968125
1110,1385,58131128,56520417,23761,8155,87,8160,0,12,-18,12,-18,1,1,1,1508.57,868.27,1508.57,868.27,0,0,0,0,0,0,890500,825709
1111,1386,53722582,55264625,23773,8156,88,8161,0,12,-18,12,-18,1,1,1,1508.57,868.27,1508.57,868.27,0,0,0,0,0,0,1153666,1103334
1112,1387,48641830,47403042,23797,8155,87,8160,0,12,-18,12,-18,1,1,1,1508.57,868.27,1508.57,868.27,0,0,0,0,0,0,742417,684541
1113,1388,53038541,54130042,23773,8155,87,8160,0,12,-18,12,-18,1,1,1,1508.57,868.27,1508.57,868.27,0,0,0,0,0,0,1003500,949458
1114,1389,49568373,47797292,23761,8155,90,8160,0,12,-18,12,-18,1,1,1,1508.57,868.27,1508.57,868.27,0,0,0,0,0,0,741000,693167
1115,1390,53400129,53799875,24425,8155,87,8160,0,12,-18,12,-18,1,1,1,1508.57,868.27,1508.57,868.27,0,0,0,0,0,0,777791,726875
1116,1391,54983086,54783750,23925,8155,87,8160,0,13,-18,13,-18,1,1,1,1554.29,892.25,1554.29,892.25,0,0,0,0,0,0,802167,744750
1117,1392,52668996,54209625,23773,8155,87,8160,0,13,-18,13,-18,1,1,1,1554.29,892.25,1554.29,892.25,0,0,0,0,0,0,779417,731042
1118,1393,57625163,55833541,23849,8155,87,8160,0,13,-18,13,-18,1,1,1,1554.29,892.25,1554.29,892.25,0,0,0,0,0,0,920250,859792
1119,1394,54157502,55863167,23773,8155,87,8160,0,13,-18,13,-18,1,1,1,1554.29,892.25,1554.29,892.25,0,0,0,0,0,0,854167,797584
1120,1395,56779500,55262833,23709,8155,87,8160,0,13,-18,13,-18,1,1,1,1554.29,892.25,1554.29,892.25,0,0,0,0,0,0,864541,788375
1121,1396,53373958,54914833,23861,8155,87,8160,0,13,-18,13,-18,1,1,1,1554.29,892.25,1554.29,892.25,0,0,0,0,0,0,851583,795250
1122,1397,63014164,61174083,23761,8155,87,8160,0,13,-18,13,-18,1,1,1,1554.29,892.25,1554.29,892.25,0,0,0,0,0,0,870084,808792
1123,1398,55958084,57269708,23773,8155,90,8160,0,13,-18,13,-18,1,1,1,1554.29,892.25,1554.29,892.25,0,0,0,0,0,0,1436042,1358375
1124,1399,57044081,54890709,24361,8155,87,8160,0,13,-18,13,-18,1,1,1,1554.29,892.25,1554.29,892.25,0,0,0,0,0,0,923167,836500
1125,1400,50668418,53253041,23989,8155,87,8160,0,13,-18,13,-18,1,1,1,1554.29,892.25,1554.29,892.25,0,0,0,0,0,0,813459,764292
1126,1401,52077997,50848792,23761,8156,88,8161,0,13,-18,13,-18,1,1,1,1554.29,892.25,1554.29,892.25,0,0,0,0,0,0,833542,772667
1127,1402,43515708,44781208,23861,8155,87,8160,0,13,-18,13,-18,1,1,1,1554.29,892.25,1554.29,892.25,0,0,0,0,0,0,739542,661375
1128,1403,39626792,39630792,23709,8155,87,8160,0,14,-18,14,-18,1,1,1,1600,918.02,1600,918.02,0,0,0,0,0,0,684459,636709
1129,1404,38774292,37653375,23709,8155,87,8160,0,14,-18,14,-18,1,1,1,1600,918.02,1600,918.02,0,0,0,0,0,0,596458,558625
1130,1405,35142246,36201542,23773,8155,87,8160,0,14,-18,14,-18,1,1,1,1600,918.02,1600,918.02,0,0,0,0,0,0,684833,642000
1131,1406,34303374,34336125,23849,8155,87,8160,0,14,-18,14,-18,1,1,1,1600,918.02,1600,918.02,0,0,0,0,0,0,590792,553541
1132,1407,37739917,36729250,23709,8155,87,8160,0,14,-18,14,-18,1,1,1,1600,918.02,1600,918.02,0,0,0,0,0,0,718250,661083
1133,1408,33641375,34650875,23773,8155,90,8160,0,14,-18,14,-18,1,1,1,1600,918.02,1600,918.02,0,0,0,0,0,0,569541,535791
1134,1409,36525581,36494750,23709,8155,87,8160,0,14,-18,14,-18,1,1,1,1600,918.02,1600,918.02,0,0,0,0,0,0,557125,511375
1135,1410,37485834,36385084,23709,8155,87,8160,0,14,-18,14,-18,1,1,1,1600,918.02,1600,918.02,0,0,0,0,0,0,545542,511458
1136,1411,36316256,37011375,23861,8155,87,8160,0,14,-18,14,-18,1,1,1,1600,918.02,1600,918.02,0,0,0,0,0,0,593459,548667
1137,1412,37554875,36361584,24325,8155,87,8160,0,14,-18,14,-18,1,1,1,1600,918.02,1600,918.02,0,0,0,0,0,0,710834,656625
1138,1413,38142785,38575042,23925,8155,87,8160,0,14,-18,14,-18,1,1,1,1600,918.02,1600,918.02,0,0,0,0,0,0,570875,529792
1139,1414,36984544,37967541,23773,8155,87,8160,0,14,-18,14,-18,1,1,1,1600,918.02,1600,918.02,0,0,0,0,0,0,574042,540541
1140,1415,45061662,44854042,23709,8155,87,8160,0,15,-18,15,-18,1,1,1,1645.71,944.98,1645.71,944.98,0,0,0,0,0,0,617875,574750
1141,1416,50897292,49422458,23797,8156,88,8161,0,15,-18,15,-18,1,1,1,1645.71,944.98,1645.71,944.98,0,0,0,0,0,0,727208,660708
1142,1417,65324708,66733125,23825,8155,87,8160,0,15,-18,15,-18,1,1,1,1645.71,944.98,1645.71,944.98,0,0,0,0,0,0,821667,760750
1143,1418,69842912,67773042,23709,8155,87,8160,0,15,-18,15,-18,1,1,1,1645.71,944.98,1645.71,944.98,0,0,0,0,0,0,1022542,962791
1144,1419,81701502,83770625,23861,8155,87,8160,0,15,-18,15,-18,1,1,1,1645.71,944.98,1645.71,944.98,0,0,0,0,0,0,1026250,942042
1145,1420,71151711,69188208,23761,8155,90,8160,0,15,-18,15,-18,1,1,1,1645.71,944.98,1645.71,944.98,0,0,0,0,0,0,1349291,1293667
1146,1421,69233246,69125708,24425,8155,87,8160,0,15,-18,15,-18,1,1,1,1645.71,944.98,1645.71,944.98,0,0,0,0,0,0,1178708,1094209
1147,1422,63118085,63382708,23925,8155,87,8160,0,15,-18,15,-18,1,1,1,1645.71,944.98,1645.71,944.98,0,0,0,0,0,0,1056833,992042
1148,1423,54266460,55844417,23825,8155,87,8160,0,15,-18,15,-18,1,1,1,1645.71,944.98,1645.71,944.98,0,0,0,0,0,0,942417,876875
1149,1424,53425416,52025250,23797,8155,87,8160,0,15,-18,15,-18,1,1,1,1645.71,944.98,1645.71,944.98,0,0,0,0,0,0,846958,794708
1150,1425,50631992,51949791,23773,8155,87,8160,0,15,-18,15,-18,1,1,1,1645.71,944.98,1645.71,944.98,0,0,0,0,0,0,701000,648834
1151,1426,56761004,55408125,23709,8155,87,8160,0,15,-18,15,-18,1,1,1,1645.71,944.98,1645.71,944.98,0,0,0,0,0,0,801417,752208
1152,1427,61101082,62480250,23913,8155,87,8160,0,16,-18,16,-18,1,1,1,1691.43,972.01,1691.43,972.01,0,0,0,0,0,0,1097541,1017291
1153,1428,57075206,55651000,23709,8155,90,8160,0,16,-18,16,-18,1,1,1,1691.43,972.01,1691.43,972.01,0,0,0,0,0,0,915041,861209
1154,1429,55276330,54268125,24337,8155,87,8160,0,16,-18,16,-18,1,1,1,1691.43,972.01,1691.43,972.01,0,0,0,0,0,0,804708,748375
1155,1430,57458579,57971000,24013,8155,87,8160,0,16,-18,16,-18,1,1,1,1691.43,972.01,1691.43,972.01,0,0,0,0,0,0,836416,782208
1156,1431,58450419,60266875,23825,8156,88,8161,0,16,-18,16,-18,1,1,1,1691.43,972.01,1691.43,972.01,0,0,0,0,0,0,1238541,1169750
1157,1432,58107793,56394667,23709,8155,87,8160,0,16,-18,16,-18,1,1,1,1691.43,972.01,1691.43,972.01,0,0,0,0,0,0,864834,814334
1158,1433,60702502,62349166,23861,8155,87,8160,0,16,-18,16,-18,1,1,1,1691.43,972.01,1691.43,972.01,0,0,0,0,0,0,852583,795541
1159,1434,61172455,59341541,23709,8155,87,8160,0,16,-18,16,-18,1,1,1,1691.43,972.01,1691.43,972.01,0,0,0,0,0,0,928958,876250
1160,1435,57482376,59304500,23825,8155,87,8160,0,16,-18,16,-18,1,1,1,1691.43,972.01,1691.43,972.01,0,0,0,0,0,0,1091542,1027417
1161,1436,57380206,55952417,23797,8155,87,8160,0,16,-18,16,-18,1,1,1,1691.43,972.01,1691.43,972.01,0,0,0,0,0,0,829584,780250
1162,1437,47750376,49286750,23773,8155,90,8160,0,16,-18,16,-18,1,1,1,1691.43,972.01,1691.43,972.01,0,0,0,0,0,0,1010291,952083
1163,1438,44768750,43535375,24273,8155,87,8160,0,16,-18,16,-18,1,1,1,1691.43,972.01,1691.43,972.01,0,0,0,0,0,0,738750,698459
1164,1439,38798786,38907958,23977,8155,87,8160,0,15,-18,15,-18,1,1,1,1645.71,944.98,1645.71,944.98,0,0,0,0,0,0,595792,554167
1165,1440,36391999,37497542,23861,8155,87,8160,0,15,-18,15,-18,1,1,1,1645.71,944.98,1645.71,944.98,0,0,0,0,0,0,619167,582583
1166,1441,33827375,33840000,23709,8155,87,8160,0,15,-18,15,-18,1,1,1,1645.71,944.98,1645.71,944.98,0,0,0,0,0,0,573083,537125
1167,1442,35197500,33944459,23709,8155,87,8160,0,15,-18,15,-18,1,1,1,1645.71,944.98,1645.71,944.98,0,0,0,0,0,0,557333,524583
1168,1443,32762542,33993166,23773,8155,87,8160,0,15,-18,15,-18,1,1,1,1645.71,944.98,1645.71,944.98,0,0,0,0,0,0,575000,537000
1169,1444,33362250,33264417,23709,8155,87,8160,0,15,-18,15,-18,1,1,1,1645.71,944.98,1645.71,944.98,0,0,0,0,0,0,539750,508042
1170,1445,34690666,33742042,23849,8155,87,8160,0,15,-18,15,-18,1,1,1,1645.71,944.98,1645.71,944.98,0,0,0,0,0,0,545625,504458
1171,1446,32731790,33709208,23773,8156,88,8161,0,15,-18,15,-18,1,1,1,1645.71,944.98,1645.71,944.98,0,0,0,0,0,0,568875,535542
1172,1447,33404797,33393792,23709,8155,87,8160,0,15,-18,15,-18,1,1,1,1645.71,944.98,1645.71,944.98,0,0,0,0,0,0,585917,545458
1173,1448,37402912,36262125,23709,8155,87,8160,0,15,-18,15,-18,1,1,1,1645.71,944.98,1645.71,944.98,0,0,0,0,0,0,644583,609667
1174,1449,32303627,33390041,23773,8155,90,8160,0,15,-18,15,-18,1,1,1,1645.71,944.98,1645.71,944.98,0,0,0,0,0,0,566666,531667
1175,1450,31025957,31016500,23797,8155,87,8160,0,15,-18,15,-18,1,1,1,1645.71,944.98,1645.71,944.98,0,0,0,0,0,0,549792,519041
1176,1451,30289079,30320709,23761,8155,87,8160,0,14,-18,14,-18,1,1,1,1600,918.02,1600,918.02,0,0,0,0,0,0,517958,482125
1177,1452,31314421,30317458,23709,8155,87,8160,0,14,-18,14,-18,1,1,1,1600,918.02,1600,918.02,0,0,0,0,0,0,505083,476166
1178,1453,30286621,30305125,24337,8155,87,8160,0,14,-18,14,-18,1,1,1,1600,918.02,1600,918.02,0,0,0,0,0,0,539333,503458
1179,1454,31628422,32488417,23925,8155,87,8160,0,14,-18,14,-18,1,1,1,1600,918.02,1600,918.02,0,0,0,0,0,0,551375,522041
1180,1455,31712833,31758041,23797,8155,87,8160,0,14,-18,14,-18,1,1,1,1600,918.02,1600,918.02,0,0,0,0,0,0,504375,465667
1181,1456,34603912,33558208,23709,8155,87,8160,0,14,-18,14,-18,1,1,1,1600,918.02,1600,918.02,0,0,0,0,0,0,578625,544417
1182,1457,31958546,32979000,23773,8155,87,8160,0,14,-18,14,-18,1,1,1,1600,918.02,1600,918.02,0,0,0,0,0,0,607625,565708
1183,1458,32907079,32886792,23761,8155,87,8160,0,14,-18,14,-18,1,1,1,1600,918.02,1600,918.02,0,0,0,0,0,0,517708,488834
1184,1459,33523548,33460875,23709,8155,87,8160,0,14,-18,14,-18,1,1,1,1600,918.02,1600,918.02,0,0,0,0,0,0,554041,501541
1185,1460,35170491,34162916,23797,8155,87,8160,0,14,-18,14,-18,1,1,1,1600,918.02,1600,918.02,0,0,0,0,0,0,582416,550292
1186,1461,33143125,34166042,23773,8156,88,8161,0,14,-18,14,-18,1,1,1,1600,918.02,1600,918.02,0,0,0,0,0,0,583209,536041
1187,1462,36450419,36368666,23709,8155,87,8160,0,14,-18,14,-18,1,1,1,1600,918.02,1600,918.02,0,0,0,0,0,0,592917,556375
1188,1463,40401589,39168541,23709,8155,87,8160,0,13,-18,13,-18,1,1,1,1554.29,892.25,1554.29,892.25,0,0,0,0,0,0,647833,603209
1189,1464,36501828,37649084,23825,8155,90,8160,0,13,-18,13,-18,1,1,1,1554.29,892.25,1554.29,892.25,0,0,0,0,0,0,873625,829334
1190,1465,39081294,39165958,23797,8155,87,8160,0,13,-18,13,-18,1,1,1,1554.29,892.25,1554.29,892.25,0,0,0,0,0,0,690208,633666
1191,1466,37750083,36559166,23709,8155,87,8160,0,13,-18,13,-18,1,1,1,1554.29,892.25,1554.29,892.25,0,0,0,0,0,0,543000,510958
1192,1467,44927664,44747042,24337,8155,87,8160,0,13,-18,13,-18,1,1,1,1554.29,892.25,1554.29,892.25,0,0,0,0,0,0,768708,685625
1193,1468,51219586,52332416,23925,8155,87,8160,0,13,-18,13,-18,1,1,1,1554.29,892.25,1554.29,892.25,0,0,0,0,0,0,720125,678833
1194,1469,68157047,65847500,23849,8155,87,8160,0,13,-18,13,-18,1,1,1,1554.29,892.25,1554.29,892.25,0,0,0,0,0,0,782041,721125
1195,1470,70400953,72145875,23773,8155,87,8160,0,13,-18,13,-18,1,1,1,1554.29,892.25,1554.29,892.25,0,0,0,0,0,0,1076917,1003500
1196,1471,83935081,80517375,23709,8155,87,8160,0,13,-18,13,-18,1,1,1,1554.29,892.25,1554.29,892.25,0,0,0,0,0,0,1273959,1202209
1197,1472,69690749,73431791,23913,8155,87,8160,0,13,-18,13,-18,1,1,1,1554.29,892.25,1554.29,892.25,0,0,0,0,0,0,1439166,1377833
1198,1473,78875549,77046375,23709,8155,87,8160,0,13,-18,13,-18,1,1,1,1554.29,892.25,1554.29,892.25,0,0,0,0,0,0,1150208,1069334
1199,1474,68331785,68145375,24337,8155,90,8160,0,13,-18,13,-18,1,1,1,1554.29,892.25,1554.29,892.25,0,0,0,0,0,0,1049833,987167
1200,1475,57089667,57547334,24065,8155,87,8160,0,12,-18,12,-18,1,1,1,1508.57,868.27,1508.57,868.27,0,0,0,0,0,0,1017833,955750
1201,1476,51212918,52876750,23773,8156,88,8161,0,12,-18,12,-18,1,1,1,1508.57,868.27,1508.57,868.27,0,0,0,0,0,0,832000,781417
1202,1477,47084793,46867209,23709,8155,87,8160,0,12,-18,12,-18,1,1,1,1508.57,868.27,1508.57,868.27,0,0,0,0,0,0,703417,650250
1203,1478,48776537,47418791,23797,8155,87,8160,0,12,-18,12,-18,1,1,1,1508.57,868.27,1508.57,868.27,0,0,0,0,0,0,739666,696667
1204,1479,46179961,47720625,23825,8155,87,8160,0,12,-18,12,-18,1,1,1,1508.57,868.27,1508.57,868.27,0,0,0,0,0,0,737041,686500
1205,1480,47221790,47170792,23709,8155,87,8160,0,12,-18,12,-18,1,1,1,1508.57,868.27,1508.57,868.27,0,0,0,0,0,0,681292,639333
1206,1481,57734955,55764125,23709,8155,87,8160,0,12,-18,12,-18,1,1,1,1508.57,868.27,1508.57,868.27,0,0,0,0,0,0,1129167,1015458
1207,1482,64368918,66129125,23861,8155,87,8160,0,12,-18,12,-18,1,1,1,1508.57,868.27,1508.57,868.27,0,0,0,0,0,0,1296375,1235083
1208,1483,73040120,69572042,23761,8155,90,8160,0,12,-18,12,-18,1,1,1,1508.57,868.27,1508.57,868.27,0,0,0,0,0,0,1086625,1009708
1209,1484,67220754,70468167,24553,8155,87,8160,0,12,-18,12,-18,1,1,1,1508.57,868.27,1508.57,868.27,0,0,0,0,0,0,1010083,948458
1210,1485,68135954,66431041,23797,8155,87,8160,0,12,-18,12,-18,1,1,1,1508.57,868.27,1508.57,868.27,0,0,0,0,0,0,995250,924000
1211,1486,61539541,63477500,23825,8155,87,8160,0,12,-18,12,-18,1,1,1,1508.57,868.27,1508.57,868.27,0,0,0,0,0,0,1000750,933459
1212,1487,51054336,49776375,23709,8155,87,8160,0,11,-18,11,-18,1,1,1,1462.86,845.83,1462.86,845.83,0,0,0,0,0,0,842542,785083
1213,1488,40866870,42183792,23861,8155,87,8160,0,11,-18,11,-18,1,1,1,1462.86,845.83,1462.86,845.83,0,0,0,0,0,0,712750,671541
1214,1489,38281124,38268958,23709,8155,87,8160,0,11,-18,11,-18,1,1,1,1462.86,845.83,1462.86,845.83,0,0,0,0,0,0,647333,601459
1215,1490,40529713,39529333,23709,8155,87,8160,0,11,-18,11,-18,1,1,1,1462.86,845.83,1462.86,845.83,0,0,0,0,0,0,650334,612292
1216,1491,33311210,34231709,23825,8156,91,8161,0,11,-18,11,-18,1,1,1,1462.86,845.83,1462.86,845.83,0,0,0,0,0,0,607250,570000
1217,1492,33877953,33951792,23797,8155,87,8160,0,11,-18,11,-18,1,1,1,1462.86,845.83,1462.86,845.83,0,0,0,0,0,0,561333,528291
1218,1493,35318374,34301167,23709,8155,87,8160,0,11,-18,11,-18,1,1,1,1462.86,845.83,1462.86,845.83,0,0,0,0,0,0,563875,521500
1219,1494,33857170,33767166,24337,8155,87,8160,0,11,-18,11,-18,1,1,1,1462.86,845.83,1462.86,845.83,0,0,0,0,0,0,617625,574833
1220,1495,33279746,34362209,23925,8155,87,8160,0,11,-18,11,-18,1,1,1,1462.86,845.83,1462.86,845.83,0,0,0,0,0,0,649834,614417
1221,1496,35134706,33992625,23709,8155,87,8160,0,11,-18,11,-18,1,1,1,1462.86,845.83,1462.86,845.83,0,0,0,0,0,0,643500,611875
1222,1497,31133709,32257667,23913,8155,87,8160,0,11,-18,11,-18,1,1,1,1462.86,845.83,1462.86,845.83,0,0,0,0,0,0,590583,549459
1223,1498,30507376,30400416,23709,8155,87,8160,0,11,-18,11,-18,1,1,1,1462.86,845.83,1462.86,845.83,0,0,0,0,0,0,513333,483667
1224,1499,30206371,30266042,23709,8155,87,8160,0,10,-18,10,-18,1,1,1,1417.14,823.72,1417.14,823.72,0,0,0,0,0,0,578417,540125
1225,1500,31670458,30680042,23709,8155,87,8160,0,10,-18,10,-18,1,1,1,1417.14,823.72,1417.14,823.72,0,0,0,0,0,0,518000,487833
1226,1501,29378294,30307375,23773,8155,87,8160,0,10,-18,10,-18,1,1,1,1417.14,823.72,1417.14,823.72,0,0,0,0,0,0,506791,473042
1227,1502,30376126,30385958,23797,8155,87,8160,0,10,-18,10,-18,1,1,1,1417.14,823.72,1417.14,823.72,0,0,0,0,0,0,514917,484666
1228,1503,30574163,30558708,23709,8155,87,8160,0,10,-18,10,-18,1,1,1,1417.14,823.72,1417.14,823.72,0,0,0,0,0,0,522875,484667
1229,1504,33031001,31966584,23761,8155,87,8160,0,10,-18,10,-18,1,1,1,1417.14,823.72,1417.14,823.72,0,0,0,0,0,0,559708,529916
1230,1505,36852832,37846708,23773,8155,87,8160,0,10,-18,10,-18,1,1,1,1417.14,823.72,1417.14,823.72,0,0,0,0,0,0,630625,582584
1231,1506,33233247,33180958,23709,8156,91,8161,0,10,-18,10,-18,1,1,1,1417.14,823.72,1417.14,823.72,0,0,0,0,0,0,600625,568791
1232,1507,34494835,33538333,23797,8155,87,8160,0,10,-18,10,-18,1,1,1,1417.14,823.72,1417.14,823.72,0,0,0,0,0,0,543917,508666
1233,1508,32504413,33476375,23773,8155,87,8160,0,10,-18,10,-18,1,1,1,1417.14,823.72,1417.14,823.72,0,0,0,0,0,0,538083,506291
1234,1509,33249750,33260875,23709,8155,87,8160,0,10,-18,10,-18,1,1,1,1417.14,823.72,1417.14,823.72,0,0,0,0,0,0,538042,500834
1235,1510,35044834,33236417,24325,8155,87,8160,0,10,-18,10,-18,1,1,1,1417.14,823.72,1417.14,823.72,0,0,0,0,0,0,546625,498542
1236,1511,31553577,33269708,23989,8155,87,8160,0,9,-18,9,-18,1,1,1,1371.43,801.36,1371.43,801.36,0,0,0,0,0,0,569125,528917
1237,1512,33765915,33799333,23797,8155,87,8160,0,9,-18,9,-18,1,1,1,1371.43,801.36,1371.43,801.36,0,0,0,0,0,0,557959,527083
1238,1513,34548129,33480208,23709,8155,87,8160,0,9,-18,9,-18,1,1,1,1371.43,801.36,1371.43,801.36,0,0,0,0,0,0,574875,535209
1239,1514,33521961,34318833,23773,8155,87,8160,0,9,-18,9,-18,1,1,1,1371.43,801.36,1371.43,801.36,0,0,0,0,0,0,721333,686083
1240,1515,34392539,34600000,23709,8155,87,8160,0,9,-18,9,-18,1,1,1,1371.43,801.36,1371.43,801.36,0,0,0,0,0,0,546250,510667
1241,1516,37166625,35524917,23761,8155,87,8160,0,9,-18,9,-18,1,1,1,1371.43,801.36,1371.43,801.36,0,0,0,0,0,0,615208,581375
1242,1517,36183837,37504292,23861,8155,87,8160,0,9,-18,9,-18,1,1,1,1371.43,801.36,1371.43,801.36,0,0,0,0,0,0,561584,523125
1243,1518,37606745,37833542,23709,8155,87,8160,0,9,-18,9,-18,1,1,1,1371.43,801.36,1371.43,801.36,0,0,0,0,0,0,640334,599417
1244,1519,39088208,37779625,23709,8155,87,8160,0,9,-18,9,-18,1,1,1,1371.43,801.36,1371.43,801.36,0,0,0,0,0,0,1069958,998375
1245,1520,48223420,49369792,23773,8155,87,8160,0,9,-18,9,-18,1,1,1,1371.43,801.36,1371.43,801.36,0,0,0,0,0,0,640500,600916
1246,1521,52694998,51046833,23797,8156,91,8161,0,9,-18,9,-18,1,1,1,1371.43,801.36,1371.43,801.36,0,0,0,0,0,0,692750,640375
1247,1522,66141836,65803375,24389,8155,87,8160,0,9,-18,9,-18,1,1,1,1371.43,801.36,1371.43,801.36,0,0,0,0,0,0,960625,900875
1248,1523,71364700,71157875,23925,8155,87,8160,0,8,-18,8,-18,1,1,1,1325.71,772.98,1325.71,772.98,0,0,0,0,0,0,977834,914041
1249,1524,74691750,76466084,23861,8155,87,8160,0,8,-18,8,-18,1,1,1,1325.71,772.98,1325.71,772.98,0,0,0,0,0,0,1016417,961250
1250,1525,68700499,66816334,23761,8155,87,8160,0,8,-18,8,-18,1,1,1,1325.71,772.98,1325.71,772.98,0,0,0,0,0,0,1151500,1085542
1251,1526,67254789,68811375,23773,8155,87,8160,0,8,-18,8,-18,1,1,1,1325.71,772.98,1325.71,772.98,0,0,0,0,0,0,981167,921542
1252,1527,65382830,64476834,23797,8155,87,8160,0,8,-18,8,-18,1,1,1,1325.71,772.98,1325.71,772.98,0,0,0,0,0,0,1054666,981583
1253,1528,58571379,59910125,23825,8155,87,8160,0,8,-18,8,-18,1,1,1,1325.71,772.98,1325.71,772.98,0,0,0,0,0,0,961833,895250
1254,1529,52889831,51555792,23709,8155,90,8160,0,8,-18,8,-18,1,1,1,1325.71,772.98,1325.71,772.98,0,0,0,0,0,0,797083,737458
1255,1530,47207795,47076458,24425,8155,87,8160,0,8,-18,8,-18,1,1,1,1325.71,772.98,1325.71,772.98,0,0,0,0,0,0,714792,673042
1256,1531,44718205,46209583,23925,8155,87,8160,0,8,-18,8,-18,1,1,1,1325.71,772.98,1325.71,772.98,0,0,0,0,0,0,682750,636875
1257,1532,57566002,55974083,23761,8155,87,8160,0,8,-18,8,-18,1,1,1,1325.71,772.98,1325.71,772.98,0,0,0,0,0,0,899541,849917
1258,1533,53457163,54887250,23773,8155,87,8160,0,8,-18,8,-18,1,1,1,1325.71,772.98,1325.71,772.98,0,0,0,0,0,0,789500,736125
1259,1534,57500418,56136459,23797,8155,87,8160,0,8,-18,8,-18,1,1,1,1325.71,772.98,1325.71,772.98,0,0,0,0,0,0,827667,769375
1260,1535,62226545,63469000,23773,8155,87,8160,0,7,-18,7,-18,1,1,1,1280,736.66,1280,736.66,0,0,0,0,0,0,834042,782791
1261,1536,59638660,58195667,23761,8156,88,8161,0,7,-18,7,-18,1,1,1,1280,736.66,1280,736.66,0,0,0,0,0,0,999875,928917
1262,1537,65374635,66811292,23861,8155,87,8160,0,7,-18,7,-18,1,1,1,1280,736.66,1280,736.66,0,0,0,0,0,0,900417,836250
1263,1538,57497575,55517875,23709,8155,90,8160,0,7,-18,7,-18,1,1,1,1280,736.66,1280,736.66,0,0,0,0,0,0,826792,779333
1264,1539,61151050,61578875,24337,8155,87,8160,0,7,-18,7,-18,1,1,1,1280,736.66,1280,736.66,0,0,0,0,0,0,1207208,1144917
1265,1540,55552579,55696208,24065,8155,87,8160,0,7,-18,7,-18,1,1,1,1280,736.66,1280,736.66,0,0,0,0,0,0,867042,818750
1266,1541,53627748,55096792,23773,8155,87,8160,0,7,-18,7,-18,1,1,1,1280,736.66,1280,736.66,0,0,0,0,0,0,877042,822041
1267,1542,61590753,60013792,23709,8155,87,8160,0,7,-18,7,-18,1,1,1,1280,736.66,1280,736.66,0,0,0,0,0,0,794125,746708
1268,1543,53695082,55211959,23861,8155,87,8160,0,7,-18,7,-18,1,1,1,1280,736.66,1280,736.66,0,0,0,0,0,0,1080167,988709
1269,1544,53616207,52001500,23761,8155,87,8160,0,7,-18,7,-18,1,1,1,1280,736.66,1280,736.66,0,0,0,0,0,0,1023292,966542
1270,1545,47701254,49304542,23773,8155,87,8160,0,7,-18,7,-18,1,1,1,1280,736.66,1280,736.66,0,0,0,0,0,0,794125,716959
1271,1546,42104166,42172666,23797,8155,90,8160,0,7,-18,7,-18,1,1,1,1280,736.66,1280,736.66,0,0,0,0,0,0,701042,660625
1272,1547,38988329,37963083,23709,8155,87,8160,0,6,-18,6,-18,1,1,1,1234.29,696.59,1234.29,696.59,0,0,0,0,0,0,599000,559166
1273,1548,32750751,33750209,23773,8155,87,8160,0,6,-18,6,-18,1,1,1,1234.29,696.59,1234.29,696.59,0,0,0,0,0,0,599291,551834
1274,1549,34385457,33346541,24325,8155,87,8160,0,6,-18,6,-18,1,1,1,1234.29,696.59,1234.29,696.59,0,0,0,0,0,0,562250,525542
1275,1550,34115541,34062750,23925,8155,87,8160,0,6,-18,6,-18,1,1,1,1234.29,696.59,1234.29,696.59,0,0,0,0,0,0,633917,575792
1276,1551,32631836,33692584,23861,8156,88,8161,0,6,-18,6,-18,1,1,1,1234.29,696.59,1234.29,696.59,0,0,0,0,0,0,600875,564375
1277,1552,34101538,34069959,23709,8155,87,8160,0,6,-18,6,-18,1,1,1,1234.29,696.59,1234.29,696.59,0,0,0,0,0,0,608791,553833
1278,1553,34748625,33738042,23709,8155,87,8160,0,6,-18,6,-18,1,1,1,1234.29,696.59,1234.29,696.59,0,0,0,0,0,0,609083,570125
1279,1554,32774247,33564375,23773,8155,87,8160,0,6,-18,6,-18,1,1,1,1234.29,696.59,1234.29,696.59,0,0,0,0,0,0,581917,551833
1280,1555,33340796,33489334,23761,8155,87,8160,0,6,-18,6,-18,1,1,1,1234.29,696.59,1234.29,696.59,0,0,0,0,0,0,583666,549542
1281,1556,34324456,33353917,23797,8155,87,8160,0,6,-18,6,-18,1,1,1,1234.29,696.59,1234.29,696.59,0,0,0,0,0,0,572000,533334
1282,1557,32463584,33444375,23773,8155,87,8160,0,6,-18,6,-18,1,1,1,1234.29,696.59,1234.29,696.59,0,0,0,0,0,0,543792,508625
1283,1558,33583503,33515542,23709,8155,87,8160,0,6,-18,6,-18,1,1,1,1234.29,696.59,1234.29,696.59,0,0,0,0,0,0,591292,561417
1284,1559,37599787,36665291,23709,8155,87,8160,0,5,-18,5,-18,1,1,1,1188.57,662.98,1188.57,662.98,0,0,0,0,0,0,656833,610875
1285,1560,32411038,33309833,23773,8155,90,8160,0,5,-18,5,-18,1,1,1,1188.57,662.98,1188.57,662.98,0,0,0,0,0,0,530792,499958
1286,1561,32193168,32250834,23849,8155,87,8160,0,5,-18,5,-18,1,1,1,1188.57,662.98,1188.57,662.98,0,0,0,0,0,0,546459,505584
1287,1562,31714335,31690875,23709,8155,87,8160,0,5,-18,5,-18,1,1,1,1188.57,662.98,1188.57,662.98,0,0,0,0,0,0,568666,539000
1288,1563,32573498,31656375,31110,8155,87,8160,0,5,-18,5,-18,1,1,1,1188.57,662.98,1188.57,662.98,0,0,0,0,0,0,531917,482167
1289,1564,32567210,32438375,30065,8155,87,8160,0,5,-18,5,-18,1,1,1,1188.57,662.98,1188.57,662.98,0,0,0,0,0,0,546708,519000
1290,1565,31997080,32983708,23925,8155,87,8160,0,5,-18,5,-18,1,1,1,1188.57,662.98,1188.57,662.98,0,0,0,0,0,0,560625,527292
1291,1566,33530712,33507916,23797,8156,88,8161,0,5,-18,5,-18,1,1,1,1188.57,662.98,1188.57,662.98,0,0,0,0,0,0,504625,476583
1292,1567,37864498,36828792,23709,8155,87,8160,0,5,-18,5,-18,1,1,1,1188.57,662.98,1188.57,662.98,0,0,0,0,0,0,621292,584416
1293,1568,34539710,35523958,23825,8155,87,8160,0,5,-18,5,-18,1,1,1,1188.57,662.98,1188.57,662.98,0,0,0,0,0,0,535959,506167
1294,1569,37683498,37644250,23709,8155,87,8160,0,5,-18,5,-18,1,1,1,1188.57,662.98,1188.57,662.98,0,0,0,0,0,0,589958,551417
1295,1570,38881957,37604917,23709,8155,87,8160,0,5,-18,5,-18,1,1,1,1188.57,662.98,1188.57,662.98,0,0,0,0,0,0,584916,552750
1296,1571,34754917,36021209,23441,8155,87,8160,0,4,-18,4,-18,1,1,1,1142.86,635.99,1142.86,635.99,0,0,0,0,0,0,612875,578708
1297,1572,40997914,40899958,23289,8085,87,8090,0,4,-18,4,-18,1,1,1,1142.86,635.99,1142.86,635.99,0,0,0,0,0,0,715583,671708
1298,1573,48377580,46764334,23289,8085,87,8090,0,4,-18,4,-18,1,1,1,1142.86,635.99,1142.86,635.99,0,0,0,0,0,0,640417,603709
1299,1574,67322798,68421083,23405,8085,87,8090,0,4,-18,4,-18,1,1,1,1142.86,635.99,1142.86,635.99,0,0,0,0,0,0,805375,750959
1300,1575,79414248,77176708,35675,8085,90,8090,0,4,-18,4,-18,1,1,1,1142.86,635.99,1142.86,635.99,0,0,0,0,0,0,940334,887208
1301,1576,70793710,71276042,26595,8085,87,8090,0,4,-18,4,-18,1,1,1,1142.86,635.99,1142.86,635.99,0,0,0,0,0,0,1010833,945667
1302,1577,68317793,68624750,23645,8085,87,8090,0,4,-18,4,-18,1,1,1,1142.86,635.99,1142.86,635.99,0,0,0,0,0,0,894916,841500
1303,1578,65691292,67415625,23353,8085,87,8090,0,4,-18,4,-18,1,1,1,1142.86,635.99,1142.86,635.99,0,0,0,0,0,0,924250,864125
1304,1579,72972744,70511875,23289,8085,87,8090,0,4,-18,4,-18,1,1,1,1142.86,635.99,1142.86,635.99,0,0,0,0,0,0,922083,869458
1305,1580,60092791,62574042,23493,8085,87,8090,0,4,-18,4,-18,1,1,1,1142.86,635.99,1142.86,635.99,0,0,0,0,0,0,1042375,988250
1306,1581,63213169,61844667,23289,8086,88,8091,0,4,-18,4,-18,1,1,1,1142.86,635.99,1142.86,635.99,0,0,0,0,0,0,802709,749917
1307,1582,53399249,54649750,23353,8085,90,8090,0,4,-18,4,-18,1,1,1,1142.86,635.99,1142.86,635.99,0,0,0,0,0,0,726000,683083
1308,1583,54481334,52269458,23941,8085,87,8090,0,3,-18,3,-18,1,1,1,1097.14,613.14,1097.14,613.14,0,0,0,0,0,0,865458,824250
1309,1584,49606960,51918416,23621,8085,87,8090,0,3,-18,3,-18,1,1,1,1097.14,613.14,1097.14,613.14,0,0,0,0,0,0,864709,813250
1310,1585,56166291,54238958,23289,8085,87,8090,0,3,-18,3,-18,1,1,1,1097.14,613.14,1097.14,613.14,0,0,0,0,0,0,844500,795500
1311,1586,53125374,54834209,23441,8085,87,8090,0,3,-18,3,-18,1,1,1,1097.14,613.14,1097.14,613.14,0,0,0,0,0,0,740417,698208
1312,1587,57033624,55710666,23289,8085,87,8090,0,3,-18,3,-18,1,1,1,1097.14,613.14,1097.14,613.14,0,0,0,0,0,0,790250,725917
1313,1588,52825879,53944125,23405,8085,87,8090,0,3,-18,3,-18,1,1,1,1097.14,613.14,1097.14,613.14,0,0,0,0,0,0,759375,718500
1314,1589,57573206,56019375,23377,8085,87,8090,0,3,-18,3,-18,1,1,1,1097.14,613.14,1097.14,613.14,0,0,0,0,0,0,930125,881291
1315,1590,66770575,68470750,23353,8085,87,8090,0,3,-18,3,-18,1,1,1,1097.14,613.14,1097.14,613.14,0,0,0,0,0,0,991459,926792
1316,1591,55846795,54331416,23289,8085,90,8090,0,3,-18,3,-18,1,1,1,1097.14,613.14,1097.14,613.14,0,0,0,0,0,0,891917,838916
1317,1592,50664164,50981917,24057,8085,87,8090,0,3,-18,3,-18,1,1,1,1097.14,613.14,1097.14,613.14,0,0,0,0,0,0,809209,766459
1318,1593,42675085,43958125,23505,8085,87,8090,0,3,-18,3,-18,1,1,1,1097.14,613.14,1097.14,613.14,0,0,0,0,0,0,698583,658500
1319,1594,40102042,38971125,23289,8085,87,8090,0,3,-18,3,-18,1,1,1,1097.14,613.14,1097.14,613.14,0,0,0,0,0,0,614458,579208
1320,1595,36496285,37579167,23353,8085,87,8090,0,2,-18,2,-18,1,1,1,1051.43,590.28,1051.43,590.28,0,0,0,0,0,0,613458,580208
1321,1596,33782504,33781459,23377,8086,88,8091,0,2,-18,2,-18,1,1,1,1051.43,590.28,1051.43,590.28,0,0,0,0,0,0,545875,479458
1322,1597,34852083,33640333,23341,8085,87,8090,0,2,-18,2,-18,1,1,1,1051.43,590.28,1051.43,590.28,0,0,0,0,0,0,535000,504584
1323,1598,32564457,33759750,23353,8085,87,8090,0,2,-18,2,-18,1,1,1,1051.43,590.28,1051.43,590.28,0,0,0,0,0,0,539917,503625
1324,1599,33765461,33770667,23289,8085,87,8090,0,2,-18,2,-18,1,1,1,1051.43,590.28,1051.43,590.28,0,0,0,0,0,0,519000,485542
1325,1600,34722875,33559166,23289,8085,87,8090,0,2,-18,2,-18,1,1,1,1051.43,590.28,1051.43,590.28,0,0,0,0,0,0,530167,500250
1326,1601,32334245,33471959,23441,8085,87,8090,0,2,-18,2,-18,1,1,1,1051.43,590.28,1051.43,590.28,0,0,0,0,0,0,546125,515791
1327,1602,36176666,36122583,23289,8085,87,8090,0,2,-18,2,-18,1,1,1,1051.43,590.28,1051.43,590.28,0,0,0,0,0,0,603708,568084
1328,1603,34492630,33429250,23341,8085,90,8090,0,2,-18,2,-18,1,1,1,1051.43,590.28,1051.43,590.28,0,0,0,0,0,0,552667,500375
1329,1604,32371122,33412667,23353,8085,87,8090,0,2,-18,2,-18,1,1,1,1051.43,590.28,1051.43,590.28,0,0,0,0,0,0,497500,469792
1330,1605,33468160,33425792,23289,8085,87,8090,0,2,-18,2,-18,1,1,1,1051.43,590.28,1051.43,590.28,0,0,0,0,0,0,501084,470042
1331,1606,37840709,35047292,23377,8085,87,8090,0,2,-18,2,-18,1,1,1,1051.43,590.28,1051.43,590.28,0,0,0,0,0,0,606417,568208
1332,1607,33517580,36262625,24133,8085,87,8090,0,1,-18,1,-18,1,1,1,1005.71,567.42,1005.71,567.42,0,0,0,0,0,0,529250,501625
1333,1608,37625964,37649708,23289,8085,87,8090,0,1,-18,1,-18,1,1,1,1005.71,567.42,1005.71,567.42,0,0,0,0,0,0,505292,469416
1334,1609,36996584,35908333,23341,8085,87,8090,0,1,-18,1,-18,1,1,1,1005.71,567.42,1005.71,567.42,0,0,0,0,0,0,528959,498542
1335,1610,35394910,36394625,23353,8085,87,8090,0,1,-18,1,-18,1,1,1,1005.71,567.42,1005.71,567.42,0,0,0,0,0,0,550500,521750
1336,1611,37584211,37639292,23377,8086,88,8091,0,1,-18,1,-18,1,1,1,1005.71,567.42,1005.71,567.42,0,0,0,0,0,0,694375,654708
1337,1612,40967203,39748208,23289,8085,87,8090,0,1,-18,1,-18,1,1,1,1005.71,567.42,1005.71,567.42,0,0,0,0,0,0,497792,468917
1338,1613,45346960,46421792,23353,8085,87,8090,0,1,-18,1,-18,1,1,1,1005.71,567.42,1005.71,567.42,0,0,0,0,0,0,989958,936709
1339,1614,65369285,63093833,23289,8085,87,8090,0,1,-18,1,-18,1,1,1,1005.71,567.42,1005.71,567.42,0,0,0,0,0,0,778000,720208
1340,1615,84172539,86070583,23493,8085,87,8090,0,1,-18,1,-18,1,1,1,1005.71,567.42,1005.71,567.42,0,0,0,0,0,0,956125,902084
1341,1616,102600000,100114709,23289,8085,90,8090,0,1,-18,1,-18,1,1,1,1005.71,567.42,1005.71,567.42,0,0,0,0,0,0,927833,880000
1342,1617,80279916,80697000,24005,8085,87,8090,0,1,-18,1,-18,1,1,1,1005.71,567.42,1005.71,567.42,0,0,0,0,0,0,1352958,1237334
1343,1618,68975545,69249792,23557,8085,87,8090,0,1,-18,1,-18,1,1,1,1005.71,567.42,1005.71,567.42,0,0,0,0,0,0,1058625,1004833
1344,1619,65930701,67614542,23353,8085,87,8090,0,0,-18,0,-18,1,1,1,960,544.56,960,544.56,0,0,0,0,0,0,1280500,1221542
1345,1620,60052875,58837333,23377,8085,87,8090,0,0,-18,0,-18,1,1,1,960,544.56,960,544.56,0,0,0,0,0,0,913125,850333
1346,1621,51243912,52564167,23353,8085,87,8090,0,0,-18,0,-18,1,1,1,960,544.56,960,544.56,0,0,0,0,0,0,795791,752166
1347,1622,52989002,51617292,23341,8085,87,8090,0,0,-18,0,-18,1,1,1,960,544.56,960,544.56,0,0,0,0,0,0,846583,805166
1348,1623,44975042,46449667,23441,8085,90,8090,0,0,-18,0,-18,1,1,1,960,544.56,960,544.56,0,0,0,0,0,0,638959,598166
1349,1624,45493330,45473000,23289,8085,87,8090,0,0,-18,0,-18,1,1,1,960,544.56,960,544.56,0,0,0,0,0,0,656917,604500
1350,1625,51056087,48815917,23853,8085,87,8090,0,0,-18,0,-18,1,1,1,960,544.56,960,544.56,0,0,0,0,0,0,653167,616167
1351,1626,52015207,54069750,23569,8086,88,8091,0,0,-18,0,-18,1,1,1,960,544.56,960,544.56,0,0,0,0,0,0,665000,622875
1352,1627,56414000,54868708,23429,8085,87,8090,0,0,-18,0,-18,1,1,1,960,544.56,960,544.56,0,0,0,0,0,0,739458,697541
1353,1628,53484957,55081625,23353,8085,87,8090,0,0,-18,0,-18,1,1,1,960,544.56,960,544.56,0,0,0,0,0,0,770041,728334
1354,1629,58671586,56995458,23289,8085,87,8090,0,0,-18,0,-18,1,1,1,960,544.56,960,544.56,0,0,0,0,0,0,1117250,1059166
1355,1630,63511125,65000458,23441,8085,87,8090,0,0,-18,0,-18,1,1,1,960,544.56,960,544.56,0,0,0,0,0,0,941625,885791
1356,1631,68311914,66600875,23341,8085,87,8090,0,-1,-18,-1,-18,1,1,1,914.29,521.71,914.29,521.71,0,0,0,0,0,0,935000,853292
1357,1632,52746500,54434125,23353,8085,90,8090,0,-1,-18,-1,-18,1,1,1,914.29,521.71,914.29,521.71,0,0,0,0,0,0,793834,741083
1358,1633,54388377,53009125,23377,8085,87,8090,0,-1,-18,-1,-18,1,1,1,914.29,521.71,914.29,521.71,0,0,0,0,0,0,817667,773417
1359,1634,49629669,49791750,23917,8085,87,8090,0,-1,-18,-1,-18,1,1,1,914.29,521.71,914.29,521.71,0,0,0,0,0,0,779292,738167
1360,1635,41705746,43035250,23557,8085,87,8090,0,-1,-18,-1,-18,1,1,1,914.29,521.71,914.29,521.71,0,0,0,0,0,0,692041,650833
1361,1636,39697874,38558584,23289,8085,87,8090,0,-1,-18,-1,-18,1,1,1,914.29,521.71,914.29,521.71,0,0,0,0,0,0,557750,525917
1362,1637,36671541,37809292,23441,8085,87,8090,0,-1,-18,-1,-18,1,1,1,914.29,521.71,914.29,521.71,0,0,0,0,0,0,571666,539959
1363,1638,34188497,33993959,23289,8085,87,8090,0,-1,-18,-1,-18,1,1,1,914.29,521.71,914.29,521.71,0,0,0,0,0,0,553750,521334
1364,1639,34924376,34087125,23289,8085,87,8090,0,-1,-18,-1,-18,1,1,1,914.29,521.71,914.29,521.71,0,0,0,0,0,0,567292,538958
1365,1640,33178962,34170084,23353,8085,87,8090,0,-1,-18,-1,-18,1,1,1,914.29,521.71,914.29,521.71,0,0,0,0,0,0,564459,536166
1366,1641,34200035,34142667,23341,8086,88,8091,0,-1,-18,-1,-18,1,1,1,914.29,521.71,914.29,521.71,0,0,0,0,0,0,510291,473750
1367,1642,34724000,33752083,23377,8085,87,8090,0,-1,-18,-1,-18,1,1,1,914.29,521.71,914.29,521.71,0,0,0,0,0,0,576166,547375
1368,1643,36166213,37163416,23353,8085,87,8090,0,-2,-18,-2,-18,1,1,1,868.57,498.85,868.57,498.85,0,0,0,0,0,0,625959,592584
1369,1644,33360332,33342292,23289,8085,90,8090,0,-2,-18,-2,-18,1,1,1,868.57,498.85,868.57,498.85,0,0,0,0,0,0,517875,480167
1370,1645,34287415,33239708,23289,8085,87,8090,0,-2,-18,-2,-18,1,1,1,868.57,498.85,868.57,498.85,0,0,0,0,0,0,504709,475500
1371,1646,32169081,33105584,23353,8085,87,8090,0,-2,-18,-2,-18,1,1,1,868.57,498.85,868.57,498.85,0,0,0,0,0,0,548166,519250
1372,1647,33417042,33469583,23429,8085,87,8090,0,-2,-18,-2,-18,1,1,1,868.57,498.85,868.57,498.85,0,0,0,0,0,0,503625,471833
1373,1648,35361669,33601000,23853,8085,87,8090,0,-2,-18,-2,-18,1,1,1,868.57,498.85,868.57,498.85,0,0,0,0,0,0,516375,487041
1374,1649,31523078,33263792,23569,8085,87,8090,0,-2,-18,-2,-18,1,1,1,868.57,498.85,868.57,498.85,0,0,0,0,0,0,524708,496375
1375,1650,33115290,33099167,23289,8085,87,8090,0,-2,-18,-2,-18,1,1,1,868.57,498.85,868.57,498.85,0,0,0,0,0,0,530125,497375
1376,1651,33619876,33544167,23289,8085,87,8090,0,-2,-18,-2,-18,1,1,1,868.57,498.85,868.57,498.85,0,0,0,0,0,0,536875,505750
1377,1652,34388251,33415250,23377,8085,87,8090,0,-2,-18,-2,-18,1,1,1,868.57,498.85,868.57,498.85,0,0,0,0,0,0,516875,488250
1378,1653,31324207,32338000,23405,8085,87,8090,0,-2,-18,-2,-18,1,1,1,868.57,498.85,868.57,498.85,0,0,0,0,0,0,567209,531292
1379,1654,32331496,32343583,23289,8085,87,8090,0,-2,-18,-2,-18,1,1,1,868.57,498.85,868.57,498.85,0,0,0,0,0,0,528542,500167
1380,1655,31993083,31959291,23289,8085,87,8090,0,-3,-18,-3,-18,1,1,1,822.86,475.99,822.86,475.99,0,0,0,0,0,0,494041,466625
1381,1656,32072875,31064792,23289,8086,88,8091,0,-3,-18,-3,-18,1,1,1,822.86,475.99,822.86,475.99,0,0,0,0,0,0,491500,441834
1382,1657,32555457,33498333,23441,8085,87,8090,0,-3,-18,-3,-18,1,1,1,822.86,475.99,822.86,475.99,0,0,0,0,0,0,462958,437208
1383,1658,40792085,40679625,23289,8085,87,8090,0,-3,-18,-3,-18,1,1,1,822.86,475.99,822.86,475.99,0,0,0,0,0,0,644500,608375
1384,1659,37608835,36330916,23341,8085,90,8090,0,-3,-18,-3,-18,1,1,1,822.86,475.99,822.86,475.99,0,0,0,0,0,0,507750,473750
1385,1660,37238541,38597750,23353,8085,87,8090,0,-3,-18,-3,-18,1,1,1,822.86,475.99,822.86,475.99,0,0,0,0,0,0,642125,603416
1386,1661,38081917,37996583,23289,8085,87,8090,0,-3,-18,-3,-18,1,1,1,822.86,475.99,822.86,475.99,0,0,0,0,0,0,583958,534291
1387,1662,37584502,35644958,23941,8085,87,8090,0,-3,-18,-3,-18,1,1,1,822.86,475.99,822.86,475.99,0,0,0,0,0,0,563708,502458
1388,1663,40696706,42587166,23569,8085,87,8090,0,-3,-18,-3,-18,1,1,1,822.86,475.99,822.86,475.99,0,0,0,0,0,0,746500,707667
1389,1664,50871457,50814583,23289,8085,87,8090,0,-3,-18,-3,-18,1,1,1,822.86,475.99,822.86,475.99,0,0,0,0,0,0,674209,637625
1390,1665,68096920,66182792,23341,8085,87,8090,0,-3,-18,-3,-18,1,1,1,822.86,475.99,822.86,475.99,0,0,0,0,0,0,893875,831542
1391,1666,67784838,69537625,23441,8085,87,8090,0,-3,-18,-3,-18,1,1,1,822.86,475.99,822.86,475.99,0,0,0,0,0,0,1026167,963458
1392,1667,83095371,80496916,23289,8085,87,8090,0,-4,-18,-4,-18,1,1,1,777.14,453.14,777.14,453.14,0,0,0,0,0,0,1299083,1238792
1393,1668,78211039,80753125,23493,8085,87,8090,0,-4,-18,-4,-18,1,1,1,777.14,453.14,777.14,453.14,0,0,0,0,0,0,970833,904417
1394,1669,69136254,67312750,23289,8085,90,8090,0,-4,-18,-4,-18,1,1,1,777.14,453.14,777.14,453.14,0,0,0,0,0,0,950208,862792
1395,1670,65007954,64998333,23917,8085,87,8090,0,-4,-18,-4,-18,1,1,1,777.14,453.14,777.14,453.14,0,0,0,0,0,0,1345459,1285834
1396,1671,53087498,53441292,23645,8086,88,8091,0,-4,-18,-4,-18,1,1,1,777.14,453.14,777.14,453.14,0,0,0,0,0,0,778834,726333
1397,1672,49645997,51157750,23353,8085,87,8090,0,-4,-18,-4,-18,1,1,1,777.14,453.14,777.14,453.14,0,0,0,0,0,0,848500,803041
1398,1673,46477921,46447417,23289,8085,87,8090,0,-4,-18,-4,-18,1,1,1,777.14,453.14,777.14,453.14,0,0,0,0,0,0,676958,631666
1399,1674,48299375,46467333,23289,8085,87,8090,0,-4,-18,-4,-18,1,1,1,777.14,453.14,777.14,453.14,0,0,0,0,0,0,694875,617959
1400,1675,46223003,47969542,23441,8085,87,8090,0,-4,-18,-4,-18,1,1,1,777.14,453.14,777.14,453.14,0,0,0,0,0,0,673959,633916
1401,1676,48747617,48771250,23341,8085,87,8090,0,-4,-18,-4,-18,1,1,1,777.14,453.14,777.14,453.14,0,0,0,0,0,0,759958,703125
1402,1677,60271002,58676417,23289,8085,87,8090,0,-4,-18,-4,-18,1,1,1,777.14,453.14,777.14,453.14,0,0,0,0,0,0,797375,725459
1403,1678,53707793,55241959,23643,8085,90,8090,0,-4,-18,-4,-18,1,1,1,777.14,453.14,777.14,453.14,0,0,0,0,0,0,797084,745209
1404,1679,68831250,64726875,24381,8085,87,8090,0,-5,-18,-5,-18,1,1,1,731.43,431,731.43,431,0,0,0,0,0,0,1236291,1171875
1405,1680,59564620,63403917,24149,8173,87,8178,0,-5,-18,-5,-18,1,1,1,731.43,431,731.43,431,0,0,0,0,0,0,1186833,1109334
1406,1681,63873998,62611000,27355,8173,87,8178,0,-5,-18,-5,-18,1,1,1,731.43,431,731.43,431,0,0,0,0,0,0,825709,774250
1407,1682,47707043,49189750,26559,8173,87,8178,0,-5,-18,-5,-18,1,1,1,731.43,431,731.43,431,0,0,0,0,0,0,917042,851792
1408,1683,41792169,41509625,23817,8173,87,8178,0,-5,-18,-5,-18,1,1,1,731.43,431,731.43,431,0,0,0,0,0,0,693334,650292
1409,1684,38999788,38134709,23957,8173,87,8178,0,-5,-18,-5,-18,1,1,1,731.43,431,731.43,431,0,0,0,0,0,0,662000,619541
1410,1685,35930752,37066208,23881,8173,87,8178,0,-5,-18,-5,-18,1,1,1,731.43,431,731.43,431,0,0,0,0,0,0,631917,593666
1411,1686,37218160,37211375,23817,8174,88,8179,0,-5,-18,-5,-18,1,1,1,731.43,431,731.43,431,0,0,0,0,0,0,659083,618125
1412,1687,35609833,34572041,23817,8173,90,8178,0,-5,-18,-5,-18,1,1,1,731.43,431,731.43,431,0,0,0,0,0,0,611208,569959
1413,1688,33370167,34311583,23881,8173,87,8178,0,-5,-18,-5,-18,1,1,1,731.43,431,731.43,431,0,0,0,0,0,0,579750,541500
1414,1689,34266207,34290292,23905,8173,87,8178,0,-5,-18,-5,-18,1,1,1,731.43,431,731.43,431,0,0,0,0,0,0,577709,519042
1415,1690,34486543,33464417,23869,8173,87,8178,0,-5,-18,-5,-18,1,1,1,731.43,431,731.43,431,0,0,0,0,0,0,555583,517625
1416,1691,33551666,33510208,24445,8173,87,8178,0,-6,-18,-6,-18,1,1,1,685.71,416.09,685.71,416.09,0,0,0,0,0,0,568916,534750
1417,1692,32357290,33409083,24033,8173,87,8178,0,-6,-18,-6,-18,1,1,1,685.71,416.09,685.71,416.09,0,0,0,0,0,0,606000,568500
1418,1693,34444835,33343958,23817,8173,87,8178,0,-6,-18,-6,-18,1,1,1,685.71,416.09,685.71,416.09,0,0,0,0,0,0,548834,515708
1419,1694,32706163,33731375,23969,8173,87,8178,0,-6,-18,-6,-18,1,1,1,685.71,416.09,685.71,416.09,0,0,0,0,0,0,586542,548709
1420,1695,33500377,33484459,23817,8173,87,8178,0,-6,-18,-6,-18,1,1,1,685.71,416.09,685.71,416.09,0,0,0,0,0,0,565458,532417
1421,1696,31296584,31330416,23869,8173,87,8178,0,-6,-18,-6,-18,1,1,1,685.71,416.09,685.71,416.09,0,0,0,0,0,0,570875,523500
1422,1697,32796543,31843209,23817,8173,87,8178,0,-6,-18,-6,-18,1,1,1,685.71,416.09,685.71,416.09,0,0,0,0,0,0,508292,477125
1423,1698,29381789,30272000,23881,8173,87,8178,0,-6,-18,-6,-18,1,1,1,685.71,416.09,685.71,416.09,0,0,0,0,0,0,584084,546417
1424,1699,32003466,32010459,24203,8173,87,8178,0,-6,-18,-6,-18,1,1,1,685.71,416.09,685.71,416.09,0,0,0,0,0,0,521333,488125
1425,1700,33421576,33426125,23817,8173,87,8178,0,-6,-18,-6,-18,1,1,1,685.71,416.09,685.71,416.09,0,0,0,0,0,0,516833,480958
1426,1701,36323044,35348208,23817,8174,88,8179,0,-6,-18,-6,-18,1,1,1,685.71,416.09,685.71,416.09,0,0,0,0,0,0,622500,585500
1427,1702,31837664,32755792,23881,8173,90,8178,0,-6,-18,-6,-18,1,1,1,685.71,416.09,685.71,416.09,0,0,0,0,0,0,519542,483375
1428,1703,35061463,34971042,23869,8173,87,8178,0,-8,-18,-8,-18,1,1,1,594.29,422.77,594.29,422.77,0,0,0,0,0,0,576167,536542
1429,1704,37474870,36535459,23905,8173,87,8178,0,-8,-18,-8,-18,1,1,1,594.29,422.77,594.29,422.77,0,0,0,0,0,0,564250,521416
1430,1705,36260914,37222875,23881,8173,87,8178,0,-8,-18,-8,-18,1,1,1,594.29,422.77,594.29,422.77,0,0,0,0,0,0,987084,903042
1431,1706,40316171,38916500,24381,8173,87,8178,0,-8,-18,-8,-18,1,1,1,594.29,422.77,594.29,422.77,0,0,0,0,0,0,597708,541209
1432,1707,38384042,38665042,24033,8173,87,8178,0,-8,-18,-8,-18,1,1,1,594.29,422.77,594.29,422.77,0,0,0,0,0,0,575291,542875
1433,1708,36579832,37617000,23969,8173,87,8178,0,-8,-18,-8,-18,1,1,1,594.29,422.77,594.29,422.77,0,0,0,0,0,0,1153750,1078667
1434,1709,40768500,40634208,23869,8173,87,8178,0,-8,-18,-8,-18,1,1,1,594.29,422.77,594.29,422.77,0,0,0,0,0,0,677375,631500
1435,1710,53171243,51666541,23817,8173,87,8178,0,-8,-18,-8,-18,1,1,1,594.29,422.77,594.29,422.77,0,0,0,0,0,0,711125,658500
1436,1711,62137670,63356250,23881,8173,87,8178,0,-8,-18,-8,-18,1,1,1,594.29,422.77,594.29,422.77,0,0,0,0,0,0,829458,756750
1437,1712,72741709,71025625,23905,8173,87,8178,0,-8,-18,-8,-18,1,1,1,594.29,422.77,594.29,422.77,0,0,0,0,0,0,1003458,931625
1438,1713,80655038,82381541,23933,8173,87,8178,0,-8,-18,-8,-18,1,1,1,594.29,422.77,594.29,422.77,0,0,0,0,0,0,1148458,1084000
1439,1714,66884167,64476459,23905,8173,90,8178,0,-8,-18,-8,-18,1,1,1,594.29,422.77,594.29,422.77,0,0,0,0,0,0,1124875,1060500
1440,1715,69418542,70000541,24445,8173,87,8178,0,-9,-18,-9,-18,1,1,1,548.57,418.39,548.57,418.39,0,0,0,0,0,0,1089125,1021167
1441,1716,67458786,67745709,24085,8174,88,8179,0,-9,-18,-9,-18,1,1,1,548.57,418.39,548.57,418.39,0,0,0,0,0,0,1050708,977167
1442,1717,53216170,54802583,23969,8173,87,8178,0,-9,-18,-9,-18,1,1,1,548.57,418.39,548.57,418.39,0,0,0,0,0,0,894917,841625
1443,1718,53125537,51450000,23817,8173,87,8178,0,-9,-18,-9,-18,1,1,1,548.57,418.39,548.57,418.39,0,0,0,0,0,0,1003333,929708
1444,1719,48252124,49680875,23881,8173,87,8178,0,-9,-18,-9,-18,1,1,1,548.57,418.39,548.57,418.39,0,0,0,0,0,0,1131334,1070584
1445,1720,49452040,49516833,23957,8173,87,8178,0,-9,-18,-9,-18,1,1,1,548.57,418.39,548.57,418.39,0,0,0,0,0,0,1205792,1121875
1446,1721,61299957,59815667,23817,8173,87,8178,0,-9,-18,-9,-18,1,1,1,548.57,418.39,548.57,418.39,0,0,0,0,0,0,913792,851750
1447,1722,54983001,56215916,23881,8173,90,8178,0,-9,-18,-9,-18,1,1,1,548.57,418.39,548.57,418.39,0,0,0,0,0,0,1015250,953584
1448,1723,57284418,55633125,23905,8173,87,8178,0,-9,-18,-9,-18,1,1,1,548.57,418.39,548.57,418.39,0,0,0,0,0,0,841500,783000
1449,1724,68516999,68255875,24497,8173,87,8178,0,-9,-18,-9,-18,1,1,1,548.57,418.39,548.57,418.39,0,0,0,0,0,0,950375,892167
1450,1725,68886667,68844750,24033,8173,87,8178,0,-9,-18,-9,-18,1,1,1,548.57,418.39,548.57,418.39,0,0,0,0,0,0,997875,933375
1451,1726,67388460,69341000,23969,8173,87,8178,0,-9,-18,-9,-18,1,1,1,548.57,418.39,548.57,418.39,0,0,0,0,0,0,1035750,950375
1452,1727,58831412,57178375,23869,8173,87,8178,0,-10,-18,-10,-18,1,1,1,502.86,399.44,502.86,399.44,0,0,0,0,0,0,938958,874541
1453,1728,51732879,53412125,23881,8173,87,8178,0,-10,-18,-10,-18,1,1,1,502.86,399.44,502.86,399.44,0,0,0,0,0,0,864125,806125
1454,1729,48806618,47768334,23905,8173,87,8178,0,-10,-18,-10,-18,1,1,1,502.86,399.44,502.86,399.44,0,0,0,0,0,0,791666,745292
1455,1730,41773881,42999709,23881,8173,90,8178,0,-10,-18,-10,-18,1,1,1,502.86,399.44,502.86,399.44,0,0,0,0,0,0,726958,661625
1456,1731,38868665,38875125,23869,8174,88,8179,0,-10,-18,-10,-18,1,1,1,502.86,399.44,502.86,399.44,0,0,0,0,0,0,695500,657291
1457,1732,37276167,36163750,23817,8173,87,8178,0,-10,-18,-10,-18,1,1,1,502.86,399.44,502.86,399.44,0,0,0,0,0,0,665584,623000
1458,1733,32753083,33858417,23969,8173,87,8178,0,-10,-18,-10,-18,1,1,1,502.86,399.44,502.86,399.44,0,0,0,0,0,0,558375,523167
1459,1734,35370662,34317792,24381,8173,87,8178,0,-10,-18,-10,-18,1,1,1,502.86,399.44,502.86,399.44,0,0,0,0,0,0,601458,558792
1460,1735,34303084,34255291,24033,8173,87,8178,0,-10,-18,-10,-18,1,1,1,502.86,399.44,502.86,399.44,0,0,0,0,0,0,598625,564500
1461,1736,33366419,34389583,23881,8173,87,8178,0,-10,-18,-10,-18,1,1,1,502.86,399.44,502.86,399.44,0,0,0,0,0,0,572875,536791
1462,1737,34821499,34756500,23869,8173,87,8178,0,-10,-18,-10,-18,1,1,1,502.86,399.44,502.86,399.44,0,0,0,0,0,0,549416,516541
1463,1738,34946918,33962166,23905,8173,87,8178,0,-10,-18,-10,-18,1,1,1,502.86,399.44,502.86,399.44,0,0,0,0,0,0,560209,521125
1464,1739,33056497,34084000,23881,8173,87,8178,0,-11,-18,-11,-18,1,1,1,457.14,380.06,457.14,380.06,0,0,0,0,0,0,591125,557791
1465,1740,33882334,33839833,23817,8173,87,8178,0,-11,-18,-11,-18,1,1,1,457.14,380.06,457.14,380.06,0,0,0,0,0,0,585250,546709
1466,1741,35054001,34041291,23817,8173,87,8178,0,-11,-18,-11,-18,1,1,1,457.14,380.06,457.14,380.06,0,0,0,0,0,0,546917,514708
1467,1742,33837456,34771209,23881,8173,87,8178,0,-11,-18,-11,-18,1,1,1,457.14,380.06,457.14,380.06,0,0,0,0,0,0,568667,529458
1468,1743,37667334,37555292,23957,8173,87,8178,0,-11,-18,-11,-18,1,1,1,457.14,380.06,457.14,380.06,0,0,0,0,0,0,639208,599750
1469,1744,40205873,39023417,23817,8173,90,8178,0,-11,-18,-11,-18,1,1,1,457.14,380.06,457.14,380.06,0,0,0,0,0,0,782375,741916
1470,1745,37007205,38318125,23881,8173,87,8178,0,-11,-18,-11,-18,1,1,1,457.14,380.06,457.14,380.06,0,0,0,0,0,0,628333,595042
1471,1746,38792043,38490542,23817,8174,88,8179,0,-11,-18,-11,-18,1,1,1,457.14,380.06,457.14,380.06,0,0,0,0,0,0,567042,528542
1472,1747,40998164,39973875,23905,8173,87,8178,0,-11,-18,-11,-18,1,1,1,457.14,380.06,457.14,380.06,0,0,0,0,0,0,992875,958959
1473,1748,38021046,38027625,24445,8173,87,8178,0,-11,-18,-11,-18,1,1,1,457.14,380.06,457.14,380.06,0,0,0,0,0,0,874542,830000
1474,1749,40755875,41938666,24085,8173,87,8178,0,-11,-18,-11,-18,1,1,1,457.14,380.06,457.14,380.06,0,0,0,0,0,0,1043667,988208
1475,1750,54497875,52654792,23817,8173,87,8178,0,-11,-18,-11,-18,1,1,1,457.14,380.06,457.14,380.06,0,0,0,0,0,0,846750,783750
1476,1751,63509710,65164625,23969,8173,87,8178,0,-12,-18,-12,-18,1,1,1,411.43,359.32,411.43,359.32,0,0,0,0,0,0,832125,782334
1477,1752,73690421,71622750,23817,8173,87,8178,0,-12,-18,-12,-18,1,1,1,411.43,359.32,411.43,359.32,0,0,0,0,0,0,982166,910500
1478,1753,67800663,69624458,23933,8173,87,8178,0,-12,-18,-12,-18,1,1,1,411.43,359.32,411.43,359.32,0,0,0,0,0,0,1221250,1124917
1479,1754,77351912,75453916,23905,8173,87,8178,0,-12,-18,-12,-18,1,1,1,411.43,359.32,411.43,359.32,0,0,0,0,0,0,1137125,1061250
1480,1755,65172336,67114166,23881,8173,90,8178,0,-12,-18,-12,-18,1,1,1,411.43,359.32,411.43,359.32,0,0,0,0,0,0,1038750,954500
1481,1756,66531121,63825667,24433,8173,87,8178,0,-12,-18,-12,-18,1,1,1,411.43,359.32,411.43,359.32,0,0,0,0,0,0,1007292,936583
1482,1757,51000375,53722583,24185,8173,87,8178,0,-12,-18,-12,-18,1,1,1,411.43,359.32,411.43,359.32,0,0,0,0,0,0,859000,800375
1483,1758,47873754,46483458,23817,8173,87,8178,0,-12,-18,-12,-18,1,1,1,411.43,359.32,411.43,359.32,0,0,0,0,0,0,727833,676125
1484,1759,47791998,49263583,23881,8173,87,8178,0,-12,-18,-12,-18,1,1,1,411.43,359.32,411.43,359.32,0,0,0,0,0,0,752291,706625
1485,1760,57249538,55455208,23869,8173,87,8178,0,-12,-18,-12,-18,1,1,1,411.43,359.32,411.43,359.32,0,0,0,0,0,0,1249625,1170417
1486,1761,51538292,53268666,23969,8174,88,8179,0,-12,-18,-12,-18,1,1,1,411.43,359.32,411.43,359.32,0,0,0,0,0,0,818583,768917
1487,1762,60318749,58512208,23817,8173,87,8178,0,-12,-18,-12,-18,1,1,1,411.43,359.32,411.43,359.32,0,0,0,0,0,0,1141500,1063542
1488,1763,54338164,55947583,23881,8173,90,8178,0,-13,-18,-13,-18,1,1,1,365.71,336.6,365.71,336.6,0,0,0,0,0,0,797500,746292
1489,1764,56901000,54992041,23957,8173,87,8178,0,-13,-18,-13,-18,1,1,1,365.71,336.6,365.71,336.6,0,0,0,0,0,0,829083,773916
1490,1765,68153373,68118875,24445,8173,87,8178,0,-13,-18,-13,-18,1,1,1,365.71,336.6,365.71,336.6,0,0,0,0,0,0,1342584,1273334
1491,1766,67860253,67513833,24033,8173,87,8178,0,-13,-18,-13,-18,1,1,1,365.71,336.6,365.71,336.6,0,0,0,0,0,0,1129000,1051167
1492,1767,61283335,63494875,23969,8173,87,8178,0,-13,-18,-13,-18,1,1,1,365.71,336.6,365.71,336.6,0,0,0,0,0,0,1227333,1167000
1493,1768,64059793,62689000,23869,8173,87,8178,0,-13,-18,-13,-18,1,1,1,365.71,336.6,365.71,336.6,0,0,0,0,0,0,1149750,1069458
1494,1769,54249703,55331750,23881,8173,87,8178,0,-13,-18,-13,-18,1,1,1,365.71,336.6,365.71,336.6,0,0,0,0,0,0,811209,761334
1495,1770,53830713,52679750,23905,8173,87,8178,0,-13,-18,-13,-18,1,1,1,365.71,336.6,365.71,336.6,0,0,0,0,0,0,862791,780250
1496,1771,47732796,49198917,23881,8173,87,8178,0,-13,-18,-13,-18,1,1,1,365.71,336.6,365.71,336.6,0,0,0,0,0,0,784833,727375
1497,1772,43070200,43132834,23869,8173,90,8178,0,-13,-18,-13,-18,1,1,1,365.71,336.6,365.71,336.6,0,0,0,0,0,0,724958,670584
1498,1773,38961671,37904958,23817,8173,87,8178,0,-13,-18,-13,-18,1,1,1,365.71,336.6,365.71,336.6,0,0,0,0,0,0,601083,565083
1499,1774,34594621,34618083,24533,8173,87,8178,0,-13,-18,-13,-18,1,1,1,365.71,336.6,365.71,336.6,0,0,0,0,0,0,609333,566750
1500,1775,34094501,35087375,24033,8173,87,8178,0,-14,-18,-14,-18,1,1,1,320,311.82,320,311.82,0,0,0,0,0,0,598750,565084
1501,1776,37970501,36458291,23817,8174,88,8179,0,-14,-18,-14,-18,1,1,1,320,311.82,320,311.82,0,0,0,0,0,0,562083,521292
1502,1777,35538960,37037959,23881,8173,87,8178,0,-14,-18,-14,-18,1,1,1,320,311.82,320,311.82,0,0,0,0,0,0,612459,577792
1503,1778,39281874,39207792,23869,8173,87,8178,0,-14,-18,-14,-18,1,1,1,320,311.82,320,311.82,0,0,0,0,0,0,914250,854750
1504,1779,39764042,38695917,23905,8173,87,8178,0,-14,-18,-14,-18,1,1,1,320,311.82,320,311.82,0,0,0,0,0,0,1039125,987375
1505,1780,39683539,40553042,23881,8173,87,8178,0,-14,-18,-14,-18,1,1,1,320,311.82,320,311.82,0,0,0,0,0,0,791042,740083
1506,1781,41985664,42029250,23817,8173,87,8178,0,-14,-18,-14,-18,1,1,1,320,311.82,320,311.82,0,0,0,0,0,0,722667,676459
1507,1782,49034170,47282000,23817,8173,87,8178,0,-14,-18,-14,-18,1,1,1,320,311.82,320,311.82,0,0,0,0,0,0,908209,850000
1508,1783,59636954,61243750,24021,8173,87,8178,0,-14,-18,-14,-18,1,1,1,320,311.82,320,311.82,0,0,0,0,0,0,1089833,1030583
1509,1784,67724503,65972750,23817,8173,90,8178,0,-14,-18,-14,-18,1,1,1,320,311.82,320,311.82,0,0,0,0,0,0,1039667,967959
1510,1785,68745665,68521458,24445,8173,87,8178,0,-14,-18,-14,-18,1,1,1,320,311.82,320,311.82,0,0,0,0,0,0,1337834,1275167
1511,1786,68451918,68488250,24121,8173,87,8178,0,-14,-18,-14,-18,1,1,1,320,311.82,320,311.82,0,0,0,0,0,0,1108208,1026208
1512,1787,70032082,71557334,23933,8173,87,8178,0,-15,-18,-15,-18,1,1,1,274.29,285.43,274.29,285.43,0,0,0,0,0,0,980500,918458
1513,1788,71313962,69583792,23817,8173,87,8178,0,-15,-18,-15,-18,1,1,1,274.29,285.43,274.29,285.43,0,0,0,0,0,0,1379917,1250458
1514,1789,65570876,67581083,23969,8173,87,8178,0,-15,-18,-15,-18,1,1,1,274.29,285.43,274.29,285.43,0,0,0,0,0,0,1032625,931125
1515,1790,61380166,59842208,23869,8173,87,8178,0,-15,-18,-15,-18,1,1,1,274.29,285.43,274.29,285.43,0,0,0,0,0,0,980500,864917
1516,1791,55289585,56721708,23881,8174,91,8179,0,-15,-18,-15,-18,1,1,1,274.29,285.43,274.29,285.43,0,0,0,0,0,0,854125,774750
1517,1792,52776545,51429125,23905,8173,87,8178,0,-15,-18,-15,-18,1,1,1,274.29,285.43,274.29,285.43,0,0,0,0,0,0,894959,808583
1518,1793,50042871,49658750,24445,8173,87,8178,0,-15,-18,-15,-18,1,1,1,274.29,285.43,274.29,285.43,0,0,0,0,0,0,735667,672583
1519,1794,52363209,52669708,24085,8173,87,8178,0,-15,-18,-15,-18,1,1,1,274.29,285.43,274.29,285.43,0,0,0,0,0,0,839083,757917
1520,1795,54322753,55610625,23969,8173,87,8178,0,-15,-18,-15,-18,1,1,1,274.29,285.43,274.29,285.43,0,0,0,0,0,0,855250,784375
1521,1796,59296250,57684166,23817,8173,87,8178,0,-15,-18,-15,-18,1,1,1,274.29,285.43,274.29,285.43,0,0,0,0,0,0,1243375,1134875
1522,1797,55007036,56509875,23881,8173,87,8178,0,-15,-18,-15,-18,1,1,1,274.29,285.43,274.29,285.43,0,0,0,0,0,0,830083,759458
1523,1798,70478081,68352500,23957,8173,87,8178,0,-15,-18,-15,-18,1,1,1,274.29,285.43,274.29,285.43,0,0,0,0,0,0,1201250,1094875
1524,1799,69546297,71621708,23881,8173,87,8178,0,-16,-18,-16,-18,1,1,1,228.57,258.09,228.57,258.09,0,0,0,0,0,0,1184958,1054708
1525,1800,55542375,54163166,23817,8173,90,8178,0,-16,-18,-16,-18,1,1,1,228.57,258.09,228.57,258.09,0,0,0,0,0,0,856208,774833
1526,1801,46898830,48476833,23969,8173,87,8178,0,-16,-18,-16,-18,1,1,1,228.57,258.09,228.57,258.09,0,0,0,0,0,0,824458,754041
1527,1802,43689001,42510917,24433,8173,87,8178,0,-16,-18,-16,-18,1,1,1,228.57,258.09,228.57,258.09,0,0,0,0,0,0,784083,706208
1528,1803,39579167,39542542,24033,8173,87,8178,0,-16,-18,-16,-18,1,1,1,228.57,258.09,228.57,258.09,0,0,0,0,0,0,696041,641000
1529,1804,37701666,38816417,23881,8173,87,8178,0,-16,-18,-16,-18,1,1,1,228.57,258.09,228.57,258.09,0,0,0,0,0,0,665125,604042
1530,1805,36529585,36628542,23905,8173,87,8178,0,-16,-18,-16,-18,1,1,1,228.57,258.09,228.57,258.09,0,0,0,0,0,0,565500,516125
1531,1806,38448669,36774292,23817,8174,88,8179,0,-16,-18,-16,-18,1,1,1,228.57,258.09,228.57,258.09,0,0,0,0,0,0,568291,515083
1532,1807,39833538,41334209,23881,8173,87,8178,0,-16,-18,-16,-18,1,1,1,228.57,258.09,228.57,258.09,0,0,0,0,0,0,1221708,1169125
1533,1808,40498334,40452000,23869,8173,87,8178,0,-16,-18,-16,-18,1,1,1,228.57,258.09,228.57,258.09,0,0,0,0,0,0,593375,522750
1534,1809,41543290,39938500,23905,8173,87,8178,0,-16,-18,-16,-18,1,1,1,228.57,258.09,228.57,258.09,0,0,0,0,0,0,670458,609792
1535,1810,50267793,51794041,23881,8173,87,8178,0,-16,-18,-16,-18,1,1,1,228.57,258.09,228.57,258.09,0,0,0,0,0,0,792166,712125
1536,1811,54925709,53571542,23817,8173,90,8178,0,-17,-18,-17,-18,1,1,1,182.86,230.19,182.86,230.19,0,0,0,0,0,0,855750,786875
1537,1812,61084922,62286792,23881,8173,87,8178,0,-17,-18,-17,-18,1,1,1,182.86,230.19,182.86,230.19,0,0,0,0,0,0,838875,763250
1538,1813,70585623,67277833,24521,8173,87,8178,0,-17,-18,-17,-18,1,1,1,182.86,230.19,182.86,230.19,0,0,0,0,0,0,995750,902917
1539,1814,64667791,67913417,24097,8173,87,8178,0,-17,-18,-17,-18,1,1,1,182.86,230.19,182.86,230.19,0,0,0,0,0,0,1008250,911250
1540,1815,69980874,68473417,23817,8173,87,8178,0,-17,-18,-17,-18,1,1,1,182.86,230.19,182.86,230.19,0,0,0,0,0,0,1015708,930583
1541,1816,59356290,60960083,24021,8173,87,8178,0,-17,-18,-17,-18,1,1,1,182.86,230.19,182.86,230.19,0,0,0,0,0,0,928583,844292
1542,1817,59082034,57644667,23817,8173,87,8178,0,-17,-18,-17,-18,1,1,1,182.86,230.19,182.86,230.19,0,0,0,0,0,0,876417,799125
1543,1818,57953834,59267250,23881,8173,87,8178,0,-17,-18,-17,-18,1,1,1,182.86,230.19,182.86,230.19,0,0,0,0,0,0,1335708,1220125
1544,1819,65083041,63351916,23905,8173,87,8178,0,-17,-18,-17,-18,1,1,1,182.86,230.19,182.86,230.19,0,0,0,0,0,0,1117042,1018625
1545,1820,55145211,56897417,23933,8173,90,8178,0,-17,-18,-17,-18,1,1,1,182.86,230.19,182.86,230.19,0,0,0,0,0,0,881834,790250
1546,1821,56928664,53975000,26501,8174,88,8179,0,-17,-18,-17,-18,1,1,1,182.86,230.19,182.86,230.19,0,0,0,0,0,0,862500,788375
1547,1822,52973590,55790542,24185,8173,87,8178,0,-17,-18,-17,-18,1,1,1,182.86,230.19,182.86,230.19,0,0,0,0,0,0,949291,839000
1548,1823,57820040,56318334,23817,8173,87,8178,0,-16,-18,-16,-18,1,1,1,228.57,258.09,228.57,258.09,0,0,0,0,0,0,882833,797084
1549,1824,54227460,55655041,23933,8173,87,8178,0,-16,-18,-16,-18,1,1,1,228.57,258.09,228.57,258.09,0,0,0,0,0,0,906958,823000
1550,1825,56912619,55476500,23905,8173,87,8178,0,-16,-18,-16,-18,1,1,1,228.57,258.09,228.57,258.09,0,0,0,0,0,0,950625,868250
1551,1826,53588334,55067792,23881,8173,87,8178,0,-16,-18,-16,-18,1,1,1,228.57,258.09,228.57,258.09,0,0,0,0,0,0,854166,780083
1552,1827,61763208,59761542,23817,8173,87,8178,0,-16,-18,-16,-18,1,1,1,228.57,258.09,228.57,258.09,0,0,0,0,0,0,846375,774167
1553,1828,53091000,55046875,24021,8173,90,8178,0,-16,-18,-16,-18,1,1,1,228.57,258.09,228.57,258.09,0,0,0,0,0,0,892917,816625
1554,1829,56877415,55384958,23817,8173,87,8178,0,-16,-18,-16,-18,1,1,1,228.57,258.09,228.57,258.09,0,0,0,0,0,0,861583,789292
1555,1830,56644622,55704708,24445,8173,87,8178,0,-16,-18,-16,-18,1,1,1,228.57,258.09,228.57,258.09,0,0,0,0,0,0,946583,844333
1556,1831,55100083,55483750,24121,8173,87,8178,0,-16,-18,-16,-18,1,1,1,228.57,258.09,228.57,258.09,0,0,0,0,0,0,908666,835333
1557,1832,51634546,53584584,23933,8173,87,8178,0,-16,-18,-16,-18,1,1,1,228.57,258.09,228.57,258.09,0,0,0,0,0,0,863625,786666
1558,1833,50795499,49566375,23817,8173,87,8178,0,-16,-18,-16,-18,1,1,1,228.57,258.09,228.57,258.09,0,0,0,0,0,0,821166,751208
1559,1834,43208997,44462250,23969,8173,87,8178,0,-16,-18,-16,-18,1,1,1,228.57,258.09,228.57,258.09,0,0,0,0,0,0,721250,654833
1560,1835,41746370,41792333,23817,8173,87,8178,0,-15,-18,-15,-18,1,1,1,274.29,285.43,274.29,285.43,0,0,0,0,0,0,768042,705333
1561,1836,39209332,38072917,23817,8174,88,8179,0,-15,-18,-15,-18,1,1,1,274.29,285.43,274.29,285.43,0,0,0,0,0,0,629958,569500
1562,1837,40236670,41318542,23933,8173,87,8178,0,-15,-18,-15,-18,1,1,1,274.29,285.43,274.29,285.43,0,0,0,0,0,0,740083,671500
1563,1838,33587165,33580375,23905,8173,90,8178,0,-15,-18,-15,-18,1,1,1,274.29,285.43,274.29,285.43,0,0,0,0,0,0,574042,518541
1564,1839,35542204,34537959,23817,8173,87,8178,0,-15,-18,-15,-18,1,1,1,274.29,285.43,274.29,285.43,0,0,0,0,0,0,562709,512875
1565,1840,33635705,34621167,23881,8173,87,8178,0,-15,-18,-15,-18,1,1,1,274.29,285.43,274.29,285.43,0,0,0,0,0,0,620875,565583
1566,1841,34047208,34060667,23817,8173,87,8178,0,-15,-18,-15,-18,1,1,1,274.29,285.43,274.29,285.43,0,0,0,0,0,0,636709,585292
1567,1842,36061670,34213292,24381,8173,87,8178,0,-15,-18,-15,-18,1,1,1,274.29,285.43,274.29,285.43,0,0,0,0,0,0,610833,556375
1568,1843,32615624,34439416,24237,8173,87,8178,0,-15,-18,-15,-18,1,1,1,274.29,285.43,274.29,285.43,0,0,0,0,0,0,591209,541417
1569,1844,33641204,33597208,23817,8173,87,8178,0,-15,-18,-15,-18,1,1,1,274.29,285.43,274.29,285.43,0,0,0,0,0,0,595333,533458
1570,1845,34679498,33695958,23817,8173,87,8178,0,-15,-18,-15,-18,1,1,1,274.29,285.43,274.29,285.43,0,0,0,0,0,0,597208,518083
1571,1846,32478835,33441667,23881,8173,87,8178,0,-15,-18,-15,-18,1,1,1,274.29,285.43,274.29,285.43,0,0,0,0,0,0,689250,591208
1572,1847,33642001,33592667,23817,8173,87,8178,0,-14,-18,-14,-18,1,1,1,320,311.82,320,311.82,0,0,0,0,0,0,573084,522209
1573,1848,34498710,33493333,23905,8173,87,8178,0,-14,-18,-14,-18,1,1,1,320,311.82,320,311.82,0,0,0,0,0,0,694375,641542
1574,1849,32251913,33304333,23933,8173,87,8178,0,-14,-18,-14,-18,1,1,1,320,311.82,320,311.82,0,0,0,0,0,0,588875,556458
1575,1850,33118255,33078875,23817,8173,87,8178,0,-14,-18,-14,-18,1,1,1,320,311.82,320,311.82,0,0,0,0,0,0,520750,482916
1576,1851,34758497,33522000,23817,8174,88,8179,0,-14,-18,-14,-18,1,1,1,320,311.82,320,311.82,0,0,0,0,0,0,664833,626125
1577,1852,41705753,42792625,23881,8173,87,8178,0,-14,-18,-14,-18,1,1,1,320,311.82,320,311.82,0,0,0,0,0,0,1244292,1193959
1578,1853,37776082,37873084,23905,8173,90,8178,0,-14,-18,-14,-18,1,1,1,320,311.82,320,311.82,0,0,0,0,0,0,593042,559792
1579,1854,38249660,36785833,23817,8173,87,8178,0,-14,-18,-14,-18,1,1,1,320,311.82,320,311.82,0,0,0,0,0,0,580500,540292
1580,1855,34313958,35754250,23933,8173,87,8178,0,-14,-18,-14,-18,1,1,1,320,311.82,320,311.82,0,0,0,0,0,0,612292,577958
1581,1856,39067085,37573834,24381,8173,87,8178,0,-14,-18,-14,-18,1,1,1,320,311.82,320,311.82,0,0,0,0,0,0,644791,588459
1582,1857,38680542,38823375,24033,8173,87,8178,0,-14,-18,-14,-18,1,1,1,320,311.82,320,311.82,0,0,0,0,0,0,597042,562500
1583,1858,47093126,48117708,23969,8173,87,8178,0,-14,-18,-14,-18,1,1,1,320,311.82,320,311.82,0,0,0,0,0,0,643625,601917
1584,1859,63054375,61315166,23817,8173,87,8178,0,-13,-18,-13,-18,1,1,1,365.71,336.6,365.71,336.6,0,0,0,0,0,0,788000,739291
1585,1860,71633167,73244250,23933,8173,87,8178,0,-13,-18,-13,-18,1,1,1,365.71,336.6,365.71,336.6,0,0,0,0,0,0,1040916,964209
1586,1861,81052124,79090542,23905,8173,87,8178,0,-13,-18,-13,-18,1,1,1,365.71,336.6,365.71,336.6,0,0,0,0,0,0,995916,943708
1587,1862,79064168,80923125,23881,8173,87,8178,0,-13,-18,-13,-18,1,1,1,365.71,336.6,365.71,336.6,0,0,0,0,0,0,1444500,1180833
1588,1863,69828920,68141875,23957,8173,90,8178,0,-13,-18,-13,-18,1,1,1,365.71,336.6,365.71,336.6,0,0,0,0,0,0,1003625,940750
1589,1864,68359158,68055125,24445,8173,87,8178,0,-13,-18,-13,-18,1,1,1,365.71,336.6,365.71,336.6,0,0,0,0,0,0,1100958,984875
1590,1865,64540915,64806542,24033,8173,87,8178,0,-13,-18,-13,-18,1,1,1,365.71,336.6,365.71,336.6,0,0,0,0,0,0,1026208,963417
1591,1866,63521087,65278667,24021,8174,88,8179,0,-13,-18,-13,-18,1,1,1,365.71,336.6,365.71,336.6,0,0,0,0,0,0,1005167,923958
1592,1867,72019159,70044208,23817,8173,87,8178,0,-13,-18,-13,-18,1,1,1,365.71,336.6,365.71,336.6,0,0,0,0,0,0,1059375,994542
1593,1868,68611249,70387625,23881,8173,87,8178,0,-13,-18,-13,-18,1,1,1,365.71,336.6,365.71,336.6,0,0,0,0,0,0,1060292,990083
1594,1869,78170210,76001541,23957,8173,87,8178,0,-13,-18,-13,-18,1,1,1,365.71,336.6,365.71,336.6,0,0,0,0,0,0,1453000,1385042
1595,1870,67420750,69711042,23881,8173,90,8178,0,-13,-18,-13,-18,1,1,1,365.71,336.6,365.71,336.6,0,0,0,0,0,0,1103458,1009458
1596,1871,60957044,57716625,24381,8173,87,8178,0,-12,-18,-12,-18,1,1,1,411.43,359.32,411.43,359.32,0,0,0,0,0,0,1024458,959041
1597,1872,54887749,58112042,24237,8173,87,8178,0,-12,-18,-12,-18,1,1,1,411.43,359.32,411.43,359.32,0,0,0,0,0,0,924333,848167
1598,1873,56970331,55374167,23817,8173,87,8178,0,-12,-18,-12,-18,1,1,1,411.43,359.32,411.43,359.32,0,0,0,0,0,0,832708,781875
1599,1874,52074417,53576833,23881,8173,87,8178,0,-12,-18,-12,-18,1,1,1,411.43,359.32,411.43,359.32,0,0,0,0,0,0,1337083,1245041
1600,1875,45572206,45615500,23905,8173,87,8178,0,-12,-18,-12,-18,1,1,1,411.43,359.32,411.43,359.32,0,0,0,0,0,0,837834,786208
1601,1876,45601084,44558250,23869,8173,87,8178,0,-12,-18,-12,-18,1,1,1,411.43,359.32,411.43,359.32,0,0,0,0,0,0,712834,663166
1602,1877,37561960,38699125,23881,8173,87,8178,0,-12,-18,-12,-18,1,1,1,411.43,359.32,411.43,359.32,0,0,0,0,0,0,657041,620625
1603,1878,41387662,41278333,23817,8173,87,8178,0,-12,-18,-12,-18,1,1,1,411.43,359.32,411.43,359.32,0,0,0,0,0,0,772666,728042
1604,1879,35700168,34762375,23905,8173,90,8178,0,-12,-18,-12,-18,1,1,1,411.43,359.32,411.43,359.32,0,0,0,0,0,0,627167,589708
1605,1880,33927123,34912833,23881,8173,87,8178,0,-12,-18,-12,-18,1,1,1,411.43,359.32,411.43,359.32,0,0,0,0,0,0,592541,550209
1606,1881,33909376,33909250,23817,8174,88,8179,0,-12,-18,-12,-18,1,1,1,411.43,359.32,411.43,359.32,0,0,0,0,0,0,545625,512334
1607,1882,34864414,33794750,23869,8173,87,8178,0,-12,-18,-12,-18,1,1,1,411.43,359.32,411.43,359.32,0,0,0,0,0,0,582625,544792
1608,1883,33833127,33780833,24445,8173,87,8178,0,-11,-18,-11,-18,1,1,1,457.14,380.06,457.14,380.06,0,0,0,0,0,0,555166,521791
1609,1884,32649036,33689209,24121,8173,87,8178,0,-11,-18,-11,-18,1,1,1,457.14,380.06,457.14,380.06,0,0,0,0,0,0,611166,573000
1610,1885,35206463,34180167,23817,8173,87,8178,0,-11,-18,-11,-18,1,1,1,457.14,380.06,457.14,380.06,0,0,0,0,0,0,551916,518709
1611,1886,33102288,34129042,23881,8173,87,8178,0,-11,-18,-11,-18,1,1,1,457.14,380.06,457.14,380.06,0,0,0,0,0,0,602917,565458
1612,1887,33861294,33814792,23817,8173,87,8178,0,-11,-18,-11,-18,1,1,1,457.14,380.06,457.14,380.06,0,0,0,0,0,0,567500,533459
1613,1888,37897497,36021875,23869,8173,87,8178,0,-11,-18,-11,-18,1,1,1,457.14,380.06,457.14,380.06,0,0,0,0,0,0,650375,594375
1614,1889,35460460,37314916,23969,8173,87,8178,0,-11,-18,-11,-18,1,1,1,457.14,380.06,457.14,380.06,0,0,0,0,0,0,624084,565583
1615,1890,35728458,35548417,23817,8173,87,8178,0,-11,-18,-11,-18,1,1,1,457.14,380.06,457.14,380.06,0,0,0,0,0,0,599334,560917
1616,1891,40536247,39328459,23817,8173,87,8178,0,-11,-18,-11,-18,1,1,1,457.14,380.06,457.14,380.06,0,0,0,0,0,0,829333,789458
1617,1892,40861252,41833583,23881,8173,87,8178,0,-11,-18,-11,-18,1,1,1,457.14,380.06,457.14,380.06,0,0,0,0,0,0,620208,569875
1618,1893,36634128,36817041,23905,8173,90,8178,0,-11,-18,-11,-18,1,1,1,457.14,380.06,457.14,380.06,0,0,0,0,0,0,569041,533792
1619,1894,40767289,39536834,23869,8173,87,8178,0,-11,-18,-11,-18,1,1,1,457.14,380.06,457.14,380.06,0,0,0,0,0,0,858459,812167
1620,1895,43524496,44780333,23881,8173,87,8178,0,-10,-18,-10,-18,1,1,1,502.86,399.44,502.86,399.44,0,0,0,0,0,0,720959,676417
1621,1896,63250750,59359708,24381,8174,88,8179,0,-10,-18,-10,-18,1,1,1,502.86,399.44,502.86,399.44,0,0,0,0,0,0,1006000,937708
1622,1897,65666131,69389083,24185,8173,87,8178,0,-10,-18,-10,-18,1,1,1,502.86,399.44,502.86,399.44,0,0,0,0,0,0,1085750,1020833
1623,1898,91850541,86879792,23869,8173,87,8178,0,-10,-18,-10,-18,1,1,1,502.86,399.44,502.86,399.44,0,0,0,0,0,0,1146083,1075375
1624,1899,70292331,75128791,23969,8173,87,8178,0,-10,-18,-10,-18,1,1,1,502.86,399.44,502.86,399.44,0,0,0,0,0,0,1174000,1095958
1625,1900,69128759,67256292,23817,8173,87,8178,0,-10,-18,-10,-18,1,1,1,502.86,399.44,502.86,399.44,0,0,0,0,0,0,1056834,990166
1626,1901,73727749,75505834,23933,8173,87,8178,0,-10,-18,-10,-18,1,1,1,502.86,399.44,502.86,399.44,0,0,0,0,0,0,1144500,1075875
1627,1902,66994205,65642416,23905,8173,90,8178,0,-10,-18,-10,-18,1,1,1,502.86,399.44,502.86,399.44,0,0,0,0,0,0,1088833,1008625
1628,1903,57380251,57601208,24445,8173,87,8178,0,-10,-18,-10,-18,1,1,1,502.86,399.44,502.86,399.44,0,0,0,0,0,0,894583,842166
1629,1904,47529540,47161417,24033,8173,87,8178,0,-10,-18,-10,-18,1,1,1,502.86,399.44,502.86,399.44,0,0,0,0,0,0,734292,682334
1630,1905,45044627,46650084,24021,8173,87,8178,0,-10,-18,-10,-18,1,1,1,502.86,399.44,502.86,399.44,0,0,0,0,0,0,750333,707709
1631,1906,47043912,46895708,23817,8173,87,8178,0,-10,-18,-10,-18,1,1,1,502.86,399.44,502.86,399.44,0,0,0,0,0,0,821333,763417
1632,1907,54777663,53049583,23817,8173,87,8178,0,-9,-18,-9,-18,1,1,1,548.57,418.39,548.57,418.39,0,0,0,0,0,0,727667,683083
1633,1908,54955542,56633208,23881,8173,87,8178,0,-9,-18,-9,-18,1,1,1,548.57,418.39,548.57,418.39,0,0,0,0,0,0,840709,780000
1634,1909,58778919,57033042,23957,8173,87,8178,0,-9,-18,-9,-18,1,1,1,548.57,418.39,548.57,418.39,0,0,0,0,0,0,802708,751833
1635,1910,62473837,64283084,23881,8173,87,8178,0,-9,-18,-9,-18,1,1,1,548.57,418.39,548.57,418.39,0,0,0,0,0,0,905209,846375
1636,1911,66418580,64483334,23817,8174,91,8179,0,-9,-18,-9,-18,1,1,1,548.57,418.39,548.57,418.39,0,0,0,0,0,0,1323000,1258542
1637,1912,59751246,59434542,24533,8173,87,8178,0,-9,-18,-9,-18,1,1,1,548.57,418.39,548.57,418.39,0,0,0,0,0,0,1006041,926417
1638,1913,61389334,61357042,24085,8173,87,8178,0,-9,-18,-9,-18,1,1,1,548.57,418.39,548.57,418.39,0,0,0,0,0,0,968167,905458
1639,1914,57003833,59073416,23881,8173,87,8178,0,-9,-18,-9,-18,1,1,1,548.57,418.39,548.57,418.39,0,0,0,0,0,0,1116750,1037875
1640,1915,58734290,56770583,23905,8173,87,8178,0,-9,-18,-9,-18,1,1,1,548.57,418.39,548.57,418.39,0,0,0,0,0,0,1042333,979417
1641,1916,59036415,60766625,23881,8173,87,8178,0,-9,-18,-9,-18,1,1,1,548.57,418.39,548.57,418.39,0,0,0,0,0,0,1378292,1296417
1642,1917,61884082,60206834,23869,8173,87,8178,0,-9,-18,-9,-18,1,1,1,548.57,418.39,548.57,418.39,0,0,0,0,0,0,1085375,1019500
1643,1918,59991877,61696875,23969,8173,87,8178,0,-9,-18,-9,-18,1,1,1,548.57,418.39,548.57,418.39,0,0,0,0,0,0,1175000,1086250
1644,1919,59436202,58024167,23817,8173,90,8178,0,-8,-18,-8,-18,1,1,1,594.29,422.77,594.29,422.77,0,0,0,0,0,0,1024542,972666
1645,1920,54085083,55498875,23881,8173,87,8178,0,-8,-18,-8,-18,1,1,1,594.29,422.77,594.29,422.77,0,0,0,0,0,0,850667,791708
1646,1921,64441002,61151834,24521,8173,87,8178,0,-8,-18,-8,-18,1,1,1,594.29,422.77,594.29,422.77,0,0,0,0,0,0,1457834,1387959
1647,1922,58570832,61935583,24097,8173,87,8178,0,-8,-18,-8,-18,1,1,1,594.29,422.77,594.29,422.77,0,0,0,0,0,0,1040084,963375
1648,1923,56169629,54621708,23817,8173,87,8178,0,-8,-18,-8,-18,1,1,1,594.29,422.77,594.29,422.77,0,0,0,0,0,0,866750,814625
1649,1924,52951458,54408708,23969,8173,87,8178,0,-8,-18,-8,-18,1,1,1,594.29,422.77,594.29,422.77,0,0,0,0,0,0,806042,749542
1650,1925,59093493,57587750,23869,8173,87,8178,0,-8,-18,-8,-18,1,1,1,594.29,422.77,594.29,422.77,0,0,0,0,0,0,831959,781209
1651,1926,53360417,54709958,23881,8174,88,8179,0,-8,-18,-8,-18,1,1,1,594.29,422.77,594.29,422.77,0,0,0,0,0,0,843333,766625
1652,1927,57287253,55862833,23905,8173,87,8178,0,-8,-18,-8,-18,1,1,1,594.29,422.77,594.29,422.77,0,0,0,0,0,0,828500,776750
1653,1928,54508332,55991792,23881,8173,90,8178,0,-8,-18,-8,-18,1,1,1,594.29,422.77,594.29,422.77,0,0,0,0,0,0,1222333,1144750
1654,1929,57079833,55395459,23869,8173,87,8178,0,-8,-18,-8,-18,1,1,1,594.29,422.77,594.29,422.77,0,0,0,0,0,0,829292,773917
1655,1930,55281914,55463834,24533,8173,87,8178,0,-8,-18,-8,-18,1,1,1,594.29,422.77,594.29,422.77,0,0,0,0,0,0,903792,845542
1656,1931,55799335,55705417,24033,8173,87,8178,0,-6,-18,-6,-18,1,1,1,685.71,416.09,685.71,416.09,0,0,0,0,0,0,882291,826459
1657,1932,55522542,56966333,23881,8173,87,8178,0,-6,-18,-6,-18,1,1,1,685.71,416.09,685.71,416.09,0,0,0,0,0,0,889167,828584
1658,1933,57092998,55689292,23957,8173,87,8178,0,-6,-18,-6,-18,1,1,1,685.71,416.09,685.71,416.09,0,0,0,0,0,0,807625,756500
1659,1934,53906291,55216833,23881,8173,87,8178,0,-6,-18,-6,-18,1,1,1,685.71,416.09,685.71,416.09,0,0,0,0,0,0,946417,865458
1660,1935,57111587,55699334,23817,8173,87,8178,0,-6,-18,-6,-18,1,1,1,685.71,416.09,685.71,416.09,0,0,0,0,0,0,1151625,1075208
1661,1936,61131414,62490417,23969,8173,87,8178,0,-6,-18,-6,-18,1,1,1,685.71,416.09,685.71,416.09,0,0,0,0,0,0,928875,865625
1662,1937,62982380,61408250,23869,8173,90,8178,0,-6,-18,-6,-18,1,1,1,685.71,416.09,685.71,416.09,0,0,0,0,0,0,915916,834333
1663,1938,60883581,60936584,24445,8173,87,8178,0,-6,-18,-6,-18,1,1,1,685.71,416.09,685.71,416.09,0,0,0,0,0,0,845167,785375
1664,1939,57024043,57124667,24121,8173,87,8178,0,-6,-18,-6,-18,1,1,1,685.71,416.09,685.71,416.09,0,0,0,0,0,0,823917,773000
1665,1940,53722873,55136000,23881,8173,87,8178,0,-6,-18,-6,-18,1,1,1,685.71,416.09,685.71,416.09,0,0,0,0,0,0,997166,925875
1666,1941,53883794,52373833,23869,8174,88,8179,0,-6,-18,-6,-18,1,1,1,685.71,416.09,685.71,416.09,0,0,0,0,0,0,832750,782583
1667,1942,43555166,45126583,23969,8173,87,8178,0,-6,-18,-6,-18,1,1,1,685.71,416.09,685.71,416.09,0,0,0,0,0,0,838333,775750
1668,1943,42831711,42819334,23817,8173,87,8178,0,-5,-18,-5,-18,1,1,1,731.43,431,731.43,431,0,0,0,0,0,0,696375,653875
1669,1944,39599958,38425750,23817,8173,87,8178,0,-5,-18,-5,-18,1,1,1,731.43,431,731.43,431,0,0,0,0,0,0,740125,696709
1670,1945,38370791,39483416,23881,8173,87,8178,0,-5,-18,-5,-18,1,1,1,731.43,431,731.43,431,0,0,0,0,0,0,729667,687041
1671,1946,34241460,34310333,23957,8173,90,8178,0,-5,-18,-5,-18,1,1,1,731.43,431,731.43,431,0,0,0,0,0,0,566958,514291
1672,1947,35287201,34253166,23817,8173,87,8178,0,-5,-18,-5,-18,1,1,1,731.43,431,731.43,431,0,0,0,0,0,0,550417,517292
1673,1948,33199418,34197375,23881,8173,87,8178,0,-5,-18,-5,-18,1,1,1,731.43,431,731.43,431,0,0,0,0,0,0,596500,561042
1674,1949,34291207,34242625,23817,8173,87,8178,0,-5,-18,-5,-18,1,1,1,731.43,431,731.43,431,0,0,0,0,0,0,585500,548750
1675,1950,35657171,33856291,24381,8173,87,8178,0,-5,-18,-5,-18,1,1,1,731.43,431,731.43,431,0,0,0,0,0,0,601541,564834
1676,1951,31864412,33637417,24185,8173,87,8178,0,-5,-18,-5,-18,1,1,1,731.43,431,731.43,431,0,0,0,0,0,0,656958,607625
1677,1952,33837251,33858958,23869,8173,87,8178,0,-5,-18,-5,-18,1,1,1,731.43,431,731.43,431,0,0,0,0,0,0,595292,556917
1678,1953,34443248,33407250,23817,8173,87,8178,0,-5,-18,-5,-18,1,1,1,731.43,431,731.43,431,0,0,0,0,0,0,591750,557042
1679,1954,32379087,33391292,23881,8173,87,8178,0,-5,-18,-5,-18,1,1,1,731.43,431,731.43,431,0,0,0,0,0,0,629792,571125
1680,1955,31531412,31395375,23289,8173,87,8178,0,-4,-18,-4,-18,1,1,1,777.14,453.14,777.14,453.14,0,0,0,0,0,0,521208,493625
1681,1956,38081958,37171500,26827,8086,88,8091,0,-4,-18,-4,-18,1,1,1,777.14,453.14,777.14,453.14,0,0,0,0,0,0,524750,490792
1682,1957,35908460,36844958,26031,8085,87,8090,0,-4,-18,-4,-18,1,1,1,777.14,453.14,777.14,453.14,0,0,0,0,0,0,663000,625959
1683,1958,36988370,36843584,23341,8085,87,8090,0,-4,-18,-4,-18,1,1,1,777.14,453.14,777.14,453.14,0,0,0,0,0,0,609541,573292
1684,1959,40952041,39758875,23289,8085,87,8090,0,-4,-18,-4,-18,1,1,1,777.14,453.14,777.14,453.14,0,0,0,0,0,0,601333,563958
1685,1960,34843295,36111625,23441,8085,90,8090,0,-4,-18,-4,-18,1,1,1,777.14,453.14,777.14,453.14,0,0,0,0,0,0,559250,526917
1686,1961,36272790,36155709,23289,8085,87,8090,0,-4,-18,-4,-18,1,1,1,777.14,453.14,777.14,453.14,0,0,0,0,0,0,549459,518333
1687,1962,37522248,36507541,23289,8085,87,8090,0,-4,-18,-4,-18,1,1,1,777.14,453.14,777.14,453.14,0,0,0,0,0,0,498625,465541
1688,1963,39720542,40779792,23353,8085,87,8090,0,-4,-18,-4,-18,1,1,1,777.14,453.14,777.14,453.14,0,0,0,0,0,0,662917,626833
1689,1964,45742582,44113542,23905,8085,87,8090,0,-4,-18,-4,-18,1,1,1,777.14,453.14,777.14,453.14,0,0,0,0,0,0,597959,562459
1690,1965,57709127,57382417,23593,8085,87,8090,0,-4,-18,-4,-18,1,1,1,777.14,453.14,777.14,453.14,0,0,0,0,0,0,735542,684459
1691,1966,64800754,66547541,23353,8085,87,8090,0,-4,-18,-4,-18,1,1,1,777.14,453.14,777.14,453.14,0,0,0,0,0,0,958750,897084
1692,1967,70601709,68588709,23289,8085,87,8090,0,-3,-18,-3,-18,1,1,1,822.86,475.99,822.86,475.99,0,0,0,0,0,0,1011875,953833
1693,1968,67706666,69483667,23493,8085,87,8090,0,-3,-18,-3,-18,1,1,1,822.86,475.99,822.86,475.99,0,0,0,0,0,0,1039417,958458
1694,1969,68229459,66260209,23289,8085,87,8090,0,-3,-18,-3,-18,1,1,1,822.86,475.99,822.86,475.99,0,0,0,0,0,0,932833,873625
1695,1970,71557082,73104916,23353,8085,87,8090,0,-3,-18,-3,-18,1,1,1,822.86,475.99,822.86,475.99,0,0,0,0,0,0,1034208,972917
1696,1971,57600375,56294750,23429,8086,91,8091,0,-3,-18,-3,-18,1,1,1,822.86,475.99,822.86,475.99,0,0,0,0,0,0,934375,866083
1697,1972,51235672,51883667,23917,8085,87,8090,0,-3,-18,-3,-18,1,1,1,822.86,475.99,822.86,475.99,0,0,0,0,0,0,741708,696834
1698,1973,45845244,47044958,23505,8085,87,8090,0,-3,-18,-3,-18,1,1,1,822.86,475.99,822.86,475.99,0,0,0,0,0,0,1079125,1040750
1699,1974,49312457,48113333,23377,8085,87,8090,0,-3,-18,-3,-18,1,1,1,822.86,475.99,822.86,475.99,0,0,0,0,0,0,1023500,954167
1700,1975,45668587,46923792,23405,8085,87,8090,0,-3,-18,-3,-18,1,1,1,822.86,475.99,822.86,475.99,0,0,0,0,0,0,1091416,1054292
1701,1976,46345286,46220458,23289,8085,87,8090,0,-3,-18,-3,-18,1,1,1,822.86,475.99,822.86,475.99,0,0,0,0,0,0,669667,632791
1702,1977,57547625,55999917,23289,8085,87,8090,0,-3,-18,-3,-18,1,1,1,822.86,475.99,822.86,475.99,0,0,0,0,0,0,932625,854125
1703,1978,52187338,53690000,23441,8085,87,8090,0,-3,-18,-3,-18,1,1,1,822.86,475.99,822.86,475.99,0,0,0,0,0,0,1042667,999333
1704,1979,62882497,61333250,23341,8085,87,8090,0,-2,-18,-2,-18,1,1,1,868.57,498.85,868.57,498.85,0,0,0,0,0,0,1530917,1471458
1705,1980,56326460,57527042,23353,8085,90,8090,0,-2,-18,-2,-18,1,1,1,868.57,498.85,868.57,498.85,0,0,0,0,0,0,770334,720459
1706,1981,72957456,69195209,23941,8085,87,8090,0,-2,-18,-2,-18,1,1,1,868.57,498.85,868.57,498.85,0,0,0,0,0,0,1230042,1175167
1707,1982,64460836,68342917,23569,8085,87,8090,0,-2,-18,-2,-18,1,1,1,868.57,498.85,868.57,498.85,0,0,0,0,0,0,899834,842375
1708,1983,68437755,66473667,23341,8085,87,8090,0,-2,-18,-2,-18,1,1,1,868.57,498.85,868.57,498.85,0,0,0,0,0,0,963208,885250
1709,1984,55205039,57221167,23441,8085,87,8090,0,-2,-18,-2,-18,1,1,1,868.57,498.85,868.57,498.85,0,0,0,0,0,0,912959,858875
1710,1985,54274626,52632708,23289,8085,87,8090,0,-2,-18,-2,-18,1,1,1,868.57,498.85,868.57,498.85,0,0,0,0,0,0,798667,755083
1711,1986,43010331,44611000,23353,8086,88,8091,0,-2,-18,-2,-18,1,1,1,868.57,498.85,868.57,498.85,0,0,0,0,0,0,775917,720833
1712,1987,45454088,45514083,23429,8085,87,8090,0,-2,-18,-2,-18,1,1,1,868.57,498.85,868.57,498.85,0,0,0,0,0,0,693500,654334
1713,1988,39708785,38609375,23289,8085,90,8090,0,-2,-18,-2,-18,1,1,1,868.57,498.85,868.57,498.85,0,0,0,0,0,0,595125,560000
1714,1989,34064251,35169583,23353,8085,87,8090,0,-2,-18,-2,-18,1,1,1,868.57,498.85,868.57,498.85,0,0,0,0,0,0,629708,572792
1715,1990,33914249,33849375,23289,8085,87,8090,0,-2,-18,-2,-18,1,1,1,868.57,498.85,868.57,498.85,0,0,0,0,0,0,501791,472167
1716,1991,35594169,33889625,23377,8085,87,8090,0,-1,-18,-1,-18,1,1,1,914.29,521.71,914.29,521.71,0,0,0,0,0,0,491292,463375
1717,1992,32182998,33911708,24133,8085,87,8090,0,-1,-18,-1,-18,1,1,1,914.29,521.71,914.29,521.71,0,0,0,0,0,0,541833,511625
1718,1993,33887583,33862292,23341,8085,87,8090,0,-1,-18,-1,-18,1,1,1,914.29,521.71,914.29,521.71,0,0,0,0,0,0,508333,480792
1719,1994,35020533,34020750,23289,8085,87,8090,0,-1,-18,-1,-18,1,1,1,914.29,521.71,914.29,521.71,0,0,0,0,0,0,499375,471333
1720,1995,35650674,36442208,23353,8085,87,8090,0,-1,-18,-1,-18,1,1,1,914.29,521.71,914.29,521.71,0,0,0,0,0,0,705792,662125
1721,1996,38310911,38289291,23377,8085,87,8090,0,-1,-18,-1,-18,1,1,1,914.29,521.71,914.29,521.71,0,0,0,0,0,0,701500,670041
1722,1997,39494208,38573417,23289,8085,87,8090,0,-1,-18,-1,-18,1,1,1,914.29,521.71,914.29,521.71,0,0,0,0,0,0,555583,527167
1723,1998,36218870,37279375,23353,8085,87,8090,0,-1,-18,-1,-18,1,1,1,914.29,521.71,914.29,521.71,0,0,0,0,0,0,556750,524416
1724,1999,38133792,38044583,23341,8085,87,8090,0,-1,-18,-1,-18,1,1,1,914.29,521.71,914.29,521.71,0,0,0,0,0,0,874667,838292
1725,2000,40799502,39738750,23377,8085,87,8090,0,-1,-18,-1,-18,1,1,1,914.29,521.71,914.29,521.71,0,0,0,0,0,0,750000,708459
1726,2001,46999871,48046959,23353,8086,88,8091,0,-1,-18,-1,-18,1,1,1,914.29,521.71,914.29,521.71,0,0,0,0,0,0,988208,926709
1727,2002,56968834,55059584,23289,8085,90,8090,0,-1,-18,-1,-18,1,1,1,914.29,521.71,914.29,521.71,0,0,0,0,0,0,708500,665875
1728,2003,65109752,66729042,23353,8085,87,8090,0,0,-18,0,-18,1,1,1,960,544.56,960,544.56,0,0,0,0,0,0,1199667,1141250
1729,2004,80016456,74403000,23993,8085,87,8090,0,0,-18,0,-18,1,1,1,960,544.56,960,544.56,0,0,0,0,0,0,1088333,1026958
1730,2005,65682336,71293833,23569,8085,87,8090,0,0,-18,0,-18,1,1,1,960,544.56,960,544.56,0,0,0,0,0,0,1005750,953416
1731,2006,72092458,70038333,23289,8085,87,8090,0,0,-18,0,-18,1,1,1,960,544.56,960,544.56,0,0,0,0,0,0,906000,859417
1732,2007,67700624,69720167,23493,8085,87,8090,0,0,-18,0,-18,1,1,1,960,544.56,960,544.56,0,0,0,0,0,0,963333,894083
1733,2008,69208621,67468875,23289,8085,87,8090,0,0,-18,0,-18,1,1,1,960,544.56,960,544.56,0,0,0,0,0,0,1260667,1196708
1734,2009,58887168,60603250,23353,8085,87,8090,0,0,-18,0,-18,1,1,1,960,544.56,960,544.56,0,0,0,0,0,0,847459,789584
1735,2010,55471755,53735834,23377,8085,90,8090,0,0,-18,0,-18,1,1,1,960,544.56,960,544.56,0,0,0,0,0,0,734000,682834
1736,2011,46061459,46490209,23969,8085,87,8090,0,0,-18,0,-18,1,1,1,960,544.56,960,544.56,0,0,0,0,0,0,718875,683125
1737,2012,46026911,47279333,23505,8085,87,8090,0,0,-18,0,-18,1,1,1,960,544.56,960,544.56,0,0,0,0,0,0,621417,583791
1738,2013,49572337,47730584,23289,8085,87,8090,0,0,-18,0,-18,1,1,1,960,544.56,960,544.56,0,0,0,0,0,0,670125,628583
1739,2014,46357497,48105083,23441,8085,87,8090,0,0,-18,0,-18,1,1,1,960,544.56,960,544.56,0,0,0,0,0,0,628084,592541
1740,2015,57460751,56018208,23289,8085,87,8090,0,1,-18,1,-18,1,1,1,1005.71,567.42,1005.71,567.42,0,0,0,0,0,0,975917,926750
1741,2016,53721252,55099875,23405,8086,88,8091,0,1,-18,1,-18,1,1,1,1005.71,567.42,1005.71,567.42,0,0,0,0,0,0,735750,687042
1742,2017,69909535,67616000,23377,8085,87,8090,0,1,-18,1,-18,1,1,1,1005.71,567.42,1005.71,567.42,0,0,0,0,0,0,914166,833750
1743,2018,73302082,75539208,23353,8085,87,8090,0,1,-18,1,-18,1,1,1,1005.71,567.42,1005.71,567.42,0,0,0,0,0,0,981417,925500
1744,2019,71091629,69169042,23289,8085,90,8090,0,1,-18,1,-18,1,1,1,1005.71,567.42,1005.71,567.42,0,0,0,0,0,0,965125,899708
1745,2020,57980369,58269250,24057,8085,87,8090,0,1,-18,1,-18,1,1,1,1005.71,567.42,1005.71,567.42,0,0,0,0,0,0,992041,939250
1746,2021,55343125,55117291,23505,8085,87,8090,0,1,-18,1,-18,1,1,1,1005.71,567.42,1005.71,567.42,0,0,0,0,0,0,788667,745167
1747,2022,54385751,56207708,23353,8085,87,8090,0,1,-18,1,-18,1,1,1,1005.71,567.42,1005.71,567.42,0,0,0,0,0,0,818458,767125
1748,2023,57320583,55914792,23377,8085,87,8090,0,1,-18,1,-18,1,1,1,1005.71,567.42,1005.71,567.42,0,0,0,0,0,0,1078416,1029250
1749,2024,50984915,52430666,23405,8085,87,8090,0,1,-18,1,-18,1,1,1,1005.71,567.42,1005.71,567.42,0,0,0,0,0,0,768875,726000
1750,2025,54203167,52593041,23289,8085,87,8090,0,1,-18,1,-18,1,1,1,1005.71,567.42,1005.71,567.42,0,0,0,0,0,0,756083,705250
1751,2026,47983374,49609375,23441,8085,87,8090,0,1,-18,1,-18,1,1,1,1005.71,567.42,1005.71,567.42,0,0,0,0,0,0,756500,684500
1752,2027,41986707,41997833,23289,8085,90,8090,0,2,-18,2,-18,1,1,1,1051.43,590.28,1051.43,590.28,0,0,0,0,0,0,659958,624375
1753,2028,39613079,38427083,23289,8085,87,8090,0,2,-18,2,-18,1,1,1,1051.43,590.28,1051.43,590.28,0,0,0,0,0,0,605292,569250
1754,2029,33476836,34595042,23405,8085,87,8090,0,2,-18,2,-18,1,1,1,1051.43,590.28,1051.43,590.28,0,0,0,0,0,0,578708,546125
1755,2030,35261210,34281708,23941,8085,87,8090,0,2,-18,2,-18,1,1,1,1051.43,590.28,1051.43,590.28,0,0,0,0,0,0,504500,472417
1756,2031,33891290,33901083,23505,8086,88,8091,0,2,-18,2,-18,1,1,1,1051.43,590.28,1051.43,590.28,0,0,0,0,0,0,578208,542042
1757,2032,33086251,34073792,23353,8085,87,8090,0,2,-18,2,-18,1,1,1,1051.43,590.28,1051.43,590.28,0,0,0,0,0,0,556083,528208
1758,2033,33920705,33881584,23289,8085,87,8090,0,2,-18,2,-18,1,1,1,1051.43,590.28,1051.43,590.28,0,0,0,0,0,0,526500,498083
1759,2034,35072121,33991708,23289,8085,87,8090,0,2,-18,2,-18,1,1,1,1051.43,590.28,1051.43,590.28,0,0,0,0,0,0,496291,459792
1760,2035,32481916,33536708,23493,8085,87,8090,0,2,-18,2,-18,1,1,1,1051.43,590.28,1051.43,590.28,0,0,0,0,0,0,529958,501917
1761,2036,33628337,33638959,23289,8085,87,8090,0,2,-18,2,-18,1,1,1,1051.43,590.28,1051.43,590.28,0,0,0,0,0,0,516333,487958
1762,2037,35910580,34815625,23289,8085,87,8090,0,2,-18,2,-18,1,1,1,1051.43,590.28,1051.43,590.28,0,0,0,0,0,0,501666,469875
1763,2038,34581836,35614542,23353,8085,87,8090,0,2,-18,2,-18,1,1,1,1051.43,590.28,1051.43,590.28,0,0,0,0,0,0,498250,470583
1764,2039,35763911,35710417,23289,8085,87,8090,0,3,-18,3,-18,1,1,1,1097.14,613.14,1097.14,613.14,0,0,0,0,0,0,553833,524542
1765,2040,40533751,39024041,23377,8085,87,8090,0,3,-18,3,-18,1,1,1,1097.14,613.14,1097.14,613.14,0,0,0,0,0,0,689208,641291
1766,2041,36020711,37363500,23405,8085,90,8090,0,3,-18,3,-18,1,1,1,1097.14,613.14,1097.14,613.14,0,0,0,0,0,0,505083,475333
1767,2042,38574829,38685209,23289,8085,87,8090,0,3,-18,3,-18,1,1,1,1097.14,613.14,1097.14,613.14,0,0,0,0,0,0,626500,594500
1768,2043,37470038,36239042,23289,8085,87,8090,0,3,-18,3,-18,1,1,1,1097.14,613.14,1097.14,613.14,0,0,0,0,0,0,1026625,981875
1769,2044,36886211,36636000,24005,8085,87,8090,0,3,-18,3,-18,1,1,1,1097.14,613.14,1097.14,613.14,0,0,0,0,0,0,1043375,990416
1770,2045,37606999,39006875,23505,8085,87,8090,0,3,-18,3,-18,1,1,1,1097.14,613.14,1097.14,613.14,0,0,0,0,0,0,513166,483875
1771,2046,46556875,44468792,23289,8086,88,8091,0,3,-18,3,-18,1,1,1,1097.14,613.14,1097.14,613.14,0,0,0,0,0,0,575542,523584
1772,2047,56765463,58596167,23405,8085,87,8090,0,3,-18,3,-18,1,1,1,1097.14,613.14,1097.14,613.14,0,0,0,0,0,0,744583,700417
1773,2048,78078202,70476000,23377,8085,87,8090,0,3,-18,3,-18,1,1,1,1097.14,613.14,1097.14,613.14,0,0,0,0,0,0,1275541,1210708
1774,2049,77388957,84509625,23353,8085,87,8090,0,3,-18,3,-18,1,1,1,1097.14,613.14,1097.14,613.14,0,0,0,0,0,0,1059125,1004084
1775,2050,90748958,87699500,23429,8085,87,8090,0,3,-18,3,-18,1,1,1,1097.14,613.14,1097.14,613.14,0,0,0,0,0,0,783500,732292
1776,2051,63229292,66517250,23353,8085,90,8090,0,4,-18,4,-18,1,1,1,1142.86,635.99,1142.86,635.99,0,0,0,0,0,0,930916,878500
1777,2052,72891078,69213875,23941,8085,87,8090,0,4,-18,4,-18,1,1,1,1142.86,635.99,1142.86,635.99,0,0,0,0,0,0,969792,905583
1778,2053,53713131,57523791,23621,8085,87,8090,0,4,-18,4,-18,1,1,1,1142.86,635.99,1142.86,635.99,0,0,0,0,0,0,908709,855458
1779,2054,53676538,51791417,23289,8085,87,8090,0,4,-18,4,-18,1,1,1,1142.86,635.99,1142.86,635.99,0,0,0,0,0,0,916042,865208
1780,2055,46167921,48089334,23441,8085,87,8090,0,4,-18,4,-18,1,1,1,1142.86,635.99,1142.86,635.99,0,0,0,0,0,0,870833,815250
1781,2056,47227125,47144000,23289,8085,87,8090,0,4,-18,4,-18,1,1,1,1142.86,635.99,1142.86,635.99,0,0,0,0,0,0,972167,931334
1782,2057,49511123,47990042,23341,8085,87,8090,0,4,-18,4,-18,1,1,1,1142.86,635.99,1142.86,635.99,0,0,0,0,0,0,868833,830167
1783,2058,53502827,54897625,23353,8085,87,8090,0,4,-18,4,-18,1,1,1,1142.86,635.99,1142.86,635.99,0,0,0,0,0,0,990167,939125
1784,2059,59014752,57247208,23377,8085,87,8090,0,4,-18,4,-18,1,1,1,1142.86,635.99,1142.86,635.99,0,0,0,0,0,0,742959,701208
1785,2060,53899999,55674125,23353,8085,90,8090,0,4,-18,4,-18,1,1,1,1142.86,635.99,1142.86,635.99,0,0,0,0,0,0,739250,692958
1786,2061,70966668,67470583,23905,8086,88,8091,0,4,-18,4,-18,1,1,1,1142.86,635.99,1142.86,635.99,0,0,0,0,0,0,775125,728167
1787,2062,54747372,58206667,23657,8085,87,8090,0,4,-18,4,-18,1,1,1,1142.86,635.99,1142.86,635.99,0,0,0,0,0,0,920209,867209
1788,2063,54948709,53470917,23709,8085,87,8090,0,5,-18,5,-18,1,1,1,1188.57,662.98,1188.57,662.98,0,0,0,0,0,0,970167,923416
1789,2064,49595039,50975208,23773,8155,87,8160,0,5,-18,5,-18,1,1,1,1188.57,662.98,1188.57,662.98,0,0,0,0,0,0,786042,733791
1790,2065,48546839,48729375,27299,8155,87,8160,0,5,-18,5,-18,1,1,1,1188.57,662.98,1188.57,662.98,0,0,0,0,0,0,677833,636834
1791,2066,38408409,37215625,26387,8155,87,8160,0,5,-18,5,-18,1,1,1,1188.57,662.98,1188.57,662.98,0,0,0,0,0,0,657083,618500
1792,2067,35330541,36497084,23773,8155,87,8160,0,5,-18,5,-18,1,1,1,1188.57,662.98,1188.57,662.98,0,0,0,0,0,0,632208,598334
1793,2068,36976125,36875333,23709,8155,87,8160,0,5,-18,5,-18,1,1,1,1188.57,662.98,1188.57,662.98,0,0,0,0,0,0,638166,599709
1794,2069,34291915,33341125,23797,8155,90,8160,0,5,-18,5,-18,1,1,1,1188.57,662.98,1188.57,662.98,0,0,0,0,0,0,550334,518667
1795,2070,33086046,34064500,23773,8155,87,8160,0,5,-18,5,-18,1,1,1,1188.57,662.98,1188.57,662.98,0,0,0,0,0,0,565125,530333
1796,2071,34108955,34099084,23761,8155,87,8160,0,5,-18,5,-18,1,1,1,1188.57,662.98,1188.57,662.98,0,0,0,0,0,0,546334,512875
1797,2072,34678373,33643250,23709,8155,87,8160,0,5,-18,5,-18,1,1,1,1188.57,662.98,1188.57,662.98,0,0,0,0,0,0,593083,557208
1798,2073,33253960,33159416,24337,8155,87,8160,0,5,-18,5,-18,1,1,1,1188.57,662.98,1188.57,662.98,0,0,0,0,0,0,595542,559000
1799,2074,32334752,33439167,24013,8155,87,8160,0,5,-18,5,-18,1,1,1,1188.57,662.98,1188.57,662.98,0,0,0,0,0,0,603917,548458
