frame_index,read_frame_count,unscaled_delta_ns,main_thread_ns,gc_alloc_bytes,batches,set_pass_calls,draw_calls,engine_controller_update_ns,intended_cell_x,intended_cell_y,actual_cell_x,actual_cell_y,cell_match,input_checked,mouse_is_virtual,injected_x,injected_y,read_x,read_y,tnd_bench_t1_hover_ns,tnd_bench_t1_reclassify_ns,tnd_bench_t1_hoveredborder_ns,tnd_bench_t1_hoveredborderrebuild_ns,tnd_bench_t1_modeenter_ns,tnd_bench_t1_conquerui_ns,tnd_bench_s0_hover_ns,tnd_bench_s0_rebuild_ns
0,275,53376708,35590667,104155,0,0,0,0,-17,-18,-17,-18,1,1,1,182.86,230.19,182.86,230.19,0,0,0,0,0,0,700417,661333
1,276,36476168,36717291,27355,8174,88,8179,0,-17,-18,-17,-18,1,1,1,182.86,230.19,182.86,230.19,0,0,0,0,0,0,611416,561667
2,277,34348830,33318958,26495,8173,87,8178,0,-17,-18,-17,-18,1,1,1,182.86,230.19,182.86,230.19,0,0,0,0,0,0,645333,590333
3,278,30300999,31324583,23881,8173,87,8178,0,-17,-18,-17,-18,1,1,1,182.86,230.19,182.86,230.19,0,0,0,0,0,0,592375,546041
4,279,30210169,30154709,23817,8173,87,8178,0,-16,-18,-16,-18,1,1,1,228.57,258.09,228.57,258.09,0,0,0,0,0,0,597584,541708
5,280,33960543,33924000,209053,8173,87,8178,0,-16,-18,-16,-18,1,1,1,228.57,258.09,228.57,258.09,0,0,0,0,0,0,568916,522959
6,281,34564293,33663709,23905,8173,87,8178,0,-16,-18,-16,-18,1,1,1,228.57,258.09,228.57,258.09,0,0,0,0,0,0,695625,625625
7,282,29669748,30599458,23881,8173,90,8178,0,-16,-18,-16,-18,1,1,1,228.57,258.09,228.57,258.09,0,0,0,0,0,0,591750,547458
8,283,30630039,30589292,23817,8173,87,8178,0,-15,-18,-15,-18,1,1,1,274.29,285.43,274.29,285.43,0,0,0,0,0,0,581625,520625
9,284,30680207,30687250,23817,8173,87,8178,0,-15,-18,-15,-18,1,1,1,274.29,285.43,274.29,285.43,0,0,0,0,0,0,601084,551625
10,285,31296458,30306916,23817,8173,87,8178,0,-15,-18,-15,-18,1,1,1,274.29,285.43,274.29,285.43,0,0,0,0,0,0,582084,527833
11,286,29297880,30258541,23969,8173,87,8178,0,-15,-18,-15,-18,1,1,1,274.29,285.43,274.29,285.43,0,0,0,0,0,0,604500,558792
12,287,31472124,31444875,23869,8173,87,8178,0,-14,-18,-14,-18,1,1,1,320,311.82,320,311.82,0,0,0,0,0,0,571375,518375
13,288,34077707,33883709,23817,8173,87,8178,0,-14,-18,-14,-18,1,1,1,320,311.82,320,311.82,0,0,0,0,0,0,582667,551125
14,289,38447666,36477667,24381,8173,87,8178,0,-14,-18,-14,-18,1,1,1,320,311.82,320,311.82,0,0,0,0,0,0,834000,793125
15,290,34899540,36950417,24097,8173,87,8178,0,-14,-18,-14,-18,1,1,1,320,311.82,320,311.82,0,0,0,0,0,0,622291,584500
16,291,36360125,36365291,23905,8174,88,8179,0,-13,-18,-13,-18,1,1,1,365.71,336.6,365.71,336.6,0,0,0,0,0,0,675375,631667
17,292,36733664,35769875,23817,8173,87,8178,0,-13,-18,-13,-18,1,1,1,365.71,336.6,365.71,336.6,0,0,0,0,0,0,842125,797584
18,293,36111254,36994125,23933,8173,87,8178,0,-13,-18,-13,-18,1,1,1,365.71,336.6,365.71,336.6,0,0,0,0,0,0,662084,621500
19,294,42916122,42863416,23817,8173,87,8178,0,-13,-18,-13,-18,1,1,1,365.71,336.6,365.71,336.6,0,0,0,0,0,0,828208,778458
20,295,58775998,56894625,23905,8173,87,8178,0,-12,-18,-12,-18,1,1,1,411.43,359.32,411.43,359.32,0,0,0,0,0,0,924917,842334
21,296,63680045,65419042,23881,8173,90,8178,0,-12,-18,-12,-18,1,1,1,411.43,359.32,411.43,359.32,0,0,0,0,0,0,1017041,952833
22,297,74938453,72765167,23869,8173,87,8178,0,-12,-18,-12,-18,1,1,1,411.43,359.32,411.43,359.32,0,0,0,0,0,0,1094584,1014500
23,298,65482288,67586584,23969,8173,87,8178,0,-12,-18,-12,-18,1,1,1,411.43,359.32,411.43,359.32,0,0,0,0,0,0,1679542,1606875
24,299,71754455,68343959,24381,8173,87,8178,0,-11,-18,-11,-18,1,1,1,457.14,380.06,457.14,380.06,0,0,0,0,0,0,1185291,1112208
25,300,66889293,70112000,24149,8173,87,8178,0,-11,-18,-11,-18,1,1,1,457.14,380.06,457.14,380.06,0,0,0,0,0,0,1124334,1055459
26,301,70753790,69017458,23905,8173,87,8178,0,-11,-18,-11,-18,1,1,1,457.14,380.06,457.14,380.06,0,0,0,0,0,0,1116000,1039833
27,302,57473290,59079250,23881,8173,87,8178,0,-11,-18,-11,-18,1,1,1,457.14,380.06,457.14,380.06,0,0,0,0,0,0,1123042,1055416
28,303,61167042,59978542,23817,8173,87,8178,0,-10,-18,-10,-18,1,1,1,502.86,399.44,502.86,399.44,0,0,0,0,0,0,1571250,1484292
29,304,52043415,53452375,24021,8173,90,8178,0,-10,-18,-10,-18,1,1,1,502.86,399.44,502.86,399.44,0,0,0,0,0,0,822250,774916
30,305,60945585,59289917,23817,8173,87,8178,0,-10,-18,-10,-18,1,1,1,502.86,399.44,502.86,399.44,0,0,0,0,0,0,990792,922708
31,306,61964541,63185959,23881,8174,88,8179,0,-10,-18,-10,-18,1,1,1,502.86,399.44,502.86,399.44,0,0,0,0,0,0,1132875,1076083
32,307,74449248,70807208,24469,8173,87,8178,0,-9,-18,-9,-18,1,1,1,548.57,418.39,548.57,418.39,0,0,0,0,0,0,1436958,1293042
33,308,68865120,72525917,24149,8173,87,8178,0,-9,-18,-9,-18,1,1,1,548.57,418.39,548.57,418.39,0,0,0,0,0,0,1326500,1200958
34,309,71138538,69002250,23817,8173,87,8178,0,-9,-18,-9,-18,1,1,1,548.57,418.39,548.57,418.39,0,0,0,0,0,0,1098000,1018250
35,310,68192705,70424291,23969,8173,87,8178,0,-9,-18,-9,-18,1,1,1,548.57,418.39,548.57,418.39,0,0,0,0,0,0,1058542,992417
36,311,75491458,73378333,23869,8173,87,8178,0,-8,-18,-8,-18,1,1,1,594.29,422.77,594.29,422.77,0,0,0,0,0,0,1114333,1006375
37,312,68276204,70164625,23881,8173,90,8178,0,-8,-18,-8,-18,1,1,1,594.29,422.77,594.29,422.77,0,0,0,0,0,0,1135500,1070083
38,313,68649835,67010208,23905,8173,87,8178,0,-8,-18,-8,-18,1,1,1,594.29,422.77,594.29,422.77,0,0,0,0,0,0,1149417,1066959
39,314,54568912,54986125,24497,8173,87,8178,0,-8,-18,-8,-18,1,1,1,594.29,422.77,594.29,422.77,0,0,0,0,0,0,891709,838625
40,315,53771961,53587167,24033,8173,87,8178,0,-6,-18,-6,-18,1,1,1,685.71,416.09,685.71,416.09,0,0,0,0,0,0,940167,871958
41,316,45778542,47448916,23969,8173,87,8178,0,-6,-18,-6,-18,1,1,1,685.71,416.09,685.71,416.09,0,0,0,0,0,0,896959,845500
42,317,44625837,44562167,23817,8173,87,8178,0,-6,-18,-6,-18,1,1,1,685.71,416.09,685.71,416.09,0,0,0,0,0,0,809917,756708
43,318,41144747,40092250,23869,8173,87,8178,0,-6,-18,-6,-18,1,1,1,685.71,416.09,685.71,416.09,0,0,0,0,0,0,766542,719666
44,319,42321372,43349875,23881,8173,87,8178,0,-5,-18,-5,-18,1,1,1,731.43,431,731.43,431,0,0,0,0,0,0,890083,833917
45,320,35581752,35660208,23905,8173,90,8178,0,-5,-18,-5,-18,1,1,1,731.43,431,731.43,431,0,0,0,0,0,0,704083,650417
46,321,35362374,34333875,23817,8174,88,8179,0,-5,-18,-5,-18,1,1,1,731.43,431,731.43,431,0,0,0,0,0,0,610666,571958
47,322,33346045,34342667,23881,8173,87,8178,0,-5,-18,-5,-18,1,1,1,731.43,431,731.43,431,0,0,0,0,0,0,596250,561875
48,323,34019954,33983542,23289,8173,87,8178,0,-4,-18,-4,-18,1,1,1,777.14,453.14,777.14,453.14,0,0,0,0,0,0,631833,593625
49,324,35335332,34246958,23341,8085,87,8090,0,-4,-18,-4,-18,1,1,1,777.14,453.14,777.14,453.14,0,0,0,0,0,0,548791,509375
50,325,37747751,38829083,26891,8085,87,8090,0,-4,-18,-4,-18,1,1,1,777.14,453.14,777.14,453.14,0,0,0,0,0,0,565792,535542
51,326,33192664,33187416,25967,8085,87,8090,0,-4,-18,-4,-18,1,1,1,777.14,453.14,777.14,453.14,0,0,0,0,0,0,640500,597250
52,327,34392792,32813625,23853,8085,87,8090,0,-3,-18,-3,-18,1,1,1,822.86,475.99,822.86,475.99,0,0,0,0,0,0,580041,550125
53,328,28375828,29948083,23569,8085,87,8090,0,-3,-18,-3,-18,1,1,1,822.86,475.99,822.86,475.99,0,0,0,0,0,0,518958,487042
54,329,30282583,30173583,23289,8085,87,8090,0,-3,-18,-3,-18,1,1,1,822.86,475.99,822.86,475.99,0,0,0,0,0,0,543959,516042
55,330,30431795,30493209,23377,8085,87,8090,0,-3,-18,-3,-18,1,1,1,822.86,475.99,822.86,475.99,0,0,0,0,0,0,526916,492875
56,331,31294662,30292000,23341,8085,87,8090,0,-2,-18,-2,-18,1,1,1,868.57,498.85,868.57,498.85,0,0,0,0,0,0,551792,521375
57,332,29183333,30158792,23353,8085,87,8090,0,-2,-18,-2,-18,1,1,1,868.57,498.85,868.57,498.85,0,0,0,0,0,0,504583,473583
58,333,30109332,30090208,23289,8085,87,8090,0,-2,-18,-2,-18,1,1,1,868.57,498.85,868.57,498.85,0,0,0,0,0,0,542208,514209
59,334,34490667,34414958,23289,8085,87,8090,0,-2,-18,-2,-18,1,1,1,868.57,498.85,868.57,498.85,0,0,0,0,0,0,632125,599500
60,335,33911585,32942458,23377,8085,90,8090,0,-1,-18,-1,-18,1,1,1,914.29,521.71,914.29,521.71,0,0,0,0,0,0,537541,511916
61,336,33123541,34115208,23353,8086,88,8091,0,-1,-18,-1,-18,1,1,1,914.29,521.71,914.29,521.71,0,0,0,0,0,0,555542,519750
62,337,35331539,35296042,23289,8085,87,8090,0,-1,-18,-1,-18,1,1,1,914.29,521.71,914.29,521.71,0,0,0,0,0,0,545708,512583
63,338,36897752,35839334,23341,8085,87,8090,0,-1,-18,-1,-18,1,1,1,914.29,521.71,914.29,521.71,0,0,0,0,0,0,851041,803708
64,339,37215121,38006917,23353,8085,87,8090,0,0,-18,0,-18,1,1,1,960,544.56,960,544.56,0,0,0,0,0,0,877625,830625
65,340,36871004,36990042,23377,8085,87,8090,0,0,-18,0,-18,1,1,1,960,544.56,960,544.56,0,0,0,0,0,0,583208,544500
66,341,39224036,38248375,23289,8085,87,8090,0,0,-18,0,-18,1,1,1,960,544.56,960,544.56,0,0,0,0,0,0,1043125,991125
67,342,40701296,40615041,23917,8085,87,8090,0,0,-18,0,-18,1,1,1,960,544.56,960,544.56,0,0,0,0,0,0,553667,524834
68,343,47056745,47792958,23505,8085,87,8090,0,1,-18,1,-18,1,1,1,1005.71,567.42,1005.71,567.42,0,0,0,0,0,0,626666,592834
69,344,63516251,61823209,23429,8085,87,8090,0,1,-18,1,-18,1,1,1,1005.71,567.42,1005.71,567.42,0,0,0,0,0,0,754125,711959
70,345,69751456,71516166,33790,8085,87,8090,0,1,-18,1,-18,1,1,1,1005.71,567.42,1005.71,567.42,0,0,0,0,0,0,970541,918208
71,346,79324506,77008584,23289,8085,87,8090,0,1,-18,1,-18,1,1,1,1005.71,567.42,1005.71,567.42,0,0,0,0,0,0,1062834,989625
72,347,67172661,69326541,23493,8085,90,8090,0,2,-18,2,-18,1,1,1,1051.43,590.28,1051.43,590.28,0,0,0,0,0,0,999958,946958
73,348,68718791,66674792,23289,8085,87,8090,0,2,-18,2,-18,1,1,1,1051.43,590.28,1051.43,590.28,0,0,0,0,0,0,943083,887542
74,349,57493127,59621167,23353,8085,87,8090,0,2,-18,2,-18,1,1,1,1051.43,590.28,1051.43,590.28,0,0,0,0,0,0,972542,903500
75,350,56200582,53982583,23941,8085,87,8090,0,2,-18,2,-18,1,1,1,1051.43,590.28,1051.43,590.28,0,0,0,0,0,0,1311709,1255791
76,351,44645916,46886042,23621,8086,88,8091,0,3,-18,3,-18,1,1,1,1097.14,613.14,1097.14,613.14,0,0,0,0,0,0,700750,661708
77,352,47422960,47441834,23289,8085,87,8090,0,3,-18,3,-18,1,1,1,1097.14,613.14,1097.14,613.14,0,0,0,0,0,0,946084,881916
78,353,49158666,47559792,23289,8085,87,8090,0,3,-18,3,-18,1,1,1,1097.14,613.14,1097.14,613.14,0,0,0,0,0,0,704459,668708
79,354,45751042,47196458,23441,8085,87,8090,0,3,-18,3,-18,1,1,1,1097.14,613.14,1097.14,613.14,0,0,0,0,0,0,714875,668625
80,355,60238122,58616750,23289,8085,87,8090,0,4,-18,4,-18,1,1,1,1142.86,635.99,1142.86,635.99,0,0,0,0,0,0,855792,797750
81,356,53798999,55271542,23405,8085,90,8090,0,4,-18,4,-18,1,1,1,1142.86,635.99,1142.86,635.99,0,0,0,0,0,0,874625,823000
82,357,55555004,54055167,23377,8085,87,8090,0,4,-18,4,-18,1,1,1,1142.86,635.99,1142.86,635.99,0,0,0,0,0,0,764875,721583
83,358,58058079,59683375,23353,8085,87,8090,0,4,-18,4,-18,1,1,1,1142.86,635.99,1142.86,635.99,0,0,0,0,0,0,806125,751042
84,359,63430249,60681542,24273,8085,87,8090,0,5,-18,5,-18,1,1,1,1188.57,662.98,1188.57,662.98,0,0,0,0,0,0,1388250,1290458
85,360,64867876,67564167,27579,8155,87,8160,0,5,-18,5,-18,1,1,1,1188.57,662.98,1188.57,662.98,0,0,0,0,0,0,941708,878250
86,361,55803876,54298208,26387,8155,87,8160,0,5,-18,5,-18,1,1,1,1188.57,662.98,1188.57,662.98,0,0,0,0,0,0,849042,794916
87,362,53742203,54770292,23773,8155,87,8160,0,5,-18,5,-18,1,1,1,1188.57,662.98,1188.57,662.98,0,0,0,0,0,0,1007291,958333
88,363,57423796,56392417,23797,8155,87,8160,0,6,-18,6,-18,1,1,1,1234.29,696.59,1234.29,696.59,0,0,0,0,0,0,1108125,1040417
89,364,65050080,66408542,23825,8155,87,8160,0,6,-18,6,-18,1,1,1,1234.29,696.59,1234.29,696.59,0,0,0,0,0,0,1264708,1188000
90,365,54775666,53290292,23709,8155,90,8160,0,6,-18,6,-18,1,1,1,1234.29,696.59,1234.29,696.59,0,0,0,0,0,0,852000,798667
91,366,50424505,51943041,23861,8156,88,8161,0,6,-18,6,-18,1,1,1,1234.29,696.59,1234.29,696.59,0,0,0,0,0,0,868167,821416
92,367,45210041,45229583,23709,8155,87,8160,0,7,-18,7,-18,1,1,1,1280,736.66,1280,736.66,0,0,0,0,0,0,881333,818709
93,368,42993996,41114416,24325,8155,87,8160,0,7,-18,7,-18,1,1,1,1280,736.66,1280,736.66,0,0,0,0,0,0,774167,732417
94,369,35170499,37036709,23989,8155,87,8160,0,7,-18,7,-18,1,1,1,1280,736.66,1280,736.66,0,0,0,0,0,0,693375,650625
95,370,34233547,34261791,23797,8155,87,8160,0,7,-18,7,-18,1,1,1,1280,736.66,1280,736.66,0,0,0,0,0,0,608833,575958
96,371,35122122,34156792,23709,8155,87,8160,0,8,-18,8,-18,1,1,1,1325.71,772.98,1325.71,772.98,0,0,0,0,0,0,591084,550833
97,372,33121705,34063833,23773,8155,87,8160,0,8,-18,8,-18,1,1,1,1325.71,772.98,1325.71,772.98,0,0,0,0,0,0,577166,545500
98,373,34209169,34201917,23709,8155,87,8160,0,8,-18,8,-18,1,1,1,1325.71,772.98,1325.71,772.98,0,0,0,0,0,0,589375,552250
99,374,34703664,33642333,23761,8155,87,8160,0,8,-18,8,-18,1,1,1,1325.71,772.98,1325.71,772.98,0,0,0,0,0,0,591875,559792
100,375,36605376,37643333,23861,8155,87,8160,0,9,-18,9,-18,1,1,1,1371.43,801.36,1371.43,801.36,0,0,0,0,0,0,709916,671666
101,376,33458419,33432667,23709,8155,90,8160,0,9,-18,9,-18,1,1,1,1371.43,801.36,1371.43,801.36,0,0,0,0,0,0,594792,563333
102,377,34485537,33480583,23709,8155,87,8160,0,9,-18,9,-18,1,1,1,1371.43,801.36,1371.43,801.36,0,0,0,0,0,0,620459,579542
103,378,32262336,33239583,23773,8155,87,8160,0,9,-18,9,-18,1,1,1,1371.43,801.36,1371.43,801.36,0,0,0,0,0,0,579875,548000
104,379,32967496,32898708,23709,8155,87,8160,0,10,-18,10,-18,1,1,1,1417.14,823.72,1417.14,823.72,0,0,0,0,0,0,619709,582583
105,380,35117127,34156625,23849,8155,87,8160,0,10,-18,10,-18,1,1,1,1417.14,823.72,1417.14,823.72,0,0,0,0,0,0,542750,512583
106,381,33464089,34482042,23773,8156,88,8161,0,10,-18,10,-18,1,1,1,1417.14,823.72,1417.14,823.72,0,0,0,0,0,0,562041,526583
107,382,35395372,35331709,23709,8155,87,8160,0,10,-18,10,-18,1,1,1,1417.14,823.72,1417.14,823.72,0,0,0,0,0,0,586208,553084
108,383,39510041,37564542,24273,8155,87,8160,0,11,-18,11,-18,1,1,1,1462.86,845.83,1462.86,845.83,0,0,0,0,0,0,689208,648083
109,384,36645039,38506084,23989,8155,87,8160,0,11,-18,11,-18,1,1,1,1462.86,845.83,1462.86,845.83,0,0,0,0,0,0,860292,809250
110,385,36476545,36527292,23797,8155,87,8160,0,11,-18,11,-18,1,1,1,1462.86,845.83,1462.86,845.83,0,0,0,0,0,0,626458,574375
111,386,37226665,36111167,23761,8155,87,8160,0,11,-18,11,-18,1,1,1,1462.86,845.83,1462.86,845.83,0,0,0,0,0,0,610500,577958
112,387,39294622,40349250,23773,8155,87,8160,0,12,-18,12,-18,1,1,1,1508.57,868.27,1508.57,868.27,0,0,0,0,0,0,649125,594375
113,388,43732963,43608625,23709,8155,87,8160,0,12,-18,12,-18,1,1,1,1508.57,868.27,1508.57,868.27,0,0,0,0,0,0,690917,654917
114,389,59015080,57199625,23797,8155,87,8160,0,12,-18,12,-18,1,1,1,1508.57,868.27,1508.57,868.27,0,0,0,0,0,0,901375,844458
115,390,65022207,66409917,23773,8155,90,8160,0,12,-18,12,-18,1,1,1,1508.57,868.27,1508.57,868.27,0,0,0,0,0,0,1031334,968542
116,391,69492459,66995292,23761,8155,87,8160,0,13,-18,13,-18,1,1,1,1554.29,892.25,1554.29,892.25,0,0,0,0,0,0,1022250,956250
117,392,65297335,67993917,23861,8155,87,8160,0,13,-18,13,-18,1,1,1,1554.29,892.25,1554.29,892.25,0,0,0,0,0,0,1102250,1039666
118,393,73465995,69898833,24273,8155,87,8160,0,13,-18,13,-18,1,1,1,1554.29,892.25,1554.29,892.25,0,0,0,0,0,0,1073959,1003042
119,394,63801705,67237292,24041,8155,87,8160,0,13,-18,13,-18,1,1,1,1554.29,892.25,1554.29,892.25,0,0,0,0,0,0,1145166,1085584
120,395,60683675,59343875,23797,8155,87,8160,0,14,-18,14,-18,1,1,1,1600,918.02,1600,918.02,0,0,0,0,0,0,1149209,1074750
121,396,54944373,56404583,23773,8156,88,8161,0,14,-18,14,-18,1,1,1,1600,918.02,1600,918.02,0,0,0,0,0,0,982125,928958
122,397,61054706,59143250,23709,8155,87,8160,0,14,-18,14,-18,1,1,1,1600,918.02,1600,918.02,0,0,0,0,0,0,1519708,1410708
123,398,54121002,55955208,23913,8155,90,8160,0,14,-18,14,-18,1,1,1,1600,918.02,1600,918.02,0,0,0,0,0,0,836917,786583
124,399,54509870,52888917,23709,8155,87,8160,0,15,-18,15,-18,1,1,1,1645.71,944.98,1645.71,944.98,0,0,0,0,0,0,862542,806500
125,400,52817836,54069917,23773,8155,87,8160,0,15,-18,15,-18,1,1,1,1645.71,944.98,1645.71,944.98,0,0,0,0,0,0,855916,806459
126,401,57947710,55256917,24361,8155,87,8160,0,15,-18,15,-18,1,1,1,1645.71,944.98,1645.71,944.98,0,0,0,0,0,0,925500,868417
127,402,51864914,54791750,24041,8155,87,8160,0,15,-18,15,-18,1,1,1,1645.71,944.98,1645.71,944.98,0,0,0,0,0,0,851125,803083
128,403,57447746,55935250,23709,8155,87,8160,0,16,-18,16,-18,1,1,1,1691.43,972.01,1691.43,972.01,0,0,0,0,0,0,901459,840875
129,404,49492835,51080625,23861,8155,87,8160,0,16,-18,16,-18,1,1,1,1691.43,972.01,1691.43,972.01,0,0,0,0,0,0,900583,850583
130,405,44376622,44374041,23709,8155,87,8160,0,16,-18,16,-18,1,1,1,1691.43,972.01,1691.43,972.01,0,0,0,0,0,0,743500,692334
131,406,48266753,47013750,23761,8155,87,8160,0,16,-18,16,-18,1,1,1,1691.43,972.01,1691.43,972.01,0,0,0,0,0,0,745125,700833
132,407,42200706,43355625,23773,8155,90,8160,0,15,-18,15,-18,1,1,1,1645.71,944.98,1645.71,944.98,0,0,0,0,0,0,757083,713041
133,408,38799036,38874875,23797,8155,87,8160,0,15,-18,15,-18,1,1,1,1645.71,944.98,1645.71,944.98,0,0,0,0,0,0,654209,617542
134,409,39170045,38052375,23709,8155,87,8160,0,15,-18,15,-18,1,1,1,1645.71,944.98,1645.71,944.98,0,0,0,0,0,0,653041,612833
135,410,35716410,36801542,23773,8155,87,8160,0,15,-18,15,-18,1,1,1,1645.71,944.98,1645.71,944.98,0,0,0,0,0,0,754083,716875
136,411,33952500,33981333,23761,8156,88,8161,0,14,-18,14,-18,1,1,1,1600,918.02,1600,918.02,0,0,0,0,0,0,618458,580292
137,412,34458171,33367500,23709,8155,87,8160,0,14,-18,14,-18,1,1,1,1600,918.02,1600,918.02,0,0,0,0,0,0,630667,596666
138,413,33223453,33262209,24425,8155,87,8160,0,14,-18,14,-18,1,1,1,1600,918.02,1600,918.02,0,0,0,0,0,0,609459,572334
139,414,32790753,33785000,23925,8155,87,8160,0,14,-18,14,-18,1,1,1,1600,918.02,1600,918.02,0,0,0,0,0,0,610458,578375
140,415,34768331,33770750,23709,8155,87,8160,0,13,-18,13,-18,1,1,1,1554.29,892.25,1554.29,892.25,0,0,0,0,0,0,630792,594708
141,416,32537337,33478667,23773,8155,87,8160,0,13,-18,13,-18,1,1,1,1554.29,892.25,1554.29,892.25,0,0,0,0,0,0,612000,579792
142,417,33659495,33616625,23761,8155,87,8160,0,13,-18,13,-18,1,1,1,1554.29,892.25,1554.29,892.25,0,0,0,0,0,0,609166,570667
143,418,34518085,33546208,23797,8155,87,8160,0,13,-18,13,-18,1,1,1,1554.29,892.25,1554.29,892.25,0,0,0,0,0,0,601958,568417
144,419,32595295,33576041,23773,8155,87,8160,0,12,-18,12,-18,1,1,1,1508.57,868.27,1508.57,868.27,0,0,0,0,0,0,588667,547042
145,420,36171618,36181792,23709,8155,87,8160,0,12,-18,12,-18,1,1,1,1508.57,868.27,1508.57,868.27,0,0,0,0,0,0,708792,672416
146,421,31441461,30507250,23709,8155,90,8160,0,12,-18,12,-18,1,1,1,1508.57,868.27,1508.57,868.27,0,0,0,0,0,0,553083,516500
147,422,29525581,30357625,23773,8155,87,8160,0,12,-18,12,-18,1,1,1,1508.57,868.27,1508.57,868.27,0,0,0,0,0,0,552042,519000
148,423,29850127,29896291,23797,8155,87,8160,0,11,-18,11,-18,1,1,1,1462.86,845.83,1462.86,845.83,0,0,0,0,0,0,580167,541375
149,424,31763873,31749791,23761,8155,87,8160,0,11,-18,11,-18,1,1,1,1462.86,845.83,1462.86,845.83,0,0,0,0,0,0,599083,569125
150,425,32978374,32055791,23709,8155,87,8160,0,11,-18,11,-18,1,1,1,1462.86,845.83,1462.86,845.83,0,0,0,0,0,0,571583,535958
151,426,32192211,33054000,23773,8156,88,8161,0,11,-18,11,-18,1,1,1,1462.86,845.83,1462.86,845.83,0,0,0,0,0,0,635292,602166
152,427,34134496,34095750,23709,8155,87,8160,0,10,-18,10,-18,1,1,1,1417.14,823.72,1417.14,823.72,0,0,0,0,0,0,605334,565375
153,428,35317543,33629084,24361,8155,87,8160,0,10,-18,10,-18,1,1,1,1417.14,823.72,1417.14,823.72,0,0,0,0,0,0,600375,568375
154,429,31516872,33217333,23989,8155,87,8160,0,10,-18,10,-18,1,1,1,1417.14,823.72,1417.14,823.72,0,0,0,0,0,0,624250,583959
155,430,34739874,34692208,23709,8155,87,8160,0,10,-18,10,-18,1,1,1,1417.14,823.72,1417.14,823.72,0,0,0,0,0,0,588709,555875
156,431,36719791,35738875,23761,8155,87,8160,0,9,-18,9,-18,1,1,1,1371.43,801.36,1371.43,801.36,0,0,0,0,0,0,606791,567292
157,432,34801501,35679125,23773,8155,87,8160,0,9,-18,9,-18,1,1,1,1371.43,801.36,1371.43,801.36,0,0,0,0,0,0,582584,549208
158,433,36116164,36145875,23797,8155,87,8160,0,9,-18,9,-18,1,1,1,1371.43,801.36,1371.43,801.36,0,0,0,0,0,0,689417,645959
159,434,37255797,36261459,23709,8153,87,8158,0,9,-18,9,-18,1,1,1,1371.43,801.36,1371.43,801.36,0,0,0,0,0,0,615834,582792
160,435,38521703,39533042,23773,8155,87,8160,0,8,-18,8,-18,1,1,1,1325.71,772.98,1325.71,772.98,0,0,0,0,0,0,718084,673500
161,436,38787961,38662084,23709,8155,90,8160,0,8,-18,8,-18,1,1,1,1325.71,772.98,1325.71,772.98,0,0,0,0,0,0,587375,555250
162,437,45052457,43636167,23849,8155,87,8160,0,8,-18,8,-18,1,1,1,1325.71,772.98,1325.71,772.98,0,0,0,0,0,0,693916,651833
163,438,49115166,50417750,23773,8155,87,8160,0,8,-18,8,-18,1,1,1,1325.71,772.98,1325.71,772.98,0,0,0,0,0,0,759833,714958
164,439,68987794,66969333,23709,8155,87,8160,0,7,-18,7,-18,1,1,1,1280,736.66,1280,736.66,0,0,0,0,0,0,1421416,1354917
165,440,75370714,74918583,24425,8155,87,8160,0,7,-18,7,-18,1,1,1,1280,736.66,1280,736.66,0,0,0,0,0,0,1215792,1141167
166,441,75320832,75854209,23977,8156,88,8161,0,7,-18,7,-18,1,1,1,1280,736.66,1280,736.66,0,0,0,0,0,0,960500,902083
167,442,65676577,67502041,23861,8155,87,8160,0,7,-18,7,-18,1,1,1,1280,736.66,1280,736.66,0,0,0,0,0,0,1281458,1206042
168,443,69985128,67684875,23709,8155,87,8160,0,6,-18,6,-18,1,1,1,1234.29,696.59,1234.29,696.59,0,0,0,0,0,0,1135167,1059542
169,444,60083709,62333125,23825,8155,87,8160,0,6,-18,6,-18,1,1,1,1234.29,696.59,1234.29,696.59,0,0,0,0,0,0,1075917,1015750
170,445,54270543,53069042,23797,8155,90,8160,0,6,-18,6,-18,1,1,1,1234.29,696.59,1234.29,696.59,0,0,0,0,0,0,883125,825458
171,446,44753994,46065208,23773,8155,87,8160,0,6,-18,6,-18,1,1,1,1234.29,696.59,1234.29,696.59,0,0,0,0,0,0,757584,717416
172,447,46748917,46677208,23709,8155,87,8160,0,5,-18,5,-18,1,1,1,1188.57,662.98,1188.57,662.98,0,0,0,0,0,0,748166,699208
173,448,46744380,44747125,24325,8155,87,8160,0,5,-18,5,-18,1,1,1,1188.57,662.98,1188.57,662.98,0,0,0,0,0,0,716917,677250
174,449,40697500,42718958,24077,8155,87,8160,0,5,-18,5,-18,1,1,1,1188.57,662.98,1188.57,662.98,0,0,0,0,0,0,776833,730084
175,450,41944790,41829958,23709,8155,87,8160,0,5,-18,5,-18,1,1,1,1188.57,662.98,1188.57,662.98,0,0,0,0,0,0,674334,640375
176,451,44607914,43327000,23289,8155,87,8160,0,4,-18,4,-18,1,1,1,1142.86,635.99,1142.86,635.99,0,0,0,0,0,0,659500,624959
177,452,44447831,45463750,23353,8085,87,8090,0,4,-18,4,-18,1,1,1,1142.86,635.99,1142.86,635.99,0,0,0,0,0,0,661959,624750
178,453,50680462,50854791,26879,8085,87,8090,0,4,-18,4,-18,1,1,1,1142.86,635.99,1142.86,635.99,0,0,0,0,0,0,686250,643417
179,454,50547037,49441625,25967,8085,87,8090,0,4,-18,4,-18,1,1,1,1142.86,635.99,1142.86,635.99,0,0,0,0,0,0,665500,628042
180,455,43228995,44373375,23353,8085,90,8090,0,3,-18,3,-18,1,1,1,1097.14,613.14,1097.14,613.14,0,0,0,0,0,0,684709,639041
181,456,45420251,45292292,23289,8086,88,8091,0,3,-18,3,-18,1,1,1,1097.14,613.14,1097.14,613.14,0,0,0,0,0,0,720917,678083
182,457,47122832,45741417,23377,8085,87,8090,0,3,-18,3,-18,1,1,1,1097.14,613.14,1097.14,613.14,0,0,0,0,0,0,665250,627458
183,458,43290212,44750583,23405,8085,87,8090,0,3,-18,3,-18,1,1,1,1097.14,613.14,1097.14,613.14,0,0,0,0,0,0,652125,616167
184,459,46014953,44449542,23853,8085,87,8090,0,2,-18,2,-18,1,1,1,1051.43,590.28,1051.43,590.28,0,0,0,0,0,0,712333,670125
185,460,43305668,43545833,23505,8085,87,8090,0,2,-18,2,-18,1,1,1,1051.43,590.28,1051.43,590.28,0,0,0,0,0,0,677542,640584
186,461,42152125,43384375,23441,8085,87,8090,0,2,-18,2,-18,1,1,1,1051.43,590.28,1051.43,590.28,0,0,0,0,0,0,693750,658667
187,462,43002791,43005958,23289,8085,87,8090,0,2,-18,2,-18,1,1,1,1051.43,590.28,1051.43,590.28,0,0,0,0,0,0,695000,652167
188,463,41010372,39943417,23341,8085,87,8090,0,1,-18,1,-18,1,1,1,1005.71,567.42,1005.71,567.42,0,0,0,0,0,0,678667,641708
189,464,36481376,37511167,23353,8085,87,8090,0,1,-18,1,-18,1,1,1,1005.71,567.42,1005.71,567.42,0,0,0,0,0,0,617916,585625
190,465,39125453,39153708,23627,8085,87,8090,0,1,-18,1,-18,1,1,1,1005.71,567.42,1005.71,567.42,0,0,0,0,0,0,675791,637417
191,466,34803088,33790125,23289,8085,90,8090,0,1,-18,1,-18,1,1,1,1005.71,567.42,1005.71,567.42,0,0,0,0,0,0,544709,516500
192,467,32545994,33542208,23353,8085,87,8090,0,0,-18,0,-18,1,1,1,960,544.56,960,544.56,0,0,0,0,0,0,725833,698125
193,468,33395670,33381834,23289,8085,87,8090,0,0,-18,0,-18,1,1,1,960,544.56,960,544.56,0,0,0,0,0,0,558625,524625
194,469,34231625,33181417,23341,8085,87,8090,0,0,-18,0,-18,1,1,1,960,544.56,960,544.56,0,0,0,0,0,0,592167,563333
195,470,32569494,33610125,23441,8085,87,8090,0,0,-18,0,-18,1,1,1,960,544.56,960,544.56,0,0,0,0,0,0,625750,592292
196,471,33523250,33494250,23289,8086,88,8091,0,-1,-18,-1,-18,1,1,1,914.29,521.71,914.29,521.71,0,0,0,0,0,0,572791,536417
197,472,34595627,33591417,23289,8085,87,8090,0,-1,-18,-1,-18,1,1,1,914.29,521.71,914.29,521.71,0,0,0,0,0,0,556875,521958
198,473,34371208,34296167,23917,8085,87,8090,0,-1,-18,-1,-18,1,1,1,914.29,521.71,914.29,521.71,0,0,0,0,0,0,539958,512250
199,474,34864787,35671708,23505,8085,87,8090,0,-1,-18,-1,-18,1,1,1,914.29,521.71,914.29,521.71,0,0,0,0,0,0,576666,543292
200,475,36602586,35523917,23429,8085,87,8090,0,-2,-18,-2,-18,1,1,1,868.57,498.85,868.57,498.85,0,0,0,0,0,0,705042,666875
201,476,33672079,34889333,23353,8085,87,8090,0,-2,-18,-2,-18,1,1,1,868.57,498.85,868.57,498.85,0,0,0,0,0,0,536708,507666
202,477,34337379,34233084,23289,8085,87,8090,0,-2,-18,-2,-18,1,1,1,868.57,498.85,868.57,498.85,0,0,0,0,0,0,556833,519375
203,478,37583120,36500958,23289,8085,87,8090,0,-2,-18,-2,-18,1,1,1,868.57,498.85,868.57,498.85,0,0,0,0,0,0,675875,641209
204,479,39382580,40463125,23353,8085,87,8090,0,-3,-18,-3,-18,1,1,1,822.86,475.99,822.86,475.99,0,0,0,0,0,0,668750,634500
205,480,35909127,35883459,23377,8085,90,8090,0,-3,-18,-3,-18,1,1,1,822.86,475.99,822.86,475.99,0,0,0,0,0,0,741959,697375
206,481,39008460,37754875,23341,8085,87,8090,0,-3,-18,-3,-18,1,1,1,822.86,475.99,822.86,475.99,0,0,0,0,0,0,742417,696000
207,482,39439830,40298750,23353,8085,87,8090,0,-3,-18,-3,-18,1,1,1,822.86,475.99,822.86,475.99,0,0,0,0,0,0,622709,589875
208,483,48117622,48201167,24047,8085,87,8090,0,-4,-18,-4,-18,1,1,1,777.14,453.14,777.14,453.14,0,0,0,0,0,0,657792,609167
209,484,62474377,60867416,23377,8085,87,8090,0,-4,-18,-4,-18,1,1,1,777.14,453.14,777.14,453.14,0,0,0,0,0,0,770666,714042
210,485,65816663,65499250,23917,8085,87,8090,0,-4,-18,-4,-18,1,1,1,777.14,453.14,777.14,453.14,0,0,0,0,0,0,964250,905750
211,486,68114332,68179959,23557,8086,88,8091,0,-4,-18,-4,-18,1,1,1,777.14,453.14,777.14,453.14,0,0,0,0,0,0,964000,895333
212,487,67814670,69588625,23969,8085,87,8090,0,-5,-18,-5,-18,1,1,1,731.43,431,731.43,431,0,0,0,0,0,0,1349458,1275375
213,488,70153079,68435041,23817,8173,87,8178,0,-5,-18,-5,-18,1,1,1,731.43,431,731.43,431,0,0,0,0,0,0,1036709,973209
214,489,68024203,69708042,23933,8173,87,8178,0,-5,-18,-5,-18,1,1,1,731.43,431,731.43,431,0,0,0,0,0,0,1143125,1067042
215,490,63583374,62319625,27355,8173,90,8178,0,-5,-18,-5,-18,1,1,1,731.43,431,731.43,431,0,0,0,0,0,0,982917,925375
216,491,47935288,49367500,26559,8173,87,8178,0,-6,-18,-6,-18,1,1,1,685.71,416.09,685.71,416.09,0,0,0,0,0,0,822958,770292
217,492,45974042,45880625,23817,8173,87,8178,0,-6,-18,-6,-18,1,1,1,685.71,416.09,685.71,416.09,0,0,0,0,0,0,783167,738959
218,493,49211662,46758625,24521,8173,87,8178,0,-6,-18,-6,-18,1,1,1,685.71,416.09,685.71,416.09,0,0,0,0,0,0,758709,704792
219,494,43661877,46083917,24097,8173,87,8178,0,-6,-18,-6,-18,1,1,1,685.71,416.09,685.71,416.09,0,0,0,0,0,0,1012375,954041
220,495,43756581,43788833,23817,8173,87,8178,0,-8,-18,-8,-18,1,1,1,594.29,422.77,594.29,422.77,0,0,0,0,0,0,732000,682333
221,496,45838583,44432375,23817,8173,87,8178,0,-8,-18,-8,-18,1,1,1,594.29,422.77,594.29,422.77,0,0,0,0,0,0,802500,755000
222,497,44899504,46291500,23969,8173,87,8178,0,-8,-18,-8,-18,1,1,1,594.29,422.77,594.29,422.77,0,0,0,0,0,0,1155125,1073375
223,498,44555455,44519542,23869,8173,87,8178,0,-8,-18,-8,-18,1,1,1,594.29,422.77,594.29,422.77,0,0,0,0,0,0,731042,687875
224,499,50724785,49524334,23817,8173,87,8178,0,-9,-18,-9,-18,1,1,1,548.57,418.39,548.57,418.39,0,0,0,0,0,0,1327292,1253917
225,500,46070501,47202750,23881,8173,90,8178,0,-9,-18,-9,-18,1,1,1,548.57,418.39,548.57,418.39,0,0,0,0,0,0,755416,712125
226,501,44403713,44399958,23905,8174,88,8179,0,-9,-18,-9,-18,1,1,1,548.57,418.39,548.57,418.39,0,0,0,0,0,0,769250,719125
227,502,46716332,45521708,23817,8173,87,8178,0,-9,-18,-9,-18,1,1,1,548.57,418.39,548.57,418.39,0,0,0,0,0,0,784125,737583
228,503,43765336,44957625,23933,8173,87,8178,0,-10,-18,-10,-18,1,1,1,502.86,399.44,502.86,399.44,0,0,0,0,0,0,748292,693584
229,504,45328494,43977708,24381,8173,87,8178,0,-10,-18,-10,-18,1,1,1,502.86,399.44,502.86,399.44,0,0,0,0,0,0,746875,703667
230,505,40000878,40282708,24121,8173,87,8178,0,-10,-18,-10,-18,1,1,1,502.86,399.44,502.86,399.44,0,0,0,0,0,0,751459,699250
231,506,37280876,38325458,23881,8173,87,8178,0,-10,-18,-10,-18,1,1,1,502.86,399.44,502.86,399.44,0,0,0,0,0,0,652750,615375
232,507,38010373,37960292,23817,8173,87,8178,0,-11,-18,-11,-18,1,1,1,457.14,380.06,457.14,380.06,0,0,0,0,0,0,706083,640084
233,508,41390538,40292166,23869,8173,87,8178,0,-11,-18,-11,-18,1,1,1,457.14,380.06,457.14,380.06,0,0,0,0,0,0,765958,724584
234,509,39190668,40301625,23969,8173,87,8178,0,-11,-18,-11,-18,1,1,1,457.14,380.06,457.14,380.06,0,0,0,0,0,0,679542,631459
235,510,43513208,43211375,23817,8173,87,8178,0,-11,-18,-11,-18,1,1,1,457.14,380.06,457.14,380.06,0,0,0,0,0,0,730459,690917
236,511,40494587,39638000,23817,8173,90,8178,0,-12,-18,-12,-18,1,1,1,411.43,359.32,411.43,359.32,0,0,0,0,0,0,656708,610417
237,512,40209870,41166375,23881,8173,87,8178,0,-12,-18,-12,-18,1,1,1,411.43,359.32,411.43,359.32,0,0,0,0,0,0,710417,670417
238,513,41674334,41753125,23957,8173,87,8178,0,-12,-18,-12,-18,1,1,1,411.43,359.32,411.43,359.32,0,0,0,0,0,0,664042,617625
239,514,47256208,46010333,23817,8173,87,8178,0,-12,-18,-12,-18,1,1,1,411.43,359.32,411.43,359.32,0,0,0,0,0,0,893625,832041
240,515,45425921,46622166,23881,8173,87,8178,0,-13,-18,-13,-18,1,1,1,365.71,336.6,365.71,336.6,0,0,0,0,0,0,1394250,1320542
241,516,54511126,52939083,24381,8174,88,8179,0,-13,-18,-13,-18,1,1,1,365.71,336.6,365.71,336.6,0,0,0,0,0,0,764375,722250
242,517,55285457,55177334,24121,8173,87,8178,0,-13,-18,-13,-18,1,1,1,365.71,336.6,365.71,336.6,0,0,0,0,0,0,1380958,1298958
243,518,53622242,54925292,23933,8173,87,8178,0,-13,-18,-13,-18,1,1,1,365.71,336.6,365.71,336.6,0,0,0,0,0,0,1065166,1012875
244,519,65891042,64090125,23817,8173,87,8178,0,-14,-18,-14,-18,1,1,1,320,311.82,320,311.82,0,0,0,0,0,0,1359625,1279583
245,520,59679798,61652750,23969,8173,87,8178,0,-14,-18,-14,-18,1,1,1,320,311.82,320,311.82,0,0,0,0,0,0,1018042,956167
246,521,64317829,62636917,23817,8173,87,8178,0,-14,-18,-14,-18,1,1,1,320,311.82,320,311.82,0,0,0,0,0,0,1403167,1335708
247,522,54161705,55421833,23933,8173,90,8178,0,-14,-18,-14,-18,1,1,1,320,311.82,320,311.82,0,0,0,0,0,0,1172666,1122292
248,523,57929463,56524000,23905,8173,87,8178,0,-15,-18,-15,-18,1,1,1,274.29,285.43,274.29,285.43,0,0,0,0,0,0,1135000,1067334
249,524,52785914,54513291,23881,8173,87,8178,0,-15,-18,-15,-18,1,1,1,274.29,285.43,274.29,285.43,0,0,0,0,0,0,996917,907125
250,525,58886628,55597333,24381,8173,87,8178,0,-15,-18,-15,-18,1,1,1,274.29,285.43,274.29,285.43,0,0,0,0,0,0,901000,819833
251,526,50769664,54017875,24237,8173,87,8178,0,-15,-18,-15,-18,1,1,1,274.29,285.43,274.29,285.43,0,0,0,0,0,0,1016792,911292
252,527,55046543,53546625,23817,8173,87,8178,0,-16,-18,-16,-18,1,1,1,228.57,258.09,228.57,258.09,0,0,0,0,0,0,775666,704084
253,528,52475538,53777875,23881,8173,87,8178,0,-16,-18,-16,-18,1,1,1,228.57,258.09,228.57,258.09,0,0,0,0,0,0,957917,875250
254,529,62476254,60828125,23905,8173,87,8178,0,-16,-18,-16,-18,1,1,1,228.57,258.09,228.57,258.09,0,0,0,0,0,0,935500,854875
255,530,56084580,57799041,23933,8173,90,8178,0,-16,-18,-16,-18,1,1,1,228.57,258.09,228.57,258.09,0,0,0,0,0,0,1012250,925417
256,531,56962080,54739208,23817,8174,88,8179,0,-17,-18,-17,-18,1,1,1,182.86,230.19,182.86,230.19,0,0,0,0,0,0,1512917,1366042
257,532,66361710,68433333,23969,8173,87,8178,0,-17,-18,-17,-18,1,1,1,182.86,230.19,182.86,230.19,0,0,0,0,0,0,1085583,992958
258,533,64543165,61653916,26501,8173,87,8178,0,-17,-18,-17,-18,1,1,1,182.86,230.19,182.86,230.19,0,0,0,0,0,0,1125542,1026584
259,534,50241418,53145500,24149,8173,87,8178,0,-17,-18,-17,-18,1,1,1,182.86,230.19,182.86,230.19,0,0,0,0,0,0,962042,887417
260,535,48993330,47756125,23905,8173,87,8178,0,-16,-18,-16,-18,1,1,1,228.57,258.09,228.57,258.09,0,0,0,0,0,0,938000,858833
261,536,41791878,43146792,23881,8173,87,8178,0,-16,-18,-16,-18,1,1,1,228.57,258.09,228.57,258.09,0,0,0,0,0,0,774334,711833
262,537,38374625,38380792,23817,8173,87,8178,0,-16,-18,-16,-18,1,1,1,228.57,258.09,228.57,258.09,0,0,0,0,0,0,705125,642917
263,538,36659415,35566042,23817,8173,87,8178,0,-16,-18,-16,-18,1,1,1,228.57,258.09,228.57,258.09,0,0,0,0,0,0,676791,620750
264,539,37242956,38322041,24021,8173,87,8178,0,-15,-18,-15,-18,1,1,1,274.29,285.43,274.29,285.43,0,0,0,0,0,0,732125,657541
265,540,33736329,33689792,23817,8173,90,8178,0,-15,-18,-15,-18,1,1,1,274.29,285.43,274.29,285.43,0,0,0,0,0,0,625834,568208
266,541,34845747,33758458,23817,8173,87,8178,0,-15,-18,-15,-18,1,1,1,274.29,285.43,274.29,285.43,0,0,0,0,0,0,655042,589958
267,542,33114377,34159750,23881,8173,87,8178,0,-15,-18,-15,-18,1,1,1,274.29,285.43,274.29,285.43,0,0,0,0,0,0,604791,552041
268,543,33475581,33440791,23817,8173,87,8178,0,-14,-18,-14,-18,1,1,1,320,311.82,320,311.82,0,0,0,0,0,0,635791,579417
269,544,34891545,33871708,23905,8173,87,8178,0,-14,-18,-14,-18,1,1,1,320,311.82,320,311.82,0,0,0,0,0,0,649875,616833
270,545,32870210,33910583,23933,8173,87,8178,0,-14,-18,-14,-18,1,1,1,320,311.82,320,311.82,0,0,0,0,0,0,594084,557625
271,546,34714456,33658250,24381,8174,88,8179,0,-14,-18,-14,-18,1,1,1,320,311.82,320,311.82,0,0,0,0,0,0,635208,601250
272,547,33567126,33602375,24033,8173,87,8178,0,-13,-18,-13,-18,1,1,1,365.71,336.6,365.71,336.6,0,0,0,0,0,0,625500,587166
273,548,32903414,33829500,23881,8173,87,8178,0,-13,-18,-13,-18,1,1,1,365.71,336.6,365.71,336.6,0,0,0,0,0,0,600250,566125
274,549,31424455,31467042,23905,8173,87,8178,0,-13,-18,-13,-18,1,1,1,365.71,336.6,365.71,336.6,0,0,0,0,0,0,587541,549709
275,550,31789205,31748125,23817,8173,87,8178,0,-13,-18,-13,-18,1,1,1,365.71,336.6,365.71,336.6,0,0,0,0,0,0,581084,550584
276,551,32401587,31482667,23817,8173,87,8178,0,-12,-18,-12,-18,1,1,1,411.43,359.32,411.43,359.32,0,0,0,0,0,0,574917,536833
277,552,31602457,32505375,23933,8173,87,8178,0,-12,-18,-12,-18,1,1,1,411.43,359.32,411.43,359.32,0,0,0,0,0,0,611917,577750
278,553,35895664,35720959,23817,8173,87,8178,0,-12,-18,-12,-18,1,1,1,411.43,359.32,411.43,359.32,0,0,0,0,0,0,580625,541125
279,554,40186960,39317417,23905,8173,87,8178,0,-12,-18,-12,-18,1,1,1,411.43,359.32,411.43,359.32,0,0,0,0,0,0,715583,679500
280,555,34773666,35617250,23881,8173,90,8178,0,-11,-18,-11,-18,1,1,1,457.14,380.06,457.14,380.06,0,0,0,0,0,0,638667,594041
281,556,36204285,36321916,23817,8173,87,8178,0,-11,-18,-11,-18,1,1,1,457.14,380.06,457.14,380.06,0,0,0,0,0,0,697250,656709
282,557,36712501,35712625,23817,8173,87,8178,0,-11,-18,-11,-18,1,1,1,457.14,380.06,457.14,380.06,0,0,0,0,0,0,622083,583125
283,558,35999793,36833042,23933,8173,87,8178,0,-11,-18,-11,-18,1,1,1,457.14,380.06,457.14,380.06,0,0,0,0,0,0,815875,773625
284,559,37628501,37741083,23905,8173,87,8178,0,-10,-18,-10,-18,1,1,1,502.86,399.44,502.86,399.44,0,0,0,0,0,0,630041,584041
285,560,45220501,43863125,23817,8173,87,8178,0,-10,-18,-10,-18,1,1,1,502.86,399.44,502.86,399.44,0,0,0,0,0,0,658792,620416
286,561,51673166,51389625,24445,8174,88,8179,0,-10,-18,-10,-18,1,1,1,502.86,399.44,502.86,399.44,0,0,0,0,0,0,783625,730666
287,562,64763382,64278208,24033,8173,87,8178,0,-10,-18,-10,-18,1,1,1,502.86,399.44,502.86,399.44,0,0,0,0,0,0,1014709,950916
288,563,65360203,67195167,24021,8173,87,8178,0,-9,-18,-9,-18,1,1,1,548.57,418.39,548.57,418.39,0,0,0,0,0,0,1016000,943250
289,564,69957248,67942417,23817,8173,87,8178,0,-9,-18,-9,-18,1,1,1,548.57,418.39,548.57,418.39,0,0,0,0,0,0,1182250,1117375
290,565,70727460,72508125,23881,8173,87,8178,0,-9,-18,-9,-18,1,1,1,548.57,418.39,548.57,418.39,0,0,0,0,0,0,1202166,1116958
291,566,70997335,69127417,23957,8173,90,8178,0,-9,-18,-9,-18,1,1,1,548.57,418.39,548.57,418.39,0,0,0,0,0,0,1060125,994833
292,567,55305413,57381584,23881,8173,87,8178,0,-8,-18,-8,-18,1,1,1,594.29,422.77,594.29,422.77,0,0,0,0,0,0,1063666,988084
293,568,58275375,55607291,24381,8173,87,8178,0,-8,-18,-8,-18,1,1,1,594.29,422.77,594.29,422.77,0,0,0,0,0,0,1021334,935208
294,569,46360876,49071291,24185,8173,87,8178,0,-8,-18,-8,-18,1,1,1,594.29,422.77,594.29,422.77,0,0,0,0,0,0,905250,842583
295,570,46716667,46452333,23869,8173,87,8178,0,-8,-18,-8,-18,1,1,1,594.29,422.77,594.29,422.77,0,0,0,0,0,0,755791,710417
296,571,47485247,46461584,23817,8173,87,8178,0,-6,-18,-6,-18,1,1,1,685.71,416.09,685.71,416.09,0,0,0,0,0,0,929750,862042
297,572,45868337,47002750,23881,8173,87,8178,0,-6,-18,-6,-18,1,1,1,685.71,416.09,685.71,416.09,0,0,0,0,0,0,1029917,984708
298,573,54933622,53430500,23905,8173,87,8178,0,-6,-18,-6,-18,1,1,1,685.71,416.09,685.71,416.09,0,0,0,0,0,0,740375,686834
299,574,58144167,59538541,23881,8173,87,8178,0,-6,-18,-6,-18,1,1,1,685.71,416.09,685.71,416.09,0,0,0,0,0,0,928333,873584
300,575,56532289,55085083,23869,8173,90,8178,0,-5,-18,-5,-18,1,1,1,731.43,431,731.43,431,0,0,0,0,0,0,872708,809375
301,576,60648370,62073792,23969,8174,88,8179,0,-5,-18,-5,-18,1,1,1,731.43,431,731.43,431,0,0,0,0,0,0,954584,902541
302,577,67614875,65637750,23817,8173,87,8178,0,-5,-18,-5,-18,1,1,1,731.43,431,731.43,431,0,0,0,0,0,0,927666,867666
303,578,55913422,55953584,24445,8173,87,8178,0,-5,-18,-5,-18,1,1,1,731.43,431,731.43,431,0,0,0,0,0,0,1034666,970000
304,579,55686913,56175750,23645,8173,87,8178,0,-4,-18,-4,-18,1,1,1,777.14,453.14,777.14,453.14,0,0,0,0,0,0,854916,808709
305,580,53098879,54499500,23353,8085,87,8090,0,-4,-18,-4,-18,1,1,1,777.14,453.14,777.14,453.14,0,0,0,0,0,0,833958,788167
306,581,57156872,55273625,23289,8085,87,8090,0,-4,-18,-4,-18,1,1,1,777.14,453.14,777.14,453.14,0,0,0,0,0,0,773292,721916
307,582,61576500,63465083,26891,8085,87,8090,0,-4,-18,-4,-18,1,1,1,777.14,453.14,777.14,453.14,0,0,0,0,0,0,1018375,967250
308,583,45278996,44058959,26019,8085,90,8090,0,-3,-18,-3,-18,1,1,1,822.86,475.99,822.86,475.99,0,0,0,0,0,0,699666,661083
309,584,41461996,42664458,23353,8085,87,8090,0,-3,-18,-3,-18,1,1,1,822.86,475.99,822.86,475.99,0,0,0,0,0,0,659958,615584
310,585,42176794,42153500,23289,8085,87,8090,0,-3,-18,-3,-18,1,1,1,822.86,475.99,822.86,475.99,0,0,0,0,0,0,661750,623000
311,586,38870252,37774042,23377,8085,87,8090,0,-3,-18,-3,-18,1,1,1,822.86,475.99,822.86,475.99,0,0,0,0,0,0,591000,558750
312,587,36863412,37894625,23353,8085,87,8090,0,-2,-18,-2,-18,1,1,1,868.57,498.85,868.57,498.85,0,0,0,0,0,0,645583,607959
313,588,38590334,37624833,23905,8085,87,8090,0,-2,-18,-2,-18,1,1,1,868.57,498.85,868.57,498.85,0,0,0,0,0,0,611959,577917
314,589,33588122,33567167,23505,8085,87,8090,0,-2,-18,-2,-18,1,1,1,868.57,498.85,868.57,498.85,0,0,0,0,0,0,553708,524667
315,590,33778082,34735458,23353,8085,87,8090,0,-2,-18,-2,-18,1,1,1,868.57,498.85,868.57,498.85,0,0,0,0,0,0,544333,506250
316,591,36697585,36734375,23377,8086,88,8091,0,-1,-18,-1,-18,1,1,1,914.29,521.71,914.29,521.71,0,0,0,0,0,0,901334,842125
317,592,36486543,35462875,23289,8085,87,8090,0,-1,-18,-1,-18,1,1,1,914.29,521.71,914.29,521.71,0,0,0,0,0,0,575292,546500
318,593,36093749,37053959,23353,8085,87,8090,0,-1,-18,-1,-18,1,1,1,914.29,521.71,914.29,521.71,0,0,0,0,0,0,545875,513916
319,594,35554789,35429417,23341,8085,87,8090,0,-1,-18,-1,-18,1,1,1,914.29,521.71,914.29,521.71,0,0,0,0,0,0,558375,527667
320,595,45629628,44572833,23289,8085,87,8090,0,0,-18,0,-18,1,1,1,960,544.56,960,544.56,0,0,0,0,0,0,1089916,1036792
321,596,42150042,43208000,23441,8085,90,8090,0,0,-18,0,-18,1,1,1,960,544.56,960,544.56,0,0,0,0,0,0,892167,823417
322,597,45192375,45160750,23289,8085,87,8090,0,0,-18,0,-18,1,1,1,960,544.56,960,544.56,0,0,0,0,0,0,862958,821167
323,598,57452544,55697958,23289,8085,87,8090,0,0,-18,0,-18,1,1,1,960,544.56,960,544.56,0,0,0,0,0,0,778416,737083
324,599,61975076,63442833,23405,8085,87,8090,0,1,-18,1,-18,1,1,1,1005.71,567.42,1005.71,567.42,0,0,0,0,0,0,808542,754791
325,600,71574084,67763291,23941,8085,87,8090,0,1,-18,1,-18,1,1,1,1005.71,567.42,1005.71,567.42,0,0,0,0,0,0,970917,916208
326,601,64194709,68042209,23569,8085,87,8090,0,1,-18,1,-18,1,1,1,1005.71,567.42,1005.71,567.42,0,0,0,0,0,0,968375,903042
327,602,69731332,67887000,23289,8085,87,8090,0,1,-18,1,-18,1,1,1,1005.71,567.42,1005.71,567.42,0,0,0,0,0,0,982625,918375
328,603,55982667,57889916,23493,8085,87,8090,0,2,-18,2,-18,1,1,1,1051.43,590.28,1051.43,590.28,0,0,0,0,0,0,967542,913042
329,604,61568580,59963083,23289,8085,87,8090,0,2,-18,2,-18,1,1,1,1051.43,590.28,1051.43,590.28,0,0,0,0,0,0,1119958,1046917
330,605,54000794,55488667,23353,8085,90,8090,0,2,-18,2,-18,1,1,1,1051.43,590.28,1051.43,590.28,0,0,0,0,0,0,829750,778542
331,606,57079002,55362084,23377,8086,88,8091,0,2,-18,2,-18,1,1,1,1051.43,590.28,1051.43,590.28,0,0,0,0,0,0,922375,876375
332,607,53510706,55125000,23405,8085,87,8090,0,3,-18,3,-18,1,1,1,1097.14,613.14,1097.14,613.14,0,0,0,0,0,0,785375,742292
333,608,56994579,54420958,23853,8085,87,8090,0,3,-18,3,-18,1,1,1,1097.14,613.14,1097.14,613.14,0,0,0,0,0,0,914750,849458
334,609,49620669,52344834,23657,8085,87,8090,0,3,-18,3,-18,1,1,1,1097.14,613.14,1097.14,613.14,0,0,0,0,0,0,926208,879333
335,610,47336995,47335708,23289,8085,87,8090,0,3,-18,3,-18,1,1,1,1097.14,613.14,1097.14,613.14,0,0,0,0,0,0,962167,925167
336,611,47912541,46456792,23341,8085,87,8090,0,4,-18,4,-18,1,1,1,1142.86,635.99,1142.86,635.99,0,0,0,0,0,0,685750,638625
337,612,47928541,49075542,23353,8085,87,8090,0,4,-18,4,-18,1,1,1,1142.86,635.99,1142.86,635.99,0,0,0,0,0,0,666166,630000
338,613,60004040,58082334,23377,8085,87,8090,0,4,-18,4,-18,1,1,1,1142.86,635.99,1142.86,635.99,0,0,0,0,0,0,893083,783625
339,614,54650750,56617833,23353,8085,90,8090,0,4,-18,4,-18,1,1,1,1142.86,635.99,1142.86,635.99,0,0,0,0,0,0,885125,793167
340,615,56762542,55002250,23761,8085,87,8090,0,5,-18,5,-18,1,1,1,1188.57,662.98,1188.57,662.98,0,0,0,0,0,0,1172875,1102917
341,616,62183793,63969916,27311,8155,87,8160,0,5,-18,5,-18,1,1,1,1188.57,662.98,1188.57,662.98,0,0,0,0,0,0,1338916,1285625
342,617,58060459,55160000,26951,8155,87,8160,0,5,-18,5,-18,1,1,1,1188.57,662.98,1188.57,662.98,0,0,0,0,0,0,877542,814084
343,618,52795663,55490542,23989,8155,87,8160,0,5,-18,5,-18,1,1,1,1188.57,662.98,1188.57,662.98,0,0,0,0,0,0,865042,818167
344,619,66980339,65644875,23849,8155,87,8160,0,6,-18,6,-18,1,1,1,1234.29,696.59,1234.29,696.59,0,0,0,0,0,0,1066792,997334
345,620,57521916,59009708,23773,8155,87,8160,0,6,-18,6,-18,1,1,1,1234.29,696.59,1234.29,696.59,0,0,0,0,0,0,853792,806042
346,621,55635537,53979917,23709,8156,88,8161,0,6,-18,6,-18,1,1,1,1234.29,696.59,1234.29,696.59,0,0,0,0,0,0,925375,860084
347,622,54402671,56042084,23861,8155,87,8160,0,6,-18,6,-18,1,1,1,1234.29,696.59,1234.29,696.59,0,0,0,0,0,0,903875,853750
348,623,43169997,43172792,23761,8155,90,8160,0,7,-18,7,-18,1,1,1,1280,736.66,1280,736.66,0,0,0,0,0,0,738792,689208
349,624,43294254,42155209,23709,8155,87,8160,0,7,-18,7,-18,1,1,1,1280,736.66,1280,736.66,0,0,0,0,0,0,746417,705500
350,625,36296706,37409916,23773,8155,87,8160,0,7,-18,7,-18,1,1,1,1280,736.66,1280,736.66,0,0,0,0,0,0,660417,612208
351,626,34630831,34658542,23797,8155,87,8160,0,7,-18,7,-18,1,1,1,1280,736.66,1280,736.66,0,0,0,0,0,0,620250,577209
352,627,34751921,33747666,23709,8155,87,8160,0,8,-18,8,-18,1,1,1,1325.71,772.98,1325.71,772.98,0,0,0,0,0,0,598083,555250
353,628,34104917,34034417,24337,8155,87,8160,0,8,-18,8,-18,1,1,1,1325.71,772.98,1325.71,772.98,0,0,0,0,0,0,575500,544333
354,629,33101409,34140625,23977,8155,87,8160,0,8,-18,8,-18,1,1,1,1325.71,772.98,1325.71,772.98,0,0,0,0,0,0,607416,566125
355,630,35104338,34032333,23709,8155,87,8160,0,8,-18,8,-18,1,1,1,1325.71,772.98,1325.71,772.98,0,0,0,0,0,0,599958,567625
356,631,33327832,34379875,23861,8155,87,8160,0,9,-18,9,-18,1,1,1,1371.43,801.36,1371.43,801.36,0,0,0,0,0,0,694833,659750
357,632,33906206,33873667,23709,8155,87,8160,0,9,-18,9,-18,1,1,1,1371.43,801.36,1371.43,801.36,0,0,0,0,0,0,731834,698792
358,633,34482121,33477167,23709,8155,87,8160,0,9,-18,9,-18,1,1,1,1371.43,801.36,1371.43,801.36,0,0,0,0,0,0,612459,571167
359,634,32623916,33587791,23773,8155,87,8160,0,9,-18,9,-18,1,1,1,1371.43,801.36,1371.43,801.36,0,0,0,0,0,0,614125,582500
360,635,34866418,34836417,23761,8155,87,8160,0,10,-18,10,-18,1,1,1,1417.14,823.72,1417.14,823.72,0,0,0,0,0,0,699333,651042
361,636,31432248,31435917,23797,8156,91,8161,0,10,-18,10,-18,1,1,1,1417.14,823.72,1417.14,823.72,0,0,0,0,0,0,545625,515292
362,637,33415667,32483583,23709,8155,87,8160,0,10,-18,10,-18,1,1,1,1417.14,823.72,1417.14,823.72,0,0,0,0,0,0,559708,516125
363,638,33471420,34373125,23773,8155,87,8160,0,10,-18,10,-18,1,1,1,1417.14,823.72,1417.14,823.72,0,0,0,0,0,0,588708,558583
364,639,36109331,36112500,23709,8155,87,8160,0,11,-18,11,-18,1,1,1,1462.86,845.83,1462.86,845.83,0,0,0,0,0,0,536792,503000
365,640,38697917,37344459,23709,8155,87,8160,0,11,-18,11,-18,1,1,1,1462.86,845.83,1462.86,845.83,0,0,0,0,0,0,587959,555125
366,641,35695664,37010291,23913,8155,87,8160,0,11,-18,11,-18,1,1,1,1462.86,845.83,1462.86,845.83,0,0,0,0,0,0,811250,755708
367,642,36923166,35477708,24273,8155,87,8160,0,11,-18,11,-18,1,1,1,1462.86,845.83,1462.86,845.83,0,0,0,0,0,0,957708,920125
368,643,38590922,38787083,23925,8155,87,8160,0,12,-18,12,-18,1,1,1,1508.57,868.27,1508.57,868.27,0,0,0,0,0,0,585125,543125
369,644,41201665,42164250,23773,8155,87,8160,0,12,-18,12,-18,1,1,1,1508.57,868.27,1508.57,868.27,0,0,0,0,0,0,641334,604292
370,645,54861877,54831458,23797,8155,87,8160,0,12,-18,12,-18,1,1,1,1508.57,868.27,1508.57,868.27,0,0,0,0,0,0,707125,657083
371,646,67513331,65771708,23761,8155,87,8160,0,12,-18,12,-18,1,1,1,1508.57,868.27,1508.57,868.27,0,0,0,0,0,0,1037583,938959
372,647,75894415,77561958,23773,8155,87,8160,0,13,-18,13,-18,1,1,1,1554.29,892.25,1554.29,892.25,0,0,0,0,0,0,1232792,1138500
373,648,67066460,64539416,23797,8155,90,8160,0,13,-18,13,-18,1,1,1,1554.29,892.25,1554.29,892.25,0,0,0,0,0,0,1131250,1055125
374,649,65990000,68108416,23825,8155,87,8160,0,13,-18,13,-18,1,1,1,1554.29,892.25,1554.29,892.25,0,0,0,0,0,0,1094750,1025833
375,650,68433165,66520875,23709,8155,87,8160,0,13,-18,13,-18,1,1,1,1554.29,892.25,1554.29,892.25,0,0,0,0,0,0,1062083,997875
376,651,59546917,60417459,24425,8156,88,8161,0,14,-18,14,-18,1,1,1,1600,918.02,1600,918.02,0,0,0,0,0,0,1100041,1018583
377,652,52376374,52489709,23925,8155,87,8160,0,14,-18,14,-18,1,1,1,1600,918.02,1600,918.02,0,0,0,0,0,0,1058125,992042
378,653,44507540,45785833,23825,8155,87,8160,0,14,-18,14,-18,1,1,1,1600,918.02,1600,918.02,0,0,0,0,0,0,765916,707291
379,654,44254250,44339042,23797,8155,87,8160,0,14,-18,14,-18,1,1,1,1600,918.02,1600,918.02,0,0,0,0,0,0,775583,726708
380,655,43777331,42629625,23709,8155,87,8160,0,15,-18,15,-18,1,1,1,1645.71,944.98,1645.71,944.98,0,0,0,0,0,0,723333,669459
381,656,45323085,46467334,23773,8155,87,8160,0,15,-18,15,-18,1,1,1,1645.71,944.98,1645.71,944.98,0,0,0,0,0,0,680250,641250
382,657,41861038,41694333,23709,8155,90,8160,0,15,-18,15,-18,1,1,1,1645.71,944.98,1645.71,944.98,0,0,0,0,0,0,699000,654458
383,658,45237790,43828750,23849,8155,87,8160,0,15,-18,15,-18,1,1,1,1645.71,944.98,1645.71,944.98,0,0,0,0,0,0,750333,706750
384,659,43761499,45260417,23773,8155,87,8160,0,16,-18,16,-18,1,1,1,1691.43,972.01,1691.43,972.01,0,0,0,0,0,0,721583,669083
385,660,44984750,44795958,23709,8155,87,8160,0,16,-18,16,-18,1,1,1,1691.43,972.01,1691.43,972.01,0,0,0,0,0,0,711583,669625
386,661,46958461,45731375,23709,8155,87,8160,0,16,-18,16,-18,1,1,1,1691.43,972.01,1691.43,972.01,0,0,0,0,0,0,764708,707458
387,662,44951416,44336666,24425,8155,87,8160,0,16,-18,16,-18,1,1,1,1691.43,972.01,1691.43,972.01,0,0,0,0,0,0,715000,671500
388,663,49906704,51678917,23977,8155,87,8160,0,15,-18,15,-18,1,1,1,1645.71,944.98,1645.71,944.98,0,0,0,0,0,0,864458,809417
389,664,52428416,51068417,23709,8155,87,8160,0,15,-18,15,-18,1,1,1,1645.71,944.98,1645.71,944.98,0,0,0,0,0,0,916500,852083
390,665,55240213,56567750,23773,8155,87,8160,0,15,-18,15,-18,1,1,1,1645.71,944.98,1645.71,944.98,0,0,0,0,0,0,907000,810417
391,666,54033957,52692833,23797,8156,88,8161,0,15,-18,15,-18,1,1,1,1645.71,944.98,1645.71,944.98,0,0,0,0,0,0,810958,763417
392,667,57515248,58882000,23825,8155,87,8160,0,14,-18,14,-18,1,1,1,1600,918.02,1600,918.02,0,0,0,0,0,0,1084708,1008042
393,668,54886918,53382000,23709,8155,90,8160,0,14,-18,14,-18,1,1,1,1600,918.02,1600,918.02,0,0,0,0,0,0,847000,795250
394,669,53009290,54396792,23861,8155,87,8160,0,14,-18,14,-18,1,1,1,1600,918.02,1600,918.02,0,0,0,0,0,0,993167,930875
395,670,56371040,55001208,23709,8155,87,8160,0,14,-18,14,-18,1,1,1,1600,918.02,1600,918.02,0,0,0,0,0,0,836917,785917
396,671,55170960,54589208,24389,8155,87,8160,0,13,-18,13,-18,1,1,1,1554.29,892.25,1554.29,892.25,0,0,0,0,0,0,856500,798750
397,672,54462626,54784667,24013,8155,87,8160,0,13,-18,13,-18,1,1,1,1554.29,892.25,1554.29,892.25,0,0,0,0,0,0,981417,925875
398,673,53826872,55438875,23773,8155,87,8160,0,13,-18,13,-18,1,1,1,1554.29,892.25,1554.29,892.25,0,0,0,0,0,0,886833,825834
399,674,59635501,57328917,23709,8155,87,8160,0,13,-18,13,-18,1,1,1,1554.29,892.25,1554.29,892.25,0,0,0,0,0,0,1364750,1296250
400,675,62219545,64437792,23913,8155,87,8160,0,12,-18,12,-18,1,1,1,1508.57,868.27,1508.57,868.27,0,0,0,0,0,0,1036500,953833
401,676,61435118,60003209,23709,8155,87,8160,0,12,-18,12,-18,1,1,1,1508.57,868.27,1508.57,868.27,0,0,0,0,0,0,1057542,994583
402,677,54664131,55972000,23773,8155,90,8160,0,12,-18,12,-18,1,1,1,1508.57,868.27,1508.57,868.27,0,0,0,0,0,0,920250,861625
403,678,56667752,54962416,23797,8155,87,8160,0,12,-18,12,-18,1,1,1,1508.57,868.27,1508.57,868.27,0,0,0,0,0,0,1071667,999375
404,679,53489789,55242250,23825,8155,87,8160,0,11,-18,11,-18,1,1,1,1462.86,845.83,1462.86,845.83,0,0,0,0,0,0,841250,780417
405,680,59478417,56695000,24273,8155,87,8160,0,11,-18,11,-18,1,1,1,1462.86,845.83,1462.86,845.83,0,0,0,0,0,0,866000,814042
406,681,56227751,58993208,24077,8156,88,8161,0,11,-18,11,-18,1,1,1,1462.86,845.83,1462.86,845.83,0,0,0,0,0,0,1038708,968000
407,682,64060583,62204542,23709,8155,87,8160,0,11,-18,11,-18,1,1,1,1462.86,845.83,1462.86,845.83,0,0,0,0,0,0,874459,822541
408,683,59458289,61216000,23825,8155,87,8160,0,10,-18,10,-18,1,1,1,1417.14,823.72,1417.14,823.72,0,0,0,0,0,0,1005459,930667
409,684,61746746,60274708,23797,8155,87,8160,0,10,-18,10,-18,1,1,1,1417.14,823.72,1417.14,823.72,0,0,0,0,0,0,917166,858375
410,685,53718585,55187500,23773,8155,90,8160,0,10,-18,10,-18,1,1,1,1417.14,823.72,1417.14,823.72,0,0,0,0,0,0,884958,823042
411,686,56280747,54430833,23709,8155,87,8160,0,10,-18,10,-18,1,1,1,1417.14,823.72,1417.14,823.72,0,0,0,0,0,0,875167,823959
412,687,54557580,55969625,23913,8155,87,8160,0,9,-18,9,-18,1,1,1,1371.43,801.36,1371.43,801.36,0,0,0,0,0,0,1022750,953791
413,688,63662879,61011334,24273,8155,87,8160,0,9,-18,9,-18,1,1,1,1371.43,801.36,1371.43,801.36,0,0,0,0,0,0,916167,865125
414,689,56743167,59692083,23989,8155,87,8160,0,9,-18,9,-18,1,1,1,1371.43,801.36,1371.43,801.36,0,0,0,0,0,0,847083,792000
415,690,56460332,55024541,23797,8155,87,8160,0,9,-18,9,-18,1,1,1,1371.43,801.36,1371.43,801.36,0,0,0,0,0,0,988417,934417
416,691,53842749,55305334,23825,8155,87,8160,0,8,-18,8,-18,1,1,1,1325.71,772.98,1325.71,772.98,0,0,0,0,0,0,868125,808000
417,692,56280754,54755500,23709,8155,87,8160,0,8,-18,8,-18,1,1,1,1325.71,772.98,1325.71,772.98,0,0,0,0,0,0,941209,890416
418,693,59684708,61132167,23861,8155,87,8160,0,8,-18,8,-18,1,1,1,1325.71,772.98,1325.71,772.98,0,0,0,0,0,0,920417,857166
419,694,55835913,54393875,23709,8155,90,8160,0,8,-18,8,-18,1,1,1,1325.71,772.98,1325.71,772.98,0,0,0,0,0,0,927500,874125
420,695,46834170,48257708,23825,8155,87,8160,0,7,-18,7,-18,1,1,1,1280,736.66,1280,736.66,0,0,0,0,0,0,879416,822208
421,696,44082120,44096584,23797,8156,88,8161,0,7,-18,7,-18,1,1,1,1280,736.66,1280,736.66,0,0,0,0,0,0,783250,731459
422,697,43815128,42747334,23709,8155,87,8160,0,7,-18,7,-18,1,1,1,1280,736.66,1280,736.66,0,0,0,0,0,0,800125,756250
423,698,39021875,38940667,24337,8155,87,8160,0,7,-18,7,-18,1,1,1,1280,736.66,1280,736.66,0,0,0,0,0,0,766958,729959
424,699,36714661,37824000,23925,8155,87,8160,0,6,-18,6,-18,1,1,1,1234.29,696.59,1234.29,696.59,0,0,0,0,0,0,698709,656375
425,700,37901964,36950250,23849,8155,87,8160,0,6,-18,6,-18,1,1,1,1234.29,696.59,1234.29,696.59,0,0,0,0,0,0,659625,615500
426,701,33143501,34147875,23773,8155,87,8160,0,6,-18,6,-18,1,1,1,1234.29,696.59,1234.29,696.59,0,0,0,0,0,0,637833,599958
427,702,33963497,33945250,23709,8155,87,8160,0,6,-18,6,-18,1,1,1,1234.29,696.59,1234.29,696.59,0,0,0,0,0,0,611917,578750
428,703,35082623,34082875,23709,8155,87,8160,0,5,-18,5,-18,1,1,1,1188.57,662.98,1188.57,662.98,0,0,0,0,0,0,618125,579208
429,704,37119161,38024625,23773,8155,87,8160,0,5,-18,5,-18,1,1,1,1188.57,662.98,1188.57,662.98,0,0,0,0,0,0,726083,682958
430,705,33507503,33563250,23797,8155,90,8160,0,5,-18,5,-18,1,1,1,1188.57,662.98,1188.57,662.98,0,0,0,0,0,0,636292,596000
431,706,34431498,33415042,23761,8155,87,8160,0,5,-18,5,-18,1,1,1,1188.57,662.98,1188.57,662.98,0,0,0,0,0,0,598000,567208
432,707,32531086,33515916,23353,8155,87,8160,0,4,-18,4,-18,1,1,1,1142.86,635.99,1142.86,635.99,0,0,0,0,0,0,616500,585833
433,708,33285040,33253000,23289,8085,87,8090,0,4,-18,4,-18,1,1,1,1142.86,635.99,1142.86,635.99,0,0,0,0,0,0,537917,508166
434,709,34312125,33229708,23289,8085,87,8090,0,4,-18,4,-18,1,1,1,1142.86,635.99,1142.86,635.99,0,0,0,0,0,0,585417,545542
435,710,36734417,37802042,26891,8085,87,8090,0,4,-18,4,-18,1,1,1,1142.86,635.99,1142.86,635.99,0,0,0,0,0,0,551000,521792
436,711,31742539,31742417,25967,8086,88,8091,0,3,-18,3,-18,1,1,1,1097.14,613.14,1097.14,613.14,0,0,0,0,0,0,567958,538916
437,712,30785834,29703584,23905,8085,87,8090,0,3,-18,3,-18,1,1,1,1097.14,613.14,1097.14,613.14,0,0,0,0,0,0,542625,505209
438,713,30216291,30346250,23505,8085,87,8090,0,3,-18,3,-18,1,1,1,1097.14,613.14,1097.14,613.14,0,0,0,0,0,0,499792,473708
439,714,30566666,31397833,23353,8085,87,8090,0,3,-18,3,-18,1,1,1,1097.14,613.14,1097.14,613.14,0,0,0,0,0,0,657958,623167
440,715,30270542,30337541,23377,8085,87,8090,0,2,-18,2,-18,1,1,1,1051.43,590.28,1051.43,590.28,0,0,0,0,0,0,523541,490166
441,716,34352622,34271375,23289,8085,87,8090,0,2,-18,2,-18,1,1,1,1051.43,590.28,1051.43,590.28,0,0,0,0,0,0,578125,548958
442,717,37996754,36974959,23289,8085,87,8090,0,2,-18,2,-18,1,1,1,1051.43,590.28,1051.43,590.28,0,0,0,0,0,0,1243417,1191042
443,718,35648081,36644250,23353,8085,87,8090,0,2,-18,2,-18,1,1,1,1051.43,590.28,1051.43,590.28,0,0,0,0,0,0,550208,511959
444,719,39362046,39320291,23341,8085,87,8090,0,1,-18,1,-18,1,1,1,1005.71,567.42,1005.71,567.42,0,0,0,0,0,0,670833,640458
445,720,37155121,36130875,23377,8085,90,8090,0,1,-18,1,-18,1,1,1,1005.71,567.42,1005.71,567.42,0,0,0,0,0,0,719583,685667
446,721,34818537,35866708,23353,8085,87,8090,0,1,-18,1,-18,1,1,1,1005.71,567.42,1005.71,567.42,0,0,0,0,0,0,565834,529833
447,722,37386458,37340292,23289,8085,87,8090,0,1,-18,1,-18,1,1,1,1005.71,567.42,1005.71,567.42,0,0,0,0,0,0,541542,512583
448,723,43750211,42333166,23289,8085,87,8090,0,0,-18,0,-18,1,1,1,960,544.56,960,544.56,0,0,0,0,0,0,1125791,1072042
449,724,48349622,49530000,23441,8085,87,8090,0,0,-18,0,-18,1,1,1,960,544.56,960,544.56,0,0,0,0,0,0,670042,619500
450,725,69119416,64879916,23905,8085,87,8090,0,0,-18,0,-18,1,1,1,960,544.56,960,544.56,0,0,0,0,0,0,755542,713167
451,726,82381293,86356041,23569,8086,88,8091,0,0,-18,0,-18,1,1,1,960,544.56,960,544.56,0,0,0,0,0,0,1036375,969292
452,727,69561623,67466125,23377,8085,87,8090,0,-1,-18,-1,-18,1,1,1,914.29,521.71,914.29,521.71,0,0,0,0,0,0,1077542,1012916
453,728,65872542,68154583,23405,8085,87,8090,0,-1,-18,-1,-18,1,1,1,914.29,521.71,914.29,521.71,0,0,0,0,0,0,1146708,1097209
454,729,74216961,72160208,23289,8085,87,8090,0,-1,-18,-1,-18,1,1,1,914.29,521.71,914.29,521.71,0,0,0,0,0,0,1365000,1313167
455,730,65889619,67826709,23441,8085,90,8090,0,-1,-18,-1,-18,1,1,1,914.29,521.71,914.29,521.71,0,0,0,0,0,0,990708,922583
456,731,56982710,55615375,23341,8085,87,8090,0,-2,-18,-2,-18,1,1,1,868.57,498.85,868.57,498.85,0,0,0,0,0,0,979333,932500
457,732,48090916,49259042,23353,8085,87,8090,0,-2,-18,-2,-18,1,1,1,868.57,498.85,868.57,498.85,0,0,0,0,0,0,813209,767166
458,733,47967877,46938833,23941,8085,87,8090,0,-2,-18,-2,-18,1,1,1,868.57,498.85,868.57,498.85,0,0,0,0,0,0,814500,766334
459,734,47960169,48106500,23505,8085,87,8090,0,-2,-18,-2,-18,1,1,1,868.57,498.85,868.57,498.85,0,0,0,0,0,0,976125,937834
460,735,40636748,41807792,23353,8085,87,8090,0,-3,-18,-3,-18,1,1,1,822.86,475.99,822.86,475.99,0,0,0,0,0,0,778250,717875
461,736,43791625,43628750,23341,8085,87,8090,0,-3,-18,-3,-18,1,1,1,822.86,475.99,822.86,475.99,0,0,0,0,0,0,695958,652000
462,737,45874830,44640958,23377,8085,87,8090,0,-3,-18,-3,-18,1,1,1,822.86,475.99,822.86,475.99,0,0,0,0,0,0,639917,605542
463,738,47807212,49145375,23353,8085,87,8090,0,-3,-18,-3,-18,1,1,1,822.86,475.99,822.86,475.99,0,0,0,0,0,0,833834,790333
464,739,44705037,44662167,23289,8085,90,8090,0,-4,-18,-4,-18,1,1,1,777.14,453.14,777.14,453.14,0,0,0,0,0,0,848833,788084
465,740,47277372,45756500,23289,8085,87,8090,0,-4,-18,-4,-18,1,1,1,777.14,453.14,777.14,453.14,0,0,0,0,0,0,666083,623417
466,741,45753628,47199209,23493,8086,88,8091,0,-4,-18,-4,-18,1,1,1,777.14,453.14,777.14,453.14,0,0,0,0,0,0,939458,886542
467,742,47812208,47808833,23289,8085,87,8090,0,-4,-18,-4,-18,1,1,1,777.14,453.14,777.14,453.14,0,0,0,0,0,0,714541,665833
468,743,52995413,51470209,23817,8085,87,8090,0,-5,-18,-5,-18,1,1,1,731.43,431,731.43,431,0,0,0,0,0,0,1053417,989083
469,744,45935288,46078542,24445,8173,87,8178,0,-5,-18,-5,-18,1,1,1,731.43,431,731.43,431,0,0,0,0,0,0,877500,826084
470,745,48119083,49443500,27571,8173,87,8178,0,-5,-18,-5,-18,1,1,1,731.43,431,731.43,431,0,0,0,0,0,0,790167,736958
471,746,39747960,38670708,26547,8173,87,8178,0,-5,-18,-5,-18,1,1,1,731.43,431,731.43,431,0,0,0,0,0,0,853916,805791
472,747,36824956,37917791,23881,8173,87,8178,0,-6,-18,-6,-18,1,1,1,685.71,416.09,685.71,416.09,0,0,0,0,0,0,687250,641084
473,748,35281043,35241750,23817,8173,87,8178,0,-6,-18,-6,-18,1,1,1,685.71,416.09,685.71,416.09,0,0,0,0,0,0,643875,606333
474,749,37858624,36909833,23905,8173,87,8178,0,-6,-18,-6,-18,1,1,1,685.71,416.09,685.71,416.09,0,0,0,0,0,0,694333,649584
475,750,32661166,33617792,23881,8173,90,8178,0,-6,-18,-6,-18,1,1,1,685.71,416.09,685.71,416.09,0,0,0,0,0,0,611375,574625
476,751,33474497,33444167,23817,8173,87,8178,0,-8,-18,-8,-18,1,1,1,594.29,422.77,594.29,422.77,0,0,0,0,0,0,624583,583000
477,752,34683212,33692209,23869,8173,87,8178,0,-8,-18,-8,-18,1,1,1,594.29,422.77,594.29,422.77,0,0,0,0,0,0,590250,556417
478,753,33077493,34002833,23881,8173,87,8178,0,-8,-18,-8,-18,1,1,1,594.29,422.77,594.29,422.77,0,0,0,0,0,0,609084,570375
479,754,35060126,35111459,23905,8173,87,8178,0,-8,-18,-8,-18,1,1,1,594.29,422.77,594.29,422.77,0,0,0,0,0,0,622708,587667
480,755,37820499,36429875,23817,8173,87,8178,0,-9,-18,-9,-18,1,1,1,548.57,418.39,548.57,418.39,0,0,0,0,0,0,1166792,1101167
481,756,34686669,35945625,23881,8174,88,8179,0,-9,-18,-9,-18,1,1,1,548.57,418.39,548.57,418.39,0,0,0,0,0,0,942292,906958
482,757,38683291,37705625,24381,8173,87,8178,0,-9,-18,-9,-18,1,1,1,548.57,418.39,548.57,418.39,0,0,0,0,0,0,599875,557041
483,758,35481583,35466500,24085,8173,87,8178,0,-9,-18,-9,-18,1,1,1,548.57,418.39,548.57,418.39,0,0,0,0,0,0,601708,566208
484,759,35328585,36339542,23969,8173,87,8178,0,-10,-18,-10,-18,1,1,1,502.86,399.44,502.86,399.44,0,0,0,0,0,0,597750,559125
485,760,35908035,35892708,23817,8173,87,8178,0,-10,-18,-10,-18,1,1,1,502.86,399.44,502.86,399.44,0,0,0,0,0,0,621167,586958
486,761,40469963,39300792,23817,8173,87,8178,0,-10,-18,-10,-18,1,1,1,502.86,399.44,502.86,399.44,0,0,0,0,0,0,643542,601667
487,762,39648078,40684334,23881,8173,87,8178,0,-10,-18,-10,-18,1,1,1,502.86,399.44,502.86,399.44,0,0,0,0,0,0,804625,761292
488,763,51770959,51741250,23905,8173,87,8178,0,-11,-18,-11,-18,1,1,1,457.14,380.06,457.14,380.06,0,0,0,0,0,0,793583,739625
489,764,62871038,60870625,23869,8173,90,8178,0,-11,-18,-11,-18,1,1,1,457.14,380.06,457.14,380.06,0,0,0,0,0,0,862291,802250
490,765,65412841,67166375,23881,8173,87,8178,0,-11,-18,-11,-18,1,1,1,457.14,380.06,457.14,380.06,0,0,0,0,0,0,1096958,1011541
491,766,70754416,69003750,23905,8173,87,8178,0,-11,-18,-11,-18,1,1,1,457.14,380.06,457.14,380.06,0,0,0,0,0,0,1032500,969417
492,767,68614289,68493250,24445,8173,87,8178,0,-12,-18,-12,-18,1,1,1,411.43,359.32,411.43,359.32,0,0,0,0,0,0,1305042,1221000
493,768,68390831,67709875,24085,8173,87,8178,0,-12,-18,-12,-18,1,1,1,411.43,359.32,411.43,359.32,0,0,0,0,0,0,1136791,1068750
494,769,63934795,66583583,23969,8173,87,8178,0,-12,-18,-12,-18,1,1,1,411.43,359.32,411.43,359.32,0,0,0,0,0,0,1284042,1197000
495,770,56894544,54966250,23817,8173,87,8178,0,-12,-18,-12,-18,1,1,1,411.43,359.32,411.43,359.32,0,0,0,0,0,0,1001750,947125
496,771,58237832,60008584,23881,8174,88,8179,0,-13,-18,-13,-18,1,1,1,365.71,336.6,365.71,336.6,0,0,0,0,0,0,940916,867959
497,772,50296455,48789584,23957,8173,90,8178,0,-13,-18,-13,-18,1,1,1,365.71,336.6,365.71,336.6,0,0,0,0,0,0,1055209,995708
498,773,45808162,47341917,23881,8173,87,8178,0,-13,-18,-13,-18,1,1,1,365.71,336.6,365.71,336.6,0,0,0,0,0,0,765166,706792
499,774,47749377,47854875,23817,8173,87,8178,0,-13,-18,-13,-18,1,1,1,365.71,336.6,365.71,336.6,0,0,0,0,0,0,769750,727166
500,775,48143330,46460834,23817,8173,87,8178,0,-14,-18,-14,-18,1,1,1,320,311.82,320,311.82,0,0,0,0,0,0,863958,799333
501,776,53609043,53416834,24533,8173,87,8178,0,-14,-18,-14,-18,1,1,1,320,311.82,320,311.82,0,0,0,0,0,0,953500,896750
502,777,52696164,53030083,24085,8173,87,8178,0,-14,-18,-14,-18,1,1,1,320,311.82,320,311.82,0,0,0,0,0,0,908458,845875
503,778,54994374,56292792,23881,8173,87,8178,0,-14,-18,-14,-18,1,1,1,320,311.82,320,311.82,0,0,0,0,0,0,835500,785250
504,779,56638419,55016250,23905,8173,87,8178,0,-15,-18,-15,-18,1,1,1,274.29,285.43,274.29,285.43,0,0,0,0,0,0,871375,813041
505,780,54939582,56534125,23881,8173,87,8178,0,-15,-18,-15,-18,1,1,1,274.29,285.43,274.29,285.43,0,0,0,0,0,0,1020667,938875
506,781,59449207,57818375,23869,8173,87,8178,0,-15,-18,-15,-18,1,1,1,274.29,285.43,274.29,285.43,0,0,0,0,0,0,1074791,987250
507,782,51364123,52886000,23969,8173,90,8178,0,-15,-18,-15,-18,1,1,1,274.29,285.43,274.29,285.43,0,0,0,0,0,0,911750,837750
508,783,50444919,49362083,23817,8173,87,8178,0,-16,-18,-16,-18,1,1,1,228.57,258.09,228.57,258.09,0,0,0,0,0,0,920709,837208
509,784,42075708,43276209,23881,8173,87,8178,0,-16,-18,-16,-18,1,1,1,228.57,258.09,228.57,258.09,0,0,0,0,0,0,786500,725750
510,785,40307752,40285000,23869,8173,87,8178,0,-16,-18,-16,-18,1,1,1,228.57,258.09,228.57,258.09,0,0,0,0,0,0,775459,703083
511,786,40622122,38735875,24469,8174,88,8179,0,-16,-18,-16,-18,1,1,1,228.57,258.09,228.57,258.09,0,0,0,0,0,0,703375,646708
512,787,33031042,34974625,24097,8173,87,8178,0,-17,-18,-17,-18,1,1,1,182.86,230.19,182.86,230.19,0,0,0,0,0,0,716250,654084
513,788,34264080,34211584,23817,8173,87,8178,0,-17,-18,-17,-18,1,1,1,182.86,230.19,182.86,230.19,0,0,0,0,0,0,636292,585125
514,789,35040874,34043083,23817,8173,87,8178,0,-17,-18,-17,-18,1,1,1,182.86,230.19,182.86,230.19,0,0,0,0,0,0,624875,562042
515,790,32942332,33869000,23881,8173,87,8178,0,-17,-18,-17,-18,1,1,1,182.86,230.19,182.86,230.19,0,0,0,0,0,0,767250,715792
516,791,33485587,33541167,23957,8173,87,8178,0,-16,-18,-16,-18,1,1,1,228.57,258.09,228.57,258.09,0,0,0,0,0,0,742500,681042
517,792,34761875,33742125,23817,8173,87,8178,0,-16,-18,-16,-18,1,1,1,228.57,258.09,228.57,258.09,0,0,0,0,0,0,705542,628916
518,793,36446079,37434833,23881,8173,87,8178,0,-16,-18,-16,-18,1,1,1,228.57,258.09,228.57,258.09,0,0,0,0,0,0,736542,668833
519,794,33452127,33416333,23817,8173,90,8178,0,-16,-18,-16,-18,1,1,1,228.57,258.09,228.57,258.09,0,0,0,0,0,0,635375,587042
520,795,34822411,33790625,23817,8173,87,8178,0,-15,-18,-15,-18,1,1,1,274.29,285.43,274.29,285.43,0,0,0,0,0,0,655917,596625
521,796,32512959,33509667,23969,8173,87,8178,0,-15,-18,-15,-18,1,1,1,274.29,285.43,274.29,285.43,0,0,0,0,0,0,638250,578167
522,797,33333707,33333542,23869,8173,87,8178,0,-15,-18,-15,-18,1,1,1,274.29,285.43,274.29,285.43,0,0,0,0,0,0,638292,575208
523,798,34730121,33728125,23817,8173,87,8178,0,-15,-18,-15,-18,1,1,1,274.29,285.43,274.29,285.43,0,0,0,0,0,0,625417,573042
524,799,31369294,32360750,23881,8173,87,8178,0,-14,-18,-14,-18,1,1,1,320,311.82,320,311.82,0,0,0,0,0,0,654916,597541
525,800,30602997,30506666,23817,8173,87,8178,0,-14,-18,-14,-18,1,1,1,320,311.82,320,311.82,0,0,0,0,0,0,568333,538167
526,801,31434666,30499875,24469,8174,88,8179,0,-14,-18,-14,-18,1,1,1,320,311.82,320,311.82,0,0,0,0,0,0,556500,520792
527,802,32597001,32645833,24033,8173,87,8178,0,-14,-18,-14,-18,1,1,1,320,311.82,320,311.82,0,0,0,0,0,0,670959,629042
528,803,32735418,33636250,23881,8173,87,8178,0,-13,-18,-13,-18,1,1,1,365.71,336.6,365.71,336.6,0,0,0,0,0,0,572875,538000
529,804,36461204,36424583,23869,8173,87,8178,0,-13,-18,-13,-18,1,1,1,365.71,336.6,365.71,336.6,0,0,0,0,0,0,621667,586292
530,805,38438335,36859333,23817,8173,87,8178,0,-13,-18,-13,-18,1,1,1,365.71,336.6,365.71,336.6,0,0,0,0,0,0,902583,847625
531,806,35701878,37244625,23969,8173,87,8178,0,-13,-18,-13,-18,1,1,1,365.71,336.6,365.71,336.6,0,0,0,0,0,0,1026083,970209
532,807,36960288,36958500,23817,8173,87,8178,0,-12,-18,-12,-18,1,1,1,411.43,359.32,411.43,359.32,0,0,0,0,0,0,823250,778375
533,808,40816161,39785500,23817,8173,87,8178,0,-12,-18,-12,-18,1,1,1,411.43,359.32,411.43,359.32,0,0,0,0,0,0,1065125,1016583
534,809,37611834,38522583,23881,8173,90,8178,0,-12,-18,-12,-18,1,1,1,411.43,359.32,411.43,359.32,0,0,0,0,0,0,640959,596375
535,810,43048754,43035667,23957,8173,87,8178,0,-12,-18,-12,-18,1,1,1,411.43,359.32,411.43,359.32,0,0,0,0,0,0,874750,829625
536,811,56351125,54156875,23817,8173,87,8178,0,-11,-18,-11,-18,1,1,1,457.14,380.06,457.14,380.06,0,0,0,0,0,0,746917,692625
537,812,65991081,67769416,23881,8173,87,8178,0,-11,-18,-11,-18,1,1,1,457.14,380.06,457.14,380.06,0,0,0,0,0,0,1064333,991542
538,813,74478797,71015833,24469,8173,87,8178,0,-11,-18,-11,-18,1,1,1,457.14,380.06,457.14,380.06,0,0,0,0,0,0,1085500,1018250
539,814,65600365,69115667,24149,8173,87,8178,0,-11,-18,-11,-18,1,1,1,457.14,380.06,457.14,380.06,0,0,0,0,0,0,1327792,1263333
540,815,68610340,66848250,23817,8173,87,8178,0,-10,-18,-10,-18,1,1,1,502.86,399.44,502.86,399.44,0,0,0,0,0,0,1298709,1219791
541,816,63556291,65380625,23969,8174,88,8179,0,-10,-18,-10,-18,1,1,1,502.86,399.44,502.86,399.44,0,0,0,0,0,0,1195500,1115875
542,817,59854373,58424375,23869,8173,87,8178,0,-10,-18,-10,-18,1,1,1,502.86,399.44,502.86,399.44,0,0,0,0,0,0,903833,845458
543,818,48392459,49859542,23881,8173,90,8178,0,-10,-18,-10,-18,1,1,1,502.86,399.44,502.86,399.44,0,0,0,0,0,0,897833,845291
544,819,45476663,45458750,23905,8173,87,8178,0,-9,-18,-9,-18,1,1,1,548.57,418.39,548.57,418.39,0,0,0,0,0,0,801959,745750
545,820,47464746,46315375,23817,8173,87,8178,0,-9,-18,-9,-18,1,1,1,548.57,418.39,548.57,418.39,0,0,0,0,0,0,1332334,1256458
546,821,45676298,46881083,23933,8173,87,8178,0,-9,-18,-9,-18,1,1,1,548.57,418.39,548.57,418.39,0,0,0,0,0,0,732250,682708
547,822,43444834,41281333,24381,8173,87,8178,0,-9,-18,-9,-18,1,1,1,548.57,418.39,548.57,418.39,0,0,0,0,0,0,656375,617250
548,823,42618330,43675833,24121,8173,87,8178,0,-8,-18,-8,-18,1,1,1,594.29,422.77,594.29,422.77,0,0,0,0,0,0,841333,783375
549,824,41147626,42054208,23881,8173,87,8178,0,-8,-18,-8,-18,1,1,1,594.29,422.77,594.29,422.77,0,0,0,0,0,0,669291,631792
550,825,46709828,46766625,23817,8173,87,8178,0,-8,-18,-8,-18,1,1,1,594.29,422.77,594.29,422.77,0,0,0,0,0,0,875083,819542
551,826,46458248,45231042,23869,8173,87,8178,0,-8,-18,-8,-18,1,1,1,594.29,422.77,594.29,422.77,0,0,0,0,0,0,726375,674958
552,827,49806129,51017542,23969,8173,87,8178,0,-6,-18,-6,-18,1,1,1,685.71,416.09,685.71,416.09,0,0,0,0,0,0,1181750,1104042
553,828,46669621,46628833,23817,8173,90,8178,0,-6,-18,-6,-18,1,1,1,685.71,416.09,685.71,416.09,0,0,0,0,0,0,763791,720417
554,829,46263497,44788708,23817,8173,87,8178,0,-6,-18,-6,-18,1,1,1,685.71,416.09,685.71,416.09,0,0,0,0,0,0,763917,712375
555,830,55095251,56267875,23881,8173,87,8178,0,-6,-18,-6,-18,1,1,1,685.71,416.09,685.71,416.09,0,0,0,0,0,0,1195667,1145459
556,831,55696457,54476750,23957,8174,88,8179,0,-5,-18,-5,-18,1,1,1,731.43,431,731.43,431,0,0,0,0,0,0,846833,790166
557,832,67363627,66907875,24445,8173,87,8178,0,-5,-18,-5,-18,1,1,1,731.43,431,731.43,431,0,0,0,0,0,0,1047375,975792
558,833,61009503,61233958,24033,8173,87,8178,0,-5,-18,-5,-18,1,1,1,731.43,431,731.43,431,0,0,0,0,0,0,1051500,974958
559,834,54397415,55951958,23969,8173,87,8178,0,-5,-18,-5,-18,1,1,1,731.43,431,731.43,431,0,0,0,0,0,0,934083,882458
560,835,50065916,48934000,23341,8173,87,8178,0,-4,-18,-4,-18,1,1,1,777.14,453.14,777.14,453.14,0,0,0,0,0,0,922125,876417
561,836,46279165,47341709,23353,8085,87,8090,0,-4,-18,-4,-18,1,1,1,777.14,453.14,777.14,453.14,0,0,0,0,0,0,744833,700625
562,837,43327294,43469625,26827,8085,90,8090,0,-4,-18,-4,-18,1,1,1,777.14,453.14,777.14,453.14,0,0,0,0,0,0,623833,562042
563,838,35570576,34560875,25967,8085,87,8090,0,-4,-18,-4,-18,1,1,1,777.14,453.14,777.14,453.14,0,0,0,0,0,0,628208,594416
564,839,32303918,33287208,23353,8085,87,8090,0,-3,-18,-3,-18,1,1,1,822.86,475.99,822.86,475.99,0,0,0,0,0,0,586167,549833
565,840,33632043,33593458,23341,8085,87,8090,0,-3,-18,-3,-18,1,1,1,822.86,475.99,822.86,475.99,0,0,0,0,0,0,576083,538500
566,841,34317288,33272209,23289,8085,87,8090,0,-3,-18,-3,-18,1,1,1,822.86,475.99,822.86,475.99,0,0,0,0,0,0,551125,516875
567,842,32417666,33434875,23441,8085,87,8090,0,-3,-18,-3,-18,1,1,1,822.86,475.99,822.86,475.99,0,0,0,0,0,0,584291,554667
568,843,33341623,33356042,23289,8085,87,8090,0,-2,-18,-2,-18,1,1,1,868.57,498.85,868.57,498.85,0,0,0,0,0,0,593166,552000
569,844,33674418,32703750,23853,8085,87,8090,0,-2,-18,-2,-18,1,1,1,868.57,498.85,868.57,498.85,0,0,0,0,0,0,551500,521583
570,845,30323121,30351542,23505,8085,87,8090,0,-2,-18,-2,-18,1,1,1,868.57,498.85,868.57,498.85,0,0,0,0,0,0,508584,481917
571,846,29357751,30195958,23353,8086,88,8091,0,-2,-18,-2,-18,1,1,1,868.57,498.85,868.57,498.85,0,0,0,0,0,0,527125,492917
572,847,30001290,30070708,23429,8085,87,8090,0,-1,-18,-1,-18,1,1,1,914.29,521.71,914.29,521.71,0,0,0,0,0,0,553500,522042
573,848,30567042,30515333,23289,8085,87,8090,0,-1,-18,-1,-18,1,1,1,914.29,521.71,914.29,521.71,0,0,0,0,0,0,544709,519000
574,849,31195458,30284500,23289,8085,87,8090,0,-1,-18,-1,-18,1,1,1,914.29,521.71,914.29,521.71,0,0,0,0,0,0,529166,497375
575,850,29318835,30192417,23353,8085,87,8090,0,-1,-18,-1,-18,1,1,1,914.29,521.71,914.29,521.71,0,0,0,0,0,0,501834,472083
576,851,32786082,32755375,23289,8085,87,8090,0,0,-18,0,-18,1,1,1,960,544.56,960,544.56,0,0,0,0,0,0,563000,536791
577,852,33640291,33640459,23377,8085,90,8090,0,0,-18,0,-18,1,1,1,960,544.56,960,544.56,0,0,0,0,0,0,558209,519083
578,853,34325543,33320625,23289,8085,87,8090,0,0,-18,0,-18,1,1,1,960,544.56,960,544.56,0,0,0,0,0,0,594958,566083
579,854,32420877,33386250,23405,8085,87,8090,0,0,-18,0,-18,1,1,1,960,544.56,960,544.56,0,0,0,0,0,0,597041,561750
580,855,33172208,33182375,23289,8085,87,8090,0,1,-18,1,-18,1,1,1,1005.71,567.42,1005.71,567.42,0,0,0,0,0,0,590333,557208
581,856,35313040,34160833,23289,8085,87,8090,0,1,-18,1,-18,1,1,1,1005.71,567.42,1005.71,567.42,0,0,0,0,0,0,573750,544500
582,857,34221295,35328208,23441,8085,87,8090,0,1,-18,1,-18,1,1,1,1005.71,567.42,1005.71,567.42,0,0,0,0,0,0,544667,516917
583,858,35578537,35537041,23289,8085,87,8090,0,1,-18,1,-18,1,1,1,1005.71,567.42,1005.71,567.42,0,0,0,0,0,0,552959,521209
584,859,37376545,35179041,23853,8085,87,8090,0,2,-18,2,-18,1,1,1,1051.43,590.28,1051.43,590.28,0,0,0,0,0,0,570250,539625
585,860,34098375,36222583,23621,8085,87,8090,0,2,-18,2,-18,1,1,1,1051.43,590.28,1051.43,590.28,0,0,0,0,0,0,559458,530417
586,861,37099335,37082666,23289,8086,88,8091,0,2,-18,2,-18,1,1,1,1051.43,590.28,1051.43,590.28,0,0,0,0,0,0,934916,890500
587,862,39339952,37912250,23377,8085,87,8090,0,2,-18,2,-18,1,1,1,1051.43,590.28,1051.43,590.28,0,0,0,0,0,0,541708,512500
588,863,43532796,44878750,23353,8085,87,8090,0,3,-18,3,-18,1,1,1,1097.14,613.14,1097.14,613.14,0,0,0,0,0,0,772125,733125
589,864,53639166,53590250,23289,8085,87,8090,0,3,-18,3,-18,1,1,1,1097.14,613.14,1097.14,613.14,0,0,0,0,0,0,905292,850000
590,865,70378415,68278500,23341,8085,87,8090,0,3,-18,3,-18,1,1,1,1097.14,613.14,1097.14,613.14,0,0,0,0,0,0,1050375,998083
591,866,65968461,67732083,23441,8085,90,8090,0,3,-18,3,-18,1,1,1,1097.14,613.14,1097.14,613.14,0,0,0,0,0,0,1046042,990542
592,867,69190539,67404125,23289,8085,87,8090,0,4,-18,4,-18,1,1,1,1142.86,635.99,1142.86,635.99,0,0,0,0,0,0,1008458,947459
593,868,63596047,65223250,23405,8085,87,8090,0,4,-18,4,-18,1,1,1,1142.86,635.99,1142.86,635.99,0,0,0,0,0,0,980375,922875
594,869,70583954,67222500,23941,8085,87,8090,0,4,-18,4,-18,1,1,1,1142.86,635.99,1142.86,635.99,0,0,0,0,0,0,1077125,1012709
595,870,55953372,59632417,23569,8085,87,8090,0,4,-18,4,-18,1,1,1,1142.86,635.99,1142.86,635.99,0,0,0,0,0,0,981792,913958
596,871,54621875,53054375,23709,8085,87,8090,0,5,-18,5,-18,1,1,1,1188.57,662.98,1188.57,662.98,0,0,0,0,0,0,1166459,1106333
597,872,49698248,51290958,27363,8155,87,8160,0,5,-18,5,-18,1,1,1,1188.57,662.98,1188.57,662.98,0,0,0,0,0,0,801458,753375
598,873,51230464,49910417,26387,8155,87,8160,0,5,-18,5,-18,1,1,1,1188.57,662.98,1188.57,662.98,0,0,0,0,0,0,736209,687084
599,874,39208289,40526417,23773,8155,90,8160,0,5,-18,5,-18,1,1,1,1188.57,662.98,1188.57,662.98,0,0,0,0,0,0,710500,670750
600,875,40253706,40186041,23709,8155,87,8160,0,6,-18,6,-18,1,1,1,1234.29,696.59,1234.29,696.59,0,0,0,0,0,0,687917,643250
601,876,41274916,39738084,23797,8156,88,8161,0,6,-18,6,-18,1,1,1,1234.29,696.59,1234.29,696.59,0,0,0,0,0,0,697875,661333
602,877,43934337,45378750,23825,8155,87,8160,0,6,-18,6,-18,1,1,1,1234.29,696.59,1234.29,696.59,0,0,0,0,0,0,830250,777458
603,878,44975742,44984375,23709,8155,87,8160,0,6,-18,6,-18,1,1,1,1234.29,696.59,1234.29,696.59,0,0,0,0,0,0,779000,737000
604,879,48158377,45692833,24273,8155,87,8160,0,7,-18,7,-18,1,1,1,1280,736.66,1280,736.66,0,0,0,0,0,0,913333,854583
605,880,43001417,45445416,24077,8155,87,8160,0,7,-18,7,-18,1,1,1,1280,736.66,1280,736.66,0,0,0,0,0,0,736958,695333
606,881,45441377,45459791,23709,8155,87,8160,0,7,-18,7,-18,1,1,1,1280,736.66,1280,736.66,0,0,0,0,0,0,770791,717625
607,882,45861084,44606208,23761,8155,87,8160,0,7,-18,7,-18,1,1,1,1280,736.66,1280,736.66,0,0,0,0,0,0,778667,738000
608,883,48589121,49693375,23773,8155,87,8160,0,8,-18,8,-18,1,1,1,1325.71,772.98,1325.71,772.98,0,0,0,0,0,0,883000,832750
609,884,56810170,55645750,23797,8155,87,8160,0,8,-18,8,-18,1,1,1,1325.71,772.98,1325.71,772.98,0,0,0,0,0,0,984250,931208
610,885,47316376,48523000,23773,8155,90,8160,0,8,-18,8,-18,1,1,1,1325.71,772.98,1325.71,772.98,0,0,0,0,0,0,785917,731500
611,886,44835500,44810334,23709,8155,87,8160,0,8,-18,8,-18,1,1,1,1325.71,772.98,1325.71,772.98,0,0,0,0,0,0,760792,711875
612,887,46577706,45314792,23761,8155,87,8160,0,9,-18,9,-18,1,1,1,1371.43,801.36,1371.43,801.36,0,0,0,0,0,0,744917,690125
613,888,42398080,43623125,23861,8155,87,8160,0,9,-18,9,-18,1,1,1,1371.43,801.36,1371.43,801.36,0,0,0,0,0,0,713916,672792
614,889,44332958,43128250,24273,8155,87,8160,0,9,-18,9,-18,1,1,1,1371.43,801.36,1371.43,801.36,0,0,0,0,0,0,745125,694959
615,890,41679251,41774208,23925,8155,87,8160,0,9,-18,9,-18,1,1,1,1371.43,801.36,1371.43,801.36,0,0,0,0,0,0,730167,689583
616,891,36751631,37793666,23773,8156,88,8161,0,10,-18,10,-18,1,1,1,1417.14,823.72,1417.14,823.72,0,0,0,0,0,0,653833,610208
617,892,37445500,37497417,23849,8155,87,8160,0,10,-18,10,-18,1,1,1,1417.14,823.72,1417.14,823.72,0,0,0,0,0,0,670917,625750
618,893,37338498,36367208,23709,8155,87,8160,0,10,-18,10,-18,1,1,1,1417.14,823.72,1417.14,823.72,0,0,0,0,0,0,683875,642833
619,894,32230831,33195333,23773,8155,87,8160,0,10,-18,10,-18,1,1,1,1417.14,823.72,1417.14,823.72,0,0,0,0,0,0,598083,563167
620,895,33306669,33315542,23709,8155,87,8160,0,11,-18,11,-18,1,1,1,1462.86,845.83,1462.86,845.83,0,0,0,0,0,0,613959,574958
621,896,37394203,36298417,23709,8155,87,8160,0,11,-18,11,-18,1,1,1,1462.86,845.83,1462.86,845.83,0,0,0,0,0,0,716167,679250
622,897,32280292,33313000,23861,8155,90,8160,0,11,-18,11,-18,1,1,1,1462.86,845.83,1462.86,845.83,0,0,0,0,0,0,589917,550333
623,898,33425502,33410709,23761,8155,87,8160,0,11,-18,11,-18,1,1,1,1462.86,845.83,1462.86,845.83,0,0,0,0,0,0,629791,597167
624,899,34406293,33401625,23709,8155,87,8160,0,12,-18,12,-18,1,1,1,1508.57,868.27,1508.57,868.27,0,0,0,0,0,0,589958,547875
625,900,32501913,33467375,23773,8155,87,8160,0,12,-18,12,-18,1,1,1,1508.57,868.27,1508.57,868.27,0,0,0,0,0,0,634750,602542
626,901,33933665,33887958,23709,8155,87,8160,0,12,-18,12,-18,1,1,1,1508.57,868.27,1508.57,868.27,0,0,0,0,0,0,615917,579416
627,902,37724129,36363792,23797,8155,87,8160,0,12,-18,12,-18,1,1,1,1508.57,868.27,1508.57,868.27,0,0,0,0,0,0,640833,606458
628,903,35368870,36650750,23773,8155,87,8160,0,13,-18,13,-18,1,1,1,1554.29,892.25,1554.29,892.25,0,0,0,0,0,0,733000,675625
629,904,36940503,35982208,24325,8155,87,8160,0,13,-18,13,-18,1,1,1,1554.29,892.25,1554.29,892.25,0,0,0,0,0,0,1035917,986292
630,905,35415370,35440959,23925,8155,87,8160,0,13,-18,13,-18,1,1,1,1554.29,892.25,1554.29,892.25,0,0,0,0,0,0,580333,542667
631,906,35785339,36690000,23773,8156,88,8161,0,13,-18,13,-18,1,1,1,1554.29,892.25,1554.29,892.25,0,0,0,0,0,0,633083,599958
632,907,35409495,35412125,23797,8155,87,8160,0,14,-18,14,-18,1,1,1,1600,918.02,1600,918.02,0,0,0,0,0,0,610458,570209
633,908,36458086,35412917,23709,8155,87,8160,0,14,-18,14,-18,1,1,1,1600,918.02,1600,918.02,0,0,0,0,0,0,640125,607292
634,909,37822917,38846583,23773,8155,87,8160,0,14,-18,14,-18,1,1,1,1600,918.02,1600,918.02,0,0,0,0,0,0,625458,580625
635,910,47122873,46961625,23761,8155,87,8160,0,14,-18,14,-18,1,1,1,1600,918.02,1600,918.02,0,0,0,0,0,0,734042,688208
636,911,53395371,51753708,23797,8155,90,8160,0,15,-18,15,-18,1,1,1,1645.71,944.98,1645.71,944.98,0,0,0,0,0,0,885833,833333
637,912,62276706,63843792,23773,8155,87,8160,0,15,-18,15,-18,1,1,1,1645.71,944.98,1645.71,944.98,0,0,0,0,0,0,847375,799375
638,913,68793252,66623834,23709,8155,87,8160,0,15,-18,15,-18,1,1,1,1645.71,944.98,1645.71,944.98,0,0,0,0,0,0,1043709,975791
639,914,68300664,68217583,24477,8155,87,8160,0,15,-18,15,-18,1,1,1,1645.71,944.98,1645.71,944.98,0,0,0,0,0,0,1024459,964625
640,915,68749465,68858041,23925,8155,87,8160,0,16,-18,16,-18,1,1,1,1691.43,972.01,1691.43,972.01,0,0,0,0,0,0,1031000,962709
641,916,65989919,67828292,23773,8155,87,8160,0,16,-18,16,-18,1,1,1,1691.43,972.01,1691.43,972.01,0,0,0,0,0,0,1067709,1001583
642,917,66682659,65300167,23849,8155,87,8160,0,16,-18,16,-18,1,1,1,1691.43,972.01,1691.43,972.01,0,0,0,0,0,0,1083417,1002583
643,918,59023793,60591875,23773,8155,87,8160,0,16,-18,16,-18,1,1,1,1691.43,972.01,1691.43,972.01,0,0,0,0,0,0,1419334,1332791
644,919,53225085,51376542,23709,8155,90,8160,0,15,-18,15,-18,1,1,1,1645.71,944.98,1645.71,944.98,0,0,0,0,0,0,1456000,1397541
645,920,44376373,46282542,23861,8155,87,8160,0,15,-18,15,-18,1,1,1,1645.71,944.98,1645.71,944.98,0,0,0,0,0,0,748625,695834
646,921,45563790,45552209,23761,8156,88,8161,0,15,-18,15,-18,1,1,1,1645.71,944.98,1645.71,944.98,0,0,0,0,0,0,857875,803375
647,922,49165625,47914750,23709,8155,87,8160,0,15,-18,15,-18,1,1,1,1645.71,944.98,1645.71,944.98,0,0,0,0,0,0,739250,697792
648,923,47887455,47781583,24337,8155,87,8160,0,14,-18,14,-18,1,1,1,1600,918.02,1600,918.02,0,0,0,0,0,0,772834,723166
649,924,43654583,44833833,24013,8155,87,8160,0,14,-18,14,-18,1,1,1,1600,918.02,1600,918.02,0,0,0,0,0,0,709000,667167
650,925,54763831,53126417,23709,8155,87,8160,0,14,-18,14,-18,1,1,1,1600,918.02,1600,918.02,0,0,0,0,0,0,1032875,944125
651,926,53805667,55252833,23825,8155,87,8160,0,14,-18,14,-18,1,1,1,1600,918.02,1600,918.02,0,0,0,0,0,0,985125,929834
652,927,53381625,52170750,23797,8155,87,8160,0,13,-18,13,-18,1,1,1,1554.29,892.25,1554.29,892.25,0,0,0,0,0,0,872750,816792
653,928,49864873,51273333,23773,8155,87,8160,0,13,-18,13,-18,1,1,1,1554.29,892.25,1554.29,892.25,0,0,0,0,0,0,926333,867917
654,929,43264999,43261000,23709,8155,90,8160,0,13,-18,13,-18,1,1,1,1554.29,892.25,1554.29,892.25,0,0,0,0,0,0,721500,670083
655,930,42375538,41237792,23761,8155,87,8160,0,13,-18,13,-18,1,1,1,1554.29,892.25,1554.29,892.25,0,0,0,0,0,0,736875,695250
656,931,36825709,37953667,23861,8155,87,8160,0,12,-18,12,-18,1,1,1,1508.57,868.27,1508.57,868.27,0,0,0,0,0,0,675583,630333
657,932,37261627,37258042,23709,8155,87,8160,0,12,-18,12,-18,1,1,1,1508.57,868.27,1508.57,868.27,0,0,0,0,0,0,676334,639958
658,933,34842289,33809792,23709,8155,87,8160,0,12,-18,12,-18,1,1,1,1508.57,868.27,1508.57,868.27,0,0,0,0,0,0,603875,566292
659,934,33569835,34534417,23773,8155,87,8160,0,12,-18,12,-18,1,1,1,1508.57,868.27,1508.57,868.27,0,0,0,0,0,0,620000,587958
660,935,35688038,34637625,24273,8155,87,8160,0,11,-18,11,-18,1,1,1,1462.86,845.83,1462.86,845.83,0,0,0,0,0,0,639792,597959
661,936,34041836,34080541,24065,8156,88,8161,0,11,-18,11,-18,1,1,1,1462.86,845.83,1462.86,845.83,0,0,0,0,0,0,578958,546708
662,937,32914705,33927292,23773,8155,87,8160,0,11,-18,11,-18,1,1,1,1462.86,845.83,1462.86,845.83,0,0,0,0,0,0,611667,570208
663,938,33531624,33501625,23709,8155,87,8160,0,11,-18,11,-18,1,1,1,1462.86,845.83,1462.86,845.83,0,0,0,0,0,0,627167,594667
664,939,34634750,33615958,23709,8155,87,8160,0,10,-18,10,-18,1,1,1,1417.14,823.72,1417.14,823.72,0,0,0,0,0,0,626042,583292
665,940,32747250,33671584,23773,8155,87,8160,0,10,-18,10,-18,1,1,1,1417.14,823.72,1417.14,823.72,0,0,0,0,0,0,615417,582292
666,941,36307539,36374167,23797,8155,87,8160,0,10,-18,10,-18,1,1,1,1417.14,823.72,1417.14,823.72,0,0,0,0,0,0,887875,842166
667,942,34510124,33489833,23761,8155,90,8160,0,10,-18,10,-18,1,1,1,1417.14,823.72,1417.14,823.72,0,0,0,0,0,0,806959,767958
668,943,32499205,33494458,23773,8155,87,8160,0,9,-18,9,-18,1,1,1,1371.43,801.36,1371.43,801.36,0,0,0,0,0,0,590708,550708
669,944,33791083,33731625,23709,8155,87,8160,0,9,-18,9,-18,1,1,1,1371.43,801.36,1371.43,801.36,0,0,0,0,0,0,674375,630000
670,945,35124205,33900417,23709,8155,87,8160,0,9,-18,9,-18,1,1,1,1371.43,801.36,1371.43,801.36,0,0,0,0,0,0,623584,579500
671,946,32360877,33580333,23861,8155,87,8160,0,9,-18,9,-18,1,1,1,1371.43,801.36,1371.43,801.36,0,0,0,0,0,0,616750,581458
672,947,33097874,33060167,23709,8155,87,8160,0,8,-18,8,-18,1,1,1,1325.71,772.98,1325.71,772.98,0,0,0,0,0,0,590625,550125
673,948,34986041,33983708,23761,8155,87,8160,0,8,-18,8,-18,1,1,1,1325.71,772.98,1325.71,772.98,0,0,0,0,0,0,674041,640041
674,949,35586047,35492875,24337,8155,87,8160,0,8,-18,8,-18,1,1,1,1325.71,772.98,1325.71,772.98,0,0,0,0,0,0,642666,601250
675,950,36253124,37216209,23925,8155,87,8160,0,8,-18,8,-18,1,1,1,1325.71,772.98,1325.71,772.98,0,0,0,0,0,0,651167,619250
676,951,36861747,35963458,23797,8156,88,8161,0,7,-18,7,-18,1,1,1,1280,736.66,1280,736.66,0,0,0,0,0,0,618167,578708
677,952,39146747,39991333,23773,8155,87,8160,0,7,-18,7,-18,1,1,1,1280,736.66,1280,736.66,0,0,0,0,0,0,609417,577250
678,953,42728748,42701542,23709,8155,87,8160,0,7,-18,7,-18,1,1,1,1280,736.66,1280,736.66,0,0,0,0,0,0,657209,613084
679,954,52748292,50971125,23761,8155,87,8160,0,7,-18,7,-18,1,1,1,1280,736.66,1280,736.66,0,0,0,0,0,0,714042,665625
680,955,68191878,69855625,23861,8155,87,8160,0,6,-18,6,-18,1,1,1,1234.29,696.59,1234.29,696.59,0,0,0,0,0,0,952834,895167
681,956,71536287,69304209,23709,8155,90,8160,0,6,-18,6,-18,1,1,1,1234.29,696.59,1234.29,696.59,0,0,0,0,0,0,1190667,1105750
682,957,66621787,68641542,23773,8155,87,8160,0,6,-18,6,-18,1,1,1,1234.29,696.59,1234.29,696.59,0,0,0,0,0,0,1078833,1004458
683,958,72752714,69833500,23849,8155,87,8160,0,6,-18,6,-18,1,1,1,1234.29,696.59,1234.29,696.59,0,0,0,0,0,0,1516125,1402834
684,959,68227000,69425042,24337,8155,87,8160,0,5,-18,5,-18,1,1,1,1188.57,662.98,1188.57,662.98,0,0,0,0,0,0,1232625,1152417
685,960,65366789,64990000,23925,8155,87,8160,0,5,-18,5,-18,1,1,1,1188.57,662.98,1188.57,662.98,0,0,0,0,0,0,1099542,1037375
686,961,54148625,56301458,23913,8155,87,8160,0,5,-18,5,-18,1,1,1,1188.57,662.98,1188.57,662.98,0,0,0,0,0,0,851750,796917
687,962,56909546,55336709,23709,8155,87,8160,0,5,-18,5,-18,1,1,1,1188.57,662.98,1188.57,662.98,0,0,0,0,0,0,893334,835625
688,963,56724455,58210208,23353,8155,87,8160,0,4,-18,4,-18,1,1,1,1142.86,635.99,1142.86,635.99,0,0,0,0,0,0,1094459,1041875
689,964,52807297,51757459,26827,8085,90,8090,0,4,-18,4,-18,1,1,1,1142.86,635.99,1142.86,635.99,0,0,0,0,0,0,666000,629875
690,965,46199873,47252750,26083,8085,87,8090,0,4,-18,4,-18,1,1,1,1142.86,635.99,1142.86,635.99,0,0,0,0,0,0,805250,757625
691,966,46248164,46091083,23289,8086,88,8091,0,4,-18,4,-18,1,1,1,1142.86,635.99,1142.86,635.99,0,0,0,0,0,0,774792,735417
692,967,47850545,46229583,23289,8085,87,8090,0,3,-18,3,-18,1,1,1,1097.14,613.14,1097.14,613.14,0,0,0,0,0,0,726000,686834
693,968,46786040,47160750,24005,8085,87,8090,0,3,-18,3,-18,1,1,1,1097.14,613.14,1097.14,613.14,0,0,0,0,0,0,996667,949416
694,969,49499623,50837625,23505,8085,87,8090,0,3,-18,3,-18,1,1,1,1097.14,613.14,1097.14,613.14,0,0,0,0,0,0,699416,663083
695,970,56108623,54609666,23341,8085,87,8090,0,3,-18,3,-18,1,1,1,1097.14,613.14,1097.14,613.14,0,0,0,0,0,0,792750,750667
696,971,53598709,55047209,23441,8085,87,8090,0,2,-18,2,-18,1,1,1,1051.43,590.28,1051.43,590.28,0,0,0,0,0,0,793417,743000
697,972,54976288,53514334,23289,8085,87,8090,0,2,-18,2,-18,1,1,1,1051.43,590.28,1051.43,590.28,0,0,0,0,0,0,770208,717292
698,973,59734836,60788500,23353,8085,87,8090,0,2,-18,2,-18,1,1,1,1051.43,590.28,1051.43,590.28,0,0,0,0,0,0,1346708,1297084
699,974,57262286,55764459,23429,8085,90,8090,0,2,-18,2,-18,1,1,1,1051.43,590.28,1051.43,590.28,0,0,0,0,0,0,969417,908833
700,975,62378082,64184334,23353,8085,87,8090,0,1,-18,1,-18,1,1,1,1005.71,567.42,1005.71,567.42,0,0,0,0,0,0,1416750,1351125
701,976,54547667,53041250,23289,8085,87,8090,0,1,-18,1,-18,1,1,1,1005.71,567.42,1005.71,567.42,0,0,0,0,0,0,783417,740375
702,977,52593331,52563375,24005,8085,87,8090,0,1,-18,1,-18,1,1,1,1005.71,567.42,1005.71,567.42,0,0,0,0,0,0,803958,740000
703,978,43878789,45424042,23557,8085,87,8090,0,1,-18,1,-18,1,1,1,1005.71,567.42,1005.71,567.42,0,0,0,0,0,0,784583,740875
704,979,42654167,41484708,23289,8085,87,8090,0,0,-18,0,-18,1,1,1,960,544.56,960,544.56,0,0,0,0,0,0,654833,618083
705,980,37068124,38173584,23353,8085,87,8090,0,0,-18,0,-18,1,1,1,960,544.56,960,544.56,0,0,0,0,0,0,625250,582958
706,981,35827372,35868334,23377,8086,88,8091,0,0,-18,0,-18,1,1,1,960,544.56,960,544.56,0,0,0,0,0,0,595250,561750
707,982,37819541,36826292,23289,8085,87,8090,0,0,-18,0,-18,1,1,1,960,544.56,960,544.56,0,0,0,0,0,0,672750,640458
708,983,33463541,34410000,23353,8085,90,8090,0,-1,-18,-1,-18,1,1,1,914.29,521.71,914.29,521.71,0,0,0,0,0,0,540625,505709
709,984,33645875,33665958,23341,8085,87,8090,0,-1,-18,-1,-18,1,1,1,914.29,521.71,914.29,521.71,0,0,0,0,0,0,570167,540750
710,985,35865165,34782333,23289,8085,87,8090,0,-1,-18,-1,-18,1,1,1,914.29,521.71,914.29,521.71,0,0,0,0,0,0,566292,537917
711,986,34383792,35416459,23441,8085,87,8090,0,-1,-18,-1,-18,1,1,1,914.29,521.71,914.29,521.71,0,0,0,0,0,0,593792,558917
712,987,36755036,36576875,23289,8085,87,8090,0,-2,-18,-2,-18,1,1,1,868.57,498.85,868.57,498.85,0,0,0,0,0,0,784125,745459
713,988,36543212,35595083,23289,8085,87,8090,0,-2,-18,-2,-18,1,1,1,868.57,498.85,868.57,498.85,0,0,0,0,0,0,569917,537291
714,989,34871540,35832458,23353,8085,87,8090,0,-2,-18,-2,-18,1,1,1,868.57,498.85,868.57,498.85,0,0,0,0,0,0,721500,681041
715,990,36979746,35861500,23905,8085,87,8090,0,-2,-18,-2,-18,1,1,1,868.57,498.85,868.57,498.85,0,0,0,0,0,0,698792,661500
716,991,36753587,36915875,23593,8085,87,8090,0,-3,-18,-3,-18,1,1,1,822.86,475.99,822.86,475.99,0,0,0,0,0,0,534334,504958
717,992,37955038,38900292,23353,8085,87,8090,0,-3,-18,-3,-18,1,1,1,822.86,475.99,822.86,475.99,0,0,0,0,0,0,911375,845458
718,993,41522625,41501125,23289,8085,87,8090,0,-3,-18,-3,-18,1,1,1,822.86,475.99,822.86,475.99,0,0,0,0,0,0,640416,607792
719,994,46683587,44936250,23289,8085,87,8090,0,-3,-18,-3,-18,1,1,1,822.86,475.99,822.86,475.99,0,0,0,0,0,0,662958,625208
720,995,53896330,55535291,39716,8085,87,8090,0,-4,-18,-4,-18,1,1,1,777.14,453.14,777.14,453.14,0,0,0,0,0,0,811583,751292
721,996,72038583,69659542,23341,8086,88,8091,0,-4,-18,-4,-18,1,1,1,777.14,453.14,777.14,453.14,0,0,0,0,0,0,1216500,1133959
722,997,66136412,68222292,23353,8085,90,8090,0,-4,-18,-4,-18,1,1,1,777.14,453.14,777.14,453.14,0,0,0,0,0,0,1571584,1094459
723,998,68064585,66161792,23377,8085,87,8090,0,-4,-18,-4,-18,1,1,1,777.14,453.14,777.14,453.14,0,0,0,0,0,0,1387209,1335458
724,999,67409001,67379375,24497,8085,87,8090,0,-5,-18,-5,-18,1,1,1,731.43,431,731.43,431,0,0,0,0,0,0,1341958,1275833
725,1000,62699504,63234208,24033,8173,87,8178,0,-5,-18,-5,-18,1,1,1,731.43,431,731.43,431,0,0,0,0,0,0,1073208,1008416
726,1001,60501664,61847458,36267,8173,87,8178,0,-5,-18,-5,-18,1,1,1,731.43,431,731.43,431,0,0,0,0,0,0,1038458,967292
727,1002,46862874,45570417,26495,8173,87,8178,0,-5,-18,-5,-18,1,1,1,731.43,431,731.43,431,0,0,0,0,0,0,992292,933417
728,1003,44706165,46115916,23933,8173,87,8178,0,-6,-18,-6,-18,1,1,1,685.71,416.09,685.71,416.09,0,0,0,0,0,0,943625,888458
729,1004,47857668,47947333,23905,8173,87,8178,0,-6,-18,-6,-18,1,1,1,685.71,416.09,685.71,416.09,0,0,0,0,0,0,848292,795833
730,1005,47285579,46123209,23817,8173,90,8178,0,-6,-18,-6,-18,1,1,1,685.71,416.09,685.71,416.09,0,0,0,0,0,0,933708,884250
731,1006,46724878,47828625,23881,8173,87,8178,0,-6,-18,-6,-18,1,1,1,685.71,416.09,685.71,416.09,0,0,0,0,0,0,772709,723291
732,1007,49474667,49127833,23817,8173,87,8178,0,-8,-18,-8,-18,1,1,1,594.29,422.77,594.29,422.77,0,0,0,0,0,0,753459,708958
733,1008,56613959,55468417,23957,8173,87,8178,0,-8,-18,-8,-18,1,1,1,594.29,422.77,594.29,422.77,0,0,0,0,0,0,846666,790708
734,1009,64522162,63858500,24445,8173,87,8178,0,-8,-18,-8,-18,1,1,1,594.29,422.77,594.29,422.77,0,0,0,0,0,0,951167,896208
735,1010,68133287,68133333,24033,8173,87,8178,0,-8,-18,-8,-18,1,1,1,594.29,422.77,594.29,422.77,0,0,0,0,0,0,1414917,1308958
736,1011,56508708,58383542,23969,8174,88,8179,0,-9,-18,-9,-18,1,1,1,548.57,418.39,548.57,418.39,0,0,0,0,0,0,1144166,1064375
737,1012,56291121,54887917,23869,8173,87,8178,0,-9,-18,-9,-18,1,1,1,548.57,418.39,548.57,418.39,0,0,0,0,0,0,871750,808667
738,1013,58723002,60088459,23881,8173,87,8178,0,-9,-18,-9,-18,1,1,1,548.57,418.39,548.57,418.39,0,0,0,0,0,0,1129625,1063125
739,1014,54964166,53695792,23905,8173,90,8178,0,-9,-18,-9,-18,1,1,1,548.57,418.39,548.57,418.39,0,0,0,0,0,0,901042,841041
740,1015,47086082,48464000,23881,8173,87,8178,0,-10,-18,-10,-18,1,1,1,502.86,399.44,502.86,399.44,0,0,0,0,0,0,853792,800750
741,1016,43806463,43781375,23869,8173,87,8178,0,-10,-18,-10,-18,1,1,1,502.86,399.44,502.86,399.44,0,0,0,0,0,0,737750,685166
742,1017,44813081,43582542,23817,8173,87,8178,0,-10,-18,-10,-18,1,1,1,502.86,399.44,502.86,399.44,0,0,0,0,0,0,731333,686250
743,1018,42354080,42444208,24533,8173,87,8178,0,-10,-18,-10,-18,1,1,1,502.86,399.44,502.86,399.44,0,0,0,0,0,0,735500,684750
744,1019,37107545,38235875,24033,8173,87,8178,0,-11,-18,-11,-18,1,1,1,457.14,380.06,457.14,380.06,0,0,0,0,0,0,681250,643791
745,1020,39594244,38466166,23817,8173,87,8178,0,-11,-18,-11,-18,1,1,1,457.14,380.06,457.14,380.06,0,0,0,0,0,0,655708,607833
746,1021,36343041,37417292,23933,8173,87,8178,0,-11,-18,-11,-18,1,1,1,457.14,380.06,457.14,380.06,0,0,0,0,0,0,694291,648083
747,1022,33699914,33719083,23905,8173,87,8178,0,-11,-18,-11,-18,1,1,1,457.14,380.06,457.14,380.06,0,0,0,0,0,0,608417,566708
748,1023,34078091,33082167,23817,8173,87,8178,0,-12,-18,-12,-18,1,1,1,411.43,359.32,411.43,359.32,0,0,0,0,0,0,633958,599334
749,1024,32654330,33619333,23881,8173,87,8178,0,-12,-18,-12,-18,1,1,1,411.43,359.32,411.43,359.32,0,0,0,0,0,0,610916,570666
750,1025,36271959,36283875,23817,8173,87,8178,0,-12,-18,-12,-18,1,1,1,411.43,359.32,411.43,359.32,0,0,0,0,0,0,683083,649875
751,1026,34435953,33345416,23817,8174,91,8179,0,-12,-18,-12,-18,1,1,1,411.43,359.32,411.43,359.32,0,0,0,0,0,0,595083,554125
752,1027,32635960,33703917,24021,8173,87,8178,0,-13,-18,-13,-18,1,1,1,365.71,336.6,365.71,336.6,0,0,0,0,0,0,593083,558542
753,1028,33619202,33573792,23817,8173,87,8178,0,-13,-18,-13,-18,1,1,1,365.71,336.6,365.71,336.6,0,0,0,0,0,0,605250,562833
754,1029,34644003,33650250,23817,8173,87,8178,0,-13,-18,-13,-18,1,1,1,365.71,336.6,365.71,336.6,0,0,0,0,0,0,627209,594000
755,1030,32725412,33683416,23881,8173,87,8178,0,-13,-18,-13,-18,1,1,1,365.71,336.6,365.71,336.6,0,0,0,0,0,0,633458,592084
756,1031,33496420,33458250,23817,8173,87,8178,0,-14,-18,-14,-18,1,1,1,320,311.82,320,311.82,0,0,0,0,0,0,611875,578792
757,1032,34497249,33527667,23905,8173,87,8178,0,-14,-18,-14,-18,1,1,1,320,311.82,320,311.82,0,0,0,0,0,0,637833,595292
758,1033,33611912,33599125,24497,8173,87,8178,0,-14,-18,-14,-18,1,1,1,320,311.82,320,311.82,0,0,0,0,0,0,625208,592250
759,1034,32248795,33200417,24033,8173,87,8178,0,-14,-18,-14,-18,1,1,1,320,311.82,320,311.82,0,0,0,0,0,0,614584,573875
760,1035,34423079,33451125,23817,8173,87,8178,0,-15,-18,-15,-18,1,1,1,274.29,285.43,274.29,285.43,0,0,0,0,0,0,599584,566667
761,1036,32549504,33461958,23881,8173,87,8178,0,-15,-18,-15,-18,1,1,1,274.29,285.43,274.29,285.43,0,0,0,0,0,0,616333,553416
762,1037,33406957,33444541,23905,8173,87,8178,0,-15,-18,-15,-18,1,1,1,274.29,285.43,274.29,285.43,0,0,0,0,0,0,626375,570583
763,1038,34385167,33376708,23817,8173,87,8178,0,-15,-18,-15,-18,1,1,1,274.29,285.43,274.29,285.43,0,0,0,0,0,0,711250,653834
764,1039,32580994,33579125,23933,8173,87,8178,0,-16,-18,-16,-18,1,1,1,228.57,258.09,228.57,258.09,0,0,0,0,0,0,618125,569791
765,1040,36691334,36668958,23817,8173,87,8178,0,-16,-18,-16,-18,1,1,1,228.57,258.09,228.57,258.09,0,0,0,0,0,0,737625,675958
766,1041,34477457,33432083,23817,8174,91,8179,0,-16,-18,-16,-18,1,1,1,228.57,258.09,228.57,258.09,0,0,0,0,0,0,605584,556500
767,1042,33172249,34075417,23969,8173,87,8178,0,-16,-18,-16,-18,1,1,1,228.57,258.09,228.57,258.09,0,0,0,0,0,0,627375,566000
768,1043,35437919,35516750,23817,8173,87,8178,0,-17,-18,-17,-18,1,1,1,182.86,230.19,182.86,230.19,0,0,0,0,0,0,657125,601792
769,1044,38247667,37213750,23817,8173,87,8178,0,-17,-18,-17,-18,1,1,1,182.86,230.19,182.86,230.19,0,0,0,0,0,0,658875,595625
770,1045,37223625,38192875,23933,8173,87,8178,0,-17,-18,-17,-18,1,1,1,182.86,230.19,182.86,230.19,0,0,0,0,0,0,631875,580625
771,1046,37982873,37929500,23817,8173,87,8178,0,-17,-18,-17,-18,1,1,1,182.86,230.19,182.86,230.19,0,0,0,0,0,0,713584,654250
772,1047,40961168,38868833,24469,8173,87,8178,0,-16,-18,-16,-18,1,1,1,228.57,258.09,228.57,258.09,0,0,0,0,0,0,652458,600416
773,1048,44538371,46609500,24097,8173,87,8178,0,-16,-18,-16,-18,1,1,1,228.57,258.09,228.57,258.09,0,0,0,0,0,0,786083,712167
774,1049,52417170,52342625,23817,8173,87,8178,0,-16,-18,-16,-18,1,1,1,228.57,258.09,228.57,258.09,0,0,0,0,0,0,745083,684083
775,1050,67716665,65424875,23869,8173,87,8178,0,-16,-18,-16,-18,1,1,1,228.57,258.09,228.57,258.09,0,0,0,0,0,0,1038875,964000
776,1051,64780659,66911250,23969,8173,87,8178,0,-15,-18,-15,-18,1,1,1,274.29,285.43,274.29,285.43,0,0,0,0,0,0,1261750,1167375
777,1052,74660792,72591625,23817,8173,87,8178,0,-15,-18,-15,-18,1,1,1,274.29,285.43,274.29,285.43,0,0,0,0,0,0,1319292,1118625
778,1053,66423878,68370208,23933,8173,90,8178,0,-15,-18,-15,-18,1,1,1,274.29,285.43,274.29,285.43,0,0,0,0,0,0,1313750,1209000
779,1054,70036038,67940750,23905,8173,87,8178,0,-15,-18,-15,-18,1,1,1,274.29,285.43,274.29,285.43,0,0,0,0,0,0,1068959,954333
780,1055,65410748,65831292,24445,8173,87,8178,0,-14,-18,-14,-18,1,1,1,320,311.82,320,311.82,0,0,0,0,0,0,1106292,1015625
781,1056,56648205,56741209,24085,8174,88,8179,0,-14,-18,-14,-18,1,1,1,320,311.82,320,311.82,0,0,0,0,0,0,921708,858792
782,1057,55807873,57226000,23969,8173,87,8178,0,-14,-18,-14,-18,1,1,1,320,311.82,320,311.82,0,0,0,0,0,0,926583,876042
783,1058,50955712,50003958,23817,8173,87,8178,0,-14,-18,-14,-18,1,1,1,320,311.82,320,311.82,0,0,0,0,0,0,891042,814750
784,1059,49278166,50197625,23881,8173,87,8178,0,-13,-18,-13,-18,1,1,1,365.71,336.6,365.71,336.6,0,0,0,0,0,0,798500,735667
785,1060,53159248,52117167,23957,8173,87,8178,0,-13,-18,-13,-18,1,1,1,365.71,336.6,365.71,336.6,0,0,0,0,0,0,1128417,1077792
786,1061,50741169,51945542,23881,8173,90,8178,0,-13,-18,-13,-18,1,1,1,365.71,336.6,365.71,336.6,0,0,0,0,0,0,783417,737708
787,1062,55861417,54029000,23817,8173,87,8178,0,-13,-18,-13,-18,1,1,1,365.71,336.6,365.71,336.6,0,0,0,0,0,0,1136708,1079375
788,1063,53349744,55120750,23969,8173,87,8178,0,-12,-18,-12,-18,1,1,1,411.43,359.32,411.43,359.32,0,0,0,0,0,0,879042,823166
789,1064,55989541,53392458,24433,8173,87,8178,0,-12,-18,-12,-18,1,1,1,411.43,359.32,411.43,359.32,0,0,0,0,0,0,908917,848208
790,1065,49382332,51851042,24097,8173,87,8178,0,-12,-18,-12,-18,1,1,1,411.43,359.32,411.43,359.32,0,0,0,0,0,0,853500,802417
791,1066,53407922,51676334,23905,8173,87,8178,0,-12,-18,-12,-18,1,1,1,411.43,359.32,411.43,359.32,0,0,0,0,0,0,926333,858500
792,1067,52408538,54197708,23881,8173,87,8178,0,-11,-18,-11,-18,1,1,1,457.14,380.06,457.14,380.06,0,0,0,0,0,0,1132250,1070375
793,1068,55854585,54355292,23869,8173,87,8178,0,-11,-18,-11,-18,1,1,1,457.14,380.06,457.14,380.06,0,0,0,0,0,0,853625,776917
794,1069,53256250,54754666,23969,8173,87,8178,0,-11,-18,-11,-18,1,1,1,457.14,380.06,457.14,380.06,0,0,0,0,0,0,970458,909750
795,1070,43907079,43909084,23817,8173,90,8178,0,-11,-18,-11,-18,1,1,1,457.14,380.06,457.14,380.06,0,0,0,0,0,0,777750,727750
796,1071,44234298,43110958,23817,8174,88,8179,0,-10,-18,-10,-18,1,1,1,502.86,399.44,502.86,399.44,0,0,0,0,0,0,726250,681875
797,1072,37075538,38137792,23881,8173,87,8178,0,-10,-18,-10,-18,1,1,1,502.86,399.44,502.86,399.44,0,0,0,0,0,0,716375,670000
798,1073,38138337,38158916,23957,8173,87,8178,0,-10,-18,-10,-18,1,1,1,502.86,399.44,502.86,399.44,0,0,0,0,0,0,680000,633208
799,1074,38425743,37433375,23817,8173,87,8178,0,-10,-18,-10,-18,1,1,1,502.86,399.44,502.86,399.44,0,0,0,0,0,0,775958,725458
800,1075,33907752,33857417,24445,8173,87,8178,0,-9,-18,-9,-18,1,1,1,548.57,418.39,548.57,418.39,0,0,0,0,0,0,640750,606292
801,1076,32874334,33895500,24033,8173,87,8178,0,-9,-18,-9,-18,1,1,1,548.57,418.39,548.57,418.39,0,0,0,0,0,0,601667,551958
802,1077,35006958,33905042,23817,8173,87,8178,0,-9,-18,-9,-18,1,1,1,548.57,418.39,548.57,418.39,0,0,0,0,0,0,630875,596125
803,1078,34286707,35328959,23969,8173,87,8178,0,-9,-18,-9,-18,1,1,1,548.57,418.39,548.57,418.39,0,0,0,0,0,0,666250,617750
804,1079,36334458,36330500,23869,8173,87,8178,0,-8,-18,-8,-18,1,1,1,594.29,422.77,594.29,422.77,0,0,0,0,0,0,1433542,1369208
805,1080,36854125,35539166,23817,8173,87,8178,0,-8,-18,-8,-18,1,1,1,594.29,422.77,594.29,422.77,0,0,0,0,0,0,634750,593959
806,1081,35017877,36297708,23881,8173,87,8178,0,-8,-18,-8,-18,1,1,1,594.29,422.77,594.29,422.77,0,0,0,0,0,0,625083,586958
807,1082,38521874,38469625,23817,8173,87,8178,0,-8,-18,-8,-18,1,1,1,594.29,422.77,594.29,422.77,0,0,0,0,0,0,703167,656083
808,1083,38586996,37488292,23905,8173,90,8178,0,-6,-18,-6,-18,1,1,1,685.71,416.09,685.71,416.09,0,0,0,0,0,0,717750,651875
809,1084,38568545,39603584,23881,8173,87,8178,0,-6,-18,-6,-18,1,1,1,685.71,416.09,685.71,416.09,0,0,0,0,0,0,700917,653250
810,1085,43689999,43710333,23869,8173,87,8178,0,-6,-18,-6,-18,1,1,1,685.71,416.09,685.71,416.09,0,0,0,0,0,0,666750,628750
811,1086,48169791,46439750,23817,8174,88,8179,0,-6,-18,-6,-18,1,1,1,685.71,416.09,685.71,416.09,0,0,0,0,0,0,925417,874084
812,1087,52839916,54411875,23969,8173,87,8178,0,-5,-18,-5,-18,1,1,1,731.43,431,731.43,431,0,0,0,0,0,0,1075875,1008792
813,1088,70345871,66741542,24381,8173,87,8178,0,-5,-18,-5,-18,1,1,1,731.43,431,731.43,431,0,0,0,0,0,0,1041541,963166
814,1089,65908297,69281292,24149,8173,87,8178,0,-5,-18,-5,-18,1,1,1,731.43,431,731.43,431,0,0,0,0,0,0,1019375,953917
815,1090,71069203,69098000,23905,8173,87,8178,0,-5,-18,-5,-18,1,1,1,731.43,431,731.43,431,0,0,0,0,0,0,1111666,1033084
816,1091,66924378,68941458,23353,8173,87,8178,0,-4,-18,-4,-18,1,1,1,777.14,453.14,777.14,453.14,0,0,0,0,0,0,1079834,1007208
817,1092,74917457,73162458,23341,8085,87,8090,0,-4,-18,-4,-18,1,1,1,777.14,453.14,777.14,453.14,0,0,0,0,0,0,1163292,1086667
818,1093,62737584,64437542,26891,8085,90,8090,0,-4,-18,-4,-18,1,1,1,777.14,453.14,777.14,453.14,0,0,0,0,0,0,838209,786208
819,1094,58370083,56845667,25967,8085,87,8090,0,-4,-18,-4,-18,1,1,1,777.14,453.14,777.14,453.14,0,0,0,0,0,0,878500,831292
820,1095,54384827,54469667,23917,8085,87,8090,0,-3,-18,-3,-18,1,1,1,822.86,475.99,822.86,475.99,0,0,0,0,0,0,888625,832125
821,1096,51655840,51725750,23645,8085,87,8090,0,-3,-18,-3,-18,1,1,1,822.86,475.99,822.86,475.99,0,0,0,0,0,0,936791,870167
822,1097,47803457,49271209,23353,8085,87,8090,0,-3,-18,-3,-18,1,1,1,822.86,475.99,822.86,475.99,0,0,0,0,0,0,741375,701625
823,1098,56175958,54280209,23289,8085,87,8090,0,-3,-18,-3,-18,1,1,1,822.86,475.99,822.86,475.99,0,0,0,0,0,0,797333,738166
824,1099,53470626,55104917,23441,8085,87,8090,0,-2,-18,-2,-18,1,1,1,868.57,498.85,868.57,498.85,0,0,0,0,0,0,1043458,991208
825,1100,61871081,60525916,23341,8085,87,8090,0,-2,-18,-2,-18,1,1,1,868.57,498.85,868.57,498.85,0,0,0,0,0,0,1244208,1183958
826,1101,54498828,55788667,23353,8086,91,8091,0,-2,-18,-2,-18,1,1,1,868.57,498.85,868.57,498.85,0,0,0,0,0,0,808500,747000
827,1102,55855628,54582458,23377,8085,87,8090,0,-2,-18,-2,-18,1,1,1,868.57,498.85,868.57,498.85,0,0,0,0,0,0,777250,733042
828,1103,54654747,55996833,23353,8085,87,8090,0,-1,-18,-1,-18,1,1,1,914.29,521.71,914.29,521.71,0,0,0,0,0,0,834875,782125
829,1104,52821088,51329292,23341,8085,87,8090,0,-1,-18,-1,-18,1,1,1,914.29,521.71,914.29,521.71,0,0,0,0,0,0,792334,737292
830,1105,49953792,50270834,24005,8085,87,8090,0,-1,-18,-1,-18,1,1,1,914.29,521.71,914.29,521.71,0,0,0,0,0,0,775708,733209
831,1106,42494580,43728042,23505,8085,87,8090,0,-1,-18,-1,-18,1,1,1,914.29,521.71,914.29,521.71,0,0,0,0,0,0,715833,678625
832,1107,43516170,42402666,23289,8085,87,8090,0,0,-18,0,-18,1,1,1,960,544.56,960,544.56,0,0,0,0,0,0,737166,691041
833,1108,37245243,38279333,23353,8085,87,8090,0,0,-18,0,-18,1,1,1,960,544.56,960,544.56,0,0,0,0,0,0,605417,573917
834,1109,35954046,36006375,23429,8085,87,8090,0,0,-18,0,-18,1,1,1,960,544.56,960,544.56,0,0,0,0,0,0,648458,615375
835,1110,37549037,36545792,23491,8085,87,8090,0,0,-18,0,-18,1,1,1,960,544.56,960,544.56,0,0,0,0,0,0,662750,625750
836,1111,32669167,33647834,23353,8085,90,8090,0,1,-18,1,-18,1,1,1,1005.71,567.42,1005.71,567.42,0,0,0,0,0,0,576166,547084
837,1112,33711414,33637708,23289,8085,87,8090,0,1,-18,1,-18,1,1,1,1005.71,567.42,1005.71,567.42,0,0,0,0,0,0,589166,558541
838,1113,34939043,33936291,23289,8085,87,8090,0,1,-18,1,-18,1,1,1,1005.71,567.42,1005.71,567.42,0,0,0,0,0,0,594333,560416
839,1114,33351998,34399625,23441,8085,87,8090,0,1,-18,1,-18,1,1,1,1005.71,567.42,1005.71,567.42,0,0,0,0,0,0,541000,513209
840,1115,34262336,34147917,23341,8085,87,8090,0,2,-18,2,-18,1,1,1,1051.43,590.28,1051.43,590.28,0,0,0,0,0,0,566333,529083
841,1116,37391368,36447000,23289,8086,88,8091,0,2,-18,2,-18,1,1,1,1051.43,590.28,1051.43,590.28,0,0,0,0,0,0,593125,552916
842,1117,34309834,35301875,23353,8085,87,8090,0,2,-18,2,-18,1,1,1,1051.43,590.28,1051.43,590.28,0,0,0,0,0,0,561833,533916
843,1118,37168543,35932209,23853,8085,87,8090,0,2,-18,2,-18,1,1,1,1051.43,590.28,1051.43,590.28,0,0,0,0,0,0,562375,532750
844,1119,35141829,35369458,23593,8085,87,8090,0,3,-18,3,-18,1,1,1,1097.14,613.14,1097.14,613.14,0,0,0,0,0,0,733042,684958
845,1120,36068707,37045000,23353,8085,87,8090,0,3,-18,3,-18,1,1,1,1097.14,613.14,1097.14,613.14,0,0,0,0,0,0,999750,957500
846,1121,35449214,35327542,23341,8085,87,8090,0,3,-18,3,-18,1,1,1,1097.14,613.14,1097.14,613.14,0,0,0,0,0,0,547458,519166
847,1122,38972292,37969209,23289,8085,87,8090,0,3,-18,3,-18,1,1,1,1097.14,613.14,1097.14,613.14,0,0,0,0,0,0,564666,529708
848,1123,38577783,39519333,23353,8085,87,8090,0,4,-18,4,-18,1,1,1,1142.86,635.99,1142.86,635.99,0,0,0,0,0,0,587959,555958
849,1124,53424667,53391916,23377,8085,87,8090,0,4,-18,4,-18,1,1,1,1142.86,635.99,1142.86,635.99,0,0,0,0,0,0,804083,764375
850,1125,56918337,54852125,23289,8085,90,8090,0,4,-18,4,-18,1,1,1,1142.86,635.99,1142.86,635.99,0,0,0,0,0,0,803625,734625
851,1126,65292201,67158791,23703,8085,87,8090,0,4,-18,4,-18,1,1,1,1142.86,635.99,1142.86,635.99,0,0,0,0,0,0,946417,894125
852,1127,68515464,66484041,23797,8085,87,8090,0,5,-18,5,-18,1,1,1,1188.57,662.98,1188.57,662.98,0,0,0,0,0,0,1229083,1170666
853,1128,69612041,69840708,24337,8155,87,8160,0,5,-18,5,-18,1,1,1,1188.57,662.98,1188.57,662.98,0,0,0,0,0,0,1052042,967250
854,1129,66891454,66189000,23977,8155,87,8160,0,5,-18,5,-18,1,1,1,1188.57,662.98,1188.57,662.98,0,0,0,0,0,0,1033875,975291
855,1130,70171333,72686500,27311,8155,87,8160,0,5,-18,5,-18,1,1,1,1188.57,662.98,1188.57,662.98,0,0,0,0,0,0,1129833,1058334
856,1131,57411331,55601625,26387,8156,88,8161,0,6,-18,6,-18,1,1,1,1234.29,696.59,1234.29,696.59,0,0,0,0,0,0,892792,845042
857,1132,57778123,59477375,23773,8155,87,8160,0,6,-18,6,-18,1,1,1,1234.29,696.59,1234.29,696.59,0,0,0,0,0,0,963541,893333
858,1133,53131796,51832291,23849,8155,90,8160,0,6,-18,6,-18,1,1,1,1234.29,696.59,1234.29,696.59,0,0,0,0,0,0,1139375,1090875
859,1134,44563543,45961625,23773,8155,87,8160,0,6,-18,6,-18,1,1,1,1234.29,696.59,1234.29,696.59,0,0,0,0,0,0,747084,699709
860,1135,46243999,46216791,23709,8155,87,8160,0,7,-18,7,-18,1,1,1,1280,736.66,1280,736.66,0,0,0,0,0,0,749292,705500
861,1136,53465206,51962166,23709,8155,87,8160,0,7,-18,7,-18,1,1,1,1280,736.66,1280,736.66,0,0,0,0,0,0,801541,727541
862,1137,54724335,54760083,24425,8155,87,8160,0,7,-18,7,-18,1,1,1,1280,736.66,1280,736.66,0,0,0,0,0,0,851333,801583
863,1138,55216792,55187750,23977,8155,87,8160,0,7,-18,7,-18,1,1,1,1280,736.66,1280,736.66,0,0,0,0,0,0,1197125,1117750
864,1139,54307743,55613542,23773,8155,87,8160,0,8,-18,8,-18,1,1,1,1325.71,772.98,1325.71,772.98,0,0,0,0,0,0,858833,809833
865,1140,56849420,55516541,23797,8155,87,8160,0,8,-18,8,-18,1,1,1,1325.71,772.98,1325.71,772.98,0,0,0,0,0,0,852166,793709
866,1141,54121378,55474083,23773,8155,87,8160,0,8,-18,8,-18,1,1,1,1325.71,772.98,1325.71,772.98,0,0,0,0,0,0,1005167,952709
867,1142,56957915,55517500,23761,8155,87,8160,0,8,-18,8,-18,1,1,1,1325.71,772.98,1325.71,772.98,0,0,0,0,0,0,899709,843625
868,1143,49156334,50634000,23861,8155,90,8160,0,9,-18,9,-18,1,1,1,1371.43,801.36,1371.43,801.36,0,0,0,0,0,0,816791,764583
869,1144,43517041,43510125,23709,8155,87,8160,0,9,-18,9,-18,1,1,1,1371.43,801.36,1371.43,801.36,0,0,0,0,0,0,727584,667334
870,1145,42315080,41248125,23709,8155,87,8160,0,9,-18,9,-18,1,1,1,1371.43,801.36,1371.43,801.36,0,0,0,0,0,0,743542,701833
871,1146,37357162,38394084,23773,8156,88,8161,0,9,-18,9,-18,1,1,1,1371.43,801.36,1371.43,801.36,0,0,0,0,0,0,660917,620500
872,1147,37716086,36715250,24413,8155,87,8160,0,10,-18,10,-18,1,1,1,1417.14,823.72,1417.14,823.72,0,0,0,0,0,0,661375,625458
873,1148,33785998,33793875,23925,8155,87,8160,0,10,-18,10,-18,1,1,1,1417.14,823.72,1417.14,823.72,0,0,0,0,0,0,600750,546083
874,1149,32784588,33780917,23773,8155,87,8160,0,10,-18,10,-18,1,1,1,1417.14,823.72,1417.14,823.72,0,0,0,0,0,0,584750,551792
875,1150,33859707,33851792,23709,8155,87,8160,0,10,-18,10,-18,1,1,1,1417.14,823.72,1417.14,823.72,0,0,0,0,0,0,607709,566500
876,1151,34777127,33677833,23709,8155,87,8160,0,11,-18,11,-18,1,1,1,1462.86,845.83,1462.86,845.83,0,0,0,0,0,0,611416,573250
877,1152,35402081,36468291,23861,8155,87,8160,0,11,-18,11,-18,1,1,1,1462.86,845.83,1462.86,845.83,0,0,0,0,0,0,683750,633958
878,1153,35604618,35580042,23761,8155,87,8160,0,11,-18,11,-18,1,1,1,1462.86,845.83,1462.86,845.83,0,0,0,0,0,0,592292,559458
879,1154,41019920,39859583,23709,8155,87,8160,0,11,-18,11,-18,1,1,1,1462.86,845.83,1462.86,845.83,0,0,0,0,0,0,706583,651709
880,1155,34217957,35261959,23773,8155,90,8160,0,12,-18,12,-18,1,1,1,1508.57,868.27,1508.57,868.27,0,0,0,0,0,0,598000,563958
881,1156,37407085,37344334,23709,8155,87,8160,0,12,-18,12,-18,1,1,1,1508.57,868.27,1508.57,868.27,0,0,0,0,0,0,657625,614875
882,1157,39245124,37853375,23797,8155,87,8160,0,12,-18,12,-18,1,1,1,1508.57,868.27,1508.57,868.27,0,0,0,0,0,0,815708,782333
883,1158,40156669,41406083,23773,8155,87,8160,0,12,-18,12,-18,1,1,1,1508.57,868.27,1508.57,868.27,0,0,0,0,0,0,646208,601250
884,1159,47240495,47229959,23761,8155,87,8160,0,13,-18,13,-18,1,1,1,1554.29,892.25,1554.29,892.25,0,0,0,0,0,0,762042,718042
885,1160,62439166,58895000,24273,8155,87,8160,0,13,-18,13,-18,1,1,1,1554.29,892.25,1554.29,892.25,0,0,0,0,0,0,828750,772625
886,1161,63857749,67334667,24077,8156,88,8161,0,13,-18,13,-18,1,1,1,1554.29,892.25,1554.29,892.25,0,0,0,0,0,0,1004375,942791
887,1162,68687669,66171916,23709,8155,87,8160,0,13,-18,13,-18,1,1,1,1554.29,892.25,1554.29,892.25,0,0,0,0,0,0,1206292,1121583
888,1163,66720537,69053333,23825,8155,87,8160,0,14,-18,14,-18,1,1,1,1600,918.02,1600,918.02,0,0,0,0,0,0,1092833,1027792
889,1164,72968505,71301166,23797,8155,87,8160,0,14,-18,14,-18,1,1,1,1600,918.02,1600,918.02,0,0,0,0,0,0,1062375,989167
890,1165,65225504,66909875,23773,8155,90,8160,0,14,-18,14,-18,1,1,1,1600,918.02,1600,918.02,0,0,0,0,0,0,1061167,986292
891,1166,57818751,55791916,23761,8155,87,8160,0,14,-18,14,-18,1,1,1,1600,918.02,1600,918.02,0,0,0,0,0,0,887750,831958
892,1167,49412414,51237542,23861,8155,87,8160,0,15,-18,15,-18,1,1,1,1645.71,944.98,1645.71,944.98,0,0,0,0,0,0,872292,822625
893,1168,61970502,59626458,24273,8155,87,8160,0,15,-18,15,-18,1,1,1,1645.71,944.98,1645.71,944.98,0,0,0,0,0,0,1209125,1136209
894,1169,57745661,60115459,23989,8155,87,8160,0,15,-18,15,-18,1,1,1,1645.71,944.98,1645.71,944.98,0,0,0,0,0,0,863083,814666
895,1170,71065798,69384208,23849,8155,87,8160,0,15,-18,15,-18,1,1,1,1645.71,944.98,1645.71,944.98,0,0,0,0,0,0,1021625,942417
896,1171,67607045,69038041,23773,8155,87,8160,0,16,-18,16,-18,1,1,1,1691.43,972.01,1691.43,972.01,0,0,0,0,0,0,1615459,1538875
897,1172,76333120,74436750,23709,8155,87,8160,0,16,-18,16,-18,1,1,1,1691.43,972.01,1691.43,972.01,0,0,0,0,0,0,1415542,1270708
898,1173,60893330,63125417,23913,8155,90,8160,0,16,-18,16,-18,1,1,1,1691.43,972.01,1691.43,972.01,0,0,0,0,0,0,1065000,999333
899,1174,57056333,55147833,23709,8155,87,8160,0,16,-18,16,-18,1,1,1,1691.43,972.01,1691.43,972.01,0,0,0,0,0,0,927041,867542
900,1175,54118920,55952250,23773,8155,87,8160,0,15,-18,15,-18,1,1,1,1645.71,944.98,1645.71,944.98,0,0,0,0,0,0,967209,910833
901,1176,62184624,58478500,24361,8156,88,8161,0,15,-18,15,-18,1,1,1,1645.71,944.98,1645.71,944.98,0,0,0,0,0,0,917166,860334
902,1177,55239915,58927041,24041,8155,87,8160,0,15,-18,15,-18,1,1,1,1645.71,944.98,1645.71,944.98,0,0,0,0,0,0,1056041,995542
903,1178,54710708,53074792,23709,8155,87,8160,0,15,-18,15,-18,1,1,1,1645.71,944.98,1645.71,944.98,0,0,0,0,0,0,900500,844083
904,1179,51089163,52671875,23861,8155,87,8160,0,14,-18,14,-18,1,1,1,1600,918.02,1600,918.02,0,0,0,0,0,0,890625,841166
905,1180,44321540,44388250,23709,8155,87,8160,0,14,-18,14,-18,1,1,1,1600,918.02,1600,918.02,0,0,0,0,0,0,796042,736083
906,1181,46324711,45220458,23761,8155,87,8160,0,14,-18,14,-18,1,1,1,1600,918.02,1600,918.02,0,0,0,0,0,0,781750,739708
907,1182,36811832,37891500,23773,8155,90,8160,0,14,-18,14,-18,1,1,1,1600,918.02,1600,918.02,0,0,0,0,0,0,689459,645666
908,1183,34088917,34118625,23797,8155,87,8160,0,13,-18,13,-18,1,1,1,1554.29,892.25,1554.29,892.25,0,0,0,0,0,0,620667,586459
909,1184,34787662,33796209,23709,8155,87,8160,0,13,-18,13,-18,1,1,1,1554.29,892.25,1554.29,892.25,0,0,0,0,0,0,617958,578292
910,1185,32700877,33657791,23773,8155,87,8160,0,13,-18,13,-18,1,1,1,1554.29,892.25,1554.29,892.25,0,0,0,0,0,0,700250,666709
911,1186,33662039,33629208,23709,8155,87,8160,0,13,-18,13,-18,1,1,1,1554.29,892.25,1554.29,892.25,0,0,0,0,0,0,628166,584250
912,1187,34467127,33412958,23761,8155,87,8160,0,12,-18,12,-18,1,1,1,1508.57,868.27,1508.57,868.27,0,0,0,0,0,0,653417,617416
913,1188,33403329,33453542,24425,8155,87,8160,0,12,-18,12,-18,1,1,1,1508.57,868.27,1508.57,868.27,0,0,0,0,0,0,639417,600416
914,1189,33192254,34155125,23925,8155,87,8160,0,12,-18,12,-18,1,1,1,1508.57,868.27,1508.57,868.27,0,0,0,0,0,0,639584,592125
915,1190,36335125,34967958,23709,8155,87,8160,0,12,-18,12,-18,1,1,1,1508.57,868.27,1508.57,868.27,0,0,0,0,0,0,737208,694417
916,1191,36433368,37682000,23773,8156,88,8161,0,11,-18,11,-18,1,1,1,1462.86,845.83,1462.86,845.83,0,0,0,0,0,0,861792,826084
917,1192,36159750,36168375,23709,8155,87,8160,0,11,-18,11,-18,1,1,1,1462.86,845.83,1462.86,845.83,0,0,0,0,0,0,585708,546916
918,1193,37239003,36266000,23849,8155,87,8160,0,11,-18,11,-18,1,1,1,1462.86,845.83,1462.86,845.83,0,0,0,0,0,0,807458,763000
919,1194,40131378,41108584,23773,8155,87,8160,0,11,-18,11,-18,1,1,1,1462.86,845.83,1462.86,845.83,0,0,0,0,0,0,1156792,1087750
920,1195,38556165,38538416,23709,8155,90,8160,0,10,-18,10,-18,1,1,1,1417.14,823.72,1417.14,823.72,0,0,0,0,0,0,645833,609709
921,1196,44139165,42399667,23709,8155,87,8160,0,10,-18,10,-18,1,1,1,1417.14,823.72,1417.14,823.72,0,0,0,0,0,0,784875,723917
922,1197,49099750,50704208,23861,8155,87,8160,0,10,-18,10,-18,1,1,1,1417.14,823.72,1417.14,823.72,0,0,0,0,0,0,786750,736000
923,1198,62062706,60154875,23761,8155,87,8160,0,10,-18,10,-18,1,1,1,1417.14,823.72,1417.14,823.72,0,0,0,0,0,0,879084,816125
924,1199,68430498,68343750,24337,8155,87,8160,0,9,-18,9,-18,1,1,1,1371.43,801.36,1371.43,801.36,0,0,0,0,0,0,1171166,1109875
925,1200,68757168,68287292,24013,8155,87,8160,0,9,-18,9,-18,1,1,1,1371.43,801.36,1371.43,801.36,0,0,0,0,0,0,1205042,1112916
926,1201,69174334,71395292,23773,8155,87,8160,0,9,-18,9,-18,1,1,1,1371.43,801.36,1371.43,801.36,0,0,0,0,0,0,1186209,1132916
927,1202,71588084,69506792,23761,8155,87,8160,0,9,-18,9,-18,1,1,1,1371.43,801.36,1371.43,801.36,0,0,0,0,0,0,1291000,1223292
928,1203,68329624,70281917,23861,8155,87,8160,0,8,-18,8,-18,1,1,1,1325.71,772.98,1325.71,772.98,0,0,0,0,0,0,1107500,1042708
929,1204,54749958,53764292,23709,8155,90,8160,0,8,-18,8,-18,1,1,1,1325.71,772.98,1325.71,772.98,0,0,0,0,0,0,871959,819000
930,1205,45386329,46551167,23773,8155,87,8160,0,8,-18,8,-18,1,1,1,1325.71,772.98,1325.71,772.98,0,0,0,0,0,0,839167,799667
931,1206,46863164,46840166,23849,8156,88,8161,0,8,-18,8,-18,1,1,1,1325.71,772.98,1325.71,772.98,0,0,0,0,0,0,758583,712708
932,1207,46975504,45730083,23709,8155,87,8160,0,7,-18,7,-18,1,1,1,1280,736.66,1280,736.66,0,0,0,0,0,0,739125,697958
933,1208,43809331,43999791,24337,8155,87,8160,0,7,-18,7,-18,1,1,1,1280,736.66,1280,736.66,0,0,0,0,0,0,798167,751000
934,1209,40771625,41748375,23925,8155,87,8160,0,7,-18,7,-18,1,1,1,1280,736.66,1280,736.66,0,0,0,0,0,0,743792,707125
935,1210,46749539,45090041,23797,8155,87,8160,0,7,-18,7,-18,1,1,1,1280,736.66,1280,736.66,0,0,0,0,0,0,677458,632416
936,1211,44613670,46327791,23825,8155,87,8160,0,6,-18,6,-18,1,1,1,1234.29,696.59,1234.29,696.59,0,0,0,0,0,0,734541,694333
937,1212,46142332,46120708,23709,8155,87,8160,0,6,-18,6,-18,1,1,1,1234.29,696.59,1234.29,696.59,0,0,0,0,0,0,736416,690750
938,1213,46488370,44904166,23709,8155,87,8160,0,6,-18,6,-18,1,1,1,1234.29,696.59,1234.29,696.59,0,0,0,0,0,0,732167,689291
939,1214,46585042,48118917,23861,8155,87,8160,0,6,-18,6,-18,1,1,1,1234.29,696.59,1234.29,696.59,0,0,0,0,0,0,813750,757583
940,1215,44682335,44666250,23709,8155,90,8160,0,5,-18,5,-18,1,1,1,1188.57,662.98,1188.57,662.98,0,0,0,0,0,0,763000,723083
941,1216,44860042,43625458,23761,8155,87,8160,0,5,-18,5,-18,1,1,1,1188.57,662.98,1188.57,662.98,0,0,0,0,0,0,716875,672459
942,1217,41508417,42672667,23773,8155,87,8160,0,5,-18,5,-18,1,1,1,1188.57,662.98,1188.57,662.98,0,0,0,0,0,0,754667,716333
943,1218,43554458,43572125,23797,8155,87,8160,0,5,-18,5,-18,1,1,1,1188.57,662.98,1188.57,662.98,0,0,0,0,0,0,731833,685917
944,1219,43174955,41103416,23853,8155,87,8160,0,4,-18,4,-18,1,1,1,1142.86,635.99,1142.86,635.99,0,0,0,0,0,0,740458,703667
945,1220,36089796,38136250,23569,8085,87,8090,0,4,-18,4,-18,1,1,1,1142.86,635.99,1142.86,635.99,0,0,0,0,0,0,629375,589375
946,1221,37208367,37157458,23341,8086,88,8091,0,4,-18,4,-18,1,1,1,1142.86,635.99,1142.86,635.99,0,0,0,0,0,0,589209,557000
947,1222,38739960,37818959,26827,8085,87,8090,0,4,-18,4,-18,1,1,1,1142.86,635.99,1142.86,635.99,0,0,0,0,0,0,537625,507042
948,1223,33237047,34234375,26031,8085,87,8090,0,3,-18,3,-18,1,1,1,1097.14,613.14,1097.14,613.14,0,0,0,0,0,0,632667,589208
949,1224,32770954,32719916,23289,8085,87,8090,0,3,-18,3,-18,1,1,1,1097.14,613.14,1097.14,613.14,0,0,0,0,0,0,564042,531500
950,1225,34645628,33650042,23289,8085,87,8090,0,3,-18,3,-18,1,1,1,1097.14,613.14,1097.14,613.14,0,0,0,0,0,0,595750,567792
951,1226,36236919,37156334,23353,8085,87,8090,0,3,-18,3,-18,1,1,1,1097.14,613.14,1097.14,613.14,0,0,0,0,0,0,687459,643750
952,1227,33431164,33488042,23429,8085,90,8090,0,2,-18,2,-18,1,1,1,1051.43,590.28,1051.43,590.28,0,0,0,0,0,0,548541,519584
953,1228,34182291,33169625,23289,8085,87,8090,0,2,-18,2,-18,1,1,1,1051.43,590.28,1051.43,590.28,0,0,0,0,0,0,589000,559583
954,1229,32265625,33255750,23353,8085,87,8090,0,2,-18,2,-18,1,1,1,1051.43,590.28,1051.43,590.28,0,0,0,0,0,0,558125,522708
955,1230,33351913,33329667,23289,8085,87,8090,0,2,-18,2,-18,1,1,1,1051.43,590.28,1051.43,590.28,0,0,0,0,0,0,586417,555125
956,1231,33385168,33258500,23289,8085,87,8090,0,1,-18,1,-18,1,1,1,1005.71,567.42,1005.71,567.42,0,0,0,0,0,0,541666,513084
957,1232,32792750,31910333,23377,8085,87,8090,0,1,-18,1,-18,1,1,1,1005.71,567.42,1005.71,567.42,0,0,0,0,0,0,602000,567792
958,1233,29026290,29991250,23353,8085,87,8090,0,1,-18,1,-18,1,1,1,1005.71,567.42,1005.71,567.42,0,0,0,0,0,0,531083,504916
959,1234,31371627,30408667,23905,8085,87,8090,0,1,-18,1,-18,1,1,1,1005.71,567.42,1005.71,567.42,0,0,0,0,0,0,500709,475084
960,1235,30150376,31105458,23505,8085,87,8090,0,0,-18,0,-18,1,1,1,960,544.56,960,544.56,0,0,0,0,0,0,503500,473959
961,1236,30655583,29645542,23289,8086,88,8091,0,0,-18,0,-18,1,1,1,960,544.56,960,544.56,0,0,0,0,0,0,517208,490375
962,1237,31441792,32379625,23441,8085,87,8090,0,0,-18,0,-18,1,1,1,960,544.56,960,544.56,0,0,0,0,0,0,514250,488875
963,1238,32545458,32523583,23289,8085,87,8090,0,0,-18,0,-18,1,1,1,960,544.56,960,544.56,0,0,0,0,0,0,608333,572958
964,1239,32861705,32873791,23289,8085,87,8090,0,-1,-18,-1,-18,1,1,1,914.29,521.71,914.29,521.71,0,0,0,0,0,0,533875,507917
965,1240,34063372,33015833,23289,8085,87,8090,0,-1,-18,-1,-18,1,1,1,914.29,521.71,914.29,521.71,0,0,0,0,0,0,573750,543959
966,1241,36330088,37281084,23405,8085,87,8090,0,-1,-18,-1,-18,1,1,1,914.29,521.71,914.29,521.71,0,0,0,0,0,0,627541,584625
967,1242,33257454,33272959,23377,8085,90,8090,0,-1,-18,-1,-18,1,1,1,914.29,521.71,914.29,521.71,0,0,0,0,0,0,552167,524666
968,1243,35733792,34683375,23289,8085,87,8090,0,-2,-18,-2,-18,1,1,1,868.57,498.85,868.57,498.85,0,0,0,0,0,0,560208,530333
969,1244,32672960,33678583,23353,8085,87,8090,0,-2,-18,-2,-18,1,1,1,868.57,498.85,868.57,498.85,0,0,0,0,0,0,584417,547625
970,1245,33519040,33535875,23289,8085,87,8090,0,-2,-18,-2,-18,1,1,1,868.57,498.85,868.57,498.85,0,0,0,0,0,0,584750,545458
971,1246,36003209,34878750,23289,8085,87,8090,0,-2,-18,-2,-18,1,1,1,868.57,498.85,868.57,498.85,0,0,0,0,0,0,560375,531584
972,1247,32427579,33513125,23493,8085,87,8090,0,-3,-18,-3,-18,1,1,1,822.86,475.99,822.86,475.99,0,0,0,0,0,0,565209,527375
973,1248,34678373,34640500,23289,8085,87,8090,0,-3,-18,-3,-18,1,1,1,822.86,475.99,822.86,475.99,0,0,0,0,0,0,559917,529500
974,1249,38034878,36196333,23853,8085,87,8090,0,-3,-18,-3,-18,1,1,1,822.86,475.99,822.86,475.99,0,0,0,0,0,0,554708,525625
975,1250,36765247,38378250,23569,8085,87,8090,0,-3,-18,-3,-18,1,1,1,822.86,475.99,822.86,475.99,0,0,0,0,0,0,567917,532750
976,1251,38131836,38187958,23289,8086,88,8091,0,-4,-18,-4,-18,1,1,1,777.14,453.14,777.14,453.14,0,0,0,0,0,0,828125,793333
977,1252,40684539,39353417,23377,8085,87,8090,0,-4,-18,-4,-18,1,1,1,777.14,453.14,777.14,453.14,0,0,0,0,0,0,876541,830417
978,1253,40521334,41827583,23405,8085,87,8090,0,-4,-18,-4,-18,1,1,1,777.14,453.14,777.14,453.14,0,0,0,0,0,0,658667,619208
979,1254,48770748,48720166,23289,8085,87,8090,0,-4,-18,-4,-18,1,1,1,777.14,453.14,777.14,453.14,0,0,0,0,0,0,692000,653459
980,1255,70927329,68731541,23817,8085,87,8090,0,-5,-18,-5,-18,1,1,1,731.43,431,731.43,431,0,0,0,0,0,0,1239125,1173167
981,1256,75683876,77715583,27419,8173,90,8178,0,-5,-18,-5,-18,1,1,1,731.43,431,731.43,431,0,0,0,0,0,0,1158083,1078792
982,1257,74956119,72093084,26547,8173,87,8178,0,-5,-18,-5,-18,1,1,1,731.43,431,731.43,431,0,0,0,0,0,0,2355292,2299292
983,1258,68169832,69110084,24533,8173,87,8178,0,-5,-18,-5,-18,1,1,1,731.43,431,731.43,431,0,0,0,0,0,0,976250,910583
984,1259,77843040,77192917,24033,8173,87,8178,0,-6,-18,-6,-18,1,1,1,685.71,416.09,685.71,416.09,0,0,0,0,0,0,1131292,1067250
985,1260,66361546,68546833,23933,8173,87,8178,0,-6,-18,-6,-18,1,1,1,685.71,416.09,685.71,416.09,0,0,0,0,0,0,1198500,1117917
986,1261,60969706,59837541,23905,8173,87,8178,0,-6,-18,-6,-18,1,1,1,685.71,416.09,685.71,416.09,0,0,0,0,0,0,1106625,1040458
987,1262,59078954,60225125,23881,8173,87,8178,0,-6,-18,-6,-18,1,1,1,685.71,416.09,685.71,416.09,0,0,0,0,0,0,931000,871042
988,1263,51832545,50359042,23817,8173,90,8178,0,-8,-18,-8,-18,1,1,1,594.29,422.77,594.29,422.77,0,0,0,0,0,0,762584,695083
989,1264,46527579,48165083,24021,8173,87,8178,0,-8,-18,-8,-18,1,1,1,594.29,422.77,594.29,422.77,0,0,0,0,0,0,817833,759292
990,1265,54692666,53121375,23817,8173,87,8178,0,-8,-18,-8,-18,1,1,1,594.29,422.77,594.29,422.77,0,0,0,0,0,0,938417,887458
991,1266,53043793,54582667,23881,8174,88,8179,0,-8,-18,-8,-18,1,1,1,594.29,422.77,594.29,422.77,0,0,0,0,0,0,855709,798458
992,1267,57719793,55180292,24469,8173,87,8178,0,-9,-18,-9,-18,1,1,1,548.57,418.39,548.57,418.39,0,0,0,0,0,0,1147459,1088916
993,1268,52362047,54911875,24149,8173,87,8178,0,-9,-18,-9,-18,1,1,1,548.57,418.39,548.57,418.39,0,0,0,0,0,0,880583,819750
994,1269,56196037,54672417,23817,8173,87,8178,0,-9,-18,-9,-18,1,1,1,548.57,418.39,548.57,418.39,0,0,0,0,0,0,982500,913750
995,1270,63469327,64787459,23969,8173,87,8178,0,-9,-18,-9,-18,1,1,1,548.57,418.39,548.57,418.39,0,0,0,0,0,0,1365542,1295750
996,1271,75278587,73477833,23817,8173,87,8178,0,-10,-18,-10,-18,1,1,1,502.86,399.44,502.86,399.44,0,0,0,0,0,0,1458875,1390833
997,1272,66202044,67855959,23933,8173,90,8178,0,-10,-18,-10,-18,1,1,1,502.86,399.44,502.86,399.44,0,0,0,0,0,0,1112209,1015042
998,1273,57754747,56263416,23905,8173,87,8178,0,-10,-18,-10,-18,1,1,1,502.86,399.44,502.86,399.44,0,0,0,0,0,0,1305625,1253125
999,1274,51655251,53351083,23881,8173,87,8178,0,-10,-18,-10,-18,1,1,1,502.86,399.44,502.86,399.44,0,0,0,0,0,0,886792,823875
1000,1275,55971916,53183000,24381,8173,87,8178,0,-11,-18,-11,-18,1,1,1,457.14,380.06,457.14,380.06,0,0,0,0,0,0,892542,841584
1001,1276,43079413,45905584,24237,8173,87,8178,0,-11,-18,-11,-18,1,1,1,457.14,380.06,457.14,380.06,0,0,0,0,0,0,907333,847542
1002,1277,41441299,41437333,23817,8173,87,8178,0,-11,-18,-11,-18,1,1,1,457.14,380.06,457.14,380.06,0,0,0,0,0,0,740833,698417
1003,1278,39560288,38445000,23817,8173,87,8178,0,-11,-18,-11,-18,1,1,1,457.14,380.06,457.14,380.06,0,0,0,0,0,0,679167,635458
1004,1279,36037918,37092042,23881,8173,87,8178,0,-12,-18,-12,-18,1,1,1,411.43,359.32,411.43,359.32,0,0,0,0,0,0,684667,647833
1005,1280,34433078,34477083,23905,8173,87,8178,0,-12,-18,-12,-18,1,1,1,411.43,359.32,411.43,359.32,0,0,0,0,0,0,639250,598167
1006,1281,38159836,37121750,23817,8174,88,8179,0,-12,-18,-12,-18,1,1,1,411.43,359.32,411.43,359.32,0,0,0,0,0,0,728250,691042
1007,1282,32859954,33875666,23933,8173,90,8178,0,-12,-18,-12,-18,1,1,1,411.43,359.32,411.43,359.32,0,0,0,0,0,0,618792,578792
1008,1283,33730130,33683041,23817,8173,87,8178,0,-13,-18,-13,-18,1,1,1,365.71,336.6,365.71,336.6,0,0,0,0,0,0,614000,580542
1009,1284,34437540,33373875,23817,8173,87,8178,0,-13,-18,-13,-18,1,1,1,365.71,336.6,365.71,336.6,0,0,0,0,0,0,629625,588833
1010,1285,35353459,36384667,23969,8173,87,8178,0,-13,-18,-13,-18,1,1,1,365.71,336.6,365.71,336.6,0,0,0,0,0,0,659792,625042
1011,1286,37285912,37285292,23817,8173,87,8178,0,-13,-18,-13,-18,1,1,1,365.71,336.6,365.71,336.6,0,0,0,0,0,0,639459,601084
1012,1287,39287671,38250708,23817,8173,87,8178,0,-14,-18,-14,-18,1,1,1,320,311.82,320,311.82,0,0,0,0,0,0,901167,859208
1013,1288,36546081,36555292,24497,8173,87,8178,0,-14,-18,-14,-18,1,1,1,320,311.82,320,311.82,0,0,0,0,0,0,596708,559000
1014,1289,35300292,36196291,24033,8173,87,8178,0,-14,-18,-14,-18,1,1,1,320,311.82,320,311.82,0,0,0,0,0,0,641750,595625
1015,1290,39774667,38668292,23905,8173,87,8178,0,-14,-18,-14,-18,1,1,1,320,311.82,320,311.82,0,0,0,0,0,0,642084,602500
1016,1291,38054790,39129292,23881,8173,87,8178,0,-15,-18,-15,-18,1,1,1,274.29,285.43,274.29,285.43,0,0,0,0,0,0,667959,630208
1017,1292,46012669,45983417,23817,8173,87,8178,0,-15,-18,-15,-18,1,1,1,274.29,285.43,274.29,285.43,0,0,0,0,0,0,786000,715958
1018,1293,54822415,53197916,23817,8173,87,8178,0,-15,-18,-15,-18,1,1,1,274.29,285.43,274.29,285.43,0,0,0,0,0,0,856875,784708
1019,1294,69026418,70510416,24021,8173,87,8178,0,-15,-18,-15,-18,1,1,1,274.29,285.43,274.29,285.43,0,0,0,0,0,0,1175875,1063875
1020,1295,68461455,66684667,23817,8173,90,8178,0,-16,-18,-16,-18,1,1,1,228.57,258.09,228.57,258.09,0,0,0,0,0,0,1076250,989459
1021,1296,65647959,67230084,23881,8174,88,8179,0,-16,-18,-16,-18,1,1,1,228.57,258.09,228.57,258.09,0,0,0,0,0,0,1221708,1110791
1022,1297,69983839,68146167,23957,8173,87,8178,0,-16,-18,-16,-18,1,1,1,228.57,258.09,228.57,258.09,0,0,0,0,0,0,1114334,1027750
1023,1298,66685952,66616125,24445,8173,87,8178,0,-16,-18,-16,-18,1,1,1,228.57,258.09,228.57,258.09,0,0,0,0,0,0,1110625,1007708
1024,1299,55651914,55949542,24033,8173,87,8178,0,-17,-18,-17,-18,1,1,1,182.86,230.19,182.86,230.19,0,0,0,0,0,0,915792,839291
1025,1300,54157335,55868542,23969,8173,87,8178,0,-17,-18,-17,-18,1,1,1,182.86,230.19,182.86,230.19,0,0,0,0,0,0,1024083,930791
1026,1301,54439000,53152084,23869,8173,87,8178,0,-17,-18,-17,-18,1,1,1,182.86,230.19,182.86,230.19,0,0,0,0,0,0,989666,916916
1027,1302,50295919,51547667,23881,8173,87,8178,0,-17,-18,-17,-18,1,1,1,182.86,230.19,182.86,230.19,0,0,0,0,0,0,938000,853000
1028,1303,46810042,46624583,23905,8173,90,8178,0,-16,-18,-16,-18,1,1,1,228.57,258.09,228.57,258.09,0,0,0,0,0,0,751208,689583
1029,1304,49170371,48162250,23817,8173,87,8178,0,-16,-18,-16,-18,1,1,1,228.57,258.09,228.57,258.09,0,0,0,0,0,0,999875,918375
1030,1305,47409255,48493708,23881,8173,87,8178,0,-16,-18,-16,-18,1,1,1,228.57,258.09,228.57,258.09,0,0,0,0,0,0,744833,685125
1031,1306,55832453,54214041,23869,8173,87,8178,0,-16,-18,-16,-18,1,1,1,228.57,258.09,228.57,258.09,0,0,0,0,0,0,858708,782625
1032,1307,53901210,54099041,24533,8173,87,8178,0,-15,-18,-15,-18,1,1,1,274.29,285.43,274.29,285.43,0,0,0,0,0,0,991208,894416
1033,1308,54177414,54155791,24033,8173,87,8178,0,-15,-18,-15,-18,1,1,1,274.29,285.43,274.29,285.43,0,0,0,0,0,0,885000,801541
1034,1309,53306914,54462750,23881,8173,87,8178,0,-15,-18,-15,-18,1,1,1,274.29,285.43,274.29,285.43,0,0,0,0,0,0,850500,778416
1035,1310,55850706,54395000,23957,8173,87,8178,0,-15,-18,-15,-18,1,1,1,274.29,285.43,274.29,285.43,0,0,0,0,0,0,917500,834166
1036,1311,52527911,54197333,23881,8174,88,8179,0,-14,-18,-14,-18,1,1,1,320,311.82,320,311.82,0,0,0,0,0,0,933208,857250
1037,1312,58161169,56373542,23817,8173,87,8178,0,-14,-18,-14,-18,1,1,1,320,311.82,320,311.82,0,0,0,0,0,0,864292,803000
1038,1313,57858664,59548792,23969,8173,90,8178,0,-14,-18,-14,-18,1,1,1,320,311.82,320,311.82,0,0,0,0,0,0,836292,781250
1039,1314,54837126,53222792,23869,8173,87,8178,0,-14,-18,-14,-18,1,1,1,320,311.82,320,311.82,0,0,0,0,0,0,1003542,935417
1040,1315,51153048,52681416,23881,8173,87,8178,0,-13,-18,-13,-18,1,1,1,365.71,336.6,365.71,336.6,0,0,0,0,0,0,882083,830750
1041,1316,50945125,48930917,24469,8173,87,8178,0,-13,-18,-13,-18,1,1,1,365.71,336.6,365.71,336.6,0,0,0,0,0,0,902208,840333
1042,1317,41286159,43432250,24097,8173,87,8178,0,-13,-18,-13,-18,1,1,1,365.71,336.6,365.71,336.6,0,0,0,0,0,0,722292,680417
1043,1318,38645919,38623583,23817,8173,87,8178,0,-13,-18,-13,-18,1,1,1,365.71,336.6,365.71,336.6,0,0,0,0,0,0,673334,627666
1044,1319,38950126,37909250,23869,8173,87,8178,0,-12,-18,-12,-18,1,1,1,411.43,359.32,411.43,359.32,0,0,0,0,0,0,675125,627417
1045,1320,33690370,34728917,23969,8173,87,8178,0,-12,-18,-12,-18,1,1,1,411.43,359.32,411.43,359.32,0,0,0,0,0,0,603083,563250
1046,1321,36039173,36013625,23817,8173,87,8178,0,-12,-18,-12,-18,1,1,1,411.43,359.32,411.43,359.32,0,0,0,0,0,0,628917,585166
1047,1322,40050290,38909792,23817,8173,87,8178,0,-12,-18,-12,-18,1,1,1,411.43,359.32,411.43,359.32,0,0,0,0,0,0,771084,724542
1048,1323,35755369,36855834,23881,8173,90,8178,0,-11,-18,-11,-18,1,1,1,457.14,380.06,457.14,380.06,0,0,0,0,0,0,825250,789958
1049,1324,37112876,37060541,23817,8173,87,8178,0,-11,-18,-11,-18,1,1,1,457.14,380.06,457.14,380.06,0,0,0,0,0,0,640125,595792
1050,1325,36725416,35751625,23957,8173,87,8178,0,-11,-18,-11,-18,1,1,1,457.14,380.06,457.14,380.06,0,0,0,0,0,0,602208,568667
1051,1326,38686748,39637084,23881,8174,88,8179,0,-11,-18,-11,-18,1,1,1,457.14,380.06,457.14,380.06,0,0,0,0,0,0,991166,919084
1052,1327,41273001,41228666,23817,8173,87,8178,0,-10,-18,-10,-18,1,1,1,502.86,399.44,502.86,399.44,0,0,0,0,0,0,772708,716208
1053,1328,47456957,46153500,23817,8173,87,8178,0,-10,-18,-10,-18,1,1,1,502.86,399.44,502.86,399.44,0,0,0,0,0,0,757375,705708
1054,1329,50264667,49818834,24533,8173,87,8178,0,-10,-18,-10,-18,1,1,1,502.86,399.44,502.86,399.44,0,0,0,0,0,0,733292,687709
1055,1330,54133120,54265291,24085,8173,87,8178,0,-10,-18,-10,-18,1,1,1,502.86,399.44,502.86,399.44,0,0,0,0,0,0,842333,778875
1056,1331,65646000,66937750,23881,8173,87,8178,0,-9,-18,-9,-18,1,1,1,548.57,418.39,548.57,418.39,0,0,0,0,0,0,1136792,1085917
1057,1332,70521660,68784833,23905,8173,87,8178,0,-9,-18,-9,-18,1,1,1,548.57,418.39,548.57,418.39,0,0,0,0,0,0,1193584,1114042
1058,1333,72254382,73978208,23881,8173,87,8178,0,-9,-18,-9,-18,1,1,1,548.57,418.39,548.57,418.39,0,0,0,0,0,0,1305208,1232250
1059,1334,72300128,70167208,23869,8173,90,8178,0,-9,-18,-9,-18,1,1,1,548.57,418.39,548.57,418.39,0,0,0,0,0,0,1096709,1017333
1060,1335,57101245,59292875,23969,8173,87,8178,0,-8,-18,-8,-18,1,1,1,594.29,422.77,594.29,422.77,0,0,0,0,0,0,1106333,1043709
1061,1336,56694705,54993375,23817,8173,87,8178,0,-8,-18,-8,-18,1,1,1,594.29,422.77,594.29,422.77,0,0,0,0,0,0,888875,829959
1062,1337,55559247,55697209,24445,8173,87,8178,0,-8,-18,-8,-18,1,1,1,594.29,422.77,594.29,422.77,0,0,0,0,0,0,854458,804000
1063,1338,51963210,51992125,24173,8173,87,8178,0,-8,-18,-8,-18,1,1,1,594.29,422.77,594.29,422.77,0,0,0,0,0,0,916459,856625
1064,1339,47448590,48952875,23881,8173,87,8178,0,-6,-18,-6,-18,1,1,1,685.71,416.09,685.71,416.09,0,0,0,0,0,0,773708,729375
1065,1340,54456081,52891625,23817,8173,87,8178,0,-6,-18,-6,-18,1,1,1,685.71,416.09,685.71,416.09,0,0,0,0,0,0,768291,717583
1066,1341,53033128,54456917,23969,8174,88,8179,0,-6,-18,-6,-18,1,1,1,685.71,416.09,685.71,416.09,0,0,0,0,0,0,867541,817500
1067,1342,59183120,57803875,23869,8173,87,8178,0,-6,-18,-6,-18,1,1,1,685.71,416.09,685.71,416.09,0,0,0,0,0,0,939792,877167
1068,1343,54743919,55335500,23881,8173,90,8178,0,-5,-18,-5,-18,1,1,1,731.43,431,731.43,431,0,0,0,0,0,0,850500,800334
1069,1344,56852459,55907458,23905,8173,87,8178,0,-5,-18,-5,-18,1,1,1,731.43,431,731.43,431,0,0,0,0,0,0,888958,817708
1070,1345,55245619,56797916,23881,8173,87,8178,0,-5,-18,-5,-18,1,1,1,731.43,431,731.43,431,0,0,0,0,0,0,953041,894834
1071,1346,66032879,63396125,24433,8173,87,8178,0,-5,-18,-5,-18,1,1,1,731.43,431,731.43,431,0,0,0,0,0,0,1082542,1011875
1072,1347,55287331,57941292,23657,8173,87,8178,0,-4,-18,-4,-18,1,1,1,777.14,453.14,777.14,453.14,0,0,0,0,0,0,852500,804459
1073,1348,56990958,55246792,23289,8085,87,8090,0,-4,-18,-4,-18,1,1,1,777.14,453.14,777.14,453.14,0,0,0,0,0,0,825583,767292
1074,1349,53710833,55175833,23353,8085,87,8090,0,-4,-18,-4,-18,1,1,1,777.14,453.14,777.14,453.14,0,0,0,0,0,0,816167,766583
1075,1350,69325335,67803542,26879,8085,87,8090,0,-4,-18,-4,-18,1,1,1,777.14,453.14,777.14,453.14,0,0,0,0,0,0,1193417,1136166
1076,1351,54712541,56417541,26031,8085,90,8090,0,-3,-18,-3,-18,1,1,1,822.86,475.99,822.86,475.99,0,0,0,0,0,0,1364125,1284459
1077,1352,56686952,54878292,23289,8085,87,8090,0,-3,-18,-3,-18,1,1,1,822.86,475.99,822.86,475.99,0,0,0,0,0,0,912667,866500
1078,1353,52723087,54410667,23441,8085,87,8090,0,-3,-18,-3,-18,1,1,1,822.86,475.99,822.86,475.99,0,0,0,0,0,0,767666,723834
1079,1354,57721663,56336541,23341,8085,87,8090,0,-3,-18,-3,-18,1,1,1,822.86,475.99,822.86,475.99,0,0,0,0,0,0,785750,732916
1080,1355,55457461,55054875,23917,8085,87,8090,0,-2,-18,-2,-18,1,1,1,868.57,498.85,868.57,498.85,0,0,0,0,0,0,1085750,1035000
1081,1356,54750416,55113292,23593,8086,88,8091,0,-2,-18,-2,-18,1,1,1,868.57,498.85,868.57,498.85,0,0,0,0,0,0,772875,728125
1082,1357,55753167,56955584,23353,8085,87,8090,0,-2,-18,-2,-18,1,1,1,868.57,498.85,868.57,498.85,0,0,0,0,0,0,792333,739959
1083,1358,55753417,54311084,23341,8085,87,8090,0,-2,-18,-2,-18,1,1,1,868.57,498.85,868.57,498.85,0,0,0,0,0,0,931208,871708
1084,1359,58477580,60047000,23441,8085,87,8090,0,-1,-18,-1,-18,1,1,1,914.29,521.71,914.29,521.71,0,0,0,0,0,0,956042,901666
1085,1360,56821044,55041292,23289,8085,90,8090,0,-1,-18,-1,-18,1,1,1,914.29,521.71,914.29,521.71,0,0,0,0,0,0,878833,820458
1086,1361,54802287,56371125,23353,8085,87,8090,0,-1,-18,-1,-18,1,1,1,914.29,521.71,914.29,521.71,0,0,0,0,0,0,1025750,972417
1087,1362,56860081,54860542,23429,8085,87,8090,0,-1,-18,-1,-18,1,1,1,914.29,521.71,914.29,521.71,0,0,0,0,0,0,821583,778625
1088,1363,54791335,56885500,23353,8085,87,8090,0,0,-18,0,-18,1,1,1,960,544.56,960,544.56,0,0,0,0,0,0,1091292,1028750
1089,1364,58035962,55126208,23853,8085,87,8090,0,0,-18,0,-18,1,1,1,960,544.56,960,544.56,0,0,0,0,0,0,1002625,952167
1090,1365,51385786,54157333,23657,8085,87,8090,0,0,-18,0,-18,1,1,1,960,544.56,960,544.56,0,0,0,0,0,0,823666,780625
1091,1366,61023212,59350250,23341,8085,87,8090,0,0,-18,0,-18,1,1,1,960,544.56,960,544.56,0,0,0,0,0,0,948625,888209
1092,1367,55388618,57066500,23353,8085,87,8090,0,1,-18,1,-18,1,1,1,1005.71,567.42,1005.71,567.42,0,0,0,0,0,0,816084,771709
1093,1368,59284374,57716292,23377,8085,87,8090,0,1,-18,1,-18,1,1,1,1005.71,567.42,1005.71,567.42,0,0,0,0,0,0,893917,839917
1094,1369,54129421,55638625,23353,8085,90,8090,0,1,-18,1,-18,1,1,1,1005.71,567.42,1005.71,567.42,0,0,0,0,0,0,968208,911625
1095,1370,57613249,56108417,23341,8085,87,8090,0,1,-18,1,-18,1,1,1,1005.71,567.42,1005.71,567.42,0,0,0,0,0,0,789875,747250
1096,1371,54390206,55793917,23441,8086,88,8091,0,2,-18,2,-18,1,1,1,1051.43,590.28,1051.43,590.28,0,0,0,0,0,0,797583,745209
1097,1372,56993205,54427583,23289,8085,87,8090,0,2,-18,2,-18,1,1,1,1051.43,590.28,1051.43,590.28,0,0,0,0,0,0,776541,727875
1098,1373,52893750,55443208,24133,8085,87,8090,0,2,-18,2,-18,1,1,1,1051.43,590.28,1051.43,590.28,0,0,0,0,0,0,1261166,1200042
1099,1374,53176417,51723041,23429,8085,87,8090,0,2,-18,2,-18,1,1,1,1051.43,590.28,1051.43,590.28,0,0,0,0,0,0,790542,745208
1100,1375,50146754,51617166,23353,8085,87,8090,0,3,-18,3,-18,1,1,1,1097.14,613.14,1097.14,613.14,0,0,0,0,0,0,726209,673000
1101,1376,52992582,51626125,23289,8085,87,8090,0,3,-18,3,-18,1,1,1,1097.14,613.14,1097.14,613.14,0,0,0,0,0,0,806875,756167
1102,1377,46598043,48015333,23441,8085,87,8090,0,3,-18,3,-18,1,1,1,1097.14,613.14,1097.14,613.14,0,0,0,0,0,0,759083,714875
1103,1378,46682786,46636666,23341,8085,90,8090,0,3,-18,3,-18,1,1,1,1097.14,613.14,1097.14,613.14,0,0,0,0,0,0,785875,725791
1104,1379,46657375,45255375,23289,8085,87,8090,0,4,-18,4,-18,1,1,1,1142.86,635.99,1142.86,635.99,0,0,0,0,0,0,673333,635959
1105,1380,45517418,46619833,23353,8085,87,8090,0,4,-18,4,-18,1,1,1,1142.86,635.99,1142.86,635.99,0,0,0,0,0,0,696208,659584
1106,1381,46652246,46902416,23377,8085,87,8090,0,4,-18,4,-18,1,1,1,1142.86,635.99,1142.86,635.99,0,0,0,0,0,0,674250,632125
1107,1382,46410460,45176250,23289,8085,87,8090,0,4,-18,4,-18,1,1,1,1142.86,635.99,1142.86,635.99,0,0,0,0,0,0,865000,828333
1108,1383,44232130,44370875,24389,8085,87,8090,0,5,-18,5,-18,1,1,1,1188.57,662.98,1188.57,662.98,0,0,0,0,0,0,903792,862791
1109,1384,45265745,46153125,23925,8155,87,8160,0,5,-18,5,-18,1,1,1,1188.57,662.98,1188.57,662.98,0,0,0,0,0,0,640125,601583
1110,1385,53742919,52485917,27247,8155,87,8160,0,5,-18,5,-18,1,1,1,1188.57,662.98,1188.57,662.98,0,0,0,0,0,0,832666,780917
1111,1386,45194160,46609167,26451,8156,88,8161,0,5,-18,5,-18,1,1,1,1188.57,662.98,1188.57,662.98,0,0,0,0,0,0,791125,732625
1112,1387,43986834,43912625,23709,8155,87,8160,0,6,-18,6,-18,1,1,1,1234.29,696.59,1234.29,696.59,0,0,0,0,0,0,706875,667709
1113,1388,51636338,50329250,23761,8155,87,8160,0,6,-18,6,-18,1,1,1,1234.29,696.59,1234.29,696.59,0,0,0,0,0,0,794958,738291
1114,1389,47777749,49102792,23861,8155,90,8160,0,6,-18,6,-18,1,1,1,1234.29,696.59,1234.29,696.59,0,0,0,0,0,0,873000,832250
1115,1390,48561792,48457417,23709,8155,87,8160,0,6,-18,6,-18,1,1,1,1234.29,696.59,1234.29,696.59,0,0,0,0,0,0,735750,689958
1116,1391,46482410,45128250,23709,8155,87,8160,0,7,-18,7,-18,1,1,1,1280,736.66,1280,736.66,0,0,0,0,0,0,746208,698250
1117,1392,43857462,45144500,23773,8155,87,8160,0,7,-18,7,-18,1,1,1,1280,736.66,1280,736.66,0,0,0,0,0,0,726458,676875
1118,1393,46387501,44882375,24413,8155,87,8160,0,7,-18,7,-18,1,1,1,1280,736.66,1280,736.66,0,0,0,0,0,0,738750,698375
1119,1394,47027997,47321667,23925,8155,87,8160,0,7,-18,7,-18,1,1,1,1280,736.66,1280,736.66,0,0,0,0,0,0,797542,748416
1120,1395,43765626,44930667,23773,8155,87,8160,0,8,-18,8,-18,1,1,1,1325.71,772.98,1325.71,772.98,0,0,0,0,0,0,761958,721750
1121,1396,45440915,45372625,23709,8155,87,8160,0,8,-18,8,-18,1,1,1,1325.71,772.98,1325.71,772.98,0,0,0,0,0,0,752208,705333
1122,1397,46353586,44768291,23797,8155,87,8160,0,8,-18,8,-18,1,1,1,1325.71,772.98,1325.71,772.98,0,0,0,0,0,0,744667,698666
1123,1398,44583171,46224791,23825,8155,87,8160,0,8,-18,8,-18,1,1,1,1325.71,772.98,1325.71,772.98,0,0,0,0,0,0,773208,724708
1124,1399,52136126,52113542,23709,8155,87,8160,0,9,-18,9,-18,1,1,1,1371.43,801.36,1371.43,801.36,0,0,0,0,0,0,889459,828541
1125,1400,47116000,45782458,23709,8155,90,8160,0,9,-18,9,-18,1,1,1,1371.43,801.36,1371.43,801.36,0,0,0,0,0,0,897958,839042
1126,1401,47199290,48344583,23861,8156,88,8161,0,9,-18,9,-18,1,1,1,1371.43,801.36,1371.43,801.36,0,0,0,0,0,0,754166,712083
1127,1402,48639953,48591792,23709,8155,87,8160,0,9,-18,9,-18,1,1,1,1371.43,801.36,1371.43,801.36,0,0,0,0,0,0,940208,876416
1128,1403,51042374,49399833,23761,8155,87,8160,0,10,-18,10,-18,1,1,1,1417.14,823.72,1417.14,823.72,0,0,0,0,0,0,724917,682875
1129,1404,51647249,51987667,24337,8155,87,8160,0,10,-18,10,-18,1,1,1,1417.14,823.72,1417.14,823.72,0,0,0,0,0,0,845625,781000
1130,1405,52668835,52610208,24013,8155,87,8160,0,10,-18,10,-18,1,1,1,1417.14,823.72,1417.14,823.72,0,0,0,0,0,0,827125,779125
1131,1406,53025331,54408208,23773,8155,87,8160,0,10,-18,10,-18,1,1,1,1417.14,823.72,1417.14,823.72,0,0,0,0,0,0,831875,779167
1132,1407,54843418,53333125,23761,8155,87,8160,0,11,-18,11,-18,1,1,1,1462.86,845.83,1462.86,845.83,0,0,0,0,0,0,859250,796708
1133,1408,47513294,49036833,23861,8155,87,8160,0,11,-18,11,-18,1,1,1,1462.86,845.83,1462.86,845.83,0,0,0,0,0,0,865083,812375
1134,1409,46006251,45977458,23709,8155,87,8160,0,11,-18,11,-18,1,1,1,1462.86,845.83,1462.86,845.83,0,0,0,0,0,0,753416,708167
1135,1410,44873539,43661875,23709,8155,90,8160,0,11,-18,11,-18,1,1,1,1462.86,845.83,1462.86,845.83,0,0,0,0,0,0,837792,783291
1136,1411,39048336,40182417,23773,8155,87,8160,0,12,-18,12,-18,1,1,1,1508.57,868.27,1508.57,868.27,0,0,0,0,0,0,737916,695167
1137,1412,37479415,37562834,23849,8155,87,8160,0,12,-18,12,-18,1,1,1,1508.57,868.27,1508.57,868.27,0,0,0,0,0,0,751542,710291
1138,1413,37201587,36181625,23709,8155,87,8160,0,12,-18,12,-18,1,1,1,1508.57,868.27,1508.57,868.27,0,0,0,0,0,0,655125,618709
1139,1414,33359624,34355375,23773,8155,87,8160,0,12,-18,12,-18,1,1,1,1508.57,868.27,1508.57,868.27,0,0,0,0,0,0,616083,578708
1140,1415,36243084,35206750,24273,8155,87,8160,0,13,-18,13,-18,1,1,1,1554.29,892.25,1554.29,892.25,0,0,0,0,0,0,630209,594500
1141,1416,35552665,35480666,23925,8156,88,8161,0,13,-18,13,-18,1,1,1,1554.29,892.25,1554.29,892.25,0,0,0,0,0,0,610542,572917
1142,1417,35494167,36527042,23861,8155,87,8160,0,13,-18,13,-18,1,1,1,1554.29,892.25,1554.29,892.25,0,0,0,0,0,0,687583,650083
1143,1418,36814291,36826958,23761,8155,87,8160,0,13,-18,13,-18,1,1,1,1554.29,892.25,1554.29,892.25,0,0,0,0,0,0,1080791,1043000
1144,1419,36483377,35385166,23709,8155,87,8160,0,14,-18,14,-18,1,1,1,1600,918.02,1600,918.02,0,0,0,0,0,0,607792,574209
1145,1420,36568749,37638458,23773,8155,87,8160,0,14,-18,14,-18,1,1,1,1600,918.02,1600,918.02,0,0,0,0,0,0,670334,627833
1146,1421,40042452,39933458,23709,8155,87,8160,0,14,-18,14,-18,1,1,1,1600,918.02,1600,918.02,0,0,0,0,0,0,793833,745584
1147,1422,49774751,48049834,23797,8155,87,8160,0,14,-18,14,-18,1,1,1,1600,918.02,1600,918.02,0,0,0,0,0,0,755584,711000
1148,1423,49590751,51238125,23773,8155,90,8160,0,15,-18,15,-18,1,1,1,1645.71,944.98,1645.71,944.98,0,0,0,0,0,0,771542,722292
1149,1424,61370123,59350458,23761,8155,87,8160,0,15,-18,15,-18,1,1,1,1645.71,944.98,1645.71,944.98,0,0,0,0,0,0,1006458,948750
1150,1425,63750043,65315583,23861,8155,87,8160,0,15,-18,15,-18,1,1,1,1645.71,944.98,1645.71,944.98,0,0,0,0,0,0,990625,929167
1151,1426,70693582,67543042,24273,8155,87,8160,0,15,-18,15,-18,1,1,1,1645.71,944.98,1645.71,944.98,0,0,0,0,0,0,1062125,988792
1152,1427,62956377,66230417,23989,8155,87,8160,0,16,-18,16,-18,1,1,1,1691.43,972.01,1691.43,972.01,0,0,0,0,0,0,1050917,987375
1153,1428,68046793,66465500,23849,8155,87,8160,0,16,-18,16,-18,1,1,1,1691.43,972.01,1691.43,972.01,0,0,0,0,0,0,1125166,1040292
1154,1429,53081497,54780083,23773,8155,87,8160,0,16,-18,16,-18,1,1,1,1691.43,972.01,1691.43,972.01,0,0,0,0,0,0,910542,859334
1155,1430,60572873,59135958,23709,8155,87,8160,0,16,-18,16,-18,1,1,1,1691.43,972.01,1691.43,972.01,0,0,0,0,0,0,1319542,1231625
1156,1431,46624708,48157000,23861,8156,91,8161,0,15,-18,15,-18,1,1,1,1645.71,944.98,1645.71,944.98,0,0,0,0,0,0,862792,813125
1157,1432,46296004,46254333,23761,8155,87,8160,0,15,-18,15,-18,1,1,1,1645.71,944.98,1645.71,944.98,0,0,0,0,0,0,955417,891959
1158,1433,47540787,46354542,23709,8155,87,8160,0,15,-18,15,-18,1,1,1,1645.71,944.98,1645.71,944.98,0,0,0,0,0,0,996917,955083
1159,1434,43594457,44655958,23773,8155,87,8160,0,15,-18,15,-18,1,1,1,1645.71,944.98,1645.71,944.98,0,0,0,0,0,0,740541,674167
1160,1435,46477332,45325125,24361,8155,87,8160,0,14,-18,14,-18,1,1,1,1600,918.02,1600,918.02,0,0,0,0,0,0,715250,666125
1161,1436,45151170,45139792,23925,8155,87,8160,0,14,-18,14,-18,1,1,1,1600,918.02,1600,918.02,0,0,0,0,0,0,788292,729000
1162,1437,43322209,44529417,23825,8155,87,8160,0,14,-18,14,-18,1,1,1,1600,918.02,1600,918.02,0,0,0,0,0,0,737375,695417
1163,1438,43304122,43225959,23709,8155,87,8160,0,14,-18,14,-18,1,1,1,1600,918.02,1600,918.02,0,0,0,0,0,0,798584,746875
1164,1439,45307587,43988875,23797,8155,87,8160,0,13,-18,13,-18,1,1,1,1554.29,892.25,1554.29,892.25,0,0,0,0,0,0,715166,673458
1165,1440,44993076,46324833,23773,8155,87,8160,0,13,-18,13,-18,1,1,1,1554.29,892.25,1554.29,892.25,0,0,0,0,0,0,717791,666000
1166,1441,47632128,47616708,23709,8155,87,8160,0,13,-18,13,-18,1,1,1,1554.29,892.25,1554.29,892.25,0,0,0,0,0,0,799750,755875
1167,1442,46567417,45268250,23761,8155,90,8160,0,13,-18,13,-18,1,1,1,1554.29,892.25,1554.29,892.25,0,0,0,0,0,0,738584,693500
1168,1443,45078165,46300833,23861,8155,87,8160,0,12,-18,12,-18,1,1,1,1508.57,868.27,1508.57,868.27,0,0,0,0,0,0,956333,908500
1169,1444,45199789,45218083,23709,8155,87,8160,0,12,-18,12,-18,1,1,1,1508.57,868.27,1508.57,868.27,0,0,0,0,0,0,724458,674500
1170,1445,47127168,45868458,23709,8155,87,8160,0,12,-18,12,-18,1,1,1,1508.57,868.27,1508.57,868.27,0,0,0,0,0,0,746500,703291
1171,1446,45253288,45029292,24337,8156,88,8161,0,12,-18,12,-18,1,1,1,1508.57,868.27,1508.57,868.27,0,0,0,0,0,0,752250,699750
1172,1447,44013336,45458875,24065,8155,87,8160,0,11,-18,11,-18,1,1,1,1462.86,845.83,1462.86,845.83,0,0,0,0,0,0,725791,680792
1173,1448,44605337,43345333,23709,8155,87,8160,0,11,-18,11,-18,1,1,1,1462.86,845.83,1462.86,845.83,0,0,0,0,0,0,730750,680000
1174,1449,38878168,40127750,23773,8155,87,8160,0,11,-18,11,-18,1,1,1,1462.86,845.83,1462.86,845.83,0,0,0,0,0,0,727125,685583
1175,1450,37954706,37859750,23709,8155,87,8160,0,11,-18,11,-18,1,1,1,1462.86,845.83,1462.86,845.83,0,0,0,0,0,0,668250,626667
1176,1451,36783870,35867750,23797,8155,87,8160,0,10,-18,10,-18,1,1,1,1417.14,823.72,1417.14,823.72,0,0,0,0,0,0,818209,780125
1177,1452,35984750,36936792,23825,8155,87,8160,0,10,-18,10,-18,1,1,1,1417.14,823.72,1417.14,823.72,0,0,0,0,0,0,685500,639375
1178,1453,33252835,33279541,23709,8155,90,8160,0,10,-18,10,-18,1,1,1,1417.14,823.72,1417.14,823.72,0,0,0,0,0,0,639917,602083
1179,1454,34479789,33431500,23709,8155,87,8160,0,10,-18,10,-18,1,1,1,1417.14,823.72,1417.14,823.72,0,0,0,0,0,0,594666,551917
1180,1455,32146334,33098042,23773,8155,87,8160,0,9,-18,9,-18,1,1,1,1371.43,801.36,1371.43,801.36,0,0,0,0,0,0,578416,546959
1181,1456,33251877,33272250,23797,8155,87,8160,0,9,-18,9,-18,1,1,1,1371.43,801.36,1371.43,801.36,0,0,0,0,0,0,663916,620834
1182,1457,33205039,33195334,23709,8155,87,8160,0,9,-18,9,-18,1,1,1,1371.43,801.36,1371.43,801.36,0,0,0,0,0,0,636042,603875
1183,1458,34562628,33552291,23761,8155,87,8160,0,9,-18,9,-18,1,1,1,1371.43,801.36,1371.43,801.36,0,0,0,0,0,0,639083,598875
1184,1459,32668538,33667208,23773,8155,87,8160,0,8,-18,8,-18,1,1,1,1325.71,772.98,1325.71,772.98,0,0,0,0,0,0,617125,585583
1185,1460,35076297,33951167,24273,8155,87,8160,0,8,-18,8,-18,1,1,1,1325.71,772.98,1325.71,772.98,0,0,0,0,0,0,653834,608125
1186,1461,33157411,33248000,24013,8156,88,8161,0,8,-18,8,-18,1,1,1,1325.71,772.98,1325.71,772.98,0,0,0,0,0,0,598250,565917
1187,1462,30487712,31458000,23773,8155,87,8160,0,8,-18,8,-18,1,1,1,1325.71,772.98,1325.71,772.98,0,0,0,0,0,0,568000,522875
1188,1463,30384786,30366542,23709,8155,87,8160,0,7,-18,7,-18,1,1,1,1280,736.66,1280,736.66,0,0,0,0,0,0,593375,564042
1189,1464,30309587,30284458,23709,8155,87,8160,0,7,-18,7,-18,1,1,1,1280,736.66,1280,736.66,0,0,0,0,0,0,593375,559875
1190,1465,30991084,30009583,23761,8155,87,8160,0,7,-18,7,-18,1,1,1,1280,736.66,1280,736.66,0,0,0,0,0,0,549458,519083
1191,1466,32827869,33772875,23861,8155,87,8160,0,7,-18,7,-18,1,1,1,1280,736.66,1280,736.66,0,0,0,0,0,0,590500,552375
1192,1467,38281127,38270917,23709,8155,87,8160,0,6,-18,6,-18,1,1,1,1234.29,696.59,1234.29,696.59,0,0,0,0,0,0,693416,659583
1193,1468,36804996,35774292,23709,8155,90,8160,0,6,-18,6,-18,1,1,1,1234.29,696.59,1234.29,696.59,0,0,0,0,0,0,806625,737000
1194,1469,35725127,36749459,23773,8155,87,8160,0,6,-18,6,-18,1,1,1,1234.29,696.59,1234.29,696.59,0,0,0,0,0,0,645375,611000
1195,1470,35704165,35596708,23709,8155,87,8160,0,6,-18,6,-18,1,1,1,1234.29,696.59,1234.29,696.59,0,0,0,0,0,0,584375,549459
1196,1471,35786874,34872458,23849,8155,87,8160,0,5,-18,5,-18,1,1,1,1188.57,662.98,1188.57,662.98,0,0,0,0,0,0,616333,584000
1197,1472,35173412,36125333,23773,8155,87,8160,0,5,-18,5,-18,1,1,1,1188.57,662.98,1188.57,662.98,0,0,0,0,0,0,587750,552583
1198,1473,38717795,38688166,23709,8155,87,8160,0,5,-18,5,-18,1,1,1,1188.57,662.98,1188.57,662.98,0,0,0,0,0,0,613083,582209
1199,1474,46758163,44213167,23709,8155,87,8160,0,5,-18,5,-18,1,1,1,1188.57,662.98,1188.57,662.98,0,0,0,0,0,0,702917,663417
1200,1475,52322294,54449416,24221,8155,87,8160,0,4,-18,4,-18,1,1,1,1142.86,635.99,1142.86,635.99,0,0,0,0,0,0,1096500,1040209
1201,1476,67562915,65567833,23341,8086,88,8091,0,4,-18,4,-18,1,1,1,1142.86,635.99,1142.86,635.99,0,0,0,0,0,0,962459,896708
1202,1477,64873665,66799292,23353,8085,87,8090,0,4,-18,4,-18,1,1,1,1142.86,635.99,1142.86,635.99,0,0,0,0,0,0,1009792,956542
1203,1478,80592796,78897542,26827,8085,87,8090,0,4,-18,4,-18,1,1,1,1142.86,635.99,1142.86,635.99,0,0,0,0,0,0,1326958,1275166
1204,1479,74933871,76655209,26083,8085,87,8090,0,3,-18,3,-18,1,1,1,1097.14,613.14,1097.14,613.14,0,0,0,0,0,0,1023166,959542
1205,1480,68505585,66736625,23377,8085,90,8090,0,3,-18,3,-18,1,1,1,1097.14,613.14,1097.14,613.14,0,0,0,0,0,0,1061542,999333
1206,1481,53708001,55499209,23353,8085,87,8090,0,3,-18,3,-18,1,1,1,1097.14,613.14,1097.14,613.14,0,0,0,0,0,0,791375,739166
1207,1482,53151246,50926917,23853,8085,87,8090,0,3,-18,3,-18,1,1,1,1097.14,613.14,1097.14,613.14,0,0,0,0,0,0,816292,764792
1208,1483,45454498,47703500,23709,8085,87,8090,0,2,-18,2,-18,1,1,1,1051.43,590.28,1051.43,590.28,0,0,0,0,0,0,1186084,1135625
1209,1484,46373836,46141416,23289,8085,87,8090,0,2,-18,2,-18,1,1,1,1051.43,590.28,1051.43,590.28,0,0,0,0,0,0,657250,621417
1210,1485,47418043,46373875,23289,8085,87,8090,0,2,-18,2,-18,1,1,1,1051.43,590.28,1051.43,590.28,0,0,0,0,0,0,951042,887458
1211,1486,44329706,45552333,23353,8085,87,8090,0,2,-18,2,-18,1,1,1,1051.43,590.28,1051.43,590.28,0,0,0,0,0,0,1096208,1050583
1212,1487,52386041,52367000,23377,8085,87,8090,0,1,-18,1,-18,1,1,1,1005.71,567.42,1005.71,567.42,0,0,0,0,0,0,1027708,979208
1213,1488,55471088,54011458,23341,8085,90,8090,0,1,-18,1,-18,1,1,1,1005.71,567.42,1005.71,567.42,0,0,0,0,0,0,780459,725625
1214,1489,53901955,55109416,23353,8085,87,8090,0,1,-18,1,-18,1,1,1,1005.71,567.42,1005.71,567.42,0,0,0,0,0,0,760916,716708
1215,1490,55250957,54063500,23377,8085,87,8090,0,1,-18,1,-18,1,1,1,1005.71,567.42,1005.71,567.42,0,0,0,0,0,0,779000,735583
1216,1491,53665462,55014458,23353,8086,88,8091,0,0,-18,0,-18,1,1,1,960,544.56,960,544.56,0,0,0,0,0,0,768792,720250
1217,1492,62319792,59482583,23905,8085,87,8090,0,0,-18,0,-18,1,1,1,960,544.56,960,544.56,0,0,0,0,0,0,803875,761333
1218,1493,58846663,61418542,23657,8085,87,8090,0,0,-18,0,-18,1,1,1,960,544.56,960,544.56,0,0,0,0,0,0,1224791,1164833
1219,1494,61884794,60362000,23289,8085,87,8090,0,0,-18,0,-18,1,1,1,960,544.56,960,544.56,0,0,0,0,0,0,1272791,1172750
1220,1495,55277545,56888042,23353,8085,87,8090,0,-1,-18,-1,-18,1,1,1,914.29,521.71,914.29,521.71,0,0,0,0,0,0,878750,814500
1221,1496,55409248,54080083,23429,8085,87,8090,0,-1,-18,-1,-18,1,1,1,914.29,521.71,914.29,521.71,0,0,0,0,0,0,782458,739500
1222,1497,46686254,48145625,23353,8085,90,8090,0,-1,-18,-1,-18,1,1,1,914.29,521.71,914.29,521.71,0,0,0,0,0,0,820541,767250
1223,1498,41909497,41914166,23289,8085,87,8090,0,-1,-18,-1,-18,1,1,1,914.29,521.71,914.29,521.71,0,0,0,0,0,0,663667,625834
1224,1499,39148334,38009000,23289,8085,87,8090,0,-2,-18,-2,-18,1,1,1,868.57,498.85,868.57,498.85,0,0,0,0,0,0,594917,561375
1225,1500,35699170,36804875,23441,8085,87,8090,0,-2,-18,-2,-18,1,1,1,868.57,498.85,868.57,498.85,0,0,0,0,0,0,628000,584791
1226,1501,34020502,34031916,23341,8085,87,8090,0,-2,-18,-2,-18,1,1,1,868.57,498.85,868.57,498.85,0,0,0,0,0,0,543250,514541
1227,1502,34646123,33637291,23289,8085,87,8090,0,-2,-18,-2,-18,1,1,1,868.57,498.85,868.57,498.85,0,0,0,0,0,0,576917,547916
1228,1503,33941913,33880000,23917,8085,87,8090,0,-3,-18,-3,-18,1,1,1,822.86,475.99,822.86,475.99,0,0,0,0,0,0,562916,527542
1229,1504,32561417,33514333,23505,8085,87,8090,0,-3,-18,-3,-18,1,1,1,822.86,475.99,822.86,475.99,0,0,0,0,0,0,548916,517792
1230,1505,34808665,33885959,23377,8085,87,8090,0,-3,-18,-3,-18,1,1,1,822.86,475.99,822.86,475.99,0,0,0,0,0,0,557042,527500
1231,1506,32529253,33458250,23353,8086,88,8091,0,-3,-18,-3,-18,1,1,1,822.86,475.99,822.86,475.99,0,0,0,0,0,0,566166,531708
1232,1507,33416837,33438334,23341,8085,87,8090,0,-4,-18,-4,-18,1,1,1,777.14,453.14,777.14,453.14,0,0,0,0,0,0,536666,503208
1233,1508,34281704,33333542,23289,8085,87,8090,0,-4,-18,-4,-18,1,1,1,777.14,453.14,777.14,453.14,0,0,0,0,0,0,562375,531458
1234,1509,33557001,34424125,23353,8085,87,8090,0,-4,-18,-4,-18,1,1,1,777.14,453.14,777.14,453.14,0,0,0,0,0,0,648833,603375
1235,1510,30240291,30274959,23377,8085,90,8090,0,-4,-18,-4,-18,1,1,1,777.14,453.14,777.14,453.14,0,0,0,0,0,0,522834,495167
1236,1511,30335791,30330292,23817,8085,87,8090,0,-5,-18,-5,-18,1,1,1,731.43,431,731.43,431,0,0,0,0,0,0,684583,653917
1237,1512,31452126,30492625,23817,8173,87,8178,0,-5,-18,-5,-18,1,1,1,731.43,431,731.43,431,0,0,0,0,0,0,578791,541708
1238,1513,29591120,30515500,23881,8173,87,8178,0,-5,-18,-5,-18,1,1,1,731.43,431,731.43,431,0,0,0,0,0,0,561458,521292
1239,1514,30686918,30556292,23869,8173,87,8178,0,-5,-18,-5,-18,1,1,1,731.43,431,731.43,431,0,0,0,0,0,0,567167,532375
1240,1515,41868750,40694750,27355,8173,87,8178,0,-6,-18,-6,-18,1,1,1,685.71,416.09,685.71,416.09,0,0,0,0,0,0,575208,545042
1241,1516,35583753,36790500,26559,8173,87,8178,0,-6,-18,-6,-18,1,1,1,685.71,416.09,685.71,416.09,0,0,0,0,0,0,692125,650583
1242,1517,36296080,36263709,23817,8173,87,8178,0,-6,-18,-6,-18,1,1,1,685.71,416.09,685.71,416.09,0,0,0,0,0,0,619375,583750
1243,1518,38620714,36429542,24381,8173,87,8178,0,-6,-18,-6,-18,1,1,1,685.71,416.09,685.71,416.09,0,0,0,0,0,0,618708,578125
1244,1519,34591205,36776125,24185,8173,87,8178,0,-8,-18,-8,-18,1,1,1,594.29,422.77,594.29,422.77,0,0,0,0,0,0,829291,792833
1245,1520,35802502,35645417,23869,8173,87,8178,0,-8,-18,-8,-18,1,1,1,594.29,422.77,594.29,422.77,0,0,0,0,0,0,671625,629167
1246,1521,40276415,39145833,23817,8174,88,8179,0,-8,-18,-8,-18,1,1,1,594.29,422.77,594.29,422.77,0,0,0,0,0,0,721334,681500
1247,1522,42987704,43988625,23881,8173,87,8178,0,-8,-18,-8,-18,1,1,1,594.29,422.77,594.29,422.77,0,0,0,0,0,0,857167,804084
1248,1523,53976833,53990292,23905,8173,87,8178,0,-9,-18,-9,-18,1,1,1,548.57,418.39,548.57,418.39,0,0,0,0,0,0,860000,808875
1249,1524,72146169,70181708,23817,8173,87,8178,0,-9,-18,-9,-18,1,1,1,548.57,418.39,548.57,418.39,0,0,0,0,0,0,1097625,996667
1250,1525,66213831,68010125,23933,8173,90,8178,0,-9,-18,-9,-18,1,1,1,548.57,418.39,548.57,418.39,0,0,0,0,0,0,1321875,1256000
1251,1526,68772211,67062500,23905,8173,87,8178,0,-9,-18,-9,-18,1,1,1,548.57,418.39,548.57,418.39,0,0,0,0,0,0,1243209,1161708
1252,1527,67615583,67520375,24445,8173,87,8178,0,-10,-18,-10,-18,1,1,1,502.86,399.44,502.86,399.44,0,0,0,0,0,0,1077000,1011584
1253,1528,62184333,62388916,24085,8173,87,8178,0,-10,-18,-10,-18,1,1,1,502.86,399.44,502.86,399.44,0,0,0,0,0,0,1258833,1171000
1254,1529,53080670,54761042,23969,8173,87,8178,0,-10,-18,-10,-18,1,1,1,502.86,399.44,502.86,399.44,0,0,0,0,0,0,889833,840042
1255,1530,53468503,52029458,23817,8173,87,8178,0,-10,-18,-10,-18,1,1,1,502.86,399.44,502.86,399.44,0,0,0,0,0,0,1011500,941042
1256,1531,43887954,45301834,23881,8173,87,8178,0,-11,-18,-11,-18,1,1,1,457.14,380.06,457.14,380.06,0,0,0,0,0,0,798334,736875
1257,1532,50198085,50167167,23957,8173,87,8178,0,-11,-18,-11,-18,1,1,1,457.14,380.06,457.14,380.06,0,0,0,0,0,0,1097750,1035583
1258,1533,46840000,45697875,23817,8173,90,8178,0,-11,-18,-11,-18,1,1,1,457.14,380.06,457.14,380.06,0,0,0,0,0,0,736583,688708
1259,1534,43500665,44644791,23881,8173,87,8178,0,-11,-18,-11,-18,1,1,1,457.14,380.06,457.14,380.06,0,0,0,0,0,0,746250,698459
1260,1535,45584537,45452959,23817,8173,87,8178,0,-12,-18,-12,-18,1,1,1,411.43,359.32,411.43,359.32,0,0,0,0,0,0,790000,745708
1261,1536,46287003,45157250,23905,8174,88,8179,0,-12,-18,-12,-18,1,1,1,411.43,359.32,411.43,359.32,0,0,0,0,0,0,748625,700542
1262,1537,46249326,46135833,24497,8173,87,8178,0,-12,-18,-12,-18,1,1,1,411.43,359.32,411.43,359.32,0,0,0,0,0,0,784459,740583
1263,1538,43724171,45013125,24033,8173,87,8178,0,-12,-18,-12,-18,1,1,1,411.43,359.32,411.43,359.32,0,0,0,0,0,0,733958,683917
1264,1539,48106208,46810750,23817,8173,87,8178,0,-13,-18,-13,-18,1,1,1,365.71,336.6,365.71,336.6,0,0,0,0,0,0,909292,861000
1265,1540,44905710,46168792,23969,8173,87,8178,0,-13,-18,-13,-18,1,1,1,365.71,336.6,365.71,336.6,0,0,0,0,0,0,781000,722166
1266,1541,46241912,46223500,23817,8173,87,8178,0,-13,-18,-13,-18,1,1,1,365.71,336.6,365.71,336.6,0,0,0,0,0,0,734625,692333
1267,1542,54450955,52784375,23869,8173,87,8178,0,-13,-18,-13,-18,1,1,1,365.71,336.6,365.71,336.6,0,0,0,0,0,0,714875,670459
1268,1543,57718127,59185000,23881,8173,87,8178,0,-14,-18,-14,-18,1,1,1,320,311.82,320,311.82,0,0,0,0,0,0,906625,854917
1269,1544,57239003,55555958,23905,8173,90,8178,0,-14,-18,-14,-18,1,1,1,320,311.82,320,311.82,0,0,0,0,0,0,997042,937708
1270,1545,53082250,54824292,23881,8173,87,8178,0,-14,-18,-14,-18,1,1,1,320,311.82,320,311.82,0,0,0,0,0,0,870250,819166
1271,1546,53996749,52374917,23869,8173,87,8178,0,-14,-18,-14,-18,1,1,1,320,311.82,320,311.82,0,0,0,0,0,0,885459,828792
1272,1547,49156583,49587459,24533,8173,87,8178,0,-15,-18,-15,-18,1,1,1,274.29,285.43,274.29,285.43,0,0,0,0,0,0,881166,829208
1273,1548,42272709,43472541,24033,8173,87,8178,0,-15,-18,-15,-18,1,1,1,274.29,285.43,274.29,285.43,0,0,0,0,0,0,780625,713375
1274,1549,41371330,40332084,23817,8173,87,8178,0,-15,-18,-15,-18,1,1,1,274.29,285.43,274.29,285.43,0,0,0,0,0,0,785167,721208
1275,1550,37208709,38173084,23881,8173,87,8178,0,-15,-18,-15,-18,1,1,1,274.29,285.43,274.29,285.43,0,0,0,0,0,0,686750,624500
1276,1551,36259170,36352416,23957,8174,88,8179,0,-16,-18,-16,-18,1,1,1,228.57,258.09,228.57,258.09,0,0,0,0,0,0,740875,686666
1277,1552,34993954,33981625,23817,8173,87,8178,0,-16,-18,-16,-18,1,1,1,228.57,258.09,228.57,258.09,0,0,0,0,0,0,647500,594083
1278,1553,36661211,37642750,23881,8173,87,8178,0,-16,-18,-16,-18,1,1,1,228.57,258.09,228.57,258.09,0,0,0,0,0,0,715667,650708
1279,1554,33845413,33812334,23817,8173,90,8178,0,-16,-18,-16,-18,1,1,1,228.57,258.09,228.57,258.09,0,0,0,0,0,0,606583,554167
1280,1555,35455875,34355875,23817,8173,87,8178,0,-17,-18,-17,-18,1,1,1,182.86,230.19,182.86,230.19,0,0,0,0,0,0,649291,593667
1281,1556,34303005,35350542,23969,8173,87,8178,0,-17,-18,-17,-18,1,1,1,182.86,230.19,182.86,230.19,0,0,0,0,0,0,631416,573334
1282,1557,34646164,34637500,23869,8173,87,8178,0,-17,-18,-17,-18,1,1,1,182.86,230.19,182.86,230.19,0,0,0,0,0,0,634625,582834
1283,1558,36246996,35221875,23817,8173,87,8178,0,-17,-18,-17,-18,1,1,1,182.86,230.19,182.86,230.19,0,0,0,0,0,0,622916,561250
1284,1559,32350622,33360583,23881,8173,87,8178,0,-16,-18,-16,-18,1,1,1,228.57,258.09,228.57,258.09,0,0,0,0,0,0,617458,566083
1285,1560,33931463,33829375,23817,8173,87,8178,0,-16,-18,-16,-18,1,1,1,228.57,258.09,228.57,258.09,0,0,0,0,0,0,633625,575417
1286,1561,39571080,37713625,24469,8173,87,8178,0,-16,-18,-16,-18,1,1,1,228.57,258.09,228.57,258.09,0,0,0,0,0,0,688625,634000
1287,1562,36151330,37826583,24097,8173,87,8178,0,-16,-18,-16,-18,1,1,1,228.57,258.09,228.57,258.09,0,0,0,0,0,0,687292,626042
1288,1563,37614166,37830208,23869,8173,87,8178,0,-15,-18,-15,-18,1,1,1,274.29,285.43,274.29,285.43,0,0,0,0,0,0,660042,604916
1289,1564,37849169,36745708,23817,8173,87,8178,0,-15,-18,-15,-18,1,1,1,274.29,285.43,274.29,285.43,0,0,0,0,0,0,861250,800208
1290,1565,39538294,40451666,23969,8173,87,8178,0,-15,-18,-15,-18,1,1,1,274.29,285.43,274.29,285.43,0,0,0,0,0,0,789750,732292
1291,1566,40232583,40321708,23817,8174,88,8179,0,-15,-18,-15,-18,1,1,1,274.29,285.43,274.29,285.43,0,0,0,0,0,0,688292,627625
1292,1567,44366538,42968833,23817,8173,87,8178,0,-14,-18,-14,-18,1,1,1,320,311.82,320,311.82,0,0,0,0,0,0,813000,748750
1293,1568,38920789,40238125,23881,8173,90,8178,0,-14,-18,-14,-18,1,1,1,320,311.82,320,311.82,0,0,0,0,0,0,659541,610792
1294,1569,43720126,43670791,23957,8173,87,8178,0,-14,-18,-14,-18,1,1,1,320,311.82,320,311.82,0,0,0,0,0,0,665292,624875
1295,1570,46888541,45431500,23817,8173,87,8178,0,-14,-18,-14,-18,1,1,1,320,311.82,320,311.82,0,0,0,0,0,0,724375,673500
1296,1571,50417710,51789500,23881,8173,87,8178,0,-13,-18,-13,-18,1,1,1,365.71,336.6,365.71,336.6,0,0,0,0,0,0,904875,850208
1297,1572,58693330,55434250,23817,8173,87,8178,0,-13,-18,-13,-18,1,1,1,365.71,336.6,365.71,336.6,0,0,0,0,0,0,1004583,935000
1298,1573,64267173,67432042,24749,8173,87,8178,0,-13,-18,-13,-18,1,1,1,365.71,336.6,365.71,336.6,0,0,0,0,0,0,1170500,1064875
1299,1574,70405296,68546833,23869,8173,87,8178,0,-13,-18,-13,-18,1,1,1,365.71,336.6,365.71,336.6,0,0,0,0,0,0,1406958,1322625
1300,1575,66273368,67927125,23881,8173,87,8178,0,-12,-18,-12,-18,1,1,1,411.43,359.32,411.43,359.32,0,0,0,0,0,0,1333417,1259125
1301,1576,65313339,63860333,23905,8173,87,8178,0,-12,-18,-12,-18,1,1,1,411.43,359.32,411.43,359.32,0,0,0,0,0,0,1058584,985000
1302,1577,52581708,54222833,23933,8173,90,8178,0,-12,-18,-12,-18,1,1,1,411.43,359.32,411.43,359.32,0,0,0,0,0,0,903167,851583
1303,1578,50145994,48914959,23817,8173,87,8178,0,-12,-18,-12,-18,1,1,1,411.43,359.32,411.43,359.32,0,0,0,0,0,0,916666,855708
1304,1579,43728414,44993583,23969,8173,87,8178,0,-11,-18,-11,-18,1,1,1,457.14,380.06,457.14,380.06,0,0,0,0,0,0,790917,744792
1305,1580,46485085,46489208,23817,8173,87,8178,0,-11,-18,-11,-18,1,1,1,457.14,380.06,457.14,380.06,0,0,0,0,0,0,779208,720041
1306,1581,48076007,45743916,24381,8174,88,8179,0,-11,-18,-11,-18,1,1,1,457.14,380.06,457.14,380.06,0,0,0,0,0,0,716208,673666
1307,1582,43091624,45327916,24149,8173,87,8178,0,-11,-18,-11,-18,1,1,1,457.14,380.06,457.14,380.06,0,0,0,0,0,0,723459,674000
1308,1583,44950205,44960292,23905,8173,87,8178,0,-10,-18,-10,-18,1,1,1,502.86,399.44,502.86,399.44,0,0,0,0,0,0,848250,783292
1309,1584,47381378,46189750,23817,8173,87,8178,0,-10,-18,-10,-18,1,1,1,502.86,399.44,502.86,399.44,0,0,0,0,0,0,734917,687250
1310,1585,43578371,44613958,23881,8173,87,8178,0,-10,-18,-10,-18,1,1,1,502.86,399.44,502.86,399.44,0,0,0,0,0,0,759166,714541
1311,1586,45589666,45636666,23817,8173,87,8178,0,-10,-18,-10,-18,1,1,1,502.86,399.44,502.86,399.44,0,0,0,0,0,0,879125,812625
1312,1587,51375750,49957792,23957,8173,87,8178,0,-9,-18,-9,-18,1,1,1,548.57,418.39,548.57,418.39,0,0,0,0,0,0,918291,860667
1313,1588,44153414,45574875,23881,8173,90,8178,0,-9,-18,-9,-18,1,1,1,548.57,418.39,548.57,418.39,0,0,0,0,0,0,759250,703083
1314,1589,45703578,45665042,23817,8173,87,8178,0,-9,-18,-9,-18,1,1,1,548.57,418.39,548.57,418.39,0,0,0,0,0,0,772000,726916
1315,1590,48737123,47192708,23817,8173,87,8178,0,-9,-18,-9,-18,1,1,1,548.57,418.39,548.57,418.39,0,0,0,0,0,0,771167,717750
1316,1591,45952543,47165500,23969,8173,87,8178,0,-8,-18,-8,-18,1,1,1,594.29,422.77,594.29,422.77,0,0,0,0,0,0,769041,724750
1317,1592,57425998,54269417,24433,8173,87,8178,0,-8,-18,-8,-18,1,1,1,594.29,422.77,594.29,422.77,0,0,0,0,0,0,883750,817875
1318,1593,52909288,56127709,24097,8173,87,8178,0,-8,-18,-8,-18,1,1,1,594.29,422.77,594.29,422.77,0,0,0,0,0,0,857792,805334
1319,1594,59942297,58064083,23905,8173,87,8178,0,-8,-18,-8,-18,1,1,1,594.29,422.77,594.29,422.77,0,0,0,0,0,0,865792,806875
1320,1595,64643085,66477333,23881,8173,87,8178,0,-6,-18,-6,-18,1,1,1,685.71,416.09,685.71,416.09,0,0,0,0,0,0,1071916,1006584
1321,1596,67916624,66265917,23869,8174,88,8179,0,-6,-18,-6,-18,1,1,1,685.71,416.09,685.71,416.09,0,0,0,0,0,0,1096375,1018958
1322,1597,50897583,52557375,23969,8173,90,8178,0,-6,-18,-6,-18,1,1,1,685.71,416.09,685.71,416.09,0,0,0,0,0,0,928291,872875
1323,1598,50436459,49264083,23817,8173,87,8178,0,-6,-18,-6,-18,1,1,1,685.71,416.09,685.71,416.09,0,0,0,0,0,0,886542,823208
1324,1599,41202288,42457667,23881,8173,87,8178,0,-5,-18,-5,-18,1,1,1,731.43,431,731.43,431,0,0,0,0,0,0,821875,763750
1325,1600,38065463,38001417,23869,8173,87,8178,0,-5,-18,-5,-18,1,1,1,731.43,431,731.43,431,0,0,0,0,0,0,669125,626791
1326,1601,41038122,39918125,23905,8173,87,8178,0,-5,-18,-5,-18,1,1,1,731.43,431,731.43,431,0,0,0,0,0,0,729833,690917
1327,1602,38011997,38166083,24445,8173,87,8178,0,-5,-18,-5,-18,1,1,1,731.43,431,731.43,431,0,0,0,0,0,0,710333,668125
1328,1603,33817291,34586042,23505,8173,87,8178,0,-4,-18,-4,-18,1,1,1,777.14,453.14,777.14,453.14,0,0,0,0,0,0,605917,574000
1329,1604,34781292,33944541,23289,8085,87,8090,0,-4,-18,-4,-18,1,1,1,777.14,453.14,777.14,453.14,0,0,0,0,0,0,583000,546583
1330,1605,33230334,34136875,23353,8085,87,8090,0,-4,-18,-4,-18,1,1,1,777.14,453.14,777.14,453.14,0,0,0,0,0,0,563083,529750
1331,1606,37734042,37874417,26879,8085,87,8090,0,-4,-18,-4,-18,1,1,1,777.14,453.14,777.14,453.14,0,0,0,0,0,0,551041,519292
1332,1607,34317538,33171667,25967,8085,87,8090,0,-3,-18,-3,-18,1,1,1,822.86,475.99,822.86,475.99,0,0,0,0,0,0,596625,556958
1333,1608,35837754,36927542,23353,8085,87,8090,0,-3,-18,-3,-18,1,1,1,822.86,475.99,822.86,475.99,0,0,0,0,0,0,628208,593083
1334,1609,33160287,33138667,23289,8085,90,8090,0,-3,-18,-3,-18,1,1,1,822.86,475.99,822.86,475.99,0,0,0,0,0,0,547459,517417
1335,1610,34439787,33372250,23289,8085,87,8090,0,-3,-18,-3,-18,1,1,1,822.86,475.99,822.86,475.99,0,0,0,0,0,0,576458,539625
1336,1611,32682958,33702375,23441,8086,88,8091,0,-2,-18,-2,-18,1,1,1,868.57,498.85,868.57,498.85,0,0,0,0,0,0,535875,507167
1337,1612,33341255,33342708,23341,8085,87,8090,0,-2,-18,-2,-18,1,1,1,868.57,498.85,868.57,498.85,0,0,0,0,0,0,538458,509875
1338,1613,34238789,33215083,23289,8085,87,8090,0,-2,-18,-2,-18,1,1,1,868.57,498.85,868.57,498.85,0,0,0,0,0,0,563750,529792
1339,1614,32342579,33329458,23353,8085,87,8090,0,-2,-18,-2,-18,1,1,1,868.57,498.85,868.57,498.85,0,0,0,0,0,0,542958,514125
1340,1615,33595126,33515208,23289,8085,87,8090,0,-1,-18,-1,-18,1,1,1,914.29,521.71,914.29,521.71,0,0,0,0,0,0,557708,528750
1341,1616,37630088,35969417,23941,8085,87,8090,0,-1,-18,-1,-18,1,1,1,914.29,521.71,914.29,521.71,0,0,0,0,0,0,630083,591250
1342,1617,33966496,35630292,23569,8085,87,8090,0,-1,-18,-1,-18,1,1,1,914.29,521.71,914.29,521.71,0,0,0,0,0,0,542834,514792
1343,1618,35334289,35333834,23341,8085,87,8090,0,-1,-18,-1,-18,1,1,1,914.29,521.71,914.29,521.71,0,0,0,0,0,0,559083,530500
1344,1619,36581795,35373334,23289,8085,87,8090,0,0,-18,0,-18,1,1,1,960,544.56,960,544.56,0,0,0,0,0,0,557625,524833
1345,1620,36786876,37888208,23353,8085,87,8090,0,0,-18,0,-18,1,1,1,960,544.56,960,544.56,0,0,0,0,0,0,539458,509292
1346,1621,36218620,36244291,23377,8085,87,8090,0,0,-18,0,-18,1,1,1,960,544.56,960,544.56,0,0,0,0,0,0,624084,593625
1347,1622,36089379,35137667,23289,8085,87,8090,0,0,-18,0,-18,1,1,1,960,544.56,960,544.56,0,0,0,0,0,0,582916,545000
1348,1623,42595662,43351417,23353,8085,87,8090,0,1,-18,1,-18,1,1,1,1005.71,567.42,1005.71,567.42,0,0,0,0,0,0,670791,638791
1349,1624,46319127,46405708,23341,8085,90,8090,0,1,-18,1,-18,1,1,1,1005.71,567.42,1005.71,567.42,0,0,0,0,0,0,849000,808292
1350,1625,58374505,56284834,23377,8085,87,8090,0,1,-18,1,-18,1,1,1,1005.71,567.42,1005.71,567.42,0,0,0,0,0,0,809667,760209
1351,1626,64928084,66827958,23353,8086,88,8091,0,1,-18,1,-18,1,1,1,1005.71,567.42,1005.71,567.42,0,0,0,0,0,0,910083,849500
1352,1627,74212290,70887458,23853,8085,87,8090,0,2,-18,2,-18,1,1,1,1051.43,590.28,1051.43,590.28,0,0,0,0,0,0,931750,874875
1353,1628,64834706,68108208,23709,8085,87,8090,0,2,-18,2,-18,1,1,1,1051.43,590.28,1051.43,590.28,0,0,0,0,0,0,1059083,993667
1354,1629,72482421,70519958,23289,8085,87,8090,0,2,-18,2,-18,1,1,1,1051.43,590.28,1051.43,590.28,0,0,0,0,0,0,962417,907666
1355,1630,67609913,69373375,30754,8085,87,8090,0,2,-18,2,-18,1,1,1,1051.43,590.28,1051.43,590.28,0,0,0,0,0,0,1065334,1003791
1356,1631,74725463,72989125,29157,8085,87,8090,0,3,-18,3,-18,1,1,1,1097.14,613.14,1097.14,613.14,0,0,0,0,0,0,1079292,995459
1357,1632,60210041,62102791,23353,8085,90,8090,0,3,-18,3,-18,1,1,1,1097.14,613.14,1097.14,613.14,0,0,0,0,0,0,1029333,958792
1358,1633,57154748,55320458,23289,8085,87,8090,0,3,-18,3,-18,1,1,1,1097.14,613.14,1097.14,613.14,0,0,0,0,0,0,978333,932708
1359,1634,49511123,51186583,23441,8085,87,8090,0,3,-18,3,-18,1,1,1,1097.14,613.14,1097.14,613.14,0,0,0,0,0,0,781250,738833
1360,1635,47337003,46172958,23905,8085,87,8090,0,4,-18,4,-18,1,1,1,1142.86,635.99,1142.86,635.99,0,0,0,0,0,0,692792,650666
1361,1636,44904083,44651959,23505,8085,87,8090,0,4,-18,4,-18,1,1,1,1142.86,635.99,1142.86,635.99,0,0,0,0,0,0,677167,641125
1362,1637,44318623,45824750,23353,8085,87,8090,0,4,-18,4,-18,1,1,1,1142.86,635.99,1142.86,635.99,0,0,0,0,0,0,833750,791833
1363,1638,48775922,48750666,23377,8085,87,8090,0,4,-18,4,-18,1,1,1,1142.86,635.99,1142.86,635.99,0,0,0,0,0,0,660292,620708
1364,1639,53889293,52675667,23709,8085,87,8090,0,5,-18,5,-18,1,1,1,1188.57,662.98,1188.57,662.98,0,0,0,0,0,0,965000,919083
1365,1640,55445499,56301084,23825,8155,87,8160,0,5,-18,5,-18,1,1,1,1188.57,662.98,1188.57,662.98,0,0,0,0,0,0,1030208,964833
1366,1641,50606496,49734958,36095,8156,91,8161,0,5,-18,5,-18,1,1,1,1188.57,662.98,1188.57,662.98,0,0,0,0,0,0,744833,705708
1367,1642,42606703,43788167,26451,8155,87,8160,0,5,-18,5,-18,1,1,1,1188.57,662.98,1188.57,662.98,0,0,0,0,0,0,805083,762875
1368,1643,40979668,41002459,23709,8155,87,8160,0,6,-18,6,-18,1,1,1,1234.29,696.59,1234.29,696.59,0,0,0,0,0,0,739959,693833
1369,1644,39147831,37983167,23709,8155,87,8160,0,6,-18,6,-18,1,1,1,1234.29,696.59,1234.29,696.59,0,0,0,0,0,0,680667,647041
1370,1645,36053296,37213958,23913,8155,87,8160,0,6,-18,6,-18,1,1,1,1234.29,696.59,1234.29,696.59,0,0,0,0,0,0,656959,614791
1371,1646,35480037,34428958,24273,8155,87,8160,0,6,-18,6,-18,1,1,1,1234.29,696.59,1234.29,696.59,0,0,0,0,0,0,629958,595625
1372,1647,33535417,33538292,23925,8155,87,8160,0,7,-18,7,-18,1,1,1,1280,736.66,1280,736.66,0,0,0,0,0,0,625541,588083
1373,1648,32937668,33720458,23773,8155,87,8160,0,7,-18,7,-18,1,1,1,1280,736.66,1280,736.66,0,0,0,0,0,0,665500,632500
1374,1649,33767040,33935292,23709,8155,87,8160,0,7,-18,7,-18,1,1,1,1280,736.66,1280,736.66,0,0,0,0,0,0,603708,563833
1375,1650,34258753,33293958,23797,8155,87,8160,0,7,-18,7,-18,1,1,1,1280,736.66,1280,736.66,0,0,0,0,0,0,622709,582750
1376,1651,32624077,33587708,23825,8155,87,8160,0,8,-18,8,-18,1,1,1,1325.71,772.98,1325.71,772.98,0,0,0,0,0,0,659333,599625
1377,1652,33318836,33315291,23709,8155,87,8160,0,8,-18,8,-18,1,1,1,1325.71,772.98,1325.71,772.98,0,0,0,0,0,0,675458,641625
1378,1653,37464123,36465125,23709,8155,87,8160,0,8,-18,8,-18,1,1,1,1325.71,772.98,1325.71,772.98,0,0,0,0,0,0,721416,678500
1379,1654,32612252,33501708,23773,8155,90,8160,0,8,-18,8,-18,1,1,1,1325.71,772.98,1325.71,772.98,0,0,0,0,0,0,585791,553333
1380,1655,33476043,33542625,23797,8155,87,8160,0,9,-18,9,-18,1,1,1,1371.43,801.36,1371.43,801.36,0,0,0,0,0,0,604584,568625
1381,1656,34428585,33379959,23709,8156,88,8161,0,9,-18,9,-18,1,1,1,1371.43,801.36,1371.43,801.36,0,0,0,0,0,0,590209,558667
1382,1657,32524622,33548917,23825,8155,87,8160,0,9,-18,9,-18,1,1,1,1371.43,801.36,1371.43,801.36,0,0,0,0,0,0,605958,566125
1383,1658,33370126,33321667,23709,8155,87,8160,0,9,-18,9,-18,1,1,1,1371.43,801.36,1371.43,801.36,0,0,0,0,0,0,632583,599791
1384,1659,34503832,33465083,23709,8155,87,8160,0,10,-18,10,-18,1,1,1,1417.14,823.72,1417.14,823.72,0,0,0,0,0,0,616625,577291
1385,1660,32476160,33503375,23861,8155,87,8160,0,10,-18,10,-18,1,1,1,1417.14,823.72,1417.14,823.72,0,0,0,0,0,0,616125,583084
1386,1661,33234298,32281750,24273,8155,87,8160,0,10,-18,10,-18,1,1,1,1417.14,823.72,1417.14,823.72,0,0,0,0,0,0,583834,545250
1387,1662,30283452,31218459,23925,8155,87,8160,0,10,-18,10,-18,1,1,1,1417.14,823.72,1417.14,823.72,0,0,0,0,0,0,603250,570708
1388,1663,31682375,30649125,23709,8155,87,8160,0,11,-18,11,-18,1,1,1,1462.86,845.83,1462.86,845.83,0,0,0,0,0,0,549583,514875
1389,1664,32807957,33735500,23825,8155,87,8160,0,11,-18,11,-18,1,1,1,1462.86,845.83,1462.86,845.83,0,0,0,0,0,0,593167,559750
1390,1665,33479668,33533834,23797,8155,87,8160,0,11,-18,11,-18,1,1,1,1462.86,845.83,1462.86,845.83,0,0,0,0,0,0,656834,615917
1391,1666,34368999,33353584,23709,8155,87,8160,0,11,-18,11,-18,1,1,1,1462.86,845.83,1462.86,845.83,0,0,0,0,0,0,630292,594208
1392,1667,32591462,33595458,23773,8155,87,8160,0,12,-18,12,-18,1,1,1,1508.57,868.27,1508.57,868.27,0,0,0,0,0,0,592000,554959
1393,1668,36445159,36403583,23709,8155,87,8160,0,12,-18,12,-18,1,1,1,1508.57,868.27,1508.57,868.27,0,0,0,0,0,0,682041,639458
1394,1669,34800834,33722834,23709,8155,90,8160,0,12,-18,12,-18,1,1,1,1508.57,868.27,1508.57,868.27,0,0,0,0,0,0,621875,585292
1395,1670,32691955,33739542,23913,8155,87,8160,0,12,-18,12,-18,1,1,1,1508.57,868.27,1508.57,868.27,0,0,0,0,0,0,647125,613833
1396,1671,33692169,33680916,23709,8156,88,8161,0,13,-18,13,-18,1,1,1,1554.29,892.25,1554.29,892.25,0,0,0,0,0,0,590916,550417
1397,1672,34466583,33409375,23709,8155,87,8160,0,13,-18,13,-18,1,1,1,1554.29,892.25,1554.29,892.25,0,0,0,0,0,0,645917,611833
1398,1673,32675083,33709666,23773,8155,87,8160,0,13,-18,13,-18,1,1,1,1554.29,892.25,1554.29,892.25,0,0,0,0,0,0,588500,550209
1399,1674,33308044,33219584,23709,8155,87,8160,0,13,-18,13,-18,1,1,1,1554.29,892.25,1554.29,892.25,0,0,0,0,0,0,615625,583375
1400,1675,34882292,33930459,23797,8155,87,8160,0,14,-18,14,-18,1,1,1,1600,918.02,1600,918.02,0,0,0,0,0,0,630333,588250
1401,1676,37410791,37337667,24389,8155,87,8160,0,14,-18,14,-18,1,1,1,1600,918.02,1600,918.02,0,0,0,0,0,0,825583,792083
1402,1677,38689244,39714417,23925,8155,87,8160,0,14,-18,14,-18,1,1,1,1600,918.02,1600,918.02,0,0,0,0,0,0,597583,557917
1403,1678,42602125,41005834,23709,8155,87,8160,0,14,-18,14,-18,1,1,1,1600,918.02,1600,918.02,0,0,0,0,0,0,696625,659417
1404,1679,44493585,45989000,23861,8155,87,8160,0,15,-18,15,-18,1,1,1,1645.71,944.98,1645.71,944.98,0,0,0,0,0,0,946041,887375
1405,1680,53812917,53697791,23709,8155,87,8160,0,15,-18,15,-18,1,1,1,1645.71,944.98,1645.71,944.98,0,0,0,0,0,0,864583,816333
1406,1681,62888659,61051166,23761,8155,87,8160,0,15,-18,15,-18,1,1,1,1645.71,944.98,1645.71,944.98,0,0,0,0,0,0,852917,791833
1407,1682,71768328,73441416,23861,8155,87,8160,0,15,-18,15,-18,1,1,1,1645.71,944.98,1645.71,944.98,0,0,0,0,0,0,1242041,1173041
1408,1683,68503499,66685792,23709,8155,90,8160,0,16,-18,16,-18,1,1,1,1691.43,972.01,1691.43,972.01,0,0,0,0,0,0,1047917,976375
1409,1684,65140999,66663208,23825,8155,87,8160,0,16,-18,16,-18,1,1,1,1691.43,972.01,1691.43,972.01,0,0,0,0,0,0,1108666,1045917
1410,1685,66319458,63736583,24361,8155,87,8160,0,16,-18,16,-18,1,1,1,1691.43,972.01,1691.43,972.01,0,0,0,0,0,0,1114208,1031542
1411,1686,51919877,54816458,23989,8156,88,8161,0,16,-18,16,-18,1,1,1,1691.43,972.01,1691.43,972.01,0,0,0,0,0,0,860458,811625
1412,1687,54343331,52783333,23709,8155,87,8160,0,15,-18,15,-18,1,1,1,1645.71,944.98,1645.71,944.98,0,0,0,0,0,0,935125,861959
1413,1688,45703250,47309541,23913,8155,87,8160,0,15,-18,15,-18,1,1,1,1645.71,944.98,1645.71,944.98,0,0,0,0,0,0,786166,735916
1414,1689,47714710,47590792,23709,8155,87,8160,0,15,-18,15,-18,1,1,1,1645.71,944.98,1645.71,944.98,0,0,0,0,0,0,710666,663083
1415,1690,51848873,50458208,23709,8155,87,8160,0,15,-18,15,-18,1,1,1,1645.71,944.98,1645.71,944.98,0,0,0,0,0,0,964875,907875
1416,1691,45108914,46466958,23773,8155,90,8160,0,14,-18,14,-18,1,1,1,1600,918.02,1600,918.02,0,0,0,0,0,0,876875,823583
1417,1692,45004628,45036333,23797,8155,87,8160,0,14,-18,14,-18,1,1,1,1600,918.02,1600,918.02,0,0,0,0,0,0,772625,727750
1418,1693,47463584,46279542,23761,8155,87,8160,0,14,-18,14,-18,1,1,1,1600,918.02,1600,918.02,0,0,0,0,0,0,977834,928792
1419,1694,44097326,45199208,23773,8155,87,8160,0,14,-18,14,-18,1,1,1,1600,918.02,1600,918.02,0,0,0,0,0,0,723083,681583
1420,1695,47628670,46324292,24273,8155,87,8160,0,13,-18,13,-18,1,1,1,1554.29,892.25,1554.29,892.25,0,0,0,0,0,0,1114375,1050583
1421,1696,49788370,49393167,24013,8155,87,8160,0,13,-18,13,-18,1,1,1,1554.29,892.25,1554.29,892.25,0,0,0,0,0,0,751708,705792
1422,1697,53559750,54623958,23773,8155,87,8160,0,13,-18,13,-18,1,1,1,1554.29,892.25,1554.29,892.25,0,0,0,0,0,0,922958,787416
1423,1698,56787542,55849500,23761,8155,87,8160,0,13,-18,13,-18,1,1,1,1554.29,892.25,1554.29,892.25,0,0,0,0,0,0,1086583,997625
1424,1699,52293997,53749583,23861,8155,87,8160,0,12,-18,12,-18,1,1,1,1508.57,868.27,1508.57,868.27,0,0,0,0,0,0,898375,838500
1425,1700,62353253,60219750,23709,8155,87,8160,0,12,-18,12,-18,1,1,1,1508.57,868.27,1508.57,868.27,0,0,0,0,0,0,1274417,1224083
1426,1701,62837786,64739959,23773,8156,91,8161,0,12,-18,12,-18,1,1,1,1508.57,868.27,1508.57,868.27,0,0,0,0,0,0,1071458,986708
1427,1702,61657667,59924792,23849,8155,87,8160,0,12,-18,12,-18,1,1,1,1508.57,868.27,1508.57,868.27,0,0,0,0,0,0,925166,871291
1428,1703,54784417,56524250,23773,8155,87,8160,0,11,-18,11,-18,1,1,1,1462.86,845.83,1462.86,845.83,0,0,0,0,0,0,881334,813333
1429,1704,56236997,53668208,24273,8155,87,8160,0,11,-18,11,-18,1,1,1,1462.86,845.83,1462.86,845.83,0,0,0,0,0,0,1011250,955625
1430,1705,49177125,51862459,24077,8155,87,8160,0,11,-18,11,-18,1,1,1,1462.86,845.83,1462.86,845.83,0,0,0,0,0,0,1361209,1299875
1431,1706,44036917,44037292,23761,8155,87,8160,0,11,-18,11,-18,1,1,1,1462.86,845.83,1462.86,845.83,0,0,0,0,0,0,744083,699708
1432,1707,40099497,39004916,23709,8155,87,8160,0,10,-18,10,-18,1,1,1,1417.14,823.72,1417.14,823.72,0,0,0,0,0,0,720292,671500
1433,1708,37144672,38200875,23773,8155,87,8160,0,10,-18,10,-18,1,1,1,1417.14,823.72,1417.14,823.72,0,0,0,0,0,0,647708,610875
1434,1709,37058539,37093792,23797,8155,87,8160,0,10,-18,10,-18,1,1,1,1417.14,823.72,1417.14,823.72,0,0,0,0,0,0,667375,625750
1435,1710,37559125,36581542,23709,8155,87,8160,0,10,-18,10,-18,1,1,1,1417.14,823.72,1417.14,823.72,0,0,0,0,0,0,692333,656792
1436,1711,33228918,34170209,23773,8155,90,8160,0,9,-18,9,-18,1,1,1,1371.43,801.36,1371.43,801.36,0,0,0,0,0,0,583291,544584
1437,1712,33914037,33911000,23761,8155,87,8160,0,9,-18,9,-18,1,1,1,1371.43,801.36,1371.43,801.36,0,0,0,0,0,0,597791,564500
1438,1713,34928210,33887917,23709,8155,87,8160,0,9,-18,9,-18,1,1,1,1371.43,801.36,1371.43,801.36,0,0,0,0,0,0,611791,574333
1439,1714,33235330,34257208,23861,8155,87,8160,0,9,-18,9,-18,1,1,1,1371.43,801.36,1371.43,801.36,0,0,0,0,0,0,581625,549500
1440,1715,34962791,34913583,23709,8155,87,8160,0,8,-18,8,-18,1,1,1,1325.71,772.98,1325.71,772.98,0,0,0,0,0,0,583208,547958
1441,1716,37530668,36551416,23709,8156,88,8161,0,8,-18,8,-18,1,1,1,1325.71,772.98,1325.71,772.98,0,0,0,0,0,0,596459,563083
1442,1717,36302246,35954875,24337,8155,87,8160,0,8,-18,8,-18,1,1,1,1325.71,772.98,1325.71,772.98,0,0,0,0,0,0,1389625,1333917
1443,1718,36049213,37035959,23977,8155,87,8160,0,8,-18,8,-18,1,1,1,1325.71,772.98,1325.71,772.98,0,0,0,0,0,0,739042,702084
1444,1719,36932121,35870709,23797,8155,87,8160,0,7,-18,7,-18,1,1,1,1280,736.66,1280,736.66,0,0,0,0,0,0,620000,583125
1445,1720,36546207,37919833,23773,8155,87,8160,0,7,-18,7,-18,1,1,1,1280,736.66,1280,736.66,0,0,0,0,0,0,612541,580500
1446,1721,39775248,39688500,23709,8155,87,8160,0,7,-18,7,-18,1,1,1,1280,736.66,1280,736.66,0,0,0,0,0,0,725750,682333
1447,1722,46492125,45102541,23709,8155,87,8160,0,7,-18,7,-18,1,1,1,1280,736.66,1280,736.66,0,0,0,0,0,0,749750,706416
1448,1723,61723046,62922417,23861,8153,87,8158,0,6,-18,6,-18,1,1,1,1234.29,696.59,1234.29,696.59,0,0,0,0,0,0,952084,884916
1449,1724,68465746,66544917,23761,8155,90,8160,0,6,-18,6,-18,1,1,1,1234.29,696.59,1234.29,696.59,0,0,0,0,0,0,1012833,956292
1450,1725,65533585,67254250,23773,8155,87,8160,0,6,-18,6,-18,1,1,1,1234.29,696.59,1234.29,696.59,0,0,0,0,0,0,1068166,1004208
1451,1726,69215208,67556792,23797,8155,87,8160,0,6,-18,6,-18,1,1,1,1234.29,696.59,1234.29,696.59,0,0,0,0,0,0,1116833,1051625
1452,1727,67025125,66974833,24389,8155,87,8160,0,5,-18,5,-18,1,1,1,1188.57,662.98,1188.57,662.98,0,0,0,0,0,0,1090083,1020875
1453,1728,60160450,60301292,23925,8155,87,8160,0,5,-18,5,-18,1,1,1,1188.57,662.98,1188.57,662.98,0,0,0,0,0,0,1521459,1446250
1454,1729,53698215,55251875,23861,8155,87,8160,0,5,-18,5,-18,1,1,1,1188.57,662.98,1188.57,662.98,0,0,0,0,0,0,1037833,969542
1455,1730,54137997,52934625,23709,8155,87,8160,0,5,-18,5,-18,1,1,1,1188.57,662.98,1188.57,662.98,0,0,0,0,0,0,865166,819083
1456,1731,53753789,54694417,23405,8156,88,8161,0,4,-18,4,-18,1,1,1,1142.86,635.99,1142.86,635.99,0,0,0,0,0,0,847208,793417
1457,1732,60268297,59190583,26827,8085,90,8090,0,4,-18,4,-18,1,1,1,1142.86,635.99,1142.86,635.99,0,0,0,0,0,0,812417,769417
1458,1733,50691701,52096333,26031,8085,87,8090,0,4,-18,4,-18,1,1,1,1142.86,635.99,1142.86,635.99,0,0,0,0,0,0,717209,677125
1459,1734,54277960,52928542,23289,8085,87,8090,0,4,-18,4,-18,1,1,1,1142.86,635.99,1142.86,635.99,0,0,0,0,0,0,759125,710833
1460,1735,47396626,48647458,23493,8085,87,8090,0,3,-18,3,-18,1,1,1,1097.14,613.14,1097.14,613.14,0,0,0,0,0,0,688625,641208
1461,1736,49985870,48565083,23853,8085,87,8090,0,3,-18,3,-18,1,1,1,1097.14,613.14,1097.14,613.14,0,0,0,0,0,0,1159250,1083583
1462,1737,51471959,51655417,23505,8085,87,8090,0,3,-18,3,-18,1,1,1,1097.14,613.14,1097.14,613.14,0,0,0,0,0,0,972958,921625
1463,1738,48762541,49724000,23353,8085,87,8090,0,3,-18,3,-18,1,1,1,1097.14,613.14,1097.14,613.14,0,0,0,0,0,0,726875,690417
1464,1739,47559998,47681000,23377,8085,87,8090,0,2,-18,2,-18,1,1,1,1051.43,590.28,1051.43,590.28,0,0,0,0,0,0,821958,780875
1465,1740,46668663,45584625,23341,8085,87,8090,0,2,-18,2,-18,1,1,1,1051.43,590.28,1051.43,590.28,0,0,0,0,0,0,758125,710459
1466,1741,51236543,52331375,23353,8085,87,8090,0,2,-18,2,-18,1,1,1,1051.43,590.28,1051.43,590.28,0,0,0,0,0,0,724625,687917
1467,1742,47384750,47390875,23289,8085,90,8090,0,2,-18,2,-18,1,1,1,1051.43,590.28,1051.43,590.28,0,0,0,0,0,0,675250,638041
1468,1743,55261254,53677417,23377,8085,87,8090,0,1,-18,1,-18,1,1,1,1005.71,567.42,1005.71,567.42,0,0,0,0,0,0,660792,614583
1469,1744,53285621,54813000,23353,8085,87,8090,0,1,-18,1,-18,1,1,1,1005.71,567.42,1005.71,567.42,0,0,0,0,0,0,789042,747250
1470,1745,55208206,53573792,23341,8085,87,8090,0,1,-18,1,-18,1,1,1,1005.71,567.42,1005.71,567.42,0,0,0,0,0,0,787000,744000
1471,1746,52260003,52200292,24005,8086,88,8091,0,1,-18,1,-18,1,1,1,1005.71,567.42,1005.71,567.42,0,0,0,0,0,0,785625,728667
1472,1747,49038875,49519459,23505,8085,87,8090,0,0,-18,0,-18,1,1,1,960,544.56,960,544.56,0,0,0,0,0,0,773958,731333
1473,1748,42102705,43315542,23353,8085,87,8090,0,0,-18,0,-18,1,1,1,960,544.56,960,544.56,0,0,0,0,0,0,656708,621000
1474,1749,40274001,40206958,23289,8085,87,8090,0,0,-18,0,-18,1,1,1,960,544.56,960,544.56,0,0,0,0,0,0,775500,728250
1475,1750,39255958,38212917,23429,8085,87,8090,0,0,-18,0,-18,1,1,1,960,544.56,960,544.56,0,0,0,0,0,0,601417,569500
1476,1751,37245124,38354958,23555,8085,87,8090,0,-1,-18,-1,-18,1,1,1,914.29,521.71,914.29,521.71,0,0,0,0,0,0,688708,655208
1477,1752,33679664,33662292,23289,8085,90,8090,0,-1,-18,-1,-18,1,1,1,914.29,521.71,914.29,521.71,0,0,0,0,0,0,678125,641333
1478,1753,34214831,33217292,23289,8085,87,8090,0,-1,-18,-1,-18,1,1,1,914.29,521.71,914.29,521.71,0,0,0,0,0,0,663750,633375
1479,1754,32748214,33653167,23353,8085,87,8090,0,-1,-18,-1,-18,1,1,1,914.29,521.71,914.29,521.71,0,0,0,0,0,0,600167,567083
1480,1755,33176332,33229625,23377,8085,87,8090,0,-2,-18,-2,-18,1,1,1,868.57,498.85,868.57,498.85,0,0,0,0,0,0,579625,528042
1481,1756,34323915,33302709,23341,8085,87,8090,0,-2,-18,-2,-18,1,1,1,868.57,498.85,868.57,498.85,0,0,0,0,0,0,668750,638250
1482,1757,32520543,33527292,23353,8085,87,8090,0,-2,-18,-2,-18,1,1,1,868.57,498.85,868.57,498.85,0,0,0,0,0,0,567916,529709
1483,1758,33570501,33521375,23289,8085,87,8090,0,-2,-18,-2,-18,1,1,1,868.57,498.85,868.57,498.85,0,0,0,0,0,0,572417,537625
1484,1759,35116624,33314708,23853,8085,87,8090,0,-3,-18,-3,-18,1,1,1,822.86,475.99,822.86,475.99,0,0,0,0,0,0,537583,508541
1485,1760,32086208,33842500,23657,8085,87,8090,0,-3,-18,-3,-18,1,1,1,822.86,475.99,822.86,475.99,0,0,0,0,0,0,559750,529042
1486,1761,33261910,33289083,23289,8086,88,8091,0,-3,-18,-3,-18,1,1,1,822.86,475.99,822.86,475.99,0,0,0,0,0,0,572708,540166
1487,1762,30313421,30273375,23341,8085,87,8090,0,-3,-18,-3,-18,1,1,1,822.86,475.99,822.86,475.99,0,0,0,0,0,0,542916,515667
1488,1763,31230242,30294041,23289,8085,87,8090,0,-4,-18,-4,-18,1,1,1,777.14,453.14,777.14,453.14,0,0,0,0,0,0,547417,519459
1489,1764,29555087,30416875,23353,8085,87,8090,0,-4,-18,-4,-18,1,1,1,777.14,453.14,777.14,453.14,0,0,0,0,0,0,550625,508875
1490,1765,30132079,30166250,23377,8085,87,8090,0,-4,-18,-4,-18,1,1,1,777.14,453.14,777.14,453.14,0,0,0,0,0,0,494625,466125
1491,1766,31446047,31418667,23289,8085,87,8090,0,-4,-18,-4,-18,1,1,1,777.14,453.14,777.14,453.14,0,0,0,0,0,0,544667,515875
1492,1767,37214789,36142209,23817,8085,87,8090,0,-5,-18,-5,-18,1,1,1,731.43,431,731.43,431,0,0,0,0,0,0,821250,761667
1493,1768,34930046,35940625,23881,8173,90,8178,0,-5,-18,-5,-18,1,1,1,731.43,431,731.43,431,0,0,0,0,0,0,655250,603167
1494,1769,35780746,35609708,23869,8173,87,8178,0,-5,-18,-5,-18,1,1,1,731.43,431,731.43,431,0,0,0,0,0,0,600291,559417
1495,1770,42446337,41618708,27653,8173,87,8178,0,-5,-18,-5,-18,1,1,1,731.43,431,731.43,431,0,0,0,0,0,0,601667,566917
1496,1771,35401374,36352208,26559,8173,87,8178,0,-6,-18,-6,-18,1,1,1,685.71,416.09,685.71,416.09,0,0,0,0,0,0,993000,945167
1497,1772,35214453,35173167,23817,8173,87,8178,0,-6,-18,-6,-18,1,1,1,685.71,416.09,685.71,416.09,0,0,0,0,0,0,615459,579417
1498,1773,35792000,34769791,23817,8173,87,8178,0,-6,-18,-6,-18,1,1,1,685.71,416.09,685.71,416.09,0,0,0,0,0,0,619416,582542
1499,1774,35770628,35728500,24445,8173,87,8178,0,-6,-18,-6,-18,1,1,1,685.71,416.09,685.71,416.09,0,0,0,0,0,0,603000,568417
1500,1775,38903832,39963250,24173,8173,87,8178,0,-8,-18,-8,-18,1,1,1,594.29,422.77,594.29,422.77,0,0,0,0,0,0,593250,555792
1501,1776,44928040,43365750,23817,8174,88,8179,0,-8,-18,-8,-18,1,1,1,594.29,422.77,594.29,422.77,0,0,0,0,0,0,702083,663583
1502,1777,50785876,52074084,23881,8173,87,8178,0,-8,-18,-8,-18,1,1,1,594.29,422.77,594.29,422.77,0,0,0,0,0,0,893708,844375
1503,1778,66563285,64798625,23817,8173,87,8178,0,-8,-18,-8,-18,1,1,1,594.29,422.77,594.29,422.77,0,0,0,0,0,0,917625,865958
1504,1779,70097252,71846708,24021,8173,87,8178,0,-9,-18,-9,-18,1,1,1,548.57,418.39,548.57,418.39,0,0,0,0,0,0,1095708,1023500
1505,1780,69847129,67923375,23817,8173,90,8178,0,-9,-18,-9,-18,1,1,1,548.57,418.39,548.57,418.39,0,0,0,0,0,0,1522291,1454041
1506,1781,66083371,67775375,23881,8173,87,8178,0,-9,-18,-9,-18,1,1,1,548.57,418.39,548.57,418.39,0,0,0,0,0,0,1104000,1024166
1507,1782,71363292,69589458,23957,8173,87,8178,0,-9,-18,-9,-18,1,1,1,548.57,418.39,548.57,418.39,0,0,0,0,0,0,1211250,1076625
1508,1783,68585708,69002167,24445,8173,87,8178,0,-10,-18,-10,-18,1,1,1,502.86,399.44,502.86,399.44,0,0,0,0,0,0,1143750,1068958
1509,1784,55536337,55583875,24033,8173,87,8178,0,-10,-18,-10,-18,1,1,1,502.86,399.44,502.86,399.44,0,0,0,0,0,0,884709,830792
1510,1785,52605167,53878375,23969,8173,87,8178,0,-10,-18,-10,-18,1,1,1,502.86,399.44,502.86,399.44,0,0,0,0,0,0,900708,839250
1511,1786,48803705,47868542,23869,8173,87,8178,0,-10,-18,-10,-18,1,1,1,502.86,399.44,502.86,399.44,0,0,0,0,0,0,1026125,973583
1512,1787,48964463,50041334,23881,8173,87,8178,0,-11,-18,-11,-18,1,1,1,457.14,380.06,457.14,380.06,0,0,0,0,0,0,940333,861292
1513,1788,45937620,46028500,23905,8173,90,8178,0,-11,-18,-11,-18,1,1,1,457.14,380.06,457.14,380.06,0,0,0,0,0,0,1190667,1125334
1514,1789,48143997,46463292,23817,8173,87,8178,0,-11,-18,-11,-18,1,1,1,457.14,380.06,457.14,380.06,0,0,0,0,0,0,758333,710875
1515,1790,43300416,44926459,23881,8173,87,8178,0,-11,-18,-11,-18,1,1,1,457.14,380.06,457.14,380.06,0,0,0,0,0,0,718875,676208
1516,1791,45571208,45546041,23869,8174,88,8179,0,-12,-18,-12,-18,1,1,1,411.43,359.32,411.43,359.32,0,0,0,0,0,0,774500,727625
1517,1792,48255249,47077000,23905,8173,87,8178,0,-12,-18,-12,-18,1,1,1,411.43,359.32,411.43,359.32,0,0,0,0,0,0,1372208,1297417
1518,1793,47349538,47277875,24445,8173,87,8178,0,-12,-18,-12,-18,1,1,1,411.43,359.32,411.43,359.32,0,0,0,0,0,0,742750,692833
1519,1794,46245500,47458083,24033,8173,87,8178,0,-12,-18,-12,-18,1,1,1,411.43,359.32,411.43,359.32,0,0,0,0,0,0,784375,726166
1520,1795,46041086,44717167,23817,8173,87,8178,0,-13,-18,-13,-18,1,1,1,365.71,336.6,365.71,336.6,0,0,0,0,0,0,756209,705917
1521,1796,48197414,49303250,24021,8173,87,8178,0,-13,-18,-13,-18,1,1,1,365.71,336.6,365.71,336.6,0,0,0,0,0,0,806166,761667
1522,1797,55845048,54203125,23817,8173,87,8178,0,-13,-18,-13,-18,1,1,1,365.71,336.6,365.71,336.6,0,0,0,0,0,0,1068250,1011708
1523,1798,52584622,54287209,23881,8173,87,8178,0,-13,-18,-13,-18,1,1,1,365.71,336.6,365.71,336.6,0,0,0,0,0,0,916000,863667
1524,1799,43432958,43470833,23905,8173,90,8178,0,-14,-18,-14,-18,1,1,1,320,311.82,320,311.82,0,0,0,0,0,0,719917,674291
1525,1800,44725913,43499000,23869,8173,87,8178,0,-14,-18,-14,-18,1,1,1,320,311.82,320,311.82,0,0,0,0,0,0,743333,700542
1526,1801,41580624,42836166,23881,8173,87,8178,0,-14,-18,-14,-18,1,1,1,320,311.82,320,311.82,0,0,0,0,0,0,747166,699208
1527,1802,38747832,38653917,23817,8173,87,8178,0,-14,-18,-14,-18,1,1,1,320,311.82,320,311.82,0,0,0,0,0,0,692458,654500
1528,1803,40184341,38265208,24469,8173,87,8178,0,-15,-18,-15,-18,1,1,1,274.29,285.43,274.29,285.43,0,0,0,0,0,0,660833,618708
1529,1804,34349914,36318250,24097,8173,87,8178,0,-15,-18,-15,-18,1,1,1,274.29,285.43,274.29,285.43,0,0,0,0,0,0,699125,642542
1530,1805,34010082,33990459,23817,8173,87,8178,0,-15,-18,-15,-18,1,1,1,274.29,285.43,274.29,285.43,0,0,0,0,0,0,660625,601917
1531,1806,34803748,33779542,23869,8174,88,8179,0,-15,-18,-15,-18,1,1,1,274.29,285.43,274.29,285.43,0,0,0,0,0,0,645792,591417
1532,1807,32640248,33596542,23881,8173,87,8178,0,-16,-18,-16,-18,1,1,1,228.57,258.09,228.57,258.09,0,0,0,0,0,0,603459,552584
1533,1808,33481087,33508791,23905,8173,87,8178,0,-16,-18,-16,-18,1,1,1,228.57,258.09,228.57,258.09,0,0,0,0,0,0,638875,587750
1534,1809,34446954,33460500,23817,8173,87,8178,0,-16,-18,-16,-18,1,1,1,228.57,258.09,228.57,258.09,0,0,0,0,0,0,666375,598292
1535,1810,36447670,37392875,23881,8173,87,8178,0,-16,-18,-16,-18,1,1,1,228.57,258.09,228.57,258.09,0,0,0,0,0,0,695750,632167
1536,1811,33549208,33529584,23817,8173,90,8178,0,-17,-18,-17,-18,1,1,1,182.86,230.19,182.86,230.19,0,0,0,0,0,0,642042,585375
1537,1812,34731250,33706459,23869,8173,87,8178,0,-17,-18,-17,-18,1,1,1,182.86,230.19,182.86,230.19,0,0,0,0,0,0,620667,570084
1538,1813,32558962,33586709,23969,8173,87,8178,0,-17,-18,-17,-18,1,1,1,182.86,230.19,182.86,230.19,0,0,0,0,0,0,611875,559625
1539,1814,33561494,33499708,23817,8173,87,8178,0,-17,-18,-17,-18,1,1,1,182.86,230.19,182.86,230.19,0,0,0,0,0,0,601792,551208
1540,1815,34937668,33971541,23817,8173,87,8178,0,-16,-18,-16,-18,1,1,1,228.57,258.09,228.57,258.09,0,0,0,0,0,0,634041,578250
1541,1816,32592914,33524916,23881,8173,87,8178,0,-16,-18,-16,-18,1,1,1,228.57,258.09,228.57,258.09,0,0,0,0,0,0,605292,555541
1542,1817,32156795,32118417,23817,8173,87,8178,0,-16,-18,-16,-18,1,1,1,228.57,258.09,228.57,258.09,0,0,0,0,0,0,629917,574916
1543,1818,31965002,31051875,24521,8173,87,8178,0,-16,-18,-16,-18,1,1,1,228.57,258.09,228.57,258.09,0,0,0,0,0,0,567042,521375
1544,1819,31361375,31412167,24033,8173,87,8178,0,-15,-18,-15,-18,1,1,1,274.29,285.43,274.29,285.43,0,0,0,0,0,0,575000,527541
1545,1820,30129166,31008833,23881,8173,87,8178,0,-15,-18,-15,-18,1,1,1,274.29,285.43,274.29,285.43,0,0,0,0,0,0,575792,529667
1546,1821,32722584,32736167,23817,8174,88,8179,0,-15,-18,-15,-18,1,1,1,274.29,285.43,274.29,285.43,0,0,0,0,0,0,651125,595750
1547,1822,32939624,32838875,23817,8173,87,8178,0,-15,-18,-15,-18,1,1,1,274.29,285.43,274.29,285.43,0,0,0,0,0,0,587750,535208
1548,1823,33776495,32785000,23905,8173,87,8178,0,-14,-18,-14,-18,1,1,1,320,311.82,320,311.82,0,0,0,0,0,0,578041,526333
1549,1824,32327629,33330250,23881,8173,87,8178,0,-14,-18,-14,-18,1,1,1,320,311.82,320,311.82,0,0,0,0,0,0,637583,602333
1550,1825,37863165,37789250,23869,8173,87,8178,0,-14,-18,-14,-18,1,1,1,320,311.82,320,311.82,0,0,0,0,0,0,699417,659750
1551,1826,37446498,36259208,23817,8173,90,8178,0,-14,-18,-14,-18,1,1,1,320,311.82,320,311.82,0,0,0,0,0,0,802625,762875
1552,1827,34861542,36041917,23881,8173,87,8178,0,-13,-18,-13,-18,1,1,1,365.71,336.6,365.71,336.6,0,0,0,0,0,0,614917,571875
1553,1828,36723207,36727041,23905,8173,87,8178,0,-13,-18,-13,-18,1,1,1,365.71,336.6,365.71,336.6,0,0,0,0,0,0,624542,591208
1554,1829,37925750,36845458,23817,8173,87,8178,0,-13,-18,-13,-18,1,1,1,365.71,336.6,365.71,336.6,0,0,0,0,0,0,619500,581375
1555,1830,36607582,37497375,23881,8173,87,8178,0,-13,-18,-13,-18,1,1,1,365.71,336.6,365.71,336.6,0,0,0,0,0,0,791417,753834
1556,1831,40489669,40547083,23869,8173,87,8178,0,-12,-18,-12,-18,1,1,1,411.43,359.32,411.43,359.32,0,0,0,0,0,0,977750,934166
1557,1832,51168203,48570083,24469,8173,87,8178,0,-12,-18,-12,-18,1,1,1,411.43,359.32,411.43,359.32,0,0,0,0,0,0,936375,875750
1558,1833,59507958,61910959,24097,8173,87,8178,0,-12,-18,-12,-18,1,1,1,411.43,359.32,411.43,359.32,0,0,0,0,0,0,1362459,1299291
1559,1834,68597204,66721917,23817,8173,87,8178,0,-12,-18,-12,-18,1,1,1,411.43,359.32,411.43,359.32,0,0,0,0,0,0,1056417,994042
1560,1835,68197421,69686500,24021,8173,87,8178,0,-11,-18,-11,-18,1,1,1,457.14,380.06,457.14,380.06,0,0,0,0,0,0,1032625,962208
1561,1836,76704375,74930292,23817,8174,88,8179,0,-11,-18,-11,-18,1,1,1,457.14,380.06,457.14,380.06,0,0,0,0,0,0,1387167,1310584
1562,1837,64494960,66354458,23881,8173,90,8178,0,-11,-18,-11,-18,1,1,1,457.14,380.06,457.14,380.06,0,0,0,0,0,0,1223584,1136209
1563,1838,68702958,67210542,23957,8173,87,8178,0,-11,-18,-11,-18,1,1,1,457.14,380.06,457.14,380.06,0,0,0,0,0,0,1227959,1160834
1564,1839,59233501,60856708,23881,8173,87,8178,0,-10,-18,-10,-18,1,1,1,502.86,399.44,502.86,399.44,0,0,0,0,0,0,982084,920208
1565,1840,63330247,60244958,24381,8173,87,8178,0,-10,-18,-10,-18,1,1,1,502.86,399.44,502.86,399.44,0,0,0,0,0,0,943666,884375
1566,1841,54804373,57845166,24185,8173,87,8178,0,-10,-18,-10,-18,1,1,1,502.86,399.44,502.86,399.44,0,0,0,0,0,0,853542,795375
1567,1842,62866374,61138667,23869,8173,87,8178,0,-10,-18,-10,-18,1,1,1,502.86,399.44,502.86,399.44,0,0,0,0,0,0,1284666,1219667
1568,1843,53705625,55305667,23881,8173,87,8178,0,-9,-18,-9,-18,1,1,1,548.57,418.39,548.57,418.39,0,0,0,0,0,0,896167,836500
1569,1844,61814121,60105833,23905,8173,87,8178,0,-9,-18,-9,-18,1,1,1,548.57,418.39,548.57,418.39,0,0,0,0,0,0,1066292,990542
1570,1845,53119912,54853208,23881,8173,90,8178,0,-9,-18,-9,-18,1,1,1,548.57,418.39,548.57,418.39,0,0,0,0,0,0,899708,825166
1571,1846,57525876,55906542,23869,8173,87,8178,0,-9,-18,-9,-18,1,1,1,548.57,418.39,548.57,418.39,0,0,0,0,0,0,896250,844708
1572,1847,50105124,51714667,23969,8173,87,8178,0,-8,-18,-8,-18,1,1,1,594.29,422.77,594.29,422.77,0,0,0,0,0,0,968333,907959
1573,1848,47775462,47810375,23817,8173,87,8178,0,-8,-18,-8,-18,1,1,1,594.29,422.77,594.29,422.77,0,0,0,0,0,0,749417,702042
1574,1849,53527545,50423625,24381,8173,87,8178,0,-8,-18,-8,-18,1,1,1,594.29,422.77,594.29,422.77,0,0,0,0,0,0,733208,684791
1575,1850,53745746,56702041,24237,8173,87,8178,0,-8,-18,-8,-18,1,1,1,594.29,422.77,594.29,422.77,0,0,0,0,0,0,1216500,1107292
1576,1851,52979584,51865291,23817,8174,88,8179,0,-6,-18,-6,-18,1,1,1,685.71,416.09,685.71,416.09,0,0,0,0,0,0,903916,843250
1577,1852,44840164,45932167,23881,8173,87,8178,0,-6,-18,-6,-18,1,1,1,685.71,416.09,685.71,416.09,0,0,0,0,0,0,735875,690958
1578,1853,43819747,43857542,23905,8173,87,8178,0,-6,-18,-6,-18,1,1,1,685.71,416.09,685.71,416.09,0,0,0,0,0,0,734500,680417
1579,1854,46698335,45630250,23817,8173,87,8178,0,-6,-18,-6,-18,1,1,1,685.71,416.09,685.71,416.09,0,0,0,0,0,0,791541,747916
1580,1855,37169501,38238917,23933,8173,90,8178,0,-5,-18,-5,-18,1,1,1,731.43,431,731.43,431,0,0,0,0,0,0,666792,621208
1581,1856,38948412,38836000,23817,8173,87,8178,0,-5,-18,-5,-18,1,1,1,731.43,431,731.43,431,0,0,0,0,0,0,677042,638250
1582,1857,36612875,35721375,23905,8173,87,8178,0,-5,-18,-5,-18,1,1,1,731.43,431,731.43,431,0,0,0,0,0,0,644708,596333
1583,1858,34314796,35305083,23881,8173,87,8178,0,-5,-18,-5,-18,1,1,1,731.43,431,731.43,431,0,0,0,0,0,0,597000,564000
1584,1859,36381874,36351500,23289,8173,87,8178,0,-4,-18,-4,-18,1,1,1,777.14,453.14,777.14,453.14,0,0,0,0,0,0,594000,557791
1585,1860,38527999,36755916,23853,8085,87,8090,0,-4,-18,-4,-18,1,1,1,777.14,453.14,777.14,453.14,0,0,0,0,0,0,560750,529000
1586,1861,36013755,37555584,23621,8085,87,8090,0,-4,-18,-4,-18,1,1,1,777.14,453.14,777.14,453.14,0,0,0,0,0,0,652292,621917
1587,1862,44694244,44870000,26827,8085,87,8090,0,-4,-18,-4,-18,1,1,1,777.14,453.14,777.14,453.14,0,0,0,0,0,0,662959,622500
1588,1863,44879004,43101917,25967,8085,87,8090,0,-3,-18,-3,-18,1,1,1,822.86,475.99,822.86,475.99,0,0,0,0,0,0,659000,622542
1589,1864,45019414,46545500,23353,8085,87,8090,0,-3,-18,-3,-18,1,1,1,822.86,475.99,822.86,475.99,0,0,0,0,0,0,660583,622125
1590,1865,55322080,53418041,23289,8085,87,8090,0,-3,-18,-3,-18,1,1,1,822.86,475.99,822.86,475.99,0,0,0,0,0,0,842542,791166
1591,1866,69150201,71018709,23493,8086,88,8091,0,-3,-18,-3,-18,1,1,1,822.86,475.99,822.86,475.99,0,0,0,0,0,0,848375,802958
1592,1867,70473924,68285834,23289,8085,90,8090,0,-2,-18,-2,-18,1,1,1,868.57,498.85,868.57,498.85,0,0,0,0,0,0,1390417,1321333
1593,1868,66566497,68505167,23353,8085,87,8090,0,-2,-18,-2,-18,1,1,1,868.57,498.85,868.57,498.85,0,0,0,0,0,0,1255625,1190750
1594,1869,71956872,68644625,23993,8085,87,8090,0,-2,-18,-2,-18,1,1,1,868.57,498.85,868.57,498.85,0,0,0,0,0,0,1219542,1142250
1595,1870,60286372,63755375,23569,8085,87,8090,0,-2,-18,-2,-18,1,1,1,868.57,498.85,868.57,498.85,0,0,0,0,0,0,1063625,999500
1596,1871,56764334,54902125,23289,8085,87,8090,0,-1,-18,-1,-18,1,1,1,914.29,521.71,914.29,521.71,0,0,0,0,0,0,896417,834334
1597,1872,53513001,55303500,23441,8085,87,8090,0,-1,-18,-1,-18,1,1,1,914.29,521.71,914.29,521.71,0,0,0,0,0,0,799625,756958
1598,1873,53328998,51758125,23341,8085,87,8090,0,-1,-18,-1,-18,1,1,1,914.29,521.71,914.29,521.71,0,0,0,0,0,0,777583,734750
1599,1874,50470124,51938834,23353,8085,87,8090,0,-1,-18,-1,-18,1,1,1,914.29,521.71,914.29,521.71,0,0,0,0,0,0,825333,777250
1600,1875,46015333,46175292,23377,8085,90,8090,0,0,-18,0,-18,1,1,1,960,544.56,960,544.56,0,0,0,0,0,0,682583,646250
1601,1876,48468545,47142750,23289,8085,87,8090,0,0,-18,0,-18,1,1,1,960,544.56,960,544.56,0,0,0,0,0,0,671292,636000
1602,1877,44119536,45187833,23353,8085,87,8090,0,0,-18,0,-18,1,1,1,960,544.56,960,544.56,0,0,0,0,0,0,715208,669541
1603,1878,45934837,46044750,23341,8085,87,8090,0,0,-18,0,-18,1,1,1,960,544.56,960,544.56,0,0,0,0,0,0,997083,959333
1604,1879,47556914,45393708,23941,8085,87,8090,0,1,-18,1,-18,1,1,1,1005.71,567.42,1005.71,567.42,0,0,0,0,0,0,717417,681250
1605,1880,43088335,45185459,23569,8085,87,8090,0,1,-18,1,-18,1,1,1,1005.71,567.42,1005.71,567.42,0,0,0,0,0,0,717750,669166
1606,1881,45251749,45344167,23289,8086,88,8091,0,1,-18,1,-18,1,1,1,1005.71,567.42,1005.71,567.42,0,0,0,0,0,0,655667,619833
1607,1882,47068957,45749375,23289,8085,87,8090,0,1,-18,1,-18,1,1,1,1005.71,567.42,1005.71,567.42,0,0,0,0,0,0,700792,662750
1608,1883,49270626,50525125,23493,8085,87,8090,0,2,-18,2,-18,1,1,1,1051.43,590.28,1051.43,590.28,0,0,0,0,0,0,963958,898666
1609,1884,58066334,56511792,23289,8085,87,8090,0,2,-18,2,-18,1,1,1,1051.43,590.28,1051.43,590.28,0,0,0,0,0,0,944583,894959
1610,1885,51396790,52783000,23353,8085,90,8090,0,2,-18,2,-18,1,1,1,1051.43,590.28,1051.43,590.28,0,0,0,0,0,0,760875,717792
1611,1886,53426206,52054833,23377,8085,87,8090,0,2,-18,2,-18,1,1,1,1051.43,590.28,1051.43,590.28,0,0,0,0,0,0,1204083,1132583
1612,1887,45668963,47134625,23405,8085,87,8090,0,3,-18,3,-18,1,1,1,1097.14,613.14,1097.14,613.14,0,0,0,0,0,0,775000,733666
1613,1888,43226245,43207541,23289,8085,87,8090,0,3,-18,3,-18,1,1,1,1097.14,613.14,1097.14,613.14,0,0,0,0,0,0,667792,631791
1614,1889,43367836,42257500,23289,8085,87,8090,0,3,-18,3,-18,1,1,1,1097.14,613.14,1097.14,613.14,0,0,0,0,0,0,766458,724542
1615,1890,37949420,37892417,26125,8085,87,8090,0,3,-18,3,-18,1,1,1,1097.14,613.14,1097.14,613.14,0,0,0,0,0,0,599209,561667
1616,1891,37453245,38597750,23505,8085,87,8090,0,4,-18,4,-18,1,1,1,1142.86,635.99,1142.86,635.99,0,0,0,0,0,0,594333,561792
1617,1892,41013583,39748084,23341,8085,87,8090,0,4,-18,4,-18,1,1,1,1142.86,635.99,1142.86,635.99,0,0,0,0,0,0,642208,605166
1618,1893,34302961,35496791,23353,8085,87,8090,0,4,-18,4,-18,1,1,1,1142.86,635.99,1142.86,635.99,0,0,0,0,0,0,572250,542708
1619,1894,35001415,35020583,23377,8085,87,8090,0,4,-18,4,-18,1,1,1,1142.86,635.99,1142.86,635.99,0,0,0,0,0,0,583834,554500
1620,1895,39347287,38161792,23709,8085,87,8090,0,5,-18,5,-18,1,1,1,1188.57,662.98,1188.57,662.98,0,0,0,0,0,0,688833,648917
1621,1896,43977960,45018750,23773,8156,88,8161,0,5,-18,5,-18,1,1,1,1188.57,662.98,1188.57,662.98,0,0,0,0,0,0,764291,719917
1622,1897,39609912,39561500,23709,8155,90,8160,0,5,-18,5,-18,1,1,1,1188.57,662.98,1188.57,662.98,0,0,0,0,0,0,645125,605334
1623,1898,47291420,46189333,27299,8155,87,8160,0,5,-18,5,-18,1,1,1,1188.57,662.98,1188.57,662.98,0,0,0,0,0,0,680209,643166
1624,1899,44549375,45731417,26451,8155,87,8160,0,6,-18,6,-18,1,1,1,1234.29,696.59,1234.29,696.59,0,0,0,0,0,0,1370500,1283083
1625,1900,45074120,45013042,23709,8155,87,8160,0,6,-18,6,-18,1,1,1,1234.29,696.59,1234.29,696.59,0,0,0,0,0,0,725833,687250
1626,1901,46880465,45188458,23709,8155,87,8160,0,6,-18,6,-18,1,1,1,1234.29,696.59,1234.29,696.59,0,0,0,0,0,0,763042,707917
1627,1902,53213790,52873250,24425,8155,87,8160,0,6,-18,6,-18,1,1,1,1234.29,696.59,1234.29,696.59,0,0,0,0,0,0,930708,883209
1628,1903,53348831,53629708,23977,8155,87,8160,0,7,-18,7,-18,1,1,1,1280,736.66,1280,736.66,0,0,0,0,0,0,816709,762583
1629,1904,52260503,53662417,23773,8155,87,8160,0,7,-18,7,-18,1,1,1,1280,736.66,1280,736.66,0,0,0,0,0,0,1024375,970334
1630,1905,57422500,55547375,23797,8155,87,8160,0,7,-18,7,-18,1,1,1,1280,736.66,1280,736.66,0,0,0,0,0,0,846292,790875
1631,1906,69937333,71798708,23773,8155,87,8160,0,7,-18,7,-18,1,1,1,1280,736.66,1280,736.66,0,0,0,0,0,0,1300500,1236209
1632,1907,61227161,59877125,23761,8155,90,8160,0,8,-18,8,-18,1,1,1,1325.71,772.98,1325.71,772.98,0,0,0,0,0,0,1203958,1133458
1633,1908,54011005,55433708,23861,8155,87,8160,0,8,-18,8,-18,1,1,1,1325.71,772.98,1325.71,772.98,0,0,0,0,0,0,1027291,973209
1634,1909,57691708,55895000,23709,8155,87,8160,0,8,-18,8,-18,1,1,1,1325.71,772.98,1325.71,772.98,0,0,0,0,0,0,1172042,1107708
1635,1910,53536374,55253000,23773,8155,87,8160,0,8,-18,8,-18,1,1,1,1325.71,772.98,1325.71,772.98,0,0,0,0,0,0,931916,882959
1636,1911,55758580,53082959,24413,8156,88,8161,0,9,-18,9,-18,1,1,1,1371.43,801.36,1371.43,801.36,0,0,0,0,0,0,1054750,998667
1637,1912,51350459,54073459,23989,8155,87,8160,0,9,-18,9,-18,1,1,1,1371.43,801.36,1371.43,801.36,0,0,0,0,0,0,1014458,962083
1638,1913,55648162,53785292,23709,8155,87,8160,0,9,-18,9,-18,1,1,1,1371.43,801.36,1371.43,801.36,0,0,0,0,0,0,978334,921917
1639,1914,46389874,48250709,23861,8155,87,8160,0,9,-18,9,-18,1,1,1,1371.43,801.36,1371.43,801.36,0,0,0,0,0,0,882959,833125
1640,1915,51239583,50998042,23761,8155,87,8160,0,10,-18,10,-18,1,1,1,1417.14,823.72,1417.14,823.72,0,0,0,0,0,0,774375,720292
1641,1916,53254917,51700791,23709,8155,90,8160,0,10,-18,10,-18,1,1,1,1417.14,823.72,1417.14,823.72,0,0,0,0,0,0,883666,834667
1642,1917,50441171,52098583,23861,8155,87,8160,0,10,-18,10,-18,1,1,1,1417.14,823.72,1417.14,823.72,0,0,0,0,0,0,853625,798125
1643,1918,51308207,50161000,23709,8155,87,8160,0,10,-18,10,-18,1,1,1,1417.14,823.72,1417.14,823.72,0,0,0,0,0,0,836542,786250
1644,1919,43840121,45041084,23825,8155,87,8160,0,11,-18,11,-18,1,1,1,1462.86,845.83,1462.86,845.83,0,0,0,0,0,0,726208,678250
1645,1920,45839000,44489583,24273,8155,87,8160,0,11,-18,11,-18,1,1,1,1462.86,845.83,1462.86,845.83,0,0,0,0,0,0,1000750,939708
1646,1921,44612832,44702875,24013,8155,87,8160,0,11,-18,11,-18,1,1,1,1462.86,845.83,1462.86,845.83,0,0,0,0,0,0,890834,834667
1647,1922,42421873,43601083,23773,8155,87,8160,0,11,-18,11,-18,1,1,1,1462.86,845.83,1462.86,845.83,0,0,0,0,0,0,720041,678083
1648,1923,43060500,43062916,23709,8155,87,8160,0,12,-18,12,-18,1,1,1,1508.57,868.27,1508.57,868.27,0,0,0,0,0,0,719958,671833
1649,1924,41625041,40469917,23761,8155,87,8160,0,12,-18,12,-18,1,1,1,1508.57,868.27,1508.57,868.27,0,0,0,0,0,0,721041,678042
1650,1925,36932915,38105000,23861,8155,87,8160,0,12,-18,12,-18,1,1,1,1508.57,868.27,1508.57,868.27,0,0,0,0,0,0,679708,633625
1651,1926,40204916,40155083,23709,8156,88,8161,0,12,-18,12,-18,1,1,1,1508.57,868.27,1508.57,868.27,0,0,0,0,0,0,726041,688584
1652,1927,38578245,37470084,23709,8155,90,8160,0,13,-18,13,-18,1,1,1,1554.29,892.25,1554.29,892.25,0,0,0,0,0,0,673833,628084
1653,1928,34864958,35916000,23773,8155,87,8160,0,13,-18,13,-18,1,1,1,1554.29,892.25,1554.29,892.25,0,0,0,0,0,0,675834,639500
1654,1929,33989582,34032833,23797,8155,87,8160,0,13,-18,13,-18,1,1,1,1554.29,892.25,1554.29,892.25,0,0,0,0,0,0,597958,554500
1655,1930,34252297,33237750,23761,8155,87,8160,0,13,-18,13,-18,1,1,1,1554.29,892.25,1554.29,892.25,0,0,0,0,0,0,611166,578958
1656,1931,32508246,33499667,23773,8155,87,8160,0,14,-18,14,-18,1,1,1,1600,918.02,1600,918.02,0,0,0,0,0,0,580291,540958
1657,1932,33538833,33502250,23709,8155,87,8160,0,14,-18,14,-18,1,1,1,1600,918.02,1600,918.02,0,0,0,0,0,0,587917,555750
1658,1933,34908041,33865125,23709,8155,87,8160,0,14,-18,14,-18,1,1,1,1600,918.02,1600,918.02,0,0,0,0,0,0,596167,556375
1659,1934,33531710,33524125,24425,8155,87,8160,0,14,-18,14,-18,1,1,1,1600,918.02,1600,918.02,0,0,0,0,0,0,621209,587875
1660,1935,32766249,33794583,23925,8155,87,8160,0,15,-18,15,-18,1,1,1,1645.71,944.98,1645.71,944.98,0,0,0,0,0,0,589542,547875
1661,1936,34895747,33864666,23761,8155,87,8160,0,15,-18,15,-18,1,1,1,1645.71,944.98,1645.71,944.98,0,0,0,0,0,0,589958,558166
1662,1937,32643835,33639916,23773,8155,87,8160,0,15,-18,15,-18,1,1,1,1645.71,944.98,1645.71,944.98,0,0,0,0,0,0,585500,548875
1663,1938,33978749,33895042,23709,8155,87,8160,0,15,-18,15,-18,1,1,1,1645.71,944.98,1645.71,944.98,0,0,0,0,0,0,602667,568666
1664,1939,34458998,33518667,23797,8155,87,8160,0,16,-18,16,-18,1,1,1,1691.43,972.01,1691.43,972.01,0,0,0,0,0,0,594291,551500
1665,1940,36695960,37650417,23773,8155,87,8160,0,16,-18,16,-18,1,1,1,1691.43,972.01,1691.43,972.01,0,0,0,0,0,0,765875,721208
1666,1941,33432744,33450416,23709,8156,91,8161,0,16,-18,16,-18,1,1,1,1691.43,972.01,1691.43,972.01,0,0,0,0,0,0,623917,587541
1667,1942,34158878,33143583,23761,8155,87,8160,0,16,-18,16,-18,1,1,1,1691.43,972.01,1691.43,972.01,0,0,0,0,0,0,621708,589042
1668,1943,32755121,33676834,23773,8155,87,8160,0,15,-18,15,-18,1,1,1,1645.71,944.98,1645.71,944.98,0,0,0,0,0,0,581166,541708
1669,1944,33268254,33298917,23797,8155,87,8160,0,15,-18,15,-18,1,1,1,1645.71,944.98,1645.71,944.98,0,0,0,0,0,0,601958,569625
1670,1945,34345537,33336291,23709,8155,87,8160,0,15,-18,15,-18,1,1,1,1645.71,944.98,1645.71,944.98,0,0,0,0,0,0,611125,574584
1671,1946,31031794,32016667,23773,8155,87,8160,0,15,-18,15,-18,1,1,1,1645.71,944.98,1645.71,944.98,0,0,0,0,0,0,589000,557666
1672,1947,32632496,32642542,23709,8155,87,8160,0,14,-18,14,-18,1,1,1,1600,918.02,1600,918.02,0,0,0,0,0,0,571541,535833
1673,1948,35256419,34212875,23709,8155,87,8160,0,14,-18,14,-18,1,1,1,1600,918.02,1600,918.02,0,0,0,0,0,0,554041,522500
1674,1949,36419373,36403792,24629,8155,87,8160,0,14,-18,14,-18,1,1,1,1600,918.02,1600,918.02,0,0,0,0,0,0,829167,795625
1675,1950,37187125,38167292,23773,8155,87,8160,0,14,-18,14,-18,1,1,1,1600,918.02,1600,918.02,0,0,0,0,0,0,886459,850542
1676,1951,36498710,36496292,23709,8155,87,8160,0,13,-18,13,-18,1,1,1,1554.29,892.25,1554.29,892.25,0,0,0,0,0,0,851583,800583
1677,1952,36346122,35155042,23709,8155,87,8160,0,13,-18,13,-18,1,1,1,1554.29,892.25,1554.29,892.25,0,0,0,0,0,0,581542,548333
1678,1953,34660581,35753083,23773,8155,87,8160,0,13,-18,13,-18,1,1,1,1554.29,892.25,1554.29,892.25,0,0,0,0,0,0,587125,549833
1679,1954,39445295,39372958,23797,8155,87,8160,0,13,-18,13,-18,1,1,1,1554.29,892.25,1554.29,892.25,0,0,0,0,0,0,622792,588792
1680,1955,50595294,48910792,23761,8155,87,8160,0,12,-18,12,-18,1,1,1,1508.57,868.27,1508.57,868.27,0,0,0,0,0,0,719084,674417
1681,1956,58062579,59611917,23773,8156,91,8161,0,12,-18,12,-18,1,1,1,1508.57,868.27,1508.57,868.27,0,0,0,0,0,0,860834,804542
1682,1957,69987498,68064792,23709,8155,87,8160,0,12,-18,12,-18,1,1,1,1508.57,868.27,1508.57,868.27,0,0,0,0,0,0,1029458,961958
1683,1958,68317040,70037166,23861,8155,87,8160,0,12,-18,12,-18,1,1,1,1508.57,868.27,1508.57,868.27,0,0,0,0,0,0,1060666,999000
1684,1959,71296587,68050541,24325,8155,87,8160,0,11,-18,11,-18,1,1,1,1462.86,845.83,1462.86,845.83,0,0,0,0,0,0,1253291,1175458
1685,1960,66285587,69477083,23989,8155,87,8160,0,11,-18,11,-18,1,1,1,1462.86,845.83,1462.86,845.83,0,0,0,0,0,0,1248791,1180041
1686,1961,68018160,66406791,23797,8155,87,8160,0,11,-18,11,-18,1,1,1,1462.86,845.83,1462.86,845.83,0,0,0,0,0,0,1026917,957458
1687,1962,53782794,55535000,23825,8155,87,8160,0,11,-18,11,-18,1,1,1,1462.86,845.83,1462.86,845.83,0,0,0,0,0,0,866459,815792
1688,1963,54345995,52872083,23709,8155,87,8160,0,10,-18,10,-18,1,1,1,1417.14,823.72,1417.14,823.72,0,0,0,0,0,0,1198083,1135792
1689,1964,45955542,47433209,23861,8155,90,8160,0,10,-18,10,-18,1,1,1,1417.14,823.72,1417.14,823.72,0,0,0,0,0,0,1267500,1194042
1690,1965,45948460,45749959,23709,8155,87,8160,0,10,-18,10,-18,1,1,1,1417.14,823.72,1417.14,823.72,0,0,0,0,0,0,708500,663542
1691,1966,47420371,46370625,23761,8155,87,8160,0,10,-18,10,-18,1,1,1,1417.14,823.72,1417.14,823.72,0,0,0,0,0,0,919750,865583
1692,1967,48064872,49179041,23773,8155,87,8160,0,9,-18,9,-18,1,1,1,1371.43,801.36,1371.43,801.36,0,0,0,0,0,0,815916,757458
1693,1968,56020669,52873000,24361,8155,87,8160,0,9,-18,9,-18,1,1,1,1371.43,801.36,1371.43,801.36,0,0,0,0,0,0,974083,923167
1694,1969,52517957,55571167,23989,8155,87,8160,0,9,-18,9,-18,1,1,1,1371.43,801.36,1371.43,801.36,0,0,0,0,0,0,863750,807416
1695,1970,56108880,54704542,23761,8155,87,8160,0,9,-18,9,-18,1,1,1,1371.43,801.36,1371.43,801.36,0,0,0,0,0,0,820458,765583
1696,1971,53624249,54857541,23861,8156,88,8161,0,8,-18,8,-18,1,1,1,1325.71,772.98,1325.71,772.98,0,0,0,0,0,0,956958,895959
1697,1972,56747745,55500459,23709,8155,87,8160,0,8,-18,8,-18,1,1,1,1325.71,772.98,1325.71,772.98,0,0,0,0,0,0,911541,860167
1698,1973,57612456,58783584,23773,8155,87,8160,0,8,-18,8,-18,1,1,1,1325.71,772.98,1325.71,772.98,0,0,0,0,0,0,1007084,937875
1699,1974,58104831,56863916,23849,8155,90,8160,0,8,-18,8,-18,1,1,1,1325.71,772.98,1325.71,772.98,0,0,0,0,0,0,932500,880125
1700,1975,50665624,52060833,23773,8155,87,8160,0,7,-18,7,-18,1,1,1,1280,736.66,1280,736.66,0,0,0,0,0,0,832375,777917
1701,1976,51203045,49987916,23709,8155,87,8160,0,7,-18,7,-18,1,1,1,1280,736.66,1280,736.66,0,0,0,0,0,0,829917,781125
1702,1977,42866580,42809916,24425,8155,87,8160,0,7,-18,7,-18,1,1,1,1280,736.66,1280,736.66,0,0,0,0,0,0,714000,665542
1703,1978,37530791,38848000,23977,8155,87,8160,0,7,-18,7,-18,1,1,1,1280,736.66,1280,736.66,0,0,0,0,0,0,720875,678917
1704,1979,39494629,38373542,23709,8155,87,8160,0,6,-18,6,-18,1,1,1,1234.29,696.59,1234.29,696.59,0,0,0,0,0,0,656375,616833
1705,1980,33429328,34488041,23773,8155,87,8160,0,6,-18,6,-18,1,1,1,1234.29,696.59,1234.29,696.59,0,0,0,0,0,0,641542,611292
1706,1981,34183707,34213917,23797,8155,87,8160,0,6,-18,6,-18,1,1,1,1234.29,696.59,1234.29,696.59,0,0,0,0,0,0,613042,577292
1707,1982,34577999,33587041,23709,8155,87,8160,0,6,-18,6,-18,1,1,1,1234.29,696.59,1234.29,696.59,0,0,0,0,0,0,607125,576083
1708,1983,32436672,33388000,23773,8155,87,8160,0,5,-18,5,-18,1,1,1,1188.57,662.98,1188.57,662.98,0,0,0,0,0,0,591125,554541
1709,1984,36284707,36277000,23761,8155,87,8160,0,5,-18,5,-18,1,1,1,1188.57,662.98,1188.57,662.98,0,0,0,0,0,0,685625,646500
1710,1985,34792374,33731458,23709,8155,90,8160,0,5,-18,5,-18,1,1,1,1188.57,662.98,1188.57,662.98,0,0,0,0,0,0,582584,548459
1711,1986,32511040,33549625,23861,8156,88,8161,0,5,-18,5,-18,1,1,1,1188.57,662.98,1188.57,662.98,0,0,0,0,0,0,579708,549958
1712,1987,33338457,33322875,23289,8155,87,8160,0,4,-18,4,-18,1,1,1,1142.86,635.99,1142.86,635.99,0,0,0,0,0,0,618416,585500
1713,1988,34444294,33442916,23289,8085,87,8090,0,4,-18,4,-18,1,1,1,1142.86,635.99,1142.86,635.99,0,0,0,0,0,0,581834,553333
1714,1989,31392205,32337250,23353,8085,87,8090,0,4,-18,4,-18,1,1,1,1142.86,635.99,1142.86,635.99,0,0,0,0,0,0,533333,505875
1715,1990,30363123,30304083,23341,8085,87,8090,0,4,-18,4,-18,1,1,1,1142.86,635.99,1142.86,635.99,0,0,0,0,0,0,518125,485042
1716,1991,34257750,34335458,26827,8085,87,8090,0,3,-18,3,-18,1,1,1,1097.14,613.14,1097.14,613.14,0,0,0,0,0,0,528583,501791
1717,1992,32216709,30647417,26531,8085,87,8090,0,3,-18,3,-18,1,1,1,1097.14,613.14,1097.14,613.14,0,0,0,0,0,0,876750,843250
1718,1993,28465788,30003708,23569,8085,87,8090,0,3,-18,3,-18,1,1,1,1097.14,613.14,1097.14,613.14,0,0,0,0,0,0,517625,487458
1719,1994,30687754,30689750,23289,8085,87,8090,0,3,-18,3,-18,1,1,1,1097.14,613.14,1097.14,613.14,0,0,0,0,0,0,512834,486292
1720,1995,30303996,30231959,23289,8085,87,8090,0,2,-18,2,-18,1,1,1,1051.43,590.28,1051.43,590.28,0,0,0,0,0,0,537708,512250
1721,1996,31082794,30097834,23377,8085,87,8090,0,2,-18,2,-18,1,1,1,1051.43,590.28,1051.43,590.28,0,0,0,0,0,0,523250,492625
1722,1997,32067622,33020625,23405,8085,87,8090,0,2,-18,2,-18,1,1,1,1051.43,590.28,1051.43,590.28,0,0,0,0,0,0,534167,508459
1723,1998,33265206,33275916,23289,8085,87,8090,0,2,-18,2,-18,1,1,1,1051.43,590.28,1051.43,590.28,0,0,0,0,0,0,549750,520375
1724,1999,36746498,35722584,23289,8085,87,8090,0,1,-18,1,-18,1,1,1,1005.71,567.42,1005.71,567.42,0,0,0,0,0,0,613000,571833
1725,2000,32764874,33701666,23353,8085,90,8090,0,1,-18,1,-18,1,1,1,1005.71,567.42,1005.71,567.42,0,0,0,0,0,0,589375,558291
1726,2001,33377166,33396625,23377,8086,88,8091,0,1,-18,1,-18,1,1,1,1005.71,567.42,1005.71,567.42,0,0,0,0,0,0,576542,547292
1727,2002,34993875,33916917,23289,8085,87,8090,0,1,-18,1,-18,1,1,1,1005.71,567.42,1005.71,567.42,0,0,0,0,0,0,578417,543458
1728,2003,33163372,34198833,23405,8085,87,8090,0,0,-18,0,-18,1,1,1,960,544.56,960,544.56,0,0,0,0,0,0,778458,740000
1729,2004,35060297,35048041,23289,8085,87,8090,0,0,-18,0,-18,1,1,1,960,544.56,960,544.56,0,0,0,0,0,0,581750,547625
1730,2005,38491368,37011167,23289,8085,87,8090,0,0,-18,0,-18,1,1,1,960,544.56,960,544.56,0,0,0,0,0,0,541542,507834
1731,2006,35917963,37362333,23441,8085,87,8090,0,0,-18,0,-18,1,1,1,960,544.56,960,544.56,0,0,0,0,0,0,595792,568042
1732,2007,37593871,36439958,23853,8085,87,8090,0,-1,-18,-1,-18,1,1,1,914.29,521.71,914.29,521.71,0,0,0,0,0,0,571833,542125
1733,2008,41284792,41166583,23505,8085,87,8090,0,-1,-18,-1,-18,1,1,1,914.29,521.71,914.29,521.71,0,0,0,0,0,0,625208,587958
1734,2009,45882958,46794875,23405,8085,87,8090,0,-1,-18,-1,-18,1,1,1,914.29,521.71,914.29,521.71,0,0,0,0,0,0,685958,650542
1735,2010,62094006,60274708,23377,8085,87,8090,0,-1,-18,-1,-18,1,1,1,914.29,521.71,914.29,521.71,0,0,0,0,0,0,899375,849792
1736,2011,64627163,66515625,23353,8085,87,8090,0,-2,-18,-2,-18,1,1,1,868.57,498.85,868.57,498.85,0,0,0,0,0,0,1107459,1034042
1737,2012,76649419,74158291,23289,8085,87,8090,0,-2,-18,-2,-18,1,1,1,868.57,498.85,868.57,498.85,0,0,0,0,0,0,1192458,1134750
1738,2013,64187832,66555042,23493,8085,90,8090,0,-2,-18,-2,-18,1,1,1,868.57,498.85,868.57,498.85,0,0,0,0,0,0,989167,934291
1739,2014,68246625,66400375,23289,8085,87,8090,0,-2,-18,-2,-18,1,1,1,868.57,498.85,868.57,498.85,0,0,0,0,0,0,977292,912959
1740,2015,65329164,65428458,23917,8085,87,8090,0,-3,-18,-3,-18,1,1,1,822.86,475.99,822.86,475.99,0,0,0,0,0,0,1005208,948667
1741,2016,53423121,53770500,23593,8086,88,8091,0,-3,-18,-3,-18,1,1,1,822.86,475.99,822.86,475.99,0,0,0,0,0,0,824625,777750
1742,2017,48714712,50178125,23405,8085,87,8090,0,-3,-18,-3,-18,1,1,1,822.86,475.99,822.86,475.99,0,0,0,0,0,0,782542,732292
1743,2018,45287288,45176209,23289,8085,87,8090,0,-3,-18,-3,-18,1,1,1,822.86,475.99,822.86,475.99,0,0,0,0,0,0,683083,644625
1744,2019,48092298,46869417,23289,8085,87,8090,0,-4,-18,-4,-18,1,1,1,777.14,453.14,777.14,453.14,0,0,0,0,0,0,864500,824916
1745,2020,49268450,50538083,23441,8085,87,8090,0,-4,-18,-4,-18,1,1,1,777.14,453.14,777.14,453.14,0,0,0,0,0,0,761125,712958
1746,2021,45451458,45456334,23289,8085,90,8090,0,-4,-18,-4,-18,1,1,1,777.14,453.14,777.14,453.14,0,0,0,0,0,0,666959,628041
1747,2022,47671079,46439708,23341,8085,87,8090,0,-4,-18,-4,-18,1,1,1,777.14,453.14,777.14,453.14,0,0,0,0,0,0,1027958,989375
1748,2023,45085962,45937667,23881,8085,87,8090,0,-5,-18,-5,-18,1,1,1,731.43,431,731.43,431,0,0,0,0,0,0,909084,857917
1749,2024,62117461,60944292,27355,8173,87,8178,0,-5,-18,-5,-18,1,1,1,731.43,431,731.43,431,0,0,0,0,0,0,824875,773625
1750,2025,55122662,54638625,27123,8173,87,8178,0,-5,-18,-5,-18,1,1,1,731.43,431,731.43,431,0,0,0,0,0,0,1181958,1119375
1751,2026,54178919,54575667,24085,8173,87,8178,0,-5,-18,-5,-18,1,1,1,731.43,431,731.43,431,0,0,0,0,0,0,989917,930084
1752,2027,53384169,54835791,23969,8173,87,8178,0,-6,-18,-6,-18,1,1,1,685.71,416.09,685.71,416.09,0,0,0,0,0,0,898166,827250
1753,2028,56678704,55217708,23817,8173,87,8178,0,-6,-18,-6,-18,1,1,1,685.71,416.09,685.71,416.09,0,0,0,0,0,0,1031500,975792
1754,2029,54516538,55676500,23881,8173,87,8178,0,-6,-18,-6,-18,1,1,1,685.71,416.09,685.71,416.09,0,0,0,0,0,0,863958,805166
1755,2030,60932420,59305583,23957,8173,87,8178,0,-6,-18,-6,-18,1,1,1,685.71,416.09,685.71,416.09,0,0,0,0,0,0,1023500,966250
1756,2031,58432001,60239958,23881,8174,91,8179,0,-8,-18,-8,-18,1,1,1,594.29,422.77,594.29,422.77,0,0,0,0,0,0,1090459,1011500
1757,2032,55294457,53750583,23817,8173,87,8178,0,-8,-18,-8,-18,1,1,1,594.29,422.77,594.29,422.77,0,0,0,0,0,0,859709,806667
1758,2033,51158454,52669083,23969,8173,87,8178,0,-8,-18,-8,-18,1,1,1,594.29,422.77,594.29,422.77,0,0,0,0,0,0,1059958,990041
1759,2034,50986919,48873167,24433,8173,87,8178,0,-8,-18,-8,-18,1,1,1,594.29,422.77,594.29,422.77,0,0,0,0,0,0,883041,829709
1760,2035,41473709,43619334,24097,8173,87,8178,0,-9,-18,-9,-18,1,1,1,548.57,418.39,548.57,418.39,0,0,0,0,0,0,728500,678333
1761,2036,38639124,38615167,23817,8173,87,8178,0,-9,-18,-9,-18,1,1,1,548.57,418.39,548.57,418.39,0,0,0,0,0,0,646666,608709
1762,2037,39041168,38084625,23905,8173,87,8178,0,-9,-18,-9,-18,1,1,1,548.57,418.39,548.57,418.39,0,0,0,0,0,0,661458,617000
1763,2038,32694995,33685750,23881,8173,87,8178,0,-9,-18,-9,-18,1,1,1,548.57,418.39,548.57,418.39,0,0,0,0,0,0,588000,553833
1764,2039,33632248,33606083,23869,8173,87,8178,0,-10,-18,-10,-18,1,1,1,502.86,399.44,502.86,399.44,0,0,0,0,0,0,619333,581625
1765,2040,34506626,33478541,23817,8173,87,8178,0,-10,-18,-10,-18,1,1,1,502.86,399.44,502.86,399.44,0,0,0,0,0,0,639292,602750
1766,2041,36742169,37681167,23881,8173,87,8178,0,-10,-18,-10,-18,1,1,1,502.86,399.44,502.86,399.44,0,0,0,0,0,0,707042,649917
1767,2042,33460911,33529542,23905,8173,90,8178,0,-10,-18,-10,-18,1,1,1,502.86,399.44,502.86,399.44,0,0,0,0,0,0,597000,563292
1768,2043,34808877,33782000,23817,8173,87,8178,0,-11,-18,-11,-18,1,1,1,457.14,380.06,457.14,380.06,0,0,0,0,0,0,582375,544833
1769,2044,32904706,33879542,23881,8173,87,8178,0,-11,-18,-11,-18,1,1,1,457.14,380.06,457.14,380.06,0,0,0,0,0,0,599541,558291
1770,2045,33920295,33906792,23869,8173,87,8178,0,-11,-18,-11,-18,1,1,1,457.14,380.06,457.14,380.06,0,0,0,0,0,0,617917,578167
1771,2046,34881036,33839583,23817,8174,88,8179,0,-11,-18,-11,-18,1,1,1,457.14,380.06,457.14,380.06,0,0,0,0,0,0,591916,558458
1772,2047,32671585,33666416,23969,8173,87,8178,0,-12,-18,-12,-18,1,1,1,411.43,359.32,411.43,359.32,0,0,0,0,0,0,600875,561625
1773,2048,32552082,32575667,23817,8173,87,8178,0,-12,-18,-12,-18,1,1,1,411.43,359.32,411.43,359.32,0,0,0,0,0,0,628833,586375
1774,2049,32456003,31453292,24381,8173,87,8178,0,-12,-18,-12,-18,1,1,1,411.43,359.32,411.43,359.32,0,0,0,0,0,0,567291,526833
1775,2050,31466539,31538375,24033,8173,87,8178,0,-12,-18,-12,-18,1,1,1,411.43,359.32,411.43,359.32,0,0,0,0,0,0,540667,510917
1776,2051,30797462,31594167,23881,8173,87,8178,0,-13,-18,-13,-18,1,1,1,365.71,336.6,365.71,336.6,0,0,0,0,0,0,552791,515166
1777,2052,31591787,31655084,23957,8173,87,8178,0,-13,-18,-13,-18,1,1,1,365.71,336.6,365.71,336.6,0,0,0,0,0,0,544250,514916
1778,2053,32610833,32605000,23817,8173,87,8178,0,-13,-18,-13,-18,1,1,1,365.71,336.6,365.71,336.6,0,0,0,0,0,0,555875,519542
1779,2054,33406540,32362917,23817,8173,87,8178,0,-13,-18,-13,-18,1,1,1,365.71,336.6,365.71,336.6,0,0,0,0,0,0,559666,528958
1780,2055,32590378,33583125,23881,8173,87,8178,0,-14,-18,-14,-18,1,1,1,320,311.82,320,311.82,0,0,0,0,0,0,608667,568500
1781,2056,37803210,37743833,23817,8173,87,8178,0,-14,-18,-14,-18,1,1,1,320,311.82,320,311.82,0,0,0,0,0,0,679375,645833
1782,2057,37537533,36320250,23905,8173,90,8178,0,-14,-18,-14,-18,1,1,1,320,311.82,320,311.82,0,0,0,0,0,0,794125,746667
1783,2058,36212295,37226250,23933,8173,87,8178,0,-14,-18,-14,-18,1,1,1,320,311.82,320,311.82,0,0,0,0,0,0,629958,596667
1784,2059,37768248,37951875,23817,8173,87,8178,0,-15,-18,-15,-18,1,1,1,274.29,285.43,274.29,285.43,0,0,0,0,0,0,1139208,1074625
1785,2060,37275083,35988667,23817,8173,87,8178,0,-15,-18,-15,-18,1,1,1,274.29,285.43,274.29,285.43,0,0,0,0,0,0,786000,727333
1786,2061,36291792,37444542,23881,8174,88,8179,0,-15,-18,-15,-18,1,1,1,274.29,285.43,274.29,285.43,0,0,0,0,0,0,628875,569542
1787,2062,42006496,42047958,23905,8173,87,8178,0,-15,-18,-15,-18,1,1,1,274.29,285.43,274.29,285.43,0,0,0,0,0,0,682250,625042
1788,2063,51943372,49204583,24381,8173,87,8178,0,-16,-18,-16,-18,1,1,1,228.57,258.09,228.57,258.09,0,0,0,0,0,0,902000,829542
1789,2064,61483416,63928958,24149,8173,87,8178,0,-16,-18,-16,-18,1,1,1,228.57,258.09,228.57,258.09,0,0,0,0,0,0,957833,874625
1790,2065,70287875,67984625,23905,8173,87,8178,0,-16,-18,-16,-18,1,1,1,228.57,258.09,228.57,258.09,0,0,0,0,0,0,1178042,1057458
1791,2066,67862704,70227292,23881,8173,87,8178,0,-16,-18,-16,-18,1,1,1,228.57,258.09,228.57,258.09,0,0,0,0,0,0,1187125,1035417
1792,2067,76065041,74103750,23869,8173,87,8178,0,-17,-18,-17,-18,1,1,1,182.86,230.19,182.86,230.19,0,0,0,0,0,0,1172500,1070500
1793,2068,67408420,69306958,23969,8173,90,8178,0,-17,-18,-17,-18,1,1,1,182.86,230.19,182.86,230.19,0,0,0,0,0,0,1432083,1342917
1794,2069,70382453,68566792,23817,8173,87,8178,0,-17,-18,-17,-18,1,1,1,182.86,230.19,182.86,230.19,0,0,0,0,0,0,1248917,1131333
1795,2070,56989461,56991958,24497,8173,87,8178,0,-17,-18,-17,-18,1,1,1,182.86,230.19,182.86,230.19,0,0,0,0,0,0,1180500,1069625
1796,2071,52460160,53077958,24121,8173,87,8178,0,-16,-18,-16,-18,1,1,1,228.57,258.09,228.57,258.09,0,0,0,0,0,0,1277667,1157833
1797,2072,45915376,47106709,23881,8173,87,8178,0,-16,-18,-16,-18,1,1,1,228.57,258.09,228.57,258.09,0,0,0,0,0,0,797667,735750
1798,2073,45685663,45687000,23817,8173,87,8178,0,-16,-18,-16,-18,1,1,1,228.57,258.09,228.57,258.09,0,0,0,0,0,0,788584,720875
1799,2074,47596335,46294750,23869,8173,87,8178,0,-16,-18,-16,-18,1,1,1,228.57,258.09,228.57,258.09,0,0,0,0,0,0,801958,737750
