frame_index,read_frame_count,unscaled_delta_ns,main_thread_ns,gc_alloc_bytes,batches,set_pass_calls,draw_calls,engine_controller_update_ns,intended_cell_x,intended_cell_y,actual_cell_x,actual_cell_y,cell_match,input_checked,mouse_is_virtual,injected_x,injected_y,read_x,read_y,tnd_bench_t1_hover_ns,tnd_bench_t1_reclassify_ns,tnd_bench_t1_hoveredborder_ns,tnd_bench_t1_hoveredborderrebuild_ns,tnd_bench_t1_modeenter_ns,tnd_bench_t1_conquerui_ns,tnd_bench_s0_hover_ns,tnd_bench_s0_rebuild_ns
0,275,50584997,33538500,108025,0,0,0,0,-17,-18,-17,-18,1,1,1,182.86,230.19,182.86,230.19,0,0,0,0,0,0,594291,561583
1,276,31421501,32433708,26711,8174,88,8179,0,-17,-18,-17,-18,1,1,1,182.86,230.19,182.86,230.19,0,0,0,0,0,0,854084,776917
2,277,34863129,33865416,209106,8173,87,8178,0,-17,-18,-17,-18,1,1,1,182.86,230.19,182.86,230.19,0,0,0,0,0,0,549375,497667
3,278,29710453,30686667,23881,8173,87,8178,0,-17,-18,-17,-18,1,1,1,182.86,230.19,182.86,230.19,0,0,0,0,0,0,561292,517167
4,279,30619755,30491459,23817,8173,87,8178,0,-16,-18,-16,-18,1,1,1,228.57,258.09,228.57,258.09,0,0,0,0,0,0,577958,528250
5,280,36917410,36964125,27355,8173,87,8178,0,-16,-18,-16,-18,1,1,1,228.57,258.09,228.57,258.09,0,0,0,0,0,0,564875,510500
6,281,42508792,40985583,26547,8173,87,8178,0,-16,-18,-16,-18,1,1,1,228.57,258.09,228.57,258.09,0,0,0,0,0,0,554833,497833
7,282,35376794,36832458,23881,8173,90,8178,0,-16,-18,-16,-18,1,1,1,228.57,258.09,228.57,258.09,0,0,0,0,0,0,934583,847334
8,283,39773710,39718250,23817,8173,87,8178,0,-15,-18,-15,-18,1,1,1,274.29,285.43,274.29,285.43,0,0,0,0,0,0,785000,683167
9,284,35816036,34841250,23905,8173,87,8178,0,-15,-18,-15,-18,1,1,1,274.29,285.43,274.29,285.43,0,0,0,0,0,0,584125,531166
10,285,36813881,37813292,23881,8173,87,8178,0,-15,-18,-15,-18,1,1,1,274.29,285.43,274.29,285.43,0,0,0,0,0,0,584750,528542
11,286,46504870,46406541,23817,8173,87,8178,0,-15,-18,-15,-18,1,1,1,274.29,285.43,274.29,285.43,0,0,0,0,0,0,741041,675041
12,287,62914624,60805208,23869,8173,87,8178,0,-14,-18,-14,-18,1,1,1,320,311.82,320,311.82,0,0,0,0,0,0,1056917,979458
13,288,71425378,71371625,24533,8173,87,8178,0,-14,-18,-14,-18,1,1,1,320,311.82,320,311.82,0,0,0,0,0,0,994209,933792
14,289,81967964,81406584,24033,8173,87,8178,0,-14,-18,-14,-18,1,1,1,320,311.82,320,311.82,0,0,0,0,0,0,996416,933667
15,290,70944957,73337958,24021,8173,87,8178,0,-14,-18,-14,-18,1,1,1,320,311.82,320,311.82,0,0,0,0,0,0,1417750,1101709
16,291,78844919,76319667,23817,8174,88,8179,0,-13,-18,-13,-18,1,1,1,365.71,336.6,365.71,336.6,0,0,0,0,0,0,1010083,932666
17,292,68369165,70774500,23881,8173,90,8178,0,-13,-18,-13,-18,1,1,1,365.71,336.6,365.71,336.6,0,0,0,0,0,0,1444875,1379000
18,293,64594037,63189917,23957,8173,87,8178,0,-13,-18,-13,-18,1,1,1,365.71,336.6,365.71,336.6,0,0,0,0,0,0,1174084,1102042
19,294,53394537,54829750,23881,8173,87,8178,0,-13,-18,-13,-18,1,1,1,365.71,336.6,365.71,336.6,0,0,0,0,0,0,1013667,923958
20,295,52145089,49117042,24381,8173,87,8178,0,-12,-18,-12,-18,1,1,1,411.43,359.32,411.43,359.32,0,0,0,0,0,0,709375,657750
21,296,56099120,59074334,24185,8173,87,8178,0,-12,-18,-12,-18,1,1,1,411.43,359.32,411.43,359.32,0,0,0,0,0,0,1058125,1000958
22,297,68489626,66478791,23869,8173,87,8178,0,-12,-18,-12,-18,1,1,1,411.43,359.32,411.43,359.32,0,0,0,0,0,0,882541,819875
23,298,68739756,70615792,23881,8173,87,8178,0,-12,-18,-12,-18,1,1,1,411.43,359.32,411.43,359.32,0,0,0,0,0,0,1097542,1027292
24,299,82442581,80271959,23905,8173,87,8178,0,-11,-18,-11,-18,1,1,1,457.14,380.06,457.14,380.06,0,0,0,0,0,0,1171875,1086542
25,300,71156665,73134292,23933,8173,90,8178,0,-11,-18,-11,-18,1,1,1,457.14,380.06,457.14,380.06,0,0,0,0,0,0,1358792,1277209
26,301,72729371,69240583,23905,8173,87,8178,0,-11,-18,-11,-18,1,1,1,457.14,380.06,457.14,380.06,0,0,0,0,0,0,1065084,985625
27,302,72214499,74064167,23881,8173,87,8178,0,-11,-18,-11,-18,1,1,1,457.14,380.06,457.14,380.06,0,0,0,0,0,0,1018750,962583
28,303,66668793,66499625,24649,8173,87,8178,0,-10,-18,-10,-18,1,1,1,502.86,399.44,502.86,399.44,0,0,0,0,0,0,1127916,1046042
29,304,59848837,61829750,23969,8173,87,8178,0,-10,-18,-10,-18,1,1,1,502.86,399.44,502.86,399.44,0,0,0,0,0,0,1051416,984708
30,305,46896535,45796292,23817,8173,87,8178,0,-10,-18,-10,-18,1,1,1,502.86,399.44,502.86,399.44,0,0,0,0,0,0,835834,753375
31,306,41916254,43090792,23881,8174,88,8179,0,-10,-18,-10,-18,1,1,1,502.86,399.44,502.86,399.44,0,0,0,0,0,0,654833,610500
32,307,35192869,35173208,23869,8173,90,8178,0,-9,-18,-9,-18,1,1,1,548.57,418.39,548.57,418.39,0,0,0,0,0,0,608333,561750
33,308,35453584,34448584,23905,8173,87,8178,0,-9,-18,-9,-18,1,1,1,548.57,418.39,548.57,418.39,0,0,0,0,0,0,589375,553500
34,309,33462788,34482917,23881,8173,87,8178,0,-9,-18,-9,-18,1,1,1,548.57,418.39,548.57,418.39,0,0,0,0,0,0,598958,554166
35,310,34286834,34272125,23817,8173,87,8178,0,-9,-18,-9,-18,1,1,1,548.57,418.39,548.57,418.39,0,0,0,0,0,0,535625,500291
36,311,35066667,34027583,23817,8173,87,8178,0,-8,-18,-8,-18,1,1,1,594.29,422.77,594.29,422.77,0,0,0,0,0,0,625083,584959
37,312,32780457,33717834,23881,8173,87,8178,0,-8,-18,-8,-18,1,1,1,594.29,422.77,594.29,422.77,0,0,0,0,0,0,602000,567375
38,313,31096165,31181792,23957,8173,87,8178,0,-8,-18,-8,-18,1,1,1,594.29,422.77,594.29,422.77,0,0,0,0,0,0,565208,526334
39,314,30816623,30773375,23817,8173,87,8178,0,-8,-18,-8,-18,1,1,1,594.29,422.77,594.29,422.77,0,0,0,0,0,0,570708,538167
40,315,32462541,30852959,24381,8173,87,8178,0,-6,-18,-6,-18,1,1,1,685.71,416.09,685.71,416.09,0,0,0,0,0,0,493917,458666
41,316,28763584,30363792,24097,8173,87,8178,0,-6,-18,-6,-18,1,1,1,685.71,416.09,685.71,416.09,0,0,0,0,0,0,557500,527167
42,317,30492417,30428750,23817,8173,87,8178,0,-6,-18,-6,-18,1,1,1,685.71,416.09,685.71,416.09,0,0,0,0,0,0,492875,458208
43,318,30681498,30714542,23905,8173,87,8178,0,-6,-18,-6,-18,1,1,1,685.71,416.09,685.71,416.09,0,0,0,0,0,0,528000,496125
44,319,31606625,30601834,23817,8173,87,8178,0,-5,-18,-5,-18,1,1,1,731.43,431,731.43,431,0,0,0,0,0,0,505791,467625
45,320,30069919,31036541,23933,8173,87,8178,0,-5,-18,-5,-18,1,1,1,731.43,431,731.43,431,0,0,0,0,0,0,516459,484250
46,321,35238705,35229500,23817,8174,88,8179,0,-5,-18,-5,-18,1,1,1,731.43,431,731.43,431,0,0,0,0,0,0,640791,595042
47,322,33583171,33485667,23817,8173,90,8178,0,-5,-18,-5,-18,1,1,1,731.43,431,731.43,431,0,0,0,0,0,0,576708,542042
48,323,34381624,33426417,23377,8173,87,8178,0,-4,-18,-4,-18,1,1,1,777.14,453.14,777.14,453.14,0,0,0,0,0,0,542875,511167
49,324,32300289,33295333,23353,8085,87,8090,0,-4,-18,-4,-18,1,1,1,777.14,453.14,777.14,453.14,0,0,0,0,0,0,708000,674208
50,325,34689497,34674250,23289,8085,87,8090,0,-4,-18,-4,-18,1,1,1,777.14,453.14,777.14,453.14,0,0,0,0,0,0,491333,451458
51,326,36969501,35720000,23341,8085,87,8090,0,-4,-18,-4,-18,1,1,1,777.14,453.14,777.14,453.14,0,0,0,0,0,0,673167,641667
52,327,35632375,36663625,23353,8085,87,8090,0,-3,-18,-3,-18,1,1,1,822.86,475.99,822.86,475.99,0,0,0,0,0,0,697458,663542
53,328,42593125,42758292,37264,8085,87,8090,0,-3,-18,-3,-18,1,1,1,822.86,475.99,822.86,475.99,0,0,0,0,0,0,551583,521250
54,329,39395160,37914875,25967,8085,87,8090,0,-3,-18,-3,-18,1,1,1,822.86,475.99,822.86,475.99,0,0,0,0,0,0,527916,492917
55,330,42348463,42224375,23917,8085,87,8090,0,-3,-18,-3,-18,1,1,1,822.86,475.99,822.86,475.99,0,0,0,0,0,0,816708,761875
56,331,48315539,49671417,23505,8085,87,8090,0,-2,-18,-2,-18,1,1,1,868.57,498.85,868.57,498.85,0,0,0,0,0,0,633334,589750
57,332,61920005,59973416,23429,8085,87,8090,0,-2,-18,-2,-18,1,1,1,868.57,498.85,868.57,498.85,0,0,0,0,0,0,909042,852042
58,333,64224250,66089459,23353,8085,87,8090,0,-2,-18,-2,-18,1,1,1,868.57,498.85,868.57,498.85,0,0,0,0,0,0,952958,884917
59,334,73020875,70725500,23289,8085,87,8090,0,-2,-18,-2,-18,1,1,1,868.57,498.85,868.57,498.85,0,0,0,0,0,0,1038791,980041
60,335,67937910,70133042,23441,8085,90,8090,0,-1,-18,-1,-18,1,1,1,914.29,521.71,914.29,521.71,0,0,0,0,0,0,932333,872084
61,336,71299128,69403209,23341,8086,88,8091,0,-1,-18,-1,-18,1,1,1,914.29,521.71,914.29,521.71,0,0,0,0,0,0,945083,882083
62,337,65340377,67101458,23353,8085,87,8090,0,-1,-18,-1,-18,1,1,1,914.29,521.71,914.29,521.71,0,0,0,0,0,0,1011958,949125
63,338,58848626,55885167,23941,8085,87,8090,0,-1,-18,-1,-18,1,1,1,914.29,521.71,914.29,521.71,0,0,0,0,0,0,1149917,1094500
64,339,47272540,50386875,23569,8085,87,8090,0,0,-18,0,-18,1,1,1,960,544.56,960,544.56,0,0,0,0,0,0,839292,783292
65,340,49357667,49230917,23341,8085,87,8090,0,0,-18,0,-18,1,1,1,960,544.56,960,544.56,0,0,0,0,0,0,930292,875417
66,341,50336997,48889583,23377,8085,87,8090,0,0,-18,0,-18,1,1,1,960,544.56,960,544.56,0,0,0,0,0,0,1046417,987959
67,342,52309751,53739000,23353,8085,87,8090,0,0,-18,0,-18,1,1,1,960,544.56,960,544.56,0,0,0,0,0,0,649458,599917
68,343,56882292,55277750,23289,8085,90,8090,0,1,-18,1,-18,1,1,1,1005.71,567.42,1005.71,567.42,0,0,0,0,0,0,701208,657417
69,344,53528416,54970458,23493,8085,87,8090,0,1,-18,1,-18,1,1,1,1005.71,567.42,1005.71,567.42,0,0,0,0,0,0,1050375,1001042
70,345,64108915,62369334,23289,8085,87,8090,0,1,-18,1,-18,1,1,1,1005.71,567.42,1005.71,567.42,0,0,0,0,0,0,858833,807042
71,346,67462831,69118625,23353,8085,87,8090,0,1,-18,1,-18,1,1,1,1005.71,567.42,1005.71,567.42,0,0,0,0,0,0,1261792,1185000
72,347,61797667,59125500,23941,8085,87,8090,0,2,-18,2,-18,1,1,1,1051.43,590.28,1051.43,590.28,0,0,0,0,0,0,1096083,1025125
73,348,53334876,56140750,23621,8085,87,8090,0,2,-18,2,-18,1,1,1,1051.43,590.28,1051.43,590.28,0,0,0,0,0,0,767167,684083
74,349,62043126,59694292,23289,8085,87,8090,0,2,-18,2,-18,1,1,1,1051.43,590.28,1051.43,590.28,0,0,0,0,0,0,921333,859125
75,350,67839749,70127125,23441,8085,87,8090,0,2,-18,2,-18,1,1,1,1051.43,590.28,1051.43,590.28,0,0,0,0,0,0,1483750,1421458
76,351,66631168,64433000,23289,8086,91,8091,0,3,-18,3,-18,1,1,1,1097.14,613.14,1097.14,613.14,0,0,0,0,0,0,721834,674833
77,352,55697839,57775667,23405,8085,87,8090,0,3,-18,3,-18,1,1,1,1097.14,613.14,1097.14,613.14,0,0,0,0,0,0,867084,800167
78,353,55116742,53354500,23377,8085,87,8090,0,3,-18,3,-18,1,1,1,1097.14,613.14,1097.14,613.14,0,0,0,0,0,0,755750,707083
79,354,49827586,51669583,23353,8085,87,8090,0,3,-18,3,-18,1,1,1,1097.14,613.14,1097.14,613.14,0,0,0,0,0,0,785709,739042
80,355,47853287,46474416,23853,8085,87,8090,0,4,-18,4,-18,1,1,1,1142.86,635.99,1142.86,635.99,0,0,0,0,0,0,974250,920708
81,356,46870917,46973416,23645,8085,87,8090,0,4,-18,4,-18,1,1,1,1142.86,635.99,1142.86,635.99,0,0,0,0,0,0,775416,719500
82,357,45929756,47165917,23353,8085,87,8090,0,4,-18,4,-18,1,1,1,1142.86,635.99,1142.86,635.99,0,0,0,0,0,0,977250,934375
83,358,48182036,48159333,23289,8085,87,8090,0,4,-18,4,-18,1,1,1,1142.86,635.99,1142.86,635.99,0,0,0,0,0,0,644834,608625
84,359,48252545,46151875,23709,8085,87,8090,0,5,-18,5,-18,1,1,1,1188.57,662.98,1188.57,662.98,0,0,0,0,0,0,843666,790667
85,360,63032627,64902083,27311,8155,87,8160,0,5,-18,5,-18,1,1,1,1188.57,662.98,1188.57,662.98,0,0,0,0,0,0,778959,730375
86,361,58670543,57315958,26439,8155,90,8160,0,5,-18,5,-18,1,1,1,1188.57,662.98,1188.57,662.98,0,0,0,0,0,0,1034791,971250
87,362,63523076,64581291,23773,8155,87,8160,0,5,-18,5,-18,1,1,1,1188.57,662.98,1188.57,662.98,0,0,0,0,0,0,810375,757541
88,363,70214420,68649834,23797,8155,87,8160,0,6,-18,6,-18,1,1,1,1234.29,696.59,1234.29,696.59,0,0,0,0,0,0,945834,874666
89,364,70690497,70312542,24337,8155,87,8160,0,6,-18,6,-18,1,1,1,1234.29,696.59,1234.29,696.59,0,0,0,0,0,0,1298458,1225792
90,365,69230295,69153917,23977,8155,87,8160,0,6,-18,6,-18,1,1,1,1234.29,696.59,1234.29,696.59,0,0,0,0,0,0,972416,898791
91,366,62490120,64692959,23861,8156,88,8161,0,6,-18,6,-18,1,1,1,1234.29,696.59,1234.29,696.59,0,0,0,0,0,0,1198792,1137917
92,367,58730088,56869500,23709,8155,87,8160,0,7,-18,7,-18,1,1,1,1280,736.66,1280,736.66,0,0,0,0,0,0,934334,851750
93,368,59562996,61349250,23773,8155,87,8160,0,7,-18,7,-18,1,1,1,1280,736.66,1280,736.66,0,0,0,0,0,0,860375,797375
94,369,55171124,53628042,23849,8155,90,8160,0,7,-18,7,-18,1,1,1,1280,736.66,1280,736.66,0,0,0,0,0,0,838083,782250
95,370,51826253,53273750,23773,8155,87,8160,0,7,-18,7,-18,1,1,1,1280,736.66,1280,736.66,0,0,0,0,0,0,777875,729125
96,371,59088584,57406625,23709,8155,87,8160,0,8,-18,8,-18,1,1,1,1325.71,772.98,1325.71,772.98,0,0,0,0,0,0,832167,776625
97,372,54578877,56328375,23861,8155,87,8160,0,8,-18,8,-18,1,1,1,1325.71,772.98,1325.71,772.98,0,0,0,0,0,0,853625,804459
98,373,58978203,56161041,24325,8155,87,8160,0,8,-18,8,-18,1,1,1,1325.71,772.98,1325.71,772.98,0,0,0,0,0,0,1064959,998667
99,374,51051460,53755625,23989,8155,87,8160,0,8,-18,8,-18,1,1,1,1325.71,772.98,1325.71,772.98,0,0,0,0,0,0,796625,747042
100,375,70280045,68107209,23797,8155,87,8160,0,9,-18,9,-18,1,1,1,1371.43,801.36,1371.43,801.36,0,0,0,0,0,0,1076541,1001166
101,376,73367498,75487959,23773,8155,87,8160,0,9,-18,9,-18,1,1,1,1371.43,801.36,1371.43,801.36,0,0,0,0,0,0,1034083,966959
102,377,63615210,62021666,23761,8155,90,8160,0,9,-18,9,-18,1,1,1,1371.43,801.36,1371.43,801.36,0,0,0,0,0,0,1022292,943625
103,378,48829130,50522292,23861,8155,87,8160,0,9,-18,9,-18,1,1,1,1371.43,801.36,1371.43,801.36,0,0,0,0,0,0,869459,819000
104,379,44375035,44404250,23709,8155,87,8160,0,10,-18,10,-18,1,1,1,1417.14,823.72,1417.14,823.72,0,0,0,0,0,0,732833,682334
105,380,41188046,40013125,23709,8155,87,8160,0,10,-18,10,-18,1,1,1,1417.14,823.72,1417.14,823.72,0,0,0,0,0,0,717542,669708
106,381,36347541,37478708,23773,8156,88,8161,0,10,-18,10,-18,1,1,1,1417.14,823.72,1417.14,823.72,0,0,0,0,0,0,600667,557750
107,382,35825334,34815458,24413,8155,87,8160,0,10,-18,10,-18,1,1,1,1417.14,823.72,1417.14,823.72,0,0,0,0,0,0,583417,549791
108,383,34058246,34082083,23925,8155,87,8160,0,11,-18,11,-18,1,1,1,1462.86,845.83,1462.86,845.83,0,0,0,0,0,0,583459,544167
109,384,33073205,34070458,23773,8155,87,8160,0,11,-18,11,-18,1,1,1,1462.86,845.83,1462.86,845.83,0,0,0,0,0,0,576459,541417
110,385,34036833,34030375,23709,8155,87,8160,0,11,-18,11,-18,1,1,1,1462.86,845.83,1462.86,845.83,0,0,0,0,0,0,598417,557958
111,386,35384751,34273917,23709,8155,87,8160,0,11,-18,11,-18,1,1,1,1462.86,845.83,1462.86,845.83,0,0,0,0,0,0,599875,567083
112,387,33247753,34337458,23861,8155,87,8160,0,12,-18,12,-18,1,1,1,1508.57,868.27,1508.57,868.27,0,0,0,0,0,0,607250,572042
113,388,37231542,37181625,23761,8155,87,8160,0,12,-18,12,-18,1,1,1,1508.57,868.27,1508.57,868.27,0,0,0,0,0,0,624166,584166
114,389,34394580,33411958,23709,8155,90,8160,0,12,-18,12,-18,1,1,1,1508.57,868.27,1508.57,868.27,0,0,0,0,0,0,587584,544875
115,390,32589539,33554250,23773,8155,87,8160,0,12,-18,12,-18,1,1,1,1508.57,868.27,1508.57,868.27,0,0,0,0,0,0,537792,503084
116,391,32613087,32582958,23709,8155,87,8160,0,13,-18,13,-18,1,1,1,1554.29,892.25,1554.29,892.25,0,0,0,0,0,0,581917,528500
117,392,31459536,31488500,23797,8155,87,8160,0,13,-18,13,-18,1,1,1,1554.29,892.25,1554.29,892.25,0,0,0,0,0,0,499959,470084
118,393,34426040,33427375,23709,8155,87,8160,0,13,-18,13,-18,1,1,1,1554.29,892.25,1554.29,892.25,0,0,0,0,0,0,520666,477000
119,394,35096250,35963584,23825,8155,87,8160,0,13,-18,13,-18,1,1,1,1554.29,892.25,1554.29,892.25,0,0,0,0,0,0,578084,527834
120,395,37283204,37306625,23709,8155,87,8160,0,14,-18,14,-18,1,1,1,1600,918.02,1600,918.02,0,0,0,0,0,0,756000,714334
121,396,39921876,38013250,24273,8156,88,8161,0,14,-18,14,-18,1,1,1,1600,918.02,1600,918.02,0,0,0,0,0,0,555250,522875
122,397,36789249,38479792,24077,8155,87,8160,0,14,-18,14,-18,1,1,1,1600,918.02,1600,918.02,0,0,0,0,0,0,596834,559042
123,398,37541665,37681459,23709,8155,87,8160,0,14,-18,14,-18,1,1,1,1600,918.02,1600,918.02,0,0,0,0,0,0,621041,555042
124,399,41334964,39767667,23709,8155,87,8160,0,15,-18,15,-18,1,1,1,1645.71,944.98,1645.71,944.98,0,0,0,0,0,0,791750,732292
125,400,42349785,43737750,23825,8155,87,8160,0,15,-18,15,-18,1,1,1,1645.71,944.98,1645.71,944.98,0,0,0,0,0,0,633084,590333
126,401,66277712,64184375,23797,8155,87,8160,0,15,-18,15,-18,1,1,1,1645.71,944.98,1645.71,944.98,0,0,0,0,0,0,893000,834541
127,402,64717203,66650291,23773,8155,90,8160,0,15,-18,15,-18,1,1,1,1645.71,944.98,1645.71,944.98,0,0,0,0,0,0,976334,912958
128,403,80989293,78597041,23709,8155,87,8160,0,16,-18,16,-18,1,1,1,1691.43,972.01,1691.43,972.01,0,0,0,0,0,0,984792,909834
129,404,68691663,70679416,23913,8155,87,8160,0,16,-18,16,-18,1,1,1,1691.43,972.01,1691.43,972.01,0,0,0,0,0,0,1390584,1330666
130,405,69467753,66100916,24273,8155,87,8160,0,16,-18,16,-18,1,1,1,1691.43,972.01,1691.43,972.01,0,0,0,0,0,0,1131542,1058708
131,406,64865961,68234625,23989,8155,87,8160,0,16,-18,16,-18,1,1,1,1691.43,972.01,1691.43,972.01,0,0,0,0,0,0,1016333,952667
132,407,66969037,65480000,23849,8155,87,8160,0,15,-18,15,-18,1,1,1,1645.71,944.98,1645.71,944.98,0,0,0,0,0,0,1298375,1207125
133,408,53340002,55070000,23773,8155,87,8160,0,15,-18,15,-18,1,1,1,1645.71,944.98,1645.71,944.98,0,0,0,0,0,0,859375,805459
134,409,56144416,54834334,23709,8155,87,8160,0,15,-18,15,-18,1,1,1,1645.71,944.98,1645.71,944.98,0,0,0,0,0,0,903000,844167
135,410,47152623,48545583,23861,8155,90,8160,0,15,-18,15,-18,1,1,1,1645.71,944.98,1645.71,944.98,0,0,0,0,0,0,670542,626708
136,411,53719457,51935833,23761,8156,88,8161,0,14,-18,14,-18,1,1,1,1600,918.02,1600,918.02,0,0,0,0,0,0,657167,608833
137,412,53907956,55521750,23773,8155,87,8160,0,14,-18,14,-18,1,1,1,1600,918.02,1600,918.02,0,0,0,0,0,0,1230958,1168250
138,413,57087421,55296375,23797,8155,87,8160,0,14,-18,14,-18,1,1,1,1600,918.02,1600,918.02,0,0,0,0,0,0,778333,718833
139,414,56384708,56638958,24337,8155,87,8160,0,14,-18,14,-18,1,1,1,1600,918.02,1600,918.02,0,0,0,0,0,0,769667,717541
140,415,68616785,68059333,23977,8155,87,8160,0,13,-18,13,-18,1,1,1,1554.29,892.25,1554.29,892.25,0,0,0,0,0,0,1242083,1165834
141,416,67149750,69036250,23861,8155,87,8160,0,13,-18,13,-18,1,1,1,1554.29,892.25,1554.29,892.25,0,0,0,0,0,0,1022250,958750
142,417,63020415,61679167,23709,8155,87,8160,0,13,-18,13,-18,1,1,1,1554.29,892.25,1554.29,892.25,0,0,0,0,0,0,1072625,987875
143,418,54169707,55647417,23773,8155,87,8160,0,13,-18,13,-18,1,1,1,1554.29,892.25,1554.29,892.25,0,0,0,0,0,0,890125,825708
144,419,44182419,44264167,23849,8155,90,8160,0,12,-18,12,-18,1,1,1,1508.57,868.27,1508.57,868.27,0,0,0,0,0,0,726666,672709
145,420,40242876,39131375,23709,8155,87,8160,0,12,-18,12,-18,1,1,1,1508.57,868.27,1508.57,868.27,0,0,0,0,0,0,702042,660666
146,421,36981284,38091166,23773,8155,87,8160,0,12,-18,12,-18,1,1,1,1508.57,868.27,1508.57,868.27,0,0,0,0,0,0,607834,559625
147,422,34635167,34556167,23709,8155,87,8160,0,12,-18,12,-18,1,1,1,1508.57,868.27,1508.57,868.27,0,0,0,0,0,0,594250,556792
148,423,34660294,33699333,23797,8155,87,8160,0,11,-18,11,-18,1,1,1,1462.86,845.83,1462.86,845.83,0,0,0,0,0,0,534750,493042
149,424,32923959,33899042,23773,8155,87,8160,0,11,-18,11,-18,1,1,1,1462.86,845.83,1462.86,845.83,0,0,0,0,0,0,541042,507000
150,425,35887245,34867000,24325,8155,87,8160,0,11,-18,11,-18,1,1,1,1462.86,845.83,1462.86,845.83,0,0,0,0,0,0,570375,520083
151,426,34112833,34083542,23925,8156,88,8161,0,11,-18,11,-18,1,1,1,1462.86,845.83,1462.86,845.83,0,0,0,0,0,0,553083,516625
152,427,32941587,33937291,23773,8155,87,8160,0,10,-18,10,-18,1,1,1,1417.14,823.72,1417.14,823.72,0,0,0,0,0,0,584083,544167
153,428,33722039,33734375,23797,8155,87,8160,0,10,-18,10,-18,1,1,1,1417.14,823.72,1417.14,823.72,0,0,0,0,0,0,554208,521500
154,429,34553874,33538125,23709,8155,87,8160,0,10,-18,10,-18,1,1,1,1417.14,823.72,1417.14,823.72,0,0,0,0,0,0,534416,492500
155,430,36288373,37273709,23773,8155,87,8160,0,10,-18,10,-18,1,1,1,1417.14,823.72,1417.14,823.72,0,0,0,0,0,0,615125,581208
156,431,32762713,32783875,23761,8155,90,8160,0,9,-18,9,-18,1,1,1,1371.43,801.36,1371.43,801.36,0,0,0,0,0,0,582375,538583
157,432,31708829,30691333,23709,8155,87,8160,0,9,-18,9,-18,1,1,1,1371.43,801.36,1371.43,801.36,0,0,0,0,0,0,548125,515333
158,433,29504088,30484459,23861,8155,87,8160,0,9,-18,9,-18,1,1,1,1371.43,801.36,1371.43,801.36,0,0,0,0,0,0,528000,494542
159,434,31441830,31435583,23709,8155,87,8160,0,9,-18,9,-18,1,1,1,1371.43,801.36,1371.43,801.36,0,0,0,0,0,0,492833,462417
160,435,32848250,32813792,23942,8155,87,8160,0,8,-18,8,-18,1,1,1,1325.71,772.98,1325.71,772.98,0,0,0,0,0,0,537542,504500
161,436,33961962,32942083,23726,8155,87,8160,0,8,-18,8,-18,1,1,1,1325.71,772.98,1325.71,772.98,0,0,0,0,0,0,517291,485500
162,437,32353330,33260166,23773,8155,87,8160,0,8,-18,8,-18,1,1,1,1325.71,772.98,1325.71,772.98,0,0,0,0,0,0,523083,484584
163,438,33808793,33837875,23849,8155,87,8160,0,8,-18,8,-18,1,1,1,1325.71,772.98,1325.71,772.98,0,0,0,0,0,0,526541,494041
164,439,34541122,33530250,23709,8155,87,8160,0,7,-18,7,-18,1,1,1,1280,736.66,1280,736.66,0,0,0,0,0,0,558042,513708
165,440,34838918,34800833,24337,8155,87,8160,0,7,-18,7,-18,1,1,1,1280,736.66,1280,736.66,0,0,0,0,0,0,550459,518084
166,441,35647794,36704333,23925,8156,88,8161,0,7,-18,7,-18,1,1,1,1280,736.66,1280,736.66,0,0,0,0,0,0,525959,485709
167,442,37277750,36155083,23709,8155,87,8160,0,7,-18,7,-18,1,1,1,1280,736.66,1280,736.66,0,0,0,0,0,0,581125,547000
168,443,35143997,36214333,23861,8155,87,8160,0,6,-18,6,-18,1,1,1,1234.29,696.59,1234.29,696.59,0,0,0,0,0,0,589000,547625
169,444,36192461,35945792,23761,8155,87,8160,0,6,-18,6,-18,1,1,1,1234.29,696.59,1234.29,696.59,0,0,0,0,0,0,542375,509583
170,445,42459622,41621042,23709,8155,87,8160,0,6,-18,6,-18,1,1,1,1234.29,696.59,1234.29,696.59,0,0,0,0,0,0,653417,604875
171,446,38247499,39183667,23773,8155,90,8160,0,6,-18,6,-18,1,1,1,1234.29,696.59,1234.29,696.59,0,0,0,0,0,0,578125,546625
172,447,44246252,44224541,23797,8155,87,8160,0,5,-18,5,-18,1,1,1,1188.57,662.98,1188.57,662.98,0,0,0,0,0,0,672583,633458
173,448,60008794,57857125,23709,8155,87,8160,0,5,-18,5,-18,1,1,1,1188.57,662.98,1188.57,662.98,0,0,0,0,0,0,759375,705792
174,449,65091997,66958125,23825,8155,87,8160,0,5,-18,5,-18,1,1,1,1188.57,662.98,1188.57,662.98,0,0,0,0,0,0,982334,909208
175,450,70329286,67934958,23797,8155,87,8160,0,5,-18,5,-18,1,1,1,1188.57,662.98,1188.57,662.98,0,0,0,0,0,0,1033375,970125
176,451,66751211,67195625,23917,8155,87,8160,0,4,-18,4,-18,1,1,1,1142.86,635.99,1142.86,635.99,0,0,0,0,0,0,943000,882334
177,452,67920170,67334208,23557,8085,87,8090,0,4,-18,4,-18,1,1,1,1142.86,635.99,1142.86,635.99,0,0,0,0,0,0,983542,920416
178,453,74316166,76820500,27649,8085,87,8090,0,4,-18,4,-18,1,1,1,1142.86,635.99,1142.86,635.99,0,0,0,0,0,0,995625,941083
179,454,63068963,61340708,25967,8085,87,8090,0,4,-18,4,-18,1,1,1,1142.86,635.99,1142.86,635.99,0,0,0,0,0,0,864209,801625
180,455,48984870,50754625,23405,8085,90,8090,0,3,-18,3,-18,1,1,1,1097.14,613.14,1097.14,613.14,0,0,0,0,0,0,970375,921708
181,456,46839874,46355875,23377,8086,88,8091,0,3,-18,3,-18,1,1,1,1097.14,613.14,1097.14,613.14,0,0,0,0,0,0,635250,598458
182,457,47089248,46205000,23289,8085,87,8090,0,3,-18,3,-18,1,1,1,1097.14,613.14,1097.14,613.14,0,0,0,0,0,0,618250,576375
183,458,45696713,46979375,23353,8085,87,8090,0,3,-18,3,-18,1,1,1,1097.14,613.14,1097.14,613.14,0,0,0,0,0,0,659583,590791
184,459,48809830,47509500,23853,8085,87,8090,0,2,-18,2,-18,1,1,1,1051.43,590.28,1051.43,590.28,0,0,0,0,0,0,776708,729333
185,460,46126585,46217458,23645,8085,87,8090,0,2,-18,2,-18,1,1,1,1051.43,590.28,1051.43,590.28,0,0,0,0,0,0,849334,808750
186,461,49129541,50303708,23353,8085,87,8090,0,2,-18,2,-18,1,1,1,1051.43,590.28,1051.43,590.28,0,0,0,0,0,0,685083,644459
187,462,58350622,56542625,23289,8085,87,8090,0,2,-18,2,-18,1,1,1,1051.43,590.28,1051.43,590.28,0,0,0,0,0,0,1083208,1022250
188,463,65135665,66648042,23441,8085,87,8090,0,1,-18,1,-18,1,1,1,1005.71,567.42,1005.71,567.42,0,0,0,0,0,0,756750,705084
189,464,69545961,67639875,23341,8085,90,8090,0,1,-18,1,-18,1,1,1,1005.71,567.42,1005.71,567.42,0,0,0,0,0,0,1123791,1050167
190,465,66616579,68331792,23353,8085,87,8090,0,1,-18,1,-18,1,1,1,1005.71,567.42,1005.71,567.42,0,0,0,0,0,0,1195667,1132292
191,466,67396081,65937666,23377,8085,87,8090,0,1,-18,1,-18,1,1,1,1005.71,567.42,1005.71,567.42,0,0,0,0,0,0,913167,845459
192,467,54495338,56247084,23405,8085,87,8090,0,0,-18,0,-18,1,1,1,960,544.56,960,544.56,0,0,0,0,0,0,1145417,1070375
193,468,56281376,53362667,23853,8085,87,8090,0,0,-18,0,-18,1,1,1,960,544.56,960,544.56,0,0,0,0,0,0,762500,714459
194,469,43932702,46899167,23657,8085,87,8090,0,0,-18,0,-18,1,1,1,960,544.56,960,544.56,0,0,0,0,0,0,754416,706166
195,470,41769627,41755166,23289,8085,87,8090,0,0,-18,0,-18,1,1,1,960,544.56,960,544.56,0,0,0,0,0,0,586417,549208
196,471,38754083,37740708,23289,8086,88,8091,0,-1,-18,-1,-18,1,1,1,914.29,521.71,914.29,521.71,0,0,0,0,0,0,589208,551042
197,472,36885790,37855500,23405,8085,87,8090,0,-1,-18,-1,-18,1,1,1,914.29,521.71,914.29,521.71,0,0,0,0,0,0,608292,574292
198,473,33979628,34019209,23377,8085,90,8090,0,-1,-18,-1,-18,1,1,1,914.29,521.71,914.29,521.71,0,0,0,0,0,0,501166,469917
199,474,35336166,34280333,23289,8085,87,8090,0,-1,-18,-1,-18,1,1,1,914.29,521.71,914.29,521.71,0,0,0,0,0,0,528208,495625
200,475,33068623,34108125,23353,8085,87,8090,0,-2,-18,-2,-18,1,1,1,868.57,498.85,868.57,498.85,0,0,0,0,0,0,550958,517375
201,476,34345168,34301166,23289,8085,87,8090,0,-2,-18,-2,-18,1,1,1,868.57,498.85,868.57,498.85,0,0,0,0,0,0,484542,450542
202,477,35045288,33956542,23289,8085,87,8090,0,-2,-18,-2,-18,1,1,1,868.57,498.85,868.57,498.85,0,0,0,0,0,0,483458,450584
203,478,32439753,33506375,23493,8085,87,8090,0,-2,-18,-2,-18,1,1,1,868.57,498.85,868.57,498.85,0,0,0,0,0,0,507167,476833
204,479,33422078,33425875,23289,8085,87,8090,0,-3,-18,-3,-18,1,1,1,822.86,475.99,822.86,475.99,0,0,0,0,0,0,602500,568584
205,480,34771338,33442875,23289,8085,87,8090,0,-3,-18,-3,-18,1,1,1,822.86,475.99,822.86,475.99,0,0,0,0,0,0,521416,486584
206,481,33469878,33720416,23917,8085,87,8090,0,-3,-18,-3,-18,1,1,1,822.86,475.99,822.86,475.99,0,0,0,0,0,0,528500,498417
207,482,32391913,33358750,23505,8085,87,8090,0,-3,-18,-3,-18,1,1,1,822.86,475.99,822.86,475.99,0,0,0,0,0,0,509666,473541
208,483,32121457,32182417,23377,8085,87,8090,0,-4,-18,-4,-18,1,1,1,777.14,453.14,777.14,453.14,0,0,0,0,0,0,503750,466791
209,484,32499667,31441250,23289,8085,87,8090,0,-4,-18,-4,-18,1,1,1,777.14,453.14,777.14,453.14,0,0,0,0,0,0,517000,484750
210,485,33831957,34837667,23405,8085,87,8090,0,-4,-18,-4,-18,1,1,1,777.14,453.14,777.14,453.14,0,0,0,0,0,0,486083,454208
211,486,34609001,34507625,23289,8086,88,8091,0,-4,-18,-4,-18,1,1,1,777.14,453.14,777.14,453.14,0,0,0,0,0,0,490041,460416
212,487,40074042,38622542,23817,8085,87,8090,0,-5,-18,-5,-18,1,1,1,731.43,431,731.43,431,0,0,0,0,0,0,794625,745292
213,488,40377501,41884209,27419,8173,90,8178,0,-5,-18,-5,-18,1,1,1,731.43,431,731.43,431,0,0,0,0,0,0,640500,590542
214,489,37073832,37044292,26495,8173,87,8178,0,-5,-18,-5,-18,1,1,1,731.43,431,731.43,431,0,0,0,0,0,0,580834,532458
215,490,38509503,37305041,23817,8173,87,8178,0,-5,-18,-5,-18,1,1,1,731.43,431,731.43,431,0,0,0,0,0,0,678083,634166
216,491,39101161,40147583,23933,8173,87,8178,0,-6,-18,-6,-18,1,1,1,685.71,416.09,685.71,416.09,0,0,0,0,0,0,790875,740875
217,492,46693999,46676750,23905,8173,87,8178,0,-6,-18,-6,-18,1,1,1,685.71,416.09,685.71,416.09,0,0,0,0,0,0,818375,768792
218,493,67736499,65751500,23817,8173,87,8178,0,-6,-18,-6,-18,1,1,1,685.71,416.09,685.71,416.09,0,0,0,0,0,0,816250,754875
219,494,73082044,72695708,24445,8173,87,8178,0,-6,-18,-6,-18,1,1,1,685.71,416.09,685.71,416.09,0,0,0,0,0,0,989458,923875
220,495,70746079,70735708,24173,8173,87,8178,0,-8,-18,-8,-18,1,1,1,594.29,422.77,594.29,422.77,0,0,0,0,0,0,961792,900500
221,496,63321292,65479167,23881,8173,87,8178,0,-8,-18,-8,-18,1,1,1,594.29,422.77,594.29,422.77,0,0,0,0,0,0,1248750,1179500
222,497,74593372,72635958,23817,8173,87,8178,0,-8,-18,-8,-18,1,1,1,594.29,422.77,594.29,422.77,0,0,0,0,0,0,1131958,1051625
223,498,65320707,67302834,24021,8173,90,8178,0,-8,-18,-8,-18,1,1,1,594.29,422.77,594.29,422.77,0,0,0,0,0,0,1067583,1001625
224,499,57299297,55479084,23817,8173,87,8178,0,-9,-18,-9,-18,1,1,1,548.57,418.39,548.57,418.39,0,0,0,0,0,0,927458,858583
225,500,48360828,50165917,23881,8173,87,8178,0,-9,-18,-9,-18,1,1,1,548.57,418.39,548.57,418.39,0,0,0,0,0,0,843500,790166
226,501,48203919,48254459,23905,8174,88,8179,0,-9,-18,-9,-18,1,1,1,548.57,418.39,548.57,418.39,0,0,0,0,0,0,701208,647209
227,502,50284709,47466459,24433,8173,87,8178,0,-9,-18,-9,-18,1,1,1,548.57,418.39,548.57,418.39,0,0,0,0,0,0,729916,683917
228,503,44409416,47155250,24097,8173,87,8178,0,-10,-18,-10,-18,1,1,1,502.86,399.44,502.86,399.44,0,0,0,0,0,0,683500,632917
229,504,49331251,49121542,23817,8173,87,8178,0,-10,-18,-10,-18,1,1,1,502.86,399.44,502.86,399.44,0,0,0,0,0,0,888125,832125
230,505,57080250,55549417,23905,8173,87,8178,0,-10,-18,-10,-18,1,1,1,502.86,399.44,502.86,399.44,0,0,0,0,0,0,873750,804208
231,506,59788789,61376292,23881,8173,87,8178,0,-10,-18,-10,-18,1,1,1,502.86,399.44,502.86,399.44,0,0,0,0,0,0,1317667,1244917
232,507,67296169,65296916,23869,8173,90,8178,0,-11,-18,-11,-18,1,1,1,457.14,380.06,457.14,380.06,0,0,0,0,0,0,867833,808834
233,508,65256290,66921834,23969,8173,87,8178,0,-11,-18,-11,-18,1,1,1,457.14,380.06,457.14,380.06,0,0,0,0,0,0,1021083,954833
234,509,60024086,58787125,23817,8173,87,8178,0,-11,-18,-11,-18,1,1,1,457.14,380.06,457.14,380.06,0,0,0,0,0,0,1006333,929459
235,510,54518666,55927250,23881,8173,87,8178,0,-11,-18,-11,-18,1,1,1,457.14,380.06,457.14,380.06,0,0,0,0,0,0,906250,854250
236,511,59029746,55904958,24521,8173,87,8178,0,-12,-18,-12,-18,1,1,1,411.43,359.32,411.43,359.32,0,0,0,0,0,0,1015708,933375
237,512,52749920,55897791,24097,8173,87,8178,0,-12,-18,-12,-18,1,1,1,411.43,359.32,411.43,359.32,0,0,0,0,0,0,784375,731958
238,513,59096414,57400750,23817,8173,87,8178,0,-12,-18,-12,-18,1,1,1,411.43,359.32,411.43,359.32,0,0,0,0,0,0,1099333,1038584
239,514,60345876,61990625,23969,8173,87,8178,0,-12,-18,-12,-18,1,1,1,411.43,359.32,411.43,359.32,0,0,0,0,0,0,897000,839084
240,515,56275751,54682833,23869,8173,90,8178,0,-13,-18,-13,-18,1,1,1,365.71,336.6,365.71,336.6,0,0,0,0,0,0,961375,890041
241,516,51844201,53243834,23881,8174,88,8179,0,-13,-18,-13,-18,1,1,1,365.71,336.6,365.71,336.6,0,0,0,0,0,0,858000,806041
242,517,48302337,47059417,23905,8173,87,8178,0,-13,-18,-13,-18,1,1,1,365.71,336.6,365.71,336.6,0,0,0,0,0,0,896916,823500
243,518,47043040,48424792,23881,8173,87,8178,0,-13,-18,-13,-18,1,1,1,365.71,336.6,365.71,336.6,0,0,0,0,0,0,722875,630041
244,519,44831208,44898459,23869,8173,87,8178,0,-14,-18,-14,-18,1,1,1,320,311.82,320,311.82,0,0,0,0,0,0,735792,685042
245,520,44086534,41077333,26501,8173,87,8178,0,-14,-18,-14,-18,1,1,1,320,311.82,320,311.82,0,0,0,0,0,0,605333,566000
246,521,44452253,47130667,24185,8173,87,8178,0,-14,-18,-14,-18,1,1,1,320,311.82,320,311.82,0,0,0,0,0,0,637000,592875
247,522,47408871,47610042,23817,8173,87,8178,0,-14,-18,-14,-18,1,1,1,320,311.82,320,311.82,0,0,0,0,0,0,1052667,994666
248,523,47755334,46519041,23817,8173,87,8178,0,-15,-18,-15,-18,1,1,1,274.29,285.43,274.29,285.43,0,0,0,0,0,0,883917,829083
249,524,50497293,51561250,23933,8173,87,8178,0,-15,-18,-15,-18,1,1,1,274.29,285.43,274.29,285.43,0,0,0,0,0,0,736375,664292
250,525,64247295,62354375,23905,8173,87,8178,0,-15,-18,-15,-18,1,1,1,274.29,285.43,274.29,285.43,0,0,0,0,0,0,1342542,1223584
251,526,66887542,68708625,23881,8173,90,8178,0,-15,-18,-15,-18,1,1,1,274.29,285.43,274.29,285.43,0,0,0,0,0,0,972417,885083
252,527,73735706,71089916,23817,8173,87,8178,0,-16,-18,-16,-18,1,1,1,228.57,258.09,228.57,258.09,0,0,0,0,0,0,1349792,1251375
253,528,67379660,69899583,24021,8173,87,8178,0,-16,-18,-16,-18,1,1,1,228.57,258.09,228.57,258.09,0,0,0,0,0,0,1346000,1235750
254,529,72256088,68523250,24381,8173,87,8178,0,-16,-18,-16,-18,1,1,1,228.57,258.09,228.57,258.09,0,0,0,0,0,0,1023417,916958
255,530,57365745,60992583,24097,8173,87,8178,0,-16,-18,-16,-18,1,1,1,228.57,258.09,228.57,258.09,0,0,0,0,0,0,1010667,920541
256,531,57674169,55971500,23905,8174,88,8179,0,-17,-18,-17,-18,1,1,1,182.86,230.19,182.86,230.19,0,0,0,0,0,0,1190833,1084083
257,532,59878244,61737583,23933,8173,87,8178,0,-17,-18,-17,-18,1,1,1,182.86,230.19,182.86,230.19,0,0,0,0,0,0,959792,878625
258,533,59266999,57549167,23817,8173,90,8178,0,-17,-18,-17,-18,1,1,1,182.86,230.19,182.86,230.19,0,0,0,0,0,0,848375,748750
259,534,53040128,54652250,23969,8173,87,8178,0,-17,-18,-17,-18,1,1,1,182.86,230.19,182.86,230.19,0,0,0,0,0,0,823958,749792
260,535,58588832,56727167,23817,8173,87,8178,0,-16,-18,-16,-18,1,1,1,228.57,258.09,228.57,258.09,0,0,0,0,0,0,889083,799458
261,536,54809834,56573000,23933,8173,87,8178,0,-16,-18,-16,-18,1,1,1,228.57,258.09,228.57,258.09,0,0,0,0,0,0,862834,784958
262,537,59229373,56630917,24469,8173,87,8178,0,-16,-18,-16,-18,1,1,1,228.57,258.09,228.57,258.09,0,0,0,0,0,0,813625,726875
263,538,52608583,55253958,24097,8173,87,8178,0,-16,-18,-16,-18,1,1,1,228.57,258.09,228.57,258.09,0,0,0,0,0,0,810541,738125
264,539,56820627,55263375,23817,8173,87,8178,0,-15,-18,-15,-18,1,1,1,274.29,285.43,274.29,285.43,0,0,0,0,0,0,883916,776625
265,540,49271371,50855667,24021,8173,87,8178,0,-15,-18,-15,-18,1,1,1,274.29,285.43,274.29,285.43,0,0,0,0,0,0,847209,774417
266,541,47725044,47731667,23817,8173,87,8178,0,-15,-18,-15,-18,1,1,1,274.29,285.43,274.29,285.43,0,0,0,0,0,0,822791,745625
267,542,45334253,44034125,23817,8173,90,8178,0,-15,-18,-15,-18,1,1,1,274.29,285.43,274.29,285.43,0,0,0,0,0,0,714000,649917
268,543,38148079,39401333,23881,8173,87,8178,0,-14,-18,-14,-18,1,1,1,320,311.82,320,311.82,0,0,0,0,0,0,682583,609458
269,544,38728747,38707250,23905,8173,87,8178,0,-14,-18,-14,-18,1,1,1,320,311.82,320,311.82,0,0,0,0,0,0,606084,564959
270,545,38605540,37620125,23869,8173,87,8178,0,-14,-18,-14,-18,1,1,1,320,311.82,320,311.82,0,0,0,0,0,0,714125,666292
271,546,33092256,34098084,23881,8174,88,8179,0,-14,-18,-14,-18,1,1,1,320,311.82,320,311.82,0,0,0,0,0,0,594500,558917
272,547,33918160,33917000,23817,8173,87,8178,0,-13,-18,-13,-18,1,1,1,365.71,336.6,365.71,336.6,0,0,0,0,0,0,574167,528833
273,548,35293255,34128166,23817,8173,87,8178,0,-13,-18,-13,-18,1,1,1,365.71,336.6,365.71,336.6,0,0,0,0,0,0,588625,551083
274,549,34635212,34713583,24533,8173,87,8178,0,-13,-18,-13,-18,1,1,1,365.71,336.6,365.71,336.6,0,0,0,0,0,0,551166,512125
275,550,32141204,33161375,24033,8173,87,8178,0,-13,-18,-13,-18,1,1,1,365.71,336.6,365.71,336.6,0,0,0,0,0,0,562000,527833
276,551,34953288,33925167,23869,8173,87,8178,0,-12,-18,-12,-18,1,1,1,411.43,359.32,411.43,359.32,0,0,0,0,0,0,561167,519333
277,552,33125042,34118916,23881,8173,87,8178,0,-12,-18,-12,-18,1,1,1,411.43,359.32,411.43,359.32,0,0,0,0,0,0,596250,562666
278,553,33574335,33542291,23817,8173,87,8178,0,-12,-18,-12,-18,1,1,1,411.43,359.32,411.43,359.32,0,0,0,0,0,0,565417,523333
279,554,34760877,33761625,23905,8173,87,8178,0,-12,-18,-12,-18,1,1,1,411.43,359.32,411.43,359.32,0,0,0,0,0,0,537750,504000
280,555,36646328,37652125,23881,8173,87,8178,0,-11,-18,-11,-18,1,1,1,457.14,380.06,457.14,380.06,0,0,0,0,0,0,661583,613166
281,556,34373711,34341708,23817,8173,90,8178,0,-11,-18,-11,-18,1,1,1,457.14,380.06,457.14,380.06,0,0,0,0,0,0,538208,504375
282,557,37459082,36428709,23869,8173,87,8178,0,-11,-18,-11,-18,1,1,1,457.14,380.06,457.14,380.06,0,0,0,0,0,0,542209,501792
283,558,36046501,36798916,23881,8173,87,8178,0,-11,-18,-11,-18,1,1,1,457.14,380.06,457.14,380.06,0,0,0,0,0,0,720958,677250
284,559,38454916,38558875,23905,8173,87,8178,0,-10,-18,-10,-18,1,1,1,502.86,399.44,502.86,399.44,0,0,0,0,0,0,834667,787417
285,560,39908461,38977709,23817,8173,87,8178,0,-10,-18,-10,-18,1,1,1,502.86,399.44,502.86,399.44,0,0,0,0,0,0,658458,617209
286,561,37157285,38182625,23881,8174,88,8179,0,-10,-18,-10,-18,1,1,1,502.86,399.44,502.86,399.44,0,0,0,0,0,0,1084292,1012375
287,562,46999588,46825250,23817,8173,87,8178,0,-10,-18,-10,-18,1,1,1,502.86,399.44,502.86,399.44,0,0,0,0,0,0,654000,615209
288,563,61709750,58247292,24521,8173,87,8178,0,-9,-18,-9,-18,1,1,1,548.57,418.39,548.57,418.39,0,0,0,0,0,0,1176625,1090208
289,564,68199872,71368834,24097,8173,87,8178,0,-9,-18,-9,-18,1,1,1,548.57,418.39,548.57,418.39,0,0,0,0,0,0,998417,932792
290,565,89178502,86458292,23817,8173,87,8178,0,-9,-18,-9,-18,1,1,1,548.57,418.39,548.57,418.39,0,0,0,0,0,0,1028167,962000
291,566,82794621,85416125,24021,8173,87,8178,0,-9,-18,-9,-18,1,1,1,548.57,418.39,548.57,418.39,0,0,0,0,0,0,1221125,1159208
292,567,72756998,70328875,23817,8173,90,8178,0,-8,-18,-8,-18,1,1,1,594.29,422.77,594.29,422.77,0,0,0,0,0,0,1444666,1378583
293,568,65705209,68196250,23969,8173,87,8178,0,-8,-18,-8,-18,1,1,1,594.29,422.77,594.29,422.77,0,0,0,0,0,0,1047250,976584
294,569,61288625,59452208,23869,8173,87,8178,0,-8,-18,-8,-18,1,1,1,594.29,422.77,594.29,422.77,0,0,0,0,0,0,1030333,951500
295,570,55774498,55842000,24445,8173,87,8178,0,-8,-18,-8,-18,1,1,1,594.29,422.77,594.29,422.77,0,0,0,0,0,0,865750,813291
296,571,51639959,51777792,24121,8173,87,8178,0,-6,-18,-6,-18,1,1,1,685.71,416.09,685.71,416.09,0,0,0,0,0,0,845500,782875
297,572,46146087,47902500,23881,8173,87,8178,0,-6,-18,-6,-18,1,1,1,685.71,416.09,685.71,416.09,0,0,0,0,0,0,706125,661292
298,573,48536706,48256042,23869,8173,87,8178,0,-6,-18,-6,-18,1,1,1,685.71,416.09,685.71,416.09,0,0,0,0,0,0,726167,672667
299,574,58248788,56713750,23817,8173,87,8178,0,-6,-18,-6,-18,1,1,1,685.71,416.09,685.71,416.09,0,0,0,0,0,0,865917,811292
300,575,53610295,55281334,23969,8173,90,8178,0,-5,-18,-5,-18,1,1,1,731.43,431,731.43,431,0,0,0,0,0,0,824042,760667
301,576,58520082,56681333,23817,8174,88,8179,0,-5,-18,-5,-18,1,1,1,731.43,431,731.43,431,0,0,0,0,0,0,1283541,1212541
302,577,55198378,56502291,23933,8173,87,8178,0,-5,-18,-5,-18,1,1,1,731.43,431,731.43,431,0,0,0,0,0,0,821750,758250
303,578,70235162,68824792,23905,8173,87,8178,0,-5,-18,-5,-18,1,1,1,731.43,431,731.43,431,0,0,0,0,0,0,940625,876541
304,579,61357002,61690167,23917,8173,87,8178,0,-4,-18,-4,-18,1,1,1,777.14,453.14,777.14,453.14,0,0,0,0,0,0,987000,905208
305,580,52365794,52145625,23505,8085,87,8090,0,-4,-18,-4,-18,1,1,1,777.14,453.14,777.14,453.14,0,0,0,0,0,0,719916,671583
306,581,51001042,52748500,26943,8085,87,8090,0,-4,-18,-4,-18,1,1,1,777.14,453.14,777.14,453.14,0,0,0,0,0,0,723584,666708
307,582,46635083,46551209,25967,8085,87,8090,0,-4,-18,-4,-18,1,1,1,777.14,453.14,777.14,453.14,0,0,0,0,0,0,620459,579375
308,583,50659663,49339333,23289,8085,87,8090,0,-3,-18,-3,-18,1,1,1,822.86,475.99,822.86,475.99,0,0,0,0,0,0,770416,706042
309,584,43032206,44321458,23353,8085,90,8090,0,-3,-18,-3,-18,1,1,1,822.86,475.99,822.86,475.99,0,0,0,0,0,0,675708,629167
310,585,41889421,41951958,23377,8085,87,8090,0,-3,-18,-3,-18,1,1,1,822.86,475.99,822.86,475.99,0,0,0,0,0,0,601500,561750
311,586,39277452,37990917,23341,8085,87,8090,0,-3,-18,-3,-18,1,1,1,822.86,475.99,822.86,475.99,0,0,0,0,0,0,562000,519292
312,587,38240958,39474334,23353,8085,87,8090,0,-2,-18,-2,-18,1,1,1,868.57,498.85,868.57,498.85,0,0,0,0,0,0,570125,536708
313,588,38695584,38655250,23289,8085,87,8090,0,-2,-18,-2,-18,1,1,1,868.57,498.85,868.57,498.85,0,0,0,0,0,0,590167,545625
314,589,38800377,37696000,23377,8085,87,8090,0,-2,-18,-2,-18,1,1,1,868.57,498.85,868.57,498.85,0,0,0,0,0,0,554833,521625
315,590,39749581,39134708,23917,8085,87,8090,0,-2,-18,-2,-18,1,1,1,868.57,498.85,868.57,498.85,0,0,0,0,0,0,581042,539625
316,591,41445046,43146833,23505,8086,88,8091,0,-1,-18,-1,-18,1,1,1,914.29,521.71,914.29,521.71,0,0,0,0,0,0,623042,584083
317,592,40831584,39176875,23341,8085,87,8090,0,-1,-18,-1,-18,1,1,1,914.29,521.71,914.29,521.71,0,0,0,0,0,0,540000,492333
318,593,41411083,43052333,23441,8085,87,8090,0,-1,-18,-1,-18,1,1,1,914.29,521.71,914.29,521.71,0,0,0,0,0,0,556792,512208
319,594,45403663,45265875,23289,8085,87,8090,0,-1,-18,-1,-18,1,1,1,914.29,521.71,914.29,521.71,0,0,0,0,0,0,653500,617209
320,595,50361543,49170417,23289,8085,87,8090,0,0,-18,0,-18,1,1,1,960,544.56,960,544.56,0,0,0,0,0,0,677042,621333
321,596,51181916,52243209,23353,8085,90,8090,0,0,-18,0,-18,1,1,1,960,544.56,960,544.56,0,0,0,0,0,0,759459,709292
322,597,63168957,61346625,23429,8085,87,8090,0,0,-18,0,-18,1,1,1,960,544.56,960,544.56,0,0,0,0,0,0,730834,675292
323,598,64377292,66175125,23353,8085,87,8090,0,0,-18,0,-18,1,1,1,960,544.56,960,544.56,0,0,0,0,0,0,862041,809416
324,599,69057710,67399500,23289,8085,87,8090,0,1,-18,1,-18,1,1,1,1005.71,567.42,1005.71,567.42,0,0,0,0,0,0,919917,863500
325,600,56815873,56972958,24005,8085,87,8090,0,1,-18,1,-18,1,1,1,1005.71,567.42,1005.71,567.42,0,0,0,0,0,0,748667,686750
326,601,56280918,55842292,23557,8085,87,8090,0,1,-18,1,-18,1,1,1,1005.71,567.42,1005.71,567.42,0,0,0,0,0,0,1113333,1057083
327,602,54006874,55663042,23353,8085,87,8090,0,1,-18,1,-18,1,1,1,1005.71,567.42,1005.71,567.42,0,0,0,0,0,0,817833,772167
328,603,62074378,60251250,23377,8085,87,8090,0,2,-18,2,-18,1,1,1,1051.43,590.28,1051.43,590.28,0,0,0,0,0,0,820541,759666
329,604,54859206,56836375,23353,8085,90,8090,0,2,-18,2,-18,1,1,1,1051.43,590.28,1051.43,590.28,0,0,0,0,0,0,1105583,1057084
330,605,57170003,55562334,23341,8085,87,8090,0,2,-18,2,-18,1,1,1,1051.43,590.28,1051.43,590.28,0,0,0,0,0,0,747292,695167
331,606,55628791,57282417,23441,8086,88,8091,0,2,-18,2,-18,1,1,1,1051.43,590.28,1051.43,590.28,0,0,0,0,0,0,860000,800125
332,607,61372660,59873750,23289,8085,87,8090,0,3,-18,3,-18,1,1,1,1097.14,613.14,1097.14,613.14,0,0,0,0,0,0,890000,835042
333,608,60285422,59644167,23917,8085,87,8090,0,3,-18,3,-18,1,1,1,1097.14,613.14,1097.14,613.14,0,0,0,0,0,0,984666,929125
334,609,59097327,59414625,23645,8085,87,8090,0,3,-18,3,-18,1,1,1,1097.14,613.14,1097.14,613.14,0,0,0,0,0,0,782875,726292
335,610,53965874,55564291,23353,8085,87,8090,0,3,-18,3,-18,1,1,1,1097.14,613.14,1097.14,613.14,0,0,0,0,0,0,741750,671291
336,611,60310211,58872750,23289,8085,87,8090,0,4,-18,4,-18,1,1,1,1142.86,635.99,1142.86,635.99,0,0,0,0,0,0,874833,813041
337,612,62501795,63908209,23441,8085,87,8090,0,4,-18,4,-18,1,1,1,1142.86,635.99,1142.86,635.99,0,0,0,0,0,0,949708,885250
338,613,61645250,59967334,23341,8085,90,8090,0,4,-18,4,-18,1,1,1,1142.86,635.99,1142.86,635.99,0,0,0,0,0,0,705000,661291
339,614,55075291,56650500,23353,8085,87,8090,0,4,-18,4,-18,1,1,1,1142.86,635.99,1142.86,635.99,0,0,0,0,0,0,769542,725500
340,615,56817453,55074250,23797,8085,87,8090,0,5,-18,5,-18,1,1,1,1188.57,662.98,1188.57,662.98,0,0,0,0,0,0,950834,882125
341,616,53140293,54965583,23773,8155,87,8160,0,5,-18,5,-18,1,1,1,1188.57,662.98,1188.57,662.98,0,0,0,0,0,0,850750,802250
342,617,55119253,52260208,24325,8155,87,8160,0,5,-18,5,-18,1,1,1,1188.57,662.98,1188.57,662.98,0,0,0,0,0,0,814750,755041
343,618,54459501,57372208,27527,8155,87,8160,0,5,-18,5,-18,1,1,1,1188.57,662.98,1188.57,662.98,0,0,0,0,0,0,802709,755917
344,619,45797541,44506500,26387,8155,87,8160,0,6,-18,6,-18,1,1,1,1234.29,696.59,1234.29,696.59,0,0,0,0,0,0,723042,668250
345,620,37383999,38659750,23773,8155,87,8160,0,6,-18,6,-18,1,1,1,1234.29,696.59,1234.29,696.59,0,0,0,0,0,0,693208,655209
346,621,41255831,41226666,23709,8156,88,8161,0,6,-18,6,-18,1,1,1,1234.29,696.59,1234.29,696.59,0,0,0,0,0,0,651958,600834
347,622,34997165,33969041,23849,8155,90,8160,0,6,-18,6,-18,1,1,1,1234.29,696.59,1234.29,696.59,0,0,0,0,0,0,570042,539791
348,623,32420542,33492166,23773,8155,87,8160,0,7,-18,7,-18,1,1,1,1280,736.66,1280,736.66,0,0,0,0,0,0,576375,531959
349,624,33903542,33862792,23709,8155,87,8160,0,7,-18,7,-18,1,1,1,1280,736.66,1280,736.66,0,0,0,0,0,0,555084,521708
350,625,34629210,33611208,23709,8155,87,8160,0,7,-18,7,-18,1,1,1,1280,736.66,1280,736.66,0,0,0,0,0,0,545250,508042
351,626,32842665,33784834,23773,8155,87,8160,0,7,-18,7,-18,1,1,1,1280,736.66,1280,736.66,0,0,0,0,0,0,568959,536958
352,627,34732539,34776208,23797,8155,87,8160,0,8,-18,8,-18,1,1,1,1325.71,772.98,1325.71,772.98,0,0,0,0,0,0,537125,498625
353,628,37741459,36716792,23761,8155,87,8160,0,8,-18,8,-18,1,1,1,1325.71,772.98,1325.71,772.98,0,0,0,0,0,0,522875,490667
354,629,35951085,36942625,23773,8155,87,8160,0,8,-18,8,-18,1,1,1,1325.71,772.98,1325.71,772.98,0,0,0,0,0,0,531666,488291
355,630,37384454,36107375,24273,8155,87,8160,0,8,-18,8,-18,1,1,1,1325.71,772.98,1325.71,772.98,0,0,0,0,0,0,555709,509917
356,631,37397291,37099875,23925,8155,87,8160,0,9,-18,9,-18,1,1,1,1371.43,801.36,1371.43,801.36,0,0,0,0,0,0,889459,832250
357,632,38289874,39790958,23861,8155,87,8160,0,9,-18,9,-18,1,1,1,1371.43,801.36,1371.43,801.36,0,0,0,0,0,0,570291,535167
358,633,39555087,39519292,23709,8155,87,8160,0,9,-18,9,-18,1,1,1,1371.43,801.36,1371.43,801.36,0,0,0,0,0,0,598291,554167
359,634,47710705,46430250,23761,8155,87,8160,0,9,-18,9,-18,1,1,1,1371.43,801.36,1371.43,801.36,0,0,0,0,0,0,656125,616875
360,635,60031581,60853167,23773,8155,87,8160,0,10,-18,10,-18,1,1,1,1417.14,823.72,1417.14,823.72,0,0,0,0,0,0,879958,806917
361,636,72294287,69343167,23797,8156,91,8161,0,10,-18,10,-18,1,1,1,1417.14,823.72,1417.14,823.72,0,0,0,0,0,0,971959,910208
362,637,72561830,75582958,23773,8155,87,8160,0,10,-18,10,-18,1,1,1,1417.14,823.72,1417.14,823.72,0,0,0,0,0,0,958750,881250
363,638,72756871,69598708,23761,8155,87,8160,0,10,-18,10,-18,1,1,1,1417.14,823.72,1417.14,823.72,0,0,0,0,0,0,1107333,1033416
364,639,69080509,70299208,24425,8155,87,8160,0,11,-18,11,-18,1,1,1,1462.86,845.83,1462.86,845.83,0,0,0,0,0,0,1138917,1070750
365,640,71291290,70717708,23925,8155,87,8160,0,11,-18,11,-18,1,1,1,1462.86,845.83,1462.86,845.83,0,0,0,0,0,0,1298208,1228334
366,641,72028957,74276584,23825,8155,87,8160,0,11,-18,11,-18,1,1,1,1462.86,845.83,1462.86,845.83,0,0,0,0,0,0,1106375,1018333
367,642,77411293,75234916,23797,8155,87,8160,0,11,-18,11,-18,1,1,1,1462.86,845.83,1462.86,845.83,0,0,0,0,0,0,1389833,1312583
368,643,63277706,65687667,23773,8155,90,8160,0,12,-18,12,-18,1,1,1,1508.57,868.27,1508.57,868.27,0,0,0,0,0,0,1077500,992792
369,644,58648914,56587750,23761,8155,87,8160,0,12,-18,12,-18,1,1,1,1508.57,868.27,1508.57,868.27,0,0,0,0,0,0,851916,799833
370,645,54892171,56962166,23861,8155,87,8160,0,12,-18,12,-18,1,1,1,1508.57,868.27,1508.57,868.27,0,0,0,0,0,0,781958,718959
371,646,54764371,53456041,23709,8155,87,8160,0,12,-18,12,-18,1,1,1,1508.57,868.27,1508.57,868.27,0,0,0,0,0,0,819167,768875
372,647,52007753,51307958,24337,8155,87,8160,0,13,-18,13,-18,1,1,1,1554.29,892.25,1554.29,892.25,0,0,0,0,0,0,1121042,1044042
373,648,55714122,56080833,24065,8155,87,8160,0,13,-18,13,-18,1,1,1,1554.29,892.25,1554.29,892.25,0,0,0,0,0,0,915667,862208
374,649,53961917,55480625,23773,8155,87,8160,0,13,-18,13,-18,1,1,1,1554.29,892.25,1554.29,892.25,0,0,0,0,0,0,780875,714209
375,650,55706832,53985708,23709,8155,87,8160,0,13,-18,13,-18,1,1,1,1554.29,892.25,1554.29,892.25,0,0,0,0,0,0,780583,729500
376,651,53989291,55721792,23861,8156,88,8161,0,14,-18,14,-18,1,1,1,1600,918.02,1600,918.02,0,0,0,0,0,0,919167,846917
377,652,44273667,44317167,23761,8155,90,8160,0,14,-18,14,-18,1,1,1,1600,918.02,1600,918.02,0,0,0,0,0,0,686542,644542
378,653,45428372,44131208,23709,8155,87,8160,0,14,-18,14,-18,1,1,1,1600,918.02,1600,918.02,0,0,0,0,0,0,710833,658500
379,654,38885373,40114042,23773,8155,87,8160,0,14,-18,14,-18,1,1,1,1600,918.02,1600,918.02,0,0,0,0,0,0,691333,649542
380,655,38562756,38345250,23797,8155,87,8160,0,15,-18,15,-18,1,1,1,1645.71,944.98,1645.71,944.98,0,0,0,0,0,0,584291,533917
381,656,38801997,38047875,23709,8155,87,8160,0,15,-18,15,-18,1,1,1,1645.71,944.98,1645.71,944.98,0,0,0,0,0,0,593292,555542
382,657,32874248,33835292,23825,8155,87,8160,0,15,-18,15,-18,1,1,1,1645.71,944.98,1645.71,944.98,0,0,0,0,0,0,530583,490666
383,658,35438038,34412083,24273,8155,87,8160,0,15,-18,15,-18,1,1,1,1645.71,944.98,1645.71,944.98,0,0,0,0,0,0,519542,486292
384,659,34134086,34071584,23925,8155,87,8160,0,16,-18,16,-18,1,1,1,1691.43,972.01,1691.43,972.01,0,0,0,0,0,0,581875,537333
385,660,33068709,34139708,23861,8155,87,8160,0,16,-18,16,-18,1,1,1,1691.43,972.01,1691.43,972.01,0,0,0,0,0,0,567625,533958
386,661,33997796,33963084,23709,8155,87,8160,0,16,-18,16,-18,1,1,1,1691.43,972.01,1691.43,972.01,0,0,0,0,0,0,546584,501042
387,662,34794911,33780667,23709,8155,87,8160,0,16,-18,16,-18,1,1,1,1691.43,972.01,1691.43,972.01,0,0,0,0,0,0,532042,498917
388,663,36528211,37506375,23825,8155,87,8160,0,15,-18,15,-18,1,1,1,1645.71,944.98,1645.71,944.98,0,0,0,0,0,0,609083,560625
389,664,33848043,33808167,23709,8155,90,8160,0,15,-18,15,-18,1,1,1,1645.71,944.98,1645.71,944.98,0,0,0,0,0,0,540791,501416
390,665,34583956,33473917,23797,8155,87,8160,0,15,-18,15,-18,1,1,1,1645.71,944.98,1645.71,944.98,0,0,0,0,0,0,536375,491666
391,666,32616291,33744292,23773,8156,88,8161,0,15,-18,15,-18,1,1,1,1645.71,944.98,1645.71,944.98,0,0,0,0,0,0,525333,492750
392,667,33300913,33248542,23709,8155,87,8160,0,14,-18,14,-18,1,1,1,1600,918.02,1600,918.02,0,0,0,0,0,0,529042,485417
393,668,34980252,33977542,23709,8155,87,8160,0,14,-18,14,-18,1,1,1,1600,918.02,1600,918.02,0,0,0,0,0,0,552250,519250
394,669,32786339,33715375,23825,8155,87,8160,0,14,-18,14,-18,1,1,1,1600,918.02,1600,918.02,0,0,0,0,0,0,541667,500792
395,670,32710041,32773708,23797,8155,87,8160,0,14,-18,14,-18,1,1,1,1600,918.02,1600,918.02,0,0,0,0,0,0,559625,526791
396,671,32362576,32335583,23709,8155,87,8160,0,13,-18,13,-18,1,1,1,1554.29,892.25,1554.29,892.25,0,0,0,0,0,0,549375,515417
397,672,35178005,33147709,24273,8155,87,8160,0,13,-18,13,-18,1,1,1,1554.29,892.25,1554.29,892.25,0,0,0,0,0,0,571375,536291
398,673,34677289,36576416,23989,8155,87,8160,0,13,-18,13,-18,1,1,1,1554.29,892.25,1554.29,892.25,0,0,0,0,0,0,751416,703375
399,674,36653373,36616417,23709,8155,87,8160,0,13,-18,13,-18,1,1,1,1554.29,892.25,1554.29,892.25,0,0,0,0,0,0,673916,625083
400,675,37460166,36366500,23849,8155,87,8160,0,12,-18,12,-18,1,1,1,1508.57,868.27,1508.57,868.27,0,0,0,0,0,0,696500,644792
401,676,35682957,36857791,23773,8155,87,8160,0,12,-18,12,-18,1,1,1,1508.57,868.27,1508.57,868.27,0,0,0,0,0,0,670125,629083
402,677,36195337,36159833,23709,8155,87,8160,0,12,-18,12,-18,1,1,1,1508.57,868.27,1508.57,868.27,0,0,0,0,0,0,603875,560917
403,678,40698625,39376083,23709,8155,87,8160,0,12,-18,12,-18,1,1,1,1508.57,868.27,1508.57,868.27,0,0,0,0,0,0,650250,607667
404,679,40727868,41893125,23861,8155,90,8160,0,11,-18,11,-18,1,1,1,1462.86,845.83,1462.86,845.83,0,0,0,0,0,0,649375,599250
405,680,49429293,49433958,23709,8155,87,8160,0,11,-18,11,-18,1,1,1,1462.86,845.83,1462.86,845.83,0,0,0,0,0,0,691750,649583
406,681,65833792,63841584,23761,8156,88,8161,0,11,-18,11,-18,1,1,1,1462.86,845.83,1462.86,845.83,0,0,0,0,0,0,839500,777000
407,682,65419577,67261625,23861,8155,87,8160,0,11,-18,11,-18,1,1,1,1462.86,845.83,1462.86,845.83,0,0,0,0,0,0,1076167,1011625
408,683,71398042,67723625,24273,8155,87,8160,0,10,-18,10,-18,1,1,1,1417.14,823.72,1417.14,823.72,0,0,0,0,0,0,985083,916209
409,684,65242126,68748291,23989,8155,87,8160,0,10,-18,10,-18,1,1,1,1417.14,823.72,1417.14,823.72,0,0,0,0,0,0,1098250,1045417
410,685,73168329,70740250,23849,8155,87,8160,0,10,-18,10,-18,1,1,1,1417.14,823.72,1417.14,823.72,0,0,0,0,0,0,1090208,903084
411,686,75384795,77832625,23773,8155,87,8160,0,10,-18,10,-18,1,1,1,1417.14,823.72,1417.14,823.72,0,0,0,0,0,0,1361959,1293667
412,687,70950001,68576208,23709,8155,90,8160,0,9,-18,9,-18,1,1,1,1371.43,801.36,1371.43,801.36,0,0,0,0,0,0,1339333,1215125
413,688,58966122,61259083,23913,8155,87,8160,0,9,-18,9,-18,1,1,1,1371.43,801.36,1371.43,801.36,0,0,0,0,0,0,1160875,1082208
414,689,59520669,57701834,23709,8155,87,8160,0,9,-18,9,-18,1,1,1,1371.43,801.36,1371.43,801.36,0,0,0,0,0,0,873417,811125
415,690,51836747,53720709,23773,8155,87,8160,0,9,-18,9,-18,1,1,1,1371.43,801.36,1371.43,801.36,0,0,0,0,0,0,801167,750125
416,691,50312619,47009666,24361,8155,87,8160,0,8,-18,8,-18,1,1,1,1325.71,772.98,1325.71,772.98,0,0,0,0,0,0,778083,713875
417,692,45058127,48404208,24041,8155,87,8160,0,8,-18,8,-18,1,1,1,1325.71,772.98,1325.71,772.98,0,0,0,0,0,0,719042,677792
418,693,46966206,46908458,23709,8155,87,8160,0,8,-18,8,-18,1,1,1,1325.71,772.98,1325.71,772.98,0,0,0,0,0,0,686500,635417
419,694,49067169,47652375,23709,8155,87,8160,0,8,-18,8,-18,1,1,1,1325.71,772.98,1325.71,772.98,0,0,0,0,0,0,677291,636792
420,695,58076500,59278250,23861,8155,87,8160,0,7,-18,7,-18,1,1,1,1280,736.66,1280,736.66,0,0,0,0,0,0,1049459,983917
421,696,57979911,56553167,23761,8156,91,8161,0,7,-18,7,-18,1,1,1,1280,736.66,1280,736.66,0,0,0,0,0,0,870541,817416
422,697,55623378,56831917,23773,8155,87,8160,0,7,-18,7,-18,1,1,1,1280,736.66,1280,736.66,0,0,0,0,0,0,985583,921917
423,698,66080421,63892834,23797,8155,87,8160,0,7,-18,7,-18,1,1,1,1280,736.66,1280,736.66,0,0,0,0,0,0,998125,935834
424,699,66362790,68068500,23773,8155,87,8160,0,6,-18,6,-18,1,1,1,1234.29,696.59,1234.29,696.59,0,0,0,0,0,0,1351541,1277042
425,700,60641206,58558792,24325,8155,87,8160,0,6,-18,6,-18,1,1,1,1234.29,696.59,1234.29,696.59,0,0,0,0,0,0,1040125,978209
426,701,47984458,50749375,24077,8155,87,8160,0,6,-18,6,-18,1,1,1,1234.29,696.59,1234.29,696.59,0,0,0,0,0,0,842458,772416
427,702,43517664,43546209,23709,8155,87,8160,0,6,-18,6,-18,1,1,1,1234.29,696.59,1234.29,696.59,0,0,0,0,0,0,686042,646166
428,703,42349830,41238500,23709,8155,87,8160,0,5,-18,5,-18,1,1,1,1188.57,662.98,1188.57,662.98,0,0,0,0,0,0,677333,633917
429,704,40793921,41872292,23773,8155,87,8160,0,5,-18,5,-18,1,1,1,1188.57,662.98,1188.57,662.98,0,0,0,0,0,0,710166,653667
430,705,33799335,33827584,23849,8155,90,8160,0,5,-18,5,-18,1,1,1,1188.57,662.98,1188.57,662.98,0,0,0,0,0,0,598042,556708
431,706,35053621,34051458,23709,8155,87,8160,0,5,-18,5,-18,1,1,1,1188.57,662.98,1188.57,662.98,0,0,0,0,0,0,605292,575250
432,707,32890878,33874500,23353,8155,87,8160,0,4,-18,4,-18,1,1,1,1142.86,635.99,1142.86,635.99,0,0,0,0,0,0,544291,507000
433,708,33698581,33680833,23289,8085,87,8090,0,4,-18,4,-18,1,1,1,1142.86,635.99,1142.86,635.99,0,0,0,0,0,0,526375,497583
434,709,34321080,33144041,23289,8085,87,8090,0,4,-18,4,-18,1,1,1,1142.86,635.99,1142.86,635.99,0,0,0,0,0,0,474292,445458
435,710,36622833,37776958,26891,8085,87,8090,0,4,-18,4,-18,1,1,1,1142.86,635.99,1142.86,635.99,0,0,0,0,0,0,538292,501125
436,711,33250126,33211292,26019,8086,88,8091,0,3,-18,3,-18,1,1,1,1097.14,613.14,1097.14,613.14,0,0,0,0,0,0,501583,471000
437,712,34550204,33550333,23289,8085,87,8090,0,3,-18,3,-18,1,1,1,1097.14,613.14,1097.14,613.14,0,0,0,0,0,0,490833,460125
438,713,33811714,33742667,23917,8085,87,8090,0,3,-18,3,-18,1,1,1,1097.14,613.14,1097.14,613.14,0,0,0,0,0,0,496167,460083
439,714,32070707,33096375,23505,8085,87,8090,0,3,-18,3,-18,1,1,1,1097.14,613.14,1097.14,613.14,0,0,0,0,0,0,485291,453916
440,715,31660333,31670750,23377,8085,87,8090,0,2,-18,2,-18,1,1,1,1051.43,590.28,1051.43,590.28,0,0,0,0,0,0,506583,480250
441,716,31447000,30485000,23289,8085,87,8090,0,2,-18,2,-18,1,1,1,1051.43,590.28,1051.43,590.28,0,0,0,0,0,0,514041,476500
442,717,29279917,30196917,23353,8085,87,8090,0,2,-18,2,-18,1,1,1,1051.43,590.28,1051.43,590.28,0,0,0,0,0,0,470666,443750
443,718,30416743,30423125,23341,8085,87,8090,0,2,-18,2,-18,1,1,1,1051.43,590.28,1051.43,590.28,0,0,0,0,0,0,505708,480083
444,719,34945420,34866958,23289,8085,87,8090,0,1,-18,1,-18,1,1,1,1005.71,567.42,1005.71,567.42,0,0,0,0,0,0,558625,521916
445,720,33670790,32683458,23377,8085,90,8090,0,1,-18,1,-18,1,1,1,1005.71,567.42,1005.71,567.42,0,0,0,0,0,0,435083,408541
446,721,31489335,32499041,23353,8085,87,8090,0,1,-18,1,-18,1,1,1,1005.71,567.42,1005.71,567.42,0,0,0,0,0,0,483250,455458
447,722,33518452,33502958,23289,8085,87,8090,0,1,-18,1,-18,1,1,1,1005.71,567.42,1005.71,567.42,0,0,0,0,0,0,525458,490625
448,723,33437795,33399958,23289,8085,87,8090,0,0,-18,0,-18,1,1,1,960,544.56,960,544.56,0,0,0,0,0,0,487875,459792
449,724,34615080,33548708,23289,8085,87,8090,0,0,-18,0,-18,1,1,1,960,544.56,960,544.56,0,0,0,0,0,0,493750,466000
450,725,32509204,33523292,23493,8085,87,8090,0,0,-18,0,-18,1,1,1,960,544.56,960,544.56,0,0,0,0,0,0,497958,452208
451,726,33370088,33399292,23289,8086,88,8091,0,0,-18,0,-18,1,1,1,960,544.56,960,544.56,0,0,0,0,0,0,519291,490750
452,727,35997625,34703375,23289,8085,87,8090,0,-1,-18,-1,-18,1,1,1,914.29,521.71,914.29,521.71,0,0,0,0,0,0,552792,525584
453,728,35695910,35514541,23917,8085,87,8090,0,-1,-18,-1,-18,1,1,1,914.29,521.71,914.29,521.71,0,0,0,0,0,0,581583,548083
454,729,35691212,37004375,23505,8085,87,8090,0,-1,-18,-1,-18,1,1,1,914.29,521.71,914.29,521.71,0,0,0,0,0,0,657750,623541
455,730,37405252,36441917,23377,8085,87,8090,0,-1,-18,-1,-18,1,1,1,914.29,521.71,914.29,521.71,0,0,0,0,0,0,473541,445666
456,731,34937083,35940583,23405,8085,87,8090,0,-2,-18,-2,-18,1,1,1,868.57,498.85,868.57,498.85,0,0,0,0,0,0,569167,530750
457,732,37621662,37599334,23289,8085,87,8090,0,-2,-18,-2,-18,1,1,1,868.57,498.85,868.57,498.85,0,0,0,0,0,0,482125,452541
458,733,45300334,43890209,23289,8085,87,8090,0,-2,-18,-2,-18,1,1,1,868.57,498.85,868.57,498.85,0,0,0,0,0,0,612458,574167
459,734,51312670,52523209,23441,8085,90,8090,0,-2,-18,-2,-18,1,1,1,868.57,498.85,868.57,498.85,0,0,0,0,0,0,597750,555666
460,735,68625539,66721292,23289,8085,87,8090,0,-3,-18,-3,-18,1,1,1,822.86,475.99,822.86,475.99,0,0,0,0,0,0,701792,656666
461,736,77722087,79401042,23405,8085,87,8090,0,-3,-18,-3,-18,1,1,1,822.86,475.99,822.86,475.99,0,0,0,0,0,0,926583,859208
462,737,84400959,82466667,23377,8085,87,8090,0,-3,-18,-3,-18,1,1,1,822.86,475.99,822.86,475.99,0,0,0,0,0,0,978667,915041
463,738,66038459,65831834,23917,8085,87,8090,0,-3,-18,-3,-18,1,1,1,822.86,475.99,822.86,475.99,0,0,0,0,0,0,1084042,1017417
464,739,70215336,70502167,23645,8085,87,8090,0,-4,-18,-4,-18,1,1,1,777.14,453.14,777.14,453.14,0,0,0,0,0,0,1022209,926834
465,740,65550044,67409166,23353,8085,87,8090,0,-4,-18,-4,-18,1,1,1,777.14,453.14,777.14,453.14,0,0,0,0,0,0,933667,863958
466,741,63557289,61871042,23289,8086,88,8091,0,-4,-18,-4,-18,1,1,1,777.14,453.14,777.14,453.14,0,0,0,0,0,0,1069334,968000
467,742,52164036,53818958,23441,8085,90,8090,0,-4,-18,-4,-18,1,1,1,777.14,453.14,777.14,453.14,0,0,0,0,0,0,743875,695417
468,743,52823506,51250000,23869,8085,87,8090,0,-5,-18,-5,-18,1,1,1,731.43,431,731.43,431,0,0,0,0,0,0,1027375,946459
469,744,49063876,50530625,23881,8173,87,8178,0,-5,-18,-5,-18,1,1,1,731.43,431,731.43,431,0,0,0,0,0,0,916125,863458
470,745,64605295,63197209,27355,8173,87,8178,0,-5,-18,-5,-18,1,1,1,731.43,431,731.43,431,0,0,0,0,0,0,1165292,1092708
471,746,55591583,55036000,27123,8173,87,8178,0,-5,-18,-5,-18,1,1,1,731.43,431,731.43,431,0,0,0,0,0,0,877625,814750
472,747,57007580,56892333,24085,8173,87,8178,0,-6,-18,-6,-18,1,1,1,685.71,416.09,685.71,416.09,0,0,0,0,0,0,1039042,969875
473,748,55033128,57143792,23969,8173,87,8178,0,-6,-18,-6,-18,1,1,1,685.71,416.09,685.71,416.09,0,0,0,0,0,0,784834,732709
474,749,58050956,56034583,23817,8173,87,8178,0,-6,-18,-6,-18,1,1,1,685.71,416.09,685.71,416.09,0,0,0,0,0,0,1102792,1037042
475,750,67608788,69386000,23881,8173,87,8178,0,-6,-18,-6,-18,1,1,1,685.71,416.09,685.71,416.09,0,0,0,0,0,0,924666,848000
476,751,60552295,59208875,23957,8173,90,8178,0,-8,-18,-8,-18,1,1,1,594.29,422.77,594.29,422.77,0,0,0,0,0,0,976292,903625
477,752,51367040,52878333,23881,8173,87,8178,0,-8,-18,-8,-18,1,1,1,594.29,422.77,594.29,422.77,0,0,0,0,0,0,790458,738666
478,753,48563662,47289750,23817,8173,87,8178,0,-8,-18,-8,-18,1,1,1,594.29,422.77,594.29,422.77,0,0,0,0,0,0,865542,802667
479,754,41210252,42513875,23969,8173,87,8178,0,-8,-18,-8,-18,1,1,1,594.29,422.77,594.29,422.77,0,0,0,0,0,0,762584,710291
480,755,38559503,38564083,23869,8173,87,8178,0,-9,-18,-9,-18,1,1,1,548.57,418.39,548.57,418.39,0,0,0,0,0,0,604000,546083
481,756,37383452,35578042,24381,8174,88,8179,0,-9,-18,-9,-18,1,1,1,548.57,418.39,548.57,418.39,0,0,0,0,0,0,617750,576084
482,757,32176375,33980958,24097,8173,87,8178,0,-9,-18,-9,-18,1,1,1,548.57,418.39,548.57,418.39,0,0,0,0,0,0,577958,534167
483,758,34264333,34184625,23817,8173,87,8178,0,-9,-18,-9,-18,1,1,1,548.57,418.39,548.57,418.39,0,0,0,0,0,0,719959,678458
484,759,35201624,34248500,23905,8173,87,8178,0,-10,-18,-10,-18,1,1,1,502.86,399.44,502.86,399.44,0,0,0,0,0,0,566875,515542
485,760,32768834,33742000,23881,8173,87,8178,0,-10,-18,-10,-18,1,1,1,502.86,399.44,502.86,399.44,0,0,0,0,0,0,568750,533583
486,761,37025503,37050625,23869,8173,87,8178,0,-10,-18,-10,-18,1,1,1,502.86,399.44,502.86,399.44,0,0,0,0,0,0,650625,601792
487,762,34392375,33336291,23817,8173,90,8178,0,-10,-18,-10,-18,1,1,1,502.86,399.44,502.86,399.44,0,0,0,0,0,0,542334,508625
488,763,32587286,33551541,23881,8173,87,8178,0,-11,-18,-11,-18,1,1,1,457.14,380.06,457.14,380.06,0,0,0,0,0,0,607167,562000
489,764,33268287,33301375,23905,8173,87,8178,0,-11,-18,-11,-18,1,1,1,457.14,380.06,457.14,380.06,0,0,0,0,0,0,597250,561542
490,765,34276254,33288666,23817,8173,87,8178,0,-11,-18,-11,-18,1,1,1,457.14,380.06,457.14,380.06,0,0,0,0,0,0,533875,491416
491,766,31776957,32718000,23881,8173,87,8178,0,-11,-18,-11,-18,1,1,1,457.14,380.06,457.14,380.06,0,0,0,0,0,0,526250,495125
492,767,37040084,37003417,23869,8173,87,8178,0,-12,-18,-12,-18,1,1,1,411.43,359.32,411.43,359.32,0,0,0,0,0,0,1377541,1313708
493,768,38169875,36877250,23817,8173,87,8178,0,-12,-18,-12,-18,1,1,1,411.43,359.32,411.43,359.32,0,0,0,0,0,0,593250,557750
494,769,38233701,39309500,23969,8173,87,8178,0,-12,-18,-12,-18,1,1,1,411.43,359.32,411.43,359.32,0,0,0,0,0,0,568125,525334
495,770,38815546,37437917,24381,8173,87,8178,0,-12,-18,-12,-18,1,1,1,411.43,359.32,411.43,359.32,0,0,0,0,0,0,567000,531458
496,771,38780875,39293709,24033,8174,88,8179,0,-13,-18,-13,-18,1,1,1,365.71,336.6,365.71,336.6,0,0,0,0,0,0,790708,719875
497,772,37689164,38587416,23881,8173,87,8178,0,-13,-18,-13,-18,1,1,1,365.71,336.6,365.71,336.6,0,0,0,0,0,0,637416,603334
498,773,44516462,44548167,23957,8173,87,8178,0,-13,-18,-13,-18,1,1,1,365.71,336.6,365.71,336.6,0,0,0,0,0,0,614500,560833
499,774,60523413,58397792,23817,8173,87,8178,0,-13,-18,-13,-18,1,1,1,365.71,336.6,365.71,336.6,0,0,0,0,0,0,747334,697333
500,775,72741955,74484000,23881,8173,87,8178,0,-14,-18,-14,-18,1,1,1,320,311.82,320,311.82,0,0,0,0,0,0,996250,915500
501,776,78129544,73937583,23905,8173,90,8178,0,-14,-18,-14,-18,1,1,1,320,311.82,320,311.82,0,0,0,0,0,0,1197958,1136458
502,777,76373755,80581708,23933,8173,87,8178,0,-14,-18,-14,-18,1,1,1,320,311.82,320,311.82,0,0,0,0,0,0,1068125,983125
503,778,75717002,72200292,24469,8173,87,8178,0,-14,-18,-14,-18,1,1,1,320,311.82,320,311.82,0,0,0,0,0,0,2057625,1757042
504,779,66847957,70295625,24097,8173,87,8178,0,-15,-18,-15,-18,1,1,1,274.29,285.43,274.29,285.43,0,0,0,0,0,0,1099958,1027791
505,780,65571703,63987125,23869,8173,87,8178,0,-15,-18,-15,-18,1,1,1,274.29,285.43,274.29,285.43,0,0,0,0,0,0,1024459,929750
506,781,53029585,54641000,23969,8173,87,8178,0,-15,-18,-15,-18,1,1,1,274.29,285.43,274.29,285.43,0,0,0,0,0,0,906292,799375
507,782,52513543,51299625,23817,8173,87,8178,0,-15,-18,-15,-18,1,1,1,274.29,285.43,274.29,285.43,0,0,0,0,0,0,772250,686583
508,783,47048669,48079750,23881,8173,90,8178,0,-16,-18,-16,-18,1,1,1,228.57,258.09,228.57,258.09,0,0,0,0,0,0,758625,683916
509,784,55095747,53691458,23957,8173,87,8178,0,-16,-18,-16,-18,1,1,1,228.57,258.09,228.57,258.09,0,0,0,0,0,0,684458,614917
510,785,56758504,58218542,23881,8173,87,8178,0,-16,-18,-16,-18,1,1,1,228.57,258.09,228.57,258.09,0,0,0,0,0,0,866416,780875
511,786,70311084,68182084,23817,8174,88,8179,0,-16,-18,-16,-18,1,1,1,228.57,258.09,228.57,258.09,0,0,0,0,0,0,1004833,912667
512,787,70095285,69799834,24533,8173,87,8178,0,-17,-18,-17,-18,1,1,1,182.86,230.19,182.86,230.19,0,0,0,0,0,0,1058167,952083
513,788,70018127,70456209,24085,8173,87,8178,0,-17,-18,-17,-18,1,1,1,182.86,230.19,182.86,230.19,0,0,0,0,0,0,1063917,973833
514,789,68670630,70229709,23881,8173,87,8178,0,-17,-18,-17,-18,1,1,1,182.86,230.19,182.86,230.19,0,0,0,0,0,0,1187750,952167
515,790,74698291,73059917,23905,8173,87,8178,0,-17,-18,-17,-18,1,1,1,182.86,230.19,182.86,230.19,0,0,0,0,0,0,1145500,1054792
516,791,55948831,57939500,23933,8173,90,8178,0,-16,-18,-16,-18,1,1,1,228.57,258.09,228.57,258.09,0,0,0,0,0,0,1051250,944292
517,792,58740418,57154250,23817,8173,87,8178,0,-16,-18,-16,-18,1,1,1,228.57,258.09,228.57,258.09,0,0,0,0,0,0,832958,759541
518,793,52065625,53649875,23969,8173,87,8178,0,-16,-18,-16,-18,1,1,1,228.57,258.09,228.57,258.09,0,0,0,0,0,0,913250,802542
519,794,47736458,46449959,23817,8173,87,8178,0,-16,-18,-16,-18,1,1,1,228.57,258.09,228.57,258.09,0,0,0,0,0,0,685875,623459
520,795,44402912,44303000,24497,8173,87,8178,0,-15,-18,-15,-18,1,1,1,274.29,285.43,274.29,285.43,0,0,0,0,0,0,719833,643375
521,796,44016998,45334250,24033,8173,87,8178,0,-15,-18,-15,-18,1,1,1,274.29,285.43,274.29,285.43,0,0,0,0,0,0,758375,692917
522,797,45970123,44671584,23905,8173,87,8178,0,-15,-18,-15,-18,1,1,1,274.29,285.43,274.29,285.43,0,0,0,0,0,0,678916,608125
523,798,42307753,43646708,23881,8173,87,8178,0,-15,-18,-15,-18,1,1,1,274.29,285.43,274.29,285.43,0,0,0,0,0,0,728125,665000
524,799,39580039,39520750,23817,8173,87,8178,0,-14,-18,-14,-18,1,1,1,320,311.82,320,311.82,0,0,0,0,0,0,686250,613167
525,800,42428877,41286167,23869,8173,87,8178,0,-14,-18,-14,-18,1,1,1,320,311.82,320,311.82,0,0,0,0,0,0,726667,687833
526,801,33895671,35071958,23969,8174,91,8179,0,-14,-18,-14,-18,1,1,1,320,311.82,320,311.82,0,0,0,0,0,0,685875,639958
527,802,34490831,34492958,23817,8173,87,8178,0,-14,-18,-14,-18,1,1,1,320,311.82,320,311.82,0,0,0,0,0,0,624875,591208
528,803,35022754,33832833,23817,8173,87,8178,0,-13,-18,-13,-18,1,1,1,365.71,336.6,365.71,336.6,0,0,0,0,0,0,626750,585417
529,804,32993707,34093541,23881,8173,87,8178,0,-13,-18,-13,-18,1,1,1,365.71,336.6,365.71,336.6,0,0,0,0,0,0,599833,565666
530,805,34076374,34036500,23817,8173,87,8178,0,-13,-18,-13,-18,1,1,1,365.71,336.6,365.71,336.6,0,0,0,0,0,0,539125,497709
531,806,34763164,33819000,23957,8173,87,8178,0,-13,-18,-13,-18,1,1,1,365.71,336.6,365.71,336.6,0,0,0,0,0,0,530542,496042
532,807,33037208,34013584,23881,8173,87,8178,0,-12,-18,-12,-18,1,1,1,411.43,359.32,411.43,359.32,0,0,0,0,0,0,621583,578417
533,808,34813996,33784541,24381,8173,87,8178,0,-12,-18,-12,-18,1,1,1,411.43,359.32,411.43,359.32,0,0,0,0,0,0,557167,522291
534,809,33783502,33793209,24033,8173,87,8178,0,-12,-18,-12,-18,1,1,1,411.43,359.32,411.43,359.32,0,0,0,0,0,0,607875,567000
535,810,32821916,33768500,23881,8173,87,8178,0,-12,-18,-12,-18,1,1,1,411.43,359.32,411.43,359.32,0,0,0,0,0,0,621833,586833
536,811,33459667,33455042,23905,8173,87,8178,0,-11,-18,-11,-18,1,1,1,457.14,380.06,457.14,380.06,0,0,0,0,0,0,564250,522459
537,812,34848541,33824084,23869,8173,87,8178,0,-11,-18,-11,-18,1,1,1,457.14,380.06,457.14,380.06,0,0,0,0,0,0,634167,599667
538,813,32433956,33448083,23881,8173,87,8178,0,-11,-18,-11,-18,1,1,1,457.14,380.06,457.14,380.06,0,0,0,0,0,0,536833,496167
539,814,36727961,36721708,23817,8173,87,8178,0,-11,-18,-11,-18,1,1,1,457.14,380.06,457.14,380.06,0,0,0,0,0,0,648834,612334
540,815,35864293,34780917,23817,8173,90,8178,0,-10,-18,-10,-18,1,1,1,502.86,399.44,502.86,399.44,0,0,0,0,0,0,602834,560250
541,816,35325333,36386375,23969,8174,88,8179,0,-10,-18,-10,-18,1,1,1,502.86,399.44,502.86,399.44,0,0,0,0,0,0,625500,592584
542,817,36142375,36051125,23817,8173,87,8178,0,-10,-18,-10,-18,1,1,1,502.86,399.44,502.86,399.44,0,0,0,0,0,0,553541,493625
543,818,38150411,36085167,23869,8173,87,8178,0,-10,-18,-10,-18,1,1,1,502.86,399.44,502.86,399.44,0,0,0,0,0,0,769625,701834
544,819,36458000,38338375,23881,8173,87,8178,0,-9,-18,-9,-18,1,1,1,548.57,418.39,548.57,418.39,0,0,0,0,0,0,609125,568208
545,820,37715375,37795208,23817,8173,87,8178,0,-9,-18,-9,-18,1,1,1,548.57,418.39,548.57,418.39,0,0,0,0,0,0,547542,511708
546,821,41688874,40182375,23905,8173,87,8178,0,-9,-18,-9,-18,1,1,1,548.57,418.39,548.57,418.39,0,0,0,0,0,0,589875,541709
547,822,44622085,44684250,24445,8173,87,8178,0,-9,-18,-9,-18,1,1,1,548.57,418.39,548.57,418.39,0,0,0,0,0,0,995917,936250
548,823,52477162,53594542,24033,8173,87,8178,0,-8,-18,-8,-18,1,1,1,594.29,422.77,594.29,422.77,0,0,0,0,0,0,1186292,1112459
549,824,69362126,67462125,23869,8173,87,8178,0,-8,-18,-8,-18,1,1,1,594.29,422.77,594.29,422.77,0,0,0,0,0,0,992292,876000
550,825,68958878,70803166,23969,8173,87,8178,0,-8,-18,-8,-18,1,1,1,594.29,422.77,594.29,422.77,0,0,0,0,0,0,1087750,1024500
551,826,88077954,85738042,23817,8173,87,8178,0,-8,-18,-8,-18,1,1,1,594.29,422.77,594.29,422.77,0,0,0,0,0,0,1217292,1158625
552,827,64783126,67087000,24021,8173,90,8178,0,-6,-18,-6,-18,1,1,1,685.71,416.09,685.71,416.09,0,0,0,0,0,0,1119292,1047792
553,828,70675790,68743250,23817,8173,87,8178,0,-6,-18,-6,-18,1,1,1,685.71,416.09,685.71,416.09,0,0,0,0,0,0,987042,921375
554,829,54040078,55894708,23881,8173,87,8178,0,-6,-18,-6,-18,1,1,1,685.71,416.09,685.71,416.09,0,0,0,0,0,0,888625,817459
555,830,56673623,54295167,24469,8173,87,8178,0,-6,-18,-6,-18,1,1,1,685.71,416.09,685.71,416.09,0,0,0,0,0,0,810083,757083
556,831,46566504,48647958,24149,8174,88,8179,0,-5,-18,-5,-18,1,1,1,731.43,431,731.43,431,0,0,0,0,0,0,850916,782292
557,832,47405242,47787250,23817,8173,87,8178,0,-5,-18,-5,-18,1,1,1,731.43,431,731.43,431,0,0,0,0,0,0,747750,703625
558,833,49745209,48244000,23905,8173,87,8178,0,-5,-18,-5,-18,1,1,1,731.43,431,731.43,431,0,0,0,0,0,0,991750,936791
559,834,59674419,61158166,23881,8173,87,8178,0,-5,-18,-5,-18,1,1,1,731.43,431,731.43,431,0,0,0,0,0,0,740708,692083
560,835,57684503,55381792,23341,8173,90,8178,0,-4,-18,-4,-18,1,1,1,777.14,453.14,777.14,453.14,0,0,0,0,0,0,824166,763041
561,836,65172083,67340417,26891,8085,87,8090,0,-4,-18,-4,-18,1,1,1,777.14,453.14,777.14,453.14,0,0,0,0,0,0,734583,677250
562,837,59017416,57223792,25967,8085,87,8090,0,-4,-18,-4,-18,1,1,1,777.14,453.14,777.14,453.14,0,0,0,0,0,0,1032250,983584
563,838,53322412,54940583,23353,8085,87,8090,0,-4,-18,-4,-18,1,1,1,777.14,453.14,777.14,453.14,0,0,0,0,0,0,736250,680292
564,839,61939001,59269791,23993,8085,87,8090,0,-3,-18,-3,-18,1,1,1,822.86,475.99,822.86,475.99,0,0,0,0,0,0,887166,831250
565,840,50037961,52858375,23569,8085,87,8090,0,-3,-18,-3,-18,1,1,1,822.86,475.99,822.86,475.99,0,0,0,0,0,0,722833,678084
566,841,52643120,51346667,23289,8085,87,8090,0,-3,-18,-3,-18,1,1,1,822.86,475.99,822.86,475.99,0,0,0,0,0,0,801125,742750
567,842,41991792,43323542,23441,8085,87,8090,0,-3,-18,-3,-18,1,1,1,822.86,475.99,822.86,475.99,0,0,0,0,0,0,675709,631375
568,843,41775956,41792333,23341,8085,87,8090,0,-2,-18,-2,-18,1,1,1,868.57,498.85,868.57,498.85,0,0,0,0,0,0,598917,561083
569,844,38290545,37284417,23289,8085,90,8090,0,-2,-18,-2,-18,1,1,1,868.57,498.85,868.57,498.85,0,0,0,0,0,0,540750,494833
570,845,34535955,35475375,23353,8085,87,8090,0,-2,-18,-2,-18,1,1,1,868.57,498.85,868.57,498.85,0,0,0,0,0,0,551041,521042
571,846,34651085,34713917,23377,8086,88,8091,0,-2,-18,-2,-18,1,1,1,868.57,498.85,868.57,498.85,0,0,0,0,0,0,477917,449542
572,847,37821959,36472500,23289,8085,87,8090,0,-1,-18,-1,-18,1,1,1,914.29,521.71,914.29,521.71,0,0,0,0,0,0,654375,604625
573,848,33842246,35090250,23353,8085,87,8090,0,-1,-18,-1,-18,1,1,1,914.29,521.71,914.29,521.71,0,0,0,0,0,0,558084,522167
574,849,36928705,36950875,23341,8085,87,8090,0,-1,-18,-1,-18,1,1,1,914.29,521.71,914.29,521.71,0,0,0,0,0,0,641250,605167
575,850,39000213,37907958,23289,8085,87,8090,0,-1,-18,-1,-18,1,1,1,914.29,521.71,914.29,521.71,0,0,0,0,0,0,509959,473417
576,851,41707959,40992708,24005,8085,87,8090,0,0,-18,0,-18,1,1,1,960,544.56,960,544.56,0,0,0,0,0,0,563167,534708
577,852,43725665,45274458,23505,8085,87,8090,0,0,-18,0,-18,1,1,1,960,544.56,960,544.56,0,0,0,0,0,0,587041,547417
578,853,54053287,52501209,23289,8085,87,8090,0,0,-18,0,-18,1,1,1,960,544.56,960,544.56,0,0,0,0,0,0,634292,575875
579,854,60099214,61499750,23405,8085,87,8090,0,0,-18,0,-18,1,1,1,960,544.56,960,544.56,0,0,0,0,0,0,848750,796750
580,855,76466955,74582084,23377,8085,87,8090,0,1,-18,1,-18,1,1,1,1005.71,567.42,1005.71,567.42,0,0,0,0,0,0,1047958,983583
581,856,69095499,70923708,23353,8085,90,8090,0,1,-18,1,-18,1,1,1,1005.71,567.42,1005.71,567.42,0,0,0,0,0,0,928625,858083
582,857,69491751,67491500,23341,8085,87,8090,0,1,-18,1,-18,1,1,1,1005.71,567.42,1005.71,567.42,0,0,0,0,0,0,940292,890208
583,858,66161789,68192125,23441,8085,87,8090,0,1,-18,1,-18,1,1,1,1005.71,567.42,1005.71,567.42,0,0,0,0,0,0,1091166,993750
584,859,75455702,71216125,23853,8085,87,8090,0,2,-18,2,-18,1,1,1,1051.43,590.28,1051.43,590.28,0,0,0,0,0,0,925459,860750
585,860,69690458,73717375,23621,8085,87,8090,0,2,-18,2,-18,1,1,1,1051.43,590.28,1051.43,590.28,0,0,0,0,0,0,1331667,1270000
586,861,74879832,73004292,23377,8086,88,8091,0,2,-18,2,-18,1,1,1,1051.43,590.28,1051.43,590.28,0,0,0,0,0,0,954416,896666
587,862,77408500,79243417,23353,8083,87,8088,0,2,-18,2,-18,1,1,1,1051.43,590.28,1051.43,590.28,0,0,0,0,0,0,987708,919875
588,863,71766003,69874083,23429,8085,90,8090,0,3,-18,3,-18,1,1,1,1097.14,613.14,1097.14,613.14,0,0,0,0,0,0,898625,841916
589,864,67214541,69171708,23353,8085,87,8090,0,3,-18,3,-18,1,1,1,1097.14,613.14,1097.14,613.14,0,0,0,0,0,0,1353750,1212375
590,865,68292878,66791333,23289,8085,87,8090,0,3,-18,3,-18,1,1,1,1097.14,613.14,1097.14,613.14,0,0,0,0,0,0,983958,864000
591,866,55553834,55294709,24057,8085,87,8090,0,3,-18,3,-18,1,1,1,1097.14,613.14,1097.14,613.14,0,0,0,0,0,0,719959,675750
592,867,57743288,58041417,23505,8085,87,8090,0,4,-18,4,-18,1,1,1,1142.86,635.99,1142.86,635.99,0,0,0,0,0,0,786417,730292
593,868,53842503,54824583,23353,8085,87,8090,0,4,-18,4,-18,1,1,1,1142.86,635.99,1142.86,635.99,0,0,0,0,0,0,1088916,1020084
594,869,56803371,55331709,23377,8085,87,8090,0,4,-18,4,-18,1,1,1,1142.86,635.99,1142.86,635.99,0,0,0,0,0,0,911667,866834
595,870,60432378,62347667,23405,8085,87,8090,0,4,-18,4,-18,1,1,1,1142.86,635.99,1142.86,635.99,0,0,0,0,0,0,1148291,1090250
596,871,57220876,55154208,23709,8085,90,8090,0,5,-18,5,-18,1,1,1,1188.57,662.98,1188.57,662.98,0,0,0,0,0,0,948875,898208
597,872,61299454,63284375,27311,8155,87,8160,0,5,-18,5,-18,1,1,1,1188.57,662.98,1188.57,662.98,0,0,0,0,0,0,841375,791333
598,873,54235961,52664084,26387,8155,87,8160,0,5,-18,5,-18,1,1,1,1188.57,662.98,1188.57,662.98,0,0,0,0,0,0,833625,780167
599,874,50723541,52206833,23825,8155,87,8160,0,5,-18,5,-18,1,1,1,1188.57,662.98,1188.57,662.98,0,0,0,0,0,0,802125,755708
600,875,46181581,45038000,24361,8155,87,8160,0,6,-18,6,-18,1,1,1,1234.29,696.59,1234.29,696.59,0,0,0,0,0,0,718625,655041
601,876,42218290,42386500,23925,8156,88,8161,0,6,-18,6,-18,1,1,1,1234.29,696.59,1234.29,696.59,0,0,0,0,0,0,683750,641542
602,877,37347085,38460125,23773,8155,87,8160,0,6,-18,6,-18,1,1,1,1234.29,696.59,1234.29,696.59,0,0,0,0,0,0,678000,637667
603,878,37363789,37262791,23709,8155,87,8160,0,6,-18,6,-18,1,1,1,1234.29,696.59,1234.29,696.59,0,0,0,0,0,0,655584,621083
604,879,38090668,37156666,23849,8155,87,8160,0,7,-18,7,-18,1,1,1,1280,736.66,1280,736.66,0,0,0,0,0,0,579125,539417
605,880,40410708,41184167,23773,8155,87,8160,0,7,-18,7,-18,1,1,1,1280,736.66,1280,736.66,0,0,0,0,0,0,568125,527917
606,881,37934128,38129375,23709,8155,90,8160,0,7,-18,7,-18,1,1,1,1280,736.66,1280,736.66,0,0,0,0,0,0,565708,524666
607,882,39367496,37655375,23709,8155,87,8160,0,7,-18,7,-18,1,1,1,1280,736.66,1280,736.66,0,0,0,0,0,0,698125,649917
608,883,41699085,43089375,23861,8155,87,8160,0,8,-18,8,-18,1,1,1,1325.71,772.98,1325.71,772.98,0,0,0,0,0,0,619625,575250
609,884,47070994,47236167,23709,8155,87,8160,0,8,-18,8,-18,1,1,1,1325.71,772.98,1325.71,772.98,0,0,0,0,0,0,1063334,1025458
610,885,56262958,54738500,23761,8155,87,8160,0,8,-18,8,-18,1,1,1,1325.71,772.98,1325.71,772.98,0,0,0,0,0,0,794542,735417
611,886,66697500,65804000,24337,8155,87,8160,0,8,-18,8,-18,1,1,1,1325.71,772.98,1325.71,772.98,0,0,0,0,0,0,943250,882791
612,887,68973459,68581542,24013,8155,87,8160,0,9,-18,9,-18,1,1,1,1371.43,801.36,1371.43,801.36,0,0,0,0,0,0,987542,912083
613,888,69229163,71759291,23773,8155,87,8160,0,9,-18,9,-18,1,1,1,1371.43,801.36,1371.43,801.36,0,0,0,0,0,0,980125,906584
614,889,74124455,71526834,23761,8155,87,8160,0,9,-18,9,-18,1,1,1,1371.43,801.36,1371.43,801.36,0,0,0,0,0,0,1230166,1147333
615,890,85758209,88301875,23861,8155,87,8160,0,9,-18,9,-18,1,1,1,1371.43,801.36,1371.43,801.36,0,0,0,0,0,0,1163875,1063875
616,891,71156412,69130416,23709,8156,91,8161,0,10,-18,10,-18,1,1,1,1417.14,823.72,1417.14,823.72,0,0,0,0,0,0,953792,878167
617,892,67873246,69710167,23913,8155,87,8160,0,10,-18,10,-18,1,1,1,1417.14,823.72,1417.14,823.72,0,0,0,0,0,0,956458,892750
618,893,66648624,63636209,24273,8155,87,8160,0,10,-18,10,-18,1,1,1,1417.14,823.72,1417.14,823.72,0,0,0,0,0,0,1008750,940292
619,894,52575837,55692875,23989,8155,87,8160,0,10,-18,10,-18,1,1,1,1417.14,823.72,1417.14,823.72,0,0,0,0,0,0,863167,810625
620,895,55186040,53954333,23797,8155,87,8160,0,11,-18,11,-18,1,1,1,1462.86,845.83,1462.86,845.83,0,0,0,0,0,0,807709,729334
621,896,45947082,47320208,23825,8155,87,8160,0,11,-18,11,-18,1,1,1,1462.86,845.83,1462.86,845.83,0,0,0,0,0,0,682334,638708
622,897,51555797,51449084,23709,8155,87,8160,0,11,-18,11,-18,1,1,1,1462.86,845.83,1462.86,845.83,0,0,0,0,0,0,1050916,949625
623,898,47678954,46510083,23797,8155,90,8160,0,11,-18,11,-18,1,1,1,1462.86,845.83,1462.86,845.83,0,0,0,0,0,0,723250,680917
624,899,46829294,47929500,23773,8155,87,8160,0,12,-18,12,-18,1,1,1,1508.57,868.27,1508.57,868.27,0,0,0,0,0,0,724125,673625
625,900,55912874,54181916,23709,8155,87,8160,0,12,-18,12,-18,1,1,1,1508.57,868.27,1508.57,868.27,0,0,0,0,0,0,691042,648458
626,901,52610665,54245709,23913,8155,87,8160,0,12,-18,12,-18,1,1,1,1508.57,868.27,1508.57,868.27,0,0,0,0,0,0,844000,777334
627,902,54343041,52926375,23709,8155,87,8160,0,12,-18,12,-18,1,1,1,1508.57,868.27,1508.57,868.27,0,0,0,0,0,0,884584,830042
628,903,51649171,51515666,24337,8155,87,8160,0,13,-18,13,-18,1,1,1,1554.29,892.25,1554.29,892.25,0,0,0,0,0,0,854209,798709
629,904,51435202,51751542,24013,8155,87,8160,0,13,-18,13,-18,1,1,1,1554.29,892.25,1554.29,892.25,0,0,0,0,0,0,765916,706458
630,905,42026501,43346042,23825,8155,87,8160,0,13,-18,13,-18,1,1,1,1554.29,892.25,1554.29,892.25,0,0,0,0,0,0,660209,610875
631,906,40378168,40110792,23709,8156,88,8161,0,13,-18,13,-18,1,1,1,1554.29,892.25,1554.29,892.25,0,0,0,0,0,0,683833,642584
632,907,41514787,40705166,23709,8155,87,8160,0,14,-18,14,-18,1,1,1,1600,918.02,1600,918.02,0,0,0,0,0,0,719083,655750
633,908,33947378,34998333,23861,8155,90,8160,0,14,-18,14,-18,1,1,1,1600,918.02,1600,918.02,0,0,0,0,0,0,617709,584375
634,909,34048661,34047375,23709,8155,87,8160,0,14,-18,14,-18,1,1,1,1600,918.02,1600,918.02,0,0,0,0,0,0,569042,529958
635,910,35008877,33962667,23709,8155,87,8160,0,14,-18,14,-18,1,1,1,1600,918.02,1600,918.02,0,0,0,0,0,0,533500,499667
636,911,33202212,34232250,23825,8155,87,8160,0,15,-18,15,-18,1,1,1,1645.71,944.98,1645.71,944.98,0,0,0,0,0,0,549666,494958
637,912,33568494,33469541,23709,8155,87,8160,0,15,-18,15,-18,1,1,1,1645.71,944.98,1645.71,944.98,0,0,0,0,0,0,578291,541416
638,913,34652210,33709250,23797,8155,87,8160,0,15,-18,15,-18,1,1,1,1645.71,944.98,1645.71,944.98,0,0,0,0,0,0,571167,529292
639,914,32716084,33688875,23773,8155,87,8160,0,15,-18,15,-18,1,1,1,1645.71,944.98,1645.71,944.98,0,0,0,0,0,0,540083,505750
640,915,33472705,33482584,23709,8155,87,8160,0,16,-18,16,-18,1,1,1,1691.43,972.01,1691.43,972.01,0,0,0,0,0,0,579875,536958
641,916,35158958,33354209,24273,8155,87,8160,0,16,-18,16,-18,1,1,1,1691.43,972.01,1691.43,972.01,0,0,0,0,0,0,564459,531333
642,917,31205130,32953625,24041,8155,87,8160,0,16,-18,16,-18,1,1,1,1691.43,972.01,1691.43,972.01,0,0,0,0,0,0,553834,509000
643,918,30103705,30105250,23797,8155,87,8160,0,16,-18,16,-18,1,1,1,1691.43,972.01,1691.43,972.01,0,0,0,0,0,0,489958,460583
644,919,30336415,30360583,23709,8155,87,8160,0,15,-18,15,-18,1,1,1,1645.71,944.98,1645.71,944.98,0,0,0,0,0,0,681042,614417
645,920,31622163,30645458,23709,8155,87,8160,0,15,-18,15,-18,1,1,1,1645.71,944.98,1645.71,944.98,0,0,0,0,0,0,520417,490666
646,921,30332667,31268000,23773,8156,88,8161,0,15,-18,15,-18,1,1,1,1645.71,944.98,1645.71,944.98,0,0,0,0,0,0,494208,452708
647,922,38272164,38166417,23709,8155,87,8160,0,15,-18,15,-18,1,1,1,1645.71,944.98,1645.71,944.98,0,0,0,0,0,0,639791,582875
648,923,37404712,36401375,23797,8155,90,8160,0,14,-18,14,-18,1,1,1,1600,918.02,1600,918.02,0,0,0,0,0,0,571625,535375
649,924,37163585,38158125,23825,8155,87,8160,0,14,-18,14,-18,1,1,1,1600,918.02,1600,918.02,0,0,0,0,0,0,1039291,979041
650,925,37977997,37888416,23709,8155,87,8160,0,14,-18,14,-18,1,1,1,1600,918.02,1600,918.02,0,0,0,0,0,0,777750,718959
651,926,39849247,38736750,23709,8155,87,8160,0,14,-18,14,-18,1,1,1,1600,918.02,1600,918.02,0,0,0,0,0,0,691750,653666
652,927,37341333,38455000,23861,8155,87,8160,0,13,-18,13,-18,1,1,1,1554.29,892.25,1554.29,892.25,0,0,0,0,0,0,545875,501042
653,928,45375213,45303875,23709,8155,87,8160,0,13,-18,13,-18,1,1,1,1554.29,892.25,1554.29,892.25,0,0,0,0,0,0,774500,716209
654,929,59956122,58013917,23709,8155,87,8160,0,13,-18,13,-18,1,1,1,1554.29,892.25,1554.29,892.25,0,0,0,0,0,0,860709,784333
655,930,68916372,68562542,24389,8155,87,8160,0,13,-18,13,-18,1,1,1,1554.29,892.25,1554.29,892.25,0,0,0,0,0,0,987209,924041
656,931,69187708,69502084,24013,8155,87,8160,0,12,-18,12,-18,1,1,1,1508.57,868.27,1508.57,868.27,0,0,0,0,0,0,1014333,894000
657,932,66350251,68133917,23773,8155,87,8160,0,12,-18,12,-18,1,1,1,1508.57,868.27,1508.57,868.27,0,0,0,0,0,0,1065042,999000
658,933,76713129,74265042,23761,8155,87,8160,0,12,-18,12,-18,1,1,1,1508.57,868.27,1508.57,868.27,0,0,0,0,0,0,1314667,1224667
659,934,64491666,66877667,23861,8155,90,8160,0,12,-18,12,-18,1,1,1,1508.57,868.27,1508.57,868.27,0,0,0,0,0,0,1068333,1004375
660,935,57018913,55585000,23709,8155,87,8160,0,11,-18,11,-18,1,1,1,1462.86,845.83,1462.86,845.83,0,0,0,0,0,0,987916,907750
661,936,50622250,52067833,34320,8156,88,8161,0,11,-18,11,-18,1,1,1,1462.86,845.83,1462.86,845.83,0,0,0,0,0,0,809958,759417
662,937,49366291,48044000,29577,8155,87,8160,0,11,-18,11,-18,1,1,1,1462.86,845.83,1462.86,845.83,0,0,0,0,0,0,771583,702834
663,938,48114832,47694000,24337,8155,87,8160,0,11,-18,11,-18,1,1,1,1462.86,845.83,1462.86,845.83,0,0,0,0,0,0,714208,671333
664,939,45472335,47206084,23925,8155,87,8160,0,10,-18,10,-18,1,1,1,1417.14,823.72,1417.14,823.72,0,0,0,0,0,0,712209,654750
665,940,55357582,53467833,23709,8155,87,8160,0,10,-18,10,-18,1,1,1,1417.14,823.72,1417.14,823.72,0,0,0,0,0,0,926666,876625
666,941,53359750,55143666,23861,8155,87,8160,0,10,-18,10,-18,1,1,1,1417.14,823.72,1417.14,823.72,0,0,0,0,0,0,793458,732291
667,942,71088381,69197584,23761,8155,87,8160,0,10,-18,10,-18,1,1,1,1417.14,823.72,1417.14,823.72,0,0,0,0,0,0,811542,756958
668,943,66844418,68468542,23773,8155,90,8160,0,9,-18,9,-18,1,1,1,1371.43,801.36,1371.43,801.36,0,0,0,0,0,0,965000,890041
669,944,68126246,66210208,23797,8155,87,8160,0,9,-18,9,-18,1,1,1,1371.43,801.36,1371.43,801.36,0,0,0,0,0,0,998834,917250
670,945,60964453,63062083,23825,8155,87,8160,0,9,-18,9,-18,1,1,1,1371.43,801.36,1371.43,801.36,0,0,0,0,0,0,1308083,1200042
671,946,58595046,55507166,24273,8155,87,8160,0,9,-18,9,-18,1,1,1,1371.43,801.36,1371.43,801.36,0,0,0,0,0,0,922667,873916
672,947,53478918,56364917,24077,8155,87,8160,0,8,-18,8,-18,1,1,1,1325.71,772.98,1325.71,772.98,0,0,0,0,0,0,792708,732041
673,948,55189166,53770916,23709,8155,87,8160,0,8,-18,8,-18,1,1,1,1325.71,772.98,1325.71,772.98,0,0,0,0,0,0,818916,770291
674,949,51654081,52905125,23825,8155,87,8160,0,8,-18,8,-18,1,1,1,1325.71,772.98,1325.71,772.98,0,0,0,0,0,0,1217833,1111750
675,950,48755541,47798958,23797,8155,87,8160,0,8,-18,8,-18,1,1,1,1325.71,772.98,1325.71,772.98,0,0,0,0,0,0,1030459,985333
676,951,41827544,43072708,23773,8156,91,8161,0,7,-18,7,-18,1,1,1,1280,736.66,1280,736.66,0,0,0,0,0,0,738167,675125
677,952,38208667,38235458,23709,8155,87,8160,0,7,-18,7,-18,1,1,1,1280,736.66,1280,736.66,0,0,0,0,0,0,578750,543250
678,953,38889121,37791375,23709,8155,87,8160,0,7,-18,7,-18,1,1,1,1280,736.66,1280,736.66,0,0,0,0,0,0,626666,572834
679,954,33065419,34150500,23913,8155,87,8160,0,7,-18,7,-18,1,1,1,1280,736.66,1280,736.66,0,0,0,0,0,0,610542,577500
680,955,34315038,34260208,23709,8155,87,8160,0,6,-18,6,-18,1,1,1,1234.29,696.59,1234.29,696.59,0,0,0,0,0,0,543917,505042
681,956,35373169,34358792,23709,8155,87,8160,0,6,-18,6,-18,1,1,1,1234.29,696.59,1234.29,696.59,0,0,0,0,0,0,590791,558625
682,957,32814662,33806667,23773,8155,87,8160,0,6,-18,6,-18,1,1,1,1234.29,696.59,1234.29,696.59,0,0,0,0,0,0,602709,566500
683,958,34847542,33768709,24273,8155,87,8160,0,6,-18,6,-18,1,1,1,1234.29,696.59,1234.29,696.59,0,0,0,0,0,0,536417,502750
684,959,33493630,33521791,24013,8155,87,8160,0,5,-18,5,-18,1,1,1,1188.57,662.98,1188.57,662.98,0,0,0,0,0,0,567916,526167
685,960,32557580,33587958,23825,8155,87,8160,0,5,-18,5,-18,1,1,1,1188.57,662.98,1188.57,662.98,0,0,0,0,0,0,541208,509917
686,961,33455293,33412000,23709,8155,87,8160,0,5,-18,5,-18,1,1,1,1188.57,662.98,1188.57,662.98,0,0,0,0,0,0,586250,549416
687,962,34743331,33709083,23709,8155,87,8160,0,5,-18,5,-18,1,1,1,1188.57,662.98,1188.57,662.98,0,0,0,0,0,0,578333,543875
688,963,36631874,37533625,23353,8155,87,8160,0,4,-18,4,-18,1,1,1,1142.86,635.99,1142.86,635.99,0,0,0,0,0,0,607375,576167
689,964,37744168,37873833,35675,8085,90,8090,0,4,-18,4,-18,1,1,1,1142.86,635.99,1142.86,635.99,0,0,0,0,0,0,476625,437250
690,965,33987037,32929417,25967,8085,87,8090,0,4,-18,4,-18,1,1,1,1142.86,635.99,1142.86,635.99,0,0,0,0,0,0,510125,473042
691,966,31988833,33008958,23405,8086,88,8091,0,4,-18,4,-18,1,1,1,1142.86,635.99,1142.86,635.99,0,0,0,0,0,0,500167,455458
692,967,33231377,33192209,23289,8085,87,8090,0,3,-18,3,-18,1,1,1,1097.14,613.14,1097.14,613.14,0,0,0,0,0,0,504375,464209
693,968,33683504,33636833,23289,8085,87,8090,0,3,-18,3,-18,1,1,1,1097.14,613.14,1097.14,613.14,0,0,0,0,0,0,503208,470166
694,969,34579869,33567750,23377,8085,87,8090,0,3,-18,3,-18,1,1,1,1097.14,613.14,1097.14,613.14,0,0,0,0,0,0,479000,450334
695,970,32438088,33472125,23353,8085,87,8090,0,3,-18,3,-18,1,1,1,1097.14,613.14,1097.14,613.14,0,0,0,0,0,0,482667,454834
696,971,33919040,33872625,23289,8085,87,8090,0,2,-18,2,-18,1,1,1,1051.43,590.28,1051.43,590.28,0,0,0,0,0,0,487625,452083
697,972,35613875,33851042,23341,8085,87,8090,0,2,-18,2,-18,1,1,1,1051.43,590.28,1051.43,590.28,0,0,0,0,0,0,491584,462792
698,973,34893169,36568750,24133,8085,87,8090,0,2,-18,2,-18,1,1,1,1051.43,590.28,1051.43,590.28,0,0,0,0,0,0,618875,583334
699,974,37777747,37819042,23377,8085,87,8090,0,2,-18,2,-18,1,1,1,1051.43,590.28,1051.43,590.28,0,0,0,0,0,0,812041,762833
700,975,38302246,37239083,23289,8085,87,8090,0,1,-18,1,-18,1,1,1,1005.71,567.42,1005.71,567.42,0,0,0,0,0,0,594334,559375
701,976,37230584,38223500,23353,8085,87,8090,0,1,-18,1,-18,1,1,1,1005.71,567.42,1005.71,567.42,0,0,0,0,0,0,628583,591958
702,977,39072334,38992375,23289,8085,87,8090,0,1,-18,1,-18,1,1,1,1005.71,567.42,1005.71,567.42,0,0,0,0,0,0,489833,451875
703,978,54806627,53312458,23429,8085,87,8090,0,1,-18,1,-18,1,1,1,1005.71,567.42,1005.71,567.42,0,0,0,0,0,0,849750,790917
704,979,61577372,62950542,23353,8085,90,8090,0,0,-18,0,-18,1,1,1,960,544.56,960,544.56,0,0,0,0,0,0,829250,779834
705,980,71300581,68397459,23289,8085,87,8090,0,0,-18,0,-18,1,1,1,960,544.56,960,544.56,0,0,0,0,0,0,914208,833250
706,981,68501085,71299625,23441,8086,88,8091,0,0,-18,0,-18,1,1,1,960,544.56,960,544.56,0,0,0,0,0,0,1395542,797916
707,982,73030710,69646709,23905,8085,87,8090,0,0,-18,0,-18,1,1,1,960,544.56,960,544.56,0,0,0,0,0,0,989166,937167
708,983,66612333,69815875,23569,8085,87,8090,0,-1,-18,-1,-18,1,1,1,914.29,521.71,914.29,521.71,0,0,0,0,0,0,1126542,1032958
709,984,66018253,64691666,23377,8085,87,8090,0,-1,-18,-1,-18,1,1,1,914.29,521.71,914.29,521.71,0,0,0,0,0,0,1595084,1528750
710,985,54035041,55580917,23405,8085,87,8090,0,-1,-18,-1,-18,1,1,1,914.29,521.71,914.29,521.71,0,0,0,0,0,0,1142750,1076834
711,986,52322249,50797875,23289,8085,87,8090,0,-1,-18,-1,-18,1,1,1,914.29,521.71,914.29,521.71,0,0,0,0,0,0,780625,708167
712,987,45589957,47075292,23441,8085,90,8090,0,-2,-18,-2,-18,1,1,1,868.57,498.85,868.57,498.85,0,0,0,0,0,0,645292,606333
713,988,48169415,48166833,23289,8085,87,8090,0,-2,-18,-2,-18,1,1,1,868.57,498.85,868.57,498.85,0,0,0,0,0,0,605208,566375
714,989,50460085,48924416,23341,8085,87,8090,0,-2,-18,-2,-18,1,1,1,868.57,498.85,868.57,498.85,0,0,0,0,0,0,723542,678833
715,990,54655328,55811417,23353,8085,87,8090,0,-2,-18,-2,-18,1,1,1,868.57,498.85,868.57,498.85,0,0,0,0,0,0,1210125,1150541
716,991,58290913,55670250,23941,8085,87,8090,0,-3,-18,-3,-18,1,1,1,822.86,475.99,822.86,475.99,0,0,0,0,0,0,1051000,981875
717,992,52918124,55790417,23569,8085,87,8090,0,-3,-18,-3,-18,1,1,1,822.86,475.99,822.86,475.99,0,0,0,0,0,0,749000,691417
718,993,56565165,54863750,23341,8085,87,8090,0,-3,-18,-3,-18,1,1,1,822.86,475.99,822.86,475.99,0,0,0,0,0,0,739958,695958
719,994,58450043,60000666,23441,8085,87,8090,0,-3,-18,-3,-18,1,1,1,822.86,475.99,822.86,475.99,0,0,0,0,0,0,801500,754500
720,995,75870543,73648917,23289,8085,87,8090,0,-4,-18,-4,-18,1,1,1,777.14,453.14,777.14,453.14,0,0,0,0,0,0,1488083,1390375
721,996,59402372,61600292,23353,8086,91,8091,0,-4,-18,-4,-18,1,1,1,777.14,453.14,777.14,453.14,0,0,0,0,0,0,974375,915459
722,997,53941212,52555458,23429,8085,87,8090,0,-4,-18,-4,-18,1,1,1,777.14,453.14,777.14,453.14,0,0,0,0,0,0,767000,708708
723,998,44536955,46036584,23353,8085,87,8090,0,-4,-18,-4,-18,1,1,1,777.14,453.14,777.14,453.14,0,0,0,0,0,0,768666,709375
724,999,40606752,40598667,23817,8085,87,8090,0,-5,-18,-5,-18,1,1,1,731.43,431,731.43,431,0,0,0,0,0,0,881708,796084
725,1000,39800580,38553292,23817,8173,87,8178,0,-5,-18,-5,-18,1,1,1,731.43,431,731.43,431,0,0,0,0,0,0,630958,581500
726,1001,39395671,39608041,27983,8173,87,8178,0,-5,-18,-5,-18,1,1,1,731.43,431,731.43,431,0,0,0,0,0,0,628625,590208
727,1002,33848326,34879958,26763,8173,87,8178,0,-5,-18,-5,-18,1,1,1,731.43,431,731.43,431,0,0,0,0,0,0,673125,626750
728,1003,35390503,34357958,23817,8173,87,8178,0,-6,-18,-6,-18,1,1,1,685.71,416.09,685.71,416.09,0,0,0,0,0,0,540833,506208
729,1004,33096458,34107458,23881,8173,87,8178,0,-6,-18,-6,-18,1,1,1,685.71,416.09,685.71,416.09,0,0,0,0,0,0,609167,569667
730,1005,34413002,34318625,23817,8173,87,8178,0,-6,-18,-6,-18,1,1,1,685.71,416.09,685.71,416.09,0,0,0,0,0,0,561416,527375
731,1006,37444494,36450000,23905,8173,87,8178,0,-6,-18,-6,-18,1,1,1,685.71,416.09,685.71,416.09,0,0,0,0,0,0,612458,569667
732,1007,32366257,33398459,23881,8173,90,8178,0,-8,-18,-8,-18,1,1,1,594.29,422.77,594.29,422.77,0,0,0,0,0,0,592792,558708
733,1008,33633496,33648125,23869,8173,87,8178,0,-8,-18,-8,-18,1,1,1,594.29,422.77,594.29,422.77,0,0,0,0,0,0,561375,521333
734,1009,34184332,33145125,23817,8173,87,8178,0,-8,-18,-8,-18,1,1,1,594.29,422.77,594.29,422.77,0,0,0,0,0,0,494500,462500
735,1010,35374291,36284667,23881,8173,87,8178,0,-8,-18,-8,-18,1,1,1,594.29,422.77,594.29,422.77,0,0,0,0,0,0,496834,453625
736,1011,35892460,35935500,23905,8174,88,8179,0,-9,-18,-9,-18,1,1,1,548.57,418.39,548.57,418.39,0,0,0,0,0,0,561958,530917
737,1012,37339337,36291000,23817,8173,87,8178,0,-9,-18,-9,-18,1,1,1,548.57,418.39,548.57,418.39,0,0,0,0,0,0,584875,543666
738,1013,34895330,35900417,23881,8173,87,8178,0,-9,-18,-9,-18,1,1,1,548.57,418.39,548.57,418.39,0,0,0,0,0,0,759708,719625
739,1014,37276376,37188167,23869,8173,87,8178,0,-9,-18,-9,-18,1,1,1,548.57,418.39,548.57,418.39,0,0,0,0,0,0,966459,919250
740,1015,38994457,36796583,24381,8173,87,8178,0,-10,-18,-10,-18,1,1,1,502.86,399.44,502.86,399.44,0,0,0,0,0,0,569625,532208
741,1016,36061372,38252667,24185,8173,87,8178,0,-10,-18,-10,-18,1,1,1,502.86,399.44,502.86,399.44,0,0,0,0,0,0,587917,543542
742,1017,41710294,41684583,23817,8173,87,8178,0,-10,-18,-10,-18,1,1,1,502.86,399.44,502.86,399.44,0,0,0,0,0,0,656208,617125
743,1018,51199335,49630792,23817,8173,87,8178,0,-10,-18,-10,-18,1,1,1,502.86,399.44,502.86,399.44,0,0,0,0,0,0,812667,748792
744,1019,68248294,69532083,23933,8173,87,8178,0,-11,-18,-11,-18,1,1,1,457.14,380.06,457.14,380.06,0,0,0,0,0,0,881584,820834
745,1020,73776952,71341500,23905,8173,90,8178,0,-11,-18,-11,-18,1,1,1,457.14,380.06,457.14,380.06,0,0,0,0,0,0,953000,876541
746,1021,68146668,70409000,23881,8173,87,8178,0,-11,-18,-11,-18,1,1,1,457.14,380.06,457.14,380.06,0,0,0,0,0,0,990834,929916
747,1022,73130205,71199041,23869,8173,87,8178,0,-11,-18,-11,-18,1,1,1,457.14,380.06,457.14,380.06,0,0,0,0,0,0,1120416,1048250
748,1023,66912792,66903542,24533,8173,87,8178,0,-12,-18,-12,-18,1,1,1,411.43,359.32,411.43,359.32,0,0,0,0,0,0,1170209,1101541
749,1024,69548077,69616083,24033,8173,87,8178,0,-12,-18,-12,-18,1,1,1,411.43,359.32,411.43,359.32,0,0,0,0,0,0,1218041,1139625
750,1025,59832375,61581833,23933,8173,87,8178,0,-12,-18,-12,-18,1,1,1,411.43,359.32,411.43,359.32,0,0,0,0,0,0,1112292,1032250
751,1026,56357625,54769292,23905,8174,88,8179,0,-12,-18,-12,-18,1,1,1,411.43,359.32,411.43,359.32,0,0,0,0,0,0,1242042,1148500
752,1027,56535545,58401542,23881,8173,87,8178,0,-13,-18,-13,-18,1,1,1,365.71,336.6,365.71,336.6,0,0,0,0,0,0,1403667,1326416
753,1028,47727953,46289833,23817,8173,90,8178,0,-13,-18,-13,-18,1,1,1,365.71,336.6,365.71,336.6,0,0,0,0,0,0,695042,635000
754,1029,55272001,56421458,24021,8173,87,8178,0,-13,-18,-13,-18,1,1,1,365.71,336.6,365.71,336.6,0,0,0,0,0,0,843041,791625
755,1030,57868622,56332500,23817,8173,87,8178,0,-13,-18,-13,-18,1,1,1,365.71,336.6,365.71,336.6,0,0,0,0,0,0,1143625,1066333
756,1031,54207582,55817250,23881,8173,87,8178,0,-14,-18,-14,-18,1,1,1,320,311.82,320,311.82,0,0,0,0,0,0,816833,764917
757,1032,58796089,55602667,24469,8173,87,8178,0,-14,-18,-14,-18,1,1,1,320,311.82,320,311.82,0,0,0,0,0,0,803208,732750
758,1033,54054833,57157209,24149,8173,87,8178,0,-14,-18,-14,-18,1,1,1,320,311.82,320,311.82,0,0,0,0,0,0,804458,751541
759,1034,54070245,52612750,23817,8173,87,8178,0,-14,-18,-14,-18,1,1,1,320,311.82,320,311.82,0,0,0,0,0,0,851042,783000
760,1035,49087584,50657875,23969,8173,87,8178,0,-15,-18,-15,-18,1,1,1,274.29,285.43,274.29,285.43,0,0,0,0,0,0,827584,775042
761,1036,47051921,47072500,23817,8173,87,8178,0,-15,-18,-15,-18,1,1,1,274.29,285.43,274.29,285.43,0,0,0,0,0,0,719916,641125
762,1037,42081661,40728625,23869,8173,90,8178,0,-15,-18,-15,-18,1,1,1,274.29,285.43,274.29,285.43,0,0,0,0,0,0,744709,681500
763,1038,37612210,38894208,23881,8173,87,8178,0,-15,-18,-15,-18,1,1,1,274.29,285.43,274.29,285.43,0,0,0,0,0,0,690667,621875
764,1039,35362165,35406125,23905,8173,87,8178,0,-16,-18,-16,-18,1,1,1,228.57,258.09,228.57,258.09,0,0,0,0,0,0,665750,611666
765,1040,35583462,34572333,23817,8173,87,8178,0,-16,-18,-16,-18,1,1,1,228.57,258.09,228.57,258.09,0,0,0,0,0,0,602708,537666
766,1041,33102415,34074875,23881,8174,88,8179,0,-16,-18,-16,-18,1,1,1,228.57,258.09,228.57,258.09,0,0,0,0,0,0,555875,506667
767,1042,34551247,34569041,23817,8173,87,8178,0,-16,-18,-16,-18,1,1,1,228.57,258.09,228.57,258.09,0,0,0,0,0,0,568917,507166
768,1043,35533290,34412750,23869,8173,87,8178,0,-17,-18,-17,-18,1,1,1,182.86,230.19,182.86,230.19,0,0,0,0,0,0,601708,552542
769,1044,34248214,34283917,24533,8173,87,8178,0,-17,-18,-17,-18,1,1,1,182.86,230.19,182.86,230.19,0,0,0,0,0,0,584416,515625
770,1045,33287748,34299000,24033,8173,87,8178,0,-17,-18,-17,-18,1,1,1,182.86,230.19,182.86,230.19,0,0,0,0,0,0,547333,498083
771,1046,34477997,33486334,23817,8173,87,8178,0,-17,-18,-17,-18,1,1,1,182.86,230.19,182.86,230.19,0,0,0,0,0,0,636667,572125
772,1047,32618083,33594084,23881,8173,87,8178,0,-16,-18,-16,-18,1,1,1,228.57,258.09,228.57,258.09,0,0,0,0,0,0,594792,543917
773,1048,33586040,33526291,23817,8173,87,8178,0,-16,-18,-16,-18,1,1,1,228.57,258.09,228.57,258.09,0,0,0,0,0,0,735209,679375
774,1049,35012207,34020542,23957,8173,87,8178,0,-16,-18,-16,-18,1,1,1,228.57,258.09,228.57,258.09,0,0,0,0,0,0,653791,603750
775,1050,36856293,37871666,23881,8173,87,8178,0,-16,-18,-16,-18,1,1,1,228.57,258.09,228.57,258.09,0,0,0,0,0,0,729750,652333
776,1051,32827373,32822708,23817,8173,90,8178,0,-15,-18,-15,-18,1,1,1,274.29,285.43,274.29,285.43,0,0,0,0,0,0,610292,559292
777,1052,31558416,30487041,23817,8173,87,8178,0,-15,-18,-15,-18,1,1,1,274.29,285.43,274.29,285.43,0,0,0,0,0,0,517833,463917
778,1053,32133247,33069500,23881,8173,87,8178,0,-15,-18,-15,-18,1,1,1,274.29,285.43,274.29,285.43,0,0,0,0,0,0,583250,536500
779,1054,33248506,33341500,23905,8173,87,8178,0,-15,-18,-15,-18,1,1,1,274.29,285.43,274.29,285.43,0,0,0,0,0,0,623708,559125
780,1055,35298541,34202709,24071,8173,87,8178,0,-14,-18,-14,-18,1,1,1,320,311.82,320,311.82,0,0,0,0,0,0,525042,472417
781,1056,34222625,35248709,23881,8174,88,8179,0,-14,-18,-14,-18,1,1,1,320,311.82,320,311.82,0,0,0,0,0,0,648500,602417
782,1057,38058120,37899041,23817,8173,87,8178,0,-14,-18,-14,-18,1,1,1,320,311.82,320,311.82,0,0,0,0,0,0,1036416,977375
783,1058,38268622,37081709,23817,8173,87,8178,0,-14,-18,-14,-18,1,1,1,320,311.82,320,311.82,0,0,0,0,0,0,729542,661583
784,1059,35557966,35770958,24533,8173,87,8178,0,-13,-18,-13,-18,1,1,1,365.71,336.6,365.71,336.6,0,0,0,0,0,0,601708,565959
785,1060,35015035,36055375,24033,8173,87,8178,0,-13,-18,-13,-18,1,1,1,365.71,336.6,365.71,336.6,0,0,0,0,0,0,596917,553833
786,1061,39028380,37537125,23869,8173,87,8178,0,-13,-18,-13,-18,1,1,1,365.71,336.6,365.71,336.6,0,0,0,0,0,0,849583,790500
787,1062,42155500,43489167,23881,8173,87,8178,0,-13,-18,-13,-18,1,1,1,365.71,336.6,365.71,336.6,0,0,0,0,0,0,762667,715125
788,1063,50105039,50105459,23905,8173,87,8178,0,-12,-18,-12,-18,1,1,1,411.43,359.32,411.43,359.32,0,0,0,0,0,0,717041,673791
789,1064,69496713,67512084,23817,8173,87,8178,0,-12,-18,-12,-18,1,1,1,411.43,359.32,411.43,359.32,0,0,0,0,0,0,1072334,1013375
790,1065,68678997,69983458,23881,8173,90,8178,0,-12,-18,-12,-18,1,1,1,411.43,359.32,411.43,359.32,0,0,0,0,0,0,983250,919625
791,1066,75364001,73900875,23957,8173,87,8178,0,-12,-18,-12,-18,1,1,1,411.43,359.32,411.43,359.32,0,0,0,0,0,0,1030042,958542
792,1067,66590785,68554708,23881,8173,87,8178,0,-11,-18,-11,-18,1,1,1,457.14,380.06,457.14,380.06,0,0,0,0,0,0,1217541,1152417
793,1068,73065623,69267916,24381,8173,87,8178,0,-11,-18,-11,-18,1,1,1,457.14,380.06,457.14,380.06,0,0,0,0,0,0,990458,916667
794,1069,65062962,68747333,24237,8173,87,8178,0,-11,-18,-11,-18,1,1,1,457.14,380.06,457.14,380.06,0,0,0,0,0,0,1071666,1007250
795,1070,59876289,58375625,23817,8173,87,8178,0,-11,-18,-11,-18,1,1,1,457.14,380.06,457.14,380.06,0,0,0,0,0,0,1128000,1049292
796,1071,55829208,57341250,24179,8174,88,8179,0,-10,-18,-10,-18,1,1,1,502.86,399.44,502.86,399.44,0,0,0,0,0,0,1106250,1044000
797,1072,48517171,47355292,23905,8173,90,8178,0,-10,-18,-10,-18,1,1,1,502.86,399.44,502.86,399.44,0,0,0,0,0,0,840750,735833
798,1073,47240495,48410417,23933,8173,87,8178,0,-10,-18,-10,-18,1,1,1,502.86,399.44,502.86,399.44,0,0,0,0,0,0,985417,917167
799,1074,49202587,49137708,23817,8173,87,8178,0,-10,-18,-10,-18,1,1,1,502.86,399.44,502.86,399.44,0,0,0,0,0,0,711417,658250
800,1075,58067206,55891000,23817,8173,87,8178,0,-9,-18,-9,-18,1,1,1,548.57,418.39,548.57,418.39,0,0,0,0,0,0,772166,719708
801,1076,55035084,57022250,23969,8173,87,8178,0,-9,-18,-9,-18,1,1,1,548.57,418.39,548.57,418.39,0,0,0,0,0,0,1135958,1055292
802,1077,58885041,56374208,24433,8173,87,8178,0,-9,-18,-9,-18,1,1,1,548.57,418.39,548.57,418.39,0,0,0,0,0,0,879375,825334
803,1078,54054789,56509750,24097,8173,87,8178,0,-9,-18,-9,-18,1,1,1,548.57,418.39,548.57,418.39,0,0,0,0,0,0,838375,762125
804,1079,62191255,60460375,23905,8173,87,8178,0,-8,-18,-8,-18,1,1,1,594.29,422.77,594.29,422.77,0,0,0,0,0,0,911584,845167
805,1080,69952912,71542708,23881,8173,87,8178,0,-8,-18,-8,-18,1,1,1,594.29,422.77,594.29,422.77,0,0,0,0,0,0,1085750,983209
806,1081,63294790,61729458,23869,8173,90,8178,0,-8,-18,-8,-18,1,1,1,594.29,422.77,594.29,422.77,0,0,0,0,0,0,1129166,1075542
807,1082,60972582,62736041,23969,8173,87,8178,0,-8,-18,-8,-18,1,1,1,594.29,422.77,594.29,422.77,0,0,0,0,0,0,973375,915959
808,1083,58996044,56988542,23817,8173,87,8178,0,-6,-18,-6,-18,1,1,1,685.71,416.09,685.71,416.09,0,0,0,0,0,0,796625,743208
809,1084,56267913,58172917,23881,8173,87,8178,0,-6,-18,-6,-18,1,1,1,685.71,416.09,685.71,416.09,0,0,0,0,0,0,1217709,1153750
810,1085,55969081,53349083,24521,8173,87,8178,0,-6,-18,-6,-18,1,1,1,685.71,416.09,685.71,416.09,0,0,0,0,0,0,865333,814583
811,1086,49681078,52410417,24097,8174,88,8179,0,-6,-18,-6,-18,1,1,1,685.71,416.09,685.71,416.09,0,0,0,0,0,0,882042,818000
812,1087,46340666,46187791,23817,8173,87,8178,0,-5,-18,-5,-18,1,1,1,731.43,431,731.43,431,0,0,0,0,0,0,756916,712583
813,1088,45370962,44114208,23905,8173,87,8178,0,-5,-18,-5,-18,1,1,1,731.43,431,731.43,431,0,0,0,0,0,0,686083,619125
814,1089,46393748,47805958,23881,8173,87,8178,0,-5,-18,-5,-18,1,1,1,731.43,431,731.43,431,0,0,0,0,0,0,651208,612166
815,1090,41641417,41469875,23869,8173,90,8178,0,-5,-18,-5,-18,1,1,1,731.43,431,731.43,431,0,0,0,0,0,0,652750,603500
816,1091,44275246,42734833,23289,8173,87,8178,0,-4,-18,-4,-18,1,1,1,777.14,453.14,777.14,453.14,0,0,0,0,0,0,575458,540084
817,1092,53880833,55358042,26891,8085,87,8090,0,-4,-18,-4,-18,1,1,1,777.14,453.14,777.14,453.14,0,0,0,0,0,0,750916,701000
818,1093,51198754,49493667,25967,8085,87,8090,0,-4,-18,-4,-18,1,1,1,777.14,453.14,777.14,453.14,0,0,0,0,0,0,619334,569500
819,1094,51918160,53544833,23353,8085,87,8090,0,-4,-18,-4,-18,1,1,1,777.14,453.14,777.14,453.14,0,0,0,0,0,0,721292,673667
820,1095,68216748,64587167,23993,8085,87,8090,0,-3,-18,-3,-18,1,1,1,822.86,475.99,822.86,475.99,0,0,0,0,0,0,785583,740542
821,1096,65781839,69345375,23569,8085,87,8090,0,-3,-18,-3,-18,1,1,1,822.86,475.99,822.86,475.99,0,0,0,0,0,0,1328125,1191834
822,1097,73035955,70570583,23289,8085,87,8090,0,-3,-18,-3,-18,1,1,1,822.86,475.99,822.86,475.99,0,0,0,0,0,0,1081875,1025375
823,1098,73055252,75454500,23493,8085,87,8090,0,-3,-18,-3,-18,1,1,1,822.86,475.99,822.86,475.99,0,0,0,0,0,0,966458,859208
824,1099,71557335,69652875,23289,8085,90,8090,0,-2,-18,-2,-18,1,1,1,868.57,498.85,868.57,498.85,0,0,0,0,0,0,886666,813834
825,1100,65317578,67189791,23353,8085,87,8090,0,-2,-18,-2,-18,1,1,1,868.57,498.85,868.57,498.85,0,0,0,0,0,0,1280792,1213625
826,1101,59825416,58270459,23429,8086,88,8091,0,-2,-18,-2,-18,1,1,1,868.57,498.85,868.57,498.85,0,0,0,0,0,0,929625,872917
827,1102,53235705,54631209,23353,8085,87,8090,0,-2,-18,-2,-18,1,1,1,868.57,498.85,868.57,498.85,0,0,0,0,0,0,785500,699542
828,1103,53602252,51223083,23853,8085,87,8090,0,-1,-18,-1,-18,1,1,1,914.29,521.71,914.29,521.71,0,0,0,0,0,0,699000,661041
829,1104,47051075,49402500,23657,8085,87,8090,0,-1,-18,-1,-18,1,1,1,914.29,521.71,914.29,521.71,0,0,0,0,0,0,621417,584209
830,1105,56616753,55271375,23341,8085,87,8090,0,-1,-18,-1,-18,1,1,1,914.29,521.71,914.29,521.71,0,0,0,0,0,0,732708,670250
831,1106,55733170,56872166,23353,8085,87,8090,0,-1,-18,-1,-18,1,1,1,914.29,521.71,914.29,521.71,0,0,0,0,0,0,1094250,1037542
832,1107,59703204,58458583,23377,8085,87,8090,0,0,-18,0,-18,1,1,1,960,544.56,960,544.56,0,0,0,0,0,0,813459,768333
833,1108,54011918,55466500,23353,8085,90,8090,0,0,-18,0,-18,1,1,1,960,544.56,960,544.56,0,0,0,0,0,0,842167,782750
834,1109,55760961,54129083,23341,8085,87,8090,0,0,-18,0,-18,1,1,1,960,544.56,960,544.56,0,0,0,0,0,0,717458,674375
835,1110,51598701,53224416,23441,8085,87,8090,0,0,-18,0,-18,1,1,1,960,544.56,960,544.56,0,0,0,0,0,0,719459,675042
836,1111,52899211,51566167,23289,8085,87,8090,0,1,-18,1,-18,1,1,1,1005.71,567.42,1005.71,567.42,0,0,0,0,0,0,788958,735834
837,1112,44258702,44316708,23917,8085,87,8090,0,1,-18,1,-18,1,1,1,1005.71,567.42,1005.71,567.42,0,0,0,0,0,0,617208,581209
838,1113,40128465,41385708,23557,8085,87,8090,0,1,-18,1,-18,1,1,1,1005.71,567.42,1005.71,567.42,0,0,0,0,0,0,651959,616166
839,1114,39334539,38256000,23377,8085,87,8090,0,1,-18,1,-18,1,1,1,1005.71,567.42,1005.71,567.42,0,0,0,0,0,0,551750,512958
840,1115,35275205,36372917,23353,8085,87,8090,0,2,-18,2,-18,1,1,1,1051.43,590.28,1051.43,590.28,0,0,0,0,0,0,546917,514584
841,1116,33745210,33728000,23289,8086,88,8091,0,2,-18,2,-18,1,1,1,1051.43,590.28,1051.43,590.28,0,0,0,0,0,0,502583,473125
842,1117,40268670,39235167,23289,8085,87,8090,0,2,-18,2,-18,1,1,1,1051.43,590.28,1051.43,590.28,0,0,0,0,0,0,648292,611125
843,1118,34809537,35796250,23353,8085,90,8090,0,2,-18,2,-18,1,1,1,1051.43,590.28,1051.43,590.28,0,0,0,0,0,0,549792,519958
844,1119,37041164,37056542,23429,8085,87,8090,0,3,-18,3,-18,1,1,1,1097.14,613.14,1097.14,613.14,0,0,0,0,0,0,469083,440833
845,1120,40427587,38601583,23289,8085,87,8090,0,3,-18,3,-18,1,1,1,1097.14,613.14,1097.14,613.14,0,0,0,0,0,0,863458,805708
846,1121,35330291,37124084,23353,8085,87,8090,0,3,-18,3,-18,1,1,1,1097.14,613.14,1097.14,613.14,0,0,0,0,0,0,551542,522125
847,1122,40682163,40594125,23289,8085,87,8090,0,3,-18,3,-18,1,1,1,1097.14,613.14,1097.14,613.14,0,0,0,0,0,0,584500,550291
848,1123,45070670,43703166,23377,8085,87,8090,0,4,-18,4,-18,1,1,1,1142.86,635.99,1142.86,635.99,0,0,0,0,0,0,694791,649417
849,1124,47233581,48462917,23353,8085,87,8090,0,4,-18,4,-18,1,1,1,1142.86,635.99,1142.86,635.99,0,0,0,0,0,0,635083,599125
850,1125,62549203,58685667,23905,8085,87,8090,0,4,-18,4,-18,1,1,1,1142.86,635.99,1142.86,635.99,0,0,0,0,0,0,768916,725834
851,1126,62747709,66556916,23657,8085,87,8090,0,4,-18,4,-18,1,1,1,1142.86,635.99,1142.86,635.99,0,0,0,0,0,0,1011042,935375
852,1127,70036038,67751792,23709,8085,87,8090,0,5,-18,5,-18,1,1,1,1188.57,662.98,1188.57,662.98,0,0,0,0,0,0,1196042,1139041
853,1128,71022666,72843708,23773,8155,87,8160,0,5,-18,5,-18,1,1,1,1188.57,662.98,1188.57,662.98,0,0,0,0,0,0,1063500,992917
854,1129,80270834,78450375,27299,8155,90,8160,0,5,-18,5,-18,1,1,1,1188.57,662.98,1188.57,662.98,0,0,0,0,0,0,958416,899667
855,1130,66228456,68359417,26451,8155,87,8160,0,5,-18,5,-18,1,1,1,1188.57,662.98,1188.57,662.98,0,0,0,0,0,0,1063833,986958
856,1131,65432958,63174417,23709,8156,88,8161,0,6,-18,6,-18,1,1,1,1234.29,696.59,1234.29,696.59,0,0,0,0,0,0,1058041,996917
857,1132,56690871,57207417,24477,8155,87,8160,0,6,-18,6,-18,1,1,1,1234.29,696.59,1234.29,696.59,0,0,0,0,0,0,1332333,1038333
858,1133,55377330,55625250,23925,8155,87,8160,0,6,-18,6,-18,1,1,1,1234.29,696.59,1234.29,696.59,0,0,0,0,0,0,828834,782542
859,1134,53629420,54856375,23773,8155,87,8160,0,6,-18,6,-18,1,1,1,1234.29,696.59,1234.29,696.59,0,0,0,0,0,0,839542,751625
860,1135,52887082,51504334,23797,8155,87,8160,0,7,-18,7,-18,1,1,1,1280,736.66,1280,736.66,0,0,0,0,0,0,801709,752208
861,1136,59441454,61025333,23825,8155,87,8160,0,7,-18,7,-18,1,1,1,1280,736.66,1280,736.66,0,0,0,0,0,0,945000,884708
862,1137,59020090,57395417,23709,8155,90,8160,0,7,-18,7,-18,1,1,1,1280,736.66,1280,736.66,0,0,0,0,0,0,1289250,1212125
863,1138,55708914,57301666,23861,8155,87,8160,0,7,-18,7,-18,1,1,1,1280,736.66,1280,736.66,0,0,0,0,0,0,844084,780458
864,1139,68289540,66394417,23709,8155,87,8160,0,8,-18,8,-18,1,1,1,1325.71,772.98,1325.71,772.98,0,0,0,0,0,0,966250,916000
865,1140,57017914,58787792,23825,8155,87,8160,0,8,-18,8,-18,1,1,1,1325.71,772.98,1325.71,772.98,0,0,0,0,0,0,1067084,875500
866,1141,54632503,52412542,24361,8155,87,8160,0,8,-18,8,-18,1,1,1,1325.71,772.98,1325.71,772.98,0,0,0,0,0,0,791417,742125
867,1142,41508086,43841667,23989,8155,87,8160,0,8,-18,8,-18,1,1,1,1325.71,772.98,1325.71,772.98,0,0,0,0,0,0,705959,659125
868,1143,40232703,40239708,23709,8155,87,8160,0,9,-18,9,-18,1,1,1,1371.43,801.36,1371.43,801.36,0,0,0,0,0,0,721833,680459
869,1144,39094712,37910958,23709,8155,87,8160,0,9,-18,9,-18,1,1,1,1371.43,801.36,1371.43,801.36,0,0,0,0,0,0,649167,603084
870,1145,37937372,39108000,23913,8155,87,8160,0,9,-18,9,-18,1,1,1,1371.43,801.36,1371.43,801.36,0,0,0,0,0,0,717125,679209
871,1146,34028459,34028375,23709,8156,91,8161,0,9,-18,9,-18,1,1,1,1371.43,801.36,1371.43,801.36,0,0,0,0,0,0,538542,493750
872,1147,34579295,33540292,23709,8155,87,8160,0,10,-18,10,-18,1,1,1,1417.14,823.72,1417.14,823.72,0,0,0,0,0,0,557834,524917
873,1148,32705873,33716458,23773,8155,87,8160,0,10,-18,10,-18,1,1,1,1417.14,823.72,1417.14,823.72,0,0,0,0,0,0,581875,541458
874,1149,34088831,33994125,23709,8155,87,8160,0,10,-18,10,-18,1,1,1,1417.14,823.72,1417.14,823.72,0,0,0,0,0,0,587375,554500
875,1150,34722208,33766209,23797,8155,87,8160,0,10,-18,10,-18,1,1,1,1417.14,823.72,1417.14,823.72,0,0,0,0,0,0,542875,499958
876,1151,32598000,33582209,23825,8155,87,8160,0,11,-18,11,-18,1,1,1,1462.86,845.83,1462.86,845.83,0,0,0,0,0,0,612083,576916
877,1152,33697038,33700208,23709,8155,87,8160,0,11,-18,11,-18,1,1,1,1462.86,845.83,1462.86,845.83,0,0,0,0,0,0,562541,519750
878,1153,34425213,33341833,23709,8155,87,8160,0,11,-18,11,-18,1,1,1,1462.86,845.83,1462.86,845.83,0,0,0,0,0,0,570167,536708
879,1154,33433914,33390583,24337,8155,87,8160,0,11,-18,11,-18,1,1,1,1462.86,845.83,1462.86,845.83,0,0,0,0,0,0,548334,507625
880,1155,32145123,33202500,24013,8155,87,8160,0,12,-18,12,-18,1,1,1,1508.57,868.27,1508.57,868.27,0,0,0,0,0,0,553083,520083
881,1156,34469500,33448000,23709,8155,87,8160,0,12,-18,12,-18,1,1,1,1508.57,868.27,1508.57,868.27,0,0,0,0,0,0,565292,527833
882,1157,32703995,33602167,23825,8155,87,8160,0,12,-18,12,-18,1,1,1,1508.57,868.27,1508.57,868.27,0,0,0,0,0,0,593791,561708
883,1158,33477749,33560834,23709,8155,87,8160,0,12,-18,12,-18,1,1,1,1508.57,868.27,1508.57,868.27,0,0,0,0,0,0,532334,495167
884,1159,34516334,33401792,23709,8155,87,8160,0,13,-18,13,-18,1,1,1,1554.29,892.25,1554.29,892.25,0,0,0,0,0,0,547125,511833
885,1160,36261714,37361167,23861,8155,87,8160,0,13,-18,13,-18,1,1,1,1554.29,892.25,1554.29,892.25,0,0,0,0,0,0,627625,584500
886,1161,32053247,32024542,23709,8156,91,8161,0,13,-18,13,-18,1,1,1,1554.29,892.25,1554.29,892.25,0,0,0,0,0,0,481292,451250
887,1162,33850587,32917250,23709,8155,87,8160,0,13,-18,13,-18,1,1,1,1554.29,892.25,1554.29,892.25,0,0,0,0,0,0,543583,503625
888,1163,31717494,32619125,23825,8155,87,8160,0,14,-18,14,-18,1,1,1,1600,918.02,1600,918.02,0,0,0,0,0,0,558667,524500
889,1164,32825503,32556166,23709,8155,87,8160,0,14,-18,14,-18,1,1,1,1600,918.02,1600,918.02,0,0,0,0,0,0,526833,486458
890,1165,33885415,34076042,23797,8155,87,8160,0,14,-18,14,-18,1,1,1,1600,918.02,1600,918.02,0,0,0,0,0,0,572375,539167
891,1166,34393161,33407125,23709,8155,87,8160,0,14,-18,14,-18,1,1,1,1600,918.02,1600,918.02,0,0,0,0,0,0,575500,534792
892,1167,33078499,34051208,23773,8155,87,8160,0,15,-18,15,-18,1,1,1,1645.71,944.98,1645.71,944.98,0,0,0,0,0,0,543292,509167
893,1168,34482333,34451834,23709,8155,87,8160,0,15,-18,15,-18,1,1,1,1645.71,944.98,1645.71,944.98,0,0,0,0,0,0,638667,594042
894,1169,35485707,33697916,24325,8155,87,8160,0,15,-18,15,-18,1,1,1,1645.71,944.98,1645.71,944.98,0,0,0,0,0,0,518000,485291
895,1170,33522464,35328625,24077,8155,87,8160,0,15,-18,15,-18,1,1,1,1645.71,944.98,1645.71,944.98,0,0,0,0,0,0,604792,565000
896,1171,33738244,33693417,23709,8155,87,8160,0,16,-18,16,-18,1,1,1,1691.43,972.01,1691.43,972.01,0,0,0,0,0,0,527375,494042
897,1172,35592459,34568833,23709,8155,87,8160,0,16,-18,16,-18,1,1,1,1691.43,972.01,1691.43,972.01,0,0,0,0,0,0,589292,532417
898,1173,33259708,34251875,23773,8155,87,8160,0,16,-18,16,-18,1,1,1,1691.43,972.01,1691.43,972.01,0,0,0,0,0,0,572833,540250
899,1174,36188498,36134167,23709,8155,87,8160,0,16,-18,16,-18,1,1,1,1691.43,972.01,1691.43,972.01,0,0,0,0,0,0,627625,590000
900,1175,43475128,42161500,23849,8155,87,8160,0,15,-18,15,-18,1,1,1,1645.71,944.98,1645.71,944.98,0,0,0,0,0,0,642833,607167
901,1176,35525836,36852625,23773,8156,91,8161,0,15,-18,15,-18,1,1,1,1645.71,944.98,1645.71,944.98,0,0,0,0,0,0,555375,513000
902,1177,35380415,35359958,23709,8155,87,8160,0,15,-18,15,-18,1,1,1,1645.71,944.98,1645.71,944.98,0,0,0,0,0,0,534666,501625
903,1178,40908623,39506250,23709,8155,87,8160,0,15,-18,15,-18,1,1,1,1645.71,944.98,1645.71,944.98,0,0,0,0,0,0,525167,488708
904,1179,43504167,44814167,23861,8155,87,8160,0,14,-18,14,-18,1,1,1,1600,918.02,1600,918.02,0,0,0,0,0,0,666292,622375
905,1180,55112756,54932917,23709,8155,87,8160,0,14,-18,14,-18,1,1,1,1600,918.02,1600,918.02,0,0,0,0,0,0,727750,679500
906,1181,70573039,66800625,24325,8155,87,8160,0,14,-18,14,-18,1,1,1,1600,918.02,1600,918.02,0,0,0,0,0,0,1078709,993791
907,1182,66551208,70168625,24077,8155,87,8160,0,14,-18,14,-18,1,1,1,1600,918.02,1600,918.02,0,0,0,0,0,0,1075208,1001916
908,1183,70851206,69010833,23709,8155,87,8160,0,13,-18,13,-18,1,1,1,1554.29,892.25,1554.29,892.25,0,0,0,0,0,0,1028041,973667
909,1184,65208204,67007500,23825,8155,87,8160,0,13,-18,13,-18,1,1,1,1554.29,892.25,1554.29,892.25,0,0,0,0,0,0,993791,921500
910,1185,77444292,75419459,23797,8155,87,8160,0,13,-18,13,-18,1,1,1,1554.29,892.25,1554.29,892.25,0,0,0,0,0,0,1391125,1304125
911,1186,63536830,65654916,23773,8155,90,8160,0,13,-18,13,-18,1,1,1,1554.29,892.25,1554.29,892.25,0,0,0,0,0,0,1037291,954750
912,1187,56259706,54447792,23761,8155,87,8160,0,12,-18,12,-18,1,1,1,1508.57,868.27,1508.57,868.27,0,0,0,0,0,0,821666,768209
913,1188,50428457,52249709,23861,8155,87,8160,0,12,-18,12,-18,1,1,1,1508.57,868.27,1508.57,868.27,0,0,0,0,0,0,897125,827375
914,1189,49471125,47604667,24273,8155,87,8160,0,12,-18,12,-18,1,1,1,1508.57,868.27,1508.57,868.27,0,0,0,0,0,0,728667,685000
915,1190,48154208,48445208,23925,8155,87,8160,0,12,-18,12,-18,1,1,1,1508.57,868.27,1508.57,868.27,0,0,0,0,0,0,728292,677084
916,1191,45706916,47192917,23825,8156,88,8161,0,11,-18,11,-18,1,1,1,1462.86,845.83,1462.86,845.83,0,0,0,0,0,0,747333,702458
917,1192,46696081,46735333,23797,8155,87,8160,0,11,-18,11,-18,1,1,1,1462.86,845.83,1462.86,845.83,0,0,0,0,0,0,665583,614375
918,1193,57720959,56167958,23709,8155,87,8160,0,11,-18,11,-18,1,1,1,1462.86,845.83,1462.86,845.83,0,0,0,0,0,0,1234125,1162167
919,1194,57821501,59208208,23773,8155,87,8160,0,11,-18,11,-18,1,1,1,1462.86,845.83,1462.86,845.83,0,0,0,0,0,0,877375,816000
920,1195,69448627,67219792,23849,8155,90,8160,0,10,-18,10,-18,1,1,1,1417.14,823.72,1417.14,823.72,0,0,0,0,0,0,1272167,1204333
921,1196,65740458,67927541,23773,8155,87,8160,0,10,-18,10,-18,1,1,1,1417.14,823.72,1417.14,823.72,0,0,0,0,0,0,1239209,1165500
922,1197,71073874,68622000,23709,8155,87,8160,0,10,-18,10,-18,1,1,1,1417.14,823.72,1417.14,823.72,0,0,0,0,0,0,1242375,1163917
923,1198,64912915,65738208,24477,8155,87,8160,0,10,-18,10,-18,1,1,1,1417.14,823.72,1417.14,823.72,0,0,0,0,0,0,1021041,945916
924,1199,50448495,50841708,23925,8155,87,8160,0,9,-18,9,-18,1,1,1,1371.43,801.36,1371.43,801.36,0,0,0,0,0,0,847542,797833
925,1200,40916290,42162291,23773,8155,87,8160,0,9,-18,9,-18,1,1,1,1371.43,801.36,1371.43,801.36,0,0,0,0,0,0,659667,614042
926,1201,38639415,38610000,23797,8155,87,8160,0,9,-18,9,-18,1,1,1,1371.43,801.36,1371.43,801.36,0,0,0,0,0,0,609167,572167
927,1202,42761083,41578625,23709,8155,87,8160,0,9,-18,9,-18,1,1,1,1371.43,801.36,1371.43,801.36,0,0,0,0,0,0,650583,601250
928,1203,35808127,37058041,23825,8155,90,8160,0,8,-18,8,-18,1,1,1,1325.71,772.98,1325.71,772.98,0,0,0,0,0,0,618125,581583
929,1204,38654003,38582542,23709,8155,87,8160,0,8,-18,8,-18,1,1,1,1325.71,772.98,1325.71,772.98,0,0,0,0,0,0,586833,545667
930,1205,38426417,37172708,23797,8155,87,8160,0,8,-18,8,-18,1,1,1,1325.71,772.98,1325.71,772.98,0,0,0,0,0,0,608583,559208
931,1206,39525538,40339916,23773,8156,88,8161,0,8,-18,8,-18,1,1,1,1325.71,772.98,1325.71,772.98,0,0,0,0,0,0,769541,712250
932,1207,41368246,41750125,23709,8155,87,8160,0,7,-18,7,-18,1,1,1,1280,736.66,1280,736.66,0,0,0,0,0,0,596209,559500
933,1208,46713959,45363708,23709,8155,87,8160,0,7,-18,7,-18,1,1,1,1280,736.66,1280,736.66,0,0,0,0,0,0,601791,550791
934,1209,47000665,48242333,23913,8155,87,8160,0,7,-18,7,-18,1,1,1,1280,736.66,1280,736.66,0,0,0,0,0,0,866916,821125
935,1210,57714872,54774417,24273,8155,87,8160,0,7,-18,7,-18,1,1,1,1280,736.66,1280,736.66,0,0,0,0,0,0,765042,701625
936,1211,62568381,65294875,23989,8155,87,8160,0,6,-18,6,-18,1,1,1,1234.29,696.59,1234.29,696.59,0,0,0,0,0,0,835541,788750
937,1212,71127913,68591791,23797,8155,87,8160,0,6,-18,6,-18,1,1,1,1234.29,696.59,1234.29,696.59,0,0,0,0,0,0,1058083,989292
938,1213,73548793,76121625,23825,8155,87,8160,0,6,-18,6,-18,1,1,1,1234.29,696.59,1234.29,696.59,0,0,0,0,0,0,1161125,1101292
939,1214,70626787,68565625,23709,8155,90,8160,0,6,-18,6,-18,1,1,1,1234.29,696.59,1234.29,696.59,0,0,0,0,0,0,1039125,965875
940,1215,67822337,69768375,23861,8155,87,8160,0,5,-18,5,-18,1,1,1,1188.57,662.98,1188.57,662.98,0,0,0,0,0,0,1361542,1297917
941,1216,60929499,59321125,23761,8155,87,8160,0,5,-18,5,-18,1,1,1,1188.57,662.98,1188.57,662.98,0,0,0,0,0,0,824791,766583
942,1217,53879540,53985583,24337,8155,87,8160,0,5,-18,5,-18,1,1,1,1188.57,662.98,1188.57,662.98,0,0,0,0,0,0,875875,825292
943,1218,56019790,55634792,24013,8155,87,8160,0,5,-18,5,-18,1,1,1,1188.57,662.98,1188.57,662.98,0,0,0,0,0,0,804917,730875
944,1219,54261587,56006166,23353,8155,87,8160,0,4,-18,4,-18,1,1,1,1142.86,635.99,1142.86,635.99,0,0,0,0,0,0,832041,788667
945,1220,56973002,55475250,23341,8085,87,8090,0,4,-18,4,-18,1,1,1,1142.86,635.99,1142.86,635.99,0,0,0,0,0,0,690250,646167
946,1221,69220125,70859000,26891,8086,88,8091,0,4,-18,4,-18,1,1,1,1142.86,635.99,1142.86,635.99,0,0,0,0,0,0,1349542,1278042
947,1222,56736789,54981958,25967,8085,90,8090,0,4,-18,4,-18,1,1,1,1142.86,635.99,1142.86,635.99,0,0,0,0,0,0,960125,901459
948,1223,53352039,54923625,23353,8085,87,8090,0,3,-18,3,-18,1,1,1,1097.14,613.14,1097.14,613.14,0,0,0,0,0,0,849000,801208
949,1224,63946872,62161834,23429,8085,87,8090,0,3,-18,3,-18,1,1,1,1097.14,613.14,1097.14,613.14,0,0,0,0,0,0,765625,714208
950,1225,63801534,65658750,23353,8085,87,8090,0,3,-18,3,-18,1,1,1,1097.14,613.14,1097.14,613.14,0,0,0,0,0,0,918500,865041
951,1226,58224793,55375042,23853,8085,87,8090,0,3,-18,3,-18,1,1,1,1097.14,613.14,1097.14,613.14,0,0,0,0,0,0,715292,672500
952,1227,51610127,54436125,23657,8085,87,8090,0,2,-18,2,-18,1,1,1,1051.43,590.28,1051.43,590.28,0,0,0,0,0,0,755416,702208
953,1228,58075830,56450917,23341,8085,87,8090,0,2,-18,2,-18,1,1,1,1051.43,590.28,1051.43,590.28,0,0,0,0,0,0,718500,672750
954,1229,59886004,61286292,23353,8085,87,8090,0,2,-18,2,-18,1,1,1,1051.43,590.28,1051.43,590.28,0,0,0,0,0,0,825708,777042
955,1230,61696499,60128000,23377,8085,90,8090,0,2,-18,2,-18,1,1,1,1051.43,590.28,1051.43,590.28,0,0,0,0,0,0,875750,814500
956,1231,53666036,55355667,23353,8085,87,8090,0,1,-18,1,-18,1,1,1,1005.71,567.42,1005.71,567.42,0,0,0,0,0,0,756541,712500
957,1232,55125419,53534292,23341,8085,87,8090,0,1,-18,1,-18,1,1,1,1005.71,567.42,1005.71,567.42,0,0,0,0,0,0,787375,740125
958,1233,48700999,50323708,23441,8085,87,8090,0,1,-18,1,-18,1,1,1,1005.71,567.42,1005.71,567.42,0,0,0,0,0,0,817583,746750
959,1234,42425632,42457208,23289,8085,87,8090,0,1,-18,1,-18,1,1,1,1005.71,567.42,1005.71,567.42,0,0,0,0,0,0,618000,579583
960,1235,40894161,38717500,23853,8085,87,8090,0,0,-18,0,-18,1,1,1,960,544.56,960,544.56,0,0,0,0,0,0,562666,529959
961,1236,35324044,37408375,23569,8086,88,8091,0,0,-18,0,-18,1,1,1,960,544.56,960,544.56,0,0,0,0,0,0,535708,493875
962,1237,34113500,34159625,23429,8085,87,8090,0,0,-18,0,-18,1,1,1,960,544.56,960,544.56,0,0,0,0,0,0,528000,497875
963,1238,34237381,33202542,23289,8085,87,8090,0,0,-18,0,-18,1,1,1,960,544.56,960,544.56,0,0,0,0,0,0,556792,527875
964,1239,32915499,33913709,23353,8085,87,8090,0,-1,-18,-1,-18,1,1,1,914.29,521.71,914.29,521.71,0,0,0,0,0,0,536834,499625
965,1240,36768876,36783667,23289,8085,87,8090,0,-1,-18,-1,-18,1,1,1,914.29,521.71,914.29,521.71,0,0,0,0,0,0,563958,531708
966,1241,34715957,33631833,23289,8085,90,8090,0,-1,-18,-1,-18,1,1,1,914.29,521.71,914.29,521.71,0,0,0,0,0,0,478125,449333
967,1242,32598454,33624459,23441,8085,87,8090,0,-1,-18,-1,-18,1,1,1,914.29,521.71,914.29,521.71,0,0,0,0,0,0,498791,457209
968,1243,33407334,33395542,23341,8085,87,8090,0,-2,-18,-2,-18,1,1,1,868.57,498.85,868.57,498.85,0,0,0,0,0,0,478167,448875
969,1244,34566916,33553916,23289,8085,87,8090,0,-2,-18,-2,-18,1,1,1,868.57,498.85,868.57,498.85,0,0,0,0,0,0,541083,512000
970,1245,32594960,33564458,23353,8085,87,8090,0,-2,-18,-2,-18,1,1,1,868.57,498.85,868.57,498.85,0,0,0,0,0,0,494500,456167
971,1246,33895123,33660958,23289,8085,87,8090,0,-2,-18,-2,-18,1,1,1,868.57,498.85,868.57,498.85,0,0,0,0,0,0,484500,454750
972,1247,35248711,34445625,23377,8085,87,8090,0,-3,-18,-3,-18,1,1,1,822.86,475.99,822.86,475.99,0,0,0,0,0,0,538750,509000
973,1248,35157248,36158584,23353,8085,87,8090,0,-3,-18,-3,-18,1,1,1,822.86,475.99,822.86,475.99,0,0,0,0,0,0,516041,474750
974,1249,39628289,38034792,23341,8085,87,8090,0,-3,-18,-3,-18,1,1,1,822.86,475.99,822.86,475.99,0,0,0,0,0,0,498375,467125
975,1250,39024334,39179917,24069,8085,87,8090,0,-3,-18,-3,-18,1,1,1,822.86,475.99,822.86,475.99,0,0,0,0,0,0,904708,858291
976,1251,35938337,37233959,23353,8086,88,8091,0,-4,-18,-4,-18,1,1,1,777.14,453.14,777.14,453.14,0,0,0,0,0,0,580375,539250
977,1252,38074377,38020459,23377,8085,87,8090,0,-4,-18,-4,-18,1,1,1,777.14,453.14,777.14,453.14,0,0,0,0,0,0,507625,477083
978,1253,45360375,44162584,23289,8085,87,8090,0,-4,-18,-4,-18,1,1,1,777.14,453.14,777.14,453.14,0,0,0,0,0,0,535708,500750
979,1254,53888209,54982709,23353,8085,87,8090,0,-4,-18,-4,-18,1,1,1,777.14,453.14,777.14,453.14,0,0,0,0,0,0,722125,672458
980,1255,65374664,63392625,23869,8085,90,8090,0,-5,-18,-5,-18,1,1,1,731.43,431,731.43,431,0,0,0,0,0,0,1049875,997708
981,1256,78772917,80627417,27419,8173,87,8178,0,-5,-18,-5,-18,1,1,1,731.43,431,731.43,431,0,0,0,0,0,0,1097375,971000
982,1257,70941537,69149417,26495,8173,87,8178,0,-5,-18,-5,-18,1,1,1,731.43,431,731.43,431,0,0,0,0,0,0,1001333,935666
983,1258,68001747,69688916,23933,8173,87,8178,0,-5,-18,-5,-18,1,1,1,731.43,431,731.43,431,0,0,0,0,0,0,1163875,1088708
984,1259,72886541,68753208,24469,8173,87,8178,0,-6,-18,-6,-18,1,1,1,685.71,416.09,685.71,416.09,0,0,0,0,0,0,1222208,1163375
985,1260,65044037,69037667,24097,8173,87,8178,0,-6,-18,-6,-18,1,1,1,685.71,416.09,685.71,416.09,0,0,0,0,0,0,1112875,1031875
986,1261,63995622,62511583,23869,8173,87,8178,0,-6,-18,-6,-18,1,1,1,685.71,416.09,685.71,416.09,0,0,0,0,0,0,987792,921333
987,1262,60055796,61748833,23969,8173,87,8178,0,-6,-18,-6,-18,1,1,1,685.71,416.09,685.71,416.09,0,0,0,0,0,0,904750,772333
988,1263,53500246,52184917,23817,8173,90,8178,0,-8,-18,-8,-18,1,1,1,594.29,422.77,594.29,422.77,0,0,0,0,0,0,817125,765916
989,1264,47821830,49039834,23881,8173,87,8178,0,-8,-18,-8,-18,1,1,1,594.29,422.77,594.29,422.77,0,0,0,0,0,0,1250542,1175500
990,1265,48344545,48389000,23957,8173,87,8178,0,-8,-18,-8,-18,1,1,1,594.29,422.77,594.29,422.77,0,0,0,0,0,0,694208,650167
991,1266,55207412,53748958,23817,8174,88,8179,0,-8,-18,-8,-18,1,1,1,594.29,422.77,594.29,422.77,0,0,0,0,0,0,776167,717917
992,1267,55974256,55519791,24445,8173,87,8178,0,-9,-18,-9,-18,1,1,1,548.57,418.39,548.57,418.39,0,0,0,0,0,0,912917,856084
993,1268,55531829,55873542,24121,8173,87,8178,0,-9,-18,-9,-18,1,1,1,548.57,418.39,548.57,418.39,0,0,0,0,0,0,873709,813750
994,1269,54010041,55466667,23933,8173,87,8178,0,-9,-18,-9,-18,1,1,1,548.57,418.39,548.57,418.39,0,0,0,0,0,0,814167,762042
995,1270,57076919,55104000,23817,8173,87,8178,0,-9,-18,-9,-18,1,1,1,548.57,418.39,548.57,418.39,0,0,0,0,0,0,829500,768417
996,1271,59162244,61116167,23969,8173,87,8178,0,-10,-18,-10,-18,1,1,1,502.86,399.44,502.86,399.44,0,0,0,0,0,0,835583,778917
997,1272,59140879,57191000,23817,8173,90,8178,0,-10,-18,-10,-18,1,1,1,502.86,399.44,502.86,399.44,0,0,0,0,0,0,1254125,1175625
998,1273,64119115,65640500,23933,8173,87,8178,0,-10,-18,-10,-18,1,1,1,502.86,399.44,502.86,399.44,0,0,0,0,0,0,1045542,978917
999,1274,62198255,61044709,23905,8173,87,8178,0,-10,-18,-10,-18,1,1,1,502.86,399.44,502.86,399.44,0,0,0,0,0,0,898292,817792
1000,1275,60360040,61558292,23881,8173,87,8178,0,-11,-18,-11,-18,1,1,1,457.14,380.06,457.14,380.06,0,0,0,0,0,0,1290667,1225375
1001,1276,64701043,61171416,24381,8173,87,8178,0,-11,-18,-11,-18,1,1,1,457.14,380.06,457.14,380.06,0,0,0,0,0,0,857542,794917
1002,1277,52799958,56536500,24237,8173,87,8178,0,-11,-18,-11,-18,1,1,1,457.14,380.06,457.14,380.06,0,0,0,0,0,0,971583,906750
1003,1278,53064208,51827792,23817,8173,87,8178,0,-11,-18,-11,-18,1,1,1,457.14,380.06,457.14,380.06,0,0,0,0,0,0,787625,728875
1004,1279,47698371,48923375,23881,8173,87,8178,0,-12,-18,-12,-18,1,1,1,411.43,359.32,411.43,359.32,0,0,0,0,0,0,848083,795041
1005,1280,40656000,40709167,23905,8173,90,8178,0,-12,-18,-12,-18,1,1,1,411.43,359.32,411.43,359.32,0,0,0,0,0,0,734167,684625
1006,1281,38900997,37859667,23817,8174,88,8179,0,-12,-18,-12,-18,1,1,1,411.43,359.32,411.43,359.32,0,0,0,0,0,0,642458,604542
1007,1282,34261919,35295375,23933,8173,87,8178,0,-12,-18,-12,-18,1,1,1,411.43,359.32,411.43,359.32,0,0,0,0,0,0,532292,494583
1008,1283,34655500,34661666,23817,8173,87,8178,0,-13,-18,-13,-18,1,1,1,365.71,336.6,365.71,336.6,0,0,0,0,0,0,560750,525542
1009,1284,37256624,35952375,23817,8173,87,8178,0,-13,-18,-13,-18,1,1,1,365.71,336.6,365.71,336.6,0,0,0,0,0,0,544083,500666
1010,1285,34216377,35491334,23969,8173,87,8178,0,-13,-18,-13,-18,1,1,1,365.71,336.6,365.71,336.6,0,0,0,0,0,0,579750,539917
1011,1286,36654748,36624500,23817,8173,87,8178,0,-13,-18,-13,-18,1,1,1,365.71,336.6,365.71,336.6,0,0,0,0,0,0,559833,521416
1012,1287,39727963,37496000,24381,8173,87,8178,0,-14,-18,-14,-18,1,1,1,320,311.82,320,311.82,0,0,0,0,0,0,606166,572875
1013,1288,35632580,37833875,24149,8173,87,8178,0,-14,-18,-14,-18,1,1,1,320,311.82,320,311.82,0,0,0,0,0,0,588042,538333
1014,1289,38170620,38115959,23817,8173,87,8178,0,-14,-18,-14,-18,1,1,1,320,311.82,320,311.82,0,0,0,0,0,0,835208,800583
1015,1290,40008544,38846625,23905,8173,87,8178,0,-14,-18,-14,-18,1,1,1,320,311.82,320,311.82,0,0,0,0,0,0,612666,567708
1016,1291,42013209,43098167,23881,8173,87,8178,0,-15,-18,-15,-18,1,1,1,274.29,285.43,274.29,285.43,0,0,0,0,0,0,731000,689708
1017,1292,53121250,52865500,23817,8173,87,8178,0,-15,-18,-15,-18,1,1,1,274.29,285.43,274.29,285.43,0,0,0,0,0,0,832583,737000
1018,1293,58609999,56590791,23869,8173,90,8178,0,-15,-18,-15,-18,1,1,1,274.29,285.43,274.29,285.43,0,0,0,0,0,0,795375,719917
1019,1294,63585795,65647666,23969,8173,87,8178,0,-15,-18,-15,-18,1,1,1,274.29,285.43,274.29,285.43,0,0,0,0,0,0,1019375,923708
1020,1295,70309042,68186125,23817,8173,87,8178,0,-16,-18,-16,-18,1,1,1,228.57,258.09,228.57,258.09,0,0,0,0,0,0,1150458,1037958
1021,1296,66398583,68239833,23881,8174,88,8179,0,-16,-18,-16,-18,1,1,1,228.57,258.09,228.57,258.09,0,0,0,0,0,0,1051166,954417
1022,1297,70356369,67253750,24521,8173,87,8178,0,-16,-18,-16,-18,1,1,1,228.57,258.09,228.57,258.09,0,0,0,0,0,0,1077625,988666
1023,1298,66163875,69399208,24097,8173,87,8178,0,-16,-18,-16,-18,1,1,1,228.57,258.09,228.57,258.09,0,0,0,0,0,0,1250416,1149000
1024,1299,60572292,59105333,23817,8173,87,8178,0,-17,-18,-17,-18,1,1,1,182.86,230.19,182.86,230.19,0,0,0,0,0,0,1096041,996625
1025,1300,58809999,60352750,23969,8173,87,8178,0,-17,-18,-17,-18,1,1,1,182.86,230.19,182.86,230.19,0,0,0,0,0,0,929583,842375
1026,1301,56772794,54468875,23869,8173,90,8178,0,-17,-18,-17,-18,1,1,1,182.86,230.19,182.86,230.19,0,0,0,0,0,0,843083,763292
1027,1302,55148251,57164000,23881,8173,87,8178,0,-17,-18,-17,-18,1,1,1,182.86,230.19,182.86,230.19,0,0,0,0,0,0,869167,785834
1028,1303,58297123,56362750,23905,8173,87,8178,0,-16,-18,-16,-18,1,1,1,228.57,258.09,228.57,258.09,0,0,0,0,0,0,853791,780542
1029,1304,55885255,57770875,23881,8173,87,8178,0,-16,-18,-16,-18,1,1,1,228.57,258.09,228.57,258.09,0,0,0,0,0,0,1245042,1141958
1030,1305,58603458,55689834,24433,8173,87,8178,0,-16,-18,-16,-18,1,1,1,228.57,258.09,228.57,258.09,0,0,0,0,0,0,835667,763250
1031,1306,52901331,55916041,24185,8173,87,8178,0,-16,-18,-16,-18,1,1,1,228.57,258.09,228.57,258.09,0,0,0,0,0,0,867791,765916
1032,1307,59133455,57617875,23817,8173,87,8178,0,-15,-18,-15,-18,1,1,1,274.29,285.43,274.29,285.43,0,0,0,0,0,0,868167,790125
1033,1308,54156504,55577209,23881,8173,87,8178,0,-15,-18,-15,-18,1,1,1,274.29,285.43,274.29,285.43,0,0,0,0,0,0,917250,835333
1034,1309,64093753,62290209,23957,8173,87,8178,0,-15,-18,-15,-18,1,1,1,274.29,285.43,274.29,285.43,0,0,0,0,0,0,930000,818167
1035,1310,57816375,59645750,23881,8173,90,8178,0,-15,-18,-15,-18,1,1,1,274.29,285.43,274.29,285.43,0,0,0,0,0,0,1001041,902750
1036,1311,53759582,52118083,23817,8174,88,8179,0,-14,-18,-14,-18,1,1,1,320,311.82,320,311.82,0,0,0,0,0,0,825416,747625
1037,1312,51017623,52607584,23969,8173,87,8178,0,-14,-18,-14,-18,1,1,1,320,311.82,320,311.82,0,0,0,0,0,0,817000,756709
1038,1313,44163916,44232917,23869,8173,87,8178,0,-14,-18,-14,-18,1,1,1,320,311.82,320,311.82,0,0,0,0,0,0,698416,654500
1039,1314,42821668,41710292,23817,8173,87,8178,0,-14,-18,-14,-18,1,1,1,320,311.82,320,311.82,0,0,0,0,0,0,798916,747750
1040,1315,38360502,38149500,24445,8173,87,8178,0,-13,-18,-13,-18,1,1,1,365.71,336.6,365.71,336.6,0,0,0,0,0,0,598583,561250
1041,1316,34534454,35854583,24121,8173,87,8178,0,-13,-18,-13,-18,1,1,1,365.71,336.6,365.71,336.6,0,0,0,0,0,0,612083,568167
1042,1317,34858956,33818000,23817,8173,87,8178,0,-13,-18,-13,-18,1,1,1,365.71,336.6,365.71,336.6,0,0,0,0,0,0,568667,531708
1043,1318,33294126,34275875,23881,8173,87,8178,0,-13,-18,-13,-18,1,1,1,365.71,336.6,365.71,336.6,0,0,0,0,0,0,611792,564458
1044,1319,33820755,33820917,23869,8173,87,8178,0,-12,-18,-12,-18,1,1,1,411.43,359.32,411.43,359.32,0,0,0,0,0,0,618292,581250
1045,1320,37920288,36860083,23817,8173,87,8178,0,-12,-18,-12,-18,1,1,1,411.43,359.32,411.43,359.32,0,0,0,0,0,0,653833,607333
1046,1321,32950043,34008333,23969,8173,90,8178,0,-12,-18,-12,-18,1,1,1,411.43,359.32,411.43,359.32,0,0,0,0,0,0,599084,565209
1047,1322,33864710,33808958,23817,8173,87,8178,0,-12,-18,-12,-18,1,1,1,411.43,359.32,411.43,359.32,0,0,0,0,0,0,540583,501958
1048,1323,34360956,33372583,23817,8173,87,8178,0,-11,-18,-11,-18,1,1,1,457.14,380.06,457.14,380.06,0,0,0,0,0,0,532000,497792
1049,1324,32769627,33753583,23881,8173,87,8178,0,-11,-18,-11,-18,1,1,1,457.14,380.06,457.14,380.06,0,0,0,0,0,0,604166,565458
1050,1325,33849410,33792125,23869,8173,87,8178,0,-11,-18,-11,-18,1,1,1,457.14,380.06,457.14,380.06,0,0,0,0,0,0,540042,504333
1051,1326,33632420,32547667,23905,8174,88,8179,0,-11,-18,-11,-18,1,1,1,457.14,380.06,457.14,380.06,0,0,0,0,0,0,574334,534375
1052,1327,29425503,30545375,23881,8173,87,8178,0,-10,-18,-10,-18,1,1,1,502.86,399.44,502.86,399.44,0,0,0,0,0,0,521000,489458
1053,1328,30286494,30247417,23817,8173,87,8178,0,-10,-18,-10,-18,1,1,1,502.86,399.44,502.86,399.44,0,0,0,0,0,0,494541,455917
1054,1329,32780624,31843958,23817,8173,87,8178,0,-10,-18,-10,-18,1,1,1,502.86,399.44,502.86,399.44,0,0,0,0,0,0,516583,464542
1055,1330,33234253,33065875,24597,8173,87,8178,0,-10,-18,-10,-18,1,1,1,502.86,399.44,502.86,399.44,0,0,0,0,0,0,503500,467709
1056,1331,30918955,31997083,23969,8173,87,8178,0,-9,-18,-9,-18,1,1,1,548.57,418.39,548.57,418.39,0,0,0,0,0,0,516541,484750
1057,1332,33643878,33596916,23869,8173,87,8178,0,-9,-18,-9,-18,1,1,1,548.57,418.39,548.57,418.39,0,0,0,0,0,0,542792,502666
1058,1333,33309411,33316416,23817,8173,87,8178,0,-9,-18,-9,-18,1,1,1,548.57,418.39,548.57,418.39,0,0,0,0,0,0,526917,492750
1059,1334,33835042,32779666,23817,8173,87,8178,0,-9,-18,-9,-18,1,1,1,548.57,418.39,548.57,418.39,0,0,0,0,0,0,525459,485000
1060,1335,36348130,37315917,23881,8173,87,8178,0,-8,-18,-8,-18,1,1,1,594.29,422.77,594.29,422.77,0,0,0,0,0,0,614833,574500
1061,1336,33360913,33372750,23905,8173,90,8178,0,-8,-18,-8,-18,1,1,1,594.29,422.77,594.29,422.77,0,0,0,0,0,0,551208,507625
1062,1337,34703671,33674500,23817,8173,87,8178,0,-8,-18,-8,-18,1,1,1,594.29,422.77,594.29,422.77,0,0,0,0,0,0,553708,519459
1063,1338,33008873,34006750,23933,8173,87,8178,0,-8,-18,-8,-18,1,1,1,594.29,422.77,594.29,422.77,0,0,0,0,0,0,609708,569375
1064,1339,34198418,34203375,23817,8173,87,8178,0,-6,-18,-6,-18,1,1,1,685.71,416.09,685.71,416.09,0,0,0,0,0,0,736667,698708
1065,1340,35294126,34133250,23817,8173,87,8178,0,-6,-18,-6,-18,1,1,1,685.71,416.09,685.71,416.09,0,0,0,0,0,0,539208,496583
1066,1341,36449123,37544500,23969,8174,88,8179,0,-6,-18,-6,-18,1,1,1,685.71,416.09,685.71,416.09,0,0,0,0,0,0,602042,561125
1067,1342,36048837,36034791,23817,8173,87,8178,0,-6,-18,-6,-18,1,1,1,685.71,416.09,685.71,416.09,0,0,0,0,0,0,591667,541708
1068,1343,39567332,38176541,23817,8173,87,8178,0,-5,-18,-5,-18,1,1,1,731.43,431,731.43,431,0,0,0,0,0,0,543875,506541
1069,1344,38182001,38038041,24497,8173,87,8178,0,-5,-18,-5,-18,1,1,1,731.43,431,731.43,431,0,0,0,0,0,0,655333,608542
1070,1345,40153287,41642000,24121,8173,87,8178,0,-5,-18,-5,-18,1,1,1,731.43,431,731.43,431,0,0,0,0,0,0,549208,514166
1071,1346,49943588,48603708,23817,8173,87,8178,0,-5,-18,-5,-18,1,1,1,731.43,431,731.43,431,0,0,0,0,0,0,673375,625959
1072,1347,60834538,61636125,23353,8173,87,8178,0,-4,-18,-4,-18,1,1,1,777.14,453.14,777.14,453.14,0,0,0,0,0,0,947208,899625
1073,1348,86123161,84260042,26827,8085,87,8090,0,-4,-18,-4,-18,1,1,1,777.14,453.14,777.14,453.14,0,0,0,0,0,0,1064792,969166
1074,1349,77656507,79569209,26083,8085,90,8090,0,-4,-18,-4,-18,1,1,1,777.14,453.14,777.14,453.14,0,0,0,0,0,0,1032834,966083
1075,1350,70944204,69169084,23377,8085,87,8090,0,-4,-18,-4,-18,1,1,1,777.14,453.14,777.14,453.14,0,0,0,0,0,0,1015792,958917
1076,1351,68740665,70652375,23353,8085,87,8090,0,-3,-18,-3,-18,1,1,1,822.86,475.99,822.86,475.99,0,0,0,0,0,0,903000,846416
1077,1352,70969961,67976208,23905,8085,87,8090,0,-3,-18,-3,-18,1,1,1,822.86,475.99,822.86,475.99,0,0,0,0,0,0,1252708,1176291
1078,1353,52106667,55104583,23657,8085,87,8090,0,-3,-18,-3,-18,1,1,1,822.86,475.99,822.86,475.99,0,0,0,0,0,0,841166,787167
1079,1354,51364831,49572416,23289,8085,87,8090,0,-3,-18,-3,-18,1,1,1,822.86,475.99,822.86,475.99,0,0,0,0,0,0,752000,706959
1080,1355,50147250,51855750,23353,8085,87,8090,0,-2,-18,-2,-18,1,1,1,868.57,498.85,868.57,498.85,0,0,0,0,0,0,669041,616750
1081,1356,47564249,47688959,23429,8086,91,8091,0,-2,-18,-2,-18,1,1,1,868.57,498.85,868.57,498.85,0,0,0,0,0,0,1047000,999334
1082,1357,47772038,46471833,23289,8085,87,8090,0,-2,-18,-2,-18,1,1,1,868.57,498.85,868.57,498.85,0,0,0,0,0,0,651042,611959
1083,1358,53012046,54154292,23353,8085,87,8090,0,-2,-18,-2,-18,1,1,1,868.57,498.85,868.57,498.85,0,0,0,0,0,0,1148041,1087708
1084,1359,60278832,58054333,23289,8085,87,8090,0,-1,-18,-1,-18,1,1,1,914.29,521.71,914.29,521.71,0,0,0,0,0,0,700625,657375
1085,1360,67048706,69048875,23493,8085,87,8090,0,-1,-18,-1,-18,1,1,1,914.29,521.71,914.29,521.71,0,0,0,0,0,0,919792,865334
1086,1361,70093877,66731000,23853,8085,87,8090,0,-1,-18,-1,-18,1,1,1,914.29,521.71,914.29,521.71,0,0,0,0,0,0,918584,842333
1087,1362,62353082,65668625,23569,8085,87,8090,0,-1,-18,-1,-18,1,1,1,914.29,521.71,914.29,521.71,0,0,0,0,0,0,858917,805042
1088,1363,62844835,60782334,23429,8085,87,8090,0,0,-18,0,-18,1,1,1,960,544.56,960,544.56,0,0,0,0,0,0,1122917,1067333
1089,1364,64887873,66884958,23353,8085,87,8090,0,0,-18,0,-18,1,1,1,960,544.56,960,544.56,0,0,0,0,0,0,1274958,1207667
1090,1365,57981625,56527875,23289,8085,90,8090,0,0,-18,0,-18,1,1,1,960,544.56,960,544.56,0,0,0,0,0,0,725333,680542
1091,1366,51764957,53235541,23441,8085,87,8090,0,0,-18,0,-18,1,1,1,960,544.56,960,544.56,0,0,0,0,0,0,1040875,978625
1092,1367,50575539,49380292,23341,8085,87,8090,0,1,-18,1,-18,1,1,1,1005.71,567.42,1005.71,567.42,0,0,0,0,0,0,751917,688250
1093,1368,40278501,41412458,23353,8085,87,8090,0,1,-18,1,-18,1,1,1,1005.71,567.42,1005.71,567.42,0,0,0,0,0,0,628167,591916
1094,1369,38666579,38817792,23289,8085,87,8090,0,1,-18,1,-18,1,1,1,1005.71,567.42,1005.71,567.42,0,0,0,0,0,0,559250,527292
1095,1370,39507418,37666458,23941,8085,87,8090,0,1,-18,1,-18,1,1,1,1005.71,567.42,1005.71,567.42,0,0,0,0,0,0,609375,567750
1096,1371,32068375,33972208,23569,8086,88,8091,0,2,-18,2,-18,1,1,1,1051.43,590.28,1051.43,590.28,0,0,0,0,0,0,539958,509792
1097,1372,33454414,33424917,23341,8085,87,8090,0,2,-18,2,-18,1,1,1,1051.43,590.28,1051.43,590.28,0,0,0,0,0,0,548917,520167
1098,1373,34555669,33490875,23289,8085,87,8090,0,2,-18,2,-18,1,1,1,1051.43,590.28,1051.43,590.28,0,0,0,0,0,0,555125,522833
1099,1374,32791707,33761750,23353,8085,87,8090,0,2,-18,2,-18,1,1,1,1051.43,590.28,1051.43,590.28,0,0,0,0,0,0,535209,506542
1100,1375,36377459,36453750,23377,8085,87,8090,0,3,-18,3,-18,1,1,1,1097.14,613.14,1097.14,613.14,0,0,0,0,0,0,560958,526667
1101,1376,34316204,33254416,23289,8085,90,8090,0,3,-18,3,-18,1,1,1,1097.14,613.14,1097.14,613.14,0,0,0,0,0,0,506500,473958
1102,1377,32392792,33420250,23353,8085,87,8090,0,3,-18,3,-18,1,1,1,1097.14,613.14,1097.14,613.14,0,0,0,0,0,0,491625,463292
1103,1378,33089250,33049375,23341,8085,87,8090,0,3,-18,3,-18,1,1,1,1097.14,613.14,1097.14,613.14,0,0,0,0,0,0,521084,492709
1104,1379,33243127,33199333,23289,8085,87,8090,0,4,-18,4,-18,1,1,1,1142.86,635.99,1142.86,635.99,0,0,0,0,0,0,548292,507708
1105,1380,34121993,33210458,23377,8085,87,8090,0,4,-18,4,-18,1,1,1,1142.86,635.99,1142.86,635.99,0,0,0,0,0,0,533583,504458
1106,1381,30532503,31470916,23353,8085,87,8090,0,4,-18,4,-18,1,1,1,1142.86,635.99,1142.86,635.99,0,0,0,0,0,0,514083,476833
1107,1382,30305916,30286583,23289,8085,87,8090,0,4,-18,4,-18,1,1,1,1142.86,635.99,1142.86,635.99,0,0,0,0,0,0,505333,475833
1108,1383,30439285,30449458,23709,8085,87,8090,0,5,-18,5,-18,1,1,1,1188.57,662.98,1188.57,662.98,0,0,0,0,0,0,654542,626500
1109,1384,33814046,32722708,23709,8155,87,8160,0,5,-18,5,-18,1,1,1,1188.57,662.98,1188.57,662.98,0,0,0,0,0,0,566041,530416
1110,1385,35462126,35576625,27927,8155,87,8160,0,5,-18,5,-18,1,1,1,1188.57,662.98,1188.57,662.98,0,0,0,0,0,0,544500,515375
1111,1386,31713500,32608084,26603,8156,88,8161,0,5,-18,5,-18,1,1,1,1188.57,662.98,1188.57,662.98,0,0,0,0,0,0,828875,771541
1112,1387,33211920,32186208,23709,8155,87,8160,0,6,-18,6,-18,1,1,1,1234.29,696.59,1234.29,696.59,0,0,0,0,0,0,491250,454875
1113,1388,32439541,33421959,23773,8155,87,8160,0,6,-18,6,-18,1,1,1,1234.29,696.59,1234.29,696.59,0,0,0,0,0,0,545291,509792
1114,1389,34741502,34693625,23709,8155,87,8160,0,6,-18,6,-18,1,1,1,1234.29,696.59,1234.29,696.59,0,0,0,0,0,0,528125,497209
1115,1390,36275494,35136417,23797,8155,87,8160,0,6,-18,6,-18,1,1,1,1234.29,696.59,1234.29,696.59,0,0,0,0,0,0,543250,503333
1116,1391,38706917,39810500,23825,8155,87,8160,0,7,-18,7,-18,1,1,1,1280,736.66,1280,736.66,0,0,0,0,0,0,652916,618875
1117,1392,38018211,37923708,23709,8155,90,8160,0,7,-18,7,-18,1,1,1,1280,736.66,1280,736.66,0,0,0,0,0,0,624375,583958
1118,1393,37990123,36988625,23709,8155,87,8160,0,7,-18,7,-18,1,1,1,1280,736.66,1280,736.66,0,0,0,0,0,0,553750,521000
1119,1394,37050664,38090500,23861,8155,87,8160,0,7,-18,7,-18,1,1,1,1280,736.66,1280,736.66,0,0,0,0,0,0,633834,595667
1120,1395,43035458,42915333,23709,8155,87,8160,0,8,-18,8,-18,1,1,1,1325.71,772.98,1325.71,772.98,0,0,0,0,0,0,802750,763084
1121,1396,53624462,52192250,23709,8155,87,8160,0,8,-18,8,-18,1,1,1,1325.71,772.98,1325.71,772.98,0,0,0,0,0,0,664584,616042
1122,1397,64837835,66087667,23825,8155,87,8160,0,8,-18,8,-18,1,1,1,1325.71,772.98,1325.71,772.98,0,0,0,0,0,0,994875,925292
1123,1398,75269460,70498500,24361,8155,87,8160,0,8,-18,8,-18,1,1,1,1325.71,772.98,1325.71,772.98,0,0,0,0,0,0,945750,875208
1124,1399,72435162,77166125,23989,8155,87,8160,0,9,-18,9,-18,1,1,1,1371.43,801.36,1371.43,801.36,0,0,0,0,0,0,1239375,1177084
1125,1400,72718210,70376500,23761,8155,87,8160,0,9,-18,9,-18,1,1,1,1371.43,801.36,1371.43,801.36,0,0,0,0,0,0,1111042,1048584
1126,1401,73434375,75719917,23861,8156,88,8161,0,9,-18,9,-18,1,1,1,1371.43,801.36,1371.43,801.36,0,0,0,0,0,0,1160416,1095833
1127,1402,72670124,70800416,23709,8155,90,8160,0,9,-18,9,-18,1,1,1,1371.43,801.36,1371.43,801.36,0,0,0,0,0,0,981209,896666
1128,1403,63025541,64813292,23825,8155,87,8160,0,10,-18,10,-18,1,1,1,1417.14,823.72,1417.14,823.72,0,0,0,0,0,0,1046292,977709
1129,1404,59724546,58021834,23797,8155,87,8160,0,10,-18,10,-18,1,1,1,1417.14,823.72,1417.14,823.72,0,0,0,0,0,0,893709,832584
1130,1405,57269372,57320833,24337,8155,87,8160,0,10,-18,10,-18,1,1,1,1417.14,823.72,1417.14,823.72,0,0,0,0,0,0,800541,747375
1131,1406,54104037,54210708,23925,8155,87,8160,0,10,-18,10,-18,1,1,1,1417.14,823.72,1417.14,823.72,0,0,0,0,0,0,791791,732625
1132,1407,55370211,56715875,23913,8155,87,8160,0,11,-18,11,-18,1,1,1,1462.86,845.83,1462.86,845.83,0,0,0,0,0,0,774750,723500
1133,1408,60958664,59569333,23709,8155,87,8160,0,11,-18,11,-18,1,1,1,1462.86,845.83,1462.86,845.83,0,0,0,0,0,0,850792,783375
1134,1409,53641837,55095958,23773,8155,90,8160,0,11,-18,11,-18,1,1,1,1462.86,845.83,1462.86,845.83,0,0,0,0,0,0,790125,740000
1135,1410,57497788,55696292,23797,8155,87,8160,0,11,-18,11,-18,1,1,1,1462.86,845.83,1462.86,845.83,0,0,0,0,0,0,794625,735875
1136,1411,53873293,55727417,23825,8155,87,8160,0,12,-18,12,-18,1,1,1,1508.57,868.27,1508.57,868.27,0,0,0,0,0,0,794750,742458
1137,1412,61671789,60027166,23709,8155,87,8160,0,12,-18,12,-18,1,1,1,1508.57,868.27,1508.57,868.27,0,0,0,0,0,0,850958,792125
1138,1413,50778124,52151708,23861,8155,87,8160,0,12,-18,12,-18,1,1,1,1508.57,868.27,1508.57,868.27,0,0,0,0,0,0,779625,730375
1139,1414,53805079,51807291,24273,8155,87,8160,0,12,-18,12,-18,1,1,1,1508.57,868.27,1508.57,868.27,0,0,0,0,0,0,845708,781542
1140,1415,42328797,44604833,24041,8155,87,8160,0,13,-18,13,-18,1,1,1,1554.29,892.25,1554.29,892.25,0,0,0,0,0,0,715625,672000
1141,1416,39917290,39882875,23709,8156,88,8161,0,13,-18,13,-18,1,1,1,1554.29,892.25,1554.29,892.25,0,0,0,0,0,0,784208,729708
1142,1417,38691915,37729417,23797,8155,87,8160,0,13,-18,13,-18,1,1,1,1554.29,892.25,1554.29,892.25,0,0,0,0,0,0,635000,598125
1143,1418,37415914,38417500,23773,8155,87,8160,0,13,-18,13,-18,1,1,1,1554.29,892.25,1554.29,892.25,0,0,0,0,0,0,658625,611542
1144,1419,33957086,33952000,23709,8155,90,8160,0,14,-18,14,-18,1,1,1,1600,918.02,1600,918.02,0,0,0,0,0,0,585583,552208
1145,1420,34634955,33567291,23709,8155,87,8160,0,14,-18,14,-18,1,1,1,1600,918.02,1600,918.02,0,0,0,0,0,0,593875,554458
1146,1421,32641462,33619791,23825,8155,87,8160,0,14,-18,14,-18,1,1,1,1600,918.02,1600,918.02,0,0,0,0,0,0,521625,489083
1147,1422,33024623,33035584,23797,8155,87,8160,0,14,-18,14,-18,1,1,1,1600,918.02,1600,918.02,0,0,0,0,0,0,575833,538375
1148,1423,34447703,33418375,23709,8155,87,8160,0,15,-18,15,-18,1,1,1,1645.71,944.98,1645.71,944.98,0,0,0,0,0,0,559041,524209
1149,1424,32349921,33375958,23773,8155,87,8160,0,15,-18,15,-18,1,1,1,1645.71,944.98,1645.71,944.98,0,0,0,0,0,0,600125,533667
1150,1425,33433914,33425625,23709,8155,87,8160,0,15,-18,15,-18,1,1,1,1645.71,944.98,1645.71,944.98,0,0,0,0,0,0,572917,537875
1151,1426,34757710,33624667,23709,8155,87,8160,0,15,-18,15,-18,1,1,1,1645.71,944.98,1645.71,944.98,0,0,0,0,0,0,626667,587750
1152,1427,33328704,33393000,24477,8155,87,8160,0,16,-18,16,-18,1,1,1,1691.43,972.01,1691.43,972.01,0,0,0,0,0,0,562959,530958
1153,1428,32408792,33407625,23925,8155,87,8160,0,16,-18,16,-18,1,1,1,1691.43,972.01,1691.43,972.01,0,0,0,0,0,0,523541,486875
1154,1429,34270748,33250292,23709,8155,87,8160,0,16,-18,16,-18,1,1,1,1691.43,972.01,1691.43,972.01,0,0,0,0,0,0,542417,509792
1155,1430,32706752,33708833,23773,8155,87,8160,0,16,-18,16,-18,1,1,1,1691.43,972.01,1691.43,972.01,0,0,0,0,0,0,538792,492500
1156,1431,32942872,32921375,23709,8156,88,8161,0,15,-18,15,-18,1,1,1,1645.71,944.98,1645.71,944.98,0,0,0,0,0,0,555375,523042
1157,1432,30268665,30270750,23797,8155,87,8160,0,15,-18,15,-18,1,1,1,1645.71,944.98,1645.71,944.98,0,0,0,0,0,0,565542,523416
1158,1433,36149505,35137208,23709,8155,87,8160,0,15,-18,15,-18,1,1,1,1645.71,944.98,1645.71,944.98,0,0,0,0,0,0,574459,539000
1159,1434,32073788,33051667,23825,8155,90,8160,0,15,-18,15,-18,1,1,1,1645.71,944.98,1645.71,944.98,0,0,0,0,0,0,548167,505334
1160,1435,33021796,32981584,23709,8155,87,8160,0,14,-18,14,-18,1,1,1,1600,918.02,1600,918.02,0,0,0,0,0,0,483959,453167
1161,1436,33510331,33467875,23709,8155,87,8160,0,14,-18,14,-18,1,1,1,1600,918.02,1600,918.02,0,0,0,0,0,0,584000,545333
1162,1437,34322626,33350708,23797,8155,87,8160,0,14,-18,14,-18,1,1,1,1600,918.02,1600,918.02,0,0,0,0,0,0,532791,500042
1163,1438,32598659,33580625,23773,8155,87,8160,0,14,-18,14,-18,1,1,1,1600,918.02,1600,918.02,0,0,0,0,0,0,561000,516208
1164,1439,33407256,33422000,23709,8155,87,8160,0,13,-18,13,-18,1,1,1,1554.29,892.25,1554.29,892.25,0,0,0,0,0,0,576459,542209
1165,1440,34891452,33785792,23709,8155,87,8160,0,13,-18,13,-18,1,1,1,1554.29,892.25,1554.29,892.25,0,0,0,0,0,0,529750,489500
1166,1441,33445671,34459500,23825,8155,87,8160,0,13,-18,13,-18,1,1,1,1554.29,892.25,1554.29,892.25,0,0,0,0,0,0,711625,663000
1167,1442,34515667,33482625,24361,8155,87,8160,0,13,-18,13,-18,1,1,1,1554.29,892.25,1554.29,892.25,0,0,0,0,0,0,552083,512292
1168,1443,37763748,37811708,23925,8155,87,8160,0,12,-18,12,-18,1,1,1,1508.57,868.27,1508.57,868.27,0,0,0,0,0,0,512875,479958
1169,1444,34500248,35459791,23773,8155,87,8160,0,12,-18,12,-18,1,1,1,1508.57,868.27,1508.57,868.27,0,0,0,0,0,0,599500,556250
1170,1445,36653082,36679458,23709,8155,87,8160,0,12,-18,12,-18,1,1,1,1508.57,868.27,1508.57,868.27,0,0,0,0,0,0,586417,541750
1171,1446,38357250,36480583,23709,8156,88,8161,0,12,-18,12,-18,1,1,1,1508.57,868.27,1508.57,868.27,0,0,0,0,0,0,860292,815125
1172,1447,39401415,41178667,23913,8155,87,8160,0,11,-18,11,-18,1,1,1,1462.86,845.83,1462.86,845.83,0,0,0,0,0,0,602708,558875
1173,1448,38809254,38740584,23709,8155,90,8160,0,11,-18,11,-18,1,1,1,1462.86,845.83,1462.86,845.83,0,0,0,0,0,0,533667,488625
1174,1449,44906120,43708333,23709,8155,87,8160,0,11,-18,11,-18,1,1,1,1462.86,845.83,1462.86,845.83,0,0,0,0,0,0,601291,563417
1175,1450,50474870,51409833,23773,8155,87,8160,0,11,-18,11,-18,1,1,1,1462.86,845.83,1462.86,845.83,0,0,0,0,0,0,842667,785167
1176,1451,67945092,66277458,23797,8155,87,8160,0,10,-18,10,-18,1,1,1,1417.14,823.72,1417.14,823.72,0,0,0,0,0,0,915542,854083
1177,1452,68853870,70582500,23825,8155,87,8160,0,10,-18,10,-18,1,1,1,1417.14,823.72,1417.14,823.72,0,0,0,0,0,0,1350708,1253583
1178,1453,78518293,74910791,24273,8155,87,8160,0,10,-18,10,-18,1,1,1,1417.14,823.72,1417.14,823.72,0,0,0,0,0,0,1117958,1062834
1179,1454,65840207,69149250,24077,8155,87,8160,0,10,-18,10,-18,1,1,1,1417.14,823.72,1417.14,823.72,0,0,0,0,0,0,977625,903084
1180,1455,71634791,69870125,23761,8155,87,8160,0,9,-18,9,-18,1,1,1,1371.43,801.36,1371.43,801.36,0,0,0,0,0,0,932709,870625
1181,1456,71979254,73638500,23773,8155,87,8160,0,9,-18,9,-18,1,1,1,1371.43,801.36,1371.43,801.36,0,0,0,0,0,0,1133708,1052166
1182,1457,58875206,57619750,23797,8155,90,8160,0,9,-18,9,-18,1,1,1,1371.43,801.36,1371.43,801.36,0,0,0,0,0,0,828917,777875
1183,1458,54631080,56215541,23825,8155,87,8160,0,9,-18,9,-18,1,1,1,1371.43,801.36,1371.43,801.36,0,0,0,0,0,0,867084,809000
1184,1459,56600298,54699416,23709,8155,87,8160,0,8,-18,8,-18,1,1,1,1325.71,772.98,1325.71,772.98,0,0,0,0,0,0,834041,762416
1185,1460,51887165,53621041,23861,8155,87,8160,0,8,-18,8,-18,1,1,1,1325.71,772.98,1325.71,772.98,0,0,0,0,0,0,808209,753375
1186,1461,56796457,53912584,24273,8156,88,8161,0,8,-18,8,-18,1,1,1,1325.71,772.98,1325.71,772.98,0,0,0,0,0,0,651625,612042
1187,1462,52756704,55614667,24041,8155,87,8160,0,8,-18,8,-18,1,1,1,1325.71,772.98,1325.71,772.98,0,0,0,0,0,0,1036000,961708
1188,1463,57217296,55325959,23797,8155,87,8160,0,7,-18,7,-18,1,1,1,1280,736.66,1280,736.66,0,0,0,0,0,0,767250,717833
1189,1464,54463457,56369084,23773,8155,87,8160,0,7,-18,7,-18,1,1,1,1280,736.66,1280,736.66,0,0,0,0,0,0,826083,764167
1190,1465,66035039,64164375,23709,8155,87,8160,0,7,-18,7,-18,1,1,1,1280,736.66,1280,736.66,0,0,0,0,0,0,942667,883833
1191,1466,55608794,57404459,23913,8155,90,8160,0,7,-18,7,-18,1,1,1,1280,736.66,1280,736.66,0,0,0,0,0,0,1005375,921084
1192,1467,55053833,53638250,23709,8155,87,8160,0,6,-18,6,-18,1,1,1,1234.29,696.59,1234.29,696.59,0,0,0,0,0,0,849333,796542
1193,1468,51182497,52536500,23773,8155,87,8160,0,6,-18,6,-18,1,1,1,1234.29,696.59,1234.29,696.59,0,0,0,0,0,0,778416,721583
1194,1469,51073044,49836417,23797,8155,87,8160,0,6,-18,6,-18,1,1,1,1234.29,696.59,1234.29,696.59,0,0,0,0,0,0,796708,750333
1195,1470,41561372,41795958,24389,8155,87,8160,0,6,-18,6,-18,1,1,1,1234.29,696.59,1234.29,696.59,0,0,0,0,0,0,747833,686167
1196,1471,37523001,38656916,23925,8155,87,8160,0,5,-18,5,-18,1,1,1,1188.57,662.98,1188.57,662.98,0,0,0,0,0,0,629083,594667
1197,1472,37639744,36575792,23709,8155,87,8160,0,5,-18,5,-18,1,1,1,1188.57,662.98,1188.57,662.98,0,0,0,0,0,0,644750,601834
1198,1473,32438710,33486458,23861,8155,87,8160,0,5,-18,5,-18,1,1,1,1188.57,662.98,1188.57,662.98,0,0,0,0,0,0,539666,502750
1199,1474,34334417,34323583,23709,8155,87,8160,0,5,-18,5,-18,1,1,1,1188.57,662.98,1188.57,662.98,0,0,0,0,0,0,581041,543417
1200,1475,38117248,37090166,23289,8155,87,8160,0,4,-18,4,-18,1,1,1,1142.86,635.99,1142.86,635.99,0,0,0,0,0,0,627083,595792
1201,1476,33088039,34083750,23405,8086,91,8091,0,4,-18,4,-18,1,1,1,1142.86,635.99,1142.86,635.99,0,0,0,0,0,0,502333,465125
1202,1477,34278541,34168084,23289,8085,87,8090,0,4,-18,4,-18,1,1,1,1142.86,635.99,1142.86,635.99,0,0,0,0,0,0,555917,521250
1203,1478,39123088,38206792,26827,8085,87,8090,0,4,-18,4,-18,1,1,1,1142.86,635.99,1142.86,635.99,0,0,0,0,0,0,502334,473250
1204,1479,33252999,34254250,26031,8085,87,8090,0,3,-18,3,-18,1,1,1,1097.14,613.14,1097.14,613.14,0,0,0,0,0,0,597000,563792
1205,1480,32937586,32894000,23289,8085,87,8090,0,3,-18,3,-18,1,1,1,1097.14,613.14,1097.14,613.14,0,0,0,0,0,0,522708,488750
1206,1481,34727793,33717750,23289,8085,87,8090,0,3,-18,3,-18,1,1,1,1097.14,613.14,1097.14,613.14,0,0,0,0,0,0,528417,497083
1207,1482,31669832,32634917,23405,8085,87,8090,0,3,-18,3,-18,1,1,1,1097.14,613.14,1097.14,613.14,0,0,0,0,0,0,487833,457833
1208,1483,30228620,30286000,23377,8085,87,8090,0,2,-18,2,-18,1,1,1,1051.43,590.28,1051.43,590.28,0,0,0,0,0,0,473500,438209
1209,1484,30277835,30243667,23289,8085,87,8090,0,2,-18,2,-18,1,1,1,1051.43,590.28,1051.43,590.28,0,0,0,0,0,0,499792,473084
1210,1485,32120082,30516083,23853,8085,87,8090,0,2,-18,2,-18,1,1,1,1051.43,590.28,1051.43,590.28,0,0,0,0,0,0,435584,409667
1211,1486,30463790,32036916,23569,8085,87,8090,0,2,-18,2,-18,1,1,1,1051.43,590.28,1051.43,590.28,0,0,0,0,0,0,470041,437875
1212,1487,32482709,32426000,23289,8085,87,8090,0,1,-18,1,-18,1,1,1,1005.71,567.42,1005.71,567.42,0,0,0,0,0,0,508625,482167
1213,1488,32541792,32526750,23377,8085,87,8090,0,1,-18,1,-18,1,1,1,1005.71,567.42,1005.71,567.42,0,0,0,0,0,0,497875,470875
1214,1489,33728286,32788959,23341,8085,87,8090,0,1,-18,1,-18,1,1,1,1005.71,567.42,1005.71,567.42,0,0,0,0,0,0,541875,508583
1215,1490,36942001,37884417,23353,8085,87,8090,0,1,-18,1,-18,1,1,1,1005.71,567.42,1005.71,567.42,0,0,0,0,0,0,578875,549583
1216,1491,35726752,35705083,23289,8086,91,8091,0,0,-18,0,-18,1,1,1,960,544.56,960,544.56,0,0,0,0,0,0,519584,491083
1217,1492,37576042,36068500,23289,8085,87,8090,0,0,-18,0,-18,1,1,1,960,544.56,960,544.56,0,0,0,0,0,0,497833,460500
1218,1493,34123547,35615583,23441,8085,87,8090,0,0,-18,0,-18,1,1,1,960,544.56,960,544.56,0,0,0,0,0,0,738125,694958
1219,1494,36012373,35849791,23289,8085,87,8090,0,0,-18,0,-18,1,1,1,960,544.56,960,544.56,0,0,0,0,0,0,497375,467708
1220,1495,37045124,35897625,23341,8085,87,8090,0,-1,-18,-1,-18,1,1,1,914.29,521.71,914.29,521.71,0,0,0,0,0,0,601791,549334
1221,1496,36636877,37832250,23353,8085,87,8090,0,-1,-18,-1,-18,1,1,1,914.29,521.71,914.29,521.71,0,0,0,0,0,0,492750,462750
1222,1497,41889455,41793333,23289,8085,87,8090,0,-1,-18,-1,-18,1,1,1,914.29,521.71,914.29,521.71,0,0,0,0,0,0,644541,607209
1223,1498,51632378,48855041,23377,8085,87,8090,0,-1,-18,-1,-18,1,1,1,914.29,521.71,914.29,521.71,0,0,0,0,0,0,651791,605042
1224,1499,59772670,62392250,24133,8085,87,8090,0,-2,-18,-2,-18,1,1,1,868.57,498.85,868.57,498.85,0,0,0,0,0,0,751458,692500
1225,1500,68459786,66468708,23341,8085,87,8090,0,-2,-18,-2,-18,1,1,1,868.57,498.85,868.57,498.85,0,0,0,0,0,0,1028416,972625
1226,1501,66136501,68071542,23441,8085,87,8090,0,-2,-18,-2,-18,1,1,1,868.57,498.85,868.57,498.85,0,0,0,0,0,0,985209,912292
1227,1502,75800627,73853834,23289,8085,87,8090,0,-2,-18,-2,-18,1,1,1,868.57,498.85,868.57,498.85,0,0,0,0,0,0,973542,913708
1228,1503,66364660,68121375,23405,8085,90,8090,0,-3,-18,-3,-18,1,1,1,822.86,475.99,822.86,475.99,0,0,0,0,0,0,928958,871458
1229,1504,66809169,65456458,23377,8085,87,8090,0,-3,-18,-3,-18,1,1,1,822.86,475.99,822.86,475.99,0,0,0,0,0,0,973875,906750
1230,1505,52802458,54339750,23353,8085,87,8090,0,-3,-18,-3,-18,1,1,1,822.86,475.99,822.86,475.99,0,0,0,0,0,0,930458,873666
1231,1506,54275419,51919000,23853,8086,88,8091,0,-3,-18,-3,-18,1,1,1,822.86,475.99,822.86,475.99,0,0,0,0,0,0,781667,735583
1232,1507,45521788,47593708,23709,8085,87,8090,0,-4,-18,-4,-18,1,1,1,777.14,453.14,777.14,453.14,0,0,0,0,0,0,706250,635333
1233,1508,46714957,46813833,23289,8085,87,8090,0,-4,-18,-4,-18,1,1,1,777.14,453.14,777.14,453.14,0,0,0,0,0,0,656708,614792
1234,1509,47357916,45942458,23289,8085,87,8090,0,-4,-18,-4,-18,1,1,1,777.14,453.14,777.14,453.14,0,0,0,0,0,0,643542,604542
1235,1510,59234160,60662125,23353,8085,87,8090,0,-4,-18,-4,-18,1,1,1,777.14,453.14,777.14,453.14,0,0,0,0,0,0,792708,737375
1236,1511,57833086,56335875,23957,8085,90,8090,0,-5,-18,-5,-18,1,1,1,731.43,431,731.43,431,0,0,0,0,0,0,1369791,1302500
1237,1512,53538583,54893833,23881,8173,87,8178,0,-5,-18,-5,-18,1,1,1,731.43,431,731.43,431,0,0,0,0,0,0,859959,796291
1238,1513,54627414,53143459,23817,8173,87,8178,0,-5,-18,-5,-18,1,1,1,731.43,431,731.43,431,0,0,0,0,0,0,793916,741917
1239,1514,60709040,62268209,27419,8173,87,8178,0,-5,-18,-5,-18,1,1,1,731.43,431,731.43,431,0,0,0,0,0,0,841292,779292
1240,1515,55706292,54275791,26547,8173,87,8178,0,-6,-18,-6,-18,1,1,1,685.71,416.09,685.71,416.09,0,0,0,0,0,0,868750,817292
1241,1516,56051664,55606459,24445,8173,87,8178,0,-6,-18,-6,-18,1,1,1,685.71,416.09,685.71,416.09,0,0,0,0,0,0,1065000,1001167
1242,1517,59565290,59951666,24121,8173,87,8178,0,-6,-18,-6,-18,1,1,1,685.71,416.09,685.71,416.09,0,0,0,0,0,0,961166,900250
1243,1518,68698957,70015000,23881,8173,87,8178,0,-6,-18,-6,-18,1,1,1,685.71,416.09,685.71,416.09,0,0,0,0,0,0,972834,900166
1244,1519,72728835,71073542,23869,8173,87,8178,0,-8,-18,-8,-18,1,1,1,594.29,422.77,594.29,422.77,0,0,0,0,0,0,1212792,1129042
1245,1520,51017954,52716458,23969,8173,90,8178,0,-8,-18,-8,-18,1,1,1,594.29,422.77,594.29,422.77,0,0,0,0,0,0,815416,750917
1246,1521,52120421,50890458,23817,8174,88,8179,0,-8,-18,-8,-18,1,1,1,594.29,422.77,594.29,422.77,0,0,0,0,0,0,817375,757792
1247,1522,42708452,43997375,23881,8173,87,8178,0,-8,-18,-8,-18,1,1,1,594.29,422.77,594.29,422.77,0,0,0,0,0,0,745583,695792
1248,1523,39644960,39565375,23869,8173,87,8178,0,-9,-18,-9,-18,1,1,1,548.57,418.39,548.57,418.39,0,0,0,0,0,0,672042,627084
1249,1524,38662832,37717833,23905,8173,87,8178,0,-9,-18,-9,-18,1,1,1,548.57,418.39,548.57,418.39,0,0,0,0,0,0,646291,596709
1250,1525,34004416,33974917,24445,8173,87,8178,0,-9,-18,-9,-18,1,1,1,548.57,418.39,548.57,418.39,0,0,0,0,0,0,599458,563417
1251,1526,33224418,34240417,24033,8173,87,8178,0,-9,-18,-9,-18,1,1,1,548.57,418.39,548.57,418.39,0,0,0,0,0,0,613625,571583
1252,1527,35048454,34003750,23817,8173,87,8178,0,-10,-18,-10,-18,1,1,1,502.86,399.44,502.86,399.44,0,0,0,0,0,0,573375,538584
1253,1528,32769791,33733958,23881,8173,87,8178,0,-10,-18,-10,-18,1,1,1,502.86,399.44,502.86,399.44,0,0,0,0,0,0,605500,565250
1254,1529,33471710,33526875,23957,8173,87,8178,0,-10,-18,-10,-18,1,1,1,502.86,399.44,502.86,399.44,0,0,0,0,0,0,533417,499458
1255,1530,34673411,33653333,23817,8173,87,8178,0,-10,-18,-10,-18,1,1,1,502.86,399.44,502.86,399.44,0,0,0,0,0,0,553667,512875
1256,1531,36594584,37577708,23881,8173,87,8178,0,-11,-18,-11,-18,1,1,1,457.14,380.06,457.14,380.06,0,0,0,0,0,0,646750,608250
1257,1532,33663585,33667250,23817,8173,90,8178,0,-11,-18,-11,-18,1,1,1,457.14,380.06,457.14,380.06,0,0,0,0,0,0,540792,502292
1258,1533,34593578,33561167,23817,8173,87,8178,0,-11,-18,-11,-18,1,1,1,457.14,380.06,457.14,380.06,0,0,0,0,0,0,531375,497000
1259,1534,29407171,30415916,23969,8173,87,8178,0,-11,-18,-11,-18,1,1,1,457.14,380.06,457.14,380.06,0,0,0,0,0,0,571625,533625
1260,1535,30461749,30440000,23869,8173,87,8178,0,-12,-18,-12,-18,1,1,1,411.43,359.32,411.43,359.32,0,0,0,0,0,0,491042,459750
1261,1536,30952040,30941541,23817,8174,88,8179,0,-12,-18,-12,-18,1,1,1,411.43,359.32,411.43,359.32,0,0,0,0,0,0,506542,468791
1262,1537,31967792,30810875,23817,8173,87,8178,0,-12,-18,-12,-18,1,1,1,411.43,359.32,411.43,359.32,0,0,0,0,0,0,519250,485958
1263,1538,31070414,32117042,23881,8173,87,8178,0,-12,-18,-12,-18,1,1,1,411.43,359.32,411.43,359.32,0,0,0,0,0,0,515625,479667
1264,1539,37085663,37114542,23905,8173,87,8178,0,-13,-18,-13,-18,1,1,1,365.71,336.6,365.71,336.6,0,0,0,0,0,0,624250,586167
1265,1540,38752749,36375292,24381,8173,87,8178,0,-13,-18,-13,-18,1,1,1,365.71,336.6,365.71,336.6,0,0,0,0,0,0,581875,538917
1266,1541,34924503,37236833,24097,8173,87,8178,0,-13,-18,-13,-18,1,1,1,365.71,336.6,365.71,336.6,0,0,0,0,0,0,719542,684500
1267,1542,36961954,36991000,23869,8173,87,8178,0,-13,-18,-13,-18,1,1,1,365.71,336.6,365.71,336.6,0,0,0,0,0,0,717583,675291
1268,1543,40271293,38655083,23817,8173,87,8178,0,-14,-18,-14,-18,1,1,1,320,311.82,320,311.82,0,0,0,0,0,0,722541,676833
1269,1544,40505703,42068875,23969,8173,87,8178,0,-14,-18,-14,-18,1,1,1,320,311.82,320,311.82,0,0,0,0,0,0,618000,575333
1270,1545,56691545,56451833,23817,8173,87,8178,0,-14,-18,-14,-18,1,1,1,320,311.82,320,311.82,0,0,0,0,0,0,779459,724958
1271,1546,70550329,68717500,23817,8173,90,8178,0,-14,-18,-14,-18,1,1,1,320,311.82,320,311.82,0,0,0,0,0,0,812167,753042
1272,1547,81405498,82974917,24021,8173,87,8178,0,-15,-18,-15,-18,1,1,1,274.29,285.43,274.29,285.43,0,0,0,0,0,0,1001291,932583
1273,1548,105069085,102858417,23817,8173,87,8178,0,-15,-18,-15,-18,1,1,1,274.29,285.43,274.29,285.43,0,0,0,0,0,0,1408042,1283417
1274,1549,93287125,91982583,24533,8173,87,8178,0,-15,-18,-15,-18,1,1,1,274.29,285.43,274.29,285.43,0,0,0,0,0,0,1169166,1055167
1275,1550,71795672,72358083,24085,8173,87,8178,0,-15,-18,-15,-18,1,1,1,274.29,285.43,274.29,285.43,0,0,0,0,0,0,1144833,1038792
1276,1551,68262457,71065875,23969,8174,88,8179,0,-16,-18,-16,-18,1,1,1,228.57,258.09,228.57,258.09,0,0,0,0,0,0,1175667,1054250
1277,1552,77383868,75240625,23817,8173,87,8178,0,-16,-18,-16,-18,1,1,1,228.57,258.09,228.57,258.09,0,0,0,0,0,0,1070250,965625
1278,1553,60988251,62923083,23933,8173,90,8178,0,-16,-18,-16,-18,1,1,1,228.57,258.09,228.57,258.09,0,0,0,0,0,0,1075708,979416
1279,1554,67554920,65869541,23905,8173,87,8178,0,-16,-18,-16,-18,1,1,1,228.57,258.09,228.57,258.09,0,0,0,0,0,0,1057791,960000
1280,1555,57774625,59802417,23881,8173,87,8178,0,-17,-18,-17,-18,1,1,1,182.86,230.19,182.86,230.19,0,0,0,0,0,0,1390125,1274667
1281,1556,59009082,55473041,24381,8173,87,8178,0,-17,-18,-17,-18,1,1,1,182.86,230.19,182.86,230.19,0,0,0,0,0,0,867833,779250
1282,1557,52899412,56327875,24237,8173,87,8178,0,-17,-18,-17,-18,1,1,1,182.86,230.19,182.86,230.19,0,0,0,0,0,0,958083,865208
1283,1558,57406336,55961000,23817,8173,87,8178,0,-17,-18,-17,-18,1,1,1,182.86,230.19,182.86,230.19,0,0,0,0,0,0,804334,725042
1284,1559,53906418,55147792,23881,8173,87,8178,0,-16,-18,-16,-18,1,1,1,228.57,258.09,228.57,258.09,0,0,0,0,0,0,1059375,976042
1285,1560,51525376,50527375,23905,8173,87,8178,0,-16,-18,-16,-18,1,1,1,228.57,258.09,228.57,258.09,0,0,0,0,0,0,848208,763959
1286,1561,43153621,44411833,23933,8173,90,8178,0,-16,-18,-16,-18,1,1,1,228.57,258.09,228.57,258.09,0,0,0,0,0,0,755042,690834
1287,1562,42755421,42757333,23817,8173,87,8178,0,-16,-18,-16,-18,1,1,1,228.57,258.09,228.57,258.09,0,0,0,0,0,0,883667,817541
1288,1563,39641957,38456917,23817,8173,87,8178,0,-15,-18,-15,-18,1,1,1,274.29,285.43,274.29,285.43,0,0,0,0,0,0,685833,620709
1289,1564,36752287,37931000,23969,8173,87,8178,0,-15,-18,-15,-18,1,1,1,274.29,285.43,274.29,285.43,0,0,0,0,0,0,682250,617916
1290,1565,34531541,34529375,31218,8173,87,8178,0,-15,-18,-15,-18,1,1,1,274.29,285.43,274.29,285.43,0,0,0,0,0,0,551042,497375
1291,1566,35468585,34314416,29545,8174,88,8179,0,-15,-18,-15,-18,1,1,1,274.29,285.43,274.29,285.43,0,0,0,0,0,0,569750,508958
1292,1567,34301459,34361167,24497,8173,87,8178,0,-14,-18,-14,-18,1,1,1,320,311.82,320,311.82,0,0,0,0,0,0,567000,515667
1293,1568,32773122,33758334,24033,8173,87,8178,0,-14,-18,-14,-18,1,1,1,320,311.82,320,311.82,0,0,0,0,0,0,604708,561250
1294,1569,34436542,33456917,23905,8173,87,8178,0,-14,-18,-14,-18,1,1,1,320,311.82,320,311.82,0,0,0,0,0,0,592333,556959
1295,1570,32615412,33587750,23881,8173,87,8178,0,-14,-18,-14,-18,1,1,1,320,311.82,320,311.82,0,0,0,0,0,0,557167,517375
1296,1571,33939957,33974500,23817,8173,87,8178,0,-13,-18,-13,-18,1,1,1,365.71,336.6,365.71,336.6,0,0,0,0,0,0,554292,520542
1297,1572,37631627,36580625,23817,8173,87,8178,0,-13,-18,-13,-18,1,1,1,365.71,336.6,365.71,336.6,0,0,0,0,0,0,631875,586666
1298,1573,32730001,33683834,23933,8173,90,8178,0,-13,-18,-13,-18,1,1,1,365.71,336.6,365.71,336.6,0,0,0,0,0,0,558041,518875
1299,1574,34827914,34839250,23905,8173,87,8178,0,-13,-18,-13,-18,1,1,1,365.71,336.6,365.71,336.6,0,0,0,0,0,0,535708,497541
1300,1575,37056960,36052708,23817,8173,87,8178,0,-12,-18,-12,-18,1,1,1,411.43,359.32,411.43,359.32,0,0,0,0,0,0,545250,509584
1301,1576,36290377,37266750,23881,8173,87,8178,0,-12,-18,-12,-18,1,1,1,411.43,359.32,411.43,359.32,0,0,0,0,0,0,552250,510667
1302,1577,36675538,36449542,23817,8173,87,8178,0,-12,-18,-12,-18,1,1,1,411.43,359.32,411.43,359.32,0,0,0,0,0,0,606291,571625
1303,1578,38950040,37965208,23817,8173,87,8178,0,-12,-18,-12,-18,1,1,1,411.43,359.32,411.43,359.32,0,0,0,0,0,0,743167,699250
1304,1579,35808172,36904167,24021,8173,87,8178,0,-11,-18,-11,-18,1,1,1,457.14,380.06,457.14,380.06,0,0,0,0,0,0,656250,618291
1305,1580,41981164,41974292,23817,8173,87,8178,0,-11,-18,-11,-18,1,1,1,457.14,380.06,457.14,380.06,0,0,0,0,0,0,627083,570542
1306,1581,52599709,49731834,24381,8174,88,8179,0,-11,-18,-11,-18,1,1,1,457.14,380.06,457.14,380.06,0,0,0,0,0,0,720125,675000
1307,1582,62113542,64687750,24097,8173,87,8178,0,-11,-18,-11,-18,1,1,1,457.14,380.06,457.14,380.06,0,0,0,0,0,0,1116500,1037583
1308,1583,70397667,68709834,23905,8173,87,8178,0,-10,-18,-10,-18,1,1,1,502.86,399.44,502.86,399.44,0,0,0,0,0,0,936084,871250
1309,1584,79757742,80987959,23933,8173,87,8178,0,-10,-18,-10,-18,1,1,1,502.86,399.44,502.86,399.44,0,0,0,0,0,0,1076083,1002125
1310,1585,77281668,75568333,23905,8173,90,8178,0,-10,-18,-10,-18,1,1,1,502.86,399.44,502.86,399.44,0,0,0,0,0,0,1287667,1207250
1311,1586,70844501,72950625,23881,8173,87,8178,0,-10,-18,-10,-18,1,1,1,502.86,399.44,502.86,399.44,0,0,0,0,0,0,1044833,965583
1312,1587,69768704,67701208,23869,8173,87,8178,0,-9,-18,-9,-18,1,1,1,548.57,418.39,548.57,418.39,0,0,0,0,0,0,1054250,985709
1313,1588,58209791,58547917,24533,8173,87,8178,0,-9,-18,-9,-18,1,1,1,548.57,418.39,548.57,418.39,0,0,0,0,0,0,979584,909167
1314,1589,54564960,54505250,24033,8173,87,8178,0,-9,-18,-9,-18,1,1,1,548.57,418.39,548.57,418.39,0,0,0,0,0,0,875292,822542
1315,1590,54979167,56387416,23881,8173,87,8178,0,-9,-18,-9,-18,1,1,1,548.57,418.39,548.57,418.39,0,0,0,0,0,0,1002875,941208
1316,1591,52781704,51653791,23957,8173,87,8178,0,-8,-18,-8,-18,1,1,1,594.29,422.77,594.29,422.77,0,0,0,0,0,0,892208,840458
1317,1592,55619835,57038041,23881,8173,87,8178,0,-8,-18,-8,-18,1,1,1,594.29,422.77,594.29,422.77,0,0,0,0,0,0,809917,758250
1318,1593,56684631,54825083,23817,8173,90,8178,0,-8,-18,-8,-18,1,1,1,594.29,422.77,594.29,422.77,0,0,0,0,0,0,779667,725958
1319,1594,54352913,56078666,23969,8173,87,8178,0,-8,-18,-8,-18,1,1,1,594.29,422.77,594.29,422.77,0,0,0,0,0,0,1105917,1045750
1320,1595,58611501,57244375,23869,8173,87,8178,0,-6,-18,-6,-18,1,1,1,685.71,416.09,685.71,416.09,0,0,0,0,0,0,904208,846584
1321,1596,67207463,68482375,23881,8174,88,8179,0,-6,-18,-6,-18,1,1,1,685.71,416.09,685.71,416.09,0,0,0,0,0,0,1220542,1137958
1322,1597,69729037,66335208,24469,8173,87,8178,0,-6,-18,-6,-18,1,1,1,685.71,416.09,685.71,416.09,0,0,0,0,0,0,1415958,1340666
1323,1598,51643621,55159500,24097,8173,87,8178,0,-6,-18,-6,-18,1,1,1,685.71,416.09,685.71,416.09,0,0,0,0,0,0,1035250,957625
1324,1599,52022669,50685125,23869,8173,87,8178,0,-5,-18,-5,-18,1,1,1,731.43,431,731.43,431,0,0,0,0,0,0,861500,806709
1325,1600,46493623,47900208,23969,8173,87,8178,0,-5,-18,-5,-18,1,1,1,731.43,431,731.43,431,0,0,0,0,0,0,728291,668375
1326,1601,44025920,44013291,23817,8173,90,8178,0,-5,-18,-5,-18,1,1,1,731.43,431,731.43,431,0,0,0,0,0,0,677750,633958
1327,1602,39395585,38159917,23817,8173,87,8178,0,-5,-18,-5,-18,1,1,1,731.43,431,731.43,431,0,0,0,0,0,0,601041,558583
1328,1603,37179876,38229250,23353,8173,87,8178,0,-4,-18,-4,-18,1,1,1,777.14,453.14,777.14,453.14,0,0,0,0,0,0,641125,604292
1329,1604,39776034,39969833,35727,8085,87,8090,0,-4,-18,-4,-18,1,1,1,777.14,453.14,777.14,453.14,0,0,0,0,0,0,538333,495958
1330,1605,34647464,33579542,25967,8085,87,8090,0,-4,-18,-4,-18,1,1,1,777.14,453.14,777.14,453.14,0,0,0,0,0,0,525417,492291
1331,1606,33129330,34141750,23353,8085,87,8090,0,-4,-18,-4,-18,1,1,1,777.14,453.14,777.14,453.14,0,0,0,0,0,0,500333,462959
1332,1607,33969715,33928875,23289,8085,87,8090,0,-3,-18,-3,-18,1,1,1,822.86,475.99,822.86,475.99,0,0,0,0,0,0,533416,497041
1333,1608,34565959,33522583,23289,8085,87,8090,0,-3,-18,-3,-18,1,1,1,822.86,475.99,822.86,475.99,0,0,0,0,0,0,491208,453458
1334,1609,33874455,33853375,24005,8085,87,8090,0,-3,-18,-3,-18,1,1,1,822.86,475.99,822.86,475.99,0,0,0,0,0,0,612917,582917
1335,1610,32383333,33430000,23557,8085,87,8090,0,-3,-18,-3,-18,1,1,1,822.86,475.99,822.86,475.99,0,0,0,0,0,0,683083,640375
1336,1611,34391544,33368417,23289,8086,88,8091,0,-2,-18,-2,-18,1,1,1,868.57,498.85,868.57,498.85,0,0,0,0,0,0,480708,450500
1337,1612,32460205,33470542,23353,8085,87,8090,0,-2,-18,-2,-18,1,1,1,868.57,498.85,868.57,498.85,0,0,0,0,0,0,641125,606375
1338,1613,33459544,33357667,23289,8085,87,8090,0,-2,-18,-2,-18,1,1,1,868.57,498.85,868.57,498.85,0,0,0,0,0,0,508167,473917
1339,1614,37141539,36184834,23377,8085,87,8090,0,-2,-18,-2,-18,1,1,1,868.57,498.85,868.57,498.85,0,0,0,0,0,0,601625,567791
1340,1615,32114539,33091625,23353,8085,90,8090,0,-1,-18,-1,-18,1,1,1,914.29,521.71,914.29,521.71,0,0,0,0,0,0,489042,457708
1341,1616,34406796,34413666,23341,8085,87,8090,0,-1,-18,-1,-18,1,1,1,914.29,521.71,914.29,521.71,0,0,0,0,0,0,549167,514708
1342,1617,36592118,35550208,23289,8085,87,8090,0,-1,-18,-1,-18,1,1,1,914.29,521.71,914.29,521.71,0,0,0,0,0,0,482958,452708
1343,1618,34206669,35111666,23353,8085,87,8090,0,-1,-18,-1,-18,1,1,1,914.29,521.71,914.29,521.71,0,0,0,0,0,0,522666,492959
1344,1619,35782206,35844459,23377,8085,87,8090,0,0,-18,0,-18,1,1,1,960,544.56,960,544.56,0,0,0,0,0,0,515750,477500
1345,1620,38953337,37927542,23289,8085,87,8090,0,0,-18,0,-18,1,1,1,960,544.56,960,544.56,0,0,0,0,0,0,767250,724000
1346,1621,35598248,36465666,23353,8085,87,8090,0,0,-18,0,-18,1,1,1,960,544.56,960,544.56,0,0,0,0,0,0,487583,452250
1347,1622,41231121,41188125,23341,8085,87,8090,0,0,-18,0,-18,1,1,1,960,544.56,960,544.56,0,0,0,0,0,0,711375,660792
1348,1623,51754083,49136791,23941,8085,87,8090,0,1,-18,1,-18,1,1,1,1005.71,567.42,1005.71,567.42,0,0,0,0,0,0,741875,688167
1349,1624,58547377,61101000,23569,8085,87,8090,0,1,-18,1,-18,1,1,1,1005.71,567.42,1005.71,567.42,0,0,0,0,0,0,749791,707750
1350,1625,68940751,66823541,23289,8085,87,8090,0,1,-18,1,-18,1,1,1,1005.71,567.42,1005.71,567.42,0,0,0,0,0,0,861208,798500
1351,1626,75209371,77126292,23493,8086,88,8091,0,1,-18,1,-18,1,1,1,1005.71,567.42,1005.71,567.42,0,0,0,0,0,0,901958,849292
1352,1627,68442873,66729125,23289,8085,90,8090,0,2,-18,2,-18,1,1,1,1051.43,590.28,1051.43,590.28,0,0,0,0,0,0,918625,867417
1353,1628,72108291,73521875,23353,8085,87,8090,0,2,-18,2,-18,1,1,1,1051.43,590.28,1051.43,590.28,0,0,0,0,0,0,1017833,954833
1354,1629,70955790,68941709,23429,8085,87,8090,0,2,-18,2,-18,1,1,1,1051.43,590.28,1051.43,590.28,0,0,0,0,0,0,995625,935750
1355,1630,67523926,68234667,23917,8085,87,8090,0,2,-18,2,-18,1,1,1,1051.43,590.28,1051.43,590.28,0,0,0,0,0,0,1041458,972375
1356,1631,55211834,55352750,23505,8085,87,8090,0,3,-18,3,-18,1,1,1,1097.14,613.14,1097.14,613.14,0,0,0,0,0,0,732375,680834
1357,1632,54884742,56089375,23441,8085,87,8090,0,3,-18,3,-18,1,1,1,1097.14,613.14,1097.14,613.14,0,0,0,0,0,0,746125,702042
1358,1633,53521335,52296500,23341,8085,87,8090,0,3,-18,3,-18,1,1,1,1097.14,613.14,1097.14,613.14,0,0,0,0,0,0,710625,668000
1359,1634,49826666,51189334,23353,8085,87,8090,0,3,-18,3,-18,1,1,1,1097.14,613.14,1097.14,613.14,0,0,0,0,0,0,739000,687875
1360,1635,47139916,47303792,23377,8085,90,8090,0,4,-18,4,-18,1,1,1,1142.86,635.99,1142.86,635.99,0,0,0,0,0,0,634667,595583
1361,1636,48410255,47087375,23289,8085,87,8090,0,4,-18,4,-18,1,1,1,1142.86,635.99,1142.86,635.99,0,0,0,0,0,0,695125,652541
1362,1637,54980959,56098667,23353,8085,87,8090,0,4,-18,4,-18,1,1,1,1142.86,635.99,1142.86,635.99,0,0,0,0,0,0,718041,648125
1363,1638,57048540,55656834,23429,8085,87,8090,0,4,-18,4,-18,1,1,1,1142.86,635.99,1142.86,635.99,0,0,0,0,0,0,853125,792834
1364,1639,62249958,61730542,23773,8085,87,8090,0,5,-18,5,-18,1,1,1,1188.57,662.98,1188.57,662.98,0,0,0,0,0,0,901500,845208
1365,1640,67740581,67506583,24489,8155,87,8160,0,5,-18,5,-18,1,1,1,1188.57,662.98,1188.57,662.98,0,0,0,0,0,0,1029125,960583
1366,1641,65914124,68058000,27311,8156,88,8161,0,5,-18,5,-18,1,1,1,1188.57,662.98,1188.57,662.98,0,0,0,0,0,0,971417,903500
1367,1642,51250334,50038041,26439,8155,87,8160,0,5,-18,5,-18,1,1,1,1188.57,662.98,1188.57,662.98,0,0,0,0,0,0,793167,736166
1368,1643,46422503,47608292,23773,8155,87,8160,0,6,-18,6,-18,1,1,1,1234.29,696.59,1234.29,696.59,0,0,0,0,0,0,813625,759792
1369,1644,39804790,39865958,23797,8155,90,8160,0,6,-18,6,-18,1,1,1,1234.29,696.59,1234.29,696.59,0,0,0,0,0,0,706417,667250
1370,1645,39576869,38368875,23709,8155,87,8160,0,6,-18,6,-18,1,1,1,1234.29,696.59,1234.29,696.59,0,0,0,0,0,0,608417,567000
1371,1646,33083964,34283292,23773,8155,87,8160,0,6,-18,6,-18,1,1,1,1234.29,696.59,1234.29,696.59,0,0,0,0,0,0,578709,545958
1372,1647,33550206,33569291,23761,8155,87,8160,0,7,-18,7,-18,1,1,1,1280,736.66,1280,736.66,0,0,0,0,0,0,576542,528084
1373,1648,36578919,35400834,23709,8155,87,8160,0,7,-18,7,-18,1,1,1,1280,736.66,1280,736.66,0,0,0,0,0,0,592625,558167
1374,1649,36309290,37435750,23861,8155,87,8160,0,7,-18,7,-18,1,1,1,1280,736.66,1280,736.66,0,0,0,0,0,0,768167,690125
1375,1650,37350084,37336500,23709,8155,87,8160,0,7,-18,7,-18,1,1,1,1280,736.66,1280,736.66,0,0,0,0,0,0,540084,507000
1376,1651,40604788,38049083,24273,8155,87,8160,0,8,-18,8,-18,1,1,1,1325.71,772.98,1325.71,772.98,0,0,0,0,0,0,579917,541959
1377,1652,36099828,38319458,23989,8155,87,8160,0,8,-18,8,-18,1,1,1,1325.71,772.98,1325.71,772.98,0,0,0,0,0,0,1064583,1028917
1378,1653,41842333,42059750,23849,8155,87,8160,0,8,-18,8,-18,1,1,1,1325.71,772.98,1325.71,772.98,0,0,0,0,0,0,704667,653916
1379,1654,46536166,45183667,23709,8155,87,8160,0,8,-18,8,-18,1,1,1,1325.71,772.98,1325.71,772.98,0,0,0,0,0,0,779542,743667
1380,1655,55048335,56245583,23773,8155,87,8160,0,9,-18,9,-18,1,1,1,1371.43,801.36,1371.43,801.36,0,0,0,0,0,0,870834,809333
1381,1656,67640796,65648042,23709,8156,91,8161,0,9,-18,9,-18,1,1,1,1371.43,801.36,1371.43,801.36,0,0,0,0,0,0,1002000,941416
1382,1657,64350374,66265875,23913,8155,87,8160,0,9,-18,9,-18,1,1,1,1371.43,801.36,1371.43,801.36,0,0,0,0,0,0,950250,880625
1383,1658,69261536,67293583,23709,8155,87,8160,0,9,-18,9,-18,1,1,1,1371.43,801.36,1371.43,801.36,0,0,0,0,0,0,1279042,1203250
1384,1659,65937496,67751375,23773,8155,87,8160,0,10,-18,10,-18,1,1,1,1417.14,823.72,1417.14,823.72,0,0,0,0,0,0,1132000,1054542
1385,1660,73258921,69487750,24413,8155,87,8160,0,10,-18,10,-18,1,1,1,1417.14,823.72,1417.14,823.72,0,0,0,0,0,0,954250,885958
1386,1661,65872877,69389625,23989,8155,87,8160,0,10,-18,10,-18,1,1,1,1417.14,823.72,1417.14,823.72,0,0,0,0,0,0,963750,891458
1387,1662,66967204,64856583,23709,8155,87,8160,0,10,-18,10,-18,1,1,1,1417.14,823.72,1417.14,823.72,0,0,0,0,0,0,1277791,1192750
1388,1663,58973044,61369083,23913,8155,87,8160,0,11,-18,11,-18,1,1,1,1462.86,845.83,1462.86,845.83,0,0,0,0,0,0,849916,783708
1389,1664,57844500,55761417,23709,8155,90,8160,0,11,-18,11,-18,1,1,1,1462.86,845.83,1462.86,845.83,0,0,0,0,0,0,786833,733916
1390,1665,54597996,56594042,23773,8155,87,8160,0,11,-18,11,-18,1,1,1,1462.86,845.83,1462.86,845.83,0,0,0,0,0,0,790625,727500
1391,1666,55885337,54663375,23797,8155,87,8160,0,11,-18,11,-18,1,1,1,1462.86,845.83,1462.86,845.83,0,0,0,0,0,0,803666,753542
1392,1667,54026871,54945791,23825,8155,87,8160,0,12,-18,12,-18,1,1,1,1508.57,868.27,1508.57,868.27,0,0,0,0,0,0,817125,754917
1393,1668,60369748,57864208,24273,8155,87,8160,0,12,-18,12,-18,1,1,1,1508.57,868.27,1508.57,868.27,0,0,0,0,0,0,860250,809458
1394,1669,51898170,54637292,24077,8155,87,8160,0,12,-18,12,-18,1,1,1,1508.57,868.27,1508.57,868.27,0,0,0,0,0,0,1231167,1160792
1395,1670,59242416,57021875,23709,8155,87,8160,0,12,-18,12,-18,1,1,1,1508.57,868.27,1508.57,868.27,0,0,0,0,0,0,791458,739958
1396,1671,53440496,55566208,23825,8156,88,8161,0,13,-18,13,-18,1,1,1,1554.29,892.25,1554.29,892.25,0,0,0,0,0,0,812000,752250
1397,1672,72243377,69930708,23797,8155,87,8160,0,13,-18,13,-18,1,1,1,1554.29,892.25,1554.29,892.25,0,0,0,0,0,0,1239709,1171084
1398,1673,60158792,62471000,23773,8155,90,8160,0,13,-18,13,-18,1,1,1,1554.29,892.25,1554.29,892.25,0,0,0,0,0,0,972417,900458
1399,1674,63545532,61543167,23911,8155,87,8160,0,13,-18,13,-18,1,1,1,1554.29,892.25,1554.29,892.25,0,0,0,0,0,0,883875,830666
1400,1675,67121133,68921083,23913,8155,87,8160,0,14,-18,14,-18,1,1,1,1600,918.02,1600,918.02,0,0,0,0,0,0,984000,907875
1401,1676,67231871,64161916,24273,8155,87,8160,0,14,-18,14,-18,1,1,1,1600,918.02,1600,918.02,0,0,0,0,0,0,999459,936166
1402,1677,52905037,55977167,23989,8155,87,8160,0,14,-18,14,-18,1,1,1,1600,918.02,1600,918.02,0,0,0,0,0,0,809250,751208
1403,1678,57832248,55507834,23797,8155,87,8160,0,14,-18,14,-18,1,1,1,1600,918.02,1600,918.02,0,0,0,0,0,0,851416,800250
1404,1679,54975043,57180041,23825,8155,87,8160,0,15,-18,15,-18,1,1,1,1645.71,944.98,1645.71,944.98,0,0,0,0,0,0,1261916,1182542
1405,1680,61946831,60307417,23709,8155,87,8160,0,15,-18,15,-18,1,1,1,1645.71,944.98,1645.71,944.98,0,0,0,0,0,0,879750,826083
1406,1681,52600461,54351667,23861,8155,90,8160,0,15,-18,15,-18,1,1,1,1645.71,944.98,1645.71,944.98,0,0,0,0,0,0,890417,831291
1407,1682,57067461,55596875,23709,8155,87,8160,0,15,-18,15,-18,1,1,1,1645.71,944.98,1645.71,944.98,0,0,0,0,0,0,974167,899833
1408,1683,55149249,56319416,23825,8155,87,8160,0,16,-18,16,-18,1,1,1,1691.43,972.01,1691.43,972.01,0,0,0,0,0,0,782667,722417
1409,1684,57746540,56016917,23797,8155,87,8160,0,16,-18,16,-18,1,1,1,1691.43,972.01,1691.43,972.01,0,0,0,0,0,0,1148375,1096667
1410,1685,55910248,56343750,24337,8155,87,8160,0,16,-18,16,-18,1,1,1,1691.43,972.01,1691.43,972.01,0,0,0,0,0,0,857666,795708
1411,1686,55963173,55565000,23925,8156,88,8161,0,16,-18,16,-18,1,1,1,1691.43,972.01,1691.43,972.01,0,0,0,0,0,0,957833,888875
1412,1687,52157625,53977500,23913,8155,87,8160,0,15,-18,15,-18,1,1,1,1645.71,944.98,1645.71,944.98,0,0,0,0,0,0,823708,763334
1413,1688,56956078,55304583,24007,8155,87,8160,0,15,-18,15,-18,1,1,1,1645.71,944.98,1645.71,944.98,0,0,0,0,0,0,794792,744208
1414,1689,63542500,64971625,23773,8155,87,8160,0,15,-18,15,-18,1,1,1,1645.71,944.98,1645.71,944.98,0,0,0,0,0,0,1260667,1195958
1415,1690,63047371,61628000,23797,8155,90,8160,0,15,-18,15,-18,1,1,1,1645.71,944.98,1645.71,944.98,0,0,0,0,0,0,978084,917291
1416,1691,60954459,62507250,23825,8155,87,8160,0,14,-18,14,-18,1,1,1,1600,918.02,1600,918.02,0,0,0,0,0,0,959958,889041
1417,1692,59569414,57867417,23709,8155,87,8160,0,14,-18,14,-18,1,1,1,1600,918.02,1600,918.02,0,0,0,0,0,0,773083,721833
1418,1693,56410960,58086375,23861,8155,87,8160,0,14,-18,14,-18,1,1,1,1600,918.02,1600,918.02,0,0,0,0,0,0,792541,733167
1419,1694,60504373,57351416,24273,8155,87,8160,0,14,-18,14,-18,1,1,1,1600,918.02,1600,918.02,0,0,0,0,0,0,1026375,954833
1420,1695,56625504,59442959,24041,8155,87,8160,0,13,-18,13,-18,1,1,1,1554.29,892.25,1554.29,892.25,0,0,0,0,0,0,825958,760375
1421,1696,60083750,58596125,23797,8155,87,8160,0,13,-18,13,-18,1,1,1,1554.29,892.25,1554.29,892.25,0,0,0,0,0,0,951625,897042
1422,1697,66912166,68579417,23773,8155,87,8160,0,13,-18,13,-18,1,1,1,1554.29,892.25,1554.29,892.25,0,0,0,0,0,0,1253750,1108375
1423,1698,62030993,60452375,23709,8155,90,8160,0,13,-18,13,-18,1,1,1,1554.29,892.25,1554.29,892.25,0,0,0,0,0,0,796958,747167
1424,1699,57844296,59377375,23913,8155,87,8160,0,12,-18,12,-18,1,1,1,1508.57,868.27,1508.57,868.27,0,0,0,0,0,0,837375,777041
1425,1700,57742785,55733916,23709,8155,87,8160,0,12,-18,12,-18,1,1,1,1508.57,868.27,1508.57,868.27,0,0,0,0,0,0,810875,758291
1426,1701,54846465,56671166,23773,8156,88,8161,0,12,-18,12,-18,1,1,1,1508.57,868.27,1508.57,868.27,0,0,0,0,0,0,821667,743750
1427,1702,57815998,54858666,24361,8155,87,8160,0,12,-18,12,-18,1,1,1,1508.57,868.27,1508.57,868.27,0,0,0,0,0,0,769459,719750
1428,1703,53489413,56552084,24041,8155,87,8160,0,11,-18,11,-18,1,1,1,1462.86,845.83,1462.86,845.83,0,0,0,0,0,0,914333,854541
1429,1704,54296832,52396458,23709,8155,87,8160,0,11,-18,11,-18,1,1,1,1462.86,845.83,1462.86,845.83,0,0,0,0,0,0,794166,730292
1430,1705,48643663,50484583,23861,8155,87,8160,0,11,-18,11,-18,1,1,1,1462.86,845.83,1462.86,845.83,0,0,0,0,0,0,838958,778708
1431,1706,45500375,45589042,23709,8155,87,8160,0,11,-18,11,-18,1,1,1,1462.86,845.83,1462.86,845.83,0,0,0,0,0,0,764417,721292
1432,1707,40705334,39591167,23761,8155,90,8160,0,10,-18,10,-18,1,1,1,1417.14,823.72,1417.14,823.72,0,0,0,0,0,0,613375,571625
1433,1708,39336331,40401291,23773,8155,87,8160,0,10,-18,10,-18,1,1,1,1417.14,823.72,1417.14,823.72,0,0,0,0,0,0,592542,552208
1434,1709,39157085,39068375,23797,8155,87,8160,0,10,-18,10,-18,1,1,1,1417.14,823.72,1417.14,823.72,0,0,0,0,0,0,914292,844166
1435,1710,40313415,39441166,23709,8155,87,8160,0,10,-18,10,-18,1,1,1,1417.14,823.72,1417.14,823.72,0,0,0,0,0,0,623917,577167
1436,1711,37863250,38812584,23773,8155,87,8160,0,9,-18,9,-18,1,1,1,1371.43,801.36,1371.43,801.36,0,0,0,0,0,0,611250,572833
1437,1712,42194627,42146250,23709,8155,87,8160,0,9,-18,9,-18,1,1,1,1371.43,801.36,1371.43,801.36,0,0,0,0,0,0,795958,752583
1438,1713,41418246,39324000,24413,8155,87,8160,0,9,-18,9,-18,1,1,1,1371.43,801.36,1371.43,801.36,0,0,0,0,0,0,664041,600125
1439,1714,44922918,47013375,23989,8155,87,8160,0,9,-18,9,-18,1,1,1,1371.43,801.36,1371.43,801.36,0,0,0,0,0,0,708833,660375
1440,1715,50470877,50378625,23709,8155,87,8160,0,8,-18,8,-18,1,1,1,1325.71,772.98,1325.71,772.98,0,0,0,0,0,0,680541,633291
1441,1716,56982289,55055709,23709,8156,88,8161,0,8,-18,8,-18,1,1,1,1325.71,772.98,1325.71,772.98,0,0,0,0,0,0,824583,777000
1442,1717,68714253,70503125,23861,8155,87,8160,0,8,-18,8,-18,1,1,1,1325.71,772.98,1325.71,772.98,0,0,0,0,0,0,900458,830750
1443,1718,70058003,68200500,23761,8155,90,8160,0,8,-18,8,-18,1,1,1,1325.71,772.98,1325.71,772.98,0,0,0,0,0,0,997083,936167
1444,1719,66442579,68051000,23773,8155,87,8160,0,7,-18,7,-18,1,1,1,1280,736.66,1280,736.66,0,0,0,0,0,0,1059792,989083
1445,1720,69873251,68238625,23797,8155,87,8160,0,7,-18,7,-18,1,1,1,1280,736.66,1280,736.66,0,0,0,0,0,0,960250,898292
1446,1721,61225168,62999625,23825,8155,87,8160,0,7,-18,7,-18,1,1,1,1280,736.66,1280,736.66,0,0,0,0,0,0,1023459,949166
1447,1722,59687703,56797375,24273,8155,87,8160,0,7,-18,7,-18,1,1,1,1280,736.66,1280,736.66,0,0,0,0,0,0,808083,759042
1448,1723,54075751,56796083,24077,8155,87,8160,0,6,-18,6,-18,1,1,1,1234.29,696.59,1234.29,696.59,0,0,0,0,0,0,908459,850416
1449,1724,58828208,57492833,23709,8155,87,8160,0,6,-18,6,-18,1,1,1,1234.29,696.59,1234.29,696.59,0,0,0,0,0,0,848167,801708
1450,1725,60757495,62037750,23825,8155,87,8160,0,6,-18,6,-18,1,1,1,1234.29,696.59,1234.29,696.59,0,0,0,0,0,0,823292,761292
1451,1726,58071874,56756125,23797,8155,90,8160,0,6,-18,6,-18,1,1,1,1234.29,696.59,1234.29,696.59,0,0,0,0,0,0,839958,788458
1452,1727,54753005,56231333,23773,8155,87,8160,0,5,-18,5,-18,1,1,1,1188.57,662.98,1188.57,662.98,0,0,0,0,0,0,1199916,1132834
1453,1728,58953415,57340000,23709,8155,87,8160,0,5,-18,5,-18,1,1,1,1188.57,662.98,1188.57,662.98,0,0,0,0,0,0,794083,747791
1454,1729,51634870,53252125,23913,8155,87,8160,0,5,-18,5,-18,1,1,1,1188.57,662.98,1188.57,662.98,0,0,0,0,0,0,821375,770667
1455,1730,60203414,57202458,24273,8155,87,8160,0,5,-18,5,-18,1,1,1,1188.57,662.98,1188.57,662.98,0,0,0,0,0,0,781375,733500
1456,1731,53648460,56247500,23569,8156,88,8161,0,4,-18,4,-18,1,1,1,1142.86,635.99,1142.86,635.99,0,0,0,0,0,0,777208,733416
1457,1732,64106412,62540084,26827,8085,87,8090,0,4,-18,4,-18,1,1,1,1142.86,635.99,1142.86,635.99,0,0,0,0,0,0,760291,709208
1458,1733,56872874,58643833,26083,8085,87,8090,0,4,-18,4,-18,1,1,1,1142.86,635.99,1142.86,635.99,0,0,0,0,0,0,883584,798166
1459,1734,74971005,72815500,23289,8085,87,8090,0,4,-18,4,-18,1,1,1,1142.86,635.99,1142.86,635.99,0,0,0,0,0,0,1061666,991208
1460,1735,61549998,63714417,23441,8085,90,8090,0,3,-18,3,-18,1,1,1,1097.14,613.14,1097.14,613.14,0,0,0,0,0,0,1003500,932750
1461,1736,53920671,52404750,23289,8085,87,8090,0,3,-18,3,-18,1,1,1,1097.14,613.14,1097.14,613.14,0,0,0,0,0,0,773459,730084
1462,1737,47576375,49091458,23405,8085,87,8090,0,3,-18,3,-18,1,1,1,1097.14,613.14,1097.14,613.14,0,0,0,0,0,0,711458,668709
1463,1738,42487662,42552000,23377,8085,87,8090,0,3,-18,3,-18,1,1,1,1097.14,613.14,1097.14,613.14,0,0,0,0,0,0,638667,597917
1464,1739,40087748,37918667,23853,8085,87,8090,0,2,-18,2,-18,1,1,1,1051.43,590.28,1051.43,590.28,0,0,0,0,0,0,532458,499917
1465,1740,34857504,36995875,23569,8085,87,8090,0,2,-18,2,-18,1,1,1,1051.43,590.28,1051.43,590.28,0,0,0,0,0,0,538083,504667
1466,1741,33782914,33739750,23289,8085,87,8090,0,2,-18,2,-18,1,1,1,1051.43,590.28,1051.43,590.28,0,0,0,0,0,0,525958,485750
1467,1742,34832581,33782333,23429,8085,87,8090,0,2,-18,2,-18,1,1,1,1051.43,590.28,1051.43,590.28,0,0,0,0,0,0,485666,456541
1468,1743,32582085,33426125,23353,8085,87,8090,0,1,-18,1,-18,1,1,1,1005.71,567.42,1005.71,567.42,0,0,0,0,0,0,547500,517958
1469,1744,37070330,37272000,23289,8085,87,8090,0,1,-18,1,-18,1,1,1,1005.71,567.42,1005.71,567.42,0,0,0,0,0,0,626208,583042
1470,1745,35540208,34504542,23289,8085,90,8090,0,1,-18,1,-18,1,1,1,1005.71,567.42,1005.71,567.42,0,0,0,0,0,0,499166,470708
1471,1746,33186253,34022541,23353,8086,88,8091,0,1,-18,1,-18,1,1,1,1005.71,567.42,1005.71,567.42,0,0,0,0,0,0,558708,522458
1472,1747,36240540,36392792,23377,8085,87,8090,0,0,-18,0,-18,1,1,1,960,544.56,960,544.56,0,0,0,0,0,0,494666,457125
1473,1748,36724835,35559917,23341,8085,87,8090,0,0,-18,0,-18,1,1,1,960,544.56,960,544.56,0,0,0,0,0,0,468792,440209
1474,1749,34640122,35783958,23353,8085,87,8090,0,0,-18,0,-18,1,1,1,960,544.56,960,544.56,0,0,0,0,0,0,654500,605584
1475,1750,37589088,37554084,23289,8085,87,8090,0,0,-18,0,-18,1,1,1,960,544.56,960,544.56,0,0,0,0,0,0,571750,514417
1476,1751,40389832,39176042,23289,8085,87,8090,0,-1,-18,-1,-18,1,1,1,914.29,521.71,914.29,521.71,0,0,0,0,0,0,880542,839375
1477,1752,34838873,35998708,23441,8085,87,8090,0,-1,-18,-1,-18,1,1,1,914.29,521.71,914.29,521.71,0,0,0,0,0,0,501041,472917
1478,1753,36642998,35602667,23853,8085,87,8090,0,-1,-18,-1,-18,1,1,1,914.29,521.71,914.29,521.71,0,0,0,0,0,0,494000,458916
1479,1754,36008417,35702667,23557,8085,87,8090,0,-1,-18,-1,-18,1,1,1,914.29,521.71,914.29,521.71,0,0,0,0,0,0,618958,587209
1480,1755,42129166,43337125,23353,8085,87,8090,0,-2,-18,-2,-18,1,1,1,868.57,498.85,868.57,498.85,0,0,0,0,0,0,654375,620625
1481,1756,50688497,50563166,23289,8085,87,8090,0,-2,-18,-2,-18,1,1,1,868.57,498.85,868.57,498.85,0,0,0,0,0,0,611833,570250
1482,1757,68869747,66801750,23377,8085,87,8090,0,-2,-18,-2,-18,1,1,1,868.57,498.85,868.57,498.85,0,0,0,0,0,0,907000,846667
1483,1758,74701793,76483000,23353,8085,87,8090,0,-2,-18,-2,-18,1,1,1,868.57,498.85,868.57,498.85,0,0,0,0,0,0,932083,868833
1484,1759,71693576,69043125,23341,8085,90,8090,0,-3,-18,-3,-18,1,1,1,822.86,475.99,822.86,475.99,0,0,0,0,0,0,924250,849750
1485,1760,64451791,67213458,23441,8085,87,8090,0,-3,-18,-3,-18,1,1,1,822.86,475.99,822.86,475.99,0,0,0,0,0,0,902166,853458
1486,1761,75137123,73291042,23289,8086,88,8091,0,-3,-18,-3,-18,1,1,1,822.86,475.99,822.86,475.99,0,0,0,0,0,0,866334,809416
1487,1762,66260837,66423375,23969,8085,87,8090,0,-3,-18,-3,-18,1,1,1,822.86,475.99,822.86,475.99,0,0,0,0,0,0,950333,885958
1488,1763,55477961,55665250,23593,8085,87,8090,0,-4,-18,-4,-18,1,1,1,777.14,453.14,777.14,453.14,0,0,0,0,0,0,707209,661250
1489,1764,48218954,49805834,23353,8085,87,8090,0,-4,-18,-4,-18,1,1,1,777.14,453.14,777.14,453.14,0,0,0,0,0,0,723167,674041
1490,1765,52974872,51121250,23289,8085,87,8090,0,-4,-18,-4,-18,1,1,1,777.14,453.14,777.14,453.14,0,0,0,0,0,0,684333,627583
1491,1766,46117834,47922833,23493,8085,90,8090,0,-4,-18,-4,-18,1,1,1,777.14,453.14,777.14,453.14,0,0,0,0,0,0,650875,605541
1492,1767,47952920,47964208,23817,8085,87,8090,0,-5,-18,-5,-18,1,1,1,731.43,431,731.43,431,0,0,0,0,0,0,1090500,1027083
1493,1768,51739875,49346875,23817,8173,87,8178,0,-5,-18,-5,-18,1,1,1,731.43,431,731.43,431,0,0,0,0,0,0,711500,666208
1494,1769,54370705,56310916,23881,8173,87,8178,0,-5,-18,-5,-18,1,1,1,731.43,431,731.43,431,0,0,0,0,0,0,1160250,1098666
1495,1770,74764378,73108250,27407,8173,87,8178,0,-5,-18,-5,-18,1,1,1,731.43,431,731.43,431,0,0,0,0,0,0,774083,721250
1496,1771,67085660,67490583,27123,8173,87,8178,0,-6,-18,-6,-18,1,1,1,685.71,416.09,685.71,416.09,0,0,0,0,0,0,1098792,1003083
1497,1772,60366753,59922000,24033,8173,87,8178,0,-6,-18,-6,-18,1,1,1,685.71,416.09,685.71,416.09,0,0,0,0,0,0,1320458,1236916
1498,1773,57969041,59895250,24021,8173,87,8178,0,-6,-18,-6,-18,1,1,1,685.71,416.09,685.71,416.09,0,0,0,0,0,0,979584,907958
1499,1774,64867287,63388542,23817,8173,87,8178,0,-6,-18,-6,-18,1,1,1,685.71,416.09,685.71,416.09,0,0,0,0,0,0,1080792,1005125
1500,1775,52316877,53701250,23881,8173,90,8178,0,-8,-18,-8,-18,1,1,1,594.29,422.77,594.29,422.77,0,0,0,0,0,0,816083,752041
1501,1776,48976078,47652834,23905,8174,88,8179,0,-8,-18,-8,-18,1,1,1,594.29,422.77,594.29,422.77,0,0,0,0,0,0,822542,756917
1502,1777,42369585,43819583,23933,8173,87,8178,0,-8,-18,-8,-18,1,1,1,594.29,422.77,594.29,422.77,0,0,0,0,0,0,726208,675167
1503,1778,38637459,38636750,23817,8173,87,8178,0,-8,-18,-8,-18,1,1,1,594.29,422.77,594.29,422.77,0,0,0,0,0,0,628000,590708
1504,1779,38385707,37288334,23817,8173,87,8178,0,-9,-18,-9,-18,1,1,1,548.57,418.39,548.57,418.39,0,0,0,0,0,0,748209,703375
1505,1780,32841041,33941708,23969,8173,87,8178,0,-9,-18,-9,-18,1,1,1,548.57,418.39,548.57,418.39,0,0,0,0,0,0,603750,567958
1506,1781,35287208,34176375,24381,8173,87,8178,0,-9,-18,-9,-18,1,1,1,548.57,418.39,548.57,418.39,0,0,0,0,0,0,536458,496583
1507,1782,33813748,33823292,24033,8173,87,8178,0,-9,-18,-9,-18,1,1,1,548.57,418.39,548.57,418.39,0,0,0,0,0,0,576125,540584
1508,1783,32899171,33923125,23933,8173,87,8178,0,-10,-18,-10,-18,1,1,1,502.86,399.44,502.86,399.44,0,0,0,0,0,0,565208,519833
1509,1784,33826418,33779166,23817,8173,87,8178,0,-10,-18,-10,-18,1,1,1,502.86,399.44,502.86,399.44,0,0,0,0,0,0,648875,607875
1510,1785,34450709,33245500,23905,8173,87,8178,0,-10,-18,-10,-18,1,1,1,502.86,399.44,502.86,399.44,0,0,0,0,0,0,592083,551500
1511,1786,36594245,37834292,23881,8173,87,8178,0,-10,-18,-10,-18,1,1,1,502.86,399.44,502.86,399.44,0,0,0,0,0,0,682542,645250
1512,1787,33549666,33505291,23817,8173,90,8178,0,-11,-18,-11,-18,1,1,1,457.14,380.06,457.14,380.06,0,0,0,0,0,0,544750,500958
1513,1788,35465795,34458625,23817,8173,87,8178,0,-11,-18,-11,-18,1,1,1,457.14,380.06,457.14,380.06,0,0,0,0,0,0,528125,493333
1514,1789,35406917,36329209,23933,8173,87,8178,0,-11,-18,-11,-18,1,1,1,457.14,380.06,457.14,380.06,0,0,0,0,0,0,658250,618167
1515,1790,36080583,36161792,23905,8173,87,8178,0,-11,-18,-11,-18,1,1,1,457.14,380.06,457.14,380.06,0,0,0,0,0,0,527917,494459
1516,1791,37229165,35824208,23817,8174,88,8179,0,-12,-18,-12,-18,1,1,1,411.43,359.32,411.43,359.32,0,0,0,0,0,0,594000,537458
1517,1792,35907872,37050000,23881,8173,87,8178,0,-12,-18,-12,-18,1,1,1,411.43,359.32,411.43,359.32,0,0,0,0,0,0,862958,812833
1518,1793,35832665,36000917,23817,8173,87,8178,0,-12,-18,-12,-18,1,1,1,411.43,359.32,411.43,359.32,0,0,0,0,0,0,619958,574750
1519,1794,37769790,36662834,23817,8173,87,8178,0,-12,-18,-12,-18,1,1,1,411.43,359.32,411.43,359.32,0,0,0,0,0,0,589625,553000
1520,1795,36180745,35984541,24585,8173,87,8178,0,-13,-18,-13,-18,1,1,1,365.71,336.6,365.71,336.6,0,0,0,0,0,0,618792,575833
1521,1796,36083083,37281625,24033,8173,87,8178,0,-13,-18,-13,-18,1,1,1,365.71,336.6,365.71,336.6,0,0,0,0,0,0,621834,585625
1522,1797,44940207,43454375,23817,8173,87,8178,0,-13,-18,-13,-18,1,1,1,365.71,336.6,365.71,336.6,0,0,0,0,0,0,707584,662625
1523,1798,48457916,49724750,23881,8173,87,8178,0,-13,-18,-13,-18,1,1,1,365.71,336.6,365.71,336.6,0,0,0,0,0,0,738875,694416
1524,1799,69231376,67452417,23905,8173,87,8178,0,-14,-18,-14,-18,1,1,1,320,311.82,320,311.82,0,0,0,0,0,0,1022333,942125
1525,1800,66639088,68367459,23933,8173,90,8178,0,-14,-18,-14,-18,1,1,1,320,311.82,320,311.82,0,0,0,0,0,0,1035667,941875
1526,1801,69515451,67407917,23817,8173,87,8178,0,-14,-18,-14,-18,1,1,1,320,311.82,320,311.82,0,0,0,0,0,0,1300917,1221125
1527,1802,67920461,69884042,23969,8173,87,8178,0,-14,-18,-14,-18,1,1,1,320,311.82,320,311.82,0,0,0,0,0,0,988959,922916
1528,1803,69155834,67374250,23869,8173,87,8178,0,-15,-18,-15,-18,1,1,1,274.29,285.43,274.29,285.43,0,0,0,0,0,0,988792,917334
1529,1804,62834627,62575208,24445,8173,87,8178,0,-15,-18,-15,-18,1,1,1,274.29,285.43,274.29,285.43,0,0,0,0,0,0,1037958,938458
1530,1805,54075829,54614375,24121,8173,87,8178,0,-15,-18,-15,-18,1,1,1,274.29,285.43,274.29,285.43,0,0,0,0,0,0,840333,754375
1531,1806,46677708,48235375,23881,8174,88,8179,0,-15,-18,-15,-18,1,1,1,274.29,285.43,274.29,285.43,0,0,0,0,0,0,899084,809625
1532,1807,50296831,50152084,23869,8173,87,8178,0,-16,-18,-16,-18,1,1,1,228.57,258.09,228.57,258.09,0,0,0,0,0,0,844958,755708
1533,1808,48061165,46981667,23905,8173,90,8178,0,-16,-18,-16,-18,1,1,1,228.57,258.09,228.57,258.09,0,0,0,0,0,0,997416,880084
1534,1809,44680755,45931916,23881,8173,87,8178,0,-16,-18,-16,-18,1,1,1,228.57,258.09,228.57,258.09,0,0,0,0,0,0,966250,890708
1535,1810,47508623,47375417,23817,8173,87,8178,0,-16,-18,-16,-18,1,1,1,228.57,258.09,228.57,258.09,0,0,0,0,0,0,737833,678167
1536,1811,48364002,46865875,23817,8173,87,8178,0,-17,-18,-17,-18,1,1,1,182.86,230.19,182.86,230.19,0,0,0,0,0,0,689583,622583
1537,1812,48016913,49555875,24021,8173,87,8178,0,-17,-18,-17,-18,1,1,1,182.86,230.19,182.86,230.19,0,0,0,0,0,0,710333,650583
1538,1813,58661039,55880667,26501,8173,87,8178,0,-17,-18,-17,-18,1,1,1,182.86,230.19,182.86,230.19,0,0,0,0,0,0,1004291,906667
1539,1814,61509419,63883292,24097,8173,87,8178,0,-17,-18,-17,-18,1,1,1,182.86,230.19,182.86,230.19,0,0,0,0,0,0,805084,733333
1540,1815,70378541,68723583,23905,8173,87,8178,0,-16,-18,-16,-18,1,1,1,228.57,258.09,228.57,258.09,0,0,0,0,0,0,981167,886750
1541,1816,69016538,70774833,23933,8173,87,8178,0,-16,-18,-16,-18,1,1,1,228.57,258.09,228.57,258.09,0,0,0,0,0,0,1067458,979083
1542,1817,74111789,72111333,23817,8173,87,8178,0,-16,-18,-16,-18,1,1,1,228.57,258.09,228.57,258.09,0,0,0,0,0,0,1188416,1077042
1543,1818,52634418,54745250,23969,8173,90,8178,0,-16,-18,-16,-18,1,1,1,228.57,258.09,228.57,258.09,0,0,0,0,0,0,890084,813500
1544,1819,44721748,44747291,23817,8173,87,8178,0,-15,-18,-15,-18,1,1,1,274.29,285.43,274.29,285.43,0,0,0,0,0,0,882792,801125
1545,1820,43422669,42346209,23869,8173,87,8178,0,-15,-18,-15,-18,1,1,1,274.29,285.43,274.29,285.43,0,0,0,0,0,0,775416,712458
1546,1821,36407042,37492167,23881,8174,88,8179,0,-15,-18,-15,-18,1,1,1,274.29,285.43,274.29,285.43,0,0,0,0,0,0,625125,561334
1547,1822,34343332,34382708,23905,8173,87,8178,0,-15,-18,-15,-18,1,1,1,274.29,285.43,274.29,285.43,0,0,0,0,0,0,606583,556208
1548,1823,36019705,34198208,24381,8173,87,8178,0,-14,-18,-14,-18,1,1,1,320,311.82,320,311.82,0,0,0,0,0,0,572708,509500
1549,1824,32019671,33791584,24097,8173,87,8178,0,-14,-18,-14,-18,1,1,1,320,311.82,320,311.82,0,0,0,0,0,0,613167,578250
1550,1825,34163661,34178292,23817,8173,87,8178,0,-14,-18,-14,-18,1,1,1,320,311.82,320,311.82,0,0,0,0,0,0,556000,513625
1551,1826,34921668,33737916,23869,8173,87,8178,0,-14,-18,-14,-18,1,1,1,320,311.82,320,311.82,0,0,0,0,0,0,529417,496000
1552,1827,32881703,34010458,23969,8173,87,8178,0,-13,-18,-13,-18,1,1,1,365.71,336.6,365.71,336.6,0,0,0,0,0,0,564791,520166
1553,1828,37226714,36914042,23817,8173,87,8178,0,-13,-18,-13,-18,1,1,1,365.71,336.6,365.71,336.6,0,0,0,0,0,0,638541,601750
1554,1829,37032581,35301250,23817,8173,90,8178,0,-13,-18,-13,-18,1,1,1,365.71,336.6,365.71,336.6,0,0,0,0,0,0,578375,526833
1555,1830,32914038,34906959,23881,8173,87,8178,0,-13,-18,-13,-18,1,1,1,365.71,336.6,365.71,336.6,0,0,0,0,0,0,602708,563041
1556,1831,34807000,34721167,23817,8173,87,8178,0,-12,-18,-12,-18,1,1,1,411.43,359.32,411.43,359.32,0,0,0,0,0,0,580666,533125
1557,1832,38185663,37183000,23957,8173,87,8178,0,-12,-18,-12,-18,1,1,1,411.43,359.32,411.43,359.32,0,0,0,0,0,0,542125,508125
1558,1833,36733333,37771917,23881,8173,87,8178,0,-12,-18,-12,-18,1,1,1,411.43,359.32,411.43,359.32,0,0,0,0,0,0,815334,754333
1559,1834,36822464,36761542,23817,8173,87,8178,0,-12,-18,-12,-18,1,1,1,411.43,359.32,411.43,359.32,0,0,0,0,0,0,926833,867458
1560,1835,39004873,37853125,23817,8173,87,8178,0,-11,-18,-11,-18,1,1,1,457.14,380.06,457.14,380.06,0,0,0,0,0,0,549250,509708
1561,1836,34642539,35711459,23969,8174,88,8179,0,-11,-18,-11,-18,1,1,1,457.14,380.06,457.14,380.06,0,0,0,0,0,0,605375,562833
1562,1837,40243666,39135917,24381,8173,87,8178,0,-11,-18,-11,-18,1,1,1,457.14,380.06,457.14,380.06,0,0,0,0,0,0,632750,581458
1563,1838,44868834,44440125,24085,8173,87,8178,0,-11,-18,-11,-18,1,1,1,457.14,380.06,457.14,380.06,0,0,0,0,0,0,745000,705667
1564,1839,61200376,62435083,23881,8173,87,8178,0,-10,-18,-10,-18,1,1,1,502.86,399.44,502.86,399.44,0,0,0,0,0,0,861750,797375
1565,1840,70273540,68483750,23905,8173,87,8178,0,-10,-18,-10,-18,1,1,1,502.86,399.44,502.86,399.44,0,0,0,0,0,0,931833,868334
1566,1841,74274882,76032709,23881,8173,87,8178,0,-10,-18,-10,-18,1,1,1,502.86,399.44,502.86,399.44,0,0,0,0,0,0,1083000,979833
1567,1842,69261908,67347292,23869,8173,90,8178,0,-10,-18,-10,-18,1,1,1,502.86,399.44,502.86,399.44,0,0,0,0,0,0,957750,903584
1568,1843,65668590,67587417,23969,8173,87,8178,0,-9,-18,-9,-18,1,1,1,548.57,418.39,548.57,418.39,0,0,0,0,0,0,1052416,979792
1569,1844,66900871,65348291,23817,8173,87,8178,0,-9,-18,-9,-18,1,1,1,548.57,418.39,548.57,418.39,0,0,0,0,0,0,1053416,986625
1570,1845,54988875,55068584,24497,8173,87,8178,0,-9,-18,-9,-18,1,1,1,548.57,418.39,548.57,418.39,0,0,0,0,0,0,802167,736917
1571,1846,52684962,52910916,24121,8173,87,8178,0,-9,-18,-9,-18,1,1,1,548.57,418.39,548.57,418.39,0,0,0,0,0,0,775709,722791
1572,1847,47820996,49152625,23881,8173,87,8178,0,-8,-18,-8,-18,1,1,1,594.29,422.77,594.29,422.77,0,0,0,0,0,0,1158292,1090750
1573,1848,48328336,48233833,23817,8173,87,8178,0,-8,-18,-8,-18,1,1,1,594.29,422.77,594.29,422.77,0,0,0,0,0,0,703959,659958
1574,1849,55371705,53808416,23869,8173,87,8178,0,-8,-18,-8,-18,1,1,1,594.29,422.77,594.29,422.77,0,0,0,0,0,0,1105875,1049042
1575,1850,54057583,55493666,23969,8173,90,8178,0,-8,-18,-8,-18,1,1,1,594.29,422.77,594.29,422.77,0,0,0,0,0,0,970625,899083
1576,1851,58067709,56707000,23817,8174,88,8179,0,-6,-18,-6,-18,1,1,1,685.71,416.09,685.71,416.09,0,0,0,0,0,0,1012208,945792
1577,1852,53559459,54909291,23881,8173,87,8178,0,-6,-18,-6,-18,1,1,1,685.71,416.09,685.71,416.09,0,0,0,0,0,0,790667,737750
1578,1853,58245584,56475875,23957,8173,87,8178,0,-6,-18,-6,-18,1,1,1,685.71,416.09,685.71,416.09,0,0,0,0,0,0,1045708,983292
1579,1854,55782333,55668333,24445,8173,87,8178,0,-6,-18,-6,-18,1,1,1,685.71,416.09,685.71,416.09,0,0,0,0,0,0,964875,892875
1580,1855,57605542,57926542,24033,8173,87,8178,0,-5,-18,-5,-18,1,1,1,731.43,431,731.43,431,0,0,0,0,0,0,1400000,1321291
1581,1856,50245456,51763875,23969,8173,87,8178,0,-5,-18,-5,-18,1,1,1,731.43,431,731.43,431,0,0,0,0,0,0,811625,756333
1582,1857,45393828,45495708,23869,8173,87,8178,0,-5,-18,-5,-18,1,1,1,731.43,431,731.43,431,0,0,0,0,0,0,849916,780750
1583,1858,46631503,45511333,23817,8173,87,8178,0,-5,-18,-5,-18,1,1,1,731.43,431,731.43,431,0,0,0,0,0,0,749541,702208
1584,1859,36862917,37840125,23353,8173,90,8178,0,-4,-18,-4,-18,1,1,1,777.14,453.14,777.14,453.14,0,0,0,0,0,0,640625,607041
1585,1860,40144536,40275333,26827,8085,87,8090,0,-4,-18,-4,-18,1,1,1,777.14,453.14,777.14,453.14,0,0,0,0,0,0,542083,497542
1586,1861,34545790,33422000,25967,8085,87,8090,0,-4,-18,-4,-18,1,1,1,777.14,453.14,777.14,453.14,0,0,0,0,0,0,523042,492583
1587,1862,32324589,33405667,23405,8085,87,8090,0,-4,-18,-4,-18,1,1,1,777.14,453.14,777.14,453.14,0,0,0,0,0,0,551958,521625
1588,1863,33314917,33323042,23289,8085,87,8090,0,-3,-18,-3,-18,1,1,1,822.86,475.99,822.86,475.99,0,0,0,0,0,0,512583,479000
1589,1864,35122960,34010417,23289,8085,87,8090,0,-3,-18,-3,-18,1,1,1,822.86,475.99,822.86,475.99,0,0,0,0,0,0,544833,509791
1590,1865,32235749,33288208,23441,8085,87,8090,0,-3,-18,-3,-18,1,1,1,822.86,475.99,822.86,475.99,0,0,0,0,0,0,503042,474500
1591,1866,35545866,34304208,23853,8086,88,8091,0,-3,-18,-3,-18,1,1,1,822.86,475.99,822.86,475.99,0,0,0,0,0,0,535625,495500
1592,1867,35161048,35374792,23505,8085,87,8090,0,-2,-18,-2,-18,1,1,1,868.57,498.85,868.57,498.85,0,0,0,0,0,0,540667,508667
1593,1868,35188209,36177834,23405,8085,87,8090,0,-2,-18,-2,-18,1,1,1,868.57,498.85,868.57,498.85,0,0,0,0,0,0,542708,514000
1594,1869,37128124,37053417,23289,8085,87,8090,0,-2,-18,-2,-18,1,1,1,868.57,498.85,868.57,498.85,0,0,0,0,0,0,514000,477375
1595,1870,38159955,37129542,23377,8085,87,8090,0,-2,-18,-2,-18,1,1,1,868.57,498.85,868.57,498.85,0,0,0,0,0,0,618000,588084
1596,1871,42577665,43579291,23353,8085,87,8090,0,-1,-18,-1,-18,1,1,1,914.29,521.71,914.29,521.71,0,0,0,0,0,0,538334,500958
1597,1872,36238044,36032833,23289,8085,90,8090,0,-1,-18,-1,-18,1,1,1,914.29,521.71,914.29,521.71,0,0,0,0,0,0,557584,518583
1598,1873,37673037,36556667,23289,8085,87,8090,0,-1,-18,-1,-18,1,1,1,914.29,521.71,914.29,521.71,0,0,0,0,0,0,682208,638834
1599,1874,38264419,39462917,23493,8085,87,8090,0,-1,-18,-1,-18,1,1,1,914.29,521.71,914.29,521.71,0,0,0,0,0,0,605750,570209
1600,1875,41413705,41422208,23289,8085,87,8090,0,0,-18,0,-18,1,1,1,960,544.56,960,544.56,0,0,0,0,0,0,568708,530041
1601,1876,56765086,54820416,23289,8085,87,8090,0,0,-18,0,-18,1,1,1,960,544.56,960,544.56,0,0,0,0,0,0,919417,867250
1602,1877,64230293,65900833,23353,8085,87,8090,0,0,-18,0,-18,1,1,1,960,544.56,960,544.56,0,0,0,0,0,0,890250,838125
1603,1878,75262457,72537750,23993,8085,87,8090,0,0,-18,0,-18,1,1,1,960,544.56,960,544.56,0,0,0,0,0,0,927417,861542
1604,1879,66174954,68949000,23569,8085,87,8090,0,1,-18,1,-18,1,1,1,1005.71,567.42,1005.71,567.42,0,0,0,0,0,0,1377042,1298125
1605,1880,73142871,70245458,23289,8085,87,8090,0,1,-18,1,-18,1,1,1,1005.71,567.42,1005.71,567.42,0,0,0,0,0,0,1216834,1152125
1606,1881,73642499,76483750,23493,8086,88,8091,0,1,-18,1,-18,1,1,1,1005.71,567.42,1005.71,567.42,0,0,0,0,0,0,1008083,918625
1607,1882,71734838,69852875,23289,8085,90,8090,0,1,-18,1,-18,1,1,1,1005.71,567.42,1005.71,567.42,0,0,0,0,0,0,937625,882666
1608,1883,57331625,59124792,23353,8085,87,8090,0,2,-18,2,-18,1,1,1,1051.43,590.28,1051.43,590.28,0,0,0,0,0,0,916000,861750
1609,1884,57697080,56316583,23429,8085,87,8090,0,2,-18,2,-18,1,1,1,1051.43,590.28,1051.43,590.28,0,0,0,0,0,0,867750,803459
1610,1885,48417247,49893208,23353,8085,87,8090,0,2,-18,2,-18,1,1,1,1051.43,590.28,1051.43,590.28,0,0,0,0,0,0,1177500,1120667
1611,1886,48049792,46433958,23853,8085,87,8090,0,2,-18,2,-18,1,1,1,1051.43,590.28,1051.43,590.28,0,0,0,0,0,0,605250,567625
1612,1887,52689626,52740666,23593,8085,87,8090,0,3,-18,3,-18,1,1,1,1097.14,613.14,1097.14,613.14,0,0,0,0,0,0,610958,567333
1613,1888,52825376,54289084,23405,8085,87,8090,0,3,-18,3,-18,1,1,1,1097.14,613.14,1097.14,613.14,0,0,0,0,0,0,1106292,1015625
1614,1889,57003125,55417375,23289,8085,87,8090,0,3,-18,3,-18,1,1,1,1097.14,613.14,1097.14,613.14,0,0,0,0,0,0,698417,652917
1615,1890,57119458,58694958,23441,8085,87,8090,0,3,-18,3,-18,1,1,1,1097.14,613.14,1097.14,613.14,0,0,0,0,0,0,758208,700458
1616,1891,56451119,54781417,23289,8085,90,8090,0,4,-18,4,-18,1,1,1,1142.86,635.99,1142.86,635.99,0,0,0,0,0,0,1132625,1088375
1617,1892,53125750,54473292,23405,8085,87,8090,0,4,-18,4,-18,1,1,1,1142.86,635.99,1142.86,635.99,0,0,0,0,0,0,762042,719708
1618,1893,56604541,55404708,23377,8085,87,8090,0,4,-18,4,-18,1,1,1,1142.86,635.99,1142.86,635.99,0,0,0,0,0,0,772041,721458
1619,1894,53436458,54676084,23353,8085,87,8090,0,4,-18,4,-18,1,1,1,1142.86,635.99,1142.86,635.99,0,0,0,0,0,0,771542,728500
1620,1895,59352297,56095458,24273,8085,87,8090,0,5,-18,5,-18,1,1,1,1188.57,662.98,1188.57,662.98,0,0,0,0,0,0,1020916,953042
1621,1896,60040120,63356875,27579,8156,88,8161,0,5,-18,5,-18,1,1,1,1188.57,662.98,1188.57,662.98,0,0,0,0,0,0,769542,722666
1622,1897,54573208,53044417,26387,8155,87,8160,0,5,-18,5,-18,1,1,1,1188.57,662.98,1188.57,662.98,0,0,0,0,0,0,1019834,964667
1623,1898,54423335,55889875,23773,8155,87,8160,0,5,-18,5,-18,1,1,1,1188.57,662.98,1188.57,662.98,0,0,0,0,0,0,876209,826375
1624,1899,63279747,61465792,23797,8155,90,8160,0,6,-18,6,-18,1,1,1,1234.29,696.59,1234.29,696.59,0,0,0,0,0,0,815417,757958
1625,1900,53919792,55718625,23825,8155,87,8160,0,6,-18,6,-18,1,1,1,1234.29,696.59,1234.29,696.59,0,0,0,0,0,0,998459,921875
1626,1901,50468169,49324708,23709,8155,87,8160,0,6,-18,6,-18,1,1,1,1234.29,696.59,1234.29,696.59,0,0,0,0,0,0,876417,817250
1627,1902,41812039,43078375,23861,8155,87,8160,0,6,-18,6,-18,1,1,1,1234.29,696.59,1234.29,696.59,0,0,0,0,0,0,718209,679375
1628,1903,38134586,38169459,23709,8155,87,8160,0,7,-18,7,-18,1,1,1,1280,736.66,1280,736.66,0,0,0,0,0,0,619667,576416
1629,1904,38171790,37113333,23709,8155,87,8160,0,7,-18,7,-18,1,1,1,1280,736.66,1280,736.66,0,0,0,0,0,0,640625,605542
1630,1905,34168418,34117875,24389,8155,87,8160,0,7,-18,7,-18,1,1,1,1280,736.66,1280,736.66,0,0,0,0,0,0,588583,551625
1631,1906,32881960,33937417,24013,8155,87,8160,0,7,-18,7,-18,1,1,1,1280,736.66,1280,736.66,0,0,0,0,0,0,582417,550375
1632,1907,35058204,34063458,23709,8155,87,8160,0,8,-18,8,-18,1,1,1,1325.71,772.98,1325.71,772.98,0,0,0,0,0,0,549542,510458
1633,1908,32809879,33787666,23773,8155,87,8160,0,8,-18,8,-18,1,1,1,1325.71,772.98,1325.71,772.98,0,0,0,0,0,0,544750,512958
1634,1909,34052245,34042834,23709,8155,87,8160,0,8,-18,8,-18,1,1,1,1325.71,772.98,1325.71,772.98,0,0,0,0,0,0,567750,530125
1635,1910,37871457,36785291,23709,8155,87,8160,0,8,-18,8,-18,1,1,1,1325.71,772.98,1325.71,772.98,0,0,0,0,0,0,648625,607542
1636,1911,32740257,33584291,23913,8156,91,8161,0,9,-18,9,-18,1,1,1,1371.43,801.36,1371.43,801.36,0,0,0,0,0,0,569792,532375
1637,1912,33563874,33740375,23709,8155,87,8160,0,9,-18,9,-18,1,1,1,1371.43,801.36,1371.43,801.36,0,0,0,0,0,0,582542,550375
1638,1913,34816078,33812583,23709,8155,87,8160,0,9,-18,9,-18,1,1,1,1371.43,801.36,1371.43,801.36,0,0,0,0,0,0,579667,519667
1639,1914,30358502,31361583,23773,8155,87,8160,0,9,-18,9,-18,1,1,1,1371.43,801.36,1371.43,801.36,0,0,0,0,0,0,565292,533292
1640,1915,31389541,31311459,23709,8155,87,8160,0,10,-18,10,-18,1,1,1,1417.14,823.72,1417.14,823.72,0,0,0,0,0,0,583542,546625
1641,1916,33516164,33554250,23797,8155,87,8160,0,10,-18,10,-18,1,1,1,1417.14,823.72,1417.14,823.72,0,0,0,0,0,0,545875,515583
1642,1917,35444252,34383333,23709,8155,87,8160,0,10,-18,10,-18,1,1,1,1417.14,823.72,1417.14,823.72,0,0,0,0,0,0,724125,682250
1643,1918,34611329,35545792,23825,8155,87,8160,0,10,-18,10,-18,1,1,1,1417.14,823.72,1417.14,823.72,0,0,0,0,0,0,695583,647958
1644,1919,36907624,36950250,23709,8155,87,8160,0,11,-18,11,-18,1,1,1,1462.86,845.83,1462.86,845.83,0,0,0,0,0,0,744125,677083
1645,1920,38479585,36012166,24273,8155,87,8160,0,11,-18,11,-18,1,1,1,1462.86,845.83,1462.86,845.83,0,0,0,0,0,0,591000,557125
1646,1921,35168834,37558417,24077,8155,87,8160,0,11,-18,11,-18,1,1,1,1462.86,845.83,1462.86,845.83,0,0,0,0,0,0,580625,541541
1647,1922,36606874,36636125,23709,8155,87,8160,0,11,-18,11,-18,1,1,1,1462.86,845.83,1462.86,845.83,0,0,0,0,0,0,946167,895708
1648,1923,42071457,40510125,23709,8155,87,8160,0,12,-18,12,-18,1,1,1,1508.57,868.27,1508.57,868.27,0,0,0,0,0,0,738042,683167
1649,1924,53975794,55320584,23825,8155,87,8160,0,12,-18,12,-18,1,1,1,1508.57,868.27,1508.57,868.27,0,0,0,0,0,0,1078917,1008292
1650,1925,66301167,64414583,23797,8155,90,8160,0,12,-18,12,-18,1,1,1,1508.57,868.27,1508.57,868.27,0,0,0,0,0,0,1094541,1037125
1651,1926,68738877,70366625,23773,8156,88,8161,0,12,-18,12,-18,1,1,1,1508.57,868.27,1508.57,868.27,0,0,0,0,0,0,1169125,1098000
1652,1927,71783788,69001792,23709,8155,87,8160,0,13,-18,13,-18,1,1,1,1554.29,892.25,1554.29,892.25,0,0,0,0,0,0,978958,916834
1653,1928,68914629,71681458,23913,8155,87,8160,0,13,-18,13,-18,1,1,1,1554.29,892.25,1554.29,892.25,0,0,0,0,0,0,1218667,1154166
1654,1929,70509918,67119083,24273,8155,87,8160,0,13,-18,13,-18,1,1,1,1554.29,892.25,1554.29,892.25,0,0,0,0,0,0,1036583,947042
1655,1930,67438744,70718458,23989,8155,87,8160,0,13,-18,13,-18,1,1,1,1554.29,892.25,1554.29,892.25,0,0,0,0,0,0,987917,920667
1656,1931,62981165,61302292,23849,8155,87,8160,0,14,-18,14,-18,1,1,1,1600,918.02,1600,918.02,0,0,0,0,0,0,1071042,998083
1657,1932,60472086,62167000,23773,8155,87,8160,0,14,-18,14,-18,1,1,1,1600,918.02,1600,918.02,0,0,0,0,0,0,917333,864833
1658,1933,54782163,53365709,23709,8155,90,8160,0,14,-18,14,-18,1,1,1,1600,918.02,1600,918.02,0,0,0,0,0,0,867084,804959
1659,1934,46192288,47796625,23861,8155,87,8160,0,14,-18,14,-18,1,1,1,1600,918.02,1600,918.02,0,0,0,0,0,0,825042,756459
1660,1935,54786339,53252292,23761,8155,87,8160,0,15,-18,15,-18,1,1,1,1645.71,944.98,1645.71,944.98,0,0,0,0,0,0,649125,600166
1661,1936,53401418,54748667,23773,8155,87,8160,0,15,-18,15,-18,1,1,1,1645.71,944.98,1645.71,944.98,0,0,0,0,0,0,843333,792875
1662,1937,58621168,55782708,24361,8155,87,8160,0,15,-18,15,-18,1,1,1,1645.71,944.98,1645.71,944.98,0,0,0,0,0,0,812334,756167
1663,1938,52523959,55358334,23989,8155,87,8160,0,15,-18,15,-18,1,1,1,1645.71,944.98,1645.71,944.98,0,0,0,0,0,0,1105500,1055875
1664,1939,57769492,56245250,23761,8155,87,8160,0,16,-18,16,-18,1,1,1,1691.43,972.01,1691.43,972.01,0,0,0,0,0,0,763083,708792
1665,1940,53664173,55191833,23861,8155,87,8160,0,16,-18,16,-18,1,1,1,1691.43,972.01,1691.43,972.01,0,0,0,0,0,0,789917,735083
1666,1941,62720201,61231292,23709,8156,88,8161,0,16,-18,16,-18,1,1,1,1691.43,972.01,1691.43,972.01,0,0,0,0,0,0,1143042,1060583
1667,1942,61932709,63153459,23773,8155,90,8160,0,16,-18,16,-18,1,1,1,1691.43,972.01,1691.43,972.01,0,0,0,0,0,0,939541,878208
1668,1943,59023376,57708541,23849,8155,87,8160,0,15,-18,15,-18,1,1,1,1645.71,944.98,1645.71,944.98,0,0,0,0,0,0,1000750,932458
1669,1944,50676416,52083000,23773,8155,87,8160,0,15,-18,15,-18,1,1,1,1645.71,944.98,1645.71,944.98,0,0,0,0,0,0,802625,749750
1670,1945,49908582,48724833,23709,8155,87,8160,0,15,-18,15,-18,1,1,1,1645.71,944.98,1645.71,944.98,0,0,0,0,0,0,824041,765667
1671,1946,40741838,42041875,23861,8155,87,8160,0,15,-18,15,-18,1,1,1,1645.71,944.98,1645.71,944.98,0,0,0,0,0,0,694875,652375
1672,1947,39404414,38286083,24325,8155,87,8160,0,14,-18,14,-18,1,1,1,1600,918.02,1600,918.02,0,0,0,0,0,0,623500,580708
1673,1948,37166129,37265917,23925,8155,87,8160,0,14,-18,14,-18,1,1,1,1600,918.02,1600,918.02,0,0,0,0,0,0,587792,546250
1674,1949,32945577,33928667,23773,8155,87,8160,0,14,-18,14,-18,1,1,1,1600,918.02,1600,918.02,0,0,0,0,0,0,595833,555542
1675,1950,34051373,34067125,23797,8155,87,8160,0,14,-18,14,-18,1,1,1,1600,918.02,1600,918.02,0,0,0,0,0,0,587000,555167
1676,1951,37788499,36726542,23709,8155,87,8160,0,13,-18,13,-18,1,1,1,1554.29,892.25,1554.29,892.25,0,0,0,0,0,0,641584,590292
1677,1952,32586585,33613958,23773,8155,90,8160,0,13,-18,13,-18,1,1,1,1554.29,892.25,1554.29,892.25,0,0,0,0,0,0,547292,513416
1678,1953,33944457,33756417,23761,8155,87,8160,0,13,-18,13,-18,1,1,1,1554.29,892.25,1554.29,892.25,0,0,0,0,0,0,533334,495125
1679,1954,34352790,33387541,23709,8155,87,8160,0,13,-18,13,-18,1,1,1,1554.29,892.25,1554.29,892.25,0,0,0,0,0,0,517708,484833
1680,1955,32399665,33520209,23861,8155,87,8160,0,12,-18,12,-18,1,1,1,1508.57,868.27,1508.57,868.27,0,0,0,0,0,0,601875,560750
1681,1956,33485956,33460208,23709,8156,88,8161,0,12,-18,12,-18,1,1,1,1508.57,868.27,1508.57,868.27,0,0,0,0,0,0,567750,534584
1682,1957,32672129,32701833,23709,8155,87,8160,0,12,-18,12,-18,1,1,1,1508.57,868.27,1508.57,868.27,0,0,0,0,0,0,579041,537292
1683,1958,31185828,30189250,23709,8155,87,8160,0,12,-18,12,-18,1,1,1,1508.57,868.27,1508.57,868.27,0,0,0,0,0,0,548208,514875
1684,1959,30743381,31656125,23773,8155,87,8160,0,11,-18,11,-18,1,1,1,1462.86,845.83,1462.86,845.83,0,0,0,0,0,0,565417,522416
1685,1960,32384078,32355084,23849,8155,87,8160,0,11,-18,11,-18,1,1,1,1462.86,845.83,1462.86,845.83,0,0,0,0,0,0,562459,532042
1686,1961,38408085,36316125,24273,8155,87,8160,0,11,-18,11,-18,1,1,1,1462.86,845.83,1462.86,845.83,0,0,0,0,0,0,930417,885958
1687,1962,36298874,38377042,23989,8155,87,8160,0,11,-18,11,-18,1,1,1,1462.86,845.83,1462.86,845.83,0,0,0,0,0,0,970125,923250
1688,1963,35730045,35641041,23709,8155,87,8160,0,10,-18,10,-18,1,1,1,1417.14,823.72,1417.14,823.72,0,0,0,0,0,0,534584,494875
1689,1964,37798456,36682584,23709,8155,87,8160,0,10,-18,10,-18,1,1,1,1417.14,823.72,1417.14,823.72,0,0,0,0,0,0,544375,502750
1690,1965,35165753,36233959,23861,8155,87,8160,0,10,-18,10,-18,1,1,1,1417.14,823.72,1417.14,823.72,0,0,0,0,0,0,543958,489292
1691,1966,42967416,42883083,23761,8155,87,8160,0,10,-18,10,-18,1,1,1,1417.14,823.72,1417.14,823.72,0,0,0,0,0,0,640583,599125
1692,1967,44314872,43111000,23709,8155,90,8160,0,9,-18,9,-18,1,1,1,1371.43,801.36,1371.43,801.36,0,0,0,0,0,0,633000,593292
1693,1968,53630582,54575125,23773,8155,87,8160,0,9,-18,9,-18,1,1,1,1371.43,801.36,1371.43,801.36,0,0,0,0,0,0,884625,836708
1694,1969,70851415,68912291,23797,8155,87,8160,0,9,-18,9,-18,1,1,1,1371.43,801.36,1371.43,801.36,0,0,0,0,0,0,978125,909334
1695,1970,70760704,72733166,23825,8155,87,8160,0,9,-18,9,-18,1,1,1,1371.43,801.36,1371.43,801.36,0,0,0,0,0,0,1042958,982792
1696,1971,73792874,69908917,24273,8156,88,8161,0,8,-18,8,-18,1,1,1,1325.71,772.98,1325.71,772.98,0,0,0,0,0,0,1024750,946166
1697,1972,64078830,67848833,24077,8155,87,8160,0,8,-18,8,-18,1,1,1,1325.71,772.98,1325.71,772.98,0,0,0,0,0,0,997250,926000
1698,1973,70107668,68144958,23761,8155,87,8160,0,8,-18,8,-18,1,1,1,1325.71,772.98,1325.71,772.98,0,0,0,0,0,0,1033708,963875
1699,1974,65398536,67407333,23773,8155,87,8160,0,8,-18,8,-18,1,1,1,1325.71,772.98,1325.71,772.98,0,0,0,0,0,0,1087000,1023500
1700,1975,56145209,54648208,23797,8155,90,8160,0,7,-18,7,-18,1,1,1,1280,736.66,1280,736.66,0,0,0,0,0,0,810458,752833
1701,1976,47458291,48957042,23773,8155,87,8160,0,7,-18,7,-18,1,1,1,1280,736.66,1280,736.66,0,0,0,0,0,0,777709,720333
1702,1977,49697548,49519167,23761,8155,87,8160,0,7,-18,7,-18,1,1,1,1280,736.66,1280,736.66,0,0,0,0,0,0,699084,647000
1703,1978,58551955,56713417,23797,8155,87,8160,0,7,-18,7,-18,1,1,1,1280,736.66,1280,736.66,0,0,0,0,0,0,771167,723042
1704,1979,58047164,59938417,23773,8155,87,8160,0,6,-18,6,-18,1,1,1,1234.29,696.59,1234.29,696.59,0,0,0,0,0,0,890375,803625
1705,1980,71580961,67886125,24273,8155,87,8160,0,6,-18,6,-18,1,1,1,1234.29,696.59,1234.29,696.59,0,0,0,0,0,0,984208,927834
1706,1981,58910500,62599750,24129,8155,87,8160,0,6,-18,6,-18,1,1,1,1234.29,696.59,1234.29,696.59,0,0,0,0,0,0,1621583,1536333
1707,1982,58130167,56634875,23709,8155,87,8160,0,6,-18,6,-18,1,1,1,1234.29,696.59,1234.29,696.59,0,0,0,0,0,0,1092500,1035167
1708,1983,61640702,63056125,23773,8155,87,8160,0,5,-18,5,-18,1,1,1,1188.57,662.98,1188.57,662.98,0,0,0,0,0,0,860542,804667
1709,1984,53981583,52565042,23797,8155,90,8160,0,5,-18,5,-18,1,1,1,1188.57,662.98,1188.57,662.98,0,0,0,0,0,0,767750,721500
1710,1985,52345585,53778542,23825,8155,87,8160,0,5,-18,5,-18,1,1,1,1188.57,662.98,1188.57,662.98,0,0,0,0,0,0,863708,803500
1711,1986,43999504,44028125,23709,8156,88,8161,0,5,-18,5,-18,1,1,1,1188.57,662.98,1188.57,662.98,0,0,0,0,0,0,679833,640875
1712,1987,42576871,41497792,23377,8155,87,8160,0,4,-18,4,-18,1,1,1,1142.86,635.99,1142.86,635.99,0,0,0,0,0,0,631292,594875
1713,1988,36813378,37932292,23353,8085,87,8090,0,4,-18,4,-18,1,1,1,1142.86,635.99,1142.86,635.99,0,0,0,0,0,0,598208,557541
1714,1989,33754874,33744583,23289,8085,87,8090,0,4,-18,4,-18,1,1,1,1142.86,635.99,1142.86,635.99,0,0,0,0,0,0,521375,492625
1715,1990,35697747,33918167,23905,8085,87,8090,0,4,-18,4,-18,1,1,1,1142.86,635.99,1142.86,635.99,0,0,0,0,0,0,555291,526292
1716,1991,32079003,33722417,23569,8085,87,8090,0,3,-18,3,-18,1,1,1,1097.14,613.14,1097.14,613.14,0,0,0,0,0,0,503791,466792
1717,1992,37982497,38114958,26827,8085,87,8090,0,3,-18,3,-18,1,1,1,1097.14,613.14,1097.14,613.14,0,0,0,0,0,0,547583,518625
1718,1993,34558419,33500208,25967,8085,87,8090,0,3,-18,3,-18,1,1,1,1097.14,613.14,1097.14,613.14,0,0,0,0,0,0,497833,468375
1719,1994,32552503,33566875,23353,8085,87,8090,0,3,-18,3,-18,1,1,1,1097.14,613.14,1097.14,613.14,0,0,0,0,0,0,487958,454042
1720,1995,36656875,36616041,23289,8085,87,8090,0,2,-18,2,-18,1,1,1,1051.43,590.28,1051.43,590.28,0,0,0,0,0,0,610958,578875
1721,1996,34443620,33369958,23341,8085,90,8090,0,2,-18,2,-18,1,1,1,1051.43,590.28,1051.43,590.28,0,0,0,0,0,0,556000,527208
1722,1997,32521251,33388416,23441,8085,87,8090,0,2,-18,2,-18,1,1,1,1051.43,590.28,1051.43,590.28,0,0,0,0,0,0,527666,492334
1723,1998,31512252,31712584,23289,8085,87,8090,0,2,-18,2,-18,1,1,1,1051.43,590.28,1051.43,590.28,0,0,0,0,0,0,540750,512167
1724,1999,30383164,30357292,23289,8085,87,8090,0,1,-18,1,-18,1,1,1,1005.71,567.42,1005.71,567.42,0,0,0,0,0,0,433083,407458
1725,2000,31373836,30437375,23289,8085,87,8090,0,1,-18,1,-18,1,1,1,1005.71,567.42,1005.71,567.42,0,0,0,0,0,0,444917,413208
1726,2001,29904747,30754792,23353,8086,88,8091,0,1,-18,1,-18,1,1,1,1005.71,567.42,1005.71,567.42,0,0,0,0,0,0,433750,407417
1727,2002,32771788,32829084,23377,8085,87,8090,0,1,-18,1,-18,1,1,1,1005.71,567.42,1005.71,567.42,0,0,0,0,0,0,505458,476958
1728,2003,32454207,32429459,23341,8085,87,8090,0,0,-18,0,-18,1,1,1,960,544.56,960,544.56,0,0,0,0,0,0,481459,449000
1729,2004,33344544,32316833,23289,8085,87,8090,0,0,-18,0,-18,1,1,1,960,544.56,960,544.56,0,0,0,0,0,0,518791,491333
1730,2005,33570997,33514500,23917,8085,87,8090,0,0,-18,0,-18,1,1,1,960,544.56,960,544.56,0,0,0,0,0,0,490459,461209
1731,2006,32340463,33312166,23505,8085,87,8090,0,0,-18,0,-18,1,1,1,960,544.56,960,544.56,0,0,0,0,0,0,492500,459291
1732,2007,34301955,33313416,23377,8085,87,8090,0,-1,-18,-1,-18,1,1,1,914.29,521.71,914.29,521.71,0,0,0,0,0,0,519208,490084
1733,2008,32133374,33147375,23353,8085,87,8090,0,-1,-18,-1,-18,1,1,1,914.29,521.71,914.29,521.71,0,0,0,0,0,0,521958,487458
1734,2009,33847831,33808542,23289,8085,87,8090,0,-1,-18,-1,-18,1,1,1,914.29,521.71,914.29,521.71,0,0,0,0,0,0,572959,538709
1735,2010,36870166,35842125,23341,8085,87,8090,0,-1,-18,-1,-18,1,1,1,914.29,521.71,914.29,521.71,0,0,0,0,0,0,548083,517292
1736,2011,33241171,34186667,23353,8085,90,8090,0,-2,-18,-2,-18,1,1,1,868.57,498.85,868.57,498.85,0,0,0,0,0,0,491000,454292
1737,2012,33766496,33807625,23377,8085,87,8090,0,-2,-18,-2,-18,1,1,1,868.57,498.85,868.57,498.85,0,0,0,0,0,0,704209,666750
1738,2013,34372378,33366625,23289,8085,87,8090,0,-2,-18,-2,-18,1,1,1,868.57,498.85,868.57,498.85,0,0,0,0,0,0,523459,493959
1739,2014,35971414,36972458,23353,8085,87,8090,0,-2,-18,-2,-18,1,1,1,868.57,498.85,868.57,498.85,0,0,0,0,0,0,512750,483709
1740,2015,35659834,35618791,23289,8085,87,8090,0,-3,-18,-3,-18,1,1,1,822.86,475.99,822.86,475.99,0,0,0,0,0,0,532875,494750
1741,2016,39226911,37928666,23341,8086,88,8091,0,-3,-18,-3,-18,1,1,1,822.86,475.99,822.86,475.99,0,0,0,0,0,0,529834,500709
1742,2017,37418998,38461166,23441,8085,87,8090,0,-3,-18,-3,-18,1,1,1,822.86,475.99,822.86,475.99,0,0,0,0,0,0,663125,606125
1743,2018,41430626,41584959,23289,8085,87,8090,0,-3,-18,-3,-18,1,1,1,822.86,475.99,822.86,475.99,0,0,0,0,0,0,512208,474500
1744,2019,55133417,51758917,23853,8085,87,8090,0,-4,-18,-4,-18,1,1,1,777.14,453.14,777.14,453.14,0,0,0,0,0,0,1066958,1018833
1745,2020,62078081,65163833,23569,8085,87,8090,0,-4,-18,-4,-18,1,1,1,777.14,453.14,777.14,453.14,0,0,0,0,0,0,924250,860833
1746,2021,77839337,73834750,23429,8085,87,8090,0,-4,-18,-4,-18,1,1,1,777.14,453.14,777.14,453.14,0,0,0,0,0,0,1097000,984708
1747,2022,81497997,85322791,23353,8085,87,8090,0,-4,-18,-4,-18,1,1,1,777.14,453.14,777.14,453.14,0,0,0,0,0,0,1057084,1006292
1748,2023,79757459,77071709,23905,8085,90,8090,0,-5,-18,-5,-18,1,1,1,731.43,431,731.43,431,0,0,0,0,0,0,1354958,1278375
1749,2024,70799954,72984833,23933,8173,87,8178,0,-5,-18,-5,-18,1,1,1,731.43,431,731.43,431,0,0,0,0,0,0,1098625,1030333
1750,2025,80945588,79564583,27355,8173,87,8178,0,-5,-18,-5,-18,1,1,1,731.43,431,731.43,431,0,0,0,0,0,0,1058750,998084
1751,2026,69543458,69421125,27123,8173,87,8178,0,-5,-18,-5,-18,1,1,1,731.43,431,731.43,431,0,0,0,0,0,0,1064875,995834
1752,2027,57563040,58042292,24173,8173,87,8178,0,-6,-18,-6,-18,1,1,1,685.71,416.09,685.71,416.09,0,0,0,0,0,0,977291,905125
1753,2028,55522464,57128917,23881,8173,87,8178,0,-6,-18,-6,-18,1,1,1,685.71,416.09,685.71,416.09,0,0,0,0,0,0,890417,836292
1754,2029,62814079,61275292,23817,8173,87,8178,0,-6,-18,-6,-18,1,1,1,685.71,416.09,685.71,416.09,0,0,0,0,0,0,959042,897291
1755,2030,54662037,56059250,23969,8173,90,8178,0,-6,-18,-6,-18,1,1,1,685.71,416.09,685.71,416.09,0,0,0,0,0,0,799250,747250
1756,2031,55883999,54671667,23869,8174,88,8179,0,-8,-18,-8,-18,1,1,1,594.29,422.77,594.29,422.77,0,0,0,0,0,0,864209,800667
1757,2032,53757127,54967500,23881,8173,87,8178,0,-8,-18,-8,-18,1,1,1,594.29,422.77,594.29,422.77,0,0,0,0,0,0,849042,791750
1758,2033,58100204,56414875,23905,8173,87,8178,0,-8,-18,-8,-18,1,1,1,594.29,422.77,594.29,422.77,0,0,0,0,0,0,907417,848292
1759,2034,56841794,56859375,24445,8173,87,8178,0,-8,-18,-8,-18,1,1,1,594.29,422.77,594.29,422.77,0,0,0,0,0,0,807583,755583
1760,2035,65526202,65186250,24085,8173,87,8178,0,-9,-18,-9,-18,1,1,1,548.57,418.39,548.57,418.39,0,0,0,0,0,0,1210458,1131834
1761,2036,67567795,69476583,23969,8173,87,8178,0,-9,-18,-9,-18,1,1,1,548.57,418.39,548.57,418.39,0,0,0,0,0,0,1353000,1271875
1762,2037,70820584,68825209,23817,8173,87,8178,0,-9,-18,-9,-18,1,1,1,548.57,418.39,548.57,418.39,0,0,0,0,0,0,1232125,1137750
1763,2038,51699455,53355541,23933,8173,90,8178,0,-9,-18,-9,-18,1,1,1,548.57,418.39,548.57,418.39,0,0,0,0,0,0,848208,789208
1764,2039,51188711,50274542,23905,8173,87,8178,0,-10,-18,-10,-18,1,1,1,502.86,399.44,502.86,399.44,0,0,0,0,0,0,862750,801375
1765,2040,42059127,43417125,23881,8173,87,8178,0,-10,-18,-10,-18,1,1,1,502.86,399.44,502.86,399.44,0,0,0,0,0,0,815250,770458
1766,2041,38611289,38524792,23817,8173,87,8178,0,-10,-18,-10,-18,1,1,1,502.86,399.44,502.86,399.44,0,0,0,0,0,0,598834,554667
1767,2042,39072044,37982834,23817,8173,87,8178,0,-10,-18,-10,-18,1,1,1,502.86,399.44,502.86,399.44,0,0,0,0,0,0,629709,590417
1768,2043,32712455,33838042,24021,8173,87,8178,0,-11,-18,-11,-18,1,1,1,457.14,380.06,457.14,380.06,0,0,0,0,0,0,545917,505625
1769,2044,35259082,34173416,24381,8173,87,8178,0,-11,-18,-11,-18,1,1,1,457.14,380.06,457.14,380.06,0,0,0,0,0,0,536875,500459
1770,2045,34588951,34642500,24033,8173,87,8178,0,-11,-18,-11,-18,1,1,1,457.14,380.06,457.14,380.06,0,0,0,0,0,0,608916,566625
1771,2046,33521249,34520667,23881,8174,88,8179,0,-11,-18,-11,-18,1,1,1,457.14,380.06,457.14,380.06,0,0,0,0,0,0,578416,544958
1772,2047,34282915,34204666,23817,8173,87,8178,0,-12,-18,-12,-18,1,1,1,411.43,359.32,411.43,359.32,0,0,0,0,0,0,635417,596458
1773,2048,35214420,34237042,23905,8173,87,8178,0,-12,-18,-12,-18,1,1,1,411.43,359.32,411.43,359.32,0,0,0,0,0,0,531500,496166
1774,2049,36595620,37600125,23933,8173,87,8178,0,-12,-18,-12,-18,1,1,1,411.43,359.32,411.43,359.32,0,0,0,0,0,0,636834,595584
1775,2050,33326040,33326500,23817,8173,90,8178,0,-12,-18,-12,-18,1,1,1,411.43,359.32,411.43,359.32,0,0,0,0,0,0,537708,502041
1776,2051,34645799,33591042,23817,8173,87,8178,0,-13,-18,-13,-18,1,1,1,365.71,336.6,365.71,336.6,0,0,0,0,0,0,528917,491375
1777,2052,32731208,33711750,23881,8173,87,8178,0,-13,-18,-13,-18,1,1,1,365.71,336.6,365.71,336.6,0,0,0,0,0,0,611375,578375
1778,2053,33631250,33638042,23905,8173,87,8178,0,-13,-18,-13,-18,1,1,1,365.71,336.6,365.71,336.6,0,0,0,0,0,0,543500,501875
1779,2054,33825419,32876916,23817,8173,87,8178,0,-13,-18,-13,-18,1,1,1,365.71,336.6,365.71,336.6,0,0,0,0,0,0,539167,504958
1780,2055,30448207,31394167,23933,8173,87,8178,0,-14,-18,-14,-18,1,1,1,320,311.82,320,311.82,0,0,0,0,0,0,529500,495500
1781,2056,31823035,31819708,23817,8173,87,8178,0,-14,-18,-14,-18,1,1,1,320,311.82,320,311.82,0,0,0,0,0,0,522584,487375
1782,2057,31830541,31751083,23817,8173,87,8178,0,-14,-18,-14,-18,1,1,1,320,311.82,320,311.82,0,0,0,0,0,0,532000,497209
1783,2058,32837420,31901209,23905,8173,87,8178,0,-14,-18,-14,-18,1,1,1,320,311.82,320,311.82,0,0,0,0,0,0,521333,490292
1784,2059,33652160,33411791,24445,8173,87,8178,0,-15,-18,-15,-18,1,1,1,274.29,285.43,274.29,285.43,0,0,0,0,0,0,609125,570375
1785,2060,35741709,36801417,24033,8173,87,8178,0,-15,-18,-15,-18,1,1,1,274.29,285.43,274.29,285.43,0,0,0,0,0,0,579958,521375
1786,2061,37432290,35831750,23817,8174,88,8179,0,-15,-18,-15,-18,1,1,1,274.29,285.43,274.29,285.43,0,0,0,0,0,0,569000,495416
1787,2062,36408256,38007583,23933,8173,87,8178,0,-15,-18,-15,-18,1,1,1,274.29,285.43,274.29,285.43,0,0,0,0,0,0,608166,553041
1788,2063,38517870,38462875,23905,8173,87,8178,0,-16,-18,-16,-18,1,1,1,228.57,258.09,228.57,258.09,0,0,0,0,0,0,734834,642250
1789,2064,43834954,42438542,23817,8173,87,8178,0,-16,-18,-16,-18,1,1,1,228.57,258.09,228.57,258.09,0,0,0,0,0,0,682667,620542
1790,2065,39700333,40961959,23881,8173,90,8178,0,-16,-18,-16,-18,1,1,1,228.57,258.09,228.57,258.09,0,0,0,0,0,0,999208,897500
1791,2066,50432957,50329417,23817,8173,87,8178,0,-16,-18,-16,-18,1,1,1,228.57,258.09,228.57,258.09,0,0,0,0,0,0,767667,683583
1792,2067,63710674,61583500,23957,8173,87,8178,0,-17,-18,-17,-18,1,1,1,182.86,230.19,182.86,230.19,0,0,0,0,0,0,827208,728833
1793,2068,70876456,72791209,23881,8173,87,8178,0,-17,-18,-17,-18,1,1,1,182.86,230.19,182.86,230.19,0,0,0,0,0,0,1066583,969833
1794,2069,87762996,83670209,24381,8173,87,8178,0,-17,-18,-17,-18,1,1,1,182.86,230.19,182.86,230.19,0,0,0,0,0,0,1046917,964584
1795,2070,64278624,68471709,24237,8173,87,8178,0,-17,-18,-17,-18,1,1,1,182.86,230.19,182.86,230.19,0,0,0,0,0,0,1047250,961166
1796,2071,72049960,69662625,23817,8173,87,8178,0,-16,-18,-16,-18,1,1,1,228.57,258.09,228.57,258.09,0,0,0,0,0,0,1413958,1267042
1797,2072,75405083,77558084,23881,8173,87,8178,0,-16,-18,-16,-18,1,1,1,228.57,258.09,228.57,258.09,0,0,0,0,0,0,1143625,1041041
1798,2073,65951965,64373750,23957,8173,90,8178,0,-16,-18,-16,-18,1,1,1,228.57,258.09,228.57,258.09,0,0,0,0,0,0,1050084,950792
1799,2074,55459164,57277375,23881,8173,87,8178,0,-16,-18,-16,-18,1,1,1,228.57,258.09,228.57,258.09,0,0,0,0,0,0,829417,750458
