frame_index,read_frame_count,unscaled_delta_ns,main_thread_ns,gc_alloc_bytes,batches,set_pass_calls,draw_calls,engine_controller_update_ns,intended_cell_x,intended_cell_y,actual_cell_x,actual_cell_y,cell_match,input_checked,mouse_is_virtual,injected_x,injected_y,read_x,read_y,tnd_bench_t1_hover_ns,tnd_bench_t1_reclassify_ns,tnd_bench_t1_hoveredborder_ns,tnd_bench_t1_hoveredborderrebuild_ns,tnd_bench_t1_modeenter_ns,tnd_bench_t1_conquerui_ns,tnd_bench_s0_hover_ns,tnd_bench_s0_rebuild_ns
0,275,84433332,58830208,106833,0,0,0,0,-17,-18,-17,-18,1,1,1,182.86,230.19,182.86,230.19,0,0,0,0,0,0,935709,884334
1,276,51991496,53095791,23881,8174,91,8179,0,-17,-18,-17,-18,1,1,1,182.86,230.19,182.86,230.19,0,0,0,0,0,0,734833,671000
2,277,66227383,63083000,27919,8173,87,8178,0,-17,-18,-17,-18,1,1,1,182.86,230.19,182.86,230.19,0,0,0,0,0,0,1119708,1037791
3,278,63249915,66481458,211925,8173,87,8178,0,-17,-18,-17,-18,1,1,1,182.86,230.19,182.86,230.19,0,0,0,0,0,0,1152958,1075834
4,279,56141495,54598458,23869,8173,87,8178,0,-16,-18,-16,-18,1,1,1,228.57,258.09,228.57,258.09,0,0,0,0,0,0,931708,851083
5,280,54506957,55879500,23969,8173,87,8178,0,-16,-18,-16,-18,1,1,1,228.57,258.09,228.57,258.09,0,0,0,0,0,0,1204333,1102208
6,281,57715583,56361208,23817,8173,87,8178,0,-16,-18,-16,-18,1,1,1,228.57,258.09,228.57,258.09,0,0,0,0,0,0,898292,819167
7,282,54367333,55730167,23881,8173,87,8178,0,-16,-18,-16,-18,1,1,1,228.57,258.09,228.57,258.09,0,0,0,0,0,0,917291,840208
8,283,60891255,59740541,23957,8173,87,8178,0,-15,-18,-15,-18,1,1,1,274.29,285.43,274.29,285.43,0,0,0,0,0,0,989083,893750
9,284,50861749,52086584,23881,8173,90,8178,0,-15,-18,-15,-18,1,1,1,274.29,285.43,274.29,285.43,0,0,0,0,0,0,909334,833000
10,285,55080831,53551375,23817,8173,87,8178,0,-15,-18,-15,-18,1,1,1,274.29,285.43,274.29,285.43,0,0,0,0,0,0,868875,788750
11,286,56959997,57028750,24533,8173,87,8178,0,-15,-18,-15,-18,1,1,1,274.29,285.43,274.29,285.43,0,0,0,0,0,0,1234458,1121834
12,287,53782463,53710208,24085,8173,87,8178,0,-14,-18,-14,-18,1,1,1,320,311.82,320,311.82,0,0,0,0,0,0,868292,794917
13,288,52052833,53451833,23881,8173,87,8178,0,-14,-18,-14,-18,1,1,1,320,311.82,320,311.82,0,0,0,0,0,0,916084,865875
14,289,58134246,56020708,23905,8173,87,8178,0,-14,-18,-14,-18,1,1,1,320,311.82,320,311.82,0,0,0,0,0,0,889041,830833
15,290,52780747,54871083,23881,8173,87,8178,0,-14,-18,-14,-18,1,1,1,320,311.82,320,311.82,0,0,0,0,0,0,841500,788334
16,291,55858794,54634625,23869,8174,88,8179,0,-13,-18,-13,-18,1,1,1,365.71,336.6,365.71,336.6,0,0,0,0,0,0,928333,790625
17,292,52970875,54221459,23969,8173,87,8178,0,-13,-18,-13,-18,1,1,1,365.71,336.6,365.71,336.6,0,0,0,0,0,0,880917,830375
18,293,62299828,60799375,23817,8173,87,8178,0,-13,-18,-13,-18,1,1,1,365.71,336.6,365.71,336.6,0,0,0,0,0,0,974042,909125
19,294,62321960,63534292,23881,8173,90,8178,0,-13,-18,-13,-18,1,1,1,365.71,336.6,365.71,336.6,0,0,0,0,0,0,905958,853875
20,295,60848623,58261667,24521,8173,87,8178,0,-12,-18,-12,-18,1,1,1,411.43,359.32,411.43,359.32,0,0,0,0,0,0,1081584,997167
21,296,50489123,53249292,24097,8173,87,8178,0,-12,-18,-12,-18,1,1,1,411.43,359.32,411.43,359.32,0,0,0,0,0,0,906709,852167
22,297,55117964,52880000,23817,8173,87,8178,0,-12,-18,-12,-18,1,1,1,411.43,359.32,411.43,359.32,0,0,0,0,0,0,898500,840250
23,298,49585666,51749500,23969,8173,87,8178,0,-12,-18,-12,-18,1,1,1,411.43,359.32,411.43,359.32,0,0,0,0,0,0,1072125,1015833
24,299,52701085,51416875,23869,8173,87,8178,0,-11,-18,-11,-18,1,1,1,457.14,380.06,457.14,380.06,0,0,0,0,0,0,1006500,944375
25,300,43377287,44688833,23881,8173,87,8178,0,-11,-18,-11,-18,1,1,1,457.14,380.06,457.14,380.06,0,0,0,0,0,0,801834,756875
26,301,43944712,43862416,23817,8173,87,8178,0,-11,-18,-11,-18,1,1,1,457.14,380.06,457.14,380.06,0,0,0,0,0,0,756042,704542
27,302,45698624,44638292,23905,8173,87,8178,0,-11,-18,-11,-18,1,1,1,457.14,380.06,457.14,380.06,0,0,0,0,0,0,765542,719750
28,303,38778789,39881416,23881,8173,90,8178,0,-10,-18,-10,-18,1,1,1,502.86,399.44,502.86,399.44,0,0,0,0,0,0,703083,657083
29,304,38862664,38867125,23869,8173,87,8178,0,-10,-18,-10,-18,1,1,1,502.86,399.44,502.86,399.44,0,0,0,0,0,0,664041,625709
30,305,43347667,42161208,24019,8173,87,8178,0,-10,-18,-10,-18,1,1,1,502.86,399.44,502.86,399.44,0,0,0,0,0,0,692125,648542
31,306,41601914,41629125,24331,8174,88,8179,0,-10,-18,-10,-18,1,1,1,502.86,399.44,502.86,399.44,0,0,0,0,0,0,679667,642333
32,307,42612455,43686250,24033,8173,87,8178,0,-9,-18,-9,-18,1,1,1,548.57,418.39,548.57,418.39,0,0,0,0,0,0,780291,728208
33,308,46522464,45305625,23817,8173,87,8178,0,-9,-18,-9,-18,1,1,1,548.57,418.39,548.57,418.39,0,0,0,0,0,0,771375,727000
34,309,42111877,43260833,23933,8173,87,8178,0,-9,-18,-9,-18,1,1,1,548.57,418.39,548.57,418.39,0,0,0,0,0,0,779542,720167
35,310,38394954,38461708,23905,8173,87,8178,0,-9,-18,-9,-18,1,1,1,548.57,418.39,548.57,418.39,0,0,0,0,0,0,905375,844292
36,311,43172873,41677083,23817,8173,87,8178,0,-8,-18,-8,-18,1,1,1,594.29,422.77,594.29,422.77,0,0,0,0,0,0,654541,611417
37,312,40963251,42387541,23881,8173,87,8178,0,-8,-18,-8,-18,1,1,1,594.29,422.77,594.29,422.77,0,0,0,0,0,0,868292,829875
38,313,47802500,47580667,23817,8171,87,8176,0,-8,-18,-8,-18,1,1,1,594.29,422.77,594.29,422.77,0,0,0,0,0,0,773792,725500
39,314,49947582,48904292,23957,8173,87,8178,0,-8,-18,-8,-18,1,1,1,594.29,422.77,594.29,422.77,0,0,0,0,0,0,799000,752166
40,315,46243913,47238167,23881,8173,90,8178,0,-6,-18,-6,-18,1,1,1,685.71,416.09,685.71,416.09,0,0,0,0,0,0,770542,720833
41,316,55700998,53924708,24019,8173,87,8178,0,-6,-18,-6,-18,1,1,1,685.71,416.09,685.71,416.09,0,0,0,0,0,0,771042,727875
42,317,55614463,55732625,24331,8173,87,8178,0,-6,-18,-6,-18,1,1,1,685.71,416.09,685.71,416.09,0,0,0,0,0,0,876250,815083
43,318,56678168,56418542,24085,8173,87,8178,0,-6,-18,-6,-18,1,1,1,685.71,416.09,685.71,416.09,0,0,0,0,0,0,977875,876833
44,319,53188540,54962416,23881,8173,87,8178,0,-5,-18,-5,-18,1,1,1,731.43,431,731.43,431,0,0,0,0,0,0,903750,843917
45,320,54974496,53941709,23905,8173,87,8178,0,-5,-18,-5,-18,1,1,1,731.43,431,731.43,431,0,0,0,0,0,0,876375,825542
46,321,48776254,50000542,23881,8174,88,8179,0,-5,-18,-5,-18,1,1,1,731.43,431,731.43,431,0,0,0,0,0,0,766666,713208
47,322,49115624,49056125,23869,8173,87,8178,0,-5,-18,-5,-18,1,1,1,731.43,431,731.43,431,0,0,0,0,0,0,771042,727875
48,323,56038200,54810500,23377,8173,87,8178,0,-4,-18,-4,-18,1,1,1,777.14,453.14,777.14,453.14,0,0,0,0,0,0,908833,854208
49,324,50791129,51985750,23353,8085,90,8090,0,-4,-18,-4,-18,1,1,1,777.14,453.14,777.14,453.14,0,0,0,0,0,0,1251250,1178542
50,325,55251624,53225500,23289,8085,87,8090,0,-4,-18,-4,-18,1,1,1,777.14,453.14,777.14,453.14,0,0,0,0,0,0,1122583,1072708
51,326,58893878,59607042,27507,8085,87,8090,0,-4,-18,-4,-18,1,1,1,777.14,453.14,777.14,453.14,0,0,0,0,0,0,775542,721250
52,327,54559245,54111917,26183,8085,87,8090,0,-3,-18,-3,-18,1,1,1,822.86,475.99,822.86,475.99,0,0,0,0,0,0,938291,874500
53,328,53240086,54843834,23353,8085,87,8090,0,-3,-18,-3,-18,1,1,1,822.86,475.99,822.86,475.99,0,0,0,0,0,0,753000,703000
54,329,55018536,53621917,23377,8085,87,8090,0,-3,-18,-3,-18,1,1,1,822.86,475.99,822.86,475.99,0,0,0,0,0,0,763333,719000
55,330,53416296,54871875,23405,8085,87,8090,0,-3,-18,-3,-18,1,1,1,822.86,475.99,822.86,475.99,0,0,0,0,0,0,761083,710209
56,331,52643954,51273417,23289,8085,87,8090,0,-2,-18,-2,-18,1,1,1,868.57,498.85,868.57,498.85,0,0,0,0,0,0,916084,854041
57,332,59919372,61165666,23441,8085,87,8090,0,-2,-18,-2,-18,1,1,1,868.57,498.85,868.57,498.85,0,0,0,0,0,0,824083,760209
58,333,55479165,54032250,23289,8085,90,8090,0,-2,-18,-2,-18,1,1,1,868.57,498.85,868.57,498.85,0,0,0,0,0,0,871333,812542
59,334,52981209,54320417,23405,8085,87,8090,0,-2,-18,-2,-18,1,1,1,868.57,498.85,868.57,498.85,0,0,0,0,0,0,1123417,1062791
60,335,56596498,54065292,23941,8085,87,8090,0,-1,-18,-1,-18,1,1,1,914.29,521.71,914.29,521.71,0,0,0,0,0,0,1049792,1008833
61,336,45260041,47916958,23569,8086,88,8091,0,-1,-18,-1,-18,1,1,1,914.29,521.71,914.29,521.71,0,0,0,0,0,0,752292,696333
62,337,43784298,43735708,23289,8085,87,8090,0,-1,-18,-1,-18,1,1,1,914.29,521.71,914.29,521.71,0,0,0,0,0,0,651542,612083
63,338,45675374,44387541,23341,8085,87,8090,0,-1,-18,-1,-18,1,1,1,914.29,521.71,914.29,521.71,0,0,0,0,0,0,679417,641625
64,339,37891495,39196083,23441,8085,87,8090,0,0,-18,0,-18,1,1,1,960,544.56,960,544.56,0,0,0,0,0,0,662625,609667
65,340,38189709,38195917,23289,8085,87,8090,0,0,-18,0,-18,1,1,1,960,544.56,960,544.56,0,0,0,0,0,0,610792,576458
66,341,38075912,37074458,23289,8085,87,8090,0,0,-18,0,-18,1,1,1,960,544.56,960,544.56,0,0,0,0,0,0,593125,560208
67,342,32671123,33660959,23353,8085,87,8090,0,0,-18,0,-18,1,1,1,960,544.56,960,544.56,0,0,0,0,0,0,555333,517750
68,343,36342706,36253459,23289,8085,87,8090,0,1,-18,1,-18,1,1,1,1005.71,567.42,1005.71,567.42,0,0,0,0,0,0,662625,628750
69,344,34795045,33856500,23429,8085,90,8090,0,1,-18,1,-18,1,1,1,1005.71,567.42,1005.71,567.42,0,0,0,0,0,0,536459,506708
70,345,32776705,33728541,23353,8085,87,8090,0,1,-18,1,-18,1,1,1,1005.71,567.42,1005.71,567.42,0,0,0,0,0,0,545541,511667
71,346,33367041,33394584,23289,8085,87,8090,0,1,-18,1,-18,1,1,1,1005.71,567.42,1005.71,567.42,0,0,0,0,0,0,541625,513042
72,347,34781329,33741625,23289,8085,87,8090,0,2,-18,2,-18,1,1,1,1051.43,590.28,1051.43,590.28,0,0,0,0,0,0,565916,534125
73,348,33686917,33589292,23917,8085,87,8090,0,2,-18,2,-18,1,1,1,1051.43,590.28,1051.43,590.28,0,0,0,0,0,0,576125,538167
74,349,32542504,33594375,23593,8085,87,8090,0,2,-18,2,-18,1,1,1,1051.43,590.28,1051.43,590.28,0,0,0,0,0,0,578375,548667
75,350,34631371,33664500,23341,8085,87,8090,0,2,-18,2,-18,1,1,1,1051.43,590.28,1051.43,590.28,0,0,0,0,0,0,552459,524166
76,351,32377254,33309500,23353,8086,88,8091,0,3,-18,3,-18,1,1,1,1097.14,613.14,1097.14,613.14,0,0,0,0,0,0,533250,496625
77,352,33521499,33527084,23289,8085,87,8090,0,3,-18,3,-18,1,1,1,1097.14,613.14,1097.14,613.14,0,0,0,0,0,0,552625,523375
78,353,34666828,33594833,23289,8085,87,8090,0,3,-18,3,-18,1,1,1,1097.14,613.14,1097.14,613.14,0,0,0,0,0,0,540084,512083
79,354,32622873,33671292,23441,8085,87,8090,0,3,-18,3,-18,1,1,1,1097.14,613.14,1097.14,613.14,0,0,0,0,0,0,544541,510750
80,355,33187005,33154208,23289,8085,87,8090,0,4,-18,4,-18,1,1,1,1142.86,635.99,1142.86,635.99,0,0,0,0,0,0,538791,510291
81,356,32990250,33009291,23341,8085,87,8090,0,4,-18,4,-18,1,1,1,1142.86,635.99,1142.86,635.99,0,0,0,0,0,0,563667,529917
82,357,32442126,31494750,23289,8085,87,8090,0,4,-18,4,-18,1,1,1,1142.86,635.99,1142.86,635.99,0,0,0,0,0,0,511750,479583
83,358,35054210,35929208,23353,8085,87,8090,0,4,-18,4,-18,1,1,1,1142.86,635.99,1142.86,635.99,0,0,0,0,0,0,644500,616916
84,359,34658204,34645083,23797,8085,90,8090,0,5,-18,5,-18,1,1,1,1188.57,662.98,1188.57,662.98,0,0,0,0,0,0,707666,664209
85,360,35867162,34464083,23709,8155,87,8160,0,5,-18,5,-18,1,1,1,1188.57,662.98,1188.57,662.98,0,0,0,0,0,0,592875,560750
86,361,34409418,35624875,23773,8155,87,8160,0,5,-18,5,-18,1,1,1,1188.57,662.98,1188.57,662.98,0,0,0,0,0,0,623541,584417
87,362,35147666,35292208,23761,8155,87,8160,0,5,-18,5,-18,1,1,1,1188.57,662.98,1188.57,662.98,0,0,0,0,0,0,612917,581500
88,363,39245668,37121041,24273,8155,87,8160,0,6,-18,6,-18,1,1,1,1234.29,696.59,1234.29,696.59,0,0,0,0,0,0,1168958,1102000
89,364,40723208,42583667,27527,8155,87,8160,0,6,-18,6,-18,1,1,1,1234.29,696.59,1234.29,696.59,0,0,0,0,0,0,1050166,1001833
90,365,39535373,39663917,26387,8155,87,8160,0,6,-18,6,-18,1,1,1,1234.29,696.59,1234.29,696.59,0,0,0,0,0,0,1312083,1257417
91,366,42191915,41017042,23709,8156,88,8161,0,6,-18,6,-18,1,1,1,1234.29,696.59,1234.29,696.59,0,0,0,0,0,0,626458,595750
92,367,46863876,47874875,23773,8155,87,8160,0,7,-18,7,-18,1,1,1,1280,736.66,1280,736.66,0,0,0,0,0,0,1067291,1011708
93,368,63131958,61378750,23849,8155,87,8160,0,7,-18,7,-18,1,1,1,1280,736.66,1280,736.66,0,0,0,0,0,0,833375,785000
94,369,67385792,69116833,23773,8155,87,8160,0,7,-18,7,-18,1,1,1,1280,736.66,1280,736.66,0,0,0,0,0,0,1000000,931542
95,370,86543917,84416083,34388,8155,87,8160,0,7,-18,7,-18,1,1,1,1280,736.66,1280,736.66,0,0,0,0,0,0,941375,893209
96,371,64734667,66793625,23913,8155,90,8160,0,8,-18,8,-18,1,1,1,1325.71,772.98,1325.71,772.98,0,0,0,0,0,0,1136333,1061667
97,372,69918535,66584125,24273,8155,87,8160,0,8,-18,8,-18,1,1,1,1325.71,772.98,1325.71,772.98,0,0,0,0,0,0,1049542,988583
98,373,57333257,60409500,23989,8155,87,8160,0,8,-18,8,-18,1,1,1,1325.71,772.98,1325.71,772.98,0,0,0,0,0,0,1262584,1189500
99,374,52559040,51214291,23797,8155,87,8160,0,8,-18,8,-18,1,1,1,1325.71,772.98,1325.71,772.98,0,0,0,0,0,0,927042,864458
100,375,46490661,47919917,23825,8155,87,8160,0,9,-18,9,-18,1,1,1,1371.43,801.36,1371.43,801.36,0,0,0,0,0,0,772500,725250
101,376,46227294,46350792,23709,8155,87,8160,0,9,-18,9,-18,1,1,1,1371.43,801.36,1371.43,801.36,0,0,0,0,0,0,764208,723208
102,377,46873498,45562458,23709,8155,87,8160,0,9,-18,9,-18,1,1,1,1371.43,801.36,1371.43,801.36,0,0,0,0,0,0,1162584,1092334
103,378,39382956,40686958,23861,8155,87,8160,0,9,-18,9,-18,1,1,1,1371.43,801.36,1371.43,801.36,0,0,0,0,0,0,660292,623541
104,379,50192710,50020167,23709,8155,87,8160,0,10,-18,10,-18,1,1,1,1417.14,823.72,1417.14,823.72,0,0,0,0,0,0,818167,759000
105,380,48079960,46902417,23761,8155,90,8160,0,10,-18,10,-18,1,1,1,1417.14,823.72,1417.14,823.72,0,0,0,0,0,0,889667,840875
106,381,43878331,45086875,23773,8156,88,8161,0,10,-18,10,-18,1,1,1,1417.14,823.72,1417.14,823.72,0,0,0,0,0,0,993959,933875
107,382,47377627,46198125,24361,8155,87,8160,0,10,-18,10,-18,1,1,1,1417.14,823.72,1417.14,823.72,0,0,0,0,0,0,705375,662333
108,383,46435374,46246458,23925,8155,87,8160,0,11,-18,11,-18,1,1,1,1462.86,845.83,1462.86,845.83,0,0,0,0,0,0,736625,688250
109,384,45864377,47183958,23773,8155,87,8160,0,11,-18,11,-18,1,1,1,1462.86,845.83,1462.86,845.83,0,0,0,0,0,0,709833,664709
110,385,45742206,45706292,23761,8155,87,8160,0,11,-18,11,-18,1,1,1,1462.86,845.83,1462.86,845.83,0,0,0,0,0,0,832583,762666
111,386,46997498,45563792,23797,8155,87,8160,0,11,-18,11,-18,1,1,1,1462.86,845.83,1462.86,845.83,0,0,0,0,0,0,725583,682875
112,387,45776706,47223750,23773,8155,87,8160,0,12,-18,12,-18,1,1,1,1508.57,868.27,1508.57,868.27,0,0,0,0,0,0,772875,722125
113,388,47431375,47264167,23709,8155,87,8160,0,12,-18,12,-18,1,1,1,1508.57,868.27,1508.57,868.27,0,0,0,0,0,0,739125,697375
114,389,48014957,46807250,23709,8155,87,8160,0,12,-18,12,-18,1,1,1,1508.57,868.27,1508.57,868.27,0,0,0,0,0,0,811792,758834
115,390,42198959,43517208,23913,8155,90,8160,0,12,-18,12,-18,1,1,1,1508.57,868.27,1508.57,868.27,0,0,0,0,0,0,703875,662125
116,391,43561372,43483000,23709,8155,87,8160,0,13,-18,13,-18,1,1,1,1554.29,892.25,1554.29,892.25,0,0,0,0,0,0,702916,652500
117,392,43347001,42330333,23709,8155,87,8160,0,13,-18,13,-18,1,1,1,1554.29,892.25,1554.29,892.25,0,0,0,0,0,0,714708,670041
118,393,39561662,39364541,24337,8155,87,8160,0,13,-18,13,-18,1,1,1,1554.29,892.25,1554.29,892.25,0,0,0,0,0,0,672042,629292
119,394,38734041,39663625,24013,8155,87,8160,0,13,-18,13,-18,1,1,1,1554.29,892.25,1554.29,892.25,0,0,0,0,0,0,647500,610916
120,395,42431291,41516542,23761,8155,87,8160,0,14,-18,14,-18,1,1,1,1600,918.02,1600,918.02,0,0,0,0,0,0,681459,640166
121,396,37985127,39164084,23773,8156,88,8161,0,14,-18,14,-18,1,1,1,1600,918.02,1600,918.02,0,0,0,0,0,0,629333,592500
122,397,40174786,40111125,23709,8155,87,8160,0,14,-18,14,-18,1,1,1,1600,918.02,1600,918.02,0,0,0,0,0,0,656417,612875
123,398,41131503,39438667,23797,8155,87,8160,0,14,-18,14,-18,1,1,1,1600,918.02,1600,918.02,0,0,0,0,0,0,678083,641333
124,399,38031917,39707625,23773,8155,87,8160,0,15,-18,15,-18,1,1,1,1645.71,944.98,1645.71,944.98,0,0,0,0,0,0,641083,595625
125,400,42093537,42044458,23709,8155,87,8160,0,15,-18,15,-18,1,1,1,1645.71,944.98,1645.71,944.98,0,0,0,0,0,0,677208,639250
126,401,50823375,49083000,23761,8155,87,8160,0,15,-18,15,-18,1,1,1,1645.71,944.98,1645.71,944.98,0,0,0,0,0,0,752542,702208
127,402,43646831,45386875,23861,8155,90,8160,0,15,-18,15,-18,1,1,1,1645.71,944.98,1645.71,944.98,0,0,0,0,0,0,714416,673250
128,403,49010623,48930625,23709,8155,87,8160,0,16,-18,16,-18,1,1,1,1691.43,972.01,1691.43,972.01,0,0,0,0,0,0,763208,710917
129,404,55266667,53785667,23911,8155,87,8160,0,16,-18,16,-18,1,1,1,1691.43,972.01,1691.43,972.01,0,0,0,0,0,0,852083,802625
130,405,57061962,56613791,24135,8155,87,8160,0,16,-18,16,-18,1,1,1,1691.43,972.01,1691.43,972.01,0,0,0,0,0,0,1274375,1200458
131,406,64840495,63939208,24065,8155,87,8160,0,16,-18,16,-18,1,1,1,1691.43,972.01,1691.43,972.01,0,0,0,0,0,0,809625,760625
132,407,59272043,61975583,23773,8155,87,8160,0,15,-18,15,-18,1,1,1,1645.71,944.98,1645.71,944.98,0,0,0,0,0,0,1130083,1057625
133,408,60360416,58420833,23709,8155,87,8160,0,15,-18,15,-18,1,1,1,1645.71,944.98,1645.71,944.98,0,0,0,0,0,0,904875,824292
134,409,54658792,56519542,23861,8155,87,8160,0,15,-18,15,-18,1,1,1,1645.71,944.98,1645.71,944.98,0,0,0,0,0,0,882417,825250
135,410,58967955,56853917,23761,8155,87,8160,0,15,-18,15,-18,1,1,1,1645.71,944.98,1645.71,944.98,0,0,0,0,0,0,837958,787958
136,411,59488125,61436167,23773,8156,88,8161,0,14,-18,14,-18,1,1,1,1600,918.02,1600,918.02,0,0,0,0,0,0,913708,851125
137,412,55040463,53172750,23797,8155,90,8160,0,14,-18,14,-18,1,1,1,1600,918.02,1600,918.02,0,0,0,0,0,0,980333,929541
138,413,53314413,53533792,24337,8155,87,8160,0,14,-18,14,-18,1,1,1,1600,918.02,1600,918.02,0,0,0,0,0,0,1095625,1027208
139,414,47267246,47226750,23977,8155,87,8160,0,14,-18,14,-18,1,1,1,1600,918.02,1600,918.02,0,0,0,0,0,0,721500,667667
140,415,44144585,45916167,23861,8155,87,8160,0,13,-18,13,-18,1,1,1,1554.29,892.25,1554.29,892.25,0,0,0,0,0,0,761125,713292
141,416,45404791,45427583,23709,8155,87,8160,0,13,-18,13,-18,1,1,1,1554.29,892.25,1554.29,892.25,0,0,0,0,0,0,737834,689292
142,417,47974914,46366208,23709,8155,87,8160,0,13,-18,13,-18,1,1,1,1554.29,892.25,1554.29,892.25,0,0,0,0,0,0,736584,686459
143,418,45352209,46746500,23773,8155,87,8160,0,13,-18,13,-18,1,1,1,1554.29,892.25,1554.29,892.25,0,0,0,0,0,0,712459,666250
144,419,44006582,44032667,23849,8155,87,8160,0,12,-18,12,-18,1,1,1,1508.57,868.27,1508.57,868.27,0,0,0,0,0,0,940458,878792
145,420,41909374,40921916,23709,8155,87,8160,0,12,-18,12,-18,1,1,1,1508.57,868.27,1508.57,868.27,0,0,0,0,0,0,725167,681750
146,421,43284919,44338333,23773,8155,87,8160,0,12,-18,12,-18,1,1,1,1508.57,868.27,1508.57,868.27,0,0,0,0,0,0,758875,711625
147,422,38210954,38148875,23709,8155,90,8160,0,12,-18,12,-18,1,1,1,1508.57,868.27,1508.57,868.27,0,0,0,0,0,0,648292,611708
148,423,38869168,37771375,23797,8155,87,8160,0,11,-18,11,-18,1,1,1,1462.86,845.83,1462.86,845.83,0,0,0,0,0,0,676792,633833
149,424,37271831,38419791,24027,8155,87,8160,0,11,-18,11,-18,1,1,1,1462.86,845.83,1462.86,845.83,0,0,0,0,0,0,643041,605917
150,425,38107540,37022291,24071,8155,87,8160,0,11,-18,11,-18,1,1,1,1462.86,845.83,1462.86,845.83,0,0,0,0,0,0,671875,630375
151,426,33858545,33873084,23925,8156,88,8161,0,11,-18,11,-18,1,1,1,1462.86,845.83,1462.86,845.83,0,0,0,0,0,0,712625,679083
152,427,32993417,33958833,23773,8155,87,8160,0,10,-18,10,-18,1,1,1,1417.14,823.72,1417.14,823.72,0,0,0,0,0,0,706292,664458
153,428,33222872,33277417,23797,8155,87,8160,0,10,-18,10,-18,1,1,1,1417.14,823.72,1417.14,823.72,0,0,0,0,0,0,739083,705917
154,429,34824293,33771208,23709,8155,87,8160,0,10,-18,10,-18,1,1,1,1417.14,823.72,1417.14,823.72,0,0,0,0,0,0,661542,621125
155,430,32415624,33453541,23825,8155,87,8160,0,10,-18,10,-18,1,1,1,1417.14,823.72,1417.14,823.72,0,0,0,0,0,0,595625,558250
156,431,33180873,33128084,23709,8155,87,8160,0,9,-18,9,-18,1,1,1,1371.43,801.36,1371.43,801.36,0,0,0,0,0,0,609250,567416
157,432,34607496,33549417,23709,8155,87,8160,0,9,-18,9,-18,1,1,1,1371.43,801.36,1371.43,801.36,0,0,0,0,0,0,586333,554333
158,433,32180961,33225416,23861,8155,87,8160,0,9,-18,9,-18,1,1,1,1371.43,801.36,1371.43,801.36,0,0,0,0,0,0,619292,577834
159,434,36203168,36192708,23709,8155,87,8160,0,9,-18,9,-18,1,1,1,1371.43,801.36,1371.43,801.36,0,0,0,0,0,0,635667,603166
160,435,34624624,33597625,23709,8155,90,8160,0,8,-18,8,-18,1,1,1,1325.71,772.98,1325.71,772.98,0,0,0,0,0,0,579125,541708
161,436,32718997,33714250,23825,8155,87,8160,0,8,-18,8,-18,1,1,1,1325.71,772.98,1325.71,772.98,0,0,0,0,0,0,582500,550667
162,437,33896420,33822083,23709,8155,87,8160,0,8,-18,8,-18,1,1,1,1325.71,772.98,1325.71,772.98,0,0,0,0,0,0,604959,564750
163,438,31282994,31343584,23797,8155,87,8160,0,8,-18,8,-18,1,1,1,1325.71,772.98,1325.71,772.98,0,0,0,0,0,0,586875,552291
164,439,31292546,30345083,23911,8155,87,8160,0,7,-18,7,-18,1,1,1,1280,736.66,1280,736.66,0,0,0,0,0,0,563833,528750
165,440,30740121,30723375,24135,8155,87,8160,0,7,-18,7,-18,1,1,1,1280,736.66,1280,736.66,0,0,0,0,0,0,626666,595875
166,441,30716085,31627500,23925,8156,88,8161,0,7,-18,7,-18,1,1,1,1280,736.66,1280,736.66,0,0,0,0,0,0,534542,496833
167,442,31712710,31677750,23709,8155,87,8160,0,7,-18,7,-18,1,1,1,1280,736.66,1280,736.66,0,0,0,0,0,0,552459,523250
168,443,33361997,32447459,23849,8155,87,8160,0,6,-18,6,-18,1,1,1,1234.29,696.59,1234.29,696.59,0,0,0,0,0,0,573625,539792
169,444,31599916,32503166,23773,8155,87,8160,0,6,-18,6,-18,1,1,1,1234.29,696.59,1234.29,696.59,0,0,0,0,0,0,535083,505792
170,445,34310415,34288875,23709,8155,87,8160,0,6,-18,6,-18,1,1,1,1234.29,696.59,1234.29,696.59,0,0,0,0,0,0,614334,579083
171,446,36961670,35833708,23709,8155,87,8160,0,6,-18,6,-18,1,1,1,1234.29,696.59,1234.29,696.59,0,0,0,0,0,0,599375,563875
172,447,34948498,35923958,23773,8155,87,8160,0,5,-18,5,-18,1,1,1,1188.57,662.98,1188.57,662.98,0,0,0,0,0,0,736917,699375
173,448,35312540,35396542,23797,8155,87,8160,0,5,-18,5,-18,1,1,1,1188.57,662.98,1188.57,662.98,0,0,0,0,0,0,615083,584375
174,449,41457708,39527708,23761,8155,87,8160,0,5,-18,5,-18,1,1,1,1188.57,662.98,1188.57,662.98,0,0,0,0,0,0,692125,653125
175,450,34268494,36161083,23773,8155,90,8160,0,5,-18,5,-18,1,1,1,1188.57,662.98,1188.57,662.98,0,0,0,0,0,0,575542,543250
176,451,36634709,36503125,23289,8155,87,8160,0,4,-18,4,-18,1,1,1,1142.86,635.99,1142.86,635.99,0,0,0,0,0,0,598250,565292
177,452,39684921,37963083,23289,8085,87,8090,0,4,-18,4,-18,1,1,1,1142.86,635.99,1142.86,635.99,0,0,0,0,0,0,632917,594292
178,453,47051206,48741833,27093,8085,87,8090,0,4,-18,4,-18,1,1,1,1142.86,635.99,1142.86,635.99,0,0,0,0,0,0,777792,745750
179,454,51321294,49488000,26329,8085,87,8090,0,4,-18,4,-18,1,1,1,1142.86,635.99,1142.86,635.99,0,0,0,0,0,0,795666,751708
180,455,60780540,60583042,23557,8085,87,8090,0,3,-18,3,-18,1,1,1,1097.14,613.14,1097.14,613.14,0,0,0,0,0,0,1343000,1286292
181,456,65155833,66733500,23441,8086,88,8091,0,3,-18,3,-18,1,1,1,1097.14,613.14,1097.14,613.14,0,0,0,0,0,0,960625,906417
182,457,69185748,67537167,23289,8085,87,8090,0,3,-18,3,-18,1,1,1,1097.14,613.14,1097.14,613.14,0,0,0,0,0,0,979667,926916
183,458,66630251,68276416,23353,8085,87,8090,0,3,-18,3,-18,1,1,1,1097.14,613.14,1097.14,613.14,0,0,0,0,0,0,1116875,1046084
184,459,68473622,67297208,23429,8085,87,8090,0,2,-18,2,-18,1,1,1,1051.43,590.28,1051.43,590.28,0,0,0,0,0,0,1172541,1115958
185,460,54548624,55804000,23353,8085,90,8090,0,2,-18,2,-18,1,1,1,1051.43,590.28,1051.43,590.28,0,0,0,0,0,0,1070208,990292
186,461,58285545,56874708,23491,8085,87,8090,0,2,-18,2,-18,1,1,1,1051.43,590.28,1051.43,590.28,0,0,0,0,0,0,909542,847833
187,462,48102792,48429500,23803,8085,87,8090,0,2,-18,2,-18,1,1,1,1051.43,590.28,1051.43,590.28,0,0,0,0,0,0,795916,751459
188,463,45273080,46447500,23557,8085,87,8090,0,1,-18,1,-18,1,1,1,1005.71,567.42,1005.71,567.42,0,0,0,0,0,0,694917,658208
189,464,48470877,46757958,23289,8085,87,8090,0,1,-18,1,-18,1,1,1,1005.71,567.42,1005.71,567.42,0,0,0,0,0,0,713750,667542
190,465,45941375,47622209,23353,8085,87,8090,0,1,-18,1,-18,1,1,1,1005.71,567.42,1005.71,567.42,0,0,0,0,0,0,892625,844833
191,466,47780789,47836708,23377,8085,87,8090,0,1,-18,1,-18,1,1,1,1005.71,567.42,1005.71,567.42,0,0,0,0,0,0,1007833,970208
192,467,47899376,46482334,23289,8085,87,8090,0,0,-18,0,-18,1,1,1,960,544.56,960,544.56,0,0,0,0,0,0,772625,728917
193,468,48275504,49489375,23405,8085,87,8090,0,0,-18,0,-18,1,1,1,960,544.56,960,544.56,0,0,0,0,0,0,674250,635375
194,469,61181958,59216417,23289,8085,87,8090,0,0,-18,0,-18,1,1,1,960,544.56,960,544.56,0,0,0,0,0,0,892458,848084
195,470,54204165,56064459,23441,8085,90,8090,0,0,-18,0,-18,1,1,1,960,544.56,960,544.56,0,0,0,0,0,0,775625,725166
196,471,56027997,54683708,23491,8086,88,8091,0,-1,-18,-1,-18,1,1,1,914.29,521.71,914.29,521.71,0,0,0,0,0,0,801666,757500
197,472,57805456,57591875,23767,8085,87,8090,0,-1,-18,-1,-18,1,1,1,914.29,521.71,914.29,521.71,0,0,0,0,0,0,801625,754000
198,473,56748043,56922250,23593,8085,87,8090,0,-1,-18,-1,-18,1,1,1,914.29,521.71,914.29,521.71,0,0,0,0,0,0,952125,887500
199,474,51590625,53034375,23353,8085,87,8090,0,-1,-18,-1,-18,1,1,1,914.29,521.71,914.29,521.71,0,0,0,0,0,0,829750,786750
200,475,46451538,46444625,23289,8085,87,8090,0,-2,-18,-2,-18,1,1,1,868.57,498.85,868.57,498.85,0,0,0,0,0,0,813084,768333
201,476,42643878,41598334,23429,8085,87,8090,0,-2,-18,-2,-18,1,1,1,868.57,498.85,868.57,498.85,0,0,0,0,0,0,687625,644708
202,477,40364414,41412125,23353,8085,87,8090,0,-2,-18,-2,-18,1,1,1,868.57,498.85,868.57,498.85,0,0,0,0,0,0,669041,634250
203,478,36702424,36757709,23289,8085,87,8090,0,-2,-18,-2,-18,1,1,1,868.57,498.85,868.57,498.85,0,0,0,0,0,0,593250,560000
204,479,42641453,41153583,23289,8085,87,8090,0,-3,-18,-3,-18,1,1,1,822.86,475.99,822.86,475.99,0,0,0,0,0,0,1235750,1163250
205,480,36913458,38212708,23441,8085,90,8090,0,-3,-18,-3,-18,1,1,1,822.86,475.99,822.86,475.99,0,0,0,0,0,0,582042,545000
206,481,39779089,39831542,23289,8085,87,8090,0,-3,-18,-3,-18,1,1,1,822.86,475.99,822.86,475.99,0,0,0,0,0,0,561292,531792
207,482,43635871,42281625,23543,8085,87,8090,0,-3,-18,-3,-18,1,1,1,822.86,475.99,822.86,475.99,0,0,0,0,0,0,1085958,1044584
208,483,45630421,45408541,23715,8085,87,8090,0,-4,-18,-4,-18,1,1,1,777.14,453.14,777.14,453.14,0,0,0,0,0,0,635125,600167
209,484,43530583,45047375,23593,8085,87,8090,0,-4,-18,-4,-18,1,1,1,777.14,453.14,777.14,453.14,0,0,0,0,0,0,690375,648458
210,485,51968246,50035125,23289,8085,87,8090,0,-4,-18,-4,-18,1,1,1,777.14,453.14,777.14,453.14,0,0,0,0,0,0,756084,695791
211,486,54114539,55903542,23353,8086,88,8091,0,-4,-18,-4,-18,1,1,1,777.14,453.14,777.14,453.14,0,0,0,0,0,0,1149042,1096833
212,487,56025877,54439167,23869,8085,87,8090,0,-5,-18,-5,-18,1,1,1,731.43,431,731.43,431,0,0,0,0,0,0,1055917,995291
213,488,73604211,75009458,27419,8173,87,8178,0,-5,-18,-5,-18,1,1,1,731.43,431,731.43,431,0,0,0,0,0,0,1029167,964000
214,489,67375540,65604584,26495,8173,87,8178,0,-5,-18,-5,-18,1,1,1,731.43,431,731.43,431,0,0,0,0,0,0,1100542,1037375
215,490,56412789,58238125,23881,8173,90,8178,0,-5,-18,-5,-18,1,1,1,731.43,431,731.43,431,0,0,0,0,0,0,1043083,971083
216,491,56174419,54726000,24159,8173,87,8178,0,-6,-18,-6,-18,1,1,1,685.71,416.09,685.71,416.09,0,0,0,0,0,0,898583,835917
217,492,57179167,56711625,24243,8173,87,8178,0,-6,-18,-6,-18,1,1,1,685.71,416.09,685.71,416.09,0,0,0,0,0,0,885291,830375
218,493,54756037,55140542,24033,8173,87,8178,0,-6,-18,-6,-18,1,1,1,685.71,416.09,685.71,416.09,0,0,0,0,0,0,964208,897500
219,494,52507545,54062333,23969,8173,87,8178,0,-6,-18,-6,-18,1,1,1,685.71,416.09,685.71,416.09,0,0,0,0,0,0,873292,818333
220,495,47927998,46322416,23869,8173,87,8178,0,-8,-18,-8,-18,1,1,1,594.29,422.77,594.29,422.77,0,0,0,0,0,0,815834,758625
221,496,46380542,47948583,24131,8173,87,8178,0,-8,-18,-8,-18,1,1,1,594.29,422.77,594.29,422.77,0,0,0,0,0,0,773542,731000
222,497,49109000,48898375,23817,8173,87,8178,0,-8,-18,-8,-18,1,1,1,594.29,422.77,594.29,422.77,0,0,0,0,0,0,822125,767125
223,498,51861502,50459875,23905,8173,87,8178,0,-8,-18,-8,-18,1,1,1,594.29,422.77,594.29,422.77,0,0,0,0,0,0,848500,802375
224,499,53459126,54925833,23881,8173,90,8178,0,-9,-18,-9,-18,1,1,1,548.57,418.39,548.57,418.39,0,0,0,0,0,0,847959,789292
225,500,57363748,55379500,23869,8173,87,8178,0,-9,-18,-9,-18,1,1,1,548.57,418.39,548.57,418.39,0,0,0,0,0,0,828000,776250
226,501,57734042,57992250,24533,8174,88,8179,0,-9,-18,-9,-18,1,1,1,548.57,418.39,548.57,418.39,0,0,0,0,0,0,1220375,1136291
227,502,56553587,56778542,24033,8173,87,8178,0,-9,-18,-9,-18,1,1,1,548.57,418.39,548.57,418.39,0,0,0,0,0,0,852709,797667
228,503,62116377,63460167,23881,8173,87,8178,0,-10,-18,-10,-18,1,1,1,502.86,399.44,502.86,399.44,0,0,0,0,0,0,1415458,1326125
229,504,56978832,55147917,23957,8173,87,8178,0,-10,-18,-10,-18,1,1,1,502.86,399.44,502.86,399.44,0,0,0,0,0,0,901792,849208
230,505,52177459,53866500,23881,8173,87,8178,0,-10,-18,-10,-18,1,1,1,502.86,399.44,502.86,399.44,0,0,0,0,0,0,1025291,960500
231,506,49227997,48104583,23817,8173,87,8178,0,-10,-18,-10,-18,1,1,1,502.86,399.44,502.86,399.44,0,0,0,0,0,0,893083,840791
232,507,47484416,48793917,23969,8173,87,8178,0,-11,-18,-11,-18,1,1,1,457.14,380.06,457.14,380.06,0,0,0,0,0,0,833333,771458
233,508,40602665,40652125,23869,8173,90,8178,0,-11,-18,-11,-18,1,1,1,457.14,380.06,457.14,380.06,0,0,0,0,0,0,771083,728750
234,509,39781957,38748125,24575,8173,87,8178,0,-11,-18,-11,-18,1,1,1,457.14,380.06,457.14,380.06,0,0,0,0,0,0,650750,607458
235,510,34193586,35142666,23881,8173,87,8178,0,-11,-18,-11,-18,1,1,1,457.14,380.06,457.14,380.06,0,0,0,0,0,0,621209,585000
236,511,36012243,36049750,24107,8173,87,8178,0,-12,-18,-12,-18,1,1,1,411.43,359.32,411.43,359.32,0,0,0,0,0,0,618125,572542
237,512,37164129,35062625,24179,8173,87,8178,0,-12,-18,-12,-18,1,1,1,411.43,359.32,411.43,359.32,0,0,0,0,0,0,591083,552416
238,513,35299334,37266458,24097,8173,87,8178,0,-12,-18,-12,-18,1,1,1,411.43,359.32,411.43,359.32,0,0,0,0,0,0,653166,605875
239,514,37939500,38043750,23869,8173,87,8178,0,-12,-18,-12,-18,1,1,1,411.43,359.32,411.43,359.32,0,0,0,0,0,0,732625,689959
240,515,36884374,35769959,23817,8173,87,8178,0,-13,-18,-13,-18,1,1,1,365.71,336.6,365.71,336.6,0,0,0,0,0,0,595125,552875
241,516,38447499,39500708,23969,8174,88,8179,0,-13,-18,-13,-18,1,1,1,365.71,336.6,365.71,336.6,0,0,0,0,0,0,831792,776208
242,517,39854705,39833041,23817,8173,87,8178,0,-13,-18,-13,-18,1,1,1,365.71,336.6,365.71,336.6,0,0,0,0,0,0,683208,639083
243,518,45057419,43263125,23817,8173,87,8178,0,-13,-18,-13,-18,1,1,1,365.71,336.6,365.71,336.6,0,0,0,0,0,0,649500,611833
244,519,44038377,45681791,23881,8173,87,8178,0,-14,-18,-14,-18,1,1,1,320,311.82,320,311.82,0,0,0,0,0,0,757458,709792
245,520,59177000,57444791,23957,8173,87,8178,0,-14,-18,-14,-18,1,1,1,320,311.82,320,311.82,0,0,0,0,0,0,1126625,1057958
246,521,53385373,55119333,23881,8173,90,8178,0,-14,-18,-14,-18,1,1,1,320,311.82,320,311.82,0,0,0,0,0,0,848542,781333
247,522,66482000,64548417,24019,8173,87,8178,0,-14,-18,-14,-18,1,1,1,320,311.82,320,311.82,0,0,0,0,0,0,866292,795167
248,523,68989373,68850666,24331,8173,87,8178,0,-15,-18,-15,-18,1,1,1,274.29,285.43,274.29,285.43,0,0,0,0,0,0,1095209,1015542
249,524,63930623,64423875,24085,8173,87,8178,0,-15,-18,-15,-18,1,1,1,274.29,285.43,274.29,285.43,0,0,0,0,0,0,1196334,1077125
250,525,54661296,56058833,23881,8173,87,8178,0,-15,-18,-15,-18,1,1,1,274.29,285.43,274.29,285.43,0,0,0,0,0,0,927666,836667
251,526,56423582,54725792,23905,8173,87,8178,0,-15,-18,-15,-18,1,1,1,274.29,285.43,274.29,285.43,0,0,0,0,0,0,1363208,1243042
252,527,53370203,55109208,23881,8173,87,8178,0,-16,-18,-16,-18,1,1,1,228.57,258.09,228.57,258.09,0,0,0,0,0,0,918625,833209
253,528,49006957,47505250,23869,8173,87,8178,0,-16,-18,-16,-18,1,1,1,228.57,258.09,228.57,258.09,0,0,0,0,0,0,782292,713333
254,529,49552459,51053333,23969,8173,87,8178,0,-16,-18,-16,-18,1,1,1,228.57,258.09,228.57,258.09,0,0,0,0,0,0,896250,813333
255,530,47691505,47679709,23817,8173,90,8178,0,-16,-18,-16,-18,1,1,1,228.57,258.09,228.57,258.09,0,0,0,0,0,0,807334,731375
256,531,49764540,47950709,23817,8174,88,8179,0,-17,-18,-17,-18,1,1,1,182.86,230.19,182.86,230.19,0,0,0,0,0,0,743542,676458
257,532,47660622,47615958,24445,8173,87,8178,0,-17,-18,-17,-18,1,1,1,182.86,230.19,182.86,230.19,0,0,0,0,0,0,733292,672417
258,533,43452918,45227125,24173,8173,87,8178,0,-17,-18,-17,-18,1,1,1,182.86,230.19,182.86,230.19,0,0,0,0,0,0,779708,707208
259,534,48629585,47274750,23817,8173,87,8178,0,-17,-18,-17,-18,1,1,1,182.86,230.19,182.86,230.19,0,0,0,0,0,0,783292,701542
260,535,44908750,46111292,23881,8173,87,8178,0,-16,-18,-16,-18,1,1,1,228.57,258.09,228.57,258.09,0,0,0,0,0,0,776459,704417
261,536,47169826,46578583,23817,8173,87,8178,0,-16,-18,-16,-18,1,1,1,228.57,258.09,228.57,258.09,0,0,0,0,0,0,789416,728958
262,537,45324418,44732667,23905,8173,87,8178,0,-16,-18,-16,-18,1,1,1,228.57,258.09,228.57,258.09,0,0,0,0,0,0,792875,724667
263,538,45744918,46995250,23933,8173,87,8178,0,-16,-18,-16,-18,1,1,1,228.57,258.09,228.57,258.09,0,0,0,0,0,0,804250,728792
264,539,51014371,50964333,23817,8173,87,8178,0,-15,-18,-15,-18,1,1,1,274.29,285.43,274.29,285.43,0,0,0,0,0,0,1012791,935875
265,540,46199087,44911000,23817,8173,90,8178,0,-15,-18,-15,-18,1,1,1,274.29,285.43,274.29,285.43,0,0,0,0,0,0,789834,727292
266,541,43201290,44462583,23969,8173,87,8178,0,-15,-18,-15,-18,1,1,1,274.29,285.43,274.29,285.43,0,0,0,0,0,0,750750,679084
267,542,43411381,43408583,24019,8173,87,8178,0,-15,-18,-15,-18,1,1,1,274.29,285.43,274.29,285.43,0,0,0,0,0,0,790208,722208
268,543,42250744,40326000,24231,8173,87,8178,0,-14,-18,-14,-18,1,1,1,320,311.82,320,311.82,0,0,0,0,0,0,768708,701792
269,544,36517750,38394125,24097,8173,87,8178,0,-14,-18,-14,-18,1,1,1,320,311.82,320,311.82,0,0,0,0,0,0,679250,642750
270,545,36787629,36839042,23905,8173,87,8178,0,-14,-18,-14,-18,1,1,1,320,311.82,320,311.82,0,0,0,0,0,0,687458,643125
271,546,34576751,33556041,23817,8174,88,8179,0,-14,-18,-14,-18,1,1,1,320,311.82,320,311.82,0,0,0,0,0,0,603334,570250
272,547,32747875,33732250,23881,8173,87,8178,0,-13,-18,-13,-18,1,1,1,365.71,336.6,365.71,336.6,0,0,0,0,0,0,634500,596167
273,548,33765584,33744792,23817,8173,87,8178,0,-13,-18,-13,-18,1,1,1,365.71,336.6,365.71,336.6,0,0,0,0,0,0,586583,552792
274,549,34712165,33631625,23869,8173,87,8178,0,-13,-18,-13,-18,1,1,1,365.71,336.6,365.71,336.6,0,0,0,0,0,0,600834,560541
275,550,32430831,33508208,23969,8173,87,8178,0,-13,-18,-13,-18,1,1,1,365.71,336.6,365.71,336.6,0,0,0,0,0,0,628375,595000
276,551,33923711,33888708,23817,8173,87,8178,0,-12,-18,-12,-18,1,1,1,411.43,359.32,411.43,359.32,0,0,0,0,0,0,586875,550791
277,552,37576459,36565875,23817,8173,87,8178,0,-12,-18,-12,-18,1,1,1,411.43,359.32,411.43,359.32,0,0,0,0,0,0,693334,659167
278,553,32756078,33738125,23881,8173,90,8178,0,-12,-18,-12,-18,1,1,1,411.43,359.32,411.43,359.32,0,0,0,0,0,0,614250,570750
279,554,33572249,33506833,23817,8173,87,8178,0,-12,-18,-12,-18,1,1,1,411.43,359.32,411.43,359.32,0,0,0,0,0,0,597250,561916
280,555,34586835,33627458,23957,8173,87,8178,0,-11,-18,-11,-18,1,1,1,457.14,380.06,457.14,380.06,0,0,0,0,0,0,632125,592708
281,556,33341582,34342666,23881,8173,87,8178,0,-11,-18,-11,-18,1,1,1,457.14,380.06,457.14,380.06,0,0,0,0,0,0,691333,657209
282,557,34313004,33320583,24381,8173,87,8178,0,-11,-18,-11,-18,1,1,1,457.14,380.06,457.14,380.06,0,0,0,0,0,0,550125,510833
283,558,34595619,34619709,24033,8173,87,8178,0,-11,-18,-11,-18,1,1,1,457.14,380.06,457.14,380.06,0,0,0,0,0,0,997583,944250
284,559,34889377,35617792,23881,8173,87,8178,0,-10,-18,-10,-18,1,1,1,502.86,399.44,502.86,399.44,0,0,0,0,0,0,717333,664708
285,560,36566127,36614708,23905,8173,87,8178,0,-10,-18,-10,-18,1,1,1,502.86,399.44,502.86,399.44,0,0,0,0,0,0,626500,592125
286,561,39366122,38392292,23869,8174,88,8179,0,-10,-18,-10,-18,1,1,1,502.86,399.44,502.86,399.44,0,0,0,0,0,0,634917,587208
287,562,36368332,37141834,23881,8173,87,8178,0,-10,-18,-10,-18,1,1,1,502.86,399.44,502.86,399.44,0,0,0,0,0,0,715417,680125
288,563,38844082,38820375,23817,8173,87,8178,0,-9,-18,-9,-18,1,1,1,548.57,418.39,548.57,418.39,0,0,0,0,0,0,1124334,1058542
289,564,39487961,38590375,23905,8173,87,8178,0,-9,-18,-9,-18,1,1,1,548.57,418.39,548.57,418.39,0,0,0,0,0,0,597458,561750
290,565,42798206,43797708,23881,8173,87,8178,0,-9,-18,-9,-18,1,1,1,548.57,418.39,548.57,418.39,0,0,0,0,0,0,675792,628250
291,566,65057337,63152459,23817,8173,87,8178,0,-9,-18,-9,-18,1,1,1,548.57,418.39,548.57,418.39,0,0,0,0,0,0,919250,866041
292,567,65132960,66783958,23933,8173,90,8178,0,-8,-18,-8,-18,1,1,1,594.29,422.77,594.29,422.77,0,0,0,0,0,0,1058417,981583
293,568,75433045,72030458,26589,8173,87,8178,0,-8,-18,-8,-18,1,1,1,594.29,422.77,594.29,422.77,0,0,0,0,0,0,1148333,1083833
294,569,67411370,70821167,24097,8173,87,8178,0,-8,-18,-8,-18,1,1,1,594.29,422.77,594.29,422.77,0,0,0,0,0,0,1436959,1362000
295,570,70809543,68818583,23869,8173,87,8178,0,-8,-18,-8,-18,1,1,1,594.29,422.77,594.29,422.77,0,0,0,0,0,0,1110708,1045791
296,571,64561620,66580291,23969,8173,87,8178,0,-6,-18,-6,-18,1,1,1,685.71,416.09,685.71,416.09,0,0,0,0,0,0,1442500,1343833
297,572,57010877,55166000,23817,8173,87,8178,0,-6,-18,-6,-18,1,1,1,685.71,416.09,685.71,416.09,0,0,0,0,0,0,1052000,978667
298,573,45191623,46991917,23881,8173,87,8178,0,-6,-18,-6,-18,1,1,1,685.71,416.09,685.71,416.09,0,0,0,0,0,0,1018417,955416
299,574,47210708,47282000,23957,8173,87,8178,0,-6,-18,-6,-18,1,1,1,685.71,416.09,685.71,416.09,0,0,0,0,0,0,844916,789458
300,575,45688543,44460583,23817,8173,90,8178,0,-5,-18,-5,-18,1,1,1,731.43,431,731.43,431,0,0,0,0,0,0,703041,656625
301,576,39575837,40741875,23881,8174,88,8179,0,-5,-18,-5,-18,1,1,1,731.43,431,731.43,431,0,0,0,0,0,0,648750,609875
302,577,41874419,41825791,24019,8173,87,8178,0,-5,-18,-5,-18,1,1,1,731.43,431,731.43,431,0,0,0,0,0,0,689334,641375
303,578,49416370,46622084,24267,8173,87,8178,0,-5,-18,-5,-18,1,1,1,731.43,431,731.43,431,0,0,0,0,0,0,716333,670584
304,579,45085672,47608209,23621,8173,87,8178,0,-4,-18,-4,-18,1,1,1,777.14,453.14,777.14,453.14,0,0,0,0,0,0,717500,679750
305,580,46954747,47145292,23289,8085,87,8090,0,-4,-18,-4,-18,1,1,1,777.14,453.14,777.14,453.14,0,0,0,0,0,0,1021542,953375
306,581,48630457,47247333,23289,8085,87,8090,0,-4,-18,-4,-18,1,1,1,777.14,453.14,777.14,453.14,0,0,0,0,0,0,717292,674208
307,582,60636747,61514792,26891,8085,87,8090,0,-4,-18,-4,-18,1,1,1,777.14,453.14,777.14,453.14,0,0,0,0,0,0,680042,639334
308,583,57505838,56362292,26019,8085,87,8090,0,-3,-18,-3,-18,1,1,1,822.86,475.99,822.86,475.99,0,0,0,0,0,0,833916,781125
309,584,68191245,69311833,23353,8085,87,8090,0,-3,-18,-3,-18,1,1,1,822.86,475.99,822.86,475.99,0,0,0,0,0,0,1051834,988875
310,585,68889789,66893542,23377,8085,90,8090,0,-3,-18,-3,-18,1,1,1,822.86,475.99,822.86,475.99,0,0,0,0,0,0,991833,933542
311,586,54372463,56698792,23555,8085,87,8090,0,-3,-18,-3,-18,1,1,1,822.86,475.99,822.86,475.99,0,0,0,0,0,0,1059834,989958
312,587,54865121,52481416,23703,8085,87,8090,0,-2,-18,-2,-18,1,1,1,868.57,498.85,868.57,498.85,0,0,0,0,0,0,920791,875750
313,588,41346080,43770542,23657,8085,87,8090,0,-2,-18,-2,-18,1,1,1,868.57,498.85,868.57,498.85,0,0,0,0,0,0,693833,656000
314,589,42132042,42141500,23289,8085,87,8090,0,-2,-18,-2,-18,1,1,1,868.57,498.85,868.57,498.85,0,0,0,0,0,0,667541,620292
315,590,39873085,38744083,23289,8085,87,8090,0,-2,-18,-2,-18,1,1,1,868.57,498.85,868.57,498.85,0,0,0,0,0,0,598083,565875
316,591,36600161,37648125,23353,8086,88,8091,0,-1,-18,-1,-18,1,1,1,914.29,521.71,914.29,521.71,0,0,0,0,0,0,602166,571167
317,592,33757582,33816333,23429,8085,87,8090,0,-1,-18,-1,-18,1,1,1,914.29,521.71,914.29,521.71,0,0,0,0,0,0,558334,524583
318,593,34664250,33645125,23289,8085,87,8090,0,-1,-18,-1,-18,1,1,1,914.29,521.71,914.29,521.71,0,0,0,0,0,0,552625,523250
319,594,32332710,33326708,23353,8085,87,8090,0,-1,-18,-1,-18,1,1,1,914.29,521.71,914.29,521.71,0,0,0,0,0,0,557584,528667
320,595,35918500,35875000,23289,8085,87,8090,0,0,-18,0,-18,1,1,1,960,544.56,960,544.56,0,0,0,0,0,0,633791,598167
321,596,34353621,33318333,23289,8085,90,8090,0,0,-18,0,-18,1,1,1,960,544.56,960,544.56,0,0,0,0,0,0,531541,501709
322,597,32268460,33270166,23441,8085,87,8090,0,0,-18,0,-18,1,1,1,960,544.56,960,544.56,0,0,0,0,0,0,573708,545917
323,598,33360041,33382583,23341,8085,87,8090,0,0,-18,0,-18,1,1,1,960,544.56,960,544.56,0,0,0,0,0,0,560542,526458
324,599,32773498,32764167,23289,8085,87,8090,0,1,-18,1,-18,1,1,1,1005.71,567.42,1005.71,567.42,0,0,0,0,0,0,556209,527667
325,600,31874965,30313209,23853,8085,87,8090,0,1,-18,1,-18,1,1,1,1005.71,567.42,1005.71,567.42,0,0,0,0,0,0,542750,516750
326,601,28679165,30153541,23569,8085,87,8090,0,1,-18,1,-18,1,1,1,1005.71,567.42,1005.71,567.42,0,0,0,0,0,0,513167,472000
327,602,30023498,30083459,23377,8085,87,8090,0,1,-18,1,-18,1,1,1,1005.71,567.42,1005.71,567.42,0,0,0,0,0,0,529000,502417
328,603,30739959,30694458,23289,8085,87,8090,0,2,-18,2,-18,1,1,1,1051.43,590.28,1051.43,590.28,0,0,0,0,0,0,529250,501834
329,604,31333539,30378542,23289,8085,87,8090,0,2,-18,2,-18,1,1,1,1051.43,590.28,1051.43,590.28,0,0,0,0,0,0,506875,470084
330,605,29686713,30630791,23405,8085,87,8090,0,2,-18,2,-18,1,1,1,1051.43,590.28,1051.43,590.28,0,0,0,0,0,0,491083,462500
331,606,30362620,30232000,23289,8086,88,8091,0,2,-18,2,-18,1,1,1,1051.43,590.28,1051.43,590.28,0,0,0,0,0,0,506542,478750
332,607,30288124,30382542,23377,8085,87,8090,0,3,-18,3,-18,1,1,1,1097.14,613.14,1097.14,613.14,0,0,0,0,0,0,508750,473458
333,608,33945046,32770000,23289,8085,87,8090,0,3,-18,3,-18,1,1,1,1097.14,613.14,1097.14,613.14,0,0,0,0,0,0,505500,479209
334,609,33673454,34797250,23353,8085,87,8090,0,3,-18,3,-18,1,1,1,1097.14,613.14,1097.14,613.14,0,0,0,0,0,0,532000,501792
335,610,38888584,38724084,23289,8085,87,8090,0,3,-18,3,-18,1,1,1,1097.14,613.14,1097.14,613.14,0,0,0,0,0,0,674542,619209
336,611,39053123,38048917,23289,8085,90,8090,0,4,-18,4,-18,1,1,1,1142.86,635.99,1142.86,635.99,0,0,0,0,0,0,536875,508166
337,612,35566002,36660583,23493,8085,87,8090,0,4,-18,4,-18,1,1,1,1142.86,635.99,1142.86,635.99,0,0,0,0,0,0,607458,568292
338,613,35783912,35560000,23289,8085,87,8090,0,4,-18,4,-18,1,1,1,1142.86,635.99,1142.86,635.99,0,0,0,0,0,0,653584,588625
339,614,36182880,35252708,23289,8085,87,8090,0,4,-18,4,-18,1,1,1,1142.86,635.99,1142.86,635.99,0,0,0,0,0,0,554708,521500
340,615,41899744,41472000,24337,8085,87,8090,0,5,-18,5,-18,1,1,1,1188.57,662.98,1188.57,662.98,0,0,0,0,0,0,952291,887542
341,616,46713873,47981125,23925,8155,87,8160,0,5,-18,5,-18,1,1,1,1188.57,662.98,1188.57,662.98,0,0,0,0,0,0,727833,684083
342,617,71716167,70022959,27247,8155,87,8160,0,5,-18,5,-18,1,1,1,1188.57,662.98,1188.57,662.98,0,0,0,0,0,0,859750,810167
343,618,66827788,68513167,26503,8155,87,8160,0,5,-18,5,-18,1,1,1,1188.57,662.98,1188.57,662.98,0,0,0,0,0,0,1217292,1160292
344,619,75626038,73459084,23709,8155,87,8160,0,6,-18,6,-18,1,1,1,1234.29,696.59,1234.29,696.59,0,0,0,0,0,0,1094625,1029209
345,620,68519748,70476500,23861,8155,87,8160,0,6,-18,6,-18,1,1,1,1234.29,696.59,1234.29,696.59,0,0,0,0,0,0,1016625,959209
346,621,73013663,71257708,23761,8156,88,8161,0,6,-18,6,-18,1,1,1,1234.29,696.59,1234.29,696.59,0,0,0,0,0,0,1361958,1263958
347,622,56878294,58642916,23773,8155,90,8160,0,6,-18,6,-18,1,1,1,1234.29,696.59,1234.29,696.59,0,0,0,0,0,0,1197916,1128291
348,623,51473539,49095917,24361,8155,87,8160,0,7,-18,7,-18,1,1,1,1280,736.66,1280,736.66,0,0,0,0,0,0,882667,816583
349,624,44938165,47446791,23989,8155,87,8160,0,7,-18,7,-18,1,1,1,1280,736.66,1280,736.66,0,0,0,0,0,0,783833,741125
350,625,48227168,48247208,23761,8155,87,8160,0,7,-18,7,-18,1,1,1,1280,736.66,1280,736.66,0,0,0,0,0,0,722542,676042
351,626,48118956,46784459,23709,8155,87,8160,0,7,-18,7,-18,1,1,1,1280,736.66,1280,736.66,0,0,0,0,0,0,1190583,1128667
352,627,45144587,46402750,23861,8155,87,8160,0,8,-18,8,-18,1,1,1,1325.71,772.98,1325.71,772.98,0,0,0,0,0,0,803625,755750
353,628,46331249,46113666,23709,8155,87,8160,0,8,-18,8,-18,1,1,1,1325.71,772.98,1325.71,772.98,0,0,0,0,0,0,708334,667250
354,629,47001954,45572417,23709,8155,87,8160,0,8,-18,8,-18,1,1,1,1325.71,772.98,1325.71,772.98,0,0,0,0,0,0,794541,744708
355,630,52211251,53775666,23825,8155,87,8160,0,8,-18,8,-18,1,1,1,1325.71,772.98,1325.71,772.98,0,0,0,0,0,0,762375,720542
356,631,45373626,45397708,23797,8155,90,8160,0,9,-18,9,-18,1,1,1,1371.43,801.36,1371.43,801.36,0,0,0,0,0,0,718167,668167
357,632,47516163,46275167,23709,8155,87,8160,0,9,-18,9,-18,1,1,1,1371.43,801.36,1371.43,801.36,0,0,0,0,0,0,748083,706750
358,633,43940838,45176083,23975,8155,87,8160,0,9,-18,9,-18,1,1,1,1371.43,801.36,1371.43,801.36,0,0,0,0,0,0,812167,762792
359,634,48712790,47133041,24071,8155,87,8160,0,9,-18,9,-18,1,1,1,1371.43,801.36,1371.43,801.36,0,0,0,0,0,0,917417,864291
360,635,46007785,46270250,24065,8155,87,8160,0,10,-18,10,-18,1,1,1,1417.14,823.72,1417.14,823.72,0,0,0,0,0,0,739500,692000
361,636,45204378,46447875,23773,8156,88,8161,0,10,-18,10,-18,1,1,1,1417.14,823.72,1417.14,823.72,0,0,0,0,0,0,731625,688542
362,637,44883795,44876542,23709,8155,87,8160,0,10,-18,10,-18,1,1,1,1417.14,823.72,1417.14,823.72,0,0,0,0,0,0,764125,713875
363,638,48369415,47073166,23709,8155,87,8160,0,10,-18,10,-18,1,1,1,1417.14,823.72,1417.14,823.72,0,0,0,0,0,0,747917,706584
364,639,46348325,47554333,23861,8155,87,8160,0,11,-18,11,-18,1,1,1,1462.86,845.83,1462.86,845.83,0,0,0,0,0,0,758916,712000
365,640,44092502,44085750,23761,8155,87,8160,0,11,-18,11,-18,1,1,1,1462.86,845.83,1462.86,845.83,0,0,0,0,0,0,752125,709875
366,641,47451622,46296959,23709,8155,87,8160,0,11,-18,11,-18,1,1,1,1462.86,845.83,1462.86,845.83,0,0,0,0,0,0,832250,776875
367,642,41653294,42749084,23773,8155,90,8160,0,11,-18,11,-18,1,1,1,1462.86,845.83,1462.86,845.83,0,0,0,0,0,0,754792,706542
368,643,39840206,39920292,23797,8155,87,8160,0,12,-18,12,-18,1,1,1,1508.57,868.27,1508.57,868.27,0,0,0,0,0,0,734542,685917
369,644,38498915,37374125,23911,8155,87,8160,0,12,-18,12,-18,1,1,1,1508.57,868.27,1508.57,868.27,0,0,0,0,0,0,641250,603541
370,645,35787876,35909958,24187,8155,87,8160,0,12,-18,12,-18,1,1,1,1508.57,868.27,1508.57,868.27,0,0,0,0,0,0,676583,630750
371,646,32703626,33666791,23925,8155,87,8160,0,12,-18,12,-18,1,1,1,1508.57,868.27,1508.57,868.27,0,0,0,0,0,0,618333,584542
372,647,34294329,33247250,23709,8155,87,8160,0,13,-18,13,-18,1,1,1,1554.29,892.25,1554.29,892.25,0,0,0,0,0,0,711875,670125
373,648,32330624,33363208,23861,8155,87,8160,0,13,-18,13,-18,1,1,1,1554.29,892.25,1554.29,892.25,0,0,0,0,0,0,580625,548166
374,649,33216666,33220708,23709,8155,87,8160,0,13,-18,13,-18,1,1,1,1554.29,892.25,1554.29,892.25,0,0,0,0,0,0,718417,680042
375,650,34917537,33802583,23709,8155,87,8160,0,13,-18,13,-18,1,1,1,1554.29,892.25,1554.29,892.25,0,0,0,0,0,0,729500,696125
376,651,32286874,33368625,23825,8156,88,8161,0,14,-18,14,-18,1,1,1,1600,918.02,1600,918.02,0,0,0,0,0,0,595208,552666
377,652,33473711,33371459,23709,8155,87,8160,0,14,-18,14,-18,1,1,1,1600,918.02,1600,918.02,0,0,0,0,0,0,662167,610208
378,653,34747626,33826792,23797,8155,87,8160,0,14,-18,14,-18,1,1,1,1600,918.02,1600,918.02,0,0,0,0,0,0,612833,568666
379,654,36402832,37354375,23773,8155,87,8160,0,14,-18,14,-18,1,1,1,1600,918.02,1600,918.02,0,0,0,0,0,0,719833,679917
380,655,33444825,33472417,23709,8155,90,8160,0,15,-18,15,-18,1,1,1,1645.71,944.98,1645.71,944.98,0,0,0,0,0,0,621791,574292
381,656,32574623,31611916,23709,8155,87,8160,0,15,-18,15,-18,1,1,1,1645.71,944.98,1645.71,944.98,0,0,0,0,0,0,535667,504042
382,657,29291333,30185750,23825,8155,87,8160,0,15,-18,15,-18,1,1,1,1645.71,944.98,1645.71,944.98,0,0,0,0,0,0,558167,523875
383,658,30116504,30127083,23797,8155,87,8160,0,15,-18,15,-18,1,1,1,1645.71,944.98,1645.71,944.98,0,0,0,0,0,0,557667,528125
384,659,30387626,30396375,23911,8155,87,8160,0,16,-18,16,-18,1,1,1,1691.43,972.01,1691.43,972.01,0,0,0,0,0,0,588083,543083
385,660,31984750,30309084,24071,8155,87,8160,0,16,-18,16,-18,1,1,1,1691.43,972.01,1691.43,972.01,0,0,0,0,0,0,559084,529000
386,661,30305329,31836625,23989,8155,87,8160,0,16,-18,16,-18,1,1,1,1691.43,972.01,1691.43,972.01,0,0,0,0,0,0,532334,498917
387,662,36244254,36234916,23709,8155,87,8160,0,16,-18,16,-18,1,1,1,1691.43,972.01,1691.43,972.01,0,0,0,0,0,0,627000,592250
388,663,37597250,36568625,23797,8155,87,8160,0,15,-18,15,-18,1,1,1,1645.71,944.98,1645.71,944.98,0,0,0,0,0,0,656708,607500
389,664,37047583,38064834,23825,8155,87,8160,0,15,-18,15,-18,1,1,1,1645.71,944.98,1645.71,944.98,0,0,0,0,0,0,805709,748167
390,665,38418997,38382708,23709,8155,87,8160,0,15,-18,15,-18,1,1,1,1645.71,944.98,1645.71,944.98,0,0,0,0,0,0,996667,937708
391,666,39126206,37778833,23709,8156,88,8161,0,15,-18,15,-18,1,1,1,1645.71,944.98,1645.71,944.98,0,0,0,0,0,0,670375,627208
392,667,40511962,41654958,23861,8155,87,8160,0,14,-18,14,-18,1,1,1,1600,918.02,1600,918.02,0,0,0,0,0,0,600250,560500
393,668,43358914,43471667,23709,8155,87,8160,0,14,-18,14,-18,1,1,1,1600,918.02,1600,918.02,0,0,0,0,0,0,634208,596000
394,669,63427008,61513625,23709,8155,87,8160,0,14,-18,14,-18,1,1,1,1600,918.02,1600,918.02,0,0,0,0,0,0,1209833,1127917
395,670,66239245,67930000,23825,8155,90,8160,0,14,-18,14,-18,1,1,1,1600,918.02,1600,918.02,0,0,0,0,0,0,1019042,957667
396,671,76433964,71329292,24361,8155,87,8160,0,13,-18,13,-18,1,1,1,1554.29,892.25,1554.29,892.25,0,0,0,0,0,0,1035416,962292
397,672,63783250,68847958,23989,8155,87,8160,0,13,-18,13,-18,1,1,1,1554.29,892.25,1554.29,892.25,0,0,0,0,0,0,1342958,1266541
398,673,73234796,70709917,23761,8155,87,8160,0,13,-18,13,-18,1,1,1,1554.29,892.25,1554.29,892.25,0,0,0,0,0,0,1023709,950500
399,674,64706586,67108708,23861,8155,87,8160,0,13,-18,13,-18,1,1,1,1554.29,892.25,1554.29,892.25,0,0,0,0,0,0,1025875,963834
400,675,58470997,56838125,23709,8155,87,8160,0,12,-18,12,-18,1,1,1,1508.57,868.27,1508.57,868.27,0,0,0,0,0,0,862625,799166
401,676,48158127,49819334,23773,8155,87,8160,0,12,-18,12,-18,1,1,1,1508.57,868.27,1508.57,868.27,0,0,0,0,0,0,874625,822209
402,677,52141249,50991500,23849,8155,87,8160,0,12,-18,12,-18,1,1,1,1508.57,868.27,1508.57,868.27,0,0,0,0,0,0,1031625,956666
403,678,44997915,46218542,23773,8155,90,8160,0,12,-18,12,-18,1,1,1,1508.57,868.27,1508.57,868.27,0,0,0,0,0,0,711208,669084
404,679,47191873,47211584,23709,8155,87,8160,0,11,-18,11,-18,1,1,1,1462.86,845.83,1462.86,845.83,0,0,0,0,0,0,732917,684584
405,680,50478458,48029167,24273,8155,87,8160,0,11,-18,11,-18,1,1,1,1462.86,845.83,1462.86,845.83,0,0,0,0,0,0,885083,836917
406,681,42858544,45251917,24077,8156,88,8161,0,11,-18,11,-18,1,1,1,1462.86,845.83,1462.86,845.83,0,0,0,0,0,0,745292,695917
407,682,47845959,47847916,23761,8155,87,8160,0,11,-18,11,-18,1,1,1,1462.86,845.83,1462.86,845.83,0,0,0,0,0,0,839125,796375
408,683,50408035,49162000,23709,8155,87,8160,0,10,-18,10,-18,1,1,1,1417.14,823.72,1417.14,823.72,0,0,0,0,0,0,792083,740208
409,684,49377791,50489750,23773,8155,87,8160,0,10,-18,10,-18,1,1,1,1417.14,823.72,1417.14,823.72,0,0,0,0,0,0,793834,749958
410,685,45012671,45117250,23797,8155,87,8160,0,10,-18,10,-18,1,1,1,1417.14,823.72,1417.14,823.72,0,0,0,0,0,0,725375,676958
411,686,47301836,45972583,23709,8155,87,8160,0,10,-18,10,-18,1,1,1,1417.14,823.72,1417.14,823.72,0,0,0,0,0,0,731667,689292
412,687,46249248,47548750,23825,8155,87,8160,0,9,-18,9,-18,1,1,1,1371.43,801.36,1371.43,801.36,0,0,0,0,0,0,836500,775917
413,688,44100496,43985541,23709,8155,90,8160,0,9,-18,9,-18,1,1,1,1371.43,801.36,1371.43,801.36,0,0,0,0,0,0,718208,676750
414,689,42563959,41554875,23797,8155,87,8160,0,9,-18,9,-18,1,1,1,1371.43,801.36,1371.43,801.36,0,0,0,0,0,0,771209,715208
415,690,36633085,37702791,23773,8155,87,8160,0,9,-18,9,-18,1,1,1,1371.43,801.36,1371.43,801.36,0,0,0,0,0,0,664792,628625
416,691,37325829,36327292,24273,8155,87,8160,0,8,-18,8,-18,1,1,1,1325.71,772.98,1325.71,772.98,0,0,0,0,0,0,633709,589333
417,692,33566504,33499333,23977,8155,87,8160,0,8,-18,8,-18,1,1,1,1325.71,772.98,1325.71,772.98,0,0,0,0,0,0,585042,552042
418,693,32504834,33574458,23861,8155,87,8160,0,8,-18,8,-18,1,1,1,1325.71,772.98,1325.71,772.98,0,0,0,0,0,0,579792,538250
419,694,33566247,33525708,23709,8155,87,8160,0,8,-18,8,-18,1,1,1,1325.71,772.98,1325.71,772.98,0,0,0,0,0,0,608458,576000
420,695,34702792,33714750,23709,8155,87,8160,0,7,-18,7,-18,1,1,1,1280,736.66,1280,736.66,0,0,0,0,0,0,572708,535834
421,696,32541792,33512583,23773,8156,88,8161,0,7,-18,7,-18,1,1,1,1280,736.66,1280,736.66,0,0,0,0,0,0,581625,549167
422,697,33768914,33707084,23709,8155,87,8160,0,7,-18,7,-18,1,1,1,1280,736.66,1280,736.66,0,0,0,0,0,0,588208,549208
423,698,34333586,33362917,23849,8155,87,8160,0,7,-18,7,-18,1,1,1,1280,736.66,1280,736.66,0,0,0,0,0,0,603708,571959
424,699,32483540,33489208,23773,8155,87,8160,0,6,-18,6,-18,1,1,1,1234.29,696.59,1234.29,696.59,0,0,0,0,0,0,577209,539042
425,700,31261209,31242750,23709,8155,87,8160,0,6,-18,6,-18,1,1,1,1234.29,696.59,1234.29,696.59,0,0,0,0,0,0,604459,573042
426,701,33098496,33089584,23709,8155,87,8160,0,6,-18,6,-18,1,1,1,1234.29,696.59,1234.29,696.59,0,0,0,0,0,0,656375,613875
427,702,31201919,30217125,23709,8155,90,8160,0,6,-18,6,-18,1,1,1,1234.29,696.59,1234.29,696.59,0,0,0,0,0,0,524875,497125
428,703,29363457,30336083,23861,8155,87,8160,0,5,-18,5,-18,1,1,1,1188.57,662.98,1188.57,662.98,0,0,0,0,0,0,575917,536791
429,704,30668331,30630750,23709,8155,87,8160,0,5,-18,5,-18,1,1,1,1188.57,662.98,1188.57,662.98,0,0,0,0,0,0,571458,543500
430,705,30390249,30385750,23761,8155,87,8160,0,5,-18,5,-18,1,1,1,1188.57,662.98,1188.57,662.98,0,0,0,0,0,0,583125,536000
431,706,32364875,31424000,23911,8155,87,8160,0,5,-18,5,-18,1,1,1,1188.57,662.98,1188.57,662.98,0,0,0,0,0,0,533583,505084
432,707,32656002,32415791,23715,8155,87,8160,0,4,-18,4,-18,1,1,1,1142.86,635.99,1142.86,635.99,0,0,0,0,0,0,535416,509667
433,708,36279540,37409584,27043,8085,87,8090,0,4,-18,4,-18,1,1,1,1142.86,635.99,1142.86,635.99,0,0,0,0,0,0,575458,534250
434,709,33251706,32321208,25967,8085,87,8090,0,4,-18,4,-18,1,1,1,1142.86,635.99,1142.86,635.99,0,0,0,0,0,0,581750,551917
435,710,31835373,32725333,23353,8085,87,8090,0,4,-18,4,-18,1,1,1,1142.86,635.99,1142.86,635.99,0,0,0,0,0,0,508750,483542
436,711,33380251,33367125,23289,8086,88,8091,0,3,-18,3,-18,1,1,1,1097.14,613.14,1097.14,613.14,0,0,0,0,0,0,544083,509500
437,712,32551955,32497041,23341,8085,87,8090,0,3,-18,3,-18,1,1,1,1097.14,613.14,1097.14,613.14,0,0,0,0,0,0,567917,538417
438,713,33837337,32880916,23377,8085,87,8090,0,3,-18,3,-18,1,1,1,1097.14,613.14,1097.14,613.14,0,0,0,0,0,0,515542,489667
439,714,33326826,34279667,23353,8085,87,8090,0,3,-18,3,-18,1,1,1,1097.14,613.14,1097.14,613.14,0,0,0,0,0,0,540042,507542
440,715,35188335,35167459,23289,8085,87,8090,0,2,-18,2,-18,1,1,1,1051.43,590.28,1051.43,590.28,0,0,0,0,0,0,725250,689917
441,716,41391793,40173667,23289,8085,87,8090,0,2,-18,2,-18,1,1,1,1051.43,590.28,1051.43,590.28,0,0,0,0,0,0,679792,644041
442,717,35496585,36638041,23353,8085,90,8090,0,2,-18,2,-18,1,1,1,1051.43,590.28,1051.43,590.28,0,0,0,0,0,0,576375,534166
443,718,36218117,36232042,23429,8085,87,8090,0,2,-18,2,-18,1,1,1,1051.43,590.28,1051.43,590.28,0,0,0,0,0,0,591417,563125
444,719,38434334,37323709,23289,8085,87,8090,0,1,-18,1,-18,1,1,1,1005.71,567.42,1005.71,567.42,0,0,0,0,0,0,602167,570750
445,720,39066631,40024750,23555,8085,87,8090,0,1,-18,1,-18,1,1,1,1005.71,567.42,1005.71,567.42,0,0,0,0,0,0,861291,803958
446,721,49706831,48178042,23651,8085,87,8090,0,1,-18,1,-18,1,1,1,1005.71,567.42,1005.71,567.42,0,0,0,0,0,0,606500,568792
447,722,64079374,63109042,23593,8085,87,8090,0,1,-18,1,-18,1,1,1,1005.71,567.42,1005.71,567.42,0,0,0,0,0,0,789208,746625
448,723,68347208,70595833,23405,8085,87,8090,0,0,-18,0,-18,1,1,1,960,544.56,960,544.56,0,0,0,0,0,0,1086875,1010959
449,724,72115622,70201792,23289,8085,87,8090,0,0,-18,0,-18,1,1,1,960,544.56,960,544.56,0,0,0,0,0,0,985166,917875
450,725,65287671,66845500,23441,8085,87,8090,0,0,-18,0,-18,1,1,1,960,544.56,960,544.56,0,0,0,0,0,0,1079541,1030500
451,726,74899166,73155625,23341,8086,88,8091,0,0,-18,0,-18,1,1,1,960,544.56,960,544.56,0,0,0,0,0,0,1267834,1198000
452,727,60226000,62269000,23353,8085,90,8090,0,-1,-18,-1,-18,1,1,1,914.29,521.71,914.29,521.71,0,0,0,0,0,0,1184042,1120709
453,728,58455131,55570875,23579,8085,87,8090,0,-1,-18,-1,-18,1,1,1,914.29,521.71,914.29,521.71,0,0,0,0,0,0,835250,790458
454,729,45216787,48213500,23931,8085,87,8090,0,-1,-18,-1,-18,1,1,1,914.29,521.71,914.29,521.71,0,0,0,0,0,0,860666,806625
455,730,48322670,48204917,23341,8085,87,8090,0,-1,-18,-1,-18,1,1,1,914.29,521.71,914.29,521.71,0,0,0,0,0,0,1266250,1202041
456,731,48507623,47340042,23377,8085,87,8090,0,-2,-18,-2,-18,1,1,1,868.57,498.85,868.57,498.85,0,0,0,0,0,0,1172459,1133291
457,732,46039078,47201666,23353,8085,87,8090,0,-2,-18,-2,-18,1,1,1,868.57,498.85,868.57,498.85,0,0,0,0,0,0,702959,658417
458,733,47968879,47948292,23289,8085,87,8090,0,-2,-18,-2,-18,1,1,1,868.57,498.85,868.57,498.85,0,0,0,0,0,0,661125,624959
459,734,51965538,50448875,23289,8085,87,8090,0,-2,-18,-2,-18,1,1,1,868.57,498.85,868.57,498.85,0,0,0,0,0,0,677625,640708
460,735,56764207,58229250,23493,8085,87,8090,0,-3,-18,-3,-18,1,1,1,822.86,475.99,822.86,475.99,0,0,0,0,0,0,850292,787916
461,736,56652251,54906500,23289,8085,90,8090,0,-3,-18,-3,-18,1,1,1,822.86,475.99,822.86,475.99,0,0,0,0,0,0,885541,841041
462,737,49476623,51054125,23353,8085,87,8090,0,-3,-18,-3,-18,1,1,1,822.86,475.99,822.86,475.99,0,0,0,0,0,0,782791,737208
463,738,55231627,52631042,23941,8085,87,8090,0,-3,-18,-3,-18,1,1,1,822.86,475.99,822.86,475.99,0,0,0,0,0,0,792084,736625
464,739,50665292,53323542,23621,8085,87,8090,0,-4,-18,-4,-18,1,1,1,777.14,453.14,777.14,453.14,0,0,0,0,0,0,782750,737041
465,740,54558001,53021791,23289,8085,87,8090,0,-4,-18,-4,-18,1,1,1,777.14,453.14,777.14,453.14,0,0,0,0,0,0,759958,714708
466,741,48940375,50475209,23441,8086,88,8091,0,-4,-18,-4,-18,1,1,1,777.14,453.14,777.14,453.14,0,0,0,0,0,0,1175875,1118167
467,742,46663995,46677958,23289,8085,87,8090,0,-4,-18,-4,-18,1,1,1,777.14,453.14,777.14,453.14,0,0,0,0,0,0,703500,664083
468,743,46352047,45098709,23869,8085,87,8090,0,-5,-18,-5,-18,1,1,1,731.43,431,731.43,431,0,0,0,0,0,0,936125,881416
469,744,43817162,44879666,23881,8173,87,8178,0,-5,-18,-5,-18,1,1,1,731.43,431,731.43,431,0,0,0,0,0,0,797667,754541
470,745,49035459,49115750,27355,8173,87,8178,0,-5,-18,-5,-18,1,1,1,731.43,431,731.43,431,0,0,0,0,0,0,778583,729208
471,746,43550878,42388417,26495,8173,90,8178,0,-5,-18,-5,-18,1,1,1,731.43,431,731.43,431,0,0,0,0,0,0,713209,648041
472,747,41167493,42353292,23881,8173,87,8178,0,-6,-18,-6,-18,1,1,1,685.71,416.09,685.71,416.09,0,0,0,0,0,0,667250,620292
473,748,41356917,41213084,23869,8173,87,8178,0,-6,-18,-6,-18,1,1,1,685.71,416.09,685.71,416.09,0,0,0,0,0,0,1007291,961291
474,749,45721124,43050041,24469,8173,87,8178,0,-6,-18,-6,-18,1,1,1,685.71,416.09,685.71,416.09,0,0,0,0,0,0,753958,703333
475,750,40962457,43684000,24097,8173,87,8178,0,-6,-18,-6,-18,1,1,1,685.71,416.09,685.71,416.09,0,0,0,0,0,0,689166,649417
476,751,46560004,46540292,23817,8173,87,8178,0,-8,-18,-8,-18,1,1,1,594.29,422.77,594.29,422.77,0,0,0,0,0,0,741833,692791
477,752,48225164,46744083,23817,8173,87,8178,0,-8,-18,-8,-18,1,1,1,594.29,422.77,594.29,422.77,0,0,0,0,0,0,759875,714375
478,753,53214710,54607375,24021,8173,87,8178,0,-8,-18,-8,-18,1,1,1,594.29,422.77,594.29,422.77,0,0,0,0,0,0,847833,784417
479,754,57682164,55811875,23817,8173,87,8178,0,-8,-18,-8,-18,1,1,1,594.29,422.77,594.29,422.77,0,0,0,0,0,0,845875,795000
480,755,53875125,55615292,23881,8173,87,8178,0,-9,-18,-9,-18,1,1,1,548.57,418.39,548.57,418.39,0,0,0,0,0,0,1156791,1080000
481,756,68839371,66881584,23905,8174,88,8179,0,-9,-18,-9,-18,1,1,1,548.57,418.39,548.57,418.39,0,0,0,0,0,0,1087958,1022584
482,757,54549545,56470458,23933,8173,90,8178,0,-9,-18,-9,-18,1,1,1,548.57,418.39,548.57,418.39,0,0,0,0,0,0,1078125,997000
483,758,60892827,57533250,24381,8173,87,8178,0,-9,-18,-9,-18,1,1,1,548.57,418.39,548.57,418.39,0,0,0,0,0,0,864708,812208
484,759,52748214,56090250,24185,8173,87,8178,0,-10,-18,-10,-18,1,1,1,502.86,399.44,502.86,399.44,0,0,0,0,0,0,885541,815500
485,760,57937081,56049375,23817,8173,87,8178,0,-10,-18,-10,-18,1,1,1,502.86,399.44,502.86,399.44,0,0,0,0,0,0,884166,831583
486,761,55589832,57198542,23933,8173,87,8178,0,-10,-18,-10,-18,1,1,1,502.86,399.44,502.86,399.44,0,0,0,0,0,0,1275167,1134542
487,762,58398164,57126500,23905,8173,87,8178,0,-10,-18,-10,-18,1,1,1,502.86,399.44,502.86,399.44,0,0,0,0,0,0,945000,877458
488,763,54159749,55520166,23881,8173,87,8178,0,-11,-18,-11,-18,1,1,1,457.14,380.06,457.14,380.06,0,0,0,0,0,0,1041791,964042
489,764,62815666,61046958,23817,8173,87,8178,0,-11,-18,-11,-18,1,1,1,457.14,380.06,457.14,380.06,0,0,0,0,0,0,1070041,1013459
490,765,52855961,54330500,24021,8173,90,8178,0,-11,-18,-11,-18,1,1,1,457.14,380.06,457.14,380.06,0,0,0,0,0,0,1131625,1067959
491,766,54543748,53203000,23817,8173,87,8178,0,-11,-18,-11,-18,1,1,1,457.14,380.06,457.14,380.06,0,0,0,0,0,0,1553875,1480708
492,767,52136749,52515666,24445,8173,87,8178,0,-12,-18,-12,-18,1,1,1,411.43,359.32,411.43,359.32,0,0,0,0,0,0,904750,849625
493,768,50839334,50640000,24121,8173,87,8178,0,-12,-18,-12,-18,1,1,1,411.43,359.32,411.43,359.32,0,0,0,0,0,0,759000,715083
494,769,51932625,53397416,23933,8173,87,8178,0,-12,-18,-12,-18,1,1,1,411.43,359.32,411.43,359.32,0,0,0,0,0,0,872666,803459
495,770,54139915,52595417,23817,8173,87,8178,0,-12,-18,-12,-18,1,1,1,411.43,359.32,411.43,359.32,0,0,0,0,0,0,729333,684833
496,771,47295458,48777833,23969,8174,88,8179,0,-13,-18,-13,-18,1,1,1,365.71,336.6,365.71,336.6,0,0,0,0,0,0,891542,830417
497,772,44731121,44747542,23817,8173,87,8178,0,-13,-18,-13,-18,1,1,1,365.71,336.6,365.71,336.6,0,0,0,0,0,0,784042,738334
498,773,44929165,43841583,23817,8173,87,8178,0,-13,-18,-13,-18,1,1,1,365.71,336.6,365.71,336.6,0,0,0,0,0,0,823875,769084
499,774,41339002,42294625,23933,8173,87,8178,0,-13,-18,-13,-18,1,1,1,365.71,336.6,365.71,336.6,0,0,0,0,0,0,753500,711125
500,775,38616836,38736042,23905,8173,90,8178,0,-14,-18,-14,-18,1,1,1,320,311.82,320,311.82,0,0,0,0,0,0,678667,624917
501,776,37732537,36735333,23817,8173,87,8178,0,-14,-18,-14,-18,1,1,1,320,311.82,320,311.82,0,0,0,0,0,0,645166,606125
502,777,32771456,33739542,23881,8173,87,8178,0,-14,-18,-14,-18,1,1,1,320,311.82,320,311.82,0,0,0,0,0,0,599917,561000
503,778,34524377,34510125,24019,8173,87,8178,0,-14,-18,-14,-18,1,1,1,320,311.82,320,311.82,0,0,0,0,0,0,586167,550917
504,779,36037541,34273250,24179,8173,87,8178,0,-15,-18,-15,-18,1,1,1,274.29,285.43,274.29,285.43,0,0,0,0,0,0,644125,599958
505,780,32458707,34187083,24237,8173,87,8178,0,-15,-18,-15,-18,1,1,1,274.29,285.43,274.29,285.43,0,0,0,0,0,0,649000,596833
506,781,33682249,33690958,23817,8173,87,8178,0,-15,-18,-15,-18,1,1,1,274.29,285.43,274.29,285.43,0,0,0,0,0,0,615833,555125
507,782,34307744,33297208,23817,8173,87,8178,0,-15,-18,-15,-18,1,1,1,274.29,285.43,274.29,285.43,0,0,0,0,0,0,633417,573750
508,783,32634418,33610000,23881,8173,87,8178,0,-16,-18,-16,-18,1,1,1,228.57,258.09,228.57,258.09,0,0,0,0,0,0,635708,573834
509,784,33594790,33514375,23817,8173,87,8178,0,-16,-18,-16,-18,1,1,1,228.57,258.09,228.57,258.09,0,0,0,0,0,0,650125,597583
510,785,34824043,33887250,23905,8173,87,8178,0,-16,-18,-16,-18,1,1,1,228.57,258.09,228.57,258.09,0,0,0,0,0,0,617917,559000
511,786,32972790,33928750,23933,8174,88,8179,0,-16,-18,-16,-18,1,1,1,228.57,258.09,228.57,258.09,0,0,0,0,0,0,651584,600375
512,787,33532921,33540875,23817,8173,87,8178,0,-17,-18,-17,-18,1,1,1,182.86,230.19,182.86,230.19,0,0,0,0,0,0,669625,611375
513,788,38074787,37053125,23817,8173,87,8178,0,-17,-18,-17,-18,1,1,1,182.86,230.19,182.86,230.19,0,0,0,0,0,0,654750,603917
514,789,33542998,34487750,23881,8173,90,8178,0,-17,-18,-17,-18,1,1,1,182.86,230.19,182.86,230.19,0,0,0,0,0,0,655166,601125
515,790,36189131,36196958,23905,8173,87,8178,0,-17,-18,-17,-18,1,1,1,182.86,230.19,182.86,230.19,0,0,0,0,0,0,607125,550709
516,791,36817785,35805625,23817,8173,87,8178,0,-16,-18,-16,-18,1,1,1,228.57,258.09,228.57,258.09,0,0,0,0,0,0,646084,585083
517,792,34449752,35426750,23933,8173,87,8178,0,-16,-18,-16,-18,1,1,1,228.57,258.09,228.57,258.09,0,0,0,0,0,0,1147292,1057959
518,793,38490172,37292416,24381,8173,87,8178,0,-16,-18,-16,-18,1,1,1,228.57,258.09,228.57,258.09,0,0,0,0,0,0,861333,779542
519,794,35836331,35948542,24033,8173,87,8178,0,-16,-18,-16,-18,1,1,1,228.57,258.09,228.57,258.09,0,0,0,0,0,0,606625,558292
520,795,35911664,36973834,23969,8173,87,8178,0,-15,-18,-15,-18,1,1,1,274.29,285.43,274.29,285.43,0,0,0,0,0,0,619584,547833
521,796,36670424,36574000,23817,8173,87,8178,0,-15,-18,-15,-18,1,1,1,274.29,285.43,274.29,285.43,0,0,0,0,0,0,650542,597250
522,797,39529748,38198000,23817,8173,87,8178,0,-15,-18,-15,-18,1,1,1,274.29,285.43,274.29,285.43,0,0,0,0,0,0,1250250,1134542
523,798,41518792,42734333,23933,8173,87,8178,0,-15,-18,-15,-18,1,1,1,274.29,285.43,274.29,285.43,0,0,0,0,0,0,666375,610959
524,799,50700742,50730250,23905,8173,87,8178,0,-14,-18,-14,-18,1,1,1,320,311.82,320,311.82,0,0,0,0,0,0,1131791,1062209
525,800,67427963,65584416,23817,8173,87,8178,0,-14,-18,-14,-18,1,1,1,320,311.82,320,311.82,0,0,0,0,0,0,1296458,1238542
526,801,76942287,78553292,23881,8174,88,8179,0,-14,-18,-14,-18,1,1,1,320,311.82,320,311.82,0,0,0,0,0,0,1132208,1058208
527,802,70215418,68346208,23957,8173,90,8178,0,-14,-18,-14,-18,1,1,1,320,311.82,320,311.82,0,0,0,0,0,0,1072208,1017125
528,803,67728124,67802667,24445,8173,87,8178,0,-13,-18,-13,-18,1,1,1,365.71,336.6,365.71,336.6,0,0,0,0,0,0,1190209,1112709
529,804,68321041,68202125,24033,8173,87,8178,0,-13,-18,-13,-18,1,1,1,365.71,336.6,365.71,336.6,0,0,0,0,0,0,1093750,1017875
530,805,58617461,60558916,24021,8173,87,8178,0,-13,-18,-13,-18,1,1,1,365.71,336.6,365.71,336.6,0,0,0,0,0,0,1558042,1469334
531,806,51853168,50558709,23817,8173,87,8178,0,-13,-18,-13,-18,1,1,1,365.71,336.6,365.71,336.6,0,0,0,0,0,0,889458,835834
532,807,45121122,46407833,23881,8173,87,8178,0,-12,-18,-12,-18,1,1,1,411.43,359.32,411.43,359.32,0,0,0,0,0,0,728291,679333
533,808,43491497,43518125,23905,8173,87,8178,0,-12,-18,-12,-18,1,1,1,411.43,359.32,411.43,359.32,0,0,0,0,0,0,748375,703667
534,809,48750169,47650375,23869,8173,87,8178,0,-12,-18,-12,-18,1,1,1,411.43,359.32,411.43,359.32,0,0,0,0,0,0,1113875,1028042
535,810,41874580,42483792,23881,8173,90,8178,0,-12,-18,-12,-18,1,1,1,411.43,359.32,411.43,359.32,0,0,0,0,0,0,734125,686667
536,811,45897088,46251083,23817,8173,87,8178,0,-11,-18,-11,-18,1,1,1,457.14,380.06,457.14,380.06,0,0,0,0,0,0,786917,730292
537,812,46960204,45813083,23905,8173,87,8178,0,-11,-18,-11,-18,1,1,1,457.14,380.06,457.14,380.06,0,0,0,0,0,0,745667,702167
538,813,47026876,46629792,24445,8173,87,8178,0,-11,-18,-11,-18,1,1,1,457.14,380.06,457.14,380.06,0,0,0,0,0,0,1031625,969792
539,814,44741164,46293917,24085,8173,87,8178,0,-11,-18,-11,-18,1,1,1,457.14,380.06,457.14,380.06,0,0,0,0,0,0,758250,714042
540,815,48587337,47339208,23817,8173,87,8178,0,-10,-18,-10,-18,1,1,1,502.86,399.44,502.86,399.44,0,0,0,0,0,0,765291,708500
541,816,46670705,47764416,23969,8174,88,8179,0,-10,-18,-10,-18,1,1,1,502.86,399.44,502.86,399.44,0,0,0,0,0,0,744125,701125
542,817,44269587,44395084,23817,8173,87,8178,0,-10,-18,-10,-18,1,1,1,502.86,399.44,502.86,399.44,0,0,0,0,0,0,765083,712125
543,818,44635333,43379167,23817,8173,87,8178,0,-10,-18,-10,-18,1,1,1,502.86,399.44,502.86,399.44,0,0,0,0,0,0,729583,679917
544,819,41134290,42331459,23933,8173,87,8178,0,-9,-18,-9,-18,1,1,1,548.57,418.39,548.57,418.39,0,0,0,0,0,0,747666,695167
545,820,42117707,42140292,23905,8173,87,8178,0,-9,-18,-9,-18,1,1,1,548.57,418.39,548.57,418.39,0,0,0,0,0,0,748500,704125
546,821,39013959,37930125,23817,8173,90,8178,0,-9,-18,-9,-18,1,1,1,548.57,418.39,548.57,418.39,0,0,0,0,0,0,658625,608333
547,822,35997081,37057583,23881,8173,87,8178,0,-9,-18,-9,-18,1,1,1,548.57,418.39,548.57,418.39,0,0,0,0,0,0,671291,630542
548,823,33514797,33467750,23817,8173,87,8178,0,-8,-18,-8,-18,1,1,1,594.29,422.77,594.29,422.77,0,0,0,0,0,0,609083,567959
549,824,34773789,33809125,24107,8173,87,8178,0,-8,-18,-8,-18,1,1,1,594.29,422.77,594.29,422.77,0,0,0,0,0,0,635792,602041
550,825,33455207,33440958,24295,8173,87,8178,0,-8,-18,-8,-18,1,1,1,594.29,422.77,594.29,422.77,0,0,0,0,0,0,720292,678416
551,826,32825291,33806208,24033,8173,87,8178,0,-8,-18,-8,-18,1,1,1,594.29,422.77,594.29,422.77,0,0,0,0,0,0,732750,698375
552,827,34474879,33493792,23817,8173,87,8178,0,-6,-18,-6,-18,1,1,1,685.71,416.09,685.71,416.09,0,0,0,0,0,0,587458,550209
553,828,32822832,33730542,23881,8173,87,8178,0,-6,-18,-6,-18,1,1,1,685.71,416.09,685.71,416.09,0,0,0,0,0,0,610833,570917
554,829,33571746,33611875,23905,8173,87,8178,0,-6,-18,-6,-18,1,1,1,685.71,416.09,685.71,416.09,0,0,0,0,0,0,702209,663583
555,830,34764207,33741000,23817,8173,87,8178,0,-6,-18,-6,-18,1,1,1,685.71,416.09,685.71,416.09,0,0,0,0,0,0,677167,638833
556,831,32706044,33699500,23933,8174,88,8179,0,-5,-18,-5,-18,1,1,1,731.43,431,731.43,431,0,0,0,0,0,0,631625,588166
557,832,34409709,34393208,23817,8173,87,8178,0,-5,-18,-5,-18,1,1,1,731.43,431,731.43,431,0,0,0,0,0,0,577750,543541
558,833,31800955,31780750,23817,8173,87,8178,0,-5,-18,-5,-18,1,1,1,731.43,431,731.43,431,0,0,0,0,0,0,614916,570042
559,834,34197293,33256791,23905,8173,87,8178,0,-5,-18,-5,-18,1,1,1,731.43,431,731.43,431,0,0,0,0,0,0,667334,634375
560,835,29113123,30036542,23353,8173,90,8178,0,-4,-18,-4,-18,1,1,1,777.14,453.14,777.14,453.14,0,0,0,0,0,0,573333,542417
561,836,30809374,30797500,23289,8085,87,8090,0,-4,-18,-4,-18,1,1,1,777.14,453.14,777.14,453.14,0,0,0,0,0,0,545791,511250
562,837,31548582,31546583,23289,8085,87,8090,0,-4,-18,-4,-18,1,1,1,777.14,453.14,777.14,453.14,0,0,0,0,0,0,525458,497291
563,838,32346002,31222667,23341,8085,87,8090,0,-4,-18,-4,-18,1,1,1,777.14,453.14,777.14,453.14,0,0,0,0,0,0,518833,491792
564,839,36365959,37457167,26891,8085,87,8090,0,-3,-18,-3,-18,1,1,1,822.86,475.99,822.86,475.99,0,0,0,0,0,0,552417,522750
565,840,31249497,30174333,26531,8085,87,8090,0,-3,-18,-3,-18,1,1,1,822.86,475.99,822.86,475.99,0,0,0,0,0,0,560041,533333
566,841,33216666,33252875,23505,8085,87,8090,0,-3,-18,-3,-18,1,1,1,822.86,475.99,822.86,475.99,0,0,0,0,0,0,525041,495459
567,842,32556999,33532166,23353,8085,87,8090,0,-3,-18,-3,-18,1,1,1,822.86,475.99,822.86,475.99,0,0,0,0,0,0,527083,495666
568,843,35243459,35191542,23289,8085,87,8090,0,-2,-18,-2,-18,1,1,1,868.57,498.85,868.57,498.85,0,0,0,0,0,0,566250,534250
569,844,36230377,35198292,23429,8085,87,8090,0,-2,-18,-2,-18,1,1,1,868.57,498.85,868.57,498.85,0,0,0,0,0,0,541333,511000
570,845,36022830,36982916,23353,8085,87,8090,0,-2,-18,-2,-18,1,1,1,868.57,498.85,868.57,498.85,0,0,0,0,0,0,711916,660084
571,846,35101417,35133125,23289,8086,88,8091,0,-2,-18,-2,-18,1,1,1,868.57,498.85,868.57,498.85,0,0,0,0,0,0,571000,541750
572,847,37127159,35763458,23289,8085,87,8090,0,-1,-18,-1,-18,1,1,1,914.29,521.71,914.29,521.71,0,0,0,0,0,0,699792,664667
573,848,35670585,36948208,23353,8085,87,8090,0,-1,-18,-1,-18,1,1,1,914.29,521.71,914.29,521.71,0,0,0,0,0,0,602542,563417
574,849,43959211,43764250,23377,8085,87,8090,0,-1,-18,-1,-18,1,1,1,914.29,521.71,914.29,521.71,0,0,0,0,0,0,729000,694459
575,850,47712918,46295375,23341,8085,90,8090,0,-1,-18,-1,-18,1,1,1,914.29,521.71,914.29,521.71,0,0,0,0,0,0,904875,864583
576,851,57178039,58452458,23353,8085,87,8090,0,0,-18,0,-18,1,1,1,960,544.56,960,544.56,0,0,0,0,0,0,985666,904084
577,852,72400085,69049875,23853,8085,87,8090,0,0,-18,0,-18,1,1,1,960,544.56,960,544.56,0,0,0,0,0,0,956459,903542
578,853,67508958,70813583,23657,8085,87,8090,0,0,-18,0,-18,1,1,1,960,544.56,960,544.56,0,0,0,0,0,0,1026958,941542
579,854,66086247,64325000,23341,8085,87,8090,0,0,-18,0,-18,1,1,1,960,544.56,960,544.56,0,0,0,0,0,0,946167,871125
580,855,66325627,68016708,23353,8085,87,8090,0,1,-18,1,-18,1,1,1,1005.71,567.42,1005.71,567.42,0,0,0,0,0,0,952084,897292
581,856,63607968,62238417,23377,8085,87,8090,0,1,-18,1,-18,1,1,1,1005.71,567.42,1005.71,567.42,0,0,0,0,0,0,1149750,1084084
582,857,51911834,53474625,23353,8085,87,8090,0,1,-18,1,-18,1,1,1,1005.71,567.42,1005.71,567.42,0,0,0,0,0,0,822667,762334
583,858,52365701,51016750,23341,8085,87,8090,0,1,-18,1,-18,1,1,1,1005.71,567.42,1005.71,567.42,0,0,0,0,0,0,1299208,1244417
584,859,42856793,44002625,23441,8085,90,8090,0,2,-18,2,-18,1,1,1,1051.43,590.28,1051.43,590.28,0,0,0,0,0,0,735791,697666
585,860,42218163,42354500,23289,8085,87,8090,0,2,-18,2,-18,1,1,1,1051.43,590.28,1051.43,590.28,0,0,0,0,0,0,613084,574125
586,861,42991999,41122167,23853,8086,88,8091,0,2,-18,2,-18,1,1,1,1051.43,590.28,1051.43,590.28,0,0,0,0,0,0,1111833,1066500
587,862,41030209,42740500,23569,8085,87,8090,0,2,-18,2,-18,1,1,1,1051.43,590.28,1051.43,590.28,0,0,0,0,0,0,640542,598583
588,863,45421004,45570417,23429,8085,87,8090,0,3,-18,3,-18,1,1,1,1097.14,613.14,1097.14,613.14,0,0,0,0,0,0,1160375,1099417
589,864,47095499,45556750,23289,8085,87,8090,0,3,-18,3,-18,1,1,1,1097.14,613.14,1097.14,613.14,0,0,0,0,0,0,648666,611208
590,865,44564872,45975875,23353,8085,87,8090,0,3,-18,3,-18,1,1,1,1097.14,613.14,1097.14,613.14,0,0,0,0,0,0,824584,746209
591,866,45840539,45808167,23289,8085,87,8090,0,3,-18,3,-18,1,1,1,1097.14,613.14,1097.14,613.14,0,0,0,0,0,0,816583,765834
592,867,48132129,46907459,23377,8085,87,8090,0,4,-18,4,-18,1,1,1,1142.86,635.99,1142.86,635.99,0,0,0,0,0,0,730875,693042
593,868,49232583,50497750,23405,8085,87,8090,0,4,-18,4,-18,1,1,1,1142.86,635.99,1142.86,635.99,0,0,0,0,0,0,765542,727583
594,869,47215335,47217917,23289,8085,90,8090,0,4,-18,4,-18,1,1,1,1142.86,635.99,1142.86,635.99,0,0,0,0,0,0,703875,659500
595,870,53582828,52017791,23289,8085,87,8090,0,4,-18,4,-18,1,1,1,1142.86,635.99,1142.86,635.99,0,0,0,0,0,0,743917,701209
596,871,53345080,54575584,24063,8085,87,8090,0,5,-18,5,-18,1,1,1,1188.57,662.98,1188.57,662.98,0,0,0,0,0,0,1133209,1052584
597,872,58604918,55698625,24123,8155,87,8160,0,5,-18,5,-18,1,1,1,1188.57,662.98,1188.57,662.98,0,0,0,0,0,0,1194458,1138584
598,873,52685584,55614334,23989,8155,87,8160,0,5,-18,5,-18,1,1,1,1188.57,662.98,1188.57,662.98,0,0,0,0,0,0,950625,890458
599,874,64043417,62759583,27247,8155,87,8160,0,5,-18,5,-18,1,1,1,1188.57,662.98,1188.57,662.98,0,0,0,0,0,0,816167,768417
600,875,47300409,48750167,26451,8155,87,8160,0,6,-18,6,-18,1,1,1,1234.29,696.59,1234.29,696.59,0,0,0,0,0,0,949291,888917
601,876,44665794,44539708,23761,8156,88,8161,0,6,-18,6,-18,1,1,1,1234.29,696.59,1234.29,696.59,0,0,0,0,0,0,741500,700875
602,877,46398453,45235583,23797,8155,87,8160,0,6,-18,6,-18,1,1,1,1234.29,696.59,1234.29,696.59,0,0,0,0,0,0,754458,705625
603,878,51939710,53105125,23773,8155,87,8160,0,6,-18,6,-18,1,1,1,1234.29,696.59,1234.29,696.59,0,0,0,0,0,0,1205125,1150042
604,879,45956958,46012750,23709,8155,90,8160,0,7,-18,7,-18,1,1,1,1280,736.66,1280,736.66,0,0,0,0,0,0,1173000,1103417
605,880,48842623,47537208,23709,8155,87,8160,0,7,-18,7,-18,1,1,1,1280,736.66,1280,736.66,0,0,0,0,0,0,696083,654375
606,881,46058461,47323917,24115,8155,87,8160,0,7,-18,7,-18,1,1,1,1280,736.66,1280,736.66,0,0,0,0,0,0,760708,689750
607,882,49575001,47693709,24071,8155,87,8160,0,7,-18,7,-18,1,1,1,1280,736.66,1280,736.66,0,0,0,0,0,0,722875,682209
608,883,47593913,47750500,23925,8155,87,8160,0,8,-18,8,-18,1,1,1,1325.71,772.98,1325.71,772.98,0,0,0,0,0,0,724584,675333
609,884,53350128,54695125,23773,8155,87,8160,0,8,-18,8,-18,1,1,1,1325.71,772.98,1325.71,772.98,0,0,0,0,0,0,699542,658542
610,885,55502749,54254375,23797,8155,87,8160,0,8,-18,8,-18,1,1,1,1325.71,772.98,1325.71,772.98,0,0,0,0,0,0,884166,820416
611,886,52557084,53966542,23825,8155,87,8160,0,8,-18,8,-18,1,1,1,1325.71,772.98,1325.71,772.98,0,0,0,0,0,0,840042,787916
612,887,56756705,54584958,23709,8155,87,8160,0,9,-18,9,-18,1,1,1,1371.43,801.36,1371.43,801.36,0,0,0,0,0,0,910208,852167
613,888,62735341,64738833,23861,8155,87,8160,0,9,-18,9,-18,1,1,1,1371.43,801.36,1371.43,801.36,0,0,0,0,0,0,1085709,1023542
614,889,56920416,55476375,23709,8155,90,8160,0,9,-18,9,-18,1,1,1,1371.43,801.36,1371.43,801.36,0,0,0,0,0,0,1112541,1044084
615,890,54369792,55814167,23825,8155,87,8160,0,9,-18,9,-18,1,1,1,1371.43,801.36,1371.43,801.36,0,0,0,0,0,0,902709,853208
616,891,56740120,53581333,24361,8156,88,8161,0,10,-18,10,-18,1,1,1,1417.14,823.72,1417.14,823.72,0,0,0,0,0,0,1007250,940042
617,892,52774172,55839708,23989,8155,87,8160,0,10,-18,10,-18,1,1,1,1417.14,823.72,1417.14,823.72,0,0,0,0,0,0,958917,904000
618,893,54991915,53798833,23709,8155,87,8160,0,10,-18,10,-18,1,1,1,1417.14,823.72,1417.14,823.72,0,0,0,0,0,0,848083,784291
619,894,48576042,49787500,23913,8155,87,8160,0,10,-18,10,-18,1,1,1,1417.14,823.72,1417.14,823.72,0,0,0,0,0,0,778500,735333
620,895,44701792,44777958,23709,8155,87,8160,0,11,-18,11,-18,1,1,1,1462.86,845.83,1462.86,845.83,0,0,0,0,0,0,747833,693958
621,896,47390829,46138917,23709,8155,87,8160,0,11,-18,11,-18,1,1,1,1462.86,845.83,1462.86,845.83,0,0,0,0,0,0,703375,660542
622,897,51912959,52861666,23773,8155,87,8160,0,11,-18,11,-18,1,1,1,1462.86,845.83,1462.86,845.83,0,0,0,0,0,0,828291,773666
623,898,45655667,45791125,23797,8155,90,8160,0,11,-18,11,-18,1,1,1,1462.86,845.83,1462.86,845.83,0,0,0,0,0,0,737792,695250
624,899,48003952,46607417,23761,8155,87,8160,0,12,-18,12,-18,1,1,1,1508.57,868.27,1508.57,868.27,0,0,0,0,0,0,735333,685250
625,900,44126544,45517375,23773,8155,87,8160,0,12,-18,12,-18,1,1,1,1508.57,868.27,1508.57,868.27,0,0,0,0,0,0,747459,702375
626,901,47936499,46656125,24273,8155,87,8160,0,12,-18,12,-18,1,1,1,1508.57,868.27,1508.57,868.27,0,0,0,0,0,0,733583,681750
627,902,48134911,47869833,24013,8155,87,8160,0,12,-18,12,-18,1,1,1,1508.57,868.27,1508.57,868.27,0,0,0,0,0,0,716792,674000
628,903,43431874,44937208,23773,8155,87,8160,0,13,-18,13,-18,1,1,1,1554.29,892.25,1554.29,892.25,0,0,0,0,0,0,739917,687375
629,904,46416666,46459542,23761,8155,87,8160,0,13,-18,13,-18,1,1,1,1554.29,892.25,1554.29,892.25,0,0,0,0,0,0,923500,870125
630,905,47652713,46021166,23709,8155,87,8160,0,13,-18,13,-18,1,1,1,1554.29,892.25,1554.29,892.25,0,0,0,0,0,0,739167,686875
631,906,49465660,51005375,23861,8156,88,8161,0,13,-18,13,-18,1,1,1,1554.29,892.25,1554.29,892.25,0,0,0,0,0,0,723709,679833
632,907,48142168,48156750,23709,8155,87,8160,0,14,-18,14,-18,1,1,1,1600,918.02,1600,918.02,0,0,0,0,0,0,865083,809167
633,908,48586834,47313500,23709,8155,87,8160,0,14,-18,14,-18,1,1,1,1600,918.02,1600,918.02,0,0,0,0,0,0,783583,741084
634,909,41883625,43067792,23825,8155,90,8160,0,14,-18,14,-18,1,1,1,1600,918.02,1600,918.02,0,0,0,0,0,0,719875,663625
635,910,40211081,40258667,23797,8155,87,8160,0,14,-18,14,-18,1,1,1,1600,918.02,1600,918.02,0,0,0,0,0,0,700000,658125
636,911,38678918,37594208,23709,8155,87,8160,0,15,-18,15,-18,1,1,1,1645.71,944.98,1645.71,944.98,0,0,0,0,0,0,679416,634667
637,912,36860913,36902375,24337,8155,87,8160,0,15,-18,15,-18,1,1,1,1645.71,944.98,1645.71,944.98,0,0,0,0,0,0,687583,641625
638,913,32505873,33532375,23925,8155,87,8160,0,15,-18,15,-18,1,1,1,1645.71,944.98,1645.71,944.98,0,0,0,0,0,0,600333,563666
639,914,34443836,33378500,23709,8155,87,8160,0,15,-18,15,-18,1,1,1,1645.71,944.98,1645.71,944.98,0,0,0,0,0,0,575791,543292
640,915,32380670,33420167,23913,8155,87,8160,0,16,-18,16,-18,1,1,1,1691.43,972.01,1691.43,972.01,0,0,0,0,0,0,605292,566583
641,916,33374290,33359667,23709,8155,87,8160,0,16,-18,16,-18,1,1,1,1691.43,972.01,1691.43,972.01,0,0,0,0,0,0,571167,538542
642,917,34317128,33330250,23709,8155,87,8160,0,16,-18,16,-18,1,1,1,1691.43,972.01,1691.43,972.01,0,0,0,0,0,0,615458,574875
643,918,32648917,33597583,23773,8155,87,8160,0,16,-18,16,-18,1,1,1,1691.43,972.01,1691.43,972.01,0,0,0,0,0,0,585167,549208
644,919,33645208,33608833,23709,8155,87,8160,0,15,-18,15,-18,1,1,1,1645.71,944.98,1645.71,944.98,0,0,0,0,0,0,628625,590541
645,920,34671500,33686375,23797,8155,87,8160,0,15,-18,15,-18,1,1,1,1645.71,944.98,1645.71,944.98,0,0,0,0,0,0,574833,542791
646,921,32596662,33594250,23825,8156,88,8161,0,15,-18,15,-18,1,1,1,1645.71,944.98,1645.71,944.98,0,0,0,0,0,0,625750,577833
647,922,36383375,36332792,23709,8155,87,8160,0,15,-18,15,-18,1,1,1,1645.71,944.98,1645.71,944.98,0,0,0,0,0,0,668875,634875
648,923,34694749,33723708,23709,8155,90,8160,0,14,-18,14,-18,1,1,1,1600,918.02,1600,918.02,0,0,0,0,0,0,609833,566917
649,924,32625589,33531042,23773,8155,87,8160,0,14,-18,14,-18,1,1,1,1600,918.02,1600,918.02,0,0,0,0,0,0,660167,626917
650,925,33068161,33112083,23797,8155,87,8160,0,14,-18,14,-18,1,1,1,1600,918.02,1600,918.02,0,0,0,0,0,0,605375,562958
651,926,32939419,32941042,23709,8155,87,8160,0,14,-18,14,-18,1,1,1,1600,918.02,1600,918.02,0,0,0,0,0,0,621542,588000
652,927,32006874,30443875,24325,8155,87,8160,0,13,-18,13,-18,1,1,1,1554.29,892.25,1554.29,892.25,0,0,0,0,0,0,577125,541667
653,928,28748249,30259000,23989,8155,87,8160,0,13,-18,13,-18,1,1,1,1554.29,892.25,1554.29,892.25,0,0,0,0,0,0,579417,545334
654,929,30435955,30413167,23709,8155,87,8160,0,13,-18,13,-18,1,1,1,1554.29,892.25,1554.29,892.25,0,0,0,0,0,0,595875,552791
655,930,32498583,32453708,23797,8155,87,8160,0,13,-18,13,-18,1,1,1,1554.29,892.25,1554.29,892.25,0,0,0,0,0,0,597542,567166
656,931,35837423,34640667,23709,8155,87,8160,0,12,-18,12,-18,1,1,1,1508.57,868.27,1508.57,868.27,0,0,0,0,0,0,574250,537333
657,932,35804040,37000584,23773,8155,87,8160,0,12,-18,12,-18,1,1,1,1508.57,868.27,1508.57,868.27,0,0,0,0,0,0,620833,586459
658,933,37092581,37082292,23709,8155,87,8160,0,12,-18,12,-18,1,1,1,1508.57,868.27,1508.57,868.27,0,0,0,0,0,0,641333,597875
659,934,36971252,35659417,23761,8155,87,8160,0,12,-18,12,-18,1,1,1,1508.57,868.27,1508.57,868.27,0,0,0,0,0,0,587792,553375
660,935,35626459,36860292,23861,8155,87,8160,0,11,-18,11,-18,1,1,1,1462.86,845.83,1462.86,845.83,0,0,0,0,0,0,995458,936875
661,936,40960542,40964000,23709,8156,88,8161,0,11,-18,11,-18,1,1,1,1462.86,845.83,1462.86,845.83,0,0,0,0,0,0,723667,677000
662,937,40617454,39508375,23709,8155,90,8160,0,11,-18,11,-18,1,1,1,1462.86,845.83,1462.86,845.83,0,0,0,0,0,0,659792,614666
663,938,42683374,43666625,23773,8155,87,8160,0,11,-18,11,-18,1,1,1,1462.86,845.83,1462.86,845.83,0,0,0,0,0,0,841750,792208
664,939,51641214,51584042,23797,8155,87,8160,0,10,-18,10,-18,1,1,1,1417.14,823.72,1417.14,823.72,0,0,0,0,0,0,779084,725125
665,940,67343622,64114500,24325,8155,87,8160,0,10,-18,10,-18,1,1,1,1417.14,823.72,1417.14,823.72,0,0,0,0,0,0,1060708,1000000
666,941,63011877,66062917,23989,8155,87,8160,0,10,-18,10,-18,1,1,1,1417.14,823.72,1417.14,823.72,0,0,0,0,0,0,1151084,1051459
667,942,69615870,67862333,23797,8155,87,8160,0,10,-18,10,-18,1,1,1,1417.14,823.72,1417.14,823.72,0,0,0,0,0,0,1021708,958958
668,943,66580206,68295916,23773,8155,87,8160,0,9,-18,9,-18,1,1,1,1371.43,801.36,1371.43,801.36,0,0,0,0,0,0,1253333,1180709
669,944,64493000,63124500,23761,8155,87,8160,0,9,-18,9,-18,1,1,1,1371.43,801.36,1371.43,801.36,0,0,0,0,0,0,1228458,1162167
670,945,60819875,62305084,23861,8155,87,8160,0,9,-18,9,-18,1,1,1,1371.43,801.36,1371.43,801.36,0,0,0,0,0,0,1457792,1370375
671,946,54079208,52790542,23709,8155,90,8160,0,9,-18,9,-18,1,1,1,1371.43,801.36,1371.43,801.36,0,0,0,0,0,0,862083,813625
672,947,46901706,47644209,23773,8155,87,8160,0,8,-18,8,-18,1,1,1,1325.71,772.98,1325.71,772.98,0,0,0,0,0,0,794875,729417
673,948,47027919,47342083,24051,8155,87,8160,0,8,-18,8,-18,1,1,1,1325.71,772.98,1325.71,772.98,0,0,0,0,0,0,787250,747459
674,949,50365455,47508333,24071,8155,87,8160,0,8,-18,8,-18,1,1,1,1325.71,772.98,1325.71,772.98,0,0,0,0,0,0,979958,917084
675,950,45251168,48249333,23989,8155,87,8160,0,8,-18,8,-18,1,1,1,1325.71,772.98,1325.71,772.98,0,0,0,0,0,0,752708,701458
676,951,57175915,55201834,23709,8156,88,8161,0,7,-18,7,-18,1,1,1,1280,736.66,1280,736.66,0,0,0,0,0,0,1271334,1195917
677,952,52930079,54782291,23861,8155,87,8160,0,7,-18,7,-18,1,1,1,1280,736.66,1280,736.66,0,0,0,0,0,0,833167,785834
678,953,66322870,64336458,23761,8155,87,8160,0,7,-18,7,-18,1,1,1,1280,736.66,1280,736.66,0,0,0,0,0,0,852791,793708
679,954,64573258,66267792,23773,8155,87,8160,0,7,-18,7,-18,1,1,1,1280,736.66,1280,736.66,0,0,0,0,0,0,1062833,977958
680,955,63414119,62105791,23797,8155,87,8160,0,6,-18,6,-18,1,1,1,1234.29,696.59,1234.29,696.59,0,0,0,0,0,0,882542,823333
681,956,52958872,54396792,23773,8155,90,8160,0,6,-18,6,-18,1,1,1,1234.29,696.59,1234.29,696.59,0,0,0,0,0,0,876708,827750
682,957,58133956,55423167,24325,8155,87,8160,0,6,-18,6,-18,1,1,1,1234.29,696.59,1234.29,696.59,0,0,0,0,0,0,851792,792000
683,958,47288626,50070541,24077,8155,87,8160,0,6,-18,6,-18,1,1,1,1234.29,696.59,1234.29,696.59,0,0,0,0,0,0,924500,873916
684,959,46125955,46057250,23709,8155,87,8160,0,5,-18,5,-18,1,1,1,1188.57,662.98,1188.57,662.98,0,0,0,0,0,0,725500,675084
685,960,48211090,47027458,23709,8155,87,8160,0,5,-18,5,-18,1,1,1,1188.57,662.98,1188.57,662.98,0,0,0,0,0,0,714584,674791
686,961,43740995,44896666,23773,8155,87,8160,0,5,-18,5,-18,1,1,1,1188.57,662.98,1188.57,662.98,0,0,0,0,0,0,775000,723625
687,962,41435670,41491375,23849,8155,87,8160,0,5,-18,5,-18,1,1,1,1188.57,662.98,1188.57,662.98,0,0,0,0,0,0,742875,703292
688,963,39779372,38698500,23289,8155,87,8160,0,4,-18,4,-18,1,1,1,1142.86,635.99,1142.86,635.99,0,0,0,0,0,0,677084,638834
689,964,41128374,42190708,23353,8085,87,8090,0,4,-18,4,-18,1,1,1,1142.86,635.99,1142.86,635.99,0,0,0,0,0,0,684625,643500
690,965,39072420,38939250,23289,8085,90,8090,0,4,-18,4,-18,1,1,1,1142.86,635.99,1142.86,635.99,0,0,0,0,0,0,599791,567250
691,966,42089369,41074458,26827,8086,88,8091,0,4,-18,4,-18,1,1,1,1142.86,635.99,1142.86,635.99,0,0,0,0,0,0,597667,555000
692,967,33257957,34329375,26083,8085,87,8090,0,3,-18,3,-18,1,1,1,1097.14,613.14,1097.14,613.14,0,0,0,0,0,0,647417,606708
693,968,33799417,33842375,23289,8085,87,8090,0,3,-18,3,-18,1,1,1,1097.14,613.14,1097.14,613.14,0,0,0,0,0,0,575542,546708
694,969,34982956,33971334,23491,8085,87,8090,0,3,-18,3,-18,1,1,1,1097.14,613.14,1097.14,613.14,0,0,0,0,0,0,550958,522334
695,970,34015547,33926917,23715,8085,87,8090,0,3,-18,3,-18,1,1,1,1097.14,613.14,1097.14,613.14,0,0,0,0,0,0,566041,526667
696,971,32778330,33816791,23593,8085,87,8090,0,2,-18,2,-18,1,1,1,1051.43,590.28,1051.43,590.28,0,0,0,0,0,0,570625,541583
697,972,34276504,33265875,23289,8085,87,8090,0,2,-18,2,-18,1,1,1,1051.43,590.28,1051.43,590.28,0,0,0,0,0,0,529042,499667
698,973,32346498,33337166,23405,8085,87,8090,0,2,-18,2,-18,1,1,1,1051.43,590.28,1051.43,590.28,0,0,0,0,0,0,558167,516750
699,974,33386912,33361000,23289,8085,87,8090,0,2,-18,2,-18,1,1,1,1051.43,590.28,1051.43,590.28,0,0,0,0,0,0,549458,519625
700,975,34528542,33497625,23289,8085,87,8090,0,1,-18,1,-18,1,1,1,1005.71,567.42,1005.71,567.42,0,0,0,0,0,0,576083,545084
701,976,32697044,33707875,23441,8085,87,8090,0,1,-18,1,-18,1,1,1,1005.71,567.42,1005.71,567.42,0,0,0,0,0,0,588167,553833
702,977,34254621,34243833,23289,8085,87,8090,0,1,-18,1,-18,1,1,1,1005.71,567.42,1005.71,567.42,0,0,0,0,0,0,567042,531666
703,978,38328293,37220500,23289,8085,87,8090,0,1,-18,1,-18,1,1,1,1005.71,567.42,1005.71,567.42,0,0,0,0,0,0,708708,678917
704,979,40007002,41085459,23405,8085,87,8090,0,0,-18,0,-18,1,1,1,960,544.56,960,544.56,0,0,0,0,0,0,812500,770667
705,980,36597788,36370000,23289,8085,90,8090,0,0,-18,0,-18,1,1,1,960,544.56,960,544.56,0,0,0,0,0,0,795500,762792
706,981,39561960,38592958,23377,8086,88,8091,0,0,-18,0,-18,1,1,1,960,544.56,960,544.56,0,0,0,0,0,0,775292,736125
707,982,36025829,37147625,23353,8085,87,8090,0,0,-18,0,-18,1,1,1,960,544.56,960,544.56,0,0,0,0,0,0,597541,560625
708,983,36530710,36304834,23491,8085,87,8090,0,-1,-18,-1,-18,1,1,1,914.29,521.71,914.29,521.71,0,0,0,0,0,0,616792,575583
709,984,41621915,38567333,23651,8085,87,8090,0,-1,-18,-1,-18,1,1,1,914.29,521.71,914.29,521.71,0,0,0,0,0,0,839084,769500
710,985,43949786,46895791,23709,8085,87,8090,0,-1,-18,-1,-18,1,1,1,914.29,521.71,914.29,521.71,0,0,0,0,0,0,652125,611916
711,986,60330130,58672416,23289,8085,87,8090,0,-1,-18,-1,-18,1,1,1,914.29,521.71,914.29,521.71,0,0,0,0,0,0,759125,715958
712,987,65248325,66846375,23353,8085,87,8090,0,-2,-18,-2,-18,1,1,1,868.57,498.85,868.57,498.85,0,0,0,0,0,0,1129666,1074500
713,988,68489916,66713167,23377,8085,87,8090,0,-2,-18,-2,-18,1,1,1,868.57,498.85,868.57,498.85,0,0,0,0,0,0,1005292,929584
714,989,65164707,66946375,23405,8085,87,8090,0,-2,-18,-2,-18,1,1,1,868.57,498.85,868.57,498.85,0,0,0,0,0,0,1151000,1040792
715,990,75365670,72955500,23289,8085,87,8090,0,-2,-18,-2,-18,1,1,1,868.57,498.85,868.57,498.85,0,0,0,0,0,0,1173208,1115458
716,991,62747538,64744834,23441,8085,90,8090,0,-3,-18,-3,-18,1,1,1,822.86,475.99,822.86,475.99,0,0,0,0,0,0,975791,898208
717,992,57489711,55198083,23905,8085,87,8090,0,-3,-18,-3,-18,1,1,1,822.86,475.99,822.86,475.99,0,0,0,0,0,0,759250,707791
718,993,43772500,46441333,23569,8085,87,8090,0,-3,-18,-3,-18,1,1,1,822.86,475.99,822.86,475.99,0,0,0,0,0,0,696500,658166
719,994,44594790,44629750,23377,8085,87,8090,0,-3,-18,-3,-18,1,1,1,822.86,475.99,822.86,475.99,0,0,0,0,0,0,1121792,1058583
720,995,45153286,44086208,23289,8085,87,8090,0,-4,-18,-4,-18,1,1,1,777.14,453.14,777.14,453.14,0,0,0,0,0,0,707500,658959
721,996,42543459,43577541,23353,8086,88,8091,0,-4,-18,-4,-18,1,1,1,777.14,453.14,777.14,453.14,0,0,0,0,0,0,635500,601750
722,997,43952666,43877041,23341,8085,87,8090,0,-4,-18,-4,-18,1,1,1,777.14,453.14,777.14,453.14,0,0,0,0,0,0,993166,926625
723,998,47553002,46198292,23377,8085,87,8090,0,-4,-18,-4,-18,1,1,1,777.14,453.14,777.14,453.14,0,0,0,0,0,0,673042,630583
724,999,50749957,52029083,23881,8085,87,8090,0,-5,-18,-5,-18,1,1,1,731.43,431,731.43,431,0,0,0,0,0,0,1114000,1050042
725,1000,47419708,47518625,23817,8173,90,8178,0,-5,-18,-5,-18,1,1,1,731.43,431,731.43,431,0,0,0,0,0,0,785209,741958
726,1001,49628335,48115708,23817,8173,87,8178,0,-5,-18,-5,-18,1,1,1,731.43,431,731.43,431,0,0,0,0,0,0,778416,716916
727,1002,53185161,52983666,28035,8173,87,8178,0,-5,-18,-5,-18,1,1,1,731.43,431,731.43,431,0,0,0,0,0,0,749958,705792
728,1003,55253833,55391041,26711,8173,87,8178,0,-6,-18,-6,-18,1,1,1,685.71,416.09,685.71,416.09,0,0,0,0,0,0,917000,853958
729,1004,54261296,55346875,23881,8173,87,8178,0,-6,-18,-6,-18,1,1,1,685.71,416.09,685.71,416.09,0,0,0,0,0,0,873542,822500
730,1005,57667791,56497042,23905,8173,87,8178,0,-6,-18,-6,-18,1,1,1,685.71,416.09,685.71,416.09,0,0,0,0,0,0,1039417,966000
731,1006,52856992,54324375,23933,8173,87,8178,0,-6,-18,-6,-18,1,1,1,685.71,416.09,685.71,416.09,0,0,0,0,0,0,893500,841417
732,1007,47135006,45890792,23817,8173,87,8178,0,-8,-18,-8,-18,1,1,1,594.29,422.77,594.29,422.77,0,0,0,0,0,0,919667,851125
733,1008,42807660,44038584,23969,8173,87,8178,0,-8,-18,-8,-18,1,1,1,594.29,422.77,594.29,422.77,0,0,0,0,0,0,742291,697875
734,1009,46754669,46772333,23817,8173,87,8178,0,-8,-18,-8,-18,1,1,1,594.29,422.77,594.29,422.77,0,0,0,0,0,0,773125,723125
735,1010,39453126,38348500,23817,8173,90,8178,0,-8,-18,-8,-18,1,1,1,594.29,422.77,594.29,422.77,0,0,0,0,0,0,679958,640875
736,1011,36921251,37970125,23933,8174,88,8179,0,-9,-18,-9,-18,1,1,1,548.57,418.39,548.57,418.39,0,0,0,0,0,0,708000,652291
737,1012,37667043,37717375,23905,8173,87,8178,0,-9,-18,-9,-18,1,1,1,548.57,418.39,548.57,418.39,0,0,0,0,0,0,647708,607709
738,1013,35557378,33767250,24381,8173,87,8178,0,-9,-18,-9,-18,1,1,1,548.57,418.39,548.57,418.39,0,0,0,0,0,0,598000,556750
739,1014,31903289,33660792,24097,8173,87,8178,0,-9,-18,-9,-18,1,1,1,548.57,418.39,548.57,418.39,0,0,0,0,0,0,624042,588958
740,1015,33745083,33751292,23817,8173,87,8178,0,-10,-18,-10,-18,1,1,1,502.86,399.44,502.86,399.44,0,0,0,0,0,0,605083,561250
741,1016,34720961,33635166,23817,8173,87,8178,0,-10,-18,-10,-18,1,1,1,502.86,399.44,502.86,399.44,0,0,0,0,0,0,585667,551125
742,1017,32853286,33894000,24021,8173,87,8178,0,-10,-18,-10,-18,1,1,1,502.86,399.44,502.86,399.44,0,0,0,0,0,0,642584,601458
743,1018,33650290,33633583,23817,8173,87,8178,0,-10,-18,-10,-18,1,1,1,502.86,399.44,502.86,399.44,0,0,0,0,0,0,629916,595667
744,1019,36196295,35189375,23817,8173,87,8178,0,-11,-18,-11,-18,1,1,1,457.14,380.06,457.14,380.06,0,0,0,0,0,0,666375,625417
745,1020,34472584,35444292,23881,8173,87,8178,0,-11,-18,-11,-18,1,1,1,457.14,380.06,457.14,380.06,0,0,0,0,0,0,604292,570416
746,1021,36223378,36165625,23817,8173,87,8178,0,-11,-18,-11,-18,1,1,1,457.14,380.06,457.14,380.06,0,0,0,0,0,0,589375,550084
747,1022,42111832,41108042,23905,8173,87,8178,0,-11,-18,-11,-18,1,1,1,457.14,380.06,457.14,380.06,0,0,0,0,0,0,728750,685541
748,1023,35159084,35969916,23933,8173,90,8178,0,-12,-18,-12,-18,1,1,1,411.43,359.32,411.43,359.32,0,0,0,0,0,0,598833,557833
749,1024,36086704,36265708,23817,8173,87,8178,0,-12,-18,-12,-18,1,1,1,411.43,359.32,411.43,359.32,0,0,0,0,0,0,1115458,1058375
750,1025,37812124,36762042,23817,8173,87,8178,0,-12,-18,-12,-18,1,1,1,411.43,359.32,411.43,359.32,0,0,0,0,0,0,626250,568334
751,1026,37172414,38169833,23969,8174,88,8179,0,-12,-18,-12,-18,1,1,1,411.43,359.32,411.43,359.32,0,0,0,0,0,0,642625,608792
752,1027,37150837,36144834,24381,8173,87,8178,0,-13,-18,-13,-18,1,1,1,365.71,336.6,365.71,336.6,0,0,0,0,0,0,641125,598125
753,1028,40240541,39975792,24033,8173,87,8178,0,-13,-18,-13,-18,1,1,1,365.71,336.6,365.71,336.6,0,0,0,0,0,0,839458,800459
754,1029,43618835,44709750,23933,8173,87,8178,0,-13,-18,-13,-18,1,1,1,365.71,336.6,365.71,336.6,0,0,0,0,0,0,964125,900541
755,1030,52572872,52554583,23905,8173,87,8178,0,-13,-18,-13,-18,1,1,1,365.71,336.6,365.71,336.6,0,0,0,0,0,0,915708,850250
756,1031,68556167,66209292,23817,8173,87,8178,0,-14,-18,-14,-18,1,1,1,320,311.82,320,311.82,0,0,0,0,0,0,1144208,1060833
757,1032,64847335,66919000,23881,8173,87,8178,0,-14,-18,-14,-18,1,1,1,320,311.82,320,311.82,0,0,0,0,0,0,1073583,1004750
758,1033,73649130,71892916,23957,8173,87,8178,0,-14,-18,-14,-18,1,1,1,320,311.82,320,311.82,0,0,0,0,0,0,1104833,1032958
759,1034,63188664,65041250,40156,8173,90,8178,0,-14,-18,-14,-18,1,1,1,320,311.82,320,311.82,0,0,0,0,0,0,1040000,976875
760,1035,56957505,55544666,23817,8173,87,8178,0,-15,-18,-15,-18,1,1,1,274.29,285.43,274.29,285.43,0,0,0,0,0,0,889625,826084
761,1036,55521663,55151375,24533,8173,87,8178,0,-15,-18,-15,-18,1,1,1,274.29,285.43,274.29,285.43,0,0,0,0,0,0,932500,858541
762,1037,49793545,50162583,24085,8173,87,8178,0,-15,-18,-15,-18,1,1,1,274.29,285.43,274.29,285.43,0,0,0,0,0,0,1147250,1038416
763,1038,46270877,47728792,23881,8173,87,8178,0,-15,-18,-15,-18,1,1,1,274.29,285.43,274.29,285.43,0,0,0,0,0,0,1014375,919333
764,1039,45440625,45477375,23905,8173,87,8178,0,-16,-18,-16,-18,1,1,1,228.57,258.09,228.57,258.09,0,0,0,0,0,0,787417,717375
765,1040,46718623,45469375,23817,8173,87,8178,0,-16,-18,-16,-18,1,1,1,228.57,258.09,228.57,258.09,0,0,0,0,0,0,792334,731250
766,1041,44630873,45713292,23881,8174,88,8179,0,-16,-18,-16,-18,1,1,1,228.57,258.09,228.57,258.09,0,0,0,0,0,0,796542,726750
767,1042,45959085,46033583,23869,8173,87,8178,0,-16,-18,-16,-18,1,1,1,228.57,258.09,228.57,258.09,0,0,0,0,0,0,918750,853209
768,1043,50524871,49305208,23905,8173,87,8178,0,-17,-18,-17,-18,1,1,1,182.86,230.19,182.86,230.19,0,0,0,0,0,0,943084,828084
769,1044,44417545,45662709,23881,8173,90,8178,0,-17,-18,-17,-18,1,1,1,182.86,230.19,182.86,230.19,0,0,0,0,0,0,808709,742916
770,1045,47198873,47172083,23817,8173,87,8178,0,-17,-18,-17,-18,1,1,1,182.86,230.19,182.86,230.19,0,0,0,0,0,0,789166,717750
771,1046,47359876,46027125,24019,8173,87,8178,0,-17,-18,-17,-18,1,1,1,182.86,230.19,182.86,230.19,0,0,0,0,0,0,746250,683375
772,1047,41232291,41421416,24383,8173,87,8178,0,-16,-18,-16,-18,1,1,1,228.57,258.09,228.57,258.09,0,0,0,0,0,0,779625,705334
773,1048,36740120,37875083,24033,8173,87,8178,0,-16,-18,-16,-18,1,1,1,228.57,258.09,228.57,258.09,0,0,0,0,0,0,711875,655708
774,1049,39023164,37843166,23817,8173,87,8178,0,-16,-18,-16,-18,1,1,1,228.57,258.09,228.57,258.09,0,0,0,0,0,0,664834,608000
775,1050,36720626,37828208,23881,8173,87,8178,0,-16,-18,-16,-18,1,1,1,228.57,258.09,228.57,258.09,0,0,0,0,0,0,665709,611958
776,1051,36862540,36902292,23905,8173,87,8178,0,-15,-18,-15,-18,1,1,1,274.29,285.43,274.29,285.43,0,0,0,0,0,0,680917,619833
777,1052,34635622,33637959,23817,8173,87,8178,0,-15,-18,-15,-18,1,1,1,274.29,285.43,274.29,285.43,0,0,0,0,0,0,633292,576667
778,1053,32793920,33748333,23933,8173,87,8178,0,-15,-18,-15,-18,1,1,1,274.29,285.43,274.29,285.43,0,0,0,0,0,0,606666,551334
779,1054,33868040,33883792,23817,8173,87,8178,0,-15,-18,-15,-18,1,1,1,274.29,285.43,274.29,285.43,0,0,0,0,0,0,597084,543875
780,1055,37895910,36835875,23817,8173,87,8178,0,-14,-18,-14,-18,1,1,1,320,311.82,320,311.82,0,0,0,0,0,0,748583,689833
781,1056,32393671,33410916,23969,8174,91,8179,0,-14,-18,-14,-18,1,1,1,320,311.82,320,311.82,0,0,0,0,0,0,581292,548459
782,1057,33899709,33859333,23817,8173,87,8178,0,-14,-18,-14,-18,1,1,1,320,311.82,320,311.82,0,0,0,0,0,0,619166,578334
783,1058,34942582,33947416,23817,8173,87,8178,0,-14,-18,-14,-18,1,1,1,320,311.82,320,311.82,0,0,0,0,0,0,631000,588625
784,1059,32774750,33755834,23933,8173,87,8178,0,-13,-18,-13,-18,1,1,1,365.71,336.6,365.71,336.6,0,0,0,0,0,0,653041,608875
785,1060,33698327,33654041,24019,8173,87,8178,0,-13,-18,-13,-18,1,1,1,365.71,336.6,365.71,336.6,0,0,0,0,0,0,620667,585708
786,1061,35318005,33625750,24267,8173,87,8178,0,-13,-18,-13,-18,1,1,1,365.71,336.6,365.71,336.6,0,0,0,0,0,0,598083,558333
787,1062,31735084,33455875,24097,8173,87,8178,0,-13,-18,-13,-18,1,1,1,365.71,336.6,365.71,336.6,0,0,0,0,0,0,617917,584958
788,1063,33644247,33619417,23817,8173,87,8178,0,-12,-18,-12,-18,1,1,1,411.43,359.32,411.43,359.32,0,0,0,0,0,0,675042,635708
789,1064,34626834,33617458,23817,8173,87,8178,0,-12,-18,-12,-18,1,1,1,411.43,359.32,411.43,359.32,0,0,0,0,0,0,752292,718584
790,1065,32928541,33818959,23933,8173,87,8178,0,-12,-18,-12,-18,1,1,1,411.43,359.32,411.43,359.32,0,0,0,0,0,0,603583,559500
791,1066,32755542,32848917,23905,8173,87,8178,0,-12,-18,-12,-18,1,1,1,411.43,359.32,411.43,359.32,0,0,0,0,0,0,588834,548750
792,1067,30334580,30306417,23817,8173,87,8178,0,-11,-18,-11,-18,1,1,1,457.14,380.06,457.14,380.06,0,0,0,0,0,0,568458,521500
793,1068,32309085,31322500,23817,8173,87,8178,0,-11,-18,-11,-18,1,1,1,457.14,380.06,457.14,380.06,0,0,0,0,0,0,557041,526541
794,1069,34143127,35026583,23881,8173,87,8178,0,-11,-18,-11,-18,1,1,1,457.14,380.06,457.14,380.06,0,0,0,0,0,0,648583,606667
795,1070,38815002,38812916,23817,8173,87,8178,0,-11,-18,-11,-18,1,1,1,457.14,380.06,457.14,380.06,0,0,0,0,0,0,940500,899459
796,1071,38410536,37227583,23957,8174,91,8179,0,-10,-18,-10,-18,1,1,1,502.86,399.44,502.86,399.44,0,0,0,0,0,0,717500,673708
797,1072,37018664,38194041,23881,8173,87,8178,0,-10,-18,-10,-18,1,1,1,502.86,399.44,502.86,399.44,0,0,0,0,0,0,1056500,1021291
798,1073,37894502,37596875,23817,8173,87,8178,0,-10,-18,-10,-18,1,1,1,502.86,399.44,502.86,399.44,0,0,0,0,0,0,609666,563917
799,1074,39107374,38068125,24019,8173,87,8178,0,-10,-18,-10,-18,1,1,1,502.86,399.44,502.86,399.44,0,0,0,0,0,0,1137875,1087417
800,1075,40263831,40229583,24331,8173,87,8178,0,-9,-18,-9,-18,1,1,1,548.57,418.39,548.57,418.39,0,0,0,0,0,0,702291,648792
801,1076,44675502,45863625,24033,8173,87,8178,0,-9,-18,-9,-18,1,1,1,548.57,418.39,548.57,418.39,0,0,0,0,0,0,726125,679375
802,1077,62712833,60285708,23869,8173,87,8178,0,-9,-18,-9,-18,1,1,1,548.57,418.39,548.57,418.39,0,0,0,0,0,0,922834,839500
803,1078,69035038,71254375,23881,8173,87,8178,0,-9,-18,-9,-18,1,1,1,548.57,418.39,548.57,418.39,0,0,0,0,0,0,1103083,1029750
804,1079,71125201,69291834,23905,8173,87,8178,0,-8,-18,-8,-18,1,1,1,594.29,422.77,594.29,422.77,0,0,0,0,0,0,1070000,974250
805,1080,68782545,70516208,23933,8173,87,8178,0,-8,-18,-8,-18,1,1,1,594.29,422.77,594.29,422.77,0,0,0,0,0,0,1169708,1106542
806,1081,77496789,75319791,23817,8173,87,8178,0,-8,-18,-8,-18,1,1,1,594.29,422.77,594.29,422.77,0,0,0,0,0,0,1217500,1130791
807,1082,56622080,58856291,23969,8173,90,8178,0,-8,-18,-8,-18,1,1,1,594.29,422.77,594.29,422.77,0,0,0,0,0,0,1090208,1021750
808,1083,52519705,50337667,24433,8173,87,8178,0,-6,-18,-6,-18,1,1,1,685.71,416.09,685.71,416.09,0,0,0,0,0,0,1329708,1270000
809,1084,45286543,47140291,24097,8173,87,8178,0,-6,-18,-6,-18,1,1,1,685.71,416.09,685.71,416.09,0,0,0,0,0,0,1255834,1174000
810,1085,46049248,46397750,23905,8173,87,8178,0,-6,-18,-6,-18,1,1,1,685.71,416.09,685.71,416.09,0,0,0,0,0,0,760250,709625
811,1086,46312626,44680667,23817,8174,88,8179,0,-6,-18,-6,-18,1,1,1,685.71,416.09,685.71,416.09,0,0,0,0,0,0,669250,628917
812,1087,42061585,43697708,23881,8173,87,8178,0,-5,-18,-5,-18,1,1,1,731.43,431,731.43,431,0,0,0,0,0,0,851958,795125
813,1088,46249002,45947333,23869,8173,87,8178,0,-5,-18,-5,-18,1,1,1,731.43,431,731.43,431,0,0,0,0,0,0,791084,737250
814,1089,47774326,46835542,23905,8173,87,8178,0,-5,-18,-5,-18,1,1,1,731.43,431,731.43,431,0,0,0,0,0,0,754875,704167
815,1090,50628755,51720000,23881,8173,87,8178,0,-5,-18,-5,-18,1,1,1,731.43,431,731.43,431,0,0,0,0,0,0,828583,773792
816,1091,45955456,45850125,23289,8173,90,8178,0,-4,-18,-4,-18,1,1,1,777.14,453.14,777.14,453.14,0,0,0,0,0,0,764333,725542
817,1092,48446543,47117000,23289,8085,87,8090,0,-4,-18,-4,-18,1,1,1,777.14,453.14,777.14,453.14,0,0,0,0,0,0,893042,845959
818,1093,51798667,53088666,35993,8085,87,8090,0,-4,-18,-4,-18,1,1,1,777.14,453.14,777.14,453.14,0,0,0,0,0,0,660416,614458
819,1094,45139249,44022208,26329,8085,87,8090,0,-4,-18,-4,-18,1,1,1,777.14,453.14,777.14,453.14,0,0,0,0,0,0,717625,672333
820,1095,44899035,44824000,23505,8085,87,8090,0,-3,-18,-3,-18,1,1,1,822.86,475.99,822.86,475.99,0,0,0,0,0,0,750458,704500
821,1096,42703002,43951500,23353,8085,87,8090,0,-3,-18,-3,-18,1,1,1,822.86,475.99,822.86,475.99,0,0,0,0,0,0,701208,661417
822,1097,43304458,43299500,23377,8085,87,8090,0,-3,-18,-3,-18,1,1,1,822.86,475.99,822.86,475.99,0,0,0,0,0,0,695708,652875
823,1098,42760502,41723000,23341,8085,87,8090,0,-3,-18,-3,-18,1,1,1,822.86,475.99,822.86,475.99,0,0,0,0,0,0,686458,648041
824,1099,36611415,37672583,23353,8085,87,8090,0,-2,-18,-2,-18,1,1,1,868.57,498.85,868.57,498.85,0,0,0,0,0,0,580917,548584
825,1100,37921704,37873500,23289,8085,87,8090,0,-2,-18,-2,-18,1,1,1,868.57,498.85,868.57,498.85,0,0,0,0,0,0,607625,570125
826,1101,39290625,38322667,23377,8086,88,8091,0,-2,-18,-2,-18,1,1,1,868.57,498.85,868.57,498.85,0,0,0,0,0,0,633917,601417
827,1102,32197915,33211541,23353,8085,90,8090,0,-2,-18,-2,-18,1,1,1,868.57,498.85,868.57,498.85,0,0,0,0,0,0,531000,502875
828,1103,33452041,33403459,23289,8085,87,8090,0,-1,-18,-1,-18,1,1,1,914.29,521.71,914.29,521.71,0,0,0,0,0,0,623959,554875
829,1104,34630421,33652541,23341,8085,87,8090,0,-1,-18,-1,-18,1,1,1,914.29,521.71,914.29,521.71,0,0,0,0,0,0,576542,533292
830,1105,32360170,33257083,23353,8085,87,8090,0,-1,-18,-1,-18,1,1,1,914.29,521.71,914.29,521.71,0,0,0,0,0,0,540041,511750
831,1106,33038079,33092708,23579,8085,87,8090,0,-1,-18,-1,-18,1,1,1,914.29,521.71,914.29,521.71,0,0,0,0,0,0,539584,499917
832,1107,34490626,33450625,23651,8085,87,8090,0,0,-18,0,-18,1,1,1,960,544.56,960,544.56,0,0,0,0,0,0,564959,536125
833,1108,33209666,33230750,23505,8085,87,8090,0,0,-18,0,-18,1,1,1,960,544.56,960,544.56,0,0,0,0,0,0,570083,541041
834,1109,32424043,33362667,23353,8085,87,8090,0,0,-18,0,-18,1,1,1,960,544.56,960,544.56,0,0,0,0,0,0,552917,499125
835,1110,33562459,33534583,23341,8085,87,8090,0,0,-18,0,-18,1,1,1,960,544.56,960,544.56,0,0,0,0,0,0,523667,495667
836,1111,30452877,30502458,23377,8085,87,8090,0,1,-18,1,-18,1,1,1,1005.71,567.42,1005.71,567.42,0,0,0,0,0,0,539375,509417
837,1112,31149581,30217667,23289,8085,87,8090,0,1,-18,1,-18,1,1,1,1005.71,567.42,1005.71,567.42,0,0,0,0,0,0,537583,499334
838,1113,29394706,30291292,23353,8085,87,8090,0,1,-18,1,-18,1,1,1,1005.71,567.42,1005.71,567.42,0,0,0,0,0,0,493875,466334
839,1114,29907751,29904583,23289,8085,87,8090,0,1,-18,1,-18,1,1,1,1005.71,567.42,1005.71,567.42,0,0,0,0,0,0,525875,500250
840,1115,30182043,30102042,23289,8085,87,8090,0,2,-18,2,-18,1,1,1,1051.43,590.28,1051.43,590.28,0,0,0,0,0,0,532375,503958
841,1116,33913660,32913250,23377,8086,88,8091,0,2,-18,2,-18,1,1,1,1051.43,590.28,1051.43,590.28,0,0,0,0,0,0,566458,539500
842,1117,30240710,31252625,23405,8085,90,8090,0,2,-18,2,-18,1,1,1,1051.43,590.28,1051.43,590.28,0,0,0,0,0,0,501333,475250
843,1118,33062543,33055125,23289,8085,87,8090,0,2,-18,2,-18,1,1,1,1051.43,590.28,1051.43,590.28,0,0,0,0,0,0,531958,497959
844,1119,33112123,33053709,23289,8085,87,8090,0,3,-18,3,-18,1,1,1,1097.14,613.14,1097.14,613.14,0,0,0,0,0,0,578709,550125
845,1120,34234203,33196000,23289,8085,87,8090,0,3,-18,3,-18,1,1,1,1097.14,613.14,1097.14,613.14,0,0,0,0,0,0,575625,544042
846,1121,32475665,33488500,23441,8085,87,8090,0,3,-18,3,-18,1,1,1,1097.14,613.14,1097.14,613.14,0,0,0,0,0,0,645916,611834
847,1122,34320876,33317375,23853,8085,87,8090,0,3,-18,3,-18,1,1,1,1097.14,613.14,1097.14,613.14,0,0,0,0,0,0,580542,551291
848,1123,33973667,33952208,23505,8085,87,8090,0,4,-18,4,-18,1,1,1,1142.86,635.99,1142.86,635.99,0,0,0,0,0,0,675292,636958
849,1124,32989207,34005583,23405,8085,87,8090,0,4,-18,4,-18,1,1,1,1142.86,635.99,1142.86,635.99,0,0,0,0,0,0,543416,508833
850,1125,33620413,33519959,23289,8085,87,8090,0,4,-18,4,-18,1,1,1,1142.86,635.99,1142.86,635.99,0,0,0,0,0,0,536875,509542
851,1126,34247584,33300041,23377,8085,87,8090,0,4,-18,4,-18,1,1,1,1142.86,635.99,1142.86,635.99,0,0,0,0,0,0,544333,515416
852,1127,35932172,36895834,23773,8085,87,8090,0,5,-18,5,-18,1,1,1,1188.57,662.98,1188.57,662.98,0,0,0,0,0,0,679958,649916
853,1128,33546917,33556625,23709,8155,87,8160,0,5,-18,5,-18,1,1,1,1188.57,662.98,1188.57,662.98,0,0,0,0,0,0,598000,559917
854,1129,35095456,34134000,23709,8155,87,8160,0,5,-18,5,-18,1,1,1,1188.57,662.98,1188.57,662.98,0,0,0,0,0,0,604291,572750
855,1130,34814208,35610292,23825,8155,87,8160,0,5,-18,5,-18,1,1,1,1188.57,662.98,1188.57,662.98,0,0,0,0,0,0,655708,619375
856,1131,47023497,47027833,27247,8156,88,8161,0,6,-18,6,-18,1,1,1,1234.29,696.59,1234.29,696.59,0,0,0,0,0,0,1310333,1251416
857,1132,37067878,36084000,26387,8155,90,8160,0,6,-18,6,-18,1,1,1,1234.29,696.59,1234.29,696.59,0,0,0,0,0,0,668709,631333
858,1133,36120288,37099458,23773,8155,87,8160,0,6,-18,6,-18,1,1,1,1234.29,696.59,1234.29,696.59,0,0,0,0,0,0,574417,543375
859,1134,35943791,35943875,23709,8155,87,8160,0,6,-18,6,-18,1,1,1,1234.29,696.59,1234.29,696.59,0,0,0,0,0,0,617541,577667
860,1135,36303501,34997042,23797,8155,87,8160,0,7,-18,7,-18,1,1,1,1280,736.66,1280,736.66,0,0,0,0,0,0,626666,593042
861,1136,38264002,38467500,24389,8155,87,8160,0,7,-18,7,-18,1,1,1,1280,736.66,1280,736.66,0,0,0,0,0,0,995375,932083
862,1137,40186952,41225667,23925,8155,87,8160,0,7,-18,7,-18,1,1,1,1280,736.66,1280,736.66,0,0,0,0,0,0,712541,675292
863,1138,52080541,50264083,23709,8155,87,8160,0,7,-18,7,-18,1,1,1,1280,736.66,1280,736.66,0,0,0,0,0,0,735750,688458
864,1139,63424840,64921000,23861,8155,87,8160,0,8,-18,8,-18,1,1,1,1325.71,772.98,1325.71,772.98,0,0,0,0,0,0,1236666,1185625
865,1140,70937953,69208792,23709,8155,87,8160,0,8,-18,8,-18,1,1,1,1325.71,772.98,1325.71,772.98,0,0,0,0,0,0,1041541,966375
866,1141,71030624,72350834,23825,8155,87,8160,0,8,-18,8,-18,1,1,1,1325.71,772.98,1325.71,772.98,0,0,0,0,0,0,994167,929042
867,1142,76451838,74870791,23797,8155,87,8160,0,8,-18,8,-18,1,1,1,1325.71,772.98,1325.71,772.98,0,0,0,0,0,0,1341250,1252583
868,1143,65730914,67670833,23773,8155,90,8160,0,9,-18,9,-18,1,1,1,1371.43,801.36,1371.43,801.36,0,0,0,0,0,0,1099750,1032542
869,1144,64560703,61793625,24325,8155,87,8160,0,9,-18,9,-18,1,1,1,1371.43,801.36,1371.43,801.36,0,0,0,0,0,0,1102041,1028041
870,1145,50798874,53708916,24077,8155,87,8160,0,9,-18,9,-18,1,1,1,1371.43,801.36,1371.43,801.36,0,0,0,0,0,0,866875,816625
871,1146,46329583,46223959,23709,8156,88,8161,0,9,-18,9,-18,1,1,1,1371.43,801.36,1371.43,801.36,0,0,0,0,0,0,796250,739375
872,1147,47478415,45688417,23709,8155,87,8160,0,10,-18,10,-18,1,1,1,1417.14,823.72,1417.14,823.72,0,0,0,0,0,0,747708,702333
873,1148,41972208,43709000,23825,8155,87,8160,0,10,-18,10,-18,1,1,1,1417.14,823.72,1417.14,823.72,0,0,0,0,0,0,718334,664416
874,1149,43649289,43612333,23797,8155,87,8160,0,10,-18,10,-18,1,1,1,1417.14,823.72,1417.14,823.72,0,0,0,0,0,0,873750,833166
875,1150,47332420,45968250,23709,8155,87,8160,0,10,-18,10,-18,1,1,1,1417.14,823.72,1417.14,823.72,0,0,0,0,0,0,759875,672333
876,1151,50086792,51490750,23773,8155,87,8160,0,11,-18,11,-18,1,1,1,1462.86,845.83,1462.86,845.83,0,0,0,0,0,0,806209,757458
877,1152,46624537,46528500,23709,8155,90,8160,0,11,-18,11,-18,1,1,1,1462.86,845.83,1462.86,845.83,0,0,0,0,0,0,762542,708792
878,1153,46778168,45578042,23849,8155,87,8160,0,11,-18,11,-18,1,1,1,1462.86,845.83,1462.86,845.83,0,0,0,0,0,0,739667,697292
879,1154,45158587,46361833,23975,8155,87,8160,0,11,-18,11,-18,1,1,1,1462.86,845.83,1462.86,845.83,0,0,0,0,0,0,728500,664667
880,1155,47824367,46298292,24071,8155,87,8160,0,12,-18,12,-18,1,1,1,1508.57,868.27,1508.57,868.27,0,0,0,0,0,0,728000,683833
881,1156,49185670,49473333,23925,8155,87,8160,0,12,-18,12,-18,1,1,1,1508.57,868.27,1508.57,868.27,0,0,0,0,0,0,820458,758209
882,1157,42991079,44199833,23861,8155,87,8160,0,12,-18,12,-18,1,1,1,1508.57,868.27,1508.57,868.27,0,0,0,0,0,0,769708,726083
883,1158,43999377,43988917,23761,8155,87,8160,0,12,-18,12,-18,1,1,1,1508.57,868.27,1508.57,868.27,0,0,0,0,0,0,722334,661791
884,1159,41178293,40114875,23709,8155,87,8160,0,13,-18,13,-18,1,1,1,1554.29,892.25,1554.29,892.25,0,0,0,0,0,0,719167,677375
885,1160,37000581,38015417,23773,8155,87,8160,0,13,-18,13,-18,1,1,1,1554.29,892.25,1554.29,892.25,0,0,0,0,0,0,645125,599083
886,1161,36170251,36208709,23797,8156,88,8161,0,13,-18,13,-18,1,1,1,1554.29,892.25,1554.29,892.25,0,0,0,0,0,0,680083,641250
887,1162,37491206,36530083,23709,8155,87,8160,0,13,-18,13,-18,1,1,1,1554.29,892.25,1554.29,892.25,0,0,0,0,0,0,707083,666375
888,1163,32749377,33690958,23773,8155,90,8160,0,14,-18,14,-18,1,1,1,1600,918.02,1600,918.02,0,0,0,0,0,0,577458,543541
889,1164,33493749,33509333,23761,8155,87,8160,0,14,-18,14,-18,1,1,1,1600,918.02,1600,918.02,0,0,0,0,0,0,610541,570834
890,1165,34780036,33693667,23709,8155,87,8160,0,14,-18,14,-18,1,1,1,1600,918.02,1600,918.02,0,0,0,0,0,0,604708,570208
891,1166,32473668,33534250,23861,8155,87,8160,0,14,-18,14,-18,1,1,1,1600,918.02,1600,918.02,0,0,0,0,0,0,594500,550792
892,1167,33570874,33530750,23911,8155,87,8160,0,15,-18,15,-18,1,1,1,1645.71,944.98,1645.71,944.98,0,0,0,0,0,0,607708,574583
893,1168,35457707,33751583,24071,8155,87,8160,0,15,-18,15,-18,1,1,1,1645.71,944.98,1645.71,944.98,0,0,0,0,0,0,629667,586083
894,1169,31717956,33382333,23989,8155,87,8160,0,15,-18,15,-18,1,1,1,1645.71,944.98,1645.71,944.98,0,0,0,0,0,0,619500,579584
895,1170,31822044,31795458,23761,8155,87,8160,0,15,-18,15,-18,1,1,1,1645.71,944.98,1645.71,944.98,0,0,0,0,0,0,606917,559834
896,1171,30086955,30100458,23797,8155,87,8160,0,16,-18,16,-18,1,1,1,1691.43,972.01,1691.43,972.01,0,0,0,0,0,0,574292,544083
897,1172,31180335,30202792,23709,8155,87,8160,0,16,-18,16,-18,1,1,1,1691.43,972.01,1691.43,972.01,0,0,0,0,0,0,548250,513584
898,1173,29655328,30616125,23773,8155,87,8160,0,16,-18,16,-18,1,1,1,1691.43,972.01,1691.43,972.01,0,0,0,0,0,0,555375,525250
899,1174,29999667,30003041,23709,8155,87,8160,0,16,-18,16,-18,1,1,1,1691.43,972.01,1691.43,972.01,0,0,0,0,0,0,574625,538542
900,1175,30910877,30834833,23911,8155,87,8160,0,15,-18,15,-18,1,1,1,1645.71,944.98,1645.71,944.98,0,0,0,0,0,0,578458,548042
901,1176,31409539,30443042,23797,8156,88,8161,0,15,-18,15,-18,1,1,1,1645.71,944.98,1645.71,944.98,0,0,0,0,0,0,551625,510916
902,1177,31434588,32417417,23825,8155,87,8160,0,15,-18,15,-18,1,1,1,1645.71,944.98,1645.71,944.98,0,0,0,0,0,0,609583,576458
903,1178,37095211,37051458,23709,8155,87,8160,0,15,-18,15,-18,1,1,1,1645.71,944.98,1645.71,944.98,0,0,0,0,0,0,668417,622792
904,1179,36072626,34965625,23709,8155,90,8160,0,14,-18,14,-18,1,1,1,1600,918.02,1600,918.02,0,0,0,0,0,0,643667,609875
905,1180,33697038,34673167,23773,8155,87,8160,0,14,-18,14,-18,1,1,1,1600,918.02,1600,918.02,0,0,0,0,0,0,598209,557042
906,1181,35264164,35343916,23797,8155,87,8160,0,14,-18,14,-18,1,1,1,1600,918.02,1600,918.02,0,0,0,0,0,0,607666,572000
907,1182,37755794,36307375,23709,8155,87,8160,0,14,-18,14,-18,1,1,1,1600,918.02,1600,918.02,0,0,0,0,0,0,1165708,1119333
908,1183,35489208,35828958,24389,8155,87,8160,0,13,-18,13,-18,1,1,1,1554.29,892.25,1554.29,892.25,0,0,0,0,0,0,607291,574667
909,1184,35441454,36493542,23925,8155,87,8160,0,13,-18,13,-18,1,1,1,1554.29,892.25,1554.29,892.25,0,0,0,0,0,0,588375,546791
910,1185,36542665,35451291,23709,8155,87,8160,0,13,-18,13,-18,1,1,1,1554.29,892.25,1554.29,892.25,0,0,0,0,0,0,582541,547708
911,1186,39825256,40362417,23861,8155,87,8160,0,13,-18,13,-18,1,1,1,1554.29,892.25,1554.29,892.25,0,0,0,0,0,0,647833,604041
912,1187,47482829,47851625,23709,8155,87,8160,0,12,-18,12,-18,1,1,1,1508.57,868.27,1508.57,868.27,0,0,0,0,0,0,823291,780417
913,1188,63530497,61531125,23709,8155,87,8160,0,12,-18,12,-18,1,1,1,1508.57,868.27,1508.57,868.27,0,0,0,0,0,0,870834,808667
914,1189,65803006,67684958,23913,8155,87,8160,0,12,-18,12,-18,1,1,1,1508.57,868.27,1508.57,868.27,0,0,0,0,0,0,996292,934500
915,1190,74284873,71114833,23709,8155,87,8160,0,12,-18,12,-18,1,1,1,1508.57,868.27,1508.57,868.27,0,0,0,0,0,0,1170250,1076875
916,1191,68628370,71473500,24071,8156,91,8161,0,11,-18,11,-18,1,1,1,1462.86,845.83,1462.86,845.83,0,0,0,0,0,0,1085416,1023084
917,1192,70603050,67236250,24413,8155,87,8160,0,11,-18,11,-18,1,1,1,1462.86,845.83,1462.86,845.83,0,0,0,0,0,0,1092708,1010250
918,1193,62226451,65531916,23989,8155,87,8160,0,11,-18,11,-18,1,1,1,1462.86,845.83,1462.86,845.83,0,0,0,0,0,0,1210875,1138417
919,1194,57384792,56067917,23709,8155,87,8160,0,11,-18,11,-18,1,1,1,1462.86,845.83,1462.86,845.83,0,0,0,0,0,0,862750,790584
920,1195,47198880,48859167,23861,8155,87,8160,0,10,-18,10,-18,1,1,1,1417.14,823.72,1417.14,823.72,0,0,0,0,0,0,1057500,978875
921,1196,47562707,47478042,23761,8155,87,8160,0,10,-18,10,-18,1,1,1,1417.14,823.72,1417.14,823.72,0,0,0,0,0,0,729333,680792
922,1197,48619501,47331000,23709,8155,87,8160,0,10,-18,10,-18,1,1,1,1417.14,823.72,1417.14,823.72,0,0,0,0,0,0,707209,665417
923,1198,49823079,50968750,23773,8155,87,8160,0,10,-18,10,-18,1,1,1,1417.14,823.72,1417.14,823.72,0,0,0,0,0,0,833292,771959
924,1199,45901332,45878459,23797,8155,90,8160,0,9,-18,9,-18,1,1,1,1371.43,801.36,1371.43,801.36,0,0,0,0,0,0,810917,757875
925,1200,49169339,47837709,23709,8155,87,8160,0,9,-18,9,-18,1,1,1,1371.43,801.36,1371.43,801.36,0,0,0,0,0,0,930417,868958
926,1201,46365495,47814542,23825,8155,87,8160,0,9,-18,9,-18,1,1,1,1371.43,801.36,1371.43,801.36,0,0,0,0,0,0,1080000,1027500
927,1202,47773916,45908708,24273,8155,87,8160,0,9,-18,9,-18,1,1,1,1371.43,801.36,1371.43,801.36,0,0,0,0,0,0,782750,704041
928,1203,53937669,54193042,24013,8155,87,8160,0,8,-18,8,-18,1,1,1,1325.71,772.98,1325.71,772.98,0,0,0,0,0,0,857708,807916
929,1204,47624208,49172333,23773,8155,87,8160,0,8,-18,8,-18,1,1,1,1325.71,772.98,1325.71,772.98,0,0,0,0,0,0,1017042,946625
930,1205,43910417,43854875,23709,8155,87,8160,0,8,-18,8,-18,1,1,1,1325.71,772.98,1325.71,772.98,0,0,0,0,0,0,742959,700834
931,1206,45564413,44214042,23761,8156,88,8161,0,8,-18,8,-18,1,1,1,1325.71,772.98,1325.71,772.98,0,0,0,0,0,0,754709,705500
932,1207,36753166,38135750,23861,8155,87,8160,0,7,-18,7,-18,1,1,1,1280,736.66,1280,736.66,0,0,0,0,0,0,670917,632250
933,1208,38310628,38301833,23709,8155,87,8160,0,7,-18,7,-18,1,1,1,1280,736.66,1280,736.66,0,0,0,0,0,0,659292,612416
934,1209,39524376,38513667,23709,8155,87,8160,0,7,-18,7,-18,1,1,1,1280,736.66,1280,736.66,0,0,0,0,0,0,715917,679541
935,1210,32142043,33151875,23773,8155,90,8160,0,7,-18,7,-18,1,1,1,1280,736.66,1280,736.66,0,0,0,0,0,0,581792,543250
936,1211,33418785,33320458,23709,8155,87,8160,0,6,-18,6,-18,1,1,1,1234.29,696.59,1234.29,696.59,0,0,0,0,0,0,617209,586458
937,1212,34558922,33629208,23849,8155,87,8160,0,6,-18,6,-18,1,1,1,1234.29,696.59,1234.29,696.59,0,0,0,0,0,0,581167,543250
938,1213,32208785,33175125,23773,8155,87,8160,0,6,-18,6,-18,1,1,1,1234.29,696.59,1234.29,696.59,0,0,0,0,0,0,611208,572041
939,1214,33333588,33334416,23911,8155,87,8160,0,6,-18,6,-18,1,1,1,1234.29,696.59,1234.29,696.59,0,0,0,0,0,0,634458,580875
940,1215,35330951,33525083,24071,8155,87,8160,0,5,-18,5,-18,1,1,1,1188.57,662.98,1188.57,662.98,0,0,0,0,0,0,625833,592958
941,1216,31635254,33361709,23989,8155,87,8160,0,5,-18,5,-18,1,1,1,1188.57,662.98,1188.57,662.98,0,0,0,0,0,0,606875,571375
942,1217,33551793,33547666,23797,8155,87,8160,0,5,-18,5,-18,1,1,1,1188.57,662.98,1188.57,662.98,0,0,0,0,0,0,615125,583375
943,1218,34169457,33159833,23761,8155,87,8160,0,5,-18,5,-18,1,1,1,1188.57,662.98,1188.57,662.98,0,0,0,0,0,0,720375,683542
944,1219,32303243,33305500,23353,8155,87,8160,0,4,-18,4,-18,1,1,1,1142.86,635.99,1142.86,635.99,0,0,0,0,0,0,597584,560875
945,1220,33579584,33579833,23289,8085,87,8090,0,4,-18,4,-18,1,1,1,1142.86,635.99,1142.86,635.99,0,0,0,0,0,0,667458,638875
946,1221,34210544,33064291,23289,8086,88,8091,0,4,-18,4,-18,1,1,1,1142.86,635.99,1142.86,635.99,0,0,0,0,0,0,671625,634583
947,1222,35275291,36400167,26891,8085,87,8090,0,4,-18,4,-18,1,1,1,1142.86,635.99,1142.86,635.99,0,0,0,0,0,0,530208,496917
948,1223,30828295,30789458,25967,8085,87,8090,0,3,-18,3,-18,1,1,1,1097.14,613.14,1097.14,613.14,0,0,0,0,0,0,576000,550000
949,1224,34671578,33751416,23341,8085,87,8090,0,3,-18,3,-18,1,1,1,1097.14,613.14,1097.14,613.14,0,0,0,0,0,0,582708,555958
950,1225,30584836,31464250,23353,8085,90,8090,0,3,-18,3,-18,1,1,1,1097.14,613.14,1097.14,613.14,0,0,0,0,0,0,548750,504750
951,1226,32808460,32764625,23289,8085,87,8090,0,3,-18,3,-18,1,1,1,1097.14,613.14,1097.14,613.14,0,0,0,0,0,0,545583,515167
952,1227,32502084,32509166,23377,8085,87,8090,0,2,-18,2,-18,1,1,1,1051.43,590.28,1051.43,590.28,0,0,0,0,0,0,513833,487958
953,1228,33589627,32694167,23289,8085,87,8090,0,2,-18,2,-18,1,1,1,1051.43,590.28,1051.43,590.28,0,0,0,0,0,0,509583,478708
954,1229,31151708,32024792,23555,8085,87,8090,0,2,-18,2,-18,1,1,1,1051.43,590.28,1051.43,590.28,0,0,0,0,0,0,497792,471417
955,1230,34528039,33500375,23651,8085,87,8090,0,2,-18,2,-18,1,1,1,1051.43,590.28,1051.43,590.28,0,0,0,0,0,0,566542,537333
956,1231,32458163,33406250,23557,8085,87,8090,0,1,-18,1,-18,1,1,1,1005.71,567.42,1005.71,567.42,0,0,0,0,0,0,549167,499125
957,1232,35227417,34292292,23377,8085,87,8090,0,1,-18,1,-18,1,1,1,1005.71,567.42,1005.71,567.42,0,0,0,0,0,0,571250,540042
958,1233,32730627,33683625,23353,8085,87,8090,0,1,-18,1,-18,1,1,1,1005.71,567.42,1005.71,567.42,0,0,0,0,0,0,543167,515083
959,1234,34241545,34036375,23289,8085,87,8090,0,1,-18,1,-18,1,1,1,1005.71,567.42,1005.71,567.42,0,0,0,0,0,0,576333,540375
960,1235,34635450,33777708,23289,8085,87,8090,0,0,-18,0,-18,1,1,1,960,544.56,960,544.56,0,0,0,0,0,0,587458,558666
961,1236,32495088,33452541,23353,8086,88,8091,0,0,-18,0,-18,1,1,1,960,544.56,960,544.56,0,0,0,0,0,0,517791,490292
962,1237,33069204,33118458,23429,8085,87,8090,0,0,-18,0,-18,1,1,1,960,544.56,960,544.56,0,0,0,0,0,0,538167,502792
963,1238,33423207,33400459,23289,8085,87,8090,0,0,-18,0,-18,1,1,1,960,544.56,960,544.56,0,0,0,0,0,0,595917,567250
964,1239,37018381,36011625,23289,8085,87,8090,0,-1,-18,-1,-18,1,1,1,914.29,521.71,914.29,521.71,0,0,0,0,0,0,609125,580250
965,1240,33943332,34950750,23353,8085,90,8090,0,-1,-18,-1,-18,1,1,1,914.29,521.71,914.29,521.71,0,0,0,0,0,0,576500,539417
966,1241,37509374,37412875,23289,8085,87,8090,0,-1,-18,-1,-18,1,1,1,914.29,521.71,914.29,521.71,0,0,0,0,0,0,668250,635125
967,1242,41364207,40299500,23377,8085,87,8090,0,-1,-18,-1,-18,1,1,1,914.29,521.71,914.29,521.71,0,0,0,0,0,0,946917,903500
968,1243,36641001,37524250,23405,8085,87,8090,0,-2,-18,-2,-18,1,1,1,868.57,498.85,868.57,498.85,0,0,0,0,0,0,549375,514333
969,1244,37590079,36760375,23853,8085,87,8090,0,-2,-18,-2,-18,1,1,1,868.57,498.85,868.57,498.85,0,0,0,0,0,0,848959,815208
970,1245,38900043,38537125,23505,8085,87,8090,0,-2,-18,-2,-18,1,1,1,868.57,498.85,868.57,498.85,0,0,0,0,0,0,602375,563292
971,1246,43523959,44724500,23441,8085,87,8090,0,-2,-18,-2,-18,1,1,1,868.57,498.85,868.57,498.85,0,0,0,0,0,0,658541,615083
972,1247,55147752,55043875,23289,8085,87,8090,0,-3,-18,-3,-18,1,1,1,822.86,475.99,822.86,475.99,0,0,0,0,0,0,734291,694708
973,1248,69647453,67807375,23341,8085,87,8090,0,-3,-18,-3,-18,1,1,1,822.86,475.99,822.86,475.99,0,0,0,0,0,0,917791,859375
974,1249,64347833,66148625,23441,8085,87,8090,0,-3,-18,-3,-18,1,1,1,822.86,475.99,822.86,475.99,0,0,0,0,0,0,951083,881750
975,1250,76009415,73726875,23289,8085,87,8090,0,-3,-18,-3,-18,1,1,1,822.86,475.99,822.86,475.99,0,0,0,0,0,0,1053083,985084
976,1251,66747829,68803000,23405,8086,91,8091,0,-4,-18,-4,-18,1,1,1,777.14,453.14,777.14,453.14,0,0,0,0,0,0,907958,848875
977,1252,65472207,63646791,23579,8085,87,8090,0,-4,-18,-4,-18,1,1,1,777.14,453.14,777.14,453.14,0,0,0,0,0,0,1000333,931125
978,1253,55187210,55423917,23715,8085,87,8090,0,-4,-18,-4,-18,1,1,1,777.14,453.14,777.14,453.14,0,0,0,0,0,0,941875,888666
979,1254,49215085,49684250,23505,8085,87,8090,0,-4,-18,-4,-18,1,1,1,777.14,453.14,777.14,453.14,0,0,0,0,0,0,801792,752625
980,1255,46897497,48189917,24021,8085,87,8090,0,-5,-18,-5,-18,1,1,1,731.43,431,731.43,431,0,0,0,0,0,0,934542,889333
981,1256,45431539,45388000,23817,8173,87,8178,0,-5,-18,-5,-18,1,1,1,731.43,431,731.43,431,0,0,0,0,0,0,784041,727541
982,1257,45648127,44416708,23817,8173,87,8178,0,-5,-18,-5,-18,1,1,1,731.43,431,731.43,431,0,0,0,0,0,0,741500,697959
983,1258,44659409,45717917,23881,8173,87,8178,0,-5,-18,-5,-18,1,1,1,731.43,431,731.43,431,0,0,0,0,0,0,735042,672209
984,1259,51505088,51564042,27355,8173,87,8178,0,-6,-18,-6,-18,1,1,1,685.71,416.09,685.71,416.09,0,0,0,0,0,0,755959,707208
985,1260,45421745,43743458,26547,8173,90,8178,0,-6,-18,-6,-18,1,1,1,685.71,416.09,685.71,416.09,0,0,0,0,0,0,790083,720458
986,1261,44086877,45787375,23881,8173,87,8178,0,-6,-18,-6,-18,1,1,1,685.71,416.09,685.71,416.09,0,0,0,0,0,0,731791,688583
987,1262,46075128,46015417,23817,8173,87,8178,0,-6,-18,-6,-18,1,1,1,685.71,416.09,685.71,416.09,0,0,0,0,0,0,749625,698250
988,1263,49043454,46855417,24469,8173,87,8178,0,-8,-18,-8,-18,1,1,1,594.29,422.77,594.29,422.77,0,0,0,0,0,0,746584,701167
989,1264,45632921,47743917,24097,8173,87,8178,0,-8,-18,-8,-18,1,1,1,594.29,422.77,594.29,422.77,0,0,0,0,0,0,763458,692708
990,1265,48322830,48184833,23869,8173,87,8178,0,-8,-18,-8,-18,1,1,1,594.29,422.77,594.29,422.77,0,0,0,0,0,0,756750,710667
991,1266,53846500,52493000,23817,8174,88,8179,0,-8,-18,-8,-18,1,1,1,594.29,422.77,594.29,422.77,0,0,0,0,0,0,886208,823208
992,1267,52376415,53822167,23969,8173,87,8178,0,-9,-18,-9,-18,1,1,1,548.57,418.39,548.57,418.39,0,0,0,0,0,0,859292,808417
993,1268,55612705,54161375,23817,8173,87,8178,0,-9,-18,-9,-18,1,1,1,548.57,418.39,548.57,418.39,0,0,0,0,0,0,850209,787625
994,1269,58938499,60256250,23933,8173,87,8178,0,-9,-18,-9,-18,1,1,1,548.57,418.39,548.57,418.39,0,0,0,0,0,0,957917,902750
995,1270,54076459,52764667,23905,8173,90,8178,0,-9,-18,-9,-18,1,1,1,548.57,418.39,548.57,418.39,0,0,0,0,0,0,882625,822541
996,1271,48843167,50272000,23881,8173,87,8178,0,-10,-18,-10,-18,1,1,1,502.86,399.44,502.86,399.44,0,0,0,0,0,0,846458,794709
997,1272,43988455,43966833,23817,8173,87,8178,0,-10,-18,-10,-18,1,1,1,502.86,399.44,502.86,399.44,0,0,0,0,0,0,731542,674292
998,1273,42894084,40943459,24433,8173,87,8178,0,-10,-18,-10,-18,1,1,1,502.86,399.44,502.86,399.44,0,0,0,0,0,0,748375,705333
999,1274,35885211,37872917,24185,8173,87,8178,0,-10,-18,-10,-18,1,1,1,502.86,399.44,502.86,399.44,0,0,0,0,0,0,724083,677750
1000,1275,33529952,33515333,23817,8173,87,8178,0,-11,-18,-11,-18,1,1,1,457.14,380.06,457.14,380.06,0,0,0,0,0,0,601791,567959
1001,1276,34796334,33781584,23817,8173,87,8178,0,-11,-18,-11,-18,1,1,1,457.14,380.06,457.14,380.06,0,0,0,0,0,0,592292,554625
1002,1277,32623626,33400083,23881,8173,87,8178,0,-11,-18,-11,-18,1,1,1,457.14,380.06,457.14,380.06,0,0,0,0,0,0,591209,556500
1003,1278,33700749,33828791,23817,8173,87,8178,0,-11,-18,-11,-18,1,1,1,457.14,380.06,457.14,380.06,0,0,0,0,0,0,591041,549584
1004,1279,34582249,33604000,23957,8173,87,8178,0,-12,-18,-12,-18,1,1,1,411.43,359.32,411.43,359.32,0,0,0,0,0,0,583667,550167
1005,1280,32691795,33718625,23881,8173,87,8178,0,-12,-18,-12,-18,1,1,1,411.43,359.32,411.43,359.32,0,0,0,0,0,0,624833,585666
1006,1281,33035870,32998083,23817,8174,88,8179,0,-12,-18,-12,-18,1,1,1,411.43,359.32,411.43,359.32,0,0,0,0,0,0,581459,547750
1007,1282,32993040,33013875,23817,8173,87,8178,0,-12,-18,-12,-18,1,1,1,411.43,359.32,411.43,359.32,0,0,0,0,0,0,641834,604209
1008,1283,31246166,30246333,23817,8173,90,8178,0,-13,-18,-13,-18,1,1,1,365.71,336.6,365.71,336.6,0,0,0,0,0,0,533042,503375
1009,1284,29963046,30937167,23969,8173,87,8178,0,-13,-18,-13,-18,1,1,1,365.71,336.6,365.71,336.6,0,0,0,0,0,0,556500,521500
1010,1285,30253458,30215250,23817,8173,87,8178,0,-13,-18,-13,-18,1,1,1,365.71,336.6,365.71,336.6,0,0,0,0,0,0,545917,512292
1011,1286,30349830,30368125,23869,8173,87,8178,0,-13,-18,-13,-18,1,1,1,365.71,336.6,365.71,336.6,0,0,0,0,0,0,563375,524583
1012,1287,31519006,30527417,23817,8173,87,8178,0,-14,-18,-14,-18,1,1,1,320,311.82,320,311.82,0,0,0,0,0,0,532250,502542
1013,1288,30403457,30366250,24445,8173,87,8178,0,-14,-18,-14,-18,1,1,1,320,311.82,320,311.82,0,0,0,0,0,0,557041,521458
1014,1289,29395995,30359958,24121,8173,87,8178,0,-14,-18,-14,-18,1,1,1,320,311.82,320,311.82,0,0,0,0,0,0,554125,520167
1015,1290,30501877,30500125,23817,8173,87,8178,0,-14,-18,-14,-18,1,1,1,320,311.82,320,311.82,0,0,0,0,0,0,546875,513125
1016,1291,32758537,31802166,23817,8173,87,8178,0,-15,-18,-15,-18,1,1,1,274.29,285.43,274.29,285.43,0,0,0,0,0,0,545416,515166
1017,1292,32226543,33124250,23881,8173,87,8178,0,-15,-18,-15,-18,1,1,1,274.29,285.43,274.29,285.43,0,0,0,0,0,0,579375,526708
1018,1293,33776126,33687334,23869,8173,87,8178,0,-15,-18,-15,-18,1,1,1,274.29,285.43,274.29,285.43,0,0,0,0,0,0,622625,571333
1019,1294,34627538,33698709,23905,8173,87,8178,0,-15,-18,-15,-18,1,1,1,274.29,285.43,274.29,285.43,0,0,0,0,0,0,613833,557916
1020,1295,33112961,34065959,23881,8173,87,8178,0,-16,-18,-16,-18,1,1,1,228.57,258.09,228.57,258.09,0,0,0,0,0,0,617292,569791
1021,1296,33663328,33663750,23817,8174,88,8179,0,-16,-18,-16,-18,1,1,1,228.57,258.09,228.57,258.09,0,0,0,0,0,0,648833,593167
1022,1297,34444756,33448917,23817,8173,87,8178,0,-16,-18,-16,-18,1,1,1,228.57,258.09,228.57,258.09,0,0,0,0,0,0,607333,556916
1023,1298,38715329,39624042,23881,8173,87,8178,0,-16,-18,-16,-18,1,1,1,228.57,258.09,228.57,258.09,0,0,0,0,0,0,786834,720125
1024,1299,36322046,36345083,23957,8173,90,8178,0,-17,-18,-17,-18,1,1,1,182.86,230.19,182.86,230.19,0,0,0,0,0,0,610042,557542
1025,1300,37719126,36496417,23817,8173,87,8178,0,-17,-18,-17,-18,1,1,1,182.86,230.19,182.86,230.19,0,0,0,0,0,0,1074666,973750
1026,1301,36632079,37836458,23881,8173,87,8178,0,-17,-18,-17,-18,1,1,1,182.86,230.19,182.86,230.19,0,0,0,0,0,0,642875,592166
1027,1302,38343004,38151291,24019,8173,87,8178,0,-17,-18,-17,-18,1,1,1,182.86,230.19,182.86,230.19,0,0,0,0,0,0,657875,598083
1028,1303,46421244,44146167,24179,8173,87,8178,0,-16,-18,-16,-18,1,1,1,228.57,258.09,228.57,258.09,0,0,0,0,0,0,979292,876584
1029,1304,50470959,52751625,24185,8173,87,8178,0,-16,-18,-16,-18,1,1,1,228.57,258.09,228.57,258.09,0,0,0,0,0,0,978958,909667
1030,1305,68819746,66843250,23869,8173,87,8178,0,-16,-18,-16,-18,1,1,1,228.57,258.09,228.57,258.09,0,0,0,0,0,0,1167416,1076834
1031,1306,71084588,72607375,23881,8173,87,8178,0,-16,-18,-16,-18,1,1,1,228.57,258.09,228.57,258.09,0,0,0,0,0,0,1365208,1223208
1032,1307,75094416,73264292,23905,8173,87,8178,0,-15,-18,-15,-18,1,1,1,274.29,285.43,274.29,285.43,0,0,0,0,0,0,1061750,959625
1033,1308,73138080,75225375,23933,8171,87,8176,0,-15,-18,-15,-18,1,1,1,274.29,285.43,274.29,285.43,0,0,0,0,0,0,1160333,1059375
1034,1309,70839121,68943708,23817,8173,90,8178,0,-15,-18,-15,-18,1,1,1,274.29,285.43,274.29,285.43,0,0,0,0,0,0,1184958,1090083
1035,1310,56609544,58489584,24171,8173,87,8178,0,-15,-18,-15,-18,1,1,1,274.29,285.43,274.29,285.43,0,0,0,0,0,0,1149542,1040875
1036,1311,49872960,47761375,24231,8174,88,8179,0,-14,-18,-14,-18,1,1,1,320,311.82,320,311.82,0,0,0,0,0,0,839792,773958
1037,1312,44462833,46463542,24097,8173,87,8178,0,-14,-18,-14,-18,1,1,1,320,311.82,320,311.82,0,0,0,0,0,0,761041,711000
1038,1313,44893041,44862625,23905,8173,87,8178,0,-14,-18,-14,-18,1,1,1,320,311.82,320,311.82,0,0,0,0,0,0,767917,724792
1039,1314,42665958,41675375,23817,8173,87,8178,0,-14,-18,-14,-18,1,1,1,320,311.82,320,311.82,0,0,0,0,0,0,745125,688125
1040,1315,46385414,47470625,23881,8173,87,8178,0,-13,-18,-13,-18,1,1,1,365.71,336.6,365.71,336.6,0,0,0,0,0,0,750750,706834
1041,1316,47151125,47038958,23869,8173,87,8178,0,-13,-18,-13,-18,1,1,1,365.71,336.6,365.71,336.6,0,0,0,0,0,0,772667,721083
1042,1317,56615371,55177375,23905,8173,87,8178,0,-13,-18,-13,-18,1,1,1,365.71,336.6,365.71,336.6,0,0,0,0,0,0,884000,834375
1043,1318,53767297,55201833,23881,8173,90,8178,0,-13,-18,-13,-18,1,1,1,365.71,336.6,365.71,336.6,0,0,0,0,0,0,881000,820167
1044,1319,57593621,55660458,23817,8173,87,8178,0,-12,-18,-12,-18,1,1,1,411.43,359.32,411.43,359.32,0,0,0,0,0,0,888959,826167
1045,1320,53551502,55410792,24223,8173,87,8178,0,-12,-18,-12,-18,1,1,1,411.43,359.32,411.43,359.32,0,0,0,0,0,0,892458,830458
1046,1321,63330620,59890750,24179,8173,87,8178,0,-12,-18,-12,-18,1,1,1,411.43,359.32,411.43,359.32,0,0,0,0,0,0,930708,869208
1047,1322,57705752,61018208,24097,8173,87,8178,0,-12,-18,-12,-18,1,1,1,411.43,359.32,411.43,359.32,0,0,0,0,0,0,1092000,999542
1048,1323,55958412,54229084,23905,8173,87,8178,0,-11,-18,-11,-18,1,1,1,457.14,380.06,457.14,380.06,0,0,0,0,0,0,929708,877959
1049,1324,47950297,49706458,23933,8173,87,8178,0,-11,-18,-11,-18,1,1,1,457.14,380.06,457.14,380.06,0,0,0,0,0,0,933666,867792
1050,1325,43691374,43768417,23817,8173,87,8178,0,-11,-18,-11,-18,1,1,1,457.14,380.06,457.14,380.06,0,0,0,0,0,0,731417,689041
1051,1326,39717078,38572208,23817,8174,88,8179,0,-11,-18,-11,-18,1,1,1,457.14,380.06,457.14,380.06,0,0,0,0,0,0,663125,617000
1052,1327,40194373,41330916,23969,8173,87,8178,0,-10,-18,-10,-18,1,1,1,502.86,399.44,502.86,399.44,0,0,0,0,0,0,759500,713750
1053,1328,34562755,34547208,23817,8173,90,8178,0,-10,-18,-10,-18,1,1,1,502.86,399.44,502.86,399.44,0,0,0,0,0,0,602208,560250
1054,1329,35147789,34146375,23869,8173,87,8178,0,-10,-18,-10,-18,1,1,1,502.86,399.44,502.86,399.44,0,0,0,0,0,0,616125,579125
1055,1330,32576374,33553958,23881,8173,87,8178,0,-10,-18,-10,-18,1,1,1,502.86,399.44,502.86,399.44,0,0,0,0,0,0,621625,582416
1056,1331,33970791,33879083,23817,8173,87,8178,0,-9,-18,-9,-18,1,1,1,548.57,418.39,548.57,418.39,0,0,0,0,0,0,576917,542833
1057,1332,35151332,33518333,24469,8173,87,8178,0,-9,-18,-9,-18,1,1,1,548.57,418.39,548.57,418.39,0,0,0,0,0,0,611708,570625
1058,1333,32074965,33748334,24097,8173,87,8178,0,-9,-18,-9,-18,1,1,1,548.57,418.39,548.57,418.39,0,0,0,0,0,0,620125,582958
1059,1334,33939704,33933250,23817,8173,87,8178,0,-9,-18,-9,-18,1,1,1,548.57,418.39,548.57,418.39,0,0,0,0,0,0,583208,545875
1060,1335,31581044,31575166,23869,8173,87,8178,0,-8,-18,-8,-18,1,1,1,594.29,422.77,594.29,422.77,0,0,0,0,0,0,602875,568917
1061,1336,31334497,30369417,23817,8173,87,8178,0,-8,-18,-8,-18,1,1,1,594.29,422.77,594.29,422.77,0,0,0,0,0,0,596750,560459
1062,1337,29319126,30245958,23969,8173,87,8178,0,-8,-18,-8,-18,1,1,1,594.29,422.77,594.29,422.77,0,0,0,0,0,0,592958,561166
1063,1338,30581546,30595875,23817,8173,87,8178,0,-8,-18,-8,-18,1,1,1,594.29,422.77,594.29,422.77,0,0,0,0,0,0,549917,516000
1064,1339,30503245,30447708,23817,8173,87,8178,0,-6,-18,-6,-18,1,1,1,685.71,416.09,685.71,416.09,0,0,0,0,0,0,592000,557250
1065,1340,31934458,31026959,23817,8173,87,8178,0,-6,-18,-6,-18,1,1,1,685.71,416.09,685.71,416.09,0,0,0,0,0,0,586500,553417
1066,1341,34525956,35375542,23881,8174,88,8179,0,-6,-18,-6,-18,1,1,1,685.71,416.09,685.71,416.09,0,0,0,0,0,0,797375,749209
1067,1342,32733213,32760625,23957,8173,90,8178,0,-6,-18,-6,-18,1,1,1,685.71,416.09,685.71,416.09,0,0,0,0,0,0,554208,516125
1068,1343,33974453,33041500,23817,8173,87,8178,0,-5,-18,-5,-18,1,1,1,731.43,431,731.43,431,0,0,0,0,0,0,592292,557709
1069,1344,32535042,33447375,23881,8173,87,8178,0,-5,-18,-5,-18,1,1,1,731.43,431,731.43,431,0,0,0,0,0,0,572625,536291
1070,1345,33448170,33416500,23817,8173,87,8178,0,-5,-18,-5,-18,1,1,1,731.43,431,731.43,431,0,0,0,0,0,0,581750,547791
1071,1346,34919083,33851208,23817,8173,87,8178,0,-5,-18,-5,-18,1,1,1,731.43,431,731.43,431,0,0,0,0,0,0,598625,559708
1072,1347,33455789,33482000,24005,8173,87,8178,0,-4,-18,-4,-18,1,1,1,777.14,453.14,777.14,453.14,0,0,0,0,0,0,637958,594250
1073,1348,33653832,34523459,23557,8085,87,8090,0,-4,-18,-4,-18,1,1,1,777.14,453.14,777.14,453.14,0,0,0,0,0,0,544500,507292
1074,1349,35500623,34552541,23289,8085,87,8090,0,-4,-18,-4,-18,1,1,1,777.14,453.14,777.14,453.14,0,0,0,0,0,0,541667,509667
1075,1350,34307956,35356333,23353,8085,87,8090,0,-4,-18,-4,-18,1,1,1,777.14,453.14,777.14,453.14,0,0,0,0,0,0,579875,545125
1076,1351,34443374,34279042,23289,8085,87,8090,0,-3,-18,-3,-18,1,1,1,822.86,475.99,822.86,475.99,0,0,0,0,0,0,546833,516875
1077,1352,40528338,39654125,26827,8085,87,8090,0,-3,-18,-3,-18,1,1,1,822.86,475.99,822.86,475.99,0,0,0,0,0,0,536250,507083
1078,1353,35852622,36804708,26031,8085,87,8090,0,-3,-18,-3,-18,1,1,1,822.86,475.99,822.86,475.99,0,0,0,0,0,0,629542,592958
1079,1354,35449206,35388125,23341,8085,87,8090,0,-3,-18,-3,-18,1,1,1,822.86,475.99,822.86,475.99,0,0,0,0,0,0,644292,601958
1080,1355,41458290,40325000,23289,8085,87,8090,0,-2,-18,-2,-18,1,1,1,868.57,498.85,868.57,498.85,0,0,0,0,0,0,1039000,995333
1081,1356,51377251,52433542,23441,8086,88,8091,0,-2,-18,-2,-18,1,1,1,868.57,498.85,868.57,498.85,0,0,0,0,0,0,761292,712000
1082,1357,63882164,61783625,23289,8085,90,8090,0,-2,-18,-2,-18,1,1,1,868.57,498.85,868.57,498.85,0,0,0,0,0,0,795041,749291
1083,1358,65972335,67828709,23353,8085,87,8090,0,-2,-18,-2,-18,1,1,1,868.57,498.85,868.57,498.85,0,0,0,0,0,0,991459,938583
1084,1359,71334667,68127334,23993,8085,87,8090,0,-1,-18,-1,-18,1,1,1,914.29,521.71,914.29,521.71,0,0,0,0,0,0,1002459,913042
1085,1360,66505208,69729250,23569,8085,87,8090,0,-1,-18,-1,-18,1,1,1,914.29,521.71,914.29,521.71,0,0,0,0,0,0,1026625,969625
1086,1361,70291750,68281792,23289,8085,87,8090,0,-1,-18,-1,-18,1,1,1,914.29,521.71,914.29,521.71,0,0,0,0,0,0,1151541,1096750
1087,1362,62206078,64222917,23493,8085,87,8090,0,-1,-18,-1,-18,1,1,1,914.29,521.71,914.29,521.71,0,0,0,0,0,0,1370292,1293000
1088,1363,56058000,54835917,23289,8085,87,8090,0,0,-18,0,-18,1,1,1,960,544.56,960,544.56,0,0,0,0,0,0,878334,778709
1089,1364,53778003,54796459,23353,8085,87,8090,0,0,-18,0,-18,1,1,1,960,544.56,960,544.56,0,0,0,0,0,0,794833,744958
1090,1365,48422329,47013792,23377,8085,90,8090,0,0,-18,0,-18,1,1,1,960,544.56,960,544.56,0,0,0,0,0,0,649709,606875
1091,1366,45109085,46652459,23405,8085,87,8090,0,0,-18,0,-18,1,1,1,960,544.56,960,544.56,0,0,0,0,0,0,810875,770417
1092,1367,50475332,50527750,23491,8085,87,8090,0,1,-18,1,-18,1,1,1,1005.71,567.42,1005.71,567.42,0,0,0,0,0,0,709833,672792
1093,1368,54047539,51129583,23651,8085,87,8090,0,1,-18,1,-18,1,1,1,1005.71,567.42,1005.71,567.42,0,0,0,0,0,0,847959,762041
1094,1369,54447419,57109750,23657,8085,87,8090,0,1,-18,1,-18,1,1,1,1005.71,567.42,1005.71,567.42,0,0,0,0,0,0,1486250,1437166
1095,1370,56941334,55673708,23341,8085,87,8090,0,1,-18,1,-18,1,1,1,1005.71,567.42,1005.71,567.42,0,0,0,0,0,0,784583,741917
1096,1371,55280327,56115167,23353,8086,88,8091,0,2,-18,2,-18,1,1,1,1051.43,590.28,1051.43,590.28,0,0,0,0,0,0,786958,738375
1097,1372,57969208,56926041,23377,8085,87,8090,0,2,-18,2,-18,1,1,1,1051.43,590.28,1051.43,590.28,0,0,0,0,0,0,1088166,1028000
1098,1373,58653373,60160500,23353,8085,87,8090,0,2,-18,2,-18,1,1,1,1051.43,590.28,1051.43,590.28,0,0,0,0,0,0,1127916,1076542
1099,1374,57266708,55655583,23341,8085,90,8090,0,2,-18,2,-18,1,1,1,1051.43,590.28,1051.43,590.28,0,0,0,0,0,0,1057542,987458
1100,1375,52521124,54105916,23441,8085,87,8090,0,3,-18,3,-18,1,1,1,1097.14,613.14,1097.14,613.14,0,0,0,0,0,0,792500,747833
1101,1376,53938422,52514375,23491,8085,87,8090,0,3,-18,3,-18,1,1,1,1097.14,613.14,1097.14,613.14,0,0,0,0,0,0,750167,704208
1102,1377,45919246,46043041,23715,8085,87,8090,0,3,-18,3,-18,1,1,1,1097.14,613.14,1097.14,613.14,0,0,0,0,0,0,765875,720500
1103,1378,40464796,41795167,23645,8085,87,8090,0,3,-18,3,-18,1,1,1,1097.14,613.14,1097.14,613.14,0,0,0,0,0,0,673666,634666
1104,1379,38498584,37533000,23289,8085,87,8090,0,4,-18,4,-18,1,1,1,1142.86,635.99,1142.86,635.99,0,0,0,0,0,0,584834,552958
1105,1380,33385537,34339792,23353,8085,87,8090,0,4,-18,4,-18,1,1,1,1142.86,635.99,1142.86,635.99,0,0,0,0,0,0,585833,548666
1106,1381,34032590,34042417,23289,8085,87,8090,0,4,-18,4,-18,1,1,1,1142.86,635.99,1142.86,635.99,0,0,0,0,0,0,535667,506125
1107,1382,34252580,33174042,23289,8085,87,8090,0,4,-18,4,-18,1,1,1,1142.86,635.99,1142.86,635.99,0,0,0,0,0,0,597833,568083
1108,1383,32430082,33464667,23861,8085,87,8090,0,5,-18,5,-18,1,1,1,1188.57,662.98,1188.57,662.98,0,0,0,0,0,0,694250,663708
1109,1384,33189710,33154750,23761,8155,87,8160,0,5,-18,5,-18,1,1,1,1188.57,662.98,1188.57,662.98,0,0,0,0,0,0,636084,596166
1110,1385,37351664,36379500,23709,8155,87,8160,0,5,-18,5,-18,1,1,1,1188.57,662.98,1188.57,662.98,0,0,0,0,0,0,694417,663042
1111,1386,32655294,33597375,23773,8156,91,8161,0,5,-18,5,-18,1,1,1,1188.57,662.98,1188.57,662.98,0,0,0,0,0,0,568542,535500
1112,1387,34080337,33985792,23709,8155,87,8160,0,6,-18,6,-18,1,1,1,1234.29,696.59,1234.29,696.59,0,0,0,0,0,0,632250,600125
1113,1388,36380499,35586125,27247,8155,87,8160,0,6,-18,6,-18,1,1,1,1234.29,696.59,1234.29,696.59,0,0,0,0,0,0,619375,581333
1114,1389,29984749,30878084,26451,8155,87,8160,0,6,-18,6,-18,1,1,1,1234.29,696.59,1234.29,696.59,0,0,0,0,0,0,629709,600542
1115,1390,31592376,31555417,23963,8155,87,8160,0,6,-18,6,-18,1,1,1,1234.29,696.59,1234.29,696.59,0,0,0,0,0,0,540875,509000
1116,1391,34776084,33828458,24071,8155,87,8160,0,7,-18,7,-18,1,1,1,1280,736.66,1280,736.66,0,0,0,0,0,0,525041,496250
1117,1392,33434245,33386500,23925,8155,87,8160,0,7,-18,7,-18,1,1,1,1280,736.66,1280,736.66,0,0,0,0,0,0,537500,501500
1118,1393,33684290,34635166,23861,8155,87,8160,0,7,-18,7,-18,1,1,1,1280,736.66,1280,736.66,0,0,0,0,0,0,557959,527500
1119,1394,35270586,35205417,23709,8155,87,8160,0,7,-18,7,-18,1,1,1,1280,736.66,1280,736.66,0,0,0,0,0,0,624875,587709
1120,1395,36435332,35370209,23709,8155,87,8160,0,8,-18,8,-18,1,1,1,1325.71,772.98,1325.71,772.98,0,0,0,0,0,0,636750,602125
1121,1396,34153211,35024917,23825,8155,87,8160,0,8,-18,8,-18,1,1,1,1325.71,772.98,1325.71,772.98,0,0,0,0,0,0,607458,569458
1122,1397,35153705,35281875,23709,8155,87,8160,0,8,-18,8,-18,1,1,1,1325.71,772.98,1325.71,772.98,0,0,0,0,0,0,599167,565000
1123,1398,37205208,36112583,23797,8155,87,8160,0,8,-18,8,-18,1,1,1,1325.71,772.98,1325.71,772.98,0,0,0,0,0,0,725458,675833
1124,1399,44762413,45794208,23773,8155,87,8160,0,9,-18,9,-18,1,1,1,1371.43,801.36,1371.43,801.36,0,0,0,0,0,0,778709,737334
1125,1400,47311961,47258209,23709,8155,90,8160,0,9,-18,9,-18,1,1,1,1371.43,801.36,1371.43,801.36,0,0,0,0,0,0,1214291,1160625
1126,1401,61705250,59723416,23709,8156,88,8161,0,9,-18,9,-18,1,1,1,1371.43,801.36,1371.43,801.36,0,0,0,0,0,0,887625,831334
1127,1402,65171122,67028000,24115,8155,87,8160,0,9,-18,9,-18,1,1,1,1371.43,801.36,1371.43,801.36,0,0,0,0,0,0,1045458,976042
1128,1403,73432840,69411167,24071,8155,87,8160,0,10,-18,10,-18,1,1,1,1417.14,823.72,1417.14,823.72,0,0,0,0,0,0,1008625,947750
1129,1404,65308958,69034167,23989,8155,87,8160,0,10,-18,10,-18,1,1,1,1417.14,823.72,1417.14,823.72,0,0,0,0,0,0,1117834,1046041
1130,1405,70992872,68793125,23849,8155,87,8160,0,10,-18,10,-18,1,1,1,1417.14,823.72,1417.14,823.72,0,0,0,0,0,0,1056916,1003458
1131,1406,61094254,63558041,23773,8155,87,8160,0,10,-18,10,-18,1,1,1,1417.14,823.72,1417.14,823.72,0,0,0,0,0,0,1320834,1230209
1132,1407,56118000,54115042,23709,8155,87,8160,0,11,-18,11,-18,1,1,1,1462.86,845.83,1462.86,845.83,0,0,0,0,0,0,880125,829000
1133,1408,54134041,56014917,23861,8155,87,8160,0,11,-18,11,-18,1,1,1,1462.86,845.83,1462.86,845.83,0,0,0,0,0,0,843584,795292
1134,1409,49454916,47774958,23761,8155,90,8160,0,11,-18,11,-18,1,1,1,1462.86,845.83,1462.86,845.83,0,0,0,0,0,0,748334,705083
1135,1410,47369290,48790542,23773,8155,87,8160,0,11,-18,11,-18,1,1,1,1462.86,845.83,1462.86,845.83,0,0,0,0,0,0,753209,700083
1136,1411,48111338,46933083,24361,8155,87,8160,0,12,-18,12,-18,1,1,1,1508.57,868.27,1508.57,868.27,0,0,0,0,0,0,1076792,1014958
1137,1412,53402956,52833458,23925,8155,87,8160,0,12,-18,12,-18,1,1,1,1508.57,868.27,1508.57,868.27,0,0,0,0,0,0,979208,909542
1138,1413,53548291,55413333,23773,8155,87,8160,0,12,-18,12,-18,1,1,1,1508.57,868.27,1508.57,868.27,0,0,0,0,0,0,940583,878542
1139,1414,52609834,51402666,23849,8155,87,8160,0,12,-18,12,-18,1,1,1,1508.57,868.27,1508.57,868.27,0,0,0,0,0,0,870375,811000
1140,1415,48203330,49298416,23773,8155,87,8160,0,13,-18,13,-18,1,1,1,1554.29,892.25,1554.29,892.25,0,0,0,0,0,0,727625,685458
1141,1416,48957128,49146500,23709,8156,88,8161,0,13,-18,13,-18,1,1,1,1554.29,892.25,1554.29,892.25,0,0,0,0,0,0,763125,715750
1142,1417,59567581,57688875,23709,8155,87,8160,0,13,-18,13,-18,1,1,1,1554.29,892.25,1554.29,892.25,0,0,0,0,0,0,766375,722000
1143,1418,54195374,55900375,23913,8155,90,8160,0,13,-18,13,-18,1,1,1,1554.29,892.25,1554.29,892.25,0,0,0,0,0,0,1091333,1017833
1144,1419,56361459,54986208,23709,8155,87,8160,0,14,-18,14,-18,1,1,1,1600,918.02,1600,918.02,0,0,0,0,0,0,868125,818209
1145,1420,53719747,55056417,23975,8155,87,8160,0,14,-18,14,-18,1,1,1,1600,918.02,1600,918.02,0,0,0,0,0,0,878209,821042
1146,1421,56161083,53499291,24159,8155,87,8160,0,14,-18,14,-18,1,1,1,1600,918.02,1600,918.02,0,0,0,0,0,0,896750,837166
1147,1422,45900546,48643792,24041,8155,87,8160,0,14,-18,14,-18,1,1,1,1600,918.02,1600,918.02,0,0,0,0,0,0,714041,664041
1148,1423,44098079,44086000,23709,8155,87,8160,0,15,-18,15,-18,1,1,1,1645.71,944.98,1645.71,944.98,0,0,0,0,0,0,770834,710083
1149,1424,45235715,43962333,23709,8155,87,8160,0,15,-18,15,-18,1,1,1,1645.71,944.98,1645.71,944.98,0,0,0,0,0,0,711792,662584
1150,1425,40208332,41488542,23861,8155,87,8160,0,15,-18,15,-18,1,1,1,1645.71,944.98,1645.71,944.98,0,0,0,0,0,0,737000,688584
1151,1426,39497952,39487667,23709,8155,87,8160,0,15,-18,15,-18,1,1,1,1645.71,944.98,1645.71,944.98,0,0,0,0,0,0,673625,629958
1152,1427,46068713,44950791,23761,8155,87,8160,0,16,-18,16,-18,1,1,1,1691.43,972.01,1691.43,972.01,0,0,0,0,0,0,712000,669125
1153,1428,39608914,40537666,23773,8155,90,8160,0,16,-18,16,-18,1,1,1,1691.43,972.01,1691.43,972.01,0,0,0,0,0,0,650500,598000
1154,1429,42229585,42339125,23797,8155,87,8160,0,16,-18,16,-18,1,1,1,1691.43,972.01,1691.43,972.01,0,0,0,0,0,0,703750,666958
1155,1430,42911622,41849834,23709,8155,87,8160,0,16,-18,16,-18,1,1,1,1691.43,972.01,1691.43,972.01,0,0,0,0,0,0,676584,630708
1156,1431,41840624,42823208,23975,8156,88,8161,0,15,-18,15,-18,1,1,1,1645.71,944.98,1645.71,944.98,0,0,0,0,0,0,639875,604250
1157,1432,48028960,46438167,24123,8155,87,8160,0,15,-18,15,-18,1,1,1,1645.71,944.98,1645.71,944.98,0,0,0,0,0,0,1019958,949500
1158,1433,46088039,46191667,24013,8155,87,8160,0,15,-18,15,-18,1,1,1,1645.71,944.98,1645.71,944.98,0,0,0,0,0,0,807500,763625
1159,1434,52850708,54233375,23773,8155,87,8160,0,15,-18,15,-18,1,1,1,1645.71,944.98,1645.71,944.98,0,0,0,0,0,0,868584,811625
1160,1435,57834330,55809833,23709,8155,87,8160,0,14,-18,14,-18,1,1,1,1600,918.02,1600,918.02,0,0,0,0,0,0,829417,780125
1161,1436,52308999,54157417,23913,8155,87,8160,0,14,-18,14,-18,1,1,1,1600,918.02,1600,918.02,0,0,0,0,0,0,871708,815417
1162,1437,54987668,53625791,23709,8155,87,8160,0,14,-18,14,-18,1,1,1,1600,918.02,1600,918.02,0,0,0,0,0,0,805708,756750
1163,1438,61598584,62753375,23773,8155,87,8160,0,14,-18,14,-18,1,1,1,1600,918.02,1600,918.02,0,0,0,0,0,0,1204834,1141084
1164,1439,62614001,60782917,23797,8155,90,8160,0,13,-18,13,-18,1,1,1,1554.29,892.25,1554.29,892.25,0,0,0,0,0,0,828375,777792
1165,1440,69498039,71286584,24027,8155,87,8160,0,13,-18,13,-18,1,1,1,1554.29,892.25,1554.29,892.25,0,0,0,0,0,0,1166583,1086166
1166,1441,73203586,69499750,24071,8155,87,8160,0,13,-18,13,-18,1,1,1,1554.29,892.25,1554.29,892.25,0,0,0,0,0,0,1027667,965875
1167,1442,65639004,69480584,24077,8155,87,8160,0,13,-18,13,-18,1,1,1,1554.29,892.25,1554.29,892.25,0,0,0,0,0,0,1133500,1057625
1168,1443,64829371,63157750,23761,8155,87,8160,0,12,-18,12,-18,1,1,1,1508.57,868.27,1508.57,868.27,0,0,0,0,0,0,1077250,1011625
1169,1444,53905915,55547000,23773,8155,87,8160,0,12,-18,12,-18,1,1,1,1508.57,868.27,1508.57,868.27,0,0,0,0,0,0,868792,812000
1170,1445,53093288,51857542,23797,8155,87,8160,0,12,-18,12,-18,1,1,1,1508.57,868.27,1508.57,868.27,0,0,0,0,0,0,844625,794500
1171,1446,49813874,51098792,23773,8156,88,8161,0,12,-18,12,-18,1,1,1,1508.57,868.27,1508.57,868.27,0,0,0,0,0,0,804959,734708
1172,1447,46563379,46590833,23761,8155,90,8160,0,11,-18,11,-18,1,1,1,1462.86,845.83,1462.86,845.83,0,0,0,0,0,0,795709,752834
1173,1448,48257708,46930750,23709,8155,87,8160,0,11,-18,11,-18,1,1,1,1462.86,845.83,1462.86,845.83,0,0,0,0,0,0,750250,701375
1174,1449,46599913,47907625,24063,8155,87,8160,0,11,-18,11,-18,1,1,1,1462.86,845.83,1462.86,845.83,0,0,0,0,0,0,737125,695291
1175,1450,48759125,47290250,24071,8155,87,8160,0,11,-18,11,-18,1,1,1,1462.86,845.83,1462.86,845.83,0,0,0,0,0,0,751583,701417
1176,1451,43905209,44069708,23925,8155,87,8160,0,10,-18,10,-18,1,1,1,1417.14,823.72,1417.14,823.72,0,0,0,0,0,0,755000,712583
1177,1452,42543750,43671500,23825,8155,87,8160,0,10,-18,10,-18,1,1,1,1417.14,823.72,1417.14,823.72,0,0,0,0,0,0,924333,873459
1178,1453,43304245,43418791,23797,8155,87,8160,0,10,-18,10,-18,1,1,1,1417.14,823.72,1417.14,823.72,0,0,0,0,0,0,753625,711542
1179,1454,40941461,39805792,23709,8155,87,8160,0,10,-18,10,-18,1,1,1,1417.14,823.72,1417.14,823.72,0,0,0,0,0,0,659625,612625
1180,1455,37711750,38590125,23773,8155,87,8160,0,9,-18,9,-18,1,1,1,1371.43,801.36,1371.43,801.36,0,0,0,0,0,0,640959,603833
1181,1456,38433503,38533541,23709,8155,87,8160,0,9,-18,9,-18,1,1,1,1371.43,801.36,1371.43,801.36,0,0,0,0,0,0,639167,596334
1182,1457,39287459,38398375,23849,8155,87,8160,0,9,-18,9,-18,1,1,1,1371.43,801.36,1371.43,801.36,0,0,0,0,0,0,667500,631917
1183,1458,32765120,33745750,23773,8155,90,8160,0,9,-18,9,-18,1,1,1,1371.43,801.36,1371.43,801.36,0,0,0,0,0,0,575958,539167
1184,1459,33287003,33271583,23709,8155,87,8160,0,8,-18,8,-18,1,1,1,1325.71,772.98,1325.71,772.98,0,0,0,0,0,0,613250,576083
1185,1460,34403245,33377541,23709,8155,87,8160,0,8,-18,8,-18,1,1,1,1325.71,772.98,1325.71,772.98,0,0,0,0,0,0,614500,560791
1186,1461,32587047,33546416,23773,8156,88,8161,0,8,-18,8,-18,1,1,1,1325.71,772.98,1325.71,772.98,0,0,0,0,0,0,598333,554542
1187,1462,33449456,33456125,23999,8155,87,8160,0,8,-18,8,-18,1,1,1,1325.71,772.98,1325.71,772.98,0,0,0,0,0,0,632416,579625
1188,1463,34880541,33149416,24123,8155,87,8160,0,7,-18,7,-18,1,1,1,1280,736.66,1280,736.66,0,0,0,0,0,0,604708,572166
1189,1464,31663123,33369583,23989,8155,87,8160,0,7,-18,7,-18,1,1,1,1280,736.66,1280,736.66,0,0,0,0,0,0,569292,535625
1190,1465,33192459,33192916,23709,8155,87,8160,0,7,-18,7,-18,1,1,1,1280,736.66,1280,736.66,0,0,0,0,0,0,617541,585500
1191,1466,33348128,33270167,23709,8155,87,8160,0,7,-18,7,-18,1,1,1,1280,736.66,1280,736.66,0,0,0,0,0,0,610000,573334
1192,1467,34506626,33552584,23797,8155,87,8160,0,6,-18,6,-18,1,1,1,1234.29,696.59,1234.29,696.59,0,0,0,0,0,0,606958,575458
1193,1468,32523661,33484750,23773,8155,87,8160,0,6,-18,6,-18,1,1,1,1234.29,696.59,1234.29,696.59,0,0,0,0,0,0,621458,586500
1194,1469,33111296,33136125,23761,8155,87,8160,0,6,-18,6,-18,1,1,1,1234.29,696.59,1234.29,696.59,0,0,0,0,0,0,597000,565959
1195,1470,30303834,30277250,23709,8155,87,8160,0,6,-18,6,-18,1,1,1,1234.29,696.59,1234.29,696.59,0,0,0,0,0,0,607709,574458
1196,1471,31365871,30354750,23709,8155,87,8160,0,5,-18,5,-18,1,1,1,1188.57,662.98,1188.57,662.98,0,0,0,0,0,0,529500,500875
1197,1472,33099289,34082042,23861,8155,87,8160,0,5,-18,5,-18,1,1,1,1188.57,662.98,1188.57,662.98,0,0,0,0,0,0,679833,635291
1198,1473,32572291,32582833,23709,8155,90,8160,0,5,-18,5,-18,1,1,1,1188.57,662.98,1188.57,662.98,0,0,0,0,0,0,606292,574958
1199,1474,31459707,31421125,23709,8155,87,8160,0,5,-18,5,-18,1,1,1,1188.57,662.98,1188.57,662.98,0,0,0,0,0,0,593459,548167
1200,1475,33121295,32189292,23289,8155,87,8160,0,4,-18,4,-18,1,1,1,1142.86,635.99,1142.86,635.99,0,0,0,0,0,0,565333,534458
1201,1476,32278500,33068959,23405,8086,88,8091,0,4,-18,4,-18,1,1,1,1142.86,635.99,1142.86,635.99,0,0,0,0,0,0,548958,520709
1202,1477,37307787,37411375,27029,8085,87,8090,0,4,-18,4,-18,1,1,1,1142.86,635.99,1142.86,635.99,0,0,0,0,0,0,554917,525166
1203,1478,33418290,31648416,26329,8085,87,8090,0,4,-18,4,-18,1,1,1,1142.86,635.99,1142.86,635.99,0,0,0,0,0,0,601875,569042
1204,1479,32137755,33865875,23569,8085,87,8090,0,3,-18,3,-18,1,1,1,1097.14,613.14,1097.14,613.14,0,0,0,0,0,0,703583,672333
1205,1480,33396661,33357541,23289,8085,87,8090,0,3,-18,3,-18,1,1,1,1097.14,613.14,1097.14,613.14,0,0,0,0,0,0,555334,527000
1206,1481,35353586,34285625,23289,8085,87,8090,0,3,-18,3,-18,1,1,1,1097.14,613.14,1097.14,613.14,0,0,0,0,0,0,611708,571875
1207,1482,33211544,34250541,23493,8085,87,8090,0,3,-18,3,-18,1,1,1,1097.14,613.14,1097.14,613.14,0,0,0,0,0,0,573375,540791
1208,1483,36794878,36787458,23289,8085,87,8090,0,2,-18,2,-18,1,1,1,1051.43,590.28,1051.43,590.28,0,0,0,0,0,0,1054000,999709
1209,1484,39623122,38617666,23289,8085,87,8090,0,2,-18,2,-18,1,1,1,1051.43,590.28,1051.43,590.28,0,0,0,0,0,0,1049750,981791
1210,1485,37263832,38166250,23353,8085,87,8090,0,2,-18,2,-18,1,1,1,1051.43,590.28,1051.43,590.28,0,0,0,0,0,0,526625,498041
1211,1486,43641291,43607500,23289,8085,87,8090,0,2,-18,2,-18,1,1,1,1051.43,590.28,1051.43,590.28,0,0,0,0,0,0,681833,637041
1212,1487,42804040,41352291,23377,8085,90,8090,0,1,-18,1,-18,1,1,1,1005.71,567.42,1005.71,567.42,0,0,0,0,0,0,637958,595292
1213,1488,48195499,49487916,23405,8085,87,8090,0,1,-18,1,-18,1,1,1,1005.71,567.42,1005.71,567.42,0,0,0,0,0,0,728083,689416
1214,1489,63914045,62105666,23289,8085,87,8090,0,1,-18,1,-18,1,1,1,1005.71,567.42,1005.71,567.42,0,0,0,0,0,0,1348666,1297500
1215,1490,68312168,68221417,24005,8085,87,8090,0,1,-18,1,-18,1,1,1,1005.71,567.42,1005.71,567.42,0,0,0,0,0,0,1259042,1177500
1216,1491,74096672,72993584,23505,8086,88,8091,0,0,-18,0,-18,1,1,1,960,544.56,960,544.56,0,0,0,0,0,0,1040167,970792
1217,1492,65522953,68361292,23405,8085,87,8090,0,0,-18,0,-18,1,1,1,960,544.56,960,544.56,0,0,0,0,0,0,1089958,1040708
1218,1493,70524089,68798584,23377,8085,87,8090,0,0,-18,0,-18,1,1,1,960,544.56,960,544.56,0,0,0,0,0,0,1005500,941208
1219,1494,61232872,62959542,23353,8085,87,8090,0,0,-18,0,-18,1,1,1,960,544.56,960,544.56,0,0,0,0,0,0,991750,921125
1220,1495,58531504,57230083,23341,8085,87,8090,0,-1,-18,-1,-18,1,1,1,914.29,521.71,914.29,521.71,0,0,0,0,0,0,850000,805875
1221,1496,44718161,46027542,23441,8085,90,8090,0,-1,-18,-1,-18,1,1,1,914.29,521.71,914.29,521.71,0,0,0,0,0,0,852542,803542
1222,1497,46762626,46783625,23289,8085,87,8090,0,-1,-18,-1,-18,1,1,1,914.29,521.71,914.29,521.71,0,0,0,0,0,0,667416,631541
1223,1498,42823873,41780750,23491,8085,87,8090,0,-1,-18,-1,-18,1,1,1,914.29,521.71,914.29,521.71,0,0,0,0,0,0,595750,561834
1224,1499,40982086,40420292,23715,8085,87,8090,0,-2,-18,-2,-18,1,1,1,868.57,498.85,868.57,498.85,0,0,0,0,0,0,659083,616417
1225,1500,42260125,43892000,23645,8085,87,8090,0,-2,-18,-2,-18,1,1,1,868.57,498.85,868.57,498.85,0,0,0,0,0,0,624167,591416
1226,1501,46478662,45149709,23289,8085,87,8090,0,-2,-18,-2,-18,1,1,1,868.57,498.85,868.57,498.85,0,0,0,0,0,0,735792,698833
1227,1502,43105833,44315000,23353,8085,87,8090,0,-2,-18,-2,-18,1,1,1,868.57,498.85,868.57,498.85,0,0,0,0,0,0,721875,670000
1228,1503,44525794,44508125,23289,8085,87,8090,0,-3,-18,-3,-18,1,1,1,822.86,475.99,822.86,475.99,0,0,0,0,0,0,697208,653500
1229,1504,47226998,45647167,23377,8085,87,8090,0,-3,-18,-3,-18,1,1,1,822.86,475.99,822.86,475.99,0,0,0,0,0,0,740042,694834
1230,1505,44983126,46492542,23405,8085,87,8090,0,-3,-18,-3,-18,1,1,1,822.86,475.99,822.86,475.99,0,0,0,0,0,0,682709,639459
1231,1506,50025999,50013375,23289,8086,88,8091,0,-3,-18,-3,-18,1,1,1,822.86,475.99,822.86,475.99,0,0,0,0,0,0,737167,698500
1232,1507,48512876,47309125,23289,8085,90,8090,0,-4,-18,-4,-18,1,1,1,777.14,453.14,777.14,453.14,0,0,0,0,0,0,691417,652083
1233,1508,44695831,45727209,23441,8085,87,8090,0,-4,-18,-4,-18,1,1,1,777.14,453.14,777.14,453.14,0,0,0,0,0,0,712167,668292
1234,1509,43965164,44136542,23491,8085,87,8090,0,-4,-18,-4,-18,1,1,1,777.14,453.14,777.14,453.14,0,0,0,0,0,0,909250,868708
1235,1510,46769004,44579833,23703,8085,87,8090,0,-4,-18,-4,-18,1,1,1,777.14,453.14,777.14,453.14,0,0,0,0,0,0,690083,651500
1236,1511,41834160,43852667,24097,8085,87,8090,0,-5,-18,-5,-18,1,1,1,731.43,431,731.43,431,0,0,0,0,0,0,904959,861500
1237,1512,48852875,48992125,27355,8173,87,8178,0,-5,-18,-5,-18,1,1,1,731.43,431,731.43,431,0,0,0,0,0,0,772333,716875
1238,1513,38370124,37103083,26495,8173,87,8178,0,-5,-18,-5,-18,1,1,1,731.43,431,731.43,431,0,0,0,0,0,0,683750,644750
1239,1514,36440871,37672625,23881,8173,87,8178,0,-5,-18,-5,-18,1,1,1,731.43,431,731.43,431,0,0,0,0,0,0,676708,630167
1240,1515,34173250,34158709,23869,8173,87,8178,0,-6,-18,-6,-18,1,1,1,685.71,416.09,685.71,416.09,0,0,0,0,0,0,684833,629500
1241,1516,34342546,33369666,23905,8173,87,8178,0,-6,-18,-6,-18,1,1,1,685.71,416.09,685.71,416.09,0,0,0,0,0,0,625333,588125
1242,1517,36643203,37632542,23881,8173,87,8178,0,-6,-18,-6,-18,1,1,1,685.71,416.09,685.71,416.09,0,0,0,0,0,0,701042,661500
1243,1518,33735878,33703375,23817,8173,90,8178,0,-6,-18,-6,-18,1,1,1,685.71,416.09,685.71,416.09,0,0,0,0,0,0,586417,546833
1244,1519,34790914,33792584,23817,8173,87,8178,0,-8,-18,-8,-18,1,1,1,594.29,422.77,594.29,422.77,0,0,0,0,0,0,630708,597292
1245,1520,33106122,34044417,23881,8173,87,8178,0,-8,-18,-8,-18,1,1,1,594.29,422.77,594.29,422.77,0,0,0,0,0,0,627292,583875
1246,1521,33670756,33705250,23957,8174,88,8179,0,-8,-18,-8,-18,1,1,1,594.29,422.77,594.29,422.77,0,0,0,0,0,0,586292,549458
1247,1522,34778662,33734291,23817,8173,87,8178,0,-8,-18,-8,-18,1,1,1,594.29,422.77,594.29,422.77,0,0,0,0,0,0,622083,585166
1248,1523,33749289,33765875,24445,8173,87,8178,0,-9,-18,-9,-18,1,1,1,548.57,418.39,548.57,418.39,0,0,0,0,0,0,628208,593959
1249,1524,32145209,33113042,24033,8173,87,8178,0,-9,-18,-9,-18,1,1,1,548.57,418.39,548.57,418.39,0,0,0,0,0,0,644750,605417
1250,1525,34694835,33643292,23817,8173,87,8178,0,-9,-18,-9,-18,1,1,1,548.57,418.39,548.57,418.39,0,0,0,0,0,0,621583,587875
1251,1526,31714830,32751042,23969,8173,87,8178,0,-9,-18,-9,-18,1,1,1,548.57,418.39,548.57,418.39,0,0,0,0,0,0,665708,613833
1252,1527,31940419,31889917,23869,8173,87,8178,0,-10,-18,-10,-18,1,1,1,502.86,399.44,502.86,399.44,0,0,0,0,0,0,572166,539834
1253,1528,33903952,33896417,23817,8173,87,8178,0,-10,-18,-10,-18,1,1,1,502.86,399.44,502.86,399.44,0,0,0,0,0,0,610417,570375
1254,1529,35786166,34716917,23817,8173,87,8178,0,-10,-18,-10,-18,1,1,1,502.86,399.44,502.86,399.44,0,0,0,0,0,0,591416,555875
1255,1530,34983042,35965583,23881,8173,87,8178,0,-10,-18,-10,-18,1,1,1,502.86,399.44,502.86,399.44,0,0,0,0,0,0,677750,638125
1256,1531,35242792,35315208,23905,8173,87,8178,0,-11,-18,-11,-18,1,1,1,457.14,380.06,457.14,380.06,0,0,0,0,0,0,616250,582250
1257,1532,41418127,40390791,23817,8173,87,8178,0,-11,-18,-11,-18,1,1,1,457.14,380.06,457.14,380.06,0,0,0,0,0,0,672709,627458
1258,1533,35584375,36523250,23933,8173,90,8178,0,-11,-18,-11,-18,1,1,1,457.14,380.06,457.14,380.06,0,0,0,0,0,0,591250,557083
1259,1534,36383036,36352709,23817,8173,87,8178,0,-11,-18,-11,-18,1,1,1,457.14,380.06,457.14,380.06,0,0,0,0,0,0,695750,656125
1260,1535,41606504,40349083,23817,8173,87,8178,0,-12,-18,-12,-18,1,1,1,411.43,359.32,411.43,359.32,0,0,0,0,0,0,1120584,1037750
1261,1536,45131873,46252375,24171,8174,88,8179,0,-12,-18,-12,-18,1,1,1,411.43,359.32,411.43,359.32,0,0,0,0,0,0,835584,782958
1262,1537,52998960,51034667,24179,8173,87,8178,0,-12,-18,-12,-18,1,1,1,411.43,359.32,411.43,359.32,0,0,0,0,0,0,771125,727709
1263,1538,64929373,64896959,24085,8173,87,8178,0,-12,-18,-12,-18,1,1,1,411.43,359.32,411.43,359.32,0,0,0,0,0,0,1069500,991459
1264,1539,64624920,66282750,23969,8173,87,8178,0,-13,-18,-13,-18,1,1,1,365.71,336.6,365.71,336.6,0,0,0,0,0,0,1075625,1005792
1265,1540,73720872,71979959,23817,8173,87,8178,0,-13,-18,-13,-18,1,1,1,365.71,336.6,365.71,336.6,0,0,0,0,0,0,1198166,1117208
1266,1541,68408213,70139125,23933,8173,87,8178,0,-13,-18,-13,-18,1,1,1,365.71,336.6,365.71,336.6,0,0,0,0,0,0,1119000,1055541
1267,1542,73685914,71799708,23905,8173,87,8178,0,-13,-18,-13,-18,1,1,1,365.71,336.6,365.71,336.6,0,0,0,0,0,0,1179875,1102291
1268,1543,55904250,57930833,23881,8173,90,8178,0,-14,-18,-14,-18,1,1,1,320,311.82,320,311.82,0,0,0,0,0,0,1072875,1010625
1269,1544,53341958,52079875,24019,8173,87,8178,0,-14,-18,-14,-18,1,1,1,320,311.82,320,311.82,0,0,0,0,0,0,1077208,1001750
1270,1545,45980833,45764834,24383,8173,87,8178,0,-14,-18,-14,-18,1,1,1,320,311.82,320,311.82,0,0,0,0,0,0,791667,743042
1271,1546,40020048,41486500,24033,8173,87,8178,0,-14,-18,-14,-18,1,1,1,320,311.82,320,311.82,0,0,0,0,0,0,786667,733041
1272,1547,40764745,39489459,23817,8173,87,8178,0,-15,-18,-15,-18,1,1,1,274.29,285.43,274.29,285.43,0,0,0,0,0,0,677500,639584
1273,1548,39327960,40580875,23881,8173,87,8178,0,-15,-18,-15,-18,1,1,1,274.29,285.43,274.29,285.43,0,0,0,0,0,0,704834,645042
1274,1549,40580037,40596500,23905,8173,87,8178,0,-15,-18,-15,-18,1,1,1,274.29,285.43,274.29,285.43,0,0,0,0,0,0,671750,614834
1275,1550,40416128,39310125,23869,8173,87,8178,0,-15,-18,-15,-18,1,1,1,274.29,285.43,274.29,285.43,0,0,0,0,0,0,706250,641750
1276,1551,38519203,39387500,23881,8174,88,8179,0,-16,-18,-16,-18,1,1,1,228.57,258.09,228.57,258.09,0,0,0,0,0,0,706750,643875
1277,1552,43619543,43728250,23817,8173,87,8178,0,-16,-18,-16,-18,1,1,1,228.57,258.09,228.57,258.09,0,0,0,0,0,0,778250,705500
1278,1553,46939045,45677000,23905,8173,90,8178,0,-16,-18,-16,-18,1,1,1,228.57,258.09,228.57,258.09,0,0,0,0,0,0,787667,726792
1279,1554,43864123,45142125,23881,8173,87,8178,0,-16,-18,-16,-18,1,1,1,228.57,258.09,228.57,258.09,0,0,0,0,0,0,833125,761125
1280,1555,45395456,45399834,23869,8173,87,8178,0,-17,-18,-17,-18,1,1,1,182.86,230.19,182.86,230.19,0,0,0,0,0,0,1043417,970917
1281,1556,46896122,44607125,24019,8173,87,8178,0,-17,-18,-17,-18,1,1,1,182.86,230.19,182.86,230.19,0,0,0,0,0,0,761583,694458
1282,1557,45800253,48013542,24547,8173,87,8178,0,-17,-18,-17,-18,1,1,1,182.86,230.19,182.86,230.19,0,0,0,0,0,0,1006709,936208
1283,1558,55474538,53862542,23817,8173,87,8178,0,-17,-18,-17,-18,1,1,1,182.86,230.19,182.86,230.19,0,0,0,0,0,0,1055375,956958
1284,1559,49524914,51031667,23881,8173,87,8178,0,-16,-18,-16,-18,1,1,1,228.57,258.09,228.57,258.09,0,0,0,0,0,0,851625,782500
1285,1560,44790957,44856167,23957,8173,87,8178,0,-16,-18,-16,-18,1,1,1,228.57,258.09,228.57,258.09,0,0,0,0,0,0,739084,672583
1286,1561,44406045,43188333,23817,8173,87,8178,0,-16,-18,-16,-18,1,1,1,228.57,258.09,228.57,258.09,0,0,0,0,0,0,776750,716083
1287,1562,40770620,42003959,23881,8173,87,8178,0,-16,-18,-16,-18,1,1,1,228.57,258.09,228.57,258.09,0,0,0,0,0,0,763459,685041
1288,1563,40751546,40657875,23817,8173,87,8178,0,-15,-18,-15,-18,1,1,1,274.29,285.43,274.29,285.43,0,0,0,0,0,0,744458,688833
1289,1564,37576247,36657542,23905,8173,90,8178,0,-15,-18,-15,-18,1,1,1,274.29,285.43,274.29,285.43,0,0,0,0,0,0,706209,639375
1290,1565,32980959,33958792,23933,8173,87,8178,0,-15,-18,-15,-18,1,1,1,274.29,285.43,274.29,285.43,0,0,0,0,0,0,590708,541000
1291,1566,33495381,33481834,23817,8174,88,8179,0,-15,-18,-15,-18,1,1,1,274.29,285.43,274.29,285.43,0,0,0,0,0,0,622750,562375
1292,1567,36659996,35628291,23817,8173,87,8178,0,-14,-18,-14,-18,1,1,1,320,311.82,320,311.82,0,0,0,0,0,0,619292,569250
1293,1568,34611832,35559416,24083,8173,87,8178,0,-14,-18,-14,-18,1,1,1,320,311.82,320,311.82,0,0,0,0,0,0,788000,735708
1294,1569,38592375,37269542,24267,8173,87,8178,0,-14,-18,-14,-18,1,1,1,320,311.82,320,311.82,0,0,0,0,0,0,743208,697750
1295,1570,37024665,37206334,24033,8173,87,8178,0,-14,-18,-14,-18,1,1,1,320,311.82,320,311.82,0,0,0,0,0,0,999584,933875
1296,1571,34787081,35921000,23933,8173,87,8178,0,-13,-18,-13,-18,1,1,1,365.71,336.6,365.71,336.6,0,0,0,0,0,0,630250,597292
1297,1572,35419289,35357542,23817,8173,87,8178,0,-13,-18,-13,-18,1,1,1,365.71,336.6,365.71,336.6,0,0,0,0,0,0,657959,618375
1298,1573,38175582,36890417,23817,8173,87,8178,0,-13,-18,-13,-18,1,1,1,365.71,336.6,365.71,336.6,0,0,0,0,0,0,628375,594542
1299,1574,39086960,40099000,23969,8173,87,8178,0,-13,-18,-13,-18,1,1,1,365.71,336.6,365.71,336.6,0,0,0,0,0,0,752167,699000
1300,1575,44555541,44675291,23817,8173,87,8178,0,-12,-18,-12,-18,1,1,1,411.43,359.32,411.43,359.32,0,0,0,0,0,0,660291,621625
1301,1576,52585255,51197583,23817,8173,87,8178,0,-12,-18,-12,-18,1,1,1,411.43,359.32,411.43,359.32,0,0,0,0,0,0,806042,756542
1302,1577,52951537,54251708,23933,8173,90,8178,0,-12,-18,-12,-18,1,1,1,411.43,359.32,411.43,359.32,0,0,0,0,0,0,872125,821375
1303,1578,64808130,62771334,23905,8173,87,8178,0,-12,-18,-12,-18,1,1,1,411.43,359.32,411.43,359.32,0,0,0,0,0,0,838583,781375
1304,1579,69349408,69511958,24445,8173,87,8178,0,-11,-18,-11,-18,1,1,1,457.14,380.06,457.14,380.06,0,0,0,0,0,0,1060875,992458
1305,1580,66414378,66660834,24033,8173,87,8178,0,-11,-18,-11,-18,1,1,1,457.14,380.06,457.14,380.06,0,0,0,0,0,0,1095875,1023958
1306,1581,55794835,57346583,24021,8174,88,8179,0,-11,-18,-11,-18,1,1,1,457.14,380.06,457.14,380.06,0,0,0,0,0,0,928208,875000
1307,1582,56238040,54490250,23817,8173,87,8178,0,-11,-18,-11,-18,1,1,1,457.14,380.06,457.14,380.06,0,0,0,0,0,0,1202042,1125459
1308,1583,53968545,55636500,23881,8173,87,8178,0,-10,-18,-10,-18,1,1,1,502.86,399.44,502.86,399.44,0,0,0,0,0,0,914500,863375
1309,1584,52391495,51177875,23905,8173,87,8178,0,-10,-18,-10,-18,1,1,1,502.86,399.44,502.86,399.44,0,0,0,0,0,0,901000,835833
1310,1585,50728499,52012667,23933,8173,87,8178,0,-10,-18,-10,-18,1,1,1,502.86,399.44,502.86,399.44,0,0,0,0,0,0,1410792,1347541
1311,1586,46165753,46085083,23817,8173,90,8178,0,-10,-18,-10,-18,1,1,1,502.86,399.44,502.86,399.44,0,0,0,0,0,0,740458,680625
1312,1587,49874335,48629875,23817,8173,87,8178,0,-9,-18,-9,-18,1,1,1,548.57,418.39,548.57,418.39,0,0,0,0,0,0,768875,725792
1313,1588,47340206,48566625,24171,8173,87,8178,0,-9,-18,-9,-18,1,1,1,548.57,418.39,548.57,418.39,0,0,0,0,0,0,745792,697334
1314,1589,56899461,54199042,24179,8173,87,8178,0,-9,-18,-9,-18,1,1,1,548.57,418.39,548.57,418.39,0,0,0,0,0,0,763250,717584
1315,1590,53109578,55687500,24149,8173,87,8178,0,-9,-18,-9,-18,1,1,1,548.57,418.39,548.57,418.39,0,0,0,0,0,0,1013292,951875
1316,1591,58149248,56371958,23905,8173,87,8178,0,-8,-18,-8,-18,1,1,1,594.29,422.77,594.29,422.77,0,0,0,0,0,0,1199625,1126042
1317,1592,53572088,55291583,23881,8173,87,8178,0,-8,-18,-8,-18,1,1,1,594.29,422.77,594.29,422.77,0,0,0,0,0,0,885375,826250
1318,1593,54553039,53074916,23817,8173,87,8178,0,-8,-18,-8,-18,1,1,1,594.29,422.77,594.29,422.77,0,0,0,0,0,0,906500,854459
1319,1594,54107043,55464083,24021,8173,87,8178,0,-8,-18,-8,-18,1,1,1,594.29,422.77,594.29,422.77,0,0,0,0,0,0,941250,879375
1320,1595,43875664,44080000,23817,8173,90,8178,0,-6,-18,-6,-18,1,1,1,685.71,416.09,685.71,416.09,0,0,0,0,0,0,770750,726917
1321,1596,40591452,39531834,23817,8174,88,8179,0,-6,-18,-6,-18,1,1,1,685.71,416.09,685.71,416.09,0,0,0,0,0,0,774625,725833
1322,1597,35945251,37004625,23881,8173,87,8178,0,-6,-18,-6,-18,1,1,1,685.71,416.09,685.71,416.09,0,0,0,0,0,0,683667,644625
1323,1598,33442374,33442125,23905,8173,87,8178,0,-6,-18,-6,-18,1,1,1,685.71,416.09,685.71,416.09,0,0,0,0,0,0,652458,610792
1324,1599,34963876,33255125,24433,8173,87,8178,0,-5,-18,-5,-18,1,1,1,731.43,431,731.43,431,0,0,0,0,0,0,621708,585833
1325,1600,31519457,33201875,24097,8173,87,8178,0,-5,-18,-5,-18,1,1,1,731.43,431,731.43,431,0,0,0,0,0,0,643625,592208
1326,1601,33300001,33310041,23817,8173,87,8178,0,-5,-18,-5,-18,1,1,1,731.43,431,731.43,431,0,0,0,0,0,0,604583,569708
1327,1602,33411081,33332208,23817,8173,87,8178,0,-5,-18,-5,-18,1,1,1,731.43,431,731.43,431,0,0,0,0,0,0,658500,616708
1328,1603,34391753,33434459,23377,8173,87,8178,0,-4,-18,-4,-18,1,1,1,777.14,453.14,777.14,453.14,0,0,0,0,0,0,634959,593375
1329,1604,32268706,33238333,23353,8085,87,8090,0,-4,-18,-4,-18,1,1,1,777.14,453.14,777.14,453.14,0,0,0,0,0,0,536041,505500
1330,1605,33093333,33088250,23289,8085,87,8090,0,-4,-18,-4,-18,1,1,1,777.14,453.14,777.14,453.14,0,0,0,0,0,0,556833,526333
1331,1606,33397164,33367584,23341,8085,87,8090,0,-4,-18,-4,-18,1,1,1,777.14,453.14,777.14,453.14,0,0,0,0,0,0,581542,548666
1332,1607,34518375,33417667,23289,8085,87,8090,0,-3,-18,-3,-18,1,1,1,822.86,475.99,822.86,475.99,0,0,0,0,0,0,568334,539292
1333,1608,40577039,41660667,26891,8085,87,8090,0,-3,-18,-3,-18,1,1,1,822.86,475.99,822.86,475.99,0,0,0,0,0,0,663792,628916
1334,1609,33108588,33096125,25967,8085,90,8090,0,-3,-18,-3,-18,1,1,1,822.86,475.99,822.86,475.99,0,0,0,0,0,0,589208,550416
1335,1610,34288540,33253667,23289,8085,87,8090,0,-3,-18,-3,-18,1,1,1,822.86,475.99,822.86,475.99,0,0,0,0,0,0,533500,504042
1336,1611,32611038,33596083,23353,8086,88,8091,0,-2,-18,-2,-18,1,1,1,868.57,498.85,868.57,498.85,0,0,0,0,0,0,531083,502375
1337,1612,31710125,31669584,23341,8085,87,8090,0,-2,-18,-2,-18,1,1,1,868.57,498.85,868.57,498.85,0,0,0,0,0,0,547375,511542
1338,1613,29993707,30054250,23377,8085,87,8090,0,-2,-18,-2,-18,1,1,1,868.57,498.85,868.57,498.85,0,0,0,0,0,0,546250,518541
1339,1614,31760580,30157708,23853,8085,87,8090,0,-2,-18,-2,-18,1,1,1,868.57,498.85,868.57,498.85,0,0,0,0,0,0,536291,509750
1340,1615,29851084,31416834,23569,8085,87,8090,0,-1,-18,-1,-18,1,1,1,914.29,521.71,914.29,521.71,0,0,0,0,0,0,561625,525792
1341,1616,34374795,34323125,23289,8085,87,8090,0,-1,-18,-1,-18,1,1,1,914.29,521.71,914.29,521.71,0,0,0,0,0,0,534416,502917
1342,1617,37969708,36849083,23289,8085,87,8090,0,-1,-18,-1,-18,1,1,1,914.29,521.71,914.29,521.71,0,0,0,0,0,0,1310042,1257417
1343,1618,35146791,36144958,23441,8085,87,8090,0,-1,-18,-1,-18,1,1,1,914.29,521.71,914.29,521.71,0,0,0,0,0,0,592250,553875
1344,1619,36108214,36142667,23341,8085,87,8090,0,0,-18,0,-18,1,1,1,960,544.56,960,544.56,0,0,0,0,0,0,624750,593625
1345,1620,37172995,35762542,23289,8085,87,8090,0,0,-18,0,-18,1,1,1,960,544.56,960,544.56,0,0,0,0,0,0,553208,524000
1346,1621,36574292,38010666,23353,8085,87,8090,0,0,-18,0,-18,1,1,1,960,544.56,960,544.56,0,0,0,0,0,0,911875,861666
1347,1622,35499751,35407333,23289,8083,87,8088,0,0,-18,0,-18,1,1,1,960,544.56,960,544.56,0,0,0,0,0,0,547917,519166
1348,1623,43257545,42003666,23377,8085,87,8090,0,1,-18,1,-18,1,1,1,1005.71,567.42,1005.71,567.42,0,0,0,0,0,0,642791,607625
1349,1624,41663203,42866250,23353,8085,90,8090,0,1,-18,1,-18,1,1,1,1005.71,567.42,1005.71,567.42,0,0,0,0,0,0,753042,713000
1350,1625,55378500,55237875,23341,8085,87,8090,0,1,-18,1,-18,1,1,1,1005.71,567.42,1005.71,567.42,0,0,0,0,0,0,725375,688750
1351,1626,68219207,66330167,23491,8086,88,8091,0,1,-18,1,-18,1,1,1,1005.71,567.42,1005.71,567.42,0,0,0,0,0,0,1301209,1246584
1352,1627,68627879,68327333,23803,8085,87,8090,0,2,-18,2,-18,1,1,1,1051.43,590.28,1051.43,590.28,0,0,0,0,0,0,1117084,1002625
1353,1628,69089077,68948833,23505,8085,87,8090,0,2,-18,2,-18,1,1,1,1051.43,590.28,1051.43,590.28,0,0,0,0,0,0,1044708,987083
1354,1629,68382084,70385708,23405,8085,87,8090,0,2,-18,2,-18,1,1,1,1051.43,590.28,1051.43,590.28,0,0,0,0,0,0,953292,900125
1355,1630,68666875,67028750,23377,8085,87,8090,0,2,-18,2,-18,1,1,1,1051.43,590.28,1051.43,590.28,0,0,0,0,0,0,975708,912625
1356,1631,58626793,60200750,23353,8085,87,8090,0,3,-18,3,-18,1,1,1,1097.14,613.14,1097.14,613.14,0,0,0,0,0,0,1190167,1140875
1357,1632,54437585,52756375,23289,8085,90,8090,0,3,-18,3,-18,1,1,1,1097.14,613.14,1097.14,613.14,0,0,0,0,0,0,823458,780458
1358,1633,45843500,47648875,23493,8085,87,8090,0,3,-18,3,-18,1,1,1,1097.14,613.14,1097.14,613.14,0,0,0,0,0,0,828000,776542
1359,1634,47310452,47400750,23289,8085,87,8090,0,3,-18,3,-18,1,1,1,1097.14,613.14,1097.14,613.14,0,0,0,0,0,0,1127167,1077542
1360,1635,49013089,46580667,23853,8085,87,8090,0,4,-18,4,-18,1,1,1,1142.86,635.99,1142.86,635.99,0,0,0,0,0,0,797792,741250
1361,1636,46117085,48432417,23569,8085,87,8090,0,4,-18,4,-18,1,1,1,1142.86,635.99,1142.86,635.99,0,0,0,0,0,0,693208,648750
1362,1637,47338370,47355625,23377,8085,87,8090,0,4,-18,4,-18,1,1,1,1142.86,635.99,1142.86,635.99,0,0,0,0,0,0,677416,639666
1363,1638,49594286,47867167,23341,8085,87,8090,0,4,-18,4,-18,1,1,1,1142.86,635.99,1142.86,635.99,0,0,0,0,0,0,668375,632167
1364,1639,49688249,51282333,23773,8085,87,8090,0,5,-18,5,-18,1,1,1,1188.57,662.98,1188.57,662.98,0,0,0,0,0,0,894792,855667
1365,1640,55915754,54367000,23709,8155,87,8160,0,5,-18,5,-18,1,1,1,1188.57,662.98,1188.57,662.98,0,0,0,0,0,0,854666,794625
1366,1641,66340625,67460750,27311,8156,88,8161,0,5,-18,5,-18,1,1,1,1188.57,662.98,1188.57,662.98,0,0,0,0,0,0,1402584,1327167
1367,1642,53517751,52535917,26439,8155,90,8160,0,5,-18,5,-18,1,1,1,1188.57,662.98,1188.57,662.98,0,0,0,0,0,0,900125,847333
1368,1643,47728955,49138417,23773,8155,87,8160,0,6,-18,6,-18,1,1,1,1234.29,696.59,1234.29,696.59,0,0,0,0,0,0,844208,795750
1369,1644,44304087,44316583,23999,8155,87,8160,0,6,-18,6,-18,1,1,1,1234.29,696.59,1234.29,696.59,0,0,0,0,0,0,743417,694000
1370,1645,40889121,38997417,24071,8155,87,8160,0,6,-18,6,-18,1,1,1,1234.29,696.59,1234.29,696.59,0,0,0,0,0,0,745750,703917
1371,1646,35930294,37820666,23989,8155,87,8160,0,6,-18,6,-18,1,1,1,1234.29,696.59,1234.29,696.59,0,0,0,0,0,0,638334,598208
1372,1647,33632207,33601583,23761,8155,87,8160,0,7,-18,7,-18,1,1,1,1280,736.66,1280,736.66,0,0,0,0,0,0,593917,562042
1373,1648,34158043,33185083,23797,8155,87,8160,0,7,-18,7,-18,1,1,1,1280,736.66,1280,736.66,0,0,0,0,0,0,712250,669959
1374,1649,32803706,33821750,23773,8155,87,8160,0,7,-18,7,-18,1,1,1,1280,736.66,1280,736.66,0,0,0,0,0,0,568792,536875
1375,1650,33134792,33085792,23709,8155,87,8160,0,7,-18,7,-18,1,1,1,1280,736.66,1280,736.66,0,0,0,0,0,0,678459,641667
1376,1651,34561041,33549875,23709,8155,87,8160,0,8,-18,8,-18,1,1,1,1325.71,772.98,1325.71,772.98,0,0,0,0,0,0,736875,698833
1377,1652,32517082,33459167,23773,8155,87,8160,0,8,-18,8,-18,1,1,1,1325.71,772.98,1325.71,772.98,0,0,0,0,0,0,573750,534250
1378,1653,36009170,36060084,23849,8155,87,8160,0,8,-18,8,-18,1,1,1,1325.71,772.98,1325.71,772.98,0,0,0,0,0,0,670583,636667
1379,1654,34825667,33779958,23709,8155,90,8160,0,8,-18,8,-18,1,1,1,1325.71,772.98,1325.71,772.98,0,0,0,0,0,0,593375,554791
1380,1655,30184375,31207375,23773,8155,87,8160,0,9,-18,9,-18,1,1,1,1371.43,801.36,1371.43,801.36,0,0,0,0,0,0,571416,539500
1381,1656,30279329,30254959,23709,8156,88,8161,0,9,-18,9,-18,1,1,1,1371.43,801.36,1371.43,801.36,0,0,0,0,0,0,566375,526083
1382,1657,30985707,30920459,23709,8155,87,8160,0,9,-18,9,-18,1,1,1,1371.43,801.36,1371.43,801.36,0,0,0,0,0,0,593042,556375
1383,1658,31379796,30501292,23797,8155,87,8160,0,9,-18,9,-18,1,1,1,1371.43,801.36,1371.43,801.36,0,0,0,0,0,0,576459,541042
1384,1659,29116956,30036417,23975,8155,87,8160,0,10,-18,10,-18,1,1,1,1417.14,823.72,1417.14,823.72,0,0,0,0,0,0,562667,532541
1385,1660,31196286,30210125,24123,8155,87,8160,0,10,-18,10,-18,1,1,1,1417.14,823.72,1417.14,823.72,0,0,0,0,0,0,596583,559875
1386,1661,29440836,30390084,23925,8155,87,8160,0,10,-18,10,-18,1,1,1,1417.14,823.72,1417.14,823.72,0,0,0,0,0,0,545500,515416
1387,1662,33885665,32855833,23709,8155,87,8160,0,10,-18,10,-18,1,1,1,1417.14,823.72,1417.14,823.72,0,0,0,0,0,0,576083,542166
1388,1663,31591836,32591125,23861,8155,87,8160,0,11,-18,11,-18,1,1,1,1462.86,845.83,1462.86,845.83,0,0,0,0,0,0,532959,498959
1389,1664,33306285,33254750,23709,8155,87,8160,0,11,-18,11,-18,1,1,1,1462.86,845.83,1462.86,845.83,0,0,0,0,0,0,595959,556875
1390,1665,33457502,33470250,23709,8155,87,8160,0,11,-18,11,-18,1,1,1,1462.86,845.83,1462.86,845.83,0,0,0,0,0,0,582958,549708
1391,1666,34561995,33531000,23709,8155,87,8160,0,11,-18,11,-18,1,1,1,1462.86,845.83,1462.86,845.83,0,0,0,0,0,0,603500,564625
1392,1667,32634001,33476875,23825,8155,87,8160,0,12,-18,12,-18,1,1,1,1508.57,868.27,1508.57,868.27,0,0,0,0,0,0,608125,574083
1393,1668,35406000,35498000,23797,8155,87,8160,0,12,-18,12,-18,1,1,1,1508.57,868.27,1508.57,868.27,0,0,0,0,0,0,728708,672208
1394,1669,42469918,41459708,23709,8155,87,8160,0,12,-18,12,-18,1,1,1,1508.57,868.27,1508.57,868.27,0,0,0,0,0,0,727000,684916
1395,1670,36031290,37011792,23773,8155,90,8160,0,12,-18,12,-18,1,1,1,1508.57,868.27,1508.57,868.27,0,0,0,0,0,0,629917,589375
1396,1671,35014584,34935041,23709,8156,88,8161,0,13,-18,13,-18,1,1,1,1554.29,892.25,1554.29,892.25,0,0,0,0,0,0,599875,560625
1397,1672,36868330,35449209,23709,8155,87,8160,0,13,-18,13,-18,1,1,1,1554.29,892.25,1554.29,892.25,0,0,0,0,0,0,948458,899459
1398,1673,33668246,35149250,23913,8155,87,8160,0,13,-18,13,-18,1,1,1,1554.29,892.25,1554.29,892.25,0,0,0,0,0,0,622333,588833
1399,1674,39801999,38566042,24273,8155,87,8160,0,13,-18,13,-18,1,1,1,1554.29,892.25,1554.29,892.25,0,0,0,0,0,0,756125,707083
1400,1675,43629541,42938708,23925,8155,87,8160,0,14,-18,14,-18,1,1,1,1600,918.02,1600,918.02,0,0,0,0,0,0,896208,851041
1401,1676,47273751,48800500,23773,8155,87,8160,0,14,-18,14,-18,1,1,1,1600,918.02,1600,918.02,0,0,0,0,0,0,881916,819583
1402,1677,63090458,61489750,23797,8155,87,8160,0,14,-18,14,-18,1,1,1,1600,918.02,1600,918.02,0,0,0,0,0,0,1076375,1016125
1403,1678,66721670,68387000,23825,8155,87,8160,0,14,-18,14,-18,1,1,1,1600,918.02,1600,918.02,0,0,0,0,0,0,1385792,1311792
1404,1679,71021914,68595958,23709,8155,87,8160,0,15,-18,15,-18,1,1,1,1645.71,944.98,1645.71,944.98,0,0,0,0,0,0,1502667,1441083
1405,1680,73420412,75798375,23861,8155,87,8160,0,15,-18,15,-18,1,1,1,1645.71,944.98,1645.71,944.98,0,0,0,0,0,0,1212667,1133083
1406,1681,71251377,69156625,23761,8155,90,8160,0,15,-18,15,-18,1,1,1,1645.71,944.98,1645.71,944.98,0,0,0,0,0,0,1055042,992750
1407,1682,60860417,62949834,23975,8155,87,8160,0,15,-18,15,-18,1,1,1,1645.71,944.98,1645.71,944.98,0,0,0,0,0,0,1049750,973833
1408,1683,56626211,54368500,24159,8155,87,8160,0,16,-18,16,-18,1,1,1,1691.43,972.01,1691.43,972.01,0,0,0,0,0,0,896708,843875
1409,1684,43412413,45772667,23989,8155,87,8160,0,16,-18,16,-18,1,1,1,1691.43,972.01,1691.43,972.01,0,0,0,0,0,0,813375,712291
1410,1685,46695500,46485875,23761,8155,87,8160,0,16,-18,16,-18,1,1,1,1691.43,972.01,1691.43,972.01,0,0,0,0,0,0,725542,684209
1411,1686,48499122,46863083,23709,8156,88,8161,0,16,-18,16,-18,1,1,1,1691.43,972.01,1691.43,972.01,0,0,0,0,0,0,730875,682250
1412,1687,43307334,45077083,23861,8155,87,8160,0,15,-18,15,-18,1,1,1,1645.71,944.98,1645.71,944.98,0,0,0,0,0,0,734833,685042
1413,1688,46614333,46539833,23709,8155,87,8160,0,15,-18,15,-18,1,1,1,1645.71,944.98,1645.71,944.98,0,0,0,0,0,0,726000,673458
1414,1689,51374420,50205041,23709,8155,87,8160,0,15,-18,15,-18,1,1,1,1645.71,944.98,1645.71,944.98,0,0,0,0,0,0,945834,900875
1415,1690,45943085,46715083,23825,8155,90,8160,0,15,-18,15,-18,1,1,1,1645.71,944.98,1645.71,944.98,0,0,0,0,0,0,756417,708875
1416,1691,44954620,45327750,23797,8155,87,8160,0,14,-18,14,-18,1,1,1,1600,918.02,1600,918.02,0,0,0,0,0,0,749500,707917
1417,1692,44540625,43385000,23709,8155,87,8160,0,14,-18,14,-18,1,1,1,1600,918.02,1600,918.02,0,0,0,0,0,0,660458,613875
1418,1693,44881463,44470084,24337,8155,87,8160,0,14,-18,14,-18,1,1,1,1600,918.02,1600,918.02,0,0,0,0,0,0,724000,677500
1419,1694,41658580,43105833,23925,8155,87,8160,0,14,-18,14,-18,1,1,1,1600,918.02,1600,918.02,0,0,0,0,0,0,753792,664417
1420,1695,42125836,41080209,23849,8155,87,8160,0,13,-18,13,-18,1,1,1,1554.29,892.25,1554.29,892.25,0,0,0,0,0,0,793958,756667
1421,1696,37208035,38321375,23773,8155,87,8160,0,13,-18,13,-18,1,1,1,1554.29,892.25,1554.29,892.25,0,0,0,0,0,0,666916,617792
1422,1697,38124587,38075334,23709,8155,87,8160,0,13,-18,13,-18,1,1,1,1554.29,892.25,1554.29,892.25,0,0,0,0,0,0,667667,630958
1423,1698,38994330,37840166,23709,8155,87,8160,0,13,-18,13,-18,1,1,1,1554.29,892.25,1554.29,892.25,0,0,0,0,0,0,639500,596083
1424,1699,36741375,37862166,23861,8155,87,8160,0,12,-18,12,-18,1,1,1,1508.57,868.27,1508.57,868.27,0,0,0,0,0,0,659792,613458
1425,1700,38187790,38193583,23709,8155,87,8160,0,12,-18,12,-18,1,1,1,1508.57,868.27,1508.57,868.27,0,0,0,0,0,0,671584,627875
1426,1701,42540207,40471625,23761,8156,88,8161,0,12,-18,12,-18,1,1,1,1508.57,868.27,1508.57,868.27,0,0,0,0,0,0,740541,702084
1427,1702,35534955,37498000,23773,8155,90,8160,0,12,-18,12,-18,1,1,1,1508.57,868.27,1508.57,868.27,0,0,0,0,0,0,635209,597334
1428,1703,40657881,40657541,23797,8155,87,8160,0,11,-18,11,-18,1,1,1,1462.86,845.83,1462.86,845.83,0,0,0,0,0,0,599208,566250
1429,1704,40400121,39340250,23709,8155,87,8160,0,11,-18,11,-18,1,1,1,1462.86,845.83,1462.86,845.83,0,0,0,0,0,0,1204750,1152125
1430,1705,39540503,40582875,23975,8155,87,8160,0,11,-18,11,-18,1,1,1,1462.86,845.83,1462.86,845.83,0,0,0,0,0,0,661625,622875
1431,1706,42651664,40697584,24071,8155,87,8160,0,11,-18,11,-18,1,1,1,1462.86,845.83,1462.86,845.83,0,0,0,0,0,0,644250,599875
1432,1707,46322748,46784334,24065,8155,87,8160,0,10,-18,10,-18,1,1,1,1417.14,823.72,1417.14,823.72,0,0,0,0,0,0,727708,682875
1433,1708,43020047,44424750,23773,8155,87,8160,0,10,-18,10,-18,1,1,1,1417.14,823.72,1417.14,823.72,0,0,0,0,0,0,1066375,1009625
1434,1709,48769287,48700250,23709,8155,87,8160,0,10,-18,10,-18,1,1,1,1417.14,823.72,1417.14,823.72,0,0,0,0,0,0,775500,733083
1435,1710,54296873,52762750,23709,8155,87,8160,0,10,-18,10,-18,1,1,1,1417.14,823.72,1417.14,823.72,0,0,0,0,0,0,858084,801792
1436,1711,52520789,53751208,23861,8155,87,8160,0,9,-18,9,-18,1,1,1,1371.43,801.36,1371.43,801.36,0,0,0,0,0,0,877667,827791
1437,1712,58862961,57676959,23761,8155,87,8160,0,9,-18,9,-18,1,1,1,1371.43,801.36,1371.43,801.36,0,0,0,0,0,0,881334,826250
1438,1713,53261995,54551750,23773,8155,90,8160,0,9,-18,9,-18,1,1,1,1371.43,801.36,1371.43,801.36,0,0,0,0,0,0,819333,769833
1439,1714,57869296,55959584,23797,8155,87,8160,0,9,-18,9,-18,1,1,1,1371.43,801.36,1371.43,801.36,0,0,0,0,0,0,832875,777666
1440,1715,54398540,56332958,23975,8155,87,8160,0,8,-18,8,-18,1,1,1,1325.71,772.98,1325.71,772.98,0,0,0,0,0,0,1053209,999958
1441,1716,57502124,54767041,24123,8156,88,8161,0,8,-18,8,-18,1,1,1,1325.71,772.98,1325.71,772.98,0,0,0,0,0,0,899958,842917
1442,1717,51275461,53943917,24077,8155,87,8160,0,8,-18,8,-18,1,1,1,1325.71,772.98,1325.71,772.98,0,0,0,0,0,0,871875,821083
1443,1718,57105328,55595666,23709,8155,87,8160,0,8,-18,8,-18,1,1,1,1325.71,772.98,1325.71,772.98,0,0,0,0,0,0,963750,906750
1444,1719,49825586,51234875,23773,8155,87,8160,0,7,-18,7,-18,1,1,1,1280,736.66,1280,736.66,0,0,0,0,0,0,734541,693541
1445,1720,51123660,49809000,23849,8155,87,8160,0,7,-18,7,-18,1,1,1,1280,736.66,1280,736.66,0,0,0,0,0,0,749917,703042
1446,1721,57853087,59202833,23773,8155,87,8160,0,7,-18,7,-18,1,1,1,1280,736.66,1280,736.66,0,0,0,0,0,0,942292,887000
1447,1722,57509120,55183875,31110,8155,90,8160,0,7,-18,7,-18,1,1,1,1280,736.66,1280,736.66,0,0,0,0,0,0,1311875,1236500
1448,1723,51362544,53607833,29589,8155,87,8160,0,6,-18,6,-18,1,1,1,1234.29,696.59,1234.29,696.59,0,0,0,0,0,0,880250,809959
1449,1724,53716793,52343334,23963,8155,87,8160,0,6,-18,6,-18,1,1,1,1234.29,696.59,1234.29,696.59,0,0,0,0,0,0,735458,691167
1450,1725,54346706,54145833,24135,8155,87,8160,0,6,-18,6,-18,1,1,1,1234.29,696.59,1234.29,696.59,0,0,0,0,0,0,861417,816750
1451,1726,47826588,48163375,24013,8155,87,8160,0,6,-18,6,-18,1,1,1,1234.29,696.59,1234.29,696.59,0,0,0,0,0,0,1227417,1163167
1452,1727,44921498,46136250,23773,8155,87,8160,0,5,-18,5,-18,1,1,1,1188.57,662.98,1188.57,662.98,0,0,0,0,0,0,745542,701291
1453,1728,44295579,44189709,23761,8155,87,8160,0,5,-18,5,-18,1,1,1,1188.57,662.98,1188.57,662.98,0,0,0,0,0,0,750583,702500
1454,1729,44203713,43122958,23709,8155,87,8160,0,5,-18,5,-18,1,1,1,1188.57,662.98,1188.57,662.98,0,0,0,0,0,0,746917,707750
1455,1730,37292249,38477167,23861,8155,87,8160,0,5,-18,5,-18,1,1,1,1188.57,662.98,1188.57,662.98,0,0,0,0,0,0,658708,616834
1456,1731,41036210,40981750,23289,8156,88,8161,0,4,-18,4,-18,1,1,1,1142.86,635.99,1142.86,635.99,0,0,0,0,0,0,736375,700625
1457,1732,36119665,35142167,23289,8085,90,8090,0,4,-18,4,-18,1,1,1,1142.86,635.99,1142.86,635.99,0,0,0,0,0,0,625875,585958
1458,1733,32633915,33624166,23405,8085,87,8090,0,4,-18,4,-18,1,1,1,1142.86,635.99,1142.86,635.99,0,0,0,0,0,0,558833,530708
1459,1734,33862918,33552875,23289,8085,87,8090,0,4,-18,4,-18,1,1,1,1142.86,635.99,1142.86,635.99,0,0,0,0,0,0,560667,531875
1460,1735,38224417,37538750,35675,8085,87,8090,0,3,-18,3,-18,1,1,1,1097.14,613.14,1097.14,613.14,0,0,0,0,0,0,578667,545708
1461,1736,34463584,35429667,26031,8085,87,8090,0,3,-18,3,-18,1,1,1,1097.14,613.14,1097.14,613.14,0,0,0,0,0,0,648709,595375
1462,1737,35446625,34370083,23853,8085,87,8090,0,3,-18,3,-18,1,1,1,1097.14,613.14,1097.14,613.14,0,0,0,0,0,0,582708,554125
1463,1738,37648789,37320583,23505,8085,87,8090,0,3,-18,3,-18,1,1,1,1097.14,613.14,1097.14,613.14,0,0,0,0,0,0,710083,674417
1464,1739,36049835,37317958,23405,8085,87,8090,0,2,-18,2,-18,1,1,1,1051.43,590.28,1051.43,590.28,0,0,0,0,0,0,556250,519459
1465,1740,35109333,35078208,23377,8085,87,8090,0,2,-18,2,-18,1,1,1,1051.43,590.28,1051.43,590.28,0,0,0,0,0,0,544625,514000
1466,1741,36494202,35454625,23289,8085,87,8090,0,2,-18,2,-18,1,1,1,1051.43,590.28,1051.43,590.28,0,0,0,0,0,0,555541,521958
1467,1742,35256173,36220125,23353,8085,87,8090,0,2,-18,2,-18,1,1,1,1051.43,590.28,1051.43,590.28,0,0,0,0,0,0,586417,550916
1468,1743,34785620,34866041,23289,8085,87,8090,0,1,-18,1,-18,1,1,1,1005.71,567.42,1005.71,567.42,0,0,0,0,0,0,574500,544292
1469,1744,37710543,36300834,23289,8085,87,8090,0,1,-18,1,-18,1,1,1,1005.71,567.42,1005.71,567.42,0,0,0,0,0,0,727125,693917
1470,1745,46444911,47595041,23493,8085,87,8090,0,1,-18,1,-18,1,1,1,1005.71,567.42,1005.71,567.42,0,0,0,0,0,0,728917,684625
1471,1746,46868253,46978959,23289,8086,91,8091,0,1,-18,1,-18,1,1,1,1005.71,567.42,1005.71,567.42,0,0,0,0,0,0,893917,850417
1472,1747,56339830,54110250,23289,8085,87,8090,0,0,-18,0,-18,1,1,1,960,544.56,960,544.56,0,0,0,0,0,0,770041,726250
1473,1748,66690124,68641459,23555,8085,87,8090,0,0,-18,0,-18,1,1,1,960,544.56,960,544.56,0,0,0,0,0,0,926541,855167
1474,1749,71280881,67688750,23791,8085,87,8090,0,0,-18,0,-18,1,1,1,960,544.56,960,544.56,0,0,0,0,0,0,941792,887708
1475,1750,65739579,69271959,23569,8085,87,8090,0,0,-18,0,-18,1,1,1,960,544.56,960,544.56,0,0,0,0,0,0,1167416,1112125
1476,1751,69581590,67602750,23289,8085,87,8090,0,-1,-18,-1,-18,1,1,1,914.29,521.71,914.29,521.71,0,0,0,0,0,0,922500,860125
1477,1752,64426206,66498375,23493,8085,87,8090,0,-1,-18,-1,-18,1,1,1,914.29,521.71,914.29,521.71,0,0,0,0,0,0,1147750,1092500
1478,1753,56948166,55027000,23289,8085,87,8090,0,-1,-18,-1,-18,1,1,1,914.29,521.71,914.29,521.71,0,0,0,0,0,0,801292,757208
1479,1754,57234629,59076166,23353,8085,87,8090,0,-1,-18,-1,-18,1,1,1,914.29,521.71,914.29,521.71,0,0,0,0,0,0,894583,837250
1480,1755,48432290,47325375,23377,8085,90,8090,0,-2,-18,-2,-18,1,1,1,868.57,498.85,868.57,498.85,0,0,0,0,0,0,710250,671500
1481,1756,44127494,45265875,23405,8085,87,8090,0,-2,-18,-2,-18,1,1,1,868.57,498.85,868.57,498.85,0,0,0,0,0,0,678000,641584
1482,1757,48616923,47524375,23853,8085,87,8090,0,-2,-18,-2,-18,1,1,1,868.57,498.85,868.57,498.85,0,0,0,0,0,0,1054291,992333
1483,1758,46168748,45747875,23505,8085,87,8090,0,-2,-18,-2,-18,1,1,1,868.57,498.85,868.57,498.85,0,0,0,0,0,0,877625,820833
1484,1759,46164702,47653250,23441,8085,87,8090,0,-3,-18,-3,-18,1,1,1,822.86,475.99,822.86,475.99,0,0,0,0,0,0,699083,660584
1485,1760,47812122,47786417,23289,8085,87,8090,0,-3,-18,-3,-18,1,1,1,822.86,475.99,822.86,475.99,0,0,0,0,0,0,728958,679709
1486,1761,47251254,46025458,23341,8086,88,8091,0,-3,-18,-3,-18,1,1,1,822.86,475.99,822.86,475.99,0,0,0,0,0,0,654166,615333
1487,1762,44362831,45477667,23353,8085,87,8090,0,-3,-18,-3,-18,1,1,1,822.86,475.99,822.86,475.99,0,0,0,0,0,0,807250,760084
1488,1763,46799581,46867916,23377,8085,87,8090,0,-4,-18,-4,-18,1,1,1,777.14,453.14,777.14,453.14,0,0,0,0,0,0,821584,755625
1489,1764,53702630,52420291,23289,8085,87,8090,0,-4,-18,-4,-18,1,1,1,777.14,453.14,777.14,453.14,0,0,0,0,0,0,697792,657917
1490,1765,46380456,47626916,23353,8085,90,8090,0,-4,-18,-4,-18,1,1,1,777.14,453.14,777.14,453.14,0,0,0,0,0,0,708333,668666
1491,1766,43873000,43772250,23341,8085,87,8090,0,-4,-18,-4,-18,1,1,1,777.14,453.14,777.14,453.14,0,0,0,0,0,0,664833,617500
1492,1767,43614704,42635333,23905,8085,87,8090,0,-5,-18,-5,-18,1,1,1,731.43,431,731.43,431,0,0,0,0,0,0,944250,893417
1493,1768,37436254,37362208,24445,8173,87,8178,0,-5,-18,-5,-18,1,1,1,731.43,431,731.43,431,0,0,0,0,0,0,643458,605959
1494,1769,35984247,37141583,24033,8173,87,8178,0,-5,-18,-5,-18,1,1,1,731.43,431,731.43,431,0,0,0,0,0,0,686125,643042
1495,1770,34936748,33804583,23817,8173,87,8178,0,-5,-18,-5,-18,1,1,1,731.43,431,731.43,431,0,0,0,0,0,0,591083,550875
1496,1771,36919295,38018625,27419,8173,87,8178,0,-6,-18,-6,-18,1,1,1,685.71,416.09,685.71,416.09,0,0,0,0,0,0,623000,581458
1497,1772,33021543,32987459,26547,8173,87,8178,0,-6,-18,-6,-18,1,1,1,685.71,416.09,685.71,416.09,0,0,0,0,0,0,631750,593458
1498,1773,34878749,33888542,23817,8173,87,8178,0,-6,-18,-6,-18,1,1,1,685.71,416.09,685.71,416.09,0,0,0,0,0,0,613292,574666
1499,1774,32825205,33784667,23881,8173,87,8178,0,-6,-18,-6,-18,1,1,1,685.71,416.09,685.71,416.09,0,0,0,0,0,0,607167,571833
1500,1775,33777713,33733375,23817,8173,87,8178,0,-8,-18,-8,-18,1,1,1,594.29,422.77,594.29,422.77,0,0,0,0,0,0,624458,586625
1501,1776,34719783,33755333,23905,8174,88,8179,0,-8,-18,-8,-18,1,1,1,594.29,422.77,594.29,422.77,0,0,0,0,0,0,621625,587750
1502,1777,34654133,35650834,23881,8173,87,8178,0,-8,-18,-8,-18,1,1,1,594.29,422.77,594.29,422.77,0,0,0,0,0,0,709708,662875
1503,1778,30319288,30303959,23869,8173,90,8178,0,-8,-18,-8,-18,1,1,1,594.29,422.77,594.29,422.77,0,0,0,0,0,0,583625,553208
1504,1779,30796583,30788875,23817,8173,87,8178,0,-9,-18,-9,-18,1,1,1,548.57,418.39,548.57,418.39,0,0,0,0,0,0,585000,550292
1505,1780,31548205,30343291,23817,8173,87,8178,0,-9,-18,-9,-18,1,1,1,548.57,418.39,548.57,418.39,0,0,0,0,0,0,561166,529417
1506,1781,29207753,30386209,23969,8173,87,8178,0,-9,-18,-9,-18,1,1,1,548.57,418.39,548.57,418.39,0,0,0,0,0,0,562167,526417
1507,1782,30577501,30533125,23817,8173,87,8178,0,-9,-18,-9,-18,1,1,1,548.57,418.39,548.57,418.39,0,0,0,0,0,0,583084,543083
1508,1783,31665913,30750042,24381,8173,87,8178,0,-10,-18,-10,-18,1,1,1,502.86,399.44,502.86,399.44,0,0,0,0,0,0,571375,530916
1509,1784,30518870,30471833,24033,8173,87,8178,0,-10,-18,-10,-18,1,1,1,502.86,399.44,502.86,399.44,0,0,0,0,0,0,589125,557167
1510,1785,31366921,32248208,23933,8173,87,8178,0,-10,-18,-10,-18,1,1,1,502.86,399.44,502.86,399.44,0,0,0,0,0,0,580916,542000
1511,1786,33403534,33421250,23905,8173,87,8178,0,-10,-18,-10,-18,1,1,1,502.86,399.44,502.86,399.44,0,0,0,0,0,0,606167,572542
1512,1787,33584460,33582458,23817,8173,87,8178,0,-11,-18,-11,-18,1,1,1,457.14,380.06,457.14,380.06,0,0,0,0,0,0,616583,575250
1513,1788,34861005,33830375,23817,8173,87,8178,0,-11,-18,-11,-18,1,1,1,457.14,380.06,457.14,380.06,0,0,0,0,0,0,594250,560083
1514,1789,32642830,33649542,23881,8173,87,8178,0,-11,-18,-11,-18,1,1,1,457.14,380.06,457.14,380.06,0,0,0,0,0,0,613167,571875
1515,1790,33911082,33820250,23817,8173,87,8178,0,-11,-18,-11,-18,1,1,1,457.14,380.06,457.14,380.06,0,0,0,0,0,0,603625,570542
1516,1791,34918375,33965875,23957,8174,88,8179,0,-12,-18,-12,-18,1,1,1,411.43,359.32,411.43,359.32,0,0,0,0,0,0,603958,563042
1517,1792,37340838,38328458,23881,8173,87,8178,0,-12,-18,-12,-18,1,1,1,411.43,359.32,411.43,359.32,0,0,0,0,0,0,715917,673541
1518,1793,34170500,34153709,23817,8173,90,8178,0,-12,-18,-12,-18,1,1,1,411.43,359.32,411.43,359.32,0,0,0,0,0,0,617917,577667
1519,1794,36764789,35684250,23817,8173,87,8178,0,-12,-18,-12,-18,1,1,1,411.43,359.32,411.43,359.32,0,0,0,0,0,0,674625,638958
1520,1795,35626128,36620959,23881,8173,87,8178,0,-13,-18,-13,-18,1,1,1,365.71,336.6,365.71,336.6,0,0,0,0,0,0,823708,785250
1521,1796,38511749,38533958,23905,8173,87,8178,0,-13,-18,-13,-18,1,1,1,365.71,336.6,365.71,336.6,0,0,0,0,0,0,801375,763750
1522,1797,37857461,36493583,24071,8173,87,8178,0,-13,-18,-13,-18,1,1,1,365.71,336.6,365.71,336.6,0,0,0,0,0,0,644375,601917
1523,1798,39117079,39329792,24243,8173,87,8178,0,-13,-18,-13,-18,1,1,1,365.71,336.6,365.71,336.6,0,0,0,0,0,0,1109458,1055375
1524,1799,42034998,43028958,24033,8173,87,8178,0,-14,-18,-14,-18,1,1,1,320,311.82,320,311.82,0,0,0,0,0,0,756166,709125
1525,1800,49886755,48429083,23905,8173,87,8178,0,-14,-18,-14,-18,1,1,1,320,311.82,320,311.82,0,0,0,0,0,0,799042,747959
1526,1801,59252623,60587708,23881,8173,87,8178,0,-14,-18,-14,-18,1,1,1,320,311.82,320,311.82,0,0,0,0,0,0,1286500,1228958
1527,1802,68653084,66695834,23869,8173,87,8178,0,-14,-18,-14,-18,1,1,1,320,311.82,320,311.82,0,0,0,0,0,0,1051792,990375
1528,1803,65872497,67818375,23969,8173,87,8178,0,-15,-18,-15,-18,1,1,1,274.29,285.43,274.29,285.43,0,0,0,0,0,0,1141583,1060959
1529,1804,72120465,70251250,23817,8173,87,8178,0,-15,-18,-15,-18,1,1,1,274.29,285.43,274.29,285.43,0,0,0,0,0,0,1138291,1021541
1530,1805,62895126,64688083,23933,8173,90,8178,0,-15,-18,-15,-18,1,1,1,274.29,285.43,274.29,285.43,0,0,0,0,0,0,1272875,1156291
1531,1806,57033915,53960583,24469,8174,88,8179,0,-15,-18,-15,-18,1,1,1,274.29,285.43,274.29,285.43,0,0,0,0,0,0,926792,850250
1532,1807,49657873,52779250,24097,8173,87,8178,0,-16,-18,-16,-18,1,1,1,228.57,258.09,228.57,258.09,0,0,0,0,0,0,1241666,1145333
1533,1808,45386005,45346875,23817,8173,87,8178,0,-16,-18,-16,-18,1,1,1,228.57,258.09,228.57,258.09,0,0,0,0,0,0,910125,819667
1534,1809,46790413,45595084,23957,8173,87,8178,0,-16,-18,-16,-18,1,1,1,228.57,258.09,228.57,258.09,0,0,0,0,0,0,799500,731333
1535,1810,45743960,46929833,23881,8173,87,8178,0,-16,-18,-16,-18,1,1,1,228.57,258.09,228.57,258.09,0,0,0,0,0,0,797500,735875
1536,1811,43182581,43212375,23817,8173,87,8178,0,-17,-18,-17,-18,1,1,1,182.86,230.19,182.86,230.19,0,0,0,0,0,0,700125,637250
1537,1812,46932000,45269834,23817,8173,87,8178,0,-17,-18,-17,-18,1,1,1,182.86,230.19,182.86,230.19,0,0,0,0,0,0,672000,606500
1538,1813,48549495,50150125,23969,8173,87,8178,0,-17,-18,-17,-18,1,1,1,182.86,230.19,182.86,230.19,0,0,0,0,0,0,906791,824334
1539,1814,46908538,46777333,23869,8173,90,8178,0,-17,-18,-17,-18,1,1,1,182.86,230.19,182.86,230.19,0,0,0,0,0,0,758084,697083
1540,1815,44084630,42916333,23817,8173,87,8178,0,-16,-18,-16,-18,1,1,1,228.57,258.09,228.57,258.09,0,0,0,0,0,0,781667,715500
1541,1816,43018043,44248125,23881,8173,87,8178,0,-16,-18,-16,-18,1,1,1,228.57,258.09,228.57,258.09,0,0,0,0,0,0,934250,836459
1542,1817,45485042,44219958,24469,8173,87,8178,0,-16,-18,-16,-18,1,1,1,228.57,258.09,228.57,258.09,0,0,0,0,0,0,760458,693292
1543,1818,46097036,45809250,24033,8173,87,8178,0,-16,-18,-16,-18,1,1,1,228.57,258.09,228.57,258.09,0,0,0,0,0,0,739875,680167
1544,1819,43306164,44802833,23933,8173,87,8178,0,-15,-18,-15,-18,1,1,1,274.29,285.43,274.29,285.43,0,0,0,0,0,0,1000000,918250
1545,1820,41785169,41745875,23817,8173,87,8178,0,-15,-18,-15,-18,1,1,1,274.29,285.43,274.29,285.43,0,0,0,0,0,0,750875,686042
1546,1821,38561336,37473625,23905,8174,88,8179,0,-15,-18,-15,-18,1,1,1,274.29,285.43,274.29,285.43,0,0,0,0,0,0,661542,597917
1547,1822,36653663,37757000,23881,8173,87,8178,0,-15,-18,-15,-18,1,1,1,274.29,285.43,274.29,285.43,0,0,0,0,0,0,664417,608208
1548,1823,37546295,37534917,23817,8173,87,8178,0,-14,-18,-14,-18,1,1,1,320,311.82,320,311.82,0,0,0,0,0,0,677750,618250
1549,1824,41770499,40609792,23817,8173,87,8178,0,-14,-18,-14,-18,1,1,1,320,311.82,320,311.82,0,0,0,0,0,0,663875,626584
1550,1825,36674540,37780875,24021,8173,90,8178,0,-14,-18,-14,-18,1,1,1,320,311.82,320,311.82,0,0,0,0,0,0,669666,628375
1551,1826,37499334,37525000,23817,8173,87,8178,0,-14,-18,-14,-18,1,1,1,320,311.82,320,311.82,0,0,0,0,0,0,671791,634750
1552,1827,34692127,33692209,23817,8173,87,8178,0,-13,-18,-13,-18,1,1,1,365.71,336.6,365.71,336.6,0,0,0,0,0,0,601375,557125
1553,1828,32472830,33248875,23881,8173,87,8178,0,-13,-18,-13,-18,1,1,1,365.71,336.6,365.71,336.6,0,0,0,0,0,0,713625,675083
1554,1829,33772457,33892417,23817,8173,87,8178,0,-13,-18,-13,-18,1,1,1,365.71,336.6,365.71,336.6,0,0,0,0,0,0,602500,561500
1555,1830,35260997,33582416,24469,8173,87,8178,0,-13,-18,-13,-18,1,1,1,365.71,336.6,365.71,336.6,0,0,0,0,0,0,589375,554916
1556,1831,31788419,33495458,24149,8173,87,8178,0,-12,-18,-12,-18,1,1,1,411.43,359.32,411.43,359.32,0,0,0,0,0,0,590000,552417
1557,1832,33555831,33535250,23817,8173,87,8178,0,-12,-18,-12,-18,1,1,1,411.43,359.32,411.43,359.32,0,0,0,0,0,0,717333,684083
1558,1833,34603584,33615208,23817,8173,87,8178,0,-12,-18,-12,-18,1,1,1,411.43,359.32,411.43,359.32,0,0,0,0,0,0,643417,598792
1559,1834,32772414,33681917,23881,8173,87,8178,0,-12,-18,-12,-18,1,1,1,411.43,359.32,411.43,359.32,0,0,0,0,0,0,595209,560250
1560,1835,33881627,33912000,23905,8173,87,8178,0,-11,-18,-11,-18,1,1,1,457.14,380.06,457.14,380.06,0,0,0,0,0,0,603291,559916
1561,1836,34557208,33568500,23817,8174,88,8179,0,-11,-18,-11,-18,1,1,1,457.14,380.06,457.14,380.06,0,0,0,0,0,0,625083,591750
1562,1837,32524291,33497750,23933,8173,87,8178,0,-11,-18,-11,-18,1,1,1,457.14,380.06,457.14,380.06,0,0,0,0,0,0,598209,552750
1563,1838,33093169,33102042,23817,8173,87,8178,0,-11,-18,-11,-18,1,1,1,457.14,380.06,457.14,380.06,0,0,0,0,0,0,604041,570209
1564,1839,33389914,33318417,23817,8173,87,8178,0,-10,-18,-10,-18,1,1,1,502.86,399.44,502.86,399.44,0,0,0,0,0,0,685792,648292
1565,1840,31135253,30270625,23905,8173,90,8178,0,-10,-18,-10,-18,1,1,1,502.86,399.44,502.86,399.44,0,0,0,0,0,0,568083,534250
1566,1841,29734913,30623208,23881,8173,87,8178,0,-10,-18,-10,-18,1,1,1,502.86,399.44,502.86,399.44,0,0,0,0,0,0,572542,537125
1567,1842,30452331,30447542,23817,8173,87,8178,0,-10,-18,-10,-18,1,1,1,502.86,399.44,502.86,399.44,0,0,0,0,0,0,589416,555584
1568,1843,31538128,31504334,23817,8173,87,8178,0,-9,-18,-9,-18,1,1,1,548.57,418.39,548.57,418.39,0,0,0,0,0,0,576792,537333
1569,1844,32533787,31561500,23869,8173,87,8178,0,-9,-18,-9,-18,1,1,1,548.57,418.39,548.57,418.39,0,0,0,0,0,0,551916,521167
1570,1845,32279413,33204041,24171,8173,87,8178,0,-9,-18,-9,-18,1,1,1,548.57,418.39,548.57,418.39,0,0,0,0,0,0,628959,590833
1571,1846,34420456,33412708,24179,8173,87,8178,0,-9,-18,-9,-18,1,1,1,548.57,418.39,548.57,418.39,0,0,0,0,0,0,647208,610375
1572,1847,33958170,33887250,24033,8173,87,8178,0,-8,-18,-8,-18,1,1,1,594.29,422.77,594.29,422.77,0,0,0,0,0,0,594792,549666
1573,1848,33260621,34304208,23881,8173,87,8178,0,-8,-18,-8,-18,1,1,1,594.29,422.77,594.29,422.77,0,0,0,0,0,0,804458,765166
1574,1849,34867126,34801792,23817,8173,87,8178,0,-8,-18,-8,-18,1,1,1,594.29,422.77,594.29,422.77,0,0,0,0,0,0,601042,564666
1575,1850,39617709,38549291,23957,8173,87,8178,0,-8,-18,-8,-18,1,1,1,594.29,422.77,594.29,422.77,0,0,0,0,0,0,608333,574125
1576,1851,36642666,37720583,23881,8174,88,8179,0,-6,-18,-6,-18,1,1,1,685.71,416.09,685.71,416.09,0,0,0,0,0,0,678875,638666
1577,1852,35494331,35384875,23817,8173,87,8178,0,-6,-18,-6,-18,1,1,1,685.71,416.09,685.71,416.09,0,0,0,0,0,0,579708,545750
1578,1853,35989336,34684834,23817,8173,87,8178,0,-6,-18,-6,-18,1,1,1,685.71,416.09,685.71,416.09,0,0,0,0,0,0,635500,595667
1579,1854,40826879,42147292,23881,8173,87,8178,0,-6,-18,-6,-18,1,1,1,685.71,416.09,685.71,416.09,0,0,0,0,0,0,729334,689583
1580,1855,39055123,38938542,23905,8173,90,8178,0,-5,-18,-5,-18,1,1,1,731.43,431,731.43,431,0,0,0,0,0,0,628125,578541
1581,1856,44149044,42996791,23869,8173,87,8178,0,-5,-18,-5,-18,1,1,1,731.43,431,731.43,431,0,0,0,0,0,0,657375,619250
1582,1857,47940250,49089000,23881,8173,87,8178,0,-5,-18,-5,-18,1,1,1,731.43,431,731.43,431,0,0,0,0,0,0,818958,757167
1583,1858,67177414,63793083,24381,8173,87,8178,0,-5,-18,-5,-18,1,1,1,731.43,431,731.43,431,0,0,0,0,0,0,889000,837583
1584,1859,64037084,67281833,23657,8173,87,8178,0,-4,-18,-4,-18,1,1,1,777.14,453.14,777.14,453.14,0,0,0,0,0,0,1137166,1075583
1585,1860,69875881,67984333,23341,8085,87,8090,0,-4,-18,-4,-18,1,1,1,777.14,453.14,777.14,453.14,0,0,0,0,0,0,910917,855750
1586,1861,65682999,67330167,23555,8085,87,8090,0,-4,-18,-4,-18,1,1,1,777.14,453.14,777.14,453.14,0,0,0,0,0,0,1216750,1144167
1587,1862,77558957,76184583,26827,8085,87,8090,0,-4,-18,-4,-18,1,1,1,777.14,453.14,777.14,453.14,0,0,0,0,0,0,1112709,1051000
1588,1863,59881702,61483167,26083,8085,87,8090,0,-3,-18,-3,-18,1,1,1,822.86,475.99,822.86,475.99,0,0,0,0,0,0,853834,807083
1589,1864,47056045,45805000,23289,8085,90,8090,0,-3,-18,-3,-18,1,1,1,822.86,475.99,822.86,475.99,0,0,0,0,0,0,1073791,1011500
1590,1865,45737251,46899541,23441,8085,87,8090,0,-3,-18,-3,-18,1,1,1,822.86,475.99,822.86,475.99,0,0,0,0,0,0,922042,883292
1591,1866,42841002,42967959,23491,8086,88,8091,0,-3,-18,-3,-18,1,1,1,822.86,475.99,822.86,475.99,0,0,0,0,0,0,700250,662542
1592,1867,41632581,39666667,23651,8085,87,8090,0,-2,-18,-2,-18,1,1,1,868.57,498.85,868.57,498.85,0,0,0,0,0,0,802708,750250
1593,1868,38903664,40674833,23621,8085,87,8090,0,-2,-18,-2,-18,1,1,1,868.57,498.85,868.57,498.85,0,0,0,0,0,0,624125,589958
1594,1869,42819876,42869708,23377,8085,87,8090,0,-2,-18,-2,-18,1,1,1,868.57,498.85,868.57,498.85,0,0,0,0,0,0,1050125,1004750
1595,1870,48018585,46717000,23289,8085,87,8090,0,-2,-18,-2,-18,1,1,1,868.57,498.85,868.57,498.85,0,0,0,0,0,0,706875,658333
1596,1871,45040164,46141125,23353,8085,87,8090,0,-1,-18,-1,-18,1,1,1,914.29,521.71,914.29,521.71,0,0,0,0,0,0,657250,621334
1597,1872,47075707,47139333,23289,8085,87,8090,0,-1,-18,-1,-18,1,1,1,914.29,521.71,914.29,521.71,0,0,0,0,0,0,811500,769042
1598,1873,49938958,48681708,23429,8085,87,8090,0,-1,-18,-1,-18,1,1,1,914.29,521.71,914.29,521.71,0,0,0,0,0,0,758375,708708
1599,1874,47669868,48990750,23353,8085,90,8090,0,-1,-18,-1,-18,1,1,1,914.29,521.71,914.29,521.71,0,0,0,0,0,0,1121500,1073041
1600,1875,55771626,53686584,23587,8085,87,8090,0,0,-18,0,-18,1,1,1,960,544.56,960,544.56,0,0,0,0,0,0,858083,795291
1601,1876,51337294,53128167,23441,8085,87,8090,0,0,-18,0,-18,1,1,1,960,544.56,960,544.56,0,0,0,0,0,0,820916,738333
1602,1877,49977459,47909042,23905,8085,87,8090,0,0,-18,0,-18,1,1,1,960,544.56,960,544.56,0,0,0,0,0,0,694541,658000
1603,1878,40269833,42557625,23569,8085,87,8090,0,0,-18,0,-18,1,1,1,960,544.56,960,544.56,0,0,0,0,0,0,657917,620917
1604,1879,41065916,41048667,23289,8085,87,8090,0,1,-18,1,-18,1,1,1,1005.71,567.42,1005.71,567.42,0,0,0,0,0,0,644417,602208
1605,1880,38915667,37831042,23377,8085,87,8090,0,1,-18,1,-18,1,1,1,1005.71,567.42,1005.71,567.42,0,0,0,0,0,0,604000,571917
1606,1881,36200162,37312625,23353,8086,88,8091,0,1,-18,1,-18,1,1,1,1005.71,567.42,1005.71,567.42,0,0,0,0,0,0,570750,540417
1607,1882,33384837,33369584,23341,8085,87,8090,0,1,-18,1,-18,1,1,1,1005.71,567.42,1005.71,567.42,0,0,0,0,0,0,566542,531875
1608,1883,34781999,33783458,23289,8085,87,8090,0,2,-18,2,-18,1,1,1,1051.43,590.28,1051.43,590.28,0,0,0,0,0,0,581333,552375
1609,1884,33556036,34442625,23353,8085,87,8090,0,2,-18,2,-18,1,1,1,1051.43,590.28,1051.43,590.28,0,0,0,0,0,0,531250,500916
1610,1885,38438294,38526583,23377,8085,87,8090,0,2,-18,2,-18,1,1,1,1051.43,590.28,1051.43,590.28,0,0,0,0,0,0,635208,592875
1611,1886,36090873,34872666,23289,8085,90,8090,0,2,-18,2,-18,1,1,1,1051.43,590.28,1051.43,590.28,0,0,0,0,0,0,745958,717000
1612,1887,35880625,37054333,23353,8085,87,8090,0,3,-18,3,-18,1,1,1,1097.14,613.14,1097.14,613.14,0,0,0,0,0,0,559667,530291
1613,1888,37629831,37598083,23341,8085,87,8090,0,3,-18,3,-18,1,1,1,1097.14,613.14,1097.14,613.14,0,0,0,0,0,0,545750,511625
1614,1889,39046209,37876625,23289,8085,87,8090,0,3,-18,3,-18,1,1,1,1097.14,613.14,1097.14,613.14,0,0,0,0,0,0,568917,540708
1615,1890,33605873,34726583,23643,8085,87,8090,0,3,-18,3,-18,1,1,1,1097.14,613.14,1097.14,613.14,0,0,0,0,0,0,1009916,949625
1616,1891,36333624,35290541,23651,8085,87,8090,0,4,-18,4,-18,1,1,1,1142.86,635.99,1142.86,635.99,0,0,0,0,0,0,699500,645958
1617,1892,36407127,36330000,23505,8085,87,8090,0,4,-18,4,-18,1,1,1,1142.86,635.99,1142.86,635.99,0,0,0,0,0,0,531083,501875
1618,1893,37977620,39028583,23353,8085,87,8090,0,4,-18,4,-18,1,1,1,1142.86,635.99,1142.86,635.99,0,0,0,0,0,0,595375,563041
1619,1894,44849999,44410625,23341,8085,87,8090,0,4,-18,4,-18,1,1,1,1142.86,635.99,1142.86,635.99,0,0,0,0,0,0,670667,627250
1620,1895,46530500,45360209,23797,8085,87,8090,0,5,-18,5,-18,1,1,1,1188.57,662.98,1188.57,662.98,0,0,0,0,0,0,866125,817792
1621,1896,51234330,52494834,23773,8156,88,8161,0,5,-18,5,-18,1,1,1,1188.57,662.98,1188.57,662.98,0,0,0,0,0,0,1081792,1033792
1622,1897,55485211,54072750,23709,8155,87,8160,0,5,-18,5,-18,1,1,1,1188.57,662.98,1188.57,662.98,0,0,0,0,0,0,963500,905250
1623,1898,76574750,78047667,27311,8155,87,8160,0,5,-18,5,-18,1,1,1,1188.57,662.98,1188.57,662.98,0,0,0,0,0,0,1050208,994125
1624,1899,66699415,64801542,26439,8155,90,8160,0,6,-18,6,-18,1,1,1,1234.29,696.59,1234.29,696.59,0,0,0,0,0,0,1075750,1003500
1625,1900,57983376,59783959,23975,8155,87,8160,0,6,-18,6,-18,1,1,1,1234.29,696.59,1234.29,696.59,0,0,0,0,0,0,1056625,987000
1626,1901,57525709,54855416,24159,8155,87,8160,0,6,-18,6,-18,1,1,1,1234.29,696.59,1234.29,696.59,0,0,0,0,0,0,877583,786458
1627,1902,51711499,54439583,23989,8155,87,8160,0,6,-18,6,-18,1,1,1,1234.29,696.59,1234.29,696.59,0,0,0,0,0,0,1082250,1024750
1628,1903,54910834,53517167,23761,8155,87,8160,0,7,-18,7,-18,1,1,1,1280,736.66,1280,736.66,0,0,0,0,0,0,892875,825083
1629,1904,46562168,47973500,23861,8155,87,8160,0,7,-18,7,-18,1,1,1,1280,736.66,1280,736.66,0,0,0,0,0,0,784500,742375
1630,1905,46212285,46194125,23709,8155,87,8160,0,7,-18,7,-18,1,1,1,1280,736.66,1280,736.66,0,0,0,0,0,0,735125,688333
1631,1906,51615502,50042584,23709,8155,87,8160,0,7,-18,7,-18,1,1,1,1280,736.66,1280,736.66,0,0,0,0,0,0,863334,817000
1632,1907,48232708,49519833,23773,8155,90,8160,0,8,-18,8,-18,1,1,1,1325.71,772.98,1325.71,772.98,0,0,0,0,0,0,711666,661416
1633,1908,52894867,51296542,23849,8155,87,8160,0,8,-18,8,-18,1,1,1,1325.71,772.98,1325.71,772.98,0,0,0,0,0,0,1011583,951708
1634,1909,49197960,50830500,23773,8155,87,8160,0,8,-18,8,-18,1,1,1,1325.71,772.98,1325.71,772.98,0,0,0,0,0,0,958917,899750
1635,1910,54818212,51984083,24273,8155,87,8160,0,8,-18,8,-18,1,1,1,1325.71,772.98,1325.71,772.98,0,0,0,0,0,0,981708,932458
1636,1911,44539626,47494584,24077,8156,88,8161,0,9,-18,9,-18,1,1,1,1371.43,801.36,1371.43,801.36,0,0,0,0,0,0,791375,720583
1637,1912,45853331,45813625,23761,8155,87,8160,0,9,-18,9,-18,1,1,1,1371.43,801.36,1371.43,801.36,0,0,0,0,0,0,711625,668084
1638,1913,46495832,45253125,23709,8155,87,8160,0,9,-18,9,-18,1,1,1,1371.43,801.36,1371.43,801.36,0,0,0,0,0,0,808667,750834
1639,1914,42805377,43966791,23773,8155,87,8160,0,9,-18,9,-18,1,1,1,1371.43,801.36,1371.43,801.36,0,0,0,0,0,0,735917,693625
1640,1915,44063873,44124250,23797,8155,87,8160,0,10,-18,10,-18,1,1,1,1417.14,823.72,1417.14,823.72,0,0,0,0,0,0,706208,657709
1641,1916,43147958,42059750,23709,8155,87,8160,0,10,-18,10,-18,1,1,1,1417.14,823.72,1417.14,823.72,0,0,0,0,0,0,734625,691500
1642,1917,41265454,42359667,23825,8155,87,8160,0,10,-18,10,-18,1,1,1,1417.14,823.72,1417.14,823.72,0,0,0,0,0,0,791209,735250
1643,1918,36563754,36489625,23709,8155,90,8160,0,10,-18,10,-18,1,1,1,1417.14,823.72,1417.14,823.72,0,0,0,0,0,0,674584,637166
1644,1919,34297619,33385417,23797,8155,87,8160,0,11,-18,11,-18,1,1,1,1462.86,845.83,1462.86,845.83,0,0,0,0,0,0,612250,573417
1645,1920,32494835,33434459,23773,8155,87,8160,0,11,-18,11,-18,1,1,1,1462.86,845.83,1462.86,845.83,0,0,0,0,0,0,573458,535041
1646,1921,33036749,33033042,23709,8155,87,8160,0,11,-18,11,-18,1,1,1,1462.86,845.83,1462.86,845.83,0,0,0,0,0,0,604708,563375
1647,1922,34921959,33714666,23911,8155,87,8160,0,11,-18,11,-18,1,1,1,1462.86,845.83,1462.86,845.83,0,0,0,0,0,0,613250,579833
1648,1923,33236209,33345250,24187,8155,87,8160,0,12,-18,12,-18,1,1,1,1508.57,868.27,1508.57,868.27,0,0,0,0,0,0,575833,537584
1649,1924,32620541,33641500,24013,8155,87,8160,0,12,-18,12,-18,1,1,1,1508.57,868.27,1508.57,868.27,0,0,0,0,0,0,591958,558500
1650,1925,34799709,33780708,23709,8155,87,8160,0,12,-18,12,-18,1,1,1,1508.57,868.27,1508.57,868.27,0,0,0,0,0,0,593625,536791
1651,1926,32528083,33540250,23773,8156,88,8161,0,12,-18,12,-18,1,1,1,1508.57,868.27,1508.57,868.27,0,0,0,0,0,0,591917,555708
1652,1927,34079540,34095333,23709,8155,87,8160,0,13,-18,13,-18,1,1,1,1554.29,892.25,1554.29,892.25,0,0,0,0,0,0,621625,583541
1653,1928,35741668,34235958,23709,8155,87,8160,0,13,-18,13,-18,1,1,1,1554.29,892.25,1554.29,892.25,0,0,0,0,0,0,784666,742750
1654,1929,32065205,33517958,23913,8155,87,8160,0,13,-18,13,-18,1,1,1,1554.29,892.25,1554.29,892.25,0,0,0,0,0,0,601709,565542
1655,1930,36664832,36589791,23709,8155,87,8160,0,13,-18,13,-18,1,1,1,1554.29,892.25,1554.29,892.25,0,0,0,0,0,0,607375,573250
1656,1931,42316958,40976792,23709,8155,87,8160,0,14,-18,14,-18,1,1,1,1600,918.02,1600,918.02,0,0,0,0,0,0,689791,644208
1657,1932,37060584,38299375,23773,8155,90,8160,0,14,-18,14,-18,1,1,1,1600,918.02,1600,918.02,0,0,0,0,0,0,1026292,981542
1658,1933,35779703,35706833,23709,8155,87,8160,0,14,-18,14,-18,1,1,1,1600,918.02,1600,918.02,0,0,0,0,0,0,641000,599292
1659,1934,39565205,38566625,23797,8155,87,8160,0,14,-18,14,-18,1,1,1,1600,918.02,1600,918.02,0,0,0,0,0,0,693959,654292
1660,1935,39128754,40055125,23825,8155,87,8160,0,15,-18,15,-18,1,1,1,1645.71,944.98,1645.71,944.98,0,0,0,0,0,0,637500,595583
1661,1936,49621745,48169375,24273,8155,87,8160,0,15,-18,15,-18,1,1,1,1645.71,944.98,1645.71,944.98,0,0,0,0,0,0,709375,667125
1662,1937,59747915,59075208,23925,8155,87,8160,0,15,-18,15,-18,1,1,1,1645.71,944.98,1645.71,944.98,0,0,0,0,0,0,838125,772833
1663,1938,64176999,66041958,23861,8155,87,8160,0,15,-18,15,-18,1,1,1,1645.71,944.98,1645.71,944.98,0,0,0,0,0,0,1133542,1073084
1664,1939,68917334,67317291,23761,8155,87,8160,0,16,-18,16,-18,1,1,1,1691.43,972.01,1691.43,972.01,0,0,0,0,0,0,1371375,1279000
1665,1940,65536752,67149792,23773,8155,87,8160,0,16,-18,16,-18,1,1,1,1691.43,972.01,1691.43,972.01,0,0,0,0,0,0,1529417,1170750
1666,1941,73691084,71690083,23797,8156,88,8161,0,16,-18,16,-18,1,1,1,1691.43,972.01,1691.43,972.01,0,0,0,0,0,0,1295875,1216917
1667,1942,64808957,66906208,23825,8155,90,8160,0,16,-18,16,-18,1,1,1,1691.43,972.01,1691.43,972.01,0,0,0,0,0,0,1212542,1140167
1668,1943,59537626,57650916,23709,8155,87,8160,0,15,-18,15,-18,1,1,1,1645.71,944.98,1645.71,944.98,0,0,0,0,0,0,1330250,1245125
1669,1944,55760126,56121333,24425,8155,87,8160,0,15,-18,15,-18,1,1,1,1645.71,944.98,1645.71,944.98,0,0,0,0,0,0,907375,856166
1670,1945,55788122,55294666,23925,8155,87,8160,0,15,-18,15,-18,1,1,1,1645.71,944.98,1645.71,944.98,0,0,0,0,0,0,974667,884500
1671,1946,49072250,50775958,23825,8155,87,8160,0,15,-18,15,-18,1,1,1,1645.71,944.98,1645.71,944.98,0,0,0,0,0,0,1017917,960334
1672,1947,45191708,45486000,23797,8155,87,8160,0,14,-18,14,-18,1,1,1,1600,918.02,1600,918.02,0,0,0,0,0,0,739208,692250
1673,1948,46051751,44784792,23709,8155,87,8160,0,14,-18,14,-18,1,1,1,1600,918.02,1600,918.02,0,0,0,0,0,0,764459,719292
1674,1949,46390872,47439250,23773,8155,87,8160,0,14,-18,14,-18,1,1,1,1600,918.02,1600,918.02,0,0,0,0,0,0,760250,711083
1675,1950,48528168,48613625,23709,8155,87,8160,0,14,-18,14,-18,1,1,1,1600,918.02,1600,918.02,0,0,0,0,0,0,826292,780833
1676,1951,48136372,46422125,23849,8155,90,8160,0,13,-18,13,-18,1,1,1,1554.29,892.25,1554.29,892.25,0,0,0,0,0,0,733584,682708
1677,1952,43353747,45073958,23773,8155,87,8160,0,13,-18,13,-18,1,1,1,1554.29,892.25,1554.29,892.25,0,0,0,0,0,0,746375,702500
1678,1953,45470047,45372167,23709,8155,87,8160,0,13,-18,13,-18,1,1,1,1554.29,892.25,1554.29,892.25,0,0,0,0,0,0,816750,763625
1679,1954,44180370,43046500,23911,8155,87,8160,0,13,-18,13,-18,1,1,1,1554.29,892.25,1554.29,892.25,0,0,0,0,0,0,740500,698958
1680,1955,39395254,39503333,24223,8155,87,8160,0,12,-18,12,-18,1,1,1,1508.57,868.27,1508.57,868.27,0,0,0,0,0,0,665958,621792
1681,1956,36930661,38029208,23977,8156,88,8161,0,12,-18,12,-18,1,1,1,1508.57,868.27,1508.57,868.27,0,0,0,0,0,0,650666,614250
1682,1957,39427757,38359542,23709,8155,87,8160,0,12,-18,12,-18,1,1,1,1508.57,868.27,1508.57,868.27,0,0,0,0,0,0,689375,644875
1683,1958,36786492,37763584,23773,8155,87,8160,0,12,-18,12,-18,1,1,1,1508.57,868.27,1508.57,868.27,0,0,0,0,0,0,629625,592542
1684,1959,36700706,36785459,23797,8155,87,8160,0,11,-18,11,-18,1,1,1,1462.86,845.83,1462.86,845.83,0,0,0,0,0,0,660417,619458
1685,1960,34893836,33859208,23709,8155,87,8160,0,11,-18,11,-18,1,1,1,1462.86,845.83,1462.86,845.83,0,0,0,0,0,0,595250,561959
1686,1961,32686457,33697458,23773,8155,87,8160,0,11,-18,11,-18,1,1,1,1462.86,845.83,1462.86,845.83,0,0,0,0,0,0,579041,539792
1687,1962,33548165,33526458,23761,8155,87,8160,0,11,-18,11,-18,1,1,1,1462.86,845.83,1462.86,845.83,0,0,0,0,0,0,581750,547125
1688,1963,37483375,36432584,23709,8155,87,8160,0,10,-18,10,-18,1,1,1,1417.14,823.72,1417.14,823.72,0,0,0,0,0,0,722625,681417
1689,1964,32591547,33613500,23861,8155,90,8160,0,10,-18,10,-18,1,1,1,1417.14,823.72,1417.14,823.72,0,0,0,0,0,0,571834,539334
1690,1965,33573787,33579542,23709,8155,87,8160,0,10,-18,10,-18,1,1,1,1417.14,823.72,1417.14,823.72,0,0,0,0,0,0,575541,530709
1691,1966,36593664,35315250,23709,8155,87,8160,0,10,-18,10,-18,1,1,1,1417.14,823.72,1417.14,823.72,0,0,0,0,0,0,591292,553041
1692,1967,34162960,35390708,23773,8155,87,8160,0,9,-18,9,-18,1,1,1,1371.43,801.36,1371.43,801.36,0,0,0,0,0,0,620333,582292
1693,1968,35527620,35242834,23963,8155,87,8160,0,9,-18,9,-18,1,1,1,1371.43,801.36,1371.43,801.36,0,0,0,0,0,0,777250,744291
1694,1969,38755506,37018334,24159,8155,87,8160,0,9,-18,9,-18,1,1,1,1371.43,801.36,1371.43,801.36,0,0,0,0,0,0,759000,718166
1695,1970,36633830,38571584,23989,8155,87,8160,0,9,-18,9,-18,1,1,1,1371.43,801.36,1371.43,801.36,0,0,0,0,0,0,764542,715916
1696,1971,37161670,37181291,23709,8156,88,8161,0,8,-18,8,-18,1,1,1,1325.71,772.98,1325.71,772.98,0,0,0,0,0,0,578958,541584
1697,1972,42864874,41403000,23709,8155,87,8160,0,8,-18,8,-18,1,1,1,1325.71,772.98,1325.71,772.98,0,0,0,0,0,0,1075917,1038708
1698,1973,44366121,45548917,23861,8155,87,8160,0,8,-18,8,-18,1,1,1,1325.71,772.98,1325.71,772.98,0,0,0,0,0,0,763125,713167
1699,1974,53071379,53166583,23761,8155,87,8160,0,8,-18,8,-18,1,1,1,1325.71,772.98,1325.71,772.98,0,0,0,0,0,0,811292,763917
1700,1975,62918491,60786792,23709,8155,87,8160,0,7,-18,7,-18,1,1,1,1280,736.66,1280,736.66,0,0,0,0,0,0,831500,774333
1701,1976,69977380,71900458,23861,8155,87,8160,0,7,-18,7,-18,1,1,1,1280,736.66,1280,736.66,0,0,0,0,0,0,1093959,1032083
1702,1977,68882539,67108708,23709,8155,90,8160,0,7,-18,7,-18,1,1,1,1280,736.66,1280,736.66,0,0,0,0,0,0,1005584,938209
1703,1978,52923079,54686792,24027,8155,87,8160,0,7,-18,7,-18,1,1,1,1280,736.66,1280,736.66,0,0,0,0,0,0,870334,820708
1704,1979,57968586,55005583,24159,8155,87,8160,0,6,-18,6,-18,1,1,1,1234.29,696.59,1234.29,696.59,0,0,0,0,0,0,846958,790500
1705,1980,53531914,56372542,23989,8155,87,8160,0,6,-18,6,-18,1,1,1,1234.29,696.59,1234.29,696.59,0,0,0,0,0,0,844292,797750
1706,1981,56923463,55482417,23709,8155,87,8160,0,6,-18,6,-18,1,1,1,1234.29,696.59,1234.29,696.59,0,0,0,0,0,0,821500,768125
1707,1982,53821455,55315875,23913,8155,87,8160,0,6,-18,6,-18,1,1,1,1234.29,696.59,1234.29,696.59,0,0,0,0,0,0,892125,842875
1708,1983,56978330,55123292,23709,8155,87,8160,0,5,-18,5,-18,1,1,1,1188.57,662.98,1188.57,662.98,0,0,0,0,0,0,1166958,1091375
1709,1984,54392043,56145875,23773,8155,87,8160,0,5,-18,5,-18,1,1,1,1188.57,662.98,1188.57,662.98,0,0,0,0,0,0,932250,881792
1710,1985,51328960,50218333,23797,8155,90,8160,0,5,-18,5,-18,1,1,1,1188.57,662.98,1188.57,662.98,0,0,0,0,0,0,765125,717708
1711,1986,46027041,47264834,23825,8156,88,8161,0,5,-18,5,-18,1,1,1,1188.57,662.98,1188.57,662.98,0,0,0,0,0,0,710958,665833
1712,1987,50711501,50597750,23491,8155,87,8160,0,4,-18,4,-18,1,1,1,1142.86,635.99,1142.86,635.99,0,0,0,0,0,0,715833,679792
1713,1988,55527869,52773083,23651,8085,87,8090,0,4,-18,4,-18,1,1,1,1142.86,635.99,1142.86,635.99,0,0,0,0,0,0,771917,729375
1714,1989,57420335,60107042,27107,8085,87,8090,0,4,-18,4,-18,1,1,1,1142.86,635.99,1142.86,635.99,0,0,0,0,0,0,851792,802000
1715,1990,51287706,49861666,26019,8085,87,8090,0,4,-18,4,-18,1,1,1,1142.86,635.99,1142.86,635.99,0,0,0,0,0,0,843334,804667
1716,1991,51289163,52596375,23353,8085,87,8090,0,3,-18,3,-18,1,1,1,1097.14,613.14,1097.14,613.14,0,0,0,0,0,0,809625,767250
1717,1992,55286169,53980583,23377,8085,87,8090,0,3,-18,3,-18,1,1,1,1097.14,613.14,1097.14,613.14,0,0,0,0,0,0,724167,681916
1718,1993,49631498,51033250,23353,8085,87,8090,0,3,-18,3,-18,1,1,1,1097.14,613.14,1097.14,613.14,0,0,0,0,0,0,809625,767500
1719,1994,51164336,49892916,23341,8085,87,8090,0,3,-18,3,-18,1,1,1,1097.14,613.14,1097.14,613.14,0,0,0,0,0,0,695541,658625
1720,1995,42618997,43896041,23441,8085,90,8090,0,2,-18,2,-18,1,1,1,1051.43,590.28,1051.43,590.28,0,0,0,0,0,0,715334,670375
1721,1996,44077090,44057042,23289,8085,87,8090,0,2,-18,2,-18,1,1,1,1051.43,590.28,1051.43,590.28,0,0,0,0,0,0,685625,649625
1722,1997,42545910,41368084,25611,8085,87,8090,0,2,-18,2,-18,1,1,1,1051.43,590.28,1051.43,590.28,0,0,0,0,0,0,692292,656000
1723,1998,37954542,37930500,23715,8085,87,8090,0,2,-18,2,-18,1,1,1,1051.43,590.28,1051.43,590.28,0,0,0,0,0,0,586750,549084
1724,1999,34773293,35960209,23645,8085,87,8090,0,1,-18,1,-18,1,1,1,1005.71,567.42,1005.71,567.42,0,0,0,0,0,0,625416,593417
1725,2000,34557711,33558500,23289,8085,87,8090,0,1,-18,1,-18,1,1,1,1005.71,567.42,1005.71,567.42,0,0,0,0,0,0,547416,518750
1726,2001,32349623,33306042,23353,8086,88,8091,0,1,-18,1,-18,1,1,1,1005.71,567.42,1005.71,567.42,0,0,0,0,0,0,566041,532167
1727,2002,33241000,33230583,23289,8085,87,8090,0,1,-18,1,-18,1,1,1,1005.71,567.42,1005.71,567.42,0,0,0,0,0,0,576209,545125
1728,2003,36456745,35369625,23289,8085,87,8090,0,0,-18,0,-18,1,1,1,960,544.56,960,544.56,0,0,0,0,0,0,608125,568958
1729,2004,33614546,34690792,23441,8085,87,8090,0,0,-18,0,-18,1,1,1,960,544.56,960,544.56,0,0,0,0,0,0,767667,726958
1730,2005,37155121,37032875,23341,8085,87,8090,0,0,-18,0,-18,1,1,1,960,544.56,960,544.56,0,0,0,0,0,0,870334,823125
1731,2006,40515873,39581708,23289,8085,87,8090,0,0,-18,0,-18,1,1,1,960,544.56,960,544.56,0,0,0,0,0,0,649250,617333
1732,2007,34650247,35593792,23353,8085,90,8090,0,-1,-18,-1,-18,1,1,1,914.29,521.71,914.29,521.71,0,0,0,0,0,0,730375,695541
1733,2008,35879712,35870750,23289,8085,87,8090,0,-1,-18,-1,-18,1,1,1,914.29,521.71,914.29,521.71,0,0,0,0,0,0,580000,551334
1734,2009,37373583,36060750,23377,8085,87,8090,0,-1,-18,-1,-18,1,1,1,914.29,521.71,914.29,521.71,0,0,0,0,0,0,729458,701250
1735,2010,36392539,37685166,23353,8085,87,8090,0,-1,-18,-1,-18,1,1,1,914.29,521.71,914.29,521.71,0,0,0,0,0,0,560916,529584
1736,2011,41433420,41340292,23543,8085,87,8090,0,-2,-18,-2,-18,1,1,1,868.57,498.85,868.57,498.85,0,0,0,0,0,0,612125,579750
1737,2012,47097541,44473708,23651,8085,87,8090,0,-2,-18,-2,-18,1,1,1,868.57,498.85,868.57,498.85,0,0,0,0,0,0,1161333,1110375
1738,2013,49214087,51750042,23657,8085,87,8090,0,-2,-18,-2,-18,1,1,1,868.57,498.85,868.57,498.85,0,0,0,0,0,0,703917,661000
1739,2014,62392581,60321625,23289,8085,87,8090,0,-2,-18,-2,-18,1,1,1,868.57,498.85,868.57,498.85,0,0,0,0,0,0,777041,733459
1740,2015,67911371,69780166,23353,8085,87,8090,0,-3,-18,-3,-18,1,1,1,822.86,475.99,822.86,475.99,0,0,0,0,0,0,1053666,995541
1741,2016,69188162,67397000,23429,8086,88,8091,0,-3,-18,-3,-18,1,1,1,822.86,475.99,822.86,475.99,0,0,0,0,0,0,1025500,958208
1742,2017,62481582,64389458,23353,8085,87,8090,0,-3,-18,-3,-18,1,1,1,822.86,475.99,822.86,475.99,0,0,0,0,0,0,1192541,1127750
1743,2018,56493502,54895625,23289,8085,90,8090,0,-3,-18,-3,-18,1,1,1,822.86,475.99,822.86,475.99,0,0,0,0,0,0,813375,767000
1744,2019,54952792,56314209,23441,8085,87,8090,0,-4,-18,-4,-18,1,1,1,777.14,453.14,777.14,453.14,0,0,0,0,0,0,780250,726500
1745,2020,52721124,50422291,23905,8085,87,8090,0,-4,-18,-4,-18,1,1,1,777.14,453.14,777.14,453.14,0,0,0,0,0,0,981125,930916
1746,2021,43883085,46299041,23569,8085,87,8090,0,-4,-18,-4,-18,1,1,1,777.14,453.14,777.14,453.14,0,0,0,0,0,0,726375,686209
1747,2022,45792579,45849584,23377,8085,87,8090,0,-4,-18,-4,-18,1,1,1,777.14,453.14,777.14,453.14,0,0,0,0,0,0,1177334,1112708
1748,2023,47289378,46047625,23817,8085,87,8090,0,-5,-18,-5,-18,1,1,1,731.43,431,731.43,431,0,0,0,0,0,0,892583,840084
1749,2024,46407539,47460084,23881,8173,87,8178,0,-5,-18,-5,-18,1,1,1,731.43,431,731.43,431,0,0,0,0,0,0,768833,724958
1750,2025,46906754,46680667,23869,8173,87,8178,0,-5,-18,-5,-18,1,1,1,731.43,431,731.43,431,0,0,0,0,0,0,746083,695958
1751,2026,53708709,52804541,27355,8173,87,8178,0,-5,-18,-5,-18,1,1,1,731.43,431,731.43,431,0,0,0,0,0,0,756958,712958
1752,2027,50941668,52156375,26559,8173,87,8178,0,-6,-18,-6,-18,1,1,1,685.71,416.09,685.71,416.09,0,0,0,0,0,0,754917,684000
1753,2028,45375410,45283667,23817,8173,90,8178,0,-6,-18,-6,-18,1,1,1,685.71,416.09,685.71,416.09,0,0,0,0,0,0,783500,740292
1754,2029,46072710,44991042,23905,8173,87,8178,0,-6,-18,-6,-18,1,1,1,685.71,416.09,685.71,416.09,0,0,0,0,0,0,759292,709833
1755,2030,40849085,42002625,23933,8173,87,8178,0,-6,-18,-6,-18,1,1,1,685.71,416.09,685.71,416.09,0,0,0,0,0,0,673125,631916
1756,2031,42827084,41624625,24381,8174,88,8179,0,-8,-18,-8,-18,1,1,1,594.29,422.77,594.29,422.77,0,0,0,0,0,0,668417,624209
1757,2032,43722994,43381042,24033,8173,87,8178,0,-8,-18,-8,-18,1,1,1,594.29,422.77,594.29,422.77,0,0,0,0,0,0,878083,829875
1758,2033,42536046,43884500,23969,8173,87,8178,0,-8,-18,-8,-18,1,1,1,594.29,422.77,594.29,422.77,0,0,0,0,0,0,685459,642542
1759,2034,43542161,43658375,23817,8173,87,8178,0,-8,-18,-8,-18,1,1,1,594.29,422.77,594.29,422.77,0,0,0,0,0,0,749084,706417
1760,2035,40754877,39611833,23869,8173,87,8178,0,-9,-18,-9,-18,1,1,1,548.57,418.39,548.57,418.39,0,0,0,0,0,0,669000,626792
1761,2036,36777671,37835958,23881,8173,87,8178,0,-9,-18,-9,-18,1,1,1,548.57,418.39,548.57,418.39,0,0,0,0,0,0,650583,605542
1762,2037,37806872,37816083,23905,8173,87,8178,0,-9,-18,-9,-18,1,1,1,548.57,418.39,548.57,418.39,0,0,0,0,0,0,662292,618833
1763,2038,41540496,40456958,23817,8173,87,8178,0,-9,-18,-9,-18,1,1,1,548.57,418.39,548.57,418.39,0,0,0,0,0,0,739167,700292
1764,2039,34789081,35882417,23881,8173,90,8178,0,-10,-18,-10,-18,1,1,1,502.86,399.44,502.86,399.44,0,0,0,0,0,0,694250,653167
1765,2040,33441964,33439250,23817,8173,87,8178,0,-10,-18,-10,-18,1,1,1,502.86,399.44,502.86,399.44,0,0,0,0,0,0,593875,558334
1766,2041,34947745,33863667,23869,8173,87,8178,0,-10,-18,-10,-18,1,1,1,502.86,399.44,502.86,399.44,0,0,0,0,0,0,620959,577583
1767,2042,32639872,33703625,23969,8173,87,8178,0,-10,-18,-10,-18,1,1,1,502.86,399.44,502.86,399.44,0,0,0,0,0,0,588125,552042
1768,2043,33708963,33673625,23817,8173,87,8178,0,-11,-18,-11,-18,1,1,1,457.14,380.06,457.14,380.06,0,0,0,0,0,0,586083,547625
1769,2044,35301078,33542250,24381,8173,87,8178,0,-11,-18,-11,-18,1,1,1,457.14,380.06,457.14,380.06,0,0,0,0,0,0,588667,552500
1770,2045,32381709,34099458,24097,8173,87,8178,0,-11,-18,-11,-18,1,1,1,457.14,380.06,457.14,380.06,0,0,0,0,0,0,630750,592875
1771,2046,33479668,33426792,23817,8174,88,8179,0,-11,-18,-11,-18,1,1,1,457.14,380.06,457.14,380.06,0,0,0,0,0,0,628542,594917
1772,2047,34393999,33417125,23957,8173,87,8178,0,-12,-18,-12,-18,1,1,1,411.43,359.32,411.43,359.32,0,0,0,0,0,0,585958,548292
1773,2048,32244708,33267292,23881,8173,87,8178,0,-12,-18,-12,-18,1,1,1,411.43,359.32,411.43,359.32,0,0,0,0,0,0,601709,566458
1774,2049,33709168,33650208,23817,8173,87,8178,0,-12,-18,-12,-18,1,1,1,411.43,359.32,411.43,359.32,0,0,0,0,0,0,625000,586000
1775,2050,34790247,33795792,23817,8173,87,8178,0,-12,-18,-12,-18,1,1,1,411.43,359.32,411.43,359.32,0,0,0,0,0,0,596875,562709
1776,2051,32446917,33382834,23881,8173,87,8178,0,-13,-18,-13,-18,1,1,1,365.71,336.6,365.71,336.6,0,0,0,0,0,0,611333,571833
1777,2052,33388748,33435041,23905,8173,87,8178,0,-13,-18,-13,-18,1,1,1,365.71,336.6,365.71,336.6,0,0,0,0,0,0,616708,583459
1778,2053,35246670,34298708,23869,8173,87,8178,0,-13,-18,-13,-18,1,1,1,365.71,336.6,365.71,336.6,0,0,0,0,0,0,669708,625666
1779,2054,30759120,31674333,23881,8173,90,8178,0,-13,-18,-13,-18,1,1,1,365.71,336.6,365.71,336.6,0,0,0,0,0,0,557792,519667
1780,2055,32833501,32787041,23817,8173,87,8178,0,-14,-18,-14,-18,1,1,1,320,311.82,320,311.82,0,0,0,0,0,0,587500,550959
1781,2056,32915335,32869542,23817,8173,87,8178,0,-14,-18,-14,-18,1,1,1,320,311.82,320,311.82,0,0,0,0,0,0,597834,566667
1782,2057,33494621,32622541,23905,8173,87,8178,0,-14,-18,-14,-18,1,1,1,320,311.82,320,311.82,0,0,0,0,0,0,641792,600333
1783,2058,31769253,32623833,23881,8173,87,8178,0,-14,-18,-14,-18,1,1,1,320,311.82,320,311.82,0,0,0,0,0,0,599042,564417
1784,2059,36662168,34767500,24381,8173,87,8178,0,-15,-18,-15,-18,1,1,1,274.29,285.43,274.29,285.43,0,0,0,0,0,0,589375,550666
1785,2060,37737373,38140042,24085,8173,87,8178,0,-15,-18,-15,-18,1,1,1,274.29,285.43,274.29,285.43,0,0,0,0,0,0,639833,585833
1786,2061,36401212,37812667,23881,8174,88,8179,0,-15,-18,-15,-18,1,1,1,274.29,285.43,274.29,285.43,0,0,0,0,0,0,649250,586792
1787,2062,35955082,36003708,23905,8173,87,8178,0,-15,-18,-15,-18,1,1,1,274.29,285.43,274.29,285.43,0,0,0,0,0,0,650375,563583
1788,2063,38371585,37378833,23817,8173,87,8178,0,-16,-18,-16,-18,1,1,1,228.57,258.09,228.57,258.09,0,0,0,0,0,0,818250,721583
1789,2064,35614080,36559500,23881,8173,87,8178,0,-16,-18,-16,-18,1,1,1,228.57,258.09,228.57,258.09,0,0,0,0,0,0,621792,570458
1790,2065,38748878,38699792,23817,8173,87,8178,0,-16,-18,-16,-18,1,1,1,228.57,258.09,228.57,258.09,0,0,0,0,0,0,652666,592167
1791,2066,47510914,46153584,23869,8173,87,8178,0,-16,-18,-16,-18,1,1,1,228.57,258.09,228.57,258.09,0,0,0,0,0,0,1082417,1018666
1792,2067,62491502,63529666,23969,8173,87,8178,0,-17,-18,-17,-18,1,1,1,182.86,230.19,182.86,230.19,0,0,0,0,0,0,1444833,1332000
1793,2068,69544538,67866875,23817,8173,90,8178,0,-17,-18,-17,-18,1,1,1,182.86,230.19,182.86,230.19,0,0,0,0,0,0,1037500,948500
1794,2069,68799749,70208375,24083,8173,87,8178,0,-17,-18,-17,-18,1,1,1,182.86,230.19,182.86,230.19,0,0,0,0,0,0,1107625,1011958
1795,2070,71114458,67933959,24319,8173,87,8178,0,-17,-18,-17,-18,1,1,1,182.86,230.19,182.86,230.19,0,0,0,0,0,0,1320750,1213875
1796,2071,67493125,70667667,24097,8173,87,8178,0,-16,-18,-16,-18,1,1,1,228.57,258.09,228.57,258.09,0,0,0,0,0,0,1364083,1263083
1797,2072,68443171,66839083,23817,8173,87,8178,0,-16,-18,-16,-18,1,1,1,228.57,258.09,228.57,258.09,0,0,0,0,0,0,1505625,1346417
1798,2073,54067872,55967750,24021,8173,87,8178,0,-16,-18,-16,-18,1,1,1,228.57,258.09,228.57,258.09,0,0,0,0,0,0,1158250,1056042
1799,2074,50423290,48906167,23817,8173,87,8178,0,-16,-18,-16,-18,1,1,1,228.57,258.09,228.57,258.09,0,0,0,0,0,0,792458,723792
