frame_index,read_frame_count,unscaled_delta_ns,main_thread_ns,gc_alloc_bytes,batches,set_pass_calls,draw_calls,engine_controller_update_ns,intended_cell_x,intended_cell_y,actual_cell_x,actual_cell_y,cell_match,input_checked,mouse_is_virtual,injected_x,injected_y,read_x,read_y,tnd_bench_t1_hover_ns,tnd_bench_t1_reclassify_ns,tnd_bench_t1_hoveredborder_ns,tnd_bench_t1_hoveredborderrebuild_ns,tnd_bench_t1_modeenter_ns,tnd_bench_t1_conquerui_ns,tnd_bench_s0_hover_ns,tnd_bench_s0_rebuild_ns
0,275,97077243,65448583,102411,7933,93,7955,0,0,-18,0,-18,1,1,1,960,544.56,960,544.56,31417,0,0,0,0,0,0,0
1,276,76354540,79045416,207566,7934,94,7956,0,0,-18,0,-18,1,1,1,960,544.56,960,544.56,29750,0,0,0,0,0,0,0
2,277,74755623,72719708,22073,7933,93,7955,0,0,-18,0,-18,1,1,1,960,544.56,960,544.56,35375,0,0,0,0,0,0,0
3,278,58792170,60823583,22225,7933,96,7955,0,0,-18,0,-18,1,1,1,960,544.56,960,544.56,29250,0,0,0,0,0,0,0
4,279,56216001,54667750,22125,7933,93,7955,0,0,-18,0,-18,1,1,1,960,544.56,960,544.56,22834,0,0,0,0,0,0,0
5,280,54821789,56211875,22137,7933,93,7955,0,0,-18,0,-18,1,1,1,960,544.56,960,544.56,23417,0,0,0,0,0,0,0
6,281,56803833,55227000,22161,7933,93,7955,0,0,-18,0,-18,1,1,1,960,544.56,960,544.56,23958,0,0,0,0,0,0,0
7,282,56239455,55777667,22701,7933,93,7955,0,0,-18,0,-18,1,1,1,960,544.56,960,544.56,23083,0,0,0,0,0,0,0
8,283,56083623,56267334,22341,7933,93,7955,0,0,-18,0,-18,1,1,1,960,544.56,960,544.56,24375,0,0,0,0,0,0,0
9,284,54180625,56087250,22225,7933,93,7955,0,0,-18,0,-18,1,1,1,960,544.56,960,544.56,24500,0,0,0,0,0,0,0
10,285,58318629,56593375,22073,7933,93,7955,0,0,-18,0,-18,1,1,1,960,544.56,960,544.56,23625,0,0,0,0,0,0,0
11,286,58288704,59914125,22137,7933,93,7955,0,0,-18,0,-18,1,1,1,960,544.56,960,544.56,25916,0,0,0,0,0,0,0
12,287,60492374,58024500,22213,7933,96,7955,0,0,-18,0,-18,1,1,1,960,544.56,960,544.56,23459,0,0,0,0,0,0,0
13,288,57154294,59659583,22137,7933,93,7955,0,0,-18,0,-18,1,1,1,960,544.56,960,544.56,28708,0,0,0,0,0,0,0
14,289,55414035,53514042,22073,7933,93,7955,0,0,-18,0,-18,1,1,1,960,544.56,960,544.56,23708,0,0,0,0,0,0,0
15,290,53800709,54023667,22789,7933,93,7955,0,0,-18,0,-18,1,1,1,960,544.56,960,544.56,22959,0,0,0,0,0,0,0
16,291,42958419,44691583,22341,7934,94,7956,0,0,-18,0,-18,1,1,1,960,544.56,960,544.56,19625,0,0,0,0,0,0,0
17,292,46326749,44922916,22073,7933,93,7955,0,0,-18,0,-18,1,1,1,960,544.56,960,544.56,19041,0,0,0,0,0,0,0
18,293,40111459,41448708,22137,7933,93,7955,0,0,-18,0,-18,1,1,1,960,544.56,960,544.56,18875,0,0,0,0,0,0,0
19,294,38337040,38347708,22161,7933,93,7955,0,0,-18,0,-18,1,1,1,960,544.56,960,544.56,16750,0,0,0,0,0,0,0
20,295,38833625,37767000,22073,7933,93,7955,0,0,-18,0,-18,1,1,1,960,544.56,960,544.56,17167,0,0,0,0,0,0,0
21,296,38452628,39504417,22189,7933,93,7955,0,0,-18,0,-18,1,1,1,960,544.56,960,544.56,16875,0,0,0,0,0,0,0
22,297,34574247,34509584,22073,7933,96,7955,0,0,-18,0,-18,1,1,1,960,544.56,960,544.56,15916,0,0,0,0,0,0,0
23,298,39834085,38627875,22161,7933,93,7955,0,0,-18,0,-18,1,1,1,960,544.56,960,544.56,17250,0,0,0,0,0,0,0
24,299,39864413,40975584,22137,7933,93,7955,0,0,-18,0,-18,1,1,1,960,544.56,960,544.56,17666,0,0,0,0,0,0,0
25,300,45070961,45075791,22073,7933,93,7955,0,0,-18,0,-18,1,1,1,960,544.56,960,544.56,20792,0,0,0,0,0,0,0
26,301,50814334,49486209,22073,7933,93,7955,0,0,-18,0,-18,1,1,1,960,544.56,960,544.56,19583,0,0,0,0,0,0,0
27,302,43221790,43236792,22841,7933,93,7955,0,0,-18,0,-18,1,1,1,960,544.56,960,544.56,19000,0,0,0,0,0,0,0
28,303,41356250,42712583,22289,7933,93,7955,0,0,-18,0,-18,1,1,1,960,544.56,960,544.56,18542,0,0,0,0,0,0,0
29,304,39209503,37936625,22073,7933,93,7955,0,0,-18,0,-18,1,1,1,960,544.56,960,544.56,16709,0,0,0,0,0,0,0
30,305,36496788,37695458,22137,7933,93,7955,0,0,-18,0,-18,1,1,1,960,544.56,960,544.56,16791,0,0,0,0,0,0,0
31,306,36845706,36887000,22161,7934,94,7956,0,0,-18,0,-18,1,1,1,960,544.56,960,544.56,16000,0,0,0,0,0,0,0
32,307,34648001,33524167,22073,7933,93,7955,0,0,-18,0,-18,1,1,1,960,544.56,960,544.56,14333,0,0,0,0,0,0,0
33,308,36192666,37273833,22189,7933,93,7955,0,0,-18,0,-18,1,1,1,960,544.56,960,544.56,22417,0,0,0,0,0,0,0
34,309,33465914,33481833,22073,7933,96,7955,0,0,-18,0,-18,1,1,1,960,544.56,960,544.56,14916,0,0,0,0,0,0,0
35,310,34442331,33285209,22073,7933,93,7955,0,0,-18,0,-18,1,1,1,960,544.56,960,544.56,14833,0,0,0,0,0,0,0
36,311,32953962,34072459,22225,7933,93,7955,0,0,-18,0,-18,1,1,1,960,544.56,960,544.56,14459,0,0,0,0,0,0,0
37,312,35985913,35968459,22073,7933,93,7955,0,0,-18,0,-18,1,1,1,960,544.56,960,544.56,14375,0,0,0,0,0,0,0
38,313,37599291,36199625,22073,7933,93,7955,0,0,-18,0,-18,1,1,1,960,544.56,960,544.56,15333,0,0,0,0,0,0,0
39,314,33961586,35258000,22189,7933,93,7955,0,0,-18,0,-18,1,1,1,960,544.56,960,544.56,15667,0,0,0,0,0,0,0
40,315,36331087,36293042,22073,7933,93,7955,0,0,-18,0,-18,1,1,1,960,544.56,960,544.56,15084,0,0,0,0,0,0,0
41,316,38535084,36651042,22725,7933,93,7955,0,0,-18,0,-18,1,1,1,960,544.56,960,544.56,15375,0,0,0,0,0,0,0
42,317,39218664,41127334,33516,7933,93,7955,0,0,-18,0,-18,1,1,1,960,544.56,960,544.56,14625,0,0,0,0,0,0,0
43,318,41586458,41368500,22073,7933,93,7955,0,0,-18,0,-18,1,1,1,960,544.56,960,544.56,16792,0,0,0,0,0,0,0
44,319,46948786,45166750,22073,7933,93,7955,0,0,-18,0,-18,1,1,1,960,544.56,960,544.56,22209,0,0,0,0,0,0,0
45,320,51749665,53382542,22277,7933,93,7955,0,0,-18,0,-18,1,1,1,960,544.56,960,544.56,22708,0,0,0,0,0,0,0
46,321,73130048,71319417,22073,7934,94,7956,0,0,-18,0,-18,1,1,1,960,544.56,960,544.56,33708,0,0,0,0,0,0,0
47,322,67681409,69292541,22137,7933,96,7955,0,0,-18,0,-18,1,1,1,960,544.56,960,544.56,28625,0,0,0,0,0,0,0
48,323,75561128,73311000,22161,7933,93,7955,0,0,-18,0,-18,1,1,1,960,544.56,960,544.56,28584,0,0,0,0,0,0,0
49,324,71395002,73717458,22189,7933,93,7955,0,0,-18,0,-18,1,1,1,960,544.56,960,544.56,28666,0,0,0,0,0,0,0
50,325,74055872,70128791,22637,7933,93,7955,0,0,-18,0,-18,1,1,1,960,544.56,960,544.56,28708,0,0,0,0,0,0,0
51,326,65233953,69114958,22441,7933,93,7955,0,0,-18,0,-18,1,1,1,960,544.56,960,544.56,29375,0,0,0,0,0,0,0
52,327,60293834,58817667,22125,7933,93,7955,0,0,-18,0,-18,1,1,1,960,544.56,960,544.56,30125,0,0,0,0,0,0,0
53,328,53663499,55245250,22137,7933,93,7955,0,0,-18,0,-18,1,1,1,960,544.56,960,544.56,23916,0,0,0,0,0,0,0
54,329,57108744,55725042,22161,7933,93,7955,0,0,-18,0,-18,1,1,1,960,544.56,960,544.56,26542,0,0,0,0,0,0,0
55,330,46535424,47951333,22137,7933,96,7955,0,0,-18,0,-18,1,1,1,960,544.56,960,544.56,21375,0,0,0,0,0,0,0
56,331,47169912,46865500,22125,7933,93,7955,0,0,-18,0,-18,1,1,1,960,544.56,960,544.56,19334,0,0,0,0,0,0,0
57,332,51339045,50221667,22161,7933,93,7955,0,0,-18,0,-18,1,1,1,960,544.56,960,544.56,18959,0,0,0,0,0,0,0
58,333,51215335,52542292,22137,7933,93,7955,0,0,-18,0,-18,1,1,1,960,544.56,960,544.56,22916,0,0,0,0,0,0,0
59,334,57907998,54204041,22637,7933,93,7955,0,0,-18,0,-18,1,1,1,960,544.56,960,544.56,22666,0,0,0,0,0,0,0
60,335,52440371,56105583,22493,7933,93,7955,0,0,-18,0,-18,1,1,1,960,544.56,960,544.56,27709,0,0,0,0,0,0,0
61,336,57112123,55543708,22073,7934,94,7956,0,0,-18,0,-18,1,1,1,960,544.56,960,544.56,23250,0,0,0,0,0,0,0
62,337,54024044,55240291,22137,7933,93,7955,0,0,-18,0,-18,1,1,1,960,544.56,960,544.56,23041,0,0,0,0,0,0,0
63,338,61000376,59149084,22161,7933,93,7955,0,0,-18,0,-18,1,1,1,960,544.56,960,544.56,24500,0,0,0,0,0,0,0
64,339,53946875,56047959,22189,7933,96,7955,0,0,-18,0,-18,1,1,1,960,544.56,960,544.56,23584,0,0,0,0,0,0,0
65,340,61272829,58949167,22073,7933,93,7955,0,0,-18,0,-18,1,1,1,960,544.56,960,544.56,24125,0,0,0,0,0,0,0
66,341,63004501,65204709,22225,7933,93,7955,0,0,-18,0,-18,1,1,1,960,544.56,960,544.56,28708,0,0,0,0,0,0,0
67,342,57811714,54852791,22637,7933,93,7955,0,0,-18,0,-18,1,1,1,960,544.56,960,544.56,28709,0,0,0,0,0,0,0
68,343,46143706,49159042,22405,7933,93,7955,0,0,-18,0,-18,1,1,1,960,544.56,960,544.56,27417,0,0,0,0,0,0,0
69,344,42763832,42828958,22161,7933,93,7955,0,0,-18,0,-18,1,1,1,960,544.56,960,544.56,20125,0,0,0,0,0,0,0
70,345,39660748,38431791,22073,7933,93,7955,0,0,-18,0,-18,1,1,1,960,544.56,960,544.56,16667,0,0,0,0,0,0,0
71,346,35521455,36737458,22137,7933,93,7955,0,0,-18,0,-18,1,1,1,960,544.56,960,544.56,16416,0,0,0,0,0,0,0
72,347,33663045,33611458,22073,7933,93,7955,0,0,-18,0,-18,1,1,1,960,544.56,960,544.56,14334,0,0,0,0,0,0,0
73,348,37472497,36319208,22213,7933,93,7955,0,0,-18,0,-18,1,1,1,960,544.56,960,544.56,15833,0,0,0,0,0,0,0
74,349,32570287,33748334,22137,7933,96,7955,0,0,-18,0,-18,1,1,1,960,544.56,960,544.56,14875,0,0,0,0,0,0,0
75,350,34178048,34127250,22073,7933,93,7955,0,0,-18,0,-18,1,1,1,960,544.56,960,544.56,14917,0,0,0,0,0,0,0
76,351,34446202,33373042,22073,7934,94,7956,0,0,-18,0,-18,1,1,1,960,544.56,960,544.56,14916,0,0,0,0,0,0,0
77,352,32262004,33271292,22137,7933,93,7955,0,0,-18,0,-18,1,1,1,960,544.56,960,544.56,14167,0,0,0,0,0,0,0
78,353,33912040,33935291,22161,7933,93,7955,0,0,-18,0,-18,1,1,1,960,544.56,960,544.56,15042,0,0,0,0,0,0,0
79,354,33970877,32958667,22125,7933,93,7955,0,0,-18,0,-18,1,1,1,960,544.56,960,544.56,15000,0,0,0,0,0,0,0
80,355,29333248,30352750,22137,7933,93,7955,0,0,-18,0,-18,1,1,1,960,544.56,960,544.56,13334,0,0,0,0,0,0,0
81,356,31425751,30301875,22073,7933,93,7955,0,0,-18,0,-18,1,1,1,960,544.56,960,544.56,13167,0,0,0,0,0,0,0
82,357,29276587,30333500,22853,7933,93,7955,0,0,-18,0,-18,1,1,1,960,544.56,960,544.56,13083,0,0,0,0,0,0,0
83,358,32063499,30918792,22161,7933,93,7955,0,0,-18,0,-18,1,1,1,960,544.56,960,544.56,13583,0,0,0,0,0,0,0
84,359,30402204,31553750,22137,7933,93,7955,0,0,-18,0,-18,1,1,1,960,544.56,960,544.56,13542,0,0,0,0,0,0,0
85,360,33216256,33163750,22073,7933,93,7955,0,0,-18,0,-18,1,1,1,960,544.56,960,544.56,13000,0,0,0,0,0,0,0
86,361,38681328,37554166,22125,7933,93,7955,0,0,-18,0,-18,1,1,1,960,544.56,960,544.56,14834,0,0,0,0,0,0,0
87,362,34617416,35643917,22137,7933,93,7955,0,0,-18,0,-18,1,1,1,960,544.56,960,544.56,14791,0,0,0,0,0,0,0
88,363,39997085,39927667,22161,7933,93,7955,0,0,-18,0,-18,1,1,1,960,544.56,960,544.56,16541,0,0,0,0,0,0,0
89,364,37859536,36851125,22073,7933,96,7955,0,0,-18,0,-18,1,1,1,960,544.56,960,544.56,18375,0,0,0,0,0,0,0
90,365,36937832,38008666,22137,7933,93,7955,0,0,-18,0,-18,1,1,1,960,544.56,960,544.56,16791,0,0,0,0,0,0,0
91,366,41667040,41508667,22073,7934,94,7956,0,0,-18,0,-18,1,1,1,960,544.56,960,544.56,16959,0,0,0,0,0,0,0
92,367,55902544,53927167,22213,7933,93,7955,0,0,-18,0,-18,1,1,1,960,544.56,960,544.56,20416,0,0,0,0,0,0,0
93,368,79112835,80666666,22137,7933,93,7955,0,0,-18,0,-18,1,1,1,960,544.56,960,544.56,28875,0,0,0,0,0,0,0
94,369,85985288,78879125,22637,7933,93,7955,0,0,-18,0,-18,1,1,1,960,544.56,960,544.56,21375,0,0,0,0,0,0,0
95,370,75222045,82291208,22493,7933,93,7955,0,0,-18,0,-18,1,1,1,960,544.56,960,544.56,20959,0,0,0,0,0,0,0
96,371,70585578,67620375,22073,7933,93,7955,0,0,-18,0,-18,1,1,1,960,544.56,960,544.56,19917,0,0,0,0,0,0,0
97,372,75204543,78248250,22137,7933,93,7955,0,0,-18,0,-18,1,1,1,960,544.56,960,544.56,30708,0,0,0,0,0,0,0
98,373,71196496,69073541,22213,7933,96,7955,0,0,-18,0,-18,1,1,1,960,544.56,960,544.56,30750,0,0,0,0,0,0,0
99,374,59124708,61098500,22137,7933,93,7955,0,0,-18,0,-18,1,1,1,960,544.56,960,544.56,35958,0,0,0,0,0,0,0
100,375,57392954,55431417,22073,7933,93,7955,0,0,-18,0,-18,1,1,1,960,544.56,960,544.56,23250,0,0,0,0,0,0,0
101,376,59353336,59883125,22789,7933,93,7955,0,0,-18,0,-18,1,1,1,960,544.56,960,544.56,23875,0,0,0,0,0,0,0
102,377,55878832,55526625,22341,7933,93,7955,0,0,-18,0,-18,1,1,1,960,544.56,960,544.56,23084,0,0,0,0,0,0,0
103,378,60850664,62622167,22137,7933,93,7955,0,0,-18,0,-18,1,1,1,960,544.56,960,544.56,28625,0,0,0,0,0,0,0
104,379,67868418,65824709,22161,7933,93,7955,0,0,-18,0,-18,1,1,1,960,544.56,960,544.56,33417,0,0,0,0,0,0,0
105,380,74259415,76137500,22137,7933,93,7955,0,0,-18,0,-18,1,1,1,960,544.56,960,544.56,31209,0,0,0,0,0,0,0
106,381,63077576,61762958,22125,7934,97,7956,0,0,-18,0,-18,1,1,1,960,544.56,960,544.56,30333,0,0,0,0,0,0,0
107,382,59847917,61352292,22225,7933,93,7955,0,0,-18,0,-18,1,1,1,960,544.56,960,544.56,31834,0,0,0,0,0,0,0
108,383,66952086,65140042,22073,7933,93,7955,0,0,-18,0,-18,1,1,1,960,544.56,960,544.56,30750,0,0,0,0,0,0,0
109,384,57234667,56820292,22701,7933,93,7955,0,0,-18,0,-18,1,1,1,960,544.56,960,544.56,23791,0,0,0,0,0,0,0
110,385,52785169,53450250,22429,7933,93,7955,0,0,-18,0,-18,1,1,1,960,544.56,960,544.56,23417,0,0,0,0,0,0,0
111,386,49305789,50897000,22137,7933,93,7955,0,0,-18,0,-18,1,1,1,960,544.56,960,544.56,22583,0,0,0,0,0,0,0
112,387,43469585,43494500,22073,7933,93,7955,0,0,-18,0,-18,1,1,1,960,544.56,960,544.56,19667,0,0,0,0,0,0,0
113,388,42938251,41665750,22073,7933,93,7955,0,0,-18,0,-18,1,1,1,960,544.56,960,544.56,17792,0,0,0,0,0,0,0
114,389,36895919,38186958,22225,7933,96,7955,0,0,-18,0,-18,1,1,1,960,544.56,960,544.56,16542,0,0,0,0,0,0,0
115,390,34550998,34512875,22125,7933,93,7955,0,0,-18,0,-18,1,1,1,960,544.56,960,544.56,14875,0,0,0,0,0,0,0
116,391,35028502,33949333,22073,7933,93,7955,0,0,-18,0,-18,1,1,1,960,544.56,960,544.56,15000,0,0,0,0,0,0,0
117,392,33330369,34381334,22137,7933,93,7955,0,0,-18,0,-18,1,1,1,960,544.56,960,544.56,14584,0,0,0,0,0,0,0
118,393,34161124,34114041,22073,7933,93,7955,0,0,-18,0,-18,1,1,1,960,544.56,960,544.56,15375,0,0,0,0,0,0,0
119,394,34973829,33939125,22161,7933,93,7955,0,0,-18,0,-18,1,1,1,960,544.56,960,544.56,15000,0,0,0,0,0,0,0
120,395,32702006,33755458,22137,7933,93,7955,0,0,-18,0,-18,1,1,1,960,544.56,960,544.56,14208,0,0,0,0,0,0,0
121,396,34622874,33495500,22689,7934,94,7956,0,0,-18,0,-18,1,1,1,960,544.56,960,544.56,15291,0,0,0,0,0,0,0
122,397,32993536,33129625,22289,7933,93,7955,0,0,-18,0,-18,1,1,1,960,544.56,960,544.56,14791,0,0,0,0,0,0,0
123,398,30717629,31617958,22137,7933,93,7955,0,0,-18,0,-18,1,1,1,960,544.56,960,544.56,13083,0,0,0,0,0,0,0
124,399,31385082,31419958,22161,7933,93,7955,0,0,-18,0,-18,1,1,1,960,544.56,960,544.56,13542,0,0,0,0,0,0,0
125,400,33013455,32989416,22073,7933,93,7955,0,0,-18,0,-18,1,1,1,960,544.56,960,544.56,13083,0,0,0,0,0,0,0
126,401,34543082,33490042,22073,7933,93,7955,0,0,-18,0,-18,1,1,1,960,544.56,960,544.56,13167,0,0,0,0,0,0,0
127,402,35182412,36181084,22137,7933,93,7955,0,0,-18,0,-18,1,1,1,960,544.56,960,544.56,14750,0,0,0,0,0,0,0
128,403,38922376,38885917,22125,7933,93,7955,0,0,-18,0,-18,1,1,1,960,544.56,960,544.56,15167,0,0,0,0,0,0,0
129,404,37605166,35949209,22161,7933,96,7955,0,0,-18,0,-18,1,1,1,960,544.56,960,544.56,15292,0,0,0,0,0,0,0
130,405,35647209,37238292,22137,7933,93,7955,0,0,-18,0,-18,1,1,1,960,544.56,960,544.56,14625,0,0,0,0,0,0,0
131,406,36905668,36906834,22073,7933,93,7955,0,0,-18,0,-18,1,1,1,960,544.56,960,544.56,15458,0,0,0,0,0,0,0
132,407,39975419,38385333,22073,7933,93,7955,0,0,-18,0,-18,1,1,1,960,544.56,960,544.56,14958,0,0,0,0,0,0,0
133,408,46405620,47830208,22225,7933,93,7955,0,0,-18,0,-18,1,1,1,960,544.56,960,544.56,18750,0,0,0,0,0,0,0
134,409,66456250,62539041,22689,7933,93,7955,0,0,-18,0,-18,1,1,1,960,544.56,960,544.56,23167,0,0,0,0,0,0,0
135,410,67856959,71543875,22353,7933,93,7955,0,0,-18,0,-18,1,1,1,960,544.56,960,544.56,28166,0,0,0,0,0,0,0
136,411,72870291,70314833,22161,7934,94,7956,0,0,-18,0,-18,1,1,1,960,544.56,960,544.56,19667,0,0,0,0,0,0,0
137,412,66770583,69320834,22189,7933,93,7955,0,0,-18,0,-18,1,1,1,960,544.56,960,544.56,20708,0,0,0,0,0,0,0
138,413,73756292,71680916,22073,7933,93,7955,0,0,-18,0,-18,1,1,1,960,544.56,960,544.56,30833,0,0,0,0,0,0,0
139,414,63105165,65286667,22225,7933,96,7955,0,0,-18,0,-18,1,1,1,960,544.56,960,544.56,29041,0,0,0,0,0,0,0
140,415,58068748,56480792,22125,7933,93,7955,0,0,-18,0,-18,1,1,1,960,544.56,960,544.56,23625,0,0,0,0,0,0,0
141,416,56099079,57031458,22137,7933,93,7955,0,0,-18,0,-18,1,1,1,960,544.56,960,544.56,26375,0,0,0,0,0,0,0
142,417,58338455,56005041,22725,7933,93,7955,0,0,-18,0,-18,1,1,1,960,544.56,960,544.56,23125,0,0,0,0,0,0,0
143,418,52397754,55262417,22353,7933,93,7955,0,0,-18,0,-18,1,1,1,960,544.56,960,544.56,28083,0,0,0,0,0,0,0
144,419,58052543,55693250,22125,7933,93,7955,0,0,-18,0,-18,1,1,1,960,544.56,960,544.56,27875,0,0,0,0,0,0,0
145,420,55479209,57745791,22225,7933,93,7955,0,0,-18,0,-18,1,1,1,960,544.56,960,544.56,23833,0,0,0,0,0,0,0
146,421,67224495,65730750,22073,7933,93,7955,0,0,-18,0,-18,1,1,1,960,544.56,960,544.56,32250,0,0,0,0,0,0,0
147,422,54197378,55402209,22387,7933,96,7955,0,0,-18,0,-18,1,1,1,960,544.56,960,544.56,22541,0,0,0,0,0,0,0
148,423,57014662,55614959,22213,7933,93,7955,0,0,-18,0,-18,1,1,1,960,544.56,960,544.56,24958,0,0,0,0,0,0,0
149,424,54087165,55751459,22137,7933,93,7955,0,0,-18,0,-18,1,1,1,960,544.56,960,544.56,23333,0,0,0,0,0,0,0
150,425,58524582,56621041,22073,7933,93,7955,0,0,-18,0,-18,1,1,1,960,544.56,960,544.56,24917,0,0,0,0,0,0,0
151,426,58509588,58742375,22789,7934,94,7956,0,0,-18,0,-18,1,1,1,960,544.56,960,544.56,28875,0,0,0,0,0,0,0
152,427,53584128,53649333,22341,7933,93,7955,0,0,-18,0,-18,1,1,1,960,544.56,960,544.56,25833,0,0,0,0,0,0,0
153,428,48569083,50091208,22137,7933,93,7955,0,0,-18,0,-18,1,1,1,960,544.56,960,544.56,22584,0,0,0,0,0,0,0
154,429,43307829,43379625,22161,7933,93,7955,0,0,-18,0,-18,1,1,1,960,544.56,960,544.56,19958,0,0,0,0,0,0,0
155,430,42247790,41057292,22073,7933,93,7955,0,0,-18,0,-18,1,1,1,960,544.56,960,544.56,23375,0,0,0,0,0,0,0
156,431,36592964,37781208,22137,7933,96,7955,0,0,-18,0,-18,1,1,1,960,544.56,960,544.56,15792,0,0,0,0,0,0,0
157,432,33895201,33827875,22125,7933,93,7955,0,0,-18,0,-18,1,1,1,960,544.56,960,544.56,14917,0,0,0,0,0,0,0
158,433,35008169,33994250,22161,7933,93,7955,0,0,-18,0,-18,1,1,1,960,544.56,960,544.56,14541,0,0,0,0,0,0,0
159,434,33002998,34036125,22137,7933,93,7955,0,0,-18,0,-18,1,1,1,960,544.56,960,544.56,14833,0,0,0,0,0,0,0
160,435,34061167,34074708,22073,7933,93,7955,0,0,-18,0,-18,1,1,1,960,544.56,960,544.56,14417,0,0,0,0,0,0,0
161,436,34989379,33885042,22073,7933,93,7955,0,0,-18,0,-18,1,1,1,960,544.56,960,544.56,14000,0,0,0,0,0,0,0
162,437,32731831,33729583,22137,7933,93,7955,0,0,-18,0,-18,1,1,1,960,544.56,960,544.56,14542,0,0,0,0,0,0,0
163,438,34863166,33796458,22777,7933,93,7955,0,0,-18,0,-18,1,1,1,960,544.56,960,544.56,14375,0,0,0,0,0,0,0
164,439,33764209,33803792,22289,7933,93,7955,0,0,-18,0,-18,1,1,1,960,544.56,960,544.56,14458,0,0,0,0,0,0,0
165,440,32431088,33457916,22895,7933,93,7955,0,0,-18,0,-18,1,1,1,960,544.56,960,544.56,14333,0,0,0,0,0,0,0
166,441,30260162,30282208,22073,7934,94,7956,0,0,-18,0,-18,1,1,1,960,544.56,960,544.56,12833,0,0,0,0,0,0,0
167,442,30235296,30151750,22073,7933,93,7955,0,0,-18,0,-18,1,1,1,960,544.56,960,544.56,13833,0,0,0,0,0,0,0
168,443,31142665,30199625,22161,7933,93,7955,0,0,-18,0,-18,1,1,1,960,544.56,960,544.56,13208,0,0,0,0,0,0,0
169,444,29180372,30146000,22137,7933,93,7955,0,0,-18,0,-18,1,1,1,960,544.56,960,544.56,13208,0,0,0,0,0,0,0
170,445,32605625,32601583,22125,7933,93,7955,0,0,-18,0,-18,1,1,1,960,544.56,960,544.56,14125,0,0,0,0,0,0,0
171,446,31497463,31480375,22073,7933,96,7955,0,0,-18,0,-18,1,1,1,960,544.56,960,544.56,13000,0,0,0,0,0,0,0
172,447,34977663,33834333,22073,7933,93,7955,0,0,-18,0,-18,1,1,1,960,544.56,960,544.56,13292,0,0,0,0,0,0,0
173,448,34613125,35696292,22225,7933,93,7955,0,0,-18,0,-18,1,1,1,960,544.56,960,544.56,15125,0,0,0,0,0,0,0
174,449,35785332,35788959,22073,7933,93,7955,0,0,-18,0,-18,1,1,1,960,544.56,960,544.56,14750,0,0,0,0,0,0,0
175,450,39047915,37805375,22073,7933,93,7955,0,0,-18,0,-18,1,1,1,960,544.56,960,544.56,18000,0,0,0,0,0,0,0
176,451,35125665,36216333,22189,7933,93,7955,0,0,-18,0,-18,1,1,1,960,544.56,960,544.56,14625,0,0,0,0,0,0,0
177,452,37036251,36899875,22073,7933,93,7955,0,0,-18,0,-18,1,1,1,960,544.56,960,544.56,16083,0,0,0,0,0,0,0
178,453,39388500,37322583,22725,7933,93,7955,0,0,-18,0,-18,1,1,1,960,544.56,960,544.56,14959,0,0,0,0,0,0,0
179,454,41626706,43820750,22353,7933,93,7955,0,0,-18,0,-18,1,1,1,960,544.56,960,544.56,17084,0,0,0,0,0,0,0
180,455,52316460,52132000,22073,7933,93,7955,0,0,-18,0,-18,1,1,1,960,544.56,960,544.56,19542,0,0,0,0,0,0,0
181,456,70739120,68690250,22125,7934,94,7956,0,0,-18,0,-18,1,1,1,960,544.56,960,544.56,28333,0,0,0,0,0,0,0
182,457,66185124,68215417,22225,7933,93,7955,0,0,-18,0,-18,1,1,1,960,544.56,960,544.56,30166,0,0,0,0,0,0,0
183,458,74893213,72856709,22073,7933,93,7955,0,0,-18,0,-18,1,1,1,960,544.56,960,544.56,33042,0,0,0,0,0,0,0
184,459,65338246,67216125,22189,7933,96,7955,0,0,-18,0,-18,1,1,1,960,544.56,960,544.56,28708,0,0,0,0,0,0,0
185,460,70429049,68436209,22161,7933,93,7955,0,0,-18,0,-18,1,1,1,960,544.56,960,544.56,32459,0,0,0,0,0,0,0
186,461,62913618,62865541,22701,7933,93,7955,0,0,-18,0,-18,1,1,1,960,544.56,960,544.56,28958,0,0,0,0,0,0,0
187,462,55412959,55834958,22289,7933,93,7955,0,0,-18,0,-18,1,1,1,960,544.56,960,544.56,27583,0,0,0,0,0,0,0
188,463,49952585,51666167,22277,7933,93,7955,0,0,-18,0,-18,1,1,1,960,544.56,960,544.56,22833,0,0,0,0,0,0,0
189,464,45798327,45780542,22073,7933,93,7955,0,0,-18,0,-18,1,1,1,960,544.56,960,544.56,19500,0,0,0,0,0,0,0
190,465,46191342,44600083,22073,7933,93,7955,0,0,-18,0,-18,1,1,1,960,544.56,960,544.56,19083,0,0,0,0,0,0,0
191,466,48656251,50078000,22137,7933,93,7955,0,0,-18,0,-18,1,1,1,960,544.56,960,544.56,19708,0,0,0,0,0,0,0
192,467,52389703,50572625,22161,7933,96,7955,0,0,-18,0,-18,1,1,1,960,544.56,960,544.56,22833,0,0,0,0,0,0,0
193,468,47512337,49325333,22189,7933,93,7955,0,0,-18,0,-18,1,1,1,960,544.56,960,544.56,22500,0,0,0,0,0,0,0
194,469,55685620,53732208,22073,7933,93,7955,0,0,-18,0,-18,1,1,1,960,544.56,960,544.56,28792,0,0,0,0,0,0,0
195,470,53272873,55219333,22225,7933,93,7955,0,0,-18,0,-18,1,1,1,960,544.56,960,544.56,23625,0,0,0,0,0,0,0
196,471,60809373,56901209,22637,7934,94,7956,0,0,-18,0,-18,1,1,1,960,544.56,960,544.56,22791,0,0,0,0,0,0,0
197,472,56132420,59939375,22405,7933,93,7955,0,0,-18,0,-18,1,1,1,960,544.56,960,544.56,28750,0,0,0,0,0,0,0
198,473,55142164,53641000,22161,7933,93,7955,0,0,-18,0,-18,1,1,1,960,544.56,960,544.56,22792,0,0,0,0,0,0,0
199,474,51980208,53349667,22137,7933,93,7955,0,0,-18,0,-18,1,1,1,960,544.56,960,544.56,25083,0,0,0,0,0,0,0
200,475,54576043,53309250,22073,7933,93,7955,0,0,-18,0,-18,1,1,1,960,544.56,960,544.56,23833,0,0,0,0,0,0,0
201,476,42290087,43772666,22277,7933,96,7955,0,0,-18,0,-18,1,1,1,960,544.56,960,544.56,19000,0,0,0,0,0,0,0
202,477,39452288,39426042,22073,7933,93,7955,0,0,-18,0,-18,1,1,1,960,544.56,960,544.56,19250,0,0,0,0,0,0,0
203,478,39861381,38705917,22073,7933,93,7955,0,0,-18,0,-18,1,1,1,960,544.56,960,544.56,17125,0,0,0,0,0,0,0
204,479,34812994,35819459,22137,7933,93,7955,0,0,-18,0,-18,1,1,1,960,544.56,960,544.56,16416,0,0,0,0,0,0,0
205,480,34152287,34321333,22161,7933,93,7955,0,0,-18,0,-18,1,1,1,960,544.56,960,544.56,15458,0,0,0,0,0,0,0
206,481,36576963,35414041,22073,7933,93,7955,0,0,-18,0,-18,1,1,1,960,544.56,960,544.56,14583,0,0,0,0,0,0,0
207,482,37082165,36632416,22753,7933,93,7955,0,0,-18,0,-18,1,1,1,960,544.56,960,544.56,16667,0,0,0,0,0,0,0
208,483,36172252,37709000,22289,7933,93,7955,0,0,-18,0,-18,1,1,1,960,544.56,960,544.56,14209,0,0,0,0,0,0,0
209,484,40374375,39023417,22073,7933,93,7955,0,0,-18,0,-18,1,1,1,960,544.56,960,544.56,15750,0,0,0,0,0,0,0
210,485,35817623,36998583,22225,7933,93,7955,0,0,-18,0,-18,1,1,1,960,544.56,960,544.56,14583,0,0,0,0,0,0,0
211,486,40547832,40595875,22073,7934,94,7956,0,0,-18,0,-18,1,1,1,960,544.56,960,544.56,16500,0,0,0,0,0,0,0
212,487,47571167,45807167,22073,7933,93,7955,0,0,-18,0,-18,1,1,1,960,544.56,960,544.56,18792,0,0,0,0,0,0,0
213,488,55079292,56478333,22189,7933,93,7955,0,0,-18,0,-18,1,1,1,960,544.56,960,544.56,20417,0,0,0,0,0,0,0
214,489,69150462,67262084,22161,7933,96,7955,0,0,-18,0,-18,1,1,1,960,544.56,960,544.56,22625,0,0,0,0,0,0,0
215,490,69036662,71044333,22137,7933,93,7955,0,0,-18,0,-18,1,1,1,960,544.56,960,544.56,28000,0,0,0,0,0,0,0
216,491,72264872,69750916,22073,7933,93,7955,0,0,-18,0,-18,1,1,1,960,544.56,960,544.56,33709,0,0,0,0,0,0,0
217,492,65673545,66056458,22841,7933,93,7955,0,0,-18,0,-18,1,1,1,960,544.56,960,544.56,20042,0,0,0,0,0,0,0
218,493,72787038,72796000,22289,7933,93,7955,0,0,-18,0,-18,1,1,1,960,544.56,960,544.56,29458,0,0,0,0,0,0,0
219,494,67809835,69515750,22137,7933,93,7955,0,0,-18,0,-18,1,1,1,960,544.56,960,544.56,29708,0,0,0,0,0,0,0
220,495,60731541,59398584,22213,7933,93,7955,0,0,-18,0,-18,1,1,1,960,544.56,960,544.56,28083,0,0,0,0,0,0,0
221,496,53319204,54886458,22137,7933,96,7955,0,0,-18,0,-18,1,1,1,960,544.56,960,544.56,24917,0,0,0,0,0,0,0
222,497,51597207,49837541,22073,7933,93,7955,0,0,-18,0,-18,1,1,1,960,544.56,960,544.56,21167,0,0,0,0,0,0,0
223,498,45797418,47481250,22225,7933,93,7955,0,0,-18,0,-18,1,1,1,960,544.56,960,544.56,18500,0,0,0,0,0,0,0
224,499,49286704,49325875,22125,7933,93,7955,0,0,-18,0,-18,1,1,1,960,544.56,960,544.56,22375,0,0,0,0,0,0,0
225,500,57538293,54069375,24757,7933,93,7955,0,0,-18,0,-18,1,1,1,960,544.56,960,544.56,22500,0,0,0,0,0,0,0
226,501,52944622,56138000,22441,7934,94,7956,0,0,-18,0,-18,1,1,1,960,544.56,960,544.56,23083,0,0,0,0,0,0,0
227,502,67486710,65800792,22073,7933,93,7955,0,0,-18,0,-18,1,1,1,960,544.56,960,544.56,23334,0,0,0,0,0,0,0
228,503,67102119,68870209,22189,7933,93,7955,0,0,-18,0,-18,1,1,1,960,544.56,960,544.56,28541,0,0,0,0,0,0,0
229,504,70364750,68043667,22161,7933,93,7955,0,0,-18,0,-18,1,1,1,960,544.56,960,544.56,31292,0,0,0,0,0,0,0
230,505,60193210,62619666,22137,7933,96,7955,0,0,-18,0,-18,1,1,1,960,544.56,960,544.56,29542,0,0,0,0,0,0,0
231,506,57739872,56027417,22073,7933,93,7955,0,0,-18,0,-18,1,1,1,960,544.56,960,544.56,23084,0,0,0,0,0,0,0
232,507,56091122,57531584,22277,7933,93,7955,0,0,-18,0,-18,1,1,1,960,544.56,960,544.56,23834,0,0,0,0,0,0,0
233,508,61640333,58883708,22073,7933,93,7955,0,0,-18,0,-18,1,1,1,960,544.56,960,544.56,24042,0,0,0,0,0,0,0
234,509,57138413,60000250,22917,7933,93,7955,0,0,-18,0,-18,1,1,1,960,544.56,960,544.56,33958,0,0,0,0,0,0,0
235,510,57241965,55715333,22161,7933,93,7955,0,0,-18,0,-18,1,1,1,960,544.56,960,544.56,23583,0,0,0,0,0,0,0
236,511,53835459,55357791,22189,7933,93,7955,0,0,-18,0,-18,1,1,1,960,544.56,960,544.56,22875,0,0,0,0,0,0,0
237,512,62831126,60752042,22073,7933,93,7955,0,0,-18,0,-18,1,1,1,960,544.56,960,544.56,26292,0,0,0,0,0,0,0
238,513,74579790,76459792,22225,7933,93,7955,0,0,-18,0,-18,1,1,1,960,544.56,960,544.56,32250,0,0,0,0,0,0,0
239,514,71556828,69662041,22073,7933,96,7955,0,0,-18,0,-18,1,1,1,960,544.56,960,544.56,28625,0,0,0,0,0,0,0
240,515,66943213,68743417,22189,7933,93,7955,0,0,-18,0,-18,1,1,1,960,544.56,960,544.56,34750,0,0,0,0,0,0,0
241,516,71903370,68289000,22725,7934,94,7956,0,0,-18,0,-18,1,1,1,960,544.56,960,544.56,30042,0,0,0,0,0,0,0
242,517,57211749,60908875,22353,7933,93,7955,0,0,-18,0,-18,1,1,1,960,544.56,960,544.56,29584,0,0,0,0,0,0,0
243,518,54702542,53363583,22073,7933,93,7955,0,0,-18,0,-18,1,1,1,960,544.56,960,544.56,23375,0,0,0,0,0,0,0
244,519,44552374,46007208,22277,7933,93,7955,0,0,-18,0,-18,1,1,1,960,544.56,960,544.56,23625,0,0,0,0,0,0,0
245,520,46514336,46459000,22073,7933,93,7955,0,0,-18,0,-18,1,1,1,960,544.56,960,544.56,19708,0,0,0,0,0,0,0
246,521,49857378,48249042,22073,7933,93,7955,0,0,-18,0,-18,1,1,1,960,544.56,960,544.56,19583,0,0,0,0,0,0,0
247,522,43790206,45310000,22137,7933,96,7955,0,0,-18,0,-18,1,1,1,960,544.56,960,544.56,18833,0,0,0,0,0,0,0
248,523,44953960,45019625,22161,7933,93,7955,0,0,-18,0,-18,1,1,1,960,544.56,960,544.56,22584,0,0,0,0,0,0,0
249,524,49009829,47643250,22125,7933,93,7955,0,0,-18,0,-18,1,1,1,960,544.56,960,544.56,18959,0,0,0,0,0,0,0
250,525,45613788,46935000,22137,7933,93,7955,0,0,-18,0,-18,1,1,1,960,544.56,960,544.56,18916,0,0,0,0,0,0,0
251,526,50238959,48271125,22637,7933,93,7955,0,0,-18,0,-18,1,1,1,960,544.56,960,544.56,19042,0,0,0,0,0,0,0
252,527,53509373,53840125,22377,7933,93,7955,0,0,-18,0,-18,1,1,1,960,544.56,960,544.56,23000,0,0,0,0,0,0,0
253,528,50102338,51663708,22137,7933,93,7955,0,0,-18,0,-18,1,1,1,960,544.56,960,544.56,22458,0,0,0,0,0,0,0
254,529,52586995,50932208,22125,7933,93,7955,0,0,-18,0,-18,1,1,1,960,544.56,960,544.56,22333,0,0,0,0,0,0,0
255,530,46140957,47786750,22225,7933,93,7955,0,0,-18,0,-18,1,1,1,960,544.56,960,544.56,22750,0,0,0,0,0,0,0
256,531,52049085,51985250,22073,7934,94,7956,0,0,-18,0,-18,1,1,1,960,544.56,960,544.56,19834,0,0,0,0,0,0,0
257,532,57355079,55160666,22073,7933,96,7955,0,0,-18,0,-18,1,1,1,960,544.56,960,544.56,23083,0,0,0,0,0,0,0
258,533,53717248,55804875,22277,7933,93,7955,0,0,-18,0,-18,1,1,1,960,544.56,960,544.56,24125,0,0,0,0,0,0,0
259,534,56947752,55424041,22073,7933,93,7955,0,0,-18,0,-18,1,1,1,960,544.56,960,544.56,24708,0,0,0,0,0,0,0
260,535,55049829,56172583,22137,7933,93,7955,0,0,-18,0,-18,1,1,1,960,544.56,960,544.56,22875,0,0,0,0,0,0,0
261,536,59884041,55997208,22725,7933,93,7955,0,0,-18,0,-18,1,1,1,960,544.56,960,544.56,24000,0,0,0,0,0,0,0
262,537,57173836,61148833,22405,7933,93,7955,0,0,-18,0,-18,1,1,1,960,544.56,960,544.56,28792,0,0,0,0,0,0,0
263,538,52945997,51499958,22073,7933,93,7955,0,0,-18,0,-18,1,1,1,960,544.56,960,544.56,23125,0,0,0,0,0,0,0
264,539,44885125,46592542,22225,7933,93,7955,0,0,-18,0,-18,1,1,1,960,544.56,960,544.56,22541,0,0,0,0,0,0,0
265,540,43839044,43839167,22073,7933,93,7955,0,0,-18,0,-18,1,1,1,960,544.56,960,544.56,19333,0,0,0,0,0,0,0
266,541,39208453,37996000,22125,7933,96,7955,0,0,-18,0,-18,1,1,1,960,544.56,960,544.56,16375,0,0,0,0,0,0,0
267,542,35333085,36487625,22137,7933,93,7955,0,0,-18,0,-18,1,1,1,960,544.56,960,544.56,19292,0,0,0,0,0,0,0
268,543,34167539,34218833,22161,7933,93,7955,0,0,-18,0,-18,1,1,1,960,544.56,960,544.56,14875,0,0,0,0,0,0,0
269,544,35457879,34323375,22073,7933,93,7955,0,0,-18,0,-18,1,1,1,960,544.56,960,544.56,14625,0,0,0,0,0,0,0
270,545,37054952,38084500,22137,7933,93,7955,0,0,-18,0,-18,1,1,1,960,544.56,960,544.56,15709,0,0,0,0,0,0,0
271,546,36048796,35960875,22073,7934,94,7956,0,0,-18,0,-18,1,1,1,960,544.56,960,544.56,15292,0,0,0,0,0,0,0
272,547,38794245,37761500,22125,7933,93,7955,0,0,-18,0,-18,1,1,1,960,544.56,960,544.56,14833,0,0,0,0,0,0,0
273,548,35509295,35498417,22789,7933,93,7955,0,0,-18,0,-18,1,1,1,960,544.56,960,544.56,14750,0,0,0,0,0,0,0
274,549,34912165,36040333,22289,7933,93,7955,0,0,-18,0,-18,1,1,1,960,544.56,960,544.56,14750,0,0,0,0,0,0,0
275,550,40622122,39000708,22073,7933,93,7955,0,0,-18,0,-18,1,1,1,960,544.56,960,544.56,14667,0,0,0,0,0,0,0
276,551,37932708,39502750,22137,7933,93,7955,0,0,-18,0,-18,1,1,1,960,544.56,960,544.56,17417,0,0,0,0,0,0,0
277,552,45354455,45216042,22073,7933,93,7955,0,0,-18,0,-18,1,1,1,960,544.56,960,544.56,16583,0,0,0,0,0,0,0
278,553,57536039,55801375,22213,7933,93,7955,0,0,-18,0,-18,1,1,1,960,544.56,960,544.56,19875,0,0,0,0,0,0,0
279,554,62897294,64535500,22137,7933,96,7955,0,0,-18,0,-18,1,1,1,960,544.56,960,544.56,27625,0,0,0,0,0,0,0
280,555,68233706,66216875,22073,7933,93,7955,0,0,-18,0,-18,1,1,1,960,544.56,960,544.56,28916,0,0,0,0,0,0,0
281,556,67341953,69259917,22225,7933,93,7955,0,0,-18,0,-18,1,1,1,960,544.56,960,544.56,28250,0,0,0,0,0,0,0
282,557,72832167,68569500,22689,7933,93,7955,0,0,-18,0,-18,1,1,1,960,544.56,960,544.56,33000,0,0,0,0,0,0,0
283,558,64352832,68486167,22353,7933,93,7955,0,0,-18,0,-18,1,1,1,960,544.56,960,544.56,31250,0,0,0,0,0,0,0
284,559,65292753,63509750,22161,7933,93,7955,0,0,-18,0,-18,1,1,1,960,544.56,960,544.56,29041,0,0,0,0,0,0,0
285,560,54237168,56145541,22189,7933,93,7955,0,0,-18,0,-18,1,1,1,960,544.56,960,544.56,23000,0,0,0,0,0,0,0
286,561,59177834,57551167,22073,7934,94,7956,0,0,-18,0,-18,1,1,1,960,544.56,960,544.56,24292,0,0,0,0,0,0,0
287,562,52007041,53637833,22225,7933,96,7955,0,0,-18,0,-18,1,1,1,960,544.56,960,544.56,23125,0,0,0,0,0,0,0
288,563,49317710,47681292,22073,7933,93,7955,0,0,-18,0,-18,1,1,1,960,544.56,960,544.56,20250,0,0,0,0,0,0,0
289,564,48419956,49988583,22189,7933,93,7955,0,0,-18,0,-18,1,1,1,960,544.56,960,544.56,19917,0,0,0,0,0,0,0
290,565,57069875,55186208,22073,7933,93,7955,0,0,-18,0,-18,1,1,1,960,544.56,960,544.56,23208,0,0,0,0,0,0,0
291,566,57975664,57799500,22789,7933,93,7955,0,0,-18,0,-18,1,1,1,960,544.56,960,544.56,23208,0,0,0,0,0,0,0
292,567,67786790,67689625,22289,7933,93,7955,0,0,-18,0,-18,1,1,1,960,544.56,960,544.56,28375,0,0,0,0,0,0,0
293,568,62724128,64717375,22189,7933,93,7955,0,0,-18,0,-18,1,1,1,960,544.56,960,544.56,28584,0,0,0,0,0,0,0
294,569,54510999,52971125,22161,7933,93,7955,0,0,-18,0,-18,1,1,1,960,544.56,960,544.56,23541,0,0,0,0,0,0,0
295,570,51255207,52901417,22137,7933,93,7955,0,0,-18,0,-18,1,1,1,960,544.56,960,544.56,23708,0,0,0,0,0,0,0
296,571,42065538,42083958,22073,7933,96,7955,0,0,-18,0,-18,1,1,1,960,544.56,960,544.56,19375,0,0,0,0,0,0,0
297,572,39910793,38604917,22125,7933,93,7955,0,0,-18,0,-18,1,1,1,960,544.56,960,544.56,17459,0,0,0,0,0,0,0
298,573,35405669,36701583,22225,7933,93,7955,0,0,-18,0,-18,1,1,1,960,544.56,960,544.56,17125,0,0,0,0,0,0,0
299,574,33577330,33552875,22073,7933,93,7955,0,0,-18,0,-18,1,1,1,960,544.56,960,544.56,15083,0,0,0,0,0,0,0
300,575,35064335,33992083,22073,7933,93,7955,0,0,-18,0,-18,1,1,1,960,544.56,960,544.56,14917,0,0,0,0,0,0,0
301,576,33087499,34140917,22137,7934,94,7956,0,0,-18,0,-18,1,1,1,960,544.56,960,544.56,14209,0,0,0,0,0,0,0
302,577,35194203,34004375,22637,7933,93,7955,0,0,-18,0,-18,1,1,1,960,544.56,960,544.56,14917,0,0,0,0,0,0,0
303,578,34170377,34243459,22429,7933,93,7955,0,0,-18,0,-18,1,1,1,960,544.56,960,544.56,14208,0,0,0,0,0,0,0
304,579,32792828,33864333,22137,7933,93,7955,0,0,-18,0,-18,1,1,1,960,544.56,960,544.56,14666,0,0,0,0,0,0,0
305,580,33591505,33335500,22073,7933,93,7955,0,0,-18,0,-18,1,1,1,960,544.56,960,544.56,14666,0,0,0,0,0,0,0
306,581,30197747,30447625,22073,7933,93,7955,0,0,-18,0,-18,1,1,1,960,544.56,960,544.56,13292,0,0,0,0,0,0,0
307,582,31174836,30101250,22073,7933,93,7955,0,0,-18,0,-18,1,1,1,960,544.56,960,544.56,13125,0,0,0,0,0,0,0
308,583,29358999,30393500,22225,7933,93,7955,0,0,-18,0,-18,1,1,1,960,544.56,960,544.56,13291,0,0,0,0,0,0,0
309,584,33289499,33269875,22073,7933,93,7955,0,0,-18,0,-18,1,1,1,960,544.56,960,544.56,13959,0,0,0,0,0,0,0
310,585,30339164,30340291,22125,7933,96,7955,0,0,-18,0,-18,1,1,1,960,544.56,960,544.56,13209,0,0,0,0,0,0,0
311,586,31585875,30532708,22073,7933,93,7955,0,0,-18,0,-18,1,1,1,960,544.56,960,544.56,13083,0,0,0,0,0,0,0
312,587,31779456,32712959,22137,7933,93,7955,0,0,-18,0,-18,1,1,1,960,544.56,960,544.56,13083,0,0,0,0,0,0,0
313,588,33145338,33189125,22161,7933,93,7955,0,0,-18,0,-18,1,1,1,960,544.56,960,544.56,15334,0,0,0,0,0,0,0
314,589,33467162,33448500,22073,7933,93,7955,0,0,-18,0,-18,1,1,1,960,544.56,960,544.56,14416,0,0,0,0,0,0,0
315,590,36559879,35451292,22073,7933,93,7955,0,0,-18,0,-18,1,1,1,960,544.56,960,544.56,14167,0,0,0,0,0,0,0
316,591,34689541,35784125,22137,7934,94,7956,0,0,-18,0,-18,1,1,1,960,544.56,960,544.56,14500,0,0,0,0,0,0,0
317,592,38245286,37025334,22689,7933,93,7955,0,0,-18,0,-18,1,1,1,960,544.56,960,544.56,14667,0,0,0,0,0,0,0
318,593,36363668,36469834,22377,7933,93,7955,0,0,-18,0,-18,1,1,1,960,544.56,960,544.56,18459,0,0,0,0,0,0,0
319,594,36683127,37691167,22137,7933,93,7955,0,0,-18,0,-18,1,1,1,960,544.56,960,544.56,19542,0,0,0,0,0,0,0
320,595,43263994,43249292,22073,7933,93,7955,0,0,-18,0,-18,1,1,1,960,544.56,960,544.56,17083,0,0,0,0,0,0,0
321,596,50627339,48645417,22073,7933,93,7955,0,0,-18,0,-18,1,1,1,960,544.56,960,544.56,19459,0,0,0,0,0,0,0
322,597,64239747,66008917,22277,7933,93,7955,0,0,-18,0,-18,1,1,1,960,544.56,960,544.56,22666,0,0,0,0,0,0,0
323,598,79297497,77164917,22073,7933,93,7955,0,0,-18,0,-18,1,1,1,960,544.56,960,544.56,27167,0,0,0,0,0,0,0
324,599,72571672,74423208,22137,7933,96,7955,0,0,-18,0,-18,1,1,1,960,544.56,960,544.56,18833,0,0,0,0,0,0,0
325,600,67228704,65436833,22213,7933,93,7955,0,0,-18,0,-18,1,1,1,960,544.56,960,544.56,22167,0,0,0,0,0,0,0
326,601,68927705,68711459,22701,7933,93,7955,0,0,-18,0,-18,1,1,1,960,544.56,960,544.56,28916,0,0,0,0,0,0,0
327,602,64143963,64626417,22289,7933,93,7955,0,0,-18,0,-18,1,1,1,960,544.56,960,544.56,31125,0,0,0,0,0,0,0
328,603,52873376,54583833,22225,7933,93,7955,0,0,-18,0,-18,1,1,1,960,544.56,960,544.56,22958,0,0,0,0,0,0,0
329,604,51735330,50473584,22125,7933,93,7955,0,0,-18,0,-18,1,1,1,960,544.56,960,544.56,23417,0,0,0,0,0,0,0
330,605,51196251,52157292,22137,7933,93,7955,0,0,-18,0,-18,1,1,1,960,544.56,960,544.56,20250,0,0,0,0,0,0,0
331,606,46958036,47300000,22161,7934,97,7956,0,0,-18,0,-18,1,1,1,960,544.56,960,544.56,33375,0,0,0,0,0,0,0
332,607,47331839,45994667,22073,7933,93,7955,0,0,-18,0,-18,1,1,1,960,544.56,960,544.56,19375,0,0,0,0,0,0,0
333,608,46011663,47291416,22137,7933,93,7955,0,0,-18,0,-18,1,1,1,960,544.56,960,544.56,18958,0,0,0,0,0,0,0
334,609,57506334,55762417,22125,7933,93,7955,0,0,-18,0,-18,1,1,1,960,544.56,960,544.56,19416,0,0,0,0,0,0,0
335,610,55659536,55341458,22789,7933,93,7955,0,0,-18,0,-18,1,1,1,960,544.56,960,544.56,23167,0,0,0,0,0,0,0
336,611,64789503,64689209,22289,7933,93,7955,0,0,-18,0,-18,1,1,1,960,544.56,960,544.56,23750,0,0,0,0,0,0,0
337,612,64178913,66104417,22137,7933,93,7955,0,0,-18,0,-18,1,1,1,960,544.56,960,544.56,28584,0,0,0,0,0,0,0
338,613,61922043,60181333,22213,7933,93,7955,0,0,-18,0,-18,1,1,1,960,544.56,960,544.56,23000,0,0,0,0,0,0,0
339,614,63028000,64760166,22137,7933,93,7955,0,0,-18,0,-18,1,1,1,960,544.56,960,544.56,26708,0,0,0,0,0,0,0
340,615,56915421,55344834,22073,7933,96,7955,0,0,-18,0,-18,1,1,1,960,544.56,960,544.56,23208,0,0,0,0,0,0,0
341,616,53275331,54816084,22225,7933,93,7955,0,0,-18,0,-18,1,1,1,960,544.56,960,544.56,22833,0,0,0,0,0,0,0
342,617,57542826,56055792,22125,7933,93,7955,0,0,-18,0,-18,1,1,1,960,544.56,960,544.56,25875,0,0,0,0,0,0,0
343,618,55438250,56659459,22137,7933,93,7955,0,0,-18,0,-18,1,1,1,960,544.56,960,544.56,22584,0,0,0,0,0,0,0
344,619,58026339,54751083,22725,7933,93,7955,0,0,-18,0,-18,1,1,1,960,544.56,960,544.56,87625,0,0,0,0,0,0,0
345,620,49830533,53385458,22353,7933,93,7955,0,0,-18,0,-18,1,1,1,960,544.56,960,544.56,22500,0,0,0,0,0,0,0
346,621,44940043,44652333,22125,7934,94,7956,0,0,-18,0,-18,1,1,1,960,544.56,960,544.56,18500,0,0,0,0,0,0,0
347,622,45211251,44160208,22161,7933,93,7955,0,0,-18,0,-18,1,1,1,960,544.56,960,544.56,20042,0,0,0,0,0,0,0
348,623,41034374,42317458,22137,7933,93,7955,0,0,-18,0,-18,1,1,1,960,544.56,960,544.56,18416,0,0,0,0,0,0,0
349,624,40507957,40551000,22073,7933,93,7955,0,0,-18,0,-18,1,1,1,960,544.56,960,544.56,17333,0,0,0,0,0,0,0
350,625,38466956,37304042,22073,7933,96,7955,0,0,-18,0,-18,1,1,1,960,544.56,960,544.56,16792,0,0,0,0,0,0,0
351,626,32504960,33653542,22277,7933,93,7955,0,0,-18,0,-18,1,1,1,960,544.56,960,544.56,14750,0,0,0,0,0,0,0
352,627,34041121,34055375,22073,7933,93,7955,0,0,-18,0,-18,1,1,1,960,544.56,960,544.56,14917,0,0,0,0,0,0,0
353,628,35125255,33979375,22073,7933,93,7955,0,0,-18,0,-18,1,1,1,960,544.56,960,544.56,15167,0,0,0,0,0,0,0
354,629,33371619,34473583,22137,7933,93,7955,0,0,-18,0,-18,1,1,1,960,544.56,960,544.56,14792,0,0,0,0,0,0,0
355,630,33691920,33628375,22073,7933,93,7955,0,0,-18,0,-18,1,1,1,960,544.56,960,544.56,15709,0,0,0,0,0,0,0
356,631,35275161,33408000,22725,7933,93,7955,0,0,-18,0,-18,1,1,1,960,544.56,960,544.56,15083,0,0,0,0,0,0,0
357,632,31404916,33279291,22405,7933,93,7955,0,0,-18,0,-18,1,1,1,960,544.56,960,544.56,14042,0,0,0,0,0,0,0
358,633,33038746,33039000,22073,7933,93,7955,0,0,-18,0,-18,1,1,1,960,544.56,960,544.56,14958,0,0,0,0,0,0,0
359,634,33224169,33181750,22073,7933,93,7955,0,0,-18,0,-18,1,1,1,960,544.56,960,544.56,14458,0,0,0,0,0,0,0
360,635,34856121,33720917,22073,7933,93,7955,0,0,-18,0,-18,1,1,1,960,544.56,960,544.56,15625,0,0,0,0,0,0,0
361,636,32037381,33151042,22225,7934,94,7956,0,0,-18,0,-18,1,1,1,960,544.56,960,544.56,14875,0,0,0,0,0,0,0
362,637,33148832,33145625,22073,7933,93,7955,0,0,-18,0,-18,1,1,1,960,544.56,960,544.56,14709,0,0,0,0,0,0,0
363,638,36762125,35597916,22073,7933,93,7955,0,0,-18,0,-18,1,1,1,960,544.56,960,544.56,15709,0,0,0,0,0,0,0
364,639,32435998,33564125,22189,7933,96,7955,0,0,-18,0,-18,1,1,1,960,544.56,960,544.56,13916,0,0,0,0,0,0,0
365,640,33533923,33468208,22073,7933,93,7955,0,0,-18,0,-18,1,1,1,960,544.56,960,544.56,15000,0,0,0,0,0,0,0
366,641,34667331,33631417,22161,7933,93,7955,0,0,-18,0,-18,1,1,1,960,544.56,960,544.56,14792,0,0,0,0,0,0,0
367,642,32623369,33672792,22137,7933,93,7955,0,0,-18,0,-18,1,1,1,960,544.56,960,544.56,14167,0,0,0,0,0,0,0
368,643,34382879,34397541,22073,7933,93,7955,0,0,-18,0,-18,1,1,1,960,544.56,960,544.56,14292,0,0,0,0,0,0,0
369,644,37082914,35846792,22073,7933,93,7955,0,0,-18,0,-18,1,1,1,960,544.56,960,544.56,14208,0,0,0,0,0,0,0
370,645,37065539,38214292,22189,7933,93,7955,0,0,-18,0,-18,1,1,1,960,544.56,960,544.56,15000,0,0,0,0,0,0,0
371,646,35553790,34389542,22725,7933,93,7955,0,0,-18,0,-18,1,1,1,960,544.56,960,544.56,13541,0,0,0,0,0,0,0
372,647,35773128,35501458,22289,7933,93,7955,0,0,-18,0,-18,1,1,1,960,544.56,960,544.56,14916,0,0,0,0,0,0,0
373,648,37735290,38986333,22137,7933,93,7955,0,0,-18,0,-18,1,1,1,960,544.56,960,544.56,15042,0,0,0,0,0,0,0
374,649,35765871,35756709,22073,7933,93,7955,0,0,-18,0,-18,1,1,1,960,544.56,960,544.56,14792,0,0,0,0,0,0,0
375,650,38193255,37138583,22073,7933,93,7955,0,0,-18,0,-18,1,1,1,960,544.56,960,544.56,14583,0,0,0,0,0,0,0
376,651,38374703,39434208,22277,7934,94,7956,0,0,-18,0,-18,1,1,1,960,544.56,960,544.56,14584,0,0,0,0,0,0,0
377,652,51304172,51150084,22073,7933,93,7955,0,0,-18,0,-18,1,1,1,960,544.56,960,544.56,20250,0,0,0,0,0,0,0
378,653,64263373,61956417,22073,7933,96,7955,0,0,-18,0,-18,1,1,1,960,544.56,960,544.56,23542,0,0,0,0,0,0,0
379,654,64462661,66638875,22225,7933,93,7955,0,0,-18,0,-18,1,1,1,960,544.56,960,544.56,27792,0,0,0,0,0,0,0
380,655,70639379,67978959,22125,7933,93,7955,0,0,-18,0,-18,1,1,1,960,544.56,960,544.56,28958,0,0,0,0,0,0,0
381,656,75836375,76427542,22701,7933,93,7955,0,0,-18,0,-18,1,1,1,960,544.56,960,544.56,19125,0,0,0,0,0,0,0
382,657,65835297,65979667,22377,7933,93,7955,0,0,-18,0,-18,1,1,1,960,544.56,960,544.56,29500,0,0,0,0,0,0,0
383,658,56489080,58195000,22189,7933,93,7955,0,0,-18,0,-18,1,1,1,960,544.56,960,544.56,31542,0,0,0,0,0,0,0
384,659,54016914,52778458,22073,7933,93,7955,0,0,-18,0,-18,1,1,1,960,544.56,960,544.56,23375,0,0,0,0,0,0,0
385,660,48767708,50283000,22225,7933,93,7955,0,0,-18,0,-18,1,1,1,960,544.56,960,544.56,31833,0,0,0,0,0,0,0
386,661,46030916,46025333,22073,7933,96,7955,0,0,-18,0,-18,1,1,1,960,544.56,960,544.56,21709,0,0,0,0,0,0,0
387,662,49724292,47897375,22125,7933,93,7955,0,0,-18,0,-18,1,1,1,960,544.56,960,544.56,18750,0,0,0,0,0,0,0
388,663,46435210,48110959,22137,7933,93,7955,0,0,-18,0,-18,1,1,1,960,544.56,960,544.56,20042,0,0,0,0,0,0,0
389,664,51488500,51528875,22161,7933,93,7955,0,0,-18,0,-18,1,1,1,960,544.56,960,544.56,19583,0,0,0,0,0,0,0
390,665,57439915,54106834,22637,7933,93,7955,0,0,-18,0,-18,1,1,1,960,544.56,960,544.56,23459,0,0,0,0,0,0,0
391,666,52665419,55884875,22405,7934,94,7956,0,0,-18,0,-18,1,1,1,960,544.56,960,544.56,24708,0,0,0,0,0,0,0
392,667,53867954,52366167,22161,7933,93,7955,0,0,-18,0,-18,1,1,1,960,544.56,960,544.56,22708,0,0,0,0,0,0,0
393,668,54020371,55191959,22137,7933,93,7955,0,0,-18,0,-18,1,1,1,960,544.56,960,544.56,25417,0,0,0,0,0,0,0
394,669,55751707,54381458,22073,7933,93,7955,0,0,-18,0,-18,1,1,1,960,544.56,960,544.56,25791,0,0,0,0,0,0,0
395,670,56483462,58159542,22277,7933,93,7955,0,0,-18,0,-18,1,1,1,960,544.56,960,544.56,24167,0,0,0,0,0,0,0
396,671,53563669,52227875,22073,7933,96,7955,0,0,-18,0,-18,1,1,1,960,544.56,960,544.56,23417,0,0,0,0,0,0,0
397,672,45737996,47043417,22137,7933,93,7955,0,0,-18,0,-18,1,1,1,960,544.56,960,544.56,24584,0,0,0,0,0,0,0
398,673,48131376,48159583,22161,7933,93,7955,0,0,-18,0,-18,1,1,1,960,544.56,960,544.56,19666,0,0,0,0,0,0,0
399,674,47016914,45659750,22125,7933,93,7955,0,0,-18,0,-18,1,1,1,960,544.56,960,544.56,19208,0,0,0,0,0,0,0
400,675,43520875,43406334,22701,7933,93,7955,0,0,-18,0,-18,1,1,1,960,544.56,960,544.56,19208,0,0,0,0,0,0,0
401,676,42450334,43834708,22289,7933,93,7955,0,0,-18,0,-18,1,1,1,960,544.56,960,544.56,18542,0,0,0,0,0,0,0
402,677,42914044,41780125,22161,7933,93,7955,0,0,-18,0,-18,1,1,1,960,544.56,960,544.56,18584,0,0,0,0,0,0,0
403,678,36859419,38030833,22137,7933,93,7955,0,0,-18,0,-18,1,1,1,960,544.56,960,544.56,17208,0,0,0,0,0,0,0
404,679,37808913,37786000,22125,7933,93,7955,0,0,-18,0,-18,1,1,1,960,544.56,960,544.56,17333,0,0,0,0,0,0,0
405,680,38416665,37271125,22073,7933,93,7955,0,0,-18,0,-18,1,1,1,960,544.56,960,544.56,16875,0,0,0,0,0,0,0
406,681,37642333,38697416,22225,7934,94,7956,0,0,-18,0,-18,1,1,1,960,544.56,960,544.56,17208,0,0,0,0,0,0,0
407,682,36559835,36587459,22073,7933,96,7955,0,0,-18,0,-18,1,1,1,960,544.56,960,544.56,19792,0,0,0,0,0,0,0
408,683,37053499,35912000,22073,7933,93,7955,0,0,-18,0,-18,1,1,1,960,544.56,960,544.56,16000,0,0,0,0,0,0,0
409,684,37461578,38604584,22137,7933,93,7955,0,0,-18,0,-18,1,1,1,960,544.56,960,544.56,14416,0,0,0,0,0,0,0
410,685,41194371,40928625,22125,7933,93,7955,0,0,-18,0,-18,1,1,1,960,544.56,960,544.56,16083,0,0,0,0,0,0,0
411,686,40760166,39710250,22161,7933,93,7955,0,0,-18,0,-18,1,1,1,960,544.56,960,544.56,16750,0,0,0,0,0,0,0
412,687,43482460,44658584,22137,7933,93,7955,0,0,-18,0,-18,1,1,1,960,544.56,960,544.56,16625,0,0,0,0,0,0,0
413,688,47536123,45895666,22637,7933,93,7955,0,0,-18,0,-18,1,1,1,960,544.56,960,544.56,25083,0,0,0,0,0,0,0
414,689,53243786,53165000,22289,7933,93,7955,0,0,-18,0,-18,1,1,1,960,544.56,960,544.56,24125,0,0,0,0,0,0,0
415,690,56577254,58151250,22277,7933,93,7955,0,0,-18,0,-18,1,1,1,960,544.56,960,544.56,22458,0,0,0,0,0,0,0
416,691,68409040,66342625,22073,7933,93,7955,0,0,-18,0,-18,1,1,1,960,544.56,960,544.56,29291,0,0,0,0,0,0,0
417,692,69540798,71435125,22137,7933,93,7955,0,0,-18,0,-18,1,1,1,960,544.56,960,544.56,31166,0,0,0,0,0,0,0
418,693,60762040,59254416,22161,7933,96,7955,0,0,-18,0,-18,1,1,1,960,544.56,960,544.56,28833,0,0,0,0,0,0,0
419,694,56872829,58495584,22189,7933,93,7955,0,0,-18,0,-18,1,1,1,960,544.56,960,544.56,27459,0,0,0,0,0,0,0
420,695,56793794,55131292,22073,7933,93,7955,0,0,-18,0,-18,1,1,1,960,544.56,960,544.56,23292,0,0,0,0,0,0,0
421,696,60352288,60106750,22789,7934,94,7956,0,0,-18,0,-18,1,1,1,960,544.56,960,544.56,29583,0,0,0,0,0,0,0
422,697,55271960,55142458,22289,7933,93,7955,0,0,-18,0,-18,1,1,1,960,544.56,960,544.56,23208,0,0,0,0,0,0,0
423,698,52633710,54515875,22189,7933,93,7955,0,0,-18,0,-18,1,1,1,960,544.56,960,544.56,22333,0,0,0,0,0,0,0
424,699,57436835,55910792,22161,7933,93,7955,0,0,-18,0,-18,1,1,1,960,544.56,960,544.56,22667,0,0,0,0,0,0,0
425,700,54467622,55772209,22137,7933,93,7955,0,0,-18,0,-18,1,1,1,960,544.56,960,544.56,22875,0,0,0,0,0,0,0
426,701,61204165,59737625,22073,7933,93,7955,0,0,-18,0,-18,1,1,1,960,544.56,960,544.56,24084,0,0,0,0,0,0,0
427,702,53630165,55268875,22277,7933,96,7955,0,0,-18,0,-18,1,1,1,960,544.56,960,544.56,29792,0,0,0,0,0,0,0
428,703,57830840,56249708,22073,7933,93,7955,0,0,-18,0,-18,1,1,1,960,544.56,960,544.56,23709,0,0,0,0,0,0,0
429,704,55142331,56402458,22137,7933,93,7955,0,0,-18,0,-18,1,1,1,960,544.56,960,544.56,22042,0,0,0,0,0,0,0
430,705,56601330,53793250,22725,7933,93,7955,0,0,-18,0,-18,1,1,1,960,544.56,960,544.56,22333,0,0,0,0,0,0,0
431,706,50275292,53285417,22405,7933,93,7955,0,0,-18,0,-18,1,1,1,960,544.56,960,544.56,22709,0,0,0,0,0,0,0
432,707,52691582,51369000,22073,7933,93,7955,0,0,-18,0,-18,1,1,1,960,544.56,960,544.56,23833,0,0,0,0,0,0,0
433,708,41922379,43046583,22225,7933,93,7955,0,0,-18,0,-18,1,1,1,960,544.56,960,544.56,19250,0,0,0,0,0,0,0
434,709,41776083,42038834,22073,7933,93,7955,0,0,-18,0,-18,1,1,1,960,544.56,960,544.56,19542,0,0,0,0,0,0,0
435,710,41239328,40077041,22073,7933,93,7955,0,0,-18,0,-18,1,1,1,960,544.56,960,544.56,17209,0,0,0,0,0,0,0
436,711,33883955,34978791,22189,7934,97,7956,0,0,-18,0,-18,1,1,1,960,544.56,960,544.56,16500,0,0,0,0,0,0,0
437,712,33724546,33788916,22161,7933,93,7955,0,0,-18,0,-18,1,1,1,960,544.56,960,544.56,14791,0,0,0,0,0,0,0
438,713,34558750,33389959,22073,7933,93,7955,0,0,-18,0,-18,1,1,1,960,544.56,960,544.56,19583,0,0,0,0,0,0,0
439,714,33973660,35007875,22137,7933,93,7955,0,0,-18,0,-18,1,1,1,960,544.56,960,544.56,16250,0,0,0,0,0,0,0
440,715,36859750,36926375,22073,7933,93,7955,0,0,-18,0,-18,1,1,1,960,544.56,960,544.56,16958,0,0,0,0,0,0,0
441,716,37319041,36137583,22073,7933,93,7955,0,0,-18,0,-18,1,1,1,960,544.56,960,544.56,14541,0,0,0,0,0,0,0
442,717,35855960,36999917,22277,7933,93,7955,0,0,-18,0,-18,1,1,1,960,544.56,960,544.56,15208,0,0,0,0,0,0,0
443,718,39581917,38147834,22637,7933,93,7955,0,0,-18,0,-18,1,1,1,960,544.56,960,544.56,15458,0,0,0,0,0,0,0
444,719,38568254,38542875,22289,7933,93,7955,0,0,-18,0,-18,1,1,1,960,544.56,960,544.56,17250,0,0,0,0,0,0,0
445,720,39861414,41173375,22137,7933,93,7955,0,0,-18,0,-18,1,1,1,960,544.56,960,544.56,17875,0,0,0,0,0,0,0
446,721,44552706,44493584,22161,7933,93,7955,0,0,-18,0,-18,1,1,1,960,544.56,960,544.56,19333,0,0,0,0,0,0,0
447,722,54236415,52691333,22073,7933,93,7955,0,0,-18,0,-18,1,1,1,960,544.56,960,544.56,24583,0,0,0,0,0,0,0
448,723,67236751,68557459,22189,7933,93,7955,0,0,-18,0,-18,1,1,1,960,544.56,960,544.56,28834,0,0,0,0,0,0,0
449,724,67723587,65743750,22161,7933,96,7955,0,0,-18,0,-18,1,1,1,960,544.56,960,544.56,29666,0,0,0,0,0,0,0
450,725,66206745,68221250,22137,7933,93,7955,0,0,-18,0,-18,1,1,1,960,544.56,960,544.56,31667,0,0,0,0,0,0,0
451,726,71472458,69345750,22125,7934,94,7956,0,0,-18,0,-18,1,1,1,960,544.56,960,544.56,28958,0,0,0,0,0,0,0
452,727,68894758,69028041,22789,7933,93,7955,0,0,-18,0,-18,1,1,1,960,544.56,960,544.56,28542,0,0,0,0,0,0,0
453,728,57165283,57557458,22289,7933,93,7955,0,0,-18,0,-18,1,1,1,960,544.56,960,544.56,30042,0,0,0,0,0,0,0
454,729,54075296,55529750,22137,7933,93,7955,0,0,-18,0,-18,1,1,1,960,544.56,960,544.56,26792,0,0,0,0,0,0,0
455,730,54138164,52817167,22213,7933,93,7955,0,0,-18,0,-18,1,1,1,960,544.56,960,544.56,26458,0,0,0,0,0,0,0
456,731,53798872,55064583,22137,7933,93,7955,0,0,-18,0,-18,1,1,1,960,544.56,960,544.56,24458,0,0,0,0,0,0,0
457,732,47671917,46093833,22073,7933,96,7955,0,0,-18,0,-18,1,1,1,960,544.56,960,544.56,19584,0,0,0,0,0,0,0
458,733,49104414,50483917,22225,7933,93,7955,0,0,-18,0,-18,1,1,1,960,544.56,960,544.56,20208,0,0,0,0,0,0,0
459,734,56543167,55225709,22125,7933,93,7955,0,0,-18,0,-18,1,1,1,960,544.56,960,544.56,23042,0,0,0,0,0,0,0
460,735,54276663,55764542,22137,7933,93,7955,0,0,-18,0,-18,1,1,1,960,544.56,960,544.56,23125,0,0,0,0,0,0,0
461,736,57851999,54688750,22725,7933,93,7955,0,0,-18,0,-18,1,1,1,960,544.56,960,544.56,23250,0,0,0,0,0,0,0
462,737,53823418,56964625,22353,7933,93,7955,0,0,-18,0,-18,1,1,1,960,544.56,960,544.56,22500,0,0,0,0,0,0,0
463,738,65351501,63123750,22125,7933,93,7955,0,0,-18,0,-18,1,1,1,960,544.56,960,544.56,28000,0,0,0,0,0,0,0
464,739,57149454,59385208,22225,7933,93,7955,0,0,-18,0,-18,1,1,1,960,544.56,960,544.56,27916,0,0,0,0,0,0,0
465,740,65857045,64247000,22073,7933,93,7955,0,0,-18,0,-18,1,1,1,960,544.56,960,544.56,26292,0,0,0,0,0,0,0
466,741,54789293,56269541,22137,7934,97,7956,0,0,-18,0,-18,1,1,1,960,544.56,960,544.56,24083,0,0,0,0,0,0,0
467,742,54273582,52768083,22213,7933,93,7955,0,0,-18,0,-18,1,1,1,960,544.56,960,544.56,23250,0,0,0,0,0,0,0
468,743,48476956,50072625,22137,7933,93,7955,0,0,-18,0,-18,1,1,1,960,544.56,960,544.56,22542,0,0,0,0,0,0,0
469,744,42357128,42418792,22073,7933,93,7955,0,0,-18,0,-18,1,1,1,960,544.56,960,544.56,19334,0,0,0,0,0,0,0
470,745,40376871,38129417,22637,7933,93,7955,0,0,-18,0,-18,1,1,1,960,544.56,960,544.56,16750,0,0,0,0,0,0,0
471,746,35110253,37338000,22441,7933,93,7955,0,0,-18,0,-18,1,1,1,960,544.56,960,544.56,16542,0,0,0,0,0,0,0
472,747,34006454,33961750,22125,7933,93,7955,0,0,-18,0,-18,1,1,1,960,544.56,960,544.56,14458,0,0,0,0,0,0,0
473,748,35564497,34493917,22073,7933,93,7955,0,0,-18,0,-18,1,1,1,960,544.56,960,544.56,14042,0,0,0,0,0,0,0
474,749,33173333,34226250,22137,7933,93,7955,0,0,-18,0,-18,1,1,1,960,544.56,960,544.56,14250,0,0,0,0,0,0,0
475,750,33978704,33719959,22073,7933,93,7955,0,0,-18,0,-18,1,1,1,960,544.56,960,544.56,15208,0,0,0,0,0,0,0
476,751,37660714,36800417,22161,7933,93,7955,0,0,-18,0,-18,1,1,1,960,544.56,960,544.56,17042,0,0,0,0,0,0,0
477,752,32863996,33955500,22137,7933,96,7955,0,0,-18,0,-18,1,1,1,960,544.56,960,544.56,15125,0,0,0,0,0,0,0
478,753,32733794,32704625,22125,7933,93,7955,0,0,-18,0,-18,1,1,1,960,544.56,960,544.56,14708,0,0,0,0,0,0,0
479,754,30227791,30232708,22073,7933,93,7955,0,0,-18,0,-18,1,1,1,960,544.56,960,544.56,15583,0,0,0,0,0,0,0
480,755,31496081,30423042,22073,7933,93,7955,0,0,-18,0,-18,1,1,1,960,544.56,960,544.56,13000,0,0,0,0,0,0,0
481,756,29244627,30296125,22225,7934,94,7956,0,0,-18,0,-18,1,1,1,960,544.56,960,544.56,12541,0,0,0,0,0,0,0
482,757,30409786,30388541,22073,7933,93,7955,0,0,-18,0,-18,1,1,1,960,544.56,960,544.56,13000,0,0,0,0,0,0,0
483,758,30249461,30142458,22073,7933,93,7955,0,0,-18,0,-18,1,1,1,960,544.56,960,544.56,12500,0,0,0,0,0,0,0
484,759,32719790,31747000,22073,7933,93,7955,0,0,-18,0,-18,1,1,1,960,544.56,960,544.56,15667,0,0,0,0,0,0,0
485,760,35111252,34989458,22753,7933,93,7955,0,0,-18,0,-18,1,1,1,960,544.56,960,544.56,13292,0,0,0,0,0,0,0
486,761,35532787,36619166,22377,7933,93,7955,0,0,-18,0,-18,1,1,1,960,544.56,960,544.56,14667,0,0,0,0,0,0,0
487,762,38526210,37440625,22073,7933,93,7955,0,0,-18,0,-18,1,1,1,960,544.56,960,544.56,17291,0,0,0,0,0,0,0
488,763,35709582,36759458,22137,7933,93,7955,0,0,-18,0,-18,1,1,1,960,544.56,960,544.56,16416,0,0,0,0,0,0,0
489,764,37576083,37592958,22073,7933,93,7955,0,0,-18,0,-18,1,1,1,960,544.56,960,544.56,15416,0,0,0,0,0,0,0
490,765,38947038,37423583,22073,7933,93,7955,0,0,-18,0,-18,1,1,1,960,544.56,960,544.56,14167,0,0,0,0,0,0,0
491,766,47513250,48923500,22277,7933,93,7955,0,0,-18,0,-18,1,1,1,960,544.56,960,544.56,18333,0,0,0,0,0,0,0
492,767,57055089,54822250,22073,7933,96,7955,0,0,-18,0,-18,1,1,1,960,544.56,960,544.56,23041,0,0,0,0,0,0,0
493,768,64896665,66793584,22137,7933,93,7955,0,0,-18,0,-18,1,1,1,960,544.56,960,544.56,29292,0,0,0,0,0,0,0
494,769,68996295,66716792,22161,7933,93,7955,0,0,-18,0,-18,1,1,1,960,544.56,960,544.56,29083,0,0,0,0,0,0,0
495,770,70080958,70518584,22753,7933,93,7955,0,0,-18,0,-18,1,1,1,960,544.56,960,544.56,28208,0,0,0,0,0,0,0
496,771,67332670,67233916,22289,7934,94,7956,0,0,-18,0,-18,1,1,1,960,544.56,960,544.56,30417,0,0,0,0,0,0,0
497,772,66118709,68055833,22225,7933,93,7955,0,0,-18,0,-18,1,1,1,960,544.56,960,544.56,29625,0,0,0,0,0,0,0
498,773,61111543,59057584,22125,7933,93,7955,0,0,-18,0,-18,1,1,1,960,544.56,960,544.56,32708,0,0,0,0,0,0,0
499,774,58396663,60226083,22137,7933,93,7955,0,0,-18,0,-18,1,1,1,960,544.56,960,544.56,25875,0,0,0,0,0,0,0
500,775,55004876,53777542,22161,7933,96,7955,0,0,-18,0,-18,1,1,1,960,544.56,960,544.56,22875,0,0,0,0,0,0,0
501,776,44477876,45988542,22137,7933,93,7955,0,0,-18,0,-18,1,1,1,960,544.56,960,544.56,20083,0,0,0,0,0,0,0
502,777,49453664,49373833,22125,7933,93,7955,0,0,-18,0,-18,1,1,1,960,544.56,960,544.56,22125,0,0,0,0,0,0,0
503,778,59782247,57799333,22073,7933,93,7955,0,0,-18,0,-18,1,1,1,960,544.56,960,544.56,23167,0,0,0,0,0,0,0
504,779,55685963,55632125,22789,7933,93,7955,0,0,-18,0,-18,1,1,1,960,544.56,960,544.56,23042,0,0,0,0,0,0,0
505,780,68190708,68038958,22289,7933,93,7955,0,0,-18,0,-18,1,1,1,960,544.56,960,544.56,34875,0,0,0,0,0,0,0
506,781,67122288,69039500,22189,7933,93,7955,0,0,-18,0,-18,1,1,1,960,544.56,960,544.56,33417,0,0,0,0,0,0,0
507,782,70038378,67934417,22161,7933,93,7955,0,0,-18,0,-18,1,1,1,960,544.56,960,544.56,28917,0,0,0,0,0,0,0
508,783,66517129,68721250,22137,7933,93,7955,0,0,-18,0,-18,1,1,1,960,544.56,960,544.56,29916,0,0,0,0,0,0,0
509,784,54219748,52496791,22125,7933,96,7955,0,0,-18,0,-18,1,1,1,960,544.56,960,544.56,22708,0,0,0,0,0,0,0
510,785,44941753,46743834,22225,7933,93,7955,0,0,-18,0,-18,1,1,1,960,544.56,960,544.56,22750,0,0,0,0,0,0,0
511,786,40329791,40320167,22073,7934,94,7956,0,0,-18,0,-18,1,1,1,960,544.56,960,544.56,19416,0,0,0,0,0,0,0
512,787,38656078,37591167,22073,7933,93,7955,0,0,-18,0,-18,1,1,1,960,544.56,960,544.56,16375,0,0,0,0,0,0,0
513,788,34346833,34258792,22701,7933,93,7955,0,0,-18,0,-18,1,1,1,960,544.56,960,544.56,14417,0,0,0,0,0,0,0
514,789,33047087,34190958,22429,7933,93,7955,0,0,-18,0,-18,1,1,1,960,544.56,960,544.56,15167,0,0,0,0,0,0,0
515,790,34978747,33875542,22073,7933,93,7955,0,0,-18,0,-18,1,1,1,960,544.56,960,544.56,15041,0,0,0,0,0,0,0
516,791,32558999,33632792,22137,7933,93,7955,0,0,-18,0,-18,1,1,1,960,544.56,960,544.56,14708,0,0,0,0,0,0,0
517,792,33976912,33950458,22073,7933,93,7955,0,0,-18,0,-18,1,1,1,960,544.56,960,544.56,15084,0,0,0,0,0,0,0
518,793,35106711,33985084,22073,7933,93,7955,0,0,-18,0,-18,1,1,1,960,544.56,960,544.56,15208,0,0,0,0,0,0,0
519,794,33575247,34458542,22225,7933,93,7955,0,0,-18,0,-18,1,1,1,960,544.56,960,544.56,14750,0,0,0,0,0,0,0
520,795,39382044,39610834,22125,7933,93,7955,0,0,-18,0,-18,1,1,1,960,544.56,960,544.56,21541,0,0,0,0,0,0,0
521,796,34269627,33018375,22073,7933,96,7955,0,0,-18,0,-18,1,1,1,960,544.56,960,544.56,13792,0,0,0,0,0,0,0
522,797,33960912,35182583,22137,7933,93,7955,0,0,-18,0,-18,1,1,1,960,544.56,960,544.56,14375,0,0,0,0,0,0,0
523,798,36224085,36114542,22073,7933,93,7955,0,0,-18,0,-18,1,1,1,960,544.56,960,544.56,13209,0,0,0,0,0,0,0
524,799,37092041,35972875,22161,7933,93,7955,0,0,-18,0,-18,1,1,1,960,544.56,960,544.56,14292,0,0,0,0,0,0,0
525,800,35980209,36956917,22137,7933,93,7955,0,0,-18,0,-18,1,1,1,960,544.56,960,544.56,14250,0,0,0,0,0,0,0
526,801,38484912,38466625,22125,7934,94,7956,0,0,-18,0,-18,1,1,1,960,544.56,960,544.56,15125,0,0,0,0,0,0,0
527,802,40440127,38213208,22637,7933,93,7955,0,0,-18,0,-18,1,1,1,960,544.56,960,544.56,15750,0,0,0,0,0,0,0
528,803,40527287,42792667,22441,7933,93,7955,0,0,-18,0,-18,1,1,1,960,544.56,960,544.56,20417,0,0,0,0,0,0,0
529,804,51740538,51505375,22073,7933,93,7955,0,0,-18,0,-18,1,1,1,960,544.56,960,544.56,22833,0,0,0,0,0,0,0
530,805,70182621,67659916,22073,7933,93,7955,0,0,-18,0,-18,1,1,1,960,544.56,960,544.56,32667,0,0,0,0,0,0,0
531,806,68080753,70513333,22277,7933,93,7955,0,0,-18,0,-18,1,1,1,960,544.56,960,544.56,30958,0,0,0,0,0,0,0
532,807,87430872,84927625,22073,7933,93,7955,0,0,-18,0,-18,1,1,1,960,544.56,960,544.56,20958,0,0,0,0,0,0,0
533,808,66435039,68790416,22225,7933,96,7955,0,0,-18,0,-18,1,1,1,960,544.56,960,544.56,20916,0,0,0,0,0,0,0
534,809,70586621,68549292,22125,7933,93,7955,0,0,-18,0,-18,1,1,1,960,544.56,960,544.56,28292,0,0,0,0,0,0,0
535,810,59767793,60191459,22701,7933,93,7955,0,0,-18,0,-18,1,1,1,960,544.56,960,544.56,28250,0,0,0,0,0,0,0
536,811,52380584,52851917,22377,7933,93,7955,0,0,-18,0,-18,1,1,1,960,544.56,960,544.56,24458,0,0,0,0,0,0,0
537,812,45702587,47031250,22137,7933,93,7955,0,0,-18,0,-18,1,1,1,960,544.56,960,544.56,20000,0,0,0,0,0,0,0
538,813,46885911,46778500,22125,7933,93,7955,0,0,-18,0,-18,1,1,1,960,544.56,960,544.56,19000,0,0,0,0,0,0,0
539,814,47913625,46466708,22073,7933,93,7955,0,0,-18,0,-18,1,1,1,960,544.56,960,544.56,21625,0,0,0,0,0,0,0
540,815,50160169,51650000,22225,7933,93,7955,0,0,-18,0,-18,1,1,1,960,544.56,960,544.56,20708,0,0,0,0,0,0,0
541,816,50312746,48889292,22073,7934,97,7956,0,0,-18,0,-18,1,1,1,960,544.56,960,544.56,21292,0,0,0,0,0,0,0
542,817,51099084,52131834,22137,7933,93,7955,0,0,-18,0,-18,1,1,1,960,544.56,960,544.56,20417,0,0,0,0,0,0,0
543,818,60084495,58292625,22213,7933,93,7955,0,0,-18,0,-18,1,1,1,960,544.56,960,544.56,30334,0,0,0,0,0,0,0
544,819,66547252,68399750,22137,7933,93,7955,0,0,-18,0,-18,1,1,1,960,544.56,960,544.56,28583,0,0,0,0,0,0,0
545,820,74480295,70059250,22637,7933,93,7955,0,0,-18,0,-18,1,1,1,960,544.56,960,544.56,31458,0,0,0,0,0,0,0
546,821,63634663,68080041,22441,7933,93,7955,0,0,-18,0,-18,1,1,1,960,544.56,960,544.56,28542,0,0,0,0,0,0,0
547,822,69665089,68054334,22125,7933,93,7955,0,0,-18,0,-18,1,1,1,960,544.56,960,544.56,29542,0,0,0,0,0,0,0
548,823,59816744,61185375,22137,7933,93,7955,0,0,-18,0,-18,1,1,1,960,544.56,960,544.56,24458,0,0,0,0,0,0,0
549,824,56720126,54954542,22161,7933,96,7955,0,0,-18,0,-18,1,1,1,960,544.56,960,544.56,24041,0,0,0,0,0,0,0
550,825,54080504,56069292,22137,7933,93,7955,0,0,-18,0,-18,1,1,1,960,544.56,960,544.56,23417,0,0,0,0,0,0,0
551,826,58635998,56680000,22125,7933,93,7955,0,0,-18,0,-18,1,1,1,960,544.56,960,544.56,23583,0,0,0,0,0,0,0
552,827,52322916,54230667,22225,7933,93,7955,0,0,-18,0,-18,1,1,1,960,544.56,960,544.56,22833,0,0,0,0,0,0,0
553,828,58590080,55753833,22637,7933,93,7955,0,0,-18,0,-18,1,1,1,960,544.56,960,544.56,24042,0,0,0,0,0,0,0
554,829,52403919,55144375,22353,7933,93,7955,0,0,-18,0,-18,1,1,1,960,544.56,960,544.56,25375,0,0,0,0,0,0,0
555,830,57649668,55776458,22213,7933,93,7955,0,0,-18,0,-18,1,1,1,960,544.56,960,544.56,28791,0,0,0,0,0,0,0
556,831,52598956,54569542,22137,7934,94,7956,0,0,-18,0,-18,1,1,1,960,544.56,960,544.56,22917,0,0,0,0,0,0,0
557,832,61080712,58840041,22073,7933,93,7955,0,0,-18,0,-18,1,1,1,960,544.56,960,544.56,24042,0,0,0,0,0,0,0
558,833,54371245,56434709,22225,7933,96,7955,0,0,-18,0,-18,1,1,1,960,544.56,960,544.56,23875,0,0,0,0,0,0,0
559,834,56091420,54544750,22125,7933,93,7955,0,0,-18,0,-18,1,1,1,960,544.56,960,544.56,22916,0,0,0,0,0,0,0
560,835,53178627,54567291,22137,7933,93,7955,0,0,-18,0,-18,1,1,1,960,544.56,960,544.56,22833,0,0,0,0,0,0,0
561,836,56006956,54282666,22161,7933,93,7955,0,0,-18,0,-18,1,1,1,960,544.56,960,544.56,23792,0,0,0,0,0,0,0
562,837,56082163,56356166,22701,7933,93,7955,0,0,-18,0,-18,1,1,1,960,544.56,960,544.56,23666,0,0,0,0,0,0,0
563,838,55288787,54841083,22341,7933,93,7955,0,0,-18,0,-18,1,1,1,960,544.56,960,544.56,22958,0,0,0,0,0,0,0
564,839,56955292,58787500,22225,7933,93,7955,0,0,-18,0,-18,1,1,1,960,544.56,960,544.56,23250,0,0,0,0,0,0,0
565,840,55917128,54459334,22073,7933,93,7955,0,0,-18,0,-18,1,1,1,960,544.56,960,544.56,23167,0,0,0,0,0,0,0
566,841,59605702,60948708,22137,7933,93,7955,0,0,-18,0,-18,1,1,1,960,544.56,960,544.56,25916,0,0,0,0,0,0,0
567,842,56780584,55301000,22213,7933,96,7955,0,0,-18,0,-18,1,1,1,960,544.56,960,544.56,23708,0,0,0,0,0,0,0
568,843,55794049,57439625,22137,7933,93,7955,0,0,-18,0,-18,1,1,1,960,544.56,960,544.56,22708,0,0,0,0,0,0,0
569,844,65736867,63673000,22073,7933,93,7955,0,0,-18,0,-18,1,1,1,960,544.56,960,544.56,23708,0,0,0,0,0,0,0
570,845,59000212,59411958,22789,7933,93,7955,0,0,-18,0,-18,1,1,1,960,544.56,960,544.56,28000,0,0,0,0,0,0,0
571,846,54782956,54824542,22341,7934,94,7956,0,0,-18,0,-18,1,1,1,960,544.56,960,544.56,23083,0,0,0,0,0,0,0
572,847,54703544,55892125,22137,7933,93,7955,0,0,-18,0,-18,1,1,1,960,544.56,960,544.56,21958,0,0,0,0,0,0,0
573,848,54270789,53012167,22161,7933,93,7955,0,0,-18,0,-18,1,1,1,960,544.56,960,544.56,26250,0,0,0,0,0,0,0
574,849,48326872,49962667,22137,7933,93,7955,0,0,-18,0,-18,1,1,1,960,544.56,960,544.56,22500,0,0,0,0,0,0,0
575,850,46692963,46660708,22125,7933,93,7955,0,0,-18,0,-18,1,1,1,960,544.56,960,544.56,19292,0,0,0,0,0,0,0
576,851,42311415,41085291,22073,7933,96,7955,0,0,-18,0,-18,1,1,1,960,544.56,960,544.56,18416,0,0,0,0,0,0,0
577,852,36520246,37696666,22225,7933,93,7955,0,0,-18,0,-18,1,1,1,960,544.56,960,544.56,16584,0,0,0,0,0,0,0
578,853,35400461,35470000,22073,7933,93,7955,0,0,-18,0,-18,1,1,1,960,544.56,960,544.56,17125,0,0,0,0,0,0,0
579,854,35084921,33962750,22073,7933,93,7955,0,0,-18,0,-18,1,1,1,960,544.56,960,544.56,14584,0,0,0,0,0,0,0
580,855,33417873,34520583,22137,7933,93,7955,0,0,-18,0,-18,1,1,1,960,544.56,960,544.56,14541,0,0,0,0,0,0,0
581,856,33952500,33865375,22125,7933,93,7955,0,0,-18,0,-18,1,1,1,960,544.56,960,544.56,15084,0,0,0,0,0,0,0
582,857,34975998,33127125,22725,7933,93,7955,0,0,-18,0,-18,1,1,1,960,544.56,960,544.56,14916,0,0,0,0,0,0,0
583,858,31695995,33578750,22353,7933,93,7955,0,0,-18,0,-18,1,1,1,960,544.56,960,544.56,14708,0,0,0,0,0,0,0
584,859,33204045,33204584,22073,7933,93,7955,0,0,-18,0,-18,1,1,1,960,544.56,960,544.56,14708,0,0,0,0,0,0,0
585,860,34827459,33717333,22073,7933,93,7955,0,0,-18,0,-18,1,1,1,960,544.56,960,544.56,15458,0,0,0,0,0,0,0
586,861,32244373,33266375,22137,7934,94,7956,0,0,-18,0,-18,1,1,1,960,544.56,960,544.56,14542,0,0,0,0,0,0,0
587,862,33494330,33526458,22213,7933,93,7955,0,0,-18,0,-18,1,1,1,960,544.56,960,544.56,14417,0,0,0,0,0,0,0
588,863,36647960,35588500,22073,7933,93,7955,0,0,-18,0,-18,1,1,1,960,544.56,960,544.56,15625,0,0,0,0,0,0,0
589,864,32831832,33843500,22137,7933,96,7955,0,0,-18,0,-18,1,1,1,960,544.56,960,544.56,14625,0,0,0,0,0,0,0
590,865,33405337,33395708,22073,7933,93,7955,0,0,-18,0,-18,1,1,1,960,544.56,960,544.56,14583,0,0,0,0,0,0,0
591,866,32257378,32210250,22073,7933,93,7955,0,0,-18,0,-18,1,1,1,960,544.56,960,544.56,14375,0,0,0,0,0,0,0
592,867,33408623,32486167,22161,7933,93,7955,0,0,-18,0,-18,1,1,1,960,544.56,960,544.56,13500,0,0,0,0,0,0,0
593,868,30158502,31078500,22189,7933,93,7955,0,0,-18,0,-18,1,1,1,960,544.56,960,544.56,13333,0,0,0,0,0,0,0
594,869,35644162,35490667,22073,7933,93,7955,0,0,-18,0,-18,1,1,1,960,544.56,960,544.56,15042,0,0,0,0,0,0,0
595,870,38444627,36991167,22073,7933,93,7955,0,0,-18,0,-18,1,1,1,960,544.56,960,544.56,14500,0,0,0,0,0,0,0
596,871,36633204,38146375,22137,7933,93,7955,0,0,-18,0,-18,1,1,1,960,544.56,960,544.56,14625,0,0,0,0,0,0,0
597,872,37093330,36003250,22725,7933,93,7955,0,0,-18,0,-18,1,1,1,960,544.56,960,544.56,15459,0,0,0,0,0,0,0
598,873,36830753,36642459,22289,7933,93,7955,0,0,-18,0,-18,1,1,1,960,544.56,960,544.56,17666,0,0,0,0,0,0,0
599,874,36669705,37922958,22189,7933,93,7955,0,0,-18,0,-18,1,1,1,960,544.56,960,544.56,16750,0,0,0,0,0,0,0
600,875,38357250,38329542,22073,7933,93,7955,0,0,-18,0,-18,1,1,1,960,544.56,960,544.56,14375,0,0,0,0,0,0,0
601,876,47402791,45459833,22073,7934,94,7956,0,0,-18,0,-18,1,1,1,960,544.56,960,544.56,16459,0,0,0,0,0,0,0
602,877,61018750,62646834,22225,7933,93,7955,0,0,-18,0,-18,1,1,1,960,544.56,960,544.56,25583,0,0,0,0,0,0,0
603,878,70117332,67901250,22073,7933,96,7955,0,0,-18,0,-18,1,1,1,960,544.56,960,544.56,29084,0,0,0,0,0,0,0
604,879,70840708,72841292,22189,7933,93,7955,0,0,-18,0,-18,1,1,1,960,544.56,960,544.56,20541,0,0,0,0,0,0,0
605,880,76165713,73252459,22161,7933,93,7955,0,0,-18,0,-18,1,1,1,960,544.56,960,544.56,21916,0,0,0,0,0,0,0
606,881,68757250,69796333,22701,7933,93,7955,0,0,-18,0,-18,1,1,1,960,544.56,960,544.56,29834,0,0,0,0,0,0,0
607,882,66517122,66515666,22341,7933,93,7955,0,0,-18,0,-18,1,1,1,960,544.56,960,544.56,28291,0,0,0,0,0,0,0
608,883,58958087,61023041,22225,7933,93,7955,0,0,-18,0,-18,1,1,1,960,544.56,960,544.56,29083,0,0,0,0,0,0,0
609,884,52949171,51308792,22073,7933,93,7955,0,0,-18,0,-18,1,1,1,960,544.56,960,544.56,25541,0,0,0,0,0,0,0
610,885,51516495,53054666,22137,7933,93,7955,0,0,-18,0,-18,1,1,1,960,544.56,960,544.56,22958,0,0,0,0,0,0,0
611,886,46322334,46464958,22213,7933,96,7955,0,0,-18,0,-18,1,1,1,960,544.56,960,544.56,22875,0,0,0,0,0,0,0
612,887,46088252,44463042,22073,7933,93,7955,0,0,-18,0,-18,1,1,1,960,544.56,960,544.56,16500,0,0,0,0,0,0,0
613,888,44564455,46061041,22137,7933,93,7955,0,0,-18,0,-18,1,1,1,960,544.56,960,544.56,18792,0,0,0,0,0,0,0
614,889,46666085,46596292,22073,7933,93,7955,0,0,-18,0,-18,1,1,1,960,544.56,960,544.56,20791,0,0,0,0,0,0,0
615,890,50722617,48171542,22161,7933,93,7955,0,0,-18,0,-18,1,1,1,960,544.56,960,544.56,21917,0,0,0,0,0,0,0
616,891,46761959,49296083,22969,7934,94,7956,0,0,-18,0,-18,1,1,1,960,544.56,960,544.56,19208,0,0,0,0,0,0,0
617,892,56921336,54845958,22073,7933,93,7955,0,0,-18,0,-18,1,1,1,960,544.56,960,544.56,22917,0,0,0,0,0,0,0
618,893,54171167,56109625,22225,7933,93,7955,0,0,-18,0,-18,1,1,1,960,544.56,960,544.56,23167,0,0,0,0,0,0,0
619,894,68232581,66289333,22073,7933,93,7955,0,0,-18,0,-18,1,1,1,960,544.56,960,544.56,28666,0,0,0,0,0,0,0
620,895,61797499,63720709,22189,7933,93,7955,0,0,-18,0,-18,1,1,1,960,544.56,960,544.56,29250,0,0,0,0,0,0,0
621,896,59036705,57423208,22161,7933,96,7955,0,0,-18,0,-18,1,1,1,960,544.56,960,544.56,23750,0,0,0,0,0,0,0
622,897,51230918,52848458,22137,7933,93,7955,0,0,-18,0,-18,1,1,1,960,544.56,960,544.56,23041,0,0,0,0,0,0,0
623,898,54469041,52773167,22073,7933,93,7955,0,0,-18,0,-18,1,1,1,960,544.56,960,544.56,23834,0,0,0,0,0,0,0
624,899,49297839,49636792,22841,7933,93,7955,0,0,-18,0,-18,1,1,1,960,544.56,960,544.56,21542,0,0,0,0,0,0,0
625,900,40603499,42036500,22289,7933,93,7955,0,0,-18,0,-18,1,1,1,960,544.56,960,544.56,19958,0,0,0,0,0,0,0
626,901,39437789,38214125,22073,7933,93,7955,0,0,-18,0,-18,1,1,1,960,544.56,960,544.56,17042,0,0,0,0,0,0,0
627,902,35674583,36779292,22137,7933,93,7955,0,0,-18,0,-18,1,1,1,960,544.56,960,544.56,16833,0,0,0,0,0,0,0
628,903,33845372,33933666,22161,7933,93,7955,0,0,-18,0,-18,1,1,1,960,544.56,960,544.56,14875,0,0,0,0,0,0,0
629,904,35140838,34045083,22125,7933,93,7955,0,0,-18,0,-18,1,1,1,960,544.56,960,544.56,15375,0,0,0,0,0,0,0
630,905,36512210,37581792,22137,7933,93,7955,0,0,-18,0,-18,1,1,1,960,544.56,960,544.56,17750,0,0,0,0,0,0,0
631,906,34664873,34632500,22073,7934,97,7956,0,0,-18,0,-18,1,1,1,960,544.56,960,544.56,14750,0,0,0,0,0,0,0
632,907,37463039,36327333,22073,7933,93,7955,0,0,-18,0,-18,1,1,1,960,544.56,960,544.56,15000,0,0,0,0,0,0,0
633,908,35504713,36433625,22225,7933,93,7955,0,0,-18,0,-18,1,1,1,960,544.56,960,544.56,17750,0,0,0,0,0,0,0
634,909,37063661,37156583,22073,7933,93,7955,0,0,-18,0,-18,1,1,1,960,544.56,960,544.56,14916,0,0,0,0,0,0,0
635,910,38746960,37506625,22125,7933,93,7955,0,0,-18,0,-18,1,1,1,960,544.56,960,544.56,17333,0,0,0,0,0,0,0
636,911,37083126,38186166,22137,7933,93,7955,0,0,-18,0,-18,1,1,1,960,544.56,960,544.56,15458,0,0,0,0,0,0,0
637,912,37626579,37498791,22073,7933,93,7955,0,0,-18,0,-18,1,1,1,960,544.56,960,544.56,15417,0,0,0,0,0,0,0
638,913,42401582,40509792,22725,7933,93,7955,0,0,-18,0,-18,1,1,1,960,544.56,960,544.56,20667,0,0,0,0,0,0,0
639,914,41976127,43938542,22353,7933,93,7955,0,0,-18,0,-18,1,1,1,960,544.56,960,544.56,17625,0,0,0,0,0,0,0
640,915,60699250,58663458,22073,7933,93,7955,0,0,-18,0,-18,1,1,1,960,544.56,960,544.56,27709,0,0,0,0,0,0,0
641,916,68085752,69895792,22189,7933,93,7955,0,0,-18,0,-18,1,1,1,960,544.56,960,544.56,46708,0,0,0,0,0,0,0
642,917,81470958,78944167,22161,7933,93,7955,0,0,-18,0,-18,1,1,1,960,544.56,960,544.56,19750,0,0,0,0,0,0,0
643,918,69536373,71272542,22137,7933,96,7955,0,0,-18,0,-18,1,1,1,960,544.56,960,544.56,24083,0,0,0,0,0,0,0
644,919,69505669,67656917,22213,7933,93,7955,0,0,-18,0,-18,1,1,1,960,544.56,960,544.56,31000,0,0,0,0,0,0,0
645,920,67293576,69605250,22137,7933,93,7955,0,0,-18,0,-18,1,1,1,960,544.56,960,544.56,29292,0,0,0,0,0,0,0
646,921,66425256,63010875,22637,7934,94,7956,0,0,-18,0,-18,1,1,1,960,544.56,960,544.56,29917,0,0,0,0,0,0,0
647,922,50515163,53999708,22493,7933,93,7955,0,0,-18,0,-18,1,1,1,960,544.56,960,544.56,26167,0,0,0,0,0,0,0
648,923,57588960,56402375,22073,7933,93,7955,0,0,-18,0,-18,1,1,1,960,544.56,960,544.56,23125,0,0,0,0,0,0,0
649,924,48551417,49836250,22137,7933,93,7955,0,0,-18,0,-18,1,1,1,960,544.56,960,544.56,19167,0,0,0,0,0,0,0
650,925,53123831,51859250,22161,7933,93,7955,0,0,-18,0,-18,1,1,1,960,544.56,960,544.56,25458,0,0,0,0,0,0,0
651,926,46825334,48194459,22189,7933,96,7955,0,0,-18,0,-18,1,1,1,960,544.56,960,544.56,21459,0,0,0,0,0,0,0
652,927,49183126,48935333,22073,7933,93,7955,0,0,-18,0,-18,1,1,1,960,544.56,960,544.56,18500,0,0,0,0,0,0,0
653,928,55373497,53900916,22073,7933,93,7955,0,0,-18,0,-18,1,1,1,960,544.56,960,544.56,22375,0,0,0,0,0,0,0
654,929,53930584,55505083,22225,7933,93,7955,0,0,-18,0,-18,1,1,1,960,544.56,960,544.56,23333,0,0,0,0,0,0,0
655,930,60980748,58081584,22689,7933,93,7955,0,0,-18,0,-18,1,1,1,960,544.56,960,544.56,23667,0,0,0,0,0,0,0
656,931,52028466,54808125,38023,7933,93,7955,0,0,-18,0,-18,1,1,1,960,544.56,960,544.56,23083,0,0,0,0,0,0,0
657,932,55995535,54465667,22161,7933,93,7955,0,0,-18,0,-18,1,1,1,960,544.56,960,544.56,23500,0,0,0,0,0,0,0
658,933,51634084,53157541,22137,7933,93,7955,0,0,-18,0,-18,1,1,1,960,544.56,960,544.56,23000,0,0,0,0,0,0,0
659,934,53869374,52594833,22125,7933,93,7955,0,0,-18,0,-18,1,1,1,960,544.56,960,544.56,23959,0,0,0,0,0,0,0
660,935,41883964,43261750,22225,7933,96,7955,0,0,-18,0,-18,1,1,1,960,544.56,960,544.56,19041,0,0,0,0,0,0,0
661,936,41862662,41833666,22073,7934,94,7956,0,0,-18,0,-18,1,1,1,960,544.56,960,544.56,18792,0,0,0,0,0,0,0
662,937,39217792,38046000,22073,7933,93,7955,0,0,-18,0,-18,1,1,1,960,544.56,960,544.56,17083,0,0,0,0,0,0,0
663,938,34743793,35883584,22137,7933,93,7955,0,0,-18,0,-18,1,1,1,960,544.56,960,544.56,16125,0,0,0,0,0,0,0
664,939,33791743,33844875,22213,7933,93,7955,0,0,-18,0,-18,1,1,1,960,544.56,960,544.56,14917,0,0,0,0,0,0,0
665,940,35054840,33896750,22073,7933,93,7955,0,0,-18,0,-18,1,1,1,960,544.56,960,544.56,14500,0,0,0,0,0,0,0
666,941,33827118,33856292,22137,7933,93,7955,0,0,-18,0,-18,1,1,1,960,544.56,960,544.56,14916,0,0,0,0,0,0,0
667,942,33142168,34190833,22853,7933,93,7955,0,0,-18,0,-18,1,1,1,960,544.56,960,544.56,14625,0,0,0,0,0,0,0
668,943,34296415,33197625,22073,7933,93,7955,0,0,-18,0,-18,1,1,1,960,544.56,960,544.56,15292,0,0,0,0,0,0,0
669,944,32809879,33895708,22225,7933,93,7955,0,0,-18,0,-18,1,1,1,960,544.56,960,544.56,14541,0,0,0,0,0,0,0
670,945,33366207,33366417,22125,7933,93,7955,0,0,-18,0,-18,1,1,1,960,544.56,960,544.56,14833,0,0,0,0,0,0,0
671,946,34751791,33659042,22073,7933,93,7955,0,0,-18,0,-18,1,1,1,960,544.56,960,544.56,15333,0,0,0,0,0,0,0
672,947,32291419,33358708,22137,7933,93,7955,0,0,-18,0,-18,1,1,1,960,544.56,960,544.56,14667,0,0,0,0,0,0,0
673,948,36473747,36353167,22073,7933,93,7955,0,0,-18,0,-18,1,1,1,960,544.56,960,544.56,14708,0,0,0,0,0,0,0
674,949,34549001,33551417,22161,7933,96,7955,0,0,-18,0,-18,1,1,1,960,544.56,960,544.56,14958,0,0,0,0,0,0,0
675,950,34972667,35745416,22137,7933,93,7955,0,0,-18,0,-18,1,1,1,960,544.56,960,544.56,15375,0,0,0,0,0,0,0
676,951,34476127,34737291,22125,7934,94,7956,0,0,-18,0,-18,1,1,1,960,544.56,960,544.56,15833,0,0,0,0,0,0,0
677,952,35102955,33961167,22073,7933,93,7955,0,0,-18,0,-18,1,1,1,960,544.56,960,544.56,15292,0,0,0,0,0,0,0
678,953,35581711,36624542,22137,7933,93,7955,0,0,-18,0,-18,1,1,1,960,544.56,960,544.56,14375,0,0,0,0,0,0,0
679,954,36898583,36909333,22161,7933,93,7955,0,0,-18,0,-18,1,1,1,960,544.56,960,544.56,15000,0,0,0,0,0,0,0
680,955,38320459,36849625,22073,7933,93,7955,0,0,-18,0,-18,1,1,1,960,544.56,960,544.56,16375,0,0,0,0,0,0,0
681,956,39072584,39023583,22701,7933,93,7955,0,0,-18,0,-18,1,1,1,960,544.56,960,544.56,17125,0,0,0,0,0,0,0
682,957,36922831,38340000,22341,7933,93,7955,0,0,-18,0,-18,1,1,1,960,544.56,960,544.56,19042,0,0,0,0,0,0,0
683,958,45514166,43919000,22161,7933,93,7955,0,0,-18,0,-18,1,1,1,960,544.56,960,544.56,16542,0,0,0,0,0,0,0
684,959,55581837,57044500,22137,7933,93,7955,0,0,-18,0,-18,1,1,1,960,544.56,960,544.56,21916,0,0,0,0,0,0,0
685,960,69835789,67769292,22073,7933,93,7955,0,0,-18,0,-18,1,1,1,960,544.56,960,544.56,28667,0,0,0,0,0,0,0
686,961,84924668,86779667,22277,7933,93,7955,0,0,-18,0,-18,1,1,1,960,544.56,960,544.56,19833,0,0,0,0,0,0,0
687,962,78767292,75371833,22073,7933,96,7955,0,0,-18,0,-18,1,1,1,960,544.56,960,544.56,21000,0,0,0,0,0,0,0
688,963,65062455,68397875,22225,7933,93,7955,0,0,-18,0,-18,1,1,1,960,544.56,960,544.56,29125,0,0,0,0,0,0,0
689,964,74054919,70433334,22689,7933,93,7955,0,0,-18,0,-18,1,1,1,960,544.56,960,544.56,31125,0,0,0,0,0,0,0
690,965,60895457,64395667,22353,7933,93,7955,0,0,-18,0,-18,1,1,1,960,544.56,960,544.56,30000,0,0,0,0,0,0,0
691,966,57883374,56164208,22161,7934,94,7956,0,0,-18,0,-18,1,1,1,960,544.56,960,544.56,24042,0,0,0,0,0,0,0
692,967,50390120,52267875,22137,7933,93,7955,0,0,-18,0,-18,1,1,1,960,544.56,960,544.56,22750,0,0,0,0,0,0,0
693,968,52080206,50662500,22125,7933,93,7955,0,0,-18,0,-18,1,1,1,960,544.56,960,544.56,20125,0,0,0,0,0,0,0
694,969,44746626,46041792,22225,7933,96,7955,0,0,-18,0,-18,1,1,1,960,544.56,960,544.56,19167,0,0,0,0,0,0,0
695,970,47301750,47376417,22073,7933,93,7955,0,0,-18,0,-18,1,1,1,960,544.56,960,544.56,20583,0,0,0,0,0,0,0
696,971,49473121,47639875,22073,7933,93,7955,0,0,-18,0,-18,1,1,1,960,544.56,960,544.56,21750,0,0,0,0,0,0,0
697,972,52913002,54577167,22137,7933,93,7955,0,0,-18,0,-18,1,1,1,960,544.56,960,544.56,23083,0,0,0,0,0,0,0
698,973,57631123,54914166,22777,7933,93,7955,0,0,-18,0,-18,1,1,1,960,544.56,960,544.56,26291,0,0,0,0,0,0,0
699,974,54486211,57271041,22353,7933,93,7955,0,0,-18,0,-18,1,1,1,960,544.56,960,544.56,23000,0,0,0,0,0,0,0
700,975,57861920,55772709,22073,7933,93,7955,0,0,-18,0,-18,1,1,1,960,544.56,960,544.56,23750,0,0,0,0,0,0,0
701,976,53015831,54949916,22225,7933,93,7955,0,0,-18,0,-18,1,1,1,960,544.56,960,544.56,22541,0,0,0,0,0,0,0
702,977,68101413,66134667,22125,7933,93,7955,0,0,-18,0,-18,1,1,1,960,544.56,960,544.56,33459,0,0,0,0,0,0,0
703,978,58550041,60483750,22137,7933,93,7955,0,0,-18,0,-18,1,1,1,960,544.56,960,544.56,25125,0,0,0,0,0,0,0
704,979,50582788,49183958,22161,7933,96,7955,0,0,-18,0,-18,1,1,1,960,544.56,960,544.56,23333,0,0,0,0,0,0,0
705,980,42643964,44167167,22137,7933,93,7955,0,0,-18,0,-18,1,1,1,960,544.56,960,544.56,19292,0,0,0,0,0,0,0
706,981,37999708,38007458,22125,7934,94,7956,0,0,-18,0,-18,1,1,1,960,544.56,960,544.56,16625,0,0,0,0,0,0,0
707,982,39645705,38524209,22073,7933,93,7955,0,0,-18,0,-18,1,1,1,960,544.56,960,544.56,17125,0,0,0,0,0,0,0
708,983,34220997,34244209,22789,7933,93,7955,0,0,-18,0,-18,1,1,1,960,544.56,960,544.56,14750,0,0,0,0,0,0,0
709,984,33770918,34840042,22289,7933,93,7955,0,0,-18,0,-18,1,1,1,960,544.56,960,544.56,15042,0,0,0,0,0,0,0
710,985,37118375,36041167,22073,7933,93,7955,0,0,-18,0,-18,1,1,1,960,544.56,960,544.56,15666,0,0,0,0,0,0,0
711,986,35508044,36563750,22137,7933,93,7955,0,0,-18,0,-18,1,1,1,960,544.56,960,544.56,15084,0,0,0,0,0,0,0
712,987,37382129,37315958,22125,7933,93,7955,0,0,-18,0,-18,1,1,1,960,544.56,960,544.56,15584,0,0,0,0,0,0,0
713,988,39881747,38465750,22161,7933,93,7955,0,0,-18,0,-18,1,1,1,960,544.56,960,544.56,18500,0,0,0,0,0,0,0
714,989,38668375,39999292,22137,7933,93,7955,0,0,-18,0,-18,1,1,1,960,544.56,960,544.56,16875,0,0,0,0,0,0,0
715,990,40286295,40244083,22073,7933,96,7955,0,0,-18,0,-18,1,1,1,960,544.56,960,544.56,17708,0,0,0,0,0,0,0
716,991,43237540,41799917,22073,7933,93,7955,0,0,-18,0,-18,1,1,1,960,544.56,960,544.56,17125,0,0,0,0,0,0,0
717,992,46558540,47949083,22225,7933,93,7955,0,0,-18,0,-18,1,1,1,960,544.56,960,544.56,19167,0,0,0,0,0,0,0
718,993,63126668,60822333,22125,7933,93,7955,0,0,-18,0,-18,1,1,1,960,544.56,960,544.56,27000,0,0,0,0,0,0,0
719,994,67290998,69300500,22137,7933,93,7955,0,0,-18,0,-18,1,1,1,960,544.56,960,544.56,28833,0,0,0,0,0,0,0
720,995,72169460,68649041,22725,7933,93,7955,0,0,-18,0,-18,1,1,1,960,544.56,960,544.56,28583,0,0,0,0,0,0,0
721,996,67174419,70608541,22353,7934,94,7956,0,0,-18,0,-18,1,1,1,960,544.56,960,544.56,30291,0,0,0,0,0,0,0
722,997,71781367,69518917,22125,7933,93,7955,0,0,-18,0,-18,1,1,1,960,544.56,960,544.56,77250,0,0,0,0,0,0,0
723,998,72194710,74480625,22225,7933,93,7955,0,0,-18,0,-18,1,1,1,960,544.56,960,544.56,30917,0,0,0,0,0,0,0
724,999,63889622,61990750,22073,7933,96,7955,0,0,-18,0,-18,1,1,1,960,544.56,960,544.56,28375,0,0,0,0,0,0,0
725,1000,54336749,56298417,22189,7933,93,7955,0,0,-18,0,-18,1,1,1,960,544.56,960,544.56,22709,0,0,0,0,0,0,0
726,1001,57332746,55354208,22161,7933,93,7955,0,0,-18,0,-18,1,1,1,960,544.56,960,544.56,24708,0,0,0,0,0,0,0
727,1002,56277669,56169167,22701,7933,93,7955,0,0,-18,0,-18,1,1,1,960,544.56,960,544.56,22833,0,0,0,0,0,0,0
728,1003,55007539,55439125,22289,7933,93,7955,0,0,-18,0,-18,1,1,1,960,544.56,960,544.56,23542,0,0,0,0,0,0,0
729,1004,50870791,52523000,22277,7933,93,7955,0,0,-18,0,-18,1,1,1,960,544.56,960,544.56,23125,0,0,0,0,0,0,0
730,1005,50837628,49541666,22073,7933,93,7955,0,0,-18,0,-18,1,1,1,960,544.56,960,544.56,19583,0,0,0,0,0,0,0
731,1006,48344623,49543875,22137,7933,93,7955,0,0,-18,0,-18,1,1,1,960,544.56,960,544.56,18875,0,0,0,0,0,0,0
732,1007,58203458,56590666,22161,7933,93,7955,0,0,-18,0,-18,1,1,1,960,544.56,960,544.56,26250,0,0,0,0,0,0,0
733,1008,51329713,52928500,22189,7933,96,7955,0,0,-18,0,-18,1,1,1,960,544.56,960,544.56,22583,0,0,0,0,0,0,0
734,1009,48591915,47259458,22073,7933,93,7955,0,0,-18,0,-18,1,1,1,960,544.56,960,544.56,23000,0,0,0,0,0,0,0
735,1010,42694706,44026541,22225,7933,93,7955,0,0,-18,0,-18,1,1,1,960,544.56,960,544.56,18750,0,0,0,0,0,0,0
736,1011,42730089,42800208,22073,7934,94,7956,0,0,-18,0,-18,1,1,1,960,544.56,960,544.56,19417,0,0,0,0,0,0,0
737,1012,39926666,38652084,22073,7933,93,7955,0,0,-18,0,-18,1,1,1,960,544.56,960,544.56,17667,0,0,0,0,0,0,0
738,1013,37480626,37444750,22753,7933,93,7955,0,0,-18,0,-18,1,1,1,960,544.56,960,544.56,16833,0,0,0,0,0,0,0
739,1014,34339994,35604500,22377,7933,93,7955,0,0,-18,0,-18,1,1,1,960,544.56,960,544.56,16708,0,0,0,0,0,0,0
740,1015,35103380,33993375,22073,7933,93,7955,0,0,-18,0,-18,1,1,1,960,544.56,960,544.56,14750,0,0,0,0,0,0,0
741,1016,33241078,34305750,22137,7933,93,7955,0,0,-18,0,-18,1,1,1,960,544.56,960,544.56,14833,0,0,0,0,0,0,0
742,1017,33678714,33693625,22073,7933,93,7955,0,0,-18,0,-18,1,1,1,960,544.56,960,544.56,15250,0,0,0,0,0,0,0
743,1018,34741625,33524209,22073,7933,93,7955,0,0,-18,0,-18,1,1,1,960,544.56,960,544.56,15417,0,0,0,0,0,0,0
744,1019,35876836,37054375,22277,7933,93,7955,0,0,-18,0,-18,1,1,1,960,544.56,960,544.56,15459,0,0,0,0,0,0,0
745,1020,33466998,33411792,22073,7933,96,7955,0,0,-18,0,-18,1,1,1,960,544.56,960,544.56,15167,0,0,0,0,0,0,0
746,1021,34565873,33531917,22073,7933,93,7955,0,0,-18,0,-18,1,1,1,960,544.56,960,544.56,14208,0,0,0,0,0,0,0
747,1022,32795373,33817500,22137,7933,93,7955,0,0,-18,0,-18,1,1,1,960,544.56,960,544.56,14375,0,0,0,0,0,0,0
748,1023,33772796,33741250,22073,7933,93,7955,0,0,-18,0,-18,1,1,1,960,544.56,960,544.56,15083,0,0,0,0,0,0,0
749,1024,35533249,34413958,22161,7933,93,7955,0,0,-18,0,-18,1,1,1,960,544.56,960,544.56,15167,0,0,0,0,0,0,0
750,1025,32790999,33913125,22189,7933,93,7955,0,0,-18,0,-18,1,1,1,960,544.56,960,544.56,14917,0,0,0,0,0,0,0
751,1026,33730745,33677417,22073,7934,94,7956,0,0,-18,0,-18,1,1,1,960,544.56,960,544.56,15792,0,0,0,0,0,0,0
752,1027,35462252,33627375,22637,7933,93,7955,0,0,-18,0,-18,1,1,1,960,544.56,960,544.56,14708,0,0,0,0,0,0,0
753,1028,31469210,33256917,22353,7933,93,7955,0,0,-18,0,-18,1,1,1,960,544.56,960,544.56,14625,0,0,0,0,0,0,0
754,1029,33524248,33575625,22161,7933,93,7955,0,0,-18,0,-18,1,1,1,960,544.56,960,544.56,14333,0,0,0,0,0,0,0
755,1030,34795038,33678750,22073,7933,93,7955,0,0,-18,0,-18,1,1,1,960,544.56,960,544.56,14708,0,0,0,0,0,0,0
756,1031,32473001,33561417,22189,7933,93,7955,0,0,-18,0,-18,1,1,1,960,544.56,960,544.56,14750,0,0,0,0,0,0,0
757,1032,33576827,33542958,22073,7933,93,7955,0,0,-18,0,-18,1,1,1,960,544.56,960,544.56,14167,0,0,0,0,0,0,0
758,1033,32547507,32536917,22073,7933,93,7955,0,0,-18,0,-18,1,1,1,960,544.56,960,544.56,14417,0,0,0,0,0,0,0
759,1034,36750707,35644792,22161,7933,93,7955,0,0,-18,0,-18,1,1,1,960,544.56,960,544.56,18125,0,0,0,0,0,0,0
760,1035,31745165,32855667,22137,7933,96,7955,0,0,-18,0,-18,1,1,1,960,544.56,960,544.56,13917,0,0,0,0,0,0,0
761,1036,33962912,33847166,22073,7933,93,7955,0,0,-18,0,-18,1,1,1,960,544.56,960,544.56,13417,0,0,0,0,0,0,0
762,1037,36088712,35060167,22125,7933,93,7955,0,0,-18,0,-18,1,1,1,960,544.56,960,544.56,14541,0,0,0,0,0,0,0
763,1038,33828169,34816833,22137,7933,93,7955,0,0,-18,0,-18,1,1,1,960,544.56,960,544.56,13792,0,0,0,0,0,0,0
764,1039,37955038,37849208,22161,7933,93,7955,0,0,-18,0,-18,1,1,1,960,544.56,960,544.56,15583,0,0,0,0,0,0,0
765,1040,39338625,38369583,22073,7933,93,7955,0,0,-18,0,-18,1,1,1,960,544.56,960,544.56,17083,0,0,0,0,0,0,0
766,1041,37326127,38399291,22137,7934,94,7956,0,0,-18,0,-18,1,1,1,960,544.56,960,544.56,14750,0,0,0,0,0,0,0
767,1042,42377039,40414459,22637,7933,93,7955,0,0,-18,0,-18,1,1,1,960,544.56,960,544.56,15042,0,0,0,0,0,0,0
768,1043,51558375,51405541,22429,7933,93,7955,0,0,-18,0,-18,1,1,1,960,544.56,960,544.56,16625,0,0,0,0,0,0,0
769,1044,64115665,65917875,22137,7933,93,7955,0,0,-18,0,-18,1,1,1,960,544.56,960,544.56,22625,0,0,0,0,0,0,0
770,1045,72544999,70539125,22073,7933,93,7955,0,0,-18,0,-18,1,1,1,960,544.56,960,544.56,29042,0,0,0,0,0,0,0
771,1046,80888710,82802417,22225,7933,93,7955,0,0,-18,0,-18,1,1,1,960,544.56,960,544.56,19375,0,0,0,0,0,0,0
772,1047,68595126,66701917,22327,7933,96,7955,0,0,-18,0,-18,1,1,1,960,544.56,960,544.56,20250,0,0,0,0,0,0,0
773,1048,74033789,75093875,22137,7933,93,7955,0,0,-18,0,-18,1,1,1,960,544.56,960,544.56,32083,0,0,0,0,0,0,0
774,1049,72756670,69858916,22725,7933,93,7955,0,0,-18,0,-18,1,1,1,960,544.56,960,544.56,29041,0,0,0,0,0,0,0
775,1050,55009834,58755291,22405,7933,93,7955,0,0,-18,0,-18,1,1,1,960,544.56,960,544.56,28625,0,0,0,0,0,0,0
776,1051,55521413,53813208,22073,7933,93,7955,0,0,-18,0,-18,1,1,1,960,544.56,960,544.56,24041,0,0,0,0,0,0,0
777,1052,45032419,46754458,22225,7933,93,7955,0,0,-18,0,-18,1,1,1,960,544.56,960,544.56,19625,0,0,0,0,0,0,0
778,1053,46653542,46626209,22073,7933,93,7955,0,0,-18,0,-18,1,1,1,960,544.56,960,544.56,21333,0,0,0,0,0,0,0
779,1054,51601160,50115416,22125,7933,93,7955,0,0,-18,0,-18,1,1,1,960,544.56,960,544.56,31917,0,0,0,0,0,0,0
780,1055,45853629,47092167,22137,7933,96,7955,0,0,-18,0,-18,1,1,1,960,544.56,960,544.56,18917,0,0,0,0,0,0,0
781,1056,46809706,46824292,22161,7934,94,7956,0,0,-18,0,-18,1,1,1,960,544.56,960,544.56,19875,0,0,0,0,0,0,0
782,1057,49592375,47897584,22073,7933,93,7955,0,0,-18,0,-18,1,1,1,960,544.56,960,544.56,20125,0,0,0,0,0,0,0
783,1058,53941745,55417417,22137,7933,93,7955,0,0,-18,0,-18,1,1,1,960,544.56,960,544.56,26208,0,0,0,0,0,0,0
784,1059,57206667,54444791,22777,7933,93,7955,0,0,-18,0,-18,1,1,1,960,544.56,960,544.56,22959,0,0,0,0,0,0,0
785,1060,63264876,66121833,22651,7933,93,7955,0,0,-18,0,-18,1,1,1,960,544.56,960,544.56,24417,0,0,0,0,0,0,0
786,1061,67889131,66240875,22073,7933,93,7955,0,0,-18,0,-18,1,1,1,960,544.56,960,544.56,31750,0,0,0,0,0,0,0
787,1062,53160708,54863375,22225,7933,93,7955,0,0,-18,0,-18,1,1,1,960,544.56,960,544.56,22458,0,0,0,0,0,0,0
788,1063,55751834,54346125,22125,7933,93,7955,0,0,-18,0,-18,1,1,1,960,544.56,960,544.56,23958,0,0,0,0,0,0,0
789,1064,43072953,44467625,22137,7933,96,7955,0,0,-18,0,-18,1,1,1,960,544.56,960,544.56,19292,0,0,0,0,0,0,0
790,1065,39787713,39823917,22161,7933,93,7955,0,0,-18,0,-18,1,1,1,960,544.56,960,544.56,19000,0,0,0,0,0,0,0
791,1066,39283581,38246792,22073,7933,93,7955,0,0,-18,0,-18,1,1,1,960,544.56,960,544.56,17250,0,0,0,0,0,0,0
792,1067,33068835,34091583,22137,7933,93,7955,0,0,-18,0,-18,1,1,1,960,544.56,960,544.56,14375,0,0,0,0,0,0,0
793,1068,34207541,34245625,22125,7933,93,7955,0,0,-18,0,-18,1,1,1,960,544.56,960,544.56,15333,0,0,0,0,0,0,0
794,1069,35374958,34212125,22073,7933,93,7955,0,0,-18,0,-18,1,1,1,960,544.56,960,544.56,15000,0,0,0,0,0,0,0
795,1070,34444373,34448167,22789,7933,93,7955,0,0,-18,0,-18,1,1,1,960,544.56,960,544.56,14583,0,0,0,0,0,0,0
796,1071,32860588,33956042,22289,7934,94,7956,0,0,-18,0,-18,1,1,1,960,544.56,960,544.56,14917,0,0,0,0,0,0,0
797,1072,34273788,33191458,22073,7933,93,7955,0,0,-18,0,-18,1,1,1,960,544.56,960,544.56,14417,0,0,0,0,0,0,0
798,1073,32281335,33318333,22137,7933,93,7955,0,0,-18,0,-18,1,1,1,960,544.56,960,544.56,14833,0,0,0,0,0,0,0
799,1074,33483836,33451250,22125,7933,93,7955,0,0,-18,0,-18,1,1,1,960,544.56,960,544.56,17209,0,0,0,0,0,0,0
800,1075,32908249,32948583,22161,7933,93,7955,0,0,-18,0,-18,1,1,1,960,544.56,960,544.56,15417,0,0,0,0,0,0,0
801,1076,35111833,34004500,22073,7933,93,7955,0,0,-18,0,-18,1,1,1,960,544.56,960,544.56,14542,0,0,0,0,0,0,0
802,1077,29154790,30220250,22137,7933,96,7955,0,0,-18,0,-18,1,1,1,960,544.56,960,544.56,12875,0,0,0,0,0,0,0
803,1078,30306709,30314583,22073,7933,93,7955,0,0,-18,0,-18,1,1,1,960,544.56,960,544.56,13417,0,0,0,0,0,0,0
804,1079,30686330,30601917,22073,7933,93,7955,0,0,-18,0,-18,1,1,1,960,544.56,960,544.56,13041,0,0,0,0,0,0,0
805,1080,30945295,30004042,22161,7933,93,7955,0,0,-18,0,-18,1,1,1,960,544.56,960,544.56,12875,0,0,0,0,0,0,0
806,1081,29542084,30506167,22189,7933,93,7955,0,0,-18,0,-18,1,1,1,960,544.56,960,544.56,12875,0,0,0,0,0,0,0
807,1082,32413125,32400209,22073,7933,93,7955,0,0,-18,0,-18,1,1,1,960,544.56,960,544.56,13125,0,0,0,0,0,0,0
808,1083,31438585,31438625,22073,7933,93,7955,0,0,-18,0,-18,1,1,1,960,544.56,960,544.56,13125,0,0,0,0,0,0,0
809,1084,34296952,33140042,22073,7933,93,7955,0,0,-18,0,-18,1,1,1,960,544.56,960,544.56,13083,0,0,0,0,0,0,0
810,1085,33527381,33529708,22789,7933,93,7955,0,0,-18,0,-18,1,1,1,960,544.56,960,544.56,14250,0,0,0,0,0,0,0
811,1086,32471790,33566959,22289,7934,94,7956,0,0,-18,0,-18,1,1,1,960,544.56,960,544.56,14250,0,0,0,0,0,0,0
812,1087,34605961,33482417,22073,7933,93,7955,0,0,-18,0,-18,1,1,1,960,544.56,960,544.56,17375,0,0,0,0,0,0,0
813,1088,32123249,33234292,22189,7933,93,7955,0,0,-18,0,-18,1,1,1,960,544.56,960,544.56,14500,0,0,0,0,0,0,0
814,1089,34375291,34293459,22073,7933,93,7955,0,0,-18,0,-18,1,1,1,960,544.56,960,544.56,14625,0,0,0,0,0,0,0
815,1090,34548625,33519167,22161,7933,93,7955,0,0,-18,0,-18,1,1,1,960,544.56,960,544.56,14250,0,0,0,0,0,0,0
816,1091,32372251,33407208,22137,7933,93,7955,0,0,-18,0,-18,1,1,1,960,544.56,960,544.56,14375,0,0,0,0,0,0,0
817,1092,36627579,36620417,22073,7933,93,7955,0,0,-18,0,-18,1,1,1,960,544.56,960,544.56,15042,0,0,0,0,0,0,0
818,1093,38066752,36599417,22073,7933,96,7955,0,0,-18,0,-18,1,1,1,960,544.56,960,544.56,15375,0,0,0,0,0,0,0
819,1094,36016292,37388709,22189,7933,93,7955,0,0,-18,0,-18,1,1,1,960,544.56,960,544.56,16708,0,0,0,0,0,0,0
820,1095,35764582,35793834,22161,7933,93,7955,0,0,-18,0,-18,1,1,1,960,544.56,960,544.56,14917,0,0,0,0,0,0,0
821,1096,38557667,37475750,22073,7933,93,7955,0,0,-18,0,-18,1,1,1,960,544.56,960,544.56,15041,0,0,0,0,0,0,0
822,1097,39455004,40311709,22137,7933,93,7955,0,0,-18,0,-18,1,1,1,960,544.56,960,544.56,15417,0,0,0,0,0,0,0
823,1098,50738252,49996584,22073,7933,93,7955,0,0,-18,0,-18,1,1,1,960,544.56,960,544.56,20667,0,0,0,0,0,0,0
824,1099,65020747,62231791,22777,7933,93,7955,0,0,-18,0,-18,1,1,1,960,544.56,960,544.56,23375,0,0,0,0,0,0,0
825,1100,70319540,73611792,22353,7933,93,7955,0,0,-18,0,-18,1,1,1,960,544.56,960,544.56,29250,0,0,0,0,0,0,0
826,1101,82901202,80529584,22073,7934,94,7956,0,0,-18,0,-18,1,1,1,960,544.56,960,544.56,20541,0,0,0,0,0,0,0
827,1102,74955999,77379167,22277,7933,93,7955,0,0,-18,0,-18,1,1,1,960,544.56,960,544.56,20334,0,0,0,0,0,0,0
828,1103,71603789,69095917,22073,7933,96,7955,0,0,-18,0,-18,1,1,1,960,544.56,960,544.56,28167,0,0,0,0,0,0,0
829,1104,59605747,61820042,22137,7933,93,7955,0,0,-18,0,-18,1,1,1,960,544.56,960,544.56,29792,0,0,0,0,0,0,0
830,1105,55544041,54382083,22213,7933,93,7955,0,0,-18,0,-18,1,1,1,960,544.56,960,544.56,28792,0,0,0,0,0,0,0
831,1106,48285834,48037291,22701,7933,93,7955,0,0,-18,0,-18,1,1,1,960,544.56,960,544.56,20750,0,0,0,0,0,0,0
832,1107,46045746,47617750,22289,7933,93,7955,0,0,-18,0,-18,1,1,1,960,544.56,960,544.56,18125,0,0,0,0,0,0,0
833,1108,48399589,47141208,22073,7933,93,7955,0,0,-18,0,-18,1,1,1,960,544.56,960,544.56,18791,0,0,0,0,0,0,0
834,1109,46734578,48099125,22225,7933,93,7955,0,0,-18,0,-18,1,1,1,960,544.56,960,544.56,21292,0,0,0,0,0,0,0
835,1110,46974495,46838000,22125,7933,93,7955,0,0,-18,0,-18,1,1,1,960,544.56,960,544.56,21916,0,0,0,0,0,0,0
836,1111,56661713,55065917,22073,7933,93,7955,0,0,-18,0,-18,1,1,1,960,544.56,960,544.56,21042,0,0,0,0,0,0,0
837,1112,52908707,54528208,22225,7933,96,7955,0,0,-18,0,-18,1,1,1,960,544.56,960,544.56,23167,0,0,0,0,0,0,0
838,1113,56962329,55265375,22073,7933,93,7955,0,0,-18,0,-18,1,1,1,960,544.56,960,544.56,23334,0,0,0,0,0,0,0
839,1114,54233957,55753375,22189,7933,93,7955,0,0,-18,0,-18,1,1,1,960,544.56,960,544.56,22792,0,0,0,0,0,0,0
840,1115,64452379,62818958,22161,7933,93,7955,0,0,-18,0,-18,1,1,1,960,544.56,960,544.56,24125,0,0,0,0,0,0,0
841,1116,63388369,63342250,22701,7934,94,7956,0,0,-18,0,-18,1,1,1,960,544.56,960,544.56,28583,0,0,0,0,0,0,0
842,1117,54512295,54650375,22289,7933,93,7955,0,0,-18,0,-18,1,1,1,960,544.56,960,544.56,23083,0,0,0,0,0,0,0
843,1118,51792077,53380041,22277,7933,93,7955,0,0,-18,0,-18,1,1,1,960,544.56,960,544.56,23208,0,0,0,0,0,0,0
844,1119,51985628,50611042,22073,7933,93,7955,0,0,-18,0,-18,1,1,1,960,544.56,960,544.56,22750,0,0,0,0,0,0,0
845,1120,45927535,47347000,22137,7933,93,7955,0,0,-18,0,-18,1,1,1,960,544.56,960,544.56,20250,0,0,0,0,0,0,0
846,1121,41754420,41670084,22073,7933,96,7955,0,0,-18,0,-18,1,1,1,960,544.56,960,544.56,18958,0,0,0,0,0,0,0
847,1122,38547627,37531417,22161,7933,93,7955,0,0,-18,0,-18,1,1,1,960,544.56,960,544.56,16250,0,0,0,0,0,0,0
848,1123,32787874,33874292,22189,7933,93,7955,0,0,-18,0,-18,1,1,1,960,544.56,960,544.56,14625,0,0,0,0,0,0,0
849,1124,34173581,34178542,22073,7933,93,7955,0,0,-18,0,-18,1,1,1,960,544.56,960,544.56,14500,0,0,0,0,0,0,0
850,1125,34907788,33789000,22073,7933,93,7955,0,0,-18,0,-18,1,1,1,960,544.56,960,544.56,14709,0,0,0,0,0,0,0
851,1126,33421456,34452292,22137,7933,93,7955,0,0,-18,0,-18,1,1,1,960,544.56,960,544.56,14375,0,0,0,0,0,0,0
852,1127,35645123,34559708,22725,7933,93,7955,0,0,-18,0,-18,1,1,1,960,544.56,960,544.56,15000,0,0,0,0,0,0,0
853,1128,34070003,34118333,22289,7933,93,7955,0,0,-18,0,-18,1,1,1,960,544.56,960,544.56,14583,0,0,0,0,0,0,0
854,1129,33293247,34314666,22189,7933,93,7955,0,0,-18,0,-18,1,1,1,960,544.56,960,544.56,14083,0,0,0,0,0,0,0
855,1130,35284664,35295750,22073,7933,93,7955,0,0,-18,0,-18,1,1,1,960,544.56,960,544.56,15250,0,0,0,0,0,0,0
856,1131,34903459,33725375,22073,7934,94,7956,0,0,-18,0,-18,1,1,1,960,544.56,960,544.56,17375,0,0,0,0,0,0,0
857,1132,31995799,33139042,22225,7933,93,7955,0,0,-18,0,-18,1,1,1,960,544.56,960,544.56,14500,0,0,0,0,0,0,0
858,1133,33238243,33206125,22073,7933,93,7955,0,0,-18,0,-18,1,1,1,960,544.56,960,544.56,18875,0,0,0,0,0,0,0
859,1134,36887876,35828625,22073,7933,93,7955,0,0,-18,0,-18,1,1,1,960,544.56,960,544.56,15416,0,0,0,0,0,0,0
860,1135,32267332,33297083,22189,7933,96,7955,0,0,-18,0,-18,1,1,1,960,544.56,960,544.56,14500,0,0,0,0,0,0,0
861,1136,32574042,32544542,22073,7933,93,7955,0,0,-18,0,-18,1,1,1,960,544.56,960,544.56,14458,0,0,0,0,0,0,0
862,1137,32892126,32931542,22161,7933,93,7955,0,0,-18,0,-18,1,1,1,960,544.56,960,544.56,12542,0,0,0,0,0,0,0
863,1138,31043579,29975625,22073,7933,93,7955,0,0,-18,0,-18,1,1,1,960,544.56,960,544.56,12667,0,0,0,0,0,0,0
864,1139,32149419,33173750,22137,7933,93,7955,0,0,-18,0,-18,1,1,1,960,544.56,960,544.56,14459,0,0,0,0,0,0,0
865,1140,32634459,32608417,22073,7933,93,7955,0,0,-18,0,-18,1,1,1,960,544.56,960,544.56,12875,0,0,0,0,0,0,0
866,1141,32746583,32661209,22073,7933,93,7955,0,0,-18,0,-18,1,1,1,960,544.56,960,544.56,13167,0,0,0,0,0,0,0
867,1142,35593163,33562000,22777,7933,93,7955,0,0,-18,0,-18,1,1,1,960,544.56,960,544.56,14459,0,0,0,0,0,0,0
868,1143,31269337,33320125,22353,7933,93,7955,0,0,-18,0,-18,1,1,1,960,544.56,960,544.56,14167,0,0,0,0,0,0,0
869,1144,34602664,34603625,22073,7933,93,7955,0,0,-18,0,-18,1,1,1,960,544.56,960,544.56,14583,0,0,0,0,0,0,0
870,1145,36350622,35087833,22073,7933,93,7955,0,0,-18,0,-18,1,1,1,960,544.56,960,544.56,15291,0,0,0,0,0,0,0
871,1146,35376962,36554667,22137,7934,94,7956,0,0,-18,0,-18,1,1,1,960,544.56,960,544.56,14042,0,0,0,0,0,0,0
872,1147,39346080,39208500,22161,7933,93,7955,0,0,-18,0,-18,1,1,1,960,544.56,960,544.56,15375,0,0,0,0,0,0,0
873,1148,42920209,41372458,22125,7933,93,7955,0,0,-18,0,-18,1,1,1,960,544.56,960,544.56,15417,0,0,0,0,0,0,0
874,1149,36385495,37892833,22137,7933,96,7955,0,0,-18,0,-18,1,1,1,960,544.56,960,544.56,30000,0,0,0,0,0,0,0
875,1150,42222797,42274791,22073,7933,93,7955,0,0,-18,0,-18,1,1,1,960,544.56,960,544.56,15625,0,0,0,0,0,0,0
876,1151,48654917,47112125,22161,7933,93,7955,0,0,-18,0,-18,1,1,1,960,544.56,960,544.56,18875,0,0,0,0,0,0,0
877,1152,59453371,60847125,22137,7933,93,7955,0,0,-18,0,-18,1,1,1,960,544.56,960,544.56,22541,0,0,0,0,0,0,0
878,1153,68877331,66676458,22125,7933,93,7955,0,0,-18,0,-18,1,1,1,960,544.56,960,544.56,28542,0,0,0,0,0,0,0
879,1154,71239076,71124291,22789,7933,93,7955,0,0,-18,0,-18,1,1,1,960,544.56,960,544.56,20833,0,0,0,0,0,0,0
880,1155,66718541,66957958,22289,7933,93,7955,0,0,-18,0,-18,1,1,1,960,544.56,960,544.56,19667,0,0,0,0,0,0,0
881,1156,65951876,67858833,22189,7933,93,7955,0,0,-18,0,-18,1,1,1,960,544.56,960,544.56,27917,0,0,0,0,0,0,0
882,1157,71256496,69764250,22161,7933,93,7955,0,0,-18,0,-18,1,1,1,960,544.56,960,544.56,28708,0,0,0,0,0,0,0
883,1158,55035918,56462500,22137,7933,96,7955,0,0,-18,0,-18,1,1,1,960,544.56,960,544.56,22750,0,0,0,0,0,0,0
884,1159,57254705,55368750,22073,7933,93,7955,0,0,-18,0,-18,1,1,1,960,544.56,960,544.56,23542,0,0,0,0,0,0,0
885,1160,49455206,51433500,22277,7933,93,7955,0,0,-18,0,-18,1,1,1,960,544.56,960,544.56,22916,0,0,0,0,0,0,0
886,1161,51710501,50406250,22073,7934,94,7956,0,0,-18,0,-18,1,1,1,960,544.56,960,544.56,19083,0,0,0,0,0,0,0
887,1162,52027247,51647250,22701,7933,93,7955,0,0,-18,0,-18,1,1,1,960,544.56,960,544.56,19875,0,0,0,0,0,0,0
888,1163,53787790,53670708,22377,7933,93,7955,0,0,-18,0,-18,1,1,1,960,544.56,960,544.56,23875,0,0,0,0,0,0,0
889,1164,52549630,54159500,22189,7933,93,7955,0,0,-18,0,-18,1,1,1,960,544.56,960,544.56,25666,0,0,0,0,0,0,0
890,1165,56866746,55259833,22073,7933,93,7955,0,0,-18,0,-18,1,1,1,960,544.56,960,544.56,23583,0,0,0,0,0,0,0
891,1166,63879169,65466417,22225,7933,93,7955,0,0,-18,0,-18,1,1,1,960,544.56,960,544.56,25292,0,0,0,0,0,0,0
892,1167,70612758,68526500,22073,7933,96,7955,0,0,-18,0,-18,1,1,1,960,544.56,960,544.56,28500,0,0,0,0,0,0,0
893,1168,65243534,67172250,22189,7933,93,7955,0,0,-18,0,-18,1,1,1,960,544.56,960,544.56,28834,0,0,0,0,0,0,0
894,1169,62789753,61417875,22161,7933,93,7955,0,0,-18,0,-18,1,1,1,960,544.56,960,544.56,29875,0,0,0,0,0,0,0
895,1170,51999956,52003334,22701,7933,93,7955,0,0,-18,0,-18,1,1,1,960,544.56,960,544.56,23208,0,0,0,0,0,0,0
896,1171,44126503,45656125,22289,7933,93,7955,0,0,-18,0,-18,1,1,1,960,544.56,960,544.56,22542,0,0,0,0,0,0,0
897,1172,42907658,41830792,22213,7933,93,7955,0,0,-18,0,-18,1,1,1,960,544.56,960,544.56,19041,0,0,0,0,0,0,0
898,1173,37002380,38161541,22137,7933,93,7955,0,0,-18,0,-18,1,1,1,960,544.56,960,544.56,16500,0,0,0,0,0,0,0
899,1174,34546576,34540084,22073,7933,93,7955,0,0,-18,0,-18,1,1,1,960,544.56,960,544.56,20167,0,0,0,0,0,0,0
900,1175,34847505,33785500,22073,7933,93,7955,0,0,-18,0,-18,1,1,1,960,544.56,960,544.56,14916,0,0,0,0,0,0,0
901,1176,36326203,37290459,22137,7934,94,7956,0,0,-18,0,-18,1,1,1,960,544.56,960,544.56,17208,0,0,0,0,0,0,0
902,1177,33779378,33838792,22161,7933,96,7955,0,0,-18,0,-18,1,1,1,960,544.56,960,544.56,15208,0,0,0,0,0,0,0
903,1178,35313040,34089875,22125,7933,93,7955,0,0,-18,0,-18,1,1,1,960,544.56,960,544.56,15083,0,0,0,0,0,0,0
904,1179,33983249,35049084,22137,7933,93,7955,0,0,-18,0,-18,1,1,1,960,544.56,960,544.56,14625,0,0,0,0,0,0,0
905,1180,36112755,36210959,22073,7933,93,7955,0,0,-18,0,-18,1,1,1,960,544.56,960,544.56,14750,0,0,0,0,0,0,0
906,1181,39166539,37975542,22073,7933,93,7955,0,0,-18,0,-18,1,1,1,960,544.56,960,544.56,15292,0,0,0,0,0,0,0
907,1182,35074334,36139250,22225,7933,93,7955,0,0,-18,0,-18,1,1,1,960,544.56,960,544.56,14583,0,0,0,0,0,0,0
908,1183,36081250,36015458,22073,7933,93,7955,0,0,-18,0,-18,1,1,1,960,544.56,960,544.56,18583,0,0,0,0,0,0,0
909,1184,36903955,34776375,22689,7933,93,7955,0,0,-18,0,-18,1,1,1,960,544.56,960,544.56,16042,0,0,0,0,0,0,0
910,1185,34658376,36850458,22353,7933,93,7955,0,0,-18,0,-18,1,1,1,960,544.56,960,544.56,15583,0,0,0,0,0,0,0
911,1186,40497291,40365000,22073,7933,93,7955,0,0,-18,0,-18,1,1,1,960,544.56,960,544.56,16083,0,0,0,0,0,0,0
912,1187,45935042,44713791,22161,7933,93,7955,0,0,-18,0,-18,1,1,1,960,544.56,960,544.56,16917,0,0,0,0,0,0,0
913,1188,50562541,51668583,22137,7933,93,7955,0,0,-18,0,-18,1,1,1,960,544.56,960,544.56,20333,0,0,0,0,0,0,0
914,1189,71384914,69296875,22125,7933,93,7955,0,0,-18,0,-18,1,1,1,960,544.56,960,544.56,28042,0,0,0,0,0,0,0
915,1190,64878500,66960000,22225,7933,96,7955,0,0,-18,0,-18,1,1,1,960,544.56,960,544.56,30417,0,0,0,0,0,0,0
916,1191,71291878,68959917,22073,7934,94,7956,0,0,-18,0,-18,1,1,1,960,544.56,960,544.56,30708,0,0,0,0,0,0,0
917,1192,67900165,69897208,22189,7933,93,7955,0,0,-18,0,-18,1,1,1,960,544.56,960,544.56,28583,0,0,0,0,0,0,0
918,1193,70475965,67112125,22725,7933,93,7955,0,0,-18,0,-18,1,1,1,960,544.56,960,544.56,28958,0,0,0,0,0,0,0
919,1194,55936537,59552750,22353,7933,93,7955,0,0,-18,0,-18,1,1,1,960,544.56,960,544.56,28417,0,0,0,0,0,0,0
920,1195,54493963,52852125,22073,7933,93,7955,0,0,-18,0,-18,1,1,1,960,544.56,960,544.56,22708,0,0,0,0,0,0,0
921,1196,45883581,47496250,22277,7933,93,7955,0,0,-18,0,-18,1,1,1,960,544.56,960,544.56,21583,0,0,0,0,0,0,0
922,1197,48332668,48373958,22073,7933,93,7955,0,0,-18,0,-18,1,1,1,960,544.56,960,544.56,20375,0,0,0,0,0,0,0
923,1198,48834793,47307333,22073,7933,96,7955,0,0,-18,0,-18,1,1,1,960,544.56,960,544.56,19791,0,0,0,0,0,0,0
924,1199,47616165,48981875,22137,7933,93,7955,0,0,-18,0,-18,1,1,1,960,544.56,960,544.56,18958,0,0,0,0,0,0,0
925,1200,45985545,46054792,22161,7933,93,7955,0,0,-18,0,-18,1,1,1,960,544.56,960,544.56,18917,0,0,0,0,0,0,0
926,1201,52077330,49961583,22125,7933,93,7955,0,0,-18,0,-18,1,1,1,960,544.56,960,544.56,22250,0,0,0,0,0,0,0
927,1202,54374750,56337208,22137,7933,93,7955,0,0,-18,0,-18,1,1,1,960,544.56,960,544.56,23250,0,0,0,0,0,0,0
928,1203,70160001,66563417,22725,7933,93,7955,0,0,-18,0,-18,1,1,1,960,544.56,960,544.56,23125,0,0,0,0,0,0,0
929,1204,66322579,69790916,22353,7933,93,7955,0,0,-18,0,-18,1,1,1,960,544.56,960,544.56,31125,0,0,0,0,0,0,0
930,1205,72535581,69985584,22125,7933,93,7955,0,0,-18,0,-18,1,1,1,960,544.56,960,544.56,29541,0,0,0,0,0,0,0
931,1206,72204254,74580333,22225,7934,94,7956,0,0,-18,0,-18,1,1,1,960,544.56,960,544.56,31875,0,0,0,0,0,0,0
932,1207,65440334,63706958,22073,7933,96,7955,0,0,-18,0,-18,1,1,1,960,544.56,960,544.56,28792,0,0,0,0,0,0,0
933,1208,53921166,55740042,22189,7933,93,7955,0,0,-18,0,-18,1,1,1,960,544.56,960,544.56,23041,0,0,0,0,0,0,0
934,1209,53684461,52414625,22161,7933,93,7955,0,0,-18,0,-18,1,1,1,960,544.56,960,544.56,22875,0,0,0,0,0,0,0
935,1210,45033752,46332375,22137,7933,93,7955,0,0,-18,0,-18,1,1,1,960,544.56,960,544.56,18792,0,0,0,0,0,0,0
936,1211,48385117,47021416,22637,7933,93,7955,0,0,-18,0,-18,1,1,1,960,544.56,960,544.56,19417,0,0,0,0,0,0,0
937,1212,46182587,46150042,22341,7933,93,7955,0,0,-18,0,-18,1,1,1,960,544.56,960,544.56,19125,0,0,0,0,0,0,0
938,1213,45450333,46852833,22225,7933,93,7955,0,0,-18,0,-18,1,1,1,960,544.56,960,544.56,20875,0,0,0,0,0,0,0
939,1214,46814251,46830833,22073,7933,93,7955,0,0,-18,0,-18,1,1,1,960,544.56,960,544.56,22292,0,0,0,0,0,0,0
940,1215,49836706,48189292,22073,7933,93,7955,0,0,-18,0,-18,1,1,1,960,544.56,960,544.56,18833,0,0,0,0,0,0,0
941,1216,56504961,57932833,22137,7933,93,7955,0,0,-18,0,-18,1,1,1,960,544.56,960,544.56,21083,0,0,0,0,0,0,0
942,1217,56195288,54737917,22213,7933,96,7955,0,0,-18,0,-18,1,1,1,960,544.56,960,544.56,23417,0,0,0,0,0,0,0
943,1218,52965249,54498458,22137,7933,93,7955,0,0,-18,0,-18,1,1,1,960,544.56,960,544.56,22375,0,0,0,0,0,0,0
944,1219,56717168,54666834,22073,7933,93,7955,0,0,-18,0,-18,1,1,1,960,544.56,960,544.56,23292,0,0,0,0,0,0,0
945,1220,55757872,55653291,22789,7933,93,7955,0,0,-18,0,-18,1,1,1,960,544.56,960,544.56,23834,0,0,0,0,0,0,0
946,1221,53980585,54210333,22341,7934,94,7956,0,0,-18,0,-18,1,1,1,960,544.56,960,544.56,22916,0,0,0,0,0,0,0
947,1222,51830582,53600000,22137,7933,93,7955,0,0,-18,0,-18,1,1,1,960,544.56,960,544.56,23042,0,0,0,0,0,0,0
948,1223,56995414,54892416,22161,7933,93,7955,0,0,-18,0,-18,1,1,1,960,544.56,960,544.56,23334,0,0,0,0,0,0,0
949,1224,47014463,49058000,22137,7933,93,7955,0,0,-18,0,-18,1,1,1,960,544.56,960,544.56,23750,0,0,0,0,0,0,0
950,1225,50010956,50037500,22125,7933,93,7955,0,0,-18,0,-18,1,1,1,960,544.56,960,544.56,20541,0,0,0,0,0,0,0
951,1226,46559538,45249333,22161,7933,96,7955,0,0,-18,0,-18,1,1,1,960,544.56,960,544.56,19042,0,0,0,0,0,0,0
952,1227,46479877,47650583,22137,7933,93,7955,0,0,-18,0,-18,1,1,1,960,544.56,960,544.56,22292,0,0,0,0,0,0,0
953,1228,51267750,51411792,22073,7933,93,7955,0,0,-18,0,-18,1,1,1,960,544.56,960,544.56,24916,0,0,0,0,0,0,0
954,1229,51998462,50574667,22073,7933,93,7955,0,0,-18,0,-18,1,1,1,960,544.56,960,544.56,19209,0,0,0,0,0,0,0
955,1230,49545876,49582625,22841,7933,93,7955,0,0,-18,0,-18,1,1,1,960,544.56,960,544.56,20542,0,0,0,0,0,0,0
956,1231,45240249,46575459,22289,7933,93,7955,0,0,-18,0,-18,1,1,1,960,544.56,960,544.56,23792,0,0,0,0,0,0,0
957,1232,46414036,44901958,22073,7933,93,7955,0,0,-18,0,-18,1,1,1,960,544.56,960,544.56,18917,0,0,0,0,0,0,0
958,1233,45938916,47307542,22137,7933,93,7955,0,0,-18,0,-18,1,1,1,960,544.56,960,544.56,19333,0,0,0,0,0,0,0
959,1234,51123540,51047333,22161,7933,93,7955,0,0,-18,0,-18,1,1,1,960,544.56,960,544.56,19167,0,0,0,0,0,0,0
960,1235,58764334,57318500,22125,7933,93,7955,0,0,-18,0,-18,1,1,1,960,544.56,960,544.56,23625,0,0,0,0,0,0,0
961,1236,51454711,52885583,22137,7934,97,7956,0,0,-18,0,-18,1,1,1,960,544.56,960,544.56,21958,0,0,0,0,0,0,0
962,1237,51752537,50547250,22161,7933,93,7955,0,0,-18,0,-18,1,1,1,960,544.56,960,544.56,25958,0,0,0,0,0,0,0
963,1238,42867708,44179708,22137,7933,93,7955,0,0,-18,0,-18,1,1,1,960,544.56,960,544.56,18500,0,0,0,0,0,0,0
964,1239,43935500,43874917,22125,7933,93,7955,0,0,-18,0,-18,1,1,1,960,544.56,960,544.56,19584,0,0,0,0,0,0,0
965,1240,45920498,44581583,22073,7933,93,7955,0,0,-18,0,-18,1,1,1,960,544.56,960,544.56,19916,0,0,0,0,0,0,0
966,1241,43458625,43638041,22789,7933,93,7955,0,0,-18,0,-18,1,1,1,960,544.56,960,544.56,18542,0,0,0,0,0,0,0
967,1242,37306334,38503625,22289,7933,93,7955,0,0,-18,0,-18,1,1,1,960,544.56,960,544.56,15500,0,0,0,0,0,0,0
968,1243,39424374,38185375,22073,7933,93,7955,0,0,-18,0,-18,1,1,1,960,544.56,960,544.56,15667,0,0,0,0,0,0,0
969,1244,35274915,36446500,22189,7933,93,7955,0,0,-18,0,-18,1,1,1,960,544.56,960,544.56,16000,0,0,0,0,0,0,0
970,1245,33549830,33560291,22161,7933,93,7955,0,0,-18,0,-18,1,1,1,960,544.56,960,544.56,15625,0,0,0,0,0,0,0
971,1246,37810381,36753667,22073,7933,93,7955,0,0,-18,0,-18,1,1,1,960,544.56,960,544.56,16500,0,0,0,0,0,0,0
972,1247,32641623,33679917,22137,7933,96,7955,0,0,-18,0,-18,1,1,1,960,544.56,960,544.56,14792,0,0,0,0,0,0,0
973,1248,33319126,33332250,22073,7933,93,7955,0,0,-18,0,-18,1,1,1,960,544.56,960,544.56,14917,0,0,0,0,0,0,0
974,1249,34919705,33738583,22073,7933,93,7955,0,0,-18,0,-18,1,1,1,960,544.56,960,544.56,14792,0,0,0,0,0,0,0
975,1250,32585039,33744792,22277,7933,93,7955,0,0,-18,0,-18,1,1,1,960,544.56,960,544.56,14791,0,0,0,0,0,0,0
976,1251,35518996,35463792,22073,7934,94,7956,0,0,-18,0,-18,1,1,1,960,544.56,960,544.56,15417,0,0,0,0,0,0,0
977,1252,37431128,36367250,22073,7933,93,7955,0,0,-18,0,-18,1,1,1,960,544.56,960,544.56,15458,0,0,0,0,0,0,0
978,1253,36347456,37395917,22137,7933,93,7955,0,0,-18,0,-18,1,1,1,960,544.56,960,544.56,14000,0,0,0,0,0,0,0
979,1254,39487995,37737000,22073,7933,93,7955,0,0,-18,0,-18,1,1,1,960,544.56,960,544.56,19417,0,0,0,0,0,0,0
980,1255,41450042,41812375,22941,7933,93,7955,0,0,-18,0,-18,1,1,1,960,544.56,960,544.56,17042,0,0,0,0,0,0,0
981,1256,43690666,44921250,22189,7933,93,7955,0,0,-18,0,-18,1,1,1,960,544.56,960,544.56,16709,0,0,0,0,0,0,0
982,1257,53272001,53062750,22073,7933,93,7955,0,0,-18,0,-18,1,1,1,960,544.56,960,544.56,18750,0,0,0,0,0,0,0
983,1258,68286955,66219500,22073,7933,93,7955,0,0,-18,0,-18,1,1,1,960,544.56,960,544.56,29167,0,0,0,0,0,0,0
984,1259,85706375,87665167,22225,7933,93,7955,0,0,-18,0,-18,1,1,1,960,544.56,960,544.56,21375,0,0,0,0,0,0,0
985,1260,93262836,87047833,22125,7933,96,7955,0,0,-18,0,-18,1,1,1,960,544.56,960,544.56,20500,0,0,0,0,0,0,0
986,1261,64632870,70670667,22225,7933,93,7955,0,0,-18,0,-18,1,1,1,960,544.56,960,544.56,20041,0,0,0,0,0,0,0
987,1262,76388418,72795125,22637,7933,93,7955,0,0,-18,0,-18,1,1,1,960,544.56,960,544.56,67250,0,0,0,0,0,0,0
988,1263,66755540,69793167,22405,7933,93,7955,0,0,-18,0,-18,1,1,1,960,544.56,960,544.56,29208,0,0,0,0,0,0,0
989,1264,70914164,69398875,22161,7933,93,7955,0,0,-18,0,-18,1,1,1,960,544.56,960,544.56,29167,0,0,0,0,0,0,0
990,1265,66876746,69036000,22137,7933,93,7955,0,0,-18,0,-18,1,1,1,960,544.56,960,544.56,31667,0,0,0,0,0,0,0
991,1266,74400953,72062041,22125,7934,94,7956,0,0,-18,0,-18,1,1,1,960,544.56,960,544.56,30625,0,0,0,0,0,0,0
992,1267,58743629,61009334,22225,7933,96,7955,0,0,-18,0,-18,1,1,1,960,544.56,960,544.56,33542,0,0,0,0,0,0,0
993,1268,56727290,55275458,22073,7933,93,7955,0,0,-18,0,-18,1,1,1,960,544.56,960,544.56,24584,0,0,0,0,0,0,0
994,1269,52464790,53898833,22137,7933,93,7955,0,0,-18,0,-18,1,1,1,960,544.56,960,544.56,22500,0,0,0,0,0,0,0
995,1270,58834254,55776208,22777,7933,93,7955,0,0,-18,0,-18,1,1,1,960,544.56,960,544.56,25667,0,0,0,0,0,0,0
996,1271,53077287,56064500,22353,7933,93,7955,0,0,-18,0,-18,1,1,1,960,544.56,960,544.56,23583,0,0,0,0,0,0,0
997,1272,48568587,47271208,22073,7933,93,7955,0,0,-18,0,-18,1,1,1,960,544.56,960,544.56,22917,0,0,0,0,0,0,0
998,1273,42337954,43743250,22225,7933,93,7955,0,0,-18,0,-18,1,1,1,960,544.56,960,544.56,19042,0,0,0,0,0,0,0
999,1274,43966211,44019875,22125,7933,93,7955,0,0,-18,0,-18,1,1,1,960,544.56,960,544.56,19041,0,0,0,0,0,0,0
1000,1275,43524291,42323750,22073,7933,93,7955,0,0,-18,0,-18,1,1,1,960,544.56,960,544.56,18750,0,0,0,0,0,0,0
1001,1276,37844955,38942709,22137,7933,96,7955,0,0,-18,0,-18,1,1,1,960,544.56,960,544.56,16625,0,0,0,0,0,0,0
1002,1277,36277748,36335750,22161,7933,93,7955,0,0,-18,0,-18,1,1,1,960,544.56,960,544.56,17333,0,0,0,0,0,0,0
1003,1278,34936040,33857833,22073,7933,93,7955,0,0,-18,0,-18,1,1,1,960,544.56,960,544.56,14875,0,0,0,0,0,0,0
1004,1279,34072209,35106750,22137,7933,93,7955,0,0,-18,0,-18,1,1,1,960,544.56,960,544.56,15250,0,0,0,0,0,0,0
1005,1280,36062583,36090125,22125,7933,93,7955,0,0,-18,0,-18,1,1,1,960,544.56,960,544.56,15583,0,0,0,0,0,0,0
1006,1281,40002588,38223625,22073,7934,94,7956,0,0,-18,0,-18,1,1,1,960,544.56,960,544.56,15458,0,0,0,0,0,0,0
1007,1282,38708914,39266625,22789,7933,93,7955,0,0,-18,0,-18,1,1,1,960,544.56,960,544.56,15333,0,0,0,0,0,0,0
1008,1283,39855875,40970084,22289,7933,93,7955,0,0,-18,0,-18,1,1,1,960,544.56,960,544.56,15417,0,0,0,0,0,0,0
1009,1284,46381957,45005334,22073,7933,93,7955,0,0,-18,0,-18,1,1,1,960,544.56,960,544.56,17042,0,0,0,0,0,0,0
1010,1285,44745668,45898209,22137,7933,93,7955,0,0,-18,0,-18,1,1,1,960,544.56,960,544.56,18833,0,0,0,0,0,0,0
1011,1286,61195790,58791500,22213,7933,93,7955,0,0,-18,0,-18,1,1,1,960,544.56,960,544.56,23208,0,0,0,0,0,0,0
1012,1287,69749414,71969000,22137,7933,93,7955,0,0,-18,0,-18,1,1,1,960,544.56,960,544.56,28667,0,0,0,0,0,0,0
1013,1288,74401125,72415000,22073,7933,96,7955,0,0,-18,0,-18,1,1,1,960,544.56,960,544.56,28875,0,0,0,0,0,0,0
1014,1289,65913125,67964625,22277,7933,93,7955,0,0,-18,0,-18,1,1,1,960,544.56,960,544.56,18625,0,0,0,0,0,0,0
1015,1290,73436759,71214333,22073,7933,93,7955,0,0,-18,0,-18,1,1,1,960,544.56,960,544.56,29000,0,0,0,0,0,0,0
1016,1291,69159537,69166917,22701,7933,93,7955,0,0,-18,0,-18,1,1,1,960,544.56,960,544.56,28500,0,0,0,0,0,0,0
1017,1292,59728704,60332083,22429,7933,93,7955,0,0,-18,0,-18,1,1,1,960,544.56,960,544.56,28167,0,0,0,0,0,0,0
1018,1293,54000213,55586875,22137,7933,93,7955,0,0,-18,0,-18,1,1,1,960,544.56,960,544.56,22041,0,0,0,0,0,0,0
1019,1294,57919543,56294500,22073,7933,93,7955,0,0,-18,0,-18,1,1,1,960,544.56,960,544.56,23041,0,0,0,0,0,0,0
1020,1295,48068914,49628209,22225,7933,96,7955,0,0,-18,0,-18,1,1,1,960,544.56,960,544.56,22375,0,0,0,0,0,0,0
1021,1296,53509246,52016833,22125,7934,94,7956,0,0,-18,0,-18,1,1,1,960,544.56,960,544.56,22542,0,0,0,0,0,0,0
1022,1297,50173796,51644542,22137,7933,93,7955,0,0,-18,0,-18,1,1,1,960,544.56,960,544.56,25291,0,0,0,0,0,0,0
1023,1298,50958041,49699834,22161,7933,93,7955,0,0,-18,0,-18,1,1,1,960,544.56,960,544.56,19292,0,0,0,0,0,0,0
1024,1299,53180165,54409333,22137,7933,93,7955,0,0,-18,0,-18,1,1,1,960,544.56,960,544.56,22917,0,0,0,0,0,0,0
1025,1300,58716788,55359375,22689,7933,93,7955,0,0,-18,0,-18,1,1,1,960,544.56,960,544.56,23167,0,0,0,0,0,0,0
1026,1301,53602587,56548792,22441,7933,93,7955,0,0,-18,0,-18,1,1,1,960,544.56,960,544.56,22667,0,0,0,0,0,0,0
1027,1302,66007584,64387708,22073,7933,93,7955,0,0,-18,0,-18,1,1,1,960,544.56,960,544.56,26541,0,0,0,0,0,0,0
1028,1303,64499840,66263959,22137,7933,93,7955,0,0,-18,0,-18,1,1,1,960,544.56,960,544.56,30292,0,0,0,0,0,0,0
1029,1304,67839585,66438875,22213,7933,93,7955,0,0,-18,0,-18,1,1,1,960,544.56,960,544.56,29083,0,0,0,0,0,0,0
1030,1305,57737790,59176291,22137,7933,96,7955,0,0,-18,0,-18,1,1,1,960,544.56,960,544.56,28459,0,0,0,0,0,0,0
1031,1306,56935127,55068666,22073,7933,93,7955,0,0,-18,0,-18,1,1,1,960,544.56,960,544.56,22708,0,0,0,0,0,0,0
1032,1307,51194202,53115917,22225,7933,93,7955,0,0,-18,0,-18,1,1,1,960,544.56,960,544.56,22750,0,0,0,0,0,0,0
1033,1308,53349625,50941042,22689,7933,93,7955,0,0,-18,0,-18,1,1,1,960,544.56,960,544.56,22875,0,0,0,0,0,0,0
1034,1309,41684921,44122875,22353,7933,93,7955,0,0,-18,0,-18,1,1,1,960,544.56,960,544.56,19708,0,0,0,0,0,0,0
1035,1310,43140582,43108125,22073,7933,93,7955,0,0,-18,0,-18,1,1,1,960,544.56,960,544.56,18625,0,0,0,0,0,0,0
1036,1311,39874333,38691500,22161,7934,94,7956,0,0,-18,0,-18,1,1,1,960,544.56,960,544.56,17375,0,0,0,0,0,0,0
1037,1312,34952081,36003625,22137,7933,93,7955,0,0,-18,0,-18,1,1,1,960,544.56,960,544.56,18458,0,0,0,0,0,0,0
1038,1313,40997959,41146917,22125,7933,93,7955,0,0,-18,0,-18,1,1,1,960,544.56,960,544.56,17500,0,0,0,0,0,0,0
1039,1314,37032540,35847959,22073,7933,96,7955,0,0,-18,0,-18,1,1,1,960,544.56,960,544.56,15375,0,0,0,0,0,0,0
1040,1315,36095917,37263750,22225,7933,93,7955,0,0,-18,0,-18,1,1,1,960,544.56,960,544.56,15334,0,0,0,0,0,0,0
1041,1316,38219995,38059500,22073,7933,93,7955,0,0,-18,0,-18,1,1,1,960,544.56,960,544.56,18583,0,0,0,0,0,0,0
1042,1317,43450169,41889708,22073,7933,93,7955,0,0,-18,0,-18,1,1,1,960,544.56,960,544.56,15792,0,0,0,0,0,0,0
1043,1318,40118578,41634542,22137,7933,93,7955,0,0,-18,0,-18,1,1,1,960,544.56,960,544.56,21125,0,0,0,0,0,0,0
1044,1319,48279166,48246375,22213,7933,93,7955,0,0,-18,0,-18,1,1,1,960,544.56,960,544.56,21209,0,0,0,0,0,0,0
1045,1320,58120414,54542958,22637,7933,93,7955,0,0,-18,0,-18,1,1,1,960,544.56,960,544.56,22709,0,0,0,0,0,0,0
1046,1321,62421582,65835958,22353,7933,93,7955,0,0,-18,0,-18,1,1,1,960,544.56,960,544.56,29333,0,0,0,0,0,0,0
1047,1322,69140046,67220417,22161,7933,93,7955,0,0,-18,0,-18,1,1,1,960,544.56,960,544.56,28375,0,0,0,0,0,0,0
1048,1323,67817538,69536333,22189,7933,93,7955,0,0,-18,0,-18,1,1,1,960,544.56,960,544.56,28708,0,0,0,0,0,0,0
1049,1324,75332045,73421250,22073,7933,93,7955,0,0,-18,0,-18,1,1,1,960,544.56,960,544.56,29625,0,0,0,0,0,0,0
1050,1325,67089542,69026708,22225,7933,96,7955,0,0,-18,0,-18,1,1,1,960,544.56,960,544.56,29459,0,0,0,0,0,0,0
1051,1326,62162626,60013542,22125,7934,94,7956,0,0,-18,0,-18,1,1,1,960,544.56,960,544.56,28459,0,0,0,0,0,0,0
1052,1327,53807873,55827000,22137,7933,93,7955,0,0,-18,0,-18,1,1,1,960,544.56,960,544.56,25250,0,0,0,0,0,0,0
1053,1328,57181209,54599750,22725,7933,93,7955,0,0,-18,0,-18,1,1,1,960,544.56,960,544.56,23208,0,0,0,0,0,0,0
1054,1329,49008544,51890250,22353,7933,93,7955,0,0,-18,0,-18,1,1,1,960,544.56,960,544.56,23000,0,0,0,0,0,0,0
1055,1330,47448206,47393292,22125,7933,93,7955,0,0,-18,0,-18,1,1,1,960,544.56,960,544.56,23917,0,0,0,0,0,0,0
1056,1331,49228414,47766916,22161,7933,93,7955,0,0,-18,0,-18,1,1,1,960,544.56,960,544.56,19208,0,0,0,0,0,0,0
1057,1332,59055004,60422291,22137,7933,93,7955,0,0,-18,0,-18,1,1,1,960,544.56,960,544.56,27917,0,0,0,0,0,0,0
1058,1333,59121791,57515416,22073,7933,96,7955,0,0,-18,0,-18,1,1,1,960,544.56,960,544.56,23791,0,0,0,0,0,0,0
1059,1334,52886541,54527208,22277,7933,93,7955,0,0,-18,0,-18,1,1,1,960,544.56,960,544.56,22792,0,0,0,0,0,0,0
1060,1335,58182496,56533500,22073,7933,93,7955,0,0,-18,0,-18,1,1,1,960,544.56,960,544.56,23292,0,0,0,0,0,0,0
1061,1336,61303790,62718375,22137,7933,93,7955,0,0,-18,0,-18,1,1,1,960,544.56,960,544.56,29917,0,0,0,0,0,0,0
1062,1337,70587672,66915500,22725,7933,93,7955,0,0,-18,0,-18,1,1,1,960,544.56,960,544.56,28666,0,0,0,0,0,0,0
1063,1338,53371954,57156167,22405,7933,93,7955,0,0,-18,0,-18,1,1,1,960,544.56,960,544.56,35125,0,0,0,0,0,0,0
1064,1339,53224254,51610458,22073,7933,93,7955,0,0,-18,0,-18,1,1,1,960,544.56,960,544.56,22958,0,0,0,0,0,0,0
1065,1340,42567119,44230833,22225,7933,93,7955,0,0,-18,0,-18,1,1,1,960,544.56,960,544.56,18916,0,0,0,0,0,0,0
1066,1341,43296001,43283291,22073,7934,94,7956,0,0,-18,0,-18,1,1,1,960,544.56,960,544.56,19917,0,0,0,0,0,0,0
1067,1342,39477910,38294959,22073,7933,96,7955,0,0,-18,0,-18,1,1,1,960,544.56,960,544.56,16334,0,0,0,0,0,0,0
1068,1343,34915000,36014250,22189,7933,93,7955,0,0,-18,0,-18,1,1,1,960,544.56,960,544.56,16625,0,0,0,0,0,0,0
1069,1344,33445458,33518416,22161,7933,93,7955,0,0,-18,0,-18,1,1,1,960,544.56,960,544.56,15250,0,0,0,0,0,0,0
1070,1345,35053167,33937917,22073,7933,93,7955,0,0,-18,0,-18,1,1,1,960,544.56,960,544.56,15000,0,0,0,0,0,0,0
1071,1346,32660998,33764417,22137,7933,93,7955,0,0,-18,0,-18,1,1,1,960,544.56,960,544.56,14750,0,0,0,0,0,0,0
1072,1347,33516377,33491625,22073,7933,93,7955,0,0,-18,0,-18,1,1,1,960,544.56,960,544.56,14708,0,0,0,0,0,0,0
1073,1348,35177081,34035750,22073,7933,93,7955,0,0,-18,0,-18,1,1,1,960,544.56,960,544.56,15000,0,0,0,0,0,0,0
1074,1349,33847916,33856583,22841,7933,93,7955,0,0,-18,0,-18,1,1,1,960,544.56,960,544.56,14125,0,0,0,0,0,0,0
1075,1350,33223751,34322375,22289,7933,93,7955,0,0,-18,0,-18,1,1,1,960,544.56,960,544.56,15083,0,0,0,0,0,0,0
1076,1351,36345124,34999208,22073,7933,93,7955,0,0,-18,0,-18,1,1,1,960,544.56,960,544.56,14250,0,0,0,0,0,0,0
1077,1352,33644415,34958917,22137,7933,93,7955,0,0,-18,0,-18,1,1,1,960,544.56,960,544.56,14500,0,0,0,0,0,0,0
1078,1353,35257916,35186750,22073,7933,93,7955,0,0,-18,0,-18,1,1,1,960,544.56,960,544.56,13625,0,0,0,0,0,0,0
1079,1354,39142545,37664125,22161,7933,93,7955,0,0,-18,0,-18,1,1,1,960,544.56,960,544.56,18292,0,0,0,0,0,0,0
1080,1355,42262081,43670584,22189,7933,93,7955,0,0,-18,0,-18,1,1,1,960,544.56,960,544.56,18625,0,0,0,0,0,0,0
1081,1356,38164250,38228917,22073,7934,97,7956,0,0,-18,0,-18,1,1,1,960,544.56,960,544.56,15084,0,0,0,0,0,0,0
1082,1357,38149539,36520709,22073,7933,93,7955,0,0,-18,0,-18,1,1,1,960,544.56,960,544.56,16500,0,0,0,0,0,0,0
1083,1358,42107794,43658291,22225,7933,93,7955,0,0,-18,0,-18,1,1,1,960,544.56,960,544.56,20208,0,0,0,0,0,0,0
1084,1359,55794708,55611500,22073,7933,93,7955,0,0,-18,0,-18,1,1,1,960,544.56,960,544.56,22625,0,0,0,0,0,0,0
1085,1360,71234039,68419666,22125,7933,93,7955,0,0,-18,0,-18,1,1,1,960,544.56,960,544.56,28291,0,0,0,0,0,0,0
1086,1361,86860582,87058333,22789,7933,93,7955,0,0,-18,0,-18,1,1,1,960,544.56,960,544.56,29000,0,0,0,0,0,0,0
1087,1362,73977962,73892542,22289,7933,93,7955,0,0,-18,0,-18,1,1,1,960,544.56,960,544.56,20500,0,0,0,0,0,0,0
1088,1363,62592752,65197250,22277,7933,93,7955,0,0,-18,0,-18,1,1,1,960,544.56,960,544.56,29500,0,0,0,0,0,0,0
1089,1364,72081454,69767750,22073,7933,93,7955,0,0,-18,0,-18,1,1,1,960,544.56,960,544.56,28584,0,0,0,0,0,0,0
1090,1365,53314916,55459250,22137,7933,96,7955,0,0,-18,0,-18,1,1,1,960,544.56,960,544.56,22250,0,0,0,0,0,0,0
1091,1366,48075001,46763917,22161,7933,93,7955,0,0,-18,0,-18,1,1,1,960,544.56,960,544.56,22375,0,0,0,0,0,0,0
1092,1367,42805872,44284875,22189,7933,93,7955,0,0,-18,0,-18,1,1,1,960,544.56,960,544.56,19417,0,0,0,0,0,0,0
1093,1368,39617333,39577583,22073,7933,93,7955,0,0,-18,0,-18,1,1,1,960,544.56,960,544.56,17250,0,0,0,0,0,0,0
1094,1369,43447379,41181209,22637,7933,93,7955,0,0,-18,0,-18,1,1,1,960,544.56,960,544.56,20125,0,0,0,0,0,0,0
1095,1370,40308419,42535958,22441,7933,93,7955,0,0,-18,0,-18,1,1,1,960,544.56,960,544.56,17208,0,0,0,0,0,0,0
1096,1371,43831873,43881959,22073,7934,94,7956,0,0,-18,0,-18,1,1,1,960,544.56,960,544.56,20250,0,0,0,0,0,0,0
1097,1372,47105710,45769417,22125,7933,93,7955,0,0,-18,0,-18,1,1,1,960,544.56,960,544.56,16791,0,0,0,0,0,0,0
1098,1373,44820662,45997208,22137,7933,93,7955,0,0,-18,0,-18,1,1,1,960,544.56,960,544.56,18792,0,0,0,0,0,0,0
1099,1374,47306455,47293000,22161,7933,93,7955,0,0,-18,0,-18,1,1,1,960,544.56,960,544.56,19834,0,0,0,0,0,0,0
1100,1375,49507711,47362459,22073,7933,96,7955,0,0,-18,0,-18,1,1,1,960,544.56,960,544.56,20291,0,0,0,0,0,0,0
1101,1376,53324751,55289500,22137,7933,93,7955,0,0,-18,0,-18,1,1,1,960,544.56,960,544.56,23667,0,0,0,0,0,0,0
1102,1377,55946625,54579834,22213,7933,93,7955,0,0,-18,0,-18,1,1,1,960,544.56,960,544.56,23292,0,0,0,0,0,0,0
1103,1378,55308870,56677167,22137,7933,93,7955,0,0,-18,0,-18,1,1,1,960,544.56,960,544.56,22583,0,0,0,0,0,0,0
1104,1379,67325331,63434083,22637,7933,93,7955,0,0,-18,0,-18,1,1,1,960,544.56,960,544.56,33375,0,0,0,0,0,0,0
1105,1380,53058955,56994000,22441,7933,93,7955,0,0,-18,0,-18,1,1,1,960,544.56,960,544.56,28083,0,0,0,0,0,0,0
1106,1381,51384877,50050209,22125,7933,93,7955,0,0,-18,0,-18,1,1,1,960,544.56,960,544.56,23583,0,0,0,0,0,0,0
1107,1382,42190250,43360042,22137,7933,93,7955,0,0,-18,0,-18,1,1,1,960,544.56,960,544.56,19041,0,0,0,0,0,0,0
1108,1383,40950622,41086625,22073,7933,93,7955,0,0,-18,0,-18,1,1,1,960,544.56,960,544.56,21458,0,0,0,0,0,0,0
1109,1384,40882248,39909833,22161,7933,93,7955,0,0,-18,0,-18,1,1,1,960,544.56,960,544.56,17250,0,0,0,0,0,0,0
1110,1385,33117502,34151583,22137,7933,96,7955,0,0,-18,0,-18,1,1,1,960,544.56,960,544.56,14291,0,0,0,0,0,0,0
1111,1386,34406498,34432459,22125,7934,94,7956,0,0,-18,0,-18,1,1,1,960,544.56,960,544.56,14959,0,0,0,0,0,0,0
1112,1387,36850914,35739416,22073,7933,93,7955,0,0,-18,0,-18,1,1,1,960,544.56,960,544.56,15209,0,0,0,0,0,0,0
1113,1388,34455582,35452416,22137,7933,93,7955,0,0,-18,0,-18,1,1,1,960,544.56,960,544.56,17792,0,0,0,0,0,0,0
1114,1389,39413958,39325583,22161,7933,93,7955,0,0,-18,0,-18,1,1,1,960,544.56,960,544.56,14958,0,0,0,0,0,0,0
1115,1390,37309043,35771333,22073,7933,93,7955,0,0,-18,0,-18,1,1,1,960,544.56,960,544.56,15541,0,0,0,0,0,0,0
1116,1391,35079583,36665708,22137,7933,93,7955,0,0,-18,0,-18,1,1,1,960,544.56,960,544.56,14959,0,0,0,0,0,0,0
1117,1392,39645209,38236666,22689,7933,93,7955,0,0,-18,0,-18,1,1,1,960,544.56,960,544.56,18500,0,0,0,0,0,0,0
1118,1393,40481872,40673750,22377,7933,93,7955,0,0,-18,0,-18,1,1,1,960,544.56,960,544.56,18375,0,0,0,0,0,0,0
1119,1394,41648752,42669792,22137,7933,93,7955,0,0,-18,0,-18,1,1,1,960,544.56,960,544.56,16583,0,0,0,0,0,0,0
1120,1395,55057872,54847417,22073,7933,93,7955,0,0,-18,0,-18,1,1,1,960,544.56,960,544.56,19083,0,0,0,0,0,0,0
1121,1396,71002498,69108000,22073,7933,93,7955,0,0,-18,0,-18,1,1,1,960,544.56,960,544.56,28875,0,0,0,0,0,0,0
1122,1397,74462041,76247500,22277,7933,93,7955,0,0,-18,0,-18,1,1,1,960,544.56,960,544.56,33542,0,0,0,0,0,0,0
1123,1398,70352286,67387666,22073,7933,96,7955,0,0,-18,0,-18,1,1,1,960,544.56,960,544.56,20459,0,0,0,0,0,0,0
1124,1399,66826038,69687917,22137,7933,93,7955,0,0,-18,0,-18,1,1,1,960,544.56,960,544.56,20000,0,0,0,0,0,0,0
1125,1400,74040330,70580375,22777,7933,93,7955,0,0,-18,0,-18,1,1,1,960,544.56,960,544.56,28917,0,0,0,0,0,0,0
1126,1401,64617998,68228875,22353,7934,94,7956,0,0,-18,0,-18,1,1,1,960,544.56,960,544.56,33000,0,0,0,0,0,0,0
1127,1402,60665376,59013666,22073,7933,93,7955,0,0,-18,0,-18,1,1,1,960,544.56,960,544.56,31167,0,0,0,0,0,0,0
1128,1403,53744833,55255083,22225,7933,93,7955,0,0,-18,0,-18,1,1,1,960,544.56,960,544.56,24333,0,0,0,0,0,0,0
1129,1404,57105455,55934708,22125,7933,93,7955,0,0,-18,0,-18,1,1,1,960,544.56,960,544.56,23500,0,0,0,0,0,0,0
1130,1405,48716042,49978000,22137,7933,96,7955,0,0,-18,0,-18,1,1,1,960,544.56,960,544.56,20917,0,0,0,0,0,0,0
1131,1406,45606829,45713833,22161,7933,93,7955,0,0,-18,0,-18,1,1,1,960,544.56,960,544.56,19417,0,0,0,0,0,0,0
1132,1407,48969920,47222750,22073,7933,93,7955,0,0,-18,0,-18,1,1,1,960,544.56,960,544.56,18625,0,0,0,0,0,0,0
1133,1408,45123625,46801916,22137,7933,93,7955,0,0,-18,0,-18,1,1,1,960,544.56,960,544.56,19916,0,0,0,0,0,0,0
1134,1409,57494372,54447166,22689,7933,93,7955,0,0,-18,0,-18,1,1,1,960,544.56,960,544.56,19708,0,0,0,0,0,0,0
1135,1410,51382042,54330333,22441,7933,93,7955,0,0,-18,0,-18,1,1,1,960,544.56,960,544.56,23000,0,0,0,0,0,0,0
1136,1411,59848666,57727875,22073,7933,93,7955,0,0,-18,0,-18,1,1,1,960,544.56,960,544.56,23375,0,0,0,0,0,0,0
1137,1412,64300164,66157458,22137,7933,93,7955,0,0,-18,0,-18,1,1,1,960,544.56,960,544.56,22042,0,0,0,0,0,0,0
1138,1413,68374708,66526416,22213,7933,93,7955,0,0,-18,0,-18,1,1,1,960,544.56,960,544.56,29750,0,0,0,0,0,0,0
1139,1414,60562208,62574458,22137,7933,96,7955,0,0,-18,0,-18,1,1,1,960,544.56,960,544.56,28750,0,0,0,0,0,0,0
1140,1415,58623455,56677208,22073,7933,93,7955,0,0,-18,0,-18,1,1,1,960,544.56,960,544.56,24584,0,0,0,0,0,0,0
1141,1416,53617961,55504708,22225,7934,94,7956,0,0,-18,0,-18,1,1,1,960,544.56,960,544.56,23125,0,0,0,0,0,0,0
1142,1417,54959911,53419791,22125,7933,93,7955,0,0,-18,0,-18,1,1,1,960,544.56,960,544.56,26375,0,0,0,0,0,0,0
1143,1418,52525289,52324833,22701,7933,93,7955,0,0,-18,0,-18,1,1,1,960,544.56,960,544.56,24625,0,0,0,0,0,0,0
1144,1419,48957623,49316625,22377,7933,93,7955,0,0,-18,0,-18,1,1,1,960,544.56,960,544.56,23416,0,0,0,0,0,0,0
1145,1420,42020756,43442500,22137,7933,93,7955,0,0,-18,0,-18,1,1,1,960,544.56,960,544.56,21875,0,0,0,0,0,0,0
1146,1421,38620952,38391667,22073,7933,93,7955,0,0,-18,0,-18,1,1,1,960,544.56,960,544.56,16667,0,0,0,0,0,0,0
1147,1422,38494627,37530875,22125,7933,93,7955,0,0,-18,0,-18,1,1,1,960,544.56,960,544.56,17000,0,0,0,0,0,0,0
1148,1423,36665163,37846708,22225,7933,93,7955,0,0,-18,0,-18,1,1,1,960,544.56,960,544.56,15583,0,0,0,0,0,0,0
1149,1424,33838875,33794791,22073,7933,96,7955,0,0,-18,0,-18,1,1,1,960,544.56,960,544.56,14666,0,0,0,0,0,0,0
1150,1425,34815751,33749958,22073,7933,93,7955,0,0,-18,0,-18,1,1,1,960,544.56,960,544.56,14042,0,0,0,0,0,0,0
1151,1426,34157000,35169250,22137,7933,93,7955,0,0,-18,0,-18,1,1,1,960,544.56,960,544.56,14875,0,0,0,0,0,0,0
1152,1427,35762287,35656750,22073,7933,93,7955,0,0,-18,0,-18,1,1,1,960,544.56,960,544.56,14959,0,0,0,0,0,0,0
1153,1428,37158247,36210666,22213,7933,93,7955,0,0,-18,0,-18,1,1,1,960,544.56,960,544.56,14625,0,0,0,0,0,0,0
1154,1429,35326253,36255916,22137,7933,93,7955,0,0,-18,0,-18,1,1,1,960,544.56,960,544.56,18958,0,0,0,0,0,0,0
1155,1430,38063123,37956167,22073,7933,93,7955,0,0,-18,0,-18,1,1,1,960,544.56,960,544.56,15875,0,0,0,0,0,0,0
1156,1431,40573626,38747875,22637,7934,94,7956,0,0,-18,0,-18,1,1,1,960,544.56,960,544.56,16125,0,0,0,0,0,0,0
1157,1432,35919040,37910875,22441,7933,93,7955,0,0,-18,0,-18,1,1,1,960,544.56,960,544.56,14916,0,0,0,0,0,0,0
1158,1433,39037790,38772333,22073,7933,93,7955,0,0,-18,0,-18,1,1,1,960,544.56,960,544.56,67750,0,0,0,0,0,0,0
1159,1434,44510375,43247125,22125,7933,93,7955,0,0,-18,0,-18,1,1,1,960,544.56,960,544.56,19250,0,0,0,0,0,0,0
1160,1435,54491631,55666959,22137,7933,93,7955,0,0,-18,0,-18,1,1,1,960,544.56,960,544.56,22208,0,0,0,0,0,0,0
1161,1436,73826782,72002791,22161,7933,93,7955,0,0,-18,0,-18,1,1,1,960,544.56,960,544.56,28875,0,0,0,0,0,0,0
1162,1437,84112048,85700500,22137,7933,96,7955,0,0,-18,0,-18,1,1,1,960,544.56,960,544.56,31084,0,0,0,0,0,0,0
1163,1438,77338121,74708625,22213,7933,93,7955,0,0,-18,0,-18,1,1,1,960,544.56,960,544.56,20375,0,0,0,0,0,0,0
1164,1439,64753502,67371250,22137,7933,93,7955,0,0,-18,0,-18,1,1,1,960,544.56,960,544.56,28750,0,0,0,0,0,0,0
1165,1440,71271583,67634875,22637,7933,93,7955,0,0,-18,0,-18,1,1,1,960,544.56,960,544.56,28667,0,0,0,0,0,0,0
1166,1441,64141996,67896958,22493,7933,93,7955,0,0,-18,0,-18,1,1,1,960,544.56,960,544.56,28041,0,0,0,0,0,0,0
1167,1442,57492751,56029709,22073,7933,93,7955,0,0,-18,0,-18,1,1,1,960,544.56,960,544.56,23292,0,0,0,0,0,0,0
1168,1443,56727081,58159791,22137,7933,93,7955,0,0,-18,0,-18,1,1,1,960,544.56,960,544.56,28417,0,0,0,0,0,0,0
1169,1444,50639208,49201125,22161,7933,96,7955,0,0,-18,0,-18,1,1,1,960,544.56,960,544.56,23375,0,0,0,0,0,0,0
1170,1445,45396540,46934625,22189,7933,93,7955,0,0,-18,0,-18,1,1,1,960,544.56,960,544.56,20833,0,0,0,0,0,0,0
1171,1446,46257704,46251250,22073,7934,94,7956,0,0,-18,0,-18,1,1,1,960,544.56,960,544.56,19167,0,0,0,0,0,0,0
1172,1447,47797378,46224167,22073,7933,93,7955,0,0,-18,0,-18,1,1,1,960,544.56,960,544.56,18458,0,0,0,0,0,0,0
1173,1448,49026999,50521209,22225,7933,93,7955,0,0,-18,0,-18,1,1,1,960,544.56,960,544.56,18750,0,0,0,0,0,0,0
1174,1449,56740045,53306584,22637,7933,93,7955,0,0,-18,0,-18,1,1,1,960,544.56,960,544.56,22209,0,0,0,0,0,0,0
1175,1450,52508998,55809333,22405,7933,93,7955,0,0,-18,0,-18,1,1,1,960,544.56,960,544.56,23334,0,0,0,0,0,0,0
1176,1451,53881209,52356667,22161,7933,93,7955,0,0,-18,0,-18,1,1,1,960,544.56,960,544.56,23083,0,0,0,0,0,0,0
1177,1452,43751623,45389583,22137,7933,93,7955,0,0,-18,0,-18,1,1,1,960,544.56,960,544.56,22416,0,0,0,0,0,0,0
1178,1453,45799590,45776792,22073,7933,93,7955,0,0,-18,0,-18,1,1,1,960,544.56,960,544.56,19500,0,0,0,0,0,0,0
1179,1454,44394332,43171500,22073,7933,96,7955,0,0,-18,0,-18,1,1,1,960,544.56,960,544.56,18959,0,0,0,0,0,0,0
1180,1455,37185791,38395584,22277,7933,93,7955,0,0,-18,0,-18,1,1,1,960,544.56,960,544.56,16209,0,0,0,0,0,0,0
1181,1456,37433207,37451833,22073,7933,93,7955,0,0,-18,0,-18,1,1,1,960,544.56,960,544.56,16916,0,0,0,0,0,0,0
1182,1457,37129335,35964958,22073,7933,93,7955,0,0,-18,0,-18,1,1,1,960,544.56,960,544.56,16667,0,0,0,0,0,0,0
1183,1458,32681122,33812875,22137,7933,93,7955,0,0,-18,0,-18,1,1,1,960,544.56,960,544.56,15459,0,0,0,0,0,0,0
1184,1459,34005958,33933083,22073,7933,93,7955,0,0,-18,0,-18,1,1,1,960,544.56,960,544.56,14834,0,0,0,0,0,0,0
1185,1460,35171292,34073542,22161,7933,93,7955,0,0,-18,0,-18,1,1,1,960,544.56,960,544.56,15917,0,0,0,0,0,0,0
1186,1461,33375121,33396042,22753,7934,94,7956,0,0,-18,0,-18,1,1,1,960,544.56,960,544.56,14625,0,0,0,0,0,0,0
1187,1462,32460834,33562542,22289,7933,93,7955,0,0,-18,0,-18,1,1,1,960,544.56,960,544.56,14166,0,0,0,0,0,0,0
1188,1463,34450665,33338834,22073,7933,93,7955,0,0,-18,0,-18,1,1,1,960,544.56,960,544.56,14958,0,0,0,0,0,0,0
1189,1464,32230831,33265333,22137,7933,93,7955,0,0,-18,0,-18,1,1,1,960,544.56,960,544.56,14542,0,0,0,0,0,0,0
1190,1465,33463839,33310208,22161,7933,93,7955,0,0,-18,0,-18,1,1,1,960,544.56,960,544.56,14459,0,0,0,0,0,0,0
1191,1466,34332830,33438166,22073,7933,93,7955,0,0,-18,0,-18,1,1,1,960,544.56,960,544.56,14167,0,0,0,0,0,0,0
1192,1467,35544287,36567292,22189,7933,93,7955,0,0,-18,0,-18,1,1,1,960,544.56,960,544.56,15250,0,0,0,0,0,0,0
1193,1468,33399794,33410792,22073,7933,96,7955,0,0,-18,0,-18,1,1,1,960,544.56,960,544.56,14375,0,0,0,0,0,0,0
1194,1469,34881744,33732625,22073,7933,93,7955,0,0,-18,0,-18,1,1,1,960,544.56,960,544.56,14083,0,0,0,0,0,0,0
1195,1470,32644424,33772834,22225,7933,93,7955,0,0,-18,0,-18,1,1,1,960,544.56,960,544.56,14292,0,0,0,0,0,0,0
1196,1471,33239036,33196958,22073,7933,93,7955,0,0,-18,0,-18,1,1,1,960,544.56,960,544.56,14416,0,0,0,0,0,0,0
1197,1472,34816913,33688583,22073,7933,93,7955,0,0,-18,0,-18,1,1,1,960,544.56,960,544.56,14417,0,0,0,0,0,0,0
1198,1473,31898334,33023083,22189,7933,93,7955,0,0,-18,0,-18,1,1,1,960,544.56,960,544.56,14333,0,0,0,0,0,0,0
1199,1474,31256839,31144042,22073,7933,93,7955,0,0,-18,0,-18,1,1,1,960,544.56,960,544.56,13083,0,0,0,0,0,0,0
1200,1475,36589790,35547833,22725,7933,93,7955,0,0,-18,0,-18,1,1,1,960,544.56,960,544.56,12834,0,0,0,0,0,0,0
1201,1476,36920662,36774958,22289,7934,94,7956,0,0,-18,0,-18,1,1,1,960,544.56,960,544.56,14500,0,0,0,0,0,0,0
1202,1477,37109714,38309000,22137,7933,93,7955,0,0,-18,0,-18,1,1,1,960,544.56,960,544.56,18834,0,0,0,0,0,0,0
1203,1478,37167035,37173125,22073,7933,93,7955,0,0,-18,0,-18,1,1,1,960,544.56,960,544.56,15083,0,0,0,0,0,0,0
1204,1479,37249878,35741000,22125,7933,93,7955,0,0,-18,0,-18,1,1,1,960,544.56,960,544.56,16792,0,0,0,0,0,0,0
1205,1480,37636373,39036000,22225,7933,93,7955,0,0,-18,0,-18,1,1,1,960,544.56,960,544.56,17292,0,0,0,0,0,0,0
1206,1481,44462874,44392125,22073,7933,93,7955,0,0,-18,0,-18,1,1,1,960,544.56,960,544.56,18625,0,0,0,0,0,0,0
1207,1482,50602748,48818375,22073,7933,96,7955,0,0,-18,0,-18,1,1,1,960,544.56,960,544.56,19417,0,0,0,0,0,0,0
1208,1483,61741497,63234417,22137,7933,93,7955,0,0,-18,0,-18,1,1,1,960,544.56,960,544.56,22708,0,0,0,0,0,0,0
1209,1484,68804465,67051417,22213,7933,93,7955,0,0,-18,0,-18,1,1,1,960,544.56,960,544.56,27958,0,0,0,0,0,0,0
1210,1485,68096369,69609625,22137,7933,93,7955,0,0,-18,0,-18,1,1,1,960,544.56,960,544.56,30167,0,0,0,0,0,0,0
1211,1486,74529625,71085417,22637,7933,93,7955,0,0,-18,0,-18,1,1,1,960,544.56,960,544.56,28625,0,0,0,0,0,0,0
1212,1487,67789040,71440417,22493,7933,93,7955,0,0,-18,0,-18,1,1,1,960,544.56,960,544.56,30750,0,0,0,0,0,0,0
1213,1488,70479713,68565709,22073,7933,93,7955,0,0,-18,0,-18,1,1,1,960,544.56,960,544.56,49625,0,0,0,0,0,0,0
1214,1489,64902327,66833250,22137,7933,93,7955,0,0,-18,0,-18,1,1,1,960,544.56,960,544.56,34084,0,0,0,0,0,0,0
1215,1490,57283710,55283125,22213,7933,96,7955,0,0,-18,0,-18,1,1,1,960,544.56,960,544.56,23292,0,0,0,0,0,0,0
1216,1491,47793578,49911500,22137,7934,94,7956,0,0,-18,0,-18,1,1,1,960,544.56,960,544.56,23375,0,0,0,0,0,0,0
1217,1492,48296295,48173792,22073,7933,93,7955,0,0,-18,0,-18,1,1,1,960,544.56,960,544.56,19625,0,0,0,0,0,0,0
1218,1493,48242956,46444042,22161,7933,93,7955,0,0,-18,0,-18,1,1,1,960,544.56,960,544.56,21000,0,0,0,0,0,0,0
1219,1494,46278048,46749833,22701,7933,93,7955,0,0,-18,0,-18,1,1,1,960,544.56,960,544.56,18834,0,0,0,0,0,0,0
1220,1495,55218748,54533500,22341,7933,93,7955,0,0,-18,0,-18,1,1,1,960,544.56,960,544.56,23042,0,0,0,0,0,0,0
1221,1496,53550954,55224000,22137,7933,93,7955,0,0,-18,0,-18,1,1,1,960,544.56,960,544.56,23000,0,0,0,0,0,0,0
1222,1497,56399710,55124666,22161,7933,93,7955,0,0,-18,0,-18,1,1,1,960,544.56,960,544.56,23291,0,0,0,0,0,0,0
1223,1498,54477375,55966959,22137,7933,93,7955,0,0,-18,0,-18,1,1,1,960,544.56,960,544.56,26208,0,0,0,0,0,0,0
1224,1499,65658621,63045542,22125,7933,93,7955,0,0,-18,0,-18,1,1,1,960,544.56,960,544.56,23708,0,0,0,0,0,0,0
1225,1500,53611919,56198000,22225,7933,96,7955,0,0,-18,0,-18,1,1,1,960,544.56,960,544.56,28708,0,0,0,0,0,0,0
1226,1501,54456744,52888833,22073,7933,93,7955,0,0,-18,0,-18,1,1,1,960,544.56,960,544.56,22958,0,0,0,0,0,0,0
1227,1502,44938627,46461167,22137,7933,93,7955,0,0,-18,0,-18,1,1,1,960,544.56,960,544.56,22083,0,0,0,0,0,0,0
1228,1503,42335126,42427542,22213,7933,93,7955,0,0,-18,0,-18,1,1,1,960,544.56,960,544.56,20083,0,0,0,0,0,0,0
1229,1504,40466539,38341917,22637,7933,93,7955,0,0,-18,0,-18,1,1,1,960,544.56,960,544.56,17750,0,0,0,0,0,0,0
1230,1505,35174332,37251542,22353,7933,93,7955,0,0,-18,0,-18,1,1,1,960,544.56,960,544.56,17166,0,0,0,0,0,0,0
1231,1506,33725544,33687334,22073,7934,94,7956,0,0,-18,0,-18,1,1,1,960,544.56,960,544.56,15291,0,0,0,0,0,0,0
1232,1507,35212535,34129000,22161,7933,93,7955,0,0,-18,0,-18,1,1,1,960,544.56,960,544.56,14666,0,0,0,0,0,0,0
1233,1508,32792922,33660417,22137,7933,93,7955,0,0,-18,0,-18,1,1,1,960,544.56,960,544.56,14209,0,0,0,0,0,0,0
1234,1509,33677127,33898042,22125,7933,93,7955,0,0,-18,0,-18,1,1,1,960,544.56,960,544.56,14750,0,0,0,0,0,0,0
1235,1510,36735836,35669667,22073,7933,93,7955,0,0,-18,0,-18,1,1,1,960,544.56,960,544.56,15834,0,0,0,0,0,0,0
1236,1511,32554037,33528209,22137,7933,96,7955,0,0,-18,0,-18,1,1,1,960,544.56,960,544.56,14542,0,0,0,0,0,0,0
1237,1512,33533666,33600375,22161,7933,93,7955,0,0,-18,0,-18,1,1,1,960,544.56,960,544.56,14333,0,0,0,0,0,0,0
1238,1513,34836750,33726375,22073,7933,93,7955,0,0,-18,0,-18,1,1,1,960,544.56,960,544.56,14333,0,0,0,0,0,0,0
1239,1514,32430876,33502292,22137,7933,93,7955,0,0,-18,0,-18,1,1,1,960,544.56,960,544.56,14625,0,0,0,0,0,0,0
1240,1515,31502790,31502417,22125,7933,93,7955,0,0,-18,0,-18,1,1,1,960,544.56,960,544.56,14084,0,0,0,0,0,0,0
1241,1516,30477210,30417625,22073,7933,93,7955,0,0,-18,0,-18,1,1,1,960,544.56,960,544.56,13167,0,0,0,0,0,0,0
1242,1517,31223412,30248000,22161,7933,93,7955,0,0,-18,0,-18,1,1,1,960,544.56,960,544.56,13125,0,0,0,0,0,0,0
1243,1518,29375128,30378208,22137,7933,93,7955,0,0,-18,0,-18,1,1,1,960,544.56,960,544.56,12584,0,0,0,0,0,0,0
1244,1519,31766537,30712792,22637,7933,93,7955,0,0,-18,0,-18,1,1,1,960,544.56,960,544.56,12959,0,0,0,0,0,0,0
1245,1520,29717298,30759708,22289,7933,93,7955,0,0,-18,0,-18,1,1,1,960,544.56,960,544.56,14792,0,0,0,0,0,0,0
1246,1521,33157248,32054375,22073,7934,94,7956,0,0,-18,0,-18,1,1,1,960,544.56,960,544.56,12875,0,0,0,0,0,0,0
1247,1522,32293580,33336000,22277,7933,93,7955,0,0,-18,0,-18,1,1,1,960,544.56,960,544.56,14209,0,0,0,0,0,0,0
1248,1523,33348839,33328292,22073,7933,93,7955,0,0,-18,0,-18,1,1,1,960,544.56,960,544.56,14834,0,0,0,0,0,0,0
1249,1524,34713372,33649417,22073,7933,93,7955,0,0,-18,0,-18,1,1,1,960,544.56,960,544.56,14250,0,0,0,0,0,0,0
1250,1525,35849291,36874208,22137,7933,93,7955,0,0,-18,0,-18,1,1,1,960,544.56,960,544.56,16750,0,0,0,0,0,0,0
1251,1526,33427082,33374750,22073,7933,96,7955,0,0,-18,0,-18,1,1,1,960,544.56,960,544.56,14458,0,0,0,0,0,0,0
1252,1527,35265874,34211459,22161,7933,93,7955,0,0,-18,0,-18,1,1,1,960,544.56,960,544.56,14708,0,0,0,0,0,0,0
1253,1528,33613916,34655125,22189,7933,93,7955,0,0,-18,0,-18,1,1,1,960,544.56,960,544.56,14209,0,0,0,0,0,0,0
1254,1529,34838628,34843708,22073,7933,93,7955,0,0,-18,0,-18,1,1,1,960,544.56,960,544.56,14375,0,0,0,0,0,0,0
1255,1530,36515165,34592334,22073,7933,93,7955,0,0,-18,0,-18,1,1,1,960,544.56,960,544.56,15334,0,0,0,0,0,0,0
1256,1531,38067962,39900166,22137,7933,93,7955,0,0,-18,0,-18,1,1,1,960,544.56,960,544.56,16791,0,0,0,0,0,0,0
1257,1532,37394955,37443500,22161,7933,93,7955,0,0,-18,0,-18,1,1,1,960,544.56,960,544.56,15459,0,0,0,0,0,0,0
1258,1533,45290708,41823458,22637,7933,93,7955,0,0,-18,0,-18,1,1,1,960,544.56,960,544.56,14625,0,0,0,0,0,0,0
1259,1534,52841581,55991625,22405,7933,93,7955,0,0,-18,0,-18,1,1,1,960,544.56,960,544.56,20083,0,0,0,0,0,0,0
1260,1535,68039089,66029042,22073,7933,93,7955,0,0,-18,0,-18,1,1,1,960,544.56,960,544.56,28459,0,0,0,0,0,0,0
1261,1536,73288284,74988750,22225,7934,94,7956,0,0,-18,0,-18,1,1,1,960,544.56,960,544.56,27917,0,0,0,0,0,0,0
1262,1537,93556709,91670750,22073,7931,93,7953,0,0,-18,0,-18,1,1,1,960,544.56,960,544.56,19250,0,0,0,0,0,0,0
1263,1538,65834581,67912500,22277,7933,96,7955,0,0,-18,0,-18,1,1,1,960,544.56,960,544.56,20625,0,0,0,0,0,0,0
1264,1539,71548253,69283834,22073,7933,93,7955,0,0,-18,0,-18,1,1,1,960,544.56,960,544.56,28541,0,0,0,0,0,0,0
1265,1540,63819542,64451334,22701,7933,93,7955,0,0,-18,0,-18,1,1,1,960,544.56,960,544.56,53292,0,0,0,0,0,0,0
1266,1541,55481582,55460167,22429,7933,93,7955,0,0,-18,0,-18,1,1,1,960,544.56,960,544.56,26042,0,0,0,0,0,0,0
1267,1542,49391128,50844833,22137,7933,93,7955,0,0,-18,0,-18,1,1,1,960,544.56,960,544.56,23292,0,0,0,0,0,0,0
1268,1543,48523455,48555875,22073,7933,93,7955,0,0,-18,0,-18,1,1,1,960,544.56,960,544.56,21667,0,0,0,0,0,0,0
1269,1544,50101459,48287417,22161,7933,93,7955,0,0,-18,0,-18,1,1,1,960,544.56,960,544.56,20125,0,0,0,0,0,0,0
1270,1545,51397167,53291250,22189,7933,93,7955,0,0,-18,0,-18,1,1,1,960,544.56,960,544.56,24083,0,0,0,0,0,0,0
1271,1546,55640503,53533709,22073,7933,96,7955,0,0,-18,0,-18,1,1,1,960,544.56,960,544.56,19375,0,0,0,0,0,0,0
1272,1547,52389789,54434458,22225,7933,93,7955,0,0,-18,0,-18,1,1,1,960,544.56,960,544.56,22709,0,0,0,0,0,0,0
1273,1548,57941418,55821584,22073,7933,93,7955,0,0,-18,0,-18,1,1,1,960,544.56,960,544.56,23334,0,0,0,0,0,0,0
1274,1549,54376203,56445250,22189,7933,93,7955,0,0,-18,0,-18,1,1,1,960,544.56,960,544.56,23291,0,0,0,0,0,0,0
1275,1550,57888746,55079417,22725,7933,93,7955,0,0,-18,0,-18,1,1,1,960,544.56,960,544.56,24250,0,0,0,0,0,0,0
1276,1551,61657126,64284917,22353,7934,94,7956,0,0,-18,0,-18,1,1,1,960,544.56,960,544.56,36708,0,0,0,0,0,0,0
1277,1552,63546746,61674209,22073,7933,93,7955,0,0,-18,0,-18,1,1,1,960,544.56,960,544.56,30291,0,0,0,0,0,0,0
1278,1553,53641587,55221334,22277,7933,93,7955,0,0,-18,0,-18,1,1,1,960,544.56,960,544.56,23208,0,0,0,0,0,0,0
1279,1554,60328867,59103084,22073,7933,93,7955,0,0,-18,0,-18,1,1,1,960,544.56,960,544.56,27500,0,0,0,0,0,0,0
1280,1555,54279755,55702916,22137,7933,96,7955,0,0,-18,0,-18,1,1,1,960,544.56,960,544.56,23125,0,0,0,0,0,0,0
1281,1556,53953792,52572416,22161,7933,93,7955,0,0,-18,0,-18,1,1,1,960,544.56,960,544.56,22917,0,0,0,0,0,0,0
1282,1557,50408665,51892000,22189,7933,93,7955,0,0,-18,0,-18,1,1,1,960,544.56,960,544.56,26875,0,0,0,0,0,0,0
1283,1558,43930627,44001250,22073,7933,93,7955,0,0,-18,0,-18,1,1,1,960,544.56,960,544.56,18500,0,0,0,0,0,0,0
1284,1559,43864164,41713334,22637,7933,93,7955,0,0,-18,0,-18,1,1,1,960,544.56,960,544.56,19625,0,0,0,0,0,0,0
1285,1560,37604704,39792125,33813,7933,93,7955,0,0,-18,0,-18,1,1,1,960,544.56,960,544.56,17000,0,0,0,0,0,0,0
1286,1561,35590127,35580250,23225,7933,93,7955,0,0,-18,0,-18,1,1,1,960,544.56,960,544.56,16708,0,0,0,0,0,0,0
1287,1562,35253576,34160375,22125,7933,93,7955,0,0,-18,0,-18,1,1,1,960,544.56,960,544.56,14458,0,0,0,0,0,0,0
1288,1563,33268876,34325584,22137,7933,93,7955,0,0,-18,0,-18,1,1,1,960,544.56,960,544.56,14125,0,0,0,0,0,0,0
1289,1564,33954542,33905916,22073,7933,93,7955,0,0,-18,0,-18,1,1,1,960,544.56,960,544.56,16333,0,0,0,0,0,0,0
1290,1565,37778168,36724208,22161,7933,93,7955,0,0,-18,0,-18,1,1,1,960,544.56,960,544.56,16083,0,0,0,0,0,0,0
1291,1566,33053662,34129958,22137,7934,97,7956,0,0,-18,0,-18,1,1,1,960,544.56,960,544.56,14791,0,0,0,0,0,0,0
1292,1567,34032505,33999875,22073,7933,93,7955,0,0,-18,0,-18,1,1,1,960,544.56,960,544.56,14500,0,0,0,0,0,0,0
1293,1568,34877084,33795416,22125,7933,93,7955,0,0,-18,0,-18,1,1,1,960,544.56,960,544.56,14708,0,0,0,0,0,0,0
1294,1569,32844707,33834042,22137,7933,93,7955,0,0,-18,0,-18,1,1,1,960,544.56,960,544.56,14583,0,0,0,0,0,0,0
1295,1570,33269289,33335917,22161,7933,93,7955,0,0,-18,0,-18,1,1,1,960,544.56,960,544.56,14375,0,0,0,0,0,0,0
1296,1571,32200086,32173208,22073,7933,93,7955,0,0,-18,0,-18,1,1,1,960,544.56,960,544.56,15209,0,0,0,0,0,0,0
1297,1572,31355291,30349875,22073,7933,93,7955,0,0,-18,0,-18,1,1,1,960,544.56,960,544.56,13625,0,0,0,0,0,0,0
1298,1573,29739746,30716250,22137,7933,93,7955,0,0,-18,0,-18,1,1,1,960,544.56,960,544.56,13333,0,0,0,0,0,0,0
1299,1574,34185878,33055792,22637,7933,93,7955,0,0,-18,0,-18,1,1,1,960,544.56,960,544.56,14958,0,0,0,0,0,0,0
1300,1575,33484663,34421667,22429,7933,93,7955,0,0,-18,0,-18,1,1,1,960,544.56,960,544.56,14958,0,0,0,0,0,0,0
1301,1576,37984415,36853417,22073,7933,93,7955,0,0,-18,0,-18,1,1,1,960,544.56,960,544.56,16417,0,0,0,0,0,0,0
1302,1577,37215538,38453958,22137,7933,93,7955,0,0,-18,0,-18,1,1,1,960,544.56,960,544.56,17667,0,0,0,0,0,0,0
1303,1578,34917794,34831666,22073,7933,93,7955,0,0,-18,0,-18,1,1,1,960,544.56,960,544.56,15041,0,0,0,0,0,0,0
1304,1579,37981916,36302208,22073,7933,93,7955,0,0,-18,0,-18,1,1,1,960,544.56,960,544.56,15666,0,0,0,0,0,0,0
1305,1580,39997249,41711500,22225,7933,93,7955,0,0,-18,0,-18,1,1,1,960,544.56,960,544.56,15583,0,0,0,0,0,0,0
1306,1581,39559707,39497458,22125,7934,97,7956,0,0,-18,0,-18,1,1,1,960,544.56,960,544.56,15084,0,0,0,0,0,0,0
1307,1582,47221045,45352750,22073,7933,93,7955,0,0,-18,0,-18,1,1,1,960,544.56,960,544.56,16791,0,0,0,0,0,0,0
1308,1583,57734206,59291542,22137,7933,93,7955,0,0,-18,0,-18,1,1,1,960,544.56,960,544.56,28333,0,0,0,0,0,0,0
1309,1584,72292581,70484417,22161,7933,93,7955,0,0,-18,0,-18,1,1,1,960,544.56,960,544.56,28875,0,0,0,0,0,0,0
1310,1585,80758333,79290667,22753,7933,93,7955,0,0,-18,0,-18,1,1,1,960,544.56,960,544.56,20167,0,0,0,0,0,0,0
1311,1586,77368833,77453917,22377,7933,93,7955,0,0,-18,0,-18,1,1,1,960,544.56,960,544.56,20333,0,0,0,0,0,0,0
1312,1587,65704047,68442375,22137,7933,93,7955,0,0,-18,0,-18,1,1,1,960,544.56,960,544.56,31000,0,0,0,0,0,0,0
1313,1588,74628539,72874791,22125,7933,93,7955,0,0,-18,0,-18,1,1,1,960,544.56,960,544.56,29125,0,0,0,0,0,0,0
1314,1589,55814463,58007750,22225,7933,96,7955,0,0,-18,0,-18,1,1,1,960,544.56,960,544.56,28500,0,0,0,0,0,0,0
1315,1590,55050376,53613958,22073,7933,93,7955,0,0,-18,0,-18,1,1,1,960,544.56,960,544.56,26125,0,0,0,0,0,0,0
1316,1591,46513747,47929042,22137,7933,93,7955,0,0,-18,0,-18,1,1,1,960,544.56,960,544.56,19916,0,0,0,0,0,0,0
1317,1592,48387501,48443250,22213,7933,93,7955,0,0,-18,0,-18,1,1,1,960,544.56,960,544.56,23250,0,0,0,0,0,0,0
1318,1593,49638252,47152042,22637,7933,93,7955,0,0,-18,0,-18,1,1,1,960,544.56,960,544.56,24625,0,0,0,0,0,0,0
1319,1594,51445584,53843167,22353,7933,93,7955,0,0,-18,0,-18,1,1,1,960,544.56,960,544.56,20250,0,0,0,0,0,0,0
1320,1595,56476999,54361667,22073,7933,93,7955,0,0,-18,0,-18,1,1,1,960,544.56,960,544.56,22334,0,0,0,0,0,0,0
1321,1596,52765917,54733334,22277,7934,94,7956,0,0,-18,0,-18,1,1,1,960,544.56,960,544.56,22125,0,0,0,0,0,0,0
1322,1597,70874668,68692792,22073,7933,93,7955,0,0,-18,0,-18,1,1,1,960,544.56,960,544.56,35375,0,0,0,0,0,0,0
1323,1598,57480167,59395083,22137,7933,96,7955,0,0,-18,0,-18,1,1,1,960,544.56,960,544.56,29375,0,0,0,0,0,0,0
1324,1599,56590959,55339167,22161,7933,93,7955,0,0,-18,0,-18,1,1,1,960,544.56,960,544.56,24125,0,0,0,0,0,0,0
1325,1600,54282583,55808667,22189,7933,93,7955,0,0,-18,0,-18,1,1,1,960,544.56,960,544.56,22709,0,0,0,0,0,0,0
1326,1601,57317707,55071834,22073,7933,93,7955,0,0,-18,0,-18,1,1,1,960,544.56,960,544.56,25791,0,0,0,0,0,0,0
1327,1602,55326920,55938458,22789,7933,93,7955,0,0,-18,0,-18,1,1,1,960,544.56,960,544.56,23209,0,0,0,0,0,0,0
1328,1603,56344244,56160292,22289,7933,93,7955,0,0,-18,0,-18,1,1,1,960,544.56,960,544.56,27125,0,0,0,0,0,0,0
1329,1604,50445877,52106375,22189,7933,93,7955,0,0,-18,0,-18,1,1,1,960,544.56,960,544.56,23541,0,0,0,0,0,0,0
1330,1605,45368585,45501417,22161,7933,93,7955,0,0,-18,0,-18,1,1,1,960,544.56,960,544.56,23333,0,0,0,0,0,0,0
1331,1606,44879749,43711208,22073,7933,93,7955,0,0,-18,0,-18,1,1,1,960,544.56,960,544.56,20166,0,0,0,0,0,0,0
1332,1607,37164915,38344458,22137,7933,96,7955,0,0,-18,0,-18,1,1,1,960,544.56,960,544.56,16416,0,0,0,0,0,0,0
1333,1608,36684334,36608875,22073,7933,93,7955,0,0,-18,0,-18,1,1,1,960,544.56,960,544.56,17000,0,0,0,0,0,0,0
1334,1609,34989088,33968041,22213,7933,93,7955,0,0,-18,0,-18,1,1,1,960,544.56,960,544.56,14917,0,0,0,0,0,0,0
1335,1610,33157702,34210291,22137,7933,93,7955,0,0,-18,0,-18,1,1,1,960,544.56,960,544.56,15208,0,0,0,0,0,0,0
1336,1611,33552169,33553541,22073,7934,94,7956,0,0,-18,0,-18,1,1,1,960,544.56,960,544.56,14583,0,0,0,0,0,0,0
1337,1612,34987293,33890750,22073,7933,93,7955,0,0,-18,0,-18,1,1,1,960,544.56,960,544.56,14792,0,0,0,0,0,0,0
1338,1613,32458335,33456250,22137,7933,93,7955,0,0,-18,0,-18,1,1,1,960,544.56,960,544.56,14666,0,0,0,0,0,0,0
1339,1614,34656703,33592416,22725,7933,93,7955,0,0,-18,0,-18,1,1,1,960,544.56,960,544.56,14709,0,0,0,0,0,0,0
1340,1615,34314207,34304208,22341,7933,93,7955,0,0,-18,0,-18,1,1,1,960,544.56,960,544.56,14250,0,0,0,0,0,0,0
1341,1616,35114418,36154667,22137,7933,93,7955,0,0,-18,0,-18,1,1,1,960,544.56,960,544.56,14708,0,0,0,0,0,0,0
1342,1617,35541128,35573625,22073,7933,93,7955,0,0,-18,0,-18,1,1,1,960,544.56,960,544.56,13833,0,0,0,0,0,0,0
1343,1618,38514081,37345542,22073,7933,93,7955,0,0,-18,0,-18,1,1,1,960,544.56,960,544.56,14417,0,0,0,0,0,0,0
1344,1619,36291752,37424333,22225,7933,93,7955,0,0,-18,0,-18,1,1,1,960,544.56,960,544.56,17875,0,0,0,0,0,0,0
1345,1620,40171664,40059250,22073,7933,93,7955,0,0,-18,0,-18,1,1,1,960,544.56,960,544.56,19750,0,0,0,0,0,0,0
1346,1621,37336792,36042708,22125,7933,96,7955,0,0,-18,0,-18,1,1,1,960,544.56,960,544.56,15167,0,0,0,0,0,0,0
1347,1622,34874085,36118667,22137,7933,93,7955,0,0,-18,0,-18,1,1,1,960,544.56,960,544.56,17000,0,0,0,0,0,0,0
1348,1623,35840291,35840916,22073,7933,93,7955,0,0,-18,0,-18,1,1,1,960,544.56,960,544.56,15833,0,0,0,0,0,0,0
1349,1624,43838001,42277667,22161,7933,93,7955,0,0,-18,0,-18,1,1,1,960,544.56,960,544.56,15584,0,0,0,0,0,0,0
1350,1625,47016452,48510959,22137,7933,93,7955,0,0,-18,0,-18,1,1,1,960,544.56,960,544.56,18583,0,0,0,0,0,0,0
1351,1626,62079541,60016000,22073,7934,94,7956,0,0,-18,0,-18,1,1,1,960,544.56,960,544.56,23375,0,0,0,0,0,0,0
1352,1627,66024579,65924042,22841,7933,93,7955,0,0,-18,0,-18,1,1,1,960,544.56,960,544.56,28125,0,0,0,0,0,0,0
1353,1628,67605875,67603875,22289,7933,93,7955,0,0,-18,0,-18,1,1,1,960,544.56,960,544.56,28458,0,0,0,0,0,0,0
1354,1629,67428790,69251125,22137,7933,93,7955,0,0,-18,0,-18,1,1,1,960,544.56,960,544.56,28541,0,0,0,0,0,0,0
1355,1630,72065621,70180166,22213,7933,93,7955,0,0,-18,0,-18,1,1,1,960,544.56,960,544.56,29542,0,0,0,0,0,0,0
1356,1631,64908258,66888250,22137,7933,96,7955,0,0,-18,0,-18,1,1,1,960,544.56,960,544.56,28291,0,0,0,0,0,0,0
1357,1632,60200452,58627791,22073,7933,93,7955,0,0,-18,0,-18,1,1,1,960,544.56,960,544.56,29708,0,0,0,0,0,0,0
1358,1633,51861338,53489917,22225,7933,93,7955,0,0,-18,0,-18,1,1,1,960,544.56,960,544.56,24667,0,0,0,0,0,0,0
1359,1634,47917205,46605584,22125,7933,93,7955,0,0,-18,0,-18,1,1,1,960,544.56,960,544.56,19375,0,0,0,0,0,0,0
1360,1635,46209543,46154792,22701,7933,93,7955,0,0,-18,0,-18,1,1,1,960,544.56,960,544.56,18875,0,0,0,0,0,0,0
1361,1636,46154621,47481417,22289,7933,93,7955,0,0,-18,0,-18,1,1,1,960,544.56,960,544.56,19292,0,0,0,0,0,0,0
1362,1637,49806546,48143916,22161,7933,93,7955,0,0,-18,0,-18,1,1,1,960,544.56,960,544.56,18584,0,0,0,0,0,0,0
1363,1638,47879833,49347125,22137,7933,93,7955,0,0,-18,0,-18,1,1,1,960,544.56,960,544.56,18834,0,0,0,0,0,0,0
1364,1639,58698993,57200000,22125,7933,93,7955,0,0,-18,0,-18,1,1,1,960,544.56,960,544.56,23625,0,0,0,0,0,0,0
1365,1640,58422584,59331625,22225,7933,96,7955,0,0,-18,0,-18,1,1,1,960,544.56,960,544.56,23250,0,0,0,0,0,0,0
1366,1641,70671163,69722916,22073,7934,94,7956,0,0,-18,0,-18,1,1,1,960,544.56,960,544.56,29541,0,0,0,0,0,0,0
1367,1642,58982256,60101792,22137,7933,93,7955,0,0,-18,0,-18,1,1,1,960,544.56,960,544.56,23541,0,0,0,0,0,0,0
1368,1643,57683289,56491834,22213,7933,93,7955,0,0,-18,0,-18,1,1,1,960,544.56,960,544.56,28500,0,0,0,0,0,0,0
1369,1644,52116625,52063750,22701,7933,93,7955,0,0,-18,0,-18,1,1,1,960,544.56,960,544.56,23084,0,0,0,0,0,0,0
1370,1645,48921372,49209875,22289,7933,93,7955,0,0,-18,0,-18,1,1,1,960,544.56,960,544.56,23375,0,0,0,0,0,0,0
1371,1646,40391795,41789500,22225,7933,93,7955,0,0,-18,0,-18,1,1,1,960,544.56,960,544.56,18334,0,0,0,0,0,0,0
1372,1647,37944458,37941209,22073,7933,93,7955,0,0,-18,0,-18,1,1,1,960,544.56,960,544.56,17209,0,0,0,0,0,0,0
1373,1648,38056250,36959875,22125,7933,93,7955,0,0,-18,0,-18,1,1,1,960,544.56,960,544.56,16959,0,0,0,0,0,0,0
1374,1649,36410126,37458292,22137,7933,93,7955,0,0,-18,0,-18,1,1,1,960,544.56,960,544.56,15916,0,0,0,0,0,0,0
1375,1650,34039039,34043375,22161,7933,96,7955,0,0,-18,0,-18,1,1,1,960,544.56,960,544.56,14458,0,0,0,0,0,0,0
1376,1651,34977167,33924333,22073,7933,93,7955,0,0,-18,0,-18,1,1,1,960,544.56,960,544.56,16834,0,0,0,0,0,0,0
1377,1652,32866418,33883584,22137,7933,93,7955,0,0,-18,0,-18,1,1,1,960,544.56,960,544.56,14875,0,0,0,0,0,0,0
1378,1653,34159954,34160583,22073,7933,93,7955,0,0,-18,0,-18,1,1,1,960,544.56,960,544.56,15125,0,0,0,0,0,0,0
1379,1654,34761499,33568833,22125,7933,93,7955,0,0,-18,0,-18,1,1,1,960,544.56,960,544.56,15041,0,0,0,0,0,0,0
1380,1655,32460622,33631292,22225,7933,93,7955,0,0,-18,0,-18,1,1,1,960,544.56,960,544.56,14709,0,0,0,0,0,0,0
1381,1656,33064171,33032750,22073,7934,94,7956,0,0,-18,0,-18,1,1,1,960,544.56,960,544.56,14458,0,0,0,0,0,0,0
1382,1657,32463457,31440250,22637,7933,93,7955,0,0,-18,0,-18,1,1,1,960,544.56,960,544.56,13250,0,0,0,0,0,0,0
1383,1658,30179329,30174958,22289,7933,93,7955,0,0,-18,0,-18,1,1,1,960,544.56,960,544.56,12708,0,0,0,0,0,0,0
1384,1659,29711004,30655750,22137,7933,93,7955,0,0,-18,0,-18,1,1,1,960,544.56,960,544.56,13458,0,0,0,0,0,0,0
1385,1660,30805874,30822458,22161,7933,93,7955,0,0,-18,0,-18,1,1,1,960,544.56,960,544.56,12875,0,0,0,0,0,0,0
1386,1661,30300538,30329792,22125,7933,93,7955,0,0,-18,0,-18,1,1,1,960,544.56,960,544.56,13250,0,0,0,0,0,0,0
1387,1662,34978713,33434875,22073,7933,93,7955,0,0,-18,0,-18,1,1,1,960,544.56,960,544.56,13375,0,0,0,0,0,0,0
1388,1663,36639038,38118125,22137,7933,93,7955,0,0,-18,0,-18,1,1,1,960,544.56,960,544.56,14834,0,0,0,0,0,0,0
1389,1664,40102500,40022292,22073,7933,93,7955,0,0,-18,0,-18,1,1,1,960,544.56,960,544.56,16167,0,0,0,0,0,0,0
1390,1665,36995962,35619792,22161,7933,96,7955,0,0,-18,0,-18,1,1,1,960,544.56,960,544.56,15416,0,0,0,0,0,0,0
1391,1666,37136204,38365917,22137,7933,93,7955,0,0,-18,0,-18,1,1,1,960,544.56,960,544.56,17250,0,0,0,0,0,0,0
1392,1667,38505420,38594750,22125,7933,93,7955,0,0,-18,0,-18,1,1,1,960,544.56,960,544.56,15208,0,0,0,0,0,0,0
1393,1668,43528579,41745500,22073,7933,93,7955,0,0,-18,0,-18,1,1,1,960,544.56,960,544.56,15000,0,0,0,0,0,0,0
1394,1669,47807920,49394500,22225,7933,93,7955,0,0,-18,0,-18,1,1,1,960,544.56,960,544.56,20083,0,0,0,0,0,0,0
1395,1670,67709870,63784500,22637,7933,93,7955,0,0,-18,0,-18,1,1,1,960,544.56,960,544.56,23042,0,0,0,0,0,0,0
1396,1671,63867837,67562750,22353,7934,94,7956,0,0,-18,0,-18,1,1,1,960,544.56,960,544.56,19250,0,0,0,0,0,0,0
1397,1672,82478247,79328917,22213,7933,93,7955,0,0,-18,0,-18,1,1,1,960,544.56,960,544.56,20000,0,0,0,0,0,0,0
1398,1673,65507292,68305459,22137,7933,93,7955,0,0,-18,0,-18,1,1,1,960,544.56,960,544.56,19667,0,0,0,0,0,0,0
1399,1674,77688962,75745500,22073,7933,93,7955,0,0,-18,0,-18,1,1,1,960,544.56,960,544.56,29208,0,0,0,0,0,0,0
1400,1675,64908459,67030250,22479,7933,96,7955,0,0,-18,0,-18,1,1,1,960,544.56,960,544.56,28416,0,0,0,0,0,0,0
1401,1676,56179288,54685667,22073,7933,93,7955,0,0,-18,0,-18,1,1,1,960,544.56,960,544.56,23667,0,0,0,0,0,0,0
1402,1677,48984169,50519083,22137,7933,93,7955,0,0,-18,0,-18,1,1,1,960,544.56,960,544.56,26250,0,0,0,0,0,0,0
1403,1678,50173044,48845333,22725,7933,93,7955,0,0,-18,0,-18,1,1,1,960,544.56,960,544.56,20208,0,0,0,0,0,0,0
1404,1679,46822745,46460041,22341,7933,93,7955,0,0,-18,0,-18,1,1,1,960,544.56,960,544.56,19542,0,0,0,0,0,0,0
1405,1680,45582666,47235166,22137,7933,93,7955,0,0,-18,0,-18,1,1,1,960,544.56,960,544.56,18667,0,0,0,0,0,0,0
1406,1681,54715916,53077500,22073,7933,93,7955,0,0,-18,0,-18,1,1,1,960,544.56,960,544.56,21125,0,0,0,0,0,0,0
1407,1682,53148292,54736417,22225,7933,93,7955,0,0,-18,0,-18,1,1,1,960,544.56,960,544.56,23459,0,0,0,0,0,0,0
1408,1683,60152295,58474708,22125,7933,93,7955,0,0,-18,0,-18,1,1,1,960,544.56,960,544.56,26791,0,0,0,0,0,0,0
1409,1684,53805872,55121792,22137,7933,96,7955,0,0,-18,0,-18,1,1,1,960,544.56,960,544.56,22542,0,0,0,0,0,0,0
1410,1685,67389912,65750291,22161,7933,93,7955,0,0,-18,0,-18,1,1,1,960,544.56,960,544.56,28291,0,0,0,0,0,0,0
1411,1686,60765661,62608666,22137,7934,94,7956,0,0,-18,0,-18,1,1,1,960,544.56,960,544.56,29000,0,0,0,0,0,0,0
1412,1687,57510543,54660292,22689,7933,93,7955,0,0,-18,0,-18,1,1,1,960,544.56,960,544.56,23667,0,0,0,0,0,0,0
1413,1688,53862918,56705708,22739,7933,93,7955,0,0,-18,0,-18,1,1,1,960,544.56,960,544.56,22959,0,0,0,0,0,0,0
1414,1689,56471295,54543750,22073,7933,93,7955,0,0,-18,0,-18,1,1,1,960,544.56,960,544.56,23292,0,0,0,0,0,0,0
1415,1690,56474957,58322250,22137,7933,93,7955,0,0,-18,0,-18,1,1,1,960,544.56,960,544.56,23083,0,0,0,0,0,0,0
1416,1691,59236705,57622208,22213,7933,93,7955,0,0,-18,0,-18,1,1,1,960,544.56,960,544.56,23708,0,0,0,0,0,0,0
1417,1692,51834665,53451000,22137,7933,96,7955,0,0,-18,0,-18,1,1,1,960,544.56,960,544.56,22792,0,0,0,0,0,0,0
1418,1693,51341667,49798750,22073,7933,93,7955,0,0,-18,0,-18,1,1,1,960,544.56,960,544.56,23250,0,0,0,0,0,0,0
1419,1694,45389164,46956209,22225,7933,93,7955,0,0,-18,0,-18,1,1,1,960,544.56,960,544.56,19000,0,0,0,0,0,0,0
1420,1695,44698957,44773792,22125,7933,93,7955,0,0,-18,0,-18,1,1,1,960,544.56,960,544.56,19625,0,0,0,0,0,0,0
1421,1696,45239999,44037709,22073,7933,93,7955,0,0,-18,0,-18,1,1,1,960,544.56,960,544.56,16875,0,0,0,0,0,0,0
1422,1697,46927545,45984208,22701,7933,93,7955,0,0,-18,0,-18,1,1,1,960,544.56,960,544.56,17333,0,0,0,0,0,0,0
1423,1698,45728620,47728750,22377,7933,93,7955,0,0,-18,0,-18,1,1,1,960,544.56,960,544.56,19917,0,0,0,0,0,0,0
1424,1699,52053458,50051125,22073,7933,93,7955,0,0,-18,0,-18,1,1,1,960,544.56,960,544.56,20708,0,0,0,0,0,0,0
1425,1700,54806839,56645959,22189,7933,93,7955,0,0,-18,0,-18,1,1,1,960,544.56,960,544.56,23083,0,0,0,0,0,0,0
1426,1701,71346707,69061209,22161,7934,94,7956,0,0,-18,0,-18,1,1,1,960,544.56,960,544.56,23334,0,0,0,0,0,0,0
1427,1702,66385328,68597167,22137,7933,96,7955,0,0,-18,0,-18,1,1,1,960,544.56,960,544.56,29125,0,0,0,0,0,0,0
1428,1703,70443630,68198417,22073,7933,93,7955,0,0,-18,0,-18,1,1,1,960,544.56,960,544.56,31208,0,0,0,0,0,0,0
1429,1704,60838583,63151000,22277,7933,93,7955,0,0,-18,0,-18,1,1,1,960,544.56,960,544.56,29791,0,0,0,0,0,0,0
1430,1705,58145619,54936625,22637,7933,93,7955,0,0,-18,0,-18,1,1,1,960,544.56,960,544.56,24166,0,0,0,0,0,0,0
1431,1706,52636500,55750625,22353,7933,93,7955,0,0,-18,0,-18,1,1,1,960,544.56,960,544.56,22875,0,0,0,0,0,0,0
1432,1707,48984792,47394875,22161,7933,93,7955,0,0,-18,0,-18,1,1,1,960,544.56,960,544.56,20417,0,0,0,0,0,0,0
1433,1708,46174794,47615875,22189,7933,93,7955,0,0,-18,0,-18,1,1,1,960,544.56,960,544.56,20417,0,0,0,0,0,0,0
1434,1709,56898746,55399125,22073,7933,93,7955,0,0,-18,0,-18,1,1,1,960,544.56,960,544.56,24792,0,0,0,0,0,0,0
1435,1710,59023208,60483792,22225,7933,93,7955,0,0,-18,0,-18,1,1,1,960,544.56,960,544.56,32500,0,0,0,0,0,0,0
1436,1711,54993670,53131958,22073,7933,96,7955,0,0,-18,0,-18,1,1,1,960,544.56,960,544.56,23042,0,0,0,0,0,0,0
1437,1712,54143119,55959833,22189,7933,93,7955,0,0,-18,0,-18,1,1,1,960,544.56,960,544.56,23375,0,0,0,0,0,0,0
1438,1713,58436628,56652250,22161,7933,93,7955,0,0,-18,0,-18,1,1,1,960,544.56,960,544.56,23333,0,0,0,0,0,0,0
1439,1714,58265581,60044625,22137,7933,93,7955,0,0,-18,0,-18,1,1,1,960,544.56,960,544.56,23333,0,0,0,0,0,0,0
1440,1715,77895417,71861667,22637,7933,93,7955,0,0,-18,0,-18,1,1,1,960,544.56,960,544.56,28875,0,0,0,0,0,0,0
1441,1716,66112294,72052875,22493,7934,94,7956,0,0,-18,0,-18,1,1,1,960,544.56,960,544.56,29875,0,0,0,0,0,0,0
1442,1717,73860667,71900583,22073,7933,93,7955,0,0,-18,0,-18,1,1,1,960,544.56,960,544.56,30584,0,0,0,0,0,0,0
1443,1718,76497584,77889291,22137,7933,93,7955,0,0,-18,0,-18,1,1,1,960,544.56,960,544.56,20792,0,0,0,0,0,0,0
1444,1719,68870872,67080667,22213,7933,96,7955,0,0,-18,0,-18,1,1,1,960,544.56,960,544.56,28792,0,0,0,0,0,0,0
1445,1720,63794627,66117000,22137,7933,93,7955,0,0,-18,0,-18,1,1,1,960,544.56,960,544.56,28750,0,0,0,0,0,0,0
1446,1721,54210871,52848750,22073,7933,93,7955,0,0,-18,0,-18,1,1,1,960,544.56,960,544.56,24167,0,0,0,0,0,0,0
1447,1722,43425213,43608042,22789,7933,93,7955,0,0,-18,0,-18,1,1,1,960,544.56,960,544.56,19166,0,0,0,0,0,0,0
1448,1723,37260536,38512917,22341,7933,93,7955,0,0,-18,0,-18,1,1,1,960,544.56,960,544.56,16458,0,0,0,0,0,0,0
1449,1724,36266043,35213583,22073,7933,93,7955,0,0,-18,0,-18,1,1,1,960,544.56,960,544.56,17042,0,0,0,0,0,0,0
1450,1725,34064002,35048208,22137,7933,93,7955,0,0,-18,0,-18,1,1,1,960,544.56,960,544.56,14500,0,0,0,0,0,0,0
1451,1726,34185871,34244125,22161,7933,93,7955,0,0,-18,0,-18,1,1,1,960,544.56,960,544.56,14291,0,0,0,0,0,0,0
1452,1727,35489581,34370250,22073,7933,93,7955,0,0,-18,0,-18,1,1,1,960,544.56,960,544.56,14375,0,0,0,0,0,0,0
1453,1728,36597754,37650709,22137,7933,93,7955,0,0,-18,0,-18,1,1,1,960,544.56,960,544.56,18542,0,0,0,0,0,0,0
1454,1729,33977169,33964333,22125,7933,96,7955,0,0,-18,0,-18,1,1,1,960,544.56,960,544.56,14709,0,0,0,0,0,0,0
1455,1730,34626580,33612000,22073,7933,93,7955,0,0,-18,0,-18,1,1,1,960,544.56,960,544.56,15291,0,0,0,0,0,0,0
1456,1731,29368126,30391791,22225,7934,94,7956,0,0,-18,0,-18,1,1,1,960,544.56,960,544.56,12791,0,0,0,0,0,0,0
1457,1732,30305122,30302500,22073,7933,93,7955,0,0,-18,0,-18,1,1,1,960,544.56,960,544.56,13125,0,0,0,0,0,0,0
1458,1733,30366290,30346333,22073,7933,93,7955,0,0,-18,0,-18,1,1,1,960,544.56,960,544.56,12833,0,0,0,0,0,0,0
1459,1734,31276211,30279792,22073,7933,93,7955,0,0,-18,0,-18,1,1,1,960,544.56,960,544.56,13375,0,0,0,0,0,0,0
1460,1735,29283000,30175084,22137,7933,93,7955,0,0,-18,0,-18,1,1,1,960,544.56,960,544.56,13041,0,0,0,0,0,0,0
1461,1736,31210750,31161041,22213,7933,93,7955,0,0,-18,0,-18,1,1,1,960,544.56,960,544.56,13291,0,0,0,0,0,0,0
1462,1737,34197036,32926417,22637,7933,93,7955,0,0,-18,0,-18,1,1,1,960,544.56,960,544.56,14208,0,0,0,0,0,0,0
1463,1738,37540376,37695542,22289,7933,93,7955,0,0,-18,0,-18,1,1,1,960,544.56,960,544.56,14458,0,0,0,0,0,0,0
1464,1739,34390293,35518084,22137,7933,93,7955,0,0,-18,0,-18,1,1,1,960,544.56,960,544.56,17416,0,0,0,0,0,0,0
1465,1740,38056164,38024542,22073,7933,93,7955,0,0,-18,0,-18,1,1,1,960,544.56,960,544.56,15750,0,0,0,0,0,0,0
1466,1741,38108624,36969833,22161,7933,93,7955,0,0,-18,0,-18,1,1,1,960,544.56,960,544.56,14375,0,0,0,0,0,0,0
1467,1742,36908999,37775417,22189,7933,93,7955,0,0,-18,0,-18,1,1,1,960,544.56,960,544.56,15333,0,0,0,0,0,0,0
1468,1743,50611458,50723000,22073,7933,93,7955,0,0,-18,0,-18,1,1,1,960,544.56,960,544.56,22125,0,0,0,0,0,0,0
1469,1744,63320800,60654625,22073,7933,96,7955,0,0,-18,0,-18,1,1,1,960,544.56,960,544.56,24125,0,0,0,0,0,0,0
1470,1745,68527579,70876792,22225,7933,93,7955,0,0,-18,0,-18,1,1,1,960,544.56,960,544.56,28500,0,0,0,0,0,0,0
1471,1746,80946251,78030583,22125,7934,94,7956,0,0,-18,0,-18,1,1,1,960,544.56,960,544.56,22292,0,0,0,0,0,0,0
1472,1747,75315833,73966083,22701,7933,93,7955,0,0,-18,0,-18,1,1,1,960,544.56,960,544.56,20250,0,0,0,0,0,0,0
1473,1748,67464001,69414000,22377,7933,93,7955,0,0,-18,0,-18,1,1,1,960,544.56,960,544.56,82000,0,0,0,0,0,0,0
1474,1749,65896496,68113250,22189,7933,93,7955,0,0,-18,0,-18,1,1,1,960,544.56,960,544.56,30792,0,0,0,0,0,0,0
1475,1750,73657542,72109084,22073,7933,93,7955,0,0,-18,0,-18,1,1,1,960,544.56,960,544.56,36375,0,0,0,0,0,0,0
1476,1751,54636791,56283250,22225,7933,96,7955,0,0,-18,0,-18,1,1,1,960,544.56,960,544.56,65750,0,0,0,0,0,0,0
1477,1752,57490002,55826125,22073,7933,93,7955,0,0,-18,0,-18,1,1,1,960,544.56,960,544.56,22709,0,0,0,0,0,0,0
1478,1753,46601794,48145417,22189,7933,93,7955,0,0,-18,0,-18,1,1,1,960,544.56,960,544.56,19750,0,0,0,0,0,0,0
1479,1754,49950581,49939166,22161,7933,93,7955,0,0,-18,0,-18,1,1,1,960,544.56,960,544.56,20125,0,0,0,0,0,0,0
1480,1755,55379457,52533792,22637,7933,93,7955,0,0,-18,0,-18,1,1,1,960,544.56,960,544.56,32292,0,0,0,0,0,0,0
1481,1756,53596172,56186667,22353,7933,93,7955,0,0,-18,0,-18,1,1,1,960,544.56,960,544.56,26750,0,0,0,0,0,0,0
1482,1757,57644084,55936541,22213,7933,93,7955,0,0,-18,0,-18,1,1,1,960,544.56,960,544.56,25792,0,0,0,0,0,0,0
1483,1758,53624495,55575750,22137,7933,93,7955,0,0,-18,0,-18,1,1,1,960,544.56,960,544.56,58917,0,0,0,0,0,0,0
1484,1759,67184083,64973541,22073,7933,93,7955,0,0,-18,0,-18,1,1,1,960,544.56,960,544.56,27375,0,0,0,0,0,0,0
1485,1760,60530498,62713292,22225,7933,96,7955,0,0,-18,0,-18,1,1,1,960,544.56,960,544.56,28583,0,0,0,0,0,0,0
1486,1761,60927662,58638084,22125,7934,94,7956,0,0,-18,0,-18,1,1,1,960,544.56,960,544.56,24208,0,0,0,0,0,0,0
1487,1762,58451168,60397167,22137,7933,93,7955,0,0,-18,0,-18,1,1,1,960,544.56,960,544.56,29042,0,0,0,0,0,0,0
1488,1763,64358584,62979209,22161,7933,93,7955,0,0,-18,0,-18,1,1,1,960,544.56,960,544.56,29333,0,0,0,0,0,0,0
1489,1764,56593544,56617292,22701,7933,93,7955,0,0,-18,0,-18,1,1,1,960,544.56,960,544.56,24667,0,0,0,0,0,0,0
1490,1765,53614746,53507542,22341,7933,93,7955,0,0,-18,0,-18,1,1,1,960,544.56,960,544.56,23333,0,0,0,0,0,0,0
1491,1766,47343458,49105083,22225,7933,93,7955,0,0,-18,0,-18,1,1,1,960,544.56,960,544.56,22417,0,0,0,0,0,0,0
1492,1767,44030711,44031416,22073,7933,93,7955,0,0,-18,0,-18,1,1,1,960,544.56,960,544.56,19708,0,0,0,0,0,0,0
1493,1768,41838705,40652584,22073,7933,93,7955,0,0,-18,0,-18,1,1,1,960,544.56,960,544.56,16917,0,0,0,0,0,0,0
1494,1769,35032290,36142000,22137,7933,96,7955,0,0,-18,0,-18,1,1,1,960,544.56,960,544.56,16334,0,0,0,0,0,0,0
1495,1770,34044962,34094208,22213,7933,93,7955,0,0,-18,0,-18,1,1,1,960,544.56,960,544.56,15542,0,0,0,0,0,0,0
1496,1771,34908041,33781333,22073,7933,93,7955,0,0,-18,0,-18,1,1,1,960,544.56,960,544.56,14917,0,0,0,0,0,0,0
1497,1772,32879952,33994709,22137,7933,93,7955,0,0,-18,0,-18,1,1,1,960,544.56,960,544.56,15542,0,0,0,0,0,0,0
1498,1773,34147292,34111750,22073,7933,93,7955,0,0,-18,0,-18,1,1,1,960,544.56,960,544.56,14833,0,0,0,0,0,0,0
1499,1774,34639291,33419916,22073,7933,93,7955,0,0,-18,0,-18,1,1,1,960,544.56,960,544.56,15042,0,0,0,0,0,0,0
1500,1775,32434128,33589583,22225,7933,93,7955,0,0,-18,0,-18,1,1,1,960,544.56,960,544.56,14542,0,0,0,0,0,0,0
1501,1776,35136952,34058792,22689,7934,94,7956,0,0,-18,0,-18,1,1,1,960,544.56,960,544.56,15458,0,0,0,0,0,0,0
1502,1777,34207582,34195250,22289,7933,93,7955,0,0,-18,0,-18,1,1,1,960,544.56,960,544.56,14458,0,0,0,0,0,0,0
1503,1778,32334834,33432375,22137,7933,93,7955,0,0,-18,0,-18,1,1,1,960,544.56,960,544.56,14375,0,0,0,0,0,0,0
1504,1779,33420123,33351292,22073,7933,93,7955,0,0,-18,0,-18,1,1,1,960,544.56,960,544.56,14625,0,0,0,0,0,0,0
1505,1780,33116504,33148750,22161,7933,93,7955,0,0,-18,0,-18,1,1,1,960,544.56,960,544.56,14625,0,0,0,0,0,0,0
1506,1781,34760750,33622958,22073,7933,93,7955,0,0,-18,0,-18,1,1,1,960,544.56,960,544.56,15166,0,0,0,0,0,0,0
1507,1782,35661704,36785125,22189,7933,93,7955,0,0,-18,0,-18,1,1,1,960,544.56,960,544.56,17375,0,0,0,0,0,0,0
1508,1783,33456668,33422041,22073,7933,96,7955,0,0,-18,0,-18,1,1,1,960,544.56,960,544.56,14250,0,0,0,0,0,0,0
1509,1784,34624453,33507583,22073,7933,93,7955,0,0,-18,0,-18,1,1,1,960,544.56,960,544.56,14250,0,0,0,0,0,0,0
1510,1785,32331999,33418250,22225,7933,93,7955,0,0,-18,0,-18,1,1,1,960,544.56,960,544.56,14750,0,0,0,0,0,0,0
1511,1786,32341752,32350125,22073,7933,93,7955,0,0,-18,0,-18,1,1,1,960,544.56,960,544.56,14000,0,0,0,0,0,0,0
1512,1787,32296705,32265417,22073,7933,93,7955,0,0,-18,0,-18,1,1,1,960,544.56,960,544.56,13042,0,0,0,0,0,0,0
1513,1788,31395833,30339541,22125,7933,93,7955,0,0,-18,0,-18,1,1,1,960,544.56,960,544.56,12750,0,0,0,0,0,0,0
1514,1789,32063625,33043708,22137,7933,93,7955,0,0,-18,0,-18,1,1,1,960,544.56,960,544.56,13792,0,0,0,0,0,0,0
1515,1790,35293210,35303750,22161,7933,93,7955,0,0,-18,0,-18,1,1,1,960,544.56,960,544.56,13708,0,0,0,0,0,0,0
1516,1791,37446457,35253000,22637,7934,94,7956,0,0,-18,0,-18,1,1,1,960,544.56,960,544.56,15250,0,0,0,0,0,0,0
1517,1792,34547124,36646917,22353,7933,93,7955,0,0,-18,0,-18,1,1,1,960,544.56,960,544.56,13958,0,0,0,0,0,0,0
1518,1793,36842502,36871959,22073,7933,93,7955,0,0,-18,0,-18,1,1,1,960,544.56,960,544.56,15250,0,0,0,0,0,0,0
1519,1794,39025709,37436667,22125,7933,93,7955,0,0,-18,0,-18,1,1,1,960,544.56,960,544.56,14958,0,0,0,0,0,0,0
1520,1795,36093458,37669625,22225,7933,93,7955,0,0,-18,0,-18,1,1,1,960,544.56,960,544.56,16333,0,0,0,0,0,0,0
1521,1796,40228288,40100333,22073,7933,93,7955,0,0,-18,0,-18,1,1,1,960,544.56,960,544.56,17500,0,0,0,0,0,0,0
1522,1797,55808417,53694500,22073,7933,93,7955,0,0,-18,0,-18,1,1,1,960,544.56,960,544.56,20125,0,0,0,0,0,0,0
1523,1798,65168291,67056834,22137,7933,96,7955,0,0,-18,0,-18,1,1,1,960,544.56,960,544.56,22583,0,0,0,0,0,0,0
1524,1799,76348543,74135875,22213,7933,93,7955,0,0,-18,0,-18,1,1,1,960,544.56,960,544.56,33500,0,0,0,0,0,0,0
1525,1800,86013711,87990917,22137,7933,93,7955,0,0,-18,0,-18,1,1,1,960,544.56,960,544.56,22167,0,0,0,0,0,0,0
1526,1801,77887833,73520584,22725,7933,93,7955,0,0,-18,0,-18,1,1,1,960,544.56,960,544.56,24833,0,0,0,0,0,0,0
1527,1802,70892997,75278625,22405,7933,93,7955,0,0,-18,0,-18,1,1,1,960,544.56,960,544.56,31834,0,0,0,0,0,0,0
1528,1803,68630121,66600791,22073,7933,93,7955,0,0,-18,0,-18,1,1,1,960,544.56,960,544.56,32458,0,0,0,0,0,0,0
1529,1804,73651790,75648375,22225,7933,93,7955,0,0,-18,0,-18,1,1,1,960,544.56,960,544.56,31000,0,0,0,0,0,0,0
1530,1805,59475246,58047542,22125,7933,96,7955,0,0,-18,0,-18,1,1,1,960,544.56,960,544.56,29125,0,0,0,0,0,0,0
1531,1806,50033792,51358583,22137,7934,94,7956,0,0,-18,0,-18,1,1,1,960,544.56,960,544.56,23625,0,0,0,0,0,0,0
1532,1807,49715042,48715708,22161,7933,93,7955,0,0,-18,0,-18,1,1,1,960,544.56,960,544.56,19625,0,0,0,0,0,0,0
1533,1808,47056667,48278833,22137,7933,93,7955,0,0,-18,0,-18,1,1,1,960,544.56,960,544.56,20750,0,0,0,0,0,0,0
1534,1809,49630500,48222625,24809,7933,93,7955,0,0,-18,0,-18,1,1,1,960,544.56,960,544.56,19166,0,0,0,0,0,0,0
1535,1810,46986706,46642084,22289,7933,93,7955,0,0,-18,0,-18,1,1,1,960,544.56,960,544.56,18667,0,0,0,0,0,0,0
1536,1811,50422497,52028583,22225,7933,93,7955,0,0,-18,0,-18,1,1,1,960,544.56,960,544.56,18875,0,0,0,0,0,0,0
1537,1812,56710127,55159542,22073,7933,93,7955,0,0,-18,0,-18,1,1,1,960,544.56,960,544.56,22666,0,0,0,0,0,0,0
1538,1813,65857872,67269167,22189,7933,93,7955,0,0,-18,0,-18,1,1,1,960,544.56,960,544.56,27250,0,0,0,0,0,0,0
1539,1814,65807707,64315208,22161,7933,96,7955,0,0,-18,0,-18,1,1,1,960,544.56,960,544.56,28959,0,0,0,0,0,0,0
1540,1815,57031873,58582250,22137,7933,93,7955,0,0,-18,0,-18,1,1,1,960,544.56,960,544.56,28292,0,0,0,0,0,0,0
1541,1816,57705044,56078208,22073,7933,93,7955,0,0,-18,0,-18,1,1,1,960,544.56,960,544.56,24250,0,0,0,0,0,0,0
1542,1817,57639122,59044292,22277,7933,93,7955,0,0,-18,0,-18,1,1,1,960,544.56,960,544.56,23208,0,0,0,0,0,0,0
1543,1818,67936919,64771667,22637,7933,93,7955,0,0,-18,0,-18,1,1,1,960,544.56,960,544.56,28167,0,0,0,0,0,0,0
1544,1819,53793836,57052083,22353,7933,93,7955,0,0,-18,0,-18,1,1,1,960,544.56,960,544.56,28542,0,0,0,0,0,0,0
1545,1820,52701417,51447209,22161,7933,93,7955,0,0,-18,0,-18,1,1,1,960,544.56,960,544.56,23000,0,0,0,0,0,0,0
1546,1821,42850624,44215292,22189,7934,94,7956,0,0,-18,0,-18,1,1,1,960,544.56,960,544.56,19250,0,0,0,0,0,0,0
1547,1822,43183710,43189250,22073,7933,93,7955,0,0,-18,0,-18,1,1,1,960,544.56,960,544.56,19292,0,0,0,0,0,0,0
1548,1823,39547249,38285042,22073,7933,96,7955,0,0,-18,0,-18,1,1,1,960,544.56,960,544.56,16334,0,0,0,0,0,0,0
1549,1824,34397661,35648791,22225,7933,93,7955,0,0,-18,0,-18,1,1,1,960,544.56,960,544.56,16000,0,0,0,0,0,0,0
1550,1825,34018211,34011708,22073,7933,93,7955,0,0,-18,0,-18,1,1,1,960,544.56,960,544.56,14375,0,0,0,0,0,0,0
1551,1826,34765079,33612291,22073,7933,93,7955,0,0,-18,0,-18,1,1,1,960,544.56,960,544.56,15250,0,0,0,0,0,0,0
1552,1827,32678797,33793584,22189,7933,93,7955,0,0,-18,0,-18,1,1,1,960,544.56,960,544.56,15042,0,0,0,0,0,0,0
1553,1828,33639915,33571750,22073,7933,93,7955,0,0,-18,0,-18,1,1,1,960,544.56,960,544.56,14958,0,0,0,0,0,0,0
1554,1829,34112039,33064292,22161,7933,93,7955,0,0,-18,0,-18,1,1,1,960,544.56,960,544.56,14042,0,0,0,0,0,0,0
1555,1830,33636953,33576834,22701,7933,93,7955,0,0,-18,0,-18,1,1,1,960,544.56,960,544.56,14792,0,0,0,0,0,0,0
1556,1831,32086789,33228875,22289,7933,93,7955,0,0,-18,0,-18,1,1,1,960,544.56,960,544.56,14709,0,0,0,0,0,0,0
1557,1832,34779917,33627959,22073,7933,93,7955,0,0,-18,0,-18,1,1,1,960,544.56,960,544.56,15084,0,0,0,0,0,0,0
1558,1833,32745379,33802833,22189,7933,93,7955,0,0,-18,0,-18,1,1,1,960,544.56,960,544.56,14291,0,0,0,0,0,0,0
1559,1834,32156787,32194375,22161,7933,93,7955,0,0,-18,0,-18,1,1,1,960,544.56,960,544.56,14041,0,0,0,0,0,0,0
1560,1835,30439626,30459958,22073,7933,93,7955,0,0,-18,0,-18,1,1,1,960,544.56,960,544.56,13375,0,0,0,0,0,0,0
1561,1836,34882042,33825375,22073,7934,94,7956,0,0,-18,0,-18,1,1,1,960,544.56,960,544.56,18958,0,0,0,0,0,0,0
1562,1837,32643333,33653167,22137,7933,96,7955,0,0,-18,0,-18,1,1,1,960,544.56,960,544.56,13583,0,0,0,0,0,0,0
1563,1838,33842373,33760500,22073,7933,93,7955,0,0,-18,0,-18,1,1,1,960,544.56,960,544.56,14916,0,0,0,0,0,0,0
1564,1839,34362584,33331209,22161,7933,93,7955,0,0,-18,0,-18,1,1,1,960,544.56,960,544.56,14708,0,0,0,0,0,0,0
1565,1840,32394912,33442375,22189,7933,93,7955,0,0,-18,0,-18,1,1,1,960,544.56,960,544.56,14458,0,0,0,0,0,0,0
1566,1841,33361501,33354333,22073,7933,93,7955,0,0,-18,0,-18,1,1,1,960,544.56,960,544.56,15208,0,0,0,0,0,0,0
1567,1842,34625247,33541959,22073,7933,93,7955,0,0,-18,0,-18,1,1,1,960,544.56,960,544.56,14292,0,0,0,0,0,0,0
1568,1843,33492501,34476708,22137,7933,93,7955,0,0,-18,0,-18,1,1,1,960,544.56,960,544.56,15250,0,0,0,0,0,0,0
1569,1844,37785708,37813750,22161,7933,93,7955,0,0,-18,0,-18,1,1,1,960,544.56,960,544.56,18042,0,0,0,0,0,0,0
1570,1845,39154004,37249875,22637,7933,93,7955,0,0,-18,0,-18,1,1,1,960,544.56,960,544.56,16417,0,0,0,0,0,0,0
1571,1846,33188953,35080166,22405,7933,93,7955,0,0,-18,0,-18,1,1,1,960,544.56,960,544.56,15250,0,0,0,0,0,0,0
1572,1847,37256505,37145209,22073,7933,93,7955,0,0,-18,0,-18,1,1,1,960,544.56,960,544.56,18250,0,0,0,0,0,0,0
1573,1848,38366246,36905250,22073,7933,93,7955,0,0,-18,0,-18,1,1,1,960,544.56,960,544.56,14542,0,0,0,0,0,0,0
1574,1849,40369082,41790334,22225,7933,93,7955,0,0,-18,0,-18,1,1,1,960,544.56,960,544.56,15667,0,0,0,0,0,0,0
1575,1850,51465917,51242542,22073,7933,93,7955,0,0,-18,0,-18,1,1,1,960,544.56,960,544.56,23833,0,0,0,0,0,0,0
1576,1851,67066505,64946500,22125,7934,97,7956,0,0,-18,0,-18,1,1,1,960,544.56,960,544.56,26375,0,0,0,0,0,0,0
1577,1852,66566415,68669500,22225,7933,93,7955,0,0,-18,0,-18,1,1,1,960,544.56,960,544.56,29167,0,0,0,0,0,0,0
1578,1853,73776632,70848416,22073,7933,93,7955,0,0,-18,0,-18,1,1,1,960,544.56,960,544.56,20417,0,0,0,0,0,0,0
1579,1854,66785708,67611167,22753,7933,93,7955,0,0,-18,0,-18,1,1,1,960,544.56,960,544.56,30125,0,0,0,0,0,0,0
1580,1855,67276954,67447167,22377,7933,93,7955,0,0,-18,0,-18,1,1,1,960,544.56,960,544.56,28125,0,0,0,0,0,0,0
1581,1856,65031290,66897250,22137,7933,93,7955,0,0,-18,0,-18,1,1,1,960,544.56,960,544.56,28875,0,0,0,0,0,0,0
1582,1857,57280916,55717375,22125,7933,93,7955,0,0,-18,0,-18,1,1,1,960,544.56,960,544.56,41083,0,0,0,0,0,0,0
1583,1858,51392707,53064208,22225,7933,93,7955,0,0,-18,0,-18,1,1,1,960,544.56,960,544.56,26500,0,0,0,0,0,0,0
1584,1859,45534126,45475667,22073,7933,96,7955,0,0,-18,0,-18,1,1,1,960,544.56,960,544.56,19000,0,0,0,0,0,0,0
1585,1860,43549165,42208500,22073,7933,93,7955,0,0,-18,0,-18,1,1,1,960,544.56,960,544.56,19458,0,0,0,0,0,0,0
1586,1861,43115541,44363167,22137,7933,93,7955,0,0,-18,0,-18,1,1,1,960,544.56,960,544.56,20666,0,0,0,0,0,0,0
1587,1862,44013798,44089000,22213,7933,93,7955,0,0,-18,0,-18,1,1,1,960,544.56,960,544.56,19000,0,0,0,0,0,0,0
1588,1863,45721918,43976000,22073,7933,93,7955,0,0,-18,0,-18,1,1,1,960,544.56,960,544.56,16750,0,0,0,0,0,0,0
1589,1864,46967957,46817209,22701,7933,93,7955,0,0,-18,0,-18,1,1,1,960,544.56,960,544.56,19500,0,0,0,0,0,0,0
1590,1865,44886622,46628792,22289,7933,93,7955,0,0,-18,0,-18,1,1,1,960,544.56,960,544.56,21750,0,0,0,0,0,0,0
1591,1866,54036378,52513750,22161,7934,94,7956,0,0,-18,0,-18,1,1,1,960,544.56,960,544.56,22500,0,0,0,0,0,0,0
1592,1867,53125247,54649208,22189,7933,93,7955,0,0,-18,0,-18,1,1,1,960,544.56,960,544.56,29500,0,0,0,0,0,0,0
1593,1868,54121747,52467292,22073,7933,93,7955,0,0,-18,0,-18,1,1,1,960,544.56,960,544.56,23292,0,0,0,0,0,0,0
1594,1869,55739250,57353625,22225,7933,93,7955,0,0,-18,0,-18,1,1,1,960,544.56,960,544.56,24125,0,0,0,0,0,0,0
1595,1870,53202040,51645833,22073,7933,96,7955,0,0,-18,0,-18,1,1,1,960,544.56,960,544.56,23042,0,0,0,0,0,0,0
1596,1871,47868587,49389792,22189,7933,93,7955,0,0,-18,0,-18,1,1,1,960,544.56,960,544.56,22917,0,0,0,0,0,0,0
1597,1872,42313661,42362542,22161,7933,93,7955,0,0,-18,0,-18,1,1,1,960,544.56,960,544.56,19125,0,0,0,0,0,0,0
1598,1873,38840290,37683667,22073,7933,93,7955,0,0,-18,0,-18,1,1,1,960,544.56,960,544.56,17209,0,0,0,0,0,0,0
1599,1874,34224044,35376792,22137,7933,93,7955,0,0,-18,0,-18,1,1,1,960,544.56,960,544.56,16208,0,0,0,0,0,0,0
1600,1875,34751333,33594125,22637,7933,93,7955,0,0,-18,0,-18,1,1,1,960,544.56,960,544.56,14916,0,0,0,0,0,0,0
1601,1876,33751331,33774209,22377,7933,93,7955,0,0,-18,0,-18,1,1,1,960,544.56,960,544.56,15000,0,0,0,0,0,0,0
1602,1877,32531291,33649667,22189,7933,93,7955,0,0,-18,0,-18,1,1,1,960,544.56,960,544.56,14292,0,0,0,0,0,0,0
1603,1878,33750835,33725833,22073,7933,93,7955,0,0,-18,0,-18,1,1,1,960,544.56,960,544.56,14417,0,0,0,0,0,0,0
1604,1879,34791495,33703291,22073,7933,93,7955,0,0,-18,0,-18,1,1,1,960,544.56,960,544.56,14084,0,0,0,0,0,0,0
1605,1880,31942877,32968667,22137,7933,93,7955,0,0,-18,0,-18,1,1,1,960,544.56,960,544.56,14125,0,0,0,0,0,0,0
1606,1881,33554416,33590334,22161,7934,94,7956,0,0,-18,0,-18,1,1,1,960,544.56,960,544.56,15292,0,0,0,0,0,0,0
1607,1882,30421711,30379334,22073,7933,96,7955,0,0,-18,0,-18,1,1,1,960,544.56,960,544.56,13125,0,0,0,0,0,0,0
1608,1883,31777538,30787458,22073,7933,93,7955,0,0,-18,0,-18,1,1,1,960,544.56,960,544.56,13209,0,0,0,0,0,0,0
1609,1884,29460374,30433416,22189,7933,93,7955,0,0,-18,0,-18,1,1,1,960,544.56,960,544.56,12750,0,0,0,0,0,0,0
1610,1885,30475297,30434417,22073,7933,93,7955,0,0,-18,0,-18,1,1,1,960,544.56,960,544.56,12625,0,0,0,0,0,0,0
1611,1886,30578536,30596959,22161,7933,93,7955,0,0,-18,0,-18,1,1,1,960,544.56,960,544.56,14042,0,0,0,0,0,0,0
1612,1887,31356710,30348500,22073,7933,93,7955,0,0,-18,0,-18,1,1,1,960,544.56,960,544.56,13041,0,0,0,0,0,0,0
1613,1888,30546082,31474583,22137,7933,93,7955,0,0,-18,0,-18,1,1,1,960,544.56,960,544.56,13625,0,0,0,0,0,0,0
1614,1889,34878458,34879834,22073,7933,93,7955,0,0,-18,0,-18,1,1,1,960,544.56,960,544.56,13459,0,0,0,0,0,0,0
1615,1890,38289088,36161500,22637,7933,93,7955,0,0,-18,0,-18,1,1,1,960,544.56,960,544.56,14167,0,0,0,0,0,0,0
1616,1891,33882752,35961917,22493,7933,93,7955,0,0,-18,0,-18,1,1,1,960,544.56,960,544.56,15166,0,0,0,0,0,0,0
1617,1892,36725163,36674042,22073,7933,93,7955,0,0,-18,0,-18,1,1,1,960,544.56,960,544.56,17167,0,0,0,0,0,0,0
1618,1893,37914667,36882541,22073,7933,93,7955,0,0,-18,0,-18,1,1,1,960,544.56,960,544.56,18041,0,0,0,0,0,0,0
1619,1894,38048207,39037667,22137,7933,93,7955,0,0,-18,0,-18,1,1,1,960,544.56,960,544.56,14667,0,0,0,0,0,0,0
1620,1895,46756081,46535458,22073,7933,93,7955,0,0,-18,0,-18,1,1,1,960,544.56,960,544.56,19791,0,0,0,0,0,0,0
1621,1896,64279466,62421292,22161,7934,94,7956,0,0,-18,0,-18,1,1,1,960,544.56,960,544.56,22875,0,0,0,0,0,0,0
1622,1897,64906246,66659041,22189,7933,96,7955,0,0,-18,0,-18,1,1,1,960,544.56,960,544.56,29208,0,0,0,0,0,0,0
1623,1898,72077080,70007250,22073,7933,93,7955,0,0,-18,0,-18,1,1,1,960,544.56,960,544.56,29166,0,0,0,0,0,0,0
1624,1899,66101081,67834625,22225,7933,93,7955,0,0,-18,0,-18,1,1,1,960,544.56,960,544.56,20042,0,0,0,0,0,0,0
1625,1900,69932743,66726417,22689,7933,93,7955,0,0,-18,0,-18,1,1,1,960,544.56,960,544.56,28958,0,0,0,0,0,0,0
1626,1901,64243629,67690542,22353,7933,93,7955,0,0,-18,0,-18,1,1,1,960,544.56,960,544.56,30125,0,0,0,0,0,0,0
1627,1902,58171123,56678042,22161,7933,93,7955,0,0,-18,0,-18,1,1,1,960,544.56,960,544.56,28875,0,0,0,0,0,0,0
1628,1903,56915957,58588667,22137,7933,93,7955,0,0,-18,0,-18,1,1,1,960,544.56,960,544.56,24291,0,0,0,0,0,0,0
1629,1904,48950664,47576916,22125,7933,96,7955,0,0,-18,0,-18,1,1,1,960,544.56,960,544.56,20417,0,0,0,0,0,0,0
1630,1905,44917043,46250166,22225,7933,93,7955,0,0,-18,0,-18,1,1,1,960,544.56,960,544.56,19333,0,0,0,0,0,0,0
1631,1906,47908376,47705917,22073,7933,93,7955,0,0,-18,0,-18,1,1,1,960,544.56,960,544.56,21125,0,0,0,0,0,0,0
1632,1907,54976083,52955375,22073,7933,93,7955,0,0,-18,0,-18,1,1,1,960,544.56,960,544.56,22750,0,0,0,0,0,0,0
1633,1908,54481953,56521333,22137,7933,93,7955,0,0,-18,0,-18,1,1,1,960,544.56,960,544.56,23875,0,0,0,0,0,0,0
1634,1909,58429088,54964083,22777,7933,93,7955,0,0,-18,0,-18,1,1,1,960,544.56,960,544.56,23041,0,0,0,0,0,0,0
1635,1910,51336705,54737542,22353,7933,93,7955,0,0,-18,0,-18,1,1,1,960,544.56,960,544.56,22500,0,0,0,0,0,0,0
1636,1911,57415332,55835708,22073,7934,94,7956,0,0,-18,0,-18,1,1,1,960,544.56,960,544.56,23208,0,0,0,0,0,0,0
1637,1912,62041956,63656000,22225,7933,93,7955,0,0,-18,0,-18,1,1,1,960,544.56,960,544.56,33250,0,0,0,0,0,0,0
1638,1913,58621037,57050583,22125,7933,93,7955,0,0,-18,0,-18,1,1,1,960,544.56,960,544.56,25166,0,0,0,0,0,0,0
1639,1914,48719126,50146791,22137,7933,96,7955,0,0,-18,0,-18,1,1,1,960,544.56,960,544.56,22583,0,0,0,0,0,0,0
1640,1915,43380796,43519584,22161,7933,93,7955,0,0,-18,0,-18,1,1,1,960,544.56,960,544.56,19000,0,0,0,0,0,0,0
1641,1916,39987500,38852292,22073,7933,93,7955,0,0,-18,0,-18,1,1,1,960,544.56,960,544.56,19625,0,0,0,0,0,0,0
1642,1917,36183044,37359958,22137,7933,93,7955,0,0,-18,0,-18,1,1,1,960,544.56,960,544.56,16458,0,0,0,0,0,0,0
1643,1918,34007787,33920333,22125,7933,93,7955,0,0,-18,0,-18,1,1,1,960,544.56,960,544.56,15250,0,0,0,0,0,0,0
1644,1919,35563081,33724542,22725,7933,93,7955,0,0,-18,0,-18,1,1,1,960,544.56,960,544.56,15000,0,0,0,0,0,0,0
1645,1920,32032504,33891250,22353,7933,93,7955,0,0,-18,0,-18,1,1,1,960,544.56,960,544.56,15542,0,0,0,0,0,0,0
1646,1921,34231625,34216334,22073,7933,93,7955,0,0,-18,0,-18,1,1,1,960,544.56,960,544.56,14666,0,0,0,0,0,0,0
1647,1922,34343663,33254792,22073,7933,93,7955,0,0,-18,0,-18,1,1,1,960,544.56,960,544.56,15291,0,0,0,0,0,0,0
1648,1923,32176084,33224458,22137,7933,93,7955,0,0,-18,0,-18,1,1,1,960,544.56,960,544.56,14875,0,0,0,0,0,0,0
1649,1924,33096626,33129375,22213,7933,93,7955,0,0,-18,0,-18,1,1,1,960,544.56,960,544.56,14709,0,0,0,0,0,0,0
1650,1925,37069246,35980417,22073,7933,93,7955,0,0,-18,0,-18,1,1,1,960,544.56,960,544.56,15875,0,0,0,0,0,0,0
1651,1926,31407915,32478541,22137,7934,97,7956,0,0,-18,0,-18,1,1,1,960,544.56,960,544.56,14500,0,0,0,0,0,0,0
1652,1927,30364207,30357583,22073,7933,93,7955,0,0,-18,0,-18,1,1,1,960,544.56,960,544.56,12875,0,0,0,0,0,0,0
1653,1928,30254045,30194333,22073,7933,93,7955,0,0,-18,0,-18,1,1,1,960,544.56,960,544.56,13583,0,0,0,0,0,0,0
1654,1929,31322330,30347458,22161,7933,93,7955,0,0,-18,0,-18,1,1,1,960,544.56,960,544.56,12667,0,0,0,0,0,0,0
1655,1930,29218502,30190708,22137,7933,93,7955,0,0,-18,0,-18,1,1,1,960,544.56,960,544.56,12791,0,0,0,0,0,0,0
1656,1931,32699957,32698792,22125,7933,93,7955,0,0,-18,0,-18,1,1,1,960,544.56,960,544.56,12958,0,0,0,0,0,0,0
1657,1932,31689003,31658625,22073,7933,93,7955,0,0,-18,0,-18,1,1,1,960,544.56,960,544.56,13750,0,0,0,0,0,0,0
1658,1933,33900830,32863542,22073,7933,93,7955,0,0,-18,0,-18,1,1,1,960,544.56,960,544.56,14208,0,0,0,0,0,0,0
1659,1934,32058417,33069083,22225,7933,93,7955,0,0,-18,0,-18,1,1,1,960,544.56,960,544.56,14292,0,0,0,0,0,0,0
1660,1935,34872420,33791667,22637,7933,93,7955,0,0,-18,0,-18,1,1,1,960,544.56,960,544.56,14083,0,0,0,0,0,0,0
1661,1936,34710709,34677125,22289,7933,93,7955,0,0,-18,0,-18,1,1,1,960,544.56,960,544.56,13291,0,0,0,0,0,0,0
1662,1937,34145995,35217375,22137,7933,93,7955,0,0,-18,0,-18,1,1,1,960,544.56,960,544.56,14417,0,0,0,0,0,0,0
1663,1938,37639625,37443958,22125,7933,93,7955,0,0,-18,0,-18,1,1,1,960,544.56,960,544.56,14916,0,0,0,0,0,0,0
1664,1939,37084877,36119042,22161,7933,93,7955,0,0,-18,0,-18,1,1,1,960,544.56,960,544.56,15500,0,0,0,0,0,0,0
1665,1940,36298003,37355583,22137,7933,93,7955,0,0,-18,0,-18,1,1,1,960,544.56,960,544.56,14917,0,0,0,0,0,0,0
1666,1941,40911577,40938000,22073,7934,94,7956,0,0,-18,0,-18,1,1,1,960,544.56,960,544.56,17541,0,0,0,0,0,0,0
1667,1942,44508501,42379292,22073,7933,96,7955,0,0,-18,0,-18,1,1,1,960,544.56,960,544.56,15209,0,0,0,0,0,0,0
1668,1943,49847830,51658708,22225,7933,93,7955,0,0,-18,0,-18,1,1,1,960,544.56,960,544.56,18709,0,0,0,0,0,0,0
1669,1944,68187959,66104334,22125,7933,93,7955,0,0,-18,0,-18,1,1,1,960,544.56,960,544.56,21958,0,0,0,0,0,0,0
1670,1945,72491668,74083542,22137,7933,93,7955,0,0,-18,0,-18,1,1,1,960,544.56,960,544.56,27792,0,0,0,0,0,0,0
1671,1946,82035414,79417167,22725,7933,93,7955,0,0,-18,0,-18,1,1,1,960,544.56,960,544.56,20667,0,0,0,0,0,0,0
1672,1947,66990122,69947458,22405,7933,93,7955,0,0,-18,0,-18,1,1,1,960,544.56,960,544.56,37833,0,0,0,0,0,0,0
1673,1948,72007626,69765292,22073,7933,93,7955,0,0,-18,0,-18,1,1,1,960,544.56,960,544.56,28750,0,0,0,0,0,0,0
1674,1949,65222710,67557209,22225,7933,93,7955,0,0,-18,0,-18,1,1,1,960,544.56,960,544.56,28750,0,0,0,0,0,0,0
1675,1950,58404706,56644709,22125,7933,96,7955,0,0,-18,0,-18,1,1,1,960,544.56,960,544.56,23750,0,0,0,0,0,0,0
1676,1951,54199505,55830000,22137,7933,93,7955,0,0,-18,0,-18,1,1,1,960,544.56,960,544.56,23750,0,0,0,0,0,0,0
1677,1952,52284203,51067458,22161,7933,93,7955,0,0,-18,0,-18,1,1,1,960,544.56,960,544.56,26000,0,0,0,0,0,0,0
1678,1953,45737501,46997208,22137,7933,93,7955,0,0,-18,0,-18,1,1,1,960,544.56,960,544.56,19083,0,0,0,0,0,0,0
1679,1954,53569253,51918334,22689,7933,93,7955,0,0,-18,0,-18,1,1,1,960,544.56,960,544.56,20166,0,0,0,0,0,0,0
1680,1955,56253414,56134167,22377,7933,93,7955,0,0,-18,0,-18,1,1,1,960,544.56,960,544.56,23333,0,0,0,0,0,0,0
1681,1956,52538294,54066375,22137,7934,94,7956,0,0,-18,0,-18,1,1,1,960,544.56,960,544.56,22708,0,0,0,0,0,0,0
1682,1957,54517537,53014917,22073,7933,93,7955,0,0,-18,0,-18,1,1,1,960,544.56,960,544.56,24875,0,0,0,0,0,0,0
1683,1958,56026168,57608042,22277,7933,93,7955,0,0,-18,0,-18,1,1,1,960,544.56,960,544.56,28833,0,0,0,0,0,0,0
1684,1959,54167829,52568750,22073,7933,96,7955,0,0,-18,0,-18,1,1,1,960,544.56,960,544.56,21291,0,0,0,0,0,0,0
1685,1960,54589044,56138750,22137,7933,93,7955,0,0,-18,0,-18,1,1,1,960,544.56,960,544.56,25042,0,0,0,0,0,0,0
1686,1961,56460794,54869459,22161,7933,93,7955,0,0,-18,0,-18,1,1,1,960,544.56,960,544.56,22917,0,0,0,0,0,0,0
1687,1962,53221832,54843417,22189,7933,93,7955,0,0,-18,0,-18,1,1,1,960,544.56,960,544.56,23125,0,0,0,0,0,0,0
1688,1963,55342998,52251541,22637,7933,93,7955,0,0,-18,0,-18,1,1,1,960,544.56,960,544.56,23833,0,0,0,0,0,0,0
1689,1964,45580457,48706208,22441,7933,93,7955,0,0,-18,0,-18,1,1,1,960,544.56,960,544.56,22417,0,0,0,0,0,0,0
1690,1965,43638627,43597292,22073,7933,93,7955,0,0,-18,0,-18,1,1,1,960,544.56,960,544.56,21208,0,0,0,0,0,0,0
1691,1966,40400043,39229667,22073,7933,93,7955,0,0,-18,0,-18,1,1,1,960,544.56,960,544.56,19333,0,0,0,0,0,0,0
1692,1967,36965873,38094292,22189,7933,93,7955,0,0,-18,0,-18,1,1,1,960,544.56,960,544.56,16750,0,0,0,0,0,0,0
1693,1968,36726333,36807125,22161,7933,93,7955,0,0,-18,0,-18,1,1,1,960,544.56,960,544.56,16792,0,0,0,0,0,0,0
1694,1969,35049665,33898042,22073,7933,96,7955,0,0,-18,0,-18,1,1,1,960,544.56,960,544.56,14375,0,0,0,0,0,0,0
1695,1970,33092793,34219375,22137,7933,93,7955,0,0,-18,0,-18,1,1,1,960,544.56,960,544.56,14958,0,0,0,0,0,0,0
1696,1971,33909920,33859042,22073,7934,94,7956,0,0,-18,0,-18,1,1,1,960,544.56,960,544.56,14834,0,0,0,0,0,0,0
1697,1972,35384077,34254917,22073,7933,93,7955,0,0,-18,0,-18,1,1,1,960,544.56,960,544.56,15417,0,0,0,0,0,0,0
1698,1973,32850835,33969417,22277,7933,93,7955,0,0,-18,0,-18,1,1,1,960,544.56,960,544.56,14542,0,0,0,0,0,0,0
1699,1974,33930961,33918708,22073,7933,93,7955,0,0,-18,0,-18,1,1,1,960,544.56,960,544.56,18750,0,0,0,0,0,0,0
1700,1975,34541375,33428125,22073,7933,93,7955,0,0,-18,0,-18,1,1,1,960,544.56,960,544.56,18291,0,0,0,0,0,0,0
1701,1976,34472249,34457208,22701,7933,93,7955,0,0,-18,0,-18,1,1,1,960,544.56,960,544.56,14875,0,0,0,0,0,0,0
1702,1977,35922251,36780041,22289,7933,93,7955,0,0,-18,0,-18,1,1,1,960,544.56,960,544.56,14834,0,0,0,0,0,0,0
1703,1978,39008121,38128500,22161,7933,93,7955,0,0,-18,0,-18,1,1,1,960,544.56,960,544.56,15625,0,0,0,0,0,0,0
1704,1979,35869210,36901542,22189,7933,93,7955,0,0,-18,0,-18,1,1,1,960,544.56,960,544.56,15333,0,0,0,0,0,0,0
1705,1980,39143998,38972500,22073,7933,93,7955,0,0,-18,0,-18,1,1,1,960,544.56,960,544.56,15541,0,0,0,0,0,0,0
1706,1981,41199207,39645125,22073,7933,93,7955,0,0,-18,0,-18,1,1,1,960,544.56,960,544.56,15333,0,0,0,0,0,0,0
1707,1982,45015376,46637708,22225,7933,93,7955,0,0,-18,0,-18,1,1,1,960,544.56,960,544.56,18375,0,0,0,0,0,0,0
1708,1983,50233460,50055958,22073,7933,96,7955,0,0,-18,0,-18,1,1,1,960,544.56,960,544.56,25291,0,0,0,0,0,0,0
1709,1984,66738583,64737625,22125,7933,93,7955,0,0,-18,0,-18,1,1,1,960,544.56,960,544.56,22833,0,0,0,0,0,0,0
1710,1985,65492078,67293333,22225,7933,93,7955,0,0,-18,0,-18,1,1,1,960,544.56,960,544.56,28458,0,0,0,0,0,0,0
1711,1986,102448582,97006292,22637,7934,94,7956,0,0,-18,0,-18,1,1,1,960,544.56,960,544.56,20042,0,0,0,0,0,0,0
1712,1987,65727047,71102542,22493,7933,93,7955,0,0,-18,0,-18,1,1,1,960,544.56,960,544.56,19417,0,0,0,0,0,0,0
1713,1988,73651582,71827334,22073,7933,93,7955,0,0,-18,0,-18,1,1,1,960,544.56,960,544.56,28750,0,0,0,0,0,0,0
1714,1989,65179623,67023000,22137,7933,93,7955,0,0,-18,0,-18,1,1,1,960,544.56,960,544.56,29292,0,0,0,0,0,0,0
1715,1990,60100872,58639834,22213,7933,93,7955,0,0,-18,0,-18,1,1,1,960,544.56,960,544.56,23834,0,0,0,0,0,0,0
1716,1991,45712165,47352667,22137,7933,96,7955,0,0,-18,0,-18,1,1,1,960,544.56,960,544.56,19375,0,0,0,0,0,0,0
1717,1992,46041376,45935083,22073,7933,93,7955,0,0,-18,0,-18,1,1,1,960,544.56,960,544.56,19833,0,0,0,0,0,0,0
1718,1993,48347454,47230833,22161,7933,93,7955,0,0,-18,0,-18,1,1,1,960,544.56,960,544.56,19458,0,0,0,0,0,0,0
1719,1994,43372001,44504375,22137,7933,93,7955,0,0,-18,0,-18,1,1,1,960,544.56,960,544.56,16166,0,0,0,0,0,0,0
1720,1995,49884125,47911500,22689,7933,93,7955,0,0,-18,0,-18,1,1,1,960,544.56,960,544.56,21708,0,0,0,0,0,0,0
1721,1996,48160374,48203167,22289,7933,93,7955,0,0,-18,0,-18,1,1,1,960,544.56,960,544.56,19583,0,0,0,0,0,0,0
1722,1997,51520876,53216833,22225,7933,93,7955,0,0,-18,0,-18,1,1,1,960,544.56,960,544.56,19791,0,0,0,0,0,0,0
1723,1998,56457959,54824584,22073,7933,93,7955,0,0,-18,0,-18,1,1,1,960,544.56,960,544.56,22625,0,0,0,0,0,0,0
1724,1999,68159870,69692334,22189,7933,93,7955,0,0,-18,0,-18,1,1,1,960,544.56,960,544.56,24917,0,0,0,0,0,0,0
1725,2000,70884749,68946334,22161,7933,96,7955,0,0,-18,0,-18,1,1,1,960,544.56,960,544.56,28209,0,0,0,0,0,0,0
1726,2001,66880211,68723250,22137,7934,94,7956,0,0,-18,0,-18,1,1,1,960,544.56,960,544.56,30666,0,0,0,0,0,0,0
1727,2002,61343878,59708625,22125,7933,93,7955,0,0,-18,0,-18,1,1,1,960,544.56,960,544.56,32500,0,0,0,0,0,0,0
1728,2003,53009085,54769250,22225,7933,93,7955,0,0,-18,0,-18,1,1,1,960,544.56,960,544.56,23333,0,0,0,0,0,0,0
1729,2004,59131368,56155708,22637,7933,93,7955,0,0,-18,0,-18,1,1,1,960,544.56,960,544.56,26875,0,0,0,0,0,0,0
1730,2005,50090290,52940792,22353,7933,93,7955,0,0,-18,0,-18,1,1,1,960,544.56,960,544.56,22958,0,0,0,0,0,0,0
1731,2006,53696166,52237708,22213,7933,93,7955,0,0,-18,0,-18,1,1,1,960,544.56,960,544.56,23208,0,0,0,0,0,0,0
1732,2007,43842628,45429375,22137,7933,93,7955,0,0,-18,0,-18,1,1,1,960,544.56,960,544.56,22916,0,0,0,0,0,0,0
1733,2008,44476248,44490291,22073,7933,93,7955,0,0,-18,0,-18,1,1,1,960,544.56,960,544.56,19625,0,0,0,0,0,0,0
1734,2009,40060169,38790791,22073,7933,96,7955,0,0,-18,0,-18,1,1,1,960,544.56,960,544.56,17291,0,0,0,0,0,0,0
1735,2010,37062328,38311125,22225,7933,93,7955,0,0,-18,0,-18,1,1,1,960,544.56,960,544.56,16625,0,0,0,0,0,0,0
1736,2011,33701170,33708625,22125,7933,93,7955,0,0,-18,0,-18,1,1,1,960,544.56,960,544.56,14625,0,0,0,0,0,0,0
1737,2012,35556830,34478042,22073,7933,93,7955,0,0,-18,0,-18,1,1,1,960,544.56,960,544.56,15291,0,0,0,0,0,0,0
1738,2013,32796960,33852917,22137,7933,93,7955,0,0,-18,0,-18,1,1,1,960,544.56,960,544.56,14625,0,0,0,0,0,0,0
1739,2014,34445457,34361166,22073,7933,93,7955,0,0,-18,0,-18,1,1,1,960,544.56,960,544.56,14625,0,0,0,0,0,0,0
1740,2015,34966044,33961167,22161,7933,93,7955,0,0,-18,0,-18,1,1,1,960,544.56,960,544.56,15583,0,0,0,0,0,0,0
1741,2016,33698581,33551792,22701,7934,94,7956,0,0,-18,0,-18,1,1,1,960,544.56,960,544.56,14208,0,0,0,0,0,0,0
1742,2017,32548043,33720208,22341,7933,93,7955,0,0,-18,0,-18,1,1,1,960,544.56,960,544.56,14417,0,0,0,0,0,0,0
1743,2018,34577332,33479500,22073,7933,93,7955,0,0,-18,0,-18,1,1,1,960,544.56,960,544.56,14250,0,0,0,0,0,0,0
1744,2019,32763082,33784250,22137,7933,93,7955,0,0,-18,0,-18,1,1,1,960,544.56,960,544.56,14667,0,0,0,0,0,0,0
1745,2020,32452329,32478750,22161,7933,93,7955,0,0,-18,0,-18,1,1,1,960,544.56,960,544.56,15375,0,0,0,0,0,0,0
1746,2021,30340043,30356917,22073,7933,93,7955,0,0,-18,0,-18,1,1,1,960,544.56,960,544.56,13292,0,0,0,0,0,0,0
1747,2022,33819500,32756833,22073,7933,93,7955,0,0,-18,0,-18,1,1,1,960,544.56,960,544.56,14917,0,0,0,0,0,0,0
1748,2023,30326083,31337792,22137,7933,96,7955,0,0,-18,0,-18,1,1,1,960,544.56,960,544.56,12791,0,0,0,0,0,0,0
1749,2024,35913500,35840417,22125,7933,93,7955,0,0,-18,0,-18,1,1,1,960,544.56,960,544.56,13208,0,0,0,0,0,0,0
1750,2025,37540078,36483875,22161,7933,93,7955,0,0,-18,0,-18,1,1,1,960,544.56,960,544.56,14583,0,0,0,0,0,0,0
1751,2026,34585047,35662667,22137,7933,93,7955,0,0,-18,0,-18,1,1,1,960,544.56,960,544.56,14541,0,0,0,0,0,0,0
1752,2027,36562286,36222292,22073,7933,93,7955,0,0,-18,0,-18,1,1,1,960,544.56,960,544.56,14625,0,0,0,0,0,0,0
1753,2028,37787668,36425750,22073,7933,93,7955,0,0,-18,0,-18,1,1,1,960,544.56,960,544.56,16292,0,0,0,0,0,0,0
1754,2029,35406745,36962417,22137,7933,93,7955,0,0,-18,0,-18,1,1,1,960,544.56,960,544.56,14834,0,0,0,0,0,0,0
1755,2030,38665957,37163083,22777,7933,93,7955,0,0,-18,0,-18,1,1,1,960,544.56,960,544.56,15542,0,0,0,0,0,0,0
1756,2031,44247206,44111208,22289,7934,94,7956,0,0,-18,0,-18,1,1,1,960,544.56,960,544.56,16584,0,0,0,0,0,0,0
1757,2032,46899002,48415375,22137,7933,93,7955,0,0,-18,0,-18,1,1,1,960,544.56,960,544.56,19458,0,0,0,0,0,0,0
1758,2033,66497541,64383458,22073,7933,93,7955,0,0,-18,0,-18,1,1,1,960,544.56,960,544.56,22833,0,0,0,0,0,0,0
1759,2034,71052297,73055125,22225,7933,93,7955,0,0,-18,0,-18,1,1,1,960,544.56,960,544.56,30500,0,0,0,0,0,0,0
1760,2035,71933783,69964958,22125,7933,96,7955,0,0,-18,0,-18,1,1,1,960,544.56,960,544.56,29958,0,0,0,0,0,0,0
1761,2036,67138046,68953459,22137,7933,93,7955,0,0,-18,0,-18,1,1,1,960,544.56,960,544.56,28417,0,0,0,0,0,0,0
1762,2037,68489000,66367208,22161,7933,93,7955,0,0,-18,0,-18,1,1,1,960,544.56,960,544.56,35333,0,0,0,0,0,0,0
1763,2038,59961374,60394167,22753,7933,93,7955,0,0,-18,0,-18,1,1,1,960,544.56,960,544.56,28459,0,0,0,0,0,0,0
1764,2039,56900452,56798292,22289,7933,93,7955,0,0,-18,0,-18,1,1,1,960,544.56,960,544.56,23500,0,0,0,0,0,0,0
1765,2040,49577254,51475791,22225,7933,93,7955,0,0,-18,0,-18,1,1,1,960,544.56,960,544.56,26417,0,0,0,0,0,0,0
1766,2041,47582872,47558333,22073,7933,93,7955,0,0,-18,0,-18,1,1,1,960,544.56,960,544.56,20084,0,0,0,0,0,0,0
1767,2042,50208587,48577084,22125,7933,93,7955,0,0,-18,0,-18,1,1,1,960,544.56,960,544.56,19791,0,0,0,0,0,0,0
1768,2043,57624369,59168042,22137,7933,93,7955,0,0,-18,0,-18,1,1,1,960,544.56,960,544.56,24542,0,0,0,0,0,0,0
1769,2044,56311082,54791292,22161,7933,96,7955,0,0,-18,0,-18,1,1,1,960,544.56,960,544.56,21875,0,0,0,0,0,0,0
1770,2045,54825793,56298625,22137,7933,93,7955,0,0,-18,0,-18,1,1,1,960,544.56,960,544.56,22000,0,0,0,0,0,0,0
1771,2046,56876376,54911000,22125,7934,94,7956,0,0,-18,0,-18,1,1,1,960,544.56,960,544.56,22583,0,0,0,0,0,0,0
1772,2047,54096087,55995792,22225,7933,93,7955,0,0,-18,0,-18,1,1,1,960,544.56,960,544.56,22916,0,0,0,0,0,0,0
1773,2048,56328579,53317417,22637,7933,93,7955,0,0,-18,0,-18,1,1,1,960,544.56,960,544.56,23084,0,0,0,0,0,0,0
1774,2049,49544125,52487167,22353,7933,93,7955,0,0,-18,0,-18,1,1,1,960,544.56,960,544.56,23167,0,0,0,0,0,0,0
1775,2050,50175331,49005083,22213,7933,93,7955,0,0,-18,0,-18,1,1,1,960,544.56,960,544.56,23959,0,0,0,0,0,0,0
1776,2051,42026791,43299500,22137,7933,93,7955,0,0,-18,0,-18,1,1,1,960,544.56,960,544.56,19084,0,0,0,0,0,0,0
1777,2052,42813412,42827542,22073,7933,93,7955,0,0,-18,0,-18,1,1,1,960,544.56,960,544.56,19583,0,0,0,0,0,0,0
1778,2053,39479456,38223750,22073,7933,96,7955,0,0,-18,0,-18,1,1,1,960,544.56,960,544.56,17500,0,0,0,0,0,0,0
1779,2054,35849589,37097000,22225,7933,93,7955,0,0,-18,0,-18,1,1,1,960,544.56,960,544.56,16458,0,0,0,0,0,0,0
1780,2055,34271165,34245292,22125,7933,93,7955,0,0,-18,0,-18,1,1,1,960,544.56,960,544.56,14416,0,0,0,0,0,0,0
1781,2056,34690368,33600875,22073,7933,93,7955,0,0,-18,0,-18,1,1,1,960,544.56,960,544.56,15458,0,0,0,0,0,0,0
1782,2057,32677713,33736375,22137,7933,93,7955,0,0,-18,0,-18,1,1,1,960,544.56,960,544.56,14542,0,0,0,0,0,0,0
1783,2058,33999666,33953250,22073,7933,93,7955,0,0,-18,0,-18,1,1,1,960,544.56,960,544.56,14917,0,0,0,0,0,0,0
1784,2059,35190165,34093583,22161,7933,93,7955,0,0,-18,0,-18,1,1,1,960,544.56,960,544.56,14709,0,0,0,0,0,0,0
1785,2060,33583957,33571333,22701,7933,93,7955,0,0,-18,0,-18,1,1,1,960,544.56,960,544.56,14625,0,0,0,0,0,0,0
1786,2061,32483913,33582500,22341,7934,94,7956,0,0,-18,0,-18,1,1,1,960,544.56,960,544.56,14417,0,0,0,0,0,0,0
1787,2062,34623667,33537542,22073,7933,93,7955,0,0,-18,0,-18,1,1,1,960,544.56,960,544.56,15083,0,0,0,0,0,0,0
1788,2063,32929338,33930917,22137,7933,93,7955,0,0,-18,0,-18,1,1,1,960,544.56,960,544.56,15875,0,0,0,0,0,0,0
1789,2064,32877750,32963417,22161,7933,93,7955,0,0,-18,0,-18,1,1,1,960,544.56,960,544.56,14292,0,0,0,0,0,0,0
1790,2065,31674750,31640750,22073,7933,93,7955,0,0,-18,0,-18,1,1,1,960,544.56,960,544.56,13250,0,0,0,0,0,0,0
1791,2066,35336457,34336917,22073,7933,93,7955,0,0,-18,0,-18,1,1,1,960,544.56,960,544.56,15500,0,0,0,0,0,0,0
1792,2067,30463831,31417292,22189,7933,96,7955,0,0,-18,0,-18,1,1,1,960,544.56,960,544.56,13042,0,0,0,0,0,0,0
1793,2068,31854618,31797125,22073,7933,93,7955,0,0,-18,0,-18,1,1,1,960,544.56,960,544.56,13792,0,0,0,0,0,0,0
1794,2069,32869167,32892750,22161,7933,93,7955,0,0,-18,0,-18,1,1,1,960,544.56,960,544.56,14875,0,0,0,0,0,0,0
1795,2070,34878414,33796042,22073,7933,93,7955,0,0,-18,0,-18,1,1,1,960,544.56,960,544.56,13167,0,0,0,0,0,0,0
1796,2071,35596668,36628750,22137,7933,93,7955,0,0,-18,0,-18,1,1,1,960,544.56,960,544.56,14667,0,0,0,0,0,0,0
1797,2072,35941623,35799750,22073,7933,93,7955,0,0,-18,0,-18,1,1,1,960,544.56,960,544.56,14833,0,0,0,0,0,0,0
1798,2073,36325957,35275750,22125,7933,93,7955,0,0,-18,0,-18,1,1,1,960,544.56,960,544.56,16459,0,0,0,0,0,0,0
1799,2074,34692794,35783167,22225,7933,93,7955,0,0,-18,0,-18,1,1,1,960,544.56,960,544.56,17125,0,0,0,0,0,0,0
