frame_index,read_frame_count,unscaled_delta_ns,main_thread_ns,gc_alloc_bytes,batches,set_pass_calls,draw_calls,engine_controller_update_ns,intended_cell_x,intended_cell_y,actual_cell_x,actual_cell_y,cell_match,input_checked,mouse_is_virtual,injected_x,injected_y,read_x,read_y,tnd_bench_t1_hover_ns,tnd_bench_t1_reclassify_ns,tnd_bench_t1_hoveredborder_ns,tnd_bench_t1_hoveredborderrebuild_ns,tnd_bench_t1_modeenter_ns,tnd_bench_t1_conquerui_ns,tnd_bench_s0_hover_ns,tnd_bench_s0_rebuild_ns
0,275,54971046,36605792,102411,7933,93,7955,0,0,-18,0,-18,1,1,1,960,544.56,960,544.56,15291,0,0,0,0,0,0,0
1,276,39870832,40965375,207321,7934,94,7956,0,0,-18,0,-18,1,1,1,960,544.56,960,544.56,15583,0,0,0,0,0,0,0
2,277,37735953,37800208,22161,7933,93,7955,0,0,-18,0,-18,1,1,1,960,544.56,960,544.56,16959,0,0,0,0,0,0,0
3,278,36414001,34842334,22073,7933,96,7955,0,0,-18,0,-18,1,1,1,960,544.56,960,544.56,14875,0,0,0,0,0,0,0
4,279,36031249,37546875,22189,7933,93,7955,0,0,-18,0,-18,1,1,1,960,544.56,960,544.56,14959,0,0,0,0,0,0,0
5,280,38677792,38634333,22073,7933,93,7955,0,0,-18,0,-18,1,1,1,960,544.56,960,544.56,14958,0,0,0,0,0,0,0
6,281,44926375,43476916,22073,7933,93,7955,0,0,-18,0,-18,1,1,1,960,544.56,960,544.56,20375,0,0,0,0,0,0,0
7,282,52851162,52448375,22789,7933,93,7955,0,0,-18,0,-18,1,1,1,960,544.56,960,544.56,20125,0,0,0,0,0,0,0
8,283,65723419,65496375,22289,7933,93,7955,0,0,-18,0,-18,1,1,1,960,544.56,960,544.56,23458,0,0,0,0,0,0,0
9,284,68438500,69976166,22189,7933,93,7955,0,0,-18,0,-18,1,1,1,960,544.56,960,544.56,29083,0,0,0,0,0,0,0
10,285,77414251,75502375,22161,7933,93,7955,0,0,-18,0,-18,1,1,1,960,544.56,960,544.56,25750,0,0,0,0,0,0,0
11,286,64621083,66702833,22137,7933,93,7955,0,0,-18,0,-18,1,1,1,960,544.56,960,544.56,25125,0,0,0,0,0,0,0
12,287,75266920,72063792,22125,7933,93,7955,0,0,-18,0,-18,1,1,1,960,544.56,960,544.56,30250,0,0,0,0,0,0,0
13,288,58958742,62241625,22225,7933,96,7955,0,0,-18,0,-18,1,1,1,960,544.56,960,544.56,29334,0,0,0,0,0,0,0
14,289,53802501,52207833,22073,7933,93,7955,0,0,-18,0,-18,1,1,1,960,544.56,960,544.56,22916,0,0,0,0,0,0,0
15,290,46698499,46823334,22701,7933,93,7955,0,0,-18,0,-18,1,1,1,960,544.56,960,544.56,20666,0,0,0,0,0,0,0
16,291,41437335,42728459,22429,7934,94,7956,0,0,-18,0,-18,1,1,1,960,544.56,960,544.56,19375,0,0,0,0,0,0,0
17,292,41658043,40144583,22073,7933,93,7955,0,0,-18,0,-18,1,1,1,960,544.56,960,544.56,17417,0,0,0,0,0,0,0
18,293,42039915,43430792,22137,7933,93,7955,0,0,-18,0,-18,1,1,1,960,544.56,960,544.56,17583,0,0,0,0,0,0,0
19,294,42542751,42590500,22073,7933,93,7955,0,0,-18,0,-18,1,1,1,960,544.56,960,544.56,20083,0,0,0,0,0,0,0
20,295,47681704,46390625,22161,7933,93,7955,0,0,-18,0,-18,1,1,1,960,544.56,960,544.56,19000,0,0,0,0,0,0,0
21,296,48945832,50200000,22189,7933,93,7955,0,0,-18,0,-18,1,1,1,960,544.56,960,544.56,19583,0,0,0,0,0,0,0
22,297,60216836,57858917,22073,7933,93,7955,0,0,-18,0,-18,1,1,1,960,544.56,960,544.56,23208,0,0,0,0,0,0,0
23,298,54116915,56422292,22225,7933,96,7955,0,0,-18,0,-18,1,1,1,960,544.56,960,544.56,32083,0,0,0,0,0,0,0
24,299,69547377,67536917,22073,7933,93,7955,0,0,-18,0,-18,1,1,1,960,544.56,960,544.56,28709,0,0,0,0,0,0,0
25,300,70147581,69934542,22753,7933,93,7955,0,0,-18,0,-18,1,1,1,960,544.56,960,544.56,29792,0,0,0,0,0,0,0
26,301,67274332,67398792,22377,7933,93,7955,0,0,-18,0,-18,1,1,1,960,544.56,960,544.56,30000,0,0,0,0,0,0,0
27,302,67144080,69068042,22137,7933,93,7955,0,0,-18,0,-18,1,1,1,960,544.56,960,544.56,32125,0,0,0,0,0,0,0
28,303,74520498,71777833,22125,7933,93,7955,0,0,-18,0,-18,1,1,1,960,544.56,960,544.56,29791,0,0,0,0,0,0,0
29,304,59654664,62440500,22225,7933,93,7955,0,0,-18,0,-18,1,1,1,960,544.56,960,544.56,30417,0,0,0,0,0,0,0
30,305,64142458,62574000,22073,7933,93,7955,0,0,-18,0,-18,1,1,1,960,544.56,960,544.56,23875,0,0,0,0,0,0,0
31,306,56692834,58072042,22137,7934,97,7956,0,0,-18,0,-18,1,1,1,960,544.56,960,544.56,23458,0,0,0,0,0,0,0
32,307,62423370,59652459,22777,7933,93,7955,0,0,-18,0,-18,1,1,1,960,544.56,960,544.56,23750,0,0,0,0,0,0,0
33,308,62722750,65536292,22353,7933,93,7955,0,0,-18,0,-18,1,1,1,960,544.56,960,544.56,19750,0,0,0,0,0,0,0
34,309,71353375,69249042,22073,7933,93,7955,0,0,-18,0,-18,1,1,1,960,544.56,960,544.56,29542,0,0,0,0,0,0,0
35,310,66072337,68081750,22225,7933,93,7955,0,0,-18,0,-18,1,1,1,960,544.56,960,544.56,33250,0,0,0,0,0,0,0
36,311,63606038,61572167,22125,7933,93,7955,0,0,-18,0,-18,1,1,1,960,544.56,960,544.56,24208,0,0,0,0,0,0,0
37,312,66104248,68167292,22137,7933,93,7955,0,0,-18,0,-18,1,1,1,960,544.56,960,544.56,25792,0,0,0,0,0,0,0
38,313,57101543,55099166,22161,7933,96,7955,0,0,-18,0,-18,1,1,1,960,544.56,960,544.56,23084,0,0,0,0,0,0,0
39,314,54943040,56978875,22137,7933,93,7955,0,0,-18,0,-18,1,1,1,960,544.56,960,544.56,24208,0,0,0,0,0,0,0
40,315,58106746,54926125,22689,7933,93,7955,0,0,-18,0,-18,1,1,1,960,544.56,960,544.56,23958,0,0,0,0,0,0,0
41,316,44333588,47409500,22441,7933,93,7955,0,0,-18,0,-18,1,1,1,960,544.56,960,544.56,26000,0,0,0,0,0,0,0
42,317,47796458,47768833,22073,7933,93,7955,0,0,-18,0,-18,1,1,1,960,544.56,960,544.56,19625,0,0,0,0,0,0,0
43,318,49715831,47749958,22073,7933,93,7955,0,0,-18,0,-18,1,1,1,960,544.56,960,544.56,19625,0,0,0,0,0,0,0
44,319,46898540,48640667,22137,7933,93,7955,0,0,-18,0,-18,1,1,1,960,544.56,960,544.56,19708,0,0,0,0,0,0,0
45,320,55177338,53685625,22213,7933,93,7955,0,0,-18,0,-18,1,1,1,960,544.56,960,544.56,23166,0,0,0,0,0,0,0
46,321,53588788,55128666,22137,7934,94,7956,0,0,-18,0,-18,1,1,1,960,544.56,960,544.56,25958,0,0,0,0,0,0,0
47,322,60626205,58845250,22073,7933,93,7955,0,0,-18,0,-18,1,1,1,960,544.56,960,544.56,23500,0,0,0,0,0,0,0
48,323,53385585,55180042,22225,7933,96,7955,0,0,-18,0,-18,1,1,1,960,544.56,960,544.56,24042,0,0,0,0,0,0,0
49,324,57070288,55424292,22125,7933,93,7955,0,0,-18,0,-18,1,1,1,960,544.56,960,544.56,23500,0,0,0,0,0,0,0
50,325,54978337,54931625,22701,7933,93,7955,0,0,-18,0,-18,1,1,1,960,544.56,960,544.56,23000,0,0,0,0,0,0,0
51,326,54815828,54902958,22377,7933,93,7955,0,0,-18,0,-18,1,1,1,960,544.56,960,544.56,26000,0,0,0,0,0,0,0
52,327,48690669,50213667,22137,7933,93,7955,0,0,-18,0,-18,1,1,1,960,544.56,960,544.56,82625,0,0,0,0,0,0,0
53,328,44467955,44540250,22125,7933,93,7955,0,0,-18,0,-18,1,1,1,960,544.56,960,544.56,19416,0,0,0,0,0,0,0
54,329,44660501,43266500,22073,7933,93,7955,0,0,-18,0,-18,1,1,1,960,544.56,960,544.56,19584,0,0,0,0,0,0,0
55,330,41228707,42614417,22225,7933,93,7955,0,0,-18,0,-18,1,1,1,960,544.56,960,544.56,18541,0,0,0,0,0,0,0
56,331,38688130,38660167,22073,7933,93,7955,0,0,-18,0,-18,1,1,1,960,544.56,960,544.56,16917,0,0,0,0,0,0,0
57,332,41513208,40165000,22073,7933,93,7955,0,0,-18,0,-18,1,1,1,960,544.56,960,544.56,17916,0,0,0,0,0,0,0
58,333,36502290,37792042,22189,7933,96,7955,0,0,-18,0,-18,1,1,1,960,544.56,960,544.56,16625,0,0,0,0,0,0,0
59,334,33839914,33906917,22161,7933,93,7955,0,0,-18,0,-18,1,1,1,960,544.56,960,544.56,14916,0,0,0,0,0,0,0
60,335,35130292,34010166,22073,7933,93,7955,0,0,-18,0,-18,1,1,1,960,544.56,960,544.56,15208,0,0,0,0,0,0,0
61,336,33196456,34275792,22137,7934,94,7956,0,0,-18,0,-18,1,1,1,960,544.56,960,544.56,15250,0,0,0,0,0,0,0
62,337,35183332,34066375,22637,7933,93,7955,0,0,-18,0,-18,1,1,1,960,544.56,960,544.56,14958,0,0,0,0,0,0,0
63,338,33975664,33935041,22289,7933,93,7955,0,0,-18,0,-18,1,1,1,960,544.56,960,544.56,15041,0,0,0,0,0,0,0
64,339,32594587,33685334,22277,7933,93,7955,0,0,-18,0,-18,1,1,1,960,544.56,960,544.56,14875,0,0,0,0,0,0,0
65,340,33429585,33435833,22073,7933,93,7955,0,0,-18,0,-18,1,1,1,960,544.56,960,544.56,14958,0,0,0,0,0,0,0
66,341,34526750,33446375,22073,7933,93,7955,0,0,-18,0,-18,1,1,1,960,544.56,960,544.56,14375,0,0,0,0,0,0,0
67,342,32446414,33507667,22137,7933,93,7955,0,0,-18,0,-18,1,1,1,960,544.56,960,544.56,14875,0,0,0,0,0,0,0
68,343,33974453,33891542,22073,7933,93,7955,0,0,-18,0,-18,1,1,1,960,544.56,960,544.56,14833,0,0,0,0,0,0,0
69,344,34643705,33580875,22161,7933,93,7955,0,0,-18,0,-18,1,1,1,960,544.56,960,544.56,14834,0,0,0,0,0,0,0
70,345,32579585,33460542,22189,7933,93,7955,0,0,-18,0,-18,1,1,1,960,544.56,960,544.56,15000,0,0,0,0,0,0,0
71,346,36058418,36276625,22073,7933,93,7955,0,0,-18,0,-18,1,1,1,960,544.56,960,544.56,15167,0,0,0,0,0,0,0
72,347,34487541,33374541,22073,7933,96,7955,0,0,-18,0,-18,1,1,1,960,544.56,960,544.56,14750,0,0,0,0,0,0,0
73,348,32567869,33585250,22137,7933,93,7955,0,0,-18,0,-18,1,1,1,960,544.56,960,544.56,15167,0,0,0,0,0,0,0
74,349,33344920,33361500,22161,7933,93,7955,0,0,-18,0,-18,1,1,1,960,544.56,960,544.56,15125,0,0,0,0,0,0,0
75,350,34416668,33342875,22073,7933,93,7955,0,0,-18,0,-18,1,1,1,960,544.56,960,544.56,14750,0,0,0,0,0,0,0
76,351,32427877,33489958,22189,7934,94,7956,0,0,-18,0,-18,1,1,1,960,544.56,960,544.56,14708,0,0,0,0,0,0,0
77,352,34428544,33309208,22637,7933,93,7955,0,0,-18,0,-18,1,1,1,960,544.56,960,544.56,14458,0,0,0,0,0,0,0
78,353,32104875,33140458,22289,7933,93,7955,0,0,-18,0,-18,1,1,1,960,544.56,960,544.56,14625,0,0,0,0,0,0,0
79,354,34716367,33662833,22161,7933,93,7955,0,0,-18,0,-18,1,1,1,960,544.56,960,544.56,14666,0,0,0,0,0,0,0
80,355,34244876,35325584,22137,7933,93,7955,0,0,-18,0,-18,1,1,1,960,544.56,960,544.56,16209,0,0,0,0,0,0,0
81,356,35564251,35523500,22073,7933,93,7955,0,0,-18,0,-18,1,1,1,960,544.56,960,544.56,15500,0,0,0,0,0,0,0
82,357,35931624,34847292,22125,7933,93,7955,0,0,-18,0,-18,1,1,1,960,544.56,960,544.56,15834,0,0,0,0,0,0,0
83,358,37360623,38346291,33179,7933,93,7955,0,0,-18,0,-18,1,1,1,960,544.56,960,544.56,15042,0,0,0,0,0,0,0
84,359,41644338,41598583,22161,7933,93,7955,0,0,-18,0,-18,1,1,1,960,544.56,960,544.56,16875,0,0,0,0,0,0,0
85,360,70058785,67147875,22073,7933,93,7955,0,0,-18,0,-18,1,1,1,960,544.56,960,544.56,23375,0,0,0,0,0,0,0
86,361,88699705,90891541,22137,7933,96,7955,0,0,-18,0,-18,1,1,1,960,544.56,960,544.56,35333,0,0,0,0,0,0,0
87,362,87175548,84914083,22381,7933,93,7955,0,0,-18,0,-18,1,1,1,960,544.56,960,544.56,20667,0,0,0,0,0,0,0
88,363,86902081,85919083,22533,7933,93,7955,0,0,-18,0,-18,1,1,1,960,544.56,960,544.56,25250,0,0,0,0,0,0,0
89,364,72690702,74104000,22377,7933,93,7955,0,0,-18,0,-18,1,1,1,960,544.56,960,544.56,23042,0,0,0,0,0,0,0
90,365,69182217,71205792,22189,7933,93,7955,0,0,-18,0,-18,1,1,1,960,544.56,960,544.56,29084,0,0,0,0,0,0,0
91,366,72887212,70525708,22073,7934,94,7956,0,0,-18,0,-18,1,1,1,960,544.56,960,544.56,29583,0,0,0,0,0,0,0
92,367,79356282,81830459,22225,7933,93,7955,0,0,-18,0,-18,1,1,1,960,544.56,960,544.56,33625,0,0,0,0,0,0,0
93,368,73299288,70387625,22125,7933,96,7955,0,0,-18,0,-18,1,1,1,960,544.56,960,544.56,30167,0,0,0,0,0,0,0
94,369,71254961,74142750,22427,7933,93,7955,0,0,-18,0,-18,1,1,1,960,544.56,960,544.56,30209,0,0,0,0,0,0,0
95,370,74745297,70823667,22435,7933,93,7955,0,0,-18,0,-18,1,1,1,960,544.56,960,544.56,29042,0,0,0,0,0,0,0
96,371,65253332,69048708,22405,7933,93,7955,0,0,-18,0,-18,1,1,1,960,544.56,960,544.56,21375,0,0,0,0,0,0,0
97,372,74825130,72065667,22161,7933,93,7955,0,0,-18,0,-18,1,1,1,960,544.56,960,544.56,29542,0,0,0,0,0,0,0
98,373,74161127,76960916,22137,7933,93,7955,0,0,-18,0,-18,1,1,1,960,544.56,960,544.56,30042,0,0,0,0,0,0,0
99,374,76422497,73587333,22125,7933,93,7955,0,0,-18,0,-18,1,1,1,960,544.56,960,544.56,30250,0,0,0,0,0,0,0
100,375,68463250,71223250,22225,7933,96,7955,0,0,-18,0,-18,1,1,1,960,544.56,960,544.56,29084,0,0,0,0,0,0,0
101,376,73901534,70209542,22637,7933,93,7955,0,0,-18,0,-18,1,1,1,960,544.56,960,544.56,29583,0,0,0,0,0,0,0
102,377,65073713,68642084,22405,7933,93,7955,0,0,-18,0,-18,1,1,1,960,544.56,960,544.56,29750,0,0,0,0,0,0,0
103,378,70397496,68512833,22161,7933,93,7955,0,0,-18,0,-18,1,1,1,960,544.56,960,544.56,29541,0,0,0,0,0,0,0
104,379,62639795,64586375,22137,7933,93,7955,0,0,-18,0,-18,1,1,1,960,544.56,960,544.56,29375,0,0,0,0,0,0,0
105,380,56977331,54423083,22125,7933,93,7955,0,0,-18,0,-18,1,1,1,960,544.56,960,544.56,23583,0,0,0,0,0,0,0
106,381,52461918,54930417,22225,7934,94,7956,0,0,-18,0,-18,1,1,1,960,544.56,960,544.56,21334,0,0,0,0,0,0,0
107,382,48411577,46583125,22073,7933,96,7955,0,0,-18,0,-18,1,1,1,960,544.56,960,544.56,21583,0,0,0,0,0,0,0
108,383,43067168,45021834,22137,7933,93,7955,0,0,-18,0,-18,1,1,1,960,544.56,960,544.56,19834,0,0,0,0,0,0,0
109,384,42740166,42602917,22125,7933,93,7955,0,0,-18,0,-18,1,1,1,960,544.56,960,544.56,17000,0,0,0,0,0,0,0
110,385,42607087,41470042,22363,7933,93,7955,0,0,-18,0,-18,1,1,1,960,544.56,960,544.56,17208,0,0,0,0,0,0,0
111,386,45738916,45590083,22499,7933,93,7955,0,0,-18,0,-18,1,1,1,960,544.56,960,544.56,17667,0,0,0,0,0,0,0
112,387,46538662,47791500,22289,7933,93,7955,0,0,-18,0,-18,1,1,1,960,544.56,960,544.56,18958,0,0,0,0,0,0,0
113,388,48453379,47142708,22073,7933,93,7955,0,0,-18,0,-18,1,1,1,960,544.56,960,544.56,20500,0,0,0,0,0,0,0
114,389,44287912,45606584,22277,7933,93,7955,0,0,-18,0,-18,1,1,1,960,544.56,960,544.56,19250,0,0,0,0,0,0,0
115,390,45922461,45937125,22073,7933,93,7955,0,0,-18,0,-18,1,1,1,960,544.56,960,544.56,19667,0,0,0,0,0,0,0
116,391,49547079,48224250,22073,7933,93,7955,0,0,-18,0,-18,1,1,1,960,544.56,960,544.56,19791,0,0,0,0,0,0,0
117,392,50940003,52145250,22137,7933,96,7955,0,0,-18,0,-18,1,1,1,960,544.56,960,544.56,19292,0,0,0,0,0,0,0
118,393,56917376,54881417,22161,7933,93,7955,0,0,-18,0,-18,1,1,1,960,544.56,960,544.56,23375,0,0,0,0,0,0,0
119,394,52635502,54631083,22189,7933,93,7955,0,0,-18,0,-18,1,1,1,960,544.56,960,544.56,19209,0,0,0,0,0,0,0
120,395,58211870,56447542,22275,7933,93,7955,0,0,-18,0,-18,1,1,1,960,544.56,960,544.56,25333,0,0,0,0,0,0,0
121,396,55453047,55064250,22587,7934,94,7956,0,0,-18,0,-18,1,1,1,960,544.56,960,544.56,23375,0,0,0,0,0,0,0
122,397,56858036,57274666,22289,7933,93,7955,0,0,-18,0,-18,1,1,1,960,544.56,960,544.56,26958,0,0,0,0,0,0,0
123,398,54618082,56169625,22189,7933,93,7955,0,0,-18,0,-18,1,1,1,960,544.56,960,544.56,27625,0,0,0,0,0,0,0
124,399,56471250,54689792,22161,7933,93,7955,0,0,-18,0,-18,1,1,1,960,544.56,960,544.56,23458,0,0,0,0,0,0,0
125,400,53905915,55757375,22137,7933,93,7955,0,0,-18,0,-18,1,1,1,960,544.56,960,544.56,22917,0,0,0,0,0,0,0
126,401,61393167,59026791,22073,7933,93,7955,0,0,-18,0,-18,1,1,1,960,544.56,960,544.56,25250,0,0,0,0,0,0,0
127,402,54586287,56708584,22277,7933,96,7955,0,0,-18,0,-18,1,1,1,960,544.56,960,544.56,24417,0,0,0,0,0,0,0
128,403,57039208,55673292,22073,7933,93,7955,0,0,-18,0,-18,1,1,1,960,544.56,960,544.56,24125,0,0,0,0,0,0,0
129,404,55878918,57075125,22339,7933,93,7955,0,0,-18,0,-18,1,1,1,960,544.56,960,544.56,23333,0,0,0,0,0,0,0
130,405,58793876,56192292,22523,7933,93,7955,0,0,-18,0,-18,1,1,1,960,544.56,960,544.56,25167,0,0,0,0,0,0,0
131,406,52318871,55149375,22405,7933,93,7955,0,0,-18,0,-18,1,1,1,960,544.56,960,544.56,23833,0,0,0,0,0,0,0
132,407,60553252,58168583,22073,7933,93,7955,0,0,-18,0,-18,1,1,1,960,544.56,960,544.56,24042,0,0,0,0,0,0,0
133,408,57618502,59977208,22225,7933,93,7955,0,0,-18,0,-18,1,1,1,960,544.56,960,544.56,29042,0,0,0,0,0,0,0
134,409,56416001,54877791,22073,7933,93,7955,0,0,-18,0,-18,1,1,1,960,544.56,960,544.56,23708,0,0,0,0,0,0,0
135,410,47840122,49360291,22189,7933,96,7955,0,0,-18,0,-18,1,1,1,960,544.56,960,544.56,22666,0,0,0,0,0,0,0
136,411,42945586,43000167,22161,7934,94,7956,0,0,-18,0,-18,1,1,1,960,544.56,960,544.56,19750,0,0,0,0,0,0,0
137,412,40033042,38678292,22073,7933,93,7955,0,0,-18,0,-18,1,1,1,960,544.56,960,544.56,16958,0,0,0,0,0,0,0
138,413,36451663,37801375,22137,7933,93,7955,0,0,-18,0,-18,1,1,1,960,544.56,960,544.56,16916,0,0,0,0,0,0,0
139,414,38294792,38231166,22275,7933,93,7955,0,0,-18,0,-18,1,1,1,960,544.56,960,544.56,17166,0,0,0,0,0,0,0
140,415,35822372,33969417,22575,7933,93,7955,0,0,-18,0,-18,1,1,1,960,544.56,960,544.56,16667,0,0,0,0,0,0,0
141,416,31965043,33859625,22353,7933,93,7955,0,0,-18,0,-18,1,1,1,960,544.56,960,544.56,14958,0,0,0,0,0,0,0
142,417,34096919,34066208,22073,7933,93,7955,0,0,-18,0,-18,1,1,1,960,544.56,960,544.56,14459,0,0,0,0,0,0,0
143,418,35088498,33994125,22073,7933,93,7955,0,0,-18,0,-18,1,1,1,960,544.56,960,544.56,15458,0,0,0,0,0,0,0
144,419,32498206,33523417,22137,7933,93,7955,0,0,-18,0,-18,1,1,1,960,544.56,960,544.56,15041,0,0,0,0,0,0,0
145,420,33341836,33391667,22161,7933,93,7955,0,0,-18,0,-18,1,1,1,960,544.56,960,544.56,15083,0,0,0,0,0,0,0
146,421,34609749,33510875,22125,7933,93,7955,0,0,-18,0,-18,1,1,1,960,544.56,960,544.56,14959,0,0,0,0,0,0,0
147,422,36065999,36909584,22137,7933,93,7955,0,0,-18,0,-18,1,1,1,960,544.56,960,544.56,14750,0,0,0,0,0,0,0
148,423,33194869,33378417,22073,7933,96,7955,0,0,-18,0,-18,1,1,1,960,544.56,960,544.56,15125,0,0,0,0,0,0,0
149,424,34488171,33391667,22073,7933,93,7955,0,0,-18,0,-18,1,1,1,960,544.56,960,544.56,15041,0,0,0,0,0,0,0
150,425,32777536,33851917,22225,7933,93,7955,0,0,-18,0,-18,1,1,1,960,544.56,960,544.56,14375,0,0,0,0,0,0,0
151,426,34272044,34278625,22073,7934,94,7956,0,0,-18,0,-18,1,1,1,960,544.56,960,544.56,14875,0,0,0,0,0,0,0
152,427,36075495,34765084,22125,7933,93,7955,0,0,-18,0,-18,1,1,1,960,544.56,960,544.56,20375,0,0,0,0,0,0,0
153,428,32642751,33884417,22339,7933,93,7955,0,0,-18,0,-18,1,1,1,960,544.56,960,544.56,14709,0,0,0,0,0,0,0
154,429,37741623,36086583,22435,7933,93,7955,0,0,-18,0,-18,1,1,1,960,544.56,960,544.56,18166,0,0,0,0,0,0,0
155,430,35843126,36082292,22377,7933,93,7955,0,0,-18,0,-18,1,1,1,960,544.56,960,544.56,15083,0,0,0,0,0,0,0
156,431,35335920,36707917,22137,7933,93,7955,0,0,-18,0,-18,1,1,1,960,544.56,960,544.56,14750,0,0,0,0,0,0,0
157,432,36120038,36121833,22073,7933,93,7955,0,0,-18,0,-18,1,1,1,960,544.56,960,544.56,15500,0,0,0,0,0,0,0
158,433,37575416,36156917,22125,7933,93,7955,0,0,-18,0,-18,1,1,1,960,544.56,960,544.56,18666,0,0,0,0,0,0,0
159,434,34319750,35674500,22137,7933,93,7955,0,0,-18,0,-18,1,1,1,960,544.56,960,544.56,15208,0,0,0,0,0,0,0
160,435,36242827,36238916,22161,7933,93,7955,0,0,-18,0,-18,1,1,1,960,544.56,960,544.56,14375,0,0,0,0,0,0,0
161,436,43038003,41453167,22073,7933,93,7955,0,0,-18,0,-18,1,1,1,960,544.56,960,544.56,18542,0,0,0,0,0,0,0
162,437,48981752,50373375,22137,7933,93,7955,0,0,-18,0,-18,1,1,1,960,544.56,960,544.56,17042,0,0,0,0,0,0,0
163,438,61876084,59924208,22073,7933,96,7955,0,0,-18,0,-18,1,1,1,960,544.56,960,544.56,24792,0,0,0,0,0,0,0
164,439,65596327,67484417,22277,7933,93,7955,0,0,-18,0,-18,1,1,1,960,544.56,960,544.56,27709,0,0,0,0,0,0,0
165,440,81833377,76782667,22637,7933,93,7955,0,0,-18,0,-18,1,1,1,960,544.56,960,544.56,28584,0,0,0,0,0,0,0
166,441,63908085,68673000,22353,7934,94,7956,0,0,-18,0,-18,1,1,1,960,544.56,960,544.56,28708,0,0,0,0,0,0,0
167,442,72885870,70992625,22213,7933,93,7955,0,0,-18,0,-18,1,1,1,960,544.56,960,544.56,28542,0,0,0,0,0,0,0
168,443,65127789,67226292,22137,7933,93,7955,0,0,-18,0,-18,1,1,1,960,544.56,960,544.56,29500,0,0,0,0,0,0,0
169,444,62388043,60270625,22073,7933,93,7955,0,0,-18,0,-18,1,1,1,960,544.56,960,544.56,27541,0,0,0,0,0,0,0
170,445,49372497,51463791,22225,7933,96,7955,0,0,-18,0,-18,1,1,1,960,544.56,960,544.56,23291,0,0,0,0,0,0,0
171,446,47752458,47784041,22125,7933,93,7955,0,0,-18,0,-18,1,1,1,960,544.56,960,544.56,20917,0,0,0,0,0,0,0
172,447,45600377,44332334,22073,7933,93,7955,0,0,-18,0,-18,1,1,1,960,544.56,960,544.56,19000,0,0,0,0,0,0,0
173,448,40656540,41876750,22339,7933,93,7955,0,0,-18,0,-18,1,1,1,960,544.56,960,544.56,20291,0,0,0,0,0,0,0
174,449,46777460,44928625,22523,7933,93,7955,0,0,-18,0,-18,1,1,1,960,544.56,960,544.56,17250,0,0,0,0,0,0,0
175,450,45525494,46038125,22289,7933,93,7955,0,0,-18,0,-18,1,1,1,960,544.56,960,544.56,19625,0,0,0,0,0,0,0
176,451,44625125,45840250,22189,7933,93,7955,0,0,-18,0,-18,1,1,1,960,544.56,960,544.56,20791,0,0,0,0,0,0,0
177,452,46988252,46896458,22073,7933,93,7955,0,0,-18,0,-18,1,1,1,960,544.56,960,544.56,19333,0,0,0,0,0,0,0
178,453,47444082,46115916,22161,7933,93,7955,0,0,-18,0,-18,1,1,1,960,544.56,960,544.56,19709,0,0,0,0,0,0,0
179,454,43419502,44825584,22137,7933,93,7955,0,0,-18,0,-18,1,1,1,960,544.56,960,544.56,19541,0,0,0,0,0,0,0
180,455,48870414,48808333,22073,7933,93,7955,0,0,-18,0,-18,1,1,1,960,544.56,960,544.56,22167,0,0,0,0,0,0,0
181,456,47631420,46317500,22125,7934,97,7956,0,0,-18,0,-18,1,1,1,960,544.56,960,544.56,19833,0,0,0,0,0,0,0
182,457,44993452,46261333,22225,7933,93,7955,0,0,-18,0,-18,1,1,1,960,544.56,960,544.56,20250,0,0,0,0,0,0,0
183,458,50815667,50815750,22073,7933,93,7955,0,0,-18,0,-18,1,1,1,960,544.56,960,544.56,25541,0,0,0,0,0,0,0
184,459,48119209,46825667,22275,7933,93,7955,0,0,-18,0,-18,1,1,1,960,544.56,960,544.56,19416,0,0,0,0,0,0,0
185,460,43830413,43614250,22499,7933,93,7955,0,0,-18,0,-18,1,1,1,960,544.56,960,544.56,19459,0,0,0,0,0,0,0
186,461,42058665,43547542,22679,7933,93,7955,0,0,-18,0,-18,1,1,1,960,544.56,960,544.56,18875,0,0,0,0,0,0,0
187,462,42797334,41627209,22073,7933,93,7955,0,0,-18,0,-18,1,1,1,960,544.56,960,544.56,18583,0,0,0,0,0,0,0
188,463,37048917,38187375,22137,7933,93,7955,0,0,-18,0,-18,1,1,1,960,544.56,960,544.56,16333,0,0,0,0,0,0,0
189,464,37150580,36958084,22073,7933,93,7955,0,0,-18,0,-18,1,1,1,960,544.56,960,544.56,16709,0,0,0,0,0,0,0
190,465,38143835,37141750,22161,7933,93,7955,0,0,-18,0,-18,1,1,1,960,544.56,960,544.56,17333,0,0,0,0,0,0,0
191,466,41237413,41959708,22137,7933,93,7955,0,0,-18,0,-18,1,1,1,960,544.56,960,544.56,21833,0,0,0,0,0,0,0
192,467,37734005,38108417,22125,7933,96,7955,0,0,-18,0,-18,1,1,1,960,544.56,960,544.56,15000,0,0,0,0,0,0,0
193,468,44050164,42117791,22073,7933,93,7955,0,0,-18,0,-18,1,1,1,960,544.56,960,544.56,16166,0,0,0,0,0,0,0
194,469,39994619,41848250,22225,7933,93,7955,0,0,-18,0,-18,1,1,1,960,544.56,960,544.56,17000,0,0,0,0,0,0,0
195,470,44506002,44505250,22073,7933,93,7955,0,0,-18,0,-18,1,1,1,960,544.56,960,544.56,17000,0,0,0,0,0,0,0
196,471,47251127,45872167,22275,7934,94,7956,0,0,-18,0,-18,1,1,1,960,544.56,960,544.56,19375,0,0,0,0,0,0,0
197,472,46014375,45644166,22551,7933,93,7955,0,0,-18,0,-18,1,1,1,960,544.56,960,544.56,20542,0,0,0,0,0,0,0
198,473,52135623,53786000,22377,7933,93,7955,0,0,-18,0,-18,1,1,1,960,544.56,960,544.56,22834,0,0,0,0,0,0,0
199,474,57740829,55653042,22073,7933,93,7955,0,0,-18,0,-18,1,1,1,960,544.56,960,544.56,26125,0,0,0,0,0,0,0
200,475,53816504,55778333,22137,7933,93,7955,0,0,-18,0,-18,1,1,1,960,544.56,960,544.56,22458,0,0,0,0,0,0,0
201,476,57887040,55732167,22971,7933,93,7955,0,0,-18,0,-18,1,1,1,960,544.56,960,544.56,23167,0,0,0,0,0,0,0
202,477,64722672,66798250,22137,7933,93,7955,0,0,-18,0,-18,1,1,1,960,544.56,960,544.56,25083,0,0,0,0,0,0,0
203,478,63371166,61628791,22073,7933,96,7955,0,0,-18,0,-18,1,1,1,960,544.56,960,544.56,29417,0,0,0,0,0,0,0
204,479,58443289,60226084,22225,7933,93,7955,0,0,-18,0,-18,1,1,1,960,544.56,960,544.56,23167,0,0,0,0,0,0,0
205,480,56540086,54955417,22327,7933,93,7955,0,0,-18,0,-18,1,1,1,960,544.56,960,544.56,22750,0,0,0,0,0,0,0
206,481,54719913,54597666,22499,7933,93,7955,0,0,-18,0,-18,1,1,1,960,544.56,960,544.56,23417,0,0,0,0,0,0,0
207,482,53611587,53240417,22377,7933,93,7955,0,0,-18,0,-18,1,1,1,960,544.56,960,544.56,23250,0,0,0,0,0,0,0
208,483,46662081,48652583,22137,7933,93,7955,0,0,-18,0,-18,1,1,1,960,544.56,960,544.56,20625,0,0,0,0,0,0,0
209,484,58349955,56510083,22125,7933,93,7955,0,0,-18,0,-18,1,1,1,960,544.56,960,544.56,24041,0,0,0,0,0,0,0
210,485,54263669,56022458,22225,7933,93,7955,0,0,-18,0,-18,1,1,1,960,544.56,960,544.56,23584,0,0,0,0,0,0,0
211,486,61399333,59348084,22073,7934,94,7956,0,0,-18,0,-18,1,1,1,960,544.56,960,544.56,24084,0,0,0,0,0,0,0
212,487,53491417,55444834,22137,7933,96,7955,0,0,-18,0,-18,1,1,1,960,544.56,960,544.56,22958,0,0,0,0,0,0,0
213,488,60925375,58803833,22213,7933,93,7955,0,0,-18,0,-18,1,1,1,960,544.56,960,544.56,23292,0,0,0,0,0,0,0
214,489,55414788,57428000,22339,7933,93,7955,0,0,-18,0,-18,1,1,1,960,544.56,960,544.56,22625,0,0,0,0,0,0,0
215,490,55927790,53101416,22435,7933,93,7955,0,0,-18,0,-18,1,1,1,960,544.56,960,544.56,23416,0,0,0,0,0,0,0
216,491,48598829,51538708,22441,7933,93,7955,0,0,-18,0,-18,1,1,1,960,544.56,960,544.56,44333,0,0,0,0,0,0,0
217,492,44037584,44065083,22125,7933,93,7955,0,0,-18,0,-18,1,1,1,960,544.56,960,544.56,19292,0,0,0,0,0,0,0
218,493,42355582,41186375,22073,7933,93,7955,0,0,-18,0,-18,1,1,1,960,544.56,960,544.56,18959,0,0,0,0,0,0,0
219,494,37695337,38790208,22137,7933,93,7955,0,0,-18,0,-18,1,1,1,960,544.56,960,544.56,16541,0,0,0,0,0,0,0
220,495,35776872,35813833,22161,7933,93,7955,0,0,-18,0,-18,1,1,1,960,544.56,960,544.56,16708,0,0,0,0,0,0,0
221,496,37486329,36403625,22073,7933,93,7955,0,0,-18,0,-18,1,1,1,960,544.56,960,544.56,15292,0,0,0,0,0,0,0
222,497,32100256,33171542,22137,7933,96,7955,0,0,-18,0,-18,1,1,1,960,544.56,960,544.56,14625,0,0,0,0,0,0,0
223,498,33799830,33792542,22125,7933,93,7955,0,0,-18,0,-18,1,1,1,960,544.56,960,544.56,14917,0,0,0,0,0,0,0
224,499,34550998,33409291,22073,7933,93,7955,0,0,-18,0,-18,1,1,1,960,544.56,960,544.56,14541,0,0,0,0,0,0,0
225,500,32728586,33864291,22225,7933,93,7955,0,0,-18,0,-18,1,1,1,960,544.56,960,544.56,15417,0,0,0,0,0,0,0
226,501,33648498,33611208,22073,7934,94,7956,0,0,-18,0,-18,1,1,1,960,544.56,960,544.56,14458,0,0,0,0,0,0,0
227,502,34510705,33455334,22275,7933,93,7955,0,0,-18,0,-18,1,1,1,960,544.56,960,544.56,14792,0,0,0,0,0,0,0
228,503,33763252,33685167,22499,7933,93,7955,0,0,-18,0,-18,1,1,1,960,544.56,960,544.56,14625,0,0,0,0,0,0,0
229,504,30444379,31514542,22341,7933,93,7955,0,0,-18,0,-18,1,1,1,960,544.56,960,544.56,15417,0,0,0,0,0,0,0
230,505,30287202,30300833,22161,7933,93,7955,0,0,-18,0,-18,1,1,1,960,544.56,960,544.56,13667,0,0,0,0,0,0,0
231,506,31306754,30346709,22073,7933,93,7955,0,0,-18,0,-18,1,1,1,960,544.56,960,544.56,13292,0,0,0,0,0,0,0
232,507,29489872,30360250,22137,7933,93,7955,0,0,-18,0,-18,1,1,1,960,544.56,960,544.56,13250,0,0,0,0,0,0,0
233,508,30108794,30194333,22073,7933,93,7955,0,0,-18,0,-18,1,1,1,960,544.56,960,544.56,13166,0,0,0,0,0,0,0
234,509,30694792,30615166,22073,7933,93,7955,0,0,-18,0,-18,1,1,1,960,544.56,960,544.56,13541,0,0,0,0,0,0,0
235,510,31524375,30575166,22161,7933,93,7955,0,0,-18,0,-18,1,1,1,960,544.56,960,544.56,13167,0,0,0,0,0,0,0
236,511,34980244,35736291,22189,7933,93,7955,0,0,-18,0,-18,1,1,1,960,544.56,960,544.56,14750,0,0,0,0,0,0,0
237,512,36447208,36529292,22073,7933,96,7955,0,0,-18,0,-18,1,1,1,960,544.56,960,544.56,14542,0,0,0,0,0,0,0
238,513,36263294,34469666,22073,7933,93,7955,0,0,-18,0,-18,1,1,1,960,544.56,960,544.56,14792,0,0,0,0,0,0,0
239,514,34404873,36190458,22137,7933,93,7955,0,0,-18,0,-18,1,1,1,960,544.56,960,544.56,14708,0,0,0,0,0,0,0
240,515,37210918,37235667,22161,7933,93,7955,0,0,-18,0,-18,1,1,1,960,544.56,960,544.56,15667,0,0,0,0,0,0,0
241,516,38274411,37143750,22073,7934,94,7956,0,0,-18,0,-18,1,1,1,960,544.56,960,544.56,17250,0,0,0,0,0,0,0
242,517,34981206,36086583,22391,7933,93,7955,0,0,-18,0,-18,1,1,1,960,544.56,960,544.56,15250,0,0,0,0,0,0,0
243,518,40109373,38802500,22435,7933,93,7955,0,0,-18,0,-18,1,1,1,960,544.56,960,544.56,16709,0,0,0,0,0,0,0
244,519,43970797,43880042,22377,7933,93,7955,0,0,-18,0,-18,1,1,1,960,544.56,960,544.56,16916,0,0,0,0,0,0,0
245,520,48638243,49916916,22137,7933,93,7955,0,0,-18,0,-18,1,1,1,960,544.56,960,544.56,24250,0,0,0,0,0,0,0
246,521,65634749,63495083,22073,7933,93,7955,0,0,-18,0,-18,1,1,1,960,544.56,960,544.56,22875,0,0,0,0,0,0,0
247,522,67038580,69021750,22277,7933,93,7955,0,0,-18,0,-18,1,1,1,960,544.56,960,544.56,28375,0,0,0,0,0,0,0
248,523,78896500,76776333,22073,7933,93,7955,0,0,-18,0,-18,1,1,1,960,544.56,960,544.56,30791,0,0,0,0,0,0,0
249,524,65380208,66985208,22137,7933,96,7955,0,0,-18,0,-18,1,1,1,960,544.56,960,544.56,29292,0,0,0,0,0,0,0
250,525,72126880,70546625,22415,7933,93,7955,0,0,-18,0,-18,1,1,1,960,544.56,960,544.56,28500,0,0,0,0,0,0,0
251,526,63898414,64362042,22499,7933,93,7955,0,0,-18,0,-18,1,1,1,960,544.56,960,544.56,29083,0,0,0,0,0,0,0
252,527,53264249,53455584,22289,7933,93,7955,0,0,-18,0,-18,1,1,1,960,544.56,960,544.56,23000,0,0,0,0,0,0,0
253,528,45351043,46785416,22225,7933,93,7955,0,0,-18,0,-18,1,1,1,960,544.56,960,544.56,19292,0,0,0,0,0,0,0
254,529,47580670,47441584,22125,7933,93,7955,0,0,-18,0,-18,1,1,1,960,544.56,960,544.56,19083,0,0,0,0,0,0,0
255,530,43801628,42686042,22073,7933,93,7955,0,0,-18,0,-18,1,1,1,960,544.56,960,544.56,17167,0,0,0,0,0,0,0
256,531,44311039,45458917,22137,7934,94,7956,0,0,-18,0,-18,1,1,1,960,544.56,960,544.56,18125,0,0,0,0,0,0,0
257,532,46409912,46378333,22161,7933,96,7955,0,0,-18,0,-18,1,1,1,960,544.56,960,544.56,20250,0,0,0,0,0,0,0
258,533,47433085,46285458,22073,7933,93,7955,0,0,-18,0,-18,1,1,1,960,544.56,960,544.56,17125,0,0,0,0,0,0,0
259,534,43026495,44189125,22189,7933,93,7955,0,0,-18,0,-18,1,1,1,960,544.56,960,544.56,16750,0,0,0,0,0,0,0
260,535,46855378,46755125,22073,7933,93,7955,0,0,-18,0,-18,1,1,1,960,544.56,960,544.56,19542,0,0,0,0,0,0,0
261,536,49570791,47193916,24483,7933,93,7955,0,0,-18,0,-18,1,1,1,960,544.56,960,544.56,19250,0,0,0,0,0,0,0
262,537,45914627,48242500,22715,7933,93,7955,0,0,-18,0,-18,1,1,1,960,544.56,960,544.56,19000,0,0,0,0,0,0,0
263,538,55942501,54132625,22073,7933,93,7955,0,0,-18,0,-18,1,1,1,960,544.56,960,544.56,23083,0,0,0,0,0,0,0
264,539,52395749,54177459,22277,7933,93,7955,0,0,-18,0,-18,1,1,1,960,544.56,960,544.56,22916,0,0,0,0,0,0,0
265,540,58298539,56550625,22073,7933,93,7955,0,0,-18,0,-18,1,1,1,960,544.56,960,544.56,44209,0,0,0,0,0,0,0
266,541,53374957,55000833,22137,7933,93,7955,0,0,-18,0,-18,1,1,1,960,544.56,960,544.56,25084,0,0,0,0,0,0,0
267,542,61508920,59914916,22161,7933,93,7955,0,0,-18,0,-18,1,1,1,960,544.56,960,544.56,23625,0,0,0,0,0,0,0
268,543,49975957,51584541,22189,7933,96,7955,0,0,-18,0,-18,1,1,1,960,544.56,960,544.56,22417,0,0,0,0,0,0,0
269,544,53866375,52251708,22073,7933,93,7955,0,0,-18,0,-18,1,1,1,960,544.56,960,544.56,22292,0,0,0,0,0,0,0
270,545,44497285,46163333,22427,7933,93,7955,0,0,-18,0,-18,1,1,1,960,544.56,960,544.56,23084,0,0,0,0,0,0,0
271,546,47419920,45671083,22435,7934,94,7956,0,0,-18,0,-18,1,1,1,960,544.56,960,544.56,20167,0,0,0,0,0,0,0
272,547,42473584,42963208,22289,7933,93,7955,0,0,-18,0,-18,1,1,1,960,544.56,960,544.56,21625,0,0,0,0,0,0,0
273,548,41410587,42237292,22189,7933,93,7955,0,0,-18,0,-18,1,1,1,960,544.56,960,544.56,16708,0,0,0,0,0,0,0
274,549,45946165,46284000,22161,7933,93,7955,0,0,-18,0,-18,1,1,1,960,544.56,960,544.56,20208,0,0,0,0,0,0,0
275,550,47784786,46420292,22073,7933,93,7955,0,0,-18,0,-18,1,1,1,960,544.56,960,544.56,29917,0,0,0,0,0,0,0
276,551,46497419,47809958,22137,7933,93,7955,0,0,-18,0,-18,1,1,1,960,544.56,960,544.56,19166,0,0,0,0,0,0,0
277,552,49904834,49573167,22073,7933,93,7955,0,0,-18,0,-18,1,1,1,960,544.56,960,544.56,20083,0,0,0,0,0,0,0
278,553,51816087,50355250,22213,7933,96,7955,0,0,-18,0,-18,1,1,1,960,544.56,960,544.56,19375,0,0,0,0,0,0,0
279,554,54056584,55728708,22137,7933,93,7955,0,0,-18,0,-18,1,1,1,960,544.56,960,544.56,23250,0,0,0,0,0,0,0
280,555,58820918,56873041,22275,7933,93,7955,0,0,-18,0,-18,1,1,1,960,544.56,960,544.56,22500,0,0,0,0,0,0,0
281,556,66011823,65602042,22587,7933,93,7955,0,0,-18,0,-18,1,1,1,960,544.56,960,544.56,23917,0,0,0,0,0,0,0
282,557,62433794,62673875,22341,7933,93,7955,0,0,-18,0,-18,1,1,1,960,544.56,960,544.56,30417,0,0,0,0,0,0,0
283,558,55526833,57425000,22137,7933,93,7955,0,0,-18,0,-18,1,1,1,960,544.56,960,544.56,23542,0,0,0,0,0,0,0
284,559,55924914,54471208,22161,7933,93,7955,0,0,-18,0,-18,1,1,1,960,544.56,960,544.56,23666,0,0,0,0,0,0,0
285,560,50082709,51619417,22137,7933,93,7955,0,0,-18,0,-18,1,1,1,960,544.56,960,544.56,22917,0,0,0,0,0,0,0
286,561,51720619,50297500,22125,7934,94,7956,0,0,-18,0,-18,1,1,1,960,544.56,960,544.56,30083,0,0,0,0,0,0,0
287,562,45136626,46529166,22225,7933,96,7955,0,0,-18,0,-18,1,1,1,960,544.56,960,544.56,20333,0,0,0,0,0,0,0
288,563,45467417,45487250,22073,7933,93,7955,0,0,-18,0,-18,1,1,1,960,544.56,960,544.56,19042,0,0,0,0,0,0,0
289,564,49713287,47727334,22073,7933,93,7955,0,0,-18,0,-18,1,1,1,960,544.56,960,544.56,19250,0,0,0,0,0,0,0
290,565,46899128,48456375,22339,7933,93,7955,0,0,-18,0,-18,1,1,1,960,544.56,960,544.56,19125,0,0,0,0,0,0,0
291,566,48094622,47004833,22575,7933,93,7955,0,0,-18,0,-18,1,1,1,960,544.56,960,544.56,19208,0,0,0,0,0,0,0
292,567,53264711,52326834,22289,7933,93,7955,0,0,-18,0,-18,1,1,1,960,544.56,960,544.56,55208,0,0,0,0,0,0,0
293,568,52239000,54446750,22137,7933,93,7955,0,0,-18,0,-18,1,1,1,960,544.56,960,544.56,39708,0,0,0,0,0,0,0
294,569,53912125,52353750,22161,7933,93,7955,0,0,-18,0,-18,1,1,1,960,544.56,960,544.56,22666,0,0,0,0,0,0,0
295,570,50006251,51561125,22189,7933,93,7955,0,0,-18,0,-18,1,1,1,960,544.56,960,544.56,22542,0,0,0,0,0,0,0
296,571,56861456,55538625,22073,7933,93,7955,0,0,-18,0,-18,1,1,1,960,544.56,960,544.56,19667,0,0,0,0,0,0,0
297,572,51607333,52625875,22225,7933,96,7955,0,0,-18,0,-18,1,1,1,960,544.56,960,544.56,26292,0,0,0,0,0,0,0
298,573,51343493,49956834,22073,7933,93,7955,0,0,-18,0,-18,1,1,1,960,544.56,960,544.56,24375,0,0,0,0,0,0,0
299,574,49470208,50769583,22189,7933,93,7955,0,0,-18,0,-18,1,1,1,960,544.56,960,544.56,20000,0,0,0,0,0,0,0
300,575,50674334,49098833,22725,7933,93,7955,0,0,-18,0,-18,1,1,1,960,544.56,960,544.56,19625,0,0,0,0,0,0,0
301,576,43452251,44029125,22289,7934,94,7956,0,0,-18,0,-18,1,1,1,960,544.56,960,544.56,18875,0,0,0,0,0,0,0
302,577,43115623,44443792,22137,7933,93,7955,0,0,-18,0,-18,1,1,1,960,544.56,960,544.56,19083,0,0,0,0,0,0,0
303,578,42025078,41931208,22073,7933,93,7955,0,0,-18,0,-18,1,1,1,960,544.56,960,544.56,19125,0,0,0,0,0,0,0
304,579,39234295,38093625,22213,7933,93,7955,0,0,-18,0,-18,1,1,1,960,544.56,960,544.56,17208,0,0,0,0,0,0,0
305,580,36885082,38074916,22137,7933,93,7955,0,0,-18,0,-18,1,1,1,960,544.56,960,544.56,16708,0,0,0,0,0,0,0
306,581,35551205,35566708,22073,7933,93,7955,0,0,-18,0,-18,1,1,1,960,544.56,960,544.56,17209,0,0,0,0,0,0,0
307,582,39610832,38398667,22073,7933,93,7955,0,0,-18,0,-18,1,1,1,960,544.56,960,544.56,17000,0,0,0,0,0,0,0
308,583,33729124,34894417,22225,7933,96,7955,0,0,-18,0,-18,1,1,1,960,544.56,960,544.56,14875,0,0,0,0,0,0,0
309,584,35442374,35402750,22073,7933,93,7955,0,0,-18,0,-18,1,1,1,960,544.56,960,544.56,14917,0,0,0,0,0,0,0
310,585,35950206,34908459,22125,7933,93,7955,0,0,-18,0,-18,1,1,1,960,544.56,960,544.56,17542,0,0,0,0,0,0,0
311,586,34960091,35978583,22137,7933,93,7955,0,0,-18,0,-18,1,1,1,960,544.56,960,544.56,14792,0,0,0,0,0,0,0
312,587,40559578,40482750,22275,7933,93,7955,0,0,-18,0,-18,1,1,1,960,544.56,960,544.56,16791,0,0,0,0,0,0,0
313,588,42658001,40596792,22523,7933,93,7955,0,0,-18,0,-18,1,1,1,960,544.56,960,544.56,17167,0,0,0,0,0,0,0
314,589,41668538,43714542,22353,7933,93,7955,0,0,-18,0,-18,1,1,1,960,544.56,960,544.56,16542,0,0,0,0,0,0,0
315,590,45450586,45415750,22073,7933,93,7955,0,0,-18,0,-18,1,1,1,960,544.56,960,544.56,19584,0,0,0,0,0,0,0
316,591,53725752,52057500,22125,7934,94,7956,0,0,-18,0,-18,1,1,1,960,544.56,960,544.56,18834,0,0,0,0,0,0,0
317,592,53076330,54596083,22225,7933,93,7955,0,0,-18,0,-18,1,1,1,960,544.56,960,544.56,23250,0,0,0,0,0,0,0
318,593,69757744,67666625,22073,7933,93,7955,0,0,-18,0,-18,1,1,1,960,544.56,960,544.56,31959,0,0,0,0,0,0,0
319,594,69598332,71210333,22137,7933,93,7955,0,0,-18,0,-18,1,1,1,960,544.56,960,544.56,30750,0,0,0,0,0,0,0
320,595,56704789,55566709,22213,7933,96,7955,0,0,-18,0,-18,1,1,1,960,544.56,960,544.56,23709,0,0,0,0,0,0,0
321,596,53733211,55298709,22137,7933,93,7955,0,0,-18,0,-18,1,1,1,960,544.56,960,544.56,22583,0,0,0,0,0,0,0
322,597,60064166,56505750,22637,7933,93,7955,0,0,-18,0,-18,1,1,1,960,544.56,960,544.56,27167,0,0,0,0,0,0,0
323,598,51533710,55064542,22441,7933,93,7955,0,0,-18,0,-18,1,1,1,960,544.56,960,544.56,23083,0,0,0,0,0,0,0
324,599,57508539,55373333,22125,7933,93,7955,0,0,-18,0,-18,1,1,1,960,544.56,960,544.56,23208,0,0,0,0,0,0,0
325,600,52778832,54831958,22137,7933,93,7955,0,0,-18,0,-18,1,1,1,960,544.56,960,544.56,29084,0,0,0,0,0,0,0
326,601,54691590,53095667,22161,7933,93,7955,0,0,-18,0,-18,1,1,1,960,544.56,960,544.56,22834,0,0,0,0,0,0,0
327,602,54268706,55917750,22137,7933,93,7955,0,0,-18,0,-18,1,1,1,960,544.56,960,544.56,23875,0,0,0,0,0,0,0
328,603,49233622,47848209,22125,7933,96,7955,0,0,-18,0,-18,1,1,1,960,544.56,960,544.56,19375,0,0,0,0,0,0,0
329,604,56179620,57105625,22225,7933,93,7955,0,0,-18,0,-18,1,1,1,960,544.56,960,544.56,18875,0,0,0,0,0,0,0
330,605,68312376,66102292,22073,7933,93,7955,0,0,-18,0,-18,1,1,1,960,544.56,960,544.56,27750,0,0,0,0,0,0,0
331,606,71520745,71327292,22701,7934,94,7956,0,0,-18,0,-18,1,1,1,960,544.56,960,544.56,32084,0,0,0,0,0,0,0
332,607,69724835,70435792,22429,7933,93,7955,0,0,-18,0,-18,1,1,1,960,544.56,960,544.56,28834,0,0,0,0,0,0,0
333,608,67175202,69021750,22137,7933,93,7955,0,0,-18,0,-18,1,1,1,960,544.56,960,544.56,28500,0,0,0,0,0,0,0
334,609,69392956,67342000,22073,7933,93,7955,0,0,-18,0,-18,1,1,1,960,544.56,960,544.56,29541,0,0,0,0,0,0,0
335,610,60913294,62998041,22277,7933,93,7955,0,0,-18,0,-18,1,1,1,960,544.56,960,544.56,31500,0,0,0,0,0,0,0
336,611,46687208,45549125,22073,7933,96,7955,0,0,-18,0,-18,1,1,1,960,544.56,960,544.56,22708,0,0,0,0,0,0,0
337,612,37663370,38855125,22137,7933,93,7955,0,0,-18,0,-18,1,1,1,960,544.56,960,544.56,17667,0,0,0,0,0,0,0
338,613,37259295,37247542,22073,7933,93,7955,0,0,-18,0,-18,1,1,1,960,544.56,960,544.56,16750,0,0,0,0,0,0,0
339,614,35371039,34248917,22161,7933,93,7955,0,0,-18,0,-18,1,1,1,960,544.56,960,544.56,15042,0,0,0,0,0,0,0
340,615,32949417,34084917,22391,7933,93,7955,0,0,-18,0,-18,1,1,1,960,544.56,960,544.56,15083,0,0,0,0,0,0,0
341,616,34708000,33594500,22435,7933,93,7955,0,0,-18,0,-18,1,1,1,960,544.56,960,544.56,14834,0,0,0,0,0,0,0
342,617,34121911,34111334,22289,7933,93,7955,0,0,-18,0,-18,1,1,1,960,544.56,960,544.56,15125,0,0,0,0,0,0,0
343,618,32430838,33459750,22137,7933,93,7955,0,0,-18,0,-18,1,1,1,960,544.56,960,544.56,15917,0,0,0,0,0,0,0
344,619,33368829,33418708,22161,7933,93,7955,0,0,-18,0,-18,1,1,1,960,544.56,960,544.56,14500,0,0,0,0,0,0,0
345,620,34201040,33169917,22073,7933,93,7955,0,0,-18,0,-18,1,1,1,960,544.56,960,544.56,14833,0,0,0,0,0,0,0
346,621,29779003,30799208,22189,7934,94,7956,0,0,-18,0,-18,1,1,1,960,544.56,960,544.56,13625,0,0,0,0,0,0,0
347,622,30463669,30439333,22073,7933,93,7955,0,0,-18,0,-18,1,1,1,960,544.56,960,544.56,13417,0,0,0,0,0,0,0
348,623,32918039,32861167,22073,7933,93,7955,0,0,-18,0,-18,1,1,1,960,544.56,960,544.56,14416,0,0,0,0,0,0,0
349,624,31220832,30251791,22161,7933,96,7955,0,0,-18,0,-18,1,1,1,960,544.56,960,544.56,13375,0,0,0,0,0,0,0
350,625,29039122,30027250,22137,7933,93,7955,0,0,-18,0,-18,1,1,1,960,544.56,960,544.56,13125,0,0,0,0,0,0,0
351,626,30201042,30173833,22073,7933,93,7955,0,0,-18,0,-18,1,1,1,960,544.56,960,544.56,13166,0,0,0,0,0,0,0
352,627,30378082,30381375,22073,7933,93,7955,0,0,-18,0,-18,1,1,1,960,544.56,960,544.56,13541,0,0,0,0,0,0,0
353,628,31632583,30560459,22125,7933,93,7955,0,0,-18,0,-18,1,1,1,960,544.56,960,544.56,13208,0,0,0,0,0,0,0
354,629,29761629,30779208,22225,7933,93,7955,0,0,-18,0,-18,1,1,1,960,544.56,960,544.56,12792,0,0,0,0,0,0,0
355,630,33682368,33660250,22275,7933,93,7955,0,0,-18,0,-18,1,1,1,960,544.56,960,544.56,14458,0,0,0,0,0,0,0
356,631,33495627,33486125,22073,7933,93,7955,0,0,-18,0,-18,1,1,1,960,544.56,960,544.56,14625,0,0,0,0,0,0,0
357,632,35419289,33552167,22435,7933,93,7955,0,0,-18,0,-18,1,1,1,960,544.56,960,544.56,14708,0,0,0,0,0,0,0
358,633,31925708,33721208,22353,7933,93,7955,0,0,-18,0,-18,1,1,1,960,544.56,960,544.56,14625,0,0,0,0,0,0,0
359,634,33529628,33536167,22161,7933,93,7955,0,0,-18,0,-18,1,1,1,960,544.56,960,544.56,14917,0,0,0,0,0,0,0
360,635,34873001,33812125,22125,7933,93,7955,0,0,-18,0,-18,1,1,1,960,544.56,960,544.56,14875,0,0,0,0,0,0,0
361,636,32619372,33667541,22137,7934,94,7956,0,0,-18,0,-18,1,1,1,960,544.56,960,544.56,14958,0,0,0,0,0,0,0
362,637,34403543,34383125,22073,7933,93,7955,0,0,-18,0,-18,1,1,1,960,544.56,960,544.56,14583,0,0,0,0,0,0,0
363,638,35018246,33909583,22073,7931,93,7953,0,0,-18,0,-18,1,1,1,960,544.56,960,544.56,14792,0,0,0,0,0,0,0
364,639,39370711,40471875,22225,7933,93,7955,0,0,-18,0,-18,1,1,1,960,544.56,960,544.56,18333,0,0,0,0,0,0,0
365,640,36468461,36427583,22073,7933,96,7955,0,0,-18,0,-18,1,1,1,960,544.56,960,544.56,14917,0,0,0,0,0,0,0
366,641,40386375,39084375,22125,7933,93,7955,0,0,-18,0,-18,1,1,1,960,544.56,960,544.56,17083,0,0,0,0,0,0,0
367,642,35202912,36362792,22137,7933,93,7955,0,0,-18,0,-18,1,1,1,960,544.56,960,544.56,15667,0,0,0,0,0,0,0
368,643,39313625,39284417,22161,7933,93,7955,0,0,-18,0,-18,1,1,1,960,544.56,960,544.56,17791,0,0,0,0,0,0,0
369,644,44354338,42988000,22275,7933,93,7955,0,0,-18,0,-18,1,1,1,960,544.56,960,544.56,17166,0,0,0,0,0,0,0
370,645,51412038,50595416,22499,7933,93,7955,0,0,-18,0,-18,1,1,1,960,544.56,960,544.56,21208,0,0,0,0,0,0,0
371,646,61772916,61785583,22341,7933,93,7955,0,0,-18,0,-18,1,1,1,960,544.56,960,544.56,26917,0,0,0,0,0,0,0
372,647,66718459,68720667,22225,7933,93,7955,0,0,-18,0,-18,1,1,1,960,544.56,960,544.56,28834,0,0,0,0,0,0,0
373,648,73156289,71175625,22073,7933,93,7955,0,0,-18,0,-18,1,1,1,960,544.56,960,544.56,23584,0,0,0,0,0,0,0
374,649,73633335,75438250,22189,7933,93,7955,0,0,-18,0,-18,1,1,1,960,544.56,960,544.56,31459,0,0,0,0,0,0,0
375,650,68952836,67109208,22161,7933,96,7955,0,0,-18,0,-18,1,1,1,960,544.56,960,544.56,19750,0,0,0,0,0,0,0
376,651,58746661,60694250,22137,7934,94,7956,0,0,-18,0,-18,1,1,1,960,544.56,960,544.56,29708,0,0,0,0,0,0,0
377,652,55304583,53700709,22327,7933,93,7955,0,0,-18,0,-18,1,1,1,960,544.56,960,544.56,23459,0,0,0,0,0,0,0
378,653,48538208,48789625,22587,7933,93,7955,0,0,-18,0,-18,1,1,1,960,544.56,960,544.56,19375,0,0,0,0,0,0,0
379,654,46133000,47517083,22289,7933,93,7955,0,0,-18,0,-18,1,1,1,960,544.56,960,544.56,19958,0,0,0,0,0,0,0
380,655,48187285,46387792,22073,7933,93,7955,0,0,-18,0,-18,1,1,1,960,544.56,960,544.56,19416,0,0,0,0,0,0,0
381,656,39449878,41187583,22137,7933,93,7955,0,0,-18,0,-18,1,1,1,960,544.56,960,544.56,16667,0,0,0,0,0,0,0
382,657,46820789,46809792,22213,7933,93,7955,0,0,-18,0,-18,1,1,1,960,544.56,960,544.56,17292,0,0,0,0,0,0,0
383,658,51032453,49091042,22073,7933,93,7955,0,0,-18,0,-18,1,1,1,960,544.56,960,544.56,19541,0,0,0,0,0,0,0
384,659,50483461,52341042,22137,7933,93,7955,0,0,-18,0,-18,1,1,1,960,544.56,960,544.56,20958,0,0,0,0,0,0,0
385,660,56091461,54418500,22073,7933,96,7955,0,0,-18,0,-18,1,1,1,960,544.56,960,544.56,22958,0,0,0,0,0,0,0
386,661,65294288,66868458,22277,7933,93,7955,0,0,-18,0,-18,1,1,1,960,544.56,960,544.56,23292,0,0,0,0,0,0,0
387,662,72379127,67417542,22275,7933,93,7955,0,0,-18,0,-18,1,1,1,960,544.56,960,544.56,29167,0,0,0,0,0,0,0
388,663,64639799,69296917,22715,7933,93,7955,0,0,-18,0,-18,1,1,1,960,544.56,960,544.56,35166,0,0,0,0,0,0,0
389,664,71197368,68938833,22213,7933,93,7955,0,0,-18,0,-18,1,1,1,960,544.56,960,544.56,28500,0,0,0,0,0,0,0
390,665,68886339,71252875,22137,7933,93,7955,0,0,-18,0,-18,1,1,1,960,544.56,960,544.56,31875,0,0,0,0,0,0,0
391,666,61990994,60046125,22073,7934,94,7956,0,0,-18,0,-18,1,1,1,960,544.56,960,544.56,30500,0,0,0,0,0,0,0
392,667,61219628,63251500,22277,7933,93,7955,0,0,-18,0,-18,1,1,1,960,544.56,960,544.56,25042,0,0,0,0,0,0,0
393,668,51237542,49980208,22073,7933,96,7955,0,0,-18,0,-18,1,1,1,960,544.56,960,544.56,23459,0,0,0,0,0,0,0
394,669,43021164,44280042,22137,7933,93,7955,0,0,-18,0,-18,1,1,1,960,544.56,960,544.56,19666,0,0,0,0,0,0,0
395,670,40720414,40798667,22363,7933,93,7955,0,0,-18,0,-18,1,1,1,960,544.56,960,544.56,19375,0,0,0,0,0,0,0
396,671,40859706,38678584,22435,7933,93,7955,0,0,-18,0,-18,1,1,1,960,544.56,960,544.56,17375,0,0,0,0,0,0,0
397,672,34151587,36315167,22405,7933,93,7955,0,0,-18,0,-18,1,1,1,960,544.56,960,544.56,17125,0,0,0,0,0,0,0
398,673,34489285,34421375,22073,7933,93,7955,0,0,-18,0,-18,1,1,1,960,544.56,960,544.56,15417,0,0,0,0,0,0,0
399,674,35240750,34172667,22161,7933,93,7955,0,0,-18,0,-18,1,1,1,960,544.56,960,544.56,24500,0,0,0,0,0,0,0
400,675,32947003,34036625,22137,7933,93,7955,0,0,-18,0,-18,1,1,1,960,544.56,960,544.56,15125,0,0,0,0,0,0,0
401,676,34444287,34440000,22073,7933,93,7955,0,0,-18,0,-18,1,1,1,960,544.56,960,544.56,14959,0,0,0,0,0,0,0
402,677,35163123,34051709,22073,7933,93,7955,0,0,-18,0,-18,1,1,1,960,544.56,960,544.56,14750,0,0,0,0,0,0,0
403,678,36011047,37040583,22189,7933,93,7955,0,0,-18,0,-18,1,1,1,960,544.56,960,544.56,15417,0,0,0,0,0,0,0
404,679,33563245,33604167,22161,7933,96,7955,0,0,-18,0,-18,1,1,1,960,544.56,960,544.56,15375,0,0,0,0,0,0,0
405,680,34892920,33791541,22073,7933,93,7955,0,0,-18,0,-18,1,1,1,960,544.56,960,544.56,14792,0,0,0,0,0,0,0
406,681,31732164,32628625,22137,7934,94,7956,0,0,-18,0,-18,1,1,1,960,544.56,960,544.56,14958,0,0,0,0,0,0,0
407,682,31351588,31536292,22073,7933,93,7955,0,0,-18,0,-18,1,1,1,960,544.56,960,544.56,13125,0,0,0,0,0,0,0
408,683,30430831,30353917,22073,7933,93,7955,0,0,-18,0,-18,1,1,1,960,544.56,960,544.56,13209,0,0,0,0,0,0,0
409,684,30979165,30017625,22161,7933,93,7955,0,0,-18,0,-18,1,1,1,960,544.56,960,544.56,13333,0,0,0,0,0,0,0
410,685,30608829,31591542,22391,7933,93,7955,0,0,-18,0,-18,1,1,1,960,544.56,960,544.56,13833,0,0,0,0,0,0,0
411,686,36191042,34985958,22435,7933,93,7955,0,0,-18,0,-18,1,1,1,960,544.56,960,544.56,13500,0,0,0,0,0,0,0
412,687,34849870,34831625,22289,7933,93,7955,0,0,-18,0,-18,1,1,1,960,544.56,960,544.56,16000,0,0,0,0,0,0,0
413,688,35787627,36901584,22137,7933,93,7955,0,0,-18,0,-18,1,1,1,960,544.56,960,544.56,15583,0,0,0,0,0,0,0
414,689,36429498,36440250,22161,7933,93,7955,0,0,-18,0,-18,1,1,1,960,544.56,960,544.56,15083,0,0,0,0,0,0,0
415,690,37010297,35763500,22073,7933,93,7955,0,0,-18,0,-18,1,1,1,960,544.56,960,544.56,18500,0,0,0,0,0,0,0
416,691,34066744,35283000,22189,7933,93,7955,0,0,-18,0,-18,1,1,1,960,544.56,960,544.56,14333,0,0,0,0,0,0,0
417,692,35273086,35267833,22073,7933,93,7955,0,0,-18,0,-18,1,1,1,960,544.56,960,544.56,15042,0,0,0,0,0,0,0
418,693,44577244,42959250,22073,7933,93,7955,0,0,-18,0,-18,1,1,1,960,544.56,960,544.56,17542,0,0,0,0,0,0,0
419,694,42860340,44399125,22225,7933,96,7955,0,0,-18,0,-18,1,1,1,960,544.56,960,544.56,19167,0,0,0,0,0,0,0
420,695,51976203,51769833,22073,7933,93,7955,0,0,-18,0,-18,1,1,1,960,544.56,960,544.56,18708,0,0,0,0,0,0,0
421,696,68715497,66760584,22125,7934,94,7956,0,0,-18,0,-18,1,1,1,960,544.56,960,544.56,29750,0,0,0,0,0,0,0
422,697,65786294,67700708,22427,7933,93,7955,0,0,-18,0,-18,1,1,1,960,544.56,960,544.56,28583,0,0,0,0,0,0,0
423,698,73352582,69515916,22435,7933,93,7955,0,0,-18,0,-18,1,1,1,960,544.56,960,544.56,28791,0,0,0,0,0,0,0
424,699,65226420,68876542,22405,7933,93,7955,0,0,-18,0,-18,1,1,1,960,544.56,960,544.56,31500,0,0,0,0,0,0,0
425,700,72177544,70146500,22161,7933,93,7955,0,0,-18,0,-18,1,1,1,960,544.56,960,544.56,30584,0,0,0,0,0,0,0
426,701,60468457,62589417,22137,7933,93,7955,0,0,-18,0,-18,1,1,1,960,544.56,960,544.56,29792,0,0,0,0,0,0,0
427,702,61999872,60262333,22125,7933,93,7955,0,0,-18,0,-18,1,1,1,960,544.56,960,544.56,26541,0,0,0,0,0,0,0
428,703,50802834,52587917,22225,7933,96,7955,0,0,-18,0,-18,1,1,1,960,544.56,960,544.56,23583,0,0,0,0,0,0,0
429,704,45206043,45208500,22073,7933,93,7955,0,0,-18,0,-18,1,1,1,960,544.56,960,544.56,19542,0,0,0,0,0,0,0
430,705,48462245,47092791,22275,7933,93,7955,0,0,-18,0,-18,1,1,1,960,544.56,960,544.56,19458,0,0,0,0,0,0,0
431,706,46421252,45571500,22551,7933,93,7955,0,0,-18,0,-18,1,1,1,960,544.56,960,544.56,19334,0,0,0,0,0,0,0
432,707,51801629,53883334,22377,7933,93,7955,0,0,-18,0,-18,1,1,1,960,544.56,960,544.56,21125,0,0,0,0,0,0,0
433,708,55418118,53735292,22073,7933,93,7955,0,0,-18,0,-18,1,1,1,960,544.56,960,544.56,22875,0,0,0,0,0,0,0
434,709,51895339,53373500,22137,7933,93,7955,0,0,-18,0,-18,1,1,1,960,544.56,960,544.56,23042,0,0,0,0,0,0,0
435,710,58802042,56713084,22213,7933,93,7955,0,0,-18,0,-18,1,1,1,960,544.56,960,544.56,22583,0,0,0,0,0,0,0
436,711,59722747,61874209,22137,7934,94,7956,0,0,-18,0,-18,1,1,1,960,544.56,960,544.56,24958,0,0,0,0,0,0,0
437,712,65850876,63696334,22073,7933,96,7955,0,0,-18,0,-18,1,1,1,960,544.56,960,544.56,23083,0,0,0,0,0,0,0
438,713,66392958,68442417,22225,7933,93,7955,0,0,-18,0,-18,1,1,1,960,544.56,960,544.56,29250,0,0,0,0,0,0,0
439,714,69959461,67899208,22327,7933,93,7955,0,0,-18,0,-18,1,1,1,960,544.56,960,544.56,30667,0,0,0,0,0,0,0
440,715,68554587,68473708,22499,7933,93,7955,0,0,-18,0,-18,1,1,1,960,544.56,960,544.56,32917,0,0,0,0,0,0,0
441,716,57221285,57694458,22377,7933,93,7955,0,0,-18,0,-18,1,1,1,960,544.56,960,544.56,28958,0,0,0,0,0,0,0
442,717,51237713,52784750,22137,7933,93,7955,0,0,-18,0,-18,1,1,1,960,544.56,960,544.56,23167,0,0,0,0,0,0,0
443,718,50073746,48834000,22125,7933,93,7955,0,0,-18,0,-18,1,1,1,960,544.56,960,544.56,19250,0,0,0,0,0,0,0
444,719,49180798,50544167,22225,7933,93,7955,0,0,-18,0,-18,1,1,1,960,544.56,960,544.56,20458,0,0,0,0,0,0,0
445,720,46746164,46653208,22073,7933,96,7955,0,0,-18,0,-18,1,1,1,960,544.56,960,544.56,18875,0,0,0,0,0,0,0
446,721,45874830,44435791,22073,7933,93,7955,0,0,-18,0,-18,1,1,1,960,544.56,960,544.56,19917,0,0,0,0,0,0,0
447,722,40427707,41701625,22137,7933,93,7955,0,0,-18,0,-18,1,1,1,960,544.56,960,544.56,17417,0,0,0,0,0,0,0
448,723,44155839,44071833,22213,7933,93,7955,0,0,-18,0,-18,1,1,1,960,544.56,960,544.56,19792,0,0,0,0,0,0,0
449,724,45248702,44307667,22275,7933,93,7955,0,0,-18,0,-18,1,1,1,960,544.56,960,544.56,19084,0,0,0,0,0,0,0
450,725,46678919,46416292,22499,7933,93,7955,0,0,-18,0,-18,1,1,1,960,544.56,960,544.56,19417,0,0,0,0,0,0,0
451,726,45661125,46989333,22289,7934,94,7956,0,0,-18,0,-18,1,1,1,960,544.56,960,544.56,26583,0,0,0,0,0,0,0
452,727,48338830,46475833,22161,7933,93,7955,0,0,-18,0,-18,1,1,1,960,544.56,960,544.56,19041,0,0,0,0,0,0,0
453,728,44280294,46158250,22189,7933,93,7955,0,0,-18,0,-18,1,1,1,960,544.56,960,544.56,19334,0,0,0,0,0,0,0
454,729,47555457,47533875,22073,7933,93,7955,0,0,-18,0,-18,1,1,1,960,544.56,960,544.56,26666,0,0,0,0,0,0,0
455,730,51332917,49876542,22073,7933,93,7955,0,0,-18,0,-18,1,1,1,960,544.56,960,544.56,23084,0,0,0,0,0,0,0
456,731,44224333,45672916,22225,7933,96,7955,0,0,-18,0,-18,1,1,1,960,544.56,960,544.56,30667,0,0,0,0,0,0,0
457,732,48026375,47993500,22073,7933,93,7955,0,0,-18,0,-18,1,1,1,960,544.56,960,544.56,19083,0,0,0,0,0,0,0
458,733,56029293,54484042,22125,7933,93,7955,0,0,-18,0,-18,1,1,1,960,544.56,960,544.56,19584,0,0,0,0,0,0,0
459,734,53871210,55249625,22339,7933,93,7955,0,0,-18,0,-18,1,1,1,960,544.56,960,544.56,22875,0,0,0,0,0,0,0
460,735,60307752,57094166,22523,7933,93,7955,0,0,-18,0,-18,1,1,1,960,544.56,960,544.56,27334,0,0,0,0,0,0,0
461,736,53107667,56331500,22353,7933,93,7955,0,0,-18,0,-18,1,1,1,960,544.56,960,544.56,23167,0,0,0,0,0,0,0
462,737,57998251,56338542,22125,7933,93,7955,0,0,-18,0,-18,1,1,1,960,544.56,960,544.56,22875,0,0,0,0,0,0,0
463,738,51555875,52847708,22225,7933,93,7955,0,0,-18,0,-18,1,1,1,960,544.56,960,544.56,23875,0,0,0,0,0,0,0
464,739,53480207,52275125,22073,7933,93,7955,0,0,-18,0,-18,1,1,1,960,544.56,960,544.56,37750,0,0,0,0,0,0,0
465,740,53535666,54941667,22137,7933,93,7955,0,0,-18,0,-18,1,1,1,960,544.56,960,544.56,20541,0,0,0,0,0,0,0
466,741,55598419,53686833,22213,7934,97,7956,0,0,-18,0,-18,1,1,1,960,544.56,960,544.56,23208,0,0,0,0,0,0,0
467,742,52962955,54827458,22137,7933,93,7955,0,0,-18,0,-18,1,1,1,960,544.56,960,544.56,22500,0,0,0,0,0,0,0
468,743,55326998,53741250,22275,7933,93,7955,0,0,-18,0,-18,1,1,1,960,544.56,960,544.56,25000,0,0,0,0,0,0,0
469,744,48046421,48427083,22587,7933,93,7955,0,0,-18,0,-18,1,1,1,960,544.56,960,544.56,22625,0,0,0,0,0,0,0
470,745,43181788,44345166,22341,7933,93,7955,0,0,-18,0,-18,1,1,1,960,544.56,960,544.56,18917,0,0,0,0,0,0,0
471,746,45417375,44242125,22073,7933,93,7955,0,0,-18,0,-18,1,1,1,960,544.56,960,544.56,19084,0,0,0,0,0,0,0
472,747,37345748,38584958,22137,7933,93,7955,0,0,-18,0,-18,1,1,1,960,544.56,960,544.56,19042,0,0,0,0,0,0,0
473,748,38498003,38581167,22161,7933,93,7955,0,0,-18,0,-18,1,1,1,960,544.56,960,544.56,16750,0,0,0,0,0,0,0
474,749,38460414,37371084,22073,7933,93,7955,0,0,-18,0,-18,1,1,1,960,544.56,960,544.56,16667,0,0,0,0,0,0,0
475,750,36772541,37840417,22189,7933,93,7955,0,0,-18,0,-18,1,1,1,960,544.56,960,544.56,34750,0,0,0,0,0,0,0
476,751,34064207,34029625,22073,7933,96,7955,0,0,-18,0,-18,1,1,1,960,544.56,960,544.56,14875,0,0,0,0,0,0,0
477,752,34902457,33763666,22073,7933,93,7955,0,0,-18,0,-18,1,1,1,960,544.56,960,544.56,14875,0,0,0,0,0,0,0
478,753,32531164,33633125,22225,7933,93,7955,0,0,-18,0,-18,1,1,1,960,544.56,960,544.56,15583,0,0,0,0,0,0,0
479,754,33731959,33739208,22073,7933,93,7955,0,0,-18,0,-18,1,1,1,960,544.56,960,544.56,15084,0,0,0,0,0,0,0
480,755,34887753,33789250,22073,7933,93,7955,0,0,-18,0,-18,1,1,1,960,544.56,960,544.56,14667,0,0,0,0,0,0,0
481,756,32353166,33437666,22391,7934,94,7956,0,0,-18,0,-18,1,1,1,960,544.56,960,544.56,14625,0,0,0,0,0,0,0
482,757,34939251,33743083,22435,7933,93,7955,0,0,-18,0,-18,1,1,1,960,544.56,960,544.56,14583,0,0,0,0,0,0,0
483,758,33480286,33587542,22377,7933,93,7955,0,0,-18,0,-18,1,1,1,960,544.56,960,544.56,14500,0,0,0,0,0,0,0
484,759,32386545,33419541,22137,7933,93,7955,0,0,-18,0,-18,1,1,1,960,544.56,960,544.56,14875,0,0,0,0,0,0,0
485,760,31265463,31273333,22073,7933,93,7955,0,0,-18,0,-18,1,1,1,960,544.56,960,544.56,14542,0,0,0,0,0,0,0
486,761,30406454,30387458,22073,7933,93,7955,0,0,-18,0,-18,1,1,1,960,544.56,960,544.56,13083,0,0,0,0,0,0,0
487,762,31592998,30543291,22073,7933,93,7955,0,0,-18,0,-18,1,1,1,960,544.56,960,544.56,13750,0,0,0,0,0,0,0
488,763,29675247,30660792,22277,7933,93,7955,0,0,-18,0,-18,1,1,1,960,544.56,960,544.56,13917,0,0,0,0,0,0,0
489,764,30455959,30497708,22073,7931,93,7953,0,0,-18,0,-18,1,1,1,960,544.56,960,544.56,13500,0,0,0,0,0,0,0
490,765,33809792,33776417,22073,7933,93,7955,0,0,-18,0,-18,1,1,1,960,544.56,960,544.56,13917,0,0,0,0,0,0,0
491,766,34883622,33637166,22073,7933,96,7955,0,0,-18,0,-18,1,1,1,960,544.56,960,544.56,13125,0,0,0,0,0,0,0
492,767,34296251,35431250,22137,7933,93,7955,0,0,-18,0,-18,1,1,1,960,544.56,960,544.56,15208,0,0,0,0,0,0,0
493,768,37382580,37316125,22161,7933,93,7955,0,0,-18,0,-18,1,1,1,960,544.56,960,544.56,14833,0,0,0,0,0,0,0
494,769,36836672,35616375,22125,7933,93,7955,0,0,-18,0,-18,1,1,1,960,544.56,960,544.56,15292,0,0,0,0,0,0,0
495,770,37222996,38329083,22137,7933,93,7955,0,0,-18,0,-18,1,1,1,960,544.56,960,544.56,15917,0,0,0,0,0,0,0
496,771,38067709,38091583,22275,7934,94,7956,0,0,-18,0,-18,1,1,1,960,544.56,960,544.56,17041,0,0,0,0,0,0,0
497,772,40010713,38007417,22435,7933,93,7955,0,0,-18,0,-18,1,1,1,960,544.56,960,544.56,14541,0,0,0,0,0,0,0
498,773,38654200,40601542,22441,7933,93,7955,0,0,-18,0,-18,1,1,1,960,544.56,960,544.56,15167,0,0,0,0,0,0,0
499,774,49111168,49100792,22073,7933,93,7955,0,0,-18,0,-18,1,1,1,960,544.56,960,544.56,19125,0,0,0,0,0,0,0
500,775,65276667,62751333,22125,7933,93,7955,0,0,-18,0,-18,1,1,1,960,544.56,960,544.56,22709,0,0,0,0,0,0,0
501,776,65871581,68263959,22225,7933,93,7955,0,0,-18,0,-18,1,1,1,960,544.56,960,544.56,30917,0,0,0,0,0,0,0
502,777,82869917,80897542,22073,7933,93,7955,0,0,-18,0,-18,1,1,1,960,544.56,960,544.56,28709,0,0,0,0,0,0,0
503,778,72415709,74199458,22189,7933,96,7955,0,0,-18,0,-18,1,1,1,960,544.56,960,544.56,28750,0,0,0,0,0,0,0
504,779,70479579,68157041,22161,7933,93,7955,0,0,-18,0,-18,1,1,1,960,544.56,960,544.56,29000,0,0,0,0,0,0,0
505,780,60280624,60595375,22701,7933,93,7955,0,0,-18,0,-18,1,1,1,960,544.56,960,544.56,28583,0,0,0,0,0,0,0
506,781,54998837,55425875,22341,7933,93,7955,0,0,-18,0,-18,1,1,1,960,544.56,960,544.56,25375,0,0,0,0,0,0,0
507,782,45936495,47734875,22225,7933,93,7955,0,0,-18,0,-18,1,1,1,960,544.56,960,544.56,19583,0,0,0,0,0,0,0
508,783,46285126,46206792,22073,7933,93,7955,0,0,-18,0,-18,1,1,1,960,544.56,960,544.56,19416,0,0,0,0,0,0,0
509,784,47384545,45909250,22073,7933,93,7955,0,0,-18,0,-18,1,1,1,960,544.56,960,544.56,23166,0,0,0,0,0,0,0
510,785,49014002,50359583,22137,7933,93,7955,0,0,-18,0,-18,1,1,1,960,544.56,960,544.56,25917,0,0,0,0,0,0,0
511,786,44348284,44508667,22213,7934,97,7956,0,0,-18,0,-18,1,1,1,960,544.56,960,544.56,19417,0,0,0,0,0,0,0
512,787,43850880,42524666,22073,7933,93,7955,0,0,-18,0,-18,1,1,1,960,544.56,960,544.56,16750,0,0,0,0,0,0,0
513,788,44024378,45286834,22137,7933,93,7955,0,0,-18,0,-18,1,1,1,960,544.56,960,544.56,24167,0,0,0,0,0,0,0
514,789,47051623,46907500,22073,7933,93,7955,0,0,-18,0,-18,1,1,1,960,544.56,960,544.56,20000,0,0,0,0,0,0,0
515,790,47933503,46715583,22363,7933,93,7955,0,0,-18,0,-18,1,1,1,960,544.56,960,544.56,19375,0,0,0,0,0,0,0
516,791,47820083,47762542,22551,7933,93,7955,0,0,-18,0,-18,1,1,1,960,544.56,960,544.56,19167,0,0,0,0,0,0,0
517,792,43122500,44458292,22289,7933,93,7955,0,0,-18,0,-18,1,1,1,960,544.56,960,544.56,18917,0,0,0,0,0,0,0
518,793,48643793,47092708,22073,7933,93,7955,0,0,-18,0,-18,1,1,1,960,544.56,960,544.56,20292,0,0,0,0,0,0,0
519,794,45785125,47302542,22225,7933,93,7955,0,0,-18,0,-18,1,1,1,960,544.56,960,544.56,19333,0,0,0,0,0,0,0
520,795,55870953,54173458,22073,7933,93,7955,0,0,-18,0,-18,1,1,1,960,544.56,960,544.56,19833,0,0,0,0,0,0,0
521,796,58064583,59561209,22189,7933,93,7955,0,0,-18,0,-18,1,1,1,960,544.56,960,544.56,24750,0,0,0,0,0,0,0
522,797,53854208,52304834,22161,7933,96,7955,0,0,-18,0,-18,1,1,1,960,544.56,960,544.56,23125,0,0,0,0,0,0,0
523,798,49767289,51413625,22137,7933,93,7955,0,0,-18,0,-18,1,1,1,960,544.56,960,544.56,22416,0,0,0,0,0,0,0
524,799,43757837,43696458,22073,7933,93,7955,0,0,-18,0,-18,1,1,1,960,544.56,960,544.56,19000,0,0,0,0,0,0,0
525,800,42788080,41626708,22327,7933,93,7955,0,0,-18,0,-18,1,1,1,960,544.56,960,544.56,19042,0,0,0,0,0,0,0
526,801,37737373,37749333,22587,7934,94,7956,0,0,-18,0,-18,1,1,1,960,544.56,960,544.56,16958,0,0,0,0,0,0,0
527,802,33107299,34304250,22289,7933,93,7955,0,0,-18,0,-18,1,1,1,960,544.56,960,544.56,16250,0,0,0,0,0,0,0
528,803,34527074,33472708,22073,7933,93,7955,0,0,-18,0,-18,1,1,1,960,544.56,960,544.56,15000,0,0,0,0,0,0,0
529,804,32349169,33395291,22137,7933,93,7955,0,0,-18,0,-18,1,1,1,960,544.56,960,544.56,15042,0,0,0,0,0,0,0
530,805,33517666,33462958,22073,7933,93,7955,0,0,-18,0,-18,1,1,1,960,544.56,960,544.56,15083,0,0,0,0,0,0,0
531,806,34285835,33223834,22213,7933,93,7955,0,0,-18,0,-18,1,1,1,960,544.56,960,544.56,14292,0,0,0,0,0,0,0
532,807,32511081,33593167,22137,7933,93,7955,0,0,-18,0,-18,1,1,1,960,544.56,960,544.56,14792,0,0,0,0,0,0,0
533,808,35575579,35525250,22073,7933,93,7955,0,0,-18,0,-18,1,1,1,960,544.56,960,544.56,15083,0,0,0,0,0,0,0
534,809,33809963,32830084,22073,7933,96,7955,0,0,-18,0,-18,1,1,1,960,544.56,960,544.56,14583,0,0,0,0,0,0,0
535,810,29161246,30110875,22137,7933,93,7955,0,0,-18,0,-18,1,1,1,960,544.56,960,544.56,13375,0,0,0,0,0,0,0
536,811,30320294,30362875,22161,7933,93,7955,0,0,-18,0,-18,1,1,1,960,544.56,960,544.56,13417,0,0,0,0,0,0,0
537,812,30480371,30439833,22073,7933,93,7955,0,0,-18,0,-18,1,1,1,960,544.56,960,544.56,13500,0,0,0,0,0,0,0
538,813,31337626,30115791,22125,7933,93,7955,0,0,-18,0,-18,1,1,1,960,544.56,960,544.56,13042,0,0,0,0,0,0,0
539,814,29106957,30306667,22137,7933,93,7955,0,0,-18,0,-18,1,1,1,960,544.56,960,544.56,13375,0,0,0,0,0,0,0
540,815,30376955,30343375,22275,7933,93,7955,0,0,-18,0,-18,1,1,1,960,544.56,960,544.56,13375,0,0,0,0,0,0,0
541,816,31041752,31019042,22161,7934,94,7956,0,0,-18,0,-18,1,1,1,960,544.56,960,544.56,13167,0,0,0,0,0,0,0
542,817,36487296,34125417,22435,7933,93,7955,0,0,-18,0,-18,1,1,1,960,544.56,960,544.56,13875,0,0,0,0,0,0,0
543,818,32005123,34324000,22353,7933,93,7955,0,0,-18,0,-18,1,1,1,960,544.56,960,544.56,14625,0,0,0,0,0,0,0
544,819,36484248,36488417,22073,7933,93,7955,0,0,-18,0,-18,1,1,1,960,544.56,960,544.56,18792,0,0,0,0,0,0,0
545,820,35596873,34448875,22125,7933,93,7955,0,0,-18,0,-18,1,1,1,960,544.56,960,544.56,14708,0,0,0,0,0,0,0
546,821,35221002,36321292,22225,7933,93,7955,0,0,-18,0,-18,1,1,1,960,544.56,960,544.56,14625,0,0,0,0,0,0,0
547,822,36912038,36808333,22073,7933,93,7955,0,0,-18,0,-18,1,1,1,960,544.56,960,544.56,16417,0,0,0,0,0,0,0
548,823,40492579,39298166,22073,7933,93,7955,0,0,-18,0,-18,1,1,1,960,544.56,960,544.56,18041,0,0,0,0,0,0,0
549,824,39530918,40662125,22137,7933,96,7955,0,0,-18,0,-18,1,1,1,960,544.56,960,544.56,16583,0,0,0,0,0,0,0
550,825,47254584,47267791,22161,7933,93,7955,0,0,-18,0,-18,1,1,1,960,544.56,960,544.56,19167,0,0,0,0,0,0,0
551,826,57266250,55292334,22125,7933,93,7955,0,0,-18,0,-18,1,1,1,960,544.56,960,544.56,22375,0,0,0,0,0,0,0
552,827,64506292,66242458,22265,7933,93,7955,0,0,-18,0,-18,1,1,1,960,544.56,960,544.56,28417,0,0,0,0,0,0,0
553,828,72896167,68819583,22597,7933,93,7955,0,0,-18,0,-18,1,1,1,960,544.56,960,544.56,30625,0,0,0,0,0,0,0
554,829,64699001,68674833,22353,7933,93,7955,0,0,-18,0,-18,1,1,1,960,544.56,960,544.56,30958,0,0,0,0,0,0,0
555,830,70954918,68625583,22125,7933,93,7955,0,0,-18,0,-18,1,1,1,960,544.56,960,544.56,35125,0,0,0,0,0,0,0
556,831,62412876,64723708,22225,7934,94,7956,0,0,-18,0,-18,1,1,1,960,544.56,960,544.56,40917,0,0,0,0,0,0,0
557,832,60883581,59441791,22073,7933,93,7955,0,0,-18,0,-18,1,1,1,960,544.56,960,544.56,24458,0,0,0,0,0,0,0
558,833,53809043,55304292,22137,7933,96,7955,0,0,-18,0,-18,1,1,1,960,544.56,960,544.56,22500,0,0,0,0,0,0,0
559,834,54499667,53231042,22213,7933,93,7955,0,0,-18,0,-18,1,1,1,960,544.56,960,544.56,23167,0,0,0,0,0,0,0
560,835,44854585,46250000,22137,7933,93,7955,0,0,-18,0,-18,1,1,1,960,544.56,960,544.56,24834,0,0,0,0,0,0,0
561,836,46880412,46816583,22275,7933,93,7955,0,0,-18,0,-18,1,1,1,960,544.56,960,544.56,19334,0,0,0,0,0,0,0
562,837,49812208,47132208,22435,7933,93,7955,0,0,-18,0,-18,1,1,1,960,544.56,960,544.56,19625,0,0,0,0,0,0,0
563,838,45016128,47463291,22441,7933,93,7955,0,0,-18,0,-18,1,1,1,960,544.56,960,544.56,19292,0,0,0,0,0,0,0
564,839,49070287,49010792,22125,7933,93,7955,0,0,-18,0,-18,1,1,1,960,544.56,960,544.56,21375,0,0,0,0,0,0,0
565,840,57327587,55859917,22073,7933,93,7955,0,0,-18,0,-18,1,1,1,960,544.56,960,544.56,24666,0,0,0,0,0,0,0
566,841,51097787,52709459,22225,7933,93,7955,0,0,-18,0,-18,1,1,1,960,544.56,960,544.56,22958,0,0,0,0,0,0,0
567,842,56895583,55228666,22073,7933,93,7955,0,0,-18,0,-18,1,1,1,960,544.56,960,544.56,24625,0,0,0,0,0,0,0
568,843,45263167,46882750,22189,7933,96,7955,0,0,-18,0,-18,1,1,1,960,544.56,960,544.56,22541,0,0,0,0,0,0,0
569,844,44254586,44276958,22161,7933,93,7955,0,0,-18,0,-18,1,1,1,960,544.56,960,544.56,19125,0,0,0,0,0,0,0
570,845,41446663,40246458,22073,7933,93,7955,0,0,-18,0,-18,1,1,1,960,544.56,960,544.56,19084,0,0,0,0,0,0,0
571,846,37011004,38114375,22339,7934,94,7956,0,0,-18,0,-18,1,1,1,960,544.56,960,544.56,16750,0,0,0,0,0,0,0
572,847,36379832,35337958,22435,7933,93,7955,0,0,-18,0,-18,1,1,1,960,544.56,960,544.56,16250,0,0,0,0,0,0,0
573,848,33770289,33828416,22429,7933,93,7955,0,0,-18,0,-18,1,1,1,960,544.56,960,544.56,14625,0,0,0,0,0,0,0
574,849,32804753,33890500,22137,7933,93,7955,0,0,-18,0,-18,1,1,1,960,544.56,960,544.56,14458,0,0,0,0,0,0,0
575,850,33706456,33667584,22073,7933,93,7955,0,0,-18,0,-18,1,1,1,960,544.56,960,544.56,14667,0,0,0,0,0,0,0
576,851,34440711,33358375,22073,7933,93,7955,0,0,-18,0,-18,1,1,1,960,544.56,960,544.56,14750,0,0,0,0,0,0,0
577,852,32545834,33560000,22137,7933,93,7955,0,0,-18,0,-18,1,1,1,960,544.56,960,544.56,15250,0,0,0,0,0,0,0
578,853,33175665,33203584,22161,7933,93,7955,0,0,-18,0,-18,1,1,1,960,544.56,960,544.56,14917,0,0,0,0,0,0,0
579,854,34822039,33725250,22125,7933,93,7955,0,0,-18,0,-18,1,1,1,960,544.56,960,544.56,14459,0,0,0,0,0,0,0
580,855,35693127,36781833,22137,7933,93,7955,0,0,-18,0,-18,1,1,1,960,544.56,960,544.56,16541,0,0,0,0,0,0,0
581,856,31797122,31778834,22073,7933,96,7955,0,0,-18,0,-18,1,1,1,960,544.56,960,544.56,14875,0,0,0,0,0,0,0
582,857,30423214,30359083,22073,7933,93,7955,0,0,-18,0,-18,1,1,1,960,544.56,960,544.56,12958,0,0,0,0,0,0,0
583,858,31301707,30243083,22161,7933,93,7955,0,0,-18,0,-18,1,1,1,960,544.56,960,544.56,13792,0,0,0,0,0,0,0
584,859,29297873,30378750,22137,7933,93,7955,0,0,-18,0,-18,1,1,1,960,544.56,960,544.56,13500,0,0,0,0,0,0,0
585,860,30933750,30737250,22073,7933,93,7955,0,0,-18,0,-18,1,1,1,960,544.56,960,544.56,13375,0,0,0,0,0,0,0
586,861,30471747,30652542,22327,7934,94,7956,0,0,-18,0,-18,1,1,1,960,544.56,960,544.56,13833,0,0,0,0,0,0,0
587,862,32785084,31716417,22073,7933,93,7955,0,0,-18,0,-18,1,1,1,960,544.56,960,544.56,13542,0,0,0,0,0,0,0
588,863,32773081,32700000,22587,7933,93,7955,0,0,-18,0,-18,1,1,1,960,544.56,960,544.56,13208,0,0,0,0,0,0,0
589,864,32216086,33289250,22289,7933,93,7955,0,0,-18,0,-18,1,1,1,960,544.56,960,544.56,14542,0,0,0,0,0,0,0
590,865,33574126,33551875,22073,7933,93,7955,0,0,-18,0,-18,1,1,1,960,544.56,960,544.56,13833,0,0,0,0,0,0,0
591,866,34720994,33615084,22073,7933,93,7955,0,0,-18,0,-18,1,1,1,960,544.56,960,544.56,14417,0,0,0,0,0,0,0
592,867,32605208,33641042,22137,7933,93,7955,0,0,-18,0,-18,1,1,1,960,544.56,960,544.56,14584,0,0,0,0,0,0,0
593,868,33665794,33688833,22213,7933,93,7955,0,0,-18,0,-18,1,1,1,960,544.56,960,544.56,14833,0,0,0,0,0,0,0
594,869,34384537,33277625,22073,7933,93,7955,0,0,-18,0,-18,1,1,1,960,544.56,960,544.56,14541,0,0,0,0,0,0,0
595,870,37122003,38203208,22137,7933,93,7955,0,0,-18,0,-18,1,1,1,960,544.56,960,544.56,16209,0,0,0,0,0,0,0
596,871,37805370,37783250,22073,7933,96,7955,0,0,-18,0,-18,1,1,1,960,544.56,960,544.56,15750,0,0,0,0,0,0,0
597,872,35444337,34325750,22073,7933,93,7955,0,0,-18,0,-18,1,1,1,960,544.56,960,544.56,15000,0,0,0,0,0,0,0
598,873,32641410,33759791,22225,7933,93,7955,0,0,-18,0,-18,1,1,1,960,544.56,960,544.56,14542,0,0,0,0,0,0,0
599,874,33704832,33684125,22125,7933,93,7955,0,0,-18,0,-18,1,1,1,960,544.56,960,544.56,14958,0,0,0,0,0,0,0
600,875,33651210,32637666,22073,7933,93,7955,0,0,-18,0,-18,1,1,1,960,544.56,960,544.56,14042,0,0,0,0,0,0,0
601,876,31675621,32671750,22339,7934,94,7956,0,0,-18,0,-18,1,1,1,960,544.56,960,544.56,14708,0,0,0,0,0,0,0
602,877,32061252,32002000,22073,7933,93,7955,0,0,-18,0,-18,1,1,1,960,544.56,960,544.56,13250,0,0,0,0,0,0,0
603,878,35445500,34228542,22523,7933,93,7955,0,0,-18,0,-18,1,1,1,960,544.56,960,544.56,13167,0,0,0,0,0,0,0
604,879,37352912,37474958,22289,7933,93,7955,0,0,-18,0,-18,1,1,1,960,544.56,960,544.56,14916,0,0,0,0,0,0,0
605,880,35857129,36791042,22189,7933,93,7955,0,0,-18,0,-18,1,1,1,960,544.56,960,544.56,14417,0,0,0,0,0,0,0
606,881,36787286,36900000,22073,7933,93,7955,0,0,-18,0,-18,1,1,1,960,544.56,960,544.56,15458,0,0,0,0,0,0,0
607,882,38525253,36726375,22073,7933,93,7955,0,0,-18,0,-18,1,1,1,960,544.56,960,544.56,14917,0,0,0,0,0,0,0
608,883,37326827,38991375,22225,7933,93,7955,0,0,-18,0,-18,1,1,1,960,544.56,960,544.56,18959,0,0,0,0,0,0,0
609,884,43593794,43577958,22073,7933,93,7955,0,0,-18,0,-18,1,1,1,960,544.56,960,544.56,16125,0,0,0,0,0,0,0
610,885,49480378,47942417,22073,7933,96,7955,0,0,-18,0,-18,1,1,1,960,544.56,960,544.56,22667,0,0,0,0,0,0,0
611,886,61523456,62862458,22189,7933,93,7955,0,0,-18,0,-18,1,1,1,960,544.56,960,544.56,27084,0,0,0,0,0,0,0
612,887,71159124,69308292,22161,7933,93,7955,0,0,-18,0,-18,1,1,1,960,544.56,960,544.56,28666,0,0,0,0,0,0,0
613,888,73860704,73194667,22701,7933,93,7955,0,0,-18,0,-18,1,1,1,960,544.56,960,544.56,53333,0,0,0,0,0,0,0
614,889,65460547,65443916,22341,7933,93,7955,0,0,-18,0,-18,1,1,1,960,544.56,960,544.56,19916,0,0,0,0,0,0,0
615,890,68388208,70843166,22225,7933,93,7955,0,0,-18,0,-18,1,1,1,960,544.56,960,544.56,28167,0,0,0,0,0,0,0
616,891,61218835,59542667,22073,7934,94,7956,0,0,-18,0,-18,1,1,1,960,544.56,960,544.56,27584,0,0,0,0,0,0,0
617,892,54559331,56246958,22137,7933,93,7955,0,0,-18,0,-18,1,1,1,960,544.56,960,544.56,23709,0,0,0,0,0,0,0
618,893,50873659,49181500,22213,7933,96,7955,0,0,-18,0,-18,1,1,1,960,544.56,960,544.56,20334,0,0,0,0,0,0,0
619,894,47327544,48944959,22137,7933,93,7955,0,0,-18,0,-18,1,1,1,960,544.56,960,544.56,19458,0,0,0,0,0,0,0
620,895,44452961,44574417,22073,7933,93,7955,0,0,-18,0,-18,1,1,1,960,544.56,960,544.56,19000,0,0,0,0,0,0,0
621,896,47015454,45625625,22275,7933,93,7955,0,0,-18,0,-18,1,1,1,960,544.56,960,544.56,18000,0,0,0,0,0,0,0
622,897,46773836,46649125,22587,7933,93,7955,0,0,-18,0,-18,1,1,1,960,544.56,960,544.56,16833,0,0,0,0,0,0,0
623,898,46816956,48246541,22341,7933,93,7955,0,0,-18,0,-18,1,1,1,960,544.56,960,544.56,19000,0,0,0,0,0,0,0
624,899,47269791,45655167,22073,7933,93,7955,0,0,-18,0,-18,1,1,1,960,544.56,960,544.56,27583,0,0,0,0,0,0,0
625,900,48927042,50135583,22137,7933,93,7955,0,0,-18,0,-18,1,1,1,960,544.56,960,544.56,19292,0,0,0,0,0,0,0
626,901,56473121,55231583,22161,7933,93,7955,0,0,-18,0,-18,1,1,1,960,544.56,960,544.56,26333,0,0,0,0,0,0,0
627,902,54587371,56040458,22137,7933,93,7955,0,0,-18,0,-18,1,1,1,960,544.56,960,544.56,22708,0,0,0,0,0,0,0
628,903,62176920,60154541,22125,7933,93,7955,0,0,-18,0,-18,1,1,1,960,544.56,960,544.56,28584,0,0,0,0,0,0,0
629,904,53474418,55480666,22225,7933,96,7955,0,0,-18,0,-18,1,1,1,960,544.56,960,544.56,23417,0,0,0,0,0,0,0
630,905,55581703,53710834,22073,7933,93,7955,0,0,-18,0,-18,1,1,1,960,544.56,960,544.56,23292,0,0,0,0,0,0,0
631,906,50819415,52516583,22339,7934,94,7956,0,0,-18,0,-18,1,1,1,960,544.56,960,544.56,22833,0,0,0,0,0,0,0
632,907,51989626,49626500,22575,7933,93,7955,0,0,-18,0,-18,1,1,1,960,544.56,960,544.56,23750,0,0,0,0,0,0,0
633,908,39294339,41843791,22353,7933,93,7955,0,0,-18,0,-18,1,1,1,960,544.56,960,544.56,19166,0,0,0,0,0,0,0
634,909,38219578,38236125,22073,7933,93,7955,0,0,-18,0,-18,1,1,1,960,544.56,960,544.56,17208,0,0,0,0,0,0,0
635,910,41164420,39104083,22073,7933,93,7955,0,0,-18,0,-18,1,1,1,960,544.56,960,544.56,16708,0,0,0,0,0,0,0
636,911,35172916,37140833,22225,7933,93,7955,0,0,-18,0,-18,1,1,1,960,544.56,960,544.56,15084,0,0,0,0,0,0,0
637,912,37361081,37384500,22125,7933,93,7955,0,0,-18,0,-18,1,1,1,960,544.56,960,544.56,15292,0,0,0,0,0,0,0
638,913,43564412,42005000,22073,7933,93,7955,0,0,-18,0,-18,1,1,1,960,544.56,960,544.56,14875,0,0,0,0,0,0,0
639,914,35859417,37273166,22137,7933,96,7955,0,0,-18,0,-18,1,1,1,960,544.56,960,544.56,15000,0,0,0,0,0,0,0
640,915,41532207,41614250,22161,7933,93,7955,0,0,-18,0,-18,1,1,1,960,544.56,960,544.56,17208,0,0,0,0,0,0,0
641,916,47851588,46480625,22073,7933,93,7955,0,0,-18,0,-18,1,1,1,960,544.56,960,544.56,23250,0,0,0,0,0,0,0
642,917,46954456,48237125,22189,7933,93,7955,0,0,-18,0,-18,1,1,1,960,544.56,960,544.56,18666,0,0,0,0,0,0,0
643,918,60212831,57458250,22275,7933,93,7955,0,0,-18,0,-18,1,1,1,960,544.56,960,544.56,22916,0,0,0,0,0,0,0
644,919,67840494,67832167,22587,7933,93,7955,0,0,-18,0,-18,1,1,1,960,544.56,960,544.56,32500,0,0,0,0,0,0,0
645,920,70195585,70818792,22289,7933,93,7955,0,0,-18,0,-18,1,1,1,960,544.56,960,544.56,28583,0,0,0,0,0,0,0
646,921,65863043,67617208,22189,7934,94,7956,0,0,-18,0,-18,1,1,1,960,544.56,960,544.56,28709,0,0,0,0,0,0,0
647,922,66561751,64728750,22161,7933,93,7955,0,0,-18,0,-18,1,1,1,960,544.56,960,544.56,29209,0,0,0,0,0,0,0
648,923,57935707,59943125,22137,7933,93,7955,0,0,-18,0,-18,1,1,1,960,544.56,960,544.56,25167,0,0,0,0,0,0,0
649,924,55476956,53594666,22073,7933,96,7955,0,0,-18,0,-18,1,1,1,960,544.56,960,544.56,27667,0,0,0,0,0,0,0
650,925,45057043,46967000,22277,7933,93,7955,0,0,-18,0,-18,1,1,1,960,544.56,960,544.56,20333,0,0,0,0,0,0,0
651,926,47284331,47222042,22275,7933,93,7955,0,0,-18,0,-18,1,1,1,960,544.56,960,544.56,25209,0,0,0,0,0,0,0
652,927,48646960,46148375,22435,7933,93,7955,0,0,-18,0,-18,1,1,1,960,544.56,960,544.56,19125,0,0,0,0,0,0,0
653,928,45869998,48297875,22353,7933,93,7955,0,0,-18,0,-18,1,1,1,960,544.56,960,544.56,19708,0,0,0,0,0,0,0
654,929,50680797,50623375,22161,7933,93,7955,0,0,-18,0,-18,1,1,1,960,544.56,960,544.56,19541,0,0,0,0,0,0,0
655,930,54466206,53219166,22125,7933,93,7955,0,0,-18,0,-18,1,1,1,960,544.56,960,544.56,22792,0,0,0,0,0,0,0
656,931,49494910,50743459,22137,7933,93,7955,0,0,-18,0,-18,1,1,1,960,544.56,960,544.56,19083,0,0,0,0,0,0,0
657,932,55737294,53654542,22161,7933,93,7955,0,0,-18,0,-18,1,1,1,960,544.56,960,544.56,20542,0,0,0,0,0,0,0
658,933,52125997,53932542,22137,7933,96,7955,0,0,-18,0,-18,1,1,1,960,544.56,960,544.56,23459,0,0,0,0,0,0,0
659,934,55981334,54552875,22125,7933,93,7955,0,0,-18,0,-18,1,1,1,960,544.56,960,544.56,26916,0,0,0,0,0,0,0
660,935,54918374,56521958,22225,7933,93,7955,0,0,-18,0,-18,1,1,1,960,544.56,960,544.56,22459,0,0,0,0,0,0,0
661,936,60187373,57047833,22637,7934,94,7956,0,0,-18,0,-18,1,1,1,960,544.56,960,544.56,27875,0,0,0,0,0,0,0
662,937,52565794,55578792,22353,7933,93,7955,0,0,-18,0,-18,1,1,1,960,544.56,960,544.56,23500,0,0,0,0,0,0,0
663,938,54781418,53271959,22213,7933,93,7955,0,0,-18,0,-18,1,1,1,960,544.56,960,544.56,23417,0,0,0,0,0,0,0
664,939,48895910,50462834,22137,7933,93,7955,0,0,-18,0,-18,1,1,1,960,544.56,960,544.56,26667,0,0,0,0,0,0,0
665,940,44961083,44996542,22073,7933,93,7955,0,0,-18,0,-18,1,1,1,960,544.56,960,544.56,20333,0,0,0,0,0,0,0
666,941,45432332,44198833,22073,7931,93,7953,0,0,-18,0,-18,1,1,1,960,544.56,960,544.56,19125,0,0,0,0,0,0,0
667,942,36849461,38084166,22225,7933,96,7955,0,0,-18,0,-18,1,1,1,960,544.56,960,544.56,16625,0,0,0,0,0,0,0
668,943,37997703,37978459,22125,7933,93,7955,0,0,-18,0,-18,1,1,1,960,544.56,960,544.56,17292,0,0,0,0,0,0,0
669,944,35053629,34003208,22073,7933,93,7955,0,0,-18,0,-18,1,1,1,960,544.56,960,544.56,14959,0,0,0,0,0,0,0
670,945,32739669,33777584,22137,7933,93,7955,0,0,-18,0,-18,1,1,1,960,544.56,960,544.56,14666,0,0,0,0,0,0,0
671,946,33610492,33573750,22073,7933,93,7955,0,0,-18,0,-18,1,1,1,960,544.56,960,544.56,14708,0,0,0,0,0,0,0
672,947,34731838,33481083,22363,7933,93,7955,0,0,-18,0,-18,1,1,1,960,544.56,960,544.56,14459,0,0,0,0,0,0,0
673,948,32278209,33525125,22137,7933,93,7955,0,0,-18,0,-18,1,1,1,960,544.56,960,544.56,14833,0,0,0,0,0,0,0
674,949,34936536,33806375,22487,7933,93,7955,0,0,-18,0,-18,1,1,1,960,544.56,960,544.56,14750,0,0,0,0,0,0,0
675,950,33888753,33934333,22289,7933,93,7955,0,0,-18,0,-18,1,1,1,960,544.56,960,544.56,15000,0,0,0,0,0,0,0
676,951,32404791,33376458,22137,7934,94,7956,0,0,-18,0,-18,1,1,1,960,544.56,960,544.56,15000,0,0,0,0,0,0,0
677,952,33064208,33153541,22161,7933,93,7955,0,0,-18,0,-18,1,1,1,960,544.56,960,544.56,14584,0,0,0,0,0,0,0
678,953,30394833,30359750,22073,7933,93,7955,0,0,-18,0,-18,1,1,1,960,544.56,960,544.56,13500,0,0,0,0,0,0,0
679,954,31222414,30237166,22073,7933,93,7955,0,0,-18,0,-18,1,1,1,960,544.56,960,544.56,13541,0,0,0,0,0,0,0
680,955,29471421,30418000,22137,7933,93,7955,0,0,-18,0,-18,1,1,1,960,544.56,960,544.56,13292,0,0,0,0,0,0,0
681,956,32546125,32502958,22125,7933,93,7955,0,0,-18,0,-18,1,1,1,960,544.56,960,544.56,14208,0,0,0,0,0,0,0
682,957,30444202,30430958,22161,7933,96,7955,0,0,-18,0,-18,1,1,1,960,544.56,960,544.56,14000,0,0,0,0,0,0,0
683,958,31161542,30204333,22073,7933,93,7955,0,0,-18,0,-18,1,1,1,960,544.56,960,544.56,13709,0,0,0,0,0,0,0
684,959,30715085,31664292,22137,7933,93,7955,0,0,-18,0,-18,1,1,1,960,544.56,960,544.56,15209,0,0,0,0,0,0,0
685,960,32600622,32581959,22073,7933,93,7955,0,0,-18,0,-18,1,1,1,960,544.56,960,544.56,13500,0,0,0,0,0,0,0
686,961,33535912,33473959,22073,7933,93,7955,0,0,-18,0,-18,1,1,1,960,544.56,960,544.56,14750,0,0,0,0,0,0,0
687,962,34568794,33535167,22161,7933,93,7955,0,0,-18,0,-18,1,1,1,960,544.56,960,544.56,14667,0,0,0,0,0,0,0
688,963,33303756,34335709,22391,7933,93,7955,0,0,-18,0,-18,1,1,1,960,544.56,960,544.56,14500,0,0,0,0,0,0,0
689,964,37230413,36068500,22435,7933,93,7955,0,0,-18,0,-18,1,1,1,960,544.56,960,544.56,14667,0,0,0,0,0,0,0
690,965,35310253,35353833,22289,7933,93,7955,0,0,-18,0,-18,1,1,1,960,544.56,960,544.56,14792,0,0,0,0,0,0,0
691,966,35516746,36428708,22137,7934,94,7956,0,0,-18,0,-18,1,1,1,960,544.56,960,544.56,14541,0,0,0,0,0,0,0
692,967,38186918,38208208,22161,7933,93,7955,0,0,-18,0,-18,1,1,1,960,544.56,960,544.56,15333,0,0,0,0,0,0,0
693,968,40304664,38674541,22073,7933,93,7955,0,0,-18,0,-18,1,1,1,960,544.56,960,544.56,16333,0,0,0,0,0,0,0
694,969,36889128,38563167,22189,7933,93,7955,0,0,-18,0,-18,1,1,1,960,544.56,960,544.56,15125,0,0,0,0,0,0,0
695,970,45173205,45068500,22073,7933,93,7955,0,0,-18,0,-18,1,1,1,960,544.56,960,544.56,18667,0,0,0,0,0,0,0
696,971,58677040,56627916,22161,7933,93,7955,0,0,-18,0,-18,1,1,1,960,544.56,960,544.56,19459,0,0,0,0,0,0,0
697,972,64633667,66532583,22137,7933,96,7955,0,0,-18,0,-18,1,1,1,960,544.56,960,544.56,28583,0,0,0,0,0,0,0
698,973,68658836,65858708,22125,7933,93,7955,0,0,-18,0,-18,1,1,1,960,544.56,960,544.56,29958,0,0,0,0,0,0,0
699,974,70769242,70712125,22789,7933,93,7955,0,0,-18,0,-18,1,1,1,960,544.56,960,544.56,28750,0,0,0,0,0,0,0
700,975,64807578,65692917,22289,7933,93,7955,0,0,-18,0,-18,1,1,1,960,544.56,960,544.56,29208,0,0,0,0,0,0,0
701,976,64621381,66531708,22189,7933,93,7955,0,0,-18,0,-18,1,1,1,960,544.56,960,544.56,29709,0,0,0,0,0,0,0
702,977,57697746,56098167,22161,7933,93,7955,0,0,-18,0,-18,1,1,1,960,544.56,960,544.56,23000,0,0,0,0,0,0,0
703,978,46781837,48492875,22137,7933,93,7955,0,0,-18,0,-18,1,1,1,960,544.56,960,544.56,26792,0,0,0,0,0,0,0
704,979,48974078,48856583,22073,7933,93,7955,0,0,-18,0,-18,1,1,1,960,544.56,960,544.56,20750,0,0,0,0,0,0,0
705,980,47804586,46746417,22213,7933,96,7955,0,0,-18,0,-18,1,1,1,960,544.56,960,544.56,19084,0,0,0,0,0,0,0
706,981,38939457,40011375,22137,7934,94,7956,0,0,-18,0,-18,1,1,1,960,544.56,960,544.56,17917,0,0,0,0,0,0,0
707,982,42484834,42552333,22073,7933,93,7955,0,0,-18,0,-18,1,1,1,960,544.56,960,544.56,21042,0,0,0,0,0,0,0
708,983,46118330,44590000,22275,7933,93,7955,0,0,-18,0,-18,1,1,1,960,544.56,960,544.56,16583,0,0,0,0,0,0,0
709,984,46057336,46084875,22587,7933,93,7955,0,0,-18,0,-18,1,1,1,960,544.56,960,544.56,18834,0,0,0,0,0,0,0
710,985,44903293,46293167,22341,7933,93,7955,0,0,-18,0,-18,1,1,1,960,544.56,960,544.56,19667,0,0,0,0,0,0,0
711,986,47947745,46525250,22073,7933,93,7955,0,0,-18,0,-18,1,1,1,960,544.56,960,544.56,19333,0,0,0,0,0,0,0
712,987,45058835,46292583,22137,7933,93,7955,0,0,-18,0,-18,1,1,1,960,544.56,960,544.56,19625,0,0,0,0,0,0,0
713,988,46882037,46792708,22161,7933,93,7955,0,0,-18,0,-18,1,1,1,960,544.56,960,544.56,19750,0,0,0,0,0,0,0
714,989,48466667,47153917,22073,7933,93,7955,0,0,-18,0,-18,1,1,1,960,544.56,960,544.56,19292,0,0,0,0,0,0,0
715,990,50550211,51804042,22189,7933,93,7955,0,0,-18,0,-18,1,1,1,960,544.56,960,544.56,21250,0,0,0,0,0,0,0
716,991,53119286,51200541,22073,7933,96,7955,0,0,-18,0,-18,1,1,1,960,544.56,960,544.56,22458,0,0,0,0,0,0,0
717,992,49208462,51226417,22225,7933,93,7955,0,0,-18,0,-18,1,1,1,960,544.56,960,544.56,22958,0,0,0,0,0,0,0
718,993,51168043,49934459,22073,7933,93,7955,0,0,-18,0,-18,1,1,1,960,544.56,960,544.56,20333,0,0,0,0,0,0,0
719,994,45456875,46161166,22391,7933,93,7955,0,0,-18,0,-18,1,1,1,960,544.56,960,544.56,18750,0,0,0,0,0,0,0
720,995,53304005,51770250,22435,7933,93,7955,0,0,-18,0,-18,1,1,1,960,544.56,960,544.56,19791,0,0,0,0,0,0,0
721,996,49123872,49305959,22377,7934,94,7956,0,0,-18,0,-18,1,1,1,960,544.56,960,544.56,21541,0,0,0,0,0,0,0
722,997,42258042,44103500,22137,7933,93,7955,0,0,-18,0,-18,1,1,1,960,544.56,960,544.56,19500,0,0,0,0,0,0,0
723,998,43271414,43243125,37743,7933,93,7955,0,0,-18,0,-18,1,1,1,960,544.56,960,544.56,19208,0,0,0,0,0,0,0
724,999,42634997,41455917,22125,7933,93,7955,0,0,-18,0,-18,1,1,1,960,544.56,960,544.56,19291,0,0,0,0,0,0,0
725,1000,39993878,41204667,22225,7933,93,7955,0,0,-18,0,-18,1,1,1,960,544.56,960,544.56,18541,0,0,0,0,0,0,0
726,1001,37002623,36992417,22073,7933,96,7955,0,0,-18,0,-18,1,1,1,960,544.56,960,544.56,16750,0,0,0,0,0,0,0
727,1002,34537252,33421083,22073,7933,93,7955,0,0,-18,0,-18,1,1,1,960,544.56,960,544.56,14916,0,0,0,0,0,0,0
728,1003,32462336,33552208,22137,7933,93,7955,0,0,-18,0,-18,1,1,1,960,544.56,960,544.56,14875,0,0,0,0,0,0,0
729,1004,33814080,33707292,22073,7933,93,7955,0,0,-18,0,-18,1,1,1,960,544.56,960,544.56,14417,0,0,0,0,0,0,0
730,1005,34665539,33678458,22213,7933,93,7955,0,0,-18,0,-18,1,1,1,960,544.56,960,544.56,15000,0,0,0,0,0,0,0
731,1006,32409001,33469292,22339,7933,93,7955,0,0,-18,0,-18,1,1,1,960,544.56,960,544.56,14750,0,0,0,0,0,0,0
732,1007,34964710,33843916,22435,7933,93,7955,0,0,-18,0,-18,1,1,1,960,544.56,960,544.56,14917,0,0,0,0,0,0,0
733,1008,33497046,33513417,22289,7933,93,7955,0,0,-18,0,-18,1,1,1,960,544.56,960,544.56,14625,0,0,0,0,0,0,0
734,1009,33903457,34881750,22137,7933,93,7955,0,0,-18,0,-18,1,1,1,960,544.56,960,544.56,14459,0,0,0,0,0,0,0
735,1010,35791624,35818083,22161,7933,93,7955,0,0,-18,0,-18,1,1,1,960,544.56,960,544.56,15834,0,0,0,0,0,0,0
736,1011,37442076,36247291,22125,7934,94,7956,0,0,-18,0,-18,1,1,1,960,544.56,960,544.56,15000,0,0,0,0,0,0,0
737,1012,33863209,35062750,22137,7933,93,7955,0,0,-18,0,-18,1,1,1,960,544.56,960,544.56,16459,0,0,0,0,0,0,0
738,1013,34933544,34779125,22073,7933,93,7955,0,0,-18,0,-18,1,1,1,960,544.56,960,544.56,14542,0,0,0,0,0,0,0
739,1014,40308121,39171459,22073,7933,93,7955,0,0,-18,0,-18,1,1,1,960,544.56,960,544.56,16875,0,0,0,0,0,0,0
740,1015,35716623,36896750,22225,7933,96,7955,0,0,-18,0,-18,1,1,1,960,544.56,960,544.56,14750,0,0,0,0,0,0,0
741,1016,38087002,37870541,22073,7933,93,7955,0,0,-18,0,-18,1,1,1,960,544.56,960,544.56,14792,0,0,0,0,0,0,0
742,1017,39320040,38448666,22125,7933,93,7955,0,0,-18,0,-18,1,1,1,960,544.56,960,544.56,19375,0,0,0,0,0,0,0
743,1018,38632418,39638500,22137,7933,93,7955,0,0,-18,0,-18,1,1,1,960,544.56,960,544.56,15375,0,0,0,0,0,0,0
744,1019,45205004,45192125,22161,7933,93,7955,0,0,-18,0,-18,1,1,1,960,544.56,960,544.56,17166,0,0,0,0,0,0,0
745,1020,63038244,58761750,22637,7933,93,7955,0,0,-18,0,-18,1,1,1,960,544.56,960,544.56,22625,0,0,0,0,0,0,0
746,1021,64079582,68024250,22353,7933,93,7955,0,0,-18,0,-18,1,1,1,960,544.56,960,544.56,30083,0,0,0,0,0,0,0
747,1022,74266664,72148084,22213,7933,93,7955,0,0,-18,0,-18,1,1,1,960,544.56,960,544.56,29500,0,0,0,0,0,0,0
748,1023,66662006,68815542,22137,7933,93,7955,0,0,-18,0,-18,1,1,1,960,544.56,960,544.56,20416,0,0,0,0,0,0,0
749,1024,78956119,75450375,22073,7933,93,7955,0,0,-18,0,-18,1,1,1,960,544.56,960,544.56,29750,0,0,0,0,0,0,0
750,1025,62093622,65601042,22277,7933,96,7955,0,0,-18,0,-18,1,1,1,960,544.56,960,544.56,29417,0,0,0,0,0,0,0
751,1026,56962210,55619917,22073,7934,94,7956,0,0,-18,0,-18,1,1,1,960,544.56,960,544.56,26666,0,0,0,0,0,0,0
752,1027,45850750,47124000,22339,7933,93,7955,0,0,-18,0,-18,1,1,1,960,544.56,960,544.56,20042,0,0,0,0,0,0,0
753,1028,49203295,47217250,22523,7933,93,7955,0,0,-18,0,-18,1,1,1,960,544.56,960,544.56,20250,0,0,0,0,0,0,0
754,1029,45186452,46149667,22341,7933,93,7955,0,0,-18,0,-18,1,1,1,960,544.56,960,544.56,20708,0,0,0,0,0,0,0
755,1030,43978251,45057500,22137,7933,93,7955,0,0,-18,0,-18,1,1,1,960,544.56,960,544.56,17041,0,0,0,0,0,0,0
756,1031,48371337,48310292,22073,7933,93,7955,0,0,-18,0,-18,1,1,1,960,544.56,960,544.56,19792,0,0,0,0,0,0,0
757,1032,49126997,47738125,22161,7933,93,7955,0,0,-18,0,-18,1,1,1,960,544.56,960,544.56,19375,0,0,0,0,0,0,0
758,1033,45685708,46913708,22137,7933,93,7955,0,0,-18,0,-18,1,1,1,960,544.56,960,544.56,20916,0,0,0,0,0,0,0
759,1034,58711294,57137958,22125,7933,93,7955,0,0,-18,0,-18,1,1,1,960,544.56,960,544.56,24708,0,0,0,0,0,0,0
760,1035,52559871,54198125,22225,7933,96,7955,0,0,-18,0,-18,1,1,1,960,544.56,960,544.56,23500,0,0,0,0,0,0,0
761,1036,58620166,56238833,22073,7933,93,7955,0,0,-18,0,-18,1,1,1,960,544.56,960,544.56,22834,0,0,0,0,0,0,0
762,1037,61836704,64084000,22339,7933,93,7955,0,0,-18,0,-18,1,1,1,960,544.56,960,544.56,31083,0,0,0,0,0,0,0
763,1038,59696335,56537875,22575,7933,93,7955,0,0,-18,0,-18,1,1,1,960,544.56,960,544.56,23708,0,0,0,0,0,0,0
764,1039,49477621,52672625,22353,7933,93,7955,0,0,-18,0,-18,1,1,1,960,544.56,960,544.56,23375,0,0,0,0,0,0,0
765,1040,51317211,49929875,22073,7933,93,7955,0,0,-18,0,-18,1,1,1,960,544.56,960,544.56,23583,0,0,0,0,0,0,0
766,1041,42059537,43477584,22225,7934,94,7956,0,0,-18,0,-18,1,1,1,960,544.56,960,544.56,18792,0,0,0,0,0,0,0
767,1042,38474213,38503208,22125,7933,93,7955,0,0,-18,0,-18,1,1,1,960,544.56,960,544.56,16916,0,0,0,0,0,0,0
768,1043,40676333,39610125,22073,7933,93,7955,0,0,-18,0,-18,1,1,1,960,544.56,960,544.56,17708,0,0,0,0,0,0,0
769,1044,32495833,33513792,22137,7933,96,7955,0,0,-18,0,-18,1,1,1,960,544.56,960,544.56,15042,0,0,0,0,0,0,0
770,1045,33633410,33655375,22161,7933,93,7955,0,0,-18,0,-18,1,1,1,960,544.56,960,544.56,14667,0,0,0,0,0,0,0
771,1046,34732546,33667125,22073,7933,93,7955,0,0,-18,0,-18,1,1,1,960,544.56,960,544.56,14750,0,0,0,0,0,0,0
772,1047,32462749,33488500,22137,7933,93,7955,0,0,-18,0,-18,1,1,1,960,544.56,960,544.56,14417,0,0,0,0,0,0,0
773,1048,33252835,33274542,22125,7933,93,7955,0,0,-18,0,-18,1,1,1,960,544.56,960,544.56,14458,0,0,0,0,0,0,0
774,1049,34819953,33626917,22073,7933,93,7955,0,0,-18,0,-18,1,1,1,960,544.56,960,544.56,14791,0,0,0,0,0,0,0
775,1050,32731335,33871417,22427,7933,93,7955,0,0,-18,0,-18,1,1,1,960,544.56,960,544.56,14958,0,0,0,0,0,0,0
776,1051,34051503,33034041,22435,7933,93,7955,0,0,-18,0,-18,1,1,1,960,544.56,960,544.56,14750,0,0,0,0,0,0,0
777,1052,29430625,30427209,22289,7933,93,7955,0,0,-18,0,-18,1,1,1,960,544.56,960,544.56,13209,0,0,0,0,0,0,0
778,1053,31449537,30423292,22073,7933,93,7955,0,0,-18,0,-18,1,1,1,960,544.56,960,544.56,13458,0,0,0,0,0,0,0
779,1054,29287790,30252584,22137,7933,93,7955,0,0,-18,0,-18,1,1,1,960,544.56,960,544.56,13208,0,0,0,0,0,0,0
780,1055,30706711,30737000,22213,7933,93,7955,0,0,-18,0,-18,1,1,1,960,544.56,960,544.56,13750,0,0,0,0,0,0,0
781,1056,30405456,30400042,22073,7934,94,7956,0,0,-18,0,-18,1,1,1,960,544.56,960,544.56,13875,0,0,0,0,0,0,0
782,1057,31250331,30239000,22073,7933,93,7955,0,0,-18,0,-18,1,1,1,960,544.56,960,544.56,13125,0,0,0,0,0,0,0
783,1058,34019835,34990375,22137,7933,93,7955,0,0,-18,0,-18,1,1,1,960,544.56,960,544.56,14125,0,0,0,0,0,0,0
784,1059,33072121,32985375,22073,7933,96,7955,0,0,-18,0,-18,1,1,1,960,544.56,960,544.56,13709,0,0,0,0,0,0,0
785,1060,34592416,33557542,22161,7933,93,7955,0,0,-18,0,-18,1,1,1,960,544.56,960,544.56,15292,0,0,0,0,0,0,0
786,1061,32512668,33541125,22137,7933,93,7955,0,0,-18,0,-18,1,1,1,960,544.56,960,544.56,14542,0,0,0,0,0,0,0
787,1062,33370286,33393667,22125,7933,93,7955,0,0,-18,0,-18,1,1,1,960,544.56,960,544.56,14834,0,0,0,0,0,0,0
788,1063,35505421,34184875,22073,7933,93,7955,0,0,-18,0,-18,1,1,1,960,544.56,960,544.56,14750,0,0,0,0,0,0,0
789,1064,34154329,35369541,22137,7933,93,7955,0,0,-18,0,-18,1,1,1,960,544.56,960,544.56,17250,0,0,0,0,0,0,0
790,1065,35527963,35567875,22363,7933,93,7955,0,0,-18,0,-18,1,1,1,960,544.56,960,544.56,15292,0,0,0,0,0,0,0
791,1066,36065164,34183541,22435,7933,93,7955,0,0,-18,0,-18,1,1,1,960,544.56,960,544.56,15041,0,0,0,0,0,0,0
792,1067,34369748,35940000,22353,7933,93,7955,0,0,-18,0,-18,1,1,1,960,544.56,960,544.56,17208,0,0,0,0,0,0,0
793,1068,36451246,36732000,22125,7933,93,7955,0,0,-18,0,-18,1,1,1,960,544.56,960,544.56,16541,0,0,0,0,0,0,0
794,1069,36692298,35522291,22073,7933,93,7955,0,0,-18,0,-18,1,1,1,960,544.56,960,544.56,15250,0,0,0,0,0,0,0
795,1070,38523703,39559292,22225,7933,93,7955,0,0,-18,0,-18,1,1,1,960,544.56,960,544.56,15083,0,0,0,0,0,0,0
796,1071,40932625,40920750,22073,7934,94,7956,0,0,-18,0,-18,1,1,1,960,544.56,960,544.56,16792,0,0,0,0,0,0,0
797,1072,52499461,50911125,22073,7933,93,7955,0,0,-18,0,-18,1,1,1,960,544.56,960,544.56,20667,0,0,0,0,0,0,0
798,1073,59450462,60653083,22189,7933,96,7955,0,0,-18,0,-18,1,1,1,960,544.56,960,544.56,22625,0,0,0,0,0,0,0
799,1074,68749584,67055500,22161,7933,93,7955,0,0,-18,0,-18,1,1,1,960,544.56,960,544.56,28125,0,0,0,0,0,0,0
800,1075,68297207,70196167,22137,7933,93,7955,0,0,-18,0,-18,1,1,1,960,544.56,960,544.56,28917,0,0,0,0,0,0,0
801,1076,70138871,66383833,22637,7933,93,7955,0,0,-18,0,-18,1,1,1,960,544.56,960,544.56,29209,0,0,0,0,0,0,0
802,1077,64332164,67984000,22493,7933,93,7955,0,0,-18,0,-18,1,1,1,960,544.56,960,544.56,30500,0,0,0,0,0,0,0
803,1078,65381586,63469875,22073,7933,93,7955,0,0,-18,0,-18,1,1,1,960,544.56,960,544.56,28500,0,0,0,0,0,0,0
804,1079,53402457,55172125,22137,7933,93,7955,0,0,-18,0,-18,1,1,1,960,544.56,960,544.56,23167,0,0,0,0,0,0,0
805,1080,60451962,58916458,22161,7933,93,7955,0,0,-18,0,-18,1,1,1,960,544.56,960,544.56,39375,0,0,0,0,0,0,0
806,1081,47565165,49303000,22189,7933,96,7955,0,0,-18,0,-18,1,1,1,960,544.56,960,544.56,19125,0,0,0,0,0,0,0
807,1082,47394167,47023291,22073,7933,93,7955,0,0,-18,0,-18,1,1,1,960,544.56,960,544.56,22875,0,0,0,0,0,0,0
808,1083,53423207,51570959,22161,7933,93,7955,0,0,-18,0,-18,1,1,1,960,544.56,960,544.56,20167,0,0,0,0,0,0,0
809,1084,52917540,54975583,22339,7933,93,7955,0,0,-18,0,-18,1,1,1,960,544.56,960,544.56,24042,0,0,0,0,0,0,0
810,1085,58964625,55842375,22487,7933,93,7955,0,0,-18,0,-18,1,1,1,960,544.56,960,544.56,22875,0,0,0,0,0,0,0
811,1086,53413458,55995459,22441,7934,94,7956,0,0,-18,0,-18,1,1,1,960,544.56,960,544.56,24792,0,0,0,0,0,0,0
812,1087,55484458,54402792,22073,7933,93,7955,0,0,-18,0,-18,1,1,1,960,544.56,960,544.56,23000,0,0,0,0,0,0,0
813,1088,53591504,55085583,22137,7933,93,7955,0,0,-18,0,-18,1,1,1,960,544.56,960,544.56,22792,0,0,0,0,0,0,0
814,1089,49886748,48714250,22213,7933,93,7955,0,0,-18,0,-18,1,1,1,960,544.56,960,544.56,26250,0,0,0,0,0,0,0
815,1090,47174334,48442208,22137,7933,93,7955,0,0,-18,0,-18,1,1,1,960,544.56,960,544.56,25083,0,0,0,0,0,0,0
816,1091,44322252,44306042,22073,7933,96,7955,0,0,-18,0,-18,1,1,1,960,544.56,960,544.56,19417,0,0,0,0,0,0,0
817,1092,42790744,41567000,22073,7933,93,7955,0,0,-18,0,-18,1,1,1,960,544.56,960,544.56,19042,0,0,0,0,0,0,0
818,1093,37638667,38840542,22225,7933,93,7955,0,0,-18,0,-18,1,1,1,960,544.56,960,544.56,16791,0,0,0,0,0,0,0
819,1094,36926664,36921000,22125,7933,93,7955,0,0,-18,0,-18,1,1,1,960,544.56,960,544.56,17334,0,0,0,0,0,0,0
820,1095,34701921,33635500,22275,7933,93,7955,0,0,-18,0,-18,1,1,1,960,544.56,960,544.56,15167,0,0,0,0,0,0,0
821,1096,33943954,33888958,22499,7933,93,7955,0,0,-18,0,-18,1,1,1,960,544.56,960,544.56,15333,0,0,0,0,0,0,0
822,1097,32481003,33538416,22289,7933,93,7955,0,0,-18,0,-18,1,1,1,960,544.56,960,544.56,15042,0,0,0,0,0,0,0
823,1098,34573208,33510166,22161,7933,93,7955,0,0,-18,0,-18,1,1,1,960,544.56,960,544.56,15333,0,0,0,0,0,0,0
824,1099,32113038,33201375,22137,7933,93,7955,0,0,-18,0,-18,1,1,1,960,544.56,960,544.56,17708,0,0,0,0,0,0,0
825,1100,33624172,33593041,22125,7933,93,7955,0,0,-18,0,-18,1,1,1,960,544.56,960,544.56,14542,0,0,0,0,0,0,0
826,1101,34395288,33312000,22073,7934,94,7956,0,0,-18,0,-18,1,1,1,960,544.56,960,544.56,14584,0,0,0,0,0,0,0
827,1102,32413206,33417209,22137,7933,93,7955,0,0,-18,0,-18,1,1,1,960,544.56,960,544.56,14458,0,0,0,0,0,0,0
828,1103,35769544,35832250,22161,7933,93,7955,0,0,-18,0,-18,1,1,1,960,544.56,960,544.56,15125,0,0,0,0,0,0,0
829,1104,34475207,33370875,22073,7933,96,7955,0,0,-18,0,-18,1,1,1,960,544.56,960,544.56,14958,0,0,0,0,0,0,0
830,1105,32348215,33417334,22137,7933,93,7955,0,0,-18,0,-18,1,1,1,960,544.56,960,544.56,14750,0,0,0,0,0,0,0
831,1106,32518040,32498417,22125,7933,93,7955,0,0,-18,0,-18,1,1,1,960,544.56,960,544.56,14750,0,0,0,0,0,0,0
832,1107,31588576,31533291,22073,7933,93,7955,0,0,-18,0,-18,1,1,1,960,544.56,960,544.56,13500,0,0,0,0,0,0,0
833,1108,31133212,30193042,22161,7933,93,7955,0,0,-18,0,-18,1,1,1,960,544.56,960,544.56,13583,0,0,0,0,0,0,0
834,1109,29292751,30252708,22137,7933,93,7955,0,0,-18,0,-18,1,1,1,960,544.56,960,544.56,13208,0,0,0,0,0,0,0
835,1110,31183043,31150000,22275,7933,93,7955,0,0,-18,0,-18,1,1,1,960,544.56,960,544.56,13292,0,0,0,0,0,0,0
836,1111,37454165,36362875,22435,7933,93,7955,0,0,-18,0,-18,1,1,1,960,544.56,960,544.56,16125,0,0,0,0,0,0,0
837,1112,34846618,34303750,22289,7933,93,7955,0,0,-18,0,-18,1,1,1,960,544.56,960,544.56,14709,0,0,0,0,0,0,0
838,1113,34856796,36346625,22277,7933,93,7955,0,0,-18,0,-18,1,1,1,960,544.56,960,544.56,31375,0,0,0,0,0,0,0
839,1114,35833708,35897917,22073,7933,93,7955,0,0,-18,0,-18,1,1,1,960,544.56,960,544.56,14667,0,0,0,0,0,0,0
840,1115,36833412,35437417,22073,7933,93,7955,0,0,-18,0,-18,1,1,1,960,544.56,960,544.56,15000,0,0,0,0,0,0,0
841,1116,34708213,36075250,22137,7934,94,7956,0,0,-18,0,-18,1,1,1,960,544.56,960,544.56,14667,0,0,0,0,0,0,0
842,1117,38038209,37811959,22073,7933,93,7955,0,0,-18,0,-18,1,1,1,960,544.56,960,544.56,14542,0,0,0,0,0,0,0
843,1118,47896414,46620541,22161,7933,93,7955,0,0,-18,0,-18,1,1,1,960,544.56,960,544.56,17500,0,0,0,0,0,0,0
844,1119,48278413,49637000,22189,7933,96,7955,0,0,-18,0,-18,1,1,1,960,544.56,960,544.56,19583,0,0,0,0,0,0,0
845,1120,61854045,59811750,22073,7933,93,7955,0,0,-18,0,-18,1,1,1,960,544.56,960,544.56,23417,0,0,0,0,0,0,0
846,1121,64755916,66661417,22225,7933,93,7955,0,0,-18,0,-18,1,1,1,960,544.56,960,544.56,28250,0,0,0,0,0,0,0
847,1122,70851042,66969250,22637,7933,93,7955,0,0,-18,0,-18,1,1,1,960,544.56,960,544.56,28875,0,0,0,0,0,0,0
848,1123,64593583,68247458,22607,7933,93,7955,0,0,-18,0,-18,1,1,1,960,544.56,960,544.56,37375,0,0,0,0,0,0,0
849,1124,66605336,65220625,22161,7933,93,7955,0,0,-18,0,-18,1,1,1,960,544.56,960,544.56,29417,0,0,0,0,0,0,0
850,1125,53539454,55093084,22137,7933,93,7955,0,0,-18,0,-18,1,1,1,960,544.56,960,544.56,22750,0,0,0,0,0,0,0
851,1126,56828498,55430875,22073,7933,93,7955,0,0,-18,0,-18,1,1,1,960,544.56,960,544.56,25625,0,0,0,0,0,0,0
852,1127,44154372,45612916,22277,7933,96,7955,0,0,-18,0,-18,1,1,1,960,544.56,960,544.56,21083,0,0,0,0,0,0,0
853,1128,46443417,46337250,22073,7933,93,7955,0,0,-18,0,-18,1,1,1,960,544.56,960,544.56,19542,0,0,0,0,0,0,0
854,1129,47125000,45909459,22073,7933,93,7955,0,0,-18,0,-18,1,1,1,960,544.56,960,544.56,19334,0,0,0,0,0,0,0
855,1130,44899087,46078375,22137,7933,93,7955,0,0,-18,0,-18,1,1,1,960,544.56,960,544.56,20041,0,0,0,0,0,0,0
856,1131,41784502,41877041,22363,7934,94,7956,0,0,-18,0,-18,1,1,1,960,544.56,960,544.56,19084,0,0,0,0,0,0,0
857,1132,45397330,42331083,22487,7933,93,7955,0,0,-18,0,-18,1,1,1,960,544.56,960,544.56,16792,0,0,0,0,0,0,0
858,1133,41594456,44610083,22353,7933,93,7955,0,0,-18,0,-18,1,1,1,960,544.56,960,544.56,19542,0,0,0,0,0,0,0
859,1134,46457711,46121334,22073,7933,93,7955,0,0,-18,0,-18,1,1,1,960,544.56,960,544.56,25791,0,0,0,0,0,0,0
860,1135,47728084,46632542,22161,7933,93,7955,0,0,-18,0,-18,1,1,1,960,544.56,960,544.56,19542,0,0,0,0,0,0,0
861,1136,44879380,46227000,22137,7933,93,7955,0,0,-18,0,-18,1,1,1,960,544.56,960,544.56,18917,0,0,0,0,0,0,0
862,1137,48885375,48851000,22423,7933,93,7955,0,0,-18,0,-18,1,1,1,960,544.56,960,544.56,22166,0,0,0,0,0,0,0
863,1138,47259204,45874209,22073,7933,96,7955,0,0,-18,0,-18,1,1,1,960,544.56,960,544.56,23333,0,0,0,0,0,0,0
864,1139,48414044,49739209,22225,7933,93,7955,0,0,-18,0,-18,1,1,1,960,544.56,960,544.56,23667,0,0,0,0,0,0,0
865,1140,58101624,56221958,22073,7933,93,7955,0,0,-18,0,-18,1,1,1,960,544.56,960,544.56,28208,0,0,0,0,0,0,0
866,1141,53974751,55722542,22391,7933,93,7955,0,0,-18,0,-18,1,1,1,960,544.56,960,544.56,22958,0,0,0,0,0,0,0
867,1142,57665165,54833542,22523,7933,93,7955,0,0,-18,0,-18,1,1,1,960,544.56,960,544.56,23625,0,0,0,0,0,0,0
868,1143,49778543,52637125,22353,7933,93,7955,0,0,-18,0,-18,1,1,1,960,544.56,960,544.56,22958,0,0,0,0,0,0,0
869,1144,53718168,52128417,22073,7933,93,7955,0,0,-18,0,-18,1,1,1,960,544.56,960,544.56,22958,0,0,0,0,0,0,0
870,1145,42712833,44342250,22277,7933,93,7955,0,0,-18,0,-18,1,1,1,960,544.56,960,544.56,22208,0,0,0,0,0,0,0
871,1146,40486913,40472750,22073,7934,94,7956,0,0,-18,0,-18,1,1,1,960,544.56,960,544.56,19125,0,0,0,0,0,0,0
872,1147,40885835,39747041,22073,7933,93,7955,0,0,-18,0,-18,1,1,1,960,544.56,960,544.56,17375,0,0,0,0,0,0,0
873,1148,32878123,33957292,22137,7933,96,7955,0,0,-18,0,-18,1,1,1,960,544.56,960,544.56,14834,0,0,0,0,0,0,0
874,1149,33569876,33632292,22161,7933,93,7955,0,0,-18,0,-18,1,1,1,960,544.56,960,544.56,15166,0,0,0,0,0,0,0
875,1150,35040292,33943875,22073,7933,93,7955,0,0,-18,0,-18,1,1,1,960,544.56,960,544.56,15209,0,0,0,0,0,0,0
876,1151,32494287,33556917,22189,7933,93,7955,0,0,-18,0,-18,1,1,1,960,544.56,960,544.56,14750,0,0,0,0,0,0,0
877,1152,33430252,33417208,22073,7933,93,7955,0,0,-18,0,-18,1,1,1,960,544.56,960,544.56,14875,0,0,0,0,0,0,0
878,1153,34895874,33776458,22073,7933,93,7955,0,0,-18,0,-18,1,1,1,960,544.56,960,544.56,14417,0,0,0,0,0,0,0
879,1154,32348163,33442000,22427,7933,93,7955,0,0,-18,0,-18,1,1,1,960,544.56,960,544.56,15000,0,0,0,0,0,0,0
880,1155,31291462,30285042,22435,7933,93,7955,0,0,-18,0,-18,1,1,1,960,544.56,960,544.56,13458,0,0,0,0,0,0,0
881,1156,29663916,30655500,22289,7933,93,7955,0,0,-18,0,-18,1,1,1,960,544.56,960,544.56,13250,0,0,0,0,0,0,0
882,1157,31364250,30348083,22073,7933,93,7955,0,0,-18,0,-18,1,1,1,960,544.56,960,544.56,13041,0,0,0,0,0,0,0
883,1158,29378997,30294917,22189,7933,93,7955,0,0,-18,0,-18,1,1,1,960,544.56,960,544.56,13167,0,0,0,0,0,0,0
884,1159,30573504,30624833,22161,7933,93,7955,0,0,-18,0,-18,1,1,1,960,544.56,960,544.56,12958,0,0,0,0,0,0,0
885,1160,30838619,30816459,22073,7933,93,7955,0,0,-18,0,-18,1,1,1,960,544.56,960,544.56,13375,0,0,0,0,0,0,0
886,1161,31861126,30859500,22073,7934,94,7956,0,0,-18,0,-18,1,1,1,960,544.56,960,544.56,13125,0,0,0,0,0,0,0
887,1162,33757213,34702250,22137,7933,93,7955,0,0,-18,0,-18,1,1,1,960,544.56,960,544.56,13208,0,0,0,0,0,0,0
888,1163,33020868,32986084,22073,7933,96,7955,0,0,-18,0,-18,1,1,1,960,544.56,960,544.56,13958,0,0,0,0,0,0,0
889,1164,36291752,35199000,22161,7933,93,7955,0,0,-18,0,-18,1,1,1,960,544.56,960,544.56,15125,0,0,0,0,0,0,0
890,1165,32983087,34088917,22189,7933,93,7955,0,0,-18,0,-18,1,1,1,960,544.56,960,544.56,15291,0,0,0,0,0,0,0
891,1166,33711876,33696167,22073,7933,93,7955,0,0,-18,0,-18,1,1,1,960,544.56,960,544.56,14833,0,0,0,0,0,0,0
892,1167,34820124,33737542,22073,7933,93,7955,0,0,-18,0,-18,1,1,1,960,544.56,960,544.56,14625,0,0,0,0,0,0,0
893,1168,34155249,35124708,22137,7933,93,7955,0,0,-18,0,-18,1,1,1,960,544.56,960,544.56,15208,0,0,0,0,0,0,0
894,1169,40250375,39991792,22363,7933,93,7955,0,0,-18,0,-18,1,1,1,960,544.56,960,544.56,17375,0,0,0,0,0,0,0
895,1170,45479912,43232417,22435,7933,93,7955,0,0,-18,0,-18,1,1,1,960,544.56,960,544.56,16792,0,0,0,0,0,0,0
896,1171,42402006,44864958,22405,7933,93,7955,0,0,-18,0,-18,1,1,1,960,544.56,960,544.56,19292,0,0,0,0,0,0,0
897,1172,47735869,47606792,22073,7933,93,7955,0,0,-18,0,-18,1,1,1,960,544.56,960,544.56,19709,0,0,0,0,0,0,0
898,1173,55632129,54102125,22161,7933,93,7955,0,0,-18,0,-18,1,1,1,960,544.56,960,544.56,22667,0,0,0,0,0,0,0
899,1174,57244747,58557041,22137,7933,93,7955,0,0,-18,0,-18,1,1,1,960,544.56,960,544.56,28208,0,0,0,0,0,0,0
900,1175,72977170,71130292,22125,7933,93,7955,0,0,-18,0,-18,1,1,1,960,544.56,960,544.56,28958,0,0,0,0,0,0,0
901,1176,63668705,65702125,22225,7934,97,7956,0,0,-18,0,-18,1,1,1,960,544.56,960,544.56,29125,0,0,0,0,0,0,0
902,1177,56619953,54962584,22073,7933,93,7955,0,0,-18,0,-18,1,1,1,960,544.56,960,544.56,23083,0,0,0,0,0,0,0
903,1178,56233957,57535875,22339,7933,93,7955,0,0,-18,0,-18,1,1,1,960,544.56,960,544.56,27583,0,0,0,0,0,0,0
904,1179,58146208,55414125,22575,7933,93,7955,0,0,-18,0,-18,1,1,1,960,544.56,960,544.56,22917,0,0,0,0,0,0,0
905,1180,51920711,54859042,22353,7933,93,7955,0,0,-18,0,-18,1,1,1,960,544.56,960,544.56,23208,0,0,0,0,0,0,0
906,1181,58536544,56249667,22073,7933,93,7955,0,0,-18,0,-18,1,1,1,960,544.56,960,544.56,28500,0,0,0,0,0,0,0
907,1182,53316622,55555208,22225,7933,93,7955,0,0,-18,0,-18,1,1,1,960,544.56,960,544.56,23625,0,0,0,0,0,0,0
908,1183,63216537,61390000,22125,7933,93,7955,0,0,-18,0,-18,1,1,1,960,544.56,960,544.56,27625,0,0,0,0,0,0,0
909,1184,55524837,57259542,22137,7933,96,7955,0,0,-18,0,-18,1,1,1,960,544.56,960,544.56,24291,0,0,0,0,0,0,0
910,1185,58025915,56196250,22161,7933,93,7955,0,0,-18,0,-18,1,1,1,960,544.56,960,544.56,22625,0,0,0,0,0,0,0
911,1186,52936621,54722375,22137,7933,93,7955,0,0,-18,0,-18,1,1,1,960,544.56,960,544.56,22625,0,0,0,0,0,0,0
912,1187,56276459,54635000,22327,7933,93,7955,0,0,-18,0,-18,1,1,1,960,544.56,960,544.56,23667,0,0,0,0,0,0,0
913,1188,56883212,56124459,22587,7933,93,7955,0,0,-18,0,-18,1,1,1,960,544.56,960,544.56,22750,0,0,0,0,0,0,0
914,1189,51622617,52561041,22289,7933,93,7955,0,0,-18,0,-18,1,1,1,960,544.56,960,544.56,23458,0,0,0,0,0,0,0
915,1190,48871796,50240500,22137,7933,93,7955,0,0,-18,0,-18,1,1,1,960,544.56,960,544.56,22916,0,0,0,0,0,0,0
916,1191,51790371,50608875,22213,7934,94,7956,0,0,-18,0,-18,1,1,1,960,544.56,960,544.56,22500,0,0,0,0,0,0,0
917,1192,46817794,48087875,22137,7933,93,7955,0,0,-18,0,-18,1,1,1,960,544.56,960,544.56,22542,0,0,0,0,0,0,0
918,1193,45918997,45880958,22073,7933,93,7955,0,0,-18,0,-18,1,1,1,960,544.56,960,544.56,19875,0,0,0,0,0,0,0
919,1194,45384254,43994375,22073,7933,96,7955,0,0,-18,0,-18,1,1,1,960,544.56,960,544.56,19292,0,0,0,0,0,0,0
920,1195,41517291,42905959,22225,7933,93,7955,0,0,-18,0,-18,1,1,1,960,544.56,960,544.56,19042,0,0,0,0,0,0,0
921,1196,38412373,38427958,22125,7933,93,7955,0,0,-18,0,-18,1,1,1,960,544.56,960,544.56,16292,0,0,0,0,0,0,0
922,1197,38993749,37912209,22073,7933,93,7955,0,0,-18,0,-18,1,1,1,960,544.56,960,544.56,17417,0,0,0,0,0,0,0
923,1198,32652460,33681208,22339,7933,93,7955,0,0,-18,0,-18,1,1,1,960,544.56,960,544.56,15000,0,0,0,0,0,0,0
924,1199,34991085,33897541,22523,7933,93,7955,0,0,-18,0,-18,1,1,1,960,544.56,960,544.56,14917,0,0,0,0,0,0,0
925,1200,33773120,33804750,22289,7933,93,7955,0,0,-18,0,-18,1,1,1,960,544.56,960,544.56,15167,0,0,0,0,0,0,0
926,1201,32594542,33649500,22137,7933,93,7955,0,0,-18,0,-18,1,1,1,960,544.56,960,544.56,15166,0,0,0,0,0,0,0
927,1202,33664081,33678500,22125,7933,93,7955,0,0,-18,0,-18,1,1,1,960,544.56,960,544.56,14750,0,0,0,0,0,0,0
928,1203,34727834,33574500,22073,7933,93,7955,0,0,-18,0,-18,1,1,1,960,544.56,960,544.56,14667,0,0,0,0,0,0,0
929,1204,33135417,34236125,22225,7933,93,7955,0,0,-18,0,-18,1,1,1,960,544.56,960,544.56,14750,0,0,0,0,0,0,0
930,1205,36805208,36776542,22073,7933,93,7955,0,0,-18,0,-18,1,1,1,960,544.56,960,544.56,15125,0,0,0,0,0,0,0
931,1206,41205380,40018750,22073,7934,94,7956,0,0,-18,0,-18,1,1,1,960,544.56,960,544.56,17416,0,0,0,0,0,0,0
932,1207,35637706,36773542,22137,7933,96,7955,0,0,-18,0,-18,1,1,1,960,544.56,960,544.56,15000,0,0,0,0,0,0,0
933,1208,37504669,37446250,22125,7933,93,7955,0,0,-18,0,-18,1,1,1,960,544.56,960,544.56,15083,0,0,0,0,0,0,0
934,1209,40877953,39691875,22161,7933,93,7955,0,0,-18,0,-18,1,1,1,960,544.56,960,544.56,20041,0,0,0,0,0,0,0
935,1210,34787379,35995292,22137,7933,93,7955,0,0,-18,0,-18,1,1,1,960,544.56,960,544.56,14750,0,0,0,0,0,0,0
936,1211,36768663,36726833,22073,7933,93,7955,0,0,-18,0,-18,1,1,1,960,544.56,960,544.56,14833,0,0,0,0,0,0,0
937,1212,45925710,44448917,22275,7933,93,7955,0,0,-18,0,-18,1,1,1,960,544.56,960,544.56,16625,0,0,0,0,0,0,0
938,1213,48651792,48424833,22587,7933,93,7955,0,0,-18,0,-18,1,1,1,960,544.56,960,544.56,19334,0,0,0,0,0,0,0
939,1214,61707541,61026000,22341,7933,93,7955,0,0,-18,0,-18,1,1,1,960,544.56,960,544.56,22542,0,0,0,0,0,0,0
940,1215,64556874,66564416,22137,7933,93,7955,0,0,-18,0,-18,1,1,1,960,544.56,960,544.56,28209,0,0,0,0,0,0,0
941,1216,69739960,67504375,22161,7933,93,7955,0,0,-18,0,-18,1,1,1,960,544.56,960,544.56,32084,0,0,0,0,0,0,0
942,1217,73067501,75341834,22137,7933,93,7955,0,0,-18,0,-18,1,1,1,960,544.56,960,544.56,32458,0,0,0,0,0,0,0
943,1218,65362080,63324125,22125,7933,96,7955,0,0,-18,0,-18,1,1,1,960,544.56,960,544.56,28709,0,0,0,0,0,0,0
944,1219,53948499,56052625,22225,7933,93,7955,0,0,-18,0,-18,1,1,1,960,544.56,960,544.56,22375,0,0,0,0,0,0,0
945,1220,55140085,53761708,22275,7933,93,7955,0,0,-18,0,-18,1,1,1,960,544.56,960,544.56,23750,0,0,0,0,0,0,0
946,1221,46563960,46574125,22499,7934,94,7956,0,0,-18,0,-18,1,1,1,960,544.56,960,544.56,19625,0,0,0,0,0,0,0
947,1222,47328330,48654250,22429,7933,93,7955,0,0,-18,0,-18,1,1,1,960,544.56,960,544.56,19209,0,0,0,0,0,0,0
948,1223,48103038,46546333,22073,7933,93,7955,0,0,-18,0,-18,1,1,1,960,544.56,960,544.56,19084,0,0,0,0,0,0,0
949,1224,46937961,48048625,22137,7933,93,7955,0,0,-18,0,-18,1,1,1,960,544.56,960,544.56,19875,0,0,0,0,0,0,0
950,1225,46979371,47118834,22073,7933,93,7955,0,0,-18,0,-18,1,1,1,960,544.56,960,544.56,18875,0,0,0,0,0,0,0
951,1226,57739794,56376291,22161,7933,93,7955,0,0,-18,0,-18,1,1,1,960,544.56,960,544.56,23542,0,0,0,0,0,0,0
952,1227,54004788,55530083,22189,7933,96,7955,0,0,-18,0,-18,1,1,1,960,544.56,960,544.56,23958,0,0,0,0,0,0,0
953,1228,57912662,56199083,22073,7933,93,7955,0,0,-18,0,-18,1,1,1,960,544.56,960,544.56,23250,0,0,0,0,0,0,0
954,1229,53456086,55145250,22225,7933,93,7955,0,0,-18,0,-18,1,1,1,960,544.56,960,544.56,23000,0,0,0,0,0,0,0
955,1230,53377579,51027291,22637,7933,93,7955,0,0,-18,0,-18,1,1,1,960,544.56,960,544.56,22584,0,0,0,0,0,0,0
956,1231,43552458,45878083,22405,7933,93,7955,0,0,-18,0,-18,1,1,1,960,544.56,960,544.56,19291,0,0,0,0,0,0,0
957,1232,44031541,44050500,22161,7933,93,7955,0,0,-18,0,-18,1,1,1,960,544.56,960,544.56,19417,0,0,0,0,0,0,0
958,1233,43300587,42102958,22073,7933,93,7955,0,0,-18,0,-18,1,1,1,960,544.56,960,544.56,19459,0,0,0,0,0,0,0
959,1234,37251248,38436209,22137,7933,93,7955,0,0,-18,0,-18,1,1,1,960,544.56,960,544.56,16750,0,0,0,0,0,0,0
960,1235,38159128,38121542,22073,7933,93,7955,0,0,-18,0,-18,1,1,1,960,544.56,960,544.56,16458,0,0,0,0,0,0,0
961,1236,40455542,39400792,22213,7934,94,7956,0,0,-18,0,-18,1,1,1,960,544.56,960,544.56,16916,0,0,0,0,0,0,0
962,1237,32330702,33442917,22137,7933,96,7955,0,0,-18,0,-18,1,1,1,960,544.56,960,544.56,14500,0,0,0,0,0,0,0
963,1238,35145338,35113083,22073,7933,93,7955,0,0,-18,0,-18,1,1,1,960,544.56,960,544.56,14916,0,0,0,0,0,0,0
964,1239,36733001,35675417,22073,7933,93,7955,0,0,-18,0,-18,1,1,1,960,544.56,960,544.56,14750,0,0,0,0,0,0,0
965,1240,34689497,35646167,22137,7933,93,7955,0,0,-18,0,-18,1,1,1,960,544.56,960,544.56,15000,0,0,0,0,0,0,0
966,1241,35125877,35136000,22161,7933,93,7955,0,0,-18,0,-18,1,1,1,960,544.56,960,544.56,15041,0,0,0,0,0,0,0
967,1242,36781873,35610166,22125,7933,93,7955,0,0,-18,0,-18,1,1,1,960,544.56,960,544.56,15042,0,0,0,0,0,0,0
968,1243,35305660,36406209,22339,7933,93,7955,0,0,-18,0,-18,1,1,1,960,544.56,960,544.56,16625,0,0,0,0,0,0,0
969,1244,35850964,34801458,22435,7933,93,7955,0,0,-18,0,-18,1,1,1,960,544.56,960,544.56,14500,0,0,0,0,0,0,0
970,1245,39363287,39240500,22289,7933,93,7955,0,0,-18,0,-18,1,1,1,960,544.56,960,544.56,15583,0,0,0,0,0,0,0
971,1246,39013251,40000417,22225,7933,93,7955,0,0,-18,0,-18,1,1,1,960,544.56,960,544.56,17000,0,0,0,0,0,0,0
972,1247,42642708,42778000,22073,7933,93,7955,0,0,-18,0,-18,1,1,1,960,544.56,960,544.56,16625,0,0,0,0,0,0,0
973,1248,47005001,45595625,22125,7933,93,7955,0,0,-18,0,-18,1,1,1,960,544.56,960,544.56,19666,0,0,0,0,0,0,0
974,1249,56050915,57277584,22137,7933,93,7955,0,0,-18,0,-18,1,1,1,960,544.56,960,544.56,23666,0,0,0,0,0,0,0
975,1250,65824545,63800084,22161,7933,96,7955,0,0,-18,0,-18,1,1,1,960,544.56,960,544.56,26500,0,0,0,0,0,0,0
976,1251,66121369,68050542,22137,7934,94,7956,0,0,-18,0,-18,1,1,1,960,544.56,960,544.56,28834,0,0,0,0,0,0,0
977,1252,66083669,64552459,22125,7933,93,7955,0,0,-18,0,-18,1,1,1,960,544.56,960,544.56,28792,0,0,0,0,0,0,0
978,1253,59608999,59441083,22789,7933,93,7955,0,0,-18,0,-18,1,1,1,960,544.56,960,544.56,29334,0,0,0,0,0,0,0
979,1254,54020039,54164583,22289,7933,93,7955,0,0,-18,0,-18,1,1,1,960,544.56,960,544.56,24042,0,0,0,0,0,0,0
980,1255,53397752,54885917,22137,7933,93,7955,0,0,-18,0,-18,1,1,1,960,544.56,960,544.56,23291,0,0,0,0,0,0,0
981,1256,54244622,52583417,22213,7933,93,7955,0,0,-18,0,-18,1,1,1,960,544.56,960,544.56,22666,0,0,0,0,0,0,0
982,1257,45130334,46932625,22137,7933,93,7955,0,0,-18,0,-18,1,1,1,960,544.56,960,544.56,27208,0,0,0,0,0,0,0
983,1258,52644792,52552375,22073,7933,93,7955,0,0,-18,0,-18,1,1,1,960,544.56,960,544.56,19834,0,0,0,0,0,0,0
984,1259,53407002,51202417,22161,7933,96,7955,0,0,-18,0,-18,1,1,1,960,544.56,960,544.56,23875,0,0,0,0,0,0,0
985,1260,53857002,56038791,22189,7933,93,7955,0,0,-18,0,-18,1,1,1,960,544.56,960,544.56,23833,0,0,0,0,0,0,0
986,1261,57052247,55430917,22073,7933,93,7955,0,0,-18,0,-18,1,1,1,960,544.56,960,544.56,22541,0,0,0,0,0,0,0
987,1262,51767043,53382750,22427,7933,93,7955,0,0,-18,0,-18,1,1,1,960,544.56,960,544.56,23000,0,0,0,0,0,0,0
988,1263,58450751,55609542,22435,7933,93,7955,0,0,-18,0,-18,1,1,1,960,544.56,960,544.56,26709,0,0,0,0,0,0,0
989,1264,46051204,48749250,22405,7933,93,7955,0,0,-18,0,-18,1,1,1,960,544.56,960,544.56,23000,0,0,0,0,0,0,0
990,1265,43812293,43900958,22161,7933,93,7955,0,0,-18,0,-18,1,1,1,960,544.56,960,544.56,19083,0,0,0,0,0,0,0
991,1266,44119294,42767584,22073,7934,94,7956,0,0,-18,0,-18,1,1,1,960,544.56,960,544.56,19917,0,0,0,0,0,0,0
992,1267,37101373,38446875,22137,7933,93,7955,0,0,-18,0,-18,1,1,1,960,544.56,960,544.56,16625,0,0,0,0,0,0,0
993,1268,40454704,40386917,22073,7933,93,7955,0,0,-18,0,-18,1,1,1,960,544.56,960,544.56,17625,0,0,0,0,0,0,0
994,1269,37366580,36371750,22213,7933,96,7955,0,0,-18,0,-18,1,1,1,960,544.56,960,544.56,16750,0,0,0,0,0,0,0
995,1270,33461041,34525041,22137,7933,93,7955,0,0,-18,0,-18,1,1,1,960,544.56,960,544.56,15209,0,0,0,0,0,0,0
996,1271,33856000,33827334,22073,7933,93,7955,0,0,-18,0,-18,1,1,1,960,544.56,960,544.56,15708,0,0,0,0,0,0,0
997,1272,35377670,34332084,22073,7933,93,7955,0,0,-18,0,-18,1,1,1,960,544.56,960,544.56,14708,0,0,0,0,0,0,0
998,1273,33083666,34058041,22137,7933,93,7955,0,0,-18,0,-18,1,1,1,960,544.56,960,544.56,14417,0,0,0,0,0,0,0
999,1274,37287168,37330000,22363,7933,93,7955,0,0,-18,0,-18,1,1,1,960,544.56,960,544.56,15375,0,0,0,0,0,0,0
1000,1275,37320125,35336625,22487,7933,93,7955,0,0,-18,0,-18,1,1,1,960,544.56,960,544.56,15417,0,0,0,0,0,0,0
1001,1276,35721875,37551667,22353,7933,93,7955,0,0,-18,0,-18,1,1,1,960,544.56,960,544.56,17958,0,0,0,0,0,0,0
1002,1277,37247993,37217792,22073,7933,93,7955,0,0,-18,0,-18,1,1,1,960,544.56,960,544.56,21042,0,0,0,0,0,0,0
1003,1278,35473503,34448375,22073,7933,93,7955,0,0,-18,0,-18,1,1,1,960,544.56,960,544.56,14916,0,0,0,0,0,0,0
1004,1279,37159785,38247417,22225,7933,93,7955,0,0,-18,0,-18,1,1,1,960,544.56,960,544.56,18791,0,0,0,0,0,0,0
1005,1280,40672916,40609083,22073,7933,93,7955,0,0,-18,0,-18,1,1,1,960,544.56,960,544.56,16833,0,0,0,0,0,0,0
1006,1281,45314420,43984792,22125,7934,94,7956,0,0,-18,0,-18,1,1,1,960,544.56,960,544.56,19041,0,0,0,0,0,0,0
1007,1282,54076168,55071708,22137,7933,93,7955,0,0,-18,0,-18,1,1,1,960,544.56,960,544.56,21708,0,0,0,0,0,0,0
1008,1283,57866334,56531250,22161,7933,96,7955,0,0,-18,0,-18,1,1,1,960,544.56,960,544.56,24750,0,0,0,0,0,0,0
1009,1284,62691584,64127042,22137,7933,93,7955,0,0,-18,0,-18,1,1,1,960,544.56,960,544.56,22917,0,0,0,0,0,0,0
1010,1285,71198411,69142375,22327,7933,93,7955,0,0,-18,0,-18,1,1,1,960,544.56,960,544.56,30959,0,0,0,0,0,0,0
1011,1286,63147336,63333875,22587,7933,93,7955,0,0,-18,0,-18,1,1,1,960,544.56,960,544.56,29083,0,0,0,0,0,0,0
1012,1287,55039711,55376500,22289,7933,93,7955,0,0,-18,0,-18,1,1,1,960,544.56,960,544.56,22792,0,0,0,0,0,0,0
1013,1288,52526537,53982000,22137,7933,93,7955,0,0,-18,0,-18,1,1,1,960,544.56,960,544.56,22875,0,0,0,0,0,0,0
1014,1289,57352416,55424375,22213,7933,93,7955,0,0,-18,0,-18,1,1,1,960,544.56,960,544.56,23916,0,0,0,0,0,0,0
1015,1290,57060878,59060167,22137,7933,93,7955,0,0,-18,0,-18,1,1,1,960,544.56,960,544.56,24167,0,0,0,0,0,0,0
1016,1291,51402747,50055084,22073,7933,96,7955,0,0,-18,0,-18,1,1,1,960,544.56,960,544.56,23375,0,0,0,0,0,0,0
1017,1292,47007750,48391709,22225,7933,93,7955,0,0,-18,0,-18,1,1,1,960,544.56,960,544.56,19292,0,0,0,0,0,0,0
1018,1293,55258788,53599750,22125,7933,93,7955,0,0,-18,0,-18,1,1,1,960,544.56,960,544.56,19625,0,0,0,0,0,0,0
1019,1294,56019876,57501041,22339,7933,93,7955,0,0,-18,0,-18,1,1,1,960,544.56,960,544.56,25834,0,0,0,0,0,0,0
1020,1295,58733623,55942333,22523,7933,93,7955,0,0,-18,0,-18,1,1,1,960,544.56,960,544.56,24667,0,0,0,0,0,0,0
1021,1296,52668459,55400125,22353,7934,94,7956,0,0,-18,0,-18,1,1,1,960,544.56,960,544.56,22792,0,0,0,0,0,0,0
1022,1297,58458957,56905667,22125,7933,93,7955,0,0,-18,0,-18,1,1,1,960,544.56,960,544.56,27792,0,0,0,0,0,0,0
1023,1298,53586166,55195125,22225,7933,93,7955,0,0,-18,0,-18,1,1,1,960,544.56,960,544.56,22791,0,0,0,0,0,0,0
1024,1299,60941915,58559667,22073,7933,93,7955,0,0,-18,0,-18,1,1,1,960,544.56,960,544.56,24709,0,0,0,0,0,0,0
1025,1300,52502047,54727666,22137,7933,96,7955,0,0,-18,0,-18,1,1,1,960,544.56,960,544.56,23583,0,0,0,0,0,0,0
1026,1301,52817955,51559541,22213,7933,93,7955,0,0,-18,0,-18,1,1,1,960,544.56,960,544.56,23125,0,0,0,0,0,0,0
1027,1302,42404413,43789833,22137,7933,93,7955,0,0,-18,0,-18,1,1,1,960,544.56,960,544.56,19250,0,0,0,0,0,0,0
1028,1303,42879249,42869750,22073,7933,93,7955,0,0,-18,0,-18,1,1,1,960,544.56,960,544.56,19208,0,0,0,0,0,0,0
1029,1304,39903167,38589291,22275,7933,93,7955,0,0,-18,0,-18,1,1,1,960,544.56,960,544.56,16750,0,0,0,0,0,0,0
1030,1305,38430996,38602167,22587,7933,93,7955,0,0,-18,0,-18,1,1,1,960,544.56,960,544.56,16375,0,0,0,0,0,0,0
1031,1306,34218750,35361166,22341,7933,93,7955,0,0,-18,0,-18,1,1,1,960,544.56,960,544.56,15125,0,0,0,0,0,0,0
1032,1307,37105627,35958792,22073,7933,93,7955,0,0,-18,0,-18,1,1,1,960,544.56,960,544.56,14958,0,0,0,0,0,0,0
1033,1308,34666664,35792542,22137,7933,93,7955,0,0,-18,0,-18,1,1,1,960,544.56,960,544.56,14833,0,0,0,0,0,0,0
1034,1309,37292502,37196167,22073,7933,93,7955,0,0,-18,0,-18,1,1,1,960,544.56,960,544.56,14750,0,0,0,0,0,0,0
1035,1310,35553123,34358208,22161,7933,93,7955,0,0,-18,0,-18,1,1,1,960,544.56,960,544.56,14958,0,0,0,0,0,0,0
1036,1311,41901536,43086542,22137,7934,94,7956,0,0,-18,0,-18,1,1,1,960,544.56,960,544.56,19458,0,0,0,0,0,0,0
1037,1312,40216878,40207917,22125,7933,96,7955,0,0,-18,0,-18,1,1,1,960,544.56,960,544.56,16583,0,0,0,0,0,0,0
1038,1313,41556250,39941375,22073,7933,93,7955,0,0,-18,0,-18,1,1,1,960,544.56,960,544.56,18875,0,0,0,0,0,0,0
1039,1314,43454706,44937375,22225,7933,93,7955,0,0,-18,0,-18,1,1,1,960,544.56,960,544.56,17459,0,0,0,0,0,0,0
1040,1315,45338336,45353750,22073,7933,93,7955,0,0,-18,0,-18,1,1,1,960,544.56,960,544.56,19416,0,0,0,0,0,0,0
1041,1316,56294918,54241375,22275,7933,93,7955,0,0,-18,0,-18,1,1,1,960,544.56,960,544.56,22833,0,0,0,0,0,0,0
1042,1317,54133120,54296542,22551,7933,93,7955,0,0,-18,0,-18,1,1,1,960,544.56,960,544.56,22666,0,0,0,0,0,0,0
1043,1318,60224838,59257959,22377,7933,93,7955,0,0,-18,0,-18,1,1,1,960,544.56,960,544.56,22708,0,0,0,0,0,0,0
1044,1319,66842541,69297584,22137,7933,93,7955,0,0,-18,0,-18,1,1,1,960,544.56,960,544.56,29125,0,0,0,0,0,0,0
1045,1320,64409956,62520542,22073,7933,93,7955,0,0,-18,0,-18,1,1,1,960,544.56,960,544.56,28375,0,0,0,0,0,0,0
1046,1321,59137377,61226708,22277,7933,93,7955,0,0,-18,0,-18,1,1,1,960,544.56,960,544.56,24209,0,0,0,0,0,0,0
1047,1322,57103578,55104458,22073,7933,96,7955,0,0,-18,0,-18,1,1,1,960,544.56,960,544.56,23209,0,0,0,0,0,0,0
1048,1323,54799962,56678541,22137,7933,93,7955,0,0,-18,0,-18,1,1,1,960,544.56,960,544.56,24458,0,0,0,0,0,0,0
1049,1324,53450830,52179875,22161,7933,93,7955,0,0,-18,0,-18,1,1,1,960,544.56,960,544.56,24417,0,0,0,0,0,0,0
1050,1325,46420004,47802917,22391,7933,93,7955,0,0,-18,0,-18,1,1,1,960,544.56,960,544.56,20042,0,0,0,0,0,0,0
1051,1326,48502791,46549250,22435,7934,94,7956,0,0,-18,0,-18,1,1,1,960,544.56,960,544.56,19000,0,0,0,0,0,0,0
1052,1327,46817451,47152208,22289,7933,93,7955,0,0,-18,0,-18,1,1,1,960,544.56,960,544.56,27167,0,0,0,0,0,0,0
1053,1328,45902792,47450166,22225,7933,93,7955,0,0,-18,0,-18,1,1,1,960,544.56,960,544.56,19334,0,0,0,0,0,0,0
1054,1329,49791418,49703792,22073,7933,93,7955,0,0,-18,0,-18,1,1,1,960,544.56,960,544.56,19625,0,0,0,0,0,0,0
1055,1330,59037253,56664875,22125,7933,93,7955,0,0,-18,0,-18,1,1,1,960,544.56,960,544.56,22708,0,0,0,0,0,0,0
1056,1331,59488542,61782750,22225,7933,93,7955,0,0,-18,0,-18,1,1,1,960,544.56,960,544.56,24333,0,0,0,0,0,0,0
1057,1332,66327415,64298834,22073,7933,96,7955,0,0,-18,0,-18,1,1,1,960,544.56,960,544.56,24583,0,0,0,0,0,0,0
1058,1333,66128000,67949083,22137,7933,93,7955,0,0,-18,0,-18,1,1,1,960,544.56,960,544.56,32084,0,0,0,0,0,0,0
1059,1334,62813036,61363709,22415,7933,93,7955,0,0,-18,0,-18,1,1,1,960,544.56,960,544.56,28250,0,0,0,0,0,0,0
1060,1335,49165587,49405500,22499,7933,93,7955,0,0,-18,0,-18,1,1,1,960,544.56,960,544.56,22750,0,0,0,0,0,0,0
1061,1336,41583374,42936959,22289,7933,93,7955,0,0,-18,0,-18,1,1,1,960,544.56,960,544.56,18750,0,0,0,0,0,0,0
1062,1337,39463371,38373542,22161,7933,93,7955,0,0,-18,0,-18,1,1,1,960,544.56,960,544.56,16583,0,0,0,0,0,0,0
1063,1338,36102127,37255334,22137,7933,93,7955,0,0,-18,0,-18,1,1,1,960,544.56,960,544.56,16750,0,0,0,0,0,0,0
1064,1339,34592665,34603500,22125,7933,93,7955,0,0,-18,0,-18,1,1,1,960,544.56,960,544.56,14916,0,0,0,0,0,0,0
1065,1340,38274463,37137042,22073,7933,93,7955,0,0,-18,0,-18,1,1,1,960,544.56,960,544.56,15125,0,0,0,0,0,0,0
1066,1341,33126786,34175125,22137,7934,97,7956,0,0,-18,0,-18,1,1,1,960,544.56,960,544.56,15875,0,0,0,0,0,0,0
1067,1342,33522915,33532166,22161,7933,93,7955,0,0,-18,0,-18,1,1,1,960,544.56,960,544.56,15209,0,0,0,0,0,0,0
1068,1343,34597668,33555583,22073,7933,93,7955,0,0,-18,0,-18,1,1,1,960,544.56,960,544.56,14917,0,0,0,0,0,0,0
1069,1344,32435502,33463916,22137,7933,93,7955,0,0,-18,0,-18,1,1,1,960,544.56,960,544.56,14834,0,0,0,0,0,0,0
1070,1345,33412542,33422416,22125,7933,93,7955,0,0,-18,0,-18,1,1,1,960,544.56,960,544.56,15167,0,0,0,0,0,0,0
1071,1346,32737832,32681625,22073,7933,93,7955,0,0,-18,0,-18,1,1,1,960,544.56,960,544.56,15083,0,0,0,0,0,0,0
1072,1347,32157786,31164167,22363,7933,93,7955,0,0,-18,0,-18,1,1,1,960,544.56,960,544.56,14000,0,0,0,0,0,0,0
1073,1348,32514002,32455375,22499,7933,93,7955,0,0,-18,0,-18,1,1,1,960,544.56,960,544.56,14000,0,0,0,0,0,0,0
1074,1349,32347079,33398458,22289,7933,93,7955,0,0,-18,0,-18,1,1,1,960,544.56,960,544.56,13708,0,0,0,0,0,0,0
1075,1350,35550255,34440042,22073,7933,93,7955,0,0,-18,0,-18,1,1,1,960,544.56,960,544.56,13667,0,0,0,0,0,0,0
1076,1351,34762833,35559834,22137,7933,93,7955,0,0,-18,0,-18,1,1,1,960,544.56,960,544.56,19542,0,0,0,0,0,0,0
1077,1352,35079747,35283959,22213,7933,93,7955,0,0,-18,0,-18,1,1,1,960,544.56,960,544.56,14916,0,0,0,0,0,0,0
1078,1353,36518290,35093500,22073,7933,93,7955,0,0,-18,0,-18,1,1,1,960,544.56,960,544.56,14959,0,0,0,0,0,0,0
1079,1354,35517919,36735125,22137,7933,93,7955,0,0,-18,0,-18,1,1,1,960,544.56,960,544.56,15083,0,0,0,0,0,0,0
1080,1355,41111167,41254417,22073,7933,93,7955,0,0,-18,0,-18,1,1,1,960,544.56,960,544.56,16167,0,0,0,0,0,0,0
1081,1356,41113745,39791667,22073,7934,97,7956,0,0,-18,0,-18,1,1,1,960,544.56,960,544.56,18583,0,0,0,0,0,0,0
1082,1357,41215796,42520792,22225,7933,93,7955,0,0,-18,0,-18,1,1,1,960,544.56,960,544.56,17083,0,0,0,0,0,0,0
1083,1358,52708249,52490833,22125,7933,93,7955,0,0,-18,0,-18,1,1,1,960,544.56,960,544.56,19542,0,0,0,0,0,0,0
1084,1359,68458288,66094042,22073,7933,93,7955,0,0,-18,0,-18,1,1,1,960,544.56,960,544.56,31083,0,0,0,0,0,0,0
1085,1360,68849422,68212000,22789,7933,93,7955,0,0,-18,0,-18,1,1,1,960,544.56,960,544.56,28792,0,0,0,0,0,0,0
1086,1361,69688953,70448625,22289,7933,93,7955,0,0,-18,0,-18,1,1,1,960,544.56,960,544.56,29834,0,0,0,0,0,0,0
1087,1362,66907003,68896000,22189,7933,93,7955,0,0,-18,0,-18,1,1,1,960,544.56,960,544.56,28417,0,0,0,0,0,0,0
1088,1363,71654960,69909750,22161,7933,93,7955,0,0,-18,0,-18,1,1,1,960,544.56,960,544.56,28250,0,0,0,0,0,0,0
1089,1364,65276913,67210458,22137,7933,93,7955,0,0,-18,0,-18,1,1,1,960,544.56,960,544.56,32167,0,0,0,0,0,0,0
1090,1365,56285545,54872750,22125,7933,96,7955,0,0,-18,0,-18,1,1,1,960,544.56,960,544.56,23167,0,0,0,0,0,0,0
1091,1366,45716505,47203208,22225,7933,93,7955,0,0,-18,0,-18,1,1,1,960,544.56,960,544.56,48958,0,0,0,0,0,0,0
1092,1367,47489747,47432584,22073,7933,93,7955,0,0,-18,0,-18,1,1,1,960,544.56,960,544.56,19166,0,0,0,0,0,0,0
1093,1368,47405585,45948292,22275,7933,93,7955,0,0,-18,0,-18,1,1,1,960,544.56,960,544.56,19250,0,0,0,0,0,0,0
1094,1369,46499084,45914375,22499,7933,93,7955,0,0,-18,0,-18,1,1,1,960,544.56,960,544.56,19625,0,0,0,0,0,0,0
1095,1370,45549999,47461042,22429,7933,93,7955,0,0,-18,0,-18,1,1,1,960,544.56,960,544.56,22625,0,0,0,0,0,0,0
1096,1371,49053244,47827959,22073,7934,94,7956,0,0,-18,0,-18,1,1,1,960,544.56,960,544.56,22542,0,0,0,0,0,0,0
1097,1372,46604003,47857042,22137,7933,93,7955,0,0,-18,0,-18,1,1,1,960,544.56,960,544.56,23375,0,0,0,0,0,0,0
1098,1373,48610460,48509417,22073,7933,93,7955,0,0,-18,0,-18,1,1,1,960,544.56,960,544.56,18750,0,0,0,0,0,0,0
1099,1374,60884706,59202292,22161,7933,93,7955,0,0,-18,0,-18,1,1,1,960,544.56,960,544.56,26625,0,0,0,0,0,0,0
1100,1375,53560372,55259208,22189,7933,96,7955,0,0,-18,0,-18,1,1,1,960,544.56,960,544.56,25708,0,0,0,0,0,0,0
1101,1376,65267831,63620833,22073,7933,93,7955,0,0,-18,0,-18,1,1,1,960,544.56,960,544.56,22959,0,0,0,0,0,0,0
1102,1377,54435960,56028750,22225,7933,93,7955,0,0,-18,0,-18,1,1,1,960,544.56,960,544.56,28333,0,0,0,0,0,0,0
1103,1378,57518202,54365375,22637,7933,93,7955,0,0,-18,0,-18,1,1,1,960,544.56,960,544.56,23166,0,0,0,0,0,0,0
1104,1379,48097293,51191375,22405,7933,93,7955,0,0,-18,0,-18,1,1,1,960,544.56,960,544.56,23375,0,0,0,0,0,0,0
1105,1380,44246584,44331833,22161,7933,93,7955,0,0,-18,0,-18,1,1,1,960,544.56,960,544.56,19375,0,0,0,0,0,0,0
1106,1381,44353373,42625625,22073,7933,93,7955,0,0,-18,0,-18,1,1,1,960,544.56,960,544.56,20208,0,0,0,0,0,0,0
1107,1382,40924794,42627667,22137,7933,93,7955,0,0,-18,0,-18,1,1,1,960,544.56,960,544.56,17084,0,0,0,0,0,0,0
1108,1383,46136662,45880292,22073,7933,93,7955,0,0,-18,0,-18,1,1,1,960,544.56,960,544.56,21708,0,0,0,0,0,0,0
1109,1384,44721089,43362541,22213,7933,96,7955,0,0,-18,0,-18,1,1,1,960,544.56,960,544.56,17167,0,0,0,0,0,0,0
1110,1385,41358120,42783916,22137,7933,93,7955,0,0,-18,0,-18,1,1,1,960,544.56,960,544.56,18667,0,0,0,0,0,0,0
1111,1386,45294169,45372000,22073,7934,94,7956,0,0,-18,0,-18,1,1,1,960,544.56,960,544.56,20125,0,0,0,0,0,0,0
1112,1387,47861706,46069708,22073,7933,93,7955,0,0,-18,0,-18,1,1,1,960,544.56,960,544.56,19167,0,0,0,0,0,0,0
1113,1388,44608332,46271584,22427,7933,93,7955,0,0,-18,0,-18,1,1,1,960,544.56,960,544.56,19542,0,0,0,0,0,0,0
1114,1389,57193960,54016666,22487,7933,93,7955,0,0,-18,0,-18,1,1,1,960,544.56,960,544.56,26375,0,0,0,0,0,0,0
1115,1390,51091205,54159125,22353,7933,93,7955,0,0,-18,0,-18,1,1,1,960,544.56,960,544.56,23292,0,0,0,0,0,0,0
1116,1391,56725170,55245125,22161,7933,93,7955,0,0,-18,0,-18,1,1,1,960,544.56,960,544.56,23458,0,0,0,0,0,0,0
1117,1392,55548410,56890000,22137,7933,93,7955,0,0,-18,0,-18,1,1,1,960,544.56,960,544.56,25875,0,0,0,0,0,0,0
1118,1393,55724583,54178083,22125,7933,93,7955,0,0,-18,0,-18,1,1,1,960,544.56,960,544.56,24709,0,0,0,0,0,0,0
1119,1394,57871088,59347042,22225,7933,93,7955,0,0,-18,0,-18,1,1,1,960,544.56,960,544.56,24000,0,0,0,0,0,0,0
1120,1395,58004576,56611834,22073,7933,96,7955,0,0,-18,0,-18,1,1,1,960,544.56,960,544.56,23625,0,0,0,0,0,0,0
1121,1396,53743962,55229125,22137,7933,93,7955,0,0,-18,0,-18,1,1,1,960,544.56,960,544.56,22125,0,0,0,0,0,0,0
1122,1397,58202084,56113167,22415,7933,93,7955,0,0,-18,0,-18,1,1,1,960,544.56,960,544.56,22833,0,0,0,0,0,0,0
1123,1398,53753040,54230959,22499,7933,93,7955,0,0,-18,0,-18,1,1,1,960,544.56,960,544.56,22750,0,0,0,0,0,0,0
1124,1399,55119585,55002541,22289,7933,93,7955,0,0,-18,0,-18,1,1,1,960,544.56,960,544.56,23291,0,0,0,0,0,0,0
1125,1400,54412122,55868250,22225,7933,93,7955,0,0,-18,0,-18,1,1,1,960,544.56,960,544.56,23250,0,0,0,0,0,0,0
1126,1401,58158453,56321125,22125,7934,94,7956,0,0,-18,0,-18,1,1,1,960,544.56,960,544.56,26459,0,0,0,0,0,0,0
1127,1402,57169672,59162250,22137,7933,93,7955,0,0,-18,0,-18,1,1,1,960,544.56,960,544.56,23666,0,0,0,0,0,0,0
1128,1403,52642580,50616041,22161,7933,96,7955,0,0,-18,0,-18,1,1,1,960,544.56,960,544.56,22875,0,0,0,0,0,0,0
1129,1404,53305123,55328583,22137,7933,93,7955,0,0,-18,0,-18,1,1,1,960,544.56,960,544.56,22958,0,0,0,0,0,0,0
1130,1405,57019669,55370750,22125,7933,93,7955,0,0,-18,0,-18,1,1,1,960,544.56,960,544.56,26708,0,0,0,0,0,0,0
1131,1406,53709786,55309291,22427,7933,93,7955,0,0,-18,0,-18,1,1,1,960,544.56,960,544.56,22917,0,0,0,0,0,0,0
1132,1407,53775589,51353375,22435,7933,93,7955,0,0,-18,0,-18,1,1,1,960,544.56,960,544.56,26542,0,0,0,0,0,0,0
1133,1408,45396208,47784291,22353,7933,93,7955,0,0,-18,0,-18,1,1,1,960,544.56,960,544.56,19958,0,0,0,0,0,0,0
1134,1409,44654618,44682333,22213,7933,93,7955,0,0,-18,0,-18,1,1,1,960,544.56,960,544.56,19167,0,0,0,0,0,0,0
1135,1410,45226085,43980667,22073,7933,93,7955,0,0,-18,0,-18,1,1,1,960,544.56,960,544.56,19625,0,0,0,0,0,0,0
1136,1411,36816835,38075750,22137,7933,93,7955,0,0,-18,0,-18,1,1,1,960,544.56,960,544.56,16542,0,0,0,0,0,0,0
1137,1412,38881957,38819291,22073,7933,93,7955,0,0,-18,0,-18,1,1,1,960,544.56,960,544.56,17083,0,0,0,0,0,0,0
1138,1413,41087329,40061917,22161,7933,93,7955,0,0,-18,0,-18,1,1,1,960,544.56,960,544.56,17042,0,0,0,0,0,0,0
1139,1414,32677210,33758750,22189,7933,96,7955,0,0,-18,0,-18,1,1,1,960,544.56,960,544.56,15125,0,0,0,0,0,0,0
1140,1415,34079372,34030625,22073,7933,93,7955,0,0,-18,0,-18,1,1,1,960,544.56,960,544.56,14584,0,0,0,0,0,0,0
1141,1416,34963712,33919708,22073,7934,94,7956,0,0,-18,0,-18,1,1,1,960,544.56,960,544.56,14625,0,0,0,0,0,0,0
1142,1417,32553039,33538583,22137,7933,93,7955,0,0,-18,0,-18,1,1,1,960,544.56,960,544.56,14417,0,0,0,0,0,0,0
1143,1418,33631917,33697584,22161,7933,93,7955,0,0,-18,0,-18,1,1,1,960,544.56,960,544.56,14458,0,0,0,0,0,0,0
1144,1419,34485500,33343708,22275,7933,93,7955,0,0,-18,0,-18,1,1,1,960,544.56,960,544.56,14958,0,0,0,0,0,0,0
1145,1420,33251043,33258250,22551,7933,93,7955,0,0,-18,0,-18,1,1,1,960,544.56,960,544.56,14750,0,0,0,0,0,0,0
1146,1421,32486833,33550458,22289,7933,93,7955,0,0,-18,0,-18,1,1,1,960,544.56,960,544.56,14833,0,0,0,0,0,0,0
1147,1422,34806624,33689167,22073,7933,93,7955,0,0,-18,0,-18,1,1,1,960,544.56,960,544.56,14917,0,0,0,0,0,0,0
1148,1423,32168623,33272875,22225,7933,93,7955,0,0,-18,0,-18,1,1,1,960,544.56,960,544.56,14541,0,0,0,0,0,0,0
1149,1424,33264752,33254375,22073,7933,93,7955,0,0,-18,0,-18,1,1,1,960,544.56,960,544.56,14583,0,0,0,0,0,0,0
1150,1425,33011704,32978083,22073,7933,93,7955,0,0,-18,0,-18,1,1,1,960,544.56,960,544.56,14917,0,0,0,0,0,0,0
1151,1426,35207957,33565250,22125,7933,93,7955,0,0,-18,0,-18,1,1,1,960,544.56,960,544.56,13625,0,0,0,0,0,0,0
1152,1427,37580873,39084041,22137,7933,93,7955,0,0,-18,0,-18,1,1,1,960,544.56,960,544.56,14916,0,0,0,0,0,0,0
1153,1428,36814667,36865584,22161,7933,96,7955,0,0,-18,0,-18,1,1,1,960,544.56,960,544.56,13542,0,0,0,0,0,0,0
1154,1429,39556667,38040000,22073,7933,93,7955,0,0,-18,0,-18,1,1,1,960,544.56,960,544.56,19167,0,0,0,0,0,0,0
1155,1430,36086458,37604917,22137,7933,93,7955,0,0,-18,0,-18,1,1,1,960,544.56,960,544.56,15958,0,0,0,0,0,0,0
1156,1431,38100581,37935292,22073,7934,94,7956,0,0,-18,0,-18,1,1,1,960,544.56,960,544.56,16375,0,0,0,0,0,0,0
1157,1432,38824290,37870583,22213,7933,93,7955,0,0,-18,0,-18,1,1,1,960,544.56,960,544.56,15583,0,0,0,0,0,0,0
1158,1433,37424121,38429959,22339,7933,93,7955,0,0,-18,0,-18,1,1,1,960,544.56,960,544.56,17084,0,0,0,0,0,0,0
1159,1434,47147173,45367250,22435,7933,93,7955,0,0,-18,0,-18,1,1,1,960,544.56,960,544.56,18875,0,0,0,0,0,0,0
1160,1435,56361202,55847042,22289,7933,93,7955,0,0,-18,0,-18,1,1,1,960,544.56,960,544.56,22583,0,0,0,0,0,0,0
1161,1436,64598754,66668417,22225,7933,93,7955,0,0,-18,0,-18,1,1,1,960,544.56,960,544.56,27875,0,0,0,0,0,0,0
1162,1437,70265047,68341584,22125,7933,93,7955,0,0,-18,0,-18,1,1,1,960,544.56,960,544.56,28166,0,0,0,0,0,0,0
1163,1438,73050998,74320917,22137,7933,93,7955,0,0,-18,0,-18,1,1,1,960,544.56,960,544.56,35792,0,0,0,0,0,0,0
1164,1439,70813126,69100417,22161,7933,96,7955,0,0,-18,0,-18,1,1,1,960,544.56,960,544.56,32875,0,0,0,0,0,0,0
1165,1440,58749418,61050333,22189,7933,93,7955,0,0,-18,0,-18,1,1,1,960,544.56,960,544.56,28541,0,0,0,0,0,0,0
1166,1441,59497039,57329708,22275,7933,93,7955,0,0,-18,0,-18,1,1,1,960,544.56,960,544.56,23959,0,0,0,0,0,0,0
1167,1442,51751919,52469459,22587,7933,93,7955,0,0,-18,0,-18,1,1,1,960,544.56,960,544.56,22959,0,0,0,0,0,0,0
1168,1443,47934290,48110750,22289,7933,93,7955,0,0,-18,0,-18,1,1,1,960,544.56,960,544.56,19917,0,0,0,0,0,0,0
1169,1444,44408708,45439917,22189,7933,93,7955,0,0,-18,0,-18,1,1,1,960,544.56,960,544.56,19667,0,0,0,0,0,0,0
1170,1445,48850249,49065334,22073,7933,93,7955,0,0,-18,0,-18,1,1,1,960,544.56,960,544.56,23375,0,0,0,0,0,0,0
1171,1446,57426210,55416333,22161,7934,94,7956,0,0,-18,0,-18,1,1,1,960,544.56,960,544.56,19584,0,0,0,0,0,0,0
1172,1447,57486493,59416542,22137,7933,93,7955,0,0,-18,0,-18,1,1,1,960,544.56,960,544.56,24917,0,0,0,0,0,0,0
1173,1448,58942083,56817666,22125,7933,96,7955,0,0,-18,0,-18,1,1,1,960,544.56,960,544.56,23500,0,0,0,0,0,0,0
1174,1449,52197627,54260666,22225,7933,93,7955,0,0,-18,0,-18,1,1,1,960,544.56,960,544.56,23042,0,0,0,0,0,0,0
1175,1450,56347250,54756250,22073,7933,93,7955,0,0,-18,0,-18,1,1,1,960,544.56,960,544.56,23459,0,0,0,0,0,0,0
1176,1451,49058623,50627458,22339,7933,93,7955,0,0,-18,0,-18,1,1,1,960,544.56,960,544.56,26083,0,0,0,0,0,0,0
1177,1452,45267000,43986000,22575,7933,93,7955,0,0,-18,0,-18,1,1,1,960,544.56,960,544.56,19625,0,0,0,0,0,0,0
1178,1453,43971046,44106333,22289,7933,93,7955,0,0,-18,0,-18,1,1,1,960,544.56,960,544.56,19209,0,0,0,0,0,0,0
1179,1454,37351451,38577125,22137,7933,93,7955,0,0,-18,0,-18,1,1,1,960,544.56,960,544.56,17041,0,0,0,0,0,0,0
1180,1455,38657378,38563625,22073,7933,93,7955,0,0,-18,0,-18,1,1,1,960,544.56,960,544.56,16958,0,0,0,0,0,0,0
1181,1456,37609461,36559667,22161,7933,93,7955,0,0,-18,0,-18,1,1,1,960,544.56,960,544.56,16625,0,0,0,0,0,0,0
1182,1457,36365874,37450375,22189,7933,93,7955,0,0,-18,0,-18,1,1,1,960,544.56,960,544.56,16417,0,0,0,0,0,0,0
1183,1458,34182377,34182959,22073,7933,96,7955,0,0,-18,0,-18,1,1,1,960,544.56,960,544.56,14792,0,0,0,0,0,0,0
1184,1459,34858290,33778541,22073,7933,93,7955,0,0,-18,0,-18,1,1,1,960,544.56,960,544.56,14500,0,0,0,0,0,0,0
1185,1460,33232957,34254292,22137,7933,93,7955,0,0,-18,0,-18,1,1,1,960,544.56,960,544.56,15000,0,0,0,0,0,0,0
1186,1461,33497087,33496542,22161,7934,94,7956,0,0,-18,0,-18,1,1,1,960,544.56,960,544.56,15333,0,0,0,0,0,0,0
1187,1462,34527290,33471083,22073,7933,93,7955,0,0,-18,0,-18,1,1,1,960,544.56,960,544.56,14792,0,0,0,0,0,0,0
1188,1463,32581627,33628084,22189,7933,93,7955,0,0,-18,0,-18,1,1,1,960,544.56,960,544.56,14542,0,0,0,0,0,0,0
1189,1464,33292461,33284000,22275,7933,93,7955,0,0,-18,0,-18,1,1,1,960,544.56,960,544.56,14708,0,0,0,0,0,0,0
1190,1465,33673916,32609375,22435,7933,93,7955,0,0,-18,0,-18,1,1,1,960,544.56,960,544.56,15416,0,0,0,0,0,0,0
1191,1466,30517665,30576166,22377,7933,93,7955,0,0,-18,0,-18,1,1,1,960,544.56,960,544.56,13584,0,0,0,0,0,0,0
1192,1467,29347456,30313083,22137,7933,93,7955,0,0,-18,0,-18,1,1,1,960,544.56,960,544.56,13417,0,0,0,0,0,0,0
1193,1468,30672583,30681541,22073,7933,93,7955,0,0,-18,0,-18,1,1,1,960,544.56,960,544.56,14125,0,0,0,0,0,0,0
1194,1469,30403876,30359000,22073,7933,93,7955,0,0,-18,0,-18,1,1,1,960,544.56,960,544.56,13208,0,0,0,0,0,0,0
1195,1470,31381163,30305333,22125,7933,93,7955,0,0,-18,0,-18,1,1,1,960,544.56,960,544.56,12958,0,0,0,0,0,0,0
1196,1471,30684920,31736250,22225,7933,93,7955,0,0,-18,0,-18,1,1,1,960,544.56,960,544.56,13125,0,0,0,0,0,0,0
1197,1472,31760912,31738375,22073,7933,93,7955,0,0,-18,0,-18,1,1,1,960,544.56,960,544.56,13459,0,0,0,0,0,0,0
1198,1473,35712625,35574791,22073,7933,93,7955,0,0,-18,0,-18,1,1,1,960,544.56,960,544.56,15125,0,0,0,0,0,0,0
1199,1474,37086211,35115625,22073,7933,96,7955,0,0,-18,0,-18,1,1,1,960,544.56,960,544.56,15833,0,0,0,0,0,0,0
1200,1475,35172078,37127333,22137,7933,93,7955,0,0,-18,0,-18,1,1,1,960,544.56,960,544.56,14583,0,0,0,0,0,0,0
1201,1476,37203039,37241333,22213,7934,94,7956,0,0,-18,0,-18,1,1,1,960,544.56,960,544.56,15125,0,0,0,0,0,0,0
1202,1477,39906539,38456500,22073,7933,93,7955,0,0,-18,0,-18,1,1,1,960,544.56,960,544.56,17541,0,0,0,0,0,0,0
1203,1478,37382666,38785167,22137,7933,93,7955,0,0,-18,0,-18,1,1,1,960,544.56,960,544.56,15625,0,0,0,0,0,0,0
1204,1479,39839539,39688875,22275,7933,93,7955,0,0,-18,0,-18,1,1,1,960,544.56,960,544.56,15333,0,0,0,0,0,0,0
1205,1480,44996336,42748750,22523,7933,93,7955,0,0,-18,0,-18,1,1,1,960,544.56,960,544.56,16958,0,0,0,0,0,0,0
1206,1481,49557045,51807583,22353,7933,93,7955,0,0,-18,0,-18,1,1,1,960,544.56,960,544.56,19042,0,0,0,0,0,0,0
1207,1482,66819705,64501000,22125,7933,93,7955,0,0,-18,0,-18,1,1,1,960,544.56,960,544.56,23042,0,0,0,0,0,0,0
1208,1483,65225206,67416833,22225,7933,93,7955,0,0,-18,0,-18,1,1,1,960,544.56,960,544.56,29875,0,0,0,0,0,0,0
1209,1484,71633711,69557542,22073,7933,93,7955,0,0,-18,0,-18,1,1,1,960,544.56,960,544.56,28542,0,0,0,0,0,0,0
1210,1485,65558917,67108167,22189,7933,96,7955,0,0,-18,0,-18,1,1,1,960,544.56,960,544.56,32209,0,0,0,0,0,0,0
1211,1486,64879082,63874583,22161,7933,93,7955,0,0,-18,0,-18,1,1,1,960,544.56,960,544.56,34041,0,0,0,0,0,0,0
1212,1487,53421746,54918041,22339,7933,93,7955,0,0,-18,0,-18,1,1,1,960,544.56,960,544.56,23375,0,0,0,0,0,0,0
1213,1488,58368664,55580541,22435,7933,93,7955,0,0,-18,0,-18,1,1,1,960,544.56,960,544.56,27292,0,0,0,0,0,0,0
1214,1489,45970756,48654750,22493,7933,93,7955,0,0,-18,0,-18,1,1,1,960,544.56,960,544.56,19250,0,0,0,0,0,0,0
1215,1490,46906329,46887167,22073,7933,93,7955,0,0,-18,0,-18,1,1,1,960,544.56,960,544.56,22083,0,0,0,0,0,0,0
1216,1491,47371540,46137333,22073,7934,94,7956,0,0,-18,0,-18,1,1,1,960,544.56,960,544.56,19791,0,0,0,0,0,0,0
1217,1492,49695920,50880334,22137,7933,93,7955,0,0,-18,0,-18,1,1,1,960,544.56,960,544.56,20167,0,0,0,0,0,0,0
1218,1493,58577209,56759792,22161,7933,93,7955,0,0,-18,0,-18,1,1,1,960,544.56,960,544.56,23666,0,0,0,0,0,0,0
1219,1494,51865454,53748125,22189,7933,96,7955,0,0,-18,0,-18,1,1,1,960,544.56,960,544.56,23125,0,0,0,0,0,0,0
1220,1495,53237918,51891333,22073,7933,93,7955,0,0,-18,0,-18,1,1,1,960,544.56,960,544.56,19208,0,0,0,0,0,0,0
1221,1496,52580207,53851709,22225,7933,93,7955,0,0,-18,0,-18,1,1,1,960,544.56,960,544.56,19500,0,0,0,0,0,0,0
1222,1497,58644209,56736792,22275,7933,93,7955,0,0,-18,0,-18,1,1,1,960,544.56,960,544.56,23208,0,0,0,0,0,0,0
1223,1498,55041454,55279750,22551,7933,93,7955,0,0,-18,0,-18,1,1,1,960,544.56,960,544.56,22875,0,0,0,0,0,0,0
1224,1499,55582959,55540041,22377,7933,93,7955,0,0,-18,0,-18,1,1,1,960,544.56,960,544.56,23000,0,0,0,0,0,0,0
1225,1500,55307794,56939666,22137,7933,93,7955,0,0,-18,0,-18,1,1,1,960,544.56,960,544.56,23959,0,0,0,0,0,0,0
1226,1501,56905124,55209750,22073,7933,93,7955,0,0,-18,0,-18,1,1,1,960,544.56,960,544.56,24500,0,0,0,0,0,0,0
1227,1502,57828746,59476208,22277,7933,93,7955,0,0,-18,0,-18,1,1,1,960,544.56,960,544.56,23167,0,0,0,0,0,0,0
1228,1503,54564420,53006250,22073,7933,96,7955,0,0,-18,0,-18,1,1,1,960,544.56,960,544.56,23625,0,0,0,0,0,0,0
1229,1504,51981914,53419333,22137,7933,93,7955,0,0,-18,0,-18,1,1,1,960,544.56,960,544.56,23375,0,0,0,0,0,0,0
1230,1505,48532001,46988833,22161,7933,93,7955,0,0,-18,0,-18,1,1,1,960,544.56,960,544.56,22333,0,0,0,0,0,0,0
1231,1506,46199042,47869000,22391,7934,94,7956,0,0,-18,0,-18,1,1,1,960,544.56,960,544.56,19209,0,0,0,0,0,0,0
1232,1507,44010870,42783542,22435,7933,93,7955,0,0,-18,0,-18,1,1,1,960,544.56,960,544.56,20416,0,0,0,0,0,0,0
1233,1508,42505420,42447666,22289,7933,93,7955,0,0,-18,0,-18,1,1,1,960,544.56,960,544.56,22417,0,0,0,0,0,0,0
1234,1509,46836458,48054083,22225,7933,93,7955,0,0,-18,0,-18,1,1,1,960,544.56,960,544.56,17417,0,0,0,0,0,0,0
1235,1510,47080662,46744917,22073,7933,93,7955,0,0,-18,0,-18,1,1,1,960,544.56,960,544.56,22375,0,0,0,0,0,0,0
1236,1511,52413873,50432125,22125,7933,93,7955,0,0,-18,0,-18,1,1,1,960,544.56,960,544.56,20958,0,0,0,0,0,0,0
1237,1512,58364838,60454125,22137,7933,93,7955,0,0,-18,0,-18,1,1,1,960,544.56,960,544.56,23875,0,0,0,0,0,0,0
1238,1513,58595579,56318333,22161,7933,96,7955,0,0,-18,0,-18,1,1,1,960,544.56,960,544.56,23292,0,0,0,0,0,0,0
1239,1514,61956882,64225083,22137,7933,93,7955,0,0,-18,0,-18,1,1,1,960,544.56,960,544.56,28208,0,0,0,0,0,0,0
1240,1515,63455037,61777542,22125,7933,93,7955,0,0,-18,0,-18,1,1,1,960,544.56,960,544.56,28209,0,0,0,0,0,0,0
1241,1516,53309418,55003083,22427,7933,93,7955,0,0,-18,0,-18,1,1,1,960,544.56,960,544.56,22459,0,0,0,0,0,0,0
1242,1517,59199001,55795000,22435,7933,93,7955,0,0,-18,0,-18,1,1,1,960,544.56,960,544.56,25375,0,0,0,0,0,0,0
1243,1518,52502956,55733834,22353,7933,93,7955,0,0,-18,0,-18,1,1,1,960,544.56,960,544.56,23166,0,0,0,0,0,0,0
1244,1519,58503165,56305416,22213,7933,93,7955,0,0,-18,0,-18,1,1,1,960,544.56,960,544.56,23709,0,0,0,0,0,0,0
1245,1520,54354414,56453750,22137,7933,93,7955,0,0,-18,0,-18,1,1,1,960,544.56,960,544.56,41750,0,0,0,0,0,0,0
1246,1521,56833665,55606041,22073,7934,94,7956,0,0,-18,0,-18,1,1,1,960,544.56,960,544.56,23833,0,0,0,0,0,0,0
1247,1522,48786543,50176833,22225,7933,96,7955,0,0,-18,0,-18,1,1,1,960,544.56,960,544.56,20250,0,0,0,0,0,0,0
1248,1523,47573793,47239416,22125,7933,93,7955,0,0,-18,0,-18,1,1,1,960,544.56,960,544.56,18583,0,0,0,0,0,0,0
1249,1524,47555208,46294375,22073,7933,93,7955,0,0,-18,0,-18,1,1,1,960,544.56,960,544.56,19083,0,0,0,0,0,0,0
1250,1525,48364624,49761584,22339,7933,93,7955,0,0,-18,0,-18,1,1,1,960,544.56,960,544.56,23209,0,0,0,0,0,0,0
1251,1526,48008829,46571917,22523,7933,93,7955,0,0,-18,0,-18,1,1,1,960,544.56,960,544.56,19500,0,0,0,0,0,0,0
1252,1527,46424001,46364333,22289,7933,93,7955,0,0,-18,0,-18,1,1,1,960,544.56,960,544.56,19167,0,0,0,0,0,0,0
1253,1528,44441998,46008500,22189,7933,93,7955,0,0,-18,0,-18,1,1,1,960,544.56,960,544.56,21750,0,0,0,0,0,0,0
1254,1529,46994209,46856750,22073,7933,93,7955,0,0,-18,0,-18,1,1,1,960,544.56,960,544.56,18917,0,0,0,0,0,0,0
1255,1530,49502287,48201667,22161,7933,93,7955,0,0,-18,0,-18,1,1,1,960,544.56,960,544.56,19042,0,0,0,0,0,0,0
1256,1531,49171585,50523000,22137,7933,93,7955,0,0,-18,0,-18,1,1,1,960,544.56,960,544.56,20250,0,0,0,0,0,0,0
1257,1532,51979456,50479875,22073,7933,96,7955,0,0,-18,0,-18,1,1,1,960,544.56,960,544.56,19625,0,0,0,0,0,0,0
1258,1533,51847089,53245417,22277,7933,93,7955,0,0,-18,0,-18,1,1,1,960,544.56,960,544.56,22709,0,0,0,0,0,0,0
1259,1534,48241455,46985500,22073,7933,93,7955,0,0,-18,0,-18,1,1,1,960,544.56,960,544.56,19083,0,0,0,0,0,0,0
1260,1535,43946959,45222208,22137,7933,93,7955,0,0,-18,0,-18,1,1,1,960,544.56,960,544.56,19250,0,0,0,0,0,0,0
1261,1536,44557753,44494791,22275,7934,94,7956,0,0,-18,0,-18,1,1,1,960,544.56,960,544.56,18917,0,0,0,0,0,0,0
1262,1537,46459291,44144791,22523,7933,93,7955,0,0,-18,0,-18,1,1,1,960,544.56,960,544.56,18959,0,0,0,0,0,0,0
1263,1538,39232045,41602000,22405,7933,93,7955,0,0,-18,0,-18,1,1,1,960,544.56,960,544.56,22458,0,0,0,0,0,0,0
1264,1539,39204165,39174833,22073,7933,93,7955,0,0,-18,0,-18,1,1,1,960,544.56,960,544.56,16917,0,0,0,0,0,0,0
1265,1540,40263038,39157167,22073,7933,93,7955,0,0,-18,0,-18,1,1,1,960,544.56,960,544.56,17250,0,0,0,0,0,0,0
1266,1541,35613585,36666875,22225,7933,93,7955,0,0,-18,0,-18,1,1,1,960,544.56,960,544.56,15250,0,0,0,0,0,0,0
1267,1542,41557624,41484000,22073,7933,93,7955,0,0,-18,0,-18,1,1,1,960,544.56,960,544.56,19708,0,0,0,0,0,0,0
1268,1543,42113918,40877083,22073,7933,96,7955,0,0,-18,0,-18,1,1,1,960,544.56,960,544.56,15000,0,0,0,0,0,0,0
1269,1544,42009536,43262291,22189,7933,93,7955,0,0,-18,0,-18,1,1,1,960,544.56,960,544.56,22208,0,0,0,0,0,0,0
1270,1545,44905044,44686125,22161,7933,93,7955,0,0,-18,0,-18,1,1,1,960,544.56,960,544.56,16500,0,0,0,0,0,0,0
1271,1546,46781498,45593042,22073,7933,93,7955,0,0,-18,0,-18,1,1,1,960,544.56,960,544.56,19333,0,0,0,0,0,0,0
1272,1547,49126252,50417875,22137,7933,93,7955,0,0,-18,0,-18,1,1,1,960,544.56,960,544.56,19417,0,0,0,0,0,0,0
1273,1548,57787910,54535000,22637,7933,93,7955,0,0,-18,0,-18,1,1,1,960,544.56,960,544.56,23250,0,0,0,0,0,0,0
1274,1549,50731085,53942541,22493,7933,93,7955,0,0,-18,0,-18,1,1,1,960,544.56,960,544.56,22042,0,0,0,0,0,0,0
1275,1550,62329832,59751208,22073,7933,93,7955,0,0,-18,0,-18,1,1,1,960,544.56,960,544.56,23416,0,0,0,0,0,0,0
1276,1551,63062921,65484667,22137,7934,94,7956,0,0,-18,0,-18,1,1,1,960,544.56,960,544.56,30209,0,0,0,0,0,0,0
1277,1552,66338285,64797375,22161,7933,93,7955,0,0,-18,0,-18,1,1,1,960,544.56,960,544.56,24000,0,0,0,0,0,0,0
1278,1553,55597711,57134667,22189,7933,96,7955,0,0,-18,0,-18,1,1,1,960,544.56,960,544.56,26958,0,0,0,0,0,0,0
1279,1554,57167708,55458500,22073,7933,93,7955,0,0,-18,0,-18,1,1,1,960,544.56,960,544.56,24625,0,0,0,0,0,0,0
1280,1555,67626461,69003791,22225,7933,93,7955,0,0,-18,0,-18,1,1,1,960,544.56,960,544.56,29458,0,0,0,0,0,0,0
1281,1556,74053704,69795542,22637,7933,93,7955,0,0,-18,0,-18,1,1,1,960,544.56,960,544.56,54958,0,0,0,0,0,0,0
1282,1557,68318419,72650417,22405,7933,93,7955,0,0,-18,0,-18,1,1,1,960,544.56,960,544.56,31250,0,0,0,0,0,0,0
1283,1558,71272045,68922416,22161,7933,93,7955,0,0,-18,0,-18,1,1,1,960,544.56,960,544.56,30791,0,0,0,0,0,0,0
1284,1559,65808624,68192375,22137,7933,93,7955,0,0,-18,0,-18,1,1,1,960,544.56,960,544.56,30375,0,0,0,0,0,0,0
1285,1560,69958165,68413916,22125,7933,93,7955,0,0,-18,0,-18,1,1,1,960,544.56,960,544.56,34459,0,0,0,0,0,0,0
1286,1561,59313710,60736750,22225,7933,96,7955,0,0,-18,0,-18,1,1,1,960,544.56,960,544.56,23208,0,0,0,0,0,0,0
1287,1562,61884872,59697083,22073,7933,93,7955,0,0,-18,0,-18,1,1,1,960,544.56,960,544.56,22833,0,0,0,0,0,0,0
1288,1563,58077294,60301917,22339,7933,93,7955,0,0,-18,0,-18,1,1,1,960,544.56,960,544.56,28708,0,0,0,0,0,0,0
1289,1564,60901459,57798875,22575,7933,93,7955,0,0,-18,0,-18,1,1,1,960,544.56,960,544.56,23292,0,0,0,0,0,0,0
1290,1565,66488996,69497416,22353,7933,93,7955,0,0,-18,0,-18,1,1,1,960,544.56,960,544.56,30333,0,0,0,0,0,0,0
1291,1566,68970121,67250958,22073,7934,94,7956,0,0,-18,0,-18,1,1,1,960,544.56,960,544.56,29333,0,0,0,0,0,0,0
1292,1567,55175710,56909292,22225,7933,93,7955,0,0,-18,0,-18,1,1,1,960,544.56,960,544.56,24167,0,0,0,0,0,0,0
1293,1568,61541333,59030250,22125,7933,93,7955,0,0,-18,0,-18,1,1,1,960,544.56,960,544.56,24625,0,0,0,0,0,0,0
1294,1569,54210290,56509459,22137,7933,96,7955,0,0,-18,0,-18,1,1,1,960,544.56,960,544.56,21792,0,0,0,0,0,0,0
1295,1570,69732710,67725458,22161,7933,93,7955,0,0,-18,0,-18,1,1,1,960,544.56,960,544.56,28917,0,0,0,0,0,0,0
1296,1571,67270338,69291625,22339,7933,93,7955,0,0,-18,0,-18,1,1,1,960,544.56,960,544.56,31041,0,0,0,0,0,0,0
1297,1572,68949289,65679375,22487,7933,93,7955,0,0,-18,0,-18,1,1,1,960,544.56,960,544.56,29750,0,0,0,0,0,0,0
1298,1573,51905497,55230708,22441,7933,93,7955,0,0,-18,0,-18,1,1,1,960,544.56,960,544.56,23625,0,0,0,0,0,0,0
1299,1574,58853875,57159125,22073,7933,93,7955,0,0,-18,0,-18,1,1,1,960,544.56,960,544.56,23042,0,0,0,0,0,0,0
1300,1575,51980745,53565625,22137,7933,93,7955,0,0,-18,0,-18,1,1,1,960,544.56,960,544.56,22916,0,0,0,0,0,0,0
1301,1576,62905251,61369625,22213,7933,93,7955,0,0,-18,0,-18,1,1,1,960,544.56,960,544.56,29334,0,0,0,0,0,0,0
1302,1577,51703125,53274667,22137,7933,96,7955,0,0,-18,0,-18,1,1,1,960,544.56,960,544.56,22750,0,0,0,0,0,0,0
1303,1578,53258750,51828375,22073,7933,93,7955,0,0,-18,0,-18,1,1,1,960,544.56,960,544.56,23500,0,0,0,0,0,0,0
1304,1579,43761081,45247459,22225,7933,93,7955,0,0,-18,0,-18,1,1,1,960,544.56,960,544.56,20375,0,0,0,0,0,0,0
1305,1580,46480625,46377792,22327,7933,93,7955,0,0,-18,0,-18,1,1,1,960,544.56,960,544.56,19708,0,0,0,0,0,0,0
1306,1581,48896834,46074250,22435,7934,94,7956,0,0,-18,0,-18,1,1,1,960,544.56,960,544.56,19584,0,0,0,0,0,0,0
1307,1582,45112747,47856708,22353,7933,93,7955,0,0,-18,0,-18,1,1,1,960,544.56,960,544.56,19250,0,0,0,0,0,0,0
1308,1583,51772754,51826583,22161,7933,93,7955,0,0,-18,0,-18,1,1,1,960,544.56,960,544.56,20125,0,0,0,0,0,0,0
1309,1584,63188329,61023042,22073,7933,93,7955,0,0,-18,0,-18,1,1,1,960,544.56,960,544.56,22750,0,0,0,0,0,0,0
1310,1585,69844461,71753167,22189,7933,93,7955,0,0,-18,0,-18,1,1,1,960,544.56,960,544.56,32875,0,0,0,0,0,0,0
1311,1586,94661250,91723083,22161,7933,93,7955,0,0,-18,0,-18,1,1,1,960,544.56,960,544.56,20667,0,0,0,0,0,0,0
1312,1587,73160462,75809333,22137,7933,96,7955,0,0,-18,0,-18,1,1,1,960,544.56,960,544.56,20125,0,0,0,0,0,0,0
1313,1588,82829415,80304792,22415,7933,93,7955,0,0,-18,0,-18,1,1,1,960,544.56,960,544.56,24583,0,0,0,0,0,0,0
1314,1589,68962916,69285958,22499,7933,93,7955,0,0,-18,0,-18,1,1,1,960,544.56,960,544.56,30583,0,0,0,0,0,0,0
1315,1590,68911418,69342750,22377,7933,93,7955,0,0,-18,0,-18,1,1,1,960,544.56,960,544.56,35125,0,0,0,0,0,0,0
1316,1591,70969745,72717083,22189,7933,93,7955,0,0,-18,0,-18,1,1,1,960,544.56,960,544.56,30334,0,0,0,0,0,0,0
1317,1592,70773497,69367833,22073,7933,93,7955,0,0,-18,0,-18,1,1,1,960,544.56,960,544.56,33833,0,0,0,0,0,0,0
1318,1593,65904915,67438667,22225,7933,96,7955,0,0,-18,0,-18,1,1,1,960,544.56,960,544.56,23250,0,0,0,0,0,0,0
1319,1594,75618833,72133417,22125,7933,93,7955,0,0,-18,0,-18,1,1,1,960,544.56,960,544.56,28750,0,0,0,0,0,0,0
1320,1595,70136085,73222084,22339,7933,93,7955,0,0,-18,0,-18,1,1,1,960,544.56,960,544.56,33000,0,0,0,0,0,0,0
1321,1596,93735791,87103958,22523,7934,94,7956,0,0,-18,0,-18,1,1,1,960,544.56,960,544.56,28875,0,0,0,0,0,0,0
1322,1597,71834750,78538166,22405,7933,93,7955,0,0,-18,0,-18,1,1,1,960,544.56,960,544.56,29250,0,0,0,0,0,0,0
1323,1598,81276707,78081250,22161,7933,93,7955,0,0,-18,0,-18,1,1,1,960,544.56,960,544.56,28459,0,0,0,0,0,0,0
1324,1599,75975753,78996459,22137,7933,93,7955,0,0,-18,0,-18,1,1,1,960,544.56,960,544.56,29541,0,0,0,0,0,0,0
1325,1600,72324872,70371459,22213,7933,96,7955,0,0,-18,0,-18,1,1,1,960,544.56,960,544.56,29750,0,0,0,0,0,0,0
1326,1601,67375794,69467042,22137,7933,93,7955,0,0,-18,0,-18,1,1,1,960,544.56,960,544.56,29125,0,0,0,0,0,0,0
1327,1602,72244919,68446875,22637,7933,93,7955,0,0,-18,0,-18,1,1,1,960,544.56,960,544.56,28875,0,0,0,0,0,0,0
1328,1603,62611661,66461000,22493,7933,93,7955,0,0,-18,0,-18,1,1,1,960,544.56,960,544.56,29708,0,0,0,0,0,0,0
1329,1604,57945959,56321208,22073,7933,93,7955,0,0,-18,0,-18,1,1,1,960,544.56,960,544.56,29833,0,0,0,0,0,0,0
1330,1605,44801998,46536458,22137,7933,93,7955,0,0,-18,0,-18,1,1,1,960,544.56,960,544.56,25833,0,0,0,0,0,0,0
1331,1606,43562661,43585000,22161,7933,93,7955,0,0,-18,0,-18,1,1,1,960,544.56,960,544.56,71042,0,0,0,0,0,0,0
1332,1607,41952416,40717917,22125,7933,93,7955,0,0,-18,0,-18,1,1,1,960,544.56,960,544.56,17292,0,0,0,0,0,0,0
1333,1608,37449836,38673458,22137,7933,96,7955,0,0,-18,0,-18,1,1,1,960,544.56,960,544.56,17208,0,0,0,0,0,0,0
1334,1609,38470543,38399500,22073,7933,93,7955,0,0,-18,0,-18,1,1,1,960,544.56,960,544.56,16917,0,0,0,0,0,0,0
1335,1610,39499413,38397708,22161,7933,93,7955,0,0,-18,0,-18,1,1,1,960,544.56,960,544.56,16375,0,0,0,0,0,0,0
1336,1611,37519082,38663042,22137,7934,94,7956,0,0,-18,0,-18,1,1,1,960,544.56,960,544.56,16875,0,0,0,0,0,0,0
1337,1612,38370627,38350959,22073,7933,93,7955,0,0,-18,0,-18,1,1,1,960,544.56,960,544.56,16917,0,0,0,0,0,0,0
1338,1613,40567997,38394125,22327,7933,93,7955,0,0,-18,0,-18,1,1,1,960,544.56,960,544.56,16834,0,0,0,0,0,0,0
1339,1614,35894747,38015375,22803,7933,93,7955,0,0,-18,0,-18,1,1,1,960,544.56,960,544.56,17125,0,0,0,0,0,0,0
1340,1615,42968586,42850875,22073,7933,93,7955,0,0,-18,0,-18,1,1,1,960,544.56,960,544.56,18833,0,0,0,0,0,0,0
1341,1616,44708162,43422042,22073,7933,93,7955,0,0,-18,0,-18,1,1,1,960,544.56,960,544.56,19459,0,0,0,0,0,0,0
1342,1617,42630463,43930625,22137,7933,93,7955,0,0,-18,0,-18,1,1,1,960,544.56,960,544.56,18625,0,0,0,0,0,0,0
1343,1618,44957958,44916292,22213,7933,93,7955,0,0,-18,0,-18,1,1,1,960,544.56,960,544.56,18667,0,0,0,0,0,0,0
1344,1619,56561578,55006833,22073,7933,93,7955,0,0,-18,0,-18,1,1,1,960,544.56,960,544.56,22792,0,0,0,0,0,0,0
1345,1620,50104293,51557625,22137,7933,96,7955,0,0,-18,0,-18,1,1,1,960,544.56,960,544.56,22875,0,0,0,0,0,0,0
1346,1621,56515917,54840709,22161,7933,93,7955,0,0,-18,0,-18,1,1,1,960,544.56,960,544.56,22542,0,0,0,0,0,0,0
1347,1622,51366165,53083084,22189,7933,93,7955,0,0,-18,0,-18,1,1,1,960,544.56,960,544.56,28375,0,0,0,0,0,0,0
1348,1623,57597044,55511667,22275,7933,93,7955,0,0,-18,0,-18,1,1,1,960,544.56,960,544.56,27000,0,0,0,0,0,0,0
1349,1624,55659085,56093542,22587,7933,93,7955,0,0,-18,0,-18,1,1,1,960,544.56,960,544.56,23833,0,0,0,0,0,0,0
1350,1625,65908044,65410875,22289,7933,93,7955,0,0,-18,0,-18,1,1,1,960,544.56,960,544.56,67417,0,0,0,0,0,0,0
1351,1626,67841164,69697750,28985,7934,94,7956,0,0,-18,0,-18,1,1,1,960,544.56,960,544.56,29291,0,0,0,0,0,0,0
1352,1627,75011752,71754791,27889,7933,93,7955,0,0,-18,0,-18,1,1,1,960,544.56,960,544.56,29292,0,0,0,0,0,0,0
1353,1628,75710371,78882500,22137,7933,93,7955,0,0,-18,0,-18,1,1,1,960,544.56,960,544.56,20750,0,0,0,0,0,0,0
1354,1629,78127875,75597500,22213,7933,96,7955,0,0,-18,0,-18,1,1,1,960,544.56,960,544.56,20250,0,0,0,0,0,0,0
1355,1630,70568837,72548750,22339,7933,93,7955,0,0,-18,0,-18,1,1,1,960,544.56,960,544.56,21292,0,0,0,0,0,0,0
1356,1631,77436834,72661666,22435,7933,93,7955,0,0,-18,0,-18,1,1,1,960,544.56,960,544.56,19542,0,0,0,0,0,0,0
1357,1632,71651868,76654125,22493,7933,93,7955,0,0,-18,0,-18,1,1,1,960,544.56,960,544.56,20125,0,0,0,0,0,0,0
1358,1633,74529625,71807083,22073,7933,93,7955,0,0,-18,0,-18,1,1,1,960,544.56,960,544.56,20542,0,0,0,0,0,0,0
1359,1634,78972041,81581750,22137,7933,93,7955,0,0,-18,0,-18,1,1,1,960,544.56,960,544.56,21334,0,0,0,0,0,0,0
1360,1635,79718619,77098333,22213,7933,96,7955,0,0,-18,0,-18,1,1,1,960,544.56,960,544.56,20500,0,0,0,0,0,0,0
1361,1636,69416582,72157209,22137,7933,93,7955,0,0,-18,0,-18,1,1,1,960,544.56,960,544.56,77250,0,0,0,0,0,0,0
1362,1637,77561832,72901917,22275,7933,93,7955,0,0,-18,0,-18,1,1,1,960,544.56,960,544.56,44334,0,0,0,0,0,0,0
1363,1638,65296582,69769000,22855,7933,93,7955,0,0,-18,0,-18,1,1,1,960,544.56,960,544.56,29125,0,0,0,0,0,0,0
1364,1639,72797872,70963125,22073,7933,93,7955,0,0,-18,0,-18,1,1,1,960,544.56,960,544.56,28750,0,0,0,0,0,0,0
1365,1640,71317620,72776666,22137,7933,93,7955,0,0,-18,0,-18,1,1,1,960,544.56,960,544.56,30042,0,0,0,0,0,0,0
1366,1641,75110122,73558041,22213,7934,94,7956,0,0,-18,0,-18,1,1,1,960,544.56,960,544.56,29791,0,0,0,0,0,0,0
1367,1642,66278703,68198291,22137,7933,96,7955,0,0,-18,0,-18,1,1,1,960,544.56,960,544.56,29583,0,0,0,0,0,0,0
1368,1643,65220005,63626042,22073,7933,93,7955,0,0,-18,0,-18,1,1,1,960,544.56,960,544.56,28333,0,0,0,0,0,0,0
1369,1644,48546329,50279750,22479,7933,93,7955,0,0,-18,0,-18,1,1,1,960,544.56,960,544.56,22833,0,0,0,0,0,0,0
1370,1645,44545046,43327584,22435,7933,93,7955,0,0,-18,0,-18,1,1,1,960,544.56,960,544.56,65250,0,0,0,0,0,0,0
1371,1646,37970080,38006542,22289,7933,93,7955,0,0,-18,0,-18,1,1,1,960,544.56,960,544.56,17041,0,0,0,0,0,0,0
1372,1647,35991121,37122959,22137,7933,93,7955,0,0,-18,0,-18,1,1,1,960,544.56,960,544.56,16500,0,0,0,0,0,0,0
1373,1648,34402672,34418375,22161,7933,93,7955,0,0,-18,0,-18,1,1,1,960,544.56,960,544.56,14917,0,0,0,0,0,0,0
1374,1649,35302665,34238542,22125,7933,93,7955,0,0,-18,0,-18,1,1,1,960,544.56,960,544.56,14958,0,0,0,0,0,0,0
1375,1650,32799795,33862625,22137,7933,93,7955,0,0,-18,0,-18,1,1,1,960,544.56,960,544.56,14875,0,0,0,0,0,0,0
1376,1651,36224540,36180958,22073,7933,93,7955,0,0,-18,0,-18,1,1,1,960,544.56,960,544.56,15333,0,0,0,0,0,0,0
1377,1652,35287834,34134917,22073,7933,96,7955,0,0,-18,0,-18,1,1,1,960,544.56,960,544.56,14875,0,0,0,0,0,0,0
1378,1653,32112125,33271334,22225,7933,93,7955,0,0,-18,0,-18,1,1,1,960,544.56,960,544.56,15000,0,0,0,0,0,0,0
1379,1654,33352084,33288916,22073,7933,93,7955,0,0,-18,0,-18,1,1,1,960,544.56,960,544.56,14709,0,0,0,0,0,0,0
1380,1655,34769296,33749500,22125,7933,93,7955,0,0,-18,0,-18,1,1,1,960,544.56,960,544.56,14417,0,0,0,0,0,0,0
1381,1656,33020954,34036625,22137,7934,94,7956,0,0,-18,0,-18,1,1,1,960,544.56,960,544.56,14292,0,0,0,0,0,0,0
1382,1657,33980004,33944334,22073,7933,93,7955,0,0,-18,0,-18,1,1,1,960,544.56,960,544.56,14958,0,0,0,0,0,0,0
1383,1658,34177545,33147375,22161,7933,93,7955,0,0,-18,0,-18,1,1,1,960,544.56,960,544.56,14917,0,0,0,0,0,0,0
1384,1659,32669246,33729708,22339,7933,93,7955,0,0,-18,0,-18,1,1,1,960,544.56,960,544.56,15875,0,0,0,0,0,0,0
1385,1660,34551247,33405667,22435,7933,93,7955,0,0,-18,0,-18,1,1,1,960,544.56,960,544.56,15334,0,0,0,0,0,0,0
1386,1661,33123377,33193209,22341,7933,93,7955,0,0,-18,0,-18,1,1,1,960,544.56,960,544.56,14625,0,0,0,0,0,0,0
1387,1662,32408665,33389000,22137,7933,93,7955,0,0,-18,0,-18,1,1,1,960,544.56,960,544.56,14708,0,0,0,0,0,0,0
1388,1663,33042170,33082166,22161,7933,93,7955,0,0,-18,0,-18,1,1,1,960,544.56,960,544.56,14667,0,0,0,0,0,0,0
1389,1664,34651793,33576292,22073,7933,93,7955,0,0,-18,0,-18,1,1,1,960,544.56,960,544.56,14208,0,0,0,0,0,0,0
1390,1665,32353159,33401125,22137,7933,93,7955,0,0,-18,0,-18,1,1,1,960,544.56,960,544.56,14958,0,0,0,0,0,0,0
1391,1666,35883296,35834166,22073,7933,93,7955,0,0,-18,0,-18,1,1,1,960,544.56,960,544.56,15125,0,0,0,0,0,0,0
1392,1667,35984784,34596125,22125,7933,96,7955,0,0,-18,0,-18,1,1,1,960,544.56,960,544.56,14583,0,0,0,0,0,0,0
1393,1668,35297464,36636958,22225,7933,93,7955,0,0,-18,0,-18,1,1,1,960,544.56,960,544.56,15417,0,0,0,0,0,0,0
1394,1669,38815248,38809875,22073,7933,93,7955,0,0,-18,0,-18,1,1,1,960,544.56,960,544.56,15208,0,0,0,0,0,0,0
1395,1670,38888748,37400917,22073,7933,93,7955,0,0,-18,0,-18,1,1,1,960,544.56,960,544.56,14584,0,0,0,0,0,0,0
1396,1671,37623915,39018167,22137,7934,94,7956,0,0,-18,0,-18,1,1,1,960,544.56,960,544.56,18958,0,0,0,0,0,0,0
1397,1672,44226501,44183500,22161,7933,93,7955,0,0,-18,0,-18,1,1,1,960,544.56,960,544.56,17000,0,0,0,0,0,0,0
1398,1673,46954415,44380959,22689,7933,93,7955,0,0,-18,0,-18,1,1,1,960,544.56,960,544.56,19167,0,0,0,0,0,0,0
1399,1674,43047167,45573708,22353,7933,93,7955,0,0,-18,0,-18,1,1,1,960,544.56,960,544.56,19500,0,0,0,0,0,0,0
1400,1675,52257958,52154708,22073,7933,93,7955,0,0,-18,0,-18,1,1,1,960,544.56,960,544.56,19333,0,0,0,0,0,0,0
1401,1676,56717794,55164208,22161,7933,93,7955,0,0,-18,0,-18,1,1,1,960,544.56,960,544.56,23292,0,0,0,0,0,0,0
1402,1677,55296584,56781417,22137,7933,93,7955,0,0,-18,0,-18,1,1,1,960,544.56,960,544.56,28125,0,0,0,0,0,0,0
1403,1678,72898119,70802625,22125,7933,93,7955,0,0,-18,0,-18,1,1,1,960,544.56,960,544.56,29500,0,0,0,0,0,0,0
1404,1679,66638126,68672042,22225,7933,96,7955,0,0,-18,0,-18,1,1,1,960,544.56,960,544.56,28792,0,0,0,0,0,0,0
1405,1680,60992706,59175209,22073,7933,93,7955,0,0,-18,0,-18,1,1,1,960,544.56,960,544.56,28875,0,0,0,0,0,0,0
1406,1681,53865540,55584333,22339,7933,93,7955,0,0,-18,0,-18,1,1,1,960,544.56,960,544.56,22875,0,0,0,0,0,0,0
1407,1682,58860331,55852000,22575,7933,93,7955,0,0,-18,0,-18,1,1,1,960,544.56,960,544.56,23250,0,0,0,0,0,0,0
1408,1683,47458622,50635041,22353,7933,93,7955,0,0,-18,0,-18,1,1,1,960,544.56,960,544.56,22750,0,0,0,0,0,0,0
1409,1684,47393545,47330750,22073,7933,93,7955,0,0,-18,0,-18,1,1,1,960,544.56,960,544.56,27250,0,0,0,0,0,0,0
1410,1685,51602248,50026125,22161,7933,93,7955,0,0,-18,0,-18,1,1,1,960,544.56,960,544.56,19917,0,0,0,0,0,0,0
1411,1686,51823250,53385875,22189,7934,94,7956,0,0,-18,0,-18,1,1,1,960,544.56,960,544.56,25042,0,0,0,0,0,0,0
1412,1687,62251295,60555375,22073,7933,93,7955,0,0,-18,0,-18,1,1,1,960,544.56,960,544.56,24291,0,0,0,0,0,0,0
1413,1688,52989542,54603209,22225,7933,96,7955,0,0,-18,0,-18,1,1,1,960,544.56,960,544.56,23458,0,0,0,0,0,0,0
1414,1689,58215454,56660667,22073,7933,93,7955,0,0,-18,0,-18,1,1,1,960,544.56,960,544.56,23250,0,0,0,0,0,0,0
1415,1690,52772916,54095209,22189,7933,93,7955,0,0,-18,0,-18,1,1,1,960,544.56,960,544.56,22333,0,0,0,0,0,0,0
1416,1691,58329626,55453333,22725,7933,93,7955,0,0,-18,0,-18,1,1,1,960,544.56,960,544.56,22917,0,0,0,0,0,0,0
1417,1692,54510835,57515959,22353,7933,93,7955,0,0,-18,0,-18,1,1,1,960,544.56,960,544.56,25792,0,0,0,0,0,0,0
1418,1693,53366914,51962750,22073,7933,93,7955,0,0,-18,0,-18,1,1,1,960,544.56,960,544.56,25291,0,0,0,0,0,0,0
1419,1694,42641170,44092500,22277,7933,93,7955,0,0,-18,0,-18,1,1,1,960,544.56,960,544.56,19208,0,0,0,0,0,0,0
1420,1695,44443748,44445541,22073,7933,93,7955,0,0,-18,0,-18,1,1,1,960,544.56,960,544.56,19417,0,0,0,0,0,0,0
1421,1696,42957626,41804625,22073,7933,93,7955,0,0,-18,0,-18,1,1,1,960,544.56,960,544.56,22208,0,0,0,0,0,0,0
1422,1697,37798292,38871125,22137,7933,96,7955,0,0,-18,0,-18,1,1,1,960,544.56,960,544.56,16250,0,0,0,0,0,0,0
1423,1698,37322081,37409375,22161,7933,93,7955,0,0,-18,0,-18,1,1,1,960,544.56,960,544.56,17292,0,0,0,0,0,0,0
1424,1699,35133164,34034042,22125,7933,93,7955,0,0,-18,0,-18,1,1,1,960,544.56,960,544.56,14250,0,0,0,0,0,0,0
1425,1700,32839838,33932084,22137,7933,93,7955,0,0,-18,0,-18,1,1,1,960,544.56,960,544.56,14291,0,0,0,0,0,0,0
1426,1701,34758828,34672750,22073,7934,94,7956,0,0,-18,0,-18,1,1,1,960,544.56,960,544.56,14417,0,0,0,0,0,0,0
1427,1702,36870874,35705875,22073,7933,93,7955,0,0,-18,0,-18,1,1,1,960,544.56,960,544.56,14709,0,0,0,0,0,0,0
1428,1703,36467913,37315125,22427,7933,93,7955,0,0,-18,0,-18,1,1,1,960,544.56,960,544.56,16208,0,0,0,0,0,0,0
1429,1704,38999214,38010667,22435,7933,93,7955,0,0,-18,0,-18,1,1,1,960,544.56,960,544.56,15500,0,0,0,0,0,0,0
1430,1705,41270583,41065125,22341,7933,93,7955,0,0,-18,0,-18,1,1,1,960,544.56,960,544.56,17041,0,0,0,0,0,0,0
1431,1706,42644996,43971459,22137,7933,93,7955,0,0,-18,0,-18,1,1,1,960,544.56,960,544.56,17541,0,0,0,0,0,0,0
1432,1707,51061123,51040917,22161,7933,93,7955,0,0,-18,0,-18,1,1,1,960,544.56,960,544.56,19292,0,0,0,0,0,0,0
1433,1708,67475460,65454583,22073,7933,93,7955,0,0,-18,0,-18,1,1,1,960,544.56,960,544.56,22792,0,0,0,0,0,0,0
1434,1709,73601491,75452458,22189,7933,93,7955,0,0,-18,0,-18,1,1,1,960,544.56,960,544.56,33500,0,0,0,0,0,0,0
1435,1710,85936337,83537292,22161,7933,96,7955,0,0,-18,0,-18,1,1,1,960,544.56,960,544.56,29542,0,0,0,0,0,0,0
1436,1711,77079534,79162417,22339,7933,93,7955,0,0,-18,0,-18,1,1,1,960,544.56,960,544.56,20833,0,0,0,0,0,0,0
1437,1712,75174212,70969917,22575,7933,93,7955,0,0,-18,0,-18,1,1,1,960,544.56,960,544.56,30125,0,0,0,0,0,0,0
1438,1713,65649785,70102875,22353,7933,93,7955,0,0,-18,0,-18,1,1,1,960,544.56,960,544.56,20625,0,0,0,0,0,0,0
1439,1714,69535419,67476000,22073,7933,93,7955,0,0,-18,0,-18,1,1,1,960,544.56,960,544.56,32291,0,0,0,0,0,0,0
1440,1715,64187005,66175125,22277,7933,93,7955,0,0,-18,0,-18,1,1,1,960,544.56,960,544.56,29166,0,0,0,0,0,0,0
1441,1716,56729167,55199750,22073,7934,97,7956,0,0,-18,0,-18,1,1,1,960,544.56,960,544.56,23708,0,0,0,0,0,0,0
1442,1717,57980541,59325708,22137,7933,93,7955,0,0,-18,0,-18,1,1,1,960,544.56,960,544.56,27458,0,0,0,0,0,0,0
1443,1718,57950835,56583708,22161,7933,93,7955,0,0,-18,0,-18,1,1,1,960,544.56,960,544.56,23417,0,0,0,0,0,0,0
1444,1719,61393205,62947500,22391,7933,93,7955,0,0,-18,0,-18,1,1,1,960,544.56,960,544.56,33375,0,0,0,0,0,0,0
1445,1720,64774796,61565042,22435,7933,93,7955,0,0,-18,0,-18,1,1,1,960,544.56,960,544.56,28375,0,0,0,0,0,0,0
1446,1721,51672037,54848250,22441,7933,93,7955,0,0,-18,0,-18,1,1,1,960,544.56,960,544.56,23417,0,0,0,0,0,0,0
1447,1722,57612005,55937792,22073,7933,93,7955,0,0,-18,0,-18,1,1,1,960,544.56,960,544.56,24042,0,0,0,0,0,0,0
1448,1723,55262662,56660583,22189,7933,93,7955,0,0,-18,0,-18,1,1,1,960,544.56,960,544.56,23583,0,0,0,0,0,0,0
1449,1724,71144036,69403083,22161,7933,93,7955,0,0,-18,0,-18,1,1,1,960,544.56,960,544.56,29542,0,0,0,0,0,0,0
1450,1725,61335083,63247042,22137,7933,96,7955,0,0,-18,0,-18,1,1,1,960,544.56,960,544.56,28583,0,0,0,0,0,0,0
1451,1726,56239753,54561125,22073,7933,93,7955,0,0,-18,0,-18,1,1,1,960,544.56,960,544.56,24542,0,0,0,0,0,0,0
1452,1727,51043458,52693750,22277,7933,93,7955,0,0,-18,0,-18,1,1,1,960,544.56,960,544.56,23000,0,0,0,0,0,0,0
1453,1728,53311996,50951959,22637,7933,93,7955,0,0,-18,0,-18,1,1,1,960,544.56,960,544.56,22792,0,0,0,0,0,0,0
1454,1729,40640376,43045958,22555,7933,93,7955,0,0,-18,0,-18,1,1,1,960,544.56,960,544.56,19209,0,0,0,0,0,0,0
1455,1730,41150204,41086334,22073,7933,93,7955,0,0,-18,0,-18,1,1,1,960,544.56,960,544.56,19375,0,0,0,0,0,0,0
1456,1731,39446961,38307250,22161,7934,94,7956,0,0,-18,0,-18,1,1,1,960,544.56,960,544.56,16833,0,0,0,0,0,0,0
1457,1732,36838669,38045875,22189,7933,93,7955,0,0,-18,0,-18,1,1,1,960,544.56,960,544.56,16542,0,0,0,0,0,0,0
1458,1733,34033291,34007416,22073,7933,93,7955,0,0,-18,0,-18,1,1,1,960,544.56,960,544.56,16209,0,0,0,0,0,0,0
1459,1734,37637621,36550542,22073,7933,93,7955,0,0,-18,0,-18,1,1,1,960,544.56,960,544.56,15500,0,0,0,0,0,0,0
1460,1735,32708041,33732000,22137,7933,96,7955,0,0,-18,0,-18,1,1,1,960,544.56,960,544.56,15500,0,0,0,0,0,0,0
1461,1736,33797539,33827750,22161,7933,93,7955,0,0,-18,0,-18,1,1,1,960,544.56,960,544.56,15084,0,0,0,0,0,0,0
1462,1737,36242999,35124875,22073,7933,93,7955,0,0,-18,0,-18,1,1,1,960,544.56,960,544.56,14958,0,0,0,0,0,0,0
1463,1738,36051254,37110042,22189,7933,93,7955,0,0,-18,0,-18,1,1,1,960,544.56,960,544.56,15875,0,0,0,0,0,0,0
1464,1739,34563958,34403875,22073,7933,93,7955,0,0,-18,0,-18,1,1,1,960,544.56,960,544.56,15417,0,0,0,0,0,0,0
1465,1740,37957999,36851375,22073,7933,93,7955,0,0,-18,0,-18,1,1,1,960,544.56,960,544.56,20666,0,0,0,0,0,0,0
1466,1741,39834246,41052875,22427,7933,93,7955,0,0,-18,0,-18,1,1,1,960,544.56,960,544.56,16875,0,0,0,0,0,0,0
1467,1742,45287918,43831125,22435,7933,93,7955,0,0,-18,0,-18,1,1,1,960,544.56,960,544.56,16750,0,0,0,0,0,0,0
1468,1743,50987705,50640792,22289,7933,93,7955,0,0,-18,0,-18,1,1,1,960,544.56,960,544.56,18958,0,0,0,0,0,0,0
1469,1744,64918838,66375792,22189,7933,93,7955,0,0,-18,0,-18,1,1,1,960,544.56,960,544.56,27458,0,0,0,0,0,0,0
1470,1745,73472410,71379167,22459,7933,93,7955,0,0,-18,0,-18,1,1,1,960,544.56,960,544.56,29458,0,0,0,0,0,0,0
1471,1746,76844587,78546625,22137,7934,94,7956,0,0,-18,0,-18,1,1,1,960,544.56,960,544.56,57042,0,0,0,0,0,0,0
1472,1747,65952502,64004292,22213,7933,96,7955,0,0,-18,0,-18,1,1,1,960,544.56,960,544.56,19125,0,0,0,0,0,0,0
1473,1748,67607581,69821708,22137,7933,93,7955,0,0,-18,0,-18,1,1,1,960,544.56,960,544.56,18917,0,0,0,0,0,0,0
1474,1749,67914247,64672875,22275,7933,93,7955,0,0,-18,0,-18,1,1,1,960,544.56,960,544.56,29500,0,0,0,0,0,0,0
1475,1750,53127203,56178083,22803,7933,93,7955,0,0,-18,0,-18,1,1,1,960,544.56,960,544.56,23208,0,0,0,0,0,0,0
1476,1751,52003670,50981250,22125,7933,93,7955,0,0,-18,0,-18,1,1,1,960,544.56,960,544.56,23792,0,0,0,0,0,0,0
1477,1752,46518500,47806792,22137,7933,93,7955,0,0,-18,0,-18,1,1,1,960,544.56,960,544.56,23417,0,0,0,0,0,0,0
1478,1753,45899163,45932666,22161,7933,93,7955,0,0,-18,0,-18,1,1,1,960,544.56,960,544.56,19083,0,0,0,0,0,0,0
1479,1754,51541376,50036417,22073,7933,93,7955,0,0,-18,0,-18,1,1,1,960,544.56,960,544.56,20750,0,0,0,0,0,0,0
1480,1755,45920621,47262708,22137,7933,96,7955,0,0,-18,0,-18,1,1,1,960,544.56,960,544.56,19166,0,0,0,0,0,0,0
1481,1756,49354292,49119125,22125,7933,93,7955,0,0,-18,0,-18,1,1,1,960,544.56,960,544.56,19167,0,0,0,0,0,0,0
1482,1757,48764001,47151125,22161,7933,93,7955,0,0,-18,0,-18,1,1,1,960,544.56,960,544.56,20750,0,0,0,0,0,0,0
1483,1758,50990205,52615000,22137,7933,93,7955,0,0,-18,0,-18,1,1,1,960,544.56,960,544.56,19792,0,0,0,0,0,0,0
1484,1759,58820664,56059166,22637,7933,93,7955,0,0,-18,0,-18,1,1,1,960,544.56,960,544.56,24958,0,0,0,0,0,0,0
1485,1760,52395798,55320667,22493,7933,93,7955,0,0,-18,0,-18,1,1,1,960,544.56,960,544.56,23084,0,0,0,0,0,0,0
1486,1761,59975709,58381667,22073,7934,94,7956,0,0,-18,0,-18,1,1,1,960,544.56,960,544.56,29375,0,0,0,0,0,0,0
1487,1762,57225745,58688250,22137,7933,93,7955,0,0,-18,0,-18,1,1,1,960,544.56,960,544.56,23083,0,0,0,0,0,0,0
1488,1763,59329874,57490042,22161,7933,93,7955,0,0,-18,0,-18,1,1,1,960,544.56,960,544.56,22959,0,0,0,0,0,0,0
1489,1764,57801168,59671958,22189,7933,93,7955,0,0,-18,0,-18,1,1,1,960,544.56,960,544.56,25333,0,0,0,0,0,0,0
1490,1765,57034622,55402167,22073,7933,96,7955,0,0,-18,0,-18,1,1,1,960,544.56,960,544.56,26291,0,0,0,0,0,0,0
1491,1766,47940958,49608500,22225,7933,93,7955,0,0,-18,0,-18,1,1,1,960,544.56,960,544.56,23875,0,0,0,0,0,0,0
1492,1767,44311877,44265084,22073,7933,93,7955,0,0,-18,0,-18,1,1,1,960,544.56,960,544.56,19584,0,0,0,0,0,0,0
1493,1768,42857751,41745917,22327,7933,93,7955,0,0,-18,0,-18,1,1,1,960,544.56,960,544.56,19125,0,0,0,0,0,0,0
1494,1769,38273412,38126541,22499,7933,93,7955,0,0,-18,0,-18,1,1,1,960,544.56,960,544.56,16875,0,0,0,0,0,0,0
1495,1770,34614209,35927708,22377,7933,93,7955,0,0,-18,0,-18,1,1,1,960,544.56,960,544.56,16458,0,0,0,0,0,0,0
1496,1771,35234708,34115250,22073,7933,93,7955,0,0,-18,0,-18,1,1,1,960,544.56,960,544.56,14625,0,0,0,0,0,0,0
1497,1772,32661005,33733542,22137,7933,93,7955,0,0,-18,0,-18,1,1,1,960,544.56,960,544.56,14875,0,0,0,0,0,0,0
1498,1773,33740334,33717625,22073,7933,93,7955,0,0,-18,0,-18,1,1,1,960,544.56,960,544.56,14833,0,0,0,0,0,0,0
1499,1774,34652750,33530167,22125,7933,93,7955,0,0,-18,0,-18,1,1,1,960,544.56,960,544.56,14709,0,0,0,0,0,0,0
1500,1775,36570746,37668333,22225,7933,93,7955,0,0,-18,0,-18,1,1,1,960,544.56,960,544.56,15667,0,0,0,0,0,0,0
1501,1776,33059246,33069459,22073,7934,97,7956,0,0,-18,0,-18,1,1,1,960,544.56,960,544.56,14375,0,0,0,0,0,0,0
1502,1777,33953584,32942292,22073,7933,93,7955,0,0,-18,0,-18,1,1,1,960,544.56,960,544.56,14458,0,0,0,0,0,0,0
1503,1778,29469791,30468000,22137,7933,93,7955,0,0,-18,0,-18,1,1,1,960,544.56,960,544.56,16209,0,0,0,0,0,0,0
1504,1779,30506122,30423666,22073,7933,93,7955,0,0,-18,0,-18,1,1,1,960,544.56,960,544.56,13458,0,0,0,0,0,0,0
1505,1780,30334921,30361791,22161,7933,93,7955,0,0,-18,0,-18,1,1,1,960,544.56,960,544.56,13208,0,0,0,0,0,0,0
1506,1781,31427662,30375250,22125,7933,93,7955,0,0,-18,0,-18,1,1,1,960,544.56,960,544.56,13000,0,0,0,0,0,0,0
1507,1782,29512748,30564042,22137,7933,93,7955,0,0,-18,0,-18,1,1,1,960,544.56,960,544.56,12667,0,0,0,0,0,0,0
1508,1783,30518211,30467834,22275,7933,93,7955,0,0,-18,0,-18,1,1,1,960,544.56,960,544.56,13292,0,0,0,0,0,0,0
1509,1784,31673915,30630875,22435,7933,93,7955,0,0,-18,0,-18,1,1,1,960,544.56,960,544.56,13250,0,0,0,0,0,0,0
1510,1785,30796080,30830250,22377,7933,93,7955,0,0,-18,0,-18,1,1,1,960,544.56,960,544.56,13375,0,0,0,0,0,0,0
1511,1786,30712166,31660584,22137,7933,93,7955,0,0,-18,0,-18,1,1,1,960,544.56,960,544.56,13333,0,0,0,0,0,0,0
1512,1787,35248547,35204542,22073,7933,93,7955,0,0,-18,0,-18,1,1,1,960,544.56,960,544.56,15125,0,0,0,0,0,0,0
1513,1788,36951288,35473083,22125,7933,93,7955,0,0,-18,0,-18,1,1,1,960,544.56,960,544.56,16458,0,0,0,0,0,0,0
1514,1789,33954210,35354875,22137,7933,93,7955,0,0,-18,0,-18,1,1,1,960,544.56,960,544.56,15208,0,0,0,0,0,0,0
1515,1790,35228621,35184541,22161,7933,93,7955,0,0,-18,0,-18,1,1,1,960,544.56,960,544.56,17750,0,0,0,0,0,0,0
1516,1791,39767708,38743709,22073,7934,94,7956,0,0,-18,0,-18,1,1,1,960,544.56,960,544.56,15833,0,0,0,0,0,0,0
1517,1792,34665837,35740167,22137,7933,96,7955,0,0,-18,0,-18,1,1,1,960,544.56,960,544.56,15417,0,0,0,0,0,0,0
1518,1793,40419083,40132584,22073,7933,93,7955,0,0,-18,0,-18,1,1,1,960,544.56,960,544.56,16625,0,0,0,0,0,0,0
1519,1794,44619459,43487083,22213,7933,93,7955,0,0,-18,0,-18,1,1,1,960,544.56,960,544.56,19375,0,0,0,0,0,0,0
1520,1795,52503749,53710875,22137,7933,93,7955,0,0,-18,0,-18,1,1,1,960,544.56,960,544.56,22666,0,0,0,0,0,0,0
1521,1796,68465918,66354625,22275,7933,93,7955,0,0,-18,0,-18,1,1,1,960,544.56,960,544.56,28667,0,0,0,0,0,0,0
1522,1797,70067539,69042208,22587,7933,93,7955,0,0,-18,0,-18,1,1,1,960,544.56,960,544.56,29083,0,0,0,0,0,0,0
1523,1798,70387378,71225792,22341,7933,93,7955,0,0,-18,0,-18,1,1,1,960,544.56,960,544.56,29375,0,0,0,0,0,0,0
1524,1799,67474499,69398833,22137,7933,93,7955,0,0,-18,0,-18,1,1,1,960,544.56,960,544.56,29458,0,0,0,0,0,0,0
1525,1800,73281794,71326791,22161,7933,93,7955,0,0,-18,0,-18,1,1,1,960,544.56,960,544.56,52542,0,0,0,0,0,0,0
1526,1801,58833248,60956208,22189,7933,96,7955,0,0,-18,0,-18,1,1,1,960,544.56,960,544.56,30041,0,0,0,0,0,0,0
1527,1802,56433752,54867583,22073,7933,93,7955,0,0,-18,0,-18,1,1,1,960,544.56,960,544.56,22500,0,0,0,0,0,0,0
1528,1803,47283958,48975292,22225,7933,93,7955,0,0,-18,0,-18,1,1,1,960,544.56,960,544.56,23708,0,0,0,0,0,0,0
1529,1804,47322917,47219125,22275,7933,93,7955,0,0,-18,0,-18,1,1,1,960,544.56,960,544.56,23375,0,0,0,0,0,0,0
1530,1805,50861414,48463000,22487,7933,93,7955,0,0,-18,0,-18,1,1,1,960,544.56,960,544.56,19000,0,0,0,0,0,0,0
1531,1806,45934330,48292167,22353,7934,94,7956,0,0,-18,0,-18,1,1,1,960,544.56,960,544.56,19541,0,0,0,0,0,0,0
1532,1807,49902457,49957708,22161,7933,93,7955,0,0,-18,0,-18,1,1,1,960,544.56,960,544.56,22750,0,0,0,0,0,0,0
1533,1808,56068502,54465833,22073,7933,93,7955,0,0,-18,0,-18,1,1,1,960,544.56,960,544.56,22458,0,0,0,0,0,0,0
1534,1809,59065666,60484667,22189,7933,93,7955,0,0,-18,0,-18,1,1,1,960,544.56,960,544.56,29625,0,0,0,0,0,0,0
1535,1810,55944580,54384709,22161,7933,96,7955,0,0,-18,0,-18,1,1,1,960,544.56,960,544.56,22584,0,0,0,0,0,0,0
1536,1811,51061630,52669375,22137,7933,93,7955,0,0,-18,0,-18,1,1,1,960,544.56,960,544.56,22375,0,0,0,0,0,0,0
1537,1812,53332496,51657583,22073,7933,93,7955,0,0,-18,0,-18,1,1,1,960,544.56,960,544.56,23542,0,0,0,0,0,0,0
1538,1813,50143375,51804417,22277,7933,93,7955,0,0,-18,0,-18,1,1,1,960,544.56,960,544.56,23000,0,0,0,0,0,0,0
1539,1814,54916001,51973833,22637,7933,93,7955,0,0,-18,0,-18,1,1,1,960,544.56,960,544.56,22958,0,0,0,0,0,0,0
1540,1815,43259546,46223958,22353,7933,93,7955,0,0,-18,0,-18,1,1,1,960,544.56,960,544.56,22459,0,0,0,0,0,0,0
1541,1816,42513292,42466542,22073,7933,93,7955,0,0,-18,0,-18,1,1,1,960,544.56,960,544.56,19375,0,0,0,0,0,0,0
1542,1817,38681704,37536042,22161,7933,93,7955,0,0,-18,0,-18,1,1,1,960,544.56,960,544.56,16625,0,0,0,0,0,0,0
1543,1818,36821421,38013125,22189,7933,93,7955,0,0,-18,0,-18,1,1,1,960,544.56,960,544.56,16541,0,0,0,0,0,0,0
1544,1819,33418409,33425458,22073,7933,93,7955,0,0,-18,0,-18,1,1,1,960,544.56,960,544.56,15125,0,0,0,0,0,0,0
1545,1820,36858212,35751834,22073,7933,93,7955,0,0,-18,0,-18,1,1,1,960,544.56,960,544.56,15750,0,0,0,0,0,0,0
1546,1821,32344125,33365291,22137,7934,97,7956,0,0,-18,0,-18,1,1,1,960,544.56,960,544.56,14958,0,0,0,0,0,0,0
1547,1822,33324915,33347958,22161,7933,93,7955,0,0,-18,0,-18,1,1,1,960,544.56,960,544.56,15250,0,0,0,0,0,0,0
1548,1823,33130001,33117000,22073,7933,93,7955,0,0,-18,0,-18,1,1,1,960,544.56,960,544.56,15500,0,0,0,0,0,0,0
1549,1824,34240625,33099500,22125,7933,93,7955,0,0,-18,0,-18,1,1,1,960,544.56,960,544.56,14875,0,0,0,0,0,0,0
1550,1825,32227870,33358291,22137,7933,93,7955,0,0,-18,0,-18,1,1,1,960,544.56,960,544.56,15083,0,0,0,0,0,0,0
1551,1826,33195789,33109375,22073,7933,93,7955,0,0,-18,0,-18,1,1,1,960,544.56,960,544.56,14875,0,0,0,0,0,0,0
1552,1827,33441416,33484917,22363,7933,93,7955,0,0,-18,0,-18,1,1,1,960,544.56,960,544.56,14666,0,0,0,0,0,0,0
1553,1828,35127457,33247750,22435,7933,93,7955,0,0,-18,0,-18,1,1,1,960,544.56,960,544.56,14333,0,0,0,0,0,0,0
1554,1829,31439121,33301916,22353,7933,93,7955,0,0,-18,0,-18,1,1,1,960,544.56,960,544.56,18791,0,0,0,0,0,0,0
1555,1830,34246917,34173583,22073,7933,93,7955,0,0,-18,0,-18,1,1,1,960,544.56,960,544.56,14667,0,0,0,0,0,0,0
1556,1831,36156129,35036000,22125,7933,93,7955,0,0,-18,0,-18,1,1,1,960,544.56,960,544.56,14458,0,0,0,0,0,0,0
1557,1832,37082538,37924417,22225,7933,93,7955,0,0,-18,0,-18,1,1,1,960,544.56,960,544.56,16583,0,0,0,0,0,0,0
1558,1833,39440874,39657958,22073,7933,93,7955,0,0,-18,0,-18,1,1,1,960,544.56,960,544.56,16875,0,0,0,0,0,0,0
1559,1834,48600248,47187625,22073,7933,93,7955,0,0,-18,0,-18,1,1,1,960,544.56,960,544.56,23125,0,0,0,0,0,0,0
1560,1835,46746917,47924750,22137,7933,96,7955,0,0,-18,0,-18,1,1,1,960,544.56,960,544.56,18375,0,0,0,0,0,0,0
1561,1836,55468961,53867375,22213,7934,94,7956,0,0,-18,0,-18,1,1,1,960,544.56,960,544.56,23208,0,0,0,0,0,0,0
1562,1837,61907332,63446875,22137,7933,93,7955,0,0,-18,0,-18,1,1,1,960,544.56,960,544.56,23292,0,0,0,0,0,0,0
1563,1838,68630456,66541125,22073,7933,93,7955,0,0,-18,0,-18,1,1,1,960,544.56,960,544.56,28625,0,0,0,0,0,0,0
1564,1839,67664749,67690709,22789,7933,93,7955,0,0,-18,0,-18,1,1,1,960,544.56,960,544.56,28792,0,0,0,0,0,0,0
1565,1840,67629292,67373208,22341,7933,93,7955,0,0,-18,0,-18,1,1,1,960,544.56,960,544.56,29000,0,0,0,0,0,0,0
1566,1841,66394917,68544792,22137,7933,93,7955,0,0,-18,0,-18,1,1,1,960,544.56,960,544.56,29666,0,0,0,0,0,0,0
1567,1842,70132918,68202375,22161,7933,93,7955,0,0,-18,0,-18,1,1,1,960,544.56,960,544.56,29375,0,0,0,0,0,0,0
1568,1843,64645081,66690292,22189,7933,93,7955,0,0,-18,0,-18,1,1,1,960,544.56,960,544.56,25042,0,0,0,0,0,0,0
1569,1844,56588791,54931625,22073,7933,96,7955,0,0,-18,0,-18,1,1,1,960,544.56,960,544.56,23792,0,0,0,0,0,0,0
1570,1845,53333289,54944084,22225,7933,93,7955,0,0,-18,0,-18,1,1,1,960,544.56,960,544.56,22875,0,0,0,0,0,0,0
1571,1846,55584255,54026458,22073,7933,93,7955,0,0,-18,0,-18,1,1,1,960,544.56,960,544.56,23542,0,0,0,0,0,0,0
1572,1847,56149248,55480542,22753,7933,93,7955,0,0,-18,0,-18,1,1,1,960,544.56,960,544.56,22959,0,0,0,0,0,0,0
1573,1848,54838210,55496708,22377,7933,93,7955,0,0,-18,0,-18,1,1,1,960,544.56,960,544.56,23583,0,0,0,0,0,0,0
1574,1849,53753748,55286209,22137,7933,93,7955,0,0,-18,0,-18,1,1,1,960,544.56,960,544.56,23333,0,0,0,0,0,0,0
1575,1850,58263916,55829875,22073,7933,93,7955,0,0,-18,0,-18,1,1,1,960,544.56,960,544.56,22500,0,0,0,0,0,0,0
1576,1851,59501502,61887750,22277,7934,94,7956,0,0,-18,0,-18,1,1,1,960,544.56,960,544.56,25292,0,0,0,0,0,0,0
1577,1852,57896412,55670583,22073,7933,96,7955,0,0,-18,0,-18,1,1,1,960,544.56,960,544.56,23542,0,0,0,0,0,0,0
1578,1853,54355625,56464167,22137,7933,93,7955,0,0,-18,0,-18,1,1,1,960,544.56,960,544.56,22708,0,0,0,0,0,0,0
1579,1854,55650204,54119167,22161,7933,93,7955,0,0,-18,0,-18,1,1,1,960,544.56,960,544.56,22791,0,0,0,0,0,0,0
1580,1855,48856377,50450083,22189,7933,93,7955,0,0,-18,0,-18,1,1,1,960,544.56,960,544.56,23042,0,0,0,0,0,0,0
1581,1856,45026291,43723791,22637,7933,93,7955,0,0,-18,0,-18,1,1,1,960,544.56,960,544.56,18792,0,0,0,0,0,0,0
1582,1857,41636750,41697792,22289,7933,93,7955,0,0,-18,0,-18,1,1,1,960,544.56,960,544.56,38750,0,0,0,0,0,0,0
1583,1858,37051793,38272625,22225,7933,93,7955,0,0,-18,0,-18,1,1,1,960,544.56,960,544.56,17042,0,0,0,0,0,0,0
1584,1859,37577833,37594000,22073,7933,93,7955,0,0,-18,0,-18,1,1,1,960,544.56,960,544.56,16625,0,0,0,0,0,0,0
1585,1860,35912789,34823209,22125,7933,93,7955,0,0,-18,0,-18,1,1,1,960,544.56,960,544.56,15416,0,0,0,0,0,0,0
1586,1861,33963251,35002875,22137,7933,93,7955,0,0,-18,0,-18,1,1,1,960,544.56,960,544.56,14583,0,0,0,0,0,0,0
1587,1862,39100460,39084542,22073,7933,93,7955,0,0,-18,0,-18,1,1,1,960,544.56,960,544.56,15083,0,0,0,0,0,0,0
1588,1863,37103619,35981208,22161,7933,96,7955,0,0,-18,0,-18,1,1,1,960,544.56,960,544.56,18875,0,0,0,0,0,0,0
1589,1864,36215957,37162000,22137,7933,93,7955,0,0,-18,0,-18,1,1,1,960,544.56,960,544.56,18208,0,0,0,0,0,0,0
1590,1865,37346713,37501250,22073,7933,93,7955,0,0,-18,0,-18,1,1,1,960,544.56,960,544.56,14917,0,0,0,0,0,0,0
1591,1866,39125204,38031375,22125,7934,94,7956,0,0,-18,0,-18,1,1,1,960,544.56,960,544.56,15375,0,0,0,0,0,0,0
1592,1867,37095714,38078417,22137,7933,93,7955,0,0,-18,0,-18,1,1,1,960,544.56,960,544.56,15208,0,0,0,0,0,0,0
1593,1868,39063040,39073834,22161,7933,93,7955,0,0,-18,0,-18,1,1,1,960,544.56,960,544.56,16875,0,0,0,0,0,0,0
1594,1869,48519622,45736042,24757,7933,93,7955,0,0,-18,0,-18,1,1,1,960,544.56,960,544.56,19042,0,0,0,0,0,0,0
1595,1870,49760337,52261541,22353,7933,93,7955,0,0,-18,0,-18,1,1,1,960,544.56,960,544.56,18709,0,0,0,0,0,0,0
1596,1871,55206123,53803959,22125,7933,93,7955,0,0,-18,0,-18,1,1,1,960,544.56,960,544.56,22583,0,0,0,0,0,0,0
1597,1872,65086960,66539500,22225,7933,93,7955,0,0,-18,0,-18,1,1,1,960,544.56,960,544.56,28500,0,0,0,0,0,0,0
1598,1873,72358742,70371792,22073,7933,93,7955,0,0,-18,0,-18,1,1,1,960,544.56,960,544.56,29833,0,0,0,0,0,0,0
1599,1874,66644631,68409625,22137,7933,96,7955,0,0,-18,0,-18,1,1,1,960,544.56,960,544.56,31709,0,0,0,0,0,0,0
1600,1875,61664875,60297541,22213,7933,93,7955,0,0,-18,0,-18,1,1,1,960,544.56,960,544.56,29541,0,0,0,0,0,0,0
1601,1876,63615500,65079125,22137,7933,93,7955,0,0,-18,0,-18,1,1,1,960,544.56,960,544.56,23542,0,0,0,0,0,0,0
1602,1877,73018923,69309000,22637,7933,93,7955,0,0,-18,0,-18,1,1,1,960,544.56,960,544.56,31750,0,0,0,0,0,0,0
1603,1878,60654584,64405958,22441,7933,93,7955,0,0,-18,0,-18,1,1,1,960,544.56,960,544.56,21291,0,0,0,0,0,0,0
1604,1879,57878457,55981667,22125,7933,93,7955,0,0,-18,0,-18,1,1,1,960,544.56,960,544.56,24167,0,0,0,0,0,0,0
1605,1880,55764500,57535292,22137,7933,93,7955,0,0,-18,0,-18,1,1,1,960,544.56,960,544.56,28333,0,0,0,0,0,0,0
1606,1881,59722833,58094334,22161,7934,94,7956,0,0,-18,0,-18,1,1,1,960,544.56,960,544.56,24750,0,0,0,0,0,0,0
1607,1882,54641503,56052375,22137,7933,96,7955,0,0,-18,0,-18,1,1,1,960,544.56,960,544.56,26167,0,0,0,0,0,0,0
1608,1883,55828791,54718375,22125,7933,93,7955,0,0,-18,0,-18,1,1,1,960,544.56,960,544.56,26292,0,0,0,0,0,0,0
1609,1884,48973038,50333542,22225,7933,93,7955,0,0,-18,0,-18,1,1,1,960,544.56,960,544.56,19834,0,0,0,0,0,0,0
1610,1885,53861796,52313583,22073,7933,93,7955,0,0,-18,0,-18,1,1,1,960,544.56,960,544.56,19459,0,0,0,0,0,0,0
1611,1886,51615580,51719167,22701,7933,93,7955,0,0,-18,0,-18,1,1,1,960,544.56,960,544.56,21792,0,0,0,0,0,0,0
1612,1887,46523038,47952792,22429,7933,93,7955,0,0,-18,0,-18,1,1,1,960,544.56,960,544.56,19292,0,0,0,0,0,0,0
1613,1888,45949127,44557625,22073,7933,93,7955,0,0,-18,0,-18,1,1,1,960,544.56,960,544.56,19541,0,0,0,0,0,0,0
1614,1889,42662583,44008042,22137,7933,93,7955,0,0,-18,0,-18,1,1,1,960,544.56,960,544.56,19292,0,0,0,0,0,0,0
1615,1890,43699666,43651958,22073,7933,93,7955,0,0,-18,0,-18,1,1,1,960,544.56,960,544.56,19334,0,0,0,0,0,0,0
1616,1891,41823286,40639292,22161,7933,93,7955,0,0,-18,0,-18,1,1,1,960,544.56,960,544.56,17208,0,0,0,0,0,0,0
1617,1892,36952670,38172542,22189,7933,96,7955,0,0,-18,0,-18,1,1,1,960,544.56,960,544.56,19083,0,0,0,0,0,0,0
1618,1893,33717043,33703458,22073,7933,93,7955,0,0,-18,0,-18,1,1,1,960,544.56,960,544.56,14833,0,0,0,0,0,0,0
1619,1894,35773079,34687750,22073,7933,93,7955,0,0,-18,0,-18,1,1,1,960,544.56,960,544.56,15208,0,0,0,0,0,0,0
1620,1895,33560793,34593500,22137,7933,93,7955,0,0,-18,0,-18,1,1,1,960,544.56,960,544.56,14542,0,0,0,0,0,0,0
1621,1896,34035127,34046458,22161,7934,94,7956,0,0,-18,0,-18,1,1,1,960,544.56,960,544.56,15000,0,0,0,0,0,0,0
1622,1897,34816086,33665083,22073,7933,93,7955,0,0,-18,0,-18,1,1,1,960,544.56,960,544.56,14917,0,0,0,0,0,0,0
1623,1898,32225247,33356541,22391,7933,93,7955,0,0,-18,0,-18,1,1,1,960,544.56,960,544.56,14500,0,0,0,0,0,0,0
1624,1899,34700751,33584750,22435,7933,93,7955,0,0,-18,0,-18,1,1,1,960,544.56,960,544.56,14375,0,0,0,0,0,0,0
1625,1900,33676203,33630833,22289,7933,93,7955,0,0,-18,0,-18,1,1,1,960,544.56,960,544.56,14667,0,0,0,0,0,0,0
1626,1901,32589208,33723166,22225,7933,93,7955,0,0,-18,0,-18,1,1,1,960,544.56,960,544.56,14709,0,0,0,0,0,0,0
1627,1902,33572379,33527959,22073,7933,93,7955,0,0,-18,0,-18,1,1,1,960,544.56,960,544.56,14667,0,0,0,0,0,0,0
1628,1903,34608792,33543542,22073,7933,93,7955,0,0,-18,0,-18,1,1,1,960,544.56,960,544.56,14750,0,0,0,0,0,0,0
1629,1904,32370995,33432167,22189,7933,93,7955,0,0,-18,0,-18,1,1,1,960,544.56,960,544.56,14791,0,0,0,0,0,0,0
1630,1905,36128126,36058500,22073,7933,93,7955,0,0,-18,0,-18,1,1,1,960,544.56,960,544.56,14916,0,0,0,0,0,0,0
1631,1906,34727960,33690000,22161,7933,96,7955,0,0,-18,0,-18,1,1,1,960,544.56,960,544.56,15250,0,0,0,0,0,0,0
1632,1907,32613079,33689833,22137,7933,93,7955,0,0,-18,0,-18,1,1,1,960,544.56,960,544.56,14917,0,0,0,0,0,0,0
1633,1908,35164080,35108375,22073,7933,93,7955,0,0,-18,0,-18,1,1,1,960,544.56,960,544.56,15334,0,0,0,0,0,0,0
1634,1909,36486294,35130208,22073,7933,93,7955,0,0,-18,0,-18,1,1,1,960,544.56,960,544.56,20334,0,0,0,0,0,0,0
1635,1910,34708417,35992958,22189,7933,93,7955,0,0,-18,0,-18,1,1,1,960,544.56,960,544.56,18292,0,0,0,0,0,0,0
1636,1911,37342160,37265917,22161,7934,94,7956,0,0,-18,0,-18,1,1,1,960,544.56,960,544.56,17500,0,0,0,0,0,0,0
1637,1912,38766462,37723625,22073,7933,93,7955,0,0,-18,0,-18,1,1,1,960,544.56,960,544.56,15250,0,0,0,0,0,0,0
1638,1913,37419747,37299333,22701,7933,93,7955,0,0,-18,0,-18,1,1,1,960,544.56,960,544.56,14958,0,0,0,0,0,0,0
1639,1914,36105122,37183750,22289,7933,93,7955,0,0,-18,0,-18,1,1,1,960,544.56,960,544.56,17334,0,0,0,0,0,0,0
1640,1915,36331087,35220584,22073,7933,93,7955,0,0,-18,0,-18,1,1,1,960,544.56,960,544.56,16000,0,0,0,0,0,0,0
1641,1916,38477119,39671250,22277,7933,93,7955,0,0,-18,0,-18,1,1,1,960,544.56,960,544.56,16583,0,0,0,0,0,0,0
1642,1917,43803960,43737083,22073,7933,93,7955,0,0,-18,0,-18,1,1,1,960,544.56,960,544.56,16625,0,0,0,0,0,0,0
1643,1918,60810126,58808750,22073,7933,93,7955,0,0,-18,0,-18,1,1,1,960,544.56,960,544.56,22666,0,0,0,0,0,0,0
1644,1919,72926752,74602709,22137,7933,93,7955,0,0,-18,0,-18,1,1,1,960,544.56,960,544.56,33541,0,0,0,0,0,0,0
1645,1920,71725957,69776458,22213,7933,96,7955,0,0,-18,0,-18,1,1,1,960,544.56,960,544.56,28916,0,0,0,0,0,0,0
1646,1921,69485545,71523292,22137,7933,93,7955,0,0,-18,0,-18,1,1,1,960,544.56,960,544.56,28625,0,0,0,0,0,0,0
1647,1922,72594247,68605000,22637,7933,93,7955,0,0,-18,0,-18,1,1,1,960,544.56,960,544.56,29791,0,0,0,0,0,0,0
1648,1923,64738877,68681875,22493,7933,93,7955,0,0,-18,0,-18,1,1,1,960,544.56,960,544.56,28958,0,0,0,0,0,0,0
1649,1924,58260545,56349875,22073,7933,93,7955,0,0,-18,0,-18,1,1,1,960,544.56,960,544.56,23500,0,0,0,0,0,0,0
1650,1925,48312585,50036792,22137,7933,93,7955,0,0,-18,0,-18,1,1,1,960,544.56,960,544.56,23583,0,0,0,0,0,0,0
1651,1926,46075582,46076708,22161,7934,94,7956,0,0,-18,0,-18,1,1,1,960,544.56,960,544.56,19583,0,0,0,0,0,0,0
1652,1927,50999250,49338875,22125,7933,93,7955,0,0,-18,0,-18,1,1,1,960,544.56,960,544.56,20917,0,0,0,0,0,0,0
1653,1928,43222043,45058541,22137,7933,96,7955,0,0,-18,0,-18,1,1,1,960,544.56,960,544.56,19416,0,0,0,0,0,0,0
1654,1929,44022541,43953000,22073,7933,93,7955,0,0,-18,0,-18,1,1,1,960,544.56,960,544.56,17291,0,0,0,0,0,0,0
1655,1930,48308204,46674291,22161,7933,93,7955,0,0,-18,0,-18,1,1,1,960,544.56,960,544.56,19333,0,0,0,0,0,0,0
1656,1931,45700665,47110333,22137,7933,93,7955,0,0,-18,0,-18,1,1,1,960,544.56,960,544.56,19375,0,0,0,0,0,0,0
1657,1932,48379626,47161750,22689,7933,93,7955,0,0,-18,0,-18,1,1,1,960,544.56,960,544.56,19583,0,0,0,0,0,0,0
1658,1933,47241374,47180500,22289,7933,93,7955,0,0,-18,0,-18,1,1,1,960,544.56,960,544.56,23833,0,0,0,0,0,0,0
1659,1934,45730583,47099166,22225,7933,93,7955,0,0,-18,0,-18,1,1,1,960,544.56,960,544.56,19000,0,0,0,0,0,0,0
1660,1935,50790540,50809541,22073,7933,93,7955,0,0,-18,0,-18,1,1,1,960,544.56,960,544.56,22458,0,0,0,0,0,0,0
1661,1936,50771500,49452042,22073,7933,93,7955,0,0,-18,0,-18,1,1,1,960,544.56,960,544.56,26166,0,0,0,0,0,0,0
1662,1937,45697208,46936708,22189,7933,93,7955,0,0,-18,0,-18,1,1,1,960,544.56,960,544.56,21500,0,0,0,0,0,0,0
1663,1938,43546251,43599333,22161,7933,96,7955,0,0,-18,0,-18,1,1,1,960,544.56,960,544.56,19333,0,0,0,0,0,0,0
1664,1939,41869997,40626416,22073,7933,93,7955,0,0,-18,0,-18,1,1,1,960,544.56,960,544.56,18917,0,0,0,0,0,0,0
1665,1940,36991503,38239667,22137,7933,93,7955,0,0,-18,0,-18,1,1,1,960,544.56,960,544.56,16583,0,0,0,0,0,0,0
1666,1941,37967085,37884875,22073,7934,94,7956,0,0,-18,0,-18,1,1,1,960,544.56,960,544.56,17291,0,0,0,0,0,0,0
1667,1942,37977330,36820750,22213,7933,93,7955,0,0,-18,0,-18,1,1,1,960,544.56,960,544.56,17000,0,0,0,0,0,0,0
1668,1943,35393793,36580875,22339,7933,93,7955,0,0,-18,0,-18,1,1,1,960,544.56,960,544.56,15584,0,0,0,0,0,0,0
1669,1944,38143623,36765500,22435,7933,93,7955,0,0,-18,0,-18,1,1,1,960,544.56,960,544.56,14958,0,0,0,0,0,0,0
1670,1945,40868792,40145583,22289,7933,93,7955,0,0,-18,0,-18,1,1,1,960,544.56,960,544.56,15084,0,0,0,0,0,0,0
1671,1946,38307454,40339500,22225,7933,93,7955,0,0,-18,0,-18,1,1,1,960,544.56,960,544.56,16750,0,0,0,0,0,0,0
1672,1947,42362168,42285458,22073,7933,93,7955,0,0,-18,0,-18,1,1,1,960,544.56,960,544.56,17333,0,0,0,0,0,0,0
1673,1948,46915419,45562500,22125,7933,93,7955,0,0,-18,0,-18,1,1,1,960,544.56,960,544.56,22958,0,0,0,0,0,0,0
1674,1949,55671833,56830334,22137,7933,93,7955,0,0,-18,0,-18,1,1,1,960,544.56,960,544.56,24208,0,0,0,0,0,0,0
1675,1950,57415913,55608875,22161,7933,96,7955,0,0,-18,0,-18,1,1,1,960,544.56,960,544.56,23625,0,0,0,0,0,0,0
1676,1951,65823547,67546959,22137,7933,93,7955,0,0,-18,0,-18,1,1,1,960,544.56,960,544.56,28875,0,0,0,0,0,0,0
1677,1952,64191453,62255917,22125,7933,93,7955,0,0,-18,0,-18,1,1,1,960,544.56,960,544.56,28250,0,0,0,0,0,0,0
1678,1953,55280044,57311292,22427,7933,93,7955,0,0,-18,0,-18,1,1,1,960,544.56,960,544.56,22208,0,0,0,0,0,0,0
1679,1954,59585247,55316625,22435,7933,93,7955,0,0,-18,0,-18,1,1,1,960,544.56,960,544.56,23333,0,0,0,0,0,0,0
1680,1955,53288791,57447500,22353,7933,93,7955,0,0,-18,0,-18,1,1,1,960,544.56,960,544.56,23042,0,0,0,0,0,0,0
1681,1956,57330045,55818542,22213,7934,94,7956,0,0,-18,0,-18,1,1,1,960,544.56,960,544.56,22875,0,0,0,0,0,0,0
1682,1957,54300334,55791458,22137,7933,93,7955,0,0,-18,0,-18,1,1,1,960,544.56,960,544.56,26334,0,0,0,0,0,0,0
1683,1958,60158044,58496084,22073,7933,93,7955,0,0,-18,0,-18,1,1,1,960,544.56,960,544.56,24000,0,0,0,0,0,0,0
1684,1959,48504952,49985041,22225,7933,96,7955,0,0,-18,0,-18,1,1,1,960,544.56,960,544.56,22583,0,0,0,0,0,0,0
1685,1960,48349376,48499709,22125,7933,93,7955,0,0,-18,0,-18,1,1,1,960,544.56,960,544.56,19125,0,0,0,0,0,0,0
1686,1961,49347795,47992541,22073,7933,93,7955,0,0,-18,0,-18,1,1,1,960,544.56,960,544.56,19333,0,0,0,0,0,0,0
1687,1962,45626077,46976625,22137,7933,93,7955,0,0,-18,0,-18,1,1,1,960,544.56,960,544.56,18959,0,0,0,0,0,0,0
1688,1963,51554422,49952917,22725,7933,93,7955,0,0,-18,0,-18,1,1,1,960,544.56,960,544.56,20542,0,0,0,0,0,0,0
1689,1964,50209954,49811750,22289,7933,93,7955,0,0,-18,0,-18,1,1,1,960,544.56,960,544.56,19417,0,0,0,0,0,0,0
1690,1965,53348667,55208125,22189,7933,93,7955,0,0,-18,0,-18,1,1,1,960,544.56,960,544.56,22917,0,0,0,0,0,0,0
1691,1966,56602042,55097667,22161,7933,93,7955,0,0,-18,0,-18,1,1,1,960,544.56,960,544.56,22792,0,0,0,0,0,0,0
1692,1967,54823830,56110084,22137,7933,93,7955,0,0,-18,0,-18,1,1,1,960,544.56,960,544.56,23584,0,0,0,0,0,0,0
1693,1968,56926585,55545042,22073,7933,93,7955,0,0,-18,0,-18,1,1,1,960,544.56,960,544.56,23333,0,0,0,0,0,0,0
1694,1969,52856165,54447500,22277,7933,96,7955,0,0,-18,0,-18,1,1,1,960,544.56,960,544.56,23291,0,0,0,0,0,0,0
1695,1970,57981625,56403583,22073,7933,93,7955,0,0,-18,0,-18,1,1,1,960,544.56,960,544.56,25459,0,0,0,0,0,0,0
1696,1971,50444290,51859375,22137,7934,94,7956,0,0,-18,0,-18,1,1,1,960,544.56,960,544.56,19791,0,0,0,0,0,0,0
1697,1972,49846131,48714000,22363,7933,93,7955,0,0,-18,0,-18,1,1,1,960,544.56,960,544.56,19917,0,0,0,0,0,0,0
1698,1973,44747661,44522708,22551,7933,93,7955,0,0,-18,0,-18,1,1,1,960,544.56,960,544.56,19833,0,0,0,0,0,0,0
1699,1974,42509503,44012792,22289,7933,93,7955,0,0,-18,0,-18,1,1,1,960,544.56,960,544.56,19292,0,0,0,0,0,0,0
1700,1975,44423334,43201958,22073,7933,93,7955,0,0,-18,0,-18,1,1,1,960,544.56,960,544.56,18875,0,0,0,0,0,0,0
1701,1976,36726288,37899667,22225,7933,93,7955,0,0,-18,0,-18,1,1,1,960,544.56,960,544.56,16375,0,0,0,0,0,0,0
1702,1977,38393545,38372458,22073,7933,93,7955,0,0,-18,0,-18,1,1,1,960,544.56,960,544.56,16625,0,0,0,0,0,0,0
1703,1978,40832623,39485500,22125,7933,93,7955,0,0,-18,0,-18,1,1,1,960,544.56,960,544.56,16958,0,0,0,0,0,0,0
1704,1979,35437457,36712375,22137,7933,96,7955,0,0,-18,0,-18,1,1,1,960,544.56,960,544.56,15709,0,0,0,0,0,0,0
1705,1980,37757206,37851208,22161,7933,93,7955,0,0,-18,0,-18,1,1,1,960,544.56,960,544.56,18083,0,0,0,0,0,0,0
1706,1981,35473752,34265500,22073,7933,93,7955,0,0,-18,0,-18,1,1,1,960,544.56,960,544.56,15167,0,0,0,0,0,0,0
1707,1982,36334581,37486625,22137,7933,93,7955,0,0,-18,0,-18,1,1,1,960,544.56,960,544.56,14666,0,0,0,0,0,0,0
1708,1983,41622497,41517458,22073,7933,93,7955,0,0,-18,0,-18,1,1,1,960,544.56,960,544.56,18750,0,0,0,0,0,0,0
1709,1984,44713627,42900708,22415,7933,93,7955,0,0,-18,0,-18,1,1,1,960,544.56,960,544.56,16833,0,0,0,0,0,0,0
1710,1985,44136747,44581208,22499,7933,93,7955,0,0,-18,0,-18,1,1,1,960,544.56,960,544.56,19292,0,0,0,0,0,0,0
1711,1986,52557505,53853250,22289,7934,94,7956,0,0,-18,0,-18,1,1,1,960,544.56,960,544.56,22542,0,0,0,0,0,0,0
1712,1987,65334163,63118375,22073,7933,93,7955,0,0,-18,0,-18,1,1,1,960,544.56,960,544.56,27209,0,0,0,0,0,0,0
1713,1988,66359288,68427167,22277,7933,93,7955,0,0,-18,0,-18,1,1,1,960,544.56,960,544.56,29459,0,0,0,0,0,0,0
1714,1989,75542330,73421250,22073,7933,93,7955,0,0,-18,0,-18,1,1,1,960,544.56,960,544.56,30125,0,0,0,0,0,0,0
1715,1990,61970628,63856792,22137,7933,96,7955,0,0,-18,0,-18,1,1,1,960,544.56,960,544.56,28625,0,0,0,0,0,0,0
1716,1991,58499250,57026125,22213,7933,93,7955,0,0,-18,0,-18,1,1,1,960,544.56,960,544.56,27208,0,0,0,0,0,0,0
1717,1992,50470415,52135500,22137,7933,93,7955,0,0,-18,0,-18,1,1,1,960,544.56,960,544.56,23709,0,0,0,0,0,0,0
1718,1993,46788334,46778666,22275,7933,93,7955,0,0,-18,0,-18,1,1,1,960,544.56,960,544.56,20042,0,0,0,0,0,0,0
1719,1994,49154706,46858500,22523,7933,93,7955,0,0,-18,0,-18,1,1,1,960,544.56,960,544.56,19042,0,0,0,0,0,0,0
1720,1995,43210081,45534084,22405,7933,93,7955,0,0,-18,0,-18,1,1,1,960,544.56,960,544.56,23041,0,0,0,0,0,0,0
1721,1996,47254960,47235042,22073,7933,93,7955,0,0,-18,0,-18,1,1,1,960,544.56,960,544.56,23750,0,0,0,0,0,0,0
1722,1997,47835081,46340916,22073,7933,93,7955,0,0,-18,0,-18,1,1,1,960,544.56,960,544.56,19417,0,0,0,0,0,0,0
1723,1998,49107164,50565667,22225,7933,93,7955,0,0,-18,0,-18,1,1,1,960,544.56,960,544.56,22667,0,0,0,0,0,0,0
1724,1999,46833042,46809792,22073,7933,96,7955,0,0,-18,0,-18,1,1,1,960,544.56,960,544.56,19666,0,0,0,0,0,0,0
1725,2000,46851083,45482000,22125,7933,93,7955,0,0,-18,0,-18,1,1,1,960,544.56,960,544.56,19375,0,0,0,0,0,0,0
1726,2001,44457290,45723958,22137,7934,94,7956,0,0,-18,0,-18,1,1,1,960,544.56,960,544.56,19375,0,0,0,0,0,0,0
1727,2002,46192333,46254166,22161,7933,93,7955,0,0,-18,0,-18,1,1,1,960,544.56,960,544.56,26584,0,0,0,0,0,0,0
1728,2003,46888712,45567167,22073,7933,93,7955,0,0,-18,0,-18,1,1,1,960,544.56,960,544.56,18500,0,0,0,0,0,0,0
1729,2004,46574831,46178458,22701,7933,93,7955,0,0,-18,0,-18,1,1,1,960,544.56,960,544.56,19708,0,0,0,0,0,0,0
1730,2005,44540129,46119708,22341,7933,93,7955,0,0,-18,0,-18,1,1,1,960,544.56,960,544.56,20042,0,0,0,0,0,0,0
1731,2006,49178954,47895792,22161,7933,93,7955,0,0,-18,0,-18,1,1,1,960,544.56,960,544.56,23875,0,0,0,0,0,0,0
1732,2007,50654295,51901750,22137,7933,93,7955,0,0,-18,0,-18,1,1,1,960,544.56,960,544.56,35708,0,0,0,0,0,0,0
1733,2008,57265121,55011583,22073,7933,93,7955,0,0,-18,0,-18,1,1,1,960,544.56,960,544.56,28708,0,0,0,0,0,0,0
1734,2009,53877253,55945500,22277,7933,93,7955,0,0,-18,0,-18,1,1,1,960,544.56,960,544.56,23458,0,0,0,0,0,0,0
1735,2010,46838454,45749000,22073,7933,96,7955,0,0,-18,0,-18,1,1,1,960,544.56,960,544.56,19167,0,0,0,0,0,0,0
1736,2011,42708333,43985209,22137,7933,93,7955,0,0,-18,0,-18,1,1,1,960,544.56,960,544.56,19125,0,0,0,0,0,0,0
1737,2012,40697291,40678500,22073,7933,93,7955,0,0,-18,0,-18,1,1,1,960,544.56,960,544.56,19250,0,0,0,0,0,0,0
1738,2013,39294995,38122250,22161,7933,93,7955,0,0,-18,0,-18,1,1,1,960,544.56,960,544.56,16958,0,0,0,0,0,0,0
1739,2014,35825170,37050416,22391,7933,93,7955,0,0,-18,0,-18,1,1,1,960,544.56,960,544.56,16292,0,0,0,0,0,0,0
1740,2015,34859836,33757583,22073,7933,93,7955,0,0,-18,0,-18,1,1,1,960,544.56,960,544.56,14375,0,0,0,0,0,0,0
1741,2016,33424913,33429125,22651,7934,94,7956,0,0,-18,0,-18,1,1,1,960,544.56,960,544.56,14542,0,0,0,0,0,0,0
1742,2017,32249078,33230541,22137,7933,93,7955,0,0,-18,0,-18,1,1,1,960,544.56,960,544.56,15208,0,0,0,0,0,0,0
1743,2018,33704087,33764041,22161,7933,93,7955,0,0,-18,0,-18,1,1,1,960,544.56,960,544.56,14625,0,0,0,0,0,0,0
1744,2019,34528166,33426250,22073,7933,93,7955,0,0,-18,0,-18,1,1,1,960,544.56,960,544.56,14833,0,0,0,0,0,0,0
1745,2020,32451748,33519334,22189,7933,93,7955,0,0,-18,0,-18,1,1,1,960,544.56,960,544.56,14584,0,0,0,0,0,0,0
1746,2021,33507540,33474208,22073,7933,93,7955,0,0,-18,0,-18,1,1,1,960,544.56,960,544.56,14750,0,0,0,0,0,0,0
1747,2022,36811083,35702334,22073,7933,93,7955,0,0,-18,0,-18,1,1,1,960,544.56,960,544.56,15792,0,0,0,0,0,0,0
1748,2023,31652204,32747709,22225,7933,96,7955,0,0,-18,0,-18,1,1,1,960,544.56,960,544.56,14625,0,0,0,0,0,0,0
1749,2024,30521294,30520791,22073,7933,93,7955,0,0,-18,0,-18,1,1,1,960,544.56,960,544.56,13084,0,0,0,0,0,0,0
1750,2025,30911542,30900667,22073,7933,93,7955,0,0,-18,0,-18,1,1,1,960,544.56,960,544.56,13208,0,0,0,0,0,0,0
1751,2026,31406626,30378625,22073,7933,93,7955,0,0,-18,0,-18,1,1,1,960,544.56,960,544.56,13209,0,0,0,0,0,0,0
1752,2027,29461622,30408625,22189,7933,93,7955,0,0,-18,0,-18,1,1,1,960,544.56,960,544.56,13333,0,0,0,0,0,0,0
1753,2028,31188420,31238583,22161,7933,93,7955,0,0,-18,0,-18,1,1,1,960,544.56,960,544.56,13250,0,0,0,0,0,0,0
1754,2029,34584332,34487666,22073,7933,93,7955,0,0,-18,0,-18,1,1,1,960,544.56,960,544.56,19209,0,0,0,0,0,0,0
1755,2030,38346584,37196958,22275,7933,93,7955,0,0,-18,0,-18,1,1,1,960,544.56,960,544.56,15709,0,0,0,0,0,0,0
1756,2031,37595413,37497250,22499,7934,94,7956,0,0,-18,0,-18,1,1,1,960,544.56,960,544.56,14750,0,0,0,0,0,0,0
1757,2032,37144664,38099875,22289,7933,93,7955,0,0,-18,0,-18,1,1,1,960,544.56,960,544.56,18458,0,0,0,0,0,0,0
1758,2033,39268586,38353042,22213,7933,93,7955,0,0,-18,0,-18,1,1,1,960,544.56,960,544.56,16417,0,0,0,0,0,0,0
1759,2034,38923539,39960958,22137,7933,93,7955,0,0,-18,0,-18,1,1,1,960,544.56,960,544.56,17625,0,0,0,0,0,0,0
1760,2035,45881744,45865750,22073,7933,93,7955,0,0,-18,0,-18,1,1,1,960,544.56,960,544.56,17666,0,0,0,0,0,0,0
1761,2036,68645581,66372375,22073,7933,93,7955,0,0,-18,0,-18,1,1,1,960,544.56,960,544.56,28167,0,0,0,0,0,0,0
1762,2037,66590711,68708583,22225,7933,96,7955,0,0,-18,0,-18,1,1,1,960,544.56,960,544.56,28500,0,0,0,0,0,0,0
1763,2038,75230829,72047917,22125,7933,93,7955,0,0,-18,0,-18,1,1,1,960,544.56,960,544.56,29750,0,0,0,0,0,0,0
1764,2039,60658957,63690917,22137,7933,93,7955,0,0,-18,0,-18,1,1,1,960,544.56,960,544.56,20625,0,0,0,0,0,0,0
1765,2040,74792549,70733917,22725,7933,93,7955,0,0,-18,0,-18,1,1,1,960,544.56,960,544.56,28750,0,0,0,0,0,0,0
1766,2041,60088079,64126667,22405,7933,93,7955,0,0,-18,0,-18,1,1,1,960,544.56,960,544.56,28542,0,0,0,0,0,0,0
1767,2042,56952297,55061625,22073,7933,93,7955,0,0,-18,0,-18,1,1,1,960,544.56,960,544.56,26667,0,0,0,0,0,0,0
1768,2043,46744041,48546000,22225,7933,93,7955,0,0,-18,0,-18,1,1,1,960,544.56,960,544.56,19292,0,0,0,0,0,0,0
1769,2044,51357999,51362833,22073,7933,93,7955,0,0,-18,0,-18,1,1,1,960,544.56,960,544.56,21417,0,0,0,0,0,0,0
1770,2045,50205994,48804125,22125,7933,96,7955,0,0,-18,0,-18,1,1,1,960,544.56,960,544.56,19167,0,0,0,0,0,0,0
1771,2046,46765957,47976792,22137,7934,94,7956,0,0,-18,0,-18,1,1,1,960,544.56,960,544.56,22166,0,0,0,0,0,0,0
1772,2047,47710210,47973375,22161,7933,93,7955,0,0,-18,0,-18,1,1,1,960,544.56,960,544.56,25125,0,0,0,0,0,0,0
1773,2048,56514583,54909125,22073,7933,93,7955,0,0,-18,0,-18,1,1,1,960,544.56,960,544.56,23333,0,0,0,0,0,0,0
1774,2049,53779501,53621666,22701,7933,93,7955,0,0,-18,0,-18,1,1,1,960,544.56,960,544.56,24167,0,0,0,0,0,0,0
1775,2050,53668502,53784208,22429,7933,93,7955,0,0,-18,0,-18,1,1,1,960,544.56,960,544.56,22416,0,0,0,0,0,0,0
1776,2051,54399915,55606750,22137,7933,93,7955,0,0,-18,0,-18,1,1,1,960,544.56,960,544.56,26333,0,0,0,0,0,0,0
1777,2052,57957667,56320208,22073,7933,93,7955,0,0,-18,0,-18,1,1,1,960,544.56,960,544.56,23166,0,0,0,0,0,0,0
1778,2053,59384997,60926584,22225,7933,93,7955,0,0,-18,0,-18,1,1,1,960,544.56,960,544.56,25541,0,0,0,0,0,0,0
1779,2054,57646207,56010916,22125,7933,96,7955,0,0,-18,0,-18,1,1,1,960,544.56,960,544.56,23125,0,0,0,0,0,0,0
1780,2055,51466502,53287500,22137,7933,93,7955,0,0,-18,0,-18,1,1,1,960,544.56,960,544.56,22416,0,0,0,0,0,0,0
1781,2056,51737330,50509042,22161,7933,93,7955,0,0,-18,0,-18,1,1,1,960,544.56,960,544.56,23250,0,0,0,0,0,0,0
1782,2057,43450459,44763959,22137,7933,93,7955,0,0,-18,0,-18,1,1,1,960,544.56,960,544.56,19042,0,0,0,0,0,0,0
1783,2058,41645918,41656542,22327,7933,93,7955,0,0,-18,0,-18,1,1,1,960,544.56,960,544.56,18542,0,0,0,0,0,0,0
1784,2059,40187202,38062833,22435,7933,93,7955,0,0,-18,0,-18,1,1,1,960,544.56,960,544.56,16958,0,0,0,0,0,0,0
1785,2060,32850086,34974791,22441,7933,93,7955,0,0,-18,0,-18,1,1,1,960,544.56,960,544.56,14417,0,0,0,0,0,0,0
1786,2061,33734664,33739333,22073,7934,94,7956,0,0,-18,0,-18,1,1,1,960,544.56,960,544.56,15000,0,0,0,0,0,0,0
1787,2062,34644670,33526542,22073,7933,93,7955,0,0,-18,0,-18,1,1,1,960,544.56,960,544.56,15125,0,0,0,0,0,0,0
1788,2063,32519828,33591583,22137,7933,93,7955,0,0,-18,0,-18,1,1,1,960,544.56,960,544.56,14875,0,0,0,0,0,0,0
1789,2064,33590957,33518625,22125,7933,93,7955,0,0,-18,0,-18,1,1,1,960,544.56,960,544.56,15167,0,0,0,0,0,0,0
1790,2065,36855045,35812667,22161,7933,93,7955,0,0,-18,0,-18,1,1,1,960,544.56,960,544.56,15916,0,0,0,0,0,0,0
1791,2066,32915581,33976333,22137,7933,96,7955,0,0,-18,0,-18,1,1,1,960,544.56,960,544.56,14500,0,0,0,0,0,0,0
1792,2067,33535588,33551375,22073,7933,93,7955,0,0,-18,0,-18,1,1,1,960,544.56,960,544.56,15083,0,0,0,0,0,0,0
1793,2068,30223291,30197375,22073,7933,93,7955,0,0,-18,0,-18,1,1,1,960,544.56,960,544.56,13542,0,0,0,0,0,0,0
1794,2069,32899703,31864541,22073,7933,93,7955,0,0,-18,0,-18,1,1,1,960,544.56,960,544.56,13625,0,0,0,0,0,0,0
1795,2070,32772839,33667375,22225,7933,93,7955,0,0,-18,0,-18,1,1,1,960,544.56,960,544.56,15083,0,0,0,0,0,0,0
1796,2071,35431958,35517666,22125,7933,93,7955,0,0,-18,0,-18,1,1,1,960,544.56,960,544.56,13666,0,0,0,0,0,0,0
1797,2072,40174495,39042834,22073,7933,93,7955,0,0,-18,0,-18,1,1,1,960,544.56,960,544.56,15417,0,0,0,0,0,0,0
1798,2073,38914419,38219083,22339,7933,93,7955,0,0,-18,0,-18,1,1,1,960,544.56,960,544.56,15625,0,0,0,0,0,0,0
1799,2074,35067077,36630958,22651,7933,93,7955,0,0,-18,0,-18,1,1,1,960,544.56,960,544.56,14583,0,0,0,0,0,0,0
