frame_index,read_frame_count,unscaled_delta_ns,main_thread_ns,gc_alloc_bytes,batches,set_pass_calls,draw_calls,engine_controller_update_ns,intended_cell_x,intended_cell_y,actual_cell_x,actual_cell_y,cell_match,input_checked,mouse_is_virtual,injected_x,injected_y,read_x,read_y,tnd_bench_t1_hover_ns,tnd_bench_t1_reclassify_ns,tnd_bench_t1_hoveredborder_ns,tnd_bench_t1_hoveredborderrebuild_ns,tnd_bench_t1_modeenter_ns,tnd_bench_t1_conquerui_ns,tnd_bench_s0_hover_ns,tnd_bench_s0_rebuild_ns
0,275,54639209,35813542,112683,7933,93,7955,0,-17,-18,-17,-18,1,1,1,182.86,230.19,182.86,230.19,397417,0,376166,373166,0,0,0,0
1,276,37008296,35504834,22073,7934,94,7956,0,-17,-18,-17,-18,1,1,1,182.86,230.19,182.86,230.19,49667,0,0,0,0,0,0,0
2,277,38916580,40390292,22225,7933,93,7955,0,-17,-18,-17,-18,1,1,1,182.86,230.19,182.86,230.19,42000,0,0,0,0,0,0,0
3,278,45389123,45376334,22125,7933,93,7955,0,-17,-18,-17,-18,1,1,1,182.86,230.19,182.86,230.19,46792,0,0,0,0,0,0,0
4,279,66257245,62394708,207821,7933,93,7955,0,-17,-18,-17,-18,1,1,1,182.86,230.19,182.86,230.19,65834,0,0,0,0,0,0,0
5,280,61532836,65171042,22441,7933,93,7955,0,-17,-18,-17,-18,1,1,1,182.86,230.19,182.86,230.19,62042,0,0,0,0,0,0,0
6,281,72560086,70504542,22073,7933,93,7955,0,-17,-18,-17,-18,1,1,1,182.86,230.19,182.86,230.19,69417,0,0,0,0,0,0,0
7,282,64974039,66964625,22189,7933,96,7955,0,-17,-18,-17,-18,1,1,1,182.86,230.19,182.86,230.19,64459,0,0,0,0,0,0,0
8,283,59838626,58380500,22161,7933,93,7955,0,-17,-18,-17,-18,1,1,1,182.86,230.19,182.86,230.19,70709,0,0,0,0,0,0,0
9,284,55276997,56806416,22137,7933,93,7955,0,-17,-18,-17,-18,1,1,1,182.86,230.19,182.86,230.19,101917,0,0,0,0,0,0,0
10,285,56685671,55318125,22073,7933,93,7955,0,-17,-18,-17,-18,1,1,1,182.86,230.19,182.86,230.19,56333,0,0,0,0,0,0,0
11,286,48157498,49567750,22277,7933,93,7955,0,-17,-18,-17,-18,1,1,1,182.86,230.19,182.86,230.19,52875,0,0,0,0,0,0,0
12,287,47093458,47019500,22073,7933,93,7955,0,-16,-18,-16,-18,1,1,1,228.57,258.09,228.57,258.09,42250,0,0,0,0,0,0,0
13,288,50908915,48148042,22637,7933,93,7955,0,-16,-18,-16,-18,1,1,1,228.57,258.09,228.57,258.09,46834,0,0,0,0,0,0,0
14,289,43929003,46622500,22353,7933,93,7955,0,-16,-18,-16,-18,1,1,1,228.57,258.09,228.57,258.09,53958,0,0,0,0,0,0,0
15,290,51187243,51251708,22161,7933,93,7955,0,-16,-18,-16,-18,1,1,1,228.57,258.09,228.57,258.09,62917,0,0,0,0,0,0,0
16,291,46947129,45636584,22125,7934,97,7956,0,-16,-18,-16,-18,1,1,1,228.57,258.09,228.57,258.09,51334,0,0,0,0,0,0,0
17,292,44605918,45893958,22137,7933,93,7955,0,-16,-18,-16,-18,1,1,1,228.57,258.09,228.57,258.09,46958,0,0,0,0,0,0,0
18,293,53568538,53400208,22073,7933,93,7955,0,-16,-18,-16,-18,1,1,1,228.57,258.09,228.57,258.09,48750,0,0,0,0,0,0,0
19,294,59885170,57727000,22161,7933,93,7955,0,-16,-18,-16,-18,1,1,1,228.57,258.09,228.57,258.09,90334,0,0,0,0,0,0,0
20,295,66240578,68272833,22189,7933,93,7955,0,-16,-18,-16,-18,1,1,1,228.57,258.09,228.57,258.09,68375,0,0,0,0,0,0,0
21,296,71055874,68930542,22073,7933,93,7955,0,-16,-18,-16,-18,1,1,1,228.57,258.09,228.57,258.09,63709,0,0,0,0,0,0,0
22,297,63148707,63500667,22789,7933,93,7955,0,-16,-18,-16,-18,1,1,1,228.57,258.09,228.57,258.09,67208,0,0,0,0,0,0,0
23,298,54085545,54333083,22341,7933,93,7955,0,-16,-18,-16,-18,1,1,1,228.57,258.09,228.57,258.09,55500,0,0,0,0,0,0,0
24,299,55487621,56975166,22137,7933,93,7955,0,-15,-18,-15,-18,1,1,1,274.29,285.43,274.29,285.43,68500,0,0,0,0,0,0,0
25,300,54689336,53208250,22161,7933,96,7955,0,-15,-18,-15,-18,1,1,1,274.29,285.43,274.29,285.43,66208,0,0,0,0,0,0,0
26,301,46981003,48481667,22137,7933,93,7955,0,-15,-18,-15,-18,1,1,1,274.29,285.43,274.29,285.43,66084,0,0,0,0,0,0,0
27,302,45923959,45971125,22125,7933,93,7955,0,-15,-18,-15,-18,1,1,1,274.29,285.43,274.29,285.43,67375,0,0,0,0,0,0,0
28,303,48776663,47420625,22073,7933,93,7955,0,-15,-18,-15,-18,1,1,1,274.29,285.43,274.29,285.43,66042,0,0,0,0,0,0,0
29,304,46181712,47406625,22225,7933,93,7955,0,-15,-18,-15,-18,1,1,1,274.29,285.43,274.29,285.43,47209,0,0,0,0,0,0,0
30,305,49512080,49589792,22073,7933,93,7955,0,-15,-18,-15,-18,1,1,1,274.29,285.43,274.29,285.43,47417,0,0,0,0,0,0,0
31,306,60947582,57214083,22637,7934,94,7956,0,-15,-18,-15,-18,1,1,1,274.29,285.43,274.29,285.43,61209,0,0,0,0,0,0,0
32,307,59832666,63347625,22493,7933,93,7955,0,-15,-18,-15,-18,1,1,1,274.29,285.43,274.29,285.43,66583,0,0,0,0,0,0,0
33,308,68654127,66669417,22073,7933,93,7955,0,-15,-18,-15,-18,1,1,1,274.29,285.43,274.29,285.43,72458,0,0,0,0,0,0,0
34,309,71874581,73213667,22137,7933,93,7955,0,-15,-18,-15,-18,1,1,1,274.29,285.43,274.29,285.43,79875,0,0,0,0,0,0,0
35,310,71755453,70365042,22213,7933,96,7955,0,-15,-18,-15,-18,1,1,1,274.29,285.43,274.29,285.43,72000,0,0,0,0,0,0,0
36,311,62222462,64178250,22137,7933,93,7955,0,-14,-18,-14,-18,1,1,1,320,311.82,320,311.82,70750,0,0,0,0,0,0,0
37,312,57848874,56274041,22073,7933,93,7955,0,-14,-18,-14,-18,1,1,1,320,311.82,320,311.82,30583,0,0,0,0,0,0,0
38,313,50825331,52470209,22225,7933,93,7955,0,-14,-18,-14,-18,1,1,1,320,311.82,320,311.82,26083,0,0,0,0,0,0,0
39,314,48351496,47079458,22689,7933,93,7955,0,-14,-18,-14,-18,1,1,1,320,311.82,320,311.82,22458,0,0,0,0,0,0,0
40,315,46121250,46058000,22289,7933,93,7955,0,-14,-18,-14,-18,1,1,1,320,311.82,320,311.82,21625,0,0,0,0,0,0,0
41,316,45431584,46496958,22137,7933,93,7955,0,-14,-18,-14,-18,1,1,1,320,311.82,320,311.82,21791,0,0,0,0,0,0,0
42,317,50101373,50330792,22161,7933,93,7955,0,-14,-18,-14,-18,1,1,1,320,311.82,320,311.82,23375,0,0,0,0,0,0,0
43,318,46086456,44672625,22073,7933,96,7955,0,-14,-18,-14,-18,1,1,1,320,311.82,320,311.82,21958,0,0,0,0,0,0,0
44,319,44771585,46143583,22189,7933,93,7955,0,-14,-18,-14,-18,1,1,1,320,311.82,320,311.82,21625,0,0,0,0,0,0,0
45,320,46738252,46668791,22073,7933,93,7955,0,-14,-18,-14,-18,1,1,1,320,311.82,320,311.82,21542,0,0,0,0,0,0,0
46,321,48976417,47730125,22161,7934,94,7956,0,-14,-18,-14,-18,1,1,1,320,311.82,320,311.82,22375,0,0,0,0,0,0,0
47,322,46844210,47898250,22137,7933,93,7955,0,-14,-18,-14,-18,1,1,1,320,311.82,320,311.82,21958,0,0,0,0,0,0,0
48,323,46139411,46194375,22073,7933,93,7955,0,-13,-18,-13,-18,1,1,1,365.71,336.6,365.71,336.6,23208,0,0,0,0,0,0,0
49,324,47229081,45840666,22125,7933,93,7955,0,-13,-18,-13,-18,1,1,1,365.71,336.6,365.71,336.6,22750,0,0,0,0,0,0,0
50,325,44526502,44574291,22789,7933,93,7955,0,-13,-18,-13,-18,1,1,1,365.71,336.6,365.71,336.6,22334,0,0,0,0,0,0,0
51,326,42983334,44325209,22289,7933,93,7955,0,-13,-18,-13,-18,1,1,1,365.71,336.6,365.71,336.6,21792,0,0,0,0,0,0,0
52,327,42284503,41200959,22073,7933,93,7955,0,-13,-18,-13,-18,1,1,1,365.71,336.6,365.71,336.6,22208,0,0,0,0,0,0,0
53,328,41026085,42127250,22137,7933,93,7955,0,-13,-18,-13,-18,1,1,1,365.71,336.6,365.71,336.6,20417,0,0,0,0,0,0,0
54,329,38078911,38121125,22213,7933,96,7955,0,-13,-18,-13,-18,1,1,1,365.71,336.6,365.71,336.6,19042,0,0,0,0,0,0,0
55,330,39139837,38093291,22073,7933,93,7955,0,-13,-18,-13,-18,1,1,1,365.71,336.6,365.71,336.6,19916,0,0,0,0,0,0,0
56,331,33081829,34131917,22137,7933,93,7955,0,-13,-18,-13,-18,1,1,1,365.71,336.6,365.71,336.6,19958,0,0,0,0,0,0,0
57,332,33756293,33752792,22073,7933,93,7955,0,-13,-18,-13,-18,1,1,1,365.71,336.6,365.71,336.6,16542,0,0,0,0,0,0,0
58,333,34769665,33607583,22073,7933,93,7955,0,-13,-18,-13,-18,1,1,1,365.71,336.6,365.71,336.6,16917,0,0,0,0,0,0,0
59,334,32325625,33440000,22225,7933,93,7955,0,-13,-18,-13,-18,1,1,1,365.71,336.6,365.71,336.6,17291,0,0,0,0,0,0,0
60,335,33702295,33684708,22125,7933,93,7955,0,-12,-18,-12,-18,1,1,1,411.43,359.32,411.43,359.32,16875,0,0,0,0,0,0,0
61,336,34994203,33931625,22073,7934,94,7956,0,-12,-18,-12,-18,1,1,1,411.43,359.32,411.43,359.32,17625,0,0,0,0,0,0,0
62,337,32355166,33384125,22137,7933,93,7955,0,-12,-18,-12,-18,1,1,1,411.43,359.32,411.43,359.32,16917,0,0,0,0,0,0,0
63,338,33396001,33363125,22073,7933,93,7955,0,-12,-18,-12,-18,1,1,1,411.43,359.32,411.43,359.32,17041,0,0,0,0,0,0,0
64,339,35288874,33436458,22725,7933,93,7955,0,-12,-18,-12,-18,1,1,1,411.43,359.32,411.43,359.32,16917,0,0,0,0,0,0,0
65,340,31637627,33492125,22353,7933,93,7955,0,-12,-18,-12,-18,1,1,1,411.43,359.32,411.43,359.32,16916,0,0,0,0,0,0,0
66,341,33703502,33686084,22125,7933,93,7955,0,-12,-18,-12,-18,1,1,1,411.43,359.32,411.43,359.32,17500,0,0,0,0,0,0,0
67,342,34470126,33499625,22073,7933,93,7955,0,-12,-18,-12,-18,1,1,1,411.43,359.32,411.43,359.32,17250,0,0,0,0,0,0,0
68,343,32753869,33653500,22137,7933,93,7955,0,-12,-18,-12,-18,1,1,1,411.43,359.32,411.43,359.32,21375,0,0,0,0,0,0,0
69,344,30306709,30367708,22161,7933,96,7955,0,-12,-18,-12,-18,1,1,1,411.43,359.32,411.43,359.32,15291,0,0,0,0,0,0,0
70,345,30507462,30446041,22073,7933,93,7955,0,-12,-18,-12,-18,1,1,1,411.43,359.32,411.43,359.32,15958,0,0,0,0,0,0,0
71,346,31097704,30128292,22073,7933,93,7955,0,-12,-18,-12,-18,1,1,1,411.43,359.32,411.43,359.32,15334,0,0,0,0,0,0,0
72,347,29204089,30141583,22137,7933,93,7955,0,-11,-18,-11,-18,1,1,1,457.14,380.06,457.14,380.06,14917,0,0,0,0,0,0,0
73,348,33109411,33099084,22125,7933,93,7955,0,-11,-18,-11,-18,1,1,1,457.14,380.06,457.14,380.06,16750,0,0,0,0,0,0,0
74,349,32592128,32586625,33203,7933,93,7955,0,-11,-18,-11,-18,1,1,1,457.14,380.06,457.14,380.06,15167,0,0,0,0,0,0,0
75,350,34160543,33116042,22073,7933,93,7955,0,-11,-18,-11,-18,1,1,1,457.14,380.06,457.14,380.06,15125,0,0,0,0,0,0,0
76,351,32371833,33387292,22137,7934,94,7956,0,-11,-18,-11,-18,1,1,1,457.14,380.06,457.14,380.06,16083,0,0,0,0,0,0,0
77,352,36017622,36026375,22073,7933,93,7955,0,-11,-18,-11,-18,1,1,1,457.14,380.06,457.14,380.06,18125,0,0,0,0,0,0,0
78,353,38051664,36303667,22073,7933,93,7955,0,-11,-18,-11,-18,1,1,1,457.14,380.06,457.14,380.06,17833,0,0,0,0,0,0,0
79,354,35535253,36131458,22841,7933,93,7955,0,-11,-18,-11,-18,1,1,1,457.14,380.06,457.14,380.06,17250,0,0,0,0,0,0,0
80,355,38235791,39247292,22289,7933,93,7955,0,-11,-18,-11,-18,1,1,1,457.14,380.06,457.14,380.06,17000,0,0,0,0,0,0,0
81,356,38581456,36998250,22073,7933,93,7955,0,-11,-18,-11,-18,1,1,1,457.14,380.06,457.14,380.06,21083,0,0,0,0,0,0,0
82,357,41519459,42944125,22137,7933,93,7955,0,-11,-18,-11,-18,1,1,1,457.14,380.06,457.14,380.06,19000,0,0,0,0,0,0,0
83,358,41693501,41790542,22161,7933,96,7955,0,-11,-18,-11,-18,1,1,1,457.14,380.06,457.14,380.06,17833,0,0,0,0,0,0,0
84,359,52701205,50673667,22073,7933,93,7955,0,-10,-18,-10,-18,1,1,1,502.86,399.44,502.86,399.44,23709,0,0,0,0,0,0,0
85,360,63613876,65247041,22189,7933,93,7955,0,-10,-18,-10,-18,1,1,1,502.86,399.44,502.86,399.44,26625,0,0,0,0,0,0,0
86,361,70357836,68401583,22161,7933,93,7955,0,-10,-18,-10,-18,1,1,1,502.86,399.44,502.86,399.44,33792,0,0,0,0,0,0,0
87,362,68992123,71119417,22137,7933,93,7955,0,-10,-18,-10,-18,1,1,1,502.86,399.44,502.86,399.44,33541,0,0,0,0,0,0,0
88,363,71429006,67294208,22689,7933,93,7955,0,-10,-18,-10,-18,1,1,1,502.86,399.44,502.86,399.44,35375,0,0,0,0,0,0,0
89,364,65169371,68978500,22441,7933,93,7955,0,-10,-18,-10,-18,1,1,1,502.86,399.44,502.86,399.44,38084,0,0,0,0,0,0,0
90,365,60925170,59181625,22073,7933,93,7955,0,-10,-18,-10,-18,1,1,1,502.86,399.44,502.86,399.44,34167,0,0,0,0,0,0,0
91,366,55404704,57362000,22137,7934,94,7956,0,-10,-18,-10,-18,1,1,1,502.86,399.44,502.86,399.44,29500,0,0,0,0,0,0,0
92,367,49147915,47939750,22213,7933,96,7955,0,-10,-18,-10,-18,1,1,1,502.86,399.44,502.86,399.44,23167,0,0,0,0,0,0,0
93,368,45690044,46994250,22137,7933,93,7955,0,-10,-18,-10,-18,1,1,1,502.86,399.44,502.86,399.44,22792,0,0,0,0,0,0,0
94,369,48225205,48153334,22073,7933,93,7955,0,-10,-18,-10,-18,1,1,1,502.86,399.44,502.86,399.44,27792,0,0,0,0,0,0,0
95,370,47423582,45761250,22073,7933,93,7955,0,-10,-18,-10,-18,1,1,1,502.86,399.44,502.86,399.44,22750,0,0,0,0,0,0,0
96,371,52475292,54004209,22225,7933,93,7955,0,-9,-18,-9,-18,1,1,1,548.57,418.39,548.57,418.39,23209,0,0,0,0,0,0,0
97,372,56347422,54888584,22125,7933,93,7955,0,-9,-18,-9,-18,1,1,1,548.57,418.39,548.57,418.39,26916,0,0,0,0,0,0,0
98,373,56122668,55357084,22701,7933,93,7955,0,-9,-18,-9,-18,1,1,1,548.57,418.39,548.57,418.39,28291,0,0,0,0,0,0,0
99,374,55658001,55950416,22377,7933,93,7955,0,-9,-18,-9,-18,1,1,1,548.57,418.39,548.57,418.39,29083,0,0,0,0,0,0,0
100,375,57751376,59639084,22137,7933,93,7955,0,-9,-18,-9,-18,1,1,1,548.57,418.39,548.57,418.39,29166,0,0,0,0,0,0,0
101,376,57777374,56149375,22125,7933,96,7955,0,-9,-18,-9,-18,1,1,1,548.57,418.39,548.57,418.39,28875,0,0,0,0,0,0,0
102,377,49787245,51429958,22225,7933,93,7955,0,-9,-18,-9,-18,1,1,1,548.57,418.39,548.57,418.39,27375,0,0,0,0,0,0,0
103,378,46033751,46078375,22073,7933,93,7955,0,-9,-18,-9,-18,1,1,1,548.57,418.39,548.57,418.39,27792,0,0,0,0,0,0,0
104,379,44741377,43374125,22073,7933,93,7955,0,-9,-18,-9,-18,1,1,1,548.57,418.39,548.57,418.39,22458,0,0,0,0,0,0,0
105,380,38199581,39472041,22137,7933,93,7955,0,-9,-18,-9,-18,1,1,1,548.57,418.39,548.57,418.39,20542,0,0,0,0,0,0,0
106,381,38016922,38071208,22213,7934,94,7956,0,-9,-18,-9,-18,1,1,1,548.57,418.39,548.57,418.39,19833,0,0,0,0,0,0,0
107,382,36684706,35642917,22073,7933,93,7955,0,-9,-18,-9,-18,1,1,1,548.57,418.39,548.57,418.39,19750,0,0,0,0,0,0,0
108,383,33512208,33482250,22701,7933,93,7955,0,-8,-18,-8,-18,1,1,1,594.29,422.77,594.29,422.77,16833,0,0,0,0,0,0,0
109,384,32734494,33805959,22289,7933,93,7955,0,-8,-18,-8,-18,1,1,1,594.29,422.77,594.29,422.77,16084,0,0,0,0,0,0,0
110,385,34747000,33595541,22073,7933,93,7955,0,-8,-18,-8,-18,1,1,1,594.29,422.77,594.29,422.77,17042,0,0,0,0,0,0,0
111,386,32529830,33638000,22225,7933,93,7955,0,-8,-18,-8,-18,1,1,1,594.29,422.77,594.29,422.77,16708,0,0,0,0,0,0,0
112,387,36039333,36016041,22125,7933,93,7955,0,-8,-18,-8,-18,1,1,1,594.29,422.77,594.29,422.77,17167,0,0,0,0,0,0,0
113,388,34602705,33527209,22073,7933,96,7955,0,-8,-18,-8,-18,1,1,1,594.29,422.77,594.29,422.77,17083,0,0,0,0,0,0,0
114,389,33420331,34448000,22137,7933,93,7955,0,-8,-18,-8,-18,1,1,1,594.29,422.77,594.29,422.77,17417,0,0,0,0,0,0,0
115,390,34441042,34410833,22073,7933,93,7955,0,-8,-18,-8,-18,1,1,1,594.29,422.77,594.29,422.77,16833,0,0,0,0,0,0,0
116,391,35009793,33975750,22161,7933,93,7955,0,-8,-18,-8,-18,1,1,1,594.29,422.77,594.29,422.77,16875,0,0,0,0,0,0,0
117,392,35869833,36910083,22137,7933,93,7955,0,-8,-18,-8,-18,1,1,1,594.29,422.77,594.29,422.77,20417,0,0,0,0,0,0,0
118,393,36461535,36286375,22125,7933,93,7955,0,-8,-18,-8,-18,1,1,1,594.29,422.77,594.29,422.77,16792,0,0,0,0,0,0,0
119,394,37603501,36673625,22073,7933,93,7955,0,-8,-18,-8,-18,1,1,1,594.29,422.77,594.29,422.77,17041,0,0,0,0,0,0,0
120,395,34856624,35829542,22137,7933,93,7955,0,-6,-18,-6,-18,1,1,1,685.71,416.09,685.71,416.09,16917,0,0,0,0,0,0,0
121,396,36395251,36466667,22161,7934,94,7956,0,-6,-18,-6,-18,1,1,1,685.71,416.09,685.71,416.09,17667,0,0,0,0,0,0,0
122,397,36471080,35061208,22073,7933,93,7955,0,-6,-18,-6,-18,1,1,1,685.71,416.09,685.71,416.09,18000,0,0,0,0,0,0,0
123,398,37289582,36701375,22701,7933,93,7955,0,-6,-18,-6,-18,1,1,1,685.71,416.09,685.71,416.09,17458,0,0,0,0,0,0,0
124,399,40658000,42456541,22341,7933,93,7955,0,-6,-18,-6,-18,1,1,1,685.71,416.09,685.71,416.09,19667,0,0,0,0,0,0,0
125,400,49838002,48323666,22161,7933,93,7955,0,-6,-18,-6,-18,1,1,1,685.71,416.09,685.71,416.09,22583,0,0,0,0,0,0,0
126,401,64618706,66047625,22137,7933,93,7955,0,-6,-18,-6,-18,1,1,1,685.71,416.09,685.71,416.09,32166,0,0,0,0,0,0,0
127,402,69909706,67565667,22073,7933,96,7955,0,-6,-18,-6,-18,1,1,1,685.71,416.09,685.71,416.09,33666,0,0,0,0,0,0,0
128,403,71402542,73481542,22277,7933,93,7955,0,-6,-18,-6,-18,1,1,1,685.71,416.09,685.71,416.09,24208,0,0,0,0,0,0,0
129,404,71213163,69367959,22073,7933,93,7955,0,-6,-18,-6,-18,1,1,1,685.71,416.09,685.71,416.09,33833,0,0,0,0,0,0,0
130,405,65869830,67677250,22137,7933,93,7955,0,-6,-18,-6,-18,1,1,1,685.71,416.09,685.71,416.09,36083,0,0,0,0,0,0,0
131,406,58108121,55594167,22777,7933,93,7955,0,-6,-18,-6,-18,1,1,1,685.71,416.09,685.71,416.09,26667,0,0,0,0,0,0,0
132,407,45753084,48566500,22353,7933,93,7955,0,-5,-18,-5,-18,1,1,1,731.43,431,731.43,431,22333,0,0,0,0,0,0,0
133,408,47865208,47682666,22073,7933,93,7955,0,-5,-18,-5,-18,1,1,1,731.43,431,731.43,431,22959,0,0,0,0,0,0,0
134,409,48701833,47539375,22161,7933,93,7955,0,-5,-18,-5,-18,1,1,1,731.43,431,731.43,431,23041,0,0,0,0,0,0,0
135,410,45746002,46961167,22137,7933,96,7955,0,-5,-18,-5,-18,1,1,1,731.43,431,731.43,431,23000,0,0,0,0,0,0,0
136,411,43026953,43044375,22125,7934,94,7956,0,-5,-18,-5,-18,1,1,1,731.43,431,731.43,431,24166,0,0,0,0,0,0,0
137,412,46730585,45072000,22073,7933,93,7955,0,-5,-18,-5,-18,1,1,1,731.43,431,731.43,431,19875,0,0,0,0,0,0,0
138,413,44650837,46118833,22225,7933,93,7955,0,-5,-18,-5,-18,1,1,1,731.43,431,731.43,431,22375,0,0,0,0,0,0,0
139,414,46214286,46339709,22073,7933,93,7955,0,-5,-18,-5,-18,1,1,1,731.43,431,731.43,431,23792,0,0,0,0,0,0,0
140,415,48222795,46864541,22073,7933,93,7955,0,-5,-18,-5,-18,1,1,1,731.43,431,731.43,431,36791,0,0,0,0,0,0,0
141,416,46375375,47572459,22189,7933,93,7955,0,-5,-18,-5,-18,1,1,1,731.43,431,731.43,431,22208,0,0,0,0,0,0,0
142,417,47576829,46291375,22725,7933,93,7955,0,-5,-18,-5,-18,1,1,1,731.43,431,731.43,431,22458,0,0,0,0,0,0,0
143,418,47641213,47018708,22289,7933,93,7955,0,-5,-18,-5,-18,1,1,1,731.43,431,731.43,431,21834,0,0,0,0,0,0,0
144,419,45539166,47475458,27617,7933,93,7955,0,-4,-18,-4,-18,1,1,1,777.14,453.14,777.14,453.14,393333,0,360542,356667,0,0,0,0
145,420,52277460,52006791,22073,7933,93,7955,0,-4,-18,-4,-18,1,1,1,777.14,453.14,777.14,453.14,23583,0,0,0,0,0,0,0
146,421,54841581,53517125,22213,7933,96,7955,0,-4,-18,-4,-18,1,1,1,777.14,453.14,777.14,453.14,26042,0,0,0,0,0,0,0
147,422,48055712,49619209,22137,7933,93,7955,0,-4,-18,-4,-18,1,1,1,777.14,453.14,777.14,453.14,25792,0,0,0,0,0,0,0
148,423,44033333,44000041,22073,7933,93,7955,0,-4,-18,-4,-18,1,1,1,777.14,453.14,777.14,453.14,21458,0,0,0,0,0,0,0
149,424,45249957,43900042,22073,7933,93,7955,0,-4,-18,-4,-18,1,1,1,777.14,453.14,777.14,453.14,21500,0,0,0,0,0,0,0
150,425,38626126,39951750,22225,7933,93,7955,0,-4,-18,-4,-18,1,1,1,777.14,453.14,777.14,453.14,21833,0,0,0,0,0,0,0
151,426,37688951,37727000,22125,7934,94,7956,0,-4,-18,-4,-18,1,1,1,777.14,453.14,777.14,453.14,18917,0,0,0,0,0,0,0
152,427,37220045,36106625,22073,7933,93,7955,0,-4,-18,-4,-18,1,1,1,777.14,453.14,777.14,453.14,18583,0,0,0,0,0,0,0
153,428,33532291,33512417,22701,7933,93,7955,0,-4,-18,-4,-18,1,1,1,777.14,453.14,777.14,453.14,16875,0,0,0,0,0,0,0
154,429,32306581,33319208,22289,7933,93,7955,0,-4,-18,-4,-18,1,1,1,777.14,453.14,777.14,453.14,16833,0,0,0,0,0,0,0
155,430,34196745,33176833,22161,7933,93,7955,0,-4,-18,-4,-18,1,1,1,777.14,453.14,777.14,453.14,16625,0,0,0,0,0,0,0
156,431,32052960,33100334,22137,7933,93,7955,0,-3,-18,-3,-18,1,1,1,822.86,475.99,822.86,475.99,15250,0,0,0,0,0,0,0
157,432,35847660,35853625,22125,7933,93,7955,0,-3,-18,-3,-18,1,1,1,822.86,475.99,822.86,475.99,16750,0,0,0,0,0,0,0
158,433,34615334,33515208,22073,7933,96,7955,0,-3,-18,-3,-18,1,1,1,822.86,475.99,822.86,475.99,16292,0,0,0,0,0,0,0
159,434,32438833,33458833,22137,7933,93,7955,0,-3,-18,-3,-18,1,1,1,822.86,475.99,822.86,475.99,15625,0,0,0,0,0,0,0
160,435,33529918,33535041,22161,7933,93,7955,0,-3,-18,-3,-18,1,1,1,822.86,475.99,822.86,475.99,15917,0,0,0,0,0,0,0
161,436,34839164,33805166,22073,7933,93,7955,0,-3,-18,-3,-18,1,1,1,822.86,475.99,822.86,475.99,15708,0,0,0,0,0,0,0
162,437,32539419,33563916,22137,7933,93,7955,0,-3,-18,-3,-18,1,1,1,822.86,475.99,822.86,475.99,16375,0,0,0,0,0,0,0
163,438,30549412,30565625,22125,7933,93,7955,0,-3,-18,-3,-18,1,1,1,822.86,475.99,822.86,475.99,15334,0,0,0,0,0,0,0
164,439,30063875,29986333,22073,7933,93,7955,0,-3,-18,-3,-18,1,1,1,822.86,475.99,822.86,475.99,14250,0,0,0,0,0,0,0
165,440,31587753,30538083,22161,7933,93,7955,0,-3,-18,-3,-18,1,1,1,822.86,475.99,822.86,475.99,14084,0,0,0,0,0,0,0
166,441,29385125,30452541,22137,7934,94,7956,0,-3,-18,-3,-18,1,1,1,822.86,475.99,822.86,475.99,14208,0,0,0,0,0,0,0
167,442,31713414,31726041,22073,7933,93,7955,0,-3,-18,-3,-18,1,1,1,822.86,475.99,822.86,475.99,14625,0,0,0,0,0,0,0
168,443,33788584,32652875,22637,7933,93,7955,0,-2,-18,-2,-18,1,1,1,868.57,498.85,868.57,498.85,13917,0,0,0,0,0,0,0
169,444,35610750,35074958,22289,7933,93,7955,0,-2,-18,-2,-18,1,1,1,868.57,498.85,868.57,498.85,15083,0,0,0,0,0,0,0
170,445,34496705,36067666,22277,7933,93,7955,0,-2,-18,-2,-18,1,1,1,868.57,498.85,868.57,498.85,15084,0,0,0,0,0,0,0
171,446,35831794,35653167,22073,7931,93,7953,0,-2,-18,-2,-18,1,1,1,868.57,498.85,868.57,498.85,16459,0,0,0,0,0,0,0
172,447,41196584,40153209,22073,7933,93,7955,0,-2,-18,-2,-18,1,1,1,868.57,498.85,868.57,498.85,15875,0,0,0,0,0,0,0
173,448,36408290,37568541,22137,7933,96,7955,0,-2,-18,-2,-18,1,1,1,868.57,498.85,868.57,498.85,15666,0,0,0,0,0,0,0
174,449,35787038,35712292,22073,7933,93,7955,0,-2,-18,-2,-18,1,1,1,868.57,498.85,868.57,498.85,18500,0,0,0,0,0,0,0
175,450,40066126,38455042,22161,7933,93,7955,0,-2,-18,-2,-18,1,1,1,868.57,498.85,868.57,498.85,16500,0,0,0,0,0,0,0
176,451,42055703,43517875,22189,7933,93,7955,0,-2,-18,-2,-18,1,1,1,868.57,498.85,868.57,498.85,18917,0,0,0,0,0,0,0
177,452,51303211,51156042,22073,7933,93,7955,0,-2,-18,-2,-18,1,1,1,868.57,498.85,868.57,498.85,20125,0,0,0,0,0,0,0
178,453,67686252,65573583,22073,7933,93,7955,0,-2,-18,-2,-18,1,1,1,868.57,498.85,868.57,498.85,23958,0,0,0,0,0,0,0
179,454,66346950,68263167,22225,7933,93,7955,0,-2,-18,-2,-18,1,1,1,868.57,498.85,868.57,498.85,30708,0,0,0,0,0,0,0
180,455,74855253,71496834,22689,7933,93,7955,0,-1,-18,-1,-18,1,1,1,914.29,521.71,914.29,521.71,32708,0,0,0,0,0,0,0
181,456,65603710,69053125,22353,7934,94,7956,0,-1,-18,-1,-18,1,1,1,914.29,521.71,914.29,521.71,28791,0,0,0,0,0,0,0
182,457,71714326,70239167,22161,7933,93,7955,0,-1,-18,-1,-18,1,1,1,914.29,521.71,914.29,521.71,30542,0,0,0,0,0,0,0
183,458,54282378,55790875,22189,7933,96,7955,0,-1,-18,-1,-18,1,1,1,914.29,521.71,914.29,521.71,22792,0,0,0,0,0,0,0
184,459,52089251,50082709,22073,7933,93,7955,0,-1,-18,-1,-18,1,1,1,914.29,521.71,914.29,521.71,26792,0,0,0,0,0,0,0
185,460,46957205,48834792,22225,7933,93,7955,0,-1,-18,-1,-18,1,1,1,914.29,521.71,914.29,521.71,20500,0,0,0,0,0,0,0
186,461,47557204,47772417,22073,7933,93,7955,0,-1,-18,-1,-18,1,1,1,914.29,521.71,914.29,521.71,22542,0,0,0,0,0,0,0
187,462,48780582,47416917,22125,7933,93,7955,0,-1,-18,-1,-18,1,1,1,914.29,521.71,914.29,521.71,20542,0,0,0,0,0,0,0
188,463,48677712,47990750,22701,7933,93,7955,0,-1,-18,-1,-18,1,1,1,914.29,521.71,914.29,521.71,18834,0,0,0,0,0,0,0
189,464,49057956,50990000,22377,7933,93,7955,0,-1,-18,-1,-18,1,1,1,914.29,521.71,914.29,521.71,23000,0,0,0,0,0,0,0
190,465,50986245,49523167,22073,7933,93,7955,0,-1,-18,-1,-18,1,1,1,914.29,521.71,914.29,521.71,19333,0,0,0,0,0,0,0
191,466,50297420,51695500,22137,7933,93,7955,0,-1,-18,-1,-18,1,1,1,914.29,521.71,914.29,521.71,20416,0,0,0,0,0,0,0
192,467,45725829,45807917,22213,7933,96,7955,0,0,-18,0,-18,1,1,1,960,544.56,960,544.56,19125,0,0,0,0,0,0,0
193,468,48445917,47102708,22073,7933,93,7955,0,0,-18,0,-18,1,1,1,960,544.56,960,544.56,19625,0,0,0,0,0,0,0
194,469,45331206,46493667,22137,7933,93,7955,0,0,-18,0,-18,1,1,1,960,544.56,960,544.56,19500,0,0,0,0,0,0,0
195,470,46885415,46893250,22073,7933,93,7955,0,0,-18,0,-18,1,1,1,960,544.56,960,544.56,20167,0,0,0,0,0,0,0
196,471,45998584,44780416,22161,7934,94,7956,0,0,-18,0,-18,1,1,1,960,544.56,960,544.56,19458,0,0,0,0,0,0,0
197,472,44938754,46204792,22189,7933,93,7955,0,0,-18,0,-18,1,1,1,960,544.56,960,544.56,19875,0,0,0,0,0,0,0
198,473,45158121,45131958,22073,7933,93,7955,0,0,-18,0,-18,1,1,1,960,544.56,960,544.56,18625,0,0,0,0,0,0,0
199,474,45720379,43256208,22637,7933,93,7955,0,0,-18,0,-18,1,1,1,960,544.56,960,544.56,20083,0,0,0,0,0,0,0
200,475,40248326,42707709,22441,7933,93,7955,0,0,-18,0,-18,1,1,1,960,544.56,960,544.56,19667,0,0,0,0,0,0,0
201,476,37886545,37803459,22073,7933,93,7955,0,0,-18,0,-18,1,1,1,960,544.56,960,544.56,16792,0,0,0,0,0,0,0
202,477,41093084,39994459,22125,7933,93,7955,0,0,-18,0,-18,1,1,1,960,544.56,960,544.56,17333,0,0,0,0,0,0,0
203,478,32591376,33704459,22137,7933,96,7955,0,0,-18,0,-18,1,1,1,960,544.56,960,544.56,15083,0,0,0,0,0,0,0
204,479,33243127,33296875,22161,7933,93,7955,0,1,-18,1,-18,1,1,1,1005.71,567.42,1005.71,567.42,14959,0,0,0,0,0,0,0
205,480,34538414,33445417,22073,7933,93,7955,0,1,-18,1,-18,1,1,1,1005.71,567.42,1005.71,567.42,14833,0,0,0,0,0,0,0
206,481,32624162,33677625,22137,7933,93,7955,0,1,-18,1,-18,1,1,1,1005.71,567.42,1005.71,567.42,14500,0,0,0,0,0,0,0
207,482,33403541,33360792,22073,7933,93,7955,0,1,-18,1,-18,1,1,1,1005.71,567.42,1005.71,567.42,14667,0,0,0,0,0,0,0
208,483,34201834,33111958,22125,7933,93,7955,0,1,-18,1,-18,1,1,1,1005.71,567.42,1005.71,567.42,14250,0,0,0,0,0,0,0
209,484,32580625,33674333,22225,7933,93,7955,0,1,-18,1,-18,1,1,1,1005.71,567.42,1005.71,567.42,14083,0,0,0,0,0,0,0
210,485,33988542,33985167,22073,7933,93,7955,0,1,-18,1,-18,1,1,1,1005.71,567.42,1005.71,567.42,14708,0,0,0,0,0,0,0
211,486,34369502,33270667,22073,7934,94,7956,0,1,-18,1,-18,1,1,1,1005.71,567.42,1005.71,567.42,14834,0,0,0,0,0,0,0
212,487,32120201,33185291,22137,7933,93,7955,0,1,-18,1,-18,1,1,1,1005.71,567.42,1005.71,567.42,14500,0,0,0,0,0,0,0
213,488,34608043,33413416,22637,7933,93,7955,0,1,-18,1,-18,1,1,1,1005.71,567.42,1005.71,567.42,14500,0,0,0,0,0,0,0
214,489,30206583,31369125,22429,7933,93,7955,0,1,-18,1,-18,1,1,1,1005.71,567.42,1005.71,567.42,14333,0,0,0,0,0,0,0
215,490,31605500,30617208,22073,7933,93,7955,0,1,-18,1,-18,1,1,1,1005.71,567.42,1005.71,567.42,13666,0,0,0,0,0,0,0
216,491,29264505,30250833,22137,7933,93,7955,0,2,-18,2,-18,1,1,1,1051.43,590.28,1051.43,590.28,13333,0,0,0,0,0,0,0
217,492,33863328,33832084,22073,7933,93,7955,0,2,-18,2,-18,1,1,1,1051.43,590.28,1051.43,590.28,14000,0,0,0,0,0,0,0
218,493,34622959,34526500,22073,7933,96,7955,0,2,-18,2,-18,1,1,1,1051.43,590.28,1051.43,590.28,13709,0,0,0,0,0,0,0
219,494,37658374,36595792,22161,7933,93,7955,0,2,-18,2,-18,1,1,1,1051.43,590.28,1051.43,590.28,15709,0,0,0,0,0,0,0
220,495,34001998,35066916,22137,7933,93,7955,0,2,-18,2,-18,1,1,1,1051.43,590.28,1051.43,590.28,15250,0,0,0,0,0,0,0
221,496,37452585,37036333,22125,7933,93,7955,0,2,-18,2,-18,1,1,1,1051.43,590.28,1051.43,590.28,18292,0,0,0,0,0,0,0
222,497,38205873,37528375,22323,7933,93,7955,0,2,-18,2,-18,1,1,1,1051.43,590.28,1051.43,590.28,15334,0,0,0,0,0,0,0
223,498,36969251,37927541,22137,7933,93,7955,0,2,-18,2,-18,1,1,1,1051.43,590.28,1051.43,590.28,14875,0,0,0,0,0,0,0
224,499,41059624,40928625,22161,7933,93,7955,0,2,-18,2,-18,1,1,1,1051.43,590.28,1051.43,590.28,15584,0,0,0,0,0,0,0
225,500,46831414,45029708,22073,7933,93,7955,0,2,-18,2,-18,1,1,1,1051.43,590.28,1051.43,590.28,72708,0,0,0,0,0,0,0
226,501,53809665,55544667,22137,7934,94,7956,0,2,-18,2,-18,1,1,1,1051.43,590.28,1051.43,590.28,25792,0,0,0,0,0,0,0
227,502,70564880,66896875,22689,7933,93,7955,0,2,-18,2,-18,1,1,1,1051.43,590.28,1051.43,590.28,29667,0,0,0,0,0,0,0
228,503,65282292,68813834,22441,7933,93,7955,0,3,-18,3,-18,1,1,1,1097.14,613.14,1097.14,613.14,28208,0,0,0,0,0,0,0
229,504,78981705,75901833,22073,7933,93,7955,0,3,-18,3,-18,1,1,1,1097.14,613.14,1097.14,613.14,33125,0,0,0,0,0,0,0
230,505,63926212,66891625,22189,7933,96,7955,0,3,-18,3,-18,1,1,1,1097.14,613.14,1097.14,613.14,30583,0,0,0,0,0,0,0
231,506,63741043,62361625,22161,7933,93,7955,0,3,-18,3,-18,1,1,1,1097.14,613.14,1097.14,613.14,30083,0,0,0,0,0,0,0
232,507,52640326,54188125,22137,7933,93,7955,0,3,-18,3,-18,1,1,1,1097.14,613.14,1097.14,613.14,24417,0,0,0,0,0,0,0
233,508,49163755,47788459,22831,7933,93,7955,0,3,-18,3,-18,1,1,1,1097.14,613.14,1097.14,613.14,23084,0,0,0,0,0,0,0
234,509,46356454,47762500,22277,7933,93,7955,0,3,-18,3,-18,1,1,1,1097.14,613.14,1097.14,613.14,27125,0,0,0,0,0,0,0
235,510,49015503,47579334,22637,7933,93,7955,0,3,-18,3,-18,1,1,1,1097.14,613.14,1097.14,613.14,18958,0,0,0,0,0,0,0
236,511,48041291,48049917,22289,7933,93,7955,0,3,-18,3,-18,1,1,1,1097.14,613.14,1097.14,613.14,19041,0,0,0,0,0,0,0
237,512,51034040,52254041,22137,7933,93,7955,0,3,-18,3,-18,1,1,1,1097.14,613.14,1097.14,613.14,19250,0,0,0,0,0,0,0
238,513,60480952,58313375,22161,7933,93,7955,0,3,-18,3,-18,1,1,1,1097.14,613.14,1097.14,613.14,24708,0,0,0,0,0,0,0
239,514,53118713,55252375,22189,7933,96,7955,0,3,-18,3,-18,1,1,1,1097.14,613.14,1097.14,613.14,22458,0,0,0,0,0,0,0
240,515,57455874,55722667,22073,7933,93,7955,0,4,-18,4,-18,1,1,1,1142.86,635.99,1142.86,635.99,22792,0,0,0,0,0,0,0
241,516,52605167,54340667,22225,7934,94,7956,0,4,-18,4,-18,1,1,1,1142.86,635.99,1142.86,635.99,28292,0,0,0,0,0,0,0
242,517,60127168,58543375,22073,7933,93,7955,0,4,-18,4,-18,1,1,1,1142.86,635.99,1142.86,635.99,26417,0,0,0,0,0,0,0
243,518,53443416,54908416,22189,7933,93,7955,0,4,-18,4,-18,1,1,1,1142.86,635.99,1142.86,635.99,23541,0,0,0,0,0,0,0
244,519,59905789,56532917,22725,7933,93,7955,0,4,-18,4,-18,1,1,1,1142.86,635.99,1142.86,635.99,23167,0,0,0,0,0,0,0
245,520,52158914,55565292,22353,7933,93,7955,0,4,-18,4,-18,1,1,1,1142.86,635.99,1142.86,635.99,23625,0,0,0,0,0,0,0
246,521,56078251,54352875,22073,7933,93,7955,0,4,-18,4,-18,1,1,1,1142.86,635.99,1142.86,635.99,23458,0,0,0,0,0,0,0
247,522,59994246,61706709,22277,7933,93,7955,0,4,-18,4,-18,1,1,1,1142.86,635.99,1142.86,635.99,26042,0,0,0,0,0,0,0
248,523,54378502,52810916,22073,7933,96,7955,0,4,-18,4,-18,1,1,1,1142.86,635.99,1142.86,635.99,23083,0,0,0,0,0,0,0
249,524,47289669,48782875,22137,7933,93,7955,0,4,-18,4,-18,1,1,1,1142.86,635.99,1142.86,635.99,22833,0,0,0,0,0,0,0
250,525,43200582,43270584,22161,7933,93,7955,0,4,-18,4,-18,1,1,1,1142.86,635.99,1142.86,635.99,18916,0,0,0,0,0,0,0
251,526,39381917,38144459,22125,7933,93,7955,0,4,-18,4,-18,1,1,1,1142.86,635.99,1142.86,635.99,23542,0,0,0,0,0,0,0
252,527,36601383,37860125,32409,7933,93,7955,0,5,-18,5,-18,1,1,1,1188.57,662.98,1188.57,662.98,371875,0,351125,347417,0,0,0,0
253,528,34208327,34142250,22073,7933,93,7955,0,5,-18,5,-18,1,1,1,1188.57,662.98,1188.57,662.98,18292,0,0,0,0,0,0,0
254,529,34972880,33916625,22161,7933,93,7955,0,5,-18,5,-18,1,1,1,1188.57,662.98,1188.57,662.98,15083,0,0,0,0,0,0,0
255,530,33937413,33919416,22701,7933,93,7955,0,5,-18,5,-18,1,1,1,1188.57,662.98,1188.57,662.98,14875,0,0,0,0,0,0,0
256,531,32571412,33637958,22289,7934,94,7956,0,5,-18,5,-18,1,1,1,1188.57,662.98,1188.57,662.98,15375,0,0,0,0,0,0,0
257,532,36516170,35135917,22125,7933,93,7955,0,5,-18,5,-18,1,1,1,1188.57,662.98,1188.57,662.98,15542,0,0,0,0,0,0,0
258,533,40400411,41548625,22137,7933,93,7955,0,5,-18,5,-18,1,1,1,1188.57,662.98,1188.57,662.98,16584,0,0,0,0,0,0,0
259,534,36031547,36221625,22161,7933,96,7955,0,5,-18,5,-18,1,1,1,1188.57,662.98,1188.57,662.98,15458,0,0,0,0,0,0,0
260,535,38057249,36883333,22073,7933,93,7955,0,5,-18,5,-18,1,1,1,1188.57,662.98,1188.57,662.98,15292,0,0,0,0,0,0,0
261,536,35432744,36493083,22137,7933,93,7955,0,5,-18,5,-18,1,1,1,1188.57,662.98,1188.57,662.98,17834,0,0,0,0,0,0,0
262,537,37570629,37324625,22073,7933,93,7955,0,5,-18,5,-18,1,1,1,1188.57,662.98,1188.57,662.98,18500,0,0,0,0,0,0,0
263,538,35891667,35043167,22125,7933,93,7955,0,5,-18,5,-18,1,1,1,1188.57,662.98,1188.57,662.98,14708,0,0,0,0,0,0,0
264,539,35544417,36595125,22225,7933,93,7955,0,6,-18,6,-18,1,1,1,1234.29,696.59,1234.29,696.59,15041,0,0,0,0,0,0,0
265,540,40171377,40105917,22073,7933,93,7955,0,6,-18,6,-18,1,1,1,1234.29,696.59,1234.29,696.59,17167,0,0,0,0,0,0,0
266,541,47663874,46050958,22073,7933,93,7955,0,6,-18,6,-18,1,1,1,1234.29,696.59,1234.29,696.59,22750,0,0,0,0,0,0,0
267,542,57434957,58782250,22137,7933,93,7955,0,6,-18,6,-18,1,1,1,1234.29,696.59,1234.29,696.59,26500,0,0,0,0,0,0,0
268,543,71335501,67642459,22777,7933,93,7955,0,6,-18,6,-18,1,1,1,1234.29,696.59,1234.29,696.59,30000,0,0,0,0,0,0,0
269,544,64819663,68521000,22353,7933,93,7955,0,6,-18,6,-18,1,1,1,1234.29,696.59,1234.29,696.59,28959,0,0,0,0,0,0,0
270,545,72907954,70701625,22073,7933,93,7955,0,6,-18,6,-18,1,1,1,1234.29,696.59,1234.29,696.59,32959,0,0,0,0,0,0,0
271,546,65794706,67960375,22277,7934,97,7956,0,6,-18,6,-18,1,1,1,1234.29,696.59,1234.29,696.59,33125,0,0,0,0,0,0,0
272,547,61265796,59793250,22073,7933,93,7955,0,6,-18,6,-18,1,1,1,1234.29,696.59,1234.29,696.59,30958,0,0,0,0,0,0,0
273,548,51780328,53233292,22137,7933,93,7955,0,6,-18,6,-18,1,1,1,1234.29,696.59,1234.29,696.59,23583,0,0,0,0,0,0,0
274,549,46452712,46573500,22161,7933,93,7955,0,6,-18,6,-18,1,1,1,1234.29,696.59,1234.29,696.59,20250,0,0,0,0,0,0,0
275,550,49154415,47793167,22125,7933,93,7955,0,6,-18,6,-18,1,1,1,1234.29,696.59,1234.29,696.59,20375,0,0,0,0,0,0,0
276,551,45843914,45729375,22701,7933,93,7955,0,7,-18,7,-18,1,1,1,1280,736.66,1280,736.66,21125,0,0,0,0,0,0,0
277,552,41121669,42390333,22289,7933,93,7955,0,7,-18,7,-18,1,1,1,1280,736.66,1280,736.66,18416,0,0,0,0,0,0,0
278,553,45461587,44081333,22161,7933,93,7955,0,7,-18,7,-18,1,1,1,1280,736.66,1280,736.66,18458,0,0,0,0,0,0,0
279,554,47990787,49385917,22137,7933,93,7955,0,7,-18,7,-18,1,1,1,1280,736.66,1280,736.66,22417,0,0,0,0,0,0,0
280,555,44869296,44932291,22125,7933,96,7955,0,7,-18,7,-18,1,1,1,1280,736.66,1280,736.66,25375,0,0,0,0,0,0,0
281,556,46964958,45512584,22073,7933,93,7955,0,7,-18,7,-18,1,1,1,1280,736.66,1280,736.66,18834,0,0,0,0,0,0,0
282,557,46863328,48255875,22225,7933,93,7955,0,7,-18,7,-18,1,1,1,1280,736.66,1280,736.66,20666,0,0,0,0,0,0,0
283,558,46513419,46481333,22073,7933,93,7955,0,7,-18,7,-18,1,1,1,1280,736.66,1280,736.66,21208,0,0,0,0,0,0,0
284,559,46928621,45487792,22073,7933,93,7955,0,7,-18,7,-18,1,1,1,1280,736.66,1280,736.66,22083,0,0,0,0,0,0,0
285,560,48274751,49612000,22189,7933,93,7955,0,7,-18,7,-18,1,1,1,1280,736.66,1280,736.66,26833,0,0,0,0,0,0,0
286,561,54070457,51973958,22161,7934,94,7956,0,7,-18,7,-18,1,1,1,1280,736.66,1280,736.66,28125,0,0,0,0,0,0,0
287,562,46103209,46895041,24821,7933,93,7955,0,7,-18,7,-18,1,1,1,1280,736.66,1280,736.66,25875,0,0,0,0,0,0,0
288,563,41938081,43261208,22289,7933,93,7955,0,8,-18,8,-18,1,1,1,1325.71,772.98,1325.71,772.98,20292,0,0,0,0,0,0,0
289,564,42705915,41534084,22073,7933,93,7955,0,8,-18,8,-18,1,1,1,1325.71,772.98,1325.71,772.98,20375,0,0,0,0,0,0,0
290,565,41706625,42580042,22277,7933,93,7955,0,8,-18,8,-18,1,1,1,1325.71,772.98,1325.71,772.98,18959,0,0,0,0,0,0,0
291,566,40216084,40447416,22073,7933,96,7955,0,8,-18,8,-18,1,1,1,1325.71,772.98,1325.71,772.98,18834,0,0,0,0,0,0,0
292,567,40306285,39162500,22073,7933,93,7955,0,8,-18,8,-18,1,1,1,1325.71,772.98,1325.71,772.98,20750,0,0,0,0,0,0,0
293,568,39350043,40401833,22137,7933,93,7955,0,8,-18,8,-18,1,1,1,1325.71,772.98,1325.71,772.98,18333,0,0,0,0,0,0,0
294,569,39029628,39097750,22161,7933,93,7955,0,8,-18,8,-18,1,1,1,1325.71,772.98,1325.71,772.98,16750,0,0,0,0,0,0,0
295,570,39528250,38384250,22125,7933,93,7955,0,8,-18,8,-18,1,1,1,1325.71,772.98,1325.71,772.98,16750,0,0,0,0,0,0,0
296,571,38235418,39354958,22137,7933,93,7955,0,8,-18,8,-18,1,1,1,1325.71,772.98,1325.71,772.98,18125,0,0,0,0,0,0,0
297,572,39733037,39688542,22073,7933,93,7955,0,8,-18,8,-18,1,1,1,1325.71,772.98,1325.71,772.98,18000,0,0,0,0,0,0,0
298,573,40530916,39137917,22161,7933,93,7955,0,8,-18,8,-18,1,1,1,1325.71,772.98,1325.71,772.98,18166,0,0,0,0,0,0,0
299,574,42050376,41954334,22701,7933,93,7955,0,8,-18,8,-18,1,1,1,1325.71,772.98,1325.71,772.98,18292,0,0,0,0,0,0,0
300,575,44204123,45635000,22289,7933,93,7955,0,9,-18,9,-18,1,1,1,1371.43,801.36,1371.43,801.36,23833,0,0,0,0,0,0,0
301,576,47354668,45913167,22125,7934,94,7956,0,9,-18,9,-18,1,1,1,1371.43,801.36,1371.43,801.36,21500,0,0,0,0,0,0,0
302,577,54169833,55531209,22225,7933,93,7955,0,9,-18,9,-18,1,1,1,1371.43,801.36,1371.43,801.36,24708,0,0,0,0,0,0,0
303,578,58225128,56077584,22073,7933,96,7955,0,9,-18,9,-18,1,1,1,1371.43,801.36,1371.43,801.36,25542,0,0,0,0,0,0,0
304,579,59303537,60853125,22137,7933,93,7955,0,9,-18,9,-18,1,1,1,1371.43,801.36,1371.43,801.36,25125,0,0,0,0,0,0,0
305,580,67430585,65965208,22213,7933,93,7955,0,9,-18,9,-18,1,1,1,1371.43,801.36,1371.43,801.36,75042,0,0,0,0,0,0,0
306,581,57401459,59272667,22137,7933,93,7955,0,9,-18,9,-18,1,1,1,1371.43,801.36,1371.43,801.36,33583,0,0,0,0,0,0,0
307,582,55290710,53673250,22073,7933,93,7955,0,9,-18,9,-18,1,1,1,1371.43,801.36,1371.43,801.36,27167,0,0,0,0,0,0,0
308,583,54951794,54872791,22789,7933,93,7955,0,9,-18,9,-18,1,1,1,1371.43,801.36,1371.43,801.36,26375,0,0,0,0,0,0,0
309,584,55355660,55671333,22341,7933,93,7955,0,9,-18,9,-18,1,1,1,1371.43,801.36,1371.43,801.36,26167,0,0,0,0,0,0,0
310,585,45891504,47074125,22137,7933,93,7955,0,9,-18,9,-18,1,1,1,1371.43,801.36,1371.43,801.36,23125,0,0,0,0,0,0,0
311,586,48598371,48774500,22161,7933,93,7955,0,9,-18,9,-18,1,1,1,1371.43,801.36,1371.43,801.36,23083,0,0,0,0,0,0,0
312,587,47308374,46027375,22073,7933,96,7955,0,10,-18,10,-18,1,1,1,1417.14,823.72,1417.14,823.72,25875,0,0,0,0,0,0,0
313,588,43504208,44814375,22137,7933,93,7955,0,10,-18,10,-18,1,1,1,1417.14,823.72,1417.14,823.72,22917,0,0,0,0,0,0,0
314,589,47471541,47393625,22125,7933,93,7955,0,10,-18,10,-18,1,1,1,1417.14,823.72,1417.14,823.72,21917,0,0,0,0,0,0,0
315,590,50283249,49029875,22161,7933,93,7955,0,10,-18,10,-18,1,1,1,1417.14,823.72,1417.14,823.72,22917,0,0,0,0,0,0,0
316,591,45378960,46607959,22137,7934,94,7956,0,10,-18,10,-18,1,1,1,1417.14,823.72,1417.14,823.72,22125,0,0,0,0,0,0,0
317,592,45539539,45574375,22073,7933,93,7955,0,10,-18,10,-18,1,1,1,1417.14,823.72,1417.14,823.72,22709,0,0,0,0,0,0,0
318,593,49701288,47231875,22637,7933,93,7955,0,10,-18,10,-18,1,1,1,1417.14,823.72,1417.14,823.72,22458,0,0,0,0,0,0,0
319,594,41527047,43968125,22493,7933,93,7955,0,10,-18,10,-18,1,1,1,1417.14,823.72,1417.14,823.72,22167,0,0,0,0,0,0,0
320,595,43315831,43309166,22073,7933,93,7955,0,10,-18,10,-18,1,1,1,1417.14,823.72,1417.14,823.72,22375,0,0,0,0,0,0,0
321,596,42076878,40905166,22073,7933,93,7955,0,10,-18,10,-18,1,1,1,1417.14,823.72,1417.14,823.72,22042,0,0,0,0,0,0,0
322,597,39974119,41090000,22137,7933,93,7955,0,10,-18,10,-18,1,1,1,1417.14,823.72,1417.14,823.72,19875,0,0,0,0,0,0,0
323,598,36855712,36882375,22161,7933,96,7955,0,10,-18,10,-18,1,1,1,1417.14,823.72,1417.14,823.72,19208,0,0,0,0,0,0,0
324,599,34621875,33583333,22125,7933,93,7955,0,11,-18,11,-18,1,1,1,1462.86,845.83,1462.86,845.83,17541,0,0,0,0,0,0,0
325,600,32635871,33672583,22137,7933,93,7955,0,11,-18,11,-18,1,1,1,1462.86,845.83,1462.86,845.83,17250,0,0,0,0,0,0,0
326,601,33147960,33147958,22073,7933,93,7955,0,11,-18,11,-18,1,1,1,1462.86,845.83,1462.86,845.83,17459,0,0,0,0,0,0,0
327,602,34705832,33551625,22073,7933,93,7955,0,11,-18,11,-18,1,1,1,1462.86,845.83,1462.86,845.83,16917,0,0,0,0,0,0,0
328,603,32231293,33360500,22225,7933,93,7955,0,11,-18,11,-18,1,1,1,1462.86,845.83,1462.86,845.83,17041,0,0,0,0,0,0,0
329,604,33666376,33619958,22073,7933,93,7955,0,11,-18,11,-18,1,1,1,1462.86,845.83,1462.86,845.83,17625,0,0,0,0,0,0,0
330,605,34605380,33550833,22125,7933,93,7955,0,11,-18,11,-18,1,1,1,1462.86,845.83,1462.86,845.83,17375,0,0,0,0,0,0,0
331,606,32275538,33320500,22137,7934,94,7956,0,11,-18,11,-18,1,1,1,1462.86,845.83,1462.86,845.83,17125,0,0,0,0,0,0,0
332,607,34611329,33450792,22637,7933,93,7955,0,11,-18,11,-18,1,1,1,1462.86,845.83,1462.86,845.83,19084,0,0,0,0,0,0,0
333,608,31078336,32228375,22377,7933,93,7955,0,11,-18,11,-18,1,1,1,1462.86,845.83,1462.86,845.83,17000,0,0,0,0,0,0,0
334,609,31725872,30718041,22073,7933,93,7955,0,11,-18,11,-18,1,1,1,1462.86,845.83,1462.86,845.83,15625,0,0,0,0,0,0,0
335,610,29468338,30407042,22137,7933,93,7955,0,11,-18,11,-18,1,1,1,1462.86,845.83,1462.86,845.83,15458,0,0,0,0,0,0,0
336,611,32660953,32690917,22073,7933,93,7955,0,12,-18,12,-18,1,1,1,1508.57,868.27,1508.57,868.27,16667,0,0,0,0,0,0,0
337,612,30067708,29992500,22125,7933,96,7955,0,12,-18,12,-18,1,1,1,1508.57,868.27,1508.57,868.27,15583,0,0,0,0,0,0,0
338,613,32333582,31366250,22161,7933,93,7955,0,12,-18,12,-18,1,1,1,1508.57,868.27,1508.57,868.27,15084,0,0,0,0,0,0,0
339,614,33040795,33989208,22137,7933,93,7955,0,12,-18,12,-18,1,1,1,1508.57,868.27,1508.57,868.27,15417,0,0,0,0,0,0,0
340,615,37439744,37445291,22073,7933,93,7955,0,12,-18,12,-18,1,1,1,1508.57,868.27,1508.57,868.27,23667,0,0,0,0,0,0,0
341,616,38396667,37271083,22073,7933,93,7955,0,12,-18,12,-18,1,1,1,1508.57,868.27,1508.57,868.27,17125,0,0,0,0,0,0,0
342,617,34521833,35507042,22137,7933,93,7955,0,12,-18,12,-18,1,1,1,1508.57,868.27,1508.57,868.27,17875,0,0,0,0,0,0,0
343,618,38873001,38807792,22213,7933,93,7955,0,12,-18,12,-18,1,1,1,1508.57,868.27,1508.57,868.27,21167,0,0,0,0,0,0,0
344,619,38440205,37215375,22073,7933,93,7955,0,12,-18,12,-18,1,1,1,1508.57,868.27,1508.57,868.27,17458,0,0,0,0,0,0,0
345,620,39814960,41034667,22137,7933,93,7955,0,12,-18,12,-18,1,1,1,1508.57,868.27,1508.57,868.27,20625,0,0,0,0,0,0,0
346,621,47448251,45988958,22637,7934,94,7956,0,12,-18,12,-18,1,1,1,1508.57,868.27,1508.57,868.27,23417,0,0,0,0,0,0,0
347,622,60398336,59876917,22377,7933,93,7955,0,12,-18,12,-18,1,1,1,1508.57,868.27,1508.57,868.27,30792,0,0,0,0,0,0,0
348,623,66804617,68382292,22189,7933,93,7955,0,13,-18,13,-18,1,1,1,1554.29,892.25,1554.29,892.25,33291,0,0,0,0,0,0,0
349,624,77327586,74622208,22073,7933,93,7955,0,13,-18,13,-18,1,1,1,1554.29,892.25,1554.29,892.25,65625,0,0,0,0,0,0,0
350,625,69174043,71945083,22225,7933,96,7955,0,13,-18,13,-18,1,1,1,1554.29,892.25,1554.29,892.25,33625,0,0,0,0,0,0,0
351,626,70948541,68399291,22125,7933,93,7955,0,13,-18,13,-18,1,1,1,1554.29,892.25,1554.29,892.25,34625,0,0,0,0,0,0,0
352,627,57220287,59803375,22137,7933,93,7955,0,13,-18,13,-18,1,1,1,1554.29,892.25,1554.29,892.25,33208,0,0,0,0,0,0,0
353,628,55775128,54067833,22161,7933,93,7955,0,13,-18,13,-18,1,1,1,1554.29,892.25,1554.29,892.25,31125,0,0,0,0,0,0,0
354,629,47630872,47449458,22701,7933,93,7955,0,13,-18,13,-18,1,1,1,1554.29,892.25,1554.29,892.25,22958,0,0,0,0,0,0,0
355,630,46041376,48045708,22341,7933,93,7955,0,13,-18,13,-18,1,1,1,1554.29,892.25,1554.29,892.25,28042,0,0,0,0,0,0,0
356,631,45594211,44389917,22073,7933,93,7955,0,13,-18,13,-18,1,1,1,1554.29,892.25,1554.29,892.25,22500,0,0,0,0,0,0,0
357,632,47054037,48133167,22225,7933,93,7955,0,13,-18,13,-18,1,1,1,1554.29,892.25,1554.29,892.25,71875,0,0,0,0,0,0,0
358,633,44919706,44877959,22073,7933,96,7955,0,13,-18,13,-18,1,1,1,1554.29,892.25,1554.29,892.25,21959,0,0,0,0,0,0,0
359,634,45987047,44737500,22073,7933,93,7955,0,13,-18,13,-18,1,1,1,1554.29,892.25,1554.29,892.25,26958,0,0,0,0,0,0,0
360,635,45472744,46650417,22189,7933,93,7955,0,14,-18,14,-18,1,1,1,1600,918.02,1600,918.02,26333,0,0,0,0,0,0,0
361,636,46266205,46323500,22161,7934,94,7956,0,14,-18,14,-18,1,1,1,1600,918.02,1600,918.02,22250,0,0,0,0,0,0,0
362,637,48560962,47317500,22073,7933,93,7955,0,14,-18,14,-18,1,1,1,1600,918.02,1600,918.02,22000,0,0,0,0,0,0,0
363,638,46493206,47515875,22137,7933,93,7955,0,14,-18,14,-18,1,1,1,1600,918.02,1600,918.02,24792,0,0,0,0,0,0,0
364,639,46894587,47011292,22073,7933,93,7955,0,14,-18,14,-18,1,1,1,1600,918.02,1600,918.02,25916,0,0,0,0,0,0,0
365,640,48313207,45971625,22777,7933,93,7955,0,14,-18,14,-18,1,1,1,1600,918.02,1600,918.02,25667,0,0,0,0,0,0,0
366,641,46869289,49273667,22353,7933,93,7955,0,14,-18,14,-18,1,1,1,1600,918.02,1600,918.02,26250,0,0,0,0,0,0,0
367,642,43577920,43550708,22073,7933,93,7955,0,14,-18,14,-18,1,1,1,1600,918.02,1600,918.02,21542,0,0,0,0,0,0,0
368,643,46482581,45122792,22073,7933,93,7955,0,14,-18,14,-18,1,1,1,1600,918.02,1600,918.02,22166,0,0,0,0,0,0,0
369,644,39430916,40776708,22225,7933,96,7955,0,14,-18,14,-18,1,1,1,1600,918.02,1600,918.02,21583,0,0,0,0,0,0,0
370,645,37719417,37711500,22125,7933,93,7955,0,14,-18,14,-18,1,1,1,1600,918.02,1600,918.02,18500,0,0,0,0,0,0,0
371,646,36860294,35792708,22073,7933,93,7955,0,14,-18,14,-18,1,1,1,1600,918.02,1600,918.02,19125,0,0,0,0,0,0,0
372,647,32063286,33138708,22137,7933,93,7955,0,15,-18,15,-18,1,1,1,1645.71,944.98,1645.71,944.98,16583,0,0,0,0,0,0,0
373,648,33686045,33606875,22073,7933,93,7955,0,15,-18,15,-18,1,1,1,1645.71,944.98,1645.71,944.98,16542,0,0,0,0,0,0,0
374,649,37376333,35890875,22161,7933,93,7955,0,15,-18,15,-18,1,1,1,1645.71,944.98,1645.71,944.98,16583,0,0,0,0,0,0,0
375,650,34047208,35512000,22137,7933,93,7955,0,15,-18,15,-18,1,1,1,1645.71,944.98,1645.71,944.98,23791,0,0,0,0,0,0,0
376,651,35702124,35728500,22125,7934,94,7956,0,15,-18,15,-18,1,1,1,1645.71,944.98,1645.71,944.98,19625,0,0,0,0,0,0,0
377,652,37291247,36176208,22073,7933,93,7955,0,15,-18,15,-18,1,1,1,1645.71,944.98,1645.71,944.98,17792,0,0,0,0,0,0,0
378,653,36482829,36289750,22701,7933,93,7955,0,15,-18,15,-18,1,1,1,1645.71,944.98,1645.71,944.98,17083,0,0,0,0,0,0,0
379,654,36178544,37420917,22377,7933,93,7955,0,15,-18,15,-18,1,1,1,1645.71,944.98,1645.71,944.98,16791,0,0,0,0,0,0,0
380,655,37246961,35827583,22073,7933,93,7955,0,15,-18,15,-18,1,1,1,1645.71,944.98,1645.71,944.98,18125,0,0,0,0,0,0,0
381,656,40100667,41309500,22137,7933,93,7955,0,15,-18,15,-18,1,1,1,1645.71,944.98,1645.71,944.98,19541,0,0,0,0,0,0,0
382,657,40759582,40792500,22125,7933,96,7955,0,15,-18,15,-18,1,1,1,1645.71,944.98,1645.71,944.98,20375,0,0,0,0,0,0,0
383,658,44770337,43528625,22161,7933,93,7955,0,15,-18,15,-18,1,1,1,1645.71,944.98,1645.71,944.98,19166,0,0,0,0,0,0,0
384,659,47216452,48468709,22137,7933,93,7955,0,16,-18,16,-18,1,1,1,1691.43,972.01,1691.43,972.01,20958,0,0,0,0,0,0,0
385,660,55618040,54038542,22073,7933,93,7955,0,16,-18,16,-18,1,1,1,1691.43,972.01,1691.43,972.01,25666,0,0,0,0,0,0,0
386,661,59513755,60684625,22137,7933,93,7955,0,16,-18,16,-18,1,1,1,1691.43,972.01,1691.43,972.01,26333,0,0,0,0,0,0,0
387,662,70043578,68382708,22213,7933,93,7955,0,16,-18,16,-18,1,1,1,1691.43,972.01,1691.43,972.01,33208,0,0,0,0,0,0,0
388,663,68562544,68478708,22701,7933,93,7955,0,16,-18,16,-18,1,1,1,1691.43,972.01,1691.43,972.01,33208,0,0,0,0,0,0,0
389,664,65993748,65791125,22289,7933,93,7955,0,16,-18,16,-18,1,1,1,1691.43,972.01,1691.43,972.01,33875,0,0,0,0,0,0,0
390,665,55962961,57946500,22277,7933,93,7955,0,16,-18,16,-18,1,1,1,1691.43,972.01,1691.43,972.01,33333,0,0,0,0,0,0,0
391,666,59151537,57674416,22073,7934,94,7956,0,16,-18,16,-18,1,1,1,1691.43,972.01,1691.43,972.01,26708,0,0,0,0,0,0,0
392,667,54460294,55993000,22137,7933,96,7955,0,16,-18,16,-18,1,1,1,1691.43,972.01,1691.43,972.01,25834,0,0,0,0,0,0,0
393,668,52300538,51006125,22161,7933,93,7955,0,16,-18,16,-18,1,1,1,1691.43,972.01,1691.43,972.01,27833,0,0,0,0,0,0,0
394,669,46475041,47636959,22189,7933,93,7955,0,16,-18,16,-18,1,1,1,1691.43,972.01,1691.43,972.01,25917,0,0,0,0,0,0,0
395,670,49550879,49708542,22073,7933,93,7955,0,16,-18,16,-18,1,1,1,1691.43,972.01,1691.43,972.01,22042,0,0,0,0,0,0,0
396,671,52010826,50544917,22073,7933,93,7955,0,15,-18,15,-18,1,1,1,1645.71,944.98,1645.71,944.98,26291,0,0,0,0,0,0,0
397,672,53910877,53237875,22789,7933,93,7955,0,15,-18,15,-18,1,1,1,1645.71,944.98,1645.71,944.98,30208,0,0,0,0,0,0,0
398,673,54662294,54903041,22341,7933,93,7955,0,15,-18,15,-18,1,1,1,1645.71,944.98,1645.71,944.98,27667,0,0,0,0,0,0,0
399,674,50998788,52695333,22137,7933,93,7955,0,15,-18,15,-18,1,1,1,1645.71,944.98,1645.71,944.98,26667,0,0,0,0,0,0,0
400,675,52693545,51494459,22161,7933,93,7955,0,15,-18,15,-18,1,1,1,1645.71,944.98,1645.71,944.98,27250,0,0,0,0,0,0,0
401,676,43633043,44932916,22137,7933,96,7955,0,15,-18,15,-18,1,1,1,1645.71,944.98,1645.71,944.98,21875,0,0,0,0,0,0,0
402,677,43102495,43078959,22125,7933,93,7955,0,15,-18,15,-18,1,1,1,1645.71,944.98,1645.71,944.98,21792,0,0,0,0,0,0,0
403,678,42045082,40875375,22073,7933,93,7955,0,15,-18,15,-18,1,1,1,1645.71,944.98,1645.71,944.98,22666,0,0,0,0,0,0,0
404,679,37205882,38393125,22225,7933,93,7955,0,15,-18,15,-18,1,1,1,1645.71,944.98,1645.71,944.98,18875,0,0,0,0,0,0,0
405,680,37044793,37057292,22073,7933,93,7955,0,15,-18,15,-18,1,1,1,1645.71,944.98,1645.71,944.98,20083,0,0,0,0,0,0,0
406,681,34723121,33648417,22073,7934,94,7956,0,15,-18,15,-18,1,1,1,1645.71,944.98,1645.71,944.98,17459,0,0,0,0,0,0,0
407,682,32580036,33621459,22137,7933,93,7955,0,15,-18,15,-18,1,1,1,1645.71,944.98,1645.71,944.98,16083,0,0,0,0,0,0,0
408,683,33391710,33328625,22125,7933,93,7955,0,14,-18,14,-18,1,1,1,1600,918.02,1600,918.02,17250,0,0,0,0,0,0,0
409,684,35309631,33460083,22725,7933,93,7955,0,14,-18,14,-18,1,1,1,1600,918.02,1600,918.02,17125,0,0,0,0,0,0,0
410,685,31717043,33600000,22353,7933,93,7955,0,14,-18,14,-18,1,1,1,1600,918.02,1600,918.02,16959,0,0,0,0,0,0,0
411,686,33709496,33697333,22073,7933,93,7955,0,14,-18,14,-18,1,1,1,1600,918.02,1600,918.02,24042,0,0,0,0,0,0,0
412,687,34775957,33661709,22073,7933,93,7955,0,14,-18,14,-18,1,1,1,1600,918.02,1600,918.02,16875,0,0,0,0,0,0,0
413,688,35612378,36628292,22137,7933,93,7955,0,14,-18,14,-18,1,1,1,1600,918.02,1600,918.02,17708,0,0,0,0,0,0,0
414,689,30587082,30655625,22213,7933,96,7955,0,14,-18,14,-18,1,1,1,1600,918.02,1600,918.02,16541,0,0,0,0,0,0,0
415,690,30317170,30312417,22073,7933,93,7955,0,14,-18,14,-18,1,1,1,1600,918.02,1600,918.02,15125,0,0,0,0,0,0,0
416,691,31520996,30490792,22073,7933,93,7955,0,14,-18,14,-18,1,1,1,1600,918.02,1600,918.02,15250,0,0,0,0,0,0,0
417,692,29367204,30358291,22137,7933,93,7955,0,14,-18,14,-18,1,1,1,1600,918.02,1600,918.02,15250,0,0,0,0,0,0,0
418,693,30570499,30502000,22073,7933,93,7955,0,14,-18,14,-18,1,1,1,1600,918.02,1600,918.02,14917,0,0,0,0,0,0,0
419,694,30034374,30092083,22161,7933,93,7955,0,14,-18,14,-18,1,1,1,1600,918.02,1600,918.02,14625,0,0,0,0,0,0,0
420,695,31604167,30550750,22073,7933,93,7955,0,13,-18,13,-18,1,1,1,1554.29,892.25,1554.29,892.25,15458,0,0,0,0,0,0,0
421,696,31379584,32386458,22189,7934,94,7956,0,13,-18,13,-18,1,1,1,1554.29,892.25,1554.29,892.25,15167,0,0,0,0,0,0,0
422,697,33514838,33457708,22073,7933,93,7955,0,13,-18,13,-18,1,1,1,1554.29,892.25,1554.29,892.25,17000,0,0,0,0,0,0,0
423,698,33619116,33583708,22073,7933,93,7955,0,13,-18,13,-18,1,1,1,1554.29,892.25,1554.29,892.25,16375,0,0,0,0,0,0,0
424,699,34514755,33470333,22161,7933,93,7955,0,13,-18,13,-18,1,1,1,1554.29,892.25,1554.29,892.25,17000,0,0,0,0,0,0,0
425,700,33526331,33501542,22701,7933,93,7955,0,13,-18,13,-18,1,1,1,1554.29,892.25,1554.29,892.25,16667,0,0,0,0,0,0,0
426,701,32337337,33400166,22289,7933,93,7955,0,13,-18,13,-18,1,1,1,1554.29,892.25,1554.29,892.25,17125,0,0,0,0,0,0,0
427,702,34793999,33736584,22073,7933,93,7955,0,13,-18,13,-18,1,1,1,1554.29,892.25,1554.29,892.25,17125,0,0,0,0,0,0,0
428,703,36789454,37742333,22189,7933,93,7955,0,13,-18,13,-18,1,1,1,1554.29,892.25,1554.29,892.25,18250,0,0,0,0,0,0,0
429,704,33966172,34049916,22161,7933,96,7955,0,13,-18,13,-18,1,1,1,1554.29,892.25,1554.29,892.25,17416,0,0,0,0,0,0,0
430,705,34011501,32907125,22073,7933,93,7955,0,13,-18,13,-18,1,1,1,1554.29,892.25,1554.29,892.25,17458,0,0,0,0,0,0,0
431,706,31980372,33040958,22137,7933,93,7955,0,13,-18,13,-18,1,1,1,1554.29,892.25,1554.29,892.25,17209,0,0,0,0,0,0,0
432,707,35251587,35211000,22073,7933,93,7955,0,12,-18,12,-18,1,1,1,1508.57,868.27,1508.57,868.27,18916,0,0,0,0,0,0,0
433,708,37509538,35721583,22073,7933,93,7955,0,12,-18,12,-18,1,1,1,1508.57,868.27,1508.57,868.27,18208,0,0,0,0,0,0,0
434,709,36985751,38368083,22277,7933,93,7955,0,12,-18,12,-18,1,1,1,1508.57,868.27,1508.57,868.27,19875,0,0,0,0,0,0,0
435,710,37283957,37596916,22073,7933,93,7955,0,12,-18,12,-18,1,1,1,1508.57,868.27,1508.57,868.27,17791,0,0,0,0,0,0,0
436,711,38259543,36752375,22073,7934,94,7956,0,12,-18,12,-18,1,1,1,1508.57,868.27,1508.57,868.27,20792,0,0,0,0,0,0,0
437,712,36953125,38448417,22137,7933,93,7955,0,12,-18,12,-18,1,1,1,1508.57,868.27,1508.57,868.27,17417,0,0,0,0,0,0,0
438,713,46926751,46719500,22073,7933,93,7955,0,12,-18,12,-18,1,1,1,1508.57,868.27,1508.57,868.27,22042,0,0,0,0,0,0,0
439,714,54911166,51340458,22725,7933,93,7955,0,12,-18,12,-18,1,1,1,1508.57,868.27,1508.57,868.27,22459,0,0,0,0,0,0,0
440,715,64843624,68274125,22405,7933,93,7955,0,12,-18,12,-18,1,1,1,1508.57,868.27,1508.57,868.27,33958,0,0,0,0,0,0,0
441,716,73061704,71018584,22073,7933,93,7955,0,12,-18,12,-18,1,1,1,1508.57,868.27,1508.57,868.27,33667,0,0,0,0,0,0,0
442,717,71151919,72978417,22225,7933,96,7955,0,12,-18,12,-18,1,1,1,1508.57,868.27,1508.57,868.27,40875,0,0,0,0,0,0,0
443,718,69803789,67652417,22125,7933,93,7955,0,12,-18,12,-18,1,1,1,1508.57,868.27,1508.57,868.27,36333,0,0,0,0,0,0,0
444,719,64834162,66499125,22137,7933,93,7955,0,11,-18,11,-18,1,1,1,1462.86,845.83,1462.86,845.83,34292,0,0,0,0,0,0,0
445,720,57417213,56770375,22161,7933,93,7955,0,11,-18,11,-18,1,1,1,1462.86,845.83,1462.86,845.83,27708,0,0,0,0,0,0,0
446,721,46848453,48221500,22137,7933,93,7955,0,11,-18,11,-18,1,1,1,1462.86,845.83,1462.86,845.83,22500,0,0,0,0,0,0,0
447,722,50314337,48835625,22689,7933,93,7955,0,11,-18,11,-18,1,1,1,1462.86,845.83,1462.86,845.83,23125,0,0,0,0,0,0,0
448,723,47950126,47344291,22377,7933,93,7955,0,11,-18,11,-18,1,1,1,1462.86,845.83,1462.86,845.83,23583,0,0,0,0,0,0,0
449,724,49273326,51197166,22137,7933,93,7955,0,11,-18,11,-18,1,1,1,1462.86,845.83,1462.86,845.83,23667,0,0,0,0,0,0,0
450,725,48505797,48570542,22073,7933,96,7955,0,11,-18,11,-18,1,1,1,1462.86,845.83,1462.86,845.83,27167,0,0,0,0,0,0,0
451,726,55976871,54264042,22073,7934,94,7956,0,11,-18,11,-18,1,1,1,1462.86,845.83,1462.86,845.83,27000,0,0,0,0,0,0,0
452,727,53468588,55121750,22277,7933,93,7955,0,11,-18,11,-18,1,1,1,1462.86,845.83,1462.86,845.83,26500,0,0,0,0,0,0,0
453,728,56871414,55051167,22073,7933,93,7955,0,11,-18,11,-18,1,1,1,1462.86,845.83,1462.86,845.83,28167,0,0,0,0,0,0,0
454,729,51271960,52803500,22137,7933,93,7955,0,11,-18,11,-18,1,1,1,1462.86,845.83,1462.86,845.83,27166,0,0,0,0,0,0,0
455,730,52597250,51561708,22161,7933,93,7955,0,11,-18,11,-18,1,1,1,1462.86,845.83,1462.86,845.83,26542,0,0,0,0,0,0,0
456,731,52887413,52554292,22753,7933,93,7955,0,10,-18,10,-18,1,1,1,1417.14,823.72,1417.14,823.72,22834,0,0,0,0,0,0,0
457,732,54698541,54600125,22289,7933,93,7955,0,10,-18,10,-18,1,1,1,1417.14,823.72,1417.14,823.72,26709,0,0,0,0,0,0,0
458,733,53985126,55465417,22225,7933,93,7955,0,10,-18,10,-18,1,1,1,1417.14,823.72,1417.14,823.72,30875,0,0,0,0,0,0,0
459,734,54454207,53332208,22073,7933,93,7955,0,10,-18,10,-18,1,1,1,1417.14,823.72,1417.14,823.72,27875,0,0,0,0,0,0,0
460,735,43263252,44506292,22189,7933,96,7955,0,10,-18,10,-18,1,1,1,1417.14,823.72,1417.14,823.72,22417,0,0,0,0,0,0,0
461,736,43515454,43535875,22161,7933,93,7955,0,10,-18,10,-18,1,1,1,1417.14,823.72,1417.14,823.72,22584,0,0,0,0,0,0,0
462,737,43535415,42402875,22073,7933,93,7955,0,10,-18,10,-18,1,1,1,1417.14,823.72,1417.14,823.72,22333,0,0,0,0,0,0,0
463,738,36814916,37924125,22137,7933,93,7955,0,10,-18,10,-18,1,1,1,1417.14,823.72,1417.14,823.72,19625,0,0,0,0,0,0,0
464,739,37761587,37771250,22073,7933,93,7955,0,10,-18,10,-18,1,1,1,1417.14,823.72,1417.14,823.72,19583,0,0,0,0,0,0,0
465,740,37673581,36485750,22213,7933,93,7955,0,10,-18,10,-18,1,1,1,1417.14,823.72,1417.14,823.72,16917,0,0,0,0,0,0,0
466,741,33874504,35017375,22137,7934,94,7956,0,10,-18,10,-18,1,1,1,1417.14,823.72,1417.14,823.72,17792,0,0,0,0,0,0,0
467,742,35218246,35216958,22073,7933,93,7955,0,10,-18,10,-18,1,1,1,1417.14,823.72,1417.14,823.72,21250,0,0,0,0,0,0,0
468,743,37519749,35338792,22637,7933,93,7955,0,9,-18,9,-18,1,1,1,1371.43,801.36,1371.43,801.36,17291,0,0,0,0,0,0,0
469,744,36631710,38535459,22353,7933,93,7955,0,9,-18,9,-18,1,1,1,1371.43,801.36,1371.43,801.36,16375,0,0,0,0,0,0,0
470,745,41931916,42036333,22161,7933,93,7955,0,9,-18,9,-18,1,1,1,1371.43,801.36,1371.43,801.36,19292,0,0,0,0,0,0,0
471,746,49084834,47649125,22125,7933,93,7955,0,9,-18,9,-18,1,1,1,1371.43,801.36,1371.43,801.36,19625,0,0,0,0,0,0,0
472,747,46468827,47853875,22137,7933,96,7955,0,9,-18,9,-18,1,1,1,1371.43,801.36,1371.43,801.36,23833,0,0,0,0,0,0,0
473,748,59099879,56614958,22073,7933,93,7955,0,9,-18,9,-18,1,1,1,1371.43,801.36,1371.43,801.36,25750,0,0,0,0,0,0,0
474,749,66604286,68838833,22225,7933,93,7955,0,9,-18,9,-18,1,1,1,1371.43,801.36,1371.43,801.36,31333,0,0,0,0,0,0,0
475,750,75632378,73624250,22125,7933,93,7955,0,9,-18,9,-18,1,1,1,1371.43,801.36,1371.43,801.36,32209,0,0,0,0,0,0,0
476,751,71518123,73476209,22137,7933,93,7955,0,9,-18,9,-18,1,1,1,1371.43,801.36,1371.43,801.36,22208,0,0,0,0,0,0,0
477,752,85658580,79939625,22725,7933,93,7955,0,9,-18,9,-18,1,1,1,1371.43,801.36,1371.43,801.36,21958,0,0,0,0,0,0,0
478,753,68980254,74642917,22405,7933,93,7955,0,9,-18,9,-18,1,1,1,1371.43,801.36,1371.43,801.36,32125,0,0,0,0,0,0,0
479,754,78074999,75422833,22161,7933,93,7955,0,9,-18,9,-18,1,1,1,1371.43,801.36,1371.43,801.36,36417,0,0,0,0,0,0,0
480,755,60936789,63715083,22137,7933,96,7955,0,8,-18,8,-18,1,1,1,1325.71,772.98,1325.71,772.98,32541,0,0,0,0,0,0,0
481,756,58009751,56119417,22125,7934,94,7956,0,8,-18,8,-18,1,1,1,1325.71,772.98,1325.71,772.98,25833,0,0,0,0,0,0,0
482,757,45468460,47350500,22225,7933,93,7955,0,8,-18,8,-18,1,1,1,1325.71,772.98,1325.71,772.98,21208,0,0,0,0,0,0,0
483,758,44729329,44506209,22073,7933,93,7955,0,8,-18,8,-18,1,1,1,1325.71,772.98,1325.71,772.98,21458,0,0,0,0,0,0,0
484,759,48511877,46829583,22073,7933,93,7955,0,8,-18,8,-18,1,1,1,1325.71,772.98,1325.71,772.98,21500,0,0,0,0,0,0,0
485,760,40966086,41428125,22701,7933,93,7955,0,8,-18,8,-18,1,1,1,1325.71,772.98,1325.71,772.98,20708,0,0,0,0,0,0,0
486,761,41937619,43283667,22429,7933,93,7955,0,8,-18,8,-18,1,1,1,1325.71,772.98,1325.71,772.98,23667,0,0,0,0,0,0,0
487,762,44830754,43186125,22073,7933,93,7955,0,8,-18,8,-18,1,1,1,1325.71,772.98,1325.71,772.98,18000,0,0,0,0,0,0,0
488,763,49577247,51226125,22137,7933,93,7955,0,8,-18,8,-18,1,1,1,1325.71,772.98,1325.71,772.98,23417,0,0,0,0,0,0,0
489,764,46392876,46257125,22073,7933,96,7955,0,8,-18,8,-18,1,1,1,1325.71,772.98,1325.71,772.98,21416,0,0,0,0,0,0,0
490,765,46736124,45481167,22161,7933,93,7955,0,8,-18,8,-18,1,1,1,1325.71,772.98,1325.71,772.98,21125,0,0,0,0,0,0,0
491,766,45269664,46546875,22189,7933,93,7955,0,8,-18,8,-18,1,1,1,1325.71,772.98,1325.71,772.98,21416,0,0,0,0,0,0,0
492,767,45748207,45679875,22073,7933,93,7955,0,7,-18,7,-18,1,1,1,1280,736.66,1280,736.66,21333,0,0,0,0,0,0,0
493,768,46047087,44739667,22073,7933,93,7955,0,7,-18,7,-18,1,1,1,1280,736.66,1280,736.66,21208,0,0,0,0,0,0,0
494,769,40559161,41903916,22225,7933,93,7955,0,7,-18,7,-18,1,1,1,1280,736.66,1280,736.66,21000,0,0,0,0,0,0,0
495,770,40862165,40884083,22073,7933,93,7955,0,7,-18,7,-18,1,1,1,1280,736.66,1280,736.66,18417,0,0,0,0,0,0,0
496,771,38863208,37710333,22125,7934,94,7956,0,7,-18,7,-18,1,1,1,1280,736.66,1280,736.66,18292,0,0,0,0,0,0,0
497,772,37955667,37840250,22701,7933,93,7955,0,7,-18,7,-18,1,1,1,1280,736.66,1280,736.66,18291,0,0,0,0,0,0,0
498,773,37003960,38245667,22377,7933,93,7955,0,7,-18,7,-18,1,1,1,1280,736.66,1280,736.66,18500,0,0,0,0,0,0,0
499,774,36787576,35690125,22073,7933,93,7955,0,7,-18,7,-18,1,1,1,1280,736.66,1280,736.66,18958,0,0,0,0,0,0,0
500,775,35658877,36748667,22137,7933,93,7955,0,7,-18,7,-18,1,1,1,1280,736.66,1280,736.66,19833,0,0,0,0,0,0,0
501,776,33508043,33489375,22073,7933,96,7955,0,7,-18,7,-18,1,1,1,1280,736.66,1280,736.66,16584,0,0,0,0,0,0,0
502,777,34939412,33795958,22125,7933,93,7955,0,7,-18,7,-18,1,1,1,1280,736.66,1280,736.66,16542,0,0,0,0,0,0,0
503,778,32542955,33659125,22225,7933,93,7955,0,7,-18,7,-18,1,1,1,1280,736.66,1280,736.66,15917,0,0,0,0,0,0,0
504,779,33624041,33616833,22073,7933,93,7955,0,6,-18,6,-18,1,1,1,1234.29,696.59,1234.29,696.59,15291,0,0,0,0,0,0,0
505,780,34250210,33188709,22073,7933,93,7955,0,6,-18,6,-18,1,1,1,1234.29,696.59,1234.29,696.59,15500,0,0,0,0,0,0,0
506,781,32759707,33771708,22137,7933,93,7955,0,6,-18,6,-18,1,1,1,1234.29,696.59,1234.29,696.59,15333,0,0,0,0,0,0,0
507,782,33906411,33874542,22073,7933,93,7955,0,6,-18,6,-18,1,1,1,1234.29,696.59,1234.29,696.59,15459,0,0,0,0,0,0,0
508,783,34539293,33508458,22213,7933,93,7955,0,6,-18,6,-18,1,1,1,1234.29,696.59,1234.29,696.59,14959,0,0,0,0,0,0,0
509,784,32302878,33353250,22137,7933,93,7955,0,6,-18,6,-18,1,1,1,1234.29,696.59,1234.29,696.59,14542,0,0,0,0,0,0,0
510,785,33446457,33431708,22073,7933,93,7955,0,6,-18,6,-18,1,1,1,1234.29,696.59,1234.29,696.59,14875,0,0,0,0,0,0,0
511,786,31401537,30384417,22637,7934,94,7956,0,6,-18,6,-18,1,1,1,1234.29,696.59,1234.29,696.59,13875,0,0,0,0,0,0,0
512,787,30183000,30127125,22289,7933,93,7955,0,6,-18,6,-18,1,1,1,1234.29,696.59,1234.29,696.59,13375,0,0,0,0,0,0,0
513,788,30376791,31418500,22225,7933,93,7955,0,6,-18,6,-18,1,1,1,1234.29,696.59,1234.29,696.59,13292,0,0,0,0,0,0,0
514,789,32824583,32714000,22073,7933,93,7955,0,6,-18,6,-18,1,1,1,1234.29,696.59,1234.29,696.59,14625,0,0,0,0,0,0,0
515,790,38776416,37507417,22125,7933,93,7955,0,6,-18,6,-18,1,1,1,1234.29,696.59,1234.29,696.59,15458,0,0,0,0,0,0,0
516,791,34040376,35360958,22137,7933,96,7955,0,5,-18,5,-18,1,1,1,1188.57,662.98,1188.57,662.98,21500,0,0,0,0,0,0,0
517,792,35880915,35733166,22073,7933,93,7955,0,5,-18,5,-18,1,1,1,1188.57,662.98,1188.57,662.98,21959,0,0,0,0,0,0,0
518,793,37885084,36810500,22161,7933,93,7955,0,5,-18,5,-18,1,1,1,1188.57,662.98,1188.57,662.98,14791,0,0,0,0,0,0,0
519,794,37444960,38574625,22137,7933,93,7955,0,5,-18,5,-18,1,1,1,1188.57,662.98,1188.57,662.98,18333,0,0,0,0,0,0,0
520,795,36937415,36903208,22073,7933,93,7955,0,5,-18,5,-18,1,1,1,1188.57,662.98,1188.57,662.98,15834,0,0,0,0,0,0,0
521,796,40901836,39420083,22125,7933,93,7955,0,5,-18,5,-18,1,1,1,1188.57,662.98,1188.57,662.98,15583,0,0,0,0,0,0,0
522,797,47783326,49106584,22225,7933,93,7955,0,5,-18,5,-18,1,1,1,1188.57,662.98,1188.57,662.98,19125,0,0,0,0,0,0,0
523,798,62391214,60358333,22073,7933,93,7955,0,5,-18,5,-18,1,1,1,1188.57,662.98,1188.57,662.98,23541,0,0,0,0,0,0,0
524,799,66607788,66422833,22701,7933,93,7955,0,5,-18,5,-18,1,1,1,1188.57,662.98,1188.57,662.98,28500,0,0,0,0,0,0,0
525,800,67615628,67555375,22429,7933,93,7955,0,5,-18,5,-18,1,1,1,1188.57,662.98,1188.57,662.98,32542,0,0,0,0,0,0,0
526,801,71169875,73171291,22137,7934,94,7956,0,5,-18,5,-18,1,1,1,1188.57,662.98,1188.57,662.98,31541,0,0,0,0,0,0,0
527,802,69888956,67846167,22073,7933,96,7955,0,5,-18,5,-18,1,1,1,1188.57,662.98,1188.57,662.98,28959,0,0,0,0,0,0,0
528,803,59827622,61858250,27757,7933,93,7955,0,4,-18,4,-18,1,1,1,1142.86,635.99,1142.86,635.99,649417,0,603583,588416,0,0,0,0
529,804,55822584,54598459,22073,7933,93,7955,0,4,-18,4,-18,1,1,1,1142.86,635.99,1142.86,635.99,23250,0,0,0,0,0,0,0
530,805,46540420,47796625,22137,7933,93,7955,0,4,-18,4,-18,1,1,1,1142.86,635.99,1142.86,635.99,19209,0,0,0,0,0,0,0
531,806,48612918,48355917,22161,7933,93,7955,0,4,-18,4,-18,1,1,1,1142.86,635.99,1142.86,635.99,19375,0,0,0,0,0,0,0
532,807,50453834,47663917,22689,7933,93,7955,0,4,-18,4,-18,1,1,1,1142.86,635.99,1142.86,635.99,19167,0,0,0,0,0,0,0
533,808,44282831,47383416,22353,7933,93,7955,0,4,-18,4,-18,1,1,1,1142.86,635.99,1142.86,635.99,24458,0,0,0,0,0,0,0
534,809,49917545,49816500,22073,7933,93,7955,0,4,-18,4,-18,1,1,1,1142.86,635.99,1142.86,635.99,26500,0,0,0,0,0,0,0
535,810,58114249,56576833,22161,7933,93,7955,0,4,-18,4,-18,1,1,1,1142.86,635.99,1142.86,635.99,22916,0,0,0,0,0,0,0
536,811,50802793,52339833,22189,7933,96,7955,0,4,-18,4,-18,1,1,1,1142.86,635.99,1142.86,635.99,22167,0,0,0,0,0,0,0
537,812,56573830,54872250,22073,7933,93,7955,0,4,-18,4,-18,1,1,1,1142.86,635.99,1142.86,635.99,22875,0,0,0,0,0,0,0
538,813,52299957,53920208,22225,7933,93,7955,0,4,-18,4,-18,1,1,1,1142.86,635.99,1142.86,635.99,23875,0,0,0,0,0,0,0
539,814,57848207,55704292,22073,7933,93,7955,0,4,-18,4,-18,1,1,1,1142.86,635.99,1142.86,635.99,25792,0,0,0,0,0,0,0
540,815,53367581,55435292,22189,7933,93,7955,0,3,-18,3,-18,1,1,1,1097.14,613.14,1097.14,613.14,22375,0,0,0,0,0,0,0
541,816,57338088,55115375,22161,7934,94,7956,0,3,-18,3,-18,1,1,1,1097.14,613.14,1097.14,613.14,22917,0,0,0,0,0,0,0
542,817,55470917,56086875,22701,7933,93,7955,0,3,-18,3,-18,1,1,1,1097.14,613.14,1097.14,613.14,24792,0,0,0,0,0,0,0
543,818,53090326,53006500,22289,7933,93,7955,0,3,-18,3,-18,1,1,1,1097.14,613.14,1097.14,613.14,23583,0,0,0,0,0,0,0
544,819,49532130,51255416,22277,7933,93,7955,0,3,-18,3,-18,1,1,1,1097.14,613.14,1097.14,613.14,24959,0,0,0,0,0,0,0
545,820,43379165,43365375,22073,7933,96,7955,0,3,-18,3,-18,1,1,1,1097.14,613.14,1097.14,613.14,20000,0,0,0,0,0,0,0
546,821,40522415,39354625,22073,7933,93,7955,0,3,-18,3,-18,1,1,1,1097.14,613.14,1097.14,613.14,19292,0,0,0,0,0,0,0
547,822,37456505,38570250,22137,7933,93,7955,0,3,-18,3,-18,1,1,1,1097.14,613.14,1097.14,613.14,16917,0,0,0,0,0,0,0
548,823,35275246,35321792,22161,7933,93,7955,0,3,-18,3,-18,1,1,1,1097.14,613.14,1097.14,613.14,16583,0,0,0,0,0,0,0
549,824,35109665,34038541,22125,7933,93,7955,0,3,-18,3,-18,1,1,1,1097.14,613.14,1097.14,613.14,15166,0,0,0,0,0,0,0
550,825,32829415,33872291,22137,7933,93,7955,0,3,-18,3,-18,1,1,1,1097.14,613.14,1097.14,613.14,15000,0,0,0,0,0,0,0
551,826,33350545,33359959,22073,7933,93,7955,0,3,-18,3,-18,1,1,1,1097.14,613.14,1097.14,613.14,14875,0,0,0,0,0,0,0
552,827,34530166,33269291,22073,7933,93,7955,0,2,-18,2,-18,1,1,1,1051.43,590.28,1051.43,590.28,14667,0,0,0,0,0,0,0
553,828,34033581,35259667,22225,7933,93,7955,0,2,-18,2,-18,1,1,1,1051.43,590.28,1051.43,590.28,16583,0,0,0,0,0,0,0
554,829,38714960,37572167,22637,7933,93,7955,0,2,-18,2,-18,1,1,1,1051.43,590.28,1051.43,590.28,15292,0,0,0,0,0,0,0
555,830,37374205,37350917,22341,7933,93,7955,0,2,-18,2,-18,1,1,1,1051.43,590.28,1051.43,590.28,18667,0,0,0,0,0,0,0
556,831,36692708,37750291,22137,7934,94,7956,0,2,-18,2,-18,1,1,1,1051.43,590.28,1051.43,590.28,15084,0,0,0,0,0,0,0
557,832,43052338,42897375,22073,7933,93,7955,0,2,-18,2,-18,1,1,1,1051.43,590.28,1051.43,590.28,16541,0,0,0,0,0,0,0
558,833,37494834,36513417,22161,7933,96,7955,0,2,-18,2,-18,1,1,1,1051.43,590.28,1051.43,590.28,15459,0,0,0,0,0,0,0
559,834,34157495,35295958,22137,7933,93,7955,0,2,-18,2,-18,1,1,1,1051.43,590.28,1051.43,590.28,18208,0,0,0,0,0,0,0
560,835,38261629,38158167,22073,7933,93,7955,0,2,-18,2,-18,1,1,1,1051.43,590.28,1051.43,590.28,16000,0,0,0,0,0,0,0
561,836,42139995,40571583,22125,7933,93,7955,0,2,-18,2,-18,1,1,1,1051.43,590.28,1051.43,590.28,18667,0,0,0,0,0,0,0
562,837,44954754,46370125,22225,7933,93,7955,0,2,-18,2,-18,1,1,1,1051.43,590.28,1051.43,590.28,19750,0,0,0,0,0,0,0
563,838,53217913,53079208,22073,7933,93,7955,0,2,-18,2,-18,1,1,1,1051.43,590.28,1051.43,590.28,32042,0,0,0,0,0,0,0
564,839,70467837,68478958,22073,7933,93,7955,0,1,-18,1,-18,1,1,1,1005.71,567.42,1005.71,567.42,28625,0,0,0,0,0,0,0
565,840,68319126,68344709,22841,7933,93,7955,0,1,-18,1,-18,1,1,1,1005.71,567.42,1005.71,567.42,27625,0,0,0,0,0,0,0
566,841,69460824,69182250,22289,7933,93,7955,0,1,-18,1,-18,1,1,1,1005.71,567.42,1005.71,567.42,69833,0,0,0,0,0,0,0
567,842,74321873,76417167,22137,7933,93,7955,0,1,-18,1,-18,1,1,1,1005.71,567.42,1005.71,567.42,54834,0,0,0,0,0,0,0
568,843,62131583,60485375,22213,7933,96,7955,0,1,-18,1,-18,1,1,1,1005.71,567.42,1005.71,567.42,28792,0,0,0,0,0,0,0
569,844,51884375,53611584,22137,7933,93,7955,0,1,-18,1,-18,1,1,1,1005.71,567.42,1005.71,567.42,22416,0,0,0,0,0,0,0
570,845,50315879,48789958,22073,7933,93,7955,0,1,-18,1,-18,1,1,1,1005.71,567.42,1005.71,567.42,19042,0,0,0,0,0,0,0
571,846,47215037,48594708,22225,7934,94,7956,0,1,-18,1,-18,1,1,1,1005.71,567.42,1005.71,567.42,21542,0,0,0,0,0,0,0
572,847,47196831,47367292,22125,7933,93,7955,0,1,-18,1,-18,1,1,1,1005.71,567.42,1005.71,567.42,19542,0,0,0,0,0,0,0
573,848,47775417,46142500,22073,7933,93,7955,0,1,-18,1,-18,1,1,1,1005.71,567.42,1005.71,567.42,19042,0,0,0,0,0,0,0
574,849,45910544,45919084,22701,7933,93,7955,0,1,-18,1,-18,1,1,1,1005.71,567.42,1005.71,567.42,20917,0,0,0,0,0,0,0
575,850,46262331,47840959,22377,7933,93,7955,0,1,-18,1,-18,1,1,1,1005.71,567.42,1005.71,567.42,19042,0,0,0,0,0,0,0
576,851,55047549,53444000,22073,7933,93,7955,0,0,-18,0,-18,1,1,1,960,544.56,960,544.56,20250,0,0,0,0,0,0,0
577,852,59922456,61027375,22189,7933,93,7955,0,0,-18,0,-18,1,1,1,960,544.56,960,544.56,28750,0,0,0,0,0,0,0
578,853,55513788,54360583,22161,7933,96,7955,0,0,-18,0,-18,1,1,1,960,544.56,960,544.56,22417,0,0,0,0,0,0,0
579,854,52305415,53748458,22137,7933,93,7955,0,0,-18,0,-18,1,1,1,960,544.56,960,544.56,22958,0,0,0,0,0,0,0
580,855,58433920,56154292,22073,7933,93,7955,0,0,-18,0,-18,1,1,1,960,544.56,960,544.56,23625,0,0,0,0,0,0,0
581,856,53627084,55813666,22277,7933,93,7955,0,0,-18,0,-18,1,1,1,960,544.56,960,544.56,23750,0,0,0,0,0,0,0
582,857,52935749,51711375,22073,7933,93,7955,0,0,-18,0,-18,1,1,1,960,544.56,960,544.56,23750,0,0,0,0,0,0,0
583,858,45004542,46266208,22137,7933,93,7955,0,0,-18,0,-18,1,1,1,960,544.56,960,544.56,19083,0,0,0,0,0,0,0
584,859,45574247,44068084,22725,7933,93,7955,0,0,-18,0,-18,1,1,1,960,544.56,960,544.56,19542,0,0,0,0,0,0,0
585,860,43637081,44018041,22289,7933,93,7955,0,0,-18,0,-18,1,1,1,960,544.56,960,544.56,19167,0,0,0,0,0,0,0
586,861,37501417,38624083,22189,7934,94,7956,0,0,-18,0,-18,1,1,1,960,544.56,960,544.56,16833,0,0,0,0,0,0,0
587,862,40613166,40589875,22073,7933,93,7955,0,0,-18,0,-18,1,1,1,960,544.56,960,544.56,17000,0,0,0,0,0,0,0
588,863,38451794,37411000,22161,7933,96,7955,0,-1,-18,-1,-18,1,1,1,914.29,521.71,914.29,521.71,56875,0,0,0,0,0,0,0
589,864,33064790,34126333,22137,7933,93,7955,0,-1,-18,-1,-18,1,1,1,914.29,521.71,914.29,521.71,14250,0,0,0,0,0,0,0
590,865,33848043,33835667,22073,7933,93,7955,0,-1,-18,-1,-18,1,1,1,914.29,521.71,914.29,521.71,14916,0,0,0,0,0,0,0
591,866,34408126,33346042,22073,7933,93,7955,0,-1,-18,-1,-18,1,1,1,914.29,521.71,914.29,521.71,14833,0,0,0,0,0,0,0
592,867,32459493,33416625,22189,7933,93,7955,0,-1,-18,-1,-18,1,1,1,914.29,521.71,914.29,521.71,14500,0,0,0,0,0,0,0
593,868,33713422,33784250,22161,7933,93,7955,0,-1,-18,-1,-18,1,1,1,914.29,521.71,914.29,521.71,14458,0,0,0,0,0,0,0
594,869,34942161,33837625,22073,7933,93,7955,0,-1,-18,-1,-18,1,1,1,914.29,521.71,914.29,521.71,14417,0,0,0,0,0,0,0
595,870,32407753,33481417,22137,7933,93,7955,0,-1,-18,-1,-18,1,1,1,914.29,521.71,914.29,521.71,17458,0,0,0,0,0,0,0
596,871,33525582,33512375,22073,7933,93,7955,0,-1,-18,-1,-18,1,1,1,914.29,521.71,914.29,521.71,14500,0,0,0,0,0,0,0
597,872,35547088,33626292,22637,7933,93,7955,0,-1,-18,-1,-18,1,1,1,914.29,521.71,914.29,521.71,14542,0,0,0,0,0,0,0
598,873,31032999,32909666,22493,7933,93,7955,0,-1,-18,-1,-18,1,1,1,914.29,521.71,914.29,521.71,16833,0,0,0,0,0,0,0
599,874,30274325,30301833,22073,7933,93,7955,0,-1,-18,-1,-18,1,1,1,914.29,521.71,914.29,521.71,13375,0,0,0,0,0,0,0
600,875,30580129,30509583,22073,7933,93,7955,0,-2,-18,-2,-18,1,1,1,868.57,498.85,868.57,498.85,13000,0,0,0,0,0,0,0
601,876,35693161,34746791,22073,7934,94,7956,0,-2,-18,-2,-18,1,1,1,868.57,498.85,868.57,498.85,14458,0,0,0,0,0,0,0
602,877,32921958,33465542,22137,7933,96,7955,0,-2,-18,-2,-18,1,1,1,868.57,498.85,868.57,498.85,13709,0,0,0,0,0,0,0
603,878,34547045,34861167,22161,7933,93,7955,0,-2,-18,-2,-18,1,1,1,868.57,498.85,868.57,498.85,14167,0,0,0,0,0,0,0
604,879,37745125,36649125,22073,7933,93,7955,0,-2,-18,-2,-18,1,1,1,868.57,498.85,868.57,498.85,15042,0,0,0,0,0,0,0
605,880,35229165,36178042,22189,7933,93,7955,0,-2,-18,-2,-18,1,1,1,868.57,498.85,868.57,498.85,15625,0,0,0,0,0,0,0
606,881,35504415,35615958,22073,7933,93,7955,0,-2,-18,-2,-18,1,1,1,868.57,498.85,868.57,498.85,18000,0,0,0,0,0,0,0
607,882,38690418,37554125,22073,7933,93,7955,0,-2,-18,-2,-18,1,1,1,868.57,498.85,868.57,498.85,17292,0,0,0,0,0,0,0
608,883,34288540,35399209,22225,7933,93,7955,0,-2,-18,-2,-18,1,1,1,868.57,498.85,868.57,498.85,15209,0,0,0,0,0,0,0
609,884,42151410,41952958,22073,7933,93,7955,0,-2,-18,-2,-18,1,1,1,868.57,498.85,868.57,498.85,17625,0,0,0,0,0,0,0
610,885,54171543,52294458,22073,7933,93,7955,0,-2,-18,-2,-18,1,1,1,868.57,498.85,868.57,498.85,21667,0,0,0,0,0,0,0
611,886,69227293,68754750,22753,7933,93,7955,0,-2,-18,-2,-18,1,1,1,868.57,498.85,868.57,498.85,29542,0,0,0,0,0,0,0
612,887,68638876,68877208,22377,7933,93,7955,0,-3,-18,-3,-18,1,1,1,822.86,475.99,822.86,475.99,31125,0,0,0,0,0,0,0
613,888,80560877,82417833,22137,7933,93,7955,0,-3,-18,-3,-18,1,1,1,822.86,475.99,822.86,475.99,24125,0,0,0,0,0,0,0
614,889,70728957,68741583,22125,7933,96,7955,0,-3,-18,-3,-18,1,1,1,822.86,475.99,822.86,475.99,22208,0,0,0,0,0,0,0
615,890,63250549,65283375,22225,7933,93,7955,0,-3,-18,-3,-18,1,1,1,822.86,475.99,822.86,475.99,22208,0,0,0,0,0,0,0
616,891,54151915,52877709,22073,7934,94,7956,0,-3,-18,-3,-18,1,1,1,822.86,475.99,822.86,475.99,26375,0,0,0,0,0,0,0
617,892,45236628,46531000,22137,7933,93,7955,0,-3,-18,-3,-18,1,1,1,822.86,475.99,822.86,475.99,21291,0,0,0,0,0,0,0
618,893,43845288,43345375,22213,7933,93,7955,0,-3,-18,-3,-18,1,1,1,822.86,475.99,822.86,475.99,21125,0,0,0,0,0,0,0
619,894,44402543,42587667,22637,7933,93,7955,0,-3,-18,-3,-18,1,1,1,822.86,475.99,822.86,475.99,19625,0,0,0,0,0,0,0
620,895,38030292,40306167,22353,7933,93,7955,0,-3,-18,-3,-18,1,1,1,822.86,475.99,822.86,475.99,18000,0,0,0,0,0,0,0
621,896,41006457,40900667,22073,7933,93,7955,0,-3,-18,-3,-18,1,1,1,822.86,475.99,822.86,475.99,18458,0,0,0,0,0,0,0
622,897,50116334,48720500,22161,7933,93,7955,0,-3,-18,-3,-18,1,1,1,822.86,475.99,822.86,475.99,19417,0,0,0,0,0,0,0
623,898,45314624,46634958,22189,7933,96,7955,0,-3,-18,-3,-18,1,1,1,822.86,475.99,822.86,475.99,21500,0,0,0,0,0,0,0
624,899,45457709,45539000,22073,7933,93,7955,0,-4,-18,-4,-18,1,1,1,777.14,453.14,777.14,453.14,22500,0,0,0,0,0,0,0
625,900,46543452,45164875,22073,7933,93,7955,0,-4,-18,-4,-18,1,1,1,777.14,453.14,777.14,453.14,25959,0,0,0,0,0,0,0
626,901,45778587,47139250,22225,7933,93,7955,0,-4,-18,-4,-18,1,1,1,777.14,453.14,777.14,453.14,21542,0,0,0,0,0,0,0
627,902,46372003,46200083,22073,7933,93,7955,0,-4,-18,-4,-18,1,1,1,777.14,453.14,777.14,453.14,21584,0,0,0,0,0,0,0
628,903,48370122,47179125,22125,7933,93,7955,0,-4,-18,-4,-18,1,1,1,777.14,453.14,777.14,453.14,21500,0,0,0,0,0,0,0
629,904,42730499,43986709,22137,7933,93,7955,0,-4,-18,-4,-18,1,1,1,777.14,453.14,777.14,453.14,22500,0,0,0,0,0,0,0
630,905,45217249,43921083,22725,7933,93,7955,0,-4,-18,-4,-18,1,1,1,777.14,453.14,777.14,453.14,21834,0,0,0,0,0,0,0
631,906,43136339,43158333,22289,7934,94,7956,0,-4,-18,-4,-18,1,1,1,777.14,453.14,777.14,453.14,21459,0,0,0,0,0,0,0
632,907,41389454,42645917,22137,7933,93,7955,0,-4,-18,-4,-18,1,1,1,777.14,453.14,777.14,453.14,21500,0,0,0,0,0,0,0
633,908,42442504,42459250,22125,7933,93,7955,0,-4,-18,-4,-18,1,1,1,777.14,453.14,777.14,453.14,21667,0,0,0,0,0,0,0
634,909,38933664,37763667,22161,7933,96,7955,0,-4,-18,-4,-18,1,1,1,777.14,453.14,777.14,453.14,21666,0,0,0,0,0,0,0
635,910,35477954,36649167,22137,7933,93,7955,0,-4,-18,-4,-18,1,1,1,777.14,453.14,777.14,453.14,19708,0,0,0,0,0,0,0
636,911,33464379,33456750,32345,7933,93,7955,0,-5,-18,-5,-18,1,1,1,731.43,431,731.43,431,339208,0,317458,313750,0,0,0,0
637,912,34777622,33725042,22073,7933,93,7955,0,-5,-18,-5,-18,1,1,1,731.43,431,731.43,431,17167,0,0,0,0,0,0,0
638,913,32319296,33283667,22137,7933,93,7955,0,-5,-18,-5,-18,1,1,1,731.43,431,731.43,431,16542,0,0,0,0,0,0,0
639,914,33292289,33358250,22213,7933,93,7955,0,-5,-18,-5,-18,1,1,1,731.43,431,731.43,431,16917,0,0,0,0,0,0,0
640,915,34589916,33503791,22073,7933,93,7955,0,-5,-18,-5,-18,1,1,1,731.43,431,731.43,431,17000,0,0,0,0,0,0,0
641,916,32518997,33577958,22137,7933,93,7955,0,-5,-18,-5,-18,1,1,1,731.43,431,731.43,431,16791,0,0,0,0,0,0,0
642,917,33704668,33674375,22073,7933,93,7955,0,-5,-18,-5,-18,1,1,1,731.43,431,731.43,431,17000,0,0,0,0,0,0,0
643,918,34680996,33540125,22073,7933,93,7955,0,-5,-18,-5,-18,1,1,1,731.43,431,731.43,431,16750,0,0,0,0,0,0,0
644,919,32787378,32885292,22789,7933,93,7955,0,-5,-18,-5,-18,1,1,1,731.43,431,731.43,431,17500,0,0,0,0,0,0,0
645,920,30606122,31624042,22341,7933,93,7955,0,-5,-18,-5,-18,1,1,1,731.43,431,731.43,431,15083,0,0,0,0,0,0,0
646,921,30577210,30545458,22073,7934,94,7956,0,-5,-18,-5,-18,1,1,1,731.43,431,731.43,431,15625,0,0,0,0,0,0,0
647,922,31462371,30365166,22073,7933,93,7955,0,-5,-18,-5,-18,1,1,1,731.43,431,731.43,431,15000,0,0,0,0,0,0,0
648,923,32615043,33627542,22137,7933,93,7955,0,-6,-18,-6,-18,1,1,1,685.71,416.09,685.71,416.09,17041,0,0,0,0,0,0,0
649,924,30369501,30440708,22161,7933,96,7955,0,-6,-18,-6,-18,1,1,1,685.71,416.09,685.71,416.09,15125,0,0,0,0,0,0,0
650,925,30358914,30326417,22073,7933,93,7955,0,-6,-18,-6,-18,1,1,1,685.71,416.09,685.71,416.09,15041,0,0,0,0,0,0,0
651,926,33389080,32394500,22073,7933,93,7955,0,-6,-18,-6,-18,1,1,1,685.71,416.09,685.71,416.09,15167,0,0,0,0,0,0,0
652,927,31819585,32756459,22189,7933,93,7955,0,-6,-18,-6,-18,1,1,1,685.71,416.09,685.71,416.09,15292,0,0,0,0,0,0,0
653,928,33751212,33699917,22073,7933,93,7955,0,-6,-18,-6,-18,1,1,1,685.71,416.09,685.71,416.09,16417,0,0,0,0,0,0,0
654,929,34873079,33835042,22161,7933,93,7955,0,-6,-18,-6,-18,1,1,1,685.71,416.09,685.71,416.09,16417,0,0,0,0,0,0,0
655,930,31868252,32946792,22137,7933,93,7955,0,-6,-18,-6,-18,1,1,1,685.71,416.09,685.71,416.09,16625,0,0,0,0,0,0,0
656,931,32632369,32587625,22073,7933,93,7955,0,-6,-18,-6,-18,1,1,1,685.71,416.09,685.71,416.09,14916,0,0,0,0,0,0,0
657,932,33340461,33350208,22073,7933,93,7955,0,-6,-18,-6,-18,1,1,1,685.71,416.09,685.71,416.09,16167,0,0,0,0,0,0,0
658,933,35000085,33764500,22073,7933,93,7955,0,-6,-18,-6,-18,1,1,1,685.71,416.09,685.71,416.09,16750,0,0,0,0,0,0,0
659,934,34540496,34654042,22841,7933,93,7955,0,-6,-18,-6,-18,1,1,1,685.71,416.09,685.71,416.09,17166,0,0,0,0,0,0,0
660,935,32625749,33692833,22289,7933,93,7955,0,-8,-18,-8,-18,1,1,1,594.29,422.77,594.29,422.77,16292,0,0,0,0,0,0,0
661,936,34774914,33703209,22073,7934,94,7956,0,-8,-18,-8,-18,1,1,1,594.29,422.77,594.29,422.77,16708,0,0,0,0,0,0,0
662,937,33660750,34672541,22137,7933,93,7955,0,-8,-18,-8,-18,1,1,1,594.29,422.77,594.29,422.77,16750,0,0,0,0,0,0,0
663,938,39115123,38936833,22073,7933,93,7955,0,-8,-18,-8,-18,1,1,1,594.29,422.77,594.29,422.77,18917,0,0,0,0,0,0,0
664,939,38858417,37856875,22161,7933,96,7955,0,-8,-18,-8,-18,1,1,1,594.29,422.77,594.29,422.77,17375,0,0,0,0,0,0,0
665,940,35937167,37090125,22189,7933,93,7955,0,-8,-18,-8,-18,1,1,1,594.29,422.77,594.29,422.77,18208,0,0,0,0,0,0,0
666,941,38066666,37838250,22073,7933,93,7955,0,-8,-18,-8,-18,1,1,1,594.29,422.77,594.29,422.77,17000,0,0,0,0,0,0,0
667,942,42714044,41611750,22073,7933,93,7955,0,-8,-18,-8,-18,1,1,1,594.29,422.77,594.29,422.77,23000,0,0,0,0,0,0,0
668,943,48138789,49284333,22225,7933,93,7955,0,-8,-18,-8,-18,1,1,1,594.29,422.77,594.29,422.77,21833,0,0,0,0,0,0,0
669,944,61746165,59547750,22073,7933,93,7955,0,-8,-18,-8,-18,1,1,1,594.29,422.77,594.29,422.77,27958,0,0,0,0,0,0,0
670,945,67555293,69166292,22189,7933,93,7955,0,-8,-18,-8,-18,1,1,1,594.29,422.77,594.29,422.77,32416,0,0,0,0,0,0,0
671,946,72296120,68864458,22725,7933,93,7955,0,-8,-18,-8,-18,1,1,1,594.29,422.77,594.29,422.77,42000,0,0,0,0,0,0,0
672,947,65880037,69626917,22353,7933,93,7955,0,-9,-18,-9,-18,1,1,1,548.57,418.39,548.57,418.39,24875,0,0,0,0,0,0,0
673,948,73481626,71412292,22125,7933,93,7955,0,-9,-18,-9,-18,1,1,1,548.57,418.39,548.57,418.39,36209,0,0,0,0,0,0,0
674,949,61314128,63504542,22225,7933,96,7955,0,-9,-18,-9,-18,1,1,1,548.57,418.39,548.57,418.39,39166,0,0,0,0,0,0,0
675,950,57659454,55588375,22073,7933,93,7955,0,-9,-18,-9,-18,1,1,1,548.57,418.39,548.57,418.39,27833,0,0,0,0,0,0,0
676,951,46582959,48580542,22137,7934,94,7956,0,-9,-18,-9,-18,1,1,1,548.57,418.39,548.57,418.39,24042,0,0,0,0,0,0,0
677,952,44957086,44958833,22213,7933,93,7955,0,-9,-18,-9,-18,1,1,1,548.57,418.39,548.57,418.39,23958,0,0,0,0,0,0,0
678,953,48877630,47552375,22073,7933,93,7955,0,-9,-18,-9,-18,1,1,1,548.57,418.39,548.57,418.39,23083,0,0,0,0,0,0,0
679,954,45168332,46319000,22137,7933,93,7955,0,-9,-18,-9,-18,1,1,1,548.57,418.39,548.57,418.39,23083,0,0,0,0,0,0,0
680,955,48608582,47093458,22637,7933,93,7955,0,-9,-18,-9,-18,1,1,1,548.57,418.39,548.57,418.39,22541,0,0,0,0,0,0,0
681,956,45307043,45597000,22377,7933,93,7955,0,-9,-18,-9,-18,1,1,1,548.57,418.39,548.57,418.39,25875,0,0,0,0,0,0,0
682,957,44479209,45790000,22189,7933,93,7955,0,-9,-18,-9,-18,1,1,1,548.57,418.39,548.57,418.39,23292,0,0,0,0,0,0,0
683,958,50812747,50826917,22073,7933,93,7955,0,-9,-18,-9,-18,1,1,1,548.57,418.39,548.57,418.39,25083,0,0,0,0,0,0,0
684,959,50512585,48769458,22073,7933,96,7955,0,-10,-18,-10,-18,1,1,1,502.86,399.44,502.86,399.44,22709,0,0,0,0,0,0,0
685,960,52917078,54553250,22225,7933,93,7955,0,-10,-18,-10,-18,1,1,1,502.86,399.44,502.86,399.44,27542,0,0,0,0,0,0,0
686,961,58953046,56855583,22125,7933,93,7955,0,-10,-18,-10,-18,1,1,1,502.86,399.44,502.86,399.44,26417,0,0,0,0,0,0,0
687,962,53096789,55044167,22137,7933,93,7955,0,-10,-18,-10,-18,1,1,1,502.86,399.44,502.86,399.44,27334,0,0,0,0,0,0,0
688,963,57358250,55410000,22161,7933,93,7955,0,-10,-18,-10,-18,1,1,1,502.86,399.44,502.86,399.44,27458,0,0,0,0,0,0,0
689,964,60446336,60775458,22701,7933,93,7955,0,-10,-18,-10,-18,1,1,1,502.86,399.44,502.86,399.44,46666,0,0,0,0,0,0,0
690,965,54178576,54128834,22341,7933,93,7955,0,-10,-18,-10,-18,1,1,1,502.86,399.44,502.86,399.44,27709,0,0,0,0,0,0,0
691,966,52906461,54528125,22225,7934,94,7956,0,-10,-18,-10,-18,1,1,1,502.86,399.44,502.86,399.44,28292,0,0,0,0,0,0,0
692,967,61518706,59983875,22073,7933,93,7955,0,-10,-18,-10,-18,1,1,1,502.86,399.44,502.86,399.44,27750,0,0,0,0,0,0,0
693,968,49852997,51368083,22137,7933,96,7955,0,-10,-18,-10,-18,1,1,1,502.86,399.44,502.86,399.44,27708,0,0,0,0,0,0,0
694,969,44248249,44340792,22213,7933,93,7955,0,-10,-18,-10,-18,1,1,1,502.86,399.44,502.86,399.44,22250,0,0,0,0,0,0,0
695,970,43101254,41885375,22073,7933,93,7955,0,-10,-18,-10,-18,1,1,1,502.86,399.44,502.86,399.44,22792,0,0,0,0,0,0,0
696,971,37141710,38357375,22137,7933,93,7955,0,-11,-18,-11,-18,1,1,1,457.14,380.06,457.14,380.06,30000,0,0,0,0,0,0,0
697,972,38284912,38132333,22073,7933,93,7955,0,-11,-18,-11,-18,1,1,1,457.14,380.06,457.14,380.06,19208,0,0,0,0,0,0,0
698,973,37430789,36509375,22161,7933,93,7955,0,-11,-18,-11,-18,1,1,1,457.14,380.06,457.14,380.06,19167,0,0,0,0,0,0,0
699,974,33133376,34113042,22137,7933,93,7955,0,-11,-18,-11,-18,1,1,1,457.14,380.06,457.14,380.06,16833,0,0,0,0,0,0,0
700,975,34520253,33455500,22689,7933,93,7955,0,-11,-18,-11,-18,1,1,1,457.14,380.06,457.14,380.06,17292,0,0,0,0,0,0,0
701,976,34034706,34060333,22289,7933,93,7955,0,-11,-18,-11,-18,1,1,1,457.14,380.06,457.14,380.06,17250,0,0,0,0,0,0,0
702,977,32784167,33774875,22137,7933,93,7955,0,-11,-18,-11,-18,1,1,1,457.14,380.06,457.14,380.06,16375,0,0,0,0,0,0,0
703,978,33856786,33875708,22161,7933,93,7955,0,-11,-18,-11,-18,1,1,1,457.14,380.06,457.14,380.06,18167,0,0,0,0,0,0,0
704,979,37167083,36124708,22073,7933,93,7955,0,-11,-18,-11,-18,1,1,1,457.14,380.06,457.14,380.06,18458,0,0,0,0,0,0,0
705,980,33688995,34712750,22137,7933,96,7955,0,-11,-18,-11,-18,1,1,1,457.14,380.06,457.14,380.06,17708,0,0,0,0,0,0,0
706,981,34569960,34551375,22125,7934,94,7956,0,-11,-18,-11,-18,1,1,1,457.14,380.06,457.14,380.06,19583,0,0,0,0,0,0,0
707,982,38714412,37492833,22073,7933,93,7955,0,-11,-18,-11,-18,1,1,1,457.14,380.06,457.14,380.06,23625,0,0,0,0,0,0,0
708,983,35934545,37130958,22225,7933,93,7955,0,-12,-18,-12,-18,1,1,1,411.43,359.32,411.43,359.32,15625,0,0,0,0,0,0,0
709,984,38118544,38081917,22073,7933,93,7955,0,-12,-18,-12,-18,1,1,1,411.43,359.32,411.43,359.32,16833,0,0,0,0,0,0,0
710,985,38768999,37227250,22073,7933,93,7955,0,-12,-18,-12,-18,1,1,1,411.43,359.32,411.43,359.32,22125,0,0,0,0,0,0,0
711,986,36010459,37424167,22137,7933,93,7955,0,-12,-18,-12,-18,1,1,1,411.43,359.32,411.43,359.32,17084,0,0,0,0,0,0,0
712,987,38464166,38508708,22125,7933,93,7955,0,-12,-18,-12,-18,1,1,1,411.43,359.32,411.43,359.32,18708,0,0,0,0,0,0,0
713,988,37459127,36264541,22161,7933,93,7955,0,-12,-18,-12,-18,1,1,1,411.43,359.32,411.43,359.32,17875,0,0,0,0,0,0,0
714,989,40642041,39989250,22701,7933,93,7955,0,-12,-18,-12,-18,1,1,1,411.43,359.32,411.43,359.32,19500,0,0,0,0,0,0,0
715,990,48315290,50059291,22289,7933,93,7955,0,-12,-18,-12,-18,1,1,1,411.43,359.32,411.43,359.32,24333,0,0,0,0,0,0,0
716,991,61738576,59616500,22073,7933,93,7955,0,-12,-18,-12,-18,1,1,1,411.43,359.32,411.43,359.32,26250,0,0,0,0,0,0,0
717,992,68500459,70327958,22277,7933,93,7955,0,-12,-18,-12,-18,1,1,1,411.43,359.32,411.43,359.32,34792,0,0,0,0,0,0,0
718,993,69097667,66894333,22073,7933,96,7955,0,-12,-18,-12,-18,1,1,1,411.43,359.32,411.43,359.32,33083,0,0,0,0,0,0,0
719,994,67310243,69390875,22137,7933,93,7955,0,-12,-18,-12,-18,1,1,1,411.43,359.32,411.43,359.32,35250,0,0,0,0,0,0,0
720,995,69618128,67915583,22213,7933,93,7955,0,-13,-18,-13,-18,1,1,1,365.71,336.6,365.71,336.6,32125,0,0,0,0,0,0,0
721,996,53595919,55500834,22137,7934,94,7956,0,-13,-18,-13,-18,1,1,1,365.71,336.6,365.71,336.6,27041,0,0,0,0,0,0,0
722,997,58814831,54917250,22637,7933,93,7955,0,-13,-18,-13,-18,1,1,1,365.71,336.6,365.71,336.6,26000,0,0,0,0,0,0,0
723,998,50852041,54774833,22441,7933,93,7955,0,-13,-18,-13,-18,1,1,1,365.71,336.6,365.71,336.6,27750,0,0,0,0,0,0,0
724,999,49969628,48269458,22125,7933,93,7955,0,-13,-18,-13,-18,1,1,1,365.71,336.6,365.71,336.6,22959,0,0,0,0,0,0,0
725,1000,48182744,49822625,22137,7933,93,7955,0,-13,-18,-13,-18,1,1,1,365.71,336.6,365.71,336.6,24000,0,0,0,0,0,0,0
726,1001,46344876,46293125,22073,7933,96,7955,0,-13,-18,-13,-18,1,1,1,365.71,336.6,365.71,336.6,22542,0,0,0,0,0,0,0
727,1002,47159254,45865750,22161,7933,93,7955,0,-13,-18,-13,-18,1,1,1,365.71,336.6,365.71,336.6,27708,0,0,0,0,0,0,0
728,1003,47190453,48516833,22137,7933,93,7955,0,-13,-18,-13,-18,1,1,1,365.71,336.6,365.71,336.6,21792,0,0,0,0,0,0,0
729,1004,49224998,49141250,22125,7933,93,7955,0,-13,-18,-13,-18,1,1,1,365.71,336.6,365.71,336.6,21667,0,0,0,0,0,0,0
730,1005,52295669,50653208,22073,7933,93,7955,0,-13,-18,-13,-18,1,1,1,365.71,336.6,365.71,336.6,26333,0,0,0,0,0,0,0
731,1006,50912994,52569708,22225,7933,93,7955,0,-13,-18,-13,-18,1,1,1,365.71,336.6,365.71,336.6,26209,0,0,0,0,0,0,0
732,1007,45935127,45938500,22073,7933,93,7955,0,-14,-18,-14,-18,1,1,1,320,311.82,320,311.82,22042,0,0,0,0,0,0,0
733,1008,46095039,43685417,22637,7933,93,7955,0,-14,-18,-14,-18,1,1,1,320,311.82,320,311.82,21208,0,0,0,0,0,0,0
734,1009,40080539,42437541,22405,7933,93,7955,0,-14,-18,-14,-18,1,1,1,320,311.82,320,311.82,21625,0,0,0,0,0,0,0
735,1010,38396626,38386625,22161,7933,93,7955,0,-14,-18,-14,-18,1,1,1,320,311.82,320,311.82,18833,0,0,0,0,0,0,0
736,1011,41668169,40532792,22073,7934,94,7956,0,-14,-18,-14,-18,1,1,1,320,311.82,320,311.82,20500,0,0,0,0,0,0,0
737,1012,35638038,36800459,22137,7933,96,7955,0,-14,-18,-14,-18,1,1,1,320,311.82,320,311.82,18750,0,0,0,0,0,0,0
738,1013,34102372,34104625,22073,7933,93,7955,0,-14,-18,-14,-18,1,1,1,320,311.82,320,311.82,16709,0,0,0,0,0,0,0
739,1014,34348506,33187708,22073,7933,93,7955,0,-14,-18,-14,-18,1,1,1,320,311.82,320,311.82,17125,0,0,0,0,0,0,0
740,1015,32326288,33462292,22277,7933,93,7955,0,-14,-18,-14,-18,1,1,1,320,311.82,320,311.82,17125,0,0,0,0,0,0,0
741,1016,34044586,34020708,32015,7933,93,7955,0,-14,-18,-14,-18,1,1,1,320,311.82,320,311.82,16458,0,0,0,0,0,0,0
742,1017,34881874,33829959,27801,7933,93,7955,0,-14,-18,-14,-18,1,1,1,320,311.82,320,311.82,16625,0,0,0,0,0,0,0
743,1018,32771542,33773708,22137,7933,93,7955,0,-14,-18,-14,-18,1,1,1,320,311.82,320,311.82,15166,0,0,0,0,0,0,0
744,1019,33848624,33802583,22073,7933,93,7955,0,-15,-18,-15,-18,1,1,1,274.29,285.43,274.29,285.43,16708,0,0,0,0,0,0,0
745,1020,34829542,33781958,22161,7933,93,7955,0,-15,-18,-15,-18,1,1,1,274.29,285.43,274.29,285.43,41583,0,0,0,0,0,0,0
746,1021,32479621,32549458,22753,7933,93,7955,0,-15,-18,-15,-18,1,1,1,274.29,285.43,274.29,285.43,38458,0,0,0,0,0,0,0
747,1022,29573462,30573167,22289,7933,93,7955,0,-15,-18,-15,-18,1,1,1,274.29,285.43,274.29,285.43,37000,0,0,0,0,0,0,0
748,1023,30597329,30581708,22073,7933,93,7955,0,-15,-18,-15,-18,1,1,1,274.29,285.43,274.29,285.43,35416,0,0,0,0,0,0,0
749,1024,31507916,30441000,22073,7933,93,7955,0,-15,-18,-15,-18,1,1,1,274.29,285.43,274.29,285.43,36250,0,0,0,0,0,0,0
750,1025,32922670,33981708,22225,7933,93,7955,0,-15,-18,-15,-18,1,1,1,274.29,285.43,274.29,285.43,53583,0,0,0,0,0,0,0
751,1026,30271166,30217708,22073,7934,97,7956,0,-15,-18,-15,-18,1,1,1,274.29,285.43,274.29,285.43,36083,0,0,0,0,0,0,0
752,1027,30470585,30475250,22073,7933,93,7955,0,-15,-18,-15,-18,1,1,1,274.29,285.43,274.29,285.43,37542,0,0,0,0,0,0,0
753,1028,32972294,31921709,22125,7933,93,7955,0,-15,-18,-15,-18,1,1,1,274.29,285.43,274.29,285.43,36875,0,0,0,0,0,0,0
754,1029,32917913,33868375,22137,7933,93,7955,0,-15,-18,-15,-18,1,1,1,274.29,285.43,274.29,285.43,39833,0,0,0,0,0,0,0
755,1030,37573914,37608500,22161,7933,93,7955,0,-15,-18,-15,-18,1,1,1,274.29,285.43,274.29,285.43,44917,0,0,0,0,0,0,0
756,1031,37181548,35918667,22073,7933,93,7955,0,-16,-18,-16,-18,1,1,1,228.57,258.09,228.57,258.09,35375,0,0,0,0,0,0,0
757,1032,34790206,36004917,22137,7933,93,7955,0,-16,-18,-16,-18,1,1,1,228.57,258.09,228.57,258.09,38041,0,0,0,0,0,0,0
758,1033,38137543,38092333,22073,7933,93,7955,0,-16,-18,-16,-18,1,1,1,228.57,258.09,228.57,258.09,48125,0,0,0,0,0,0,0
759,1034,39504535,38196708,22125,7933,93,7955,0,-16,-18,-16,-18,1,1,1,228.57,258.09,228.57,258.09,65292,0,0,0,0,0,0,0
760,1035,37185750,38374625,22225,7933,93,7955,0,-16,-18,-16,-18,1,1,1,228.57,258.09,228.57,258.09,41875,0,0,0,0,0,0,0
761,1036,44578295,42975000,22637,7933,93,7955,0,-16,-18,-16,-18,1,1,1,228.57,258.09,228.57,258.09,43042,0,0,0,0,0,0,0
762,1037,51222916,51066541,22289,7933,93,7955,0,-16,-18,-16,-18,1,1,1,228.57,258.09,228.57,258.09,63708,0,0,0,0,0,0,0
763,1038,64630918,66019542,22137,7933,93,7955,0,-16,-18,-16,-18,1,1,1,228.57,258.09,228.57,258.09,64750,0,0,0,0,0,0,0
764,1039,71118250,68966458,22213,7933,93,7955,0,-16,-18,-16,-18,1,1,1,228.57,258.09,228.57,258.09,87250,0,0,0,0,0,0,0
765,1040,64004421,66253875,22137,7933,96,7955,0,-16,-18,-16,-18,1,1,1,228.57,258.09,228.57,258.09,64792,0,0,0,0,0,0,0
766,1041,68685956,66060625,22073,7934,94,7956,0,-16,-18,-16,-18,1,1,1,228.57,258.09,228.57,258.09,77583,0,0,0,0,0,0,0
767,1042,55606752,58281875,22277,7933,93,7955,0,-16,-18,-16,-18,1,1,1,228.57,258.09,228.57,258.09,61167,0,0,0,0,0,0,0
768,1043,54237082,52851458,22073,7933,93,7955,0,-17,-18,-17,-18,1,1,1,182.86,230.19,182.86,230.19,52750,0,0,0,0,0,0,0
769,1044,44658537,45932667,22137,7933,93,7955,0,-17,-18,-17,-18,1,1,1,182.86,230.19,182.86,230.19,48333,0,0,0,0,0,0,0
770,1045,47175664,45943125,22725,7933,93,7955,0,-17,-18,-17,-18,1,1,1,182.86,230.19,182.86,230.19,46625,0,0,0,0,0,0,0
771,1046,43313752,43498834,22341,7933,93,7955,0,-17,-18,-17,-18,1,1,1,182.86,230.19,182.86,230.19,45375,0,0,0,0,0,0,0
772,1047,44665582,45719667,22137,7933,93,7955,0,-17,-18,-17,-18,1,1,1,182.86,230.19,182.86,230.19,99333,0,0,0,0,0,0,0
773,1048,42968913,42780833,22073,7933,96,7955,0,-17,-18,-17,-18,1,1,1,182.86,230.19,182.86,230.19,42500,0,0,0,0,0,0,0
774,1049,43856754,42545875,22161,7933,93,7955,0,-17,-18,-17,-18,1,1,1,182.86,230.19,182.86,230.19,42750,0,0,0,0,0,0,0
775,1050,44469792,45968375,22137,7933,93,7955,0,-17,-18,-17,-18,1,1,1,182.86,230.19,182.86,230.19,46750,0,0,0,0,0,0,0
776,1051,44306166,44324375,22125,7933,93,7955,0,-17,-18,-17,-18,1,1,1,182.86,230.19,182.86,230.19,45250,0,0,0,0,0,0,0
777,1052,45750707,44310833,22073,7933,93,7955,0,-17,-18,-17,-18,1,1,1,182.86,230.19,182.86,230.19,50125,0,0,0,0,0,0,0
778,1053,42522419,43929166,22225,7933,93,7955,0,-17,-18,-17,-18,1,1,1,182.86,230.19,182.86,230.19,51709,0,0,0,0,0,0,0
779,1054,46889413,46664958,22073,7933,93,7955,0,-17,-18,-17,-18,1,1,1,182.86,230.19,182.86,230.19,41333,0,0,0,0,0,0,0
780,1055,49724247,47916584,22073,7933,93,7955,0,-16,-18,-16,-18,1,1,1,228.57,258.09,228.57,258.09,51916,0,0,0,0,0,0,0
781,1056,46999044,47359916,22753,7934,94,7956,0,-16,-18,-16,-18,1,1,1,228.57,258.09,228.57,258.09,60666,0,0,0,0,0,0,0
782,1057,45229207,46772292,22377,7933,93,7955,0,-16,-18,-16,-18,1,1,1,228.57,258.09,228.57,258.09,46083,0,0,0,0,0,0,0
783,1058,53634125,51997666,22073,7933,93,7955,0,-16,-18,-16,-18,1,1,1,228.57,258.09,228.57,258.09,45958,0,0,0,0,0,0,0
784,1059,59926453,61397042,22137,7933,93,7955,0,-16,-18,-16,-18,1,1,1,228.57,258.09,228.57,258.09,72250,0,0,0,0,0,0,0
785,1060,55824417,54348875,22213,7933,96,7955,0,-16,-18,-16,-18,1,1,1,228.57,258.09,228.57,258.09,54750,0,0,0,0,0,0,0
786,1061,51138959,52640584,22137,7933,93,7955,0,-16,-18,-16,-18,1,1,1,228.57,258.09,228.57,258.09,100500,0,0,0,0,0,0,0
787,1062,49819126,48474833,22073,7933,93,7955,0,-16,-18,-16,-18,1,1,1,228.57,258.09,228.57,258.09,52667,0,0,0,0,0,0,0
788,1063,42318202,43731875,22225,7933,93,7955,0,-16,-18,-16,-18,1,1,1,228.57,258.09,228.57,258.09,47250,0,0,0,0,0,0,0
789,1064,38168381,38156875,22073,7933,93,7955,0,-16,-18,-16,-18,1,1,1,228.57,258.09,228.57,258.09,42500,0,0,0,0,0,0,0
790,1065,38373660,37279666,22125,7933,93,7955,0,-16,-18,-16,-18,1,1,1,228.57,258.09,228.57,258.09,43875,0,0,0,0,0,0,0
791,1066,33640794,33561333,22701,7933,93,7955,0,-16,-18,-16,-18,1,1,1,228.57,258.09,228.57,258.09,36833,0,0,0,0,0,0,0
792,1067,32099001,33226958,22377,7933,93,7955,0,-15,-18,-15,-18,1,1,1,274.29,285.43,274.29,285.43,36916,0,0,0,0,0,0,0
793,1068,34597832,33531208,22073,7933,93,7955,0,-15,-18,-15,-18,1,1,1,274.29,285.43,274.29,285.43,53792,0,0,0,0,0,0,0
794,1069,32361209,33415208,22137,7933,93,7955,0,-15,-18,-15,-18,1,1,1,274.29,285.43,274.29,285.43,37708,0,0,0,0,0,0,0
795,1070,36029994,36036000,22073,7933,93,7955,0,-15,-18,-15,-18,1,1,1,274.29,285.43,274.29,285.43,41333,0,0,0,0,0,0,0
796,1071,34459460,33291625,22125,7934,97,7956,0,-15,-18,-15,-18,1,1,1,274.29,285.43,274.29,285.43,38375,0,0,0,0,0,0,0
797,1072,32567247,33706000,22225,7933,93,7955,0,-15,-18,-15,-18,1,1,1,274.29,285.43,274.29,285.43,38041,0,0,0,0,0,0,0
798,1073,33592376,33561458,22073,7933,93,7955,0,-15,-18,-15,-18,1,1,1,274.29,285.43,274.29,285.43,37959,0,0,0,0,0,0,0
799,1074,32201375,32231500,22073,7933,93,7955,0,-15,-18,-15,-18,1,1,1,274.29,285.43,274.29,285.43,37625,0,0,0,0,0,0,0
800,1075,30953960,29937875,22073,7933,93,7955,0,-15,-18,-15,-18,1,1,1,274.29,285.43,274.29,285.43,36333,0,0,0,0,0,0,0
801,1076,29657498,30591458,22137,7933,93,7955,0,-15,-18,-15,-18,1,1,1,274.29,285.43,274.29,285.43,35500,0,0,0,0,0,0,0
802,1077,30563499,30554750,22161,7933,93,7955,0,-15,-18,-15,-18,1,1,1,274.29,285.43,274.29,285.43,35875,0,0,0,0,0,0,0
803,1078,30640546,30638000,22125,7933,93,7955,0,-15,-18,-15,-18,1,1,1,274.29,285.43,274.29,285.43,36917,0,0,0,0,0,0,0
804,1079,31564038,30573041,22073,7933,93,7955,0,-14,-18,-14,-18,1,1,1,320,311.82,320,311.82,32250,0,0,0,0,0,0,0
805,1080,29045918,30005250,22137,7933,93,7955,0,-14,-18,-14,-18,1,1,1,320,311.82,320,311.82,14834,0,0,0,0,0,0,0
806,1081,30253961,30179250,22073,7933,93,7955,0,-14,-18,-14,-18,1,1,1,320,311.82,320,311.82,14334,0,0,0,0,0,0,0
807,1082,35165369,33854166,22725,7933,93,7955,0,-14,-18,-14,-18,1,1,1,320,311.82,320,311.82,14959,0,0,0,0,0,0,0
808,1083,34213252,34414875,22289,7933,93,7955,0,-14,-18,-14,-18,1,1,1,320,311.82,320,311.82,19292,0,0,0,0,0,0,0
809,1084,34286834,35408750,22137,7933,93,7955,0,-14,-18,-14,-18,1,1,1,320,311.82,320,311.82,16542,0,0,0,0,0,0,0
810,1085,39897043,39748625,22125,7933,93,7955,0,-14,-18,-14,-18,1,1,1,320,311.82,320,311.82,18959,0,0,0,0,0,0,0
811,1086,36125000,35045209,22073,7934,97,7956,0,-14,-18,-14,-18,1,1,1,320,311.82,320,311.82,16667,0,0,0,0,0,0,0
812,1087,34568663,35722959,22225,7933,93,7955,0,-14,-18,-14,-18,1,1,1,320,311.82,320,311.82,16708,0,0,0,0,0,0,0
813,1088,38959126,38743791,22073,7933,93,7955,0,-14,-18,-14,-18,1,1,1,320,311.82,320,311.82,17041,0,0,0,0,0,0,0
814,1089,42431123,40893084,22073,7933,93,7955,0,-14,-18,-14,-18,1,1,1,320,311.82,320,311.82,18833,0,0,0,0,0,0,0
815,1090,49397207,50796209,22137,7933,93,7955,0,-14,-18,-14,-18,1,1,1,320,311.82,320,311.82,21708,0,0,0,0,0,0,0
816,1091,63587665,61822583,22213,7933,93,7955,0,-13,-18,-13,-18,1,1,1,365.71,336.6,365.71,336.6,25833,0,0,0,0,0,0,0
817,1092,67407749,69217834,22137,7933,93,7955,0,-13,-18,-13,-18,1,1,1,365.71,336.6,365.71,336.6,38291,0,0,0,0,0,0,0
818,1093,72460792,68506125,22637,7933,93,7955,0,-13,-18,-13,-18,1,1,1,365.71,336.6,365.71,336.6,32542,0,0,0,0,0,0,0
819,1094,65764538,69638625,22441,7933,93,7955,0,-13,-18,-13,-18,1,1,1,365.71,336.6,365.71,336.6,37250,0,0,0,0,0,0,0
820,1095,75272709,72801333,22125,7933,93,7955,0,-13,-18,-13,-18,1,1,1,365.71,336.6,365.71,336.6,35958,0,0,0,0,0,0,0
821,1096,58016955,60414500,22137,7933,96,7955,0,-13,-18,-13,-18,1,1,1,365.71,336.6,365.71,336.6,34250,0,0,0,0,0,0,0
822,1097,60578543,58742959,22161,7933,93,7955,0,-13,-18,-13,-18,1,1,1,365.71,336.6,365.71,336.6,27834,0,0,0,0,0,0,0
823,1098,48631958,50588708,22137,7933,93,7955,0,-13,-18,-13,-18,1,1,1,365.71,336.6,365.71,336.6,26125,0,0,0,0,0,0,0
824,1099,48488620,48430625,22125,7933,93,7955,0,-13,-18,-13,-18,1,1,1,365.71,336.6,365.71,336.6,22541,0,0,0,0,0,0,0
825,1100,47316212,45537667,22161,7933,93,7955,0,-13,-18,-13,-18,1,1,1,365.71,336.6,365.71,336.6,21959,0,0,0,0,0,0,0
826,1101,42321749,44022458,22137,7934,94,7956,0,-13,-18,-13,-18,1,1,1,365.71,336.6,365.71,336.6,21333,0,0,0,0,0,0,0
827,1102,46652417,45010708,22637,7933,93,7955,0,-13,-18,-13,-18,1,1,1,365.71,336.6,365.71,336.6,18708,0,0,0,0,0,0,0
828,1103,45458752,45147458,22289,7933,93,7955,0,-12,-18,-12,-18,1,1,1,411.43,359.32,411.43,359.32,22125,0,0,0,0,0,0,0
829,1104,42842041,44814125,22277,7933,93,7955,0,-12,-18,-12,-18,1,1,1,411.43,359.32,411.43,359.32,25375,0,0,0,0,0,0,0
830,1105,49553211,49541042,22073,7933,93,7955,0,-12,-18,-12,-18,1,1,1,411.43,359.32,411.43,359.32,27250,0,0,0,0,0,0,0
831,1106,46792119,45342125,22073,7933,96,7955,0,-12,-18,-12,-18,1,1,1,411.43,359.32,411.43,359.32,22917,0,0,0,0,0,0,0
832,1107,44457085,45803500,22137,7933,93,7955,0,-12,-18,-12,-18,1,1,1,411.43,359.32,411.43,359.32,22291,0,0,0,0,0,0,0
833,1108,44213712,44227125,22161,7933,93,7955,0,-12,-18,-12,-18,1,1,1,411.43,359.32,411.43,359.32,22709,0,0,0,0,0,0,0
834,1109,44266290,43157708,22125,7933,93,7955,0,-12,-18,-12,-18,1,1,1,411.43,359.32,411.43,359.32,23000,0,0,0,0,0,0,0
835,1110,39119910,40234917,22137,7933,93,7955,0,-12,-18,-12,-18,1,1,1,411.43,359.32,411.43,359.32,18959,0,0,0,0,0,0,0
836,1111,38315583,38241833,22073,7933,93,7955,0,-12,-18,-12,-18,1,1,1,411.43,359.32,411.43,359.32,19208,0,0,0,0,0,0,0
837,1112,39007000,37881875,22161,7933,93,7955,0,-12,-18,-12,-18,1,1,1,411.43,359.32,411.43,359.32,20041,0,0,0,0,0,0,0
838,1113,37772584,37859458,22137,7933,93,7955,0,-12,-18,-12,-18,1,1,1,411.43,359.32,411.43,359.32,19667,0,0,0,0,0,0,0
839,1114,32512456,33574875,22853,7933,93,7955,0,-12,-18,-12,-18,1,1,1,411.43,359.32,411.43,359.32,16917,0,0,0,0,0,0,0
840,1115,34980915,33946208,22125,7933,93,7955,0,-11,-18,-11,-18,1,1,1,457.14,380.06,457.14,380.06,17208,0,0,0,0,0,0,0
841,1116,32038088,33030833,22137,7934,94,7956,0,-11,-18,-11,-18,1,1,1,457.14,380.06,457.14,380.06,16667,0,0,0,0,0,0,0
842,1117,35850539,35885459,22161,7933,93,7955,0,-11,-18,-11,-18,1,1,1,457.14,380.06,457.14,380.06,16875,0,0,0,0,0,0,0
843,1118,34398917,33324917,22073,7933,96,7955,0,-11,-18,-11,-18,1,1,1,457.14,380.06,457.14,380.06,17167,0,0,0,0,0,0,0
844,1119,32271165,33324542,22137,7933,93,7955,0,-11,-18,-11,-18,1,1,1,457.14,380.06,457.14,380.06,16459,0,0,0,0,0,0,0
845,1120,33592998,33552708,22073,7933,93,7955,0,-11,-18,-11,-18,1,1,1,457.14,380.06,457.14,380.06,16541,0,0,0,0,0,0,0
846,1121,34575667,33447458,22125,7933,93,7955,0,-11,-18,-11,-18,1,1,1,457.14,380.06,457.14,380.06,16375,0,0,0,0,0,0,0
847,1122,32382212,33487375,22225,7933,93,7955,0,-11,-18,-11,-18,1,1,1,457.14,380.06,457.14,380.06,17292,0,0,0,0,0,0,0
848,1123,33427707,33433250,22073,7933,93,7955,0,-11,-18,-11,-18,1,1,1,457.14,380.06,457.14,380.06,16542,0,0,0,0,0,0,0
849,1124,34680038,33573875,22073,7933,93,7955,0,-11,-18,-11,-18,1,1,1,457.14,380.06,457.14,380.06,17334,0,0,0,0,0,0,0
850,1125,32374087,33451125,22137,7933,93,7955,0,-11,-18,-11,-18,1,1,1,457.14,380.06,457.14,380.06,16209,0,0,0,0,0,0,0
851,1126,33794704,33705375,22073,7933,93,7955,0,-11,-18,-11,-18,1,1,1,457.14,380.06,457.14,380.06,16375,0,0,0,0,0,0,0
852,1127,34502372,33511708,22213,7933,93,7955,0,-10,-18,-10,-18,1,1,1,502.86,399.44,502.86,399.44,16916,0,0,0,0,0,0,0
853,1128,32870166,32880583,22701,7933,93,7955,0,-10,-18,-10,-18,1,1,1,502.86,399.44,502.86,399.44,19042,0,0,0,0,0,0,0
854,1129,30930668,31776625,22289,7933,93,7955,0,-10,-18,-10,-18,1,1,1,502.86,399.44,502.86,399.44,15083,0,0,0,0,0,0,0
855,1130,30575666,30730500,22073,7933,93,7955,0,-10,-18,-10,-18,1,1,1,502.86,399.44,502.86,399.44,16125,0,0,0,0,0,0,0
856,1131,34382462,33262958,22073,7934,94,7956,0,-10,-18,-10,-18,1,1,1,502.86,399.44,502.86,399.44,16125,0,0,0,0,0,0,0
857,1132,37919662,38939583,22225,7933,93,7955,0,-10,-18,-10,-18,1,1,1,502.86,399.44,502.86,399.44,20125,0,0,0,0,0,0,0
858,1133,35106666,35145750,22125,7933,96,7955,0,-10,-18,-10,-18,1,1,1,502.86,399.44,502.86,399.44,17500,0,0,0,0,0,0,0
859,1134,38437664,36994875,22073,7933,93,7955,0,-10,-18,-10,-18,1,1,1,502.86,399.44,502.86,399.44,22334,0,0,0,0,0,0,0
860,1135,36500666,37895959,22137,7933,93,7955,0,-10,-18,-10,-18,1,1,1,502.86,399.44,502.86,399.44,17000,0,0,0,0,0,0,0
861,1136,38088250,37955542,22073,7933,93,7955,0,-10,-18,-10,-18,1,1,1,502.86,399.44,502.86,399.44,17875,0,0,0,0,0,0,0
862,1137,39881333,38481542,22161,7933,93,7955,0,-10,-18,-10,-18,1,1,1,502.86,399.44,502.86,399.44,18041,0,0,0,0,0,0,0
863,1138,38785792,40054708,22137,7933,93,7955,0,-10,-18,-10,-18,1,1,1,502.86,399.44,502.86,399.44,17291,0,0,0,0,0,0,0
864,1139,47707583,47759834,22125,7933,93,7955,0,-9,-18,-9,-18,1,1,1,548.57,418.39,548.57,418.39,22875,0,0,0,0,0,0,0
865,1140,65980918,63458625,22073,7933,93,7955,0,-9,-18,-9,-18,1,1,1,548.57,418.39,548.57,418.39,27417,0,0,0,0,0,0,0
866,1141,67684330,67826792,22789,7933,93,7955,0,-9,-18,-9,-18,1,1,1,548.57,418.39,548.57,418.39,34292,0,0,0,0,0,0,0
867,1142,72754122,72164292,22289,7933,93,7955,0,-9,-18,-9,-18,1,1,1,548.57,418.39,548.57,418.39,37417,0,0,0,0,0,0,0
868,1143,73586583,76275167,22189,7933,93,7955,0,-9,-18,-9,-18,1,1,1,548.57,418.39,548.57,418.39,35333,0,0,0,0,0,0,0
869,1144,70325464,68169042,22161,7933,96,7955,0,-9,-18,-9,-18,1,1,1,548.57,418.39,548.57,418.39,34875,0,0,0,0,0,0,0
870,1145,59067744,61066375,22137,7933,93,7955,0,-9,-18,-9,-18,1,1,1,548.57,418.39,548.57,418.39,34500,0,0,0,0,0,0,0
871,1146,53916376,52802750,22125,7934,94,7956,0,-9,-18,-9,-18,1,1,1,548.57,418.39,548.57,418.39,29292,0,0,0,0,0,0,0
872,1147,47372959,48579583,22225,7933,93,7955,0,-9,-18,-9,-18,1,1,1,548.57,418.39,548.57,418.39,23292,0,0,0,0,0,0,0
873,1148,47735877,47598833,22073,7933,93,7955,0,-9,-18,-9,-18,1,1,1,548.57,418.39,548.57,418.39,26333,0,0,0,0,0,0,0
874,1149,47669500,45457375,22637,7933,93,7955,0,-9,-18,-9,-18,1,1,1,548.57,418.39,548.57,418.39,23416,0,0,0,0,0,0,0
875,1150,42655080,44980667,22353,7933,93,7955,0,-9,-18,-9,-18,1,1,1,548.57,418.39,548.57,418.39,24417,0,0,0,0,0,0,0
876,1151,47527041,47494541,22213,7933,93,7955,0,-8,-18,-8,-18,1,1,1,594.29,422.77,594.29,422.77,21708,0,0,0,0,0,0,0
877,1152,50715461,49493000,22073,7933,93,7955,0,-8,-18,-8,-18,1,1,1,594.29,422.77,594.29,422.77,22500,0,0,0,0,0,0,0
878,1153,45279245,46567791,22137,7933,96,7955,0,-8,-18,-8,-18,1,1,1,594.29,422.77,594.29,422.77,22708,0,0,0,0,0,0,0
879,1154,48723753,48613167,22073,7933,93,7955,0,-8,-18,-8,-18,1,1,1,594.29,422.77,594.29,422.77,22042,0,0,0,0,0,0,0
880,1155,58367539,56521125,22161,7933,93,7955,0,-8,-18,-8,-18,1,1,1,594.29,422.77,594.29,422.77,29958,0,0,0,0,0,0,0
881,1156,53021755,54893209,22189,7933,93,7955,0,-8,-18,-8,-18,1,1,1,594.29,422.77,594.29,422.77,25791,0,0,0,0,0,0,0
882,1157,58067120,55808791,22073,7933,93,7955,0,-8,-18,-8,-18,1,1,1,594.29,422.77,594.29,422.77,26375,0,0,0,0,0,0,0
883,1158,57559210,59649250,22225,7933,93,7955,0,-8,-18,-8,-18,1,1,1,594.29,422.77,594.29,422.77,26458,0,0,0,0,0,0,0
884,1159,65950416,62628209,22637,7933,93,7955,0,-8,-18,-8,-18,1,1,1,594.29,422.77,594.29,422.77,33625,0,0,0,0,0,0,0
885,1160,53043913,56353834,22405,7933,93,7955,0,-8,-18,-8,-18,1,1,1,594.29,422.77,594.29,422.77,26250,0,0,0,0,0,0,0
886,1161,55896498,54380459,22161,7934,94,7956,0,-8,-18,-8,-18,1,1,1,594.29,422.77,594.29,422.77,27209,0,0,0,0,0,0,0
887,1162,47388795,48982167,22137,7933,96,7955,0,-8,-18,-8,-18,1,1,1,594.29,422.77,594.29,422.77,25833,0,0,0,0,0,0,0
888,1163,42751453,42781666,22073,7933,93,7955,0,-6,-18,-6,-18,1,1,1,685.71,416.09,685.71,416.09,39666,0,0,0,0,0,0,0
889,1164,39771001,38504958,22125,7933,93,7955,0,-6,-18,-6,-18,1,1,1,685.71,416.09,685.71,416.09,20125,0,0,0,0,0,0,0
890,1165,33603962,34826584,22427,7933,93,7955,0,-6,-18,-6,-18,1,1,1,685.71,416.09,685.71,416.09,19792,0,0,0,0,0,0,0
891,1166,33436458,33458625,22073,7933,93,7955,0,-6,-18,-6,-18,1,1,1,685.71,416.09,685.71,416.09,17042,0,0,0,0,0,0,0
892,1167,34370243,33296709,22073,7933,93,7955,0,-6,-18,-6,-18,1,1,1,685.71,416.09,685.71,416.09,16917,0,0,0,0,0,0,0
893,1168,32506871,33577584,22137,7933,93,7955,0,-6,-18,-6,-18,1,1,1,685.71,416.09,685.71,416.09,16000,0,0,0,0,0,0,0
894,1169,33609792,33506584,22073,7933,93,7955,0,-6,-18,-6,-18,1,1,1,685.71,416.09,685.71,416.09,16959,0,0,0,0,0,0,0
895,1170,34725625,33726333,22213,7933,93,7955,0,-6,-18,-6,-18,1,1,1,685.71,416.09,685.71,416.09,16667,0,0,0,0,0,0,0
896,1171,34213379,33923208,22701,7933,93,7955,0,-6,-18,-6,-18,1,1,1,685.71,416.09,685.71,416.09,16166,0,0,0,0,0,0,0
897,1172,33840045,34975542,22289,7933,93,7955,0,-6,-18,-6,-18,1,1,1,685.71,416.09,685.71,416.09,19541,0,0,0,0,0,0,0
898,1173,33566292,32724500,22073,7933,93,7955,0,-6,-18,-6,-18,1,1,1,685.71,416.09,685.71,416.09,20542,0,0,0,0,0,0,0
899,1174,37184707,38159833,22137,7933,93,7955,0,-6,-18,-6,-18,1,1,1,685.71,416.09,685.71,416.09,15750,0,0,0,0,0,0,0
900,1175,36363873,36303875,22161,7933,96,7955,0,-5,-18,-5,-18,1,1,1,731.43,431,731.43,431,15292,0,0,0,0,0,0,0
901,1176,36619082,35573375,22125,7934,94,7956,0,-5,-18,-5,-18,1,1,1,731.43,431,731.43,431,16875,0,0,0,0,0,0,0
902,1177,35665959,36730584,22137,7933,93,7955,0,-5,-18,-5,-18,1,1,1,731.43,431,731.43,431,17417,0,0,0,0,0,0,0
903,1178,37945289,37930208,22073,7933,93,7955,0,-5,-18,-5,-18,1,1,1,731.43,431,731.43,431,17417,0,0,0,0,0,0,0
904,1179,40956582,39251375,22073,7933,93,7955,0,-5,-18,-5,-18,1,1,1,731.43,431,731.43,431,20250,0,0,0,0,0,0,0
905,1180,36456797,38102792,22225,7933,93,7955,0,-5,-18,-5,-18,1,1,1,731.43,431,731.43,431,17209,0,0,0,0,0,0,0
906,1181,43607786,43554125,22073,7933,93,7955,0,-5,-18,-5,-18,1,1,1,731.43,431,731.43,431,20000,0,0,0,0,0,0,0
907,1182,55138207,53476917,22423,7933,93,7955,0,-5,-18,-5,-18,1,1,1,731.43,431,731.43,431,22375,0,0,0,0,0,0,0
908,1183,68449504,67933500,22701,7933,93,7955,0,-5,-18,-5,-18,1,1,1,731.43,431,731.43,431,33750,0,0,0,0,0,0,0
909,1184,76849751,76935417,22377,7933,93,7955,0,-5,-18,-5,-18,1,1,1,731.43,431,731.43,431,33875,0,0,0,0,0,0,0
910,1185,79018041,80677166,22137,7933,93,7955,0,-5,-18,-5,-18,1,1,1,731.43,431,731.43,431,34000,0,0,0,0,0,0,0
911,1186,72568245,70557000,22213,7933,96,7955,0,-5,-18,-5,-18,1,1,1,731.43,431,731.43,431,33000,0,0,0,0,0,0,0
912,1187,63000544,65005625,27617,7933,93,7955,0,-4,-18,-4,-18,1,1,1,777.14,453.14,777.14,453.14,589042,0,549500,542875,0,0,0,0
913,1188,55233370,54090583,22073,7933,93,7955,0,-4,-18,-4,-18,1,1,1,777.14,453.14,777.14,453.14,26416,0,0,0,0,0,0,0
914,1189,46671833,48061125,22225,7933,93,7955,0,-4,-18,-4,-18,1,1,1,777.14,453.14,777.14,453.14,22208,0,0,0,0,0,0,0
915,1190,46439044,46472125,22125,7933,93,7955,0,-4,-18,-4,-18,1,1,1,777.14,453.14,777.14,453.14,21416,0,0,0,0,0,0,0
916,1191,44326622,42086875,22073,7934,94,7956,0,-4,-18,-4,-18,1,1,1,777.14,453.14,777.14,453.14,21667,0,0,0,0,0,0,0
917,1192,42046088,44164792,22917,7933,93,7955,0,-4,-18,-4,-18,1,1,1,777.14,453.14,777.14,453.14,20666,0,0,0,0,0,0,0
918,1193,46718452,46586541,22161,7933,93,7955,0,-4,-18,-4,-18,1,1,1,777.14,453.14,777.14,453.14,21916,0,0,0,0,0,0,0
919,1194,53788755,52068125,22073,7933,93,7955,0,-4,-18,-4,-18,1,1,1,777.14,453.14,777.14,453.14,24541,0,0,0,0,0,0,0
920,1195,45781370,47614708,22189,7933,96,7955,0,-4,-18,-4,-18,1,1,1,777.14,453.14,777.14,453.14,21792,0,0,0,0,0,0,0
921,1196,45681130,45588417,22073,7933,93,7955,0,-4,-18,-4,-18,1,1,1,777.14,453.14,777.14,453.14,22917,0,0,0,0,0,0,0
922,1197,56523162,54520375,22161,7933,93,7955,0,-4,-18,-4,-18,1,1,1,777.14,453.14,777.14,453.14,27500,0,0,0,0,0,0,0
923,1198,53116958,54987833,22137,7933,93,7955,0,-4,-18,-4,-18,1,1,1,777.14,453.14,777.14,453.14,26375,0,0,0,0,0,0,0
924,1199,58800254,57078708,22125,7933,93,7955,0,-3,-18,-3,-18,1,1,1,822.86,475.99,822.86,475.99,24458,0,0,0,0,0,0,0
925,1200,64535580,66168625,22225,7933,93,7955,0,-3,-18,-3,-18,1,1,1,822.86,475.99,822.86,475.99,42458,0,0,0,0,0,0,0
926,1201,71321167,67419500,22637,7933,93,7955,0,-3,-18,-3,-18,1,1,1,822.86,475.99,822.86,475.99,33000,0,0,0,0,0,0,0
927,1202,60304380,64202875,22353,7933,93,7955,0,-3,-18,-3,-18,1,1,1,822.86,475.99,822.86,475.99,31666,0,0,0,0,0,0,0
928,1203,56027580,54704291,22213,7931,93,7953,0,-3,-18,-3,-18,1,1,1,822.86,475.99,822.86,475.99,25792,0,0,0,0,0,0,0
929,1204,40773753,42243291,22137,7933,96,7955,0,-3,-18,-3,-18,1,1,1,822.86,475.99,822.86,475.99,20959,0,0,0,0,0,0,0
930,1205,38185082,38156417,22073,7933,93,7955,0,-3,-18,-3,-18,1,1,1,822.86,475.99,822.86,475.99,18375,0,0,0,0,0,0,0
931,1206,34909375,33801791,22073,7934,94,7956,0,-3,-18,-3,-18,1,1,1,822.86,475.99,822.86,475.99,15333,0,0,0,0,0,0,0
932,1207,32525163,33614166,22225,7933,93,7955,0,-3,-18,-3,-18,1,1,1,822.86,475.99,822.86,475.99,15875,0,0,0,0,0,0,0
933,1208,33660084,33681167,22125,7933,93,7955,0,-3,-18,-3,-18,1,1,1,822.86,475.99,822.86,475.99,15875,0,0,0,0,0,0,0
934,1209,35920541,34677000,22073,7933,93,7955,0,-3,-18,-3,-18,1,1,1,822.86,475.99,822.86,475.99,15625,0,0,0,0,0,0,0
935,1210,33721670,34909542,22137,7933,93,7955,0,-3,-18,-3,-18,1,1,1,822.86,475.99,822.86,475.99,18292,0,0,0,0,0,0,0
936,1211,34660246,34594500,22073,7933,93,7955,0,-2,-18,-2,-18,1,1,1,868.57,498.85,868.57,498.85,18625,0,0,0,0,0,0,0
937,1212,36076333,35028375,22161,7933,93,7955,0,-2,-18,-2,-18,1,1,1,868.57,498.85,868.57,498.85,15042,0,0,0,0,0,0,0
938,1213,35893168,35350333,22701,7933,93,7955,0,-2,-18,-2,-18,1,1,1,868.57,498.85,868.57,498.85,16250,0,0,0,0,0,0,0
939,1214,35413336,36984583,22341,7933,93,7955,0,-2,-18,-2,-18,1,1,1,868.57,498.85,868.57,498.85,15333,0,0,0,0,0,0,0
940,1215,39201036,37765875,22073,7933,93,7955,0,-2,-18,-2,-18,1,1,1,868.57,498.85,868.57,498.85,15667,0,0,0,0,0,0,0
941,1216,40717169,41948750,22137,7933,93,7955,0,-2,-18,-2,-18,1,1,1,868.57,498.85,868.57,498.85,16208,0,0,0,0,0,0,0
942,1217,38042794,38140791,22161,7933,96,7955,0,-2,-18,-2,-18,1,1,1,868.57,498.85,868.57,498.85,15875,0,0,0,0,0,0,0
943,1218,41500162,39626334,22073,7933,93,7955,0,-2,-18,-2,-18,1,1,1,868.57,498.85,868.57,498.85,15542,0,0,0,0,0,0,0
944,1219,43796088,45621791,22137,7933,93,7955,0,-2,-18,-2,-18,1,1,1,868.57,498.85,868.57,498.85,21792,0,0,0,0,0,0,0
945,1220,57439744,54756583,22125,7933,93,7955,0,-2,-18,-2,-18,1,1,1,868.57,498.85,868.57,498.85,24208,0,0,0,0,0,0,0
946,1221,63806712,66281583,22225,7934,94,7956,0,-2,-18,-2,-18,1,1,1,868.57,498.85,868.57,498.85,29875,0,0,0,0,0,0,0
947,1222,70216953,67996334,22073,7933,93,7955,0,-2,-18,-2,-18,1,1,1,868.57,498.85,868.57,498.85,30291,0,0,0,0,0,0,0
948,1223,69468662,69570500,22701,7933,93,7955,0,-1,-18,-1,-18,1,1,1,914.29,521.71,914.29,521.71,27625,0,0,0,0,0,0,0
949,1224,69026879,69176417,22429,7933,93,7955,0,-1,-18,-1,-18,1,1,1,914.29,521.71,914.29,521.71,29125,0,0,0,0,0,0,0
950,1225,66284582,68233208,22137,7933,93,7955,0,-1,-18,-1,-18,1,1,1,914.29,521.71,914.29,521.71,28917,0,0,0,0,0,0,0
951,1226,60806669,58467125,22073,7933,93,7955,0,-1,-18,-1,-18,1,1,1,914.29,521.71,914.29,521.71,23583,0,0,0,0,0,0,0
952,1227,51570456,53788833,22225,7933,96,7955,0,-1,-18,-1,-18,1,1,1,914.29,521.71,914.29,521.71,26042,0,0,0,0,0,0,0
953,1228,48292752,46521125,22125,7933,93,7955,0,-1,-18,-1,-18,1,1,1,914.29,521.71,914.29,521.71,19667,0,0,0,0,0,0,0
954,1229,44677708,46510167,22137,7933,93,7955,0,-1,-18,-1,-18,1,1,1,914.29,521.71,914.29,521.71,19167,0,0,0,0,0,0,0
955,1230,44719919,44709125,22073,7933,93,7955,0,-1,-18,-1,-18,1,1,1,914.29,521.71,914.29,521.71,19750,0,0,0,0,0,0,0
956,1231,44608827,43462667,22161,7933,93,7955,0,-1,-18,-1,-18,1,1,1,914.29,521.71,914.29,521.71,16708,0,0,0,0,0,0,0
957,1232,43226212,44380333,22137,7933,93,7955,0,-1,-18,-1,-18,1,1,1,914.29,521.71,914.29,521.71,16583,0,0,0,0,0,0,0
958,1233,47000419,45760792,22689,7933,93,7955,0,-1,-18,-1,-18,1,1,1,914.29,521.71,914.29,521.71,19458,0,0,0,0,0,0,0
959,1234,46914294,46695042,22289,7933,93,7955,0,-1,-18,-1,-18,1,1,1,914.29,521.71,914.29,521.71,19458,0,0,0,0,0,0,0
960,1235,47065205,48314458,22225,7933,93,7955,0,0,-18,0,-18,1,1,1,960,544.56,960,544.56,19500,0,0,0,0,0,0,0
961,1236,49605250,49624375,22073,7934,94,7956,0,0,-18,0,-18,1,1,1,960,544.56,960,544.56,20125,0,0,0,0,0,0,0
962,1237,55535826,53957209,22073,7933,96,7955,0,0,-18,0,-18,1,1,1,960,544.56,960,544.56,19584,0,0,0,0,0,0,0
963,1238,50296131,51874750,22277,7933,93,7955,0,0,-18,0,-18,1,1,1,960,544.56,960,544.56,23166,0,0,0,0,0,0,0
964,1239,52512083,51225667,22073,7933,93,7955,0,0,-18,0,-18,1,1,1,960,544.56,960,544.56,22459,0,0,0,0,0,0,0
965,1240,42431414,43746459,22137,7933,93,7955,0,0,-18,0,-18,1,1,1,960,544.56,960,544.56,19416,0,0,0,0,0,0,0
966,1241,42628671,42562917,22073,7933,93,7955,0,0,-18,0,-18,1,1,1,960,544.56,960,544.56,19458,0,0,0,0,0,0,0
967,1242,39077125,37986041,22161,7933,93,7955,0,0,-18,0,-18,1,1,1,960,544.56,960,544.56,17166,0,0,0,0,0,0,0
968,1243,35676084,36810625,22189,7933,93,7955,0,0,-18,0,-18,1,1,1,960,544.56,960,544.56,16334,0,0,0,0,0,0,0
969,1244,34715078,33615708,22637,7933,93,7955,0,0,-18,0,-18,1,1,1,960,544.56,960,544.56,15541,0,0,0,0,0,0,0
970,1245,33567752,33518083,22289,7933,93,7955,0,0,-18,0,-18,1,1,1,960,544.56,960,544.56,14959,0,0,0,0,0,0,0
971,1246,32727330,33796583,22137,7933,93,7955,0,0,-18,0,-18,1,1,1,960,544.56,960,544.56,14542,0,0,0,0,0,0,0
972,1247,36090914,36101333,22161,7933,93,7955,0,1,-18,1,-18,1,1,1,1005.71,567.42,1005.71,567.42,15125,0,0,0,0,0,0,0
973,1248,34506291,33467583,22073,7933,96,7955,0,1,-18,1,-18,1,1,1,1005.71,567.42,1005.71,567.42,14792,0,0,0,0,0,0,0
974,1249,32751459,33779667,22189,7933,93,7955,0,1,-18,1,-18,1,1,1,1005.71,567.42,1005.71,567.42,13791,0,0,0,0,0,0,0
975,1250,33557001,33555625,22073,7933,93,7955,0,1,-18,1,-18,1,1,1,1005.71,567.42,1005.71,567.42,14292,0,0,0,0,0,0,0
976,1251,34716084,33554458,22073,7934,94,7956,0,1,-18,1,-18,1,1,1,1005.71,567.42,1005.71,567.42,14334,0,0,0,0,0,0,0
977,1252,31401410,32539667,22225,7933,93,7955,0,1,-18,1,-18,1,1,1,1005.71,567.42,1005.71,567.42,14583,0,0,0,0,0,0,0
978,1253,30325170,30308625,22073,7933,93,7955,0,1,-18,1,-18,1,1,1,1005.71,567.42,1005.71,567.42,13084,0,0,0,0,0,0,0
979,1254,30471457,30481041,22073,7933,93,7955,0,1,-18,1,-18,1,1,1,1005.71,567.42,1005.71,567.42,13500,0,0,0,0,0,0,0
980,1255,31452875,30290417,22073,7933,93,7955,0,1,-18,1,-18,1,1,1,1005.71,567.42,1005.71,567.42,12916,0,0,0,0,0,0,0
981,1256,29129413,30206875,22189,7933,93,7955,0,1,-18,1,-18,1,1,1,1005.71,567.42,1005.71,567.42,13417,0,0,0,0,0,0,0
982,1257,30554421,30584791,22161,7933,93,7955,0,1,-18,1,-18,1,1,1,1005.71,567.42,1005.71,567.42,12584,0,0,0,0,0,0,0
983,1258,30209623,30212792,22073,7933,93,7955,0,1,-18,1,-18,1,1,1,1005.71,567.42,1005.71,567.42,13334,0,0,0,0,0,0,0
984,1259,32222371,30422916,22637,7933,93,7955,0,2,-18,2,-18,1,1,1,1051.43,590.28,1051.43,590.28,13083,0,0,0,0,0,0,0
985,1260,30261047,32005750,22353,7933,93,7955,0,2,-18,2,-18,1,1,1,1051.43,590.28,1051.43,590.28,13084,0,0,0,0,0,0,0
986,1261,34208204,34042916,22073,7933,93,7955,0,2,-18,2,-18,1,1,1,1051.43,590.28,1051.43,590.28,14417,0,0,0,0,0,0,0
987,1262,36334957,34386708,22161,7933,93,7955,0,2,-18,2,-18,1,1,1,1051.43,590.28,1051.43,590.28,17834,0,0,0,0,0,0,0
988,1263,39175212,41208500,22189,7933,93,7955,0,2,-18,2,-18,1,1,1,1051.43,590.28,1051.43,590.28,17125,0,0,0,0,0,0,0
989,1264,36926578,36952542,22073,7933,96,7955,0,2,-18,2,-18,1,1,1,1051.43,590.28,1051.43,590.28,17417,0,0,0,0,0,0,0
990,1265,38823872,37397792,22073,7933,93,7955,0,2,-18,2,-18,1,1,1,1051.43,590.28,1051.43,590.28,16750,0,0,0,0,0,0,0
991,1266,36013044,37314083,22225,7934,94,7956,0,2,-18,2,-18,1,1,1,1051.43,590.28,1051.43,590.28,14833,0,0,0,0,0,0,0
992,1267,39785373,39726250,22073,7933,93,7955,0,2,-18,2,-18,1,1,1,1051.43,590.28,1051.43,590.28,15209,0,0,0,0,0,0,0
993,1268,42838372,41540709,22073,7933,93,7955,0,2,-18,2,-18,1,1,1,1051.43,590.28,1051.43,590.28,16625,0,0,0,0,0,0,0
994,1269,47490708,48678042,22189,7933,93,7955,0,2,-18,2,-18,1,1,1,1051.43,590.28,1051.43,590.28,18916,0,0,0,0,0,0,0
995,1270,66080830,63954750,22161,7933,93,7955,0,2,-18,2,-18,1,1,1,1051.43,590.28,1051.43,590.28,25375,0,0,0,0,0,0,0
996,1271,66952794,66730000,22701,7933,93,7955,0,3,-18,3,-18,1,1,1,1097.14,613.14,1097.14,613.14,27250,0,0,0,0,0,0,0
997,1272,68503417,68523083,22289,7933,93,7955,0,3,-18,3,-18,1,1,1,1097.14,613.14,1097.14,613.14,27167,0,0,0,0,0,0,0
998,1273,71209795,73377958,22277,7933,93,7955,0,3,-18,3,-18,1,1,1,1097.14,613.14,1097.14,613.14,28292,0,0,0,0,0,0,0
999,1274,70427462,68734375,22073,7933,96,7955,0,3,-18,3,-18,1,1,1,1097.14,613.14,1097.14,613.14,20709,0,0,0,0,0,0,0
1000,1275,55441547,57102250,22137,7933,93,7955,0,3,-18,3,-18,1,1,1,1097.14,613.14,1097.14,613.14,62208,0,0,0,0,0,0,0
1001,1276,56370414,54825167,22161,7933,93,7955,0,3,-18,3,-18,1,1,1,1097.14,613.14,1097.14,613.14,23250,0,0,0,0,0,0,0
1002,1277,47669790,49350709,22189,7933,93,7955,0,3,-18,3,-18,1,1,1,1097.14,613.14,1097.14,613.14,24042,0,0,0,0,0,0,0
1003,1278,46042870,45931000,22073,7933,93,7955,0,3,-18,3,-18,1,1,1,1097.14,613.14,1097.14,613.14,22125,0,0,0,0,0,0,0
1004,1279,47293040,45841958,22161,7933,93,7955,0,3,-18,3,-18,1,1,1,1097.14,613.14,1097.14,613.14,21916,0,0,0,0,0,0,0
1005,1280,47679875,47306709,22701,7933,93,7955,0,3,-18,3,-18,1,1,1,1097.14,613.14,1097.14,613.14,30583,0,0,0,0,0,0,0
1006,1281,45476213,47319709,22289,7934,94,7956,0,3,-18,3,-18,1,1,1,1097.14,613.14,1097.14,613.14,21792,0,0,0,0,0,0,0
1007,1282,48896960,47379166,22125,7933,93,7955,0,3,-18,3,-18,1,1,1,1097.14,613.14,1097.14,613.14,18791,0,0,0,0,0,0,0
1008,1283,50443161,51930291,22225,7933,93,7955,0,4,-18,4,-18,1,1,1,1142.86,635.99,1142.86,635.99,37291,0,0,0,0,0,0,0
1009,1284,47979414,47964917,22073,7933,96,7955,0,4,-18,4,-18,1,1,1,1142.86,635.99,1142.86,635.99,19625,0,0,0,0,0,0,0
1010,1285,56048836,54300375,22073,7933,93,7955,0,4,-18,4,-18,1,1,1,1142.86,635.99,1142.86,635.99,19875,0,0,0,0,0,0,0
1011,1286,54176248,55666458,22277,7933,93,7955,0,4,-18,4,-18,1,1,1,1142.86,635.99,1142.86,635.99,26458,0,0,0,0,0,0,0
1012,1287,65012715,62882500,22073,7933,93,7955,0,4,-18,4,-18,1,1,1,1142.86,635.99,1142.86,635.99,27666,0,0,0,0,0,0,0
1013,1288,55394124,57515458,22137,7933,93,7955,0,4,-18,4,-18,1,1,1,1142.86,635.99,1142.86,635.99,27541,0,0,0,0,0,0,0
1014,1289,52883580,50481875,22725,7933,93,7955,0,4,-18,4,-18,1,1,1,1142.86,635.99,1142.86,635.99,22583,0,0,0,0,0,0,0
1015,1290,41523873,44074833,22405,7933,93,7955,0,4,-18,4,-18,1,1,1,1142.86,635.99,1142.86,635.99,19125,0,0,0,0,0,0,0
1016,1291,40217664,40186583,22073,7933,93,7955,0,4,-18,4,-18,1,1,1,1142.86,635.99,1142.86,635.99,18917,0,0,0,0,0,0,0
1017,1292,41140753,40060458,22073,7933,93,7955,0,4,-18,4,-18,1,1,1,1142.86,635.99,1142.86,635.99,17333,0,0,0,0,0,0,0
1018,1293,32143834,33239375,22225,7933,96,7955,0,4,-18,4,-18,1,1,1,1142.86,635.99,1142.86,635.99,14792,0,0,0,0,0,0,0
1019,1294,33686082,33671333,22073,7933,93,7955,0,4,-18,4,-18,1,1,1,1142.86,635.99,1142.86,635.99,15125,0,0,0,0,0,0,0
1020,1295,34887459,33805209,32345,7933,93,7955,0,5,-18,5,-18,1,1,1,1188.57,662.98,1188.57,662.98,314833,0,295958,292833,0,0,0,0
1021,1296,32737329,33802625,22189,7934,94,7956,0,5,-18,5,-18,1,1,1,1188.57,662.98,1188.57,662.98,14833,0,0,0,0,0,0,0
1022,1297,33722754,33638250,22073,7933,93,7955,0,5,-18,5,-18,1,1,1,1188.57,662.98,1188.57,662.98,15167,0,0,0,0,0,0,0
1023,1298,34550331,33538291,22161,7933,93,7955,0,5,-18,5,-18,1,1,1,1188.57,662.98,1188.57,662.98,14542,0,0,0,0,0,0,0
1024,1299,32428417,33467584,22137,7933,93,7955,0,5,-18,5,-18,1,1,1,1188.57,662.98,1188.57,662.98,14791,0,0,0,0,0,0,0
1025,1300,31760793,31767958,22073,7933,93,7955,0,5,-18,5,-18,1,1,1,1188.57,662.98,1188.57,662.98,17167,0,0,0,0,0,0,0
1026,1301,30544621,30539792,22073,7933,93,7955,0,5,-18,5,-18,1,1,1,1188.57,662.98,1188.57,662.98,13625,0,0,0,0,0,0,0
1027,1302,31415417,30374292,22073,7933,93,7955,0,5,-18,5,-18,1,1,1,1188.57,662.98,1188.57,662.98,13042,0,0,0,0,0,0,0
1028,1303,29152246,30145209,22277,7933,93,7955,0,5,-18,5,-18,1,1,1,1188.57,662.98,1188.57,662.98,13500,0,0,0,0,0,0,0
1029,1304,31494088,30462458,22637,7933,93,7955,0,5,-18,5,-18,1,1,1,1188.57,662.98,1188.57,662.98,13375,0,0,0,0,0,0,0
1030,1305,29107078,30121625,22289,7933,93,7955,0,5,-18,5,-18,1,1,1,1188.57,662.98,1188.57,662.98,13334,0,0,0,0,0,0,0
1031,1306,31313959,30324041,22073,7933,93,7955,0,5,-18,5,-18,1,1,1,1188.57,662.98,1188.57,662.98,13333,0,0,0,0,0,0,0
1032,1307,32884791,33605667,22137,7933,93,7955,0,6,-18,6,-18,1,1,1,1234.29,696.59,1234.29,696.59,14792,0,0,0,0,0,0,0
1033,1308,30596081,30830792,22161,7933,96,7955,0,6,-18,6,-18,1,1,1,1234.29,696.59,1234.29,696.59,13583,0,0,0,0,0,0,0
1034,1309,30388455,30342375,22073,7933,93,7955,0,6,-18,6,-18,1,1,1,1234.29,696.59,1234.29,696.59,13667,0,0,0,0,0,0,0
1035,1310,33456541,32329375,22125,7933,93,7955,0,6,-18,6,-18,1,1,1,1234.29,696.59,1234.29,696.59,13625,0,0,0,0,0,0,0
1036,1311,32308749,33382250,22137,7934,94,7956,0,6,-18,6,-18,1,1,1,1234.29,696.59,1234.29,696.59,15333,0,0,0,0,0,0,0
1037,1312,33691547,33648042,22073,7933,93,7955,0,6,-18,6,-18,1,1,1,1234.29,696.59,1234.29,696.59,14750,0,0,0,0,0,0,0
1038,1313,34704457,33664542,22161,7933,93,7955,0,6,-18,6,-18,1,1,1,1234.29,696.59,1234.29,696.59,14625,0,0,0,0,0,0,0
1039,1314,32624624,33696000,22137,7933,93,7955,0,6,-18,6,-18,1,1,1,1234.29,696.59,1234.29,696.59,14916,0,0,0,0,0,0,0
1040,1315,34442707,34366416,22073,7933,93,7955,0,6,-18,6,-18,1,1,1,1234.29,696.59,1234.29,696.59,15292,0,0,0,0,0,0,0
1041,1316,35520371,34500750,22125,7933,93,7955,0,6,-18,6,-18,1,1,1,1234.29,696.59,1234.29,696.59,16084,0,0,0,0,0,0,0
1042,1317,32772336,33749833,22137,7933,93,7955,0,6,-18,6,-18,1,1,1,1234.29,696.59,1234.29,696.59,14709,0,0,0,0,0,0,0
1043,1318,34034125,34102417,22161,7933,93,7955,0,6,-18,6,-18,1,1,1,1234.29,696.59,1234.29,696.59,14583,0,0,0,0,0,0,0
1044,1319,36291204,34233709,22637,7933,93,7955,0,7,-18,7,-18,1,1,1,1280,736.66,1280,736.66,16625,0,0,0,0,0,0,0
1045,1320,32489787,34454667,22353,7933,93,7955,0,7,-18,7,-18,1,1,1,1280,736.66,1280,736.66,17500,0,0,0,0,0,0,0
1046,1321,37020165,37032334,22073,7933,93,7955,0,7,-18,7,-18,1,1,1,1280,736.66,1280,736.66,17167,0,0,0,0,0,0,0
1047,1322,42738754,41497750,22125,7933,93,7955,0,7,-18,7,-18,1,1,1,1280,736.66,1280,736.66,17666,0,0,0,0,0,0,0
1048,1323,35247039,36465458,22225,7933,96,7955,0,7,-18,7,-18,1,1,1,1280,736.66,1280,736.66,16709,0,0,0,0,0,0,0
1049,1324,42401127,42257000,22073,7933,93,7955,0,7,-18,7,-18,1,1,1,1280,736.66,1280,736.66,18375,0,0,0,0,0,0,0
1050,1325,48442460,46676916,22073,7933,93,7955,0,7,-18,7,-18,1,1,1,1280,736.66,1280,736.66,21458,0,0,0,0,0,0,0
1051,1326,57200539,58741042,22137,7934,94,7956,0,7,-18,7,-18,1,1,1,1280,736.66,1280,736.66,24875,0,0,0,0,0,0,0
1052,1327,69585502,67241375,22213,7933,93,7955,0,7,-18,7,-18,1,1,1,1280,736.66,1280,736.66,31209,0,0,0,0,0,0,0
1053,1328,66739872,69113083,22137,7933,93,7955,0,7,-18,7,-18,1,1,1,1280,736.66,1280,736.66,45625,0,0,0,0,0,0,0
1054,1329,74632450,70031458,22637,7933,93,7955,0,7,-18,7,-18,1,1,1,1280,736.66,1280,736.66,35542,0,0,0,0,0,0,0
1055,1330,63707083,68172958,22493,7933,93,7955,0,7,-18,7,-18,1,1,1,1280,736.66,1280,736.66,31459,0,0,0,0,0,0,0
1056,1331,65892793,63834250,22073,7933,93,7955,0,8,-18,8,-18,1,1,1,1325.71,772.98,1325.71,772.98,32125,0,0,0,0,0,0,0
1057,1332,53491078,55590834,22137,7933,96,7955,0,8,-18,8,-18,1,1,1,1325.71,772.98,1325.71,772.98,26375,0,0,0,0,0,0,0
1058,1333,48405334,46789583,22161,7933,93,7955,0,8,-18,8,-18,1,1,1,1325.71,772.98,1325.71,772.98,21208,0,0,0,0,0,0,0
1059,1334,42883247,44528958,22189,7933,93,7955,0,8,-18,8,-18,1,1,1,1325.71,772.98,1325.71,772.98,20500,0,0,0,0,0,0,0
1060,1335,45844748,45822333,22073,7933,93,7955,0,8,-18,8,-18,1,1,1,1325.71,772.98,1325.71,772.98,21125,0,0,0,0,0,0,0
1061,1336,45092213,43152125,22073,7933,93,7955,0,8,-18,8,-18,1,1,1,1325.71,772.98,1325.71,772.98,20875,0,0,0,0,0,0,0
1062,1337,43042086,44948417,22225,7933,93,7955,0,8,-18,8,-18,1,1,1,1325.71,772.98,1325.71,772.98,18834,0,0,0,0,0,0,0
1063,1338,47295287,47255542,22073,7933,93,7955,0,8,-18,8,-18,1,1,1,1325.71,772.98,1325.71,772.98,21500,0,0,0,0,0,0,0
1064,1339,50422839,48007083,22689,7933,93,7955,0,8,-18,8,-18,1,1,1,1325.71,772.98,1325.71,772.98,21083,0,0,0,0,0,0,0
1065,1340,44109076,46410125,22353,7933,93,7955,0,8,-18,8,-18,1,1,1,1325.71,772.98,1325.71,772.98,20541,0,0,0,0,0,0,0
1066,1341,46502459,46576417,22161,7934,94,7956,0,8,-18,8,-18,1,1,1,1325.71,772.98,1325.71,772.98,55042,0,0,0,0,0,0,0
1067,1342,58340881,56752417,22073,7933,93,7955,0,8,-18,8,-18,1,1,1,1325.71,772.98,1325.71,772.98,23042,0,0,0,0,0,0,0
1068,1343,53999956,55369875,22137,7933,96,7955,0,9,-18,9,-18,1,1,1,1371.43,801.36,1371.43,801.36,25250,0,0,0,0,0,0,0
1069,1344,61193749,59630959,22213,7933,93,7955,0,9,-18,9,-18,1,1,1,1371.43,801.36,1371.43,801.36,25375,0,0,0,0,0,0,0
1070,1345,55517751,57152375,22137,7933,93,7955,0,9,-18,9,-18,1,1,1,1371.43,801.36,1371.43,801.36,30959,0,0,0,0,0,0,0
1071,1346,53910870,52123125,22073,7933,93,7955,0,9,-18,9,-18,1,1,1,1371.43,801.36,1371.43,801.36,26334,0,0,0,0,0,0,0
1072,1347,42569875,44399209,22225,7933,93,7955,0,9,-18,9,-18,1,1,1,1371.43,801.36,1371.43,801.36,21334,0,0,0,0,0,0,0
1073,1348,40755294,40744792,22125,7933,93,7955,0,9,-18,9,-18,1,1,1,1371.43,801.36,1371.43,801.36,20708,0,0,0,0,0,0,0
1074,1349,40396209,38508167,22637,7933,93,7955,0,9,-18,9,-18,1,1,1,1371.43,801.36,1371.43,801.36,18166,0,0,0,0,0,0,0
1075,1350,32423496,34269917,22353,7933,93,7955,0,9,-18,9,-18,1,1,1,1371.43,801.36,1371.43,801.36,15958,0,0,0,0,0,0,0
1076,1351,34305293,34335417,22161,7933,93,7955,0,9,-18,9,-18,1,1,1,1371.43,801.36,1371.43,801.36,16833,0,0,0,0,0,0,0
1077,1352,38048081,36739417,22073,7933,93,7955,0,9,-18,9,-18,1,1,1,1371.43,801.36,1371.43,801.36,16917,0,0,0,0,0,0,0
1078,1353,32351043,33629583,22137,7933,96,7955,0,9,-18,9,-18,1,1,1,1371.43,801.36,1371.43,801.36,16625,0,0,0,0,0,0,0
1079,1354,33836543,33802375,22125,7933,93,7955,0,9,-18,9,-18,1,1,1,1371.43,801.36,1371.43,801.36,16458,0,0,0,0,0,0,0
1080,1355,35229541,34128458,22073,7933,93,7955,0,10,-18,10,-18,1,1,1,1417.14,823.72,1417.14,823.72,16500,0,0,0,0,0,0,0
1081,1356,32545499,33621083,22225,7934,94,7956,0,10,-18,10,-18,1,1,1,1417.14,823.72,1417.14,823.72,17500,0,0,0,0,0,0,0
1082,1357,34479625,34472583,22073,7933,93,7955,0,10,-18,10,-18,1,1,1,1417.14,823.72,1417.14,823.72,16959,0,0,0,0,0,0,0
1083,1358,34160748,32869875,22073,7933,93,7955,0,10,-18,10,-18,1,1,1,1417.14,823.72,1417.14,823.72,16625,0,0,0,0,0,0,0
1084,1359,32449454,33631500,22137,7933,93,7955,0,10,-18,10,-18,1,1,1,1417.14,823.72,1417.14,823.72,16375,0,0,0,0,0,0,0
1085,1360,31268373,31284375,22125,7933,93,7955,0,10,-18,10,-18,1,1,1,1417.14,823.72,1417.14,823.72,15667,0,0,0,0,0,0,0
1086,1361,37806667,36434042,22161,7933,93,7955,0,10,-18,10,-18,1,1,1,1417.14,823.72,1417.14,823.72,15208,0,0,0,0,0,0,0
1087,1362,37259127,38449750,22137,7933,93,7955,0,10,-18,10,-18,1,1,1,1417.14,823.72,1417.14,823.72,20750,0,0,0,0,0,0,0
1088,1363,38379125,37077000,22637,7933,93,7955,0,10,-18,10,-18,1,1,1,1417.14,823.72,1417.14,823.72,17167,0,0,0,0,0,0,0
1089,1364,38648456,38943750,22289,7933,93,7955,0,10,-18,10,-18,1,1,1,1417.14,823.72,1417.14,823.72,18125,0,0,0,0,0,0,0
1090,1365,36990173,38141333,22225,7933,93,7955,0,10,-18,10,-18,1,1,1,1417.14,823.72,1417.14,823.72,17500,0,0,0,0,0,0,0
1091,1366,45464206,45359541,22125,7933,93,7955,0,10,-18,10,-18,1,1,1,1417.14,823.72,1417.14,823.72,17500,0,0,0,0,0,0,0
1092,1367,50111912,48523542,22073,7933,96,7955,0,11,-18,11,-18,1,1,1,1462.86,845.83,1462.86,845.83,24750,0,0,0,0,0,0,0
1093,1368,58993544,60357958,22137,7933,93,7955,0,11,-18,11,-18,1,1,1,1462.86,845.83,1462.86,845.83,27459,0,0,0,0,0,0,0
1094,1369,68801708,66992708,22161,7933,93,7955,0,11,-18,11,-18,1,1,1,1462.86,845.83,1462.86,845.83,34250,0,0,0,0,0,0,0
1095,1370,67152082,68989416,22189,7933,93,7955,0,11,-18,11,-18,1,1,1,1462.86,845.83,1462.86,845.83,33916,0,0,0,0,0,0,0
1096,1371,69574251,67441750,22073,7934,94,7956,0,11,-18,11,-18,1,1,1,1462.86,845.83,1462.86,845.83,34459,0,0,0,0,0,0,0
1097,1372,68375878,68406458,22789,7933,93,7955,0,11,-18,11,-18,1,1,1,1462.86,845.83,1462.86,845.83,34041,0,0,0,0,0,0,0
1098,1373,60935162,61461291,22341,7933,93,7955,0,11,-18,11,-18,1,1,1,1462.86,845.83,1462.86,845.83,38709,0,0,0,0,0,0,0
1099,1374,52814669,54362459,22137,7933,93,7955,0,11,-18,11,-18,1,1,1,1462.86,845.83,1462.86,845.83,26708,0,0,0,0,0,0,0
1100,1375,53704045,52420208,22161,7933,93,7955,0,11,-18,11,-18,1,1,1,1462.86,845.83,1462.86,845.83,28958,0,0,0,0,0,0,0
1101,1376,48111580,49351333,22137,7933,96,7955,0,11,-18,11,-18,1,1,1,1462.86,845.83,1462.86,845.83,23291,0,0,0,0,0,0,0
1102,1377,56256540,53902042,22125,7933,93,7955,0,11,-18,11,-18,1,1,1,1462.86,845.83,1462.86,845.83,27167,0,0,0,0,0,0,0
1103,1378,53852878,56093708,22225,7933,93,7955,0,11,-18,11,-18,1,1,1,1462.86,845.83,1462.86,845.83,28750,0,0,0,0,0,0,0
1104,1379,57432711,55932917,22073,7933,93,7955,0,12,-18,12,-18,1,1,1,1508.57,868.27,1508.57,868.27,27208,0,0,0,0,0,0,0
1105,1380,54159332,55324958,22137,7933,93,7955,0,12,-18,12,-18,1,1,1,1508.57,868.27,1508.57,868.27,30792,0,0,0,0,0,0,0
1106,1381,59014957,56392750,22777,7933,93,7955,0,12,-18,12,-18,1,1,1,1508.57,868.27,1508.57,868.27,28708,0,0,0,0,0,0,0
1107,1382,53113125,55961917,22353,7933,93,7955,0,12,-18,12,-18,1,1,1,1508.57,868.27,1508.57,868.27,26875,0,0,0,0,0,0,0
1108,1383,58718040,56682000,22073,7933,93,7955,0,12,-18,12,-18,1,1,1,1508.57,868.27,1508.57,868.27,32500,0,0,0,0,0,0,0
1109,1384,57534709,59559250,22225,7933,93,7955,0,12,-18,12,-18,1,1,1,1508.57,868.27,1508.57,868.27,28041,0,0,0,0,0,0,0
1110,1385,57462584,55600541,22125,7933,96,7955,0,12,-18,12,-18,1,1,1,1508.57,868.27,1508.57,868.27,26875,0,0,0,0,0,0,0
1111,1386,53242374,54929500,22137,7934,94,7956,0,12,-18,12,-18,1,1,1,1508.57,868.27,1508.57,868.27,26583,0,0,0,0,0,0,0
1112,1387,50769209,49638625,22161,7933,93,7955,0,12,-18,12,-18,1,1,1,1508.57,868.27,1508.57,868.27,27625,0,0,0,0,0,0,0
1113,1388,46209119,47487875,22137,7933,93,7955,0,12,-18,12,-18,1,1,1,1508.57,868.27,1508.57,868.27,22583,0,0,0,0,0,0,0
1114,1389,43809331,43846208,22125,7933,93,7955,0,12,-18,12,-18,1,1,1,1508.57,868.27,1508.57,868.27,21917,0,0,0,0,0,0,0
1115,1390,45238837,43722417,22073,7933,93,7955,0,12,-18,12,-18,1,1,1,1508.57,868.27,1508.57,868.27,22375,0,0,0,0,0,0,0
1116,1391,43462038,43750125,22789,7933,93,7955,0,13,-18,13,-18,1,1,1,1554.29,892.25,1554.29,892.25,22000,0,0,0,0,0,0,0
1117,1392,37327166,38518875,22289,7933,93,7955,0,13,-18,13,-18,1,1,1,1554.29,892.25,1554.29,892.25,19959,0,0,0,0,0,0,0
1118,1393,39878662,38668958,22073,7933,93,7955,0,13,-18,13,-18,1,1,1,1554.29,892.25,1554.29,892.25,19041,0,0,0,0,0,0,0
1119,1394,39837293,40787042,22189,7933,93,7955,0,13,-18,13,-18,1,1,1,1554.29,892.25,1554.29,892.25,21375,0,0,0,0,0,0,0
1120,1395,33918954,34162917,22161,7933,96,7955,0,13,-18,13,-18,1,1,1,1554.29,892.25,1554.29,892.25,17083,0,0,0,0,0,0,0
1121,1396,35018835,33936833,22073,7933,93,7955,0,13,-18,13,-18,1,1,1,1554.29,892.25,1554.29,892.25,17584,0,0,0,0,0,0,0
1122,1397,33046834,34105375,22137,7933,93,7955,0,13,-18,13,-18,1,1,1,1554.29,892.25,1554.29,892.25,17000,0,0,0,0,0,0,0
1123,1398,33273752,33254791,22073,7933,93,7955,0,13,-18,13,-18,1,1,1,1554.29,892.25,1554.29,892.25,16375,0,0,0,0,0,0,0
1124,1399,34586578,33459000,22073,7933,93,7955,0,13,-18,13,-18,1,1,1,1554.29,892.25,1554.29,892.25,17208,0,0,0,0,0,0,0
1125,1400,33730335,34704208,22277,7933,93,7955,0,13,-18,13,-18,1,1,1,1554.29,892.25,1554.29,892.25,17000,0,0,0,0,0,0,0
1126,1401,37371125,37475208,22073,7934,94,7956,0,13,-18,13,-18,1,1,1,1554.29,892.25,1554.29,892.25,17958,0,0,0,0,0,0,0
1127,1402,38097456,36866250,22073,7933,93,7955,0,13,-18,13,-18,1,1,1,1554.29,892.25,1554.29,892.25,17375,0,0,0,0,0,0,0
1128,1403,36086004,37298583,22137,7933,93,7955,0,14,-18,14,-18,1,1,1,1600,918.02,1600,918.02,20792,0,0,0,0,0,0,0
1129,1404,36603577,36470500,22073,7933,93,7955,0,14,-18,14,-18,1,1,1,1600,918.02,1600,918.02,16708,0,0,0,0,0,0,0
1130,1405,37632085,35757875,22725,7933,93,7955,0,14,-18,14,-18,1,1,1,1600,918.02,1600,918.02,21292,0,0,0,0,0,0,0
1131,1406,35786833,37682958,22405,7933,93,7955,0,14,-18,14,-18,1,1,1,1600,918.02,1600,918.02,16875,0,0,0,0,0,0,0
1132,1407,42114667,41992542,22073,7933,93,7955,0,14,-18,14,-18,1,1,1,1600,918.02,1600,918.02,19292,0,0,0,0,0,0,0
1133,1408,53258001,51403000,22073,7933,93,7955,0,14,-18,14,-18,1,1,1,1600,918.02,1600,918.02,21750,0,0,0,0,0,0,0
1134,1409,60992784,62439291,22225,7933,96,7955,0,14,-18,14,-18,1,1,1,1600,918.02,1600,918.02,25750,0,0,0,0,0,0,0
1135,1410,71428254,69387167,22073,7933,93,7955,0,14,-18,14,-18,1,1,1,1600,918.02,1600,918.02,32958,0,0,0,0,0,0,0
1136,1411,66982828,69140250,22189,7933,93,7955,0,14,-18,14,-18,1,1,1,1600,918.02,1600,918.02,32250,0,0,0,0,0,0,0
1137,1412,70596128,68735750,22161,7933,93,7955,0,14,-18,14,-18,1,1,1,1600,918.02,1600,918.02,33625,0,0,0,0,0,0,0
1138,1413,65856292,67801708,22137,7933,93,7955,0,14,-18,14,-18,1,1,1,1600,918.02,1600,918.02,33417,0,0,0,0,0,0,0
1139,1414,58339454,55004000,22689,7933,93,7955,0,14,-18,14,-18,1,1,1,1600,918.02,1600,918.02,26583,0,0,0,0,0,0,0
1140,1415,54082497,57317292,22441,7933,93,7955,0,15,-18,15,-18,1,1,1,1645.71,944.98,1645.71,944.98,28041,0,0,0,0,0,0,0
1141,1416,54808214,53520958,22073,7934,94,7956,0,15,-18,15,-18,1,1,1,1645.71,944.98,1645.71,944.98,27375,0,0,0,0,0,0,0
1142,1417,46549744,47909416,22137,7933,96,7955,0,15,-18,15,-18,1,1,1,1645.71,944.98,1645.71,944.98,21541,0,0,0,0,0,0,0
1143,1418,48617169,48521666,22213,7933,93,7955,0,15,-18,15,-18,1,1,1,1645.71,944.98,1645.71,944.98,24625,0,0,0,0,0,0,0
1144,1419,52288293,51082833,22073,7933,93,7955,0,15,-18,15,-18,1,1,1,1645.71,944.98,1645.71,944.98,25834,0,0,0,0,0,0,0
1145,1420,48393085,49713958,22137,7933,93,7955,0,15,-18,15,-18,1,1,1,1645.71,944.98,1645.71,944.98,21917,0,0,0,0,0,0,0
1146,1421,48226539,47880583,22073,7933,93,7955,0,15,-18,15,-18,1,1,1,1645.71,944.98,1645.71,944.98,21708,0,0,0,0,0,0,0
1147,1422,50449207,48744917,22161,7933,93,7955,0,15,-18,15,-18,1,1,1,1645.71,944.98,1645.71,944.98,21708,0,0,0,0,0,0,0
1148,1423,51418628,51780917,22753,7933,93,7955,0,15,-18,15,-18,1,1,1,1645.71,944.98,1645.71,944.98,25875,0,0,0,0,0,0,0
1149,1424,53532496,53395917,22289,7933,93,7955,0,15,-18,15,-18,1,1,1,1645.71,944.98,1645.71,944.98,27083,0,0,0,0,0,0,0
1150,1425,52494458,54110583,22225,7933,93,7955,0,15,-18,15,-18,1,1,1,1645.71,944.98,1645.71,944.98,25792,0,0,0,0,0,0,0
1151,1426,60980334,59366958,22073,7933,93,7955,0,15,-18,15,-18,1,1,1,1645.71,944.98,1645.71,944.98,28709,0,0,0,0,0,0,0
1152,1427,47162953,48755334,22189,7933,96,7955,0,16,-18,16,-18,1,1,1,1691.43,972.01,1691.43,972.01,26417,0,0,0,0,0,0,0
1153,1428,44651083,44662167,22161,7933,93,7955,0,16,-18,16,-18,1,1,1,1691.43,972.01,1691.43,972.01,22500,0,0,0,0,0,0,0
1154,1429,44542416,43412167,22073,7933,93,7955,0,16,-18,16,-18,1,1,1,1691.43,972.01,1691.43,972.01,25958,0,0,0,0,0,0,0
1155,1430,39118587,40241583,22137,7933,93,7955,0,16,-18,16,-18,1,1,1,1691.43,972.01,1691.43,972.01,21334,0,0,0,0,0,0,0
1156,1431,38174290,38139417,22073,7934,94,7956,0,16,-18,16,-18,1,1,1,1691.43,972.01,1691.43,972.01,19000,0,0,0,0,0,0,0
1157,1432,36508742,35473709,22213,7933,93,7955,0,16,-18,16,-18,1,1,1,1691.43,972.01,1691.43,972.01,18750,0,0,0,0,0,0,0
1158,1433,33218007,34296792,22137,7933,93,7955,0,16,-18,16,-18,1,1,1,1691.43,972.01,1691.43,972.01,16375,0,0,0,0,0,0,0
1159,1434,33579126,33533667,22073,7933,93,7955,0,16,-18,16,-18,1,1,1,1691.43,972.01,1691.43,972.01,16500,0,0,0,0,0,0,0
1160,1435,35395622,33523458,22637,7933,93,7955,0,16,-18,16,-18,1,1,1,1691.43,972.01,1691.43,972.01,16459,0,0,0,0,0,0,0
1161,1436,32671753,34448167,22353,7933,93,7955,0,16,-18,16,-18,1,1,1,1691.43,972.01,1691.43,972.01,16667,0,0,0,0,0,0,0
1162,1437,35339370,35409333,22161,7933,93,7955,0,16,-18,16,-18,1,1,1,1691.43,972.01,1691.43,972.01,16375,0,0,0,0,0,0,0
1163,1438,39882086,38417416,22125,7933,93,7955,0,16,-18,16,-18,1,1,1,1691.43,972.01,1691.43,972.01,17708,0,0,0,0,0,0,0
1164,1439,33583667,34828791,22137,7933,96,7955,0,15,-18,15,-18,1,1,1,1645.71,944.98,1645.71,944.98,16416,0,0,0,0,0,0,0
1165,1440,34508332,34666916,22073,7933,93,7955,0,15,-18,15,-18,1,1,1,1645.71,944.98,1645.71,944.98,16208,0,0,0,0,0,0,0
1166,1441,38132164,36668917,22073,7933,93,7955,0,15,-18,15,-18,1,1,1,1645.71,944.98,1645.71,944.98,23250,0,0,0,0,0,0,0
1167,1442,37586294,38995959,22225,7933,93,7955,0,15,-18,15,-18,1,1,1,1645.71,944.98,1645.71,944.98,17791,0,0,0,0,0,0,0
1168,1443,38185875,38096625,22073,7933,93,7955,0,15,-18,15,-18,1,1,1,1645.71,944.98,1645.71,944.98,17042,0,0,0,0,0,0,0
1169,1444,41979748,40811916,22125,7933,93,7955,0,15,-18,15,-18,1,1,1,1645.71,944.98,1645.71,944.98,21042,0,0,0,0,0,0,0
1170,1445,43585125,44681875,22137,7933,93,7955,0,15,-18,15,-18,1,1,1,1645.71,944.98,1645.71,944.98,19375,0,0,0,0,0,0,0
1171,1446,54710868,54577375,22161,7934,94,7956,0,15,-18,15,-18,1,1,1,1645.71,944.98,1645.71,944.98,21667,0,0,0,0,0,0,0
1172,1447,70404872,66736833,22637,7933,93,7955,0,15,-18,15,-18,1,1,1,1645.71,944.98,1645.71,944.98,32958,0,0,0,0,0,0,0
1173,1448,65543964,68995792,22405,7933,93,7955,0,15,-18,15,-18,1,1,1,1645.71,944.98,1645.71,944.98,31667,0,0,0,0,0,0,0
1174,1449,72111994,70102959,22161,7933,93,7955,0,15,-18,15,-18,1,1,1,1645.71,944.98,1645.71,944.98,34666,0,0,0,0,0,0,0
1175,1450,65753750,67850500,22137,7933,96,7955,0,15,-18,15,-18,1,1,1,1645.71,944.98,1645.71,944.98,36667,0,0,0,0,0,0,0
1176,1451,67232377,65504583,22125,7933,93,7955,0,14,-18,14,-18,1,1,1,1600,918.02,1600,918.02,36041,0,0,0,0,0,0,0
1177,1452,53458373,55156208,22225,7933,93,7955,0,14,-18,14,-18,1,1,1,1600,918.02,1600,918.02,30791,0,0,0,0,0,0,0
1178,1453,49120251,47780208,22073,7933,93,7955,0,14,-18,14,-18,1,1,1,1600,918.02,1600,918.02,30000,0,0,0,0,0,0,0
1179,1454,44128663,45514250,22137,7933,93,7955,0,14,-18,14,-18,1,1,1,1600,918.02,1600,918.02,21834,0,0,0,0,0,0,0
1180,1455,43692503,43561958,22125,7933,93,7955,0,14,-18,14,-18,1,1,1,1600,918.02,1600,918.02,22167,0,0,0,0,0,0,0
1181,1456,44244084,42201625,22725,7933,93,7955,0,14,-18,14,-18,1,1,1,1600,918.02,1600,918.02,20125,0,0,0,0,0,0,0
1182,1457,40811203,42902208,22353,7933,93,7955,0,14,-18,14,-18,1,1,1,1600,918.02,1600,918.02,23750,0,0,0,0,0,0,0
1183,1458,46168085,45950291,22073,7933,93,7955,0,14,-18,14,-18,1,1,1,1600,918.02,1600,918.02,19541,0,0,0,0,0,0,0
1184,1459,51641255,50181041,22073,7933,93,7955,0,14,-18,14,-18,1,1,1,1600,918.02,1600,918.02,23000,0,0,0,0,0,0,0
1185,1460,45604500,47221458,22277,7933,96,7955,0,14,-18,14,-18,1,1,1,1600,918.02,1600,918.02,23625,0,0,0,0,0,0,0
1186,1461,47610085,47577416,22073,7934,94,7956,0,14,-18,14,-18,1,1,1,1600,918.02,1600,918.02,24833,0,0,0,0,0,0,0
1187,1462,56430414,54236708,22073,7933,93,7955,0,14,-18,14,-18,1,1,1,1600,918.02,1600,918.02,22625,0,0,0,0,0,0,0
1188,1463,53792752,55832250,22137,7933,93,7955,0,13,-18,13,-18,1,1,1,1554.29,892.25,1554.29,892.25,28583,0,0,0,0,0,0,0
1189,1464,57161286,55600875,22213,7933,93,7955,0,13,-18,13,-18,1,1,1,1554.29,892.25,1554.29,892.25,26291,0,0,0,0,0,0,0
1190,1465,58718919,60146833,22137,7933,93,7955,0,13,-18,13,-18,1,1,1,1554.29,892.25,1554.29,892.25,32584,0,0,0,0,0,0,0
1191,1466,63586287,59928084,22637,7933,93,7955,0,13,-18,13,-18,1,1,1,1554.29,892.25,1554.29,892.25,34166,0,0,0,0,0,0,0
1192,1467,56749463,60447584,22441,7933,93,7955,0,13,-18,13,-18,1,1,1,1554.29,892.25,1554.29,892.25,28458,0,0,0,0,0,0,0
1193,1468,56409459,54808584,22125,7933,93,7955,0,13,-18,13,-18,1,1,1,1554.29,892.25,1554.29,892.25,27333,0,0,0,0,0,0,0
1194,1469,47542452,49133166,22137,7933,96,7955,0,13,-18,13,-18,1,1,1,1554.29,892.25,1554.29,892.25,27084,0,0,0,0,0,0,0
1195,1470,42547002,42615209,22161,7933,93,7955,0,13,-18,13,-18,1,1,1,1554.29,892.25,1554.29,892.25,26750,0,0,0,0,0,0,0
1196,1471,40324538,39097417,22073,7933,93,7955,0,13,-18,13,-18,1,1,1,1554.29,892.25,1554.29,892.25,19250,0,0,0,0,0,0,0
1197,1472,38250964,39476917,22137,7933,93,7955,0,13,-18,13,-18,1,1,1,1554.29,892.25,1554.29,892.25,20542,0,0,0,0,0,0,0
1198,1473,36070287,35884542,22125,7933,93,7955,0,13,-18,13,-18,1,1,1,1554.29,892.25,1554.29,892.25,22625,0,0,0,0,0,0,0
1199,1474,40382247,39402250,22161,7933,93,7955,0,13,-18,13,-18,1,1,1,1554.29,892.25,1554.29,892.25,17250,0,0,0,0,0,0,0
1200,1475,37007581,38090708,22137,7933,93,7955,0,12,-18,12,-18,1,1,1,1508.57,868.27,1508.57,868.27,17166,0,0,0,0,0,0,0
1201,1476,37743501,37572875,22073,7934,94,7956,0,12,-18,12,-18,1,1,1,1508.57,868.27,1508.57,868.27,19959,0,0,0,0,0,0,0
1202,1477,41515793,39513166,22637,7933,93,7955,0,12,-18,12,-18,1,1,1,1508.57,868.27,1508.57,868.27,19542,0,0,0,0,0,0,0
1203,1478,38065120,40063875,22441,7933,93,7955,0,12,-18,12,-18,1,1,1,1508.57,868.27,1508.57,868.27,19375,0,0,0,0,0,0,0
1204,1479,44397957,44470125,22125,7933,93,7955,0,12,-18,12,-18,1,1,1,1508.57,868.27,1508.57,868.27,20000,0,0,0,0,0,0,0
1205,1480,52460663,50844375,22073,7933,93,7955,0,12,-18,12,-18,1,1,1,1508.57,868.27,1508.57,868.27,23167,0,0,0,0,0,0,0
1206,1481,53381916,54511041,22137,7933,96,7955,0,12,-18,12,-18,1,1,1,1508.57,868.27,1508.57,868.27,26708,0,0,0,0,0,0,0
1207,1482,57281129,55602333,22161,7933,93,7955,0,12,-18,12,-18,1,1,1,1508.57,868.27,1508.57,868.27,30917,0,0,0,0,0,0,0
1208,1483,66174209,67881250,22189,7933,93,7955,0,12,-18,12,-18,1,1,1,1508.57,868.27,1508.57,868.27,27000,0,0,0,0,0,0,0
1209,1484,67114785,65317625,22073,7933,93,7955,0,12,-18,12,-18,1,1,1,1508.57,868.27,1508.57,868.27,33750,0,0,0,0,0,0,0
1210,1485,58126255,60121500,22225,7933,93,7955,0,12,-18,12,-18,1,1,1,1508.57,868.27,1508.57,868.27,32750,0,0,0,0,0,0,0
1211,1486,58214038,55309667,22637,7933,93,7955,0,12,-18,12,-18,1,1,1,1508.57,868.27,1508.57,868.27,29250,0,0,0,0,0,0,0
1212,1487,51905754,54720333,22405,7933,93,7955,0,11,-18,11,-18,1,1,1,1462.86,845.83,1462.86,845.83,28875,0,0,0,0,0,0,0
1213,1488,56472454,54931500,22161,7933,93,7955,0,11,-18,11,-18,1,1,1,1462.86,845.83,1462.86,845.83,26959,0,0,0,0,0,0,0
1214,1489,58309581,59918334,22137,7933,93,7955,0,11,-18,11,-18,1,1,1,1462.86,845.83,1462.86,845.83,30833,0,0,0,0,0,0,0
1215,1490,50152793,48629542,22073,7933,96,7955,0,11,-18,11,-18,1,1,1,1462.86,845.83,1462.86,845.83,23000,0,0,0,0,0,0,0
1216,1491,46830881,48092084,22277,7934,94,7956,0,11,-18,11,-18,1,1,1,1462.86,845.83,1462.86,845.83,22875,0,0,0,0,0,0,0
1217,1492,53845081,52376042,22073,7933,93,7955,0,11,-18,11,-18,1,1,1,1462.86,845.83,1462.86,845.83,26875,0,0,0,0,0,0,0
1218,1493,49443829,50955500,22137,7933,93,7955,0,11,-18,11,-18,1,1,1,1462.86,845.83,1462.86,845.83,26250,0,0,0,0,0,0,0
1219,1494,52222002,50943542,22161,7933,93,7955,0,11,-18,11,-18,1,1,1,1462.86,845.83,1462.86,845.83,22917,0,0,0,0,0,0,0
1220,1495,51910415,53225625,22189,7933,93,7955,0,11,-18,11,-18,1,1,1,1462.86,845.83,1462.86,845.83,27000,0,0,0,0,0,0,0
1221,1496,55337712,52396292,22637,7933,93,7955,0,11,-18,11,-18,1,1,1,1462.86,845.83,1462.86,845.83,27334,0,0,0,0,0,0,0
1222,1497,48565626,51511167,22441,7933,93,7955,0,11,-18,11,-18,1,1,1,1462.86,845.83,1462.86,845.83,28417,0,0,0,0,0,0,0
1223,1498,59707913,58274500,22073,7933,93,7955,0,11,-18,11,-18,1,1,1,1462.86,845.83,1462.86,845.83,27083,0,0,0,0,0,0,0
1224,1499,51640037,52995417,22189,7933,96,7955,0,10,-18,10,-18,1,1,1,1417.14,823.72,1417.14,823.72,21917,0,0,0,0,0,0,0
1225,1500,56542877,54957250,22161,7933,93,7955,0,10,-18,10,-18,1,1,1,1417.14,823.72,1417.14,823.72,26166,0,0,0,0,0,0,0
1226,1501,52583873,53941209,22137,7933,93,7955,0,10,-18,10,-18,1,1,1,1417.14,823.72,1417.14,823.72,30708,0,0,0,0,0,0,0
1227,1502,48958502,47731084,22073,7933,93,7955,0,10,-18,10,-18,1,1,1,1417.14,823.72,1417.14,823.72,25542,0,0,0,0,0,0,0
1228,1503,42064830,43478791,22277,7933,93,7955,0,10,-18,10,-18,1,1,1,1417.14,823.72,1417.14,823.72,22125,0,0,0,0,0,0,0
1229,1504,44085919,44051875,22073,7933,93,7955,0,10,-18,10,-18,1,1,1,1417.14,823.72,1417.14,823.72,21292,0,0,0,0,0,0,0
1230,1505,44210415,42129791,22073,7933,93,7955,0,10,-18,10,-18,1,1,1,1417.14,823.72,1417.14,823.72,22291,0,0,0,0,0,0,0
1231,1506,36447539,38515166,22917,7934,94,7956,0,10,-18,10,-18,1,1,1,1417.14,823.72,1417.14,823.72,19833,0,0,0,0,0,0,0
1232,1507,37840623,37847167,22161,7933,93,7955,0,10,-18,10,-18,1,1,1,1417.14,823.72,1417.14,823.72,19084,0,0,0,0,0,0,0
1233,1508,35302579,34220417,22125,7933,93,7955,0,10,-18,10,-18,1,1,1,1417.14,823.72,1417.14,823.72,17042,0,0,0,0,0,0,0
1234,1509,36736629,37813666,22137,7933,93,7955,0,10,-18,10,-18,1,1,1,1417.14,823.72,1417.14,823.72,17792,0,0,0,0,0,0,0
1235,1510,33585790,33598459,22073,7933,96,7955,0,10,-18,10,-18,1,1,1,1417.14,823.72,1417.14,823.72,16792,0,0,0,0,0,0,0
1236,1511,34821789,33646583,22073,7933,93,7955,0,9,-18,9,-18,1,1,1,1371.43,801.36,1371.43,801.36,16459,0,0,0,0,0,0,0
1237,1512,32586704,33733625,22225,7933,93,7955,0,9,-18,9,-18,1,1,1,1371.43,801.36,1371.43,801.36,15834,0,0,0,0,0,0,0
1238,1513,33814251,33784625,22073,7933,93,7955,0,9,-18,9,-18,1,1,1,1371.43,801.36,1371.43,801.36,15916,0,0,0,0,0,0,0
1239,1514,34444168,33381792,22125,7933,93,7955,0,9,-18,9,-18,1,1,1,1371.43,801.36,1371.43,801.36,15416,0,0,0,0,0,0,0
1240,1515,32675623,33696750,22137,7933,93,7955,0,9,-18,9,-18,1,1,1,1371.43,801.36,1371.43,801.36,16459,0,0,0,0,0,0,0
1241,1516,34612167,34569250,22073,7933,93,7955,0,9,-18,9,-18,1,1,1,1371.43,801.36,1371.43,801.36,15500,0,0,0,0,0,0,0
1242,1517,37285875,36062500,22161,7933,93,7955,0,9,-18,9,-18,1,1,1,1371.43,801.36,1371.43,801.36,16709,0,0,0,0,0,0,0
1243,1518,33474624,34679583,22137,7933,93,7955,0,9,-18,9,-18,1,1,1,1371.43,801.36,1371.43,801.36,20625,0,0,0,0,0,0,0
1244,1519,35078458,34937667,22073,7933,93,7955,0,9,-18,9,-18,1,1,1,1371.43,801.36,1371.43,801.36,19500,0,0,0,0,0,0,0
1245,1520,39034206,36850417,22689,7933,93,7955,0,9,-18,9,-18,1,1,1,1371.43,801.36,1371.43,801.36,19625,0,0,0,0,0,0,0
1246,1521,35545874,37776041,22353,7934,94,7956,0,9,-18,9,-18,1,1,1,1371.43,801.36,1371.43,801.36,17333,0,0,0,0,0,0,0
1247,1522,35724505,35769000,22161,7933,93,7955,0,9,-18,9,-18,1,1,1,1371.43,801.36,1371.43,801.36,16667,0,0,0,0,0,0,0
1248,1523,40038585,38930875,22073,7933,93,7955,0,8,-18,8,-18,1,1,1,1325.71,772.98,1325.71,772.98,21583,0,0,0,0,0,0,0
1249,1524,34477040,35441250,22137,7933,96,7955,0,8,-18,8,-18,1,1,1,1325.71,772.98,1325.71,772.98,16125,0,0,0,0,0,0,0
1250,1525,37156626,37039125,22073,7933,93,7955,0,8,-18,8,-18,1,1,1,1325.71,772.98,1325.71,772.98,15834,0,0,0,0,0,0,0
1251,1526,46515788,45001666,22125,7933,93,7955,0,8,-18,8,-18,1,1,1,1325.71,772.98,1325.71,772.98,19792,0,0,0,0,0,0,0
1252,1527,47937832,49511750,22225,7933,93,7955,0,8,-18,8,-18,1,1,1,1325.71,772.98,1325.71,772.98,20459,0,0,0,0,0,0,0
1253,1528,68694338,66222250,22073,7933,93,7955,0,8,-18,8,-18,1,1,1,1325.71,772.98,1325.71,772.98,30375,0,0,0,0,0,0,0
1254,1529,66706702,68963625,22137,7933,93,7955,0,8,-18,8,-18,1,1,1,1325.71,772.98,1325.71,772.98,31292,0,0,0,0,0,0,0
1255,1530,75948506,72410583,22777,7933,93,7955,0,8,-18,8,-18,1,1,1,1325.71,772.98,1325.71,772.98,30541,0,0,0,0,0,0,0
1256,1531,65526455,69037208,22353,7933,93,7955,0,8,-18,8,-18,1,1,1,1325.71,772.98,1325.71,772.98,62750,0,0,0,0,0,0,0
1257,1532,72360835,69559542,22073,7933,93,7955,0,8,-18,8,-18,1,1,1,1325.71,772.98,1325.71,772.98,49417,0,0,0,0,0,0,0
1258,1533,60703746,63564084,22277,7933,93,7955,0,8,-18,8,-18,1,1,1,1325.71,772.98,1325.71,772.98,32250,0,0,0,0,0,0,0
1259,1534,50565879,49245708,22073,7933,96,7955,0,8,-18,8,-18,1,1,1,1325.71,772.98,1325.71,772.98,25875,0,0,0,0,0,0,0
1260,1535,44248249,45551584,22137,7933,93,7955,0,7,-18,7,-18,1,1,1,1280,736.66,1280,736.66,21375,0,0,0,0,0,0,0
1261,1536,46908043,46827417,22161,7934,94,7956,0,7,-18,7,-18,1,1,1,1280,736.66,1280,736.66,20333,0,0,0,0,0,0,0
1262,1537,41541915,40459375,22125,7933,93,7955,0,7,-18,7,-18,1,1,1,1280,736.66,1280,736.66,18834,0,0,0,0,0,0,0
1263,1538,41714206,42740291,22137,7933,93,7955,0,7,-18,7,-18,1,1,1,1280,736.66,1280,736.66,18417,0,0,0,0,0,0,0
1264,1539,43497625,43545208,22073,7933,93,7955,0,7,-18,7,-18,1,1,1,1280,736.66,1280,736.66,20625,0,0,0,0,0,0,0
1265,1540,48410538,46062125,22725,7933,93,7955,0,7,-18,7,-18,1,1,1,1280,736.66,1280,736.66,20875,0,0,0,0,0,0,0
1266,1541,42941667,45299667,22353,7933,93,7955,0,7,-18,7,-18,1,1,1,1280,736.66,1280,736.66,20708,0,0,0,0,0,0,0
1267,1542,47884501,47885458,22125,7933,93,7955,0,7,-18,7,-18,1,1,1,1280,736.66,1280,736.66,21667,0,0,0,0,0,0,0
1268,1543,48674538,47220625,22073,7933,93,7955,0,7,-18,7,-18,1,1,1,1280,736.66,1280,736.66,21459,0,0,0,0,0,0,0
1269,1544,42136047,43568083,22225,7933,96,7955,0,7,-18,7,-18,1,1,1,1280,736.66,1280,736.66,21000,0,0,0,0,0,0,0
1270,1545,42584121,42558709,22073,7933,93,7955,0,7,-18,7,-18,1,1,1,1280,736.66,1280,736.66,21125,0,0,0,0,0,0,0
1271,1546,38775213,37610333,22073,7933,93,7955,0,7,-18,7,-18,1,1,1,1280,736.66,1280,736.66,18459,0,0,0,0,0,0,0
1272,1547,36784663,37897750,22189,7933,93,7955,0,6,-18,6,-18,1,1,1,1234.29,696.59,1234.29,696.59,16542,0,0,0,0,0,0,0
1273,1548,37522248,37578292,22161,7933,93,7955,0,6,-18,6,-18,1,1,1,1234.29,696.59,1234.29,696.59,16584,0,0,0,0,0,0,0
1274,1549,35278372,34179042,22073,7933,93,7955,0,6,-18,6,-18,1,1,1,1234.29,696.59,1234.29,696.59,17084,0,0,0,0,0,0,0
1275,1550,33169586,34252750,22137,7933,93,7955,0,6,-18,6,-18,1,1,1,1234.29,696.59,1234.29,696.59,15417,0,0,0,0,0,0,0
1276,1551,33590368,33554625,22073,7934,94,7956,0,6,-18,6,-18,1,1,1,1234.29,696.59,1234.29,696.59,14583,0,0,0,0,0,0,0
1277,1552,35543587,33620666,22637,7933,93,7955,0,6,-18,6,-18,1,1,1,1234.29,696.59,1234.29,696.59,14916,0,0,0,0,0,0,0
1278,1553,31500827,33374167,22493,7933,93,7955,0,6,-18,6,-18,1,1,1,1234.29,696.59,1234.29,696.59,14583,0,0,0,0,0,0,0
1279,1554,33533632,33549166,22073,7933,93,7955,0,6,-18,6,-18,1,1,1,1234.29,696.59,1234.29,696.59,15000,0,0,0,0,0,0,0
1280,1555,34350495,33267291,22073,7933,93,7955,0,6,-18,6,-18,1,1,1,1234.29,696.59,1234.29,696.59,14792,0,0,0,0,0,0,0
1281,1556,35853832,36896292,22137,7933,93,7955,0,6,-18,6,-18,1,1,1,1234.29,696.59,1234.29,696.59,17000,0,0,0,0,0,0,0
1282,1557,33193416,33128041,22073,7933,96,7955,0,6,-18,6,-18,1,1,1,1234.29,696.59,1234.29,696.59,14834,0,0,0,0,0,0,0
1283,1558,33734001,32793917,22161,7933,93,7955,0,6,-18,6,-18,1,1,1,1234.29,696.59,1234.29,696.59,15209,0,0,0,0,0,0,0
1284,1559,30721712,31685333,22189,7933,93,7955,0,5,-18,5,-18,1,1,1,1188.57,662.98,1188.57,662.98,13334,0,0,0,0,0,0,0
1285,1560,30254578,30265208,22073,7933,93,7955,0,5,-18,5,-18,1,1,1,1188.57,662.98,1188.57,662.98,13583,0,0,0,0,0,0,0
1286,1561,30202962,30160500,22073,7933,93,7955,0,5,-18,5,-18,1,1,1,1188.57,662.98,1188.57,662.98,13292,0,0,0,0,0,0,0
1287,1562,35268709,33769583,22073,7933,93,7955,0,5,-18,5,-18,1,1,1,1188.57,662.98,1188.57,662.98,13625,0,0,0,0,0,0,0
1288,1563,33812832,35124500,22225,7933,93,7955,0,5,-18,5,-18,1,1,1,1188.57,662.98,1188.57,662.98,14834,0,0,0,0,0,0,0
1289,1564,34896668,35029083,22073,7933,93,7955,0,5,-18,5,-18,1,1,1,1188.57,662.98,1188.57,662.98,15625,0,0,0,0,0,0,0
1290,1565,37292454,35844375,22073,7933,93,7955,0,5,-18,5,-18,1,1,1,1188.57,662.98,1188.57,662.98,15167,0,0,0,0,0,0,0
1291,1566,34761253,36178750,22189,7934,94,7956,0,5,-18,5,-18,1,1,1,1188.57,662.98,1188.57,662.98,16417,0,0,0,0,0,0,0
1292,1567,38370747,37147208,22637,7933,93,7955,0,5,-18,5,-18,1,1,1,1188.57,662.98,1188.57,662.98,18833,0,0,0,0,0,0,0
1293,1568,36880794,36862208,22377,7933,93,7955,0,5,-18,5,-18,1,1,1,1188.57,662.98,1188.57,662.98,15333,0,0,0,0,0,0,0
1294,1569,36326333,37488666,22137,7933,93,7955,0,5,-18,5,-18,1,1,1,1188.57,662.98,1188.57,662.98,19042,0,0,0,0,0,0,0
1295,1570,48595122,48531000,22073,7933,93,7955,0,5,-18,5,-18,1,1,1,1188.57,662.98,1188.57,662.98,27708,0,0,0,0,0,0,0
1296,1571,60818333,58622250,27553,7933,96,7955,0,4,-18,4,-18,1,1,1,1142.86,635.99,1142.86,635.99,552000,0,514958,497625,0,0,0,0
1297,1572,65844751,67559458,22277,7933,93,7955,0,4,-18,4,-18,1,1,1,1142.86,635.99,1142.86,635.99,29375,0,0,0,0,0,0,0
1298,1573,69398798,67738167,22073,7933,93,7955,0,4,-18,4,-18,1,1,1,1142.86,635.99,1142.86,635.99,28125,0,0,0,0,0,0,0
1299,1574,71449369,72930750,22137,7933,93,7955,0,4,-18,4,-18,1,1,1,1142.86,635.99,1142.86,635.99,29458,0,0,0,0,0,0,0
1300,1575,70815294,68694875,22213,7933,93,7955,0,4,-18,4,-18,1,1,1,1142.86,635.99,1142.86,635.99,29875,0,0,0,0,0,0,0
1301,1576,60739584,61617166,22701,7933,93,7955,0,4,-18,4,-18,1,1,1,1142.86,635.99,1142.86,635.99,28667,0,0,0,0,0,0,0
1302,1577,55693708,55471875,22289,7933,93,7955,0,4,-18,4,-18,1,1,1,1142.86,635.99,1142.86,635.99,27375,0,0,0,0,0,0,0
1303,1578,51269169,53107459,22225,7933,93,7955,0,4,-18,4,-18,1,1,1,1142.86,635.99,1142.86,635.99,24583,0,0,0,0,0,0,0
1304,1579,49194630,47299083,22125,7933,96,7955,0,4,-18,4,-18,1,1,1,1142.86,635.99,1142.86,635.99,19083,0,0,0,0,0,0,0
1305,1580,47082580,48824875,22137,7933,93,7955,0,4,-18,4,-18,1,1,1,1142.86,635.99,1142.86,635.99,18916,0,0,0,0,0,0,0
1306,1581,46371079,46299334,22073,7934,94,7956,0,4,-18,4,-18,1,1,1,1142.86,635.99,1142.86,635.99,21083,0,0,0,0,0,0,0
1307,1582,48025880,46879042,22161,7933,93,7955,0,4,-18,4,-18,1,1,1,1142.86,635.99,1142.86,635.99,18917,0,0,0,0,0,0,0
1308,1583,44766537,46002292,22137,7933,93,7955,0,3,-18,3,-18,1,1,1,1097.14,613.14,1097.14,613.14,19250,0,0,0,0,0,0,0
1309,1584,53528293,53569959,22125,7933,93,7955,0,3,-18,3,-18,1,1,1,1097.14,613.14,1097.14,613.14,22500,0,0,0,0,0,0,0
1310,1585,58355413,56023166,22073,7933,93,7955,0,3,-18,3,-18,1,1,1,1097.14,613.14,1097.14,613.14,22500,0,0,0,0,0,0,0
1311,1586,54475497,55151834,22789,7933,93,7955,0,3,-18,3,-18,1,1,1,1097.14,613.14,1097.14,613.14,22334,0,0,0,0,0,0,0
1312,1587,53949255,54012583,22289,7933,93,7955,0,3,-18,3,-18,1,1,1,1097.14,613.14,1097.14,613.14,22416,0,0,0,0,0,0,0
1313,1588,54744750,56146167,22189,7933,93,7955,0,3,-18,3,-18,1,1,1,1097.14,613.14,1097.14,613.14,22541,0,0,0,0,0,0,0
1314,1589,47035835,45865417,22161,7933,96,7955,0,3,-18,3,-18,1,1,1,1097.14,613.14,1097.14,613.14,22125,0,0,0,0,0,0,0
1315,1590,43506871,44782583,22137,7933,93,7955,0,3,-18,3,-18,1,1,1,1097.14,613.14,1097.14,613.14,18833,0,0,0,0,0,0,0
1316,1591,38051288,38087125,22073,7933,93,7955,0,3,-18,3,-18,1,1,1,1097.14,613.14,1097.14,613.14,16500,0,0,0,0,0,0,0
1317,1592,39306499,38107458,22073,7933,93,7955,0,3,-18,3,-18,1,1,1,1097.14,613.14,1097.14,613.14,16375,0,0,0,0,0,0,0
1318,1593,32733332,33886250,22277,7933,93,7955,0,3,-18,3,-18,1,1,1,1097.14,613.14,1097.14,613.14,14292,0,0,0,0,0,0,0
1319,1594,34006882,33994875,22073,7933,93,7955,0,3,-18,3,-18,1,1,1,1097.14,613.14,1097.14,613.14,14542,0,0,0,0,0,0,0
1320,1595,34753870,33688167,22073,7933,93,7955,0,2,-18,2,-18,1,1,1,1051.43,590.28,1051.43,590.28,14500,0,0,0,0,0,0,0
1321,1596,32658375,33696542,22137,7934,94,7956,0,2,-18,2,-18,1,1,1,1051.43,590.28,1051.43,590.28,14500,0,0,0,0,0,0,0
1322,1597,33652961,33603417,22073,7933,93,7955,0,2,-18,2,-18,1,1,1,1051.43,590.28,1051.43,590.28,15333,0,0,0,0,0,0,0
1323,1598,35376869,33544333,22725,7933,93,7955,0,2,-18,2,-18,1,1,1,1051.43,590.28,1051.43,590.28,14291,0,0,0,0,0,0,0
1324,1599,31827375,33684375,22405,7933,93,7955,0,2,-18,2,-18,1,1,1,1051.43,590.28,1051.43,590.28,14584,0,0,0,0,0,0,0
1325,1600,33591877,33548500,22073,7933,93,7955,0,2,-18,2,-18,1,1,1,1051.43,590.28,1051.43,590.28,14667,0,0,0,0,0,0,0
1326,1601,35068996,34120542,22073,7933,93,7955,0,2,-18,2,-18,1,1,1,1051.43,590.28,1051.43,590.28,15208,0,0,0,0,0,0,0
1327,1602,29501331,30380459,22137,7933,96,7955,0,2,-18,2,-18,1,1,1,1051.43,590.28,1051.43,590.28,13292,0,0,0,0,0,0,0
1328,1603,30276170,30341375,22161,7933,93,7955,0,2,-18,2,-18,1,1,1,1051.43,590.28,1051.43,590.28,13584,0,0,0,0,0,0,0
1329,1604,30410246,30391875,22073,7933,93,7955,0,2,-18,2,-18,1,1,1,1051.43,590.28,1051.43,590.28,13208,0,0,0,0,0,0,0
1330,1605,31306378,30317167,22073,7933,93,7955,0,2,-18,2,-18,1,1,1,1051.43,590.28,1051.43,590.28,14416,0,0,0,0,0,0,0
1331,1606,29283998,30250458,22189,7933,93,7955,0,2,-18,2,-18,1,1,1,1051.43,590.28,1051.43,590.28,13250,0,0,0,0,0,0,0
1332,1607,30526997,30483500,22073,7933,93,7955,0,1,-18,1,-18,1,1,1,1005.71,567.42,1005.71,567.42,13708,0,0,0,0,0,0,0
1333,1608,30496463,30521708,22161,7933,93,7955,0,1,-18,1,-18,1,1,1,1005.71,567.42,1005.71,567.42,13292,0,0,0,0,0,0,0
1334,1609,33676829,32666416,22073,7933,93,7955,0,1,-18,1,-18,1,1,1,1005.71,567.42,1005.71,567.42,15208,0,0,0,0,0,0,0
1335,1610,33919792,34862292,22137,7933,93,7955,0,1,-18,1,-18,1,1,1,1005.71,567.42,1005.71,567.42,13167,0,0,0,0,0,0,0
1336,1611,37046670,36945250,22073,7934,94,7956,0,1,-18,1,-18,1,1,1,1005.71,567.42,1005.71,567.42,20083,0,0,0,0,0,0,0
1337,1612,38396082,37264583,22073,7933,93,7955,0,1,-18,1,-18,1,1,1,1005.71,567.42,1005.71,567.42,15583,0,0,0,0,0,0,0
1338,1613,39460919,39138625,22841,7933,93,7955,0,1,-18,1,-18,1,1,1,1005.71,567.42,1005.71,567.42,14958,0,0,0,0,0,0,0
1339,1614,35741999,37178375,22289,7933,93,7955,0,1,-18,1,-18,1,1,1,1005.71,567.42,1005.71,567.42,18458,0,0,0,0,0,0,0
1340,1615,39278544,38111708,22073,7933,93,7955,0,1,-18,1,-18,1,1,1,1005.71,567.42,1005.71,567.42,16000,0,0,0,0,0,0,0
1341,1616,47851622,48846708,22137,7933,93,7955,0,1,-18,1,-18,1,1,1,1005.71,567.42,1005.71,567.42,18583,0,0,0,0,0,0,0
1342,1617,58932453,56666667,22161,7933,96,7955,0,1,-18,1,-18,1,1,1,1005.71,567.42,1005.71,567.42,18833,0,0,0,0,0,0,0
1343,1618,65546251,67426917,22189,7933,93,7955,0,1,-18,1,-18,1,1,1,1005.71,567.42,1005.71,567.42,28084,0,0,0,0,0,0,0
1344,1619,75276546,73517375,22073,7933,93,7955,0,0,-18,0,-18,1,1,1,960,544.56,960,544.56,21875,0,0,0,0,0,0,0
1345,1620,64791537,66733167,22225,7933,93,7955,0,0,-18,0,-18,1,1,1,960,544.56,960,544.56,20083,0,0,0,0,0,0,0
1346,1621,69990001,68011750,22125,7933,93,7955,0,0,-18,0,-18,1,1,1,960,544.56,960,544.56,28167,0,0,0,0,0,0,0
1347,1622,64542502,64436333,22701,7933,93,7955,0,0,-18,0,-18,1,1,1,960,544.56,960,544.56,29959,0,0,0,0,0,0,0
1348,1623,52785955,53569292,22377,7933,93,7955,0,0,-18,0,-18,1,1,1,960,544.56,960,544.56,22791,0,0,0,0,0,0,0
1349,1624,50798829,52147666,22137,7933,93,7955,0,0,-18,0,-18,1,1,1,960,544.56,960,544.56,21875,0,0,0,0,0,0,0
1350,1625,49298208,47940458,22125,7933,96,7955,0,0,-18,0,-18,1,1,1,960,544.56,960,544.56,19334,0,0,0,0,0,0,0
1351,1626,47093503,48278167,22225,7934,94,7956,0,0,-18,0,-18,1,1,1,960,544.56,960,544.56,18417,0,0,0,0,0,0,0
1352,1627,47134082,47066333,22073,7933,93,7955,0,0,-18,0,-18,1,1,1,960,544.56,960,544.56,20083,0,0,0,0,0,0,0
1353,1628,48914335,47322041,22073,7933,93,7955,0,0,-18,0,-18,1,1,1,960,544.56,960,544.56,23833,0,0,0,0,0,0,0
1354,1629,53680915,55315125,22137,7933,93,7955,0,0,-18,0,-18,1,1,1,960,544.56,960,544.56,24500,0,0,0,0,0,0,0
1355,1630,55283915,53804750,22213,7933,93,7955,0,0,-18,0,-18,1,1,1,960,544.56,960,544.56,22750,0,0,0,0,0,0,0
1356,1631,54049625,55575791,22137,7933,93,7955,0,-1,-18,-1,-18,1,1,1,914.29,521.71,914.29,521.71,22792,0,0,0,0,0,0,0
1357,1632,58439753,55342500,22637,7933,93,7955,0,-1,-18,-1,-18,1,1,1,914.29,521.71,914.29,521.71,23125,0,0,0,0,0,0,0
1358,1633,48124495,51187459,22441,7933,93,7955,0,-1,-18,-1,-18,1,1,1,914.29,521.71,914.29,521.71,22834,0,0,0,0,0,0,0
1359,1634,53346540,51698125,22125,7933,93,7955,0,-1,-18,-1,-18,1,1,1,914.29,521.71,914.29,521.71,19292,0,0,0,0,0,0,0
1360,1635,47748625,49281917,22137,7933,96,7955,0,-1,-18,-1,-18,1,1,1,914.29,521.71,914.29,521.71,21959,0,0,0,0,0,0,0
1361,1636,48581872,48396834,22073,7933,93,7955,0,-1,-18,-1,-18,1,1,1,914.29,521.71,914.29,521.71,18541,0,0,0,0,0,0,0
1362,1637,47944251,46739958,22161,7933,93,7955,0,-1,-18,-1,-18,1,1,1,914.29,521.71,914.29,521.71,21375,0,0,0,0,0,0,0
1363,1638,42088039,43520584,22137,7933,93,7955,0,-1,-18,-1,-18,1,1,1,914.29,521.71,914.29,521.71,18500,0,0,0,0,0,0,0
1364,1639,44184375,44199667,22125,7933,93,7955,0,-1,-18,-1,-18,1,1,1,914.29,521.71,914.29,521.71,18792,0,0,0,0,0,0,0
1365,1640,44352039,43006916,22073,7933,93,7955,0,-1,-18,-1,-18,1,1,1,914.29,521.71,914.29,521.71,19208,0,0,0,0,0,0,0
1366,1641,36535039,37787125,22225,7934,94,7956,0,-1,-18,-1,-18,1,1,1,914.29,521.71,914.29,521.71,16250,0,0,0,0,0,0,0
1367,1642,39388131,38188292,22637,7933,93,7955,0,-1,-18,-1,-18,1,1,1,914.29,521.71,914.29,521.71,16750,0,0,0,0,0,0,0
1368,1643,34322414,34512167,22289,7933,93,7955,0,-2,-18,-2,-18,1,1,1,868.57,498.85,868.57,498.85,17500,0,0,0,0,0,0,0
1369,1644,32621249,33632417,22137,7933,93,7955,0,-2,-18,-2,-18,1,1,1,868.57,498.85,868.57,498.85,15500,0,0,0,0,0,0,0
1370,1645,33646456,33611750,22125,7933,93,7955,0,-2,-18,-2,-18,1,1,1,868.57,498.85,868.57,498.85,15417,0,0,0,0,0,0,0
1371,1646,36904081,35837167,22161,7933,93,7955,0,-2,-18,-2,-18,1,1,1,868.57,498.85,868.57,498.85,15792,0,0,0,0,0,0,0
1372,1647,32475333,33564750,22137,7933,96,7955,0,-2,-18,-2,-18,1,1,1,868.57,498.85,868.57,498.85,15083,0,0,0,0,0,0,0
1373,1648,33640086,33605625,22073,7933,93,7955,0,-2,-18,-2,-18,1,1,1,868.57,498.85,868.57,498.85,15375,0,0,0,0,0,0,0
1374,1649,34528877,33462833,22073,7933,93,7955,0,-2,-18,-2,-18,1,1,1,868.57,498.85,868.57,498.85,14750,0,0,0,0,0,0,0
1375,1650,32467290,33456167,22137,7933,93,7955,0,-2,-18,-2,-18,1,1,1,868.57,498.85,868.57,498.85,15292,0,0,0,0,0,0,0
1376,1651,33385500,33441041,22213,7933,93,7955,0,-2,-18,-2,-18,1,1,1,868.57,498.85,868.57,498.85,14875,0,0,0,0,0,0,0
1377,1652,34978952,33830166,22073,7933,93,7955,0,-2,-18,-2,-18,1,1,1,868.57,498.85,868.57,498.85,14833,0,0,0,0,0,0,0
1378,1653,31513959,32661875,22137,7933,93,7955,0,-2,-18,-2,-18,1,1,1,868.57,498.85,868.57,498.85,15166,0,0,0,0,0,0,0
1379,1654,30316665,30255917,22073,7933,93,7955,0,-2,-18,-2,-18,1,1,1,868.57,498.85,868.57,498.85,13208,0,0,0,0,0,0,0
1380,1655,30322831,30296000,22073,7933,93,7955,0,-3,-18,-3,-18,1,1,1,822.86,475.99,822.86,475.99,14167,0,0,0,0,0,0,0
1381,1656,31531836,30561708,22161,7934,94,7956,0,-3,-18,-3,-18,1,1,1,822.86,475.99,822.86,475.99,13583,0,0,0,0,0,0,0
1382,1657,30205499,30163833,22701,7933,93,7955,0,-3,-18,-3,-18,1,1,1,822.86,475.99,822.86,475.99,13875,0,0,0,0,0,0,0
1383,1658,29328253,30321583,22341,7933,93,7955,0,-3,-18,-3,-18,1,1,1,822.86,475.99,822.86,475.99,14291,0,0,0,0,0,0,0
1384,1659,30344203,30366209,22073,7933,93,7955,0,-3,-18,-3,-18,1,1,1,822.86,475.99,822.86,475.99,14292,0,0,0,0,0,0,0
1385,1660,33505044,32434292,22073,7933,93,7955,0,-3,-18,-3,-18,1,1,1,822.86,475.99,822.86,475.99,15792,0,0,0,0,0,0,0
1386,1661,35473454,36495084,22225,7933,93,7955,0,-3,-18,-3,-18,1,1,1,822.86,475.99,822.86,475.99,17084,0,0,0,0,0,0,0
1387,1662,33600836,33565458,22073,7933,96,7955,0,-3,-18,-3,-18,1,1,1,822.86,475.99,822.86,475.99,15708,0,0,0,0,0,0,0
1388,1663,34739829,33653708,22073,7933,93,7955,0,-3,-18,-3,-18,1,1,1,822.86,475.99,822.86,475.99,15541,0,0,0,0,0,0,0
1389,1664,32519254,33564417,22137,7933,93,7955,0,-3,-18,-3,-18,1,1,1,822.86,475.99,822.86,475.99,16000,0,0,0,0,0,0,0
1390,1665,33738620,33500667,22125,7933,93,7955,0,-3,-18,-3,-18,1,1,1,822.86,475.99,822.86,475.99,16667,0,0,0,0,0,0,0
1391,1666,36340836,35474875,22161,7933,93,7955,0,-3,-18,-3,-18,1,1,1,822.86,475.99,822.86,475.99,16292,0,0,0,0,0,0,0
1392,1667,31851161,32926209,22137,7933,93,7955,0,-4,-18,-4,-18,1,1,1,777.14,453.14,777.14,453.14,16292,0,0,0,0,0,0,0
1393,1668,35465750,35367041,22073,7933,93,7955,0,-4,-18,-4,-18,1,1,1,777.14,453.14,777.14,453.14,16834,0,0,0,0,0,0,0
1394,1669,41052289,39602875,22073,7933,93,7955,0,-4,-18,-4,-18,1,1,1,777.14,453.14,777.14,453.14,16708,0,0,0,0,0,0,0
1395,1670,35571422,36997583,22137,7933,93,7955,0,-4,-18,-4,-18,1,1,1,777.14,453.14,777.14,453.14,16750,0,0,0,0,0,0,0
1396,1671,37161707,37168458,22213,7934,94,7956,0,-4,-18,-4,-18,1,1,1,777.14,453.14,777.14,453.14,16875,0,0,0,0,0,0,0
1397,1672,37536166,35623666,22637,7933,93,7955,0,-4,-18,-4,-18,1,1,1,777.14,453.14,777.14,453.14,18708,0,0,0,0,0,0,0
1398,1673,38444664,40293541,22353,7933,93,7955,0,-4,-18,-4,-18,1,1,1,777.14,453.14,777.14,453.14,19375,0,0,0,0,0,0,0
1399,1674,46165291,45961250,22073,7933,93,7955,0,-4,-18,-4,-18,1,1,1,777.14,453.14,777.14,453.14,21625,0,0,0,0,0,0,0
1400,1675,61405334,59594375,22161,7933,93,7955,0,-4,-18,-4,-18,1,1,1,777.14,453.14,777.14,453.14,26792,0,0,0,0,0,0,0
1401,1676,67642711,69413917,22189,7933,96,7955,0,-4,-18,-4,-18,1,1,1,777.14,453.14,777.14,453.14,37666,0,0,0,0,0,0,0
1402,1677,73391206,71172042,22073,7933,93,7955,0,-4,-18,-4,-18,1,1,1,777.14,453.14,777.14,453.14,34208,0,0,0,0,0,0,0
1403,1678,70962123,73073208,22225,7933,93,7955,0,-4,-18,-4,-18,1,1,1,777.14,453.14,777.14,453.14,32584,0,0,0,0,0,0,0
1404,1679,76578296,74191042,32397,7933,93,7955,0,-5,-18,-5,-18,1,1,1,731.43,431,731.43,431,639250,0,598459,593708,0,0,0,0
1405,1680,67915998,68580666,22701,7933,93,7955,0,-5,-18,-5,-18,1,1,1,731.43,431,731.43,431,34625,0,0,0,0,0,0,0
1406,1681,54352868,54671250,22377,7933,93,7955,0,-5,-18,-5,-18,1,1,1,731.43,431,731.43,431,27125,0,0,0,0,0,0,0
1407,1682,51595754,53124625,22137,7933,93,7955,0,-5,-18,-5,-18,1,1,1,731.43,431,731.43,431,26542,0,0,0,0,0,0,0
1408,1683,52481122,51094042,22125,7933,93,7955,0,-5,-18,-5,-18,1,1,1,731.43,431,731.43,431,26542,0,0,0,0,0,0,0
1409,1684,45953251,47341542,22225,7933,96,7955,0,-5,-18,-5,-18,1,1,1,731.43,431,731.43,431,22375,0,0,0,0,0,0,0
1410,1685,47853577,47797083,22073,7933,93,7955,0,-5,-18,-5,-18,1,1,1,731.43,431,731.43,431,22959,0,0,0,0,0,0,0
1411,1686,49434665,48165417,22073,7934,94,7956,0,-5,-18,-5,-18,1,1,1,731.43,431,731.43,431,22459,0,0,0,0,0,0,0
1412,1687,49788627,50920250,34661,7933,93,7955,0,-5,-18,-5,-18,1,1,1,731.43,431,731.43,431,22500,0,0,0,0,0,0,0
1413,1688,57537712,55914459,22213,7933,93,7955,0,-5,-18,-5,-18,1,1,1,731.43,431,731.43,431,26750,0,0,0,0,0,0,0
1414,1689,53804330,55251250,22137,7933,93,7955,0,-5,-18,-5,-18,1,1,1,731.43,431,731.43,431,30583,0,0,0,0,0,0,0
1415,1690,59342622,56533250,22637,7933,93,7955,0,-5,-18,-5,-18,1,1,1,731.43,431,731.43,431,28875,0,0,0,0,0,0,0
1416,1691,51710125,54674709,22441,7933,93,7955,0,-6,-18,-6,-18,1,1,1,685.71,416.09,685.71,416.09,44125,0,0,0,0,0,0,0
1417,1692,59632208,57452667,22125,7933,93,7955,0,-6,-18,-6,-18,1,1,1,685.71,416.09,685.71,416.09,28291,0,0,0,0,0,0,0
1418,1693,55259041,57351375,22137,7933,96,7955,0,-6,-18,-6,-18,1,1,1,685.71,416.09,685.71,416.09,26834,0,0,0,0,0,0,0
1419,1694,57662498,55309583,22161,7933,93,7955,0,-6,-18,-6,-18,1,1,1,685.71,416.09,685.71,416.09,27667,0,0,0,0,0,0,0
1420,1695,54736755,56892375,22137,7933,93,7955,0,-6,-18,-6,-18,1,1,1,685.71,416.09,685.71,416.09,29792,0,0,0,0,0,0,0
1421,1696,57419620,55884083,22125,7933,93,7955,0,-6,-18,-6,-18,1,1,1,685.71,416.09,685.71,416.09,27208,0,0,0,0,0,0,0
1422,1697,52860833,54545666,22225,7933,93,7955,0,-6,-18,-6,-18,1,1,1,685.71,416.09,685.71,416.09,27917,0,0,0,0,0,0,0
1423,1698,54745994,53138916,22073,7933,93,7955,0,-6,-18,-6,-18,1,1,1,685.71,416.09,685.71,416.09,27125,0,0,0,0,0,0,0
1424,1699,46602919,46655708,22701,7933,93,7955,0,-6,-18,-6,-18,1,1,1,685.71,416.09,685.71,416.09,27292,0,0,0,0,0,0,0
1425,1700,41576128,43161666,22429,7933,93,7955,0,-6,-18,-6,-18,1,1,1,685.71,416.09,685.71,416.09,22375,0,0,0,0,0,0,0
1426,1701,40013413,38838708,22073,7934,94,7956,0,-6,-18,-6,-18,1,1,1,685.71,416.09,685.71,416.09,19291,0,0,0,0,0,0,0
1427,1702,40053330,41213875,22137,7933,93,7955,0,-6,-18,-6,-18,1,1,1,685.71,416.09,685.71,416.09,19666,0,0,0,0,0,0,0
1428,1703,34259792,34202167,22073,7933,96,7955,0,-8,-18,-8,-18,1,1,1,594.29,422.77,594.29,422.77,17083,0,0,0,0,0,0,0
1429,1704,35073000,33988250,22161,7933,93,7955,0,-8,-18,-8,-18,1,1,1,594.29,422.77,594.29,422.77,17000,0,0,0,0,0,0,0
1430,1705,32684545,33801959,22137,7933,93,7955,0,-8,-18,-8,-18,1,1,1,594.29,422.77,594.29,422.77,16833,0,0,0,0,0,0,0
1431,1706,33957991,33720458,22125,7933,93,7955,0,-8,-18,-8,-18,1,1,1,594.29,422.77,594.29,422.77,17000,0,0,0,0,0,0,0
1432,1707,34391965,33546000,22073,7933,93,7955,0,-8,-18,-8,-18,1,1,1,594.29,422.77,594.29,422.77,16709,0,0,0,0,0,0,0
1433,1708,32560538,33536375,22137,7933,93,7955,0,-8,-18,-8,-18,1,1,1,594.29,422.77,594.29,422.77,16500,0,0,0,0,0,0,0
1434,1709,33563710,33618458,22161,7933,93,7955,0,-8,-18,-8,-18,1,1,1,594.29,422.77,594.29,422.77,16500,0,0,0,0,0,0,0
1435,1710,34389667,33324292,22073,7933,93,7955,0,-8,-18,-8,-18,1,1,1,594.29,422.77,594.29,422.77,16625,0,0,0,0,0,0,0
1436,1711,29526999,30585167,22137,7933,93,7955,0,-8,-18,-8,-18,1,1,1,594.29,422.77,594.29,422.77,15000,0,0,0,0,0,0,0
1437,1712,30262917,30220750,22073,7933,93,7955,0,-8,-18,-8,-18,1,1,1,594.29,422.77,594.29,422.77,15042,0,0,0,0,0,0,0
1438,1713,31487748,30448333,22689,7933,93,7955,0,-8,-18,-8,-18,1,1,1,594.29,422.77,594.29,422.77,14708,0,0,0,0,0,0,0
1439,1714,30054748,30087000,22377,7933,93,7955,0,-8,-18,-8,-18,1,1,1,594.29,422.77,594.29,422.77,14625,0,0,0,0,0,0,0
1440,1715,29740002,30733541,22137,7933,93,7955,0,-9,-18,-9,-18,1,1,1,548.57,418.39,548.57,418.39,15292,0,0,0,0,0,0,0
1441,1716,30531164,30500958,22073,7934,94,7956,0,-9,-18,-9,-18,1,1,1,548.57,418.39,548.57,418.39,15750,0,0,0,0,0,0,0
1442,1717,33986918,33970625,22073,7933,93,7955,0,-9,-18,-9,-18,1,1,1,548.57,418.39,548.57,418.39,16083,0,0,0,0,0,0,0
1443,1718,34323539,33196333,22073,7933,96,7955,0,-9,-18,-9,-18,1,1,1,548.57,418.39,548.57,418.39,15667,0,0,0,0,0,0,0
1444,1719,32721377,33808167,22225,7933,93,7955,0,-9,-18,-9,-18,1,1,1,548.57,418.39,548.57,418.39,17708,0,0,0,0,0,0,0
1445,1720,33396746,33373625,22125,7933,93,7955,0,-9,-18,-9,-18,1,1,1,548.57,418.39,548.57,418.39,24292,0,0,0,0,0,0,0
1446,1721,35931710,34796458,22073,7933,93,7955,0,-9,-18,-9,-18,1,1,1,548.57,418.39,548.57,418.39,17500,0,0,0,0,0,0,0
1447,1722,34520749,35610750,22137,7933,93,7955,0,-9,-18,-9,-18,1,1,1,548.57,418.39,548.57,418.39,17958,0,0,0,0,0,0,0
1448,1723,34646540,34594292,22073,7933,93,7955,0,-9,-18,-9,-18,1,1,1,548.57,418.39,548.57,418.39,18375,0,0,0,0,0,0,0
1449,1724,36761499,35714875,22161,7933,93,7955,0,-9,-18,-9,-18,1,1,1,548.57,418.39,548.57,418.39,17458,0,0,0,0,0,0,0
1450,1725,34163251,35209750,22137,7933,93,7955,0,-9,-18,-9,-18,1,1,1,548.57,418.39,548.57,418.39,18000,0,0,0,0,0,0,0
1451,1726,37453494,37363125,22125,7933,93,7955,0,-9,-18,-9,-18,1,1,1,548.57,418.39,548.57,418.39,17584,0,0,0,0,0,0,0
1452,1727,37972334,36918625,22073,7933,93,7955,0,-10,-18,-10,-18,1,1,1,502.86,399.44,502.86,399.44,17416,0,0,0,0,0,0,0
1453,1728,40203295,39409542,22701,7933,93,7955,0,-10,-18,-10,-18,1,1,1,502.86,399.44,502.86,399.44,17250,0,0,0,0,0,0,0
1454,1729,45755285,47535583,22377,7933,93,7955,0,-10,-18,-10,-18,1,1,1,502.86,399.44,502.86,399.44,25541,0,0,0,0,0,0,0
1455,1730,63307836,61289000,22073,7933,93,7955,0,-10,-18,-10,-18,1,1,1,502.86,399.44,502.86,399.44,35750,0,0,0,0,0,0,0
1456,1731,70052661,71826583,22189,7934,94,7956,0,-10,-18,-10,-18,1,1,1,502.86,399.44,502.86,399.44,40625,0,0,0,0,0,0,0
1457,1732,71507543,68969500,22161,7933,96,7955,0,-10,-18,-10,-18,1,1,1,502.86,399.44,502.86,399.44,23708,0,0,0,0,0,0,0
1458,1733,69576211,71887084,22137,7933,93,7955,0,-10,-18,-10,-18,1,1,1,502.86,399.44,502.86,399.44,35917,0,0,0,0,0,0,0
1459,1734,69215998,67569959,22125,7933,93,7955,0,-10,-18,-10,-18,1,1,1,502.86,399.44,502.86,399.44,34541,0,0,0,0,0,0,0
1460,1735,54836586,56702875,22225,7933,93,7955,0,-10,-18,-10,-18,1,1,1,502.86,399.44,502.86,399.44,27334,0,0,0,0,0,0,0
1461,1736,57312663,54057500,22637,7933,93,7955,0,-10,-18,-10,-18,1,1,1,502.86,399.44,502.86,399.44,27166,0,0,0,0,0,0,0
1462,1737,45415207,48661542,22353,7933,93,7955,0,-10,-18,-10,-18,1,1,1,502.86,399.44,502.86,399.44,25875,0,0,0,0,0,0,0
1463,1738,47702457,47716542,22213,7931,93,7953,0,-10,-18,-10,-18,1,1,1,502.86,399.44,502.86,399.44,26834,0,0,0,0,0,0,0
1464,1739,47696210,46398042,22073,7933,96,7955,0,-11,-18,-11,-18,1,1,1,457.14,380.06,457.14,380.06,22083,0,0,0,0,0,0,0
1465,1740,45010544,46281417,22137,7933,93,7955,0,-11,-18,-11,-18,1,1,1,457.14,380.06,457.14,380.06,23125,0,0,0,0,0,0,0
1466,1741,46914704,46827333,22073,7933,93,7955,0,-11,-18,-11,-18,1,1,1,457.14,380.06,457.14,380.06,24125,0,0,0,0,0,0,0
1467,1742,47825332,46290833,22161,7933,93,7955,0,-11,-18,-11,-18,1,1,1,457.14,380.06,457.14,380.06,22959,0,0,0,0,0,0,0
1468,1743,43891835,45486250,22189,7933,93,7955,0,-11,-18,-11,-18,1,1,1,457.14,380.06,457.14,380.06,21375,0,0,0,0,0,0,0
1469,1744,47758914,47723250,22073,7933,93,7955,0,-11,-18,-11,-18,1,1,1,457.14,380.06,457.14,380.06,23167,0,0,0,0,0,0,0
1470,1745,48585295,47222333,22073,7933,93,7955,0,-11,-18,-11,-18,1,1,1,457.14,380.06,457.14,380.06,21791,0,0,0,0,0,0,0
1471,1746,47213457,46877250,22789,7934,94,7956,0,-11,-18,-11,-18,1,1,1,457.14,380.06,457.14,380.06,27875,0,0,0,0,0,0,0
1472,1747,44983085,46514417,22289,7933,93,7955,0,-11,-18,-11,-18,1,1,1,457.14,380.06,457.14,380.06,23625,0,0,0,0,0,0,0
1473,1748,57277750,55227625,22125,7933,93,7955,0,-11,-18,-11,-18,1,1,1,457.14,380.06,457.14,380.06,25125,0,0,0,0,0,0,0
1474,1749,56891206,58870042,22137,7933,93,7955,0,-11,-18,-11,-18,1,1,1,457.14,380.06,457.14,380.06,27375,0,0,0,0,0,0,0
1475,1750,57844210,56334208,22161,7933,96,7955,0,-11,-18,-11,-18,1,1,1,457.14,380.06,457.14,380.06,27375,0,0,0,0,0,0,0
1476,1751,50328288,51867709,22137,7933,93,7955,0,-12,-18,-12,-18,1,1,1,411.43,359.32,411.43,359.32,27000,0,0,0,0,0,0,0
1477,1752,53260963,51557292,22125,7933,93,7955,0,-12,-18,-12,-18,1,1,1,411.43,359.32,411.43,359.32,25500,0,0,0,0,0,0,0
1478,1753,42285621,44005875,22225,7933,93,7955,0,-12,-18,-12,-18,1,1,1,411.43,359.32,411.43,359.32,21667,0,0,0,0,0,0,0
1479,1754,39648752,39652292,22073,7933,93,7955,0,-12,-18,-12,-18,1,1,1,411.43,359.32,411.43,359.32,22709,0,0,0,0,0,0,0
1480,1755,37289250,36253500,22073,7933,93,7955,0,-12,-18,-12,-18,1,1,1,411.43,359.32,411.43,359.32,18959,0,0,0,0,0,0,0
1481,1756,32687578,33658083,22137,7933,93,7955,0,-12,-18,-12,-18,1,1,1,411.43,359.32,411.43,359.32,16417,0,0,0,0,0,0,0
1482,1757,34462962,33442708,22777,7933,93,7955,0,-12,-18,-12,-18,1,1,1,411.43,359.32,411.43,359.32,17208,0,0,0,0,0,0,0
1483,1758,33729251,33714958,22289,7933,93,7955,0,-12,-18,-12,-18,1,1,1,411.43,359.32,411.43,359.32,16584,0,0,0,0,0,0,0
1484,1759,32453458,33538833,22137,7933,93,7955,0,-12,-18,-12,-18,1,1,1,411.43,359.32,411.43,359.32,16459,0,0,0,0,0,0,0
1485,1760,33785708,33738333,22073,7933,93,7955,0,-12,-18,-12,-18,1,1,1,411.43,359.32,411.43,359.32,16708,0,0,0,0,0,0,0
1486,1761,37160169,36034875,22073,7934,94,7956,0,-12,-18,-12,-18,1,1,1,411.43,359.32,411.43,359.32,18000,0,0,0,0,0,0,0
1487,1762,32424207,33518667,22225,7933,96,7955,0,-12,-18,-12,-18,1,1,1,411.43,359.32,411.43,359.32,17083,0,0,0,0,0,0,0
1488,1763,30871329,30901333,22125,7933,93,7955,0,-13,-18,-13,-18,1,1,1,365.71,336.6,365.71,336.6,16583,0,0,0,0,0,0,0
1489,1764,31420130,31375542,22073,7933,93,7955,0,-13,-18,-13,-18,1,1,1,365.71,336.6,365.71,336.6,14542,0,0,0,0,0,0,0
1490,1765,33718042,32597500,22073,7933,93,7955,0,-13,-18,-13,-18,1,1,1,365.71,336.6,365.71,336.6,14875,0,0,0,0,0,0,0
1491,1766,32428707,33479541,22137,7933,93,7955,0,-13,-18,-13,-18,1,1,1,365.71,336.6,365.71,336.6,14917,0,0,0,0,0,0,0
1492,1767,33334042,33382917,22161,7933,93,7955,0,-13,-18,-13,-18,1,1,1,365.71,336.6,365.71,336.6,22125,0,0,0,0,0,0,0
1493,1768,37941120,36800042,22073,7933,93,7955,0,-13,-18,-13,-18,1,1,1,365.71,336.6,365.71,336.6,17333,0,0,0,0,0,0,0
1494,1769,36463208,37405833,22137,7933,93,7955,0,-13,-18,-13,-18,1,1,1,365.71,336.6,365.71,336.6,17250,0,0,0,0,0,0,0
1495,1770,37785585,37883333,22125,7933,93,7955,0,-13,-18,-13,-18,1,1,1,365.71,336.6,365.71,336.6,19417,0,0,0,0,0,0,0
1496,1771,37865582,36535959,22073,7933,93,7955,0,-13,-18,-13,-18,1,1,1,365.71,336.6,365.71,336.6,16625,0,0,0,0,0,0,0
1497,1772,39541460,39569291,22789,7933,93,7955,0,-13,-18,-13,-18,1,1,1,365.71,336.6,365.71,336.6,19542,0,0,0,0,0,0,0
1498,1773,40312912,41539291,22289,7933,93,7955,0,-13,-18,-13,-18,1,1,1,365.71,336.6,365.71,336.6,22958,0,0,0,0,0,0,0
1499,1774,54175376,52196542,22073,7933,93,7955,0,-13,-18,-13,-18,1,1,1,365.71,336.6,365.71,336.6,21709,0,0,0,0,0,0,0
1500,1775,69628164,71166500,22189,7933,93,7955,0,-14,-18,-14,-18,1,1,1,320,311.82,320,311.82,38584,0,0,0,0,0,0,0
1501,1776,69546379,67863333,22161,7934,97,7956,0,-14,-18,-14,-18,1,1,1,320,311.82,320,311.82,35709,0,0,0,0,0,0,0
1502,1777,71006871,72685000,22137,7933,93,7955,0,-14,-18,-14,-18,1,1,1,320,311.82,320,311.82,33125,0,0,0,0,0,0,0
1503,1778,73634088,71788875,22125,7933,93,7955,0,-14,-18,-14,-18,1,1,1,320,311.82,320,311.82,34166,0,0,0,0,0,0,0
1504,1779,63580498,65659792,22225,7933,93,7955,0,-14,-18,-14,-18,1,1,1,320,311.82,320,311.82,33625,0,0,0,0,0,0,0
1505,1780,58344289,55408959,22637,7933,93,7955,0,-14,-18,-14,-18,1,1,1,320,311.82,320,311.82,25709,0,0,0,0,0,0,0
1506,1781,52866462,55476417,22353,7933,93,7955,0,-14,-18,-14,-18,1,1,1,320,311.82,320,311.82,29458,0,0,0,0,0,0,0
1507,1782,54633334,53135084,22213,7933,93,7955,0,-14,-18,-14,-18,1,1,1,320,311.82,320,311.82,29958,0,0,0,0,0,0,0
1508,1783,46117376,47729000,22137,7933,96,7955,0,-14,-18,-14,-18,1,1,1,320,311.82,320,311.82,21666,0,0,0,0,0,0,0
1509,1784,48660706,48567292,22073,7933,93,7955,0,-14,-18,-14,-18,1,1,1,320,311.82,320,311.82,23583,0,0,0,0,0,0,0
1510,1785,55216502,53314250,22073,7933,93,7955,0,-14,-18,-14,-18,1,1,1,320,311.82,320,311.82,24584,0,0,0,0,0,0,0
1511,1786,52158664,54140167,22277,7933,93,7955,0,-14,-18,-14,-18,1,1,1,320,311.82,320,311.82,24958,0,0,0,0,0,0,0
1512,1787,56253790,54673709,22073,7933,93,7955,0,-15,-18,-15,-18,1,1,1,274.29,285.43,274.29,285.43,26083,0,0,0,0,0,0,0
1513,1788,52875496,54057334,22137,7933,93,7955,0,-15,-18,-15,-18,1,1,1,274.29,285.43,274.29,285.43,67083,0,0,0,0,0,0,0
1514,1789,56869208,54497333,22725,7933,93,7955,0,-15,-18,-15,-18,1,1,1,274.29,285.43,274.29,285.43,88458,0,0,0,0,0,0,0
1515,1790,50012167,52700666,22405,7933,93,7955,0,-15,-18,-15,-18,1,1,1,274.29,285.43,274.29,285.43,56667,0,0,0,0,0,0,0
1516,1791,56688413,55117709,22073,7934,94,7956,0,-15,-18,-15,-18,1,1,1,274.29,285.43,274.29,285.43,75084,0,0,0,0,0,0,0
1517,1792,59572875,61090833,22225,7933,93,7955,0,-15,-18,-15,-18,1,1,1,274.29,285.43,274.29,285.43,65292,0,0,0,0,0,0,0
1518,1793,56634373,55114958,22073,7933,96,7955,0,-15,-18,-15,-18,1,1,1,274.29,285.43,274.29,285.43,57750,0,0,0,0,0,0,0
1519,1794,55533256,56740666,22189,7933,93,7955,0,-15,-18,-15,-18,1,1,1,274.29,285.43,274.29,285.43,99958,0,0,0,0,0,0,0
1520,1795,57066205,55487458,22161,7933,93,7955,0,-15,-18,-15,-18,1,1,1,274.29,285.43,274.29,285.43,63417,0,0,0,0,0,0,0
1521,1796,51120329,52952208,22137,7933,93,7955,0,-15,-18,-15,-18,1,1,1,274.29,285.43,274.29,285.43,56125,0,0,0,0,0,0,0
1522,1797,49733255,48398708,22073,7933,93,7955,0,-15,-18,-15,-18,1,1,1,274.29,285.43,274.29,285.43,54458,0,0,0,0,0,0,0
1523,1798,42297165,43630791,22277,7933,93,7955,0,-15,-18,-15,-18,1,1,1,274.29,285.43,274.29,285.43,47791,0,0,0,0,0,0,0
1524,1799,42396251,41215083,22637,7933,93,7955,0,-16,-18,-16,-18,1,1,1,228.57,258.09,228.57,258.09,43708,0,0,0,0,0,0,0
1525,1800,38464788,38490625,22289,7933,93,7955,0,-16,-18,-16,-18,1,1,1,228.57,258.09,228.57,258.09,42500,0,0,0,0,0,0,0
1526,1801,34506250,35638042,22137,7933,93,7955,0,-16,-18,-16,-18,1,1,1,228.57,258.09,228.57,258.09,40792,0,0,0,0,0,0,0
1527,1802,35920832,35942166,22161,7933,93,7955,0,-16,-18,-16,-18,1,1,1,228.57,258.09,228.57,258.09,41625,0,0,0,0,0,0,0
1528,1803,35523001,34452000,22073,7933,96,7955,0,-16,-18,-16,-18,1,1,1,228.57,258.09,228.57,258.09,38000,0,0,0,0,0,0,0
1529,1804,34140747,35188541,22189,7933,93,7955,0,-16,-18,-16,-18,1,1,1,228.57,258.09,228.57,258.09,37583,0,0,0,0,0,0,0
1530,1805,36684673,36596125,22073,7933,93,7955,0,-16,-18,-16,-18,1,1,1,228.57,258.09,228.57,258.09,75709,0,0,0,0,0,0,0
1531,1806,38575787,37274125,22073,7934,94,7956,0,-16,-18,-16,-18,1,1,1,228.57,258.09,228.57,258.09,40959,0,0,0,0,0,0,0
1532,1807,35279378,36637500,22225,7933,93,7955,0,-16,-18,-16,-18,1,1,1,228.57,258.09,228.57,258.09,66333,0,0,0,0,0,0,0
1533,1808,36210954,35991792,22073,7933,93,7955,0,-16,-18,-16,-18,1,1,1,228.57,258.09,228.57,258.09,52084,0,0,0,0,0,0,0
1534,1809,37891250,36930209,22073,7933,93,7955,0,-16,-18,-16,-18,1,1,1,228.57,258.09,228.57,258.09,55208,0,0,0,0,0,0,0
1535,1810,34719254,35825708,22189,7933,93,7955,0,-16,-18,-16,-18,1,1,1,228.57,258.09,228.57,258.09,37416,0,0,0,0,0,0,0
1536,1811,39414744,39222875,22073,7933,93,7955,0,-17,-18,-17,-18,1,1,1,182.86,230.19,182.86,230.19,35166,0,0,0,0,0,0,0
1537,1812,45021917,42657833,22725,7933,93,7955,0,-17,-18,-17,-18,1,1,1,182.86,230.19,182.86,230.19,43250,0,0,0,0,0,0,0
1538,1813,45344628,47726667,22353,7933,93,7955,0,-17,-18,-17,-18,1,1,1,182.86,230.19,182.86,230.19,47958,0,0,0,0,0,0,0
1539,1814,56480705,54791000,22073,7933,93,7955,0,-17,-18,-17,-18,1,1,1,182.86,230.19,182.86,230.19,53750,0,0,0,0,0,0,0
1540,1815,69740004,71193166,22189,7933,93,7955,0,-17,-18,-17,-18,1,1,1,182.86,230.19,182.86,230.19,78042,0,0,0,0,0,0,0
1541,1816,71424670,69040459,22161,7933,96,7955,0,-17,-18,-17,-18,1,1,1,182.86,230.19,182.86,230.19,84000,0,0,0,0,0,0,0
1542,1817,66217958,68555542,22137,7933,93,7955,0,-17,-18,-17,-18,1,1,1,182.86,230.19,182.86,230.19,67291,0,0,0,0,0,0,0
1543,1818,60377791,58782416,22125,7933,93,7955,0,-17,-18,-17,-18,1,1,1,182.86,230.19,182.86,230.19,68417,0,0,0,0,0,0,0
1544,1819,54051332,55653500,22225,7933,93,7955,0,-17,-18,-17,-18,1,1,1,182.86,230.19,182.86,230.19,65875,0,0,0,0,0,0,0
1545,1820,56467212,54878250,22073,7933,93,7955,0,-17,-18,-17,-18,1,1,1,182.86,230.19,182.86,230.19,55208,0,0,0,0,0,0,0
1546,1821,49908377,49970375,22701,7934,94,7956,0,-17,-18,-17,-18,1,1,1,182.86,230.19,182.86,230.19,53500,0,0,0,0,0,0,0
1547,1822,46957872,48392000,22429,7933,93,7955,0,-17,-18,-17,-18,1,1,1,182.86,230.19,182.86,230.19,48125,0,0,0,0,0,0,0
1548,1823,52180711,50330000,22073,7933,93,7955,0,-16,-18,-16,-18,1,1,1,228.57,258.09,228.57,258.09,53583,0,0,0,0,0,0,0
1549,1824,51380917,53159667,22137,7933,96,7955,0,-16,-18,-16,-18,1,1,1,228.57,258.09,228.57,258.09,58459,0,0,0,0,0,0,0
1550,1825,58401666,56650041,22161,7933,93,7955,0,-16,-18,-16,-18,1,1,1,228.57,258.09,228.57,258.09,53458,0,0,0,0,0,0,0
1551,1826,55668953,57460917,22391,7933,93,7955,0,-16,-18,-16,-18,1,1,1,228.57,258.09,228.57,258.09,96209,0,0,0,0,0,0,0
1552,1827,62104295,59601500,22073,7933,93,7955,0,-16,-18,-16,-18,1,1,1,228.57,258.09,228.57,258.09,59708,0,0,0,0,0,0,0
1553,1828,61891831,64326542,22225,7933,93,7955,0,-16,-18,-16,-18,1,1,1,228.57,258.09,228.57,258.09,83542,0,0,0,0,0,0,0
1554,1829,60209546,58668250,22073,7933,93,7955,0,-16,-18,-16,-18,1,1,1,228.57,258.09,228.57,258.09,68459,0,0,0,0,0,0,0
1555,1830,54036039,53988584,22753,7933,93,7955,0,-16,-18,-16,-18,1,1,1,228.57,258.09,228.57,258.09,60875,0,0,0,0,0,0,0
1556,1831,49534793,49874000,22377,7933,93,7955,0,-16,-18,-16,-18,1,1,1,228.57,258.09,228.57,258.09,52042,0,0,0,0,0,0,0
1557,1832,46416044,47697542,22137,7933,93,7955,0,-16,-18,-16,-18,1,1,1,228.57,258.09,228.57,258.09,65916,0,0,0,0,0,0,0
1558,1833,39379373,39426875,22073,7933,96,7955,0,-16,-18,-16,-18,1,1,1,228.57,258.09,228.57,258.09,47625,0,0,0,0,0,0,0
1559,1834,38621958,37488667,22073,7933,93,7955,0,-16,-18,-16,-18,1,1,1,228.57,258.09,228.57,258.09,41750,0,0,0,0,0,0,0
1560,1835,33174831,34306833,22277,7933,93,7955,0,-15,-18,-15,-18,1,1,1,274.29,285.43,274.29,285.43,38250,0,0,0,0,0,0,0
1561,1836,33754918,33692167,22073,7934,94,7956,0,-15,-18,-15,-18,1,1,1,274.29,285.43,274.29,285.43,40667,0,0,0,0,0,0,0
1562,1837,34723002,33703625,22073,7933,93,7955,0,-15,-18,-15,-18,1,1,1,274.29,285.43,274.29,285.43,40459,0,0,0,0,0,0,0
1563,1838,32780703,33621500,22137,7933,93,7955,0,-15,-18,-15,-18,1,1,1,274.29,285.43,274.29,285.43,38542,0,0,0,0,0,0,0
1564,1839,33241793,33376167,22073,7933,93,7955,0,-15,-18,-15,-18,1,1,1,274.29,285.43,274.29,285.43,40084,0,0,0,0,0,0,0
1565,1840,34671165,33611125,22459,7933,93,7955,0,-15,-18,-15,-18,1,1,1,274.29,285.43,274.29,285.43,37500,0,0,0,0,0,0,0
1566,1841,32179918,33256417,22189,7933,93,7955,0,-15,-18,-15,-18,1,1,1,274.29,285.43,274.29,285.43,40292,0,0,0,0,0,0,0
1567,1842,30383998,30368042,22073,7933,93,7955,0,-15,-18,-15,-18,1,1,1,274.29,285.43,274.29,285.43,38208,0,0,0,0,0,0,0
1568,1843,31596958,30586041,22637,7933,93,7955,0,-15,-18,-15,-18,1,1,1,274.29,285.43,274.29,285.43,37292,0,0,0,0,0,0,0
1569,1844,30576502,30507333,22289,7933,93,7955,0,-15,-18,-15,-18,1,1,1,274.29,285.43,274.29,285.43,35125,0,0,0,0,0,0,0
1570,1845,29403705,30437417,22225,7933,93,7955,0,-15,-18,-15,-18,1,1,1,274.29,285.43,274.29,285.43,37625,0,0,0,0,0,0,0
1571,1846,30687542,30660958,22073,7933,93,7955,0,-15,-18,-15,-18,1,1,1,274.29,285.43,274.29,285.43,37667,0,0,0,0,0,0,0
1572,1847,33652041,33665000,22073,7933,93,7955,0,-14,-18,-14,-18,1,1,1,320,311.82,320,311.82,38209,0,0,0,0,0,0,0
1573,1848,35415999,34348917,22125,7933,96,7955,0,-14,-18,-14,-18,1,1,1,320,311.82,320,311.82,21250,0,0,0,0,0,0,0
1574,1849,32024335,33002541,22137,7933,93,7955,0,-14,-18,-14,-18,1,1,1,320,311.82,320,311.82,14958,0,0,0,0,0,0,0
1575,1850,35609375,35564125,22161,7933,93,7955,0,-14,-18,-14,-18,1,1,1,320,311.82,320,311.82,16375,0,0,0,0,0,0,0
1576,1851,38066744,37018792,22073,7934,94,7956,0,-14,-18,-14,-18,1,1,1,320,311.82,320,311.82,17042,0,0,0,0,0,0,0
1577,1852,35721752,36785291,22137,7933,93,7955,0,-14,-18,-14,-18,1,1,1,320,311.82,320,311.82,21333,0,0,0,0,0,0,0
1578,1853,36078244,36072000,22073,7933,93,7955,0,-14,-18,-14,-18,1,1,1,320,311.82,320,311.82,20833,0,0,0,0,0,0,0
1579,1854,38991212,37350375,22125,7933,93,7955,0,-14,-18,-14,-18,1,1,1,320,311.82,320,311.82,17792,0,0,0,0,0,0,0
1580,1855,42579919,44142709,22225,7933,93,7955,0,-14,-18,-14,-18,1,1,1,320,311.82,320,311.82,18500,0,0,0,0,0,0,0
1581,1856,55122539,54828125,22073,7933,93,7955,0,-14,-18,-14,-18,1,1,1,320,311.82,320,311.82,25083,0,0,0,0,0,0,0
1582,1857,70292867,66584000,22637,7933,93,7955,0,-14,-18,-14,-18,1,1,1,320,311.82,320,311.82,32375,0,0,0,0,0,0,0
1583,1858,65582670,69386542,22493,7933,93,7955,0,-14,-18,-14,-18,1,1,1,320,311.82,320,311.82,32083,0,0,0,0,0,0,0
1584,1859,74577167,72265792,22073,7933,93,7955,0,-13,-18,-13,-18,1,1,1,365.71,336.6,365.71,336.6,34500,0,0,0,0,0,0,0
1585,1860,65420284,67522583,22137,7933,96,7955,0,-13,-18,-13,-18,1,1,1,365.71,336.6,365.71,336.6,35500,0,0,0,0,0,0,0
1586,1861,68145960,66254166,22213,7933,93,7955,0,-13,-18,-13,-18,1,1,1,365.71,336.6,365.71,336.6,33708,0,0,0,0,0,0,0
1587,1862,56377414,58279834,22137,7933,93,7955,0,-13,-18,-13,-18,1,1,1,365.71,336.6,365.71,336.6,32834,0,0,0,0,0,0,0
1588,1863,57391580,55786750,22073,7933,93,7955,0,-13,-18,-13,-18,1,1,1,365.71,336.6,365.71,336.6,26792,0,0,0,0,0,0,0
1589,1864,53657710,55190625,22225,7933,93,7955,0,-13,-18,-13,-18,1,1,1,365.71,336.6,365.71,336.6,26708,0,0,0,0,0,0,0
1590,1865,52882667,49638500,22689,7933,93,7955,0,-13,-18,-13,-18,1,1,1,365.71,336.6,365.71,336.6,24833,0,0,0,0,0,0,0
1591,1866,43222166,46654750,22353,7934,94,7956,0,-13,-18,-13,-18,1,1,1,365.71,336.6,365.71,336.6,21542,0,0,0,0,0,0,0
1592,1867,50855465,50789417,22073,7933,93,7955,0,-13,-18,-13,-18,1,1,1,365.71,336.6,365.71,336.6,27000,0,0,0,0,0,0,0
1593,1868,55405285,53476667,22161,7933,96,7955,0,-13,-18,-13,-18,1,1,1,365.71,336.6,365.71,336.6,25667,0,0,0,0,0,0,0
1594,1869,51039334,52857167,22189,7933,93,7955,0,-13,-18,-13,-18,1,1,1,365.71,336.6,365.71,336.6,22250,0,0,0,0,0,0,0
1595,1870,57271540,55646500,22073,7933,93,7955,0,-13,-18,-13,-18,1,1,1,365.71,336.6,365.71,336.6,26959,0,0,0,0,0,0,0
1596,1871,57622250,57747541,22225,7933,93,7955,0,-12,-18,-12,-18,1,1,1,411.43,359.32,411.43,359.32,25792,0,0,0,0,0,0,0
1597,1872,57776372,57149917,22073,7933,93,7955,0,-12,-18,-12,-18,1,1,1,411.43,359.32,411.43,359.32,26416,0,0,0,0,0,0,0
1598,1873,60705207,62751875,22189,7933,93,7955,0,-12,-18,-12,-18,1,1,1,411.43,359.32,411.43,359.32,33709,0,0,0,0,0,0,0
1599,1874,58968372,55996417,22725,7933,93,7955,0,-12,-18,-12,-18,1,1,1,411.43,359.32,411.43,359.32,26875,0,0,0,0,0,0,0
1600,1875,51860749,54838292,22353,7933,93,7955,0,-12,-18,-12,-18,1,1,1,411.43,359.32,411.43,359.32,26250,0,0,0,0,0,0,0
1601,1876,56881334,55182208,22073,7933,93,7955,0,-12,-18,-12,-18,1,1,1,411.43,359.32,411.43,359.32,27000,0,0,0,0,0,0,0
1602,1877,48962123,50651459,22277,7933,96,7955,0,-12,-18,-12,-18,1,1,1,411.43,359.32,411.43,359.32,26083,0,0,0,0,0,0,0
1603,1878,47634914,47426542,22073,7933,93,7955,0,-12,-18,-12,-18,1,1,1,411.43,359.32,411.43,359.32,22625,0,0,0,0,0,0,0
1604,1879,44935707,43962000,22073,7933,93,7955,0,-12,-18,-12,-18,1,1,1,411.43,359.32,411.43,359.32,22042,0,0,0,0,0,0,0
1605,1880,40559835,41606417,22137,7933,93,7955,0,-12,-18,-12,-18,1,1,1,411.43,359.32,411.43,359.32,19959,0,0,0,0,0,0,0
1606,1881,42833212,42664333,22161,7934,94,7956,0,-12,-18,-12,-18,1,1,1,411.43,359.32,411.43,359.32,20292,0,0,0,0,0,0,0
1607,1882,46123120,45009750,22125,7933,93,7955,0,-12,-18,-12,-18,1,1,1,411.43,359.32,411.43,359.32,20459,0,0,0,0,0,0,0
1608,1883,45343749,46642375,22137,7933,93,7955,0,-11,-18,-11,-18,1,1,1,457.14,380.06,457.14,380.06,21666,0,0,0,0,0,0,0
1609,1884,48590291,46525292,22637,7933,93,7955,0,-11,-18,-11,-18,1,1,1,457.14,380.06,457.14,380.06,24375,0,0,0,0,0,0,0
1610,1885,44987082,45722166,22377,7933,93,7955,0,-11,-18,-11,-18,1,1,1,457.14,380.06,457.14,380.06,22667,0,0,0,0,0,0,0
1611,1886,45444749,46703333,22137,7933,93,7955,0,-11,-18,-11,-18,1,1,1,457.14,380.06,457.14,380.06,26083,0,0,0,0,0,0,0
1612,1887,49667835,49621666,22125,7933,93,7955,0,-11,-18,-11,-18,1,1,1,457.14,380.06,457.14,380.06,23709,0,0,0,0,0,0,0
1613,1888,47851666,46540709,22073,7933,96,7955,0,-11,-18,-11,-18,1,1,1,457.14,380.06,457.14,380.06,22708,0,0,0,0,0,0,0
1614,1889,46431455,47735917,22225,7933,93,7955,0,-11,-18,-11,-18,1,1,1,457.14,380.06,457.14,380.06,21917,0,0,0,0,0,0,0
1615,1890,54172668,52577167,22073,7933,93,7955,0,-11,-18,-11,-18,1,1,1,457.14,380.06,457.14,380.06,26084,0,0,0,0,0,0,0
1616,1891,50560042,51859625,22137,7933,93,7955,0,-11,-18,-11,-18,1,1,1,457.14,380.06,457.14,380.06,26083,0,0,0,0,0,0,0
1617,1892,53651083,52585375,22213,7933,93,7955,0,-11,-18,-11,-18,1,1,1,457.14,380.06,457.14,380.06,27416,0,0,0,0,0,0,0
1618,1893,51410168,52623292,22137,7933,93,7955,0,-11,-18,-11,-18,1,1,1,457.14,380.06,457.14,380.06,26542,0,0,0,0,0,0,0
1619,1894,59647414,56067333,22637,7933,93,7955,0,-11,-18,-11,-18,1,1,1,457.14,380.06,457.14,380.06,31125,0,0,0,0,0,0,0
1620,1895,52523754,56098417,22441,7933,93,7955,0,-10,-18,-10,-18,1,1,1,502.86,399.44,502.86,399.44,27375,0,0,0,0,0,0,0
1621,1896,57321328,55265791,22125,7934,94,7956,0,-10,-18,-10,-18,1,1,1,502.86,399.44,502.86,399.44,27667,0,0,0,0,0,0,0
1622,1897,57297874,59230750,22137,7933,93,7955,0,-10,-18,-10,-18,1,1,1,502.86,399.44,502.86,399.44,28333,0,0,0,0,0,0,0
1623,1898,55990293,54356792,22161,7933,96,7955,0,-10,-18,-10,-18,1,1,1,502.86,399.44,502.86,399.44,27625,0,0,0,0,0,0,0
1624,1899,50186458,51886667,22137,7933,93,7955,0,-10,-18,-10,-18,1,1,1,502.86,399.44,502.86,399.44,31833,0,0,0,0,0,0,0
1625,1900,57460382,55116709,22125,7933,93,7955,0,-10,-18,-10,-18,1,1,1,502.86,399.44,502.86,399.44,28291,0,0,0,0,0,0,0
1626,1901,53231831,55521041,22225,7933,93,7955,0,-10,-18,-10,-18,1,1,1,502.86,399.44,502.86,399.44,27917,0,0,0,0,0,0,0
1627,1902,57109665,55488166,22073,7933,93,7955,0,-10,-18,-10,-18,1,1,1,502.86,399.44,502.86,399.44,27000,0,0,0,0,0,0,0
1628,1903,54624043,53991333,22701,7933,93,7955,0,-10,-18,-10,-18,1,1,1,502.86,399.44,502.86,399.44,28084,0,0,0,0,0,0,0
1629,1904,52000999,52573917,22429,7933,93,7955,0,-10,-18,-10,-18,1,1,1,502.86,399.44,502.86,399.44,27375,0,0,0,0,0,0,0
1630,1905,48735246,50354500,22137,7933,93,7955,0,-10,-18,-10,-18,1,1,1,502.86,399.44,502.86,399.44,27750,0,0,0,0,0,0,0
1631,1906,45942544,45901666,22073,7933,93,7955,0,-10,-18,-10,-18,1,1,1,502.86,399.44,502.86,399.44,22833,0,0,0,0,0,0,0
1632,1907,41000667,39834625,22073,7933,96,7955,0,-9,-18,-9,-18,1,1,1,548.57,418.39,548.57,418.39,22792,0,0,0,0,0,0,0
1633,1908,36880165,38113459,22225,7933,93,7955,0,-9,-18,-9,-18,1,1,1,548.57,418.39,548.57,418.39,19708,0,0,0,0,0,0,0
1634,1909,34036293,34016291,22125,7933,93,7955,0,-9,-18,-9,-18,1,1,1,548.57,418.39,548.57,418.39,18208,0,0,0,0,0,0,0
1635,1910,35291370,34224292,22073,7933,93,7955,0,-9,-18,-9,-18,1,1,1,548.57,418.39,548.57,418.39,17625,0,0,0,0,0,0,0
1636,1911,33090043,34123958,22137,7934,94,7956,0,-9,-18,-9,-18,1,1,1,548.57,418.39,548.57,418.39,17458,0,0,0,0,0,0,0
1637,1912,33874504,33828000,22073,7933,93,7955,0,-9,-18,-9,-18,1,1,1,548.57,418.39,548.57,418.39,17417,0,0,0,0,0,0,0
1638,1913,34917246,33859583,22161,7933,93,7955,0,-9,-18,-9,-18,1,1,1,548.57,418.39,548.57,418.39,17583,0,0,0,0,0,0,0
1639,1914,32644417,33712042,22137,7933,93,7955,0,-9,-18,-9,-18,1,1,1,548.57,418.39,548.57,418.39,17500,0,0,0,0,0,0,0
1640,1915,33482957,33468000,22125,7933,93,7955,0,-9,-18,-9,-18,1,1,1,548.57,418.39,548.57,418.39,17833,0,0,0,0,0,0,0
1641,1916,33634461,32642209,22637,7933,93,7955,0,-9,-18,-9,-18,1,1,1,548.57,418.39,548.57,418.39,17458,0,0,0,0,0,0,0
1642,1917,30682709,30593333,22289,7933,93,7955,0,-9,-18,-9,-18,1,1,1,548.57,418.39,548.57,418.39,15500,0,0,0,0,0,0,0
1643,1918,29438208,30467917,22225,7933,93,7955,0,-9,-18,-9,-18,1,1,1,548.57,418.39,548.57,418.39,16208,0,0,0,0,0,0,0
1644,1919,30607830,30606208,22073,7933,93,7955,0,-8,-18,-8,-18,1,1,1,594.29,422.77,594.29,422.77,14416,0,0,0,0,0,0,0
1645,1920,32698251,32705667,22073,7933,93,7955,0,-8,-18,-8,-18,1,1,1,594.29,422.77,594.29,422.77,15875,0,0,0,0,0,0,0
1646,1921,31416375,30261000,22073,7933,96,7955,0,-8,-18,-8,-18,1,1,1,594.29,422.77,594.29,422.77,15209,0,0,0,0,0,0,0
1647,1922,29525708,30607250,22189,7933,93,7955,0,-8,-18,-8,-18,1,1,1,594.29,422.77,594.29,422.77,15375,0,0,0,0,0,0,0
1648,1923,30397789,30409250,22161,7933,93,7955,0,-8,-18,-8,-18,1,1,1,594.29,422.77,594.29,422.77,15708,0,0,0,0,0,0,0
1649,1924,30282914,30292375,22073,7933,93,7955,0,-8,-18,-8,-18,1,1,1,594.29,422.77,594.29,422.77,14834,0,0,0,0,0,0,0
1650,1925,34825921,33724000,22073,7933,93,7955,0,-8,-18,-8,-18,1,1,1,594.29,422.77,594.29,422.77,15083,0,0,0,0,0,0,0
1651,1926,32533042,33568333,22137,7934,94,7956,0,-8,-18,-8,-18,1,1,1,594.29,422.77,594.29,422.77,16333,0,0,0,0,0,0,0
1652,1927,33441163,33383125,22073,7933,93,7955,0,-8,-18,-8,-18,1,1,1,594.29,422.77,594.29,422.77,16750,0,0,0,0,0,0,0
1653,1928,35017419,33771083,22161,7933,93,7955,0,-8,-18,-8,-18,1,1,1,594.29,422.77,594.29,422.77,16583,0,0,0,0,0,0,0
1654,1929,32445583,33695250,22189,7933,93,7955,0,-8,-18,-8,-18,1,1,1,594.29,422.77,594.29,422.77,16542,0,0,0,0,0,0,0
1655,1930,33409871,33426417,22073,7933,93,7955,0,-8,-18,-8,-18,1,1,1,594.29,422.77,594.29,422.77,16459,0,0,0,0,0,0,0
1656,1931,35451374,34248000,22073,7933,93,7955,0,-6,-18,-6,-18,1,1,1,685.71,416.09,685.71,416.09,16792,0,0,0,0,0,0,0
1657,1932,33977083,34005125,22701,7933,93,7955,0,-6,-18,-6,-18,1,1,1,685.71,416.09,685.71,416.09,16375,0,0,0,0,0,0,0
1658,1933,32974001,34085750,22377,7933,93,7955,0,-6,-18,-6,-18,1,1,1,685.71,416.09,685.71,416.09,16625,0,0,0,0,0,0,0
1659,1934,34471791,33390833,22073,7933,93,7955,0,-6,-18,-6,-18,1,1,1,685.71,416.09,685.71,416.09,16875,0,0,0,0,0,0,0
1660,1935,35711381,36736917,22189,7933,93,7955,0,-6,-18,-6,-18,1,1,1,685.71,416.09,685.71,416.09,18917,0,0,0,0,0,0,0
1661,1936,34706957,34709958,22073,7933,96,7955,0,-6,-18,-6,-18,1,1,1,685.71,416.09,685.71,416.09,16292,0,0,0,0,0,0,0
1662,1937,38455497,37337875,22073,7933,93,7955,0,-6,-18,-6,-18,1,1,1,685.71,416.09,685.71,416.09,17375,0,0,0,0,0,0,0
1663,1938,35238079,36346667,22225,7933,93,7955,0,-6,-18,-6,-18,1,1,1,685.71,416.09,685.71,416.09,17583,0,0,0,0,0,0,0
1664,1939,35992246,35947083,22073,7933,93,7955,0,-6,-18,-6,-18,1,1,1,685.71,416.09,685.71,416.09,16667,0,0,0,0,0,0,0
1665,1940,37648085,36411250,22073,7933,93,7955,0,-6,-18,-6,-18,1,1,1,685.71,416.09,685.71,416.09,17125,0,0,0,0,0,0,0
1666,1941,34592751,35795208,22189,7934,94,7956,0,-6,-18,-6,-18,1,1,1,685.71,416.09,685.71,416.09,17041,0,0,0,0,0,0,0
1667,1942,40789037,40594167,22073,7933,93,7955,0,-6,-18,-6,-18,1,1,1,685.71,416.09,685.71,416.09,18250,0,0,0,0,0,0,0
1668,1943,48061501,46577417,22161,7933,93,7955,0,-5,-18,-5,-18,1,1,1,731.43,431,731.43,431,19417,0,0,0,0,0,0,0
1669,1944,58626793,60059791,22137,7933,93,7955,0,-5,-18,-5,-18,1,1,1,731.43,431,731.43,431,26375,0,0,0,0,0,0,0
1670,1945,74317462,70234583,22637,7933,93,7955,0,-5,-18,-5,-18,1,1,1,731.43,431,731.43,431,37500,0,0,0,0,0,0,0
1671,1946,68257831,72095250,22493,7933,93,7955,0,-5,-18,-5,-18,1,1,1,731.43,431,731.43,431,33542,0,0,0,0,0,0,0
1672,1947,74122913,72031000,22073,7933,93,7955,0,-5,-18,-5,-18,1,1,1,731.43,431,731.43,431,33541,0,0,0,0,0,0,0
1673,1948,66886745,68957834,22137,7933,96,7955,0,-5,-18,-5,-18,1,1,1,731.43,431,731.43,431,38166,0,0,0,0,0,0,0
1674,1949,63700839,62289375,22213,7933,93,7955,0,-5,-18,-5,-18,1,1,1,731.43,431,731.43,431,34334,0,0,0,0,0,0,0
1675,1950,51000997,52607583,22137,7933,93,7955,0,-5,-18,-5,-18,1,1,1,731.43,431,731.43,431,27083,0,0,0,0,0,0,0
1676,1951,45446004,45386833,22073,7933,93,7955,0,-5,-18,-5,-18,1,1,1,731.43,431,731.43,431,23792,0,0,0,0,0,0,0
1677,1952,46220578,44794833,22161,7933,93,7955,0,-5,-18,-5,-18,1,1,1,731.43,431,731.43,431,22500,0,0,0,0,0,0,0
1678,1953,40674708,40966417,22753,7933,93,7955,0,-5,-18,-5,-18,1,1,1,731.43,431,731.43,431,19500,0,0,0,0,0,0,0
1679,1954,40806915,41884125,22289,7933,93,7955,0,-5,-18,-5,-18,1,1,1,731.43,431,731.43,431,19250,0,0,0,0,0,0,0
1680,1955,42554832,41355917,27553,7933,93,7955,0,-4,-18,-4,-18,1,1,1,777.14,453.14,777.14,453.14,344375,0,321291,317583,0,0,0,0
1681,1956,47406207,48625458,22225,7934,94,7956,0,-4,-18,-4,-18,1,1,1,777.14,453.14,777.14,453.14,38000,0,0,0,0,0,0,0
1682,1957,46530541,46535750,22073,7933,96,7955,0,-4,-18,-4,-18,1,1,1,777.14,453.14,777.14,453.14,21459,0,0,0,0,0,0,0
1683,1958,48491545,46856042,22125,7933,93,7955,0,-4,-18,-4,-18,1,1,1,777.14,453.14,777.14,453.14,22917,0,0,0,0,0,0,0
1684,1959,44871628,46288166,22137,7933,93,7955,0,-4,-18,-4,-18,1,1,1,777.14,453.14,777.14,453.14,22083,0,0,0,0,0,0,0
1685,1960,53102452,53209166,22161,7933,93,7955,0,-4,-18,-4,-18,1,1,1,777.14,453.14,777.14,453.14,25500,0,0,0,0,0,0,0
1686,1961,55974375,54377834,22073,7933,93,7955,0,-4,-18,-4,-18,1,1,1,777.14,453.14,777.14,453.14,26875,0,0,0,0,0,0,0
1687,1962,53565796,55000875,22189,7933,93,7955,0,-4,-18,-4,-18,1,1,1,777.14,453.14,777.14,453.14,26041,0,0,0,0,0,0,0
1688,1963,58373957,55007583,24845,7933,93,7955,0,-4,-18,-4,-18,1,1,1,777.14,453.14,777.14,453.14,26042,0,0,0,0,0,0,0
1689,1964,52914205,56337000,22353,7933,93,7955,0,-4,-18,-4,-18,1,1,1,777.14,453.14,777.14,453.14,27750,0,0,0,0,0,0,0
1690,1965,70512250,68154833,22073,7933,93,7955,0,-4,-18,-4,-18,1,1,1,777.14,453.14,777.14,453.14,26209,0,0,0,0,0,0,0
1691,1966,67858330,70166000,22277,7933,93,7955,0,-4,-18,-4,-18,1,1,1,777.14,453.14,777.14,453.14,34250,0,0,0,0,0,0,0
1692,1967,56272372,54292584,22073,7933,96,7955,0,-3,-18,-3,-18,1,1,1,822.86,475.99,822.86,475.99,26292,0,0,0,0,0,0,0
1693,1968,50713874,52641375,22137,7933,93,7955,0,-3,-18,-3,-18,1,1,1,822.86,475.99,822.86,475.99,24917,0,0,0,0,0,0,0
1694,1969,43529756,43590750,22161,7933,93,7955,0,-3,-18,-3,-18,1,1,1,822.86,475.99,822.86,475.99,21416,0,0,0,0,0,0,0
1695,1970,43375369,42002542,22125,7933,93,7955,0,-3,-18,-3,-18,1,1,1,822.86,475.99,822.86,475.99,20500,0,0,0,0,0,0,0
1696,1971,36584373,37966542,22137,7934,94,7956,0,-3,-18,-3,-18,1,1,1,822.86,475.99,822.86,475.99,18250,0,0,0,0,0,0,0
1697,1972,37997171,37925958,22073,7933,93,7955,0,-3,-18,-3,-18,1,1,1,822.86,475.99,822.86,475.99,18208,0,0,0,0,0,0,0
1698,1973,35780996,33891417,22725,7933,93,7955,0,-3,-18,-3,-18,1,1,1,822.86,475.99,822.86,475.99,16333,0,0,0,0,0,0,0
1699,1974,31872712,33785334,22353,7933,93,7955,0,-3,-18,-3,-18,1,1,1,822.86,475.99,822.86,475.99,15541,0,0,0,0,0,0,0
1700,1975,33646706,33640250,22073,7933,93,7955,0,-3,-18,-3,-18,1,1,1,822.86,475.99,822.86,475.99,16292,0,0,0,0,0,0,0
1701,1976,36776211,35669750,22125,7933,93,7955,0,-3,-18,-3,-18,1,1,1,822.86,475.99,822.86,475.99,16667,0,0,0,0,0,0,0
1702,1977,32477542,33517000,22137,7933,96,7955,0,-3,-18,-3,-18,1,1,1,822.86,475.99,822.86,475.99,15500,0,0,0,0,0,0,0
1703,1978,33713541,33741416,22161,7933,93,7955,0,-3,-18,-3,-18,1,1,1,822.86,475.99,822.86,475.99,16042,0,0,0,0,0,0,0
1704,1979,34427706,33351000,22073,7933,93,7955,0,-2,-18,-2,-18,1,1,1,868.57,498.85,868.57,498.85,15458,0,0,0,0,0,0,0
1705,1980,32340250,33366625,22137,7933,93,7955,0,-2,-18,-2,-18,1,1,1,868.57,498.85,868.57,498.85,15167,0,0,0,0,0,0,0
1706,1981,33908333,33894417,22073,7933,93,7955,0,-2,-18,-2,-18,1,1,1,868.57,498.85,868.57,498.85,15375,0,0,0,0,0,0,0
1707,1982,34305498,33181833,22125,7933,93,7955,0,-2,-18,-2,-18,1,1,1,868.57,498.85,868.57,498.85,14708,0,0,0,0,0,0,0
1708,1983,32078627,33209125,22225,7933,93,7955,0,-2,-18,-2,-18,1,1,1,868.57,498.85,868.57,498.85,15041,0,0,0,0,0,0,0
1709,1984,33415455,33384625,22073,7933,93,7955,0,-2,-18,-2,-18,1,1,1,868.57,498.85,868.57,498.85,15208,0,0,0,0,0,0,0
1710,1985,34885998,33810875,22073,7933,93,7955,0,-2,-18,-2,-18,1,1,1,868.57,498.85,868.57,498.85,15375,0,0,0,0,0,0,0
1711,1986,33093255,34130875,22137,7934,94,7956,0,-2,-18,-2,-18,1,1,1,868.57,498.85,868.57,498.85,14791,0,0,0,0,0,0,0
1712,1987,35809751,35711834,22073,7933,93,7955,0,-2,-18,-2,-18,1,1,1,868.57,498.85,868.57,498.85,15333,0,0,0,0,0,0,0
1713,1988,39086040,37280459,22777,7933,93,7955,0,-2,-18,-2,-18,1,1,1,868.57,498.85,868.57,498.85,16250,0,0,0,0,0,0,0
1714,1989,35095792,36973084,22353,7933,93,7955,0,-2,-18,-2,-18,1,1,1,868.57,498.85,868.57,498.85,15500,0,0,0,0,0,0,0
1715,1990,38528457,38461875,22073,7933,93,7955,0,-2,-18,-2,-18,1,1,1,868.57,498.85,868.57,498.85,15583,0,0,0,0,0,0,0
1716,1991,42486082,41370167,22073,7933,93,7955,0,-1,-18,-1,-18,1,1,1,914.29,521.71,914.29,521.71,16708,0,0,0,0,0,0,0
1717,1992,38122754,39213000,22225,7933,96,7955,0,-1,-18,-1,-18,1,1,1,914.29,521.71,914.29,521.71,14625,0,0,0,0,0,0,0
1718,1993,44089540,44026709,22073,7933,93,7955,0,-1,-18,-1,-18,1,1,1,914.29,521.71,914.29,521.71,19916,0,0,0,0,0,0,0
1719,1994,56531336,54324750,22125,7933,93,7955,0,-1,-18,-1,-18,1,1,1,914.29,521.71,914.29,521.71,20084,0,0,0,0,0,0,0
1720,1995,71833245,73736417,22137,7933,93,7955,0,-1,-18,-1,-18,1,1,1,914.29,521.71,914.29,521.71,29667,0,0,0,0,0,0,0
1721,1996,82109332,77222500,22161,7933,93,7955,0,-1,-18,-1,-18,1,1,1,914.29,521.71,914.29,521.71,21167,0,0,0,0,0,0,0
1722,1997,84328956,83954250,22753,7933,93,7955,0,-1,-18,-1,-18,1,1,1,914.29,521.71,914.29,521.71,21625,0,0,0,0,0,0,0
1723,1998,69424666,72387375,22377,7933,93,7955,0,-1,-18,-1,-18,1,1,1,914.29,521.71,914.29,521.71,29083,0,0,0,0,0,0,0
1724,1999,72620667,74815292,22137,7933,93,7955,0,-1,-18,-1,-18,1,1,1,914.29,521.71,914.29,521.71,29834,0,0,0,0,0,0,0
1725,2000,62908954,61431125,22125,7933,96,7955,0,-1,-18,-1,-18,1,1,1,914.29,521.71,914.29,521.71,32375,0,0,0,0,0,0,0
1726,2001,53390420,54990583,22225,7934,94,7956,0,-1,-18,-1,-18,1,1,1,914.29,521.71,914.29,521.71,22834,0,0,0,0,0,0,0
1727,2002,58494955,56341584,22073,7933,93,7955,0,-1,-18,-1,-18,1,1,1,914.29,521.71,914.29,521.71,28666,0,0,0,0,0,0,0
1728,2003,53563293,55575292,22137,7933,93,7955,0,0,-18,0,-18,1,1,1,960,544.56,960,544.56,22666,0,0,0,0,0,0,0
1729,2004,62274873,59714417,22213,7933,93,7955,0,0,-18,0,-18,1,1,1,960,544.56,960,544.56,22625,0,0,0,0,0,0,0
1730,2005,70254169,70611750,22701,7933,93,7955,0,0,-18,0,-18,1,1,1,960,544.56,960,544.56,31625,0,0,0,0,0,0,0
1731,2006,69265507,69300625,22289,7933,93,7955,0,0,-18,0,-18,1,1,1,960,544.56,960,544.56,29084,0,0,0,0,0,0,0
1732,2007,70682495,72836333,22225,7933,93,7955,0,0,-18,0,-18,1,1,1,960,544.56,960,544.56,35292,0,0,0,0,0,0,0
1733,2008,61768330,60057833,22125,7933,96,7955,0,0,-18,0,-18,1,1,1,960,544.56,960,544.56,29375,0,0,0,0,0,0,0
1734,2009,54808419,56406000,22137,7933,93,7955,0,0,-18,0,-18,1,1,1,960,544.56,960,544.56,23125,0,0,0,0,0,0,0
1735,2010,65325915,63807709,22161,7933,93,7955,0,0,-18,0,-18,1,1,1,960,544.56,960,544.56,29833,0,0,0,0,0,0,0
1736,2011,65076835,66235625,22137,7933,93,7955,0,0,-18,0,-18,1,1,1,960,544.56,960,544.56,23250,0,0,0,0,0,0,0
1737,2012,64915046,63596250,22125,7933,93,7955,0,0,-18,0,-18,1,1,1,960,544.56,960,544.56,29666,0,0,0,0,0,0,0
1738,2013,55358249,55333917,22789,7933,93,7955,0,0,-18,0,-18,1,1,1,960,544.56,960,544.56,32041,0,0,0,0,0,0,0
1739,2014,68211629,67706166,22289,7933,93,7955,0,0,-18,0,-18,1,1,1,960,544.56,960,544.56,29083,0,0,0,0,0,0,0
1740,2015,59293579,61331791,22137,7933,93,7955,0,1,-18,1,-18,1,1,1,1005.71,567.42,1005.71,567.42,23417,0,0,0,0,0,0,0
1741,2016,52106335,50891167,22213,7934,97,7956,0,1,-18,1,-18,1,1,1,1005.71,567.42,1005.71,567.42,22416,0,0,0,0,0,0,0
1742,2017,42189747,43546125,22137,7933,93,7955,0,1,-18,1,-18,1,1,1,1005.71,567.42,1005.71,567.42,18708,0,0,0,0,0,0,0
1743,2018,41087251,41101917,22073,7933,93,7955,0,1,-18,1,-18,1,1,1,1005.71,567.42,1005.71,567.42,18916,0,0,0,0,0,0,0
1744,2019,39751246,38515583,22073,7933,93,7955,0,1,-18,1,-18,1,1,1,1005.71,567.42,1005.71,567.42,17875,0,0,0,0,0,0,0
1745,2020,35827875,37036667,22225,7933,93,7955,0,1,-18,1,-18,1,1,1,1005.71,567.42,1005.71,567.42,19958,0,0,0,0,0,0,0
1746,2021,34405123,34429084,22125,7933,93,7955,0,1,-18,1,-18,1,1,1,1005.71,567.42,1005.71,567.42,14583,0,0,0,0,0,0,0
1747,2022,35127166,34012417,22073,7933,93,7955,0,1,-18,1,-18,1,1,1,1005.71,567.42,1005.71,567.42,14958,0,0,0,0,0,0,0
1748,2023,33122669,34198125,22137,7933,93,7955,0,1,-18,1,-18,1,1,1,1005.71,567.42,1005.71,567.42,14125,0,0,0,0,0,0,0
1749,2024,35277333,34096875,22637,7933,93,7955,0,1,-18,1,-18,1,1,1,1005.71,567.42,1005.71,567.42,14791,0,0,0,0,0,0,0
1750,2025,34105498,34156750,22377,7933,93,7955,0,1,-18,1,-18,1,1,1,1005.71,567.42,1005.71,567.42,14542,0,0,0,0,0,0,0
1751,2026,33045962,34112709,22137,7933,93,7955,0,1,-18,1,-18,1,1,1,1005.71,567.42,1005.71,567.42,14125,0,0,0,0,0,0,0
1752,2027,34142501,34158000,22125,7933,93,7955,0,2,-18,2,-18,1,1,1,1051.43,590.28,1051.43,590.28,14875,0,0,0,0,0,0,0
1753,2028,38049325,36888542,22073,7933,93,7955,0,2,-18,2,-18,1,1,1,1051.43,590.28,1051.43,590.28,15084,0,0,0,0,0,0,0
1754,2029,33998623,35083334,22137,7933,96,7955,0,2,-18,2,-18,1,1,1,1051.43,590.28,1051.43,590.28,16334,0,0,0,0,0,0,0
1755,2030,35865042,35863833,22161,7933,93,7955,0,2,-18,2,-18,1,1,1,1051.43,590.28,1051.43,590.28,17416,0,0,0,0,0,0,0
1756,2031,37084586,36013041,22073,7934,94,7956,0,2,-18,2,-18,1,1,1,1051.43,590.28,1051.43,590.28,15125,0,0,0,0,0,0,0
1757,2032,34652329,35620542,22137,7933,93,7955,0,2,-18,2,-18,1,1,1,1051.43,590.28,1051.43,590.28,14875,0,0,0,0,0,0,0
1758,2033,35665959,35747458,22125,7933,93,7955,0,2,-18,2,-18,1,1,1,1051.43,590.28,1051.43,590.28,15750,0,0,0,0,0,0,0
1759,2034,40495287,39292000,22073,7933,93,7955,0,2,-18,2,-18,1,1,1,1051.43,590.28,1051.43,590.28,16000,0,0,0,0,0,0,0
1760,2035,37184000,38142625,22225,7933,93,7955,0,2,-18,2,-18,1,1,1,1051.43,590.28,1051.43,590.28,18084,0,0,0,0,0,0,0
1761,2036,39833296,39879333,22073,7933,93,7955,0,2,-18,2,-18,1,1,1,1051.43,590.28,1051.43,590.28,17708,0,0,0,0,0,0,0
1762,2037,48536494,46690833,22073,7933,93,7955,0,2,-18,2,-18,1,1,1,1051.43,590.28,1051.43,590.28,16792,0,0,0,0,0,0,0
1763,2038,62933675,61705875,22701,7933,93,7955,0,2,-18,2,-18,1,1,1,1051.43,590.28,1051.43,590.28,22958,0,0,0,0,0,0,0
1764,2039,71120537,71971541,22429,7933,93,7955,0,3,-18,3,-18,1,1,1,1097.14,613.14,1097.14,613.14,27667,0,0,0,0,0,0,0
1765,2040,75867921,77694208,22137,7933,93,7955,0,3,-18,3,-18,1,1,1,1097.14,613.14,1097.14,613.14,33625,0,0,0,0,0,0,0
1766,2041,72627834,70722750,22073,7933,96,7955,0,3,-18,3,-18,1,1,1,1097.14,613.14,1097.14,613.14,28333,0,0,0,0,0,0,0
1767,2042,67033410,68879958,22277,7933,93,7955,0,3,-18,3,-18,1,1,1,1097.14,613.14,1097.14,613.14,28125,0,0,0,0,0,0,0
1768,2043,60167253,58554291,22073,7933,93,7955,0,3,-18,3,-18,1,1,1,1097.14,613.14,1097.14,613.14,29000,0,0,0,0,0,0,0
1769,2044,50988167,52552709,22137,7933,93,7955,0,3,-18,3,-18,1,1,1,1097.14,613.14,1097.14,613.14,24250,0,0,0,0,0,0,0
1770,2045,46876579,47158208,22161,7933,93,7955,0,3,-18,3,-18,1,1,1,1097.14,613.14,1097.14,613.14,19792,0,0,0,0,0,0,0
1771,2046,49875289,47425458,22689,7934,94,7956,0,3,-18,3,-18,1,1,1,1097.14,613.14,1097.14,613.14,21917,0,0,0,0,0,0,0
1772,2047,44701084,47056750,22353,7933,93,7955,0,3,-18,3,-18,1,1,1,1097.14,613.14,1097.14,613.14,20541,0,0,0,0,0,0,0
1773,2048,48571582,48519917,22073,7933,93,7955,0,3,-18,3,-18,1,1,1,1097.14,613.14,1097.14,613.14,20000,0,0,0,0,0,0,0
1774,2049,49125332,47791083,22161,7933,96,7955,0,3,-18,3,-18,1,1,1,1097.14,613.14,1097.14,613.14,19333,0,0,0,0,0,0,0
1775,2050,46107754,47291375,22137,7933,93,7955,0,3,-18,3,-18,1,1,1,1097.14,613.14,1097.14,613.14,19458,0,0,0,0,0,0,0
1776,2051,46815413,46941166,22125,7933,93,7955,0,4,-18,4,-18,1,1,1,1142.86,635.99,1142.86,635.99,21208,0,0,0,0,0,0,0
1777,2052,49036294,47673500,22073,7933,93,7955,0,4,-18,4,-18,1,1,1,1142.86,635.99,1142.86,635.99,19541,0,0,0,0,0,0,0
1778,2053,47042459,48376459,22225,7933,93,7955,0,4,-18,4,-18,1,1,1,1142.86,635.99,1142.86,635.99,23792,0,0,0,0,0,0,0
1779,2054,58499667,55932458,22073,7933,93,7955,0,4,-18,4,-18,1,1,1,1142.86,635.99,1142.86,635.99,22750,0,0,0,0,0,0,0
1780,2055,51925744,54258625,22137,7933,93,7955,0,4,-18,4,-18,1,1,1,1142.86,635.99,1142.86,635.99,23334,0,0,0,0,0,0,0
1781,2056,59205044,56514667,22777,7933,93,7955,0,4,-18,4,-18,1,1,1,1142.86,635.99,1142.86,635.99,28042,0,0,0,0,0,0,0
1782,2057,49334537,52146541,22353,7933,93,7955,0,4,-18,4,-18,1,1,1,1142.86,635.99,1142.86,635.99,23083,0,0,0,0,0,0,0
1783,2058,52325587,50943709,22073,7933,93,7955,0,4,-18,4,-18,1,1,1,1142.86,635.99,1142.86,635.99,22667,0,0,0,0,0,0,0
1784,2059,41397370,42832334,22225,7933,96,7955,0,4,-18,4,-18,1,1,1,1142.86,635.99,1142.86,635.99,19417,0,0,0,0,0,0,0
1785,2060,38174130,38155292,22125,7933,93,7955,0,4,-18,4,-18,1,1,1,1142.86,635.99,1142.86,635.99,16500,0,0,0,0,0,0,0
1786,2061,37855207,36752625,22073,7934,94,7956,0,4,-18,4,-18,1,1,1,1142.86,635.99,1142.86,635.99,17042,0,0,0,0,0,0,0
1787,2062,32725203,33758375,22137,7933,93,7955,0,4,-18,4,-18,1,1,1,1142.86,635.99,1142.86,635.99,14500,0,0,0,0,0,0,0
1788,2063,33484589,33561166,32433,7933,93,7955,0,5,-18,5,-18,1,1,1,1188.57,662.98,1188.57,662.98,334541,0,308292,302875,0,0,0,0
1789,2064,34630037,33494833,22073,7933,93,7955,0,5,-18,5,-18,1,1,1,1188.57,662.98,1188.57,662.98,14750,0,0,0,0,0,0,0
1790,2065,32304625,33376792,22137,7933,93,7955,0,5,-18,5,-18,1,1,1,1188.57,662.98,1188.57,662.98,15291,0,0,0,0,0,0,0
1791,2066,33773541,33763333,22125,7933,93,7955,0,5,-18,5,-18,1,1,1,1188.57,662.98,1188.57,662.98,14792,0,0,0,0,0,0,0
1792,2067,34649871,33540292,22073,7933,93,7955,0,5,-18,5,-18,1,1,1,1188.57,662.98,1188.57,662.98,14833,0,0,0,0,0,0,0
1793,2068,32669875,33765125,22225,7933,93,7955,0,5,-18,5,-18,1,1,1,1188.57,662.98,1188.57,662.98,14292,0,0,0,0,0,0,0
1794,2069,32023914,31022500,22637,7933,93,7955,0,5,-18,5,-18,1,1,1,1188.57,662.98,1188.57,662.98,14292,0,0,0,0,0,0,0
1795,2070,30469544,31446959,22289,7933,93,7955,0,5,-18,5,-18,1,1,1,1188.57,662.98,1188.57,662.98,16917,0,0,0,0,0,0,0
1796,2071,31542416,30564250,22073,7933,93,7955,0,5,-18,5,-18,1,1,1,1188.57,662.98,1188.57,662.98,13500,0,0,0,0,0,0,0
1797,2072,32916162,33821417,22137,7933,93,7955,0,5,-18,5,-18,1,1,1,1188.57,662.98,1188.57,662.98,16500,0,0,0,0,0,0,0
1798,2073,32741665,32786458,22213,7933,96,7955,0,5,-18,5,-18,1,1,1,1188.57,662.98,1188.57,662.98,13375,0,0,0,0,0,0,0
1799,2074,33110417,33039792,22073,7933,93,7955,0,5,-18,5,-18,1,1,1,1188.57,662.98,1188.57,662.98,13708,0,0,0,0,0,0,0
