frame_index,read_frame_count,unscaled_delta_ns,main_thread_ns,gc_alloc_bytes,batches,set_pass_calls,draw_calls,engine_controller_update_ns,intended_cell_x,intended_cell_y,actual_cell_x,actual_cell_y,cell_match,input_checked,mouse_is_virtual,injected_x,injected_y,read_x,read_y,tnd_bench_t1_hover_ns,tnd_bench_t1_reclassify_ns,tnd_bench_t1_hoveredborder_ns,tnd_bench_t1_hoveredborderrebuild_ns,tnd_bench_t1_modeenter_ns,tnd_bench_t1_conquerui_ns,tnd_bench_s0_hover_ns,tnd_bench_s0_rebuild_ns
0,275,58688201,38417625,112683,7933,93,7955,0,-17,-18,-17,-18,1,1,1,182.86,230.19,182.86,230.19,343792,0,321458,318458,0,0,0,0
1,276,40224879,42374791,207566,7934,94,7956,0,-17,-18,-17,-18,1,1,1,182.86,230.19,182.86,230.19,49750,0,0,0,0,0,0,0
2,277,37269834,37254083,22073,7933,93,7955,0,-17,-18,-17,-18,1,1,1,182.86,230.19,182.86,230.19,37458,0,0,0,0,0,0,0
3,278,40147662,38665000,22073,7933,93,7955,0,-17,-18,-17,-18,1,1,1,182.86,230.19,182.86,230.19,69208,0,0,0,0,0,0,0
4,279,44404797,44208625,22701,7933,93,7955,0,-16,-18,-16,-18,1,1,1,228.57,258.09,228.57,258.09,59542,0,0,0,0,0,0,0
5,280,53398326,54750000,22377,7933,93,7955,0,-16,-18,-16,-18,1,1,1,228.57,258.09,228.57,258.09,84250,0,0,0,0,0,0,0
6,281,75715132,73323875,22125,7933,93,7955,0,-16,-18,-16,-18,1,1,1,228.57,258.09,228.57,258.09,75458,0,0,0,0,0,0,0
7,282,88434286,90594583,22137,7933,93,7955,0,-16,-18,-16,-18,1,1,1,228.57,258.09,228.57,258.09,151667,0,0,0,0,0,0,0
8,283,77639713,75423458,22161,7933,96,7955,0,-15,-18,-15,-18,1,1,1,274.29,285.43,274.29,285.43,101542,0,0,0,0,0,0,0
9,284,68162791,70417792,22189,7933,93,7955,0,-15,-18,-15,-18,1,1,1,274.29,285.43,274.29,285.43,65125,0,0,0,0,0,0,0
10,285,71950159,69261458,22073,7933,93,7955,0,-15,-18,-15,-18,1,1,1,274.29,285.43,274.29,285.43,70291,0,0,0,0,0,0,0
11,286,63696585,64697500,22789,7933,93,7955,0,-15,-18,-15,-18,1,1,1,274.29,285.43,274.29,285.43,79959,0,0,0,0,0,0,0
12,287,56418295,56387291,22341,7933,93,7955,0,-14,-18,-14,-18,1,1,1,320,311.82,320,311.82,72917,0,0,0,0,0,0,0
13,288,54801333,56195708,22137,7933,93,7955,0,-14,-18,-14,-18,1,1,1,320,311.82,320,311.82,25833,0,0,0,0,0,0,0
14,289,60614831,58999125,22161,7933,93,7955,0,-14,-18,-14,-18,1,1,1,320,311.82,320,311.82,26500,0,0,0,0,0,0,0
15,290,51340207,53097792,22137,7933,96,7955,0,-14,-18,-14,-18,1,1,1,320,311.82,320,311.82,26000,0,0,0,0,0,0,0
16,291,56510791,54633125,22125,7934,94,7956,0,-13,-18,-13,-18,1,1,1,365.71,336.6,365.71,336.6,22792,0,0,0,0,0,0,0
17,292,54354831,56264916,22225,7933,93,7955,0,-13,-18,-13,-18,1,1,1,365.71,336.6,365.71,336.6,27042,0,0,0,0,0,0,0
18,293,59178166,57493250,22073,7933,93,7955,0,-13,-18,-13,-18,1,1,1,365.71,336.6,365.71,336.6,26334,0,0,0,0,0,0,0
19,294,63303627,64750292,22137,7933,93,7955,0,-13,-18,-13,-18,1,1,1,365.71,336.6,365.71,336.6,26708,0,0,0,0,0,0,0
20,295,73425412,69706042,22777,7933,93,7955,0,-12,-18,-12,-18,1,1,1,411.43,359.32,411.43,359.32,35458,0,0,0,0,0,0,0
21,296,66463336,70162625,22353,7933,93,7955,0,-12,-18,-12,-18,1,1,1,411.43,359.32,411.43,359.32,34542,0,0,0,0,0,0,0
22,297,77716462,74989542,22073,7933,93,7955,0,-12,-18,-12,-18,1,1,1,411.43,359.32,411.43,359.32,51334,0,0,0,0,0,0,0
23,298,72235994,74523625,22277,7933,96,7955,0,-12,-18,-12,-18,1,1,1,411.43,359.32,411.43,359.32,38250,0,0,0,0,0,0,0
24,299,70862919,69130417,22073,7933,93,7955,0,-11,-18,-11,-18,1,1,1,457.14,380.06,457.14,380.06,24583,0,0,0,0,0,0,0
25,300,72372585,74344333,22137,7933,93,7955,0,-11,-18,-11,-18,1,1,1,457.14,380.06,457.14,380.06,33583,0,0,0,0,0,0,0
26,301,69255962,67307542,22213,7933,93,7955,0,-11,-18,-11,-18,1,1,1,457.14,380.06,457.14,380.06,34750,0,0,0,0,0,0,0
27,302,58214370,58705375,22701,7933,93,7955,0,-11,-18,-11,-18,1,1,1,457.14,380.06,457.14,380.06,34167,0,0,0,0,0,0,0
28,303,45032583,45495166,22289,7933,93,7955,0,-10,-18,-10,-18,1,1,1,502.86,399.44,502.86,399.44,22833,0,0,0,0,0,0,0
29,304,35940043,37138125,22225,7933,93,7955,0,-10,-18,-10,-18,1,1,1,502.86,399.44,502.86,399.44,20042,0,0,0,0,0,0,0
30,305,37542503,37552875,22125,7933,93,7955,0,-10,-18,-10,-18,1,1,1,502.86,399.44,502.86,399.44,17875,0,0,0,0,0,0,0
31,306,35196576,34072958,22073,7934,97,7956,0,-10,-18,-10,-18,1,1,1,502.86,399.44,502.86,399.44,17708,0,0,0,0,0,0,0
32,307,32948002,33981667,22137,7933,93,7955,0,-9,-18,-9,-18,1,1,1,548.57,418.39,548.57,418.39,17542,0,0,0,0,0,0,0
33,308,34575041,34554541,22073,7933,93,7955,0,-9,-18,-9,-18,1,1,1,548.57,418.39,548.57,418.39,18166,0,0,0,0,0,0,0
34,309,34600999,33554000,22161,7933,93,7955,0,-9,-18,-9,-18,1,1,1,548.57,418.39,548.57,418.39,17833,0,0,0,0,0,0,0
35,310,32765462,33834875,22137,7933,93,7955,0,-9,-18,-9,-18,1,1,1,548.57,418.39,548.57,418.39,17792,0,0,0,0,0,0,0
36,311,33718913,33729875,33167,7933,93,7955,0,-8,-18,-8,-18,1,1,1,594.29,422.77,594.29,422.77,17042,0,0,0,0,0,0,0
37,312,30957462,30934000,22073,7933,93,7955,0,-8,-18,-8,-18,1,1,1,594.29,422.77,594.29,422.77,15000,0,0,0,0,0,0,0
38,313,31189037,30147458,22073,7933,93,7955,0,-8,-18,-8,-18,1,1,1,594.29,422.77,594.29,422.77,15041,0,0,0,0,0,0,0
39,314,29875999,30877916,22225,7933,93,7955,0,-8,-18,-8,-18,1,1,1,594.29,422.77,594.29,422.77,14959,0,0,0,0,0,0,0
40,315,30213173,30211833,22073,7933,93,7955,0,-6,-18,-6,-18,1,1,1,685.71,416.09,685.71,416.09,15334,0,0,0,0,0,0,0
41,316,31493999,30412208,22637,7933,93,7955,0,-6,-18,-6,-18,1,1,1,685.71,416.09,685.71,416.09,15709,0,0,0,0,0,0,0
42,317,30329415,30386208,22289,7933,93,7955,0,-6,-18,-6,-18,1,1,1,685.71,416.09,685.71,416.09,15375,0,0,0,0,0,0,0
43,318,31128337,32019375,22189,7933,93,7955,0,-6,-18,-6,-18,1,1,1,685.71,416.09,685.71,416.09,14584,0,0,0,0,0,0,0
44,319,36283291,36348000,22161,7933,93,7955,0,-5,-18,-5,-18,1,1,1,731.43,431,731.43,431,17291,0,0,0,0,0,0,0
45,320,38561832,36838458,22073,7933,93,7955,0,-5,-18,-5,-18,1,1,1,731.43,431,731.43,431,17291,0,0,0,0,0,0,0
46,321,41978288,43541042,22137,7934,94,7956,0,-5,-18,-5,-18,1,1,1,731.43,431,731.43,431,20875,0,0,0,0,0,0,0
47,322,38084581,37958708,22073,7933,96,7955,0,-5,-18,-5,-18,1,1,1,731.43,431,731.43,431,17375,0,0,0,0,0,0,0
48,323,39176125,38166916,27641,7933,93,7955,0,-4,-18,-4,-18,1,1,1,777.14,453.14,777.14,453.14,323000,0,297209,292750,0,0,0,0
49,324,41719168,42823833,22189,7933,93,7955,0,-4,-18,-4,-18,1,1,1,777.14,453.14,777.14,453.14,19417,0,0,0,0,0,0,0
50,325,52533496,52435000,22073,7933,93,7955,0,-4,-18,-4,-18,1,1,1,777.14,453.14,777.14,453.14,21417,0,0,0,0,0,0,0
51,326,67284546,65080916,22073,7933,93,7955,0,-4,-18,-4,-18,1,1,1,777.14,453.14,777.14,453.14,32334,0,0,0,0,0,0,0
52,327,75949996,75773416,22789,7933,93,7955,0,-3,-18,-3,-18,1,1,1,822.86,475.99,822.86,475.99,30333,0,0,0,0,0,0,0
53,328,79986788,79957916,22341,7933,93,7955,0,-3,-18,-3,-18,1,1,1,822.86,475.99,822.86,475.99,23292,0,0,0,0,0,0,0
54,329,67608751,69830250,22225,7933,93,7955,0,-3,-18,-3,-18,1,1,1,822.86,475.99,822.86,475.99,25000,0,0,0,0,0,0,0
55,330,75986877,73761750,22073,7933,93,7955,0,-3,-18,-3,-18,1,1,1,822.86,475.99,822.86,475.99,32083,0,0,0,0,0,0,0
56,331,65713249,67792417,22189,7933,96,7955,0,-2,-18,-2,-18,1,1,1,868.57,498.85,868.57,498.85,32042,0,0,0,0,0,0,0
57,332,57878039,56426958,22161,7933,93,7955,0,-2,-18,-2,-18,1,1,1,868.57,498.85,868.57,498.85,30958,0,0,0,0,0,0,0
58,333,54868537,56368542,22137,7933,93,7955,0,-2,-18,-2,-18,1,1,1,868.57,498.85,868.57,498.85,23750,0,0,0,0,0,0,0
59,334,49535252,47975209,22073,7933,93,7955,0,-2,-18,-2,-18,1,1,1,868.57,498.85,868.57,498.85,23750,0,0,0,0,0,0,0
60,335,47808162,48008625,22841,7933,93,7955,0,-1,-18,-1,-18,1,1,1,914.29,521.71,914.29,521.71,21583,0,0,0,0,0,0,0
61,336,45040667,46485375,22289,7934,94,7956,0,-1,-18,-1,-18,1,1,1,914.29,521.71,914.29,521.71,19333,0,0,0,0,0,0,0
62,337,52509125,51182291,22073,7933,93,7955,0,-1,-18,-1,-18,1,1,1,914.29,521.71,914.29,521.71,19458,0,0,0,0,0,0,0
63,338,53782332,54952375,22137,7933,93,7955,0,-1,-18,-1,-18,1,1,1,914.29,521.71,914.29,521.71,24959,0,0,0,0,0,0,0
64,339,59137955,57507334,22213,7933,93,7955,0,0,-18,0,-18,1,1,1,960,544.56,960,544.56,23667,0,0,0,0,0,0,0
65,340,53702294,55108917,22137,7933,96,7955,0,0,-18,0,-18,1,1,1,960,544.56,960,544.56,22458,0,0,0,0,0,0,0
66,341,61188369,59399000,22073,7933,93,7955,0,0,-18,0,-18,1,1,1,960,544.56,960,544.56,24583,0,0,0,0,0,0,0
67,342,62143415,64110791,22225,7933,93,7955,0,0,-18,0,-18,1,1,1,960,544.56,960,544.56,28667,0,0,0,0,0,0,0
68,343,61840377,59857667,22125,7933,93,7955,0,1,-18,1,-18,1,1,1,1005.71,567.42,1005.71,567.42,23125,0,0,0,0,0,0,0
69,344,63906088,64121167,22701,7933,93,7955,0,1,-18,1,-18,1,1,1,1005.71,567.42,1005.71,567.42,31167,0,0,0,0,0,0,0
70,345,60874871,60547250,22377,7933,93,7955,0,1,-18,1,-18,1,1,1,1005.71,567.42,1005.71,567.42,23125,0,0,0,0,0,0,0
71,346,51509998,53532250,22137,7933,93,7955,0,1,-18,1,-18,1,1,1,1005.71,567.42,1005.71,567.42,21541,0,0,0,0,0,0,0
72,347,56665752,54989292,22125,7933,93,7955,0,2,-18,2,-18,1,1,1,1051.43,590.28,1051.43,590.28,22917,0,0,0,0,0,0,0
73,348,48735793,50422833,22225,7933,96,7955,0,2,-18,2,-18,1,1,1,1051.43,590.28,1051.43,590.28,23750,0,0,0,0,0,0,0
74,349,42834751,42856417,22073,7933,93,7955,0,2,-18,2,-18,1,1,1,1051.43,590.28,1051.43,590.28,18667,0,0,0,0,0,0,0
75,350,40081370,38883792,22073,7933,93,7955,0,2,-18,2,-18,1,1,1,1051.43,590.28,1051.43,590.28,16500,0,0,0,0,0,0,0
76,351,36150958,37292000,22137,7934,94,7956,0,3,-18,3,-18,1,1,1,1097.14,613.14,1097.14,613.14,16875,0,0,0,0,0,0,0
77,352,33740665,33760583,22213,7933,93,7955,0,3,-18,3,-18,1,1,1,1097.14,613.14,1097.14,613.14,14750,0,0,0,0,0,0,0
78,353,34772250,33707709,22073,7933,93,7955,0,3,-18,3,-18,1,1,1,1097.14,613.14,1097.14,613.14,14750,0,0,0,0,0,0,0
79,354,32520543,33553541,22137,7933,93,7955,0,3,-18,3,-18,1,1,1,1097.14,613.14,1097.14,613.14,15000,0,0,0,0,0,0,0
80,355,33876042,33892875,22073,7933,93,7955,0,4,-18,4,-18,1,1,1,1142.86,635.99,1142.86,635.99,14458,0,0,0,0,0,0,0
81,356,35459879,33417750,22637,7933,93,7955,0,4,-18,4,-18,1,1,1,1142.86,635.99,1142.86,635.99,14250,0,0,0,0,0,0,0
82,357,31607583,33615417,22441,7933,93,7955,0,4,-18,4,-18,1,1,1,1142.86,635.99,1142.86,635.99,13958,0,0,0,0,0,0,0
83,358,33609580,33582625,22125,7933,93,7955,0,4,-18,4,-18,1,1,1,1142.86,635.99,1142.86,635.99,14667,0,0,0,0,0,0,0
84,359,31004875,31021041,32345,7933,93,7955,0,5,-18,5,-18,1,1,1,1188.57,662.98,1188.57,662.98,304167,0,285083,282584,0,0,0,0
85,360,34270416,33233416,22073,7933,93,7955,0,5,-18,5,-18,1,1,1,1188.57,662.98,1188.57,662.98,15459,0,0,0,0,0,0,0
86,361,29442042,30379333,22137,7933,96,7955,0,5,-18,5,-18,1,1,1,1188.57,662.98,1188.57,662.98,13375,0,0,0,0,0,0,0
87,362,31274583,31292875,22161,7933,93,7955,0,5,-18,5,-18,1,1,1,1188.57,662.98,1188.57,662.98,12917,0,0,0,0,0,0,0
88,363,33331293,33338708,22073,7933,93,7955,0,6,-18,6,-18,1,1,1,1234.29,696.59,1234.29,696.59,14333,0,0,0,0,0,0,0
89,364,36077380,34932167,22073,7933,93,7955,0,6,-18,6,-18,1,1,1,1234.29,696.59,1234.29,696.59,13792,0,0,0,0,0,0,0
90,365,37530455,38633250,22189,7933,93,7955,0,6,-18,6,-18,1,1,1,1234.29,696.59,1234.29,696.59,15000,0,0,0,0,0,0,0
91,366,36546293,36444167,22073,7934,94,7956,0,6,-18,6,-18,1,1,1,1234.29,696.59,1234.29,696.59,15000,0,0,0,0,0,0,0
92,367,37048079,35974250,22161,7933,93,7955,0,7,-18,7,-18,1,1,1,1280,736.66,1280,736.66,15958,0,0,0,0,0,0,0
93,368,35199001,36179083,22137,7933,93,7955,0,7,-18,7,-18,1,1,1,1280,736.66,1280,736.66,18500,0,0,0,0,0,0,0
94,369,39372541,39467625,22073,7933,93,7955,0,7,-18,7,-18,1,1,1,1280,736.66,1280,736.66,17333,0,0,0,0,0,0,0
95,370,49945876,46720500,22637,7933,93,7955,0,7,-18,7,-18,1,1,1,1280,736.66,1280,736.66,22334,0,0,0,0,0,0,0
96,371,56277666,59069375,22493,7933,93,7955,0,8,-18,8,-18,1,1,1,1325.71,772.98,1325.71,772.98,26417,0,0,0,0,0,0,0
97,372,68861708,66777250,22073,7933,93,7955,0,8,-18,8,-18,1,1,1,1325.71,772.98,1325.71,772.98,30834,0,0,0,0,0,0,0
98,373,96854463,98832833,22137,7933,93,7955,0,8,-18,8,-18,1,1,1,1325.71,772.98,1325.71,772.98,35334,0,0,0,0,0,0,0
99,374,68791121,66787667,22213,7933,96,7955,0,8,-18,8,-18,1,1,1,1325.71,772.98,1325.71,772.98,22958,0,0,0,0,0,0,0
100,375,65826289,67988083,22137,7933,93,7955,0,9,-18,9,-18,1,1,1,1371.43,801.36,1371.43,801.36,31875,0,0,0,0,0,0,0
101,376,66150084,64532208,22073,7933,93,7955,0,9,-18,9,-18,1,1,1,1371.43,801.36,1371.43,801.36,32792,0,0,0,0,0,0,0
102,377,55250171,55395000,22789,7933,93,7955,0,9,-18,9,-18,1,1,1,1371.43,801.36,1371.43,801.36,25875,0,0,0,0,0,0,0
103,378,47143418,47096375,22341,7933,93,7955,0,9,-18,9,-18,1,1,1,1371.43,801.36,1371.43,801.36,21542,0,0,0,0,0,0,0
104,379,45915704,47488458,22137,7933,93,7955,0,10,-18,10,-18,1,1,1,1417.14,823.72,1417.14,823.72,22083,0,0,0,0,0,0,0
105,380,48166334,47947417,22073,7933,93,7955,0,10,-18,10,-18,1,1,1,1417.14,823.72,1417.14,823.72,24250,0,0,0,0,0,0,0
106,381,51151338,49568541,22161,7934,94,7956,0,10,-18,10,-18,1,1,1,1417.14,823.72,1417.14,823.72,23000,0,0,0,0,0,0,0
107,382,52126411,53627667,22137,7933,96,7955,0,10,-18,10,-18,1,1,1,1417.14,823.72,1417.14,823.72,26916,0,0,0,0,0,0,0
108,383,57920422,56159583,22125,7933,93,7955,0,11,-18,11,-18,1,1,1,1462.86,845.83,1462.86,845.83,27250,0,0,0,0,0,0,0
109,384,55323917,57061042,22225,7933,93,7955,0,11,-18,11,-18,1,1,1,1462.86,845.83,1462.86,845.83,27083,0,0,0,0,0,0,0
110,385,69400116,67271000,22073,7933,93,7955,0,11,-18,11,-18,1,1,1,1462.86,845.83,1462.86,845.83,29917,0,0,0,0,0,0,0
111,386,66279463,68287000,22137,7933,93,7955,0,11,-18,11,-18,1,1,1,1462.86,845.83,1462.86,845.83,35375,0,0,0,0,0,0,0
112,387,71877375,68231208,22777,7933,93,7955,0,12,-18,12,-18,1,1,1,1508.57,868.27,1508.57,868.27,34041,0,0,0,0,0,0,0
113,388,54488833,58331667,22353,7933,93,7955,0,12,-18,12,-18,1,1,1,1508.57,868.27,1508.57,868.27,26750,0,0,0,0,0,0,0
114,389,57321414,55528667,22073,7933,93,7955,0,12,-18,12,-18,1,1,1,1508.57,868.27,1508.57,868.27,28375,0,0,0,0,0,0,0
115,390,44749792,46424583,22225,7933,96,7955,0,12,-18,12,-18,1,1,1,1508.57,868.27,1508.57,868.27,26708,0,0,0,0,0,0,0
116,391,42095083,42237792,22125,7933,93,7955,0,13,-18,13,-18,1,1,1,1554.29,892.25,1554.29,892.25,22958,0,0,0,0,0,0,0
117,392,39668247,38474333,22073,7933,93,7955,0,13,-18,13,-18,1,1,1,1554.29,892.25,1554.29,892.25,19042,0,0,0,0,0,0,0
118,393,35195045,36314583,22137,7933,93,7955,0,13,-18,13,-18,1,1,1,1554.29,892.25,1554.29,892.25,19917,0,0,0,0,0,0,0
119,394,33934872,33997791,22161,7933,93,7955,0,13,-18,13,-18,1,1,1,1554.29,892.25,1554.29,892.25,17375,0,0,0,0,0,0,0
120,395,35833623,34606292,22073,7933,93,7955,0,14,-18,14,-18,1,1,1,1600,918.02,1600,918.02,17333,0,0,0,0,0,0,0
121,396,32716710,33893959,22137,7934,94,7956,0,14,-18,14,-18,1,1,1,1600,918.02,1600,918.02,17334,0,0,0,0,0,0,0
122,397,33904667,33891750,22125,7933,93,7955,0,14,-18,14,-18,1,1,1,1600,918.02,1600,918.02,16666,0,0,0,0,0,0,0
123,398,35844124,33813750,22637,7933,93,7955,0,14,-18,14,-18,1,1,1,1600,918.02,1600,918.02,19208,0,0,0,0,0,0,0
124,399,31779542,33772084,22441,7933,93,7955,0,15,-18,15,-18,1,1,1,1645.71,944.98,1645.71,944.98,16542,0,0,0,0,0,0,0
125,400,33083416,33101959,22073,7933,93,7955,0,15,-18,15,-18,1,1,1,1645.71,944.98,1645.71,944.98,16917,0,0,0,0,0,0,0
126,401,34207034,33173708,22073,7933,93,7955,0,15,-18,15,-18,1,1,1,1645.71,944.98,1645.71,944.98,17250,0,0,0,0,0,0,0
127,402,30315505,31319708,22137,7933,93,7955,0,15,-18,15,-18,1,1,1,1645.71,944.98,1645.71,944.98,15042,0,0,0,0,0,0,0
128,403,32568246,32500459,22073,7933,93,7955,0,16,-18,16,-18,1,1,1,1691.43,972.01,1691.43,972.01,14875,0,0,0,0,0,0,0
129,404,30462039,30523958,22213,7933,96,7955,0,16,-18,16,-18,1,1,1,1691.43,972.01,1691.43,972.01,14750,0,0,0,0,0,0,0
130,405,31605463,30517416,22073,7933,93,7955,0,16,-18,16,-18,1,1,1,1691.43,972.01,1691.43,972.01,15250,0,0,0,0,0,0,0
131,406,30516538,31536583,22137,7933,93,7955,0,16,-18,16,-18,1,1,1,1691.43,972.01,1691.43,972.01,14833,0,0,0,0,0,0,0
132,407,31799830,31783000,22073,7933,93,7955,0,15,-18,15,-18,1,1,1,1645.71,944.98,1645.71,944.98,14875,0,0,0,0,0,0,0
133,408,32832626,32794166,22073,7933,93,7955,0,15,-18,15,-18,1,1,1,1645.71,944.98,1645.71,944.98,16541,0,0,0,0,0,0,0
134,409,34317716,33190875,22161,7933,93,7955,0,15,-18,15,-18,1,1,1,1645.71,944.98,1645.71,944.98,15000,0,0,0,0,0,0,0
135,410,32663285,33786375,22137,7933,93,7955,0,15,-18,15,-18,1,1,1,1645.71,944.98,1645.71,944.98,16333,0,0,0,0,0,0,0
136,411,33697124,33652250,22125,7934,94,7956,0,14,-18,14,-18,1,1,1,1600,918.02,1600,918.02,17333,0,0,0,0,0,0,0
137,412,34635670,33565500,22073,7933,93,7955,0,14,-18,14,-18,1,1,1,1600,918.02,1600,918.02,16667,0,0,0,0,0,0,0
138,413,33850494,33726916,22701,7933,93,7955,0,14,-18,14,-18,1,1,1,1600,918.02,1600,918.02,16875,0,0,0,0,0,0,0
139,414,32554961,33727500,22377,7933,93,7955,0,14,-18,14,-18,1,1,1,1600,918.02,1600,918.02,16875,0,0,0,0,0,0,0
140,415,36053746,34946209,22073,7933,93,7955,0,13,-18,13,-18,1,1,1,1554.29,892.25,1554.29,892.25,16834,0,0,0,0,0,0,0
141,416,35253502,36341125,22137,7933,93,7955,0,13,-18,13,-18,1,1,1,1554.29,892.25,1554.29,892.25,17291,0,0,0,0,0,0,0
142,417,37842042,37779292,22125,7933,93,7955,0,13,-18,13,-18,1,1,1,1554.29,892.25,1554.29,892.25,17250,0,0,0,0,0,0,0
143,418,42647209,41117375,22073,7933,93,7955,0,13,-18,13,-18,1,1,1,1554.29,892.25,1554.29,892.25,17917,0,0,0,0,0,0,0
144,419,35749208,37147500,22225,7933,96,7955,0,12,-18,12,-18,1,1,1,1508.57,868.27,1508.57,868.27,17542,0,0,0,0,0,0,0
145,420,39988584,40022541,22073,7933,93,7955,0,12,-18,12,-18,1,1,1,1508.57,868.27,1508.57,868.27,20000,0,0,0,0,0,0,0
146,421,50662711,49045167,22073,7933,93,7955,0,12,-18,12,-18,1,1,1,1508.57,868.27,1508.57,868.27,23083,0,0,0,0,0,0,0
147,422,59295210,60661417,22189,7933,93,7955,0,12,-18,12,-18,1,1,1,1508.57,868.27,1508.57,868.27,27667,0,0,0,0,0,0,0
148,423,68564124,66047292,22161,7933,93,7955,0,11,-18,11,-18,1,1,1,1462.86,845.83,1462.86,845.83,33500,0,0,0,0,0,0,0
149,424,67353837,67916542,22701,7933,93,7955,0,11,-18,11,-18,1,1,1,1462.86,845.83,1462.86,845.83,33666,0,0,0,0,0,0,0
150,425,69720879,69358083,22289,7933,93,7955,0,11,-18,11,-18,1,1,1,1462.86,845.83,1462.86,845.83,33417,0,0,0,0,0,0,0
151,426,65395496,67625292,22277,7934,94,7956,0,11,-18,11,-18,1,1,1,1462.86,845.83,1462.86,845.83,35500,0,0,0,0,0,0,0
152,427,71944870,69973750,22073,7933,93,7955,0,10,-18,10,-18,1,1,1,1417.14,823.72,1417.14,823.72,34166,0,0,0,0,0,0,0
153,428,55272918,57200292,22137,7933,96,7955,0,10,-18,10,-18,1,1,1,1417.14,823.72,1417.14,823.72,34417,0,0,0,0,0,0,0
154,429,57851791,55440791,22161,7933,93,7955,0,10,-18,10,-18,1,1,1,1417.14,823.72,1417.14,823.72,27416,0,0,0,0,0,0,0
155,430,47610331,50132125,22439,7933,93,7955,0,10,-18,10,-18,1,1,1,1417.14,823.72,1417.14,823.72,27292,0,0,0,0,0,0,0
156,431,47442167,47378500,22073,7933,93,7955,0,9,-18,9,-18,1,1,1,1371.43,801.36,1371.43,801.36,21375,0,0,0,0,0,0,0
157,432,55973418,54147125,22161,7933,93,7955,0,9,-18,9,-18,1,1,1,1371.43,801.36,1371.43,801.36,21958,0,0,0,0,0,0,0
158,433,54626077,54479750,22701,7933,93,7955,0,9,-18,9,-18,1,1,1,1371.43,801.36,1371.43,801.36,25250,0,0,0,0,0,0,0
159,434,54539505,54855750,22341,7933,93,7955,0,9,-18,9,-18,1,1,1,1371.43,801.36,1371.43,801.36,24792,0,0,0,0,0,0,0
160,435,52159871,53705083,22225,7933,93,7955,0,8,-18,8,-18,1,1,1,1325.71,772.98,1325.71,772.98,24417,0,0,0,0,0,0,0
161,436,62360167,60808791,22073,7933,93,7955,0,8,-18,8,-18,1,1,1,1325.71,772.98,1325.71,772.98,51875,0,0,0,0,0,0,0
162,437,56771416,58031166,22137,7933,96,7955,0,8,-18,8,-18,1,1,1,1325.71,772.98,1325.71,772.98,25500,0,0,0,0,0,0,0
163,438,69896422,68004250,22213,7933,93,7955,0,8,-18,8,-18,1,1,1,1325.71,772.98,1325.71,772.98,32000,0,0,0,0,0,0,0
164,439,66419534,68436791,22137,7933,93,7955,0,7,-18,7,-18,1,1,1,1280,736.66,1280,736.66,32167,0,0,0,0,0,0,0
165,440,59607625,58055708,22073,7933,93,7955,0,7,-18,7,-18,1,1,1,1280,736.66,1280,736.66,33666,0,0,0,0,0,0,0
166,441,54096583,54060250,22789,7934,94,7956,0,7,-18,7,-18,1,1,1,1280,736.66,1280,736.66,45959,0,0,0,0,0,0,0
167,442,50307378,50517292,22341,7933,93,7955,0,7,-18,7,-18,1,1,1,1280,736.66,1280,736.66,25750,0,0,0,0,0,0,0
168,443,42856376,44333000,22137,7933,93,7955,0,6,-18,6,-18,1,1,1,1234.29,696.59,1234.29,696.59,20500,0,0,0,0,0,0,0
169,444,43334871,43120625,22073,7933,93,7955,0,6,-18,6,-18,1,1,1,1234.29,696.59,1234.29,696.59,19334,0,0,0,0,0,0,0
170,445,46910542,45904833,22161,7933,93,7955,0,6,-18,6,-18,1,1,1,1234.29,696.59,1234.29,696.59,19709,0,0,0,0,0,0,0
171,446,40298957,41339125,22137,7933,96,7955,0,6,-18,6,-18,1,1,1,1234.29,696.59,1234.29,696.59,17083,0,0,0,0,0,0,0
172,447,41620749,41727166,22883,7933,93,7955,0,5,-18,5,-18,1,1,1,1188.57,662.98,1188.57,662.98,17125,0,0,0,0,0,0,0
173,448,42116127,40326708,22073,7933,93,7955,0,5,-18,5,-18,1,1,1,1188.57,662.98,1188.57,662.98,17750,0,0,0,0,0,0,0
174,449,40249034,41984917,22225,7933,93,7955,0,5,-18,5,-18,1,1,1,1188.57,662.98,1188.57,662.98,16500,0,0,0,0,0,0,0
175,450,42793586,42632333,22073,7933,93,7955,0,5,-18,5,-18,1,1,1,1188.57,662.98,1188.57,662.98,16583,0,0,0,0,0,0,0
176,451,45710418,44351208,27553,7933,93,7955,0,4,-18,4,-18,1,1,1,1142.86,635.99,1142.86,635.99,396334,0,368667,363750,0,0,0,0
177,452,54019082,55201375,22189,7933,93,7955,0,4,-18,4,-18,1,1,1,1142.86,635.99,1142.86,635.99,25375,0,0,0,0,0,0,0
178,453,66848583,62903208,22725,7933,93,7955,0,4,-18,4,-18,1,1,1,1142.86,635.99,1142.86,635.99,22792,0,0,0,0,0,0,0
179,454,65033130,68954959,22353,7933,93,7955,0,4,-18,4,-18,1,1,1,1142.86,635.99,1142.86,635.99,28916,0,0,0,0,0,0,0
180,455,78350916,75774500,22073,7933,93,7955,0,3,-18,3,-18,1,1,1,1097.14,613.14,1097.14,613.14,28916,0,0,0,0,0,0,0
181,456,68390294,70909500,22277,7934,97,7956,0,3,-18,3,-18,1,1,1,1097.14,613.14,1097.14,613.14,31791,0,0,0,0,0,0,0
182,457,71218043,69213917,22073,7933,93,7955,0,3,-18,3,-18,1,1,1,1097.14,613.14,1097.14,613.14,31667,0,0,0,0,0,0,0
183,458,67023873,68847166,22137,7933,93,7955,0,3,-18,3,-18,1,1,1,1097.14,613.14,1097.14,613.14,28500,0,0,0,0,0,0,0
184,459,68302750,66783250,22213,7933,93,7955,0,2,-18,2,-18,1,1,1,1051.43,590.28,1051.43,590.28,28042,0,0,0,0,0,0,0
185,460,55880960,55959000,22701,7933,93,7955,0,2,-18,2,-18,1,1,1,1051.43,590.28,1051.43,590.28,22708,0,0,0,0,0,0,0
186,461,55284213,55229708,22289,7933,93,7955,0,2,-18,2,-18,1,1,1,1051.43,590.28,1051.43,590.28,24417,0,0,0,0,0,0,0
187,462,49929995,51597791,22225,7933,93,7955,0,2,-18,2,-18,1,1,1,1051.43,590.28,1051.43,590.28,23125,0,0,0,0,0,0,0
188,463,54141335,52667459,22125,7933,93,7955,0,1,-18,1,-18,1,1,1,1005.71,567.42,1005.71,567.42,19750,0,0,0,0,0,0,0
189,464,53058128,54439167,22137,7933,96,7955,0,1,-18,1,-18,1,1,1,1005.71,567.42,1005.71,567.42,18958,0,0,0,0,0,0,0
190,465,58806035,57060458,22161,7933,93,7955,0,1,-18,1,-18,1,1,1,1005.71,567.42,1005.71,567.42,21958,0,0,0,0,0,0,0
191,466,55214837,56497959,22137,7933,93,7955,0,1,-18,1,-18,1,1,1,1005.71,567.42,1005.71,567.42,26000,0,0,0,0,0,0,0
192,467,63945993,61834750,22125,7933,93,7955,0,0,-18,0,-18,1,1,1,960,544.56,960,544.56,22334,0,0,0,0,0,0,0
193,468,65432250,67814792,22225,7933,93,7955,0,0,-18,0,-18,1,1,1,960,544.56,960,544.56,28292,0,0,0,0,0,0,0
194,469,74165374,70350959,22637,7933,93,7955,0,0,-18,0,-18,1,1,1,960,544.56,960,544.56,28958,0,0,0,0,0,0,0
195,470,55152039,58769791,22405,7933,93,7955,0,0,-18,0,-18,1,1,1,960,544.56,960,544.56,28375,0,0,0,0,0,0,0
196,471,55686663,54155500,22161,7934,94,7956,0,-1,-18,-1,-18,1,1,1,914.29,521.71,914.29,521.71,23500,0,0,0,0,0,0,0
197,472,48306044,50075584,22137,7933,96,7955,0,-1,-18,-1,-18,1,1,1,914.29,521.71,914.29,521.71,22375,0,0,0,0,0,0,0
198,473,46460997,46213083,22073,7933,93,7955,0,-1,-18,-1,-18,1,1,1,914.29,521.71,914.29,521.71,18541,0,0,0,0,0,0,0
199,474,45078046,44143958,22213,7933,93,7955,0,-1,-18,-1,-18,1,1,1,914.29,521.71,914.29,521.71,19584,0,0,0,0,0,0,0
200,475,40572583,41755833,22137,7933,93,7955,0,-2,-18,-2,-18,1,1,1,868.57,498.85,868.57,498.85,16833,0,0,0,0,0,0,0
201,476,46010538,45761416,22073,7933,93,7955,0,-2,-18,-2,-18,1,1,1,868.57,498.85,868.57,498.85,18959,0,0,0,0,0,0,0
202,477,49749623,48381708,22073,7933,93,7955,0,-2,-18,-2,-18,1,1,1,868.57,498.85,868.57,498.85,20125,0,0,0,0,0,0,0
203,478,52225459,51450708,22789,7933,93,7955,0,-2,-18,-2,-18,1,1,1,868.57,498.85,868.57,498.85,19917,0,0,0,0,0,0,0
204,479,55081378,54980458,22341,7933,93,7955,0,-3,-18,-3,-18,1,1,1,822.86,475.99,822.86,475.99,27166,0,0,0,0,0,0,0
205,480,64982160,67073542,22137,7933,93,7955,0,-3,-18,-3,-18,1,1,1,822.86,475.99,822.86,475.99,30875,0,0,0,0,0,0,0
206,481,74223205,72369667,22161,7933,93,7955,0,-3,-18,-3,-18,1,1,1,822.86,475.99,822.86,475.99,31334,0,0,0,0,0,0,0
207,482,66983997,68832833,22137,7933,96,7955,0,-3,-18,-3,-18,1,1,1,822.86,475.99,822.86,475.99,31250,0,0,0,0,0,0,0
208,483,62781289,60825375,22125,7933,93,7955,0,-4,-18,-4,-18,1,1,1,777.14,453.14,777.14,453.14,31959,0,0,0,0,0,0,0
209,484,54814163,56821250,22225,7933,93,7955,0,-4,-18,-4,-18,1,1,1,777.14,453.14,777.14,453.14,25792,0,0,0,0,0,0,0
210,485,66492877,64448542,22073,7933,93,7955,0,-4,-18,-4,-18,1,1,1,777.14,453.14,777.14,453.14,26791,0,0,0,0,0,0,0
211,486,62844999,63061583,22701,7934,94,7956,0,-4,-18,-4,-18,1,1,1,777.14,453.14,777.14,453.14,32959,0,0,0,0,0,0,0
212,487,61084043,61118166,32701,7933,93,7955,0,-5,-18,-5,-18,1,1,1,731.43,431,731.43,431,554417,0,522042,518084,0,0,0,0
213,488,55317416,56958792,22137,7933,93,7955,0,-5,-18,-5,-18,1,1,1,731.43,431,731.43,431,27292,0,0,0,0,0,0,0
214,489,67325584,65625541,22073,7933,93,7955,0,-5,-18,-5,-18,1,1,1,731.43,431,731.43,431,30416,0,0,0,0,0,0,0
215,490,53513377,55133792,22225,7933,96,7955,0,-5,-18,-5,-18,1,1,1,731.43,431,731.43,431,26916,0,0,0,0,0,0,0
216,491,57916417,55736500,22125,7933,93,7955,0,-6,-18,-6,-18,1,1,1,685.71,416.09,685.71,416.09,30208,0,0,0,0,0,0,0
217,492,53469620,55515334,22137,7933,93,7955,0,-6,-18,-6,-18,1,1,1,685.71,416.09,685.71,416.09,27458,0,0,0,0,0,0,0
218,493,57521916,56052917,22161,7933,93,7955,0,-6,-18,-6,-18,1,1,1,685.71,416.09,685.71,416.09,26416,0,0,0,0,0,0,0
219,494,53757958,55248250,22137,7933,93,7955,0,-6,-18,-6,-18,1,1,1,685.71,416.09,685.71,416.09,26917,0,0,0,0,0,0,0
220,495,56217376,53339000,22689,7933,93,7955,0,-8,-18,-8,-18,1,1,1,594.29,422.77,594.29,422.77,26708,0,0,0,0,0,0,0
221,496,49553167,52470166,22441,7933,93,7955,0,-8,-18,-8,-18,1,1,1,594.29,422.77,594.29,422.77,26208,0,0,0,0,0,0,0
222,497,49234911,47913833,22073,7933,93,7955,0,-8,-18,-8,-18,1,1,1,594.29,422.77,594.29,422.77,25959,0,0,0,0,0,0,0
223,498,44475752,45839167,22137,7933,93,7955,0,-8,-18,-8,-18,1,1,1,594.29,422.77,594.29,422.77,23250,0,0,0,0,0,0,0
224,499,38755167,38706084,22073,7933,96,7955,0,-9,-18,-9,-18,1,1,1,548.57,418.39,548.57,418.39,19917,0,0,0,0,0,0,0
225,500,38540873,37525291,22213,7933,93,7955,0,-9,-18,-9,-18,1,1,1,548.57,418.39,548.57,418.39,20000,0,0,0,0,0,0,0
226,501,33252459,34321542,22137,7934,94,7956,0,-9,-18,-9,-18,1,1,1,548.57,418.39,548.57,418.39,18125,0,0,0,0,0,0,0
227,502,34080173,34056959,22073,7933,93,7955,0,-9,-18,-9,-18,1,1,1,548.57,418.39,548.57,418.39,18167,0,0,0,0,0,0,0
228,503,35197038,34105125,22073,7933,93,7955,0,-10,-18,-10,-18,1,1,1,502.86,399.44,502.86,399.44,17584,0,0,0,0,0,0,0
229,504,33113047,33932459,22137,7933,93,7955,0,-10,-18,-10,-18,1,1,1,502.86,399.44,502.86,399.44,21250,0,0,0,0,0,0,0
230,505,33432368,33656333,22161,7933,93,7955,0,-10,-18,-10,-18,1,1,1,502.86,399.44,502.86,399.44,17625,0,0,0,0,0,0,0
231,506,34993000,33891583,22125,7933,93,7955,0,-10,-18,-10,-18,1,1,1,502.86,399.44,502.86,399.44,17416,0,0,0,0,0,0,0
232,507,32367210,33452000,22137,7933,93,7955,0,-11,-18,-11,-18,1,1,1,457.14,380.06,457.14,380.06,17250,0,0,0,0,0,0,0
233,508,34669578,33524750,24757,7933,93,7955,0,-11,-18,-11,-18,1,1,1,457.14,380.06,457.14,380.06,17291,0,0,0,0,0,0,0
234,509,33268295,33279250,22289,7933,93,7955,0,-11,-18,-11,-18,1,1,1,457.14,380.06,457.14,380.06,16458,0,0,0,0,0,0,0
235,510,32396499,33475042,22225,7933,93,7955,0,-11,-18,-11,-18,1,1,1,457.14,380.06,457.14,380.06,16417,0,0,0,0,0,0,0
236,511,32555960,32572250,22073,7933,93,7955,0,-12,-18,-12,-18,1,1,1,411.43,359.32,411.43,359.32,17042,0,0,0,0,0,0,0
237,512,35664249,34631458,22125,7933,93,7955,0,-12,-18,-12,-18,1,1,1,411.43,359.32,411.43,359.32,16125,0,0,0,0,0,0,0
238,513,29623830,30634917,22137,7933,96,7955,0,-12,-18,-12,-18,1,1,1,411.43,359.32,411.43,359.32,15417,0,0,0,0,0,0,0
239,514,30452834,30385292,22073,7933,93,7955,0,-12,-18,-12,-18,1,1,1,411.43,359.32,411.43,359.32,15333,0,0,0,0,0,0,0
240,515,31477708,31511250,22161,7933,93,7955,0,-13,-18,-13,-18,1,1,1,365.71,336.6,365.71,336.6,14792,0,0,0,0,0,0,0
241,516,34244082,33116833,22073,7934,94,7956,0,-13,-18,-13,-18,1,1,1,365.71,336.6,365.71,336.6,15625,0,0,0,0,0,0,0
242,517,32878082,33960208,22137,7933,93,7955,0,-13,-18,-13,-18,1,1,1,365.71,336.6,365.71,336.6,17042,0,0,0,0,0,0,0
243,518,35820003,35771333,22073,7933,93,7955,0,-13,-18,-13,-18,1,1,1,365.71,336.6,365.71,336.6,16917,0,0,0,0,0,0,0
244,519,37635665,36484209,22125,7933,93,7955,0,-14,-18,-14,-18,1,1,1,320,311.82,320,311.82,17000,0,0,0,0,0,0,0
245,520,35523165,36534875,22225,7933,93,7955,0,-14,-18,-14,-18,1,1,1,320,311.82,320,311.82,17000,0,0,0,0,0,0,0
246,521,38015000,38124708,22073,7933,93,7955,0,-14,-18,-14,-18,1,1,1,320,311.82,320,311.82,16959,0,0,0,0,0,0,0
247,522,41183419,39186792,22637,7933,93,7955,0,-14,-18,-14,-18,1,1,1,320,311.82,320,311.82,17667,0,0,0,0,0,0,0
248,523,39123829,41009791,22353,7933,93,7955,0,-15,-18,-15,-18,1,1,1,274.29,285.43,274.29,285.43,20250,0,0,0,0,0,0,0
249,524,46203833,46115166,22161,7933,93,7955,0,-15,-18,-15,-18,1,1,1,274.29,285.43,274.29,285.43,46209,0,0,0,0,0,0,0
250,525,58967128,56965958,22125,7933,93,7955,0,-15,-18,-15,-18,1,1,1,274.29,285.43,274.29,285.43,55042,0,0,0,0,0,0,0
251,526,69849379,71662208,22137,7933,93,7955,0,-15,-18,-15,-18,1,1,1,274.29,285.43,274.29,285.43,73167,0,0,0,0,0,0,0
252,527,76556622,73771667,22161,7933,96,7955,0,-16,-18,-16,-18,1,1,1,228.57,258.09,228.57,258.09,59208,0,0,0,0,0,0,0
253,528,64197950,66934583,22189,7933,93,7955,0,-16,-18,-16,-18,1,1,1,228.57,258.09,228.57,258.09,68208,0,0,0,0,0,0,0
254,529,74432373,71963000,22073,7933,93,7955,0,-16,-18,-16,-18,1,1,1,228.57,258.09,228.57,258.09,65750,0,0,0,0,0,0,0
255,530,68425334,68874500,22225,7933,93,7955,0,-16,-18,-16,-18,1,1,1,228.57,258.09,228.57,258.09,67958,0,0,0,0,0,0,0
256,531,58652792,59139416,22905,7934,94,7956,0,-17,-18,-17,-18,1,1,1,182.86,230.19,182.86,230.19,83125,0,0,0,0,0,0,0
257,532,54361917,55792125,22137,7933,93,7955,0,-17,-18,-17,-18,1,1,1,182.86,230.19,182.86,230.19,125666,0,0,0,0,0,0,0
258,533,58581747,57375791,22161,7933,93,7955,0,-17,-18,-17,-18,1,1,1,182.86,230.19,182.86,230.19,82333,0,0,0,0,0,0,0
259,534,46294417,47651250,22137,7933,96,7955,0,-17,-18,-17,-18,1,1,1,182.86,230.19,182.86,230.19,51834,0,0,0,0,0,0,0
260,535,55269088,53434125,22125,7933,93,7955,0,-16,-18,-16,-18,1,1,1,228.57,258.09,228.57,258.09,71917,0,0,0,0,0,0,0
261,536,51788996,53540334,22225,7933,93,7955,0,-16,-18,-16,-18,1,1,1,228.57,258.09,228.57,258.09,45125,0,0,0,0,0,0,0
262,537,58025579,56222292,22073,7933,93,7955,0,-16,-18,-16,-18,1,1,1,228.57,258.09,228.57,258.09,57542,0,0,0,0,0,0,0
263,538,52369251,54020459,22137,7933,93,7955,0,-16,-18,-16,-18,1,1,1,228.57,258.09,228.57,258.09,50834,0,0,0,0,0,0,0
264,539,57132709,55665083,22213,7933,93,7955,0,-15,-18,-15,-18,1,1,1,274.29,285.43,274.29,285.43,83167,0,0,0,0,0,0,0
265,540,55847499,55619291,22701,7933,93,7955,0,-15,-18,-15,-18,1,1,1,274.29,285.43,274.29,285.43,61042,0,0,0,0,0,0,0
266,541,60258459,59426917,22289,7933,93,7955,0,-15,-18,-15,-18,1,1,1,274.29,285.43,274.29,285.43,52584,0,0,0,0,0,0,0
267,542,60746662,63255625,22225,7933,93,7955,0,-15,-18,-15,-18,1,1,1,274.29,285.43,274.29,285.43,114000,0,0,0,0,0,0,0
268,543,54772838,53218583,22125,7933,93,7955,0,-14,-18,-14,-18,1,1,1,320,311.82,320,311.82,55792,0,0,0,0,0,0,0
269,544,48738166,50260625,22137,7933,96,7955,0,-14,-18,-14,-18,1,1,1,320,311.82,320,311.82,26708,0,0,0,0,0,0,0
270,545,43375205,43493625,22161,7933,93,7955,0,-14,-18,-14,-18,1,1,1,320,311.82,320,311.82,21083,0,0,0,0,0,0,0
271,546,39347711,38086916,22073,7934,94,7956,0,-14,-18,-14,-18,1,1,1,320,311.82,320,311.82,19375,0,0,0,0,0,0,0
272,547,36255206,37255917,22137,7933,93,7955,0,-13,-18,-13,-18,1,1,1,365.71,336.6,365.71,336.6,18750,0,0,0,0,0,0,0
273,548,33724743,33863291,22125,7933,93,7955,0,-13,-18,-13,-18,1,1,1,365.71,336.6,365.71,336.6,17208,0,0,0,0,0,0,0
274,549,35096958,33999875,22161,7933,93,7955,0,-13,-18,-13,-18,1,1,1,365.71,336.6,365.71,336.6,16875,0,0,0,0,0,0,0
275,550,32746668,33875459,22137,7933,93,7955,0,-13,-18,-13,-18,1,1,1,365.71,336.6,365.71,336.6,16666,0,0,0,0,0,0,0
276,551,34846663,33750416,22637,7933,93,7955,0,-12,-18,-12,-18,1,1,1,411.43,359.32,411.43,359.32,16750,0,0,0,0,0,0,0
277,552,34097753,34098750,22289,7933,93,7955,0,-12,-18,-12,-18,1,1,1,411.43,359.32,411.43,359.32,17500,0,0,0,0,0,0,0
278,553,32213497,33230708,22137,7933,93,7955,0,-12,-18,-12,-18,1,1,1,411.43,359.32,411.43,359.32,17042,0,0,0,0,0,0,0
279,554,33561289,33577084,22213,7933,93,7955,0,-12,-18,-12,-18,1,1,1,411.43,359.32,411.43,359.32,17500,0,0,0,0,0,0,0
280,555,37295125,36228833,22073,7933,93,7955,0,-11,-18,-11,-18,1,1,1,457.14,380.06,457.14,380.06,17250,0,0,0,0,0,0,0
281,556,32547581,33569041,22137,7933,96,7955,0,-11,-18,-11,-18,1,1,1,457.14,380.06,457.14,380.06,17208,0,0,0,0,0,0,0
282,557,33413045,33427958,22073,7933,93,7955,0,-11,-18,-11,-18,1,1,1,457.14,380.06,457.14,380.06,16791,0,0,0,0,0,0,0
283,558,34934580,33794791,22073,7933,93,7955,0,-11,-18,-11,-18,1,1,1,457.14,380.06,457.14,380.06,16834,0,0,0,0,0,0,0
284,559,32519876,33629209,22225,7933,93,7955,0,-10,-18,-10,-18,1,1,1,502.86,399.44,502.86,399.44,17125,0,0,0,0,0,0,0
285,560,32798163,32784625,22125,7933,93,7955,0,-10,-18,-10,-18,1,1,1,502.86,399.44,502.86,399.44,16500,0,0,0,0,0,0,0
286,561,30556505,30563958,22073,7934,94,7956,0,-10,-18,-10,-18,1,1,1,502.86,399.44,502.86,399.44,15667,0,0,0,0,0,0,0
287,562,33544119,32352000,22073,7933,93,7955,0,-10,-18,-10,-18,1,1,1,502.86,399.44,502.86,399.44,16041,0,0,0,0,0,0,0
288,563,34447669,35507042,22137,7933,93,7955,0,-9,-18,-9,-18,1,1,1,548.57,418.39,548.57,418.39,18291,0,0,0,0,0,0,0
289,564,36073084,36118167,22161,7933,93,7955,0,-9,-18,-9,-18,1,1,1,548.57,418.39,548.57,418.39,17292,0,0,0,0,0,0,0
290,565,37752620,35785792,22637,7933,93,7955,0,-9,-18,-9,-18,1,1,1,548.57,418.39,548.57,418.39,18083,0,0,0,0,0,0,0
291,566,32995294,34927791,22405,7933,93,7955,0,-9,-18,-9,-18,1,1,1,548.57,418.39,548.57,418.39,18625,0,0,0,0,0,0,0
292,567,35152748,35145500,22073,7933,93,7955,0,-8,-18,-8,-18,1,1,1,594.29,422.77,594.29,422.77,16709,0,0,0,0,0,0,0
293,568,39430372,38100500,22073,7933,93,7955,0,-8,-18,-8,-18,1,1,1,594.29,422.77,594.29,422.77,18917,0,0,0,0,0,0,0
294,569,47575708,48769416,22225,7933,93,7955,0,-8,-18,-8,-18,1,1,1,594.29,422.77,594.29,422.77,26667,0,0,0,0,0,0,0
295,570,54545670,52584917,22073,7933,96,7955,0,-8,-18,-8,-18,1,1,1,594.29,422.77,594.29,422.77,26500,0,0,0,0,0,0,0
296,571,61761833,63502833,22189,7933,93,7955,0,-6,-18,-6,-18,1,1,1,685.71,416.09,685.71,416.09,33666,0,0,0,0,0,0,0
297,572,67154042,65691791,22161,7933,93,7955,0,-6,-18,-6,-18,1,1,1,685.71,416.09,685.71,416.09,38959,0,0,0,0,0,0,0
298,573,65716497,67187125,22137,7933,93,7955,0,-6,-18,-6,-18,1,1,1,685.71,416.09,685.71,416.09,33125,0,0,0,0,0,0,0
299,574,72624631,70317375,22073,7933,93,7955,0,-6,-18,-6,-18,1,1,1,685.71,416.09,685.71,416.09,34875,0,0,0,0,0,0,0
300,575,65757662,65886458,22841,7933,93,7955,0,-5,-18,-5,-18,1,1,1,731.43,431,731.43,431,42584,0,0,0,0,0,0,0
301,576,69839835,69860458,22289,7934,94,7956,0,-5,-18,-5,-18,1,1,1,731.43,431,731.43,431,34375,0,0,0,0,0,0,0
302,577,73732875,75433167,22137,7933,93,7955,0,-5,-18,-5,-18,1,1,1,731.43,431,731.43,431,36500,0,0,0,0,0,0,0
303,578,70703878,68970916,22213,7933,96,7955,0,-5,-18,-5,-18,1,1,1,731.43,431,731.43,431,34541,0,0,0,0,0,0,0
304,579,67655913,69602834,27617,7933,93,7955,0,-4,-18,-4,-18,1,1,1,777.14,453.14,777.14,453.14,593583,0,552709,546375,0,0,0,0
305,580,72081744,70019834,22073,7933,93,7955,0,-4,-18,-4,-18,1,1,1,777.14,453.14,777.14,453.14,32917,0,0,0,0,0,0,0
306,581,65952964,68033375,22277,7933,93,7955,0,-4,-18,-4,-18,1,1,1,777.14,453.14,777.14,453.14,33125,0,0,0,0,0,0,0
307,582,72693414,68731000,22637,7933,93,7955,0,-4,-18,-4,-18,1,1,1,777.14,453.14,777.14,453.14,35792,0,0,0,0,0,0,0
308,583,64031451,67823000,22353,7933,93,7955,0,-3,-18,-3,-18,1,1,1,822.86,475.99,822.86,475.99,36958,0,0,0,0,0,0,0
309,584,61898794,60452417,22213,7933,93,7955,0,-3,-18,-3,-18,1,1,1,822.86,475.99,822.86,475.99,32834,0,0,0,0,0,0,0
310,585,62964409,64575542,22137,7933,93,7955,0,-3,-18,-3,-18,1,1,1,822.86,475.99,822.86,475.99,26833,0,0,0,0,0,0,0
311,586,57577628,55925084,22073,7933,96,7955,0,-3,-18,-3,-18,1,1,1,822.86,475.99,822.86,475.99,24875,0,0,0,0,0,0,0
312,587,60143128,61543625,22225,7933,93,7955,0,-2,-18,-2,-18,1,1,1,868.57,498.85,868.57,498.85,23791,0,0,0,0,0,0,0
313,588,61729997,59981167,22125,7933,93,7955,0,-2,-18,-2,-18,1,1,1,868.57,498.85,868.57,498.85,28667,0,0,0,0,0,0,0
314,589,59814121,61682833,22137,7933,93,7955,0,-2,-18,-2,-18,1,1,1,868.57,498.85,868.57,498.85,24708,0,0,0,0,0,0,0
315,590,59798248,56897958,22725,7933,93,7955,0,-2,-18,-2,-18,1,1,1,868.57,498.85,868.57,498.85,26375,0,0,0,0,0,0,0
316,591,50017297,52937417,22353,7934,94,7956,0,-1,-18,-1,-18,1,1,1,914.29,521.71,914.29,521.71,22208,0,0,0,0,0,0,0
317,592,52379745,51010833,22125,7933,93,7955,0,-1,-18,-1,-18,1,1,1,914.29,521.71,914.29,521.71,22250,0,0,0,0,0,0,0
318,593,46518545,47942333,22225,7933,93,7955,0,-1,-18,-1,-18,1,1,1,914.29,521.71,914.29,521.71,20333,0,0,0,0,0,0,0
319,594,39745040,39756167,22073,7933,96,7955,0,-1,-18,-1,-18,1,1,1,914.29,521.71,914.29,521.71,19625,0,0,0,0,0,0,0
320,595,37980627,36904417,22073,7933,93,7955,0,0,-18,0,-18,1,1,1,960,544.56,960,544.56,16500,0,0,0,0,0,0,0
321,596,33035416,34024542,22137,7933,93,7955,0,0,-18,0,-18,1,1,1,960,544.56,960,544.56,14417,0,0,0,0,0,0,0
322,597,34042958,34108292,22213,7933,93,7955,0,0,-18,0,-18,1,1,1,960,544.56,960,544.56,14958,0,0,0,0,0,0,0
323,598,35120919,34002291,22073,7933,93,7955,0,0,-18,0,-18,1,1,1,960,544.56,960,544.56,15542,0,0,0,0,0,0,0
324,599,33064328,34145000,22137,7933,93,7955,0,1,-18,1,-18,1,1,1,1005.71,567.42,1005.71,567.42,14500,0,0,0,0,0,0,0
325,600,34046582,34036167,22073,7933,93,7955,0,1,-18,1,-18,1,1,1,1005.71,567.42,1005.71,567.42,15375,0,0,0,0,0,0,0
326,601,34850589,33715917,22073,7933,93,7955,0,1,-18,1,-18,1,1,1,1005.71,567.42,1005.71,567.42,14541,0,0,0,0,0,0,0
327,602,32442163,33543541,22225,7933,93,7955,0,1,-18,1,-18,1,1,1,1005.71,567.42,1005.71,567.42,14708,0,0,0,0,0,0,0
328,603,34588959,33494833,22689,7933,93,7955,0,2,-18,2,-18,1,1,1,1051.43,590.28,1051.43,590.28,14542,0,0,0,0,0,0,0
329,604,33744998,33728750,22289,7933,93,7955,0,2,-18,2,-18,1,1,1,1051.43,590.28,1051.43,590.28,14667,0,0,0,0,0,0,0
330,605,30668416,31760208,22137,7933,93,7955,0,2,-18,2,-18,1,1,1,1051.43,590.28,1051.43,590.28,14209,0,0,0,0,0,0,0
331,606,32588832,32496708,22073,7934,94,7956,0,2,-18,2,-18,1,1,1,1051.43,590.28,1051.43,590.28,13084,0,0,0,0,0,0,0
332,607,40332417,39326208,22161,7933,93,7955,0,3,-18,3,-18,1,1,1,1097.14,613.14,1097.14,613.14,18208,0,0,0,0,0,0,0
333,608,34640002,35516375,22137,7933,96,7955,0,3,-18,3,-18,1,1,1,1097.14,613.14,1097.14,613.14,13417,0,0,0,0,0,0,0
334,609,38134664,38282542,22125,7933,93,7955,0,3,-18,3,-18,1,1,1,1097.14,613.14,1097.14,613.14,14375,0,0,0,0,0,0,0
335,610,37205960,36000584,22073,7933,93,7955,0,3,-18,3,-18,1,1,1,1097.14,613.14,1097.14,613.14,14500,0,0,0,0,0,0,0
336,611,38306411,39353833,22225,7933,93,7955,0,4,-18,4,-18,1,1,1,1142.86,635.99,1142.86,635.99,14708,0,0,0,0,0,0,0
337,612,38331504,38358708,22073,7933,93,7955,0,4,-18,4,-18,1,1,1,1142.86,635.99,1142.86,635.99,17667,0,0,0,0,0,0,0
338,613,41076119,39509208,22073,7933,93,7955,0,4,-18,4,-18,1,1,1,1142.86,635.99,1142.86,635.99,17083,0,0,0,0,0,0,0
339,614,46436544,47721416,22137,7933,93,7955,0,4,-18,4,-18,1,1,1,1142.86,635.99,1142.86,635.99,24916,0,0,0,0,0,0,0
340,615,65842084,62204834,33049,7933,93,7955,0,5,-18,5,-18,1,1,1,1188.57,662.98,1188.57,662.98,498959,0,469959,464875,0,0,0,0
341,616,63433580,67077416,22353,7933,93,7955,0,5,-18,5,-18,1,1,1,1188.57,662.98,1188.57,662.98,29333,0,0,0,0,0,0,0
342,617,72700917,70286459,22073,7933,93,7955,0,5,-18,5,-18,1,1,1,1188.57,662.98,1188.57,662.98,29041,0,0,0,0,0,0,0
343,618,79527914,81910208,22225,7933,93,7955,0,5,-18,5,-18,1,1,1,1188.57,662.98,1188.57,662.98,21125,0,0,0,0,0,0,0
344,619,71371421,69014375,22125,7933,96,7955,0,6,-18,6,-18,1,1,1,1234.29,696.59,1234.29,696.59,29625,0,0,0,0,0,0,0
345,620,63335418,65651667,22225,7933,93,7955,0,6,-18,6,-18,1,1,1,1234.29,696.59,1234.29,696.59,30000,0,0,0,0,0,0,0
346,621,57732913,55735167,22073,7934,94,7956,0,6,-18,6,-18,1,1,1,1234.29,696.59,1234.29,696.59,23250,0,0,0,0,0,0,0
347,622,54088540,55985583,22137,7933,93,7955,0,6,-18,6,-18,1,1,1,1234.29,696.59,1234.29,696.59,42042,0,0,0,0,0,0,0
348,623,56807335,53949417,22777,7933,93,7955,0,7,-18,7,-18,1,1,1,1280,736.66,1280,736.66,24334,0,0,0,0,0,0,0
349,624,48521790,51509000,22353,7933,93,7955,0,7,-18,7,-18,1,1,1,1280,736.66,1280,736.66,21708,0,0,0,0,0,0,0
350,625,56925289,55253709,22073,7933,93,7955,0,7,-18,7,-18,1,1,1,1280,736.66,1280,736.66,21292,0,0,0,0,0,0,0
351,626,56268706,57856167,22225,7933,93,7955,0,7,-18,7,-18,1,1,1,1280,736.66,1280,736.66,25333,0,0,0,0,0,0,0
352,627,56624546,54885125,22125,7933,96,7955,0,8,-18,8,-18,1,1,1,1325.71,772.98,1325.71,772.98,24208,0,0,0,0,0,0,0
353,628,53231455,54730125,22137,7933,93,7955,0,8,-18,8,-18,1,1,1,1325.71,772.98,1325.71,772.98,24167,0,0,0,0,0,0,0
354,629,60265667,58103000,22161,7933,93,7955,0,8,-18,8,-18,1,1,1,1325.71,772.98,1325.71,772.98,28375,0,0,0,0,0,0,0
355,630,57928040,59961375,22137,7933,93,7955,0,8,-18,8,-18,1,1,1,1325.71,772.98,1325.71,772.98,30833,0,0,0,0,0,0,0
356,631,53844209,52518042,22125,7933,93,7955,0,9,-18,9,-18,1,1,1,1371.43,801.36,1371.43,801.36,25334,0,0,0,0,0,0,0
357,632,48957247,49250166,22789,7933,93,7955,0,9,-18,9,-18,1,1,1,1371.43,801.36,1371.43,801.36,24792,0,0,0,0,0,0,0
358,633,41256498,42580417,22289,7933,93,7955,0,9,-18,9,-18,1,1,1,1371.43,801.36,1371.43,801.36,20542,0,0,0,0,0,0,0
359,634,39839874,38659042,22073,7933,93,7955,0,9,-18,9,-18,1,1,1,1371.43,801.36,1371.43,801.36,18750,0,0,0,0,0,0,0
360,635,36655209,37762666,22137,7933,93,7955,0,10,-18,10,-18,1,1,1,1417.14,823.72,1417.14,823.72,18875,0,0,0,0,0,0,0
361,636,36465626,36550042,22213,7934,94,7956,0,10,-18,10,-18,1,1,1,1417.14,823.72,1417.14,823.72,18667,0,0,0,0,0,0,0
362,637,35262081,34109667,22073,7933,96,7955,0,10,-18,10,-18,1,1,1,1417.14,823.72,1417.14,823.72,17042,0,0,0,0,0,0,0
363,638,33094789,34207667,22137,7933,93,7955,0,10,-18,10,-18,1,1,1,1417.14,823.72,1417.14,823.72,16584,0,0,0,0,0,0,0
364,639,33555626,33516917,22073,7933,93,7955,0,11,-18,11,-18,1,1,1,1462.86,845.83,1462.86,845.83,17083,0,0,0,0,0,0,0
365,640,34814625,33663875,22073,7933,93,7955,0,11,-18,11,-18,1,1,1,1462.86,845.83,1462.86,845.83,18042,0,0,0,0,0,0,0
366,641,32106164,33207625,22225,7933,93,7955,0,11,-18,11,-18,1,1,1,1462.86,845.83,1462.86,845.83,16959,0,0,0,0,0,0,0
367,642,33504087,33542084,22125,7933,93,7955,0,11,-18,11,-18,1,1,1,1462.86,845.83,1462.86,845.83,16833,0,0,0,0,0,0,0
368,643,34724913,33574167,22073,7933,93,7955,0,12,-18,12,-18,1,1,1,1508.57,868.27,1508.57,868.27,16708,0,0,0,0,0,0,0
369,644,32282121,33390458,22137,7933,93,7955,0,12,-18,12,-18,1,1,1,1508.57,868.27,1508.57,868.27,16750,0,0,0,0,0,0,0
370,645,33100128,33042083,22073,7933,93,7955,0,12,-18,12,-18,1,1,1,1508.57,868.27,1508.57,868.27,17208,0,0,0,0,0,0,0
371,646,32515376,31460250,22725,7933,93,7955,0,12,-18,12,-18,1,1,1,1508.57,868.27,1508.57,868.27,15417,0,0,0,0,0,0,0
372,647,30519161,30584792,22289,7933,93,7955,0,13,-18,13,-18,1,1,1,1554.29,892.25,1554.29,892.25,15167,0,0,0,0,0,0,0
373,648,29635628,30642459,22137,7933,93,7955,0,13,-18,13,-18,1,1,1,1554.29,892.25,1554.29,892.25,15166,0,0,0,0,0,0,0
374,649,30396167,30368083,22125,7933,93,7955,0,13,-18,13,-18,1,1,1,1554.29,892.25,1554.29,892.25,15042,0,0,0,0,0,0,0
375,650,33036749,32969292,22073,7933,93,7955,0,13,-18,13,-18,1,1,1,1554.29,892.25,1554.29,892.25,16250,0,0,0,0,0,0,0
376,651,41241794,40010750,22161,7934,94,7956,0,14,-18,14,-18,1,1,1,1600,918.02,1600,918.02,18917,0,0,0,0,0,0,0
377,652,35043999,36271541,22137,7933,96,7955,0,14,-18,14,-18,1,1,1,1600,918.02,1600,918.02,16250,0,0,0,0,0,0,0
378,653,36331042,36088459,22073,7933,93,7955,0,14,-18,14,-18,1,1,1,1600,918.02,1600,918.02,16791,0,0,0,0,0,0,0
379,654,39420578,38459667,22073,7933,93,7955,0,14,-18,14,-18,1,1,1,1600,918.02,1600,918.02,17166,0,0,0,0,0,0,0
380,655,34862831,35984541,22277,7933,93,7955,0,15,-18,15,-18,1,1,1,1645.71,944.98,1645.71,944.98,18250,0,0,0,0,0,0,0
381,656,36768041,36769917,22073,7933,93,7955,0,15,-18,15,-18,1,1,1,1645.71,944.98,1645.71,944.98,16125,0,0,0,0,0,0,0
382,657,41607793,40070875,22073,7933,93,7955,0,15,-18,15,-18,1,1,1,1645.71,944.98,1645.71,944.98,16750,0,0,0,0,0,0,0
383,658,46113625,47442792,22137,7933,93,7955,0,15,-18,15,-18,1,1,1,1645.71,944.98,1645.71,944.98,20625,0,0,0,0,0,0,0
384,659,64911328,61211959,22725,7933,93,7955,0,16,-18,16,-18,1,1,1,1691.43,972.01,1691.43,972.01,25834,0,0,0,0,0,0,0
385,660,66152878,69517292,22405,7933,93,7955,0,16,-18,16,-18,1,1,1,1691.43,972.01,1691.43,972.01,32416,0,0,0,0,0,0,0
386,661,69267749,66959584,22073,7933,93,7955,0,16,-18,16,-18,1,1,1,1691.43,972.01,1691.43,972.01,22166,0,0,0,0,0,0,0
387,662,77531956,80001333,22225,7933,93,7955,0,16,-18,16,-18,1,1,1,1691.43,972.01,1691.43,972.01,33916,0,0,0,0,0,0,0
388,663,69306083,67297375,22125,7933,96,7955,0,15,-18,15,-18,1,1,1,1645.71,944.98,1645.71,944.98,32750,0,0,0,0,0,0,0
389,664,66276706,68151916,22137,7933,93,7955,0,15,-18,15,-18,1,1,1,1645.71,944.98,1645.71,944.98,36042,0,0,0,0,0,0,0
390,665,60580831,58774167,22161,7933,93,7955,0,15,-18,15,-18,1,1,1,1645.71,944.98,1645.71,944.98,34375,0,0,0,0,0,0,0
391,666,52766587,54739958,22137,7934,94,7956,0,15,-18,15,-18,1,1,1,1645.71,944.98,1645.71,944.98,26459,0,0,0,0,0,0,0
392,667,50265703,47438834,22689,7933,93,7955,0,14,-18,14,-18,1,1,1,1600,918.02,1600,918.02,21833,0,0,0,0,0,0,0
393,668,44230043,46892292,22441,7933,93,7955,0,14,-18,14,-18,1,1,1,1600,918.02,1600,918.02,21416,0,0,0,0,0,0,0
394,669,47222670,47175708,22073,7933,93,7955,0,14,-18,14,-18,1,1,1,1600,918.02,1600,918.02,22417,0,0,0,0,0,0,0
395,670,54060623,52207250,22073,7933,93,7955,0,14,-18,14,-18,1,1,1,1600,918.02,1600,918.02,24084,0,0,0,0,0,0,0
396,671,58650624,60389583,22137,7933,93,7955,0,13,-18,13,-18,1,1,1,1554.29,892.25,1554.29,892.25,27709,0,0,0,0,0,0,0
397,672,58335460,56556125,22213,7933,96,7955,0,13,-18,13,-18,1,1,1,1554.29,892.25,1554.29,892.25,27583,0,0,0,0,0,0,0
398,673,63411250,65198667,22137,7933,93,7955,0,13,-18,13,-18,1,1,1,1554.29,892.25,1554.29,892.25,32833,0,0,0,0,0,0,0
399,674,58944869,57273000,22073,7933,93,7955,0,13,-18,13,-18,1,1,1,1554.29,892.25,1554.29,892.25,26667,0,0,0,0,0,0,0
400,675,55223044,56660917,22225,7933,93,7955,0,12,-18,12,-18,1,1,1,1508.57,868.27,1508.57,868.27,26666,0,0,0,0,0,0,0
401,676,57947624,54928916,22689,7933,93,7955,0,12,-18,12,-18,1,1,1,1508.57,868.27,1508.57,868.27,27083,0,0,0,0,0,0,0
402,677,53319662,56505250,22353,7933,93,7955,0,12,-18,12,-18,1,1,1,1508.57,868.27,1508.57,868.27,26583,0,0,0,0,0,0,0
403,678,57926461,56057167,22161,7933,93,7955,0,12,-18,12,-18,1,1,1,1508.57,868.27,1508.57,868.27,27292,0,0,0,0,0,0,0
404,679,65497003,67223875,22137,7933,93,7955,0,11,-18,11,-18,1,1,1,1462.86,845.83,1462.86,845.83,29459,0,0,0,0,0,0,0
405,680,68831622,67157542,22125,7933,96,7955,0,11,-18,11,-18,1,1,1,1462.86,845.83,1462.86,845.83,24334,0,0,0,0,0,0,0
406,681,53107913,54852458,22225,7934,94,7956,0,11,-18,11,-18,1,1,1,1462.86,845.83,1462.86,845.83,27083,0,0,0,0,0,0,0
407,682,52825912,51508667,22073,7933,93,7955,0,11,-18,11,-18,1,1,1,1462.86,845.83,1462.86,845.83,26250,0,0,0,0,0,0,0
408,683,45045670,46300417,22137,7933,93,7955,0,10,-18,10,-18,1,1,1,1417.14,823.72,1417.14,823.72,23416,0,0,0,0,0,0,0
409,684,41984666,42099709,22213,7933,93,7955,0,10,-18,10,-18,1,1,1,1417.14,823.72,1417.14,823.72,22042,0,0,0,0,0,0,0
410,685,39230540,38019791,22073,7933,93,7955,0,10,-18,10,-18,1,1,1,1417.14,823.72,1417.14,823.72,19292,0,0,0,0,0,0,0
411,686,35593502,35677667,22701,7933,93,7955,0,10,-18,10,-18,1,1,1,1417.14,823.72,1417.14,823.72,19292,0,0,0,0,0,0,0
412,687,32503373,33618000,22289,7933,93,7955,0,9,-18,9,-18,1,1,1,1371.43,801.36,1371.43,801.36,15792,0,0,0,0,0,0,0
413,688,35181712,33982542,22073,7933,93,7955,0,9,-18,9,-18,1,1,1,1371.43,801.36,1371.43,801.36,15916,0,0,0,0,0,0,0
414,689,32632913,33801333,22225,7933,93,7955,0,9,-18,9,-18,1,1,1,1371.43,801.36,1371.43,801.36,16333,0,0,0,0,0,0,0
415,690,36508452,36497208,22125,7933,93,7955,0,9,-18,9,-18,1,1,1,1371.43,801.36,1371.43,801.36,16000,0,0,0,0,0,0,0
416,691,35543587,34445958,22073,7933,96,7955,0,8,-18,8,-18,1,1,1,1325.71,772.98,1325.71,772.98,15750,0,0,0,0,0,0,0
417,692,32993666,34067833,22137,7933,93,7955,0,8,-18,8,-18,1,1,1,1325.71,772.98,1325.71,772.98,15500,0,0,0,0,0,0,0
418,693,34182462,34135167,22073,7933,93,7955,0,8,-18,8,-18,1,1,1,1325.71,772.98,1325.71,772.98,15291,0,0,0,0,0,0,0
419,694,35170875,34048292,22161,7933,93,7955,0,8,-18,8,-18,1,1,1,1325.71,772.98,1325.71,772.98,16750,0,0,0,0,0,0,0
420,695,33094998,34227166,22137,7933,93,7955,0,7,-18,7,-18,1,1,1,1280,736.66,1280,736.66,15875,0,0,0,0,0,0,0
421,696,34768998,34743083,22125,7934,94,7956,0,7,-18,7,-18,1,1,1,1280,736.66,1280,736.66,16042,0,0,0,0,0,0,0
422,697,36155957,35060250,22073,7933,93,7955,0,7,-18,7,-18,1,1,1,1280,736.66,1280,736.66,16417,0,0,0,0,0,0,0
423,698,35680875,36516875,22137,7933,93,7955,0,7,-18,7,-18,1,1,1,1280,736.66,1280,736.66,16125,0,0,0,0,0,0,0
424,699,36693997,36741542,22161,7933,93,7955,0,6,-18,6,-18,1,1,1,1234.29,696.59,1234.29,696.59,16125,0,0,0,0,0,0,0
425,700,38862381,37013834,22637,7933,93,7955,0,6,-18,6,-18,1,1,1,1234.29,696.59,1234.29,696.59,14709,0,0,0,0,0,0,0
426,701,35266410,37227208,22353,7933,93,7955,0,6,-18,6,-18,1,1,1,1234.29,696.59,1234.29,696.59,15417,0,0,0,0,0,0,0
427,702,38819756,38726292,22125,7933,93,7955,0,6,-18,6,-18,1,1,1,1234.29,696.59,1234.29,696.59,15375,0,0,0,0,0,0,0
428,703,47563329,45546542,22073,7933,93,7955,0,5,-18,5,-18,1,1,1,1188.57,662.98,1188.57,662.98,19792,0,0,0,0,0,0,0
429,704,65360039,67189333,22225,7933,93,7955,0,5,-18,5,-18,1,1,1,1188.57,662.98,1188.57,662.98,24375,0,0,0,0,0,0,0
430,705,70786915,68700000,22073,7933,96,7955,0,5,-18,5,-18,1,1,1,1188.57,662.98,1188.57,662.98,30125,0,0,0,0,0,0,0
431,706,84472410,86277875,22189,7933,93,7955,0,5,-18,5,-18,1,1,1,1188.57,662.98,1188.57,662.98,20000,0,0,0,0,0,0,0
432,707,69004088,67079166,27641,7933,93,7955,0,4,-18,4,-18,1,1,1,1142.86,635.99,1142.86,635.99,447667,0,417208,396333,0,0,0,0
433,708,72830952,72919625,22137,7933,93,7955,0,4,-18,4,-18,1,1,1,1142.86,635.99,1142.86,635.99,28208,0,0,0,0,0,0,0
434,709,68545468,68506333,22905,7933,93,7955,0,4,-18,4,-18,1,1,1,1142.86,635.99,1142.86,635.99,31958,0,0,0,0,0,0,0
435,710,57633999,59568333,22225,7933,93,7955,0,4,-18,4,-18,1,1,1,1142.86,635.99,1142.86,635.99,27958,0,0,0,0,0,0,0
436,711,60162995,58284750,22073,7934,94,7956,0,3,-18,3,-18,1,1,1,1097.14,613.14,1097.14,613.14,22667,0,0,0,0,0,0,0
437,712,52869167,54637541,22137,7933,96,7955,0,3,-18,3,-18,1,1,1,1097.14,613.14,1097.14,613.14,22917,0,0,0,0,0,0,0
438,713,49305789,48237416,22213,7933,93,7955,0,3,-18,3,-18,1,1,1,1097.14,613.14,1097.14,613.14,19417,0,0,0,0,0,0,0
439,714,47605086,48829750,22137,7933,93,7955,0,3,-18,3,-18,1,1,1,1097.14,613.14,1097.14,613.14,18500,0,0,0,0,0,0,0
440,715,55210623,53449167,22073,7933,93,7955,0,2,-18,2,-18,1,1,1,1051.43,590.28,1051.43,590.28,21959,0,0,0,0,0,0,0
441,716,53933128,55673000,22225,7933,93,7955,0,2,-18,2,-18,1,1,1,1051.43,590.28,1051.43,590.28,22667,0,0,0,0,0,0,0
442,717,58184418,54820750,22689,7933,93,7955,0,2,-18,2,-18,1,1,1,1051.43,590.28,1051.43,590.28,21750,0,0,0,0,0,0,0
443,718,53212158,56457708,22353,7933,93,7955,0,2,-18,2,-18,1,1,1,1051.43,590.28,1051.43,590.28,22916,0,0,0,0,0,0,0
444,719,56735340,55052000,22161,7933,93,7955,0,1,-18,1,-18,1,1,1,1005.71,567.42,1005.71,567.42,21625,0,0,0,0,0,0,0
445,720,70949077,72575041,22137,7933,93,7955,0,1,-18,1,-18,1,1,1,1005.71,567.42,1005.71,567.42,34167,0,0,0,0,0,0,0
446,721,70934675,68892458,22125,7933,96,7955,0,1,-18,1,-18,1,1,1,1005.71,567.42,1005.71,567.42,31458,0,0,0,0,0,0,0
447,722,54400291,56375209,22225,7933,93,7955,0,1,-18,1,-18,1,1,1,1005.71,567.42,1005.71,567.42,26709,0,0,0,0,0,0,0
448,723,57387039,55876000,22073,7933,93,7955,0,0,-18,0,-18,1,1,1,960,544.56,960,544.56,23125,0,0,0,0,0,0,0
449,724,54445877,55935625,22137,7933,93,7955,0,0,-18,0,-18,1,1,1,960,544.56,960,544.56,25917,0,0,0,0,0,0,0
450,725,55580627,53965542,22213,7933,93,7955,0,0,-18,0,-18,1,1,1,960,544.56,960,544.56,23250,0,0,0,0,0,0,0
451,726,50542708,50815875,22701,7934,94,7956,0,0,-18,0,-18,1,1,1,960,544.56,960,544.56,22750,0,0,0,0,0,0,0
452,727,42657248,44002667,22289,7933,93,7955,0,-1,-18,-1,-18,1,1,1,914.29,521.71,914.29,521.71,19083,0,0,0,0,0,0,0
453,728,43423831,42275917,22073,7933,93,7955,0,-1,-18,-1,-18,1,1,1,914.29,521.71,914.29,521.71,18209,0,0,0,0,0,0,0
454,729,40510416,41743167,22225,7933,93,7955,0,-1,-18,-1,-18,1,1,1,914.29,521.71,914.29,521.71,18125,0,0,0,0,0,0,0
455,730,36164540,36145958,22125,7933,96,7955,0,-1,-18,-1,-18,1,1,1,914.29,521.71,914.29,521.71,16375,0,0,0,0,0,0,0
456,731,35102084,34018459,22073,7933,93,7955,0,-2,-18,-2,-18,1,1,1,868.57,498.85,868.57,498.85,15125,0,0,0,0,0,0,0
457,732,32802004,33849541,22137,7933,93,7955,0,-2,-18,-2,-18,1,1,1,868.57,498.85,868.57,498.85,18041,0,0,0,0,0,0,0
458,733,34210871,34180917,22073,7933,93,7955,0,-2,-18,-2,-18,1,1,1,868.57,498.85,868.57,498.85,15041,0,0,0,0,0,0,0
459,734,35160083,34107750,22161,7933,93,7955,0,-2,-18,-2,-18,1,1,1,868.57,498.85,868.57,498.85,15417,0,0,0,0,0,0,0
460,735,32585460,33656625,22137,7933,93,7955,0,-3,-18,-3,-18,1,1,1,822.86,475.99,822.86,475.99,15875,0,0,0,0,0,0,0
461,736,33744961,33723250,22125,7933,93,7955,0,-3,-18,-3,-18,1,1,1,822.86,475.99,822.86,475.99,15708,0,0,0,0,0,0,0
462,737,34866742,33743209,22073,7933,93,7955,0,-3,-18,-3,-18,1,1,1,822.86,475.99,822.86,475.99,18291,0,0,0,0,0,0,0
463,738,32812669,33844583,22137,7933,93,7955,0,-3,-18,-3,-18,1,1,1,822.86,475.99,822.86,475.99,15542,0,0,0,0,0,0,0
464,739,35128209,35132583,22161,7933,93,7955,0,-4,-18,-4,-18,1,1,1,777.14,453.14,777.14,453.14,16625,0,0,0,0,0,0,0
465,740,36477793,34603375,22637,7933,93,7955,0,-4,-18,-4,-18,1,1,1,777.14,453.14,777.14,453.14,16375,0,0,0,0,0,0,0
466,741,34747287,36638000,22353,7934,94,7956,0,-4,-18,-4,-18,1,1,1,777.14,453.14,777.14,453.14,15917,0,0,0,0,0,0,0
467,742,36854755,36796209,22125,7933,93,7955,0,-4,-18,-4,-18,1,1,1,777.14,453.14,777.14,453.14,16458,0,0,0,0,0,0,0
468,743,41804790,40650083,32345,7933,93,7955,0,-5,-18,-5,-18,1,1,1,731.43,431,731.43,431,336500,0,314292,310875,0,0,0,0
469,744,39682913,40818250,22225,7933,93,7955,0,-5,-18,-5,-18,1,1,1,731.43,431,731.43,431,18041,0,0,0,0,0,0,0
470,745,40301751,40230125,22073,7933,96,7955,0,-5,-18,-5,-18,1,1,1,731.43,431,731.43,431,17375,0,0,0,0,0,0,0
471,746,41632249,40258833,22073,7933,93,7955,0,-5,-18,-5,-18,1,1,1,731.43,431,731.43,431,19000,0,0,0,0,0,0,0
472,747,48304207,49532083,22137,7933,93,7955,0,-6,-18,-6,-18,1,1,1,685.71,416.09,685.71,416.09,22709,0,0,0,0,0,0,0
473,748,66027708,64127625,22213,7933,93,7955,0,-6,-18,-6,-18,1,1,1,685.71,416.09,685.71,416.09,26667,0,0,0,0,0,0,0
474,749,69462254,71146375,22137,7933,93,7955,0,-6,-18,-6,-18,1,1,1,685.71,416.09,685.71,416.09,33625,0,0,0,0,0,0,0
475,750,94082288,90349542,22637,7933,93,7955,0,-6,-18,-6,-18,1,1,1,685.71,416.09,685.71,416.09,24292,0,0,0,0,0,0,0
476,751,65160661,68874292,22493,7933,93,7955,0,-8,-18,-8,-18,1,1,1,594.29,422.77,594.29,422.77,24875,0,0,0,0,0,0,0
477,752,75873792,73560667,22073,7933,93,7955,0,-8,-18,-8,-18,1,1,1,594.29,422.77,594.29,422.77,34208,0,0,0,0,0,0,0
478,753,61000455,63370750,22137,7933,96,7955,0,-8,-18,-8,-18,1,1,1,594.29,422.77,594.29,422.77,33291,0,0,0,0,0,0,0
479,754,58563463,56652375,22213,7933,93,7955,0,-8,-18,-8,-18,1,1,1,594.29,422.77,594.29,422.77,26500,0,0,0,0,0,0,0
480,755,46933412,48760291,22137,7933,93,7955,0,-9,-18,-9,-18,1,1,1,548.57,418.39,548.57,418.39,29500,0,0,0,0,0,0,0
481,756,47750793,47840500,22073,7934,94,7956,0,-9,-18,-9,-18,1,1,1,548.57,418.39,548.57,418.39,23000,0,0,0,0,0,0,0
482,757,47818288,46553042,22161,7933,93,7955,0,-9,-18,-9,-18,1,1,1,548.57,418.39,548.57,418.39,23375,0,0,0,0,0,0,0
483,758,50201255,49800083,22137,7933,93,7955,0,-9,-18,-9,-18,1,1,1,548.57,418.39,548.57,418.39,23042,0,0,0,0,0,0,0
484,759,56632786,56170083,22905,7933,93,7955,0,-10,-18,-10,-18,1,1,1,502.86,399.44,502.86,399.44,26750,0,0,0,0,0,0,0
485,760,53672667,55503875,22225,7933,93,7955,0,-10,-18,-10,-18,1,1,1,502.86,399.44,502.86,399.44,26792,0,0,0,0,0,0,0
486,761,71787208,69826666,22073,7933,93,7955,0,-10,-18,-10,-18,1,1,1,502.86,399.44,502.86,399.44,34542,0,0,0,0,0,0,0
487,762,67126750,69010625,22137,7933,96,7955,0,-10,-18,-10,-18,1,1,1,502.86,399.44,502.86,399.44,33625,0,0,0,0,0,0,0
488,763,71273416,69013417,22213,7933,93,7955,0,-11,-18,-11,-18,1,1,1,457.14,380.06,457.14,380.06,33167,0,0,0,0,0,0,0
489,764,60582660,62976708,22137,7933,93,7955,0,-11,-18,-11,-18,1,1,1,457.14,380.06,457.14,380.06,33625,0,0,0,0,0,0,0
490,765,53315293,51670167,22073,7933,93,7955,0,-11,-18,-11,-18,1,1,1,457.14,380.06,457.14,380.06,26833,0,0,0,0,0,0,0
491,766,45179501,46907291,22225,7933,93,7955,0,-11,-18,-11,-18,1,1,1,457.14,380.06,457.14,380.06,26709,0,0,0,0,0,0,0
492,767,43023958,41778208,22689,7933,93,7955,0,-12,-18,-12,-18,1,1,1,411.43,359.32,411.43,359.32,22042,0,0,0,0,0,0,0
493,768,38229253,38199042,22289,7933,93,7955,0,-12,-18,-12,-18,1,1,1,411.43,359.32,411.43,359.32,18875,0,0,0,0,0,0,0
494,769,34276418,35469667,22137,7933,93,7955,0,-12,-18,-12,-18,1,1,1,411.43,359.32,411.43,359.32,18667,0,0,0,0,0,0,0
495,770,34733291,34791875,22161,7933,93,7955,0,-12,-18,-12,-18,1,1,1,411.43,359.32,411.43,359.32,17416,0,0,0,0,0,0,0
496,771,37945337,36837041,22073,7934,94,7956,0,-13,-18,-13,-18,1,1,1,365.71,336.6,365.71,336.6,17625,0,0,0,0,0,0,0
497,772,33468913,34555542,22137,7933,96,7955,0,-13,-18,-13,-18,1,1,1,365.71,336.6,365.71,336.6,16833,0,0,0,0,0,0,0
498,773,34174878,34153833,22125,7933,93,7955,0,-13,-18,-13,-18,1,1,1,365.71,336.6,365.71,336.6,16584,0,0,0,0,0,0,0
499,774,35072457,33924542,22073,7933,93,7955,0,-13,-18,-13,-18,1,1,1,365.71,336.6,365.71,336.6,16458,0,0,0,0,0,0,0
500,775,32565753,33659042,22225,7933,93,7955,0,-14,-18,-14,-18,1,1,1,320,311.82,320,311.82,15791,0,0,0,0,0,0,0
501,776,34312661,34338083,22073,7933,93,7955,0,-14,-18,-14,-18,1,1,1,320,311.82,320,311.82,16417,0,0,0,0,0,0,0
502,777,35369373,34201500,22073,7933,93,7955,0,-14,-18,-14,-18,1,1,1,320,311.82,320,311.82,16500,0,0,0,0,0,0,0
503,778,32552920,33692625,22137,7933,93,7955,0,-14,-18,-14,-18,1,1,1,320,311.82,320,311.82,16500,0,0,0,0,0,0,0
504,779,33888626,33808083,22125,7933,93,7955,0,-15,-18,-15,-18,1,1,1,274.29,285.43,274.29,285.43,16125,0,0,0,0,0,0,0
505,780,33485706,32523083,22161,7933,93,7955,0,-15,-18,-15,-18,1,1,1,274.29,285.43,274.29,285.43,41083,0,0,0,0,0,0,0
506,781,31944792,31684333,22701,7933,93,7955,0,-15,-18,-15,-18,1,1,1,274.29,285.43,274.29,285.43,37041,0,0,0,0,0,0,0
507,782,30292870,31563791,22289,7933,93,7955,0,-15,-18,-15,-18,1,1,1,274.29,285.43,274.29,285.43,39041,0,0,0,0,0,0,0
508,783,31257793,31210250,22073,7933,93,7955,0,-16,-18,-16,-18,1,1,1,228.57,258.09,228.57,258.09,32209,0,0,0,0,0,0,0
509,784,34173540,33011625,22073,7933,93,7955,0,-16,-18,-16,-18,1,1,1,228.57,258.09,228.57,258.09,34750,0,0,0,0,0,0,0
510,785,31917709,33063458,22225,7933,93,7955,0,-16,-18,-16,-18,1,1,1,228.57,258.09,228.57,258.09,36750,0,0,0,0,0,0,0
511,786,35920456,35912084,22125,7934,94,7956,0,-16,-18,-16,-18,1,1,1,228.57,258.09,228.57,258.09,45750,0,0,0,0,0,0,0
512,787,35770166,34536542,22073,7933,96,7955,0,-17,-18,-17,-18,1,1,1,182.86,230.19,182.86,230.19,35416,0,0,0,0,0,0,0
513,788,34482795,35657625,22137,7933,93,7955,0,-17,-18,-17,-18,1,1,1,182.86,230.19,182.86,230.19,40958,0,0,0,0,0,0,0
514,789,37111245,36868292,22073,7933,93,7955,0,-17,-18,-17,-18,1,1,1,182.86,230.19,182.86,230.19,42209,0,0,0,0,0,0,0
515,790,38406956,37182875,22161,7933,93,7955,0,-17,-18,-17,-18,1,1,1,182.86,230.19,182.86,230.19,57292,0,0,0,0,0,0,0
516,791,37295252,38688667,22137,7933,93,7955,0,-16,-18,-16,-18,1,1,1,228.57,258.09,228.57,258.09,44042,0,0,0,0,0,0,0
517,792,38428705,38335250,22125,7933,93,7955,0,-16,-18,-16,-18,1,1,1,228.57,258.09,228.57,258.09,72584,0,0,0,0,0,0,0
518,793,43790794,42274167,22073,7933,93,7955,0,-16,-18,-16,-18,1,1,1,228.57,258.09,228.57,258.09,42916,0,0,0,0,0,0,0
519,794,49077868,50514958,22225,7933,93,7955,0,-16,-18,-16,-18,1,1,1,228.57,258.09,228.57,258.09,46416,0,0,0,0,0,0,0
520,795,66115126,62507417,22637,7933,93,7955,0,-15,-18,-15,-18,1,1,1,274.29,285.43,274.29,285.43,58375,0,0,0,0,0,0,0
521,796,63335083,66738291,22353,7933,93,7955,0,-15,-18,-15,-18,1,1,1,274.29,285.43,274.29,285.43,70166,0,0,0,0,0,0,0
522,797,78905828,76128834,22213,7933,93,7955,0,-15,-18,-15,-18,1,1,1,274.29,285.43,274.29,285.43,75500,0,0,0,0,0,0,0
523,798,63537210,66243792,22137,7933,96,7955,0,-15,-18,-15,-18,1,1,1,274.29,285.43,274.29,285.43,75750,0,0,0,0,0,0,0
524,799,69919623,67803709,22073,7933,93,7955,0,-14,-18,-14,-18,1,1,1,320,311.82,320,311.82,60875,0,0,0,0,0,0,0
525,800,66463127,68569750,22277,7933,93,7955,0,-14,-18,-14,-18,1,1,1,320,311.82,320,311.82,34291,0,0,0,0,0,0,0
526,801,59373248,57873167,22073,7934,94,7956,0,-14,-18,-14,-18,1,1,1,320,311.82,320,311.82,35250,0,0,0,0,0,0,0
527,802,56623205,56114166,22701,7933,93,7955,0,-14,-18,-14,-18,1,1,1,320,311.82,320,311.82,29083,0,0,0,0,0,0,0
528,803,55903289,55620084,22377,7933,93,7955,0,-13,-18,-13,-18,1,1,1,365.71,336.6,365.71,336.6,26000,0,0,0,0,0,0,0
529,804,51088292,53444375,22189,7933,93,7955,0,-13,-18,-13,-18,1,1,1,365.71,336.6,365.71,336.6,25333,0,0,0,0,0,0,0
530,805,60056377,58005833,22073,7933,93,7955,0,-13,-18,-13,-18,1,1,1,365.71,336.6,365.71,336.6,30541,0,0,0,0,0,0,0
531,806,52998207,54932708,22225,7933,96,7955,0,-13,-18,-13,-18,1,1,1,365.71,336.6,365.71,336.6,27542,0,0,0,0,0,0,0
532,807,54691292,53319250,22073,7933,93,7955,0,-12,-18,-12,-18,1,1,1,411.43,359.32,411.43,359.32,25750,0,0,0,0,0,0,0
533,808,48999119,50310041,22189,7933,93,7955,0,-12,-18,-12,-18,1,1,1,411.43,359.32,411.43,359.32,21916,0,0,0,0,0,0,0
534,809,55952042,54130209,22161,7933,93,7955,0,-12,-18,-12,-18,1,1,1,411.43,359.32,411.43,359.32,22083,0,0,0,0,0,0,0
535,810,53976040,55784750,22137,7933,93,7955,0,-12,-18,-12,-18,1,1,1,411.43,359.32,411.43,359.32,26167,0,0,0,0,0,0,0
536,811,60372505,57483959,22073,7933,93,7955,0,-11,-18,-11,-18,1,1,1,457.14,380.06,457.14,380.06,26916,0,0,0,0,0,0,0
537,812,51882293,54591833,23057,7933,93,7955,0,-11,-18,-11,-18,1,1,1,457.14,380.06,457.14,380.06,28958,0,0,0,0,0,0,0
538,813,58179792,56333500,22073,7933,93,7955,0,-11,-18,-11,-18,1,1,1,457.14,380.06,457.14,380.06,27000,0,0,0,0,0,0,0
539,814,58691710,60447791,22137,7933,93,7955,0,-11,-18,-11,-18,1,1,1,457.14,380.06,457.14,380.06,27625,0,0,0,0,0,0,0
540,815,57463873,55868042,22161,7933,96,7955,0,-10,-18,-10,-18,1,1,1,502.86,399.44,502.86,399.44,27791,0,0,0,0,0,0,0
541,816,50489209,52295959,22189,7934,94,7956,0,-10,-18,-10,-18,1,1,1,502.86,399.44,502.86,399.44,54000,0,0,0,0,0,0,0
542,817,43742291,43705834,22073,7933,93,7955,0,-10,-18,-10,-18,1,1,1,502.86,399.44,502.86,399.44,22708,0,0,0,0,0,0,0
543,818,42415916,41165375,22161,7933,93,7955,0,-10,-18,-10,-18,1,1,1,502.86,399.44,502.86,399.44,20292,0,0,0,0,0,0,0
544,819,36655668,37955000,22137,7933,93,7955,0,-9,-18,-9,-18,1,1,1,548.57,418.39,548.57,418.39,19584,0,0,0,0,0,0,0
545,820,38270458,38230542,22073,7933,93,7955,0,-9,-18,-9,-18,1,1,1,548.57,418.39,548.57,418.39,20000,0,0,0,0,0,0,0
546,821,38906540,37791041,22125,7933,93,7955,0,-9,-18,-9,-18,1,1,1,548.57,418.39,548.57,418.39,19958,0,0,0,0,0,0,0
547,822,34174956,34181375,22789,7933,93,7955,0,-9,-18,-9,-18,1,1,1,548.57,418.39,548.57,418.39,17042,0,0,0,0,0,0,0
548,823,32776419,33890333,22289,7933,93,7955,0,-8,-18,-8,-18,1,1,1,594.29,422.77,594.29,422.77,16542,0,0,0,0,0,0,0
549,824,35394832,34262167,22073,7933,93,7955,0,-8,-18,-8,-18,1,1,1,594.29,422.77,594.29,422.77,17042,0,0,0,0,0,0,0
550,825,32835252,33941833,22137,7933,93,7955,0,-8,-18,-8,-18,1,1,1,594.29,422.77,594.29,422.77,17083,0,0,0,0,0,0,0
551,826,36421746,36305750,22073,7933,93,7955,0,-8,-18,-8,-18,1,1,1,594.29,422.77,594.29,422.77,17083,0,0,0,0,0,0,0
552,827,34830830,33817291,22213,7933,96,7955,0,-6,-18,-6,-18,1,1,1,685.71,416.09,685.71,416.09,16542,0,0,0,0,0,0,0
553,828,33026996,34084375,22137,7933,93,7955,0,-6,-18,-6,-18,1,1,1,685.71,416.09,685.71,416.09,17083,0,0,0,0,0,0,0
554,829,34514334,34514875,22073,7933,93,7955,0,-6,-18,-6,-18,1,1,1,685.71,416.09,685.71,416.09,16667,0,0,0,0,0,0,0
555,830,35889752,34648042,22073,7933,93,7955,0,-6,-18,-6,-18,1,1,1,685.71,416.09,685.71,416.09,17292,0,0,0,0,0,0,0
556,831,36618202,37495750,22137,7934,94,7956,0,-5,-18,-5,-18,1,1,1,731.43,431,731.43,431,17750,0,0,0,0,0,0,0
557,832,37246916,37469750,22161,7933,93,7955,0,-5,-18,-5,-18,1,1,1,731.43,431,731.43,431,21209,0,0,0,0,0,0,0
558,833,37860501,36603917,22125,7933,93,7955,0,-5,-18,-5,-18,1,1,1,731.43,431,731.43,431,17125,0,0,0,0,0,0,0
559,834,37953123,38953833,22137,7933,93,7955,0,-5,-18,-5,-18,1,1,1,731.43,431,731.43,431,17083,0,0,0,0,0,0,0
560,835,39931371,39954916,27553,7933,93,7955,0,-4,-18,-4,-18,1,1,1,777.14,453.14,777.14,453.14,310250,0,281875,277083,0,0,0,0
561,836,48099126,45314542,22725,7933,93,7955,0,-4,-18,-4,-18,1,1,1,777.14,453.14,777.14,453.14,18709,0,0,0,0,0,0,0
562,837,50471458,53165709,22353,7933,93,7955,0,-4,-18,-4,-18,1,1,1,777.14,453.14,777.14,453.14,21375,0,0,0,0,0,0,0
563,838,70881500,68032750,22125,7933,93,7955,0,-4,-18,-4,-18,1,1,1,777.14,453.14,777.14,453.14,31917,0,0,0,0,0,0,0
564,839,80472044,83034375,22225,7933,93,7955,0,-3,-18,-3,-18,1,1,1,822.86,475.99,822.86,475.99,32666,0,0,0,0,0,0,0
565,840,72097048,69343875,22073,7933,96,7955,0,-3,-18,-3,-18,1,1,1,822.86,475.99,822.86,475.99,23042,0,0,0,0,0,0,0
566,841,65631918,68557750,22277,7933,93,7955,0,-3,-18,-3,-18,1,1,1,822.86,475.99,822.86,475.99,21542,0,0,0,0,0,0,0
567,842,70435710,68391167,22073,7933,93,7955,0,-3,-18,-3,-18,1,1,1,822.86,475.99,822.86,475.99,30500,0,0,0,0,0,0,0
568,843,54690334,56482917,22137,7933,93,7955,0,-2,-18,-2,-18,1,1,1,868.57,498.85,868.57,498.85,25000,0,0,0,0,0,0,0
569,844,51097575,48614625,22725,7933,93,7955,0,-2,-18,-2,-18,1,1,1,868.57,498.85,868.57,498.85,23959,0,0,0,0,0,0,0
570,845,44945713,47372166,22405,7933,93,7955,0,-2,-18,-2,-18,1,1,1,868.57,498.85,868.57,498.85,19958,0,0,0,0,0,0,0
571,846,48731669,49071916,22073,7934,94,7956,0,-2,-18,-2,-18,1,1,1,868.57,498.85,868.57,498.85,20000,0,0,0,0,0,0,0
572,847,53252998,51114375,22073,7933,93,7955,0,-1,-18,-1,-18,1,1,1,914.29,521.71,914.29,521.71,23000,0,0,0,0,0,0,0
573,848,47211330,49325125,22225,7933,96,7955,0,-1,-18,-1,-18,1,1,1,914.29,521.71,914.29,521.71,19250,0,0,0,0,0,0,0
574,849,56962713,55231792,22073,7933,93,7955,0,-1,-18,-1,-18,1,1,1,914.29,521.71,914.29,521.71,18709,0,0,0,0,0,0,0
575,850,53923830,55352250,22189,7933,93,7955,0,-1,-18,-1,-18,1,1,1,914.29,521.71,914.29,521.71,22917,0,0,0,0,0,0,0
576,851,55143620,53769500,22161,7933,93,7955,0,0,-18,0,-18,1,1,1,960,544.56,960,544.56,22833,0,0,0,0,0,0,0
577,852,65082632,66541417,22137,7933,93,7955,0,0,-18,0,-18,1,1,1,960,544.56,960,544.56,28625,0,0,0,0,0,0,0
578,853,65825164,62818583,22637,7933,93,7955,0,0,-18,0,-18,1,1,1,960,544.56,960,544.56,27916,0,0,0,0,0,0,0
579,854,61678126,64547917,22493,7933,93,7955,0,0,-18,0,-18,1,1,1,960,544.56,960,544.56,28500,0,0,0,0,0,0,0
580,855,62277585,60108167,22073,7933,93,7955,0,1,-18,1,-18,1,1,1,1005.71,567.42,1005.71,567.42,30458,0,0,0,0,0,0,0
581,856,61544995,63606583,22137,7933,93,7955,0,1,-18,1,-18,1,1,1,1005.71,567.42,1005.71,567.42,24209,0,0,0,0,0,0,0
582,857,70761874,68794667,22161,7933,96,7955,0,1,-18,1,-18,1,1,1,1005.71,567.42,1005.71,567.42,30084,0,0,0,0,0,0,0
583,858,66114626,68210959,22189,7933,93,7955,0,1,-18,1,-18,1,1,1,1005.71,567.42,1005.71,567.42,28250,0,0,0,0,0,0,0
584,859,61821039,60117666,22073,7933,93,7955,0,2,-18,2,-18,1,1,1,1051.43,590.28,1051.43,590.28,23333,0,0,0,0,0,0,0
585,860,52084751,53751000,22225,7933,93,7955,0,2,-18,2,-18,1,1,1,1051.43,590.28,1051.43,590.28,22125,0,0,0,0,0,0,0
586,861,61388585,58109709,22637,7934,94,7956,0,2,-18,2,-18,1,1,1,1051.43,590.28,1051.43,590.28,23833,0,0,0,0,0,0,0
587,862,57056166,59926208,22405,7933,93,7955,0,2,-18,2,-18,1,1,1,1051.43,590.28,1051.43,590.28,21834,0,0,0,0,0,0,0
588,863,69185085,66717458,22161,7933,93,7955,0,3,-18,3,-18,1,1,1,1097.14,613.14,1097.14,613.14,22334,0,0,0,0,0,0,0
589,864,71918584,74354584,22137,7933,93,7955,0,3,-18,3,-18,1,1,1,1097.14,613.14,1097.14,613.14,29417,0,0,0,0,0,0,0
590,865,67066252,65312167,22125,7933,96,7955,0,3,-18,3,-18,1,1,1,1097.14,613.14,1097.14,613.14,30000,0,0,0,0,0,0,0
591,866,54652374,56668834,22225,7933,93,7955,0,3,-18,3,-18,1,1,1,1097.14,613.14,1097.14,613.14,22875,0,0,0,0,0,0,0
592,867,58825504,57047833,22073,7933,93,7955,0,4,-18,4,-18,1,1,1,1142.86,635.99,1142.86,635.99,23375,0,0,0,0,0,0,0
593,868,53972993,55508750,22137,7933,93,7955,0,4,-18,4,-18,1,1,1,1142.86,635.99,1142.86,635.99,23042,0,0,0,0,0,0,0
594,869,59210374,55957292,22777,7933,93,7955,0,4,-18,4,-18,1,1,1,1142.86,635.99,1142.86,635.99,22583,0,0,0,0,0,0,0
595,870,52755206,56161042,22353,7933,93,7955,0,4,-18,4,-18,1,1,1,1142.86,635.99,1142.86,635.99,22416,0,0,0,0,0,0,0
596,871,57133544,55393542,32345,7933,93,7955,0,5,-18,5,-18,1,1,1,1188.57,662.98,1188.57,662.98,523667,0,494833,486750,0,0,0,0
597,872,63279084,64793834,22225,7933,93,7955,0,5,-18,5,-18,1,1,1,1188.57,662.98,1188.57,662.98,28291,0,0,0,0,0,0,0
598,873,65505713,63881792,22125,7933,96,7955,0,5,-18,5,-18,1,1,1,1188.57,662.98,1188.57,662.98,29208,0,0,0,0,0,0,0
599,874,58720201,60378917,22137,7933,93,7955,0,5,-18,5,-18,1,1,1,1188.57,662.98,1188.57,662.98,28833,0,0,0,0,0,0,0
600,875,58565001,56623250,22161,7933,93,7955,0,6,-18,6,-18,1,1,1,1234.29,696.59,1234.29,696.59,27166,0,0,0,0,0,0,0
601,876,59920500,61886084,22137,7934,94,7956,0,6,-18,6,-18,1,1,1,1234.29,696.59,1234.29,696.59,72500,0,0,0,0,0,0,0
602,877,60022003,58430292,22125,7933,93,7955,0,6,-18,6,-18,1,1,1,1234.29,696.59,1234.29,696.59,22666,0,0,0,0,0,0,0
603,878,54968457,54907667,22789,7933,93,7955,0,6,-18,6,-18,1,1,1,1234.29,696.59,1234.29,696.59,22708,0,0,0,0,0,0,0
604,879,53458001,53175542,22289,7933,93,7955,0,7,-18,7,-18,1,1,1,1280,736.66,1280,736.66,24708,0,0,0,0,0,0,0
605,880,45658871,47561333,22137,7933,93,7955,0,7,-18,7,-18,1,1,1,1280,736.66,1280,736.66,24750,0,0,0,0,0,0,0
606,881,46315375,46360625,22213,7933,93,7955,0,7,-18,7,-18,1,1,1,1280,736.66,1280,736.66,21625,0,0,0,0,0,0,0
607,882,40437500,39258625,22073,7933,96,7955,0,7,-18,7,-18,1,1,1,1280,736.66,1280,736.66,22000,0,0,0,0,0,0,0
608,883,36479286,37649541,22137,7933,93,7955,0,8,-18,8,-18,1,1,1,1325.71,772.98,1325.71,772.98,18166,0,0,0,0,0,0,0
609,884,34198708,34122041,22073,7933,93,7955,0,8,-18,8,-18,1,1,1,1325.71,772.98,1325.71,772.98,16458,0,0,0,0,0,0,0
610,885,35514164,34461000,22161,7933,93,7955,0,8,-18,8,-18,1,1,1,1325.71,772.98,1325.71,772.98,16209,0,0,0,0,0,0,0
611,886,35287089,36375333,22137,7933,93,7955,0,8,-18,8,-18,1,1,1,1325.71,772.98,1325.71,772.98,15875,0,0,0,0,0,0,0
612,887,36783121,36786875,22125,7933,93,7955,0,9,-18,9,-18,1,1,1,1371.43,801.36,1371.43,801.36,15917,0,0,0,0,0,0,0
613,888,37188421,35811041,22073,7933,93,7955,0,9,-18,9,-18,1,1,1,1371.43,801.36,1371.43,801.36,15750,0,0,0,0,0,0,0
614,889,35275369,36376250,22137,7933,93,7955,0,9,-18,9,-18,1,1,1,1371.43,801.36,1371.43,801.36,16833,0,0,0,0,0,0,0
615,890,37986006,36603834,22725,7933,93,7955,0,9,-18,9,-18,1,1,1,1371.43,801.36,1371.43,801.36,16333,0,0,0,0,0,0,0
616,891,40117830,40428208,22289,7934,94,7956,0,10,-18,10,-18,1,1,1,1417.14,823.72,1417.14,823.72,21708,0,0,0,0,0,0,0
617,892,40036048,41187667,22137,7933,93,7955,0,10,-18,10,-18,1,1,1,1417.14,823.72,1417.14,823.72,19083,0,0,0,0,0,0,0
618,893,47284118,47206334,22125,7933,93,7955,0,10,-18,10,-18,1,1,1,1417.14,823.72,1417.14,823.72,23708,0,0,0,0,0,0,0
619,894,57872626,56069792,22161,7933,93,7955,0,10,-18,10,-18,1,1,1,1417.14,823.72,1417.14,823.72,26375,0,0,0,0,0,0,0
620,895,64639374,66317834,22137,7933,96,7955,0,11,-18,11,-18,1,1,1,1462.86,845.83,1462.86,845.83,26791,0,0,0,0,0,0,0
621,896,71860082,69633958,22073,7933,93,7955,0,11,-18,11,-18,1,1,1,1462.86,845.83,1462.86,845.83,33166,0,0,0,0,0,0,0
622,897,67684039,69878125,22277,7933,93,7955,0,11,-18,11,-18,1,1,1,1462.86,845.83,1462.86,845.83,34334,0,0,0,0,0,0,0
623,898,70844329,68875834,22073,7933,93,7955,0,11,-18,11,-18,1,1,1,1462.86,845.83,1462.86,845.83,36292,0,0,0,0,0,0,0
624,899,69238498,68565292,22701,7933,93,7955,0,12,-18,12,-18,1,1,1,1508.57,868.27,1508.57,868.27,32791,0,0,0,0,0,0,0
625,900,70680543,71216375,22429,7933,93,7955,0,12,-18,12,-18,1,1,1,1508.57,868.27,1508.57,868.27,32625,0,0,0,0,0,0,0
626,901,66463291,68364875,22137,7933,93,7955,0,12,-18,12,-18,1,1,1,1508.57,868.27,1508.57,868.27,33667,0,0,0,0,0,0,0
627,902,56315001,54841959,22073,7933,96,7955,0,12,-18,12,-18,1,1,1,1508.57,868.27,1508.57,868.27,26042,0,0,0,0,0,0,0
628,903,54753996,56352584,22225,7933,93,7955,0,13,-18,13,-18,1,1,1,1554.29,892.25,1554.29,892.25,29375,0,0,0,0,0,0,0
629,904,53932376,52585500,22125,7933,93,7955,0,13,-18,13,-18,1,1,1,1554.29,892.25,1554.29,892.25,26583,0,0,0,0,0,0,0
630,905,47026332,48298459,22137,7933,93,7955,0,13,-18,13,-18,1,1,1,1554.29,892.25,1554.29,892.25,23083,0,0,0,0,0,0,0
631,906,51369920,51433625,22161,7934,94,7956,0,13,-18,13,-18,1,1,1,1554.29,892.25,1554.29,892.25,21625,0,0,0,0,0,0,0
632,907,58283999,55070250,22637,7933,93,7955,0,14,-18,14,-18,1,1,1,1600,918.02,1600,918.02,28291,0,0,0,0,0,0,0
633,908,50398498,53502750,22405,7933,93,7955,0,14,-18,14,-18,1,1,1,1600,918.02,1600,918.02,25625,0,0,0,0,0,0,0
634,909,58171458,56426625,22161,7933,93,7955,0,14,-18,14,-18,1,1,1,1600,918.02,1600,918.02,26250,0,0,0,0,0,0,0
635,910,57080876,58829542,22137,7931,93,7953,0,14,-18,14,-18,1,1,1,1600,918.02,1600,918.02,27834,0,0,0,0,0,0,0
636,911,57592168,55820459,22073,7933,96,7955,0,15,-18,15,-18,1,1,1,1645.71,944.98,1645.71,944.98,25375,0,0,0,0,0,0,0
637,912,53418211,55136750,22277,7933,93,7955,0,15,-18,15,-18,1,1,1,1645.71,944.98,1645.71,944.98,25875,0,0,0,0,0,0,0
638,913,53997330,52391333,22073,7933,93,7955,0,15,-18,15,-18,1,1,1,1645.71,944.98,1645.71,944.98,26250,0,0,0,0,0,0,0
639,914,49688875,51268292,22137,7933,93,7955,0,15,-18,15,-18,1,1,1,1645.71,944.98,1645.71,944.98,25458,0,0,0,0,0,0,0
640,915,44060833,44102083,22161,7933,93,7955,0,16,-18,16,-18,1,1,1,1691.43,972.01,1691.43,972.01,21417,0,0,0,0,0,0,0
641,916,43111961,41954334,22125,7933,93,7955,0,16,-18,16,-18,1,1,1,1691.43,972.01,1691.43,972.01,21666,0,0,0,0,0,0,0
642,917,39119996,39018542,22701,7933,93,7955,0,16,-18,16,-18,1,1,1,1691.43,972.01,1691.43,972.01,18291,0,0,0,0,0,0,0
643,918,35334836,36535292,22289,7933,93,7955,0,16,-18,16,-18,1,1,1,1691.43,972.01,1691.43,972.01,18584,0,0,0,0,0,0,0
644,919,35333041,34249666,22161,7933,93,7955,0,15,-18,15,-18,1,1,1,1645.71,944.98,1645.71,944.98,18542,0,0,0,0,0,0,0
645,920,33822163,34668584,22137,7933,93,7955,0,15,-18,15,-18,1,1,1,1645.71,944.98,1645.71,944.98,16583,0,0,0,0,0,0,0
646,921,36600913,36848875,22073,7934,94,7956,0,15,-18,15,-18,1,1,1,1645.71,944.98,1645.71,944.98,17625,0,0,0,0,0,0,0
647,922,35383377,34201208,22125,7933,96,7955,0,15,-18,15,-18,1,1,1,1645.71,944.98,1645.71,944.98,17000,0,0,0,0,0,0,0
648,923,32917957,34018250,22137,7933,93,7955,0,14,-18,14,-18,1,1,1,1600,918.02,1600,918.02,17000,0,0,0,0,0,0,0
649,924,33718287,33739084,22161,7933,93,7955,0,14,-18,14,-18,1,1,1,1600,918.02,1600,918.02,17042,0,0,0,0,0,0,0
650,925,34423258,33357166,22073,7933,93,7955,0,14,-18,14,-18,1,1,1,1600,918.02,1600,918.02,16750,0,0,0,0,0,0,0
651,926,32600369,33637083,22137,7933,93,7955,0,14,-18,14,-18,1,1,1,1600,918.02,1600,918.02,17000,0,0,0,0,0,0,0
652,927,33795833,33802666,32015,7933,93,7955,0,13,-18,13,-18,1,1,1,1554.29,892.25,1554.29,892.25,16292,0,0,0,0,0,0,0
653,928,35220626,34066250,27853,7933,93,7955,0,13,-18,13,-18,1,1,1,1554.29,892.25,1554.29,892.25,17458,0,0,0,0,0,0,0
654,929,32640162,33765916,22225,7933,93,7955,0,13,-18,13,-18,1,1,1,1554.29,892.25,1554.29,892.25,16792,0,0,0,0,0,0,0
655,930,33603791,33585375,22073,7933,93,7955,0,13,-18,13,-18,1,1,1,1554.29,892.25,1554.29,892.25,16417,0,0,0,0,0,0,0
656,931,34498795,32769459,22637,7933,93,7955,0,12,-18,12,-18,1,1,1,1508.57,868.27,1508.57,868.27,16916,0,0,0,0,0,0,0
657,932,30864207,32552792,22353,7933,93,7955,0,12,-18,12,-18,1,1,1,1508.57,868.27,1508.57,868.27,17167,0,0,0,0,0,0,0
658,933,30521003,30488750,22073,7933,93,7955,0,12,-18,12,-18,1,1,1,1508.57,868.27,1508.57,868.27,15375,0,0,0,0,0,0,0
659,934,31400538,31402167,22161,7933,93,7955,0,12,-18,12,-18,1,1,1,1508.57,868.27,1508.57,868.27,15000,0,0,0,0,0,0,0
660,935,32590456,31586125,22125,7933,93,7955,0,11,-18,11,-18,1,1,1,1462.86,845.83,1462.86,845.83,15125,0,0,0,0,0,0,0
661,936,35383921,36349875,22137,7934,94,7956,0,11,-18,11,-18,1,1,1,1462.86,845.83,1462.86,845.83,15375,0,0,0,0,0,0,0
662,937,32464414,32491125,22073,7933,96,7955,0,11,-18,11,-18,1,1,1,1462.86,845.83,1462.86,845.83,17000,0,0,0,0,0,0,0
663,938,34177333,33001667,22073,7933,93,7955,0,11,-18,11,-18,1,1,1,1462.86,845.83,1462.86,845.83,15125,0,0,0,0,0,0,0
664,939,32440334,33575916,22225,7933,93,7955,0,10,-18,10,-18,1,1,1,1417.14,823.72,1417.14,823.72,16667,0,0,0,0,0,0,0
665,940,34957461,34785375,22073,7933,93,7955,0,10,-18,10,-18,1,1,1,1417.14,823.72,1417.14,823.72,16584,0,0,0,0,0,0,0
666,941,37024419,35944208,22125,7933,93,7955,0,10,-18,10,-18,1,1,1,1417.14,823.72,1417.14,823.72,17708,0,0,0,0,0,0,0
667,942,36828331,37928333,22137,7933,93,7955,0,10,-18,10,-18,1,1,1,1417.14,823.72,1417.14,823.72,16917,0,0,0,0,0,0,0
668,943,41670661,41485083,22073,7933,93,7955,0,9,-18,9,-18,1,1,1,1371.43,801.36,1371.43,801.36,16333,0,0,0,0,0,0,0
669,944,38267586,37321250,22161,7933,93,7955,0,9,-18,9,-18,1,1,1,1371.43,801.36,1371.43,801.36,16417,0,0,0,0,0,0,0
670,945,38209997,39310375,22137,7933,93,7955,0,9,-18,9,-18,1,1,1,1371.43,801.36,1371.43,801.36,18083,0,0,0,0,0,0,0
671,946,44490378,42853625,22637,7933,93,7955,0,9,-18,9,-18,1,1,1,1371.43,801.36,1371.43,801.36,18250,0,0,0,0,0,0,0
672,947,55427663,54893250,22341,7933,93,7955,0,8,-18,8,-18,1,1,1,1325.71,772.98,1325.71,772.98,22333,0,0,0,0,0,0,0
673,948,65010748,66950958,22225,7933,93,7955,0,8,-18,8,-18,1,1,1,1325.71,772.98,1325.71,772.98,31416,0,0,0,0,0,0,0
674,949,78947253,76485500,22073,7933,93,7955,0,8,-18,8,-18,1,1,1,1325.71,772.98,1325.71,772.98,32875,0,0,0,0,0,0,0
675,950,74146829,76267000,22137,7933,96,7955,0,8,-18,8,-18,1,1,1,1325.71,772.98,1325.71,772.98,21833,0,0,0,0,0,0,0
676,951,69189332,67499417,22213,7934,94,7956,0,7,-18,7,-18,1,1,1,1280,736.66,1280,736.66,23792,0,0,0,0,0,0,0
677,952,66750042,68661667,22137,7933,93,7955,0,7,-18,7,-18,1,1,1,1280,736.66,1280,736.66,31334,0,0,0,0,0,0,0
678,953,67564539,64590125,22637,7933,93,7955,0,7,-18,7,-18,1,1,1,1280,736.66,1280,736.66,36334,0,0,0,0,0,0,0
679,954,51293082,54177500,22493,7933,93,7955,0,7,-18,7,-18,1,1,1,1280,736.66,1280,736.66,26041,0,0,0,0,0,0,0
680,955,47872036,46657292,22073,7933,93,7955,0,6,-18,6,-18,1,1,1,1234.29,696.59,1234.29,696.59,18792,0,0,0,0,0,0,0
681,956,46251416,47433833,22137,7933,93,7955,0,6,-18,6,-18,1,1,1,1234.29,696.59,1234.29,696.59,20209,0,0,0,0,0,0,0
682,957,50948582,50763958,22073,7933,93,7955,0,6,-18,6,-18,1,1,1,1234.29,696.59,1234.29,696.59,19958,0,0,0,0,0,0,0
683,958,49223709,47801083,22161,7933,96,7955,0,6,-18,6,-18,1,1,1,1234.29,696.59,1234.29,696.59,28833,0,0,0,0,0,0,0
684,959,46365916,48045042,22189,7933,93,7955,0,5,-18,5,-18,1,1,1,1188.57,662.98,1188.57,662.98,19417,0,0,0,0,0,0,0
685,960,56217171,54499875,22073,7933,93,7955,0,5,-18,5,-18,1,1,1,1188.57,662.98,1188.57,662.98,23625,0,0,0,0,0,0,0
686,961,52567373,54165833,22225,7933,93,7955,0,5,-18,5,-18,1,1,1,1188.57,662.98,1188.57,662.98,23000,0,0,0,0,0,0,0
687,962,57558331,55919041,22073,7933,93,7955,0,5,-18,5,-18,1,1,1,1188.57,662.98,1188.57,662.98,23375,0,0,0,0,0,0,0
688,963,68016409,67516916,28233,7933,93,7955,0,4,-18,4,-18,1,1,1,1142.86,635.99,1142.86,635.99,642000,0,601416,595500,0,0,0,0
689,964,68879544,68467000,22377,7933,93,7955,0,4,-18,4,-18,1,1,1,1142.86,635.99,1142.86,635.99,29959,0,0,0,0,0,0,0
690,965,63615500,65817916,22137,7933,93,7955,0,4,-18,4,-18,1,1,1,1142.86,635.99,1142.86,635.99,28042,0,0,0,0,0,0,0
691,966,60951493,59488292,22125,7934,94,7956,0,4,-18,4,-18,1,1,1,1142.86,635.99,1142.86,635.99,22916,0,0,0,0,0,0,0
692,967,53228959,54871875,22225,7933,96,7955,0,3,-18,3,-18,1,1,1,1097.14,613.14,1097.14,613.14,23208,0,0,0,0,0,0,0
693,968,56258462,54582750,22073,7933,93,7955,0,3,-18,3,-18,1,1,1,1097.14,613.14,1097.14,613.14,22750,0,0,0,0,0,0,0
694,969,49914166,51546292,22137,7933,93,7955,0,3,-18,3,-18,1,1,1,1097.14,613.14,1097.14,613.14,22333,0,0,0,0,0,0,0
695,970,43090708,43194041,22213,7933,93,7955,0,3,-18,3,-18,1,1,1,1097.14,613.14,1097.14,613.14,18625,0,0,0,0,0,0,0
696,971,43049454,41833667,22073,7933,93,7955,0,2,-18,2,-18,1,1,1,1051.43,590.28,1051.43,590.28,19000,0,0,0,0,0,0,0
697,972,38021918,38021917,22701,7933,93,7955,0,2,-18,2,-18,1,1,1,1051.43,590.28,1051.43,590.28,19584,0,0,0,0,0,0,0
698,973,35012252,36152666,22289,7933,93,7955,0,2,-18,2,-18,1,1,1,1051.43,590.28,1051.43,590.28,16750,0,0,0,0,0,0,0
699,974,35059161,34028000,22161,7933,93,7955,0,2,-18,2,-18,1,1,1,1051.43,590.28,1051.43,590.28,14750,0,0,0,0,0,0,0
700,975,33214293,34248291,22137,7933,93,7955,0,1,-18,1,-18,1,1,1,1005.71,567.42,1005.71,567.42,14792,0,0,0,0,0,0,0
701,976,36607332,36637958,22125,7933,93,7955,0,1,-18,1,-18,1,1,1,1005.71,567.42,1005.71,567.42,16250,0,0,0,0,0,0,0
702,977,34819252,33679875,22073,7933,96,7955,0,1,-18,1,-18,1,1,1,1005.71,567.42,1005.71,567.42,15375,0,0,0,0,0,0,0
703,978,32860416,33902209,22137,7933,93,7955,0,1,-18,1,-18,1,1,1,1005.71,567.42,1005.71,567.42,14208,0,0,0,0,0,0,0
704,979,33496916,33524541,22161,7933,93,7955,0,0,-18,0,-18,1,1,1,960,544.56,960,544.56,14833,0,0,0,0,0,0,0
705,980,34580618,33481834,22073,7933,93,7955,0,0,-18,0,-18,1,1,1,960,544.56,960,544.56,14875,0,0,0,0,0,0,0
706,981,32923251,33991541,22137,7934,94,7956,0,0,-18,0,-18,1,1,1,960,544.56,960,544.56,14791,0,0,0,0,0,0,0
707,982,33464249,33458541,22125,7933,93,7955,0,0,-18,0,-18,1,1,1,960,544.56,960,544.56,14333,0,0,0,0,0,0,0
708,983,31456708,31396125,22073,7933,93,7955,0,-1,-18,-1,-18,1,1,1,914.29,521.71,914.29,521.71,14375,0,0,0,0,0,0,0
709,984,31520791,30577125,22161,7933,93,7955,0,-1,-18,-1,-18,1,1,1,914.29,521.71,914.29,521.71,13208,0,0,0,0,0,0,0
710,985,29699794,30645666,22137,7933,93,7955,0,-1,-18,-1,-18,1,1,1,914.29,521.71,914.29,521.71,12708,0,0,0,0,0,0,0
711,986,30671413,30695459,22073,7933,93,7955,0,-1,-18,-1,-18,1,1,1,914.29,521.71,914.29,521.71,12708,0,0,0,0,0,0,0
712,987,34130457,33087333,22637,7933,93,7955,0,-2,-18,-2,-18,1,1,1,868.57,498.85,868.57,498.85,14958,0,0,0,0,0,0,0
713,988,34435544,34290417,22289,7933,93,7955,0,-2,-18,-2,-18,1,1,1,868.57,498.85,868.57,498.85,13333,0,0,0,0,0,0,0
714,989,35468418,36576708,22277,7933,93,7955,0,-2,-18,-2,-18,1,1,1,868.57,498.85,868.57,498.85,14875,0,0,0,0,0,0,0
715,990,36966290,36975875,22073,7933,93,7955,0,-2,-18,-2,-18,1,1,1,868.57,498.85,868.57,498.85,15167,0,0,0,0,0,0,0
716,991,41946668,40403584,22073,7933,93,7955,0,-3,-18,-3,-18,1,1,1,822.86,475.99,822.86,475.99,18833,0,0,0,0,0,0,0
717,992,33961996,35367208,22137,7933,96,7955,0,-3,-18,-3,-18,1,1,1,822.86,475.99,822.86,475.99,15667,0,0,0,0,0,0,0
718,993,37311084,37303125,22073,7933,93,7955,0,-3,-18,-3,-18,1,1,1,822.86,475.99,822.86,475.99,16458,0,0,0,0,0,0,0
719,994,40618248,39313917,22161,7933,93,7955,0,-3,-18,-3,-18,1,1,1,822.86,475.99,822.86,475.99,16083,0,0,0,0,0,0,0
720,995,42666751,43936083,22189,7933,93,7955,0,-4,-18,-4,-18,1,1,1,777.14,453.14,777.14,453.14,19125,0,0,0,0,0,0,0
721,996,55891502,55747667,22073,7934,94,7956,0,-4,-18,-4,-18,1,1,1,777.14,453.14,777.14,453.14,21750,0,0,0,0,0,0,0
722,997,71569412,69512834,22073,7933,93,7955,0,-4,-18,-4,-18,1,1,1,777.14,453.14,777.14,453.14,33458,0,0,0,0,0,0,0
723,998,98437413,97669667,22789,7933,93,7955,0,-4,-18,-4,-18,1,1,1,777.14,453.14,777.14,453.14,33208,0,0,0,0,0,0,0
724,999,71191996,71732291,32613,7933,93,7955,0,-5,-18,-5,-18,1,1,1,731.43,431,731.43,431,687417,0,646125,641125,0,0,0,0
725,1000,73303207,75312375,22225,7933,93,7955,0,-5,-18,-5,-18,1,1,1,731.43,431,731.43,431,37333,0,0,0,0,0,0,0
726,1001,71300536,69367208,22073,7933,96,7955,0,-5,-18,-5,-18,1,1,1,731.43,431,731.43,431,33542,0,0,0,0,0,0,0
727,1002,55602543,57557875,22189,7933,93,7955,0,-5,-18,-5,-18,1,1,1,731.43,431,731.43,431,27833,0,0,0,0,0,0,0
728,1003,51413875,50202708,22161,7933,93,7955,0,-6,-18,-6,-18,1,1,1,685.71,416.09,685.71,416.09,26292,0,0,0,0,0,0,0
729,1004,46583622,47973542,22137,7933,93,7955,0,-6,-18,-6,-18,1,1,1,685.71,416.09,685.71,416.09,22250,0,0,0,0,0,0,0
730,1005,47043330,46795584,22073,7933,93,7955,0,-6,-18,-6,-18,1,1,1,685.71,416.09,685.71,416.09,22333,0,0,0,0,0,0,0
731,1006,57208333,54048500,22689,7933,93,7955,0,-6,-18,-6,-18,1,1,1,685.71,416.09,685.71,416.09,22292,0,0,0,0,0,0,0
732,1007,52276127,55529750,22441,7933,93,7955,0,-8,-18,-8,-18,1,1,1,594.29,422.77,594.29,422.77,25583,0,0,0,0,0,0,0
733,1008,56949000,55326042,22073,7933,93,7955,0,-8,-18,-8,-18,1,1,1,594.29,422.77,594.29,422.77,28542,0,0,0,0,0,0,0
734,1009,69675333,70712833,22137,7933,93,7955,0,-8,-18,-8,-18,1,1,1,594.29,422.77,594.29,422.77,27708,0,0,0,0,0,0,0
735,1010,70032499,68368291,22213,7933,96,7955,0,-8,-18,-8,-18,1,1,1,594.29,422.77,594.29,422.77,32917,0,0,0,0,0,0,0
736,1011,55754251,57894000,22137,7934,94,7956,0,-9,-18,-9,-18,1,1,1,548.57,418.39,548.57,418.39,33541,0,0,0,0,0,0,0
737,1012,58767586,56723750,22073,7933,93,7955,0,-9,-18,-9,-18,1,1,1,548.57,418.39,548.57,418.39,28084,0,0,0,0,0,0,0
738,1013,54280918,56272750,22225,7933,93,7955,0,-9,-18,-9,-18,1,1,1,548.57,418.39,548.57,418.39,27708,0,0,0,0,0,0,0
739,1014,56593041,54944375,22125,7933,93,7955,0,-9,-18,-9,-18,1,1,1,548.57,418.39,548.57,418.39,31458,0,0,0,0,0,0,0
740,1015,52560120,52341333,22701,7933,93,7955,0,-10,-18,-10,-18,1,1,1,502.86,399.44,502.86,399.44,28209,0,0,0,0,0,0,0
741,1016,48314504,48879625,22377,7933,93,7955,0,-10,-18,-10,-18,1,1,1,502.86,399.44,502.86,399.44,27125,0,0,0,0,0,0,0
742,1017,43373830,44653000,22137,7933,93,7955,0,-10,-18,-10,-18,1,1,1,502.86,399.44,502.86,399.44,22625,0,0,0,0,0,0,0
743,1018,41558999,41599334,22125,7933,93,7955,0,-10,-18,-10,-18,1,1,1,502.86,399.44,502.86,399.44,22750,0,0,0,0,0,0,0
744,1019,39826415,38562875,22073,7933,96,7955,0,-11,-18,-11,-18,1,1,1,457.14,380.06,457.14,380.06,18375,0,0,0,0,0,0,0
745,1020,34346003,35616834,22225,7933,93,7955,0,-11,-18,-11,-18,1,1,1,457.14,380.06,457.14,380.06,18792,0,0,0,0,0,0,0
746,1021,34492872,34464416,22073,7933,93,7955,0,-11,-18,-11,-18,1,1,1,457.14,380.06,457.14,380.06,17083,0,0,0,0,0,0,0
747,1022,35104542,33982458,22073,7933,93,7955,0,-11,-18,-11,-18,1,1,1,457.14,380.06,457.14,380.06,17000,0,0,0,0,0,0,0
748,1023,32849710,33913625,22137,7933,93,7955,0,-12,-18,-12,-18,1,1,1,411.43,359.32,411.43,359.32,17208,0,0,0,0,0,0,0
749,1024,33967204,33939250,22125,7933,93,7955,0,-12,-18,-12,-18,1,1,1,411.43,359.32,411.43,359.32,17125,0,0,0,0,0,0,0
750,1025,35392921,34349583,22161,7933,93,7955,0,-12,-18,-12,-18,1,1,1,411.43,359.32,411.43,359.32,16875,0,0,0,0,0,0,0
751,1026,32803289,33863334,22137,7934,94,7956,0,-12,-18,-12,-18,1,1,1,411.43,359.32,411.43,359.32,16792,0,0,0,0,0,0,0
752,1027,33989001,33946709,22073,7933,93,7955,0,-13,-18,-13,-18,1,1,1,365.71,336.6,365.71,336.6,16750,0,0,0,0,0,0,0
753,1028,35432454,33594167,22637,7933,93,7955,0,-13,-18,-13,-18,1,1,1,365.71,336.6,365.71,336.6,16500,0,0,0,0,0,0,0
754,1029,30971130,32756750,22353,7933,93,7955,0,-13,-18,-13,-18,1,1,1,365.71,336.6,365.71,336.6,17042,0,0,0,0,0,0,0
755,1030,30520167,30549584,22213,7933,93,7955,0,-13,-18,-13,-18,1,1,1,365.71,336.6,365.71,336.6,15000,0,0,0,0,0,0,0
756,1031,30403040,30396541,22073,7933,93,7955,0,-14,-18,-14,-18,1,1,1,320,311.82,320,311.82,14500,0,0,0,0,0,0,0
757,1032,34015871,33015292,22073,7933,93,7955,0,-14,-18,-14,-18,1,1,1,320,311.82,320,311.82,17166,0,0,0,0,0,0,0
758,1033,32297667,33263084,22137,7933,96,7955,0,-14,-18,-14,-18,1,1,1,320,311.82,320,311.82,15959,0,0,0,0,0,0,0
759,1034,35149078,35098208,22073,7933,93,7955,0,-14,-18,-14,-18,1,1,1,320,311.82,320,311.82,14666,0,0,0,0,0,0,0
760,1035,37079047,35651125,22161,7933,93,7955,0,-15,-18,-15,-18,1,1,1,274.29,285.43,274.29,285.43,15875,0,0,0,0,0,0,0
761,1036,35982456,37400084,22137,7933,93,7955,0,-15,-18,-15,-18,1,1,1,274.29,285.43,274.29,285.43,49875,0,0,0,0,0,0,0
762,1037,37193708,37177958,22125,7933,93,7955,0,-15,-18,-15,-18,1,1,1,274.29,285.43,274.29,285.43,74583,0,0,0,0,0,0,0
763,1038,36620754,35527417,22073,7933,93,7955,0,-15,-18,-15,-18,1,1,1,274.29,285.43,274.29,285.43,45500,0,0,0,0,0,0,0
764,1039,35633914,36625875,22137,7933,93,7955,0,-16,-18,-16,-18,1,1,1,228.57,258.09,228.57,258.09,33084,0,0,0,0,0,0,0
765,1040,39057120,39071666,22161,7933,93,7955,0,-16,-18,-16,-18,1,1,1,228.57,258.09,228.57,258.09,39375,0,0,0,0,0,0,0
766,1041,48053544,46640000,22073,7934,94,7956,0,-16,-18,-16,-18,1,1,1,228.57,258.09,228.57,258.09,42625,0,0,0,0,0,0,0
767,1042,59178251,58124125,22701,7933,93,7955,0,-16,-18,-16,-18,1,1,1,228.57,258.09,228.57,258.09,50834,0,0,0,0,0,0,0
768,1043,70908494,71022500,22341,7933,93,7955,0,-17,-18,-17,-18,1,1,1,182.86,230.19,182.86,230.19,62458,0,0,0,0,0,0,0
769,1044,79592257,81494750,22225,7933,93,7955,0,-17,-18,-17,-18,1,1,1,182.86,230.19,182.86,230.19,102625,0,0,0,0,0,0,0
770,1045,72696372,70506583,22073,7933,96,7955,0,-17,-18,-17,-18,1,1,1,182.86,230.19,182.86,230.19,53917,0,0,0,0,0,0,0
771,1046,68385958,70497750,22277,7933,93,7955,0,-17,-18,-17,-18,1,1,1,182.86,230.19,182.86,230.19,69000,0,0,0,0,0,0,0
772,1047,69820493,67661708,22275,7933,93,7955,0,-16,-18,-16,-18,1,1,1,228.57,258.09,228.57,258.09,65042,0,0,0,0,0,0,0
773,1048,63411466,65642167,22137,7933,93,7955,0,-16,-18,-16,-18,1,1,1,228.57,258.09,228.57,258.09,65125,0,0,0,0,0,0,0
774,1049,56610375,53681083,22777,7933,93,7955,0,-16,-18,-16,-18,1,1,1,228.57,258.09,228.57,258.09,56333,0,0,0,0,0,0,0
775,1050,44536534,47577417,22353,7933,93,7955,0,-16,-18,-16,-18,1,1,1,228.57,258.09,228.57,258.09,47875,0,0,0,0,0,0,0
776,1051,46816922,46721584,22073,7933,93,7955,0,-15,-18,-15,-18,1,1,1,274.29,285.43,274.29,285.43,45334,0,0,0,0,0,0,0
777,1052,55173747,53519625,22073,7933,93,7955,0,-15,-18,-15,-18,1,1,1,274.29,285.43,274.29,285.43,90084,0,0,0,0,0,0,0
778,1053,51036585,52292416,22277,7933,96,7955,0,-15,-18,-15,-18,1,1,1,274.29,285.43,274.29,285.43,52500,0,0,0,0,0,0,0
779,1054,56379746,55159542,22073,7933,93,7955,0,-15,-18,-15,-18,1,1,1,274.29,285.43,274.29,285.43,68209,0,0,0,0,0,0,0
780,1055,53822379,55294375,22137,7933,93,7955,0,-14,-18,-14,-18,1,1,1,320,311.82,320,311.82,48375,0,0,0,0,0,0,0
781,1056,58544375,56568666,22161,7934,94,7956,0,-14,-18,-14,-18,1,1,1,320,311.82,320,311.82,27458,0,0,0,0,0,0,0
782,1057,59958044,61965750,22189,7933,93,7955,0,-14,-18,-14,-18,1,1,1,320,311.82,320,311.82,32042,0,0,0,0,0,0,0
783,1058,61336457,58421584,22637,7933,93,7955,0,-14,-18,-14,-18,1,1,1,320,311.82,320,311.82,26416,0,0,0,0,0,0,0
784,1059,52268460,55157791,22441,7933,93,7955,0,-13,-18,-13,-18,1,1,1,365.71,336.6,365.71,336.6,26000,0,0,0,0,0,0,0
785,1060,61060793,58517000,22073,7933,93,7955,0,-13,-18,-13,-18,1,1,1,365.71,336.6,365.71,336.6,28667,0,0,0,0,0,0,0
786,1061,73041997,75353167,22189,7933,93,7955,0,-13,-18,-13,-18,1,1,1,365.71,336.6,365.71,336.6,46917,0,0,0,0,0,0,0
787,1062,67316122,65910625,22459,7933,96,7955,0,-13,-18,-13,-18,1,1,1,365.71,336.6,365.71,336.6,33208,0,0,0,0,0,0,0
788,1063,51135372,52666625,22137,7933,93,7955,0,-12,-18,-12,-18,1,1,1,411.43,359.32,411.43,359.32,27584,0,0,0,0,0,0,0
789,1064,52496917,51104375,22073,7933,93,7955,0,-12,-18,-12,-18,1,1,1,411.43,359.32,411.43,359.32,26833,0,0,0,0,0,0,0
790,1065,42548045,44029042,22277,7933,93,7955,0,-12,-18,-12,-18,1,1,1,411.43,359.32,411.43,359.32,22666,0,0,0,0,0,0,0
791,1066,41230250,41198334,22073,7933,93,7955,0,-12,-18,-12,-18,1,1,1,411.43,359.32,411.43,359.32,22083,0,0,0,0,0,0,0
792,1067,39937749,38764334,22073,7933,93,7955,0,-11,-18,-11,-18,1,1,1,457.14,380.06,457.14,380.06,19250,0,0,0,0,0,0,0
793,1068,35993706,35968875,22701,7933,93,7955,0,-11,-18,-11,-18,1,1,1,457.14,380.06,457.14,380.06,19084,0,0,0,0,0,0,0
794,1069,32969705,34167125,22377,7933,93,7955,0,-11,-18,-11,-18,1,1,1,457.14,380.06,457.14,380.06,16875,0,0,0,0,0,0,0
795,1070,35754714,34580000,22073,7933,93,7955,0,-11,-18,-11,-18,1,1,1,457.14,380.06,457.14,380.06,16708,0,0,0,0,0,0,0
796,1071,33048789,34168708,22189,7934,94,7956,0,-10,-18,-10,-18,1,1,1,502.86,399.44,502.86,399.44,17541,0,0,0,0,0,0,0
797,1072,36748796,36662625,22073,7933,93,7955,0,-10,-18,-10,-18,1,1,1,502.86,399.44,502.86,399.44,19375,0,0,0,0,0,0,0
798,1073,35524249,34427167,22073,7933,96,7955,0,-10,-18,-10,-18,1,1,1,502.86,399.44,502.86,399.44,17250,0,0,0,0,0,0,0
799,1074,32605335,33736000,22225,7933,93,7955,0,-10,-18,-10,-18,1,1,1,502.86,399.44,502.86,399.44,17209,0,0,0,0,0,0,0
800,1075,33608745,33624875,22073,7933,93,7955,0,-9,-18,-9,-18,1,1,1,548.57,418.39,548.57,418.39,17458,0,0,0,0,0,0,0
801,1076,34682590,33541000,22073,7933,93,7955,0,-9,-18,-9,-18,1,1,1,548.57,418.39,548.57,418.39,17542,0,0,0,0,0,0,0
802,1077,32817121,33917417,22189,7933,93,7955,0,-9,-18,-9,-18,1,1,1,548.57,418.39,548.57,418.39,17834,0,0,0,0,0,0,0
803,1078,33789958,33726458,22073,7933,93,7955,0,-9,-18,-9,-18,1,1,1,548.57,418.39,548.57,418.39,17667,0,0,0,0,0,0,0
804,1079,34876957,33813458,22161,7933,93,7955,0,-8,-18,-8,-18,1,1,1,594.29,422.77,594.29,422.77,16667,0,0,0,0,0,0,0
805,1080,32223626,33285875,22137,7933,93,7955,0,-8,-18,-8,-18,1,1,1,594.29,422.77,594.29,422.77,16792,0,0,0,0,0,0,0
806,1081,33336125,33333333,22073,7933,93,7955,0,-8,-18,-8,-18,1,1,1,594.29,422.77,594.29,422.77,16708,0,0,0,0,0,0,0
807,1082,36311585,34297834,22637,7933,93,7955,0,-8,-18,-8,-18,1,1,1,594.29,422.77,594.29,422.77,16959,0,0,0,0,0,0,0
808,1083,34587167,36522875,22405,7933,93,7955,0,-6,-18,-6,-18,1,1,1,685.71,416.09,685.71,416.09,16875,0,0,0,0,0,0,0
809,1084,36580540,36532250,22161,7933,93,7955,0,-6,-18,-6,-18,1,1,1,685.71,416.09,685.71,416.09,16417,0,0,0,0,0,0,0
810,1085,39691459,38667958,22073,7933,93,7955,0,-6,-18,-6,-18,1,1,1,685.71,416.09,685.71,416.09,16750,0,0,0,0,0,0,0
811,1086,41624035,42590250,22137,7934,94,7956,0,-6,-18,-6,-18,1,1,1,685.71,416.09,685.71,416.09,17416,0,0,0,0,0,0,0
812,1087,37921711,37932084,22073,7933,96,7955,0,-5,-18,-5,-18,1,1,1,731.43,431,731.43,431,17250,0,0,0,0,0,0,0
813,1088,36733709,35188750,22161,7933,93,7955,0,-5,-18,-5,-18,1,1,1,731.43,431,731.43,431,17000,0,0,0,0,0,0,0
814,1089,42667869,44101250,22189,7933,93,7955,0,-5,-18,-5,-18,1,1,1,731.43,431,731.43,431,23833,0,0,0,0,0,0,0
815,1090,51892418,51867959,22073,7933,93,7955,0,-5,-18,-5,-18,1,1,1,731.43,431,731.43,431,22542,0,0,0,0,0,0,0
816,1091,68574957,66500166,27553,7933,93,7955,0,-4,-18,-4,-18,1,1,1,777.14,453.14,777.14,453.14,592583,0,554500,549417,0,0,0,0
817,1092,68563252,70449583,22225,7933,93,7955,0,-4,-18,-4,-18,1,1,1,777.14,453.14,777.14,453.14,33000,0,0,0,0,0,0,0
818,1093,80828413,77041208,22689,7933,93,7955,0,-4,-18,-4,-18,1,1,1,777.14,453.14,777.14,453.14,22833,0,0,0,0,0,0,0
819,1094,69873169,73381458,22353,7933,93,7955,0,-4,-18,-4,-18,1,1,1,777.14,453.14,777.14,453.14,35334,0,0,0,0,0,0,0
820,1095,81770166,79983375,22161,7933,93,7955,0,-3,-18,-3,-18,1,1,1,822.86,475.99,822.86,475.99,31958,0,0,0,0,0,0,0
821,1096,66356368,67960959,22189,7933,96,7955,0,-3,-18,-3,-18,1,1,1,822.86,475.99,822.86,475.99,30875,0,0,0,0,0,0,0
822,1097,66080957,64820833,22073,7933,93,7955,0,-3,-18,-3,-18,1,1,1,822.86,475.99,822.86,475.99,35166,0,0,0,0,0,0,0
823,1098,55398207,57087500,22225,7933,93,7955,0,-3,-18,-3,-18,1,1,1,822.86,475.99,822.86,475.99,27250,0,0,0,0,0,0,0
824,1099,56584835,55206625,22073,7933,93,7955,0,-2,-18,-2,-18,1,1,1,868.57,498.85,868.57,498.85,23375,0,0,0,0,0,0,0
825,1100,48241119,49545042,22189,7933,93,7955,0,-2,-18,-2,-18,1,1,1,868.57,498.85,868.57,498.85,20791,0,0,0,0,0,0,0
826,1101,48253417,46433042,22725,7934,94,7956,0,-2,-18,-2,-18,1,1,1,868.57,498.85,868.57,498.85,19750,0,0,0,0,0,0,0
827,1102,48981506,49054541,22289,7933,93,7955,0,-2,-18,-2,-18,1,1,1,868.57,498.85,868.57,498.85,19583,0,0,0,0,0,0,0
828,1103,54119579,55670375,22137,7933,93,7955,0,-1,-18,-1,-18,1,1,1,914.29,521.71,914.29,521.71,24042,0,0,0,0,0,0,0
829,1104,60600750,58806708,22213,7933,93,7955,0,-1,-18,-1,-18,1,1,1,914.29,521.71,914.29,521.71,25000,0,0,0,0,0,0,0
830,1105,56774247,58530417,22137,7933,96,7955,0,-1,-18,-1,-18,1,1,1,914.29,521.71,914.29,521.71,25291,0,0,0,0,0,0,0
831,1106,62707170,61064042,22073,7933,93,7955,0,-1,-18,-1,-18,1,1,1,914.29,521.71,914.29,521.71,27792,0,0,0,0,0,0,0
832,1107,51645953,53349125,22225,7933,93,7955,0,0,-18,0,-18,1,1,1,960,544.56,960,544.56,22375,0,0,0,0,0,0,0
833,1108,45810714,45810042,22125,7933,93,7955,0,0,-18,0,-18,1,1,1,960,544.56,960,544.56,22834,0,0,0,0,0,0,0
834,1109,44222243,43084458,22073,7933,93,7955,0,0,-18,0,-18,1,1,1,960,544.56,960,544.56,19333,0,0,0,0,0,0,0
835,1110,38818124,38756792,22701,7933,93,7955,0,0,-18,0,-18,1,1,1,960,544.56,960,544.56,16500,0,0,0,0,0,0,0
836,1111,35828381,37078083,22377,7933,93,7955,0,1,-18,1,-18,1,1,1,1005.71,567.42,1005.71,567.42,22417,0,0,0,0,0,0,0
837,1112,35246413,34145458,22073,7933,93,7955,0,1,-18,1,-18,1,1,1,1005.71,567.42,1005.71,567.42,15167,0,0,0,0,0,0,0
838,1113,33250667,34309000,22137,7933,93,7955,0,1,-18,1,-18,1,1,1,1005.71,567.42,1005.71,567.42,14250,0,0,0,0,0,0,0
839,1114,37061620,37088542,22125,7933,93,7955,0,1,-18,1,-18,1,1,1,1005.71,567.42,1005.71,567.42,16541,0,0,0,0,0,0,0
840,1115,35177875,34006292,22073,7933,96,7955,0,2,-18,2,-18,1,1,1,1051.43,590.28,1051.43,590.28,14542,0,0,0,0,0,0,0
841,1116,32725289,33868250,22225,7934,94,7956,0,2,-18,2,-18,1,1,1,1051.43,590.28,1051.43,590.28,14250,0,0,0,0,0,0,0
842,1117,33707171,33660750,22073,7933,93,7955,0,2,-18,2,-18,1,1,1,1051.43,590.28,1051.43,590.28,14583,0,0,0,0,0,0,0
843,1118,34540668,33437250,22073,7933,93,7955,0,2,-18,2,-18,1,1,1,1051.43,590.28,1051.43,590.28,14208,0,0,0,0,0,0,0
844,1119,32626040,33726333,22137,7933,93,7955,0,3,-18,3,-18,1,1,1,1097.14,613.14,1097.14,613.14,14041,0,0,0,0,0,0,0
845,1120,33616624,33554875,22125,7933,93,7955,0,3,-18,3,-18,1,1,1,1097.14,613.14,1097.14,613.14,14666,0,0,0,0,0,0,0
846,1121,34466665,33402167,22161,7933,93,7955,0,3,-18,3,-18,1,1,1,1097.14,613.14,1097.14,613.14,13917,0,0,0,0,0,0,0
847,1122,32433915,33528291,22137,7933,93,7955,0,3,-18,3,-18,1,1,1,1097.14,613.14,1097.14,613.14,14833,0,0,0,0,0,0,0
848,1123,32090872,32061042,22073,7933,93,7955,0,4,-18,4,-18,1,1,1,1142.86,635.99,1142.86,635.99,13958,0,0,0,0,0,0,0
849,1124,31877748,31888125,22073,7933,93,7955,0,4,-18,4,-18,1,1,1,1142.86,635.99,1142.86,635.99,12833,0,0,0,0,0,0,0
850,1125,32248958,30421791,22637,7933,93,7955,0,4,-18,4,-18,1,1,1,1142.86,635.99,1142.86,635.99,13042,0,0,0,0,0,0,0
851,1126,29882503,31675125,22441,7933,93,7955,0,4,-18,4,-18,1,1,1,1142.86,635.99,1142.86,635.99,13583,0,0,0,0,0,0,0
852,1127,36048207,36008167,32397,7933,93,7955,0,5,-18,5,-18,1,1,1,1188.57,662.98,1188.57,662.98,310667,0,292375,284334,0,0,0,0
853,1128,37314292,36126875,22073,7933,93,7955,0,5,-18,5,-18,1,1,1,1188.57,662.98,1188.57,662.98,15500,0,0,0,0,0,0,0
854,1129,41039541,42194041,22137,7933,93,7955,0,5,-18,5,-18,1,1,1,1188.57,662.98,1188.57,662.98,19375,0,0,0,0,0,0,0
855,1130,38971789,38780917,22073,7933,96,7955,0,5,-18,5,-18,1,1,1,1188.57,662.98,1188.57,662.98,17666,0,0,0,0,0,0,0
856,1131,38944832,38006250,22161,7934,94,7956,0,6,-18,6,-18,1,1,1,1234.29,696.59,1234.29,696.59,15167,0,0,0,0,0,0,0
857,1132,38986328,40063125,22137,7933,93,7955,0,6,-18,6,-18,1,1,1,1234.29,696.59,1234.29,696.59,16250,0,0,0,0,0,0,0
858,1133,49023751,48844416,22125,7933,93,7955,0,6,-18,6,-18,1,1,1,1234.29,696.59,1234.29,696.59,20750,0,0,0,0,0,0,0
859,1134,63566960,61122291,22073,7933,93,7955,0,6,-18,6,-18,1,1,1,1234.29,696.59,1234.29,696.59,23500,0,0,0,0,0,0,0
860,1135,71225084,73476583,22225,7933,93,7955,0,7,-18,7,-18,1,1,1,1280,736.66,1280,736.66,31625,0,0,0,0,0,0,0
861,1136,83090707,76279291,22637,7933,93,7955,0,7,-18,7,-18,1,1,1,1280,736.66,1280,736.66,22750,0,0,0,0,0,0,0
862,1137,69162286,75885000,22493,7933,93,7955,0,7,-18,7,-18,1,1,1,1280,736.66,1280,736.66,22583,0,0,0,0,0,0,0
863,1138,77132500,74684042,22073,7933,93,7955,0,7,-18,7,-18,1,1,1,1280,736.66,1280,736.66,31959,0,0,0,0,0,0,0
864,1139,66987417,69207250,22137,7933,96,7955,0,8,-18,8,-18,1,1,1,1325.71,772.98,1325.71,772.98,31000,0,0,0,0,0,0,0
865,1140,59160288,57378167,22213,7933,93,7955,0,8,-18,8,-18,1,1,1,1325.71,772.98,1325.71,772.98,54291,0,0,0,0,0,0,0
866,1141,52956044,55012917,22137,7933,93,7955,0,8,-18,8,-18,1,1,1,1325.71,772.98,1325.71,772.98,24583,0,0,0,0,0,0,0
867,1142,55643204,53806708,22073,7933,93,7955,0,8,-18,8,-18,1,1,1,1325.71,772.98,1325.71,772.98,24708,0,0,0,0,0,0,0
868,1143,49081753,50899417,22225,7933,93,7955,0,9,-18,9,-18,1,1,1,1371.43,801.36,1371.43,801.36,25291,0,0,0,0,0,0,0
869,1144,50245705,48580541,22689,7933,93,7955,0,9,-18,9,-18,1,1,1,1371.43,801.36,1371.43,801.36,21500,0,0,0,0,0,0,0
870,1145,51605872,51131625,22289,7933,93,7955,0,9,-18,9,-18,1,1,1,1371.43,801.36,1371.43,801.36,20959,0,0,0,0,0,0,0
871,1146,50426416,52530417,22225,7934,94,7956,0,9,-18,9,-18,1,1,1,1371.43,801.36,1371.43,801.36,24875,0,0,0,0,0,0,0
872,1147,58789506,57176500,22073,7933,93,7955,0,10,-18,10,-18,1,1,1,1417.14,823.72,1417.14,823.72,26416,0,0,0,0,0,0,0
873,1148,54441291,55663083,22189,7933,96,7955,0,10,-18,10,-18,1,1,1,1417.14,823.72,1417.14,823.72,26208,0,0,0,0,0,0,0
874,1149,56970875,55035000,22161,7933,93,7955,0,10,-18,10,-18,1,1,1,1417.14,823.72,1417.14,823.72,26500,0,0,0,0,0,0,0
875,1150,54432369,56650292,22137,7933,93,7955,0,10,-18,10,-18,1,1,1,1417.14,823.72,1417.14,823.72,26959,0,0,0,0,0,0,0
876,1151,56202586,54427167,22073,7933,93,7955,0,11,-18,11,-18,1,1,1,1462.86,845.83,1462.86,845.83,27834,0,0,0,0,0,0,0
877,1152,63177995,64815166,22277,7933,93,7955,0,11,-18,11,-18,1,1,1,1462.86,845.83,1462.86,845.83,26791,0,0,0,0,0,0,0
878,1153,70771835,66856125,22637,7933,93,7955,0,11,-18,11,-18,1,1,1,1462.86,845.83,1462.86,845.83,34000,0,0,0,0,0,0,0
879,1154,56109171,59928375,22353,7933,93,7955,0,11,-18,11,-18,1,1,1,1462.86,845.83,1462.86,845.83,34333,0,0,0,0,0,0,0
880,1155,48846039,47583417,22161,7933,93,7955,0,12,-18,12,-18,1,1,1,1508.57,868.27,1508.57,868.27,27500,0,0,0,0,0,0,0
881,1156,44365666,45823916,22189,7933,93,7955,0,12,-18,12,-18,1,1,1,1508.57,868.27,1508.57,868.27,25958,0,0,0,0,0,0,0
882,1157,37901330,37897458,22073,7933,96,7955,0,12,-18,12,-18,1,1,1,1508.57,868.27,1508.57,868.27,19334,0,0,0,0,0,0,0
883,1158,35591587,34438417,22073,7933,93,7955,0,12,-18,12,-18,1,1,1,1508.57,868.27,1508.57,868.27,16792,0,0,0,0,0,0,0
884,1159,33088330,34225625,22225,7933,93,7955,0,13,-18,13,-18,1,1,1,1554.29,892.25,1554.29,892.25,17041,0,0,0,0,0,0,0
885,1160,35319920,35234958,22073,7933,93,7955,0,13,-18,13,-18,1,1,1,1554.29,892.25,1554.29,892.25,16916,0,0,0,0,0,0,0
886,1161,37402417,35659958,22073,7934,94,7956,0,13,-18,13,-18,1,1,1,1554.29,892.25,1554.29,892.25,17000,0,0,0,0,0,0,0
887,1162,35051040,36791209,22189,7933,93,7955,0,13,-18,13,-18,1,1,1,1554.29,892.25,1554.29,892.25,17000,0,0,0,0,0,0,0
888,1163,35728458,35664000,22073,7933,93,7955,0,14,-18,14,-18,1,1,1,1600,918.02,1600,918.02,16958,0,0,0,0,0,0,0
889,1164,40888961,39528667,22161,7933,93,7955,0,14,-18,14,-18,1,1,1,1600,918.02,1600,918.02,16875,0,0,0,0,0,0,0
890,1165,37149164,37273917,22701,7933,93,7955,0,14,-18,14,-18,1,1,1,1600,918.02,1600,918.02,16709,0,0,0,0,0,0,0
891,1166,36645371,37851791,22289,7933,93,7955,0,14,-18,14,-18,1,1,1,1600,918.02,1600,918.02,17000,0,0,0,0,0,0,0
892,1167,38406837,37096541,22073,7933,93,7955,0,15,-18,15,-18,1,1,1,1645.71,944.98,1645.71,944.98,16541,0,0,0,0,0,0,0
893,1168,42403083,43562375,22277,7933,93,7955,0,15,-18,15,-18,1,1,1,1645.71,944.98,1645.71,944.98,21875,0,0,0,0,0,0,0
894,1169,55006746,54906292,22073,7933,93,7955,0,15,-18,15,-18,1,1,1,1645.71,944.98,1645.71,944.98,22209,0,0,0,0,0,0,0
895,1170,67535459,65368125,22073,7933,96,7955,0,15,-18,15,-18,1,1,1,1645.71,944.98,1645.71,944.98,25708,0,0,0,0,0,0,0
896,1171,65978005,67828042,22225,7933,93,7955,0,16,-18,16,-18,1,1,1,1691.43,972.01,1691.43,972.01,32000,0,0,0,0,0,0,0
897,1172,69760836,67797375,22125,7933,93,7955,0,16,-18,16,-18,1,1,1,1691.43,972.01,1691.43,972.01,23417,0,0,0,0,0,0,0
898,1173,66862955,68943125,22137,7933,93,7955,0,16,-18,16,-18,1,1,1,1691.43,972.01,1691.43,972.01,33750,0,0,0,0,0,0,0
899,1174,69281294,65677500,22725,7933,93,7955,0,16,-18,16,-18,1,1,1,1691.43,972.01,1691.43,972.01,32750,0,0,0,0,0,0,0
900,1175,63595958,67226333,22405,7933,93,7955,0,15,-18,15,-18,1,1,1,1645.71,944.98,1645.71,944.98,33000,0,0,0,0,0,0,0
901,1176,57327579,55749083,22073,7934,94,7956,0,15,-18,15,-18,1,1,1,1645.71,944.98,1645.71,944.98,27458,0,0,0,0,0,0,0
902,1177,59890836,61505250,22225,7933,93,7955,0,15,-18,15,-18,1,1,1,1645.71,944.98,1645.71,944.98,26541,0,0,0,0,0,0,0
903,1178,55615335,54246792,22073,7933,96,7955,0,15,-18,15,-18,1,1,1,1645.71,944.98,1645.71,944.98,27875,0,0,0,0,0,0,0
904,1179,46982206,48216667,22189,7933,93,7955,0,14,-18,14,-18,1,1,1,1600,918.02,1600,918.02,22417,0,0,0,0,0,0,0
905,1180,57196874,55338041,22161,7933,93,7955,0,14,-18,14,-18,1,1,1,1600,918.02,1600,918.02,25958,0,0,0,0,0,0,0
906,1181,55485039,57379417,22137,7933,93,7955,0,14,-18,14,-18,1,1,1,1600,918.02,1600,918.02,28750,0,0,0,0,0,0,0
907,1182,57250417,55554125,22073,7933,93,7955,0,14,-18,14,-18,1,1,1,1600,918.02,1600,918.02,26291,0,0,0,0,0,0,0
908,1183,57240165,56919000,22841,7933,93,7955,0,13,-18,13,-18,1,1,1,1554.29,892.25,1554.29,892.25,27708,0,0,0,0,0,0,0
909,1184,66248118,65637167,22289,7933,93,7955,0,13,-18,13,-18,1,1,1,1554.29,892.25,1554.29,892.25,28834,0,0,0,0,0,0,0
910,1185,65583921,67965875,22137,7933,93,7955,0,13,-18,13,-18,1,1,1,1554.29,892.25,1554.29,892.25,37750,0,0,0,0,0,0,0
911,1186,59347916,57916250,22161,7933,93,7955,0,13,-18,13,-18,1,1,1,1554.29,892.25,1554.29,892.25,46292,0,0,0,0,0,0,0
912,1187,47812245,49424292,22189,7933,96,7955,0,12,-18,12,-18,1,1,1,1508.57,868.27,1508.57,868.27,26250,0,0,0,0,0,0,0
913,1188,42324878,42354542,22073,7933,93,7955,0,12,-18,12,-18,1,1,1,1508.57,868.27,1508.57,868.27,22250,0,0,0,0,0,0,0
914,1189,39363373,38062708,22073,7933,93,7955,0,12,-18,12,-18,1,1,1,1508.57,868.27,1508.57,868.27,20666,0,0,0,0,0,0,0
915,1190,36188337,37461708,22225,7933,93,7955,0,12,-18,12,-18,1,1,1,1508.57,868.27,1508.57,868.27,19417,0,0,0,0,0,0,0
916,1191,34088585,34110084,22073,7934,94,7956,0,11,-18,11,-18,1,1,1,1462.86,845.83,1462.86,845.83,16917,0,0,0,0,0,0,0
917,1192,35738166,34629041,22125,7933,93,7955,0,11,-18,11,-18,1,1,1,1462.86,845.83,1462.86,845.83,17500,0,0,0,0,0,0,0
918,1193,32961457,34040167,22137,7933,93,7955,0,11,-18,11,-18,1,1,1,1462.86,845.83,1462.86,845.83,18042,0,0,0,0,0,0,0
919,1194,35447668,34225916,22637,7933,93,7955,0,11,-18,11,-18,1,1,1,1462.86,845.83,1462.86,845.83,17000,0,0,0,0,0,0,0
920,1195,33868998,33976583,22377,7933,93,7955,0,10,-18,10,-18,1,1,1,1417.14,823.72,1417.14,823.72,16666,0,0,0,0,0,0,0
921,1196,32856497,33919959,22137,7933,93,7955,0,10,-18,10,-18,1,1,1,1417.14,823.72,1417.14,823.72,16666,0,0,0,0,0,0,0
922,1197,34609168,34592792,22073,7933,93,7955,0,10,-18,10,-18,1,1,1,1417.14,823.72,1417.14,823.72,17125,0,0,0,0,0,0,0
923,1198,41851289,40167708,22125,7933,93,7955,0,10,-18,10,-18,1,1,1,1417.14,823.72,1417.14,823.72,19250,0,0,0,0,0,0,0
924,1199,35142708,36719208,22137,7933,96,7955,0,9,-18,9,-18,1,1,1,1371.43,801.36,1371.43,801.36,15959,0,0,0,0,0,0,0
925,1200,37586212,37625625,22161,7933,93,7955,0,9,-18,9,-18,1,1,1,1371.43,801.36,1371.43,801.36,16500,0,0,0,0,0,0,0
926,1201,38043666,36943791,22073,7933,93,7955,0,9,-18,9,-18,1,1,1,1371.43,801.36,1371.43,801.36,16792,0,0,0,0,0,0,0
927,1202,35607293,36662792,22137,7933,93,7955,0,9,-18,9,-18,1,1,1,1371.43,801.36,1371.43,801.36,16500,0,0,0,0,0,0,0
928,1203,35726666,35627167,22073,7933,93,7955,0,8,-18,8,-18,1,1,1,1325.71,772.98,1325.71,772.98,16042,0,0,0,0,0,0,0
929,1204,42516622,41176791,22125,7933,93,7955,0,8,-18,8,-18,1,1,1,1325.71,772.98,1325.71,772.98,18500,0,0,0,0,0,0,0
930,1205,45694544,46995542,22225,7933,93,7955,0,8,-18,8,-18,1,1,1,1325.71,772.98,1325.71,772.98,20334,0,0,0,0,0,0,0
931,1206,64508251,60802917,22637,7934,94,7956,0,8,-18,8,-18,1,1,1,1325.71,772.98,1325.71,772.98,24792,0,0,0,0,0,0,0
932,1207,65656252,69081917,22353,7933,93,7955,0,7,-18,7,-18,1,1,1,1280,736.66,1280,736.66,31167,0,0,0,0,0,0,0
933,1208,74779212,72383333,22213,7933,93,7955,0,7,-18,7,-18,1,1,1,1280,736.66,1280,736.66,31542,0,0,0,0,0,0,0
934,1209,77149912,79357167,22137,7933,93,7955,0,7,-18,7,-18,1,1,1,1280,736.66,1280,736.66,32333,0,0,0,0,0,0,0
935,1210,70610709,68855708,22161,7933,96,7955,0,7,-18,7,-18,1,1,1,1280,736.66,1280,736.66,31750,0,0,0,0,0,0,0
936,1211,66301420,68143708,22189,7933,93,7955,0,6,-18,6,-18,1,1,1,1234.29,696.59,1234.29,696.59,32583,0,0,0,0,0,0,0
937,1212,60981623,59251167,22073,7933,93,7955,0,6,-18,6,-18,1,1,1,1234.29,696.59,1234.29,696.59,29458,0,0,0,0,0,0,0
938,1213,51292419,53154416,22225,7933,93,7955,0,6,-18,6,-18,1,1,1,1234.29,696.59,1234.29,696.59,25458,0,0,0,0,0,0,0
939,1214,50173420,47420042,22637,7933,93,7955,0,6,-18,6,-18,1,1,1,1234.29,696.59,1234.29,696.59,19417,0,0,0,0,0,0,0
940,1215,44565871,47224292,22405,7933,93,7955,0,5,-18,5,-18,1,1,1,1188.57,662.98,1188.57,662.98,18833,0,0,0,0,0,0,0
941,1216,46782121,46760500,22073,7933,93,7955,0,5,-18,5,-18,1,1,1,1188.57,662.98,1188.57,662.98,19000,0,0,0,0,0,0,0
942,1217,59468790,57611375,22161,7933,93,7955,0,5,-18,5,-18,1,1,1,1188.57,662.98,1188.57,662.98,20834,0,0,0,0,0,0,0
943,1218,53645543,55369959,22137,7933,96,7955,0,5,-18,5,-18,1,1,1,1188.57,662.98,1188.57,662.98,22833,0,0,0,0,0,0,0
944,1219,59150334,57504041,27605,7933,93,7955,0,4,-18,4,-18,1,1,1,1142.86,635.99,1142.86,635.99,473959,0,443708,439000,0,0,0,0
945,1220,61409629,63002333,22225,7933,93,7955,0,4,-18,4,-18,1,1,1,1142.86,635.99,1142.86,635.99,23167,0,0,0,0,0,0,0
946,1221,63787080,61521917,22073,7934,94,7956,0,4,-18,4,-18,1,1,1,1142.86,635.99,1142.86,635.99,27917,0,0,0,0,0,0,0
947,1222,59714291,61750083,22137,7933,93,7955,0,4,-18,4,-18,1,1,1,1142.86,635.99,1142.86,635.99,28917,0,0,0,0,0,0,0
948,1223,61698872,58248125,22777,7933,93,7955,0,3,-18,3,-18,1,1,1,1097.14,613.14,1097.14,613.14,22375,0,0,0,0,0,0,0
949,1224,52099831,55771875,22353,7933,93,7955,0,3,-18,3,-18,1,1,1,1097.14,613.14,1097.14,613.14,24375,0,0,0,0,0,0,0
950,1225,54291170,52536667,22073,7933,93,7955,0,3,-18,3,-18,1,1,1,1097.14,613.14,1097.14,613.14,22792,0,0,0,0,0,0,0
951,1226,47939747,49708959,22225,7933,93,7955,0,3,-18,3,-18,1,1,1,1097.14,613.14,1097.14,613.14,23000,0,0,0,0,0,0,0
952,1227,42758923,42790667,22125,7933,96,7955,0,2,-18,2,-18,1,1,1,1051.43,590.28,1051.43,590.28,18542,0,0,0,0,0,0,0
953,1228,40712416,39449750,22073,7933,93,7955,0,2,-18,2,-18,1,1,1,1051.43,590.28,1051.43,590.28,16500,0,0,0,0,0,0,0
954,1229,35738497,36939542,22137,7933,93,7955,0,2,-18,2,-18,1,1,1,1051.43,590.28,1051.43,590.28,16250,0,0,0,0,0,0,0
955,1230,34300539,34348667,22161,7933,93,7955,0,2,-18,2,-18,1,1,1,1051.43,590.28,1051.43,590.28,14291,0,0,0,0,0,0,0
956,1231,35535458,34405666,22073,7933,93,7955,0,1,-18,1,-18,1,1,1,1005.71,567.42,1005.71,567.42,14667,0,0,0,0,0,0,0
957,1232,34019671,35124333,22137,7933,93,7955,0,1,-18,1,-18,1,1,1,1005.71,567.42,1005.71,567.42,14833,0,0,0,0,0,0,0
958,1233,36404456,36342250,22125,7933,93,7955,0,1,-18,1,-18,1,1,1,1005.71,567.42,1005.71,567.42,14333,0,0,0,0,0,0,0
959,1234,38164455,36646417,22073,7933,93,7955,0,1,-18,1,-18,1,1,1,1005.71,567.42,1005.71,567.42,16125,0,0,0,0,0,0,0
960,1235,38848914,39245541,22789,7933,93,7955,0,0,-18,0,-18,1,1,1,960,544.56,960,544.56,18833,0,0,0,0,0,0,0
961,1236,36980915,38080041,22289,7934,94,7956,0,0,-18,0,-18,1,1,1,960,544.56,960,544.56,14458,0,0,0,0,0,0,0
962,1237,39783168,38288833,22073,7933,93,7955,0,0,-18,0,-18,1,1,1,960,544.56,960,544.56,15750,0,0,0,0,0,0,0
963,1238,39454415,40717334,22137,7933,93,7955,0,0,-18,0,-18,1,1,1,960,544.56,960,544.56,15667,0,0,0,0,0,0,0
964,1239,51582332,51530833,22213,7933,93,7955,0,-1,-18,-1,-18,1,1,1,914.29,521.71,914.29,521.71,20875,0,0,0,0,0,0,0
965,1240,65008997,62862334,22073,7933,96,7955,0,-1,-18,-1,-18,1,1,1,914.29,521.71,914.29,521.71,22584,0,0,0,0,0,0,0
966,1241,67516669,69484875,22137,7933,93,7955,0,-1,-18,-1,-18,1,1,1,914.29,521.71,914.29,521.71,27750,0,0,0,0,0,0,0
967,1242,87550625,85253833,22161,7933,93,7955,0,-1,-18,-1,-18,1,1,1,914.29,521.71,914.29,521.71,28500,0,0,0,0,0,0,0
968,1243,66425882,68673625,22189,7933,93,7955,0,-2,-18,-2,-18,1,1,1,868.57,498.85,868.57,498.85,27250,0,0,0,0,0,0,0
969,1244,72247125,68310708,22725,7933,93,7955,0,-2,-18,-2,-18,1,1,1,868.57,498.85,868.57,498.85,31000,0,0,0,0,0,0,0
970,1245,64040668,67838458,22353,7933,93,7955,0,-2,-18,-2,-18,1,1,1,868.57,498.85,868.57,498.85,22875,0,0,0,0,0,0,0
971,1246,67251913,65236333,22125,7933,93,7955,0,-2,-18,-2,-18,1,1,1,868.57,498.85,868.57,498.85,31375,0,0,0,0,0,0,0
972,1247,54182462,56406625,22225,7933,96,7955,0,-3,-18,-3,-18,1,1,1,822.86,475.99,822.86,475.99,24625,0,0,0,0,0,0,0
973,1248,55016998,53558333,22073,7933,93,7955,0,-3,-18,-3,-18,1,1,1,822.86,475.99,822.86,475.99,26042,0,0,0,0,0,0,0
974,1249,47857001,49037916,22137,7933,93,7955,0,-3,-18,-3,-18,1,1,1,822.86,475.99,822.86,475.99,20792,0,0,0,0,0,0,0
975,1250,56522037,55179583,22213,7933,93,7955,0,-3,-18,-3,-18,1,1,1,822.86,475.99,822.86,475.99,24125,0,0,0,0,0,0,0
976,1251,54496251,55856417,22137,7934,94,7956,0,-4,-18,-4,-18,1,1,1,777.14,453.14,777.14,453.14,26375,0,0,0,0,0,0,0
977,1252,57965874,54981792,22637,7933,93,7955,0,-4,-18,-4,-18,1,1,1,777.14,453.14,777.14,453.14,26250,0,0,0,0,0,0,0
978,1253,52009459,55093292,22441,7933,93,7955,0,-4,-18,-4,-18,1,1,1,777.14,453.14,777.14,453.14,26208,0,0,0,0,0,0,0
979,1254,57460330,55248542,22125,7933,93,7955,0,-4,-18,-4,-18,1,1,1,777.14,453.14,777.14,453.14,25292,0,0,0,0,0,0,0
980,1255,59581249,61637625,32409,7933,93,7955,0,-5,-18,-5,-18,1,1,1,731.43,431,731.43,431,563458,0,527666,520166,0,0,0,0
981,1256,58529499,57056959,22161,7933,96,7955,0,-5,-18,-5,-18,1,1,1,731.43,431,731.43,431,26459,0,0,0,0,0,0,0
982,1257,61631999,62727000,22137,7933,93,7955,0,-5,-18,-5,-18,1,1,1,731.43,431,731.43,431,27291,0,0,0,0,0,0,0
983,1258,65568834,64366833,22125,7933,93,7955,0,-5,-18,-5,-18,1,1,1,731.43,431,731.43,431,33750,0,0,0,0,0,0,0
984,1259,57525001,58573250,22225,7933,93,7955,0,-6,-18,-6,-18,1,1,1,685.71,416.09,685.71,416.09,26625,0,0,0,0,0,0,0
985,1260,59247959,58224583,22073,7933,93,7955,0,-6,-18,-6,-18,1,1,1,685.71,416.09,685.71,416.09,27167,0,0,0,0,0,0,0
986,1261,53645245,53510916,22701,7933,93,7955,0,-6,-18,-6,-18,1,1,1,685.71,416.09,685.71,416.09,32166,0,0,0,0,0,0,0
987,1262,49825213,50145333,22429,7933,93,7955,0,-6,-18,-6,-18,1,1,1,685.71,416.09,685.71,416.09,26542,0,0,0,0,0,0,0
988,1263,42642127,44051541,22137,7933,93,7955,0,-8,-18,-8,-18,1,1,1,594.29,422.77,594.29,422.77,21458,0,0,0,0,0,0,0
989,1264,42066495,42046167,22073,7933,93,7955,0,-8,-18,-8,-18,1,1,1,594.29,422.77,594.29,422.77,21250,0,0,0,0,0,0,0
990,1265,39981164,38738708,22073,7933,96,7955,0,-8,-18,-8,-18,1,1,1,594.29,422.77,594.29,422.77,18750,0,0,0,0,0,0,0
991,1266,33861711,35097417,22225,7934,94,7956,0,-8,-18,-8,-18,1,1,1,594.29,422.77,594.29,422.77,18583,0,0,0,0,0,0,0
992,1267,34251708,34257209,22125,7933,93,7955,0,-9,-18,-9,-18,1,1,1,548.57,418.39,548.57,418.39,17750,0,0,0,0,0,0,0
993,1268,35318333,34220084,22073,7933,93,7955,0,-9,-18,-9,-18,1,1,1,548.57,418.39,548.57,418.39,17625,0,0,0,0,0,0,0
994,1269,33371079,34437792,22137,7933,93,7955,0,-9,-18,-9,-18,1,1,1,548.57,418.39,548.57,418.39,17750,0,0,0,0,0,0,0
995,1270,33955875,33874375,22073,7933,93,7955,0,-9,-18,-9,-18,1,1,1,548.57,418.39,548.57,418.39,17583,0,0,0,0,0,0,0
996,1271,35208582,34180375,22161,7933,93,7955,0,-10,-18,-10,-18,1,1,1,502.86,399.44,502.86,399.44,17959,0,0,0,0,0,0,0
997,1272,32395210,33412292,22137,7933,93,7955,0,-10,-18,-10,-18,1,1,1,502.86,399.44,502.86,399.44,17084,0,0,0,0,0,0,0
998,1273,33987626,34020000,22125,7933,93,7955,0,-10,-18,-10,-18,1,1,1,502.86,399.44,502.86,399.44,21125,0,0,0,0,0,0,0
999,1274,35863917,33811000,22637,7933,93,7955,0,-10,-18,-10,-18,1,1,1,502.86,399.44,502.86,399.44,16792,0,0,0,0,0,0,0
1000,1275,31690370,33616042,22353,7933,93,7955,0,-11,-18,-11,-18,1,1,1,457.14,380.06,457.14,380.06,16625,0,0,0,0,0,0,0
1001,1276,33614378,33692625,22161,7933,93,7955,0,-11,-18,-11,-18,1,1,1,457.14,380.06,457.14,380.06,22125,0,0,0,0,0,0,0
1002,1277,32377082,32378000,22073,7933,93,7955,0,-11,-18,-11,-18,1,1,1,457.14,380.06,457.14,380.06,16750,0,0,0,0,0,0,0
1003,1278,35262960,34213833,22073,7933,93,7955,0,-11,-18,-11,-18,1,1,1,457.14,380.06,457.14,380.06,16000,0,0,0,0,0,0,0
1004,1279,30389873,31426667,22189,7933,96,7955,0,-12,-18,-12,-18,1,1,1,411.43,359.32,411.43,359.32,15083,0,0,0,0,0,0,0
1005,1280,31762253,31682500,22073,7933,93,7955,0,-12,-18,-12,-18,1,1,1,411.43,359.32,411.43,359.32,15208,0,0,0,0,0,0,0
1006,1281,33092752,33118167,22161,7934,94,7956,0,-12,-18,-12,-18,1,1,1,411.43,359.32,411.43,359.32,15667,0,0,0,0,0,0,0
1007,1282,37516623,36369875,22073,7933,93,7955,0,-12,-18,-12,-18,1,1,1,411.43,359.32,411.43,359.32,16875,0,0,0,0,0,0,0
1008,1283,35589661,36567500,22137,7933,93,7955,0,-13,-18,-13,-18,1,1,1,365.71,336.6,365.71,336.6,18250,0,0,0,0,0,0,0
1009,1284,36926168,36933750,22073,7933,93,7955,0,-13,-18,-13,-18,1,1,1,365.71,336.6,365.71,336.6,16917,0,0,0,0,0,0,0
1010,1285,37856794,36738458,22125,7933,93,7955,0,-13,-18,-13,-18,1,1,1,365.71,336.6,365.71,336.6,18000,0,0,0,0,0,0,0
1011,1286,37133291,38268084,22225,7933,93,7955,0,-13,-18,-13,-18,1,1,1,365.71,336.6,365.71,336.6,17875,0,0,0,0,0,0,0
1012,1287,40631957,40387584,22073,7933,93,7955,0,-14,-18,-14,-18,1,1,1,320,311.82,320,311.82,16333,0,0,0,0,0,0,0
1013,1288,49569580,46218125,22637,7933,93,7955,0,-14,-18,-14,-18,1,1,1,320,311.82,320,311.82,19250,0,0,0,0,0,0,0
1014,1289,58521788,61797125,22353,7933,93,7955,0,-14,-18,-14,-18,1,1,1,320,311.82,320,311.82,26375,0,0,0,0,0,0,0
1015,1290,69146171,67247375,22213,7933,93,7955,0,-14,-18,-14,-18,1,1,1,320,311.82,320,311.82,32417,0,0,0,0,0,0,0
1016,1291,74919998,76717000,22137,7933,93,7955,0,-15,-18,-15,-18,1,1,1,274.29,285.43,274.29,285.43,67167,0,0,0,0,0,0,0
1017,1292,68314500,66115375,22073,7933,96,7955,0,-15,-18,-15,-18,1,1,1,274.29,285.43,274.29,285.43,61250,0,0,0,0,0,0,0
1018,1293,66253751,68522042,22277,7933,93,7955,0,-15,-18,-15,-18,1,1,1,274.29,285.43,274.29,285.43,64458,0,0,0,0,0,0,0
1019,1294,71524128,69527375,22073,7933,93,7955,0,-15,-18,-15,-18,1,1,1,274.29,285.43,274.29,285.43,66667,0,0,0,0,0,0,0
1020,1295,61995040,63926833,22137,7933,93,7955,0,-16,-18,-16,-18,1,1,1,228.57,258.09,228.57,258.09,59959,0,0,0,0,0,0,0
1021,1296,58784835,55992708,22777,7934,94,7956,0,-16,-18,-16,-18,1,1,1,228.57,258.09,228.57,258.09,54083,0,0,0,0,0,0,0
1022,1297,52871789,55642875,22353,7933,93,7955,0,-16,-18,-16,-18,1,1,1,228.57,258.09,228.57,258.09,57666,0,0,0,0,0,0,0
1023,1298,54298460,52098875,22073,7933,93,7955,0,-16,-18,-16,-18,1,1,1,228.57,258.09,228.57,258.09,59750,0,0,0,0,0,0,0
1024,1299,53638499,55939291,22225,7933,93,7955,0,-17,-18,-17,-18,1,1,1,182.86,230.19,182.86,230.19,93208,0,0,0,0,0,0,0
1025,1300,57844620,55348375,22125,7933,96,7955,0,-17,-18,-17,-18,1,1,1,182.86,230.19,182.86,230.19,48083,0,0,0,0,0,0,0
1026,1301,53650666,55756250,22137,7933,93,7955,0,-17,-18,-17,-18,1,1,1,182.86,230.19,182.86,230.19,78292,0,0,0,0,0,0,0
1027,1302,58322250,56973667,22161,7933,93,7955,0,-17,-18,-17,-18,1,1,1,182.86,230.19,182.86,230.19,55750,0,0,0,0,0,0,0
1028,1303,63047125,64196000,22137,7933,93,7955,0,-16,-18,-16,-18,1,1,1,228.57,258.09,228.57,258.09,56625,0,0,0,0,0,0,0
1029,1304,74460834,70439333,22689,7933,93,7955,0,-16,-18,-16,-18,1,1,1,228.57,258.09,228.57,258.09,63625,0,0,0,0,0,0,0
1030,1305,64478702,68822750,22441,7933,93,7955,0,-16,-18,-16,-18,1,1,1,228.57,258.09,228.57,258.09,77792,0,0,0,0,0,0,0
1031,1306,58339376,56367750,22073,7933,93,7955,0,-16,-18,-16,-18,1,1,1,228.57,258.09,228.57,258.09,70791,0,0,0,0,0,0,0
1032,1307,61452705,63291708,22137,7933,93,7955,0,-15,-18,-15,-18,1,1,1,274.29,285.43,274.29,285.43,105917,0,0,0,0,0,0,0
1033,1308,65173380,62678375,22213,7933,96,7955,0,-15,-18,-15,-18,1,1,1,274.29,285.43,274.29,285.43,65084,0,0,0,0,0,0,0
1034,1309,66754832,69159375,22137,7933,93,7955,0,-15,-18,-15,-18,1,1,1,274.29,285.43,274.29,285.43,82458,0,0,0,0,0,0,0
1035,1310,62769703,61184084,22073,7933,93,7955,0,-15,-18,-15,-18,1,1,1,274.29,285.43,274.29,285.43,67875,0,0,0,0,0,0,0
1036,1311,49040708,50755500,22225,7934,94,7956,0,-14,-18,-14,-18,1,1,1,320,311.82,320,311.82,49458,0,0,0,0,0,0,0
1037,1312,43289206,43324542,22125,7933,93,7955,0,-14,-18,-14,-18,1,1,1,320,311.82,320,311.82,21500,0,0,0,0,0,0,0
1038,1313,40952082,38692416,22637,7933,93,7955,0,-14,-18,-14,-18,1,1,1,320,311.82,320,311.82,18959,0,0,0,0,0,0,0
1039,1314,36379668,38547042,22353,7933,93,7955,0,-14,-18,-14,-18,1,1,1,320,311.82,320,311.82,24708,0,0,0,0,0,0,0
1040,1315,33776085,33816292,22161,7933,93,7955,0,-13,-18,-13,-18,1,1,1,365.71,336.6,365.71,336.6,16792,0,0,0,0,0,0,0
1041,1316,35308957,34241375,22073,7933,93,7955,0,-13,-18,-13,-18,1,1,1,365.71,336.6,365.71,336.6,17000,0,0,0,0,0,0,0
1042,1317,36867331,37900666,22137,7933,93,7955,0,-13,-18,-13,-18,1,1,1,365.71,336.6,365.71,336.6,18125,0,0,0,0,0,0,0
1043,1318,34472960,34446375,22125,7933,96,7955,0,-13,-18,-13,-18,1,1,1,365.71,336.6,365.71,336.6,16333,0,0,0,0,0,0,0
1044,1319,36903705,35757500,22073,7933,93,7955,0,-12,-18,-12,-18,1,1,1,411.43,359.32,411.43,359.32,16583,0,0,0,0,0,0,0
1045,1320,35199332,36313125,22225,7933,93,7955,0,-12,-18,-12,-18,1,1,1,411.43,359.32,411.43,359.32,16500,0,0,0,0,0,0,0
1046,1321,37226956,37235041,22073,7933,93,7955,0,-12,-18,-12,-18,1,1,1,411.43,359.32,411.43,359.32,17958,0,0,0,0,0,0,0
1047,1322,39660006,38208250,22073,7933,93,7955,0,-12,-18,-12,-18,1,1,1,411.43,359.32,411.43,359.32,17583,0,0,0,0,0,0,0
1048,1323,35983700,37358209,22137,7933,93,7955,0,-11,-18,-11,-18,1,1,1,457.14,380.06,457.14,380.06,16958,0,0,0,0,0,0,0
1049,1324,41758920,41626292,22125,7933,93,7955,0,-11,-18,-11,-18,1,1,1,457.14,380.06,457.14,380.06,21000,0,0,0,0,0,0,0
1050,1325,47434333,46121834,22161,7933,93,7955,0,-11,-18,-11,-18,1,1,1,457.14,380.06,457.14,380.06,19958,0,0,0,0,0,0,0
1051,1326,50870705,50197916,22701,7934,94,7956,0,-11,-18,-11,-18,1,1,1,457.14,380.06,457.14,380.06,22458,0,0,0,0,0,0,0
1052,1327,64021833,63953167,22289,7933,93,7955,0,-10,-18,-10,-18,1,1,1,502.86,399.44,502.86,399.44,28709,0,0,0,0,0,0,0
1053,1328,65721005,67657292,22277,7933,93,7955,0,-10,-18,-10,-18,1,1,1,502.86,399.44,502.86,399.44,35375,0,0,0,0,0,0,0
1054,1329,73533378,71111959,22073,7933,93,7955,0,-10,-18,-10,-18,1,1,1,502.86,399.44,502.86,399.44,35250,0,0,0,0,0,0,0
1055,1330,64950287,67063958,22137,7933,96,7955,0,-10,-18,-10,-18,1,1,1,502.86,399.44,502.86,399.44,35459,0,0,0,0,0,0,0
1056,1331,70722334,68609166,22213,7933,93,7955,0,-9,-18,-9,-18,1,1,1,548.57,418.39,548.57,418.39,34750,0,0,0,0,0,0,0
1057,1332,64074583,66340167,22137,7933,93,7955,0,-9,-18,-9,-18,1,1,1,548.57,418.39,548.57,418.39,35375,0,0,0,0,0,0,0
1058,1333,56221414,54568125,22073,7933,93,7955,0,-9,-18,-9,-18,1,1,1,548.57,418.39,548.57,418.39,27583,0,0,0,0,0,0,0
1059,1334,55216461,55314583,22789,7933,93,7955,0,-9,-18,-9,-18,1,1,1,548.57,418.39,548.57,418.39,27334,0,0,0,0,0,0,0
1060,1335,56656163,56631666,22341,7933,93,7955,0,-8,-18,-8,-18,1,1,1,594.29,422.77,594.29,422.77,28708,0,0,0,0,0,0,0
1061,1336,53495749,54905250,22137,7933,93,7955,0,-8,-18,-8,-18,1,1,1,594.29,422.77,594.29,422.77,26000,0,0,0,0,0,0,0
1062,1337,58937296,57493666,22161,7933,93,7955,0,-8,-18,-8,-18,1,1,1,594.29,422.77,594.29,422.77,28333,0,0,0,0,0,0,0
1063,1338,54061245,55641625,22137,7933,96,7955,0,-8,-18,-8,-18,1,1,1,594.29,422.77,594.29,422.77,31792,0,0,0,0,0,0,0
1064,1339,57122334,55278750,22125,7933,93,7955,0,-6,-18,-6,-18,1,1,1,685.71,416.09,685.71,416.09,28584,0,0,0,0,0,0,0
1065,1340,55064335,56712459,22225,7933,93,7955,0,-6,-18,-6,-18,1,1,1,685.71,416.09,685.71,416.09,26458,0,0,0,0,0,0,0
1066,1341,58217000,56169084,22073,7934,94,7956,0,-6,-18,-6,-18,1,1,1,685.71,416.09,685.71,416.09,26416,0,0,0,0,0,0,0
1067,1342,55091667,56845084,22137,7933,93,7955,0,-6,-18,-6,-18,1,1,1,685.71,416.09,685.71,416.09,26000,0,0,0,0,0,0,0
1068,1343,58301288,55648875,22777,7933,93,7955,0,-5,-18,-5,-18,1,1,1,731.43,431,731.43,431,26334,0,0,0,0,0,0,0
1069,1344,56434664,59360708,22353,7933,93,7955,0,-5,-18,-5,-18,1,1,1,731.43,431,731.43,431,27459,0,0,0,0,0,0,0
1070,1345,67664958,66091625,22073,7933,93,7955,0,-5,-18,-5,-18,1,1,1,731.43,431,731.43,431,34208,0,0,0,0,0,0,0
1071,1346,50922293,52501959,22225,7933,96,7955,0,-5,-18,-5,-18,1,1,1,731.43,431,731.43,431,27291,0,0,0,0,0,0,0
1072,1347,49786541,48513209,27605,7933,93,7955,0,-4,-18,-4,-18,1,1,1,777.14,453.14,777.14,453.14,454916,0,423916,419958,0,0,0,0
1073,1348,41592791,42957041,22137,7933,93,7955,0,-4,-18,-4,-18,1,1,1,777.14,453.14,777.14,453.14,21875,0,0,0,0,0,0,0
1074,1349,38380831,38314375,22073,7933,93,7955,0,-4,-18,-4,-18,1,1,1,777.14,453.14,777.14,453.14,18542,0,0,0,0,0,0,0
1075,1350,37178665,36156459,22161,7933,93,7955,0,-4,-18,-4,-18,1,1,1,777.14,453.14,777.14,453.14,18250,0,0,0,0,0,0,0
1076,1351,32986920,34069625,22137,7933,93,7955,0,-3,-18,-3,-18,1,1,1,822.86,475.99,822.86,475.99,15750,0,0,0,0,0,0,0
1077,1352,34490495,34461958,22125,7933,93,7955,0,-3,-18,-3,-18,1,1,1,822.86,475.99,822.86,475.99,16166,0,0,0,0,0,0,0
1078,1353,36731205,34754166,22073,7933,93,7955,0,-3,-18,-3,-18,1,1,1,822.86,475.99,822.86,475.99,15583,0,0,0,0,0,0,0
1079,1354,33782377,35639500,22917,7933,93,7955,0,-3,-18,-3,-18,1,1,1,822.86,475.99,822.86,475.99,15875,0,0,0,0,0,0,0
1080,1355,38632042,38699166,22161,7933,93,7955,0,-2,-18,-2,-18,1,1,1,868.57,498.85,868.57,498.85,14917,0,0,0,0,0,0,0
1081,1356,41023124,39858500,22073,7934,94,7956,0,-2,-18,-2,-18,1,1,1,868.57,498.85,868.57,498.85,18792,0,0,0,0,0,0,0
1082,1357,42802877,43761834,22137,7933,93,7955,0,-2,-18,-2,-18,1,1,1,868.57,498.85,868.57,498.85,16291,0,0,0,0,0,0,0
1083,1358,37111833,37099792,22125,7933,96,7955,0,-2,-18,-2,-18,1,1,1,868.57,498.85,868.57,498.85,15125,0,0,0,0,0,0,0
1084,1359,39360374,38308291,22161,7933,93,7955,0,-1,-18,-1,-18,1,1,1,914.29,521.71,914.29,521.71,14584,0,0,0,0,0,0,0
1085,1360,42214334,43313625,22137,7933,93,7955,0,-1,-18,-1,-18,1,1,1,914.29,521.71,914.29,521.71,16541,0,0,0,0,0,0,0
1086,1361,49138415,49014083,22073,7933,93,7955,0,-1,-18,-1,-18,1,1,1,914.29,521.71,914.29,521.71,20333,0,0,0,0,0,0,0
1087,1362,65426915,63138792,22073,7933,93,7955,0,-1,-18,-1,-18,1,1,1,914.29,521.71,914.29,521.71,22333,0,0,0,0,0,0,0
1088,1363,64635299,66773834,22277,7933,93,7955,0,0,-18,0,-18,1,1,1,960,544.56,960,544.56,28334,0,0,0,0,0,0,0
1089,1364,71593374,68007583,22637,7933,93,7955,0,0,-18,0,-18,1,1,1,960,544.56,960,544.56,28833,0,0,0,0,0,0,0
1090,1365,67586876,71109875,22353,7933,93,7955,0,0,-18,0,-18,1,1,1,960,544.56,960,544.56,29667,0,0,0,0,0,0,0
1091,1366,71368910,69335167,22213,7933,93,7955,0,0,-18,0,-18,1,1,1,960,544.56,960,544.56,28000,0,0,0,0,0,0,0
1092,1367,72896212,74828875,22137,7933,93,7955,0,1,-18,1,-18,1,1,1,1005.71,567.42,1005.71,567.42,29333,0,0,0,0,0,0,0
1093,1368,61878874,60377250,22073,7933,96,7955,0,1,-18,1,-18,1,1,1,1005.71,567.42,1005.71,567.42,28458,0,0,0,0,0,0,0
1094,1369,55304959,56661792,22277,7933,93,7955,0,1,-18,1,-18,1,1,1,1005.71,567.42,1005.71,567.42,25583,0,0,0,0,0,0,0
1095,1370,57164788,56119333,22073,7933,93,7955,0,1,-18,1,-18,1,1,1,1005.71,567.42,1005.71,567.42,23125,0,0,0,0,0,0,0
1096,1371,49253083,50480500,22137,7934,94,7956,0,2,-18,2,-18,1,1,1,1051.43,590.28,1051.43,590.28,19458,0,0,0,0,0,0,0
1097,1372,55311210,52421125,22725,7933,93,7955,0,2,-18,2,-18,1,1,1,1051.43,590.28,1051.43,590.28,18875,0,0,0,0,0,0,0
1098,1373,53107462,56051042,22405,7933,93,7955,0,2,-18,2,-18,1,1,1,1051.43,590.28,1051.43,590.28,22875,0,0,0,0,0,0,0
1099,1374,57205662,55453208,22073,7933,93,7955,0,2,-18,2,-18,1,1,1,1051.43,590.28,1051.43,590.28,22458,0,0,0,0,0,0,0
1100,1375,59242084,60866792,22225,7933,93,7955,0,3,-18,3,-18,1,1,1,1097.14,613.14,1097.14,613.14,25750,0,0,0,0,0,0,0
1101,1376,57155165,55640875,22073,7933,96,7955,0,3,-18,3,-18,1,1,1,1097.14,613.14,1097.14,613.14,22459,0,0,0,0,0,0,0
1102,1377,53689207,55136583,22189,7933,93,7955,0,3,-18,3,-18,1,1,1,1097.14,613.14,1097.14,613.14,22208,0,0,0,0,0,0,0
1103,1378,58768332,57182041,22161,7933,93,7955,0,3,-18,3,-18,1,1,1,1097.14,613.14,1097.14,613.14,22083,0,0,0,0,0,0,0
1104,1379,50843168,52437000,22137,7933,93,7955,0,4,-18,4,-18,1,1,1,1142.86,635.99,1142.86,635.99,22958,0,0,0,0,0,0,0
1105,1380,50820704,49533750,22073,7933,93,7955,0,4,-18,4,-18,1,1,1,1142.86,635.99,1142.86,635.99,22875,0,0,0,0,0,0,0
1106,1381,40628466,41801708,22277,7933,93,7955,0,4,-18,4,-18,1,1,1,1142.86,635.99,1142.86,635.99,18834,0,0,0,0,0,0,0
1107,1382,39434205,38390000,22637,7933,93,7955,0,4,-18,4,-18,1,1,1,1142.86,635.99,1142.86,635.99,16166,0,0,0,0,0,0,0
1108,1383,36771371,36951542,32561,7933,93,7955,0,5,-18,5,-18,1,1,1,1188.57,662.98,1188.57,662.98,353167,0,331291,327833,0,0,0,0
1109,1384,33337917,34351167,22137,7933,93,7955,0,5,-18,5,-18,1,1,1,1188.57,662.98,1188.57,662.98,15417,0,0,0,0,0,0,0
1110,1385,37056960,37066417,22161,7933,93,7955,0,5,-18,5,-18,1,1,1,1188.57,662.98,1188.57,662.98,15459,0,0,0,0,0,0,0
1111,1386,35114087,34007708,22073,7934,97,7956,0,5,-18,5,-18,1,1,1,1188.57,662.98,1188.57,662.98,14959,0,0,0,0,0,0,0
1112,1387,33077493,34165208,22189,7933,93,7955,0,6,-18,6,-18,1,1,1,1234.29,696.59,1234.29,696.59,14750,0,0,0,0,0,0,0
1113,1388,33864796,33866417,22073,7933,93,7955,0,6,-18,6,-18,1,1,1,1234.29,696.59,1234.29,696.59,14750,0,0,0,0,0,0,0
1114,1389,34982666,33805000,22073,7933,93,7955,0,6,-18,6,-18,1,1,1,1234.29,696.59,1234.29,696.59,15000,0,0,0,0,0,0,0
1115,1390,32281208,33437958,22225,7933,93,7955,0,6,-18,6,-18,1,1,1,1234.29,696.59,1234.29,696.59,14875,0,0,0,0,0,0,0
1116,1391,33261500,33221666,22073,7933,93,7955,0,7,-18,7,-18,1,1,1,1280,736.66,1280,736.66,16041,0,0,0,0,0,0,0
1117,1392,32589454,32598500,22073,7933,93,7955,0,7,-18,7,-18,1,1,1,1280,736.66,1280,736.66,15792,0,0,0,0,0,0,0
1118,1393,32483462,31467416,22125,7933,93,7955,0,7,-18,7,-18,1,1,1,1280,736.66,1280,736.66,14958,0,0,0,0,0,0,0
1119,1394,34326333,35278250,22137,7933,93,7955,0,7,-18,7,-18,1,1,1,1280,736.66,1280,736.66,14292,0,0,0,0,0,0,0
1120,1395,36496251,36490250,22161,7933,93,7955,0,8,-18,8,-18,1,1,1,1325.71,772.98,1325.71,772.98,14584,0,0,0,0,0,0,0
1121,1396,38989081,36667583,22637,7933,93,7955,0,8,-18,8,-18,1,1,1,1325.71,772.98,1325.71,772.98,20416,0,0,0,0,0,0,0
1122,1397,35750709,37907083,22353,7933,93,7955,0,8,-18,8,-18,1,1,1,1325.71,772.98,1325.71,772.98,17041,0,0,0,0,0,0,0
1123,1398,38515087,38632500,22073,7933,93,7955,0,8,-18,8,-18,1,1,1,1325.71,772.98,1325.71,772.98,17292,0,0,0,0,0,0,0
1124,1399,36790411,35610458,22125,7933,93,7955,0,9,-18,9,-18,1,1,1,1371.43,801.36,1371.43,801.36,15958,0,0,0,0,0,0,0
1125,1400,41588917,42724541,22225,7933,93,7955,0,9,-18,9,-18,1,1,1,1371.43,801.36,1371.43,801.36,17042,0,0,0,0,0,0,0
1126,1401,44252209,44103500,22073,7934,97,7956,0,9,-18,9,-18,1,1,1,1371.43,801.36,1371.43,801.36,18250,0,0,0,0,0,0,0
1127,1402,63592709,61448167,22073,7933,93,7955,0,9,-18,9,-18,1,1,1,1371.43,801.36,1371.43,801.36,26250,0,0,0,0,0,0,0
1128,1403,85989326,87851041,22137,7933,93,7955,0,10,-18,10,-18,1,1,1,1417.14,823.72,1417.14,823.72,33166,0,0,0,0,0,0,0
1129,1404,72477713,69174625,22213,7933,93,7955,0,10,-18,10,-18,1,1,1,1417.14,823.72,1417.14,823.72,33458,0,0,0,0,0,0,0
1130,1405,66193751,67472709,22701,7933,93,7955,0,10,-18,10,-18,1,1,1,1417.14,823.72,1417.14,823.72,33500,0,0,0,0,0,0,0
1131,1406,67807875,67680625,22289,7933,93,7955,0,10,-18,10,-18,1,1,1,1417.14,823.72,1417.14,823.72,33042,0,0,0,0,0,0,0
1132,1407,64520582,66688083,22277,7933,93,7955,0,11,-18,11,-18,1,1,1,1462.86,845.83,1462.86,845.83,33250,0,0,0,0,0,0,0
1133,1408,62296662,60595667,22073,7933,93,7955,0,11,-18,11,-18,1,1,1,1462.86,845.83,1462.86,845.83,27917,0,0,0,0,0,0,0
1134,1409,54156333,55456042,22137,7933,96,7955,0,11,-18,11,-18,1,1,1,1462.86,845.83,1462.86,845.83,26334,0,0,0,0,0,0,0
1135,1410,54496124,53615208,22161,7933,93,7955,0,11,-18,11,-18,1,1,1,1462.86,845.83,1462.86,845.83,27500,0,0,0,0,0,0,0
1136,1411,51789462,52951500,22189,7933,93,7955,0,12,-18,12,-18,1,1,1,1508.57,868.27,1508.57,868.27,27125,0,0,0,0,0,0,0
1137,1412,54409913,52627458,22073,7933,93,7955,0,12,-18,12,-18,1,1,1,1508.57,868.27,1508.57,868.27,29459,0,0,0,0,0,0,0
1138,1413,53100958,54843041,22225,7933,93,7955,0,12,-18,12,-18,1,1,1,1508.57,868.27,1508.57,868.27,26375,0,0,0,0,0,0,0
1139,1414,58715462,55746750,22637,7933,93,7955,0,12,-18,12,-18,1,1,1,1508.57,868.27,1508.57,868.27,27375,0,0,0,0,0,0,0
1140,1415,55840581,58630750,22405,7933,93,7955,0,13,-18,13,-18,1,1,1,1554.29,892.25,1554.29,892.25,26875,0,0,0,0,0,0,0
1141,1416,58639045,56993750,22161,7934,94,7956,0,13,-18,13,-18,1,1,1,1554.29,892.25,1554.29,892.25,28042,0,0,0,0,0,0,0
1142,1417,67691624,69418625,22137,7933,93,7955,0,13,-18,13,-18,1,1,1,1554.29,892.25,1554.29,892.25,31042,0,0,0,0,0,0,0
1143,1418,71728661,69634792,22073,7933,96,7955,0,13,-18,13,-18,1,1,1,1554.29,892.25,1554.29,892.25,33666,0,0,0,0,0,0,0
1144,1419,62912210,65005792,22277,7933,93,7955,0,14,-18,14,-18,1,1,1,1600,918.02,1600,918.02,39208,0,0,0,0,0,0,0
1145,1420,60422293,58789583,22073,7933,93,7955,0,14,-18,14,-18,1,1,1,1600,918.02,1600,918.02,33041,0,0,0,0,0,0,0
1146,1421,51351118,52893250,22137,7933,93,7955,0,14,-18,14,-18,1,1,1,1600,918.02,1600,918.02,25959,0,0,0,0,0,0,0
1147,1422,52602004,50084250,22725,7933,93,7955,0,14,-18,14,-18,1,1,1,1600,918.02,1600,918.02,26125,0,0,0,0,0,0,0
1148,1423,40469415,43143625,22405,7933,93,7955,0,15,-18,15,-18,1,1,1,1645.71,944.98,1645.71,944.98,21291,0,0,0,0,0,0,0
1149,1424,38007497,37968500,22073,7933,93,7955,0,15,-18,15,-18,1,1,1,1645.71,944.98,1645.71,944.98,19209,0,0,0,0,0,0,0
1150,1425,39405710,38311291,22073,7933,93,7955,0,15,-18,15,-18,1,1,1,1645.71,944.98,1645.71,944.98,18916,0,0,0,0,0,0,0
1151,1426,38350827,39463542,22225,7933,93,7955,0,15,-18,15,-18,1,1,1,1645.71,944.98,1645.71,944.98,18791,0,0,0,0,0,0,0
1152,1427,35963959,35844917,22073,7933,96,7955,0,16,-18,16,-18,1,1,1,1691.43,972.01,1691.43,972.01,18250,0,0,0,0,0,0,0
1153,1428,39867836,38546875,22073,7933,93,7955,0,16,-18,16,-18,1,1,1,1691.43,972.01,1691.43,972.01,16917,0,0,0,0,0,0,0
1154,1429,37328287,38625417,22189,7933,93,7955,0,16,-18,16,-18,1,1,1,1691.43,972.01,1691.43,972.01,16666,0,0,0,0,0,0,0
1155,1430,38610253,38513333,22161,7933,93,7955,0,16,-18,16,-18,1,1,1,1691.43,972.01,1691.43,972.01,16833,0,0,0,0,0,0,0
1156,1431,43170243,41767417,22073,7934,94,7956,0,15,-18,15,-18,1,1,1,1645.71,944.98,1645.71,944.98,19333,0,0,0,0,0,0,0
1157,1432,44954873,46150750,22137,7933,93,7955,0,15,-18,15,-18,1,1,1,1645.71,944.98,1645.71,944.98,18791,0,0,0,0,0,0,0
1158,1433,58557420,56675208,22073,7933,93,7955,0,15,-18,15,-18,1,1,1,1645.71,944.98,1645.71,944.98,27334,0,0,0,0,0,0,0
1159,1434,67505918,67472334,22841,7933,93,7955,0,15,-18,15,-18,1,1,1,1645.71,944.98,1645.71,944.98,31750,0,0,0,0,0,0,0
1160,1435,69051995,68763208,22289,7933,93,7955,0,14,-18,14,-18,1,1,1,1600,918.02,1600,918.02,35250,0,0,0,0,0,0,0
1161,1436,74181839,76145459,22137,7933,93,7955,0,14,-18,14,-18,1,1,1,1600,918.02,1600,918.02,32667,0,0,0,0,0,0,0
1162,1437,81306658,79516000,22213,7933,93,7955,0,14,-18,14,-18,1,1,1,1600,918.02,1600,918.02,35792,0,0,0,0,0,0,0
1163,1438,66576212,68529291,22137,7933,96,7955,0,14,-18,14,-18,1,1,1,1600,918.02,1600,918.02,33417,0,0,0,0,0,0,0
1164,1439,70703953,68908125,22073,7933,93,7955,0,13,-18,13,-18,1,1,1,1554.29,892.25,1554.29,892.25,33625,0,0,0,0,0,0,0
1165,1440,54136712,56004208,22277,7933,93,7955,0,13,-18,13,-18,1,1,1,1554.29,892.25,1554.29,892.25,27542,0,0,0,0,0,0,0
1166,1441,58940786,55174625,22637,7933,93,7955,0,13,-18,13,-18,1,1,1,1554.29,892.25,1554.29,892.25,27375,0,0,0,0,0,0,0
1167,1442,54076749,57653625,22353,7933,93,7955,0,13,-18,13,-18,1,1,1,1554.29,892.25,1554.29,892.25,27541,0,0,0,0,0,0,0
1168,1443,56659083,54699708,22161,7933,93,7955,0,12,-18,12,-18,1,1,1,1508.57,868.27,1508.57,868.27,26458,0,0,0,0,0,0,0
1169,1444,61950545,63900250,22189,7933,93,7955,0,12,-18,12,-18,1,1,1,1508.57,868.27,1508.57,868.27,28750,0,0,0,0,0,0,0
1170,1445,73889993,71400500,22073,7933,96,7955,0,12,-18,12,-18,1,1,1,1508.57,868.27,1508.57,868.27,35959,0,0,0,0,0,0,0
1171,1446,67493081,69896333,22225,7934,94,7956,0,12,-18,12,-18,1,1,1,1508.57,868.27,1508.57,868.27,35250,0,0,0,0,0,0,0
1172,1447,74154585,72151916,22125,7933,93,7955,0,11,-18,11,-18,1,1,1,1462.86,845.83,1462.86,845.83,35125,0,0,0,0,0,0,0
1173,1448,69484874,71306750,22137,7933,93,7955,0,11,-18,11,-18,1,1,1,1462.86,845.83,1462.86,845.83,34375,0,0,0,0,0,0,0
1174,1449,75827665,70226000,22725,7933,93,7955,0,11,-18,11,-18,1,1,1,1462.86,845.83,1462.86,845.83,33625,0,0,0,0,0,0,0
1175,1450,62777660,68245250,22405,7933,93,7955,0,11,-18,11,-18,1,1,1,1462.86,845.83,1462.86,845.83,35208,0,0,0,0,0,0,0
1176,1451,58032292,56555583,22073,7933,93,7955,0,10,-18,10,-18,1,1,1,1417.14,823.72,1417.14,823.72,33708,0,0,0,0,0,0,0
1177,1452,48836003,50587833,22225,7933,93,7955,0,10,-18,10,-18,1,1,1,1417.14,823.72,1417.14,823.72,24000,0,0,0,0,0,0,0
1178,1453,39162456,39200708,22073,7933,96,7955,0,10,-18,10,-18,1,1,1,1417.14,823.72,1417.14,823.72,21917,0,0,0,0,0,0,0
1179,1454,38144040,37007208,22125,7933,93,7955,0,10,-18,10,-18,1,1,1,1417.14,823.72,1417.14,823.72,18833,0,0,0,0,0,0,0
1180,1455,32880876,33948375,22137,7933,93,7955,0,9,-18,9,-18,1,1,1,1371.43,801.36,1371.43,801.36,16208,0,0,0,0,0,0,0
1181,1456,33769622,33785041,22161,7933,93,7955,0,9,-18,9,-18,1,1,1,1371.43,801.36,1371.43,801.36,16042,0,0,0,0,0,0,0
1182,1457,34725170,33633875,22073,7933,93,7955,0,9,-18,9,-18,1,1,1,1371.43,801.36,1371.43,801.36,16416,0,0,0,0,0,0,0
1183,1458,32778084,33853083,22137,7933,93,7955,0,9,-18,9,-18,1,1,1,1371.43,801.36,1371.43,801.36,16125,0,0,0,0,0,0,0
1184,1459,34207496,34191125,22073,7933,93,7955,0,8,-18,8,-18,1,1,1,1325.71,772.98,1325.71,772.98,15750,0,0,0,0,0,0,0
1185,1460,34807335,33611917,22125,7933,93,7955,0,8,-18,8,-18,1,1,1,1325.71,772.98,1325.71,772.98,15416,0,0,0,0,0,0,0
1186,1461,33410459,33356833,22789,7934,94,7956,0,8,-18,8,-18,1,1,1,1325.71,772.98,1325.71,772.98,15458,0,0,0,0,0,0,0
1187,1462,29117418,30350375,22289,7933,93,7955,0,8,-18,8,-18,1,1,1,1325.71,772.98,1325.71,772.98,16875,0,0,0,0,0,0,0
1188,1463,30618920,30605333,22073,7933,93,7955,0,7,-18,7,-18,1,1,1,1280,736.66,1280,736.66,14041,0,0,0,0,0,0,0
1189,1464,31387329,30350583,22073,7933,93,7955,0,7,-18,7,-18,1,1,1,1280,736.66,1280,736.66,14583,0,0,0,0,0,0,0
1190,1465,32854001,33829375,22137,7933,93,7955,0,7,-18,7,-18,1,1,1,1280,736.66,1280,736.66,14459,0,0,0,0,0,0,0
1191,1466,30144579,30149792,22161,7933,96,7955,0,7,-18,7,-18,1,1,1,1280,736.66,1280,736.66,14833,0,0,0,0,0,0,0
1192,1467,32109417,32110917,22125,7933,93,7955,0,6,-18,6,-18,1,1,1,1234.29,696.59,1234.29,696.59,13500,0,0,0,0,0,0,0
1193,1468,34701332,33567708,22073,7933,93,7955,0,6,-18,6,-18,1,1,1,1234.29,696.59,1234.29,696.59,13084,0,0,0,0,0,0,0
1194,1469,32816667,33885292,22137,7933,93,7955,0,6,-18,6,-18,1,1,1,1234.29,696.59,1234.29,696.59,14959,0,0,0,0,0,0,0
1195,1470,33718790,33671250,22073,7933,93,7955,0,6,-18,6,-18,1,1,1,1234.29,696.59,1234.29,696.59,14541,0,0,0,0,0,0,0
1196,1471,34848205,33781625,22161,7933,93,7955,0,5,-18,5,-18,1,1,1,1188.57,662.98,1188.57,662.98,15084,0,0,0,0,0,0,0
1197,1472,32655209,33702500,22137,7933,93,7955,0,5,-18,5,-18,1,1,1,1188.57,662.98,1188.57,662.98,14750,0,0,0,0,0,0,0
1198,1473,33592998,33618209,22125,7933,93,7955,0,5,-18,5,-18,1,1,1,1188.57,662.98,1188.57,662.98,14000,0,0,0,0,0,0,0
1199,1474,35973213,34842833,22073,7933,93,7955,0,5,-18,5,-18,1,1,1,1188.57,662.98,1188.57,662.98,14750,0,0,0,0,0,0,0
1200,1475,34949455,35985167,27617,7933,93,7955,0,4,-18,4,-18,1,1,1,1142.86,635.99,1142.86,635.99,301625,0,282375,278834,0,0,0,0
1201,1476,40059246,38444875,22725,7934,94,7956,0,4,-18,4,-18,1,1,1,1142.86,635.99,1142.86,635.99,15459,0,0,0,0,0,0,0
1202,1477,39138380,39686833,22289,7933,93,7955,0,4,-18,4,-18,1,1,1,1142.86,635.99,1142.86,635.99,14583,0,0,0,0,0,0,0
1203,1478,35553917,36585709,22137,7933,93,7955,0,4,-18,4,-18,1,1,1,1142.86,635.99,1142.86,635.99,17792,0,0,0,0,0,0,0
1204,1479,37358120,37159542,22125,7933,93,7955,0,3,-18,3,-18,1,1,1,1097.14,613.14,1097.14,613.14,14625,0,0,0,0,0,0,0
1205,1480,48723418,47535458,22161,7933,93,7955,0,3,-18,3,-18,1,1,1,1097.14,613.14,1097.14,613.14,22833,0,0,0,0,0,0,0
1206,1481,48954788,50073625,22137,7933,96,7955,0,3,-18,3,-18,1,1,1,1097.14,613.14,1097.14,613.14,18667,0,0,0,0,0,0,0
1207,1482,70261456,67771500,22073,7933,93,7955,0,3,-18,3,-18,1,1,1,1097.14,613.14,1097.14,613.14,28750,0,0,0,0,0,0,0
1208,1483,76111704,78394458,22277,7933,93,7955,0,2,-18,2,-18,1,1,1,1051.43,590.28,1051.43,590.28,37625,0,0,0,0,0,0,0
1209,1484,85930541,83596459,22073,7933,93,7955,0,2,-18,2,-18,1,1,1,1051.43,590.28,1051.43,590.28,20417,0,0,0,0,0,0,0
1210,1485,66213168,66533208,22789,7933,93,7955,0,2,-18,2,-18,1,1,1,1051.43,590.28,1051.43,590.28,24375,0,0,0,0,0,0,0
1211,1486,68626835,68364833,22341,7933,93,7955,0,2,-18,2,-18,1,1,1,1051.43,590.28,1051.43,590.28,28042,0,0,0,0,0,0,0
1212,1487,62903583,65233417,22137,7933,93,7955,0,1,-18,1,-18,1,1,1,1005.71,567.42,1005.71,567.42,28917,0,0,0,0,0,0,0
1213,1488,61704039,59956167,22161,7933,93,7955,0,1,-18,1,-18,1,1,1,1005.71,567.42,1005.71,567.42,23584,0,0,0,0,0,0,0
1214,1489,46931087,48683667,22137,7933,96,7955,0,1,-18,1,-18,1,1,1,1005.71,567.42,1005.71,567.42,22375,0,0,0,0,0,0,0
1215,1490,48112243,48132792,22125,7933,93,7955,0,1,-18,1,-18,1,1,1,1005.71,567.42,1005.71,567.42,18792,0,0,0,0,0,0,0
1216,1491,49559663,48064834,22161,7934,94,7956,0,0,-18,0,-18,1,1,1,960,544.56,960,544.56,20542,0,0,0,0,0,0,0
1217,1492,44876921,46347166,22137,7933,93,7955,0,0,-18,0,-18,1,1,1,960,544.56,960,544.56,19042,0,0,0,0,0,0,0
1218,1493,58160040,56126334,22073,7933,93,7955,0,0,-18,0,-18,1,1,1,960,544.56,960,544.56,25250,0,0,0,0,0,0,0
1219,1494,55500958,55941667,22789,7933,93,7955,0,0,-18,0,-18,1,1,1,960,544.56,960,544.56,23125,0,0,0,0,0,0,0
1220,1495,55389001,55386541,22341,7933,93,7955,0,-1,-18,-1,-18,1,1,1,914.29,521.71,914.29,521.71,21833,0,0,0,0,0,0,0
1221,1496,57696122,59012041,22137,7933,93,7955,0,-1,-18,-1,-18,1,1,1,914.29,521.71,914.29,521.71,22333,0,0,0,0,0,0,0
1222,1497,68352460,66512208,22161,7933,93,7955,0,-1,-18,-1,-18,1,1,1,914.29,521.71,914.29,521.71,29208,0,0,0,0,0,0,0
1223,1498,57841461,59748834,22137,7933,96,7955,0,-1,-18,-1,-18,1,1,1,914.29,521.71,914.29,521.71,28667,0,0,0,0,0,0,0
1224,1499,54107207,52457583,22125,7933,93,7955,0,-2,-18,-2,-18,1,1,1,868.57,498.85,868.57,498.85,23292,0,0,0,0,0,0,0
1225,1500,48183582,49919375,22225,7933,93,7955,0,-2,-18,-2,-18,1,1,1,868.57,498.85,868.57,498.85,23542,0,0,0,0,0,0,0
1226,1501,42361166,42361042,22073,7933,93,7955,0,-2,-18,-2,-18,1,1,1,868.57,498.85,868.57,498.85,19542,0,0,0,0,0,0,0
1227,1502,39643332,38460667,22073,7933,93,7955,0,-2,-18,-2,-18,1,1,1,868.57,498.85,868.57,498.85,21875,0,0,0,0,0,0,0
1228,1503,35220626,36298750,22137,7933,93,7955,0,-3,-18,-3,-18,1,1,1,822.86,475.99,822.86,475.99,17708,0,0,0,0,0,0,0
1229,1504,34884162,33859333,22777,7933,93,7955,0,-3,-18,-3,-18,1,1,1,822.86,475.99,822.86,475.99,18291,0,0,0,0,0,0,0
1230,1505,34094169,33873875,22289,7933,93,7955,0,-3,-18,-3,-18,1,1,1,822.86,475.99,822.86,475.99,15125,0,0,0,0,0,0,0
1231,1506,32599333,33923875,22137,7934,94,7956,0,-3,-18,-3,-18,1,1,1,822.86,475.99,822.86,475.99,15666,0,0,0,0,0,0,0
1232,1507,33914335,33894458,22073,7933,93,7955,0,-4,-18,-4,-18,1,1,1,777.14,453.14,777.14,453.14,16500,0,0,0,0,0,0,0
1233,1508,37529293,36392000,22073,7933,93,7955,0,-4,-18,-4,-18,1,1,1,777.14,453.14,777.14,453.14,17125,0,0,0,0,0,0,0
1234,1509,33367332,34459459,22225,7933,96,7955,0,-4,-18,-4,-18,1,1,1,777.14,453.14,777.14,453.14,16500,0,0,0,0,0,0,0
1235,1510,33843826,33854250,22125,7933,93,7955,0,-4,-18,-4,-18,1,1,1,777.14,453.14,777.14,453.14,16417,0,0,0,0,0,0,0
1236,1511,34850254,33707916,32345,7933,93,7955,0,-5,-18,-5,-18,1,1,1,731.43,431,731.43,431,324875,0,303958,301542,0,0,0,0
1237,1512,32805748,33927666,22137,7933,93,7955,0,-5,-18,-5,-18,1,1,1,731.43,431,731.43,431,17084,0,0,0,0,0,0,0
1238,1513,33985167,33865292,22073,7933,93,7955,0,-5,-18,-5,-18,1,1,1,731.43,431,731.43,431,16917,0,0,0,0,0,0,0
1239,1514,31210502,31300667,22161,7933,93,7955,0,-5,-18,-5,-18,1,1,1,731.43,431,731.43,431,17083,0,0,0,0,0,0,0
1240,1515,31334914,30291542,22073,7933,93,7955,0,-6,-18,-6,-18,1,1,1,685.71,416.09,685.71,416.09,17792,0,0,0,0,0,0,0
1241,1516,29555626,30558875,22137,7933,93,7955,0,-6,-18,-6,-18,1,1,1,685.71,416.09,685.71,416.09,14542,0,0,0,0,0,0,0
1242,1517,31441871,31428541,22125,7933,93,7955,0,-6,-18,-6,-18,1,1,1,685.71,416.09,685.71,416.09,15125,0,0,0,0,0,0,0
1243,1518,31760670,31681084,22073,7933,93,7955,0,-6,-18,-6,-18,1,1,1,685.71,416.09,685.71,416.09,15250,0,0,0,0,0,0,0
1244,1519,34680660,32910708,22725,7933,93,7955,0,-8,-18,-8,-18,1,1,1,594.29,422.77,594.29,422.77,16375,0,0,0,0,0,0,0
1245,1520,32351665,34150333,22353,7933,93,7955,0,-8,-18,-8,-18,1,1,1,594.29,422.77,594.29,422.77,16625,0,0,0,0,0,0,0
1246,1521,35566922,35525708,22073,7934,94,7956,0,-8,-18,-8,-18,1,1,1,594.29,422.77,594.29,422.77,16458,0,0,0,0,0,0,0
1247,1522,36520168,35158917,22073,7933,93,7955,0,-8,-18,-8,-18,1,1,1,594.29,422.77,594.29,422.77,17333,0,0,0,0,0,0,0
1248,1523,40634829,41909417,22189,7933,93,7955,0,-9,-18,-9,-18,1,1,1,548.57,418.39,548.57,418.39,20709,0,0,0,0,0,0,0
1249,1524,35464540,35533709,22161,7933,96,7955,0,-9,-18,-9,-18,1,1,1,548.57,418.39,548.57,418.39,17208,0,0,0,0,0,0,0
1250,1525,37943545,36499291,22073,7933,93,7955,0,-9,-18,-9,-18,1,1,1,548.57,418.39,548.57,418.39,18041,0,0,0,0,0,0,0
1251,1526,38142375,39418083,22137,7933,93,7955,0,-9,-18,-9,-18,1,1,1,548.57,418.39,548.57,418.39,18709,0,0,0,0,0,0,0
1252,1527,44018205,43877417,22073,7933,93,7955,0,-10,-18,-10,-18,1,1,1,502.86,399.44,502.86,399.44,19791,0,0,0,0,0,0,0
1253,1528,54074548,52301875,22161,7933,93,7955,0,-10,-18,-10,-18,1,1,1,502.86,399.44,502.86,399.44,23166,0,0,0,0,0,0,0
1254,1529,64422920,66202333,22189,7933,93,7955,0,-10,-18,-10,-18,1,1,1,502.86,399.44,502.86,399.44,33292,0,0,0,0,0,0,0
1255,1530,72401709,67525250,22637,7933,93,7955,0,-10,-18,-10,-18,1,1,1,502.86,399.44,502.86,399.44,33917,0,0,0,0,0,0,0
1256,1531,67164413,71812958,22441,7933,93,7955,0,-11,-18,-11,-18,1,1,1,457.14,380.06,457.14,380.06,25792,0,0,0,0,0,0,0
1257,1532,66778585,64991625,22125,7933,93,7955,0,-11,-18,-11,-18,1,1,1,457.14,380.06,457.14,380.06,24125,0,0,0,0,0,0,0
1258,1533,71261167,73038083,22137,7933,93,7955,0,-11,-18,-11,-18,1,1,1,457.14,380.06,457.14,380.06,35167,0,0,0,0,0,0,0
1259,1534,67244708,65825958,22161,7933,96,7955,0,-11,-18,-11,-18,1,1,1,457.14,380.06,457.14,380.06,35541,0,0,0,0,0,0,0
1260,1535,53392503,54800708,22189,7933,93,7955,0,-12,-18,-12,-18,1,1,1,411.43,359.32,411.43,359.32,26750,0,0,0,0,0,0,0
1261,1536,52806917,51145084,22073,7934,94,7956,0,-12,-18,-12,-18,1,1,1,411.43,359.32,411.43,359.32,27291,0,0,0,0,0,0,0
1262,1537,45707080,47396459,22225,7933,93,7955,0,-12,-18,-12,-18,1,1,1,411.43,359.32,411.43,359.32,22583,0,0,0,0,0,0,0
1263,1538,48010047,47894416,22073,7933,93,7955,0,-12,-18,-12,-18,1,1,1,411.43,359.32,411.43,359.32,24750,0,0,0,0,0,0,0
1264,1539,50527747,48307917,22689,7933,93,7955,0,-13,-18,-13,-18,1,1,1,365.71,336.6,365.71,336.6,21625,0,0,0,0,0,0,0
1265,1540,49971953,52101708,22353,7933,93,7955,0,-13,-18,-13,-18,1,1,1,365.71,336.6,365.71,336.6,22125,0,0,0,0,0,0,0
1266,1541,55691547,53968500,22161,7933,93,7955,0,-13,-18,-13,-18,1,1,1,365.71,336.6,365.71,336.6,27375,0,0,0,0,0,0,0
1267,1542,57739958,59602958,22137,7933,93,7955,0,-13,-18,-13,-18,1,1,1,365.71,336.6,365.71,336.6,25958,0,0,0,0,0,0,0
1268,1543,67409001,65225000,22125,7933,96,7955,0,-14,-18,-14,-18,1,1,1,320,311.82,320,311.82,25583,0,0,0,0,0,0,0
1269,1544,62000580,64147125,22225,7933,93,7955,0,-14,-18,-14,-18,1,1,1,320,311.82,320,311.82,34416,0,0,0,0,0,0,0
1270,1545,57107292,55407625,28869,7933,93,7955,0,-14,-18,-14,-18,1,1,1,320,311.82,320,311.82,26292,0,0,0,0,0,0,0
1271,1546,53623624,55184792,27865,7933,93,7955,0,-14,-18,-14,-18,1,1,1,320,311.82,320,311.82,25958,0,0,0,0,0,0,0
1272,1547,57500332,55930958,22213,7933,93,7955,0,-15,-18,-15,-18,1,1,1,274.29,285.43,274.29,285.43,25958,0,0,0,0,0,0,0
1273,1548,55931624,55263291,22701,7933,93,7955,0,-15,-18,-15,-18,1,1,1,274.29,285.43,274.29,285.43,53792,0,0,0,0,0,0,0
1274,1549,59874292,59675083,22289,7933,93,7955,0,-15,-18,-15,-18,1,1,1,274.29,285.43,274.29,285.43,62417,0,0,0,0,0,0,0
1275,1550,70166461,72564791,22225,7933,93,7955,0,-15,-18,-15,-18,1,1,1,274.29,285.43,274.29,285.43,113708,0,0,0,0,0,0,0
1276,1551,62748119,60874250,22125,7934,97,7956,0,-16,-18,-16,-18,1,1,1,228.57,258.09,228.57,258.09,63875,0,0,0,0,0,0,0
1277,1552,58990787,60469083,22137,7933,93,7955,0,-16,-18,-16,-18,1,1,1,228.57,258.09,228.57,258.09,52750,0,0,0,0,0,0,0
1278,1553,55583298,54235167,22161,7933,93,7955,0,-16,-18,-16,-18,1,1,1,228.57,258.09,228.57,258.09,56792,0,0,0,0,0,0,0
1279,1554,53686331,55185667,22137,7933,93,7955,0,-16,-18,-16,-18,1,1,1,228.57,258.09,228.57,258.09,57417,0,0,0,0,0,0,0
1280,1555,58436542,56596791,22125,7933,93,7955,0,-17,-18,-17,-18,1,1,1,182.86,230.19,182.86,230.19,50250,0,0,0,0,0,0,0
1281,1556,55021993,54970208,22789,7933,93,7955,0,-17,-18,-17,-18,1,1,1,182.86,230.19,182.86,230.19,54917,0,0,0,0,0,0,0
1282,1557,56246336,56563375,22289,7933,93,7955,0,-17,-18,-17,-18,1,1,1,182.86,230.19,182.86,230.19,55208,0,0,0,0,0,0,0
1283,1558,54632753,56105083,22137,7933,93,7955,0,-17,-18,-17,-18,1,1,1,182.86,230.19,182.86,230.19,66125,0,0,0,0,0,0,0
1284,1559,59802912,57974500,22213,7933,93,7955,0,-16,-18,-16,-18,1,1,1,228.57,258.09,228.57,258.09,51458,0,0,0,0,0,0,0
1285,1560,60888960,62616083,22137,7933,96,7955,0,-16,-18,-16,-18,1,1,1,228.57,258.09,228.57,258.09,65458,0,0,0,0,0,0,0
1286,1561,63000001,60605458,22073,7933,93,7955,0,-16,-18,-16,-18,1,1,1,228.57,258.09,228.57,258.09,51875,0,0,0,0,0,0,0
1287,1562,55071372,57405250,22225,7933,93,7955,0,-16,-18,-16,-18,1,1,1,228.57,258.09,228.57,258.09,63333,0,0,0,0,0,0,0
1288,1563,55770378,54353208,22125,7933,93,7955,0,-15,-18,-15,-18,1,1,1,274.29,285.43,274.29,285.43,54166,0,0,0,0,0,0,0
1289,1564,55995579,57481375,22137,7933,93,7955,0,-15,-18,-15,-18,1,1,1,274.29,285.43,274.29,285.43,56791,0,0,0,0,0,0,0
1290,1565,58697044,55929875,22725,7933,93,7955,0,-15,-18,-15,-18,1,1,1,274.29,285.43,274.29,285.43,58708,0,0,0,0,0,0,0
1291,1566,52906498,55699583,22353,7934,94,7956,0,-15,-18,-15,-18,1,1,1,274.29,285.43,274.29,285.43,55084,0,0,0,0,0,0,0
1292,1567,62612123,60916875,22125,7933,93,7955,0,-14,-18,-14,-18,1,1,1,320,311.82,320,311.82,78375,0,0,0,0,0,0,0
1293,1568,68122379,69789500,22225,7933,93,7955,0,-14,-18,-14,-18,1,1,1,320,311.82,320,311.82,33375,0,0,0,0,0,0,0
1294,1569,66366419,64769417,22073,7933,96,7955,0,-14,-18,-14,-18,1,1,1,320,311.82,320,311.82,27000,0,0,0,0,0,0,0
1295,1570,55405542,56881083,22137,7933,93,7955,0,-14,-18,-14,-18,1,1,1,320,311.82,320,311.82,29709,0,0,0,0,0,0,0
1296,1571,60256037,58743458,22213,7933,93,7955,0,-13,-18,-13,-18,1,1,1,365.71,336.6,365.71,336.6,26500,0,0,0,0,0,0,0
1297,1572,52271421,53835959,22137,7933,93,7955,0,-13,-18,-13,-18,1,1,1,365.71,336.6,365.71,336.6,26459,0,0,0,0,0,0,0
1298,1573,59934999,56713375,22637,7933,93,7955,0,-13,-18,-13,-18,1,1,1,365.71,336.6,365.71,336.6,26708,0,0,0,0,0,0,0
1299,1574,49566000,52710709,22441,7933,93,7955,0,-13,-18,-13,-18,1,1,1,365.71,336.6,365.71,336.6,25583,0,0,0,0,0,0,0
1300,1575,50706293,49355000,22125,7933,93,7955,0,-12,-18,-12,-18,1,1,1,411.43,359.32,411.43,359.32,26792,0,0,0,0,0,0,0
1301,1576,45208495,46653375,22137,7933,93,7955,0,-12,-18,-12,-18,1,1,1,411.43,359.32,411.43,359.32,22916,0,0,0,0,0,0,0
1302,1577,39012122,38944917,22073,7933,96,7955,0,-12,-18,-12,-18,1,1,1,411.43,359.32,411.43,359.32,19375,0,0,0,0,0,0,0
1303,1578,38104005,37074042,22161,7933,93,7955,0,-12,-18,-12,-18,1,1,1,411.43,359.32,411.43,359.32,19667,0,0,0,0,0,0,0
1304,1579,33288583,34375208,22137,7933,93,7955,0,-11,-18,-11,-18,1,1,1,457.14,380.06,457.14,380.06,16792,0,0,0,0,0,0,0
1305,1580,34343998,34310583,22125,7933,93,7955,0,-11,-18,-11,-18,1,1,1,457.14,380.06,457.14,380.06,16334,0,0,0,0,0,0,0
1306,1581,35534579,34392583,22073,7934,94,7956,0,-11,-18,-11,-18,1,1,1,457.14,380.06,457.14,380.06,17250,0,0,0,0,0,0,0
1307,1582,33389333,34449750,22137,7933,93,7955,0,-11,-18,-11,-18,1,1,1,457.14,380.06,457.14,380.06,17125,0,0,0,0,0,0,0
1308,1583,34152247,34209958,22161,7933,93,7955,0,-10,-18,-10,-18,1,1,1,502.86,399.44,502.86,399.44,18000,0,0,0,0,0,0,0
1309,1584,35240173,34033584,22073,7933,93,7955,0,-10,-18,-10,-18,1,1,1,502.86,399.44,502.86,399.44,16875,0,0,0,0,0,0,0
1310,1585,32934334,34090333,22137,7933,93,7955,0,-10,-18,-10,-18,1,1,1,502.86,399.44,502.86,399.44,17666,0,0,0,0,0,0,0
1311,1586,34720253,33613584,22689,7933,93,7955,0,-10,-18,-10,-18,1,1,1,502.86,399.44,502.86,399.44,17208,0,0,0,0,0,0,0
1312,1587,33753458,33709708,22289,7933,93,7955,0,-9,-18,-9,-18,1,1,1,548.57,418.39,548.57,418.39,17292,0,0,0,0,0,0,0
1313,1588,32726332,33825334,22225,7933,93,7955,0,-9,-18,-9,-18,1,1,1,548.57,418.39,548.57,418.39,17083,0,0,0,0,0,0,0
1314,1589,33783581,33607958,22073,7933,93,7955,0,-9,-18,-9,-18,1,1,1,548.57,418.39,548.57,418.39,17916,0,0,0,0,0,0,0
1315,1590,36341171,35501458,22073,7933,93,7955,0,-9,-18,-9,-18,1,1,1,548.57,418.39,548.57,418.39,17833,0,0,0,0,0,0,0
1316,1591,31598325,32610000,22137,7933,96,7955,0,-8,-18,-8,-18,1,1,1,594.29,422.77,594.29,422.77,14625,0,0,0,0,0,0,0
1317,1592,31602792,31542000,22125,7933,93,7955,0,-8,-18,-8,-18,1,1,1,594.29,422.77,594.29,422.77,15500,0,0,0,0,0,0,0
1318,1593,31560126,31602667,22161,7933,93,7955,0,-8,-18,-8,-18,1,1,1,594.29,422.77,594.29,422.77,15000,0,0,0,0,0,0,0
1319,1594,32350204,31296583,22073,7933,93,7955,0,-8,-18,-8,-18,1,1,1,594.29,422.77,594.29,422.77,14958,0,0,0,0,0,0,0
1320,1595,30744628,31786167,22137,7933,93,7955,0,-6,-18,-6,-18,1,1,1,685.71,416.09,685.71,416.09,15084,0,0,0,0,0,0,0
1321,1596,34608248,34544250,22073,7934,94,7956,0,-6,-18,-6,-18,1,1,1,685.71,416.09,685.71,416.09,15125,0,0,0,0,0,0,0
1322,1597,36497872,35322542,22073,7933,93,7955,0,-6,-18,-6,-18,1,1,1,685.71,416.09,685.71,416.09,17292,0,0,0,0,0,0,0
1323,1598,36770876,37733584,22225,7933,93,7955,0,-6,-18,-6,-18,1,1,1,685.71,416.09,685.71,416.09,17000,0,0,0,0,0,0,0
1324,1599,35498540,35662250,22125,7933,93,7955,0,-5,-18,-5,-18,1,1,1,731.43,431,731.43,431,20292,0,0,0,0,0,0,0
1325,1600,36984920,35834208,22073,7933,93,7955,0,-5,-18,-5,-18,1,1,1,731.43,431,731.43,431,16875,0,0,0,0,0,0,0
1326,1601,36888413,36918458,22701,7933,93,7955,0,-5,-18,-5,-18,1,1,1,731.43,431,731.43,431,16958,0,0,0,0,0,0,0
1327,1602,36499291,37497458,22289,7933,93,7955,0,-5,-18,-5,-18,1,1,1,731.43,431,731.43,431,17000,0,0,0,0,0,0,0
1328,1603,45391958,43886292,27641,7933,93,7955,0,-4,-18,-4,-18,1,1,1,777.14,453.14,777.14,453.14,344083,0,320208,317250,0,0,0,0
1329,1604,58261755,59614833,22137,7933,93,7955,0,-4,-18,-4,-18,1,1,1,777.14,453.14,777.14,453.14,23792,0,0,0,0,0,0,0
1330,1605,67708581,65758125,22125,7933,96,7955,0,-4,-18,-4,-18,1,1,1,777.14,453.14,777.14,453.14,32875,0,0,0,0,0,0,0
1331,1606,69685995,71420333,22225,7933,93,7955,0,-4,-18,-4,-18,1,1,1,777.14,453.14,777.14,453.14,32167,0,0,0,0,0,0,0
1332,1607,77545084,75042583,22073,7933,93,7955,0,-3,-18,-3,-18,1,1,1,822.86,475.99,822.86,475.99,23500,0,0,0,0,0,0,0
1333,1608,62894046,65303375,22189,7933,93,7955,0,-3,-18,-3,-18,1,1,1,822.86,475.99,822.86,475.99,30833,0,0,0,0,0,0,0
1334,1609,70548623,66836958,22725,7933,93,7955,0,-3,-18,-3,-18,1,1,1,822.86,475.99,822.86,475.99,30958,0,0,0,0,0,0,0
1335,1610,55506702,59319000,22353,7933,93,7955,0,-3,-18,-3,-18,1,1,1,822.86,475.99,822.86,475.99,31500,0,0,0,0,0,0,0
1336,1611,53091041,51806916,22073,7934,94,7956,0,-2,-18,-2,-18,1,1,1,868.57,498.85,868.57,498.85,23541,0,0,0,0,0,0,0
1337,1612,52532665,53935833,22277,7933,93,7955,0,-2,-18,-2,-18,1,1,1,868.57,498.85,868.57,498.85,21083,0,0,0,0,0,0,0
1338,1613,51201127,49847083,22073,7933,96,7955,0,-2,-18,-2,-18,1,1,1,868.57,498.85,868.57,498.85,22083,0,0,0,0,0,0,0
1339,1614,47510117,48755584,22137,7933,93,7955,0,-2,-18,-2,-18,1,1,1,868.57,498.85,868.57,498.85,24750,0,0,0,0,0,0,0
1340,1615,57013798,55126125,22161,7933,93,7955,0,-1,-18,-1,-18,1,1,1,914.29,521.71,914.29,521.71,18500,0,0,0,0,0,0,0
1341,1616,53827416,55512500,22189,7933,93,7955,0,-1,-18,-1,-18,1,1,1,914.29,521.71,914.29,521.71,22959,0,0,0,0,0,0,0
1342,1617,65210998,63263709,22073,7933,93,7955,0,-1,-18,-1,-18,1,1,1,914.29,521.71,914.29,521.71,22125,0,0,0,0,0,0,0
1343,1618,66130459,65865417,22789,7933,93,7955,0,-1,-18,-1,-18,1,1,1,914.29,521.71,914.29,521.71,29458,0,0,0,0,0,0,0
1344,1619,65474167,66014458,22289,7933,93,7955,0,0,-18,0,-18,1,1,1,960,544.56,960,544.56,28500,0,0,0,0,0,0,0
1345,1620,55423669,57000917,22189,7933,93,7955,0,0,-18,0,-18,1,1,1,960,544.56,960,544.56,23375,0,0,0,0,0,0,0
1346,1621,61250664,59712458,22161,7933,93,7955,0,0,-18,0,-18,1,1,1,960,544.56,960,544.56,24084,0,0,0,0,0,0,0
1347,1622,50957497,52583333,22137,7933,96,7955,0,0,-18,0,-18,1,1,1,960,544.56,960,544.56,22708,0,0,0,0,0,0,0
1348,1623,51938045,50502084,22073,7933,93,7955,0,1,-18,1,-18,1,1,1,1005.71,567.42,1005.71,567.42,22458,0,0,0,0,0,0,0
1349,1624,41940283,43427458,22277,7933,93,7955,0,1,-18,1,-18,1,1,1,1005.71,567.42,1005.71,567.42,18750,0,0,0,0,0,0,0
1350,1625,40183376,40182084,22073,7933,93,7955,0,1,-18,1,-18,1,1,1,1005.71,567.42,1005.71,567.42,18417,0,0,0,0,0,0,0
1351,1626,38880337,37807958,22073,7934,94,7956,0,1,-18,1,-18,1,1,1,1005.71,567.42,1005.71,567.42,16166,0,0,0,0,0,0,0
1352,1627,32984212,34001500,22137,7933,93,7955,0,2,-18,2,-18,1,1,1,1051.43,590.28,1051.43,590.28,14333,0,0,0,0,0,0,0
1353,1628,34433871,34489416,22161,7933,93,7955,0,2,-18,2,-18,1,1,1,1051.43,590.28,1051.43,590.28,14792,0,0,0,0,0,0,0
1354,1629,36179501,34234500,22637,7933,93,7955,0,2,-18,2,-18,1,1,1,1051.43,590.28,1051.43,590.28,14792,0,0,0,0,0,0,0
1355,1630,32225247,34142375,22405,7933,93,7955,0,2,-18,2,-18,1,1,1,1051.43,590.28,1051.43,590.28,14542,0,0,0,0,0,0,0
1356,1631,34401834,34372375,22073,7933,93,7955,0,3,-18,3,-18,1,1,1,1097.14,613.14,1097.14,613.14,14666,0,0,0,0,0,0,0
1357,1632,35265419,33837125,22073,7933,93,7955,0,3,-18,3,-18,1,1,1,1097.14,613.14,1097.14,613.14,14458,0,0,0,0,0,0,0
1358,1633,36590412,37992916,22225,7933,93,7955,0,3,-18,3,-18,1,1,1,1097.14,613.14,1097.14,613.14,15750,0,0,0,0,0,0,0
1359,1634,33626876,33625041,22073,7933,96,7955,0,3,-18,3,-18,1,1,1,1097.14,613.14,1097.14,613.14,14791,0,0,0,0,0,0,0
1360,1635,34551665,33490875,22073,7933,93,7955,0,4,-18,4,-18,1,1,1,1142.86,635.99,1142.86,635.99,14500,0,0,0,0,0,0,0
1361,1636,29574291,30627042,22189,7933,93,7955,0,4,-18,4,-18,1,1,1,1142.86,635.99,1142.86,635.99,16292,0,0,0,0,0,0,0
1362,1637,31472291,31381625,22073,7933,93,7955,0,4,-18,4,-18,1,1,1,1142.86,635.99,1142.86,635.99,13125,0,0,0,0,0,0,0
1363,1638,32300706,32280334,22161,7933,93,7955,0,4,-18,4,-18,1,1,1,1142.86,635.99,1142.86,635.99,13417,0,0,0,0,0,0,0
1364,1639,36010537,35031167,32345,7933,93,7955,0,5,-18,5,-18,1,1,1,1188.57,662.98,1188.57,662.98,302208,0,282584,280000,0,0,0,0
1365,1640,35583462,36453584,22137,7933,93,7955,0,5,-18,5,-18,1,1,1,1188.57,662.98,1188.57,662.98,18958,0,0,0,0,0,0,0
1366,1641,37313167,37375958,22073,7934,94,7956,0,5,-18,5,-18,1,1,1,1188.57,662.98,1188.57,662.98,18000,0,0,0,0,0,0,0
1367,1642,37824332,36432542,22125,7933,93,7955,0,5,-18,5,-18,1,1,1,1188.57,662.98,1188.57,662.98,14917,0,0,0,0,0,0,0
1368,1643,38317460,38549417,22789,7933,93,7955,0,6,-18,6,-18,1,1,1,1234.29,696.59,1234.29,696.59,14833,0,0,0,0,0,0,0
1369,1644,36034580,37107000,22289,7933,93,7955,0,6,-18,6,-18,1,1,1,1234.29,696.59,1234.29,696.59,15625,0,0,0,0,0,0,0
1370,1645,49142587,46989416,22073,7933,93,7955,0,6,-18,6,-18,1,1,1,1234.29,696.59,1234.29,696.59,17375,0,0,0,0,0,0,0
1371,1646,63718996,65440416,22137,7933,93,7955,0,6,-18,6,-18,1,1,1,1234.29,696.59,1234.29,696.59,23458,0,0,0,0,0,0,0
1372,1647,79358376,77328625,22213,7933,93,7955,0,7,-18,7,-18,1,1,1,1280,736.66,1280,736.66,34333,0,0,0,0,0,0,0
1373,1648,88077619,90032208,22137,7933,96,7955,0,7,-18,7,-18,1,1,1,1280,736.66,1280,736.66,21250,0,0,0,0,0,0,0
1374,1649,73863252,71312625,22161,7933,93,7955,0,7,-18,7,-18,1,1,1,1280,736.66,1280,736.66,22417,0,0,0,0,0,0,0
1375,1650,63333503,65902083,22189,7933,93,7955,0,7,-18,7,-18,1,1,1,1280,736.66,1280,736.66,22833,0,0,0,0,0,0,0
1376,1651,71560420,68601333,22637,7933,93,7955,0,8,-18,8,-18,1,1,1,1325.71,772.98,1325.71,772.98,32208,0,0,0,0,0,0,0
1377,1652,53436748,56428333,22441,7933,93,7955,0,8,-18,8,-18,1,1,1,1325.71,772.98,1325.71,772.98,25500,0,0,0,0,0,0,0
1378,1653,52575334,51191416,22073,7933,93,7955,0,8,-18,8,-18,1,1,1,1325.71,772.98,1325.71,772.98,25167,0,0,0,0,0,0,0
1379,1654,50504706,51859375,22189,7933,93,7955,0,8,-18,8,-18,1,1,1,1325.71,772.98,1325.71,772.98,21209,0,0,0,0,0,0,0
1380,1655,47353211,47456458,22161,7933,96,7955,0,9,-18,9,-18,1,1,1,1371.43,801.36,1371.43,801.36,21625,0,0,0,0,0,0,0
1381,1656,49553833,48238667,22073,7934,94,7956,0,9,-18,9,-18,1,1,1,1371.43,801.36,1371.43,801.36,24125,0,0,0,0,0,0,0
1382,1657,45521628,46725292,22137,7933,93,7955,0,9,-18,9,-18,1,1,1,1371.43,801.36,1371.43,801.36,20875,0,0,0,0,0,0,0
1383,1658,47365497,47369458,22275,7933,93,7955,0,9,-18,9,-18,1,1,1,1371.43,801.36,1371.43,801.36,21667,0,0,0,0,0,0,0
1384,1659,55644996,54077958,22213,7933,93,7955,0,10,-18,10,-18,1,1,1,1417.14,823.72,1417.14,823.72,25167,0,0,0,0,0,0,0
1385,1660,53689379,55217042,22137,7933,93,7955,0,10,-18,10,-18,1,1,1,1417.14,823.72,1417.14,823.72,25833,0,0,0,0,0,0,0
1386,1661,66703170,62927791,22637,7933,93,7955,0,10,-18,10,-18,1,1,1,1417.14,823.72,1417.14,823.72,25875,0,0,0,0,0,0,0
1387,1662,65195329,68837542,22441,7933,93,7955,0,10,-18,10,-18,1,1,1,1417.14,823.72,1417.14,823.72,32709,0,0,0,0,0,0,0
1388,1663,74236586,71307084,22125,7933,93,7955,0,11,-18,11,-18,1,1,1,1462.86,845.83,1462.86,845.83,34500,0,0,0,0,0,0,0
1389,1664,58348000,61252958,22137,7933,96,7955,0,11,-18,11,-18,1,1,1,1462.86,845.83,1462.86,845.83,35334,0,0,0,0,0,0,0
1390,1665,57298872,55779000,22161,7933,93,7955,0,11,-18,11,-18,1,1,1,1462.86,845.83,1462.86,845.83,27542,0,0,0,0,0,0,0
1391,1666,50754208,52303750,22137,7933,93,7955,0,11,-18,11,-18,1,1,1,1462.86,845.83,1462.86,845.83,76666,0,0,0,0,0,0,0
1392,1667,45111663,45126000,22125,7933,93,7955,0,12,-18,12,-18,1,1,1,1508.57,868.27,1508.57,868.27,27167,0,0,0,0,0,0,0
1393,1668,46549212,45214541,22161,7933,93,7955,0,12,-18,12,-18,1,1,1,1508.57,868.27,1508.57,868.27,22333,0,0,0,0,0,0,0
1394,1669,38777578,40170209,22137,7933,93,7955,0,12,-18,12,-18,1,1,1,1508.57,868.27,1508.57,868.27,19250,0,0,0,0,0,0,0
1395,1670,44317461,43006291,22637,7933,93,7955,0,12,-18,12,-18,1,1,1,1508.57,868.27,1508.57,868.27,20167,0,0,0,0,0,0,0
1396,1671,42179703,41781250,22289,7934,94,7956,0,13,-18,13,-18,1,1,1,1554.29,892.25,1554.29,892.25,19417,0,0,0,0,0,0,0
1397,1672,39706002,41347666,22277,7933,93,7955,0,13,-18,13,-18,1,1,1,1554.29,892.25,1554.29,892.25,22000,0,0,0,0,0,0,0
1398,1673,44251877,43838250,22073,7933,93,7955,0,13,-18,13,-18,1,1,1,1554.29,892.25,1554.29,892.25,19500,0,0,0,0,0,0,0
1399,1674,47670789,46438458,22073,7933,96,7955,0,13,-18,13,-18,1,1,1,1554.29,892.25,1554.29,892.25,24792,0,0,0,0,0,0,0
1400,1675,45803792,47270250,22435,7933,93,7955,0,14,-18,14,-18,1,1,1,1600,918.02,1600,918.02,24000,0,0,0,0,0,0,0
1401,1676,56627500,54904292,22161,7933,93,7955,0,14,-18,14,-18,1,1,1,1600,918.02,1600,918.02,29916,0,0,0,0,0,0,0
1402,1677,64855329,66292250,22189,7933,93,7955,0,14,-18,14,-18,1,1,1,1600,918.02,1600,918.02,26500,0,0,0,0,0,0,0
1403,1678,70724792,68764834,22073,7933,93,7955,0,14,-18,14,-18,1,1,1,1600,918.02,1600,918.02,33167,0,0,0,0,0,0,0
1404,1679,68827867,68754292,22789,7933,93,7955,0,15,-18,15,-18,1,1,1,1645.71,944.98,1645.71,944.98,32625,0,0,0,0,0,0,0
1405,1680,69319382,69233500,22341,7933,93,7955,0,15,-18,15,-18,1,1,1,1645.71,944.98,1645.71,944.98,32875,0,0,0,0,0,0,0
1406,1681,64428620,66439625,22137,7933,93,7955,0,15,-18,15,-18,1,1,1,1645.71,944.98,1645.71,944.98,33250,0,0,0,0,0,0,0
1407,1682,60162961,58267292,22161,7933,93,7955,0,15,-18,15,-18,1,1,1,1645.71,944.98,1645.71,944.98,26500,0,0,0,0,0,0,0
1408,1683,54997500,56851750,22137,7933,96,7955,0,16,-18,16,-18,1,1,1,1691.43,972.01,1691.43,972.01,26167,0,0,0,0,0,0,0
1409,1684,56952588,55519500,22125,7933,93,7955,0,16,-18,16,-18,1,1,1,1691.43,972.01,1691.43,972.01,26375,0,0,0,0,0,0,0
1410,1685,56171413,57804083,22225,7933,93,7955,0,16,-18,16,-18,1,1,1,1691.43,972.01,1691.43,972.01,28917,0,0,0,0,0,0,0
1411,1686,64368329,62365875,22073,7934,94,7956,0,16,-18,16,-18,1,1,1,1691.43,972.01,1691.43,972.01,25750,0,0,0,0,0,0,0
1412,1687,64552254,64422250,22701,7933,93,7955,0,15,-18,15,-18,1,1,1,1645.71,944.98,1645.71,944.98,36583,0,0,0,0,0,0,0
1413,1688,60955874,60896958,22429,7933,93,7955,0,15,-18,15,-18,1,1,1,1645.71,944.98,1645.71,944.98,35000,0,0,0,0,0,0,0
1414,1689,55615626,57427625,22137,7933,93,7955,0,15,-18,15,-18,1,1,1,1645.71,944.98,1645.71,944.98,32250,0,0,0,0,0,0,0
1415,1690,67862167,65928166,22073,7933,93,7955,0,15,-18,15,-18,1,1,1,1645.71,944.98,1645.71,944.98,27791,0,0,0,0,0,0,0
1416,1691,57412166,59529166,22225,7933,96,7955,0,14,-18,14,-18,1,1,1,1600,918.02,1600,918.02,32417,0,0,0,0,0,0,0
1417,1692,55014036,53444667,22125,7933,93,7955,0,14,-18,14,-18,1,1,1,1600,918.02,1600,918.02,26292,0,0,0,0,0,0,0
1418,1693,52046164,53551333,22137,7933,93,7955,0,14,-18,14,-18,1,1,1,1600,918.02,1600,918.02,28583,0,0,0,0,0,0,0
1419,1694,48178456,46958625,22161,7933,93,7955,0,14,-18,14,-18,1,1,1,1600,918.02,1600,918.02,26167,0,0,0,0,0,0,0
1420,1695,40553629,41888292,22137,7933,93,7955,0,13,-18,13,-18,1,1,1,1554.29,892.25,1554.29,892.25,25375,0,0,0,0,0,0,0
1421,1696,38616206,38618959,22073,7933,93,7955,0,13,-18,13,-18,1,1,1,1554.29,892.25,1554.29,892.25,19583,0,0,0,0,0,0,0
1422,1697,38318835,36254916,22689,7933,93,7955,0,13,-18,13,-18,1,1,1,1554.29,892.25,1554.29,892.25,19292,0,0,0,0,0,0,0
1423,1698,32311499,34347542,22441,7933,93,7955,0,13,-18,13,-18,1,1,1,1554.29,892.25,1554.29,892.25,17084,0,0,0,0,0,0,0
1424,1699,34032497,34030000,22073,7933,93,7955,0,12,-18,12,-18,1,1,1,1508.57,868.27,1508.57,868.27,17458,0,0,0,0,0,0,0
1425,1700,34957956,33876834,22073,7933,93,7955,0,12,-18,12,-18,1,1,1,1508.57,868.27,1508.57,868.27,17167,0,0,0,0,0,0,0
1426,1701,36500751,37528333,22137,7934,94,7956,0,12,-18,12,-18,1,1,1,1508.57,868.27,1508.57,868.27,19417,0,0,0,0,0,0,0
1427,1702,33744875,33709708,22073,7933,96,7955,0,12,-18,12,-18,1,1,1,1508.57,868.27,1508.57,868.27,17125,0,0,0,0,0,0,0
1428,1703,34798540,33735833,22213,7933,93,7955,0,11,-18,11,-18,1,1,1,1462.86,845.83,1462.86,845.83,16875,0,0,0,0,0,0,0
1429,1704,32572917,33655333,22137,7933,93,7955,0,11,-18,11,-18,1,1,1,1462.86,845.83,1462.86,845.83,16917,0,0,0,0,0,0,0
1430,1705,33575214,33555083,22073,7933,93,7955,0,11,-18,11,-18,1,1,1,1462.86,845.83,1462.86,845.83,17250,0,0,0,0,0,0,0
1431,1706,34569911,33473625,22073,7933,93,7955,0,11,-18,11,-18,1,1,1,1462.86,845.83,1462.86,845.83,17375,0,0,0,0,0,0,0
1432,1707,32566335,33586125,22137,7933,93,7955,0,10,-18,10,-18,1,1,1,1417.14,823.72,1417.14,823.72,16458,0,0,0,0,0,0,0
1433,1708,33249042,33301958,22161,7933,93,7955,0,10,-18,10,-18,1,1,1,1417.14,823.72,1417.14,823.72,16666,0,0,0,0,0,0,0
1434,1709,34561254,33427000,22125,7933,93,7955,0,10,-18,10,-18,1,1,1,1417.14,823.72,1417.14,823.72,16333,0,0,0,0,0,0,0
1435,1710,30167665,31285833,22137,7933,93,7955,0,10,-18,10,-18,1,1,1,1417.14,823.72,1417.14,823.72,16500,0,0,0,0,0,0,0
1436,1711,30954124,30916792,22073,7933,93,7955,0,9,-18,9,-18,1,1,1,1371.43,801.36,1371.43,801.36,14209,0,0,0,0,0,0,0
1437,1712,32494042,31428458,22637,7933,93,7955,0,9,-18,9,-18,1,1,1,1371.43,801.36,1371.43,801.36,14292,0,0,0,0,0,0,0
1438,1713,32605208,32637959,22377,7933,93,7955,0,9,-18,9,-18,1,1,1,1371.43,801.36,1371.43,801.36,14459,0,0,0,0,0,0,0
1439,1714,31844042,32841958,22137,7933,93,7955,0,9,-18,9,-18,1,1,1,1371.43,801.36,1371.43,801.36,14333,0,0,0,0,0,0,0
1440,1715,33074043,33033542,22073,7933,93,7955,0,8,-18,8,-18,1,1,1,1325.71,772.98,1325.71,772.98,16042,0,0,0,0,0,0,0
1441,1716,37110287,36016834,22125,7934,94,7956,0,8,-18,8,-18,1,1,1,1325.71,772.98,1325.71,772.98,17166,0,0,0,0,0,0,0
1442,1717,32702039,33504209,22137,7933,96,7955,0,8,-18,8,-18,1,1,1,1325.71,772.98,1325.71,772.98,15792,0,0,0,0,0,0,0
1443,1718,33174213,33426375,22161,7933,93,7955,0,8,-18,8,-18,1,1,1,1325.71,772.98,1325.71,772.98,16334,0,0,0,0,0,0,0
1444,1719,34379165,33285542,22073,7933,93,7955,0,7,-18,7,-18,1,1,1,1280,736.66,1280,736.66,15875,0,0,0,0,0,0,0
1445,1720,33354081,34405500,22137,7933,93,7955,0,7,-18,7,-18,1,1,1,1280,736.66,1280,736.66,16084,0,0,0,0,0,0,0
1446,1721,35940583,35677791,22073,7933,93,7955,0,7,-18,7,-18,1,1,1,1280,736.66,1280,736.66,16916,0,0,0,0,0,0,0
1447,1722,39447207,38327084,22125,7933,93,7955,0,7,-18,7,-18,1,1,1,1280,736.66,1280,736.66,19208,0,0,0,0,0,0,0
1448,1723,35513125,36761334,22225,7933,93,7955,0,6,-18,6,-18,1,1,1,1234.29,696.59,1234.29,696.59,14125,0,0,0,0,0,0,0
1449,1724,36375667,36335417,22073,7933,93,7955,0,6,-18,6,-18,1,1,1,1234.29,696.59,1234.29,696.59,15500,0,0,0,0,0,0,0
1450,1725,40812876,39366584,22073,7933,93,7955,0,6,-18,6,-18,1,1,1,1234.29,696.59,1234.29,696.59,15584,0,0,0,0,0,0,0
1451,1726,42108375,41962375,22701,7933,93,7955,0,6,-18,6,-18,1,1,1,1234.29,696.59,1234.29,696.59,16584,0,0,0,0,0,0,0
1452,1727,49101170,50591708,22377,7933,93,7955,0,5,-18,5,-18,1,1,1,1188.57,662.98,1188.57,662.98,18791,0,0,0,0,0,0,0
1453,1728,69389544,67272084,22125,7933,93,7955,0,5,-18,5,-18,1,1,1,1188.57,662.98,1188.57,662.98,22792,0,0,0,0,0,0,0
1454,1729,73898918,75662708,22137,7933,93,7955,0,5,-18,5,-18,1,1,1,1188.57,662.98,1188.57,662.98,29709,0,0,0,0,0,0,0
1455,1730,68558998,66299834,22161,7933,96,7955,0,5,-18,5,-18,1,1,1,1188.57,662.98,1188.57,662.98,19791,0,0,0,0,0,0,0
1456,1731,65251879,67641958,27669,7934,94,7956,0,4,-18,4,-18,1,1,1,1142.86,635.99,1142.86,635.99,601958,0,565375,548083,0,0,0,0
1457,1732,69380164,67185375,22073,7933,93,7955,0,4,-18,4,-18,1,1,1,1142.86,635.99,1142.86,635.99,29084,0,0,0,0,0,0,0
1458,1733,55682376,57921625,22225,7933,93,7955,0,4,-18,4,-18,1,1,1,1142.86,635.99,1142.86,635.99,27417,0,0,0,0,0,0,0
1459,1734,56386578,53716291,22637,7933,93,7955,0,4,-18,4,-18,1,1,1,1142.86,635.99,1142.86,635.99,22833,0,0,0,0,0,0,0
1460,1735,44915582,47534916,22405,7933,93,7955,0,3,-18,3,-18,1,1,1,1097.14,613.14,1097.14,613.14,19167,0,0,0,0,0,0,0
1461,1736,48195749,48272541,22161,7933,93,7955,0,3,-18,3,-18,1,1,1,1097.14,613.14,1097.14,613.14,19125,0,0,0,0,0,0,0
1462,1737,53323045,51966000,22073,7933,93,7955,0,3,-18,3,-18,1,1,1,1097.14,613.14,1097.14,613.14,21625,0,0,0,0,0,0,0
1463,1738,46357087,47620125,22137,7933,96,7955,0,3,-18,3,-18,1,1,1,1097.14,613.14,1097.14,613.14,18541,0,0,0,0,0,0,0
1464,1739,57939916,56264333,22073,7933,93,7955,0,2,-18,2,-18,1,1,1,1051.43,590.28,1051.43,590.28,25458,0,0,0,0,0,0,0
1465,1740,53512416,54942459,22277,7933,93,7955,0,2,-18,2,-18,1,1,1,1051.43,590.28,1051.43,590.28,23458,0,0,0,0,0,0,0
1466,1741,55984709,54600083,22073,7933,93,7955,0,2,-18,2,-18,1,1,1,1051.43,590.28,1051.43,590.28,21959,0,0,0,0,0,0,0
1467,1742,55131539,56405875,22137,7933,93,7955,0,2,-18,2,-18,1,1,1,1051.43,590.28,1051.43,590.28,26500,0,0,0,0,0,0,0
1468,1743,66379792,62813750,22725,7933,93,7955,0,1,-18,1,-18,1,1,1,1005.71,567.42,1005.71,567.42,28292,0,0,0,0,0,0,0
1469,1744,60029543,63715250,22405,7933,93,7955,0,1,-18,1,-18,1,1,1,1005.71,567.42,1005.71,567.42,27541,0,0,0,0,0,0,0
1470,1745,58172464,56546667,22073,7933,93,7955,0,1,-18,1,-18,1,1,1,1005.71,567.42,1005.71,567.42,30083,0,0,0,0,0,0,0
1471,1746,56420620,58077916,22225,7934,94,7956,0,1,-18,1,-18,1,1,1,1005.71,567.42,1005.71,567.42,22625,0,0,0,0,0,0,0
1472,1747,53557462,51938916,22073,7933,96,7955,0,0,-18,0,-18,1,1,1,960,544.56,960,544.56,22959,0,0,0,0,0,0,0
1473,1748,44311415,45922875,22189,7933,93,7955,0,0,-18,0,-18,1,1,1,960,544.56,960,544.56,22792,0,0,0,0,0,0,0
1474,1749,41315291,41348417,22161,7933,93,7955,0,0,-18,0,-18,1,1,1,960,544.56,960,544.56,22292,0,0,0,0,0,0,0
1475,1750,39220456,37969917,22073,7933,93,7955,0,0,-18,0,-18,1,1,1,960,544.56,960,544.56,16084,0,0,0,0,0,0,0
1476,1751,35646207,36893042,22137,7933,93,7955,0,-1,-18,-1,-18,1,1,1,914.29,521.71,914.29,521.71,16375,0,0,0,0,0,0,0
1477,1752,33873498,33836208,22073,7933,93,7955,0,-1,-18,-1,-18,1,1,1,914.29,521.71,914.29,521.71,14625,0,0,0,0,0,0,0
1478,1753,35502664,34388083,22161,7933,93,7955,0,-1,-18,-1,-18,1,1,1,914.29,521.71,914.29,521.71,14625,0,0,0,0,0,0,0
1479,1754,34978754,34876250,22753,7933,93,7955,0,-1,-18,-1,-18,1,1,1,914.29,521.71,914.29,521.71,15041,0,0,0,0,0,0,0
1480,1755,35328876,36512584,22289,7933,93,7955,0,-2,-18,-2,-18,1,1,1,868.57,498.85,868.57,498.85,15458,0,0,0,0,0,0,0
1481,1756,36400370,35294416,22073,7933,93,7955,0,-2,-18,-2,-18,1,1,1,868.57,498.85,868.57,498.85,15083,0,0,0,0,0,0,0
1482,1757,36155462,37193334,22137,7933,93,7955,0,-2,-18,-2,-18,1,1,1,868.57,498.85,868.57,498.85,15250,0,0,0,0,0,0,0
1483,1758,42882829,42909750,22161,7933,93,7955,0,-2,-18,-2,-18,1,1,1,868.57,498.85,868.57,498.85,16750,0,0,0,0,0,0,0
1484,1759,39860084,38200208,22073,7933,96,7955,0,-3,-18,-3,-18,1,1,1,822.86,475.99,822.86,475.99,16917,0,0,0,0,0,0,0
1485,1760,40794748,42275333,22189,7933,93,7955,0,-3,-18,-3,-18,1,1,1,822.86,475.99,822.86,475.99,16625,0,0,0,0,0,0,0
1486,1761,46869251,46748084,22073,7934,94,7956,0,-3,-18,-3,-18,1,1,1,822.86,475.99,822.86,475.99,22167,0,0,0,0,0,0,0
1487,1762,62735751,60705250,22161,7933,93,7955,0,-3,-18,-3,-18,1,1,1,822.86,475.99,822.86,475.99,25167,0,0,0,0,0,0,0
1488,1763,66377878,68202167,22137,7933,93,7955,0,-4,-18,-4,-18,1,1,1,777.14,453.14,777.14,453.14,33041,0,0,0,0,0,0,0
1489,1764,72466164,70163833,22125,7933,93,7955,0,-4,-18,-4,-18,1,1,1,777.14,453.14,777.14,453.14,32833,0,0,0,0,0,0,0
1490,1765,71728080,72106208,22789,7933,93,7955,0,-4,-18,-4,-18,1,1,1,777.14,453.14,777.14,453.14,22625,0,0,0,0,0,0,0
1491,1766,72095081,71337833,22289,7933,93,7955,0,-4,-18,-4,-18,1,1,1,777.14,453.14,777.14,453.14,34041,0,0,0,0,0,0,0
1492,1767,75342372,77933917,32461,7933,93,7955,0,-5,-18,-5,-18,1,1,1,731.43,431,731.43,431,666291,0,623334,616750,0,0,0,0
1493,1768,70264086,68392541,22161,7933,96,7955,0,-5,-18,-5,-18,1,1,1,731.43,431,731.43,431,33667,0,0,0,0,0,0,0
1494,1769,58737371,60531042,22137,7933,93,7955,0,-5,-18,-5,-18,1,1,1,731.43,431,731.43,431,35042,0,0,0,0,0,0,0
1495,1770,58309666,56819667,22125,7933,93,7955,0,-5,-18,-5,-18,1,1,1,731.43,431,731.43,431,27209,0,0,0,0,0,0,0
1496,1771,54555002,56196167,22225,7933,93,7955,0,-6,-18,-6,-18,1,1,1,685.71,416.09,685.71,416.09,25833,0,0,0,0,0,0,0
1497,1772,60303706,57367000,22637,7933,93,7955,0,-6,-18,-6,-18,1,1,1,685.71,416.09,685.71,416.09,26667,0,0,0,0,0,0,0
1498,1773,52181623,54709916,22353,7933,93,7955,0,-6,-18,-6,-18,1,1,1,685.71,416.09,685.71,416.09,26875,0,0,0,0,0,0,0
1499,1774,56726083,55519833,22213,7933,93,7955,0,-6,-18,-6,-18,1,1,1,685.71,416.09,685.71,416.09,50167,0,0,0,0,0,0,0
1500,1775,57962294,59499958,22137,7933,93,7955,0,-8,-18,-8,-18,1,1,1,594.29,422.77,594.29,422.77,27084,0,0,0,0,0,0,0
1501,1776,57020373,55215042,22073,7934,97,7956,0,-8,-18,-8,-18,1,1,1,594.29,422.77,594.29,422.77,26209,0,0,0,0,0,0,0
1502,1777,50358872,52139250,22225,7933,93,7955,0,-8,-18,-8,-18,1,1,1,594.29,422.77,594.29,422.77,26083,0,0,0,0,0,0,0
1503,1778,44500298,44525375,22125,7933,93,7955,0,-8,-18,-8,-18,1,1,1,594.29,422.77,594.29,422.77,22000,0,0,0,0,0,0,0
1504,1779,45645415,44306750,22073,7933,93,7955,0,-9,-18,-9,-18,1,1,1,548.57,418.39,548.57,418.39,23167,0,0,0,0,0,0,0
1505,1780,42367622,43624667,22137,7933,93,7955,0,-9,-18,-9,-18,1,1,1,548.57,418.39,548.57,418.39,22791,0,0,0,0,0,0,0
1506,1781,38844417,38911167,22161,7933,93,7955,0,-9,-18,-9,-18,1,1,1,548.57,418.39,548.57,418.39,20542,0,0,0,0,0,0,0
1507,1782,39744123,38520667,22073,7933,93,7955,0,-9,-18,-9,-18,1,1,1,548.57,418.39,548.57,418.39,19708,0,0,0,0,0,0,0
1508,1783,37802707,37853750,22753,7933,93,7955,0,-10,-18,-10,-18,1,1,1,502.86,399.44,502.86,399.44,19167,0,0,0,0,0,0,0
1509,1784,32725751,33877125,22289,7933,93,7955,0,-10,-18,-10,-18,1,1,1,502.86,399.44,502.86,399.44,17583,0,0,0,0,0,0,0
1510,1785,35531625,34290125,22073,7933,93,7955,0,-10,-18,-10,-18,1,1,1,502.86,399.44,502.86,399.44,17583,0,0,0,0,0,0,0
1511,1786,34731164,35606875,22225,7933,93,7955,0,-10,-18,-10,-18,1,1,1,502.86,399.44,502.86,399.44,18084,0,0,0,0,0,0,0
1512,1787,40488500,40634250,22073,7933,93,7955,0,-11,-18,-11,-18,1,1,1,457.14,380.06,457.14,380.06,16666,0,0,0,0,0,0,0
1513,1788,37887003,36839083,22073,7933,96,7955,0,-11,-18,-11,-18,1,1,1,457.14,380.06,457.14,380.06,19791,0,0,0,0,0,0,0
1514,1789,36655660,37588083,22189,7933,93,7955,0,-11,-18,-11,-18,1,1,1,457.14,380.06,457.14,380.06,17125,0,0,0,0,0,0,0
1515,1790,42278081,42398292,22073,7933,93,7955,0,-11,-18,-11,-18,1,1,1,457.14,380.06,457.14,380.06,17875,0,0,0,0,0,0,0
1516,1791,46136874,44537709,22161,7934,94,7956,0,-12,-18,-12,-18,1,1,1,411.43,359.32,411.43,359.32,22125,0,0,0,0,0,0,0
1517,1792,49540173,50962375,22137,7933,93,7955,0,-12,-18,-12,-18,1,1,1,411.43,359.32,411.43,359.32,22208,0,0,0,0,0,0,0
1518,1793,63527412,61224875,22073,7933,93,7955,0,-12,-18,-12,-18,1,1,1,411.43,359.32,411.43,359.32,26208,0,0,0,0,0,0,0
1519,1794,68295575,68431708,22841,7933,93,7955,0,-12,-18,-12,-18,1,1,1,411.43,359.32,411.43,359.32,33542,0,0,0,0,0,0,0
1520,1795,68145588,67699500,22289,7933,93,7955,0,-13,-18,-13,-18,1,1,1,365.71,336.6,365.71,336.6,32834,0,0,0,0,0,0,0
1521,1796,70036165,72392625,22137,7933,93,7955,0,-13,-18,-13,-18,1,1,1,365.71,336.6,365.71,336.6,33833,0,0,0,0,0,0,0
1522,1797,75648494,73175792,22213,7933,93,7955,0,-13,-18,-13,-18,1,1,1,365.71,336.6,365.71,336.6,34417,0,0,0,0,0,0,0
1523,1798,59874583,62510708,22137,7933,96,7955,0,-13,-18,-13,-18,1,1,1,365.71,336.6,365.71,336.6,32292,0,0,0,0,0,0,0
1524,1799,58213584,56448334,22073,7933,93,7955,0,-14,-18,-14,-18,1,1,1,320,311.82,320,311.82,27750,0,0,0,0,0,0,0
1525,1800,47243375,49004333,22225,7933,93,7955,0,-14,-18,-14,-18,1,1,1,320,311.82,320,311.82,25208,0,0,0,0,0,0,0
1526,1801,48322089,48195583,22125,7933,93,7955,0,-14,-18,-14,-18,1,1,1,320,311.82,320,311.82,22375,0,0,0,0,0,0,0
1527,1802,49264788,47662791,22073,7933,93,7955,0,-14,-18,-14,-18,1,1,1,320,311.82,320,311.82,21542,0,0,0,0,0,0,0
1528,1803,46433586,46652459,24821,7933,93,7955,0,-15,-18,-15,-18,1,1,1,274.29,285.43,274.29,285.43,22083,0,0,0,0,0,0,0
1529,1804,50501827,51883958,22377,7933,93,7955,0,-15,-18,-15,-18,1,1,1,274.29,285.43,274.29,285.43,85083,0,0,0,0,0,0,0
1530,1805,57521831,55950542,22073,7933,93,7955,0,-15,-18,-15,-18,1,1,1,274.29,285.43,274.29,285.43,95083,0,0,0,0,0,0,0
1531,1806,57726629,59186458,22189,7934,94,7956,0,-15,-18,-15,-18,1,1,1,274.29,285.43,274.29,285.43,70292,0,0,0,0,0,0,0
1532,1807,58159582,56511042,22161,7933,96,7955,0,-16,-18,-16,-18,1,1,1,228.57,258.09,228.57,258.09,67833,0,0,0,0,0,0,0
1533,1808,60644458,62250333,22137,7933,93,7955,0,-16,-18,-16,-18,1,1,1,228.57,258.09,228.57,258.09,91750,0,0,0,0,0,0,0
1534,1809,67026205,64731166,22073,7933,93,7955,0,-16,-18,-16,-18,1,1,1,228.57,258.09,228.57,258.09,69000,0,0,0,0,0,0,0
1535,1810,58205131,60491625,22277,7933,93,7955,0,-16,-18,-16,-18,1,1,1,228.57,258.09,228.57,258.09,61959,0,0,0,0,0,0,0
1536,1811,55544912,52683666,22637,7933,93,7955,0,-17,-18,-17,-18,1,1,1,182.86,230.19,182.86,230.19,48625,0,0,0,0,0,0,0
1537,1812,45827671,48704167,22353,7933,93,7955,0,-17,-18,-17,-18,1,1,1,182.86,230.19,182.86,230.19,55291,0,0,0,0,0,0,0
1538,1813,43289624,43303958,22161,7933,93,7955,0,-17,-18,-17,-18,1,1,1,182.86,230.19,182.86,230.19,43667,0,0,0,0,0,0,0
1539,1814,40219124,39055125,22125,7933,93,7955,0,-17,-18,-17,-18,1,1,1,182.86,230.19,182.86,230.19,42208,0,0,0,0,0,0,0
1540,1815,38982283,40178208,22137,7933,93,7955,0,-16,-18,-16,-18,1,1,1,228.57,258.09,228.57,258.09,54875,0,0,0,0,0,0,0
1541,1816,34171044,34129708,22073,7933,96,7955,0,-16,-18,-16,-18,1,1,1,228.57,258.09,228.57,258.09,46125,0,0,0,0,0,0,0
1542,1817,35089079,34027583,22161,7933,93,7955,0,-16,-18,-16,-18,1,1,1,228.57,258.09,228.57,258.09,40584,0,0,0,0,0,0,0
1543,1818,33000878,34062375,22137,7933,93,7955,0,-16,-18,-16,-18,1,1,1,228.57,258.09,228.57,258.09,36833,0,0,0,0,0,0,0
1544,1819,33975794,33946750,22073,7933,93,7955,0,-15,-18,-15,-18,1,1,1,274.29,285.43,274.29,285.43,38375,0,0,0,0,0,0,0
1545,1820,35328246,34262833,22125,7933,93,7955,0,-15,-18,-15,-18,1,1,1,274.29,285.43,274.29,285.43,39250,0,0,0,0,0,0,0
1546,1821,32265376,33263500,22137,7934,94,7956,0,-15,-18,-15,-18,1,1,1,274.29,285.43,274.29,285.43,39209,0,0,0,0,0,0,0
1547,1822,33417291,33462417,22161,7933,93,7955,0,-15,-18,-15,-18,1,1,1,274.29,285.43,274.29,285.43,38500,0,0,0,0,0,0,0
1548,1823,34603457,33601167,22073,7933,93,7955,0,-14,-18,-14,-18,1,1,1,320,311.82,320,311.82,35792,0,0,0,0,0,0,0
1549,1824,30826501,31833166,22137,7933,93,7955,0,-14,-18,-14,-18,1,1,1,320,311.82,320,311.82,14541,0,0,0,0,0,0,0
1550,1825,31019246,29915791,22637,7933,93,7955,0,-14,-18,-14,-18,1,1,1,320,311.82,320,311.82,15083,0,0,0,0,0,0,0
1551,1826,29814003,30819542,22289,7933,93,7955,0,-14,-18,-14,-18,1,1,1,320,311.82,320,311.82,17000,0,0,0,0,0,0,0
1552,1827,31616795,30609459,22213,7933,93,7955,0,-13,-18,-13,-18,1,1,1,365.71,336.6,365.71,336.6,14875,0,0,0,0,0,0,0
1553,1828,29591580,30583916,22137,7933,93,7955,0,-13,-18,-13,-18,1,1,1,365.71,336.6,365.71,336.6,14583,0,0,0,0,0,0,0
1554,1829,33082753,33083541,22073,7933,93,7955,0,-13,-18,-13,-18,1,1,1,365.71,336.6,365.71,336.6,16750,0,0,0,0,0,0,0
1555,1830,35908829,35915375,22073,7933,93,7955,0,-13,-18,-13,-18,1,1,1,365.71,336.6,365.71,336.6,16750,0,0,0,0,0,0,0
1556,1831,34992791,33812584,22073,7933,96,7955,0,-12,-18,-12,-18,1,1,1,411.43,359.32,411.43,359.32,17416,0,0,0,0,0,0,0
1557,1832,32587498,33713833,22225,7933,93,7955,0,-12,-18,-12,-18,1,1,1,411.43,359.32,411.43,359.32,16458,0,0,0,0,0,0,0
1558,1833,34628707,34598208,22073,7933,93,7955,0,-12,-18,-12,-18,1,1,1,411.43,359.32,411.43,359.32,16417,0,0,0,0,0,0,0
1559,1834,37803169,36716084,22125,7933,93,7955,0,-12,-18,-12,-18,1,1,1,411.43,359.32,411.43,359.32,17209,0,0,0,0,0,0,0
1560,1835,37933751,38980375,22137,7933,93,7955,0,-11,-18,-11,-18,1,1,1,457.14,380.06,457.14,380.06,17167,0,0,0,0,0,0,0
1561,1836,39840120,39674125,22073,7934,94,7956,0,-11,-18,-11,-18,1,1,1,457.14,380.06,457.14,380.06,18750,0,0,0,0,0,0,0
1562,1837,38649462,37559458,22161,7933,93,7955,0,-11,-18,-11,-18,1,1,1,457.14,380.06,457.14,380.06,16833,0,0,0,0,0,0,0
1563,1838,37196669,38295333,22137,7933,93,7955,0,-11,-18,-11,-18,1,1,1,457.14,380.06,457.14,380.06,16625,0,0,0,0,0,0,0
1564,1839,50780706,48691792,22637,7933,93,7955,0,-10,-18,-10,-18,1,1,1,502.86,399.44,502.86,399.44,22125,0,0,0,0,0,0,0
1565,1840,63014119,62590667,22341,7933,93,7955,0,-10,-18,-10,-18,1,1,1,502.86,399.44,502.86,399.44,26500,0,0,0,0,0,0,0
1566,1841,67785128,70092250,22225,7933,93,7955,0,-10,-18,-10,-18,1,1,1,502.86,399.44,502.86,399.44,33542,0,0,0,0,0,0,0
1567,1842,87250374,84413750,22073,7933,93,7955,0,-10,-18,-10,-18,1,1,1,502.86,399.44,502.86,399.44,378708,0,0,0,0,0,0,0
1568,1843,65629415,67851250,22277,7933,96,7955,0,-9,-18,-9,-18,1,1,1,548.57,418.39,548.57,418.39,25583,0,0,0,0,0,0,0
1569,1844,70072881,68537792,22073,7933,93,7955,0,-9,-18,-9,-18,1,1,1,548.57,418.39,548.57,418.39,34125,0,0,0,0,0,0,0
1570,1845,66157542,68028458,22137,7933,93,7955,0,-9,-18,-9,-18,1,1,1,548.57,418.39,548.57,418.39,33958,0,0,0,0,0,0,0
1571,1846,57537749,56078792,22213,7933,93,7955,0,-9,-18,-9,-18,1,1,1,548.57,418.39,548.57,418.39,27959,0,0,0,0,0,0,0
1572,1847,55807247,55486709,22701,7933,93,7955,0,-8,-18,-8,-18,1,1,1,594.29,422.77,594.29,422.77,28458,0,0,0,0,0,0,0
1573,1848,50639130,50934167,22289,7933,93,7955,0,-8,-18,-8,-18,1,1,1,594.29,422.77,594.29,422.77,26333,0,0,0,0,0,0,0
1574,1849,45031163,46629959,22225,7933,93,7955,0,-8,-18,-8,-18,1,1,1,594.29,422.77,594.29,422.77,22625,0,0,0,0,0,0,0
1575,1850,57594664,56033125,22125,7933,93,7955,0,-8,-18,-8,-18,1,1,1,594.29,422.77,594.29,422.77,23375,0,0,0,0,0,0,0
1576,1851,53055539,54498625,22137,7934,97,7956,0,-6,-18,-6,-18,1,1,1,685.71,416.09,685.71,416.09,22334,0,0,0,0,0,0,0
1577,1852,57703293,55616500,22161,7933,93,7955,0,-6,-18,-6,-18,1,1,1,685.71,416.09,685.71,416.09,25958,0,0,0,0,0,0,0
1578,1853,53059205,55082125,22137,7933,93,7955,0,-6,-18,-6,-18,1,1,1,685.71,416.09,685.71,416.09,26750,0,0,0,0,0,0,0
1579,1854,57673797,56151250,22125,7933,93,7955,0,-6,-18,-6,-18,1,1,1,685.71,416.09,685.71,416.09,27125,0,0,0,0,0,0,0
1580,1855,67126087,68612208,22225,7933,93,7955,0,-5,-18,-5,-18,1,1,1,731.43,431,731.43,431,32542,0,0,0,0,0,0,0
1581,1856,70874251,67550292,22637,7933,93,7955,0,-5,-18,-5,-18,1,1,1,731.43,431,731.43,431,33292,0,0,0,0,0,0,0
1582,1857,59458248,62708708,22353,7933,93,7955,0,-5,-18,-5,-18,1,1,1,731.43,431,731.43,431,33208,0,0,0,0,0,0,0
1583,1858,56961167,55409208,22213,7933,93,7955,0,-5,-18,-5,-18,1,1,1,731.43,431,731.43,431,27125,0,0,0,0,0,0,0
1584,1859,49462877,51135708,27617,7933,96,7955,0,-4,-18,-4,-18,1,1,1,777.14,453.14,777.14,453.14,476958,0,444459,440166,0,0,0,0
1585,1860,44299710,44231084,22073,7933,93,7955,0,-4,-18,-4,-18,1,1,1,777.14,453.14,777.14,453.14,21667,0,0,0,0,0,0,0
1586,1861,40413662,39257208,22161,7933,93,7955,0,-4,-18,-4,-18,1,1,1,777.14,453.14,777.14,453.14,22042,0,0,0,0,0,0,0
1587,1862,37602920,38827708,22137,7933,93,7955,0,-4,-18,-4,-18,1,1,1,777.14,453.14,777.14,453.14,18833,0,0,0,0,0,0,0
1588,1863,35322412,35299750,22125,7933,93,7955,0,-3,-18,-3,-18,1,1,1,822.86,475.99,822.86,475.99,22000,0,0,0,0,0,0,0
1589,1864,35323463,34246208,22073,7933,93,7955,0,-3,-18,-3,-18,1,1,1,822.86,475.99,822.86,475.99,16250,0,0,0,0,0,0,0
1590,1865,33510331,34474292,22137,7933,93,7955,0,-3,-18,-3,-18,1,1,1,822.86,475.99,822.86,475.99,15458,0,0,0,0,0,0,0
1591,1866,33874873,33959458,22161,7934,94,7956,0,-3,-18,-3,-18,1,1,1,822.86,475.99,822.86,475.99,16083,0,0,0,0,0,0,0
1592,1867,35753380,33796000,22637,7933,93,7955,0,-2,-18,-2,-18,1,1,1,868.57,498.85,868.57,498.85,15167,0,0,0,0,0,0,0
1593,1868,32510332,34448708,22353,7933,93,7955,0,-2,-18,-2,-18,1,1,1,868.57,498.85,868.57,498.85,15042,0,0,0,0,0,0,0
1594,1869,33909086,33883375,22125,7933,93,7955,0,-2,-18,-2,-18,1,1,1,868.57,498.85,868.57,498.85,15167,0,0,0,0,0,0,0
1595,1870,34932665,33799416,22073,7933,93,7955,0,-2,-18,-2,-18,1,1,1,868.57,498.85,868.57,498.85,15375,0,0,0,0,0,0,0
1596,1871,36242034,37344542,22225,7933,93,7955,0,-1,-18,-1,-18,1,1,1,914.29,521.71,914.29,521.71,17333,0,0,0,0,0,0,0
1597,1872,33564172,33565291,22073,7933,96,7955,0,-1,-18,-1,-18,1,1,1,914.29,521.71,914.29,521.71,14708,0,0,0,0,0,0,0
1598,1873,34564372,33411875,22073,7933,93,7955,0,-1,-18,-1,-18,1,1,1,914.29,521.71,914.29,521.71,14334,0,0,0,0,0,0,0
1599,1874,32399002,33536542,22137,7933,93,7955,0,-1,-18,-1,-18,1,1,1,914.29,521.71,914.29,521.71,14417,0,0,0,0,0,0,0
1600,1875,33616460,33544459,22125,7933,93,7955,0,0,-18,0,-18,1,1,1,960,544.56,960,544.56,12917,0,0,0,0,0,0,0
1601,1876,36921706,35678833,22161,7933,93,7955,0,0,-18,0,-18,1,1,1,960,544.56,960,544.56,13042,0,0,0,0,0,0,0
1602,1877,38064166,39173458,22137,7933,93,7955,0,0,-18,0,-18,1,1,1,960,544.56,960,544.56,16625,0,0,0,0,0,0,0
1603,1878,37358213,37437625,22073,7933,93,7955,0,0,-18,0,-18,1,1,1,960,544.56,960,544.56,14792,0,0,0,0,0,0,0
1604,1879,39569996,38406417,22073,7933,93,7955,0,1,-18,1,-18,1,1,1,1005.71,567.42,1005.71,567.42,15292,0,0,0,0,0,0,0
1605,1880,37181418,38121375,22225,7933,93,7955,0,1,-18,1,-18,1,1,1,1005.71,567.42,1005.71,567.42,14958,0,0,0,0,0,0,0
1606,1881,40235042,38847167,22689,7934,94,7956,0,1,-18,1,-18,1,1,1,1005.71,567.42,1005.71,567.42,16583,0,0,0,0,0,0,0
1607,1882,48316206,48034125,22289,7933,93,7955,0,1,-18,1,-18,1,1,1,1005.71,567.42,1005.71,567.42,16959,0,0,0,0,0,0,0
1608,1883,57247582,58788209,22137,7933,93,7955,0,2,-18,2,-18,1,1,1,1051.43,590.28,1051.43,590.28,22333,0,0,0,0,0,0,0
1609,1884,72324998,69802208,22161,7933,93,7955,0,2,-18,2,-18,1,1,1,1051.43,590.28,1051.43,590.28,28250,0,0,0,0,0,0,0
1610,1885,68597294,71063167,22189,7933,96,7955,0,2,-18,2,-18,1,1,1,1051.43,590.28,1051.43,590.28,28792,0,0,0,0,0,0,0
1611,1886,72621703,70236125,22073,7933,93,7955,0,2,-18,2,-18,1,1,1,1051.43,590.28,1051.43,590.28,19792,0,0,0,0,0,0,0
1612,1887,63831508,66212500,22225,7933,93,7955,0,3,-18,3,-18,1,1,1,1097.14,613.14,1097.14,613.14,27542,0,0,0,0,0,0,0
1613,1888,67907415,66372458,22125,7933,93,7955,0,3,-18,3,-18,1,1,1,1097.14,613.14,1097.14,613.14,28333,0,0,0,0,0,0,0
1614,1889,58599878,58187083,22701,7933,93,7955,0,3,-18,3,-18,1,1,1,1097.14,613.14,1097.14,613.14,23667,0,0,0,0,0,0,0
1615,1890,55607788,55921334,22377,7933,93,7955,0,3,-18,3,-18,1,1,1,1097.14,613.14,1097.14,613.14,32667,0,0,0,0,0,0,0
1616,1891,54571583,56188333,22137,7933,93,7955,0,4,-18,4,-18,1,1,1,1142.86,635.99,1142.86,635.99,22333,0,0,0,0,0,0,0
1617,1892,60765378,59064292,22125,7933,93,7955,0,4,-18,4,-18,1,1,1,1142.86,635.99,1142.86,635.99,24625,0,0,0,0,0,0,0
1618,1893,53344875,55011583,22225,7933,96,7955,0,4,-18,4,-18,1,1,1,1142.86,635.99,1142.86,635.99,19709,0,0,0,0,0,0,0
1619,1894,56685954,54461208,22073,7933,93,7955,0,4,-18,4,-18,1,1,1,1142.86,635.99,1142.86,635.99,22792,0,0,0,0,0,0,0
1620,1895,54980337,57072042,32409,7933,93,7955,0,5,-18,5,-18,1,1,1,1188.57,662.98,1188.57,662.98,567542,0,534791,529166,0,0,0,0
1621,1896,56282293,54687750,22213,7934,94,7956,0,5,-18,5,-18,1,1,1,1188.57,662.98,1188.57,662.98,22792,0,0,0,0,0,0,0
1622,1897,53100120,54565042,22137,7933,93,7955,0,5,-18,5,-18,1,1,1,1188.57,662.98,1188.57,662.98,23292,0,0,0,0,0,0,0
1623,1898,58382332,55270875,22637,7933,93,7955,0,5,-18,5,-18,1,1,1,1188.57,662.98,1188.57,662.98,23292,0,0,0,0,0,0,0
1624,1899,52005875,55174709,22441,7933,93,7955,0,6,-18,6,-18,1,1,1,1234.29,696.59,1234.29,696.59,22625,0,0,0,0,0,0,0
1625,1900,59356506,57232209,22125,7933,93,7955,0,6,-18,6,-18,1,1,1,1234.29,696.59,1234.29,696.59,22833,0,0,0,0,0,0,0
1626,1901,59706874,61751583,22137,7933,93,7955,0,6,-18,6,-18,1,1,1,1234.29,696.59,1234.29,696.59,25000,0,0,0,0,0,0,0
1627,1902,58133453,56396083,22161,7933,96,7955,0,6,-18,6,-18,1,1,1,1234.29,696.59,1234.29,696.59,26166,0,0,0,0,0,0,0
1628,1903,59721209,61482292,22137,7933,93,7955,0,7,-18,7,-18,1,1,1,1280,736.66,1280,736.66,31583,0,0,0,0,0,0,0
1629,1904,55247131,53250584,22125,7933,93,7955,0,7,-18,7,-18,1,1,1,1280,736.66,1280,736.66,25083,0,0,0,0,0,0,0
1630,1905,53386040,55182750,22225,7933,93,7955,0,7,-18,7,-18,1,1,1,1280,736.66,1280,736.66,24750,0,0,0,0,0,0,0
1631,1906,55150207,53927208,22073,7933,93,7955,0,7,-18,7,-18,1,1,1,1280,736.66,1280,736.66,25083,0,0,0,0,0,0,0
1632,1907,48270501,47763250,22701,7933,93,7955,0,8,-18,8,-18,1,1,1,1325.71,772.98,1325.71,772.98,20625,0,0,0,0,0,0,0
1633,1908,54026667,54353250,22429,7933,93,7955,0,8,-18,8,-18,1,1,1,1325.71,772.98,1325.71,772.98,20208,0,0,0,0,0,0,0
1634,1909,54894208,56262500,22137,7933,93,7955,0,8,-18,8,-18,1,1,1,1325.71,772.98,1325.71,772.98,26875,0,0,0,0,0,0,0
1635,1910,59816129,58070542,22073,7933,93,7955,0,8,-18,8,-18,1,1,1,1325.71,772.98,1325.71,772.98,25625,0,0,0,0,0,0,0
1636,1911,54508410,56136917,22225,7934,97,7956,0,9,-18,9,-18,1,1,1,1371.43,801.36,1371.43,801.36,24834,0,0,0,0,0,0,0
1637,1912,58974459,57110500,22125,7933,93,7955,0,9,-18,9,-18,1,1,1,1371.43,801.36,1371.43,801.36,25750,0,0,0,0,0,0,0
1638,1913,64543746,66283208,22137,7933,93,7955,0,9,-18,9,-18,1,1,1,1371.43,801.36,1371.43,801.36,24958,0,0,0,0,0,0,0
1639,1914,67174203,65489125,22161,7933,93,7955,0,9,-18,9,-18,1,1,1,1371.43,801.36,1371.43,801.36,31750,0,0,0,0,0,0,0
1640,1915,58725375,58775291,22701,7933,93,7955,0,10,-18,10,-18,1,1,1,1417.14,823.72,1417.14,823.72,27375,0,0,0,0,0,0,0
1641,1916,58890581,58396833,22341,7933,93,7955,0,10,-18,10,-18,1,1,1,1417.14,823.72,1417.14,823.72,31875,0,0,0,0,0,0,0
1642,1917,56100126,58367959,22225,7933,93,7955,0,10,-18,10,-18,1,1,1,1417.14,823.72,1417.14,823.72,25958,0,0,0,0,0,0,0
1643,1918,69219581,66697458,22073,7933,93,7955,0,10,-18,10,-18,1,1,1,1417.14,823.72,1417.14,823.72,33083,0,0,0,0,0,0,0
1644,1919,70421710,72617750,22137,7933,96,7955,0,11,-18,11,-18,1,1,1,1462.86,845.83,1462.86,845.83,34875,0,0,0,0,0,0,0
1645,1920,70757210,68914333,22213,7933,93,7955,0,11,-18,11,-18,1,1,1,1462.86,845.83,1462.86,845.83,34916,0,0,0,0,0,0,0
1646,1921,65870627,67497875,22137,7933,93,7955,0,11,-18,11,-18,1,1,1,1462.86,845.83,1462.86,845.83,34125,0,0,0,0,0,0,0
1647,1922,60073789,58813834,22073,7933,93,7955,0,11,-18,11,-18,1,1,1,1462.86,845.83,1462.86,845.83,34334,0,0,0,0,0,0,0
1648,1923,56311294,55881583,22789,7933,93,7955,0,12,-18,12,-18,1,1,1,1508.57,868.27,1508.57,868.27,30208,0,0,0,0,0,0,0
1649,1924,56783374,57220750,22341,7933,93,7955,0,12,-18,12,-18,1,1,1,1508.57,868.27,1508.57,868.27,26709,0,0,0,0,0,0,0
1650,1925,54143000,55646583,22137,7933,93,7955,0,12,-18,12,-18,1,1,1,1508.57,868.27,1508.57,868.27,28375,0,0,0,0,0,0,0
1651,1926,60154039,58564209,22161,7934,94,7956,0,12,-18,12,-18,1,1,1,1508.57,868.27,1508.57,868.27,27750,0,0,0,0,0,0,0
1652,1927,53839795,55441084,22137,7933,96,7955,0,13,-18,13,-18,1,1,1,1554.29,892.25,1554.29,892.25,51458,0,0,0,0,0,0,0
1653,1928,58665994,56585792,22125,7933,93,7955,0,13,-18,13,-18,1,1,1,1554.29,892.25,1554.29,892.25,27209,0,0,0,0,0,0,0
1654,1929,53766377,55813083,22225,7933,93,7955,0,13,-18,13,-18,1,1,1,1554.29,892.25,1554.29,892.25,27083,0,0,0,0,0,0,0
1655,1930,67794129,65711167,22073,7933,93,7955,0,13,-18,13,-18,1,1,1,1554.29,892.25,1554.29,892.25,27292,0,0,0,0,0,0,0
1656,1931,55745918,57732375,22137,7933,93,7955,0,14,-18,14,-18,1,1,1,1600,918.02,1600,918.02,33042,0,0,0,0,0,0,0
1657,1932,55920459,53056708,22777,7933,93,7955,0,14,-18,14,-18,1,1,1,1600,918.02,1600,918.02,26291,0,0,0,0,0,0,0
1658,1933,44413004,47391667,22353,7933,93,7955,0,14,-18,14,-18,1,1,1,1600,918.02,1600,918.02,25917,0,0,0,0,0,0,0
1659,1934,42457666,42442167,22073,7933,93,7955,0,14,-18,14,-18,1,1,1,1600,918.02,1600,918.02,20708,0,0,0,0,0,0,0
1660,1935,42444452,41209292,22073,7933,93,7955,0,15,-18,15,-18,1,1,1,1645.71,944.98,1645.71,944.98,18833,0,0,0,0,0,0,0
1661,1936,35159964,36382250,22225,7933,96,7955,0,15,-18,15,-18,1,1,1,1645.71,944.98,1645.71,944.98,18625,0,0,0,0,0,0,0
1662,1937,33604994,33615000,22125,7933,93,7955,0,15,-18,15,-18,1,1,1,1645.71,944.98,1645.71,944.98,15916,0,0,0,0,0,0,0
1663,1938,35241041,34095459,22073,7933,93,7955,0,15,-18,15,-18,1,1,1,1645.71,944.98,1645.71,944.98,16333,0,0,0,0,0,0,0
1664,1939,32837003,33938291,22137,7933,93,7955,0,16,-18,16,-18,1,1,1,1691.43,972.01,1691.43,972.01,16166,0,0,0,0,0,0,0
1665,1940,34082539,33988458,22073,7933,93,7955,0,16,-18,16,-18,1,1,1,1691.43,972.01,1691.43,972.01,16208,0,0,0,0,0,0,0
1666,1941,34940872,33932333,22161,7934,94,7956,0,16,-18,16,-18,1,1,1,1691.43,972.01,1691.43,972.01,16917,0,0,0,0,0,0,0
1667,1942,32906837,33942042,22137,7933,93,7955,0,16,-18,16,-18,1,1,1,1691.43,972.01,1691.43,972.01,16375,0,0,0,0,0,0,0
1668,1943,33705372,33715375,22125,7933,93,7955,0,15,-18,15,-18,1,1,1,1645.71,944.98,1645.71,944.98,16542,0,0,0,0,0,0,0
1669,1944,34836251,33714292,22073,7933,93,7955,0,15,-18,15,-18,1,1,1,1645.71,944.98,1645.71,944.98,16042,0,0,0,0,0,0,0
1670,1945,33379789,33418459,22701,7933,93,7955,0,15,-18,15,-18,1,1,1,1645.71,944.98,1645.71,944.98,16583,0,0,0,0,0,0,0
1671,1946,29612833,30640792,22377,7933,93,7955,0,15,-18,15,-18,1,1,1,1645.71,944.98,1645.71,944.98,14708,0,0,0,0,0,0,0
1672,1947,30317623,30354458,22073,7933,93,7955,0,14,-18,14,-18,1,1,1,1600,918.02,1600,918.02,14750,0,0,0,0,0,0,0
1673,1948,31607292,30427000,22073,7933,93,7955,0,14,-18,14,-18,1,1,1,1600,918.02,1600,918.02,14750,0,0,0,0,0,0,0
1674,1949,31414419,32541208,22137,7933,93,7955,0,14,-18,14,-18,1,1,1,1600,918.02,1600,918.02,15125,0,0,0,0,0,0,0
1675,1950,36889959,36602625,22125,7933,93,7955,0,14,-18,14,-18,1,1,1,1600,918.02,1600,918.02,17958,0,0,0,0,0,0,0
1676,1951,37259709,36387417,22161,7933,96,7955,0,13,-18,13,-18,1,1,1,1554.29,892.25,1554.29,892.25,21416,0,0,0,0,0,0,0
1677,1952,36612037,37566125,22137,7933,93,7955,0,13,-18,13,-18,1,1,1,1554.29,892.25,1554.29,892.25,16708,0,0,0,0,0,0,0
1678,1953,38605500,38532750,22073,7933,93,7955,0,13,-18,13,-18,1,1,1,1554.29,892.25,1554.29,892.25,16709,0,0,0,0,0,0,0
1679,1954,40134664,38483917,22073,7933,93,7955,0,13,-18,13,-18,1,1,1,1554.29,892.25,1554.29,892.25,23375,0,0,0,0,0,0,0
1680,1955,38152124,39826916,22225,7933,93,7955,0,12,-18,12,-18,1,1,1,1508.57,868.27,1508.57,868.27,18875,0,0,0,0,0,0,0
1681,1956,45589625,45493708,22125,7934,94,7956,0,12,-18,12,-18,1,1,1,1508.57,868.27,1508.57,868.27,19875,0,0,0,0,0,0,0
1682,1957,60486834,58474791,22073,7933,93,7955,0,12,-18,12,-18,1,1,1,1508.57,868.27,1508.57,868.27,28375,0,0,0,0,0,0,0
1683,1958,68262875,67900583,22701,7933,93,7955,0,12,-18,12,-18,1,1,1,1508.57,868.27,1508.57,868.27,33334,0,0,0,0,0,0,0
1684,1959,74317663,73989167,22377,7933,93,7955,0,11,-18,11,-18,1,1,1,1462.86,845.83,1462.86,845.83,27084,0,0,0,0,0,0,0
1685,1960,78773960,81177500,22189,7933,93,7955,0,11,-18,11,-18,1,1,1,1462.86,845.83,1462.86,845.83,23125,0,0,0,0,0,0,0
1686,1961,68638831,66796375,22161,7933,96,7955,0,11,-18,11,-18,1,1,1,1462.86,845.83,1462.86,845.83,22917,0,0,0,0,0,0,0
1687,1962,67782089,69594625,22137,7933,93,7955,0,11,-18,11,-18,1,1,1,1462.86,845.83,1462.86,845.83,33167,0,0,0,0,0,0,0
1688,1963,62177665,59961542,22125,7933,93,7955,0,10,-18,10,-18,1,1,1,1417.14,823.72,1417.14,823.72,33833,0,0,0,0,0,0,0
1689,1964,54673958,56545250,22225,7933,93,7955,0,10,-18,10,-18,1,1,1,1417.14,823.72,1417.14,823.72,28375,0,0,0,0,0,0,0
1690,1965,48193290,47134166,22073,7933,93,7955,0,10,-18,10,-18,1,1,1,1417.14,823.72,1417.14,823.72,21459,0,0,0,0,0,0,0
1691,1966,46209376,45787625,22701,7933,93,7955,0,10,-18,10,-18,1,1,1,1417.14,823.72,1417.14,823.72,21875,0,0,0,0,0,0,0
1692,1967,45530669,47423541,22341,7933,93,7955,0,9,-18,9,-18,1,1,1,1371.43,801.36,1371.43,801.36,22166,0,0,0,0,0,0,0
1693,1968,49132250,47483875,22161,7933,93,7955,0,9,-18,9,-18,1,1,1,1371.43,801.36,1371.43,801.36,21750,0,0,0,0,0,0,0
1694,1969,50199624,51839542,22137,7933,93,7955,0,9,-18,9,-18,1,1,1,1371.43,801.36,1371.43,801.36,23125,0,0,0,0,0,0,0
1695,1970,58514583,56814208,22073,7933,96,7955,0,9,-18,9,-18,1,1,1,1371.43,801.36,1371.43,801.36,25375,0,0,0,0,0,0,0
1696,1971,53761336,55378292,22277,7934,94,7956,0,8,-18,8,-18,1,1,1,1325.71,772.98,1325.71,772.98,24166,0,0,0,0,0,0,0
1697,1972,60068000,57842167,22073,7933,93,7955,0,8,-18,8,-18,1,1,1,1325.71,772.98,1325.71,772.98,24459,0,0,0,0,0,0,0
1698,1973,64923830,66883000,22137,7933,93,7955,0,8,-18,8,-18,1,1,1,1325.71,772.98,1325.71,772.98,30958,0,0,0,0,0,0,0
1699,1974,68577170,66560500,22161,7933,93,7955,0,8,-18,8,-18,1,1,1,1325.71,772.98,1325.71,772.98,49166,0,0,0,0,0,0,0
1700,1975,54336749,54890917,22753,7933,93,7955,0,7,-18,7,-18,1,1,1,1280,736.66,1280,736.66,31750,0,0,0,0,0,0,0
1701,1976,51391538,51581667,22289,7933,93,7955,0,7,-18,7,-18,1,1,1,1280,736.66,1280,736.66,24917,0,0,0,0,0,0,0
1702,1977,42489461,43981541,22225,7933,93,7955,0,7,-18,7,-18,1,1,1,1280,736.66,1280,736.66,21000,0,0,0,0,0,0,0
1703,1978,41715078,41700125,22073,7933,93,7955,0,7,-18,7,-18,1,1,1,1280,736.66,1280,736.66,21000,0,0,0,0,0,0,0
1704,1979,38187500,37134083,22073,7933,96,7955,0,6,-18,6,-18,1,1,1,1234.29,696.59,1234.29,696.59,16875,0,0,0,0,0,0,0
1705,1980,33144123,34153166,22189,7933,93,7955,0,6,-18,6,-18,1,1,1,1234.29,696.59,1234.29,696.59,14834,0,0,0,0,0,0,0
1706,1981,33737208,33795500,22161,7933,93,7955,0,6,-18,6,-18,1,1,1,1234.29,696.59,1234.29,696.59,14875,0,0,0,0,0,0,0
1707,1982,34939710,33805625,22073,7933,93,7955,0,6,-18,6,-18,1,1,1,1234.29,696.59,1234.29,696.59,15000,0,0,0,0,0,0,0
1708,1983,32841119,33932584,22137,7933,93,7955,0,5,-18,5,-18,1,1,1,1188.57,662.98,1188.57,662.98,15417,0,0,0,0,0,0,0
1709,1984,33608879,33557333,22073,7933,93,7955,0,5,-18,5,-18,1,1,1,1188.57,662.98,1188.57,662.98,14625,0,0,0,0,0,0,0
1710,1985,35164833,34011583,22073,7933,93,7955,0,5,-18,5,-18,1,1,1,1188.57,662.98,1188.57,662.98,15500,0,0,0,0,0,0,0
1711,1986,32448872,33608125,22277,7934,94,7956,0,5,-18,5,-18,1,1,1,1188.57,662.98,1188.57,662.98,14792,0,0,0,0,0,0,0
1712,1987,33592458,33558791,27553,7933,93,7955,0,4,-18,4,-18,1,1,1,1142.86,635.99,1142.86,635.99,285958,0,267250,264459,0,0,0,0
1713,1988,35632956,33668416,22637,7933,93,7955,0,4,-18,4,-18,1,1,1,1142.86,635.99,1142.86,635.99,14666,0,0,0,0,0,0,0
1714,1989,29549915,31542708,22353,7933,93,7955,0,4,-18,4,-18,1,1,1,1142.86,635.99,1142.86,635.99,14500,0,0,0,0,0,0,0
1715,1990,30676877,30560084,22073,7933,93,7955,0,4,-18,4,-18,1,1,1,1142.86,635.99,1142.86,635.99,12833,0,0,0,0,0,0,0
1716,1991,30799830,30860667,22161,7933,93,7955,0,3,-18,3,-18,1,1,1,1097.14,613.14,1097.14,613.14,12834,0,0,0,0,0,0,0
1717,1992,34101877,33048792,22073,7933,93,7955,0,3,-18,3,-18,1,1,1,1097.14,613.14,1097.14,613.14,13583,0,0,0,0,0,0,0
1718,1993,30515873,31545625,22189,7933,96,7955,0,3,-18,3,-18,1,1,1,1097.14,613.14,1097.14,613.14,13125,0,0,0,0,0,0,0
1719,1994,32973796,32934542,22073,7933,93,7955,0,3,-18,3,-18,1,1,1,1097.14,613.14,1097.14,613.14,14833,0,0,0,0,0,0,0
1720,1995,32839745,32818500,22073,7933,93,7955,0,2,-18,2,-18,1,1,1,1051.43,590.28,1051.43,590.28,15875,0,0,0,0,0,0,0
1721,1996,33929791,32837375,22161,7933,93,7955,0,2,-18,2,-18,1,1,1,1051.43,590.28,1051.43,590.28,16000,0,0,0,0,0,0,0
1722,1997,34292504,35372416,22137,7933,93,7955,0,2,-18,2,-18,1,1,1,1051.43,590.28,1051.43,590.28,14542,0,0,0,0,0,0,0
1723,1998,38665045,38613708,22073,7933,93,7955,0,2,-18,2,-18,1,1,1,1051.43,590.28,1051.43,590.28,15500,0,0,0,0,0,0,0
1724,1999,37279244,36179833,22125,7933,93,7955,0,1,-18,1,-18,1,1,1,1005.71,567.42,1005.71,567.42,14625,0,0,0,0,0,0,0
1725,2000,39377793,40281375,22137,7933,93,7955,0,1,-18,1,-18,1,1,1,1005.71,567.42,1005.71,567.42,14125,0,0,0,0,0,0,0
1726,2001,37487421,37669250,22161,7934,94,7956,0,1,-18,1,-18,1,1,1,1005.71,567.42,1005.71,567.42,14709,0,0,0,0,0,0,0
1727,2002,41413284,39925916,22073,7933,93,7955,0,1,-18,1,-18,1,1,1,1005.71,567.42,1005.71,567.42,14334,0,0,0,0,0,0,0
1728,2003,45351210,45414167,22701,7933,93,7955,0,0,-18,0,-18,1,1,1,960,544.56,960,544.56,18916,0,0,0,0,0,0,0
1729,2004,56147251,54883250,22289,7933,93,7955,0,0,-18,0,-18,1,1,1,960,544.56,960,544.56,19041,0,0,0,0,0,0,0
1730,2005,63993498,66264417,22277,7933,93,7955,0,0,-18,0,-18,1,1,1,960,544.56,960,544.56,27917,0,0,0,0,0,0,0
1731,2006,77388413,75127125,22073,7933,93,7955,0,0,-18,0,-18,1,1,1,960,544.56,960,544.56,28500,0,0,0,0,0,0,0
1732,2007,68183422,70354208,22137,7933,96,7955,0,-1,-18,-1,-18,1,1,1,914.29,521.71,914.29,521.71,24125,0,0,0,0,0,0,0
1733,2008,70677578,68011708,22213,7933,93,7955,0,-1,-18,-1,-18,1,1,1,914.29,521.71,914.29,521.71,29000,0,0,0,0,0,0,0
1734,2009,68349666,70709417,22137,7933,93,7955,0,-1,-18,-1,-18,1,1,1,914.29,521.71,914.29,521.71,30041,0,0,0,0,0,0,0
1735,2010,71603298,68117292,22637,7933,93,7955,0,-1,-18,-1,-18,1,1,1,914.29,521.71,914.29,521.71,30375,0,0,0,0,0,0,0
1736,2011,54210662,58031667,22493,7933,93,7955,0,-2,-18,-2,-18,1,1,1,868.57,498.85,868.57,498.85,30125,0,0,0,0,0,0,0
1737,2012,55324580,53741750,22073,7933,93,7955,0,-2,-18,-2,-18,1,1,1,868.57,498.85,868.57,498.85,27417,0,0,0,0,0,0,0
1738,2013,51746625,53137959,22137,7933,93,7955,0,-2,-18,-2,-18,1,1,1,868.57,498.85,868.57,498.85,22833,0,0,0,0,0,0,0
1739,2014,61203833,59799334,22161,7933,96,7955,0,-2,-18,-2,-18,1,1,1,868.57,498.85,868.57,498.85,22375,0,0,0,0,0,0,0
1740,2015,66286705,67776292,22189,7933,93,7955,0,-3,-18,-3,-18,1,1,1,822.86,475.99,822.86,475.99,25041,0,0,0,0,0,0,0
1741,2016,70912458,68668250,22073,7934,94,7956,0,-3,-18,-3,-18,1,1,1,822.86,475.99,822.86,475.99,30375,0,0,0,0,0,0,0
1742,2017,67131377,69215166,22225,7933,93,7955,0,-3,-18,-3,-18,1,1,1,822.86,475.99,822.86,475.99,33416,0,0,0,0,0,0,0
1743,2018,73897041,68982959,22689,7933,93,7955,0,-3,-18,-3,-18,1,1,1,822.86,475.99,822.86,475.99,30500,0,0,0,0,0,0,0
1744,2019,64166791,68977167,22353,7933,93,7955,0,-4,-18,-4,-18,1,1,1,777.14,453.14,777.14,453.14,31708,0,0,0,0,0,0,0
1745,2020,68126626,66540333,22161,7933,93,7955,0,-4,-18,-4,-18,1,1,1,777.14,453.14,777.14,453.14,33083,0,0,0,0,0,0,0
1746,2021,55230874,57019459,22189,7933,93,7955,0,-4,-18,-4,-18,1,1,1,777.14,453.14,777.14,453.14,26125,0,0,0,0,0,0,0
1747,2022,45686502,44340334,22073,7933,96,7955,0,-4,-18,-4,-18,1,1,1,777.14,453.14,777.14,453.14,21667,0,0,0,0,0,0,0
1748,2023,38029916,39383750,32497,7933,93,7955,0,-5,-18,-5,-18,1,1,1,731.43,431,731.43,431,448542,0,421916,418584,0,0,0,0
1749,2024,37697583,37718333,22073,7933,93,7955,0,-5,-18,-5,-18,1,1,1,731.43,431,731.43,431,18541,0,0,0,0,0,0,0
1750,2025,36121670,34961833,22073,7933,93,7955,0,-5,-18,-5,-18,1,1,1,731.43,431,731.43,431,17250,0,0,0,0,0,0,0
1751,2026,36814916,37908792,22189,7933,93,7955,0,-5,-18,-5,-18,1,1,1,731.43,431,731.43,431,18375,0,0,0,0,0,0,0
1752,2027,36664746,36647917,22073,7933,93,7955,0,-6,-18,-6,-18,1,1,1,685.71,416.09,685.71,416.09,16791,0,0,0,0,0,0,0
1753,2028,38177460,36905917,22161,7933,93,7955,0,-6,-18,-6,-18,1,1,1,685.71,416.09,685.71,416.09,16625,0,0,0,0,0,0,0
1754,2029,38769919,38812208,22701,7933,93,7955,0,-6,-18,-6,-18,1,1,1,685.71,416.09,685.71,416.09,17000,0,0,0,0,0,0,0
1755,2030,39381455,40484125,22289,7933,93,7955,0,-6,-18,-6,-18,1,1,1,685.71,416.09,685.71,416.09,17667,0,0,0,0,0,0,0
1756,2031,46844962,45084875,22073,7934,94,7956,0,-8,-18,-8,-18,1,1,1,594.29,422.77,594.29,422.77,19500,0,0,0,0,0,0,0
1757,2032,55344127,57063417,22277,7933,93,7955,0,-8,-18,-8,-18,1,1,1,594.29,422.77,594.29,422.77,23041,0,0,0,0,0,0,0
1758,2033,65623998,63651417,22073,7933,96,7955,0,-8,-18,-8,-18,1,1,1,594.29,422.77,594.29,422.77,28083,0,0,0,0,0,0,0
1759,2034,64733408,66421458,22137,7933,93,7955,0,-8,-18,-8,-18,1,1,1,594.29,422.77,594.29,422.77,32458,0,0,0,0,0,0,0
1760,2035,72235085,70333750,22161,7933,93,7955,0,-9,-18,-9,-18,1,1,1,548.57,418.39,548.57,418.39,34500,0,0,0,0,0,0,0
1761,2036,66527009,68536041,22189,7933,93,7955,0,-9,-18,-9,-18,1,1,1,548.57,418.39,548.57,418.39,34292,0,0,0,0,0,0,0
1762,2037,70175118,67444125,22073,7933,93,7955,0,-9,-18,-9,-18,1,1,1,548.57,418.39,548.57,418.39,38250,0,0,0,0,0,0,0
1763,2038,69261498,69728917,22789,7933,93,7955,0,-9,-18,-9,-18,1,1,1,548.57,418.39,548.57,418.39,35125,0,0,0,0,0,0,0
1764,2039,69240249,69397542,22341,7933,93,7955,0,-10,-18,-10,-18,1,1,1,502.86,399.44,502.86,399.44,34458,0,0,0,0,0,0,0
1765,2040,61637293,63387625,22137,7933,93,7955,0,-10,-18,-10,-18,1,1,1,502.86,399.44,502.86,399.44,29917,0,0,0,0,0,0,0
1766,2041,56076999,54717791,22161,7933,96,7955,0,-10,-18,-10,-18,1,1,1,502.86,399.44,502.86,399.44,27375,0,0,0,0,0,0,0
1767,2042,45150291,46842083,22137,7933,93,7955,0,-10,-18,-10,-18,1,1,1,502.86,399.44,502.86,399.44,22750,0,0,0,0,0,0,0
1768,2043,48213712,48172334,22125,7933,93,7955,0,-11,-18,-11,-18,1,1,1,457.14,380.06,457.14,380.06,22375,0,0,0,0,0,0,0
1769,2044,48547539,47175375,22073,7933,93,7955,0,-11,-18,-11,-18,1,1,1,457.14,380.06,457.14,380.06,22125,0,0,0,0,0,0,0
1770,2045,54082248,55130042,22225,7933,93,7955,0,-11,-18,-11,-18,1,1,1,457.14,380.06,457.14,380.06,21625,0,0,0,0,0,0,0
1771,2046,57949043,55313041,22637,7934,94,7956,0,-11,-18,-11,-18,1,1,1,457.14,380.06,457.14,380.06,26917,0,0,0,0,0,0,0
1772,2047,52825249,55463500,22405,7933,93,7955,0,-12,-18,-12,-18,1,1,1,411.43,359.32,411.43,359.32,26375,0,0,0,0,0,0,0
1773,2048,65399289,63995166,22161,7933,93,7955,0,-12,-18,-12,-18,1,1,1,411.43,359.32,411.43,359.32,33667,0,0,0,0,0,0,0
1774,2049,56104917,57662042,22137,7933,93,7955,0,-12,-18,-12,-18,1,1,1,411.43,359.32,411.43,359.32,34125,0,0,0,0,0,0,0
1775,2050,52861038,51461333,22073,7933,96,7955,0,-12,-18,-12,-18,1,1,1,411.43,359.32,411.43,359.32,27375,0,0,0,0,0,0,0
1776,2051,41966084,43420625,22277,7933,93,7955,0,-13,-18,-13,-18,1,1,1,365.71,336.6,365.71,336.6,21417,0,0,0,0,0,0,0
1777,2052,39889328,39862125,22073,7933,93,7955,0,-13,-18,-13,-18,1,1,1,365.71,336.6,365.71,336.6,21833,0,0,0,0,0,0,0
1778,2053,37625752,36559917,22073,7933,93,7955,0,-13,-18,-13,-18,1,1,1,365.71,336.6,365.71,336.6,18875,0,0,0,0,0,0,0
1779,2054,32977458,33981917,22137,7933,93,7955,0,-13,-18,-13,-18,1,1,1,365.71,336.6,365.71,336.6,16750,0,0,0,0,0,0,0
1780,2055,34451588,34525667,22161,7933,93,7955,0,-14,-18,-14,-18,1,1,1,320,311.82,320,311.82,16458,0,0,0,0,0,0,0
1781,2056,37818495,36624958,22073,7933,93,7955,0,-14,-18,-14,-18,1,1,1,320,311.82,320,311.82,16500,0,0,0,0,0,0,0
1782,2057,35273712,36400292,22189,7933,93,7955,0,-14,-18,-14,-18,1,1,1,320,311.82,320,311.82,16791,0,0,0,0,0,0,0
1783,2058,36488745,34972250,22637,7933,93,7955,0,-14,-18,-14,-18,1,1,1,320,311.82,320,311.82,16625,0,0,0,0,0,0,0
1784,2059,39662756,39824459,22289,7933,93,7955,0,-15,-18,-15,-18,1,1,1,274.29,285.43,274.29,285.43,19292,0,0,0,0,0,0,0
1785,2060,37087168,38375875,22225,7933,93,7955,0,-15,-18,-15,-18,1,1,1,274.29,285.43,274.29,285.43,37666,0,0,0,0,0,0,0
1786,2061,43808121,43629375,22073,7934,94,7956,0,-15,-18,-15,-18,1,1,1,274.29,285.43,274.29,285.43,61167,0,0,0,0,0,0,0
1787,2062,43536081,42248541,22073,7933,96,7955,0,-15,-18,-15,-18,1,1,1,274.29,285.43,274.29,285.43,42667,0,0,0,0,0,0,0
1788,2063,46866957,48118625,22189,7933,93,7955,0,-16,-18,-16,-18,1,1,1,228.57,258.09,228.57,258.09,44500,0,0,0,0,0,0,0
1789,2064,64502544,62627458,22161,7933,93,7955,0,-16,-18,-16,-18,1,1,1,228.57,258.09,228.57,258.09,72375,0,0,0,0,0,0,0
1790,2065,64994461,66752875,22137,7933,93,7955,0,-16,-18,-16,-18,1,1,1,228.57,258.09,228.57,258.09,60375,0,0,0,0,0,0,0
1791,2066,80560043,71697834,22073,7933,93,7955,0,-16,-18,-16,-18,1,1,1,228.57,258.09,228.57,258.09,63917,0,0,0,0,0,0,0
1792,2067,64882174,71501750,22841,7933,93,7955,0,-17,-18,-17,-18,1,1,1,182.86,230.19,182.86,230.19,60000,0,0,0,0,0,0,0
1793,2068,81157036,80814375,22289,7933,93,7955,0,-17,-18,-17,-18,1,1,1,182.86,230.19,182.86,230.19,61959,0,0,0,0,0,0,0
1794,2069,67014463,69024000,22137,7933,93,7955,0,-17,-18,-17,-18,1,1,1,182.86,230.19,182.86,230.19,85083,0,0,0,0,0,0,0
1795,2070,71113914,69701583,22213,7933,93,7955,0,-17,-18,-17,-18,1,1,1,182.86,230.19,182.86,230.19,81750,0,0,0,0,0,0,0
1796,2071,53275331,55013583,22137,7933,96,7955,0,-16,-18,-16,-18,1,1,1,228.57,258.09,228.57,258.09,49459,0,0,0,0,0,0,0
1797,2072,54747082,53378791,22073,7933,93,7955,0,-16,-18,-16,-18,1,1,1,228.57,258.09,228.57,258.09,51875,0,0,0,0,0,0,0
1798,2073,46229038,47728000,22225,7933,93,7955,0,-16,-18,-16,-18,1,1,1,228.57,258.09,228.57,258.09,62333,0,0,0,0,0,0,0
1799,2074,47276750,47201417,22125,7933,93,7955,0,-16,-18,-16,-18,1,1,1,228.57,258.09,228.57,258.09,69583,0,0,0,0,0,0,0
