frame_index,read_frame_count,unscaled_delta_ns,main_thread_ns,gc_alloc_bytes,batches,set_pass_calls,draw_calls,engine_controller_update_ns,intended_cell_x,intended_cell_y,actual_cell_x,actual_cell_y,cell_match,input_checked,mouse_is_virtual,injected_x,injected_y,read_x,read_y,tnd_bench_t1_hover_ns,tnd_bench_t1_reclassify_ns,tnd_bench_t1_hoveredborder_ns,tnd_bench_t1_hoveredborderrebuild_ns,tnd_bench_t1_modeenter_ns,tnd_bench_t1_conquerui_ns,tnd_bench_s0_hover_ns,tnd_bench_s0_rebuild_ns
0,275,60759503,40048750,112683,7933,93,7955,0,-17,-18,-17,-18,1,1,1,182.86,230.19,182.86,230.19,390292,0,366041,363083,0,0,0,0
1,276,42560707,41542083,22161,7934,94,7956,0,-17,-18,-17,-18,1,1,1,182.86,230.19,182.86,230.19,47291,0,0,0,0,0,0,0
2,277,42340584,43408750,22137,7933,93,7955,0,-16,-18,-16,-18,1,1,1,228.57,258.09,228.57,258.09,39333,0,0,0,0,0,0,0
3,278,53711295,53694375,207257,7933,93,7955,0,-15,-18,-15,-18,1,1,1,274.29,285.43,274.29,285.43,68292,0,0,0,0,0,0,0
4,279,46146746,44773292,22125,7933,96,7955,0,-15,-18,-15,-18,1,1,1,274.29,285.43,274.29,285.43,55916,0,0,0,0,0,0,0
5,280,44131085,45290333,22225,7933,93,7955,0,-14,-18,-14,-18,1,1,1,320,311.82,320,311.82,46166,0,0,0,0,0,0,0
6,281,46267375,46383750,22073,7933,93,7955,0,-13,-18,-13,-18,1,1,1,365.71,336.6,365.71,336.6,22291,0,0,0,0,0,0,0
7,282,46769913,45398375,22073,7933,93,7955,0,-13,-18,-13,-18,1,1,1,365.71,336.6,365.71,336.6,21375,0,0,0,0,0,0,0
8,283,46230915,46219542,22701,7933,93,7955,0,-12,-18,-12,-18,1,1,1,411.43,359.32,411.43,359.32,21708,0,0,0,0,0,0,0
9,284,45303706,46530208,22429,7933,93,7955,0,-11,-18,-11,-18,1,1,1,457.14,380.06,457.14,380.06,22875,0,0,0,0,0,0,0
10,285,46499460,45023292,22073,7933,93,7955,0,-11,-18,-11,-18,1,1,1,457.14,380.06,457.14,380.06,21625,0,0,0,0,0,0,0
11,286,41650205,43262667,22137,7933,93,7955,0,-10,-18,-10,-18,1,1,1,502.86,399.44,502.86,399.44,22916,0,0,0,0,0,0,0
12,287,42817503,42729542,22073,7933,93,7955,0,-9,-18,-9,-18,1,1,1,548.57,418.39,548.57,418.39,22542,0,0,0,0,0,0,0
13,288,43306000,42180250,22161,7933,93,7955,0,-9,-18,-9,-18,1,1,1,548.57,418.39,548.57,418.39,22834,0,0,0,0,0,0,0
14,289,40192119,41389375,22189,7933,93,7955,0,-8,-18,-8,-18,1,1,1,594.29,422.77,594.29,422.77,19042,0,0,0,0,0,0,0
15,290,37942007,37900000,22073,7933,96,7955,0,-6,-18,-6,-18,1,1,1,685.71,416.09,685.71,416.09,18833,0,0,0,0,0,0,0
16,291,40006209,38879916,22073,7934,94,7956,0,-6,-18,-6,-18,1,1,1,685.71,416.09,685.71,416.09,22083,0,0,0,0,0,0,0
17,292,36004912,37013292,22225,7933,93,7955,0,-5,-18,-5,-18,1,1,1,731.43,431,731.43,431,18458,0,0,0,0,0,0,0
18,293,36285758,36377542,27553,7933,93,7955,0,-4,-18,-4,-18,1,1,1,777.14,453.14,777.14,453.14,326375,0,302125,298625,0,0,0,0
19,294,38195867,37052208,22073,7933,93,7955,0,-4,-18,-4,-18,1,1,1,777.14,453.14,777.14,453.14,15834,0,0,0,0,0,0,0
20,295,39240043,40288417,22189,7933,93,7955,0,-3,-18,-3,-18,1,1,1,822.86,475.99,822.86,475.99,16375,0,0,0,0,0,0,0
21,296,42618956,41310416,22637,7933,93,7955,0,-2,-18,-2,-18,1,1,1,868.57,498.85,868.57,498.85,18250,0,0,0,0,0,0,0
22,297,40012005,39790792,22377,7933,93,7955,0,-2,-18,-2,-18,1,1,1,868.57,498.85,868.57,498.85,17417,0,0,0,0,0,0,0
23,298,41839294,43293458,22137,7933,93,7955,0,-1,-18,-1,-18,1,1,1,914.29,521.71,914.29,521.71,16333,0,0,0,0,0,0,0
24,299,47704372,47665000,22073,7933,93,7955,0,0,-18,0,-18,1,1,1,960,544.56,960,544.56,19041,0,0,0,0,0,0,0
25,300,55660460,54018708,22125,7933,93,7955,0,0,-18,0,-18,1,1,1,960,544.56,960,544.56,24125,0,0,0,0,0,0,0
26,301,58430001,59915875,22225,7933,93,7955,0,1,-18,1,-18,1,1,1,1005.71,567.42,1005.71,567.42,29500,0,0,0,0,0,0,0
27,302,70848584,68612334,22073,7933,96,7955,0,2,-18,2,-18,1,1,1,1051.43,590.28,1051.43,590.28,28625,0,0,0,0,0,0,0
28,303,67596994,69647458,22137,7933,93,7955,0,2,-18,2,-18,1,1,1,1051.43,590.28,1051.43,590.28,28208,0,0,0,0,0,0,0
29,304,73064416,70830458,22213,7933,93,7955,0,3,-18,3,-18,1,1,1,1097.14,613.14,1097.14,613.14,33667,0,0,0,0,0,0,0
30,305,70477373,70871792,22701,7933,93,7955,0,4,-18,4,-18,1,1,1,1142.86,635.99,1142.86,635.99,28500,0,0,0,0,0,0,0
31,306,70542663,70191916,22289,7934,94,7956,0,4,-18,4,-18,1,1,1,1142.86,635.99,1142.86,635.99,28208,0,0,0,0,0,0,0
32,307,66799834,68932042,32549,7933,93,7955,0,5,-18,5,-18,1,1,1,1188.57,662.98,1188.57,662.98,626833,0,584375,578125,0,0,0,0
33,308,73635622,71693709,22073,7933,93,7955,0,6,-18,6,-18,1,1,1,1234.29,696.59,1234.29,696.59,29917,0,0,0,0,0,0,0
34,309,66267877,68098041,22137,7933,96,7955,0,6,-18,6,-18,1,1,1,1234.29,696.59,1234.29,696.59,41958,0,0,0,0,0,0,0
35,310,60246456,58370584,22213,7933,93,7955,0,7,-18,7,-18,1,1,1,1280,736.66,1280,736.66,31416,0,0,0,0,0,0,0
36,311,58704618,60644208,22137,7933,93,7955,0,8,-18,8,-18,1,1,1,1325.71,772.98,1325.71,772.98,26417,0,0,0,0,0,0,0
37,312,70658504,67185291,22637,7933,93,7955,0,8,-18,8,-18,1,1,1,1325.71,772.98,1325.71,772.98,33834,0,0,0,0,0,0,0
38,313,59026870,62498625,22441,7933,93,7955,0,9,-18,9,-18,1,1,1,1371.43,801.36,1371.43,801.36,34000,0,0,0,0,0,0,0
39,314,62849961,61330208,22125,7933,93,7955,0,10,-18,10,-18,1,1,1,1417.14,823.72,1417.14,823.72,26416,0,0,0,0,0,0,0
40,315,55930618,57371625,22137,7933,93,7955,0,10,-18,10,-18,1,1,1,1417.14,823.72,1417.14,823.72,26083,0,0,0,0,0,0,0
41,316,64978249,63471917,22161,7931,93,7953,0,11,-18,11,-18,1,1,1,1462.86,845.83,1462.86,845.83,33792,0,0,0,0,0,0,0
42,317,51084794,52619166,22137,7933,96,7955,0,12,-18,12,-18,1,1,1,1508.57,868.27,1508.57,868.27,26792,0,0,0,0,0,0,0
43,318,51251914,49658709,22125,7933,93,7955,0,12,-18,12,-18,1,1,1,1508.57,868.27,1508.57,868.27,26417,0,0,0,0,0,0,0
44,319,41362714,43032416,22225,7933,93,7955,0,13,-18,13,-18,1,1,1,1554.29,892.25,1554.29,892.25,21875,0,0,0,0,0,0,0
45,320,38896251,38911125,22073,7933,93,7955,0,14,-18,14,-18,1,1,1,1600,918.02,1600,918.02,19166,0,0,0,0,0,0,0
46,321,39558455,38457167,22073,7934,94,7956,0,14,-18,14,-18,1,1,1,1600,918.02,1600,918.02,18833,0,0,0,0,0,0,0
47,322,33913124,33807916,22701,7933,93,7955,0,15,-18,15,-18,1,1,1,1645.71,944.98,1645.71,944.98,16959,0,0,0,0,0,0,0
48,323,32903380,34068667,22429,7933,93,7955,0,16,-18,16,-18,1,1,1,1691.43,972.01,1691.43,972.01,16208,0,0,0,0,0,0,0
49,324,35547036,34454458,22073,7933,93,7955,0,16,-18,16,-18,1,1,1,1691.43,972.01,1691.43,972.01,16416,0,0,0,0,0,0,0
50,325,33127628,34198041,22137,7933,93,7955,0,15,-18,15,-18,1,1,1,1645.71,944.98,1645.71,944.98,16875,0,0,0,0,0,0,0
51,326,34505244,34508042,22073,7933,93,7955,0,14,-18,14,-18,1,1,1,1600,918.02,1600,918.02,16208,0,0,0,0,0,0,0
52,327,35161379,34013333,22073,7933,93,7955,0,14,-18,14,-18,1,1,1,1600,918.02,1600,918.02,16916,0,0,0,0,0,0,0
53,328,35935580,37044250,22225,7933,93,7955,0,13,-18,13,-18,1,1,1,1554.29,892.25,1554.29,892.25,21000,0,0,0,0,0,0,0
54,329,33779919,33764875,22125,7933,96,7955,0,12,-18,12,-18,1,1,1,1508.57,868.27,1508.57,868.27,17000,0,0,0,0,0,0,0
55,330,33987004,33008625,22073,7933,93,7955,0,12,-18,12,-18,1,1,1,1508.57,868.27,1508.57,868.27,16792,0,0,0,0,0,0,0
56,331,29565079,30520667,22137,7933,93,7955,0,11,-18,11,-18,1,1,1,1462.86,845.83,1462.86,845.83,15125,0,0,0,0,0,0,0
57,332,30357751,30288625,22073,7933,93,7955,0,10,-18,10,-18,1,1,1,1417.14,823.72,1417.14,823.72,14750,0,0,0,0,0,0,0
58,333,30155124,30204333,22161,7933,93,7955,0,10,-18,10,-18,1,1,1,1417.14,823.72,1417.14,823.72,15375,0,0,0,0,0,0,0
59,334,31240044,30242792,22073,7933,93,7955,0,9,-18,9,-18,1,1,1,1371.43,801.36,1371.43,801.36,14583,0,0,0,0,0,0,0
60,335,29842205,30784625,22137,7933,93,7955,0,8,-18,8,-18,1,1,1,1325.71,772.98,1325.71,772.98,14500,0,0,0,0,0,0,0
61,336,30291086,30309667,22125,7934,94,7956,0,8,-18,8,-18,1,1,1,1325.71,772.98,1325.71,772.98,14250,0,0,0,0,0,0,0
62,337,32936748,31707917,22637,7933,93,7955,0,7,-18,7,-18,1,1,1,1280,736.66,1280,736.66,14792,0,0,0,0,0,0,0
63,338,33134877,33236041,22377,7933,93,7955,0,6,-18,6,-18,1,1,1,1234.29,696.59,1234.29,696.59,14541,0,0,0,0,0,0,0
64,339,32510332,33567375,22137,7933,93,7955,0,6,-18,6,-18,1,1,1,1234.29,696.59,1234.29,696.59,14667,0,0,0,0,0,0,0
65,340,34425828,34417000,22073,7933,93,7955,0,5,-18,5,-18,1,1,1,1188.57,662.98,1188.57,662.98,15334,0,0,0,0,0,0,0
66,341,36864504,35738625,27553,7933,93,7955,0,4,-18,4,-18,1,1,1,1142.86,635.99,1142.86,635.99,297625,0,278125,274583,0,0,0,0
67,342,34797627,35813583,22137,7933,93,7955,0,4,-18,4,-18,1,1,1,1142.86,635.99,1142.86,635.99,14666,0,0,0,0,0,0,0
68,343,35791162,35820208,22213,7933,93,7955,0,3,-18,3,-18,1,1,1,1097.14,613.14,1097.14,613.14,14875,0,0,0,0,0,0,0
69,344,40660623,38497291,22073,7933,93,7955,0,2,-18,2,-18,1,1,1,1051.43,590.28,1051.43,590.28,20833,0,0,0,0,0,0,0
70,345,34947462,37091333,22137,7933,96,7955,0,2,-18,2,-18,1,1,1,1051.43,590.28,1051.43,590.28,15042,0,0,0,0,0,0,0
71,346,37278201,37253167,22073,7933,93,7955,0,1,-18,1,-18,1,1,1,1005.71,567.42,1005.71,567.42,14416,0,0,0,0,0,0,0
72,347,41557375,39628583,22073,7933,93,7955,0,0,-18,0,-18,1,1,1,960,544.56,960,544.56,14792,0,0,0,0,0,0,0
73,348,43309997,45146709,22225,7933,93,7955,0,0,-18,0,-18,1,1,1,960,544.56,960,544.56,17333,0,0,0,0,0,0,0
74,349,54619211,54441292,22125,7933,93,7955,0,-1,-18,-1,-18,1,1,1,914.29,521.71,914.29,521.71,18625,0,0,0,0,0,0,0
75,350,72237744,68040500,22637,7933,93,7955,0,-2,-18,-2,-18,1,1,1,868.57,498.85,868.57,498.85,29750,0,0,0,0,0,0,0
76,351,64808331,68820458,22441,7934,94,7956,0,-2,-18,-2,-18,1,1,1,868.57,498.85,868.57,498.85,29875,0,0,0,0,0,0,0
77,352,70580378,68767417,22073,7933,93,7955,0,-3,-18,-3,-18,1,1,1,822.86,475.99,822.86,475.99,29917,0,0,0,0,0,0,0
78,353,67270375,69084916,22189,7933,93,7955,0,-4,-18,-4,-18,1,1,1,777.14,453.14,777.14,453.14,31750,0,0,0,0,0,0,0
79,354,67902125,66422708,22161,7933,93,7955,0,-4,-18,-4,-18,1,1,1,777.14,453.14,777.14,453.14,40667,0,0,0,0,0,0,0
80,355,53117126,54707375,32409,7933,96,7955,0,-5,-18,-5,-18,1,1,1,731.43,431,731.43,431,536542,0,501083,495625,0,0,0,0
81,356,50853166,49474542,22073,7933,93,7955,0,-6,-18,-6,-18,1,1,1,685.71,416.09,685.71,416.09,27750,0,0,0,0,0,0,0
82,357,46414993,47801292,22277,7933,93,7955,0,-6,-18,-6,-18,1,1,1,685.71,416.09,685.71,416.09,22625,0,0,0,0,0,0,0
83,358,48647753,47190500,22637,7933,93,7955,0,-8,-18,-8,-18,1,1,1,594.29,422.77,594.29,422.77,21792,0,0,0,0,0,0,0
84,359,46929959,46946542,22289,7933,93,7955,0,-9,-18,-9,-18,1,1,1,548.57,418.39,548.57,418.39,22334,0,0,0,0,0,0,0
85,360,48263575,49450792,22137,7933,93,7955,0,-9,-18,-9,-18,1,1,1,548.57,418.39,548.57,418.39,22792,0,0,0,0,0,0,0
86,361,55920250,54403000,22161,7933,93,7955,0,-10,-18,-10,-18,1,1,1,502.86,399.44,502.86,399.44,22042,0,0,0,0,0,0,0
87,362,53501956,55140917,22189,7933,93,7955,0,-11,-18,-11,-18,1,1,1,457.14,380.06,457.14,380.06,26375,0,0,0,0,0,0,0
88,363,60038216,58313292,22073,7933,93,7955,0,-11,-18,-11,-18,1,1,1,457.14,380.06,457.14,380.06,27625,0,0,0,0,0,0,0
89,364,52894160,54603417,22225,7933,96,7955,0,-12,-18,-12,-18,1,1,1,411.43,359.32,411.43,359.32,30083,0,0,0,0,0,0,0
90,365,56571498,54659042,22073,7933,93,7955,0,-13,-18,-13,-18,1,1,1,365.71,336.6,365.71,336.6,27125,0,0,0,0,0,0,0
91,366,47928586,49784875,22189,7934,94,7956,0,-13,-18,-13,-18,1,1,1,365.71,336.6,365.71,336.6,30959,0,0,0,0,0,0,0
92,367,43602876,43642875,22161,7933,93,7955,0,-14,-18,-14,-18,1,1,1,320,311.82,320,311.82,21042,0,0,0,0,0,0,0
93,368,43313995,41250833,22637,7933,93,7955,0,-15,-18,-15,-18,1,1,1,274.29,285.43,274.29,285.43,21000,0,0,0,0,0,0,0
94,369,36554377,38609917,22353,7933,93,7955,0,-15,-18,-15,-18,1,1,1,274.29,285.43,274.29,285.43,44916,0,0,0,0,0,0,0
95,370,37247411,37228583,22073,7933,93,7955,0,-16,-18,-16,-18,1,1,1,228.57,258.09,228.57,258.09,36708,0,0,0,0,0,0,0
96,371,34983664,33909250,22213,7933,93,7955,0,-17,-18,-17,-18,1,1,1,182.86,230.19,182.86,230.19,33375,0,0,0,0,0,0,0
97,372,32733000,33828208,22137,7933,93,7955,0,-17,-18,-17,-18,1,1,1,182.86,230.19,182.86,230.19,38125,0,0,0,0,0,0,0
98,373,34273248,34236958,22073,7933,93,7955,0,-16,-18,-16,-18,1,1,1,228.57,258.09,228.57,258.09,34416,0,0,0,0,0,0,0
99,374,37177458,36084500,22073,7933,93,7955,0,-15,-18,-15,-18,1,1,1,274.29,285.43,274.29,285.43,41709,0,0,0,0,0,0,0
100,375,32618418,33636333,22137,7933,96,7955,0,-15,-18,-15,-18,1,1,1,274.29,285.43,274.29,285.43,38917,0,0,0,0,0,0,0
101,376,33313710,33379375,22161,7933,93,7955,0,-14,-18,-14,-18,1,1,1,320,311.82,320,311.82,33667,0,0,0,0,0,0,0
102,377,34615371,33496500,22125,7933,93,7955,0,-13,-18,-13,-18,1,1,1,365.71,336.6,365.71,336.6,20958,0,0,0,0,0,0,0
103,378,32371543,33430417,22137,7933,93,7955,0,-13,-18,-13,-18,1,1,1,365.71,336.6,365.71,336.6,16458,0,0,0,0,0,0,0
104,379,33475212,33457209,22073,7933,93,7955,0,-12,-18,-12,-18,1,1,1,411.43,359.32,411.43,359.32,16958,0,0,0,0,0,0,0
105,380,34966785,33837166,22073,7933,93,7955,0,-11,-18,-11,-18,1,1,1,457.14,380.06,457.14,380.06,16791,0,0,0,0,0,0,0
106,381,31653501,32773208,22225,7934,94,7956,0,-11,-18,-11,-18,1,1,1,457.14,380.06,457.14,380.06,16209,0,0,0,0,0,0,0
107,382,34691419,33671459,33679,7933,93,7955,0,-10,-18,-10,-18,1,1,1,502.86,399.44,502.86,399.44,15542,0,0,0,0,0,0,0
108,383,29566084,30551833,22341,7933,93,7955,0,-9,-18,-9,-18,1,1,1,548.57,418.39,548.57,418.39,15458,0,0,0,0,0,0,0
109,384,31333334,30350834,22073,7933,93,7955,0,-9,-18,-9,-18,1,1,1,548.57,418.39,548.57,418.39,15459,0,0,0,0,0,0,0
110,385,29785791,30709209,22137,7933,93,7955,0,-8,-18,-8,-18,1,1,1,594.29,422.77,594.29,422.77,14250,0,0,0,0,0,0,0
111,386,33861041,33881167,22161,7933,93,7955,0,-6,-18,-6,-18,1,1,1,685.71,416.09,685.71,416.09,14875,0,0,0,0,0,0,0
112,387,37696328,36554500,22073,7933,93,7955,0,-6,-18,-6,-18,1,1,1,685.71,416.09,685.71,416.09,20042,0,0,0,0,0,0,0
113,388,34322503,35432292,22137,7933,93,7955,0,-5,-18,-5,-18,1,1,1,731.43,431,731.43,431,17041,0,0,0,0,0,0,0
114,389,38923829,38866208,27553,7933,93,7955,0,-4,-18,-4,-18,1,1,1,777.14,453.14,777.14,453.14,361792,0,336125,329916,0,0,0,0
115,390,36866538,35764250,22125,7933,96,7955,0,-4,-18,-4,-18,1,1,1,777.14,453.14,777.14,453.14,18541,0,0,0,0,0,0,0
116,391,34005627,34957083,22225,7933,93,7955,0,-3,-18,-3,-18,1,1,1,822.86,475.99,822.86,475.99,15208,0,0,0,0,0,0,0
117,392,36750331,36897083,22073,7933,93,7955,0,-2,-18,-2,-18,1,1,1,868.57,498.85,868.57,498.85,15541,0,0,0,0,0,0,0
118,393,39359588,38009583,22073,7933,93,7955,0,-2,-18,-2,-18,1,1,1,868.57,498.85,868.57,498.85,15000,0,0,0,0,0,0,0
119,394,41125454,42341625,22137,7933,93,7955,0,-1,-18,-1,-18,1,1,1,914.29,521.71,914.29,521.71,16542,0,0,0,0,0,0,0
120,395,52613500,52569542,22161,7933,93,7955,0,0,-18,0,-18,1,1,1,960,544.56,960,544.56,18542,0,0,0,0,0,0,0
121,396,67771628,64193250,22689,7934,94,7956,0,0,-18,0,-18,1,1,1,960,544.56,960,544.56,22583,0,0,0,0,0,0,0
122,397,63827298,67206375,22353,7933,93,7955,0,1,-18,1,-18,1,1,1,1005.71,567.42,1005.71,567.42,27458,0,0,0,0,0,0,0
123,398,70978082,69039625,22161,7933,93,7955,0,2,-18,2,-18,1,1,1,1051.43,590.28,1051.43,590.28,28291,0,0,0,0,0,0,0
124,399,65574496,67495292,22189,7933,93,7955,0,2,-18,2,-18,1,1,1,1051.43,590.28,1051.43,590.28,28334,0,0,0,0,0,0,0
125,400,70060834,68232167,22073,7933,93,7955,0,3,-18,3,-18,1,1,1,1097.14,613.14,1097.14,613.14,29666,0,0,0,0,0,0,0
126,401,54649122,56404708,22225,7933,96,7955,0,4,-18,4,-18,1,1,1,1142.86,635.99,1142.86,635.99,22750,0,0,0,0,0,0,0
127,402,51763337,50270750,22073,7933,93,7955,0,4,-18,4,-18,1,1,1,1142.86,635.99,1142.86,635.99,24750,0,0,0,0,0,0,0
128,403,44030167,45610292,32461,7933,93,7955,0,5,-18,5,-18,1,1,1,1188.57,662.98,1188.57,662.98,428708,0,404167,400250,0,0,0,0
129,404,47273334,45956708,22725,7933,93,7955,0,6,-18,6,-18,1,1,1,1234.29,696.59,1234.29,696.59,19583,0,0,0,0,0,0,0
130,405,46631872,46551375,22289,7933,93,7955,0,6,-18,6,-18,1,1,1,1234.29,696.59,1234.29,696.59,19417,0,0,0,0,0,0,0
131,406,46090837,47421167,22137,7933,93,7955,0,7,-18,7,-18,1,1,1,1280,736.66,1280,736.66,20708,0,0,0,0,0,0,0
132,407,46538121,46516916,22073,7933,93,7955,0,8,-18,8,-18,1,1,1,1325.71,772.98,1325.71,772.98,22084,0,0,0,0,0,0,0
133,408,49477040,47842833,22213,7933,93,7955,0,8,-18,8,-18,1,1,1,1325.71,772.98,1325.71,772.98,23917,0,0,0,0,0,0,0
134,409,50065957,51728584,22137,7933,93,7955,0,9,-18,9,-18,1,1,1,1371.43,801.36,1371.43,801.36,21208,0,0,0,0,0,0,0
135,410,46341709,46338250,22073,7933,96,7955,0,10,-18,10,-18,1,1,1,1417.14,823.72,1417.14,823.72,22375,0,0,0,0,0,0,0
136,411,47889079,46406833,22073,7934,94,7956,0,10,-18,10,-18,1,1,1,1417.14,823.72,1417.14,823.72,22417,0,0,0,0,0,0,0
137,412,44377297,45591833,22225,7933,93,7955,0,11,-18,11,-18,1,1,1,1462.86,845.83,1462.86,845.83,23292,0,0,0,0,0,0,0
138,413,52129499,52224792,22125,7933,93,7955,0,12,-18,12,-18,1,1,1,1508.57,868.27,1508.57,868.27,22167,0,0,0,0,0,0,0
139,414,49169205,47960083,22073,7933,93,7955,0,12,-18,12,-18,1,1,1,1508.57,868.27,1508.57,868.27,26541,0,0,0,0,0,0,0
140,415,43391041,43257041,22701,7933,93,7955,0,13,-18,13,-18,1,1,1,1554.29,892.25,1554.29,892.25,21709,0,0,0,0,0,0,0
141,416,42041752,43447334,22377,7933,93,7955,0,14,-18,14,-18,1,1,1,1600,918.02,1600,918.02,21458,0,0,0,0,0,0,0
142,417,42412959,41225750,22073,7933,93,7955,0,14,-18,14,-18,1,1,1,1600,918.02,1600,918.02,22125,0,0,0,0,0,0,0
143,418,37031371,38201375,22189,7933,93,7955,0,15,-18,15,-18,1,1,1,1645.71,944.98,1645.71,944.98,18625,0,0,0,0,0,0,0
144,419,37452962,37393208,22073,7933,93,7955,0,16,-18,16,-18,1,1,1,1691.43,972.01,1691.43,972.01,18417,0,0,0,0,0,0,0
145,420,36846373,35860917,22161,7933,93,7955,0,16,-18,16,-18,1,1,1,1691.43,972.01,1691.43,972.01,18125,0,0,0,0,0,0,0
146,421,32995335,34028500,22137,7933,96,7955,0,15,-18,15,-18,1,1,1,1645.71,944.98,1645.71,944.98,16458,0,0,0,0,0,0,0
147,422,33654619,33658542,22073,7933,93,7955,0,14,-18,14,-18,1,1,1,1600,918.02,1600,918.02,16750,0,0,0,0,0,0,0
148,423,34540504,33425541,22073,7933,93,7955,0,14,-18,14,-18,1,1,1,1600,918.02,1600,918.02,16792,0,0,0,0,0,0,0
149,424,32552998,33585250,22189,7933,93,7955,0,13,-18,13,-18,1,1,1,1554.29,892.25,1554.29,892.25,16792,0,0,0,0,0,0,0
150,425,33682290,33704583,22161,7933,93,7955,0,12,-18,12,-18,1,1,1,1508.57,868.27,1508.57,868.27,17000,0,0,0,0,0,0,0
151,426,34548163,33470500,22073,7934,94,7956,0,12,-18,12,-18,1,1,1,1508.57,868.27,1508.57,868.27,17292,0,0,0,0,0,0,0
152,427,32433923,33467167,22137,7933,93,7955,0,11,-18,11,-18,1,1,1,1462.86,845.83,1462.86,845.83,16750,0,0,0,0,0,0,0
153,428,34812703,33742375,22637,7933,93,7955,0,10,-18,10,-18,1,1,1,1417.14,823.72,1417.14,823.72,16750,0,0,0,0,0,0,0
154,429,30507249,31521750,22289,7933,93,7955,0,10,-18,10,-18,1,1,1,1417.14,823.72,1417.14,823.72,16709,0,0,0,0,0,0,0
155,430,31288582,30360291,22161,7933,93,7955,0,9,-18,9,-18,1,1,1,1371.43,801.36,1371.43,801.36,18000,0,0,0,0,0,0,0
156,431,29410919,30366542,22189,7933,93,7955,0,8,-18,8,-18,1,1,1,1325.71,772.98,1325.71,772.98,13958,0,0,0,0,0,0,0
157,432,30516581,30518792,22073,7933,93,7955,0,8,-18,8,-18,1,1,1,1325.71,772.98,1325.71,772.98,14833,0,0,0,0,0,0,0
158,433,30570039,30531709,22073,7933,93,7955,0,7,-18,7,-18,1,1,1,1280,736.66,1280,736.66,14417,0,0,0,0,0,0,0
159,434,31226836,30196167,22073,7933,93,7955,0,6,-18,6,-18,1,1,1,1234.29,696.59,1234.29,696.59,13500,0,0,0,0,0,0,0
160,435,30737457,31753500,22225,7933,93,7955,0,6,-18,6,-18,1,1,1,1234.29,696.59,1234.29,696.59,12875,0,0,0,0,0,0,0
161,436,36399915,36251375,22073,7933,93,7955,0,5,-18,5,-18,1,1,1,1188.57,662.98,1188.57,662.98,13625,0,0,0,0,0,0,0
162,437,36317579,35298750,27553,7933,96,7955,0,4,-18,4,-18,1,1,1,1142.86,635.99,1142.86,635.99,291167,0,272333,269083,0,0,0,0
163,438,34609340,35605583,22189,7933,93,7955,0,4,-18,4,-18,1,1,1,1142.86,635.99,1142.86,635.99,16875,0,0,0,0,0,0,0
164,439,37146747,37170542,22073,7933,93,7955,0,3,-18,3,-18,1,1,1,1097.14,613.14,1097.14,613.14,17417,0,0,0,0,0,0,0
165,440,37060040,36063292,22161,7933,93,7955,0,2,-18,2,-18,1,1,1,1051.43,590.28,1051.43,590.28,14375,0,0,0,0,0,0,0
166,441,34774042,35787333,22137,7934,94,7956,0,2,-18,2,-18,1,1,1,1051.43,590.28,1051.43,590.28,14958,0,0,0,0,0,0,0
167,442,36453995,36320000,22073,7933,93,7955,0,1,-18,1,-18,1,1,1,1005.71,567.42,1005.71,567.42,14500,0,0,0,0,0,0,0
168,443,41052628,37983625,22637,7933,93,7955,0,0,-18,0,-18,1,1,1,960,544.56,960,544.56,14333,0,0,0,0,0,0,0
169,444,42833417,45769250,22405,7933,93,7955,0,0,-18,0,-18,1,1,1,960,544.56,960,544.56,16542,0,0,0,0,0,0,0
170,445,56902494,54929542,22161,7933,93,7955,0,-1,-18,-1,-18,1,1,1,914.29,521.71,914.29,521.71,25417,0,0,0,0,0,0,0
171,446,63932545,65713583,22137,7933,93,7955,0,-2,-18,-2,-18,1,1,1,868.57,498.85,868.57,498.85,29375,0,0,0,0,0,0,0
172,447,71242742,69135291,22073,7933,93,7955,0,-2,-18,-2,-18,1,1,1,868.57,498.85,868.57,498.85,29417,0,0,0,0,0,0,0
173,448,71041665,73221875,22277,7933,93,7955,0,-3,-18,-3,-18,1,1,1,822.86,475.99,822.86,475.99,31709,0,0,0,0,0,0,0
174,449,72277791,69611791,22073,7933,96,7955,0,-4,-18,-4,-18,1,1,1,777.14,453.14,777.14,453.14,34125,0,0,0,0,0,0,0
175,450,69626837,72059042,22137,7933,93,7955,0,-4,-18,-4,-18,1,1,1,777.14,453.14,777.14,453.14,34125,0,0,0,0,0,0,0
176,451,69950461,66920375,33049,7933,93,7955,0,-5,-18,-5,-18,1,1,1,731.43,431,731.43,431,654042,0,609916,601792,0,0,0,0
177,452,53242497,56444750,22353,7933,93,7955,0,-6,-18,-6,-18,1,1,1,685.71,416.09,685.71,416.09,26792,0,0,0,0,0,0,0
178,453,58235254,55999084,22073,7933,93,7955,0,-6,-18,-6,-18,1,1,1,685.71,416.09,685.71,416.09,27500,0,0,0,0,0,0,0
179,454,53594663,55810333,22225,7933,93,7955,0,-8,-18,-8,-18,1,1,1,594.29,422.77,594.29,422.77,27750,0,0,0,0,0,0,0
180,455,60602501,58377667,22125,7933,93,7955,0,-9,-18,-9,-18,1,1,1,548.57,418.39,548.57,418.39,27250,0,0,0,0,0,0,0
181,456,54052252,56173583,22137,7934,97,7956,0,-9,-18,-9,-18,1,1,1,548.57,418.39,548.57,418.39,29750,0,0,0,0,0,0,0
182,457,57587165,56028958,22161,7933,93,7955,0,-10,-18,-10,-18,1,1,1,502.86,399.44,502.86,399.44,29083,0,0,0,0,0,0,0
183,458,50815369,52157750,22137,7933,93,7955,0,-11,-18,-11,-18,1,1,1,457.14,380.06,457.14,380.06,27417,0,0,0,0,0,0,0
184,459,51552254,50356208,22125,7933,93,7955,0,-11,-18,-11,-18,1,1,1,457.14,380.06,457.14,380.06,22584,0,0,0,0,0,0,0
185,460,50357121,50169583,22789,7933,93,7955,0,-12,-18,-12,-18,1,1,1,411.43,359.32,411.43,359.32,27583,0,0,0,0,0,0,0
186,461,50020877,50287292,22289,7933,93,7955,0,-13,-18,-13,-18,1,1,1,365.71,336.6,365.71,336.6,25584,0,0,0,0,0,0,0
187,462,45633625,46979625,22137,7933,93,7955,0,-13,-18,-13,-18,1,1,1,365.71,336.6,365.71,336.6,25834,0,0,0,0,0,0,0
188,463,44106207,44003625,22073,7933,93,7955,0,-14,-18,-14,-18,1,1,1,320,311.82,320,311.82,22000,0,0,0,0,0,0,0
189,464,45624334,44377291,22213,7933,93,7955,0,-15,-18,-15,-18,1,1,1,274.29,285.43,274.29,285.43,21625,0,0,0,0,0,0,0
190,465,45655336,46962792,22137,7933,93,7955,0,-15,-18,-15,-18,1,1,1,274.29,285.43,274.29,285.43,95125,0,0,0,0,0,0,0
191,466,38397789,38384417,22073,7933,96,7955,0,-16,-18,-16,-18,1,1,1,228.57,258.09,228.57,258.09,36875,0,0,0,0,0,0,0
192,467,38834460,37589833,22073,7933,93,7955,0,-17,-18,-17,-18,1,1,1,182.86,230.19,182.86,230.19,76167,0,0,0,0,0,0,0
193,468,35825539,37084917,22225,7933,93,7955,0,-17,-18,-17,-18,1,1,1,182.86,230.19,182.86,230.19,41625,0,0,0,0,0,0,0
194,469,34154713,34133959,22125,7933,93,7955,0,-16,-18,-16,-18,1,1,1,228.57,258.09,228.57,258.09,35125,0,0,0,0,0,0,0
195,470,35487167,34415375,22073,7933,93,7955,0,-15,-18,-15,-18,1,1,1,274.29,285.43,274.29,285.43,34542,0,0,0,0,0,0,0
196,471,33034954,34072250,22137,7934,94,7956,0,-15,-18,-15,-18,1,1,1,274.29,285.43,274.29,285.43,42667,0,0,0,0,0,0,0
197,472,34741625,33593125,22637,7933,93,7955,0,-14,-18,-14,-18,1,1,1,320,311.82,320,311.82,34500,0,0,0,0,0,0,0
198,473,33756960,33802792,22377,7933,93,7955,0,-13,-18,-13,-18,1,1,1,365.71,336.6,365.71,336.6,16709,0,0,0,0,0,0,0
199,474,32513875,33577833,22137,7933,93,7955,0,-13,-18,-13,-18,1,1,1,365.71,336.6,365.71,336.6,16583,0,0,0,0,0,0,0
200,475,34988004,34947917,22125,7933,93,7955,0,-12,-18,-12,-18,1,1,1,411.43,359.32,411.43,359.32,17042,0,0,0,0,0,0,0
201,476,36278501,35179208,22073,7933,93,7955,0,-11,-18,-11,-18,1,1,1,457.14,380.06,457.14,380.06,17666,0,0,0,0,0,0,0
202,477,33798668,34729416,22137,7933,93,7955,0,-11,-18,-11,-18,1,1,1,457.14,380.06,457.14,380.06,16667,0,0,0,0,0,0,0
203,478,34513704,34649709,22161,7933,93,7955,0,-10,-18,-10,-18,1,1,1,502.86,399.44,502.86,399.44,17459,0,0,0,0,0,0,0
204,479,40772046,38654667,22073,7933,93,7955,0,-9,-18,-9,-18,1,1,1,548.57,418.39,548.57,418.39,18959,0,0,0,0,0,0,0
205,480,35054456,37107125,22137,7933,96,7955,0,-9,-18,-9,-18,1,1,1,548.57,418.39,548.57,418.39,17042,0,0,0,0,0,0,0
206,481,37253998,37224750,22125,7933,93,7955,0,-8,-18,-8,-18,1,1,1,594.29,422.77,594.29,422.77,17333,0,0,0,0,0,0,0
207,482,36271464,35107791,22073,7933,93,7955,0,-6,-18,-6,-18,1,1,1,685.71,416.09,685.71,416.09,16959,0,0,0,0,0,0,0
208,483,34038953,34993958,22225,7933,93,7955,0,-6,-18,-6,-18,1,1,1,685.71,416.09,685.71,416.09,17083,0,0,0,0,0,0,0
209,484,35396207,35557667,22073,7933,93,7955,0,-5,-18,-5,-18,1,1,1,731.43,431,731.43,431,16792,0,0,0,0,0,0,0
210,485,41500169,40268458,27553,7933,93,7955,0,-4,-18,-4,-18,1,1,1,777.14,453.14,777.14,453.14,348292,0,325750,322541,0,0,0,0
211,486,44838748,44591875,22701,7934,94,7956,0,-4,-18,-4,-18,1,1,1,777.14,453.14,777.14,453.14,18833,0,0,0,0,0,0,0
212,487,50813667,52071375,22429,7933,93,7955,0,-3,-18,-3,-18,1,1,1,822.86,475.99,822.86,475.99,20375,0,0,0,0,0,0,0
213,488,62331002,60179666,22073,7933,93,7955,0,-2,-18,-2,-18,1,1,1,868.57,498.85,868.57,498.85,23375,0,0,0,0,0,0,0
214,489,64544163,66534084,22137,7933,93,7955,0,-2,-18,-2,-18,1,1,1,868.57,498.85,868.57,498.85,44625,0,0,0,0,0,0,0
215,490,62009673,60591916,22161,7933,93,7955,0,-1,-18,-1,-18,1,1,1,914.29,521.71,914.29,521.71,28667,0,0,0,0,0,0,0
216,491,57066828,58477834,22189,7933,93,7955,0,0,-18,0,-18,1,1,1,960,544.56,960,544.56,24625,0,0,0,0,0,0,0
217,492,55372167,53828792,22073,7933,96,7955,0,0,-18,0,-18,1,1,1,960,544.56,960,544.56,23250,0,0,0,0,0,0,0
218,493,51281839,52977000,22225,7933,93,7955,0,1,-18,1,-18,1,1,1,1005.71,567.42,1005.71,567.42,21917,0,0,0,0,0,0,0
219,494,48696082,47304084,22073,7933,93,7955,0,2,-18,2,-18,1,1,1,1051.43,590.28,1051.43,590.28,18875,0,0,0,0,0,0,0
220,495,45842871,45378917,22753,7933,93,7955,0,2,-18,2,-18,1,1,1,1051.43,590.28,1051.43,590.28,19208,0,0,0,0,0,0,0
221,496,45760415,47492750,22289,7933,93,7955,0,3,-18,3,-18,1,1,1,1097.14,613.14,1097.14,613.14,19209,0,0,0,0,0,0,0
222,497,51453672,49511125,22161,7933,93,7955,0,4,-18,4,-18,1,1,1,1142.86,635.99,1142.86,635.99,22625,0,0,0,0,0,0,0
223,498,46862792,48787125,22137,7933,93,7955,0,4,-18,4,-18,1,1,1,1142.86,635.99,1142.86,635.99,22625,0,0,0,0,0,0,0
224,499,47032207,46991083,32345,7933,93,7955,0,5,-18,5,-18,1,1,1,1188.57,662.98,1188.57,662.98,398500,0,374125,369875,0,0,0,0
225,500,51719706,50340625,22125,7933,93,7955,0,6,-18,6,-18,1,1,1,1234.29,696.59,1234.29,696.59,19500,0,0,0,0,0,0,0
226,501,43068706,44477792,22225,7934,97,7956,0,6,-18,6,-18,1,1,1,1234.29,696.59,1234.29,696.59,19417,0,0,0,0,0,0,0
227,502,45893006,45669791,22073,7933,93,7955,0,7,-18,7,-18,1,1,1,1280,736.66,1280,736.66,20708,0,0,0,0,0,0,0
228,503,46773206,45576875,22073,7933,93,7955,0,8,-18,8,-18,1,1,1,1325.71,772.98,1325.71,772.98,21333,0,0,0,0,0,0,0
229,504,43627500,44507750,22137,7933,93,7955,0,8,-18,8,-18,1,1,1,1325.71,772.98,1325.71,772.98,23125,0,0,0,0,0,0,0
230,505,45402955,45763916,22213,7933,93,7955,0,9,-18,9,-18,1,1,1,1371.43,801.36,1371.43,801.36,21042,0,0,0,0,0,0,0
231,506,46283129,44053417,22887,7933,93,7955,0,10,-18,10,-18,1,1,1,1417.14,823.72,1417.14,823.72,21708,0,0,0,0,0,0,0
232,507,40523290,42658583,22353,7933,93,7955,0,10,-18,10,-18,1,1,1,1417.14,823.72,1417.14,823.72,21917,0,0,0,0,0,0,0
233,508,45838996,45809167,22073,7933,93,7955,0,11,-18,11,-18,1,1,1,1462.86,845.83,1462.86,845.83,21791,0,0,0,0,0,0,0
234,509,44352963,43207833,22161,7933,93,7955,0,12,-18,12,-18,1,1,1,1508.57,868.27,1508.57,868.27,22084,0,0,0,0,0,0,0
235,510,41905917,43111584,22189,7933,93,7955,0,12,-18,12,-18,1,1,1,1508.57,868.27,1508.57,868.27,19584,0,0,0,0,0,0,0
236,511,45109827,45146541,22073,7933,93,7955,0,13,-18,13,-18,1,1,1,1554.29,892.25,1554.29,892.25,22709,0,0,0,0,0,0,0
237,512,39164461,37840083,22073,7933,96,7955,0,14,-18,14,-18,1,1,1,1600,918.02,1600,918.02,18459,0,0,0,0,0,0,0
238,513,36655958,37962292,22225,7933,93,7955,0,14,-18,14,-18,1,1,1,1600,918.02,1600,918.02,18875,0,0,0,0,0,0,0
239,514,37752956,37721875,22073,7933,93,7955,0,15,-18,15,-18,1,1,1,1645.71,944.98,1645.71,944.98,18833,0,0,0,0,0,0,0
240,515,39263047,38111542,22125,7933,93,7955,0,16,-18,16,-18,1,1,1,1691.43,972.01,1691.43,972.01,18250,0,0,0,0,0,0,0
241,516,34782744,35920292,22137,7934,94,7956,0,16,-18,16,-18,1,1,1,1691.43,972.01,1691.43,972.01,18625,0,0,0,0,0,0,0
242,517,34954458,34902583,22073,7933,93,7955,0,15,-18,15,-18,1,1,1,1645.71,944.98,1645.71,944.98,16750,0,0,0,0,0,0,0
243,518,37462960,35573125,22725,7933,93,7955,0,14,-18,14,-18,1,1,1,1600,918.02,1600,918.02,24833,0,0,0,0,0,0,0
244,519,33492375,35411333,22353,7933,93,7955,0,14,-18,14,-18,1,1,1,1600,918.02,1600,918.02,20083,0,0,0,0,0,0,0
245,520,35289917,35198500,22073,7933,93,7955,0,13,-18,13,-18,1,1,1,1554.29,892.25,1554.29,892.25,16875,0,0,0,0,0,0,0
246,521,40330830,38219291,22125,7933,93,7955,0,12,-18,12,-18,1,1,1,1508.57,868.27,1508.57,868.27,17250,0,0,0,0,0,0,0
247,522,38976997,40998333,22137,7933,93,7955,0,12,-18,12,-18,1,1,1,1508.57,868.27,1508.57,868.27,19166,0,0,0,0,0,0,0
248,523,39119545,39179125,22161,7933,93,7955,0,11,-18,11,-18,1,1,1,1462.86,845.83,1462.86,845.83,18959,0,0,0,0,0,0,0
249,524,42151298,40731667,22073,7933,93,7955,0,10,-18,10,-18,1,1,1,1417.14,823.72,1417.14,823.72,19875,0,0,0,0,0,0,0
250,525,48420663,49745792,22895,7933,93,7955,0,10,-18,10,-18,1,1,1,1417.14,823.72,1417.14,823.72,22708,0,0,0,0,0,0,0
251,526,53232830,51600250,22125,7933,96,7955,0,9,-18,9,-18,1,1,1,1371.43,801.36,1371.43,801.36,20708,0,0,0,0,0,0,0
252,527,51918007,53461166,22225,7933,93,7955,0,8,-18,8,-18,1,1,1,1325.71,772.98,1325.71,772.98,24625,0,0,0,0,0,0,0
253,528,55290624,53616417,22073,7933,93,7955,0,8,-18,8,-18,1,1,1,1325.71,772.98,1325.71,772.98,25000,0,0,0,0,0,0,0
254,529,51796749,53150541,22137,7933,93,7955,0,7,-18,7,-18,1,1,1,1280,736.66,1280,736.66,24541,0,0,0,0,0,0,0
255,530,55971208,53396750,22777,7933,93,7955,0,6,-18,6,-18,1,1,1,1234.29,696.59,1234.29,696.59,24708,0,0,0,0,0,0,0
256,531,50387874,53203667,22353,7934,94,7956,0,6,-18,6,-18,1,1,1,1234.29,696.59,1234.29,696.59,23083,0,0,0,0,0,0,0
257,532,54976869,53298417,22073,7933,93,7955,0,5,-18,5,-18,1,1,1,1188.57,662.98,1188.57,662.98,22291,0,0,0,0,0,0,0
258,533,54918501,56358125,27705,7933,93,7955,0,4,-18,4,-18,1,1,1,1142.86,635.99,1142.86,635.99,478958,0,448625,441000,0,0,0,0
259,534,57518836,56130083,22125,7933,93,7955,0,4,-18,4,-18,1,1,1,1142.86,635.99,1142.86,635.99,22875,0,0,0,0,0,0,0
260,535,51574420,53029208,22137,7933,96,7955,0,3,-18,3,-18,1,1,1,1097.14,613.14,1097.14,613.14,22500,0,0,0,0,0,0,0
261,536,51526829,50277958,22161,7933,93,7955,0,2,-18,2,-18,1,1,1,1051.43,590.28,1051.43,590.28,22583,0,0,0,0,0,0,0
262,537,44194005,45543125,22137,7933,93,7955,0,2,-18,2,-18,1,1,1,1051.43,590.28,1051.43,590.28,26292,0,0,0,0,0,0,0
263,538,46555541,46508459,22125,7933,93,7955,0,1,-18,1,-18,1,1,1,1005.71,567.42,1005.71,567.42,18958,0,0,0,0,0,0,0
264,539,47699119,45035834,22637,7933,93,7955,0,0,-18,0,-18,1,1,1,960,544.56,960,544.56,18833,0,0,0,0,0,0,0
265,540,42077995,44733875,22441,7933,93,7955,0,0,-18,0,-18,1,1,1,960,544.56,960,544.56,19208,0,0,0,0,0,0,0
266,541,45617546,45605375,22073,7933,93,7955,0,-1,-18,-1,-18,1,1,1,914.29,521.71,914.29,521.71,19583,0,0,0,0,0,0,0
267,542,51013540,49101334,22073,7933,93,7955,0,-2,-18,-2,-18,1,1,1,868.57,498.85,868.57,498.85,19708,0,0,0,0,0,0,0
268,543,52218332,53920416,22189,7933,93,7955,0,-2,-18,-2,-18,1,1,1,868.57,498.85,868.57,498.85,23333,0,0,0,0,0,0,0
269,544,58105584,56261375,22161,7931,93,7953,0,-3,-18,-3,-18,1,1,1,822.86,475.99,822.86,475.99,25584,0,0,0,0,0,0,0
270,545,52529875,54431667,22137,7933,96,7955,0,-4,-18,-4,-18,1,1,1,777.14,453.14,777.14,453.14,25458,0,0,0,0,0,0,0
271,546,61442170,59803084,22073,7934,94,7956,0,-4,-18,-4,-18,1,1,1,777.14,453.14,777.14,453.14,33084,0,0,0,0,0,0,0
272,547,52600409,54207875,32549,7933,93,7955,0,-5,-18,-5,-18,1,1,1,731.43,431,731.43,431,677500,0,636250,630042,0,0,0,0
273,548,52988540,51216750,22073,7933,93,7955,0,-6,-18,-6,-18,1,1,1,685.71,416.09,685.71,416.09,26542,0,0,0,0,0,0,0
274,549,44172044,44632875,22701,7933,93,7955,0,-6,-18,-6,-18,1,1,1,685.71,416.09,685.71,416.09,26208,0,0,0,0,0,0,0
275,550,41064165,42353500,22289,7933,93,7955,0,-8,-18,-8,-18,1,1,1,594.29,422.77,594.29,422.77,21541,0,0,0,0,0,0,0
276,551,38913045,37789291,22161,7933,93,7955,0,-9,-18,-9,-18,1,1,1,548.57,418.39,548.57,418.39,19042,0,0,0,0,0,0,0
277,552,35851828,37019875,22189,7933,93,7955,0,-9,-18,-9,-18,1,1,1,548.57,418.39,548.57,418.39,20084,0,0,0,0,0,0,0
278,553,33467710,33466459,22073,7933,93,7955,0,-10,-18,-10,-18,1,1,1,502.86,399.44,502.86,399.44,17709,0,0,0,0,0,0,0
279,554,35123087,33978042,22073,7933,93,7955,0,-11,-18,-11,-18,1,1,1,457.14,380.06,457.14,380.06,17000,0,0,0,0,0,0,0
280,555,36139123,37218834,22137,7933,93,7955,0,-11,-18,-11,-18,1,1,1,457.14,380.06,457.14,380.06,17250,0,0,0,0,0,0,0
281,556,33512748,33536792,22161,7933,96,7955,0,-12,-18,-12,-18,1,1,1,411.43,359.32,411.43,359.32,16750,0,0,0,0,0,0,0
282,557,34707590,33496750,22073,7933,93,7955,0,-13,-18,-13,-18,1,1,1,365.71,336.6,365.71,336.6,16708,0,0,0,0,0,0,0
283,558,32327622,33505375,22189,7933,93,7955,0,-13,-18,-13,-18,1,1,1,365.71,336.6,365.71,336.6,17125,0,0,0,0,0,0,0
284,559,34569084,34529334,22073,7933,93,7955,0,-14,-18,-14,-18,1,1,1,320,311.82,320,311.82,16375,0,0,0,0,0,0,0
285,560,38655292,37480125,22073,7933,93,7955,0,-15,-18,-15,-18,1,1,1,274.29,285.43,274.29,285.43,17042,0,0,0,0,0,0,0
286,561,39397787,40511833,22225,7934,94,7956,0,-15,-18,-15,-18,1,1,1,274.29,285.43,274.29,285.43,55125,0,0,0,0,0,0,0
287,562,40602587,40527834,22073,7933,93,7955,0,-16,-18,-16,-18,1,1,1,228.57,258.09,228.57,258.09,38209,0,0,0,0,0,0,0
288,563,48258624,45224167,22637,7933,93,7955,0,-17,-18,-17,-18,1,1,1,182.86,230.19,182.86,230.19,38333,0,0,0,0,0,0,0
289,564,46800207,49695208,22405,7933,93,7955,0,-17,-18,-17,-18,1,1,1,182.86,230.19,182.86,230.19,55791,0,0,0,0,0,0,0
290,565,60366921,58359958,22161,7933,93,7955,0,-16,-18,-16,-18,1,1,1,228.57,258.09,228.57,258.09,63209,0,0,0,0,0,0,0
291,566,66468164,68419959,22137,7933,93,7955,0,-15,-18,-15,-18,1,1,1,274.29,285.43,274.29,285.43,62333,0,0,0,0,0,0,0
292,567,75175292,72541792,22073,7933,93,7955,0,-15,-18,-15,-18,1,1,1,274.29,285.43,274.29,285.43,98583,0,0,0,0,0,0,0
293,568,67735336,70293583,22277,7933,96,7955,0,-14,-18,-14,-18,1,1,1,320,311.82,320,311.82,73917,0,0,0,0,0,0,0
294,569,71066454,69061125,22073,7933,93,7955,0,-13,-18,-13,-18,1,1,1,365.71,336.6,365.71,336.6,34000,0,0,0,0,0,0,0
295,570,60316044,62165250,22137,7933,93,7955,0,-13,-18,-13,-18,1,1,1,365.71,336.6,365.71,336.6,32542,0,0,0,0,0,0,0
296,571,55740751,53083583,22777,7933,93,7955,0,-12,-18,-12,-18,1,1,1,411.43,359.32,411.43,359.32,26375,0,0,0,0,0,0,0
297,572,44494707,47205584,22353,7933,93,7955,0,-11,-18,-11,-18,1,1,1,457.14,380.06,457.14,380.06,22166,0,0,0,0,0,0,0
298,573,46969287,46883166,22073,7933,93,7955,0,-11,-18,-11,-18,1,1,1,457.14,380.06,457.14,380.06,23416,0,0,0,0,0,0,0
299,574,46246960,45054542,22073,7933,93,7955,0,-10,-18,-10,-18,1,1,1,502.86,399.44,502.86,399.44,22417,0,0,0,0,0,0,0
300,575,42196583,43589333,22225,7933,93,7955,0,-9,-18,-9,-18,1,1,1,548.57,418.39,548.57,418.39,22750,0,0,0,0,0,0,0
301,576,49823079,49771708,22125,7934,94,7956,0,-9,-18,-9,-18,1,1,1,548.57,418.39,548.57,418.39,19750,0,0,0,0,0,0,0
302,577,47642502,45902666,22073,7933,96,7955,0,-8,-18,-8,-18,1,1,1,594.29,422.77,594.29,422.77,22875,0,0,0,0,0,0,0
303,578,44575288,46216958,22137,7933,93,7955,0,-6,-18,-6,-18,1,1,1,685.71,416.09,685.71,416.09,22834,0,0,0,0,0,0,0
304,579,45387167,45415333,22161,7933,93,7955,0,-6,-18,-6,-18,1,1,1,685.71,416.09,685.71,416.09,25916,0,0,0,0,0,0,0
305,580,50511628,48826125,22073,7933,93,7955,0,-5,-18,-5,-18,1,1,1,731.43,431,731.43,431,21834,0,0,0,0,0,0,0
306,581,53282830,53303333,30353,7933,93,7955,0,-4,-18,-4,-18,1,1,1,777.14,453.14,777.14,453.14,447417,0,415959,411333,0,0,0,0
307,582,55121667,54610917,22289,7933,93,7955,0,-4,-18,-4,-18,1,1,1,777.14,453.14,777.14,453.14,25417,0,0,0,0,0,0,0
308,583,53296789,55214875,22225,7933,93,7955,0,-3,-18,-3,-18,1,1,1,822.86,475.99,822.86,475.99,24959,0,0,0,0,0,0,0
309,584,56488584,54980083,22073,7933,93,7955,0,-2,-18,-2,-18,1,1,1,868.57,498.85,868.57,498.85,23333,0,0,0,0,0,0,0
310,585,56170038,57498666,22189,7933,93,7955,0,-2,-18,-2,-18,1,1,1,868.57,498.85,868.57,498.85,23459,0,0,0,0,0,0,0
311,586,63344962,61932958,22161,7933,93,7955,0,-1,-18,-1,-18,1,1,1,914.29,521.71,914.29,521.71,23833,0,0,0,0,0,0,0
312,587,56736834,58134709,22137,7933,96,7955,0,0,-18,0,-18,1,1,1,960,544.56,960,544.56,27458,0,0,0,0,0,0,0
313,588,63935995,62000542,22073,7933,93,7955,0,0,-18,0,-18,1,1,1,960,544.56,960,544.56,29875,0,0,0,0,0,0,0
314,589,51436286,53511250,22277,7933,93,7955,0,1,-18,1,-18,1,1,1,1005.71,567.42,1005.71,567.42,21417,0,0,0,0,0,0,0
315,590,54968543,52276917,22637,7933,93,7955,0,2,-18,2,-18,1,1,1,1051.43,590.28,1051.43,590.28,22375,0,0,0,0,0,0,0
316,591,41255500,44005041,22353,7934,94,7956,0,2,-18,2,-18,1,1,1,1051.43,590.28,1051.43,590.28,19000,0,0,0,0,0,0,0
317,592,41569124,41502250,22073,7933,93,7955,0,3,-18,3,-18,1,1,1,1097.14,613.14,1097.14,613.14,18500,0,0,0,0,0,0,0
318,593,39665915,38565125,22161,7933,93,7955,0,4,-18,4,-18,1,1,1,1142.86,635.99,1142.86,635.99,16459,0,0,0,0,0,0,0
319,594,34993082,36137334,22189,7933,93,7955,0,4,-18,4,-18,1,1,1,1142.86,635.99,1142.86,635.99,16458,0,0,0,0,0,0,0
320,595,33743664,33743541,32345,7933,93,7955,0,5,-18,5,-18,1,1,1,1188.57,662.98,1188.57,662.98,327917,0,308458,305500,0,0,0,0
321,596,37100665,35993625,22073,7933,93,7955,0,6,-18,6,-18,1,1,1,1234.29,696.59,1234.29,696.59,16292,0,0,0,0,0,0,0
322,597,32592374,33643709,22137,7933,96,7955,0,6,-18,6,-18,1,1,1,1234.29,696.59,1234.29,696.59,14917,0,0,0,0,0,0,0
323,598,34323751,34321000,22161,7933,93,7955,0,7,-18,7,-18,1,1,1,1280,736.66,1280,736.66,16125,0,0,0,0,0,0,0
324,599,33756043,32708084,22073,7933,93,7955,0,8,-18,8,-18,1,1,1,1325.71,772.98,1325.71,772.98,15875,0,0,0,0,0,0,0
325,600,32597873,33636459,22189,7933,93,7955,0,8,-18,8,-18,1,1,1,1325.71,772.98,1325.71,772.98,15542,0,0,0,0,0,0,0
326,601,33689372,33678458,22073,7933,93,7955,0,9,-18,9,-18,1,1,1,1371.43,801.36,1371.43,801.36,16292,0,0,0,0,0,0,0
327,602,34532878,33242750,22073,7933,93,7955,0,10,-18,10,-18,1,1,1,1417.14,823.72,1417.14,823.72,16625,0,0,0,0,0,0,0
328,603,31537663,32823291,22225,7933,93,7955,0,10,-18,10,-18,1,1,1,1417.14,823.72,1417.14,823.72,15791,0,0,0,0,0,0,0
329,604,31772542,30729583,22637,7933,93,7955,0,11,-18,11,-18,1,1,1,1462.86,845.83,1462.86,845.83,15084,0,0,0,0,0,0,0
330,605,29475290,30515750,22289,7933,93,7955,0,12,-18,12,-18,1,1,1,1508.57,868.27,1508.57,868.27,15041,0,0,0,0,0,0,0
331,606,31412165,30358500,22073,7934,94,7956,0,12,-18,12,-18,1,1,1,1508.57,868.27,1508.57,868.27,15000,0,0,0,0,0,0,0
332,607,29574334,30525917,22189,7933,93,7955,0,13,-18,13,-18,1,1,1,1554.29,892.25,1554.29,892.25,15042,0,0,0,0,0,0,0
333,608,30325375,30357958,22161,7933,93,7955,0,14,-18,14,-18,1,1,1,1600,918.02,1600,918.02,15500,0,0,0,0,0,0,0
334,609,30641503,30631125,22073,7933,93,7955,0,14,-18,14,-18,1,1,1,1600,918.02,1600,918.02,14750,0,0,0,0,0,0,0
335,610,35015333,33888542,22073,7933,93,7955,0,15,-18,15,-18,1,1,1,1645.71,944.98,1645.71,944.98,14792,0,0,0,0,0,0,0
336,611,41258580,42313833,22137,7933,93,7955,0,16,-18,16,-18,1,1,1,1691.43,972.01,1691.43,972.01,17250,0,0,0,0,0,0,0
337,612,36753211,36676375,22073,7933,96,7955,0,16,-18,16,-18,1,1,1,1691.43,972.01,1691.43,972.01,20583,0,0,0,0,0,0,0
338,613,37742581,36402291,22213,7933,93,7955,0,15,-18,15,-18,1,1,1,1645.71,944.98,1645.71,944.98,16875,0,0,0,0,0,0,0
339,614,33478081,34866959,22137,7933,93,7955,0,14,-18,14,-18,1,1,1,1600,918.02,1600,918.02,18042,0,0,0,0,0,0,0
340,615,36634210,36506167,22073,7933,93,7955,0,14,-18,14,-18,1,1,1,1600,918.02,1600,918.02,18750,0,0,0,0,0,0,0
341,616,38477245,37357000,22073,7933,93,7955,0,13,-18,13,-18,1,1,1,1554.29,892.25,1554.29,892.25,16958,0,0,0,0,0,0,0
342,617,41010212,41979125,22137,7933,93,7955,0,12,-18,12,-18,1,1,1,1508.57,868.27,1508.57,868.27,19042,0,0,0,0,0,0,0
343,618,52228912,50519916,22725,7933,93,7955,0,12,-18,12,-18,1,1,1,1508.57,868.27,1508.57,868.27,23583,0,0,0,0,0,0,0
344,619,61566043,61398000,22341,7933,93,7955,0,11,-18,11,-18,1,1,1,1462.86,845.83,1462.86,845.83,26250,0,0,0,0,0,0,0
345,620,64607046,66348167,22137,7933,93,7955,0,10,-18,10,-18,1,1,1,1417.14,823.72,1417.14,823.72,32250,0,0,0,0,0,0,0
346,621,68485334,66547250,22161,7934,94,7956,0,10,-18,10,-18,1,1,1,1417.14,823.72,1417.14,823.72,33042,0,0,0,0,0,0,0
347,622,71372419,73191958,22137,7933,93,7955,0,9,-18,9,-18,1,1,1,1371.43,801.36,1371.43,801.36,31916,0,0,0,0,0,0,0
348,623,59398453,57920375,22125,7933,96,7955,0,8,-18,8,-18,1,1,1,1325.71,772.98,1325.71,772.98,33166,0,0,0,0,0,0,0
349,624,55272124,56839375,22225,7933,93,7955,0,8,-18,8,-18,1,1,1,1325.71,772.98,1325.71,772.98,24250,0,0,0,0,0,0,0
350,625,55041331,53732833,22073,7933,93,7955,0,7,-18,7,-18,1,1,1,1280,736.66,1280,736.66,26834,0,0,0,0,0,0,0
351,626,47395125,46857208,22701,7933,93,7955,0,6,-18,6,-18,1,1,1,1234.29,696.59,1234.29,696.59,19667,0,0,0,0,0,0,0
352,627,44136337,46029958,22429,7933,93,7955,0,6,-18,6,-18,1,1,1,1234.29,696.59,1234.29,696.59,19000,0,0,0,0,0,0,0
353,628,47140080,45813042,22073,7933,93,7955,0,5,-18,5,-18,1,1,1,1188.57,662.98,1188.57,662.98,23458,0,0,0,0,0,0,0
354,629,44666793,45961167,27617,7933,93,7955,0,4,-18,4,-18,1,1,1,1142.86,635.99,1142.86,635.99,382042,0,358292,354083,0,0,0,0
355,630,47416087,47353291,22073,7933,93,7955,0,4,-18,4,-18,1,1,1,1142.86,635.99,1142.86,635.99,19167,0,0,0,0,0,0,0
356,631,51345910,50057000,22161,7931,93,7953,0,3,-18,3,-18,1,1,1,1097.14,613.14,1097.14,613.14,18167,0,0,0,0,0,0,0
357,632,44628381,45913000,22189,7933,96,7955,0,2,-18,2,-18,1,1,1,1051.43,590.28,1051.43,590.28,18500,0,0,0,0,0,0,0
358,633,46802494,46792042,22073,7933,93,7955,0,2,-18,2,-18,1,1,1,1051.43,590.28,1051.43,590.28,22500,0,0,0,0,0,0,0
359,634,49712873,48208708,22073,7933,93,7955,0,1,-18,1,-18,1,1,1,1005.71,567.42,1005.71,567.42,18834,0,0,0,0,0,0,0
360,635,53338959,54585875,22225,7933,93,7955,0,0,-18,0,-18,1,1,1,960,544.56,960,544.56,19667,0,0,0,0,0,0,0
361,636,56935790,55133459,22073,7934,94,7956,0,0,-18,0,-18,1,1,1,960,544.56,960,544.56,23959,0,0,0,0,0,0,0
362,637,55452875,55455750,22753,7933,93,7955,0,-1,-18,-1,-18,1,1,1,914.29,521.71,914.29,521.71,22292,0,0,0,0,0,0,0
363,638,53185790,53465083,22377,7933,93,7955,0,-2,-18,-2,-18,1,1,1,868.57,498.85,868.57,498.85,23167,0,0,0,0,0,0,0
364,639,50697252,52281417,22137,7933,93,7955,0,-2,-18,-2,-18,1,1,1,868.57,498.85,868.57,498.85,23084,0,0,0,0,0,0,0
365,640,51828578,50411000,22073,7933,93,7955,0,-3,-18,-3,-18,1,1,1,822.86,475.99,822.86,475.99,25000,0,0,0,0,0,0,0
366,641,46992503,48413500,22277,7933,93,7955,0,-4,-18,-4,-18,1,1,1,777.14,453.14,777.14,453.14,22333,0,0,0,0,0,0,0
367,642,43719995,43739417,22073,7933,96,7955,0,-4,-18,-4,-18,1,1,1,777.14,453.14,777.14,453.14,21125,0,0,0,0,0,0,0
368,643,43641880,42415458,32345,7933,93,7955,0,-5,-18,-5,-18,1,1,1,731.43,431,731.43,431,422541,0,395958,391500,0,0,0,0
369,644,36935459,38100333,22137,7933,93,7955,0,-6,-18,-6,-18,1,1,1,685.71,416.09,685.71,416.09,19208,0,0,0,0,0,0,0
370,645,37771414,37801250,22161,7933,93,7955,0,-6,-18,-6,-18,1,1,1,685.71,416.09,685.71,416.09,19500,0,0,0,0,0,0,0
371,646,39129834,37936667,22125,7933,93,7955,0,-8,-18,-8,-18,1,1,1,594.29,422.77,594.29,422.77,19125,0,0,0,0,0,0,0
372,647,34570124,35784875,22137,7933,93,7955,0,-9,-18,-9,-18,1,1,1,548.57,418.39,548.57,418.39,20250,0,0,0,0,0,0,0
373,648,34434419,33268500,22637,7933,93,7955,0,-9,-18,-9,-18,1,1,1,548.57,418.39,548.57,418.39,17083,0,0,0,0,0,0,0
374,649,34126169,33963375,22289,7933,93,7955,0,-10,-18,-10,-18,1,1,1,502.86,399.44,502.86,399.44,17167,0,0,0,0,0,0,0
375,650,33716324,34960458,22225,7933,93,7955,0,-11,-18,-11,-18,1,1,1,457.14,380.06,457.14,380.06,17625,0,0,0,0,0,0,0
376,651,35420168,35425166,22073,7934,94,7956,0,-11,-18,-11,-18,1,1,1,457.14,380.06,457.14,380.06,18334,0,0,0,0,0,0,0
377,652,39344500,38124500,22125,7933,93,7955,0,-12,-18,-12,-18,1,1,1,411.43,359.32,411.43,359.32,16834,0,0,0,0,0,0,0
378,653,39109211,40256917,22137,7933,93,7955,0,-13,-18,-13,-18,1,1,1,365.71,336.6,365.71,336.6,18916,0,0,0,0,0,0,0
379,654,42999744,42933166,22073,7933,93,7955,0,-13,-18,-13,-18,1,1,1,365.71,336.6,365.71,336.6,21334,0,0,0,0,0,0,0
380,655,46344585,44952292,22161,7933,96,7955,0,-14,-18,-14,-18,1,1,1,320,311.82,320,311.82,19417,0,0,0,0,0,0,0
381,656,46102084,47185250,22137,7933,93,7955,0,-15,-18,-15,-18,1,1,1,274.29,285.43,274.29,285.43,21292,0,0,0,0,0,0,0
382,657,55722832,54401541,22125,7933,93,7955,0,-15,-18,-15,-18,1,1,1,274.29,285.43,274.29,285.43,60334,0,0,0,0,0,0,0
383,658,64368836,65584542,22137,7933,93,7955,0,-16,-18,-16,-18,1,1,1,228.57,258.09,228.57,258.09,57458,0,0,0,0,0,0,0
384,659,73082961,69559000,22725,7933,93,7955,0,-17,-18,-17,-18,1,1,1,182.86,230.19,182.86,230.19,58083,0,0,0,0,0,0,0
385,660,67481003,71080459,22353,7933,93,7955,0,-17,-18,-17,-18,1,1,1,182.86,230.19,182.86,230.19,68333,0,0,0,0,0,0,0
386,661,71422412,69011791,22125,7933,93,7955,0,-16,-18,-16,-18,1,1,1,228.57,258.09,228.57,258.09,83000,0,0,0,0,0,0,0
387,662,67077875,69504667,22225,7933,93,7955,0,-15,-18,-15,-18,1,1,1,274.29,285.43,274.29,285.43,88584,0,0,0,0,0,0,0
388,663,73024377,71094375,22073,7933,93,7955,0,-15,-18,-15,-18,1,1,1,274.29,285.43,274.29,285.43,258042,0,0,0,0,0,0,0
389,664,54291956,55950250,22189,7933,96,7955,0,-14,-18,-14,-18,1,1,1,320,311.82,320,311.82,47834,0,0,0,0,0,0,0
390,665,58474086,56675750,22161,7933,93,7955,0,-13,-18,-13,-18,1,1,1,365.71,336.6,365.71,336.6,26333,0,0,0,0,0,0,0
391,666,53858537,55920917,22137,7934,94,7956,0,-13,-18,-13,-18,1,1,1,365.71,336.6,365.71,336.6,25917,0,0,0,0,0,0,0
392,667,57632122,54603375,22637,7933,93,7955,0,-12,-18,-12,-18,1,1,1,411.43,359.32,411.43,359.32,26625,0,0,0,0,0,0,0
393,668,53514797,56334834,22493,7933,93,7955,0,-11,-18,-11,-18,1,1,1,457.14,380.06,457.14,380.06,31792,0,0,0,0,0,0,0
394,669,57042624,55582167,22073,7933,93,7955,0,-11,-18,-11,-18,1,1,1,457.14,380.06,457.14,380.06,29625,0,0,0,0,0,0,0
395,670,52747499,54244125,22137,7933,93,7955,0,-10,-18,-10,-18,1,1,1,502.86,399.44,502.86,399.44,26667,0,0,0,0,0,0,0
396,671,55728379,54126125,22161,7933,93,7955,0,-9,-18,-9,-18,1,1,1,548.57,418.39,548.57,418.39,28417,0,0,0,0,0,0,0
397,672,44974789,46667500,22189,7933,96,7955,0,-9,-18,-9,-18,1,1,1,548.57,418.39,548.57,418.39,26208,0,0,0,0,0,0,0
398,673,48026919,48009708,22073,7933,93,7955,0,-8,-18,-8,-18,1,1,1,594.29,422.77,594.29,422.77,21417,0,0,0,0,0,0,0
399,674,47937873,46474833,22073,7933,93,7955,0,-6,-18,-6,-18,1,1,1,685.71,416.09,685.71,416.09,22583,0,0,0,0,0,0,0
400,675,46331372,47713959,22225,7933,93,7955,0,-6,-18,-6,-18,1,1,1,685.71,416.09,685.71,416.09,24667,0,0,0,0,0,0,0
401,676,48855796,48889375,22073,7933,93,7955,0,-5,-18,-5,-18,1,1,1,731.43,431,731.43,431,28083,0,0,0,0,0,0,0
402,677,46651829,44261250,28169,7933,93,7955,0,-4,-18,-4,-18,1,1,1,777.14,453.14,777.14,453.14,397583,0,370459,366708,0,0,0,0
403,678,41443374,43513000,22353,7933,93,7955,0,-4,-18,-4,-18,1,1,1,777.14,453.14,777.14,453.14,21958,0,0,0,0,0,0,0
404,679,40860585,41136625,22161,7933,93,7955,0,-3,-18,-3,-18,1,1,1,822.86,475.99,822.86,475.99,20625,0,0,0,0,0,0,0
405,680,39548624,38404625,22073,7933,93,7955,0,-2,-18,-2,-18,1,1,1,868.57,498.85,868.57,498.85,17541,0,0,0,0,0,0,0
406,681,36878749,37976833,22137,7934,94,7956,0,-2,-18,-2,-18,1,1,1,868.57,498.85,868.57,498.85,17291,0,0,0,0,0,0,0
407,682,36313336,36306750,22125,7933,93,7955,0,-1,-18,-1,-18,1,1,1,914.29,521.71,914.29,521.71,15000,0,0,0,0,0,0,0
408,683,34980583,33871208,22161,7933,96,7955,0,0,-18,0,-18,1,1,1,960,544.56,960,544.56,15500,0,0,0,0,0,0,0
409,684,33645622,34779958,22137,7933,93,7955,0,0,-18,0,-18,1,1,1,960,544.56,960,544.56,14625,0,0,0,0,0,0,0
410,685,35993546,35953041,22073,7933,93,7955,0,1,-18,1,-18,1,1,1,1005.71,567.42,1005.71,567.42,17375,0,0,0,0,0,0,0
411,686,36464370,35310375,22073,7933,93,7955,0,2,-18,2,-18,1,1,1,1051.43,590.28,1051.43,590.28,14750,0,0,0,0,0,0,0
412,687,35815503,36533041,22137,7933,93,7955,0,2,-18,2,-18,1,1,1,1051.43,590.28,1051.43,590.28,16125,0,0,0,0,0,0,0
413,688,36245748,36656292,22213,7933,93,7955,0,3,-18,3,-18,1,1,1,1097.14,613.14,1097.14,613.14,15417,0,0,0,0,0,0,0
414,689,40351912,38991084,22073,7933,93,7955,0,4,-18,4,-18,1,1,1,1142.86,635.99,1142.86,635.99,17000,0,0,0,0,0,0,0
415,690,40735084,40536333,22701,7933,93,7955,0,4,-18,4,-18,1,1,1,1142.86,635.99,1142.86,635.99,16500,0,0,0,0,0,0,0
416,691,44720210,46040292,32561,7933,93,7955,0,5,-18,5,-18,1,1,1,1188.57,662.98,1188.57,662.98,357167,0,335916,332625,0,0,0,0
417,692,50811339,49090791,22161,7933,93,7955,0,6,-18,6,-18,1,1,1,1234.29,696.59,1234.29,696.59,19041,0,0,0,0,0,0,0
418,693,53567036,55322417,22189,7933,93,7955,0,6,-18,6,-18,1,1,1,1234.29,696.59,1234.29,696.59,24042,0,0,0,0,0,0,0
419,694,58429207,56133375,22073,7933,93,7955,0,7,-18,7,-18,1,1,1,1280,736.66,1280,736.66,24750,0,0,0,0,0,0,0
420,695,66515125,68695125,22225,7933,93,7955,0,8,-18,8,-18,1,1,1,1325.71,772.98,1325.71,772.98,33916,0,0,0,0,0,0,0
421,696,56175827,54424208,22073,7934,97,7956,0,8,-18,8,-18,1,1,1,1325.71,772.98,1325.71,772.98,25500,0,0,0,0,0,0,0
422,697,52886083,54589209,22189,7933,93,7955,0,9,-18,9,-18,1,1,1,1371.43,801.36,1371.43,801.36,24375,0,0,0,0,0,0,0
423,698,55238250,53736125,22161,7933,93,7955,0,10,-18,10,-18,1,1,1,1417.14,823.72,1417.14,823.72,26000,0,0,0,0,0,0,0
424,699,51903210,52094208,22701,7933,93,7955,0,10,-18,10,-18,1,1,1,1417.14,823.72,1417.14,823.72,26250,0,0,0,0,0,0,0
425,700,44688791,45994709,22289,7933,93,7955,0,11,-18,11,-18,1,1,1,1462.86,845.83,1462.86,845.83,22709,0,0,0,0,0,0,0
426,701,48209749,46848708,22213,7933,93,7955,0,12,-18,12,-18,1,1,1,1508.57,868.27,1508.57,868.27,22250,0,0,0,0,0,0,0
427,702,44636499,46032292,22137,7933,93,7955,0,12,-18,12,-18,1,1,1,1508.57,868.27,1508.57,868.27,21625,0,0,0,0,0,0,0
428,703,45646335,45599125,22073,7933,93,7955,0,13,-18,13,-18,1,1,1,1554.29,892.25,1554.29,892.25,24584,0,0,0,0,0,0,0
429,704,51702372,50308709,22073,7933,93,7955,0,14,-18,14,-18,1,1,1,1600,918.02,1600,918.02,25167,0,0,0,0,0,0,0
430,705,43208204,44595542,22225,7933,96,7955,0,14,-18,14,-18,1,1,1,1600,918.02,1600,918.02,23417,0,0,0,0,0,0,0
431,706,46249795,46129250,22125,7933,93,7955,0,15,-18,15,-18,1,1,1,1645.71,944.98,1645.71,944.98,21083,0,0,0,0,0,0,0
432,707,52314747,51008166,22073,7933,93,7955,0,16,-18,16,-18,1,1,1,1691.43,972.01,1691.43,972.01,23000,0,0,0,0,0,0,0
433,708,50395790,51607833,22137,7933,93,7955,0,16,-18,16,-18,1,1,1,1691.43,972.01,1691.43,972.01,22459,0,0,0,0,0,0,0
434,709,52364088,50795042,22161,7933,93,7955,0,15,-18,15,-18,1,1,1,1645.71,944.98,1645.71,944.98,26083,0,0,0,0,0,0,0
435,710,52657831,52687042,22701,7933,93,7955,0,14,-18,14,-18,1,1,1,1600,918.02,1600,918.02,25708,0,0,0,0,0,0,0
436,711,52633084,52858541,22341,7934,94,7956,0,14,-18,14,-18,1,1,1,1600,918.02,1600,918.02,28333,0,0,0,0,0,0,0
437,712,53220544,54498583,22225,7933,93,7955,0,13,-18,13,-18,1,1,1,1554.29,892.25,1554.29,892.25,25958,0,0,0,0,0,0,0
438,713,57545371,56064208,22073,7933,93,7955,0,12,-18,12,-18,1,1,1,1508.57,868.27,1508.57,868.27,28208,0,0,0,0,0,0,0
439,714,57801503,59206459,22137,7933,93,7955,0,12,-18,12,-18,1,1,1,1508.57,868.27,1508.57,868.27,27334,0,0,0,0,0,0,0
440,715,50873249,49672458,22213,7933,96,7955,0,11,-18,11,-18,1,1,1,1462.86,845.83,1462.86,845.83,29416,0,0,0,0,0,0,0
441,716,42460083,43749292,22137,7933,93,7955,0,10,-18,10,-18,1,1,1,1417.14,823.72,1417.14,823.72,21625,0,0,0,0,0,0,0
442,717,42805079,42819083,22073,7933,93,7955,0,10,-18,10,-18,1,1,1,1417.14,823.72,1417.14,823.72,22000,0,0,0,0,0,0,0
443,718,40351793,39078000,22073,7933,93,7955,0,9,-18,9,-18,1,1,1,1371.43,801.36,1371.43,801.36,20875,0,0,0,0,0,0,0
444,719,36487668,37765750,22225,7933,93,7955,0,8,-18,8,-18,1,1,1,1325.71,772.98,1325.71,772.98,17750,0,0,0,0,0,0,0
445,720,36086499,34957750,22689,7933,93,7955,0,8,-18,8,-18,1,1,1,1325.71,772.98,1325.71,772.98,18000,0,0,0,0,0,0,0
446,721,33661331,33717458,22289,7933,93,7955,0,7,-18,7,-18,1,1,1,1280,736.66,1280,736.66,16167,0,0,0,0,0,0,0
447,722,32554540,33378000,22137,7933,93,7955,0,6,-18,6,-18,1,1,1,1234.29,696.59,1234.29,696.59,14584,0,0,0,0,0,0,0
448,723,33538661,33685792,22073,7933,93,7955,0,6,-18,6,-18,1,1,1,1234.29,696.59,1234.29,696.59,14791,0,0,0,0,0,0,0
449,724,34778714,33732958,22161,7933,93,7955,0,5,-18,5,-18,1,1,1,1188.57,662.98,1188.57,662.98,14958,0,0,0,0,0,0,0
450,725,32837953,33910542,27617,7933,93,7955,0,4,-18,4,-18,1,1,1,1142.86,635.99,1142.86,635.99,289917,0,270084,266500,0,0,0,0
451,726,33506419,33479208,22125,7934,94,7956,0,4,-18,4,-18,1,1,1,1142.86,635.99,1142.86,635.99,14458,0,0,0,0,0,0,0
452,727,36954414,35896750,22073,7933,93,7955,0,3,-18,3,-18,1,1,1,1097.14,613.14,1097.14,613.14,14958,0,0,0,0,0,0,0
453,728,31704876,32711375,22137,7933,96,7955,0,2,-18,2,-18,1,1,1,1051.43,590.28,1051.43,590.28,14333,0,0,0,0,0,0,0
454,729,30461875,30493583,22161,7933,93,7955,0,2,-18,2,-18,1,1,1,1051.43,590.28,1051.43,590.28,13250,0,0,0,0,0,0,0
455,730,30522165,30502334,22073,7933,93,7955,0,1,-18,1,-18,1,1,1,1005.71,567.42,1005.71,567.42,13417,0,0,0,0,0,0,0
456,731,31903006,30871625,22073,7933,93,7955,0,0,-18,0,-18,1,1,1,960,544.56,960,544.56,13333,0,0,0,0,0,0,0
457,732,29479578,30466542,22137,7933,93,7955,0,0,-18,0,-18,1,1,1,960,544.56,960,544.56,12583,0,0,0,0,0,0,0
458,733,30428791,30399750,22125,7933,93,7955,0,-1,-18,-1,-18,1,1,1,914.29,521.71,914.29,521.71,13333,0,0,0,0,0,0,0
459,734,30111005,30122125,22161,7933,93,7955,0,-2,-18,-2,-18,1,1,1,868.57,498.85,868.57,498.85,13292,0,0,0,0,0,0,0
460,735,33288206,31568583,22637,7933,93,7955,0,-2,-18,-2,-18,1,1,1,868.57,498.85,868.57,498.85,13334,0,0,0,0,0,0,0
461,736,30952125,32618917,22353,7933,93,7955,0,-3,-18,-3,-18,1,1,1,822.86,475.99,822.86,475.99,14208,0,0,0,0,0,0,0
462,737,33415582,33402209,22073,7933,93,7955,0,-4,-18,-4,-18,1,1,1,777.14,453.14,777.14,453.14,16542,0,0,0,0,0,0,0
463,738,33781208,33716667,22073,7933,93,7955,0,-4,-18,-4,-18,1,1,1,777.14,453.14,777.14,453.14,16167,0,0,0,0,0,0,0
464,739,35558998,34512458,32433,7933,93,7955,0,-5,-18,-5,-18,1,1,1,731.43,431,731.43,431,341666,0,320625,317167,0,0,0,0
465,740,34546542,35618000,22189,7933,93,7955,0,-6,-18,-6,-18,1,1,1,685.71,416.09,685.71,416.09,16708,0,0,0,0,0,0,0
466,741,37385459,37378708,22073,7934,94,7956,0,-6,-18,-6,-18,1,1,1,685.71,416.09,685.71,416.09,19542,0,0,0,0,0,0,0
467,742,41620876,40440959,22073,7933,93,7955,0,-8,-18,-8,-18,1,1,1,594.29,422.77,594.29,422.77,22375,0,0,0,0,0,0,0
468,743,34529577,35461500,22137,7933,96,7955,0,-9,-18,-9,-18,1,1,1,548.57,418.39,548.57,418.39,17250,0,0,0,0,0,0,0
469,744,35765666,35933333,22161,7933,93,7955,0,-9,-18,-9,-18,1,1,1,548.57,418.39,548.57,418.39,20292,0,0,0,0,0,0,0
470,745,37245124,35714083,22073,7933,93,7955,0,-10,-18,-10,-18,1,1,1,502.86,399.44,502.86,399.44,19375,0,0,0,0,0,0,0
471,746,39727039,41170125,22189,7933,93,7955,0,-11,-18,-11,-18,1,1,1,457.14,380.06,457.14,380.06,18708,0,0,0,0,0,0,0
472,747,46384338,46267209,22073,7933,93,7955,0,-11,-18,-11,-18,1,1,1,457.14,380.06,457.14,380.06,21958,0,0,0,0,0,0,0
473,748,60199871,56053125,22725,7933,93,7955,0,-12,-18,-12,-18,1,1,1,411.43,359.32,411.43,359.32,27083,0,0,0,0,0,0,0
474,749,61720628,65784500,22353,7933,93,7955,0,-13,-18,-13,-18,1,1,1,365.71,336.6,365.71,336.6,32333,0,0,0,0,0,0,0
475,750,69607995,67146584,22125,7933,93,7955,0,-13,-18,-13,-18,1,1,1,365.71,336.6,365.71,336.6,33209,0,0,0,0,0,0,0
476,751,66807419,69058000,22225,7933,93,7955,0,-14,-18,-14,-18,1,1,1,320,311.82,320,311.82,34209,0,0,0,0,0,0,0
477,752,71809083,69729250,22073,7933,93,7955,0,-15,-18,-15,-18,1,1,1,274.29,285.43,274.29,285.43,33792,0,0,0,0,0,0,0
478,753,52727747,54885166,22189,7933,96,7955,0,-15,-18,-15,-18,1,1,1,274.29,285.43,274.29,285.43,62542,0,0,0,0,0,0,0
479,754,56265000,54788125,22161,7933,93,7955,0,-16,-18,-16,-18,1,1,1,228.57,258.09,228.57,258.09,53750,0,0,0,0,0,0,0
480,755,47424830,49037875,22137,7933,93,7955,0,-17,-18,-17,-18,1,1,1,182.86,230.19,182.86,230.19,59417,0,0,0,0,0,0,0
481,756,47023504,46810333,22073,7934,94,7956,0,-17,-18,-17,-18,1,1,1,182.86,230.19,182.86,230.19,47334,0,0,0,0,0,0,0
482,757,48564542,46374917,22777,7933,93,7955,0,-16,-18,-16,-18,1,1,1,228.57,258.09,228.57,258.09,42666,0,0,0,0,0,0,0
483,758,45264039,47381208,22353,7933,93,7955,0,-15,-18,-15,-18,1,1,1,274.29,285.43,274.29,285.43,42167,0,0,0,0,0,0,0
484,759,47583043,47780833,22073,7933,93,7955,0,-15,-18,-15,-18,1,1,1,274.29,285.43,274.29,285.43,79667,0,0,0,0,0,0,0
485,760,47681711,46133958,22073,7933,93,7955,0,-14,-18,-14,-18,1,1,1,320,311.82,320,311.82,45916,0,0,0,0,0,0,0
486,761,43870251,45375667,22225,7933,93,7955,0,-13,-18,-13,-18,1,1,1,365.71,336.6,365.71,336.6,21458,0,0,0,0,0,0,0
487,762,49390036,49304959,22125,7933,93,7955,0,-13,-18,-13,-18,1,1,1,365.71,336.6,365.71,336.6,21625,0,0,0,0,0,0,0
488,763,49119502,47689791,22073,7933,96,7955,0,-12,-18,-12,-18,1,1,1,411.43,359.32,411.43,359.32,21792,0,0,0,0,0,0,0
489,764,45932374,47138916,22137,7933,93,7955,0,-11,-18,-11,-18,1,1,1,457.14,380.06,457.14,380.06,21500,0,0,0,0,0,0,0
490,765,52237875,52338667,22161,7933,93,7955,0,-11,-18,-11,-18,1,1,1,457.14,380.06,457.14,380.06,21791,0,0,0,0,0,0,0
491,766,55093161,53496375,22073,7933,93,7955,0,-10,-18,-10,-18,1,1,1,502.86,399.44,502.86,399.44,27000,0,0,0,0,0,0,0
492,767,54344587,54321542,22753,7933,93,7955,0,-9,-18,-9,-18,1,1,1,548.57,418.39,548.57,418.39,26791,0,0,0,0,0,0,0
493,768,52898000,52950083,22377,7933,93,7955,0,-9,-18,-9,-18,1,1,1,548.57,418.39,548.57,418.39,28208,0,0,0,0,0,0,0
494,769,50998035,52204292,22137,7933,93,7955,0,-8,-18,-8,-18,1,1,1,594.29,422.77,594.29,422.77,25583,0,0,0,0,0,0,0
495,770,48906333,47795542,22073,7933,93,7955,0,-6,-18,-6,-18,1,1,1,685.71,416.09,685.71,416.09,26209,0,0,0,0,0,0,0
496,771,43674129,45160333,22277,7934,94,7956,0,-6,-18,-6,-18,1,1,1,685.71,416.09,685.71,416.09,22125,0,0,0,0,0,0,0
497,772,42874708,42866500,22073,7933,93,7955,0,-5,-18,-5,-18,1,1,1,731.43,431,731.43,431,21334,0,0,0,0,0,0,0
498,773,41721951,40389625,27553,7933,96,7955,0,-4,-18,-4,-18,1,1,1,777.14,453.14,777.14,453.14,331416,0,309292,306042,0,0,0,0
499,774,39488919,40520417,22137,7933,93,7955,0,-4,-18,-4,-18,1,1,1,777.14,453.14,777.14,453.14,19250,0,0,0,0,0,0,0
500,775,40632750,40752834,22161,7933,93,7955,0,-3,-18,-3,-18,1,1,1,822.86,475.99,822.86,475.99,17833,0,0,0,0,0,0,0
501,776,41987586,40527000,22125,7933,93,7955,0,-2,-18,-2,-18,1,1,1,868.57,498.85,868.57,498.85,16917,0,0,0,0,0,0,0
502,777,43775785,45144750,22137,7933,93,7955,0,-2,-18,-2,-18,1,1,1,868.57,498.85,868.57,498.85,19542,0,0,0,0,0,0,0
503,778,47445543,46074042,22637,7933,93,7955,0,-1,-18,-1,-18,1,1,1,914.29,521.71,914.29,521.71,18791,0,0,0,0,0,0,0
504,779,45492332,45271292,22377,7933,93,7955,0,0,-18,0,-18,1,1,1,960,544.56,960,544.56,18541,0,0,0,0,0,0,0
505,780,43674290,45286209,22137,7933,93,7955,0,0,-18,0,-18,1,1,1,960,544.56,960,544.56,18750,0,0,0,0,0,0,0
506,781,45500837,45518833,22125,7933,93,7955,0,1,-18,1,-18,1,1,1,1005.71,567.42,1005.71,567.42,19042,0,0,0,0,0,0,0
507,782,48383418,46839875,22073,7933,93,7955,0,2,-18,2,-18,1,1,1,1051.43,590.28,1051.43,590.28,18541,0,0,0,0,0,0,0
508,783,48593912,50002084,22225,7933,93,7955,0,2,-18,2,-18,1,1,1,1051.43,590.28,1051.43,590.28,24958,0,0,0,0,0,0,0
509,784,47521919,47544458,22073,7933,96,7955,0,3,-18,3,-18,1,1,1,1097.14,613.14,1097.14,613.14,18750,0,0,0,0,0,0,0
510,785,57021040,55274791,22073,7933,93,7955,0,4,-18,4,-18,1,1,1,1142.86,635.99,1142.86,635.99,18500,0,0,0,0,0,0,0
511,786,53340215,55000041,22277,7934,94,7956,0,4,-18,4,-18,1,1,1,1142.86,635.99,1142.86,635.99,22042,0,0,0,0,0,0,0
512,787,57216376,55214417,32345,7933,93,7955,0,5,-18,5,-18,1,1,1,1188.57,662.98,1188.57,662.98,587333,0,541292,533291,0,0,0,0
513,788,57609118,57687333,22701,7933,93,7955,0,6,-18,6,-18,1,1,1,1234.29,696.59,1234.29,696.59,22583,0,0,0,0,0,0,0
514,789,54079458,54199250,22377,7933,93,7955,0,6,-18,6,-18,1,1,1,1234.29,696.59,1234.29,696.59,25667,0,0,0,0,0,0,0
515,790,54264627,55990042,22189,7933,93,7955,0,7,-18,7,-18,1,1,1,1280,736.66,1280,736.66,25458,0,0,0,0,0,0,0
516,791,57074878,55340625,22073,7933,93,7955,0,8,-18,8,-18,1,1,1,1325.71,772.98,1325.71,772.98,25000,0,0,0,0,0,0,0
517,792,54156787,55719292,22225,7933,93,7955,0,8,-18,8,-18,1,1,1,1325.71,772.98,1325.71,772.98,24791,0,0,0,0,0,0,0
518,793,59607625,58083666,22073,7933,93,7955,0,9,-18,9,-18,1,1,1,1371.43,801.36,1371.43,801.36,25541,0,0,0,0,0,0,0
519,794,53861457,55344750,22189,7933,96,7955,0,10,-18,10,-18,1,1,1,1417.14,823.72,1417.14,823.72,26334,0,0,0,0,0,0,0
520,795,57167246,55318875,22161,7933,93,7955,0,10,-18,10,-18,1,1,1,1417.14,823.72,1417.14,823.72,30375,0,0,0,0,0,0,0
521,796,51235210,53202041,22137,7933,93,7955,0,11,-18,11,-18,1,1,1,1462.86,845.83,1462.86,845.83,26750,0,0,0,0,0,0,0
522,797,48120874,46135750,22637,7933,93,7955,0,12,-18,12,-18,1,1,1,1508.57,868.27,1508.57,868.27,22709,0,0,0,0,0,0,0
523,798,45895371,46497417,22429,7933,93,7955,0,12,-18,12,-18,1,1,1,1508.57,868.27,1508.57,868.27,22875,0,0,0,0,0,0,0
524,799,43349418,44698250,22137,7933,93,7955,0,13,-18,13,-18,1,1,1,1554.29,892.25,1554.29,892.25,21541,0,0,0,0,0,0,0
525,800,45010082,44989375,22073,7933,93,7955,0,14,-18,14,-18,1,1,1,1600,918.02,1600,918.02,21083,0,0,0,0,0,0,0
526,801,41665248,40435417,22073,7934,94,7956,0,14,-18,14,-18,1,1,1,1600,918.02,1600,918.02,21166,0,0,0,0,0,0,0
527,802,36882959,38070000,22225,7933,93,7955,0,15,-18,15,-18,1,1,1,1645.71,944.98,1645.71,944.98,18208,0,0,0,0,0,0,0
528,803,39998829,40050875,22125,7933,93,7955,0,16,-18,16,-18,1,1,1,1691.43,972.01,1691.43,972.01,18833,0,0,0,0,0,0,0
529,804,38246918,37153083,22073,7933,96,7955,0,16,-18,16,-18,1,1,1,1691.43,972.01,1691.43,972.01,18250,0,0,0,0,0,0,0
530,805,35009708,36033709,22137,7933,93,7955,0,15,-18,15,-18,1,1,1,1645.71,944.98,1645.71,944.98,15833,0,0,0,0,0,0,0
531,806,33454798,33472667,22161,7933,93,7955,0,14,-18,14,-18,1,1,1,1600,918.02,1600,918.02,16000,0,0,0,0,0,0,0
532,807,34865077,33808834,22073,7933,93,7955,0,14,-18,14,-18,1,1,1,1600,918.02,1600,918.02,16583,0,0,0,0,0,0,0
533,808,34397080,35368042,22137,7933,93,7955,0,13,-18,13,-18,1,1,1,1554.29,892.25,1554.29,892.25,17083,0,0,0,0,0,0,0
534,809,35514250,35547417,22125,7933,93,7955,0,12,-18,12,-18,1,1,1,1508.57,868.27,1508.57,868.27,16792,0,0,0,0,0,0,0
535,810,38274545,35433167,22637,7933,93,7955,0,12,-18,12,-18,1,1,1,1508.57,868.27,1508.57,868.27,17000,0,0,0,0,0,0,0
536,811,34374538,37212166,22441,7933,93,7955,0,11,-18,11,-18,1,1,1,1462.86,845.83,1462.86,845.83,16875,0,0,0,0,0,0,0
537,812,35377543,35162625,22073,7933,93,7955,0,10,-18,10,-18,1,1,1,1417.14,823.72,1417.14,823.72,16875,0,0,0,0,0,0,0
538,813,41109085,39678708,22073,7933,93,7955,0,10,-18,10,-18,1,1,1,1417.14,823.72,1417.14,823.72,16833,0,0,0,0,0,0,0
539,814,40026538,41065625,22137,7933,93,7955,0,9,-18,9,-18,1,1,1,1371.43,801.36,1371.43,801.36,17833,0,0,0,0,0,0,0
540,815,43735962,44174000,22213,7933,93,7955,0,8,-18,8,-18,1,1,1,1325.71,772.98,1325.71,772.98,18041,0,0,0,0,0,0,0
541,816,49508664,47966250,22073,7934,94,7956,0,8,-18,8,-18,1,1,1,1325.71,772.98,1325.71,772.98,21458,0,0,0,0,0,0,0
542,817,50412245,51797833,22137,7933,96,7955,0,7,-18,7,-18,1,1,1,1280,736.66,1280,736.66,22667,0,0,0,0,0,0,0
543,818,59921294,57934709,22073,7933,93,7955,0,6,-18,6,-18,1,1,1,1234.29,696.59,1234.29,696.59,22708,0,0,0,0,0,0,0
544,819,66594749,68505917,22277,7933,93,7955,0,6,-18,6,-18,1,1,1,1234.29,696.59,1234.29,696.59,27750,0,0,0,0,0,0,0
545,820,71700878,68022833,22073,7933,93,7955,0,5,-18,5,-18,1,1,1,1188.57,662.98,1188.57,662.98,29125,0,0,0,0,0,0,0
546,821,56755952,60366833,28397,7933,93,7955,0,4,-18,4,-18,1,1,1,1142.86,635.99,1142.86,635.99,543250,0,504583,493458,0,0,0,0
547,822,56270208,54757916,22161,7933,93,7955,0,4,-18,4,-18,1,1,1,1142.86,635.99,1142.86,635.99,22500,0,0,0,0,0,0,0
548,823,52995584,54567416,22189,7933,93,7955,0,3,-18,3,-18,1,1,1,1097.14,613.14,1097.14,613.14,21792,0,0,0,0,0,0,0
549,824,52623625,50990000,22073,7933,93,7955,0,2,-18,2,-18,1,1,1,1051.43,590.28,1051.43,590.28,23000,0,0,0,0,0,0,0
550,825,50324793,51936875,22225,7933,93,7955,0,2,-18,2,-18,1,1,1,1051.43,590.28,1051.43,590.28,22041,0,0,0,0,0,0,0
551,826,46203870,46210750,22073,7933,96,7955,0,1,-18,1,-18,1,1,1,1005.71,567.42,1005.71,567.42,19084,0,0,0,0,0,0,0
552,827,46620380,45269584,22125,7933,93,7955,0,0,-18,0,-18,1,1,1,960,544.56,960,544.56,24541,0,0,0,0,0,0,0
553,828,44700000,45988250,22137,7933,93,7955,0,0,-18,0,-18,1,1,1,960,544.56,960,544.56,18625,0,0,0,0,0,0,0
554,829,47616165,47489083,22161,7933,93,7955,0,-1,-18,-1,-18,1,1,1,914.29,521.71,914.29,521.71,19167,0,0,0,0,0,0,0
555,830,50697833,47594417,22637,7933,93,7955,0,-2,-18,-2,-18,1,1,1,868.57,498.85,868.57,498.85,20042,0,0,0,0,0,0,0
556,831,48636756,51592834,22353,7934,94,7956,0,-2,-18,-2,-18,1,1,1,868.57,498.85,868.57,498.85,23292,0,0,0,0,0,0,0
557,832,54636996,53468292,22125,7933,93,7955,0,-3,-18,-3,-18,1,1,1,822.86,475.99,822.86,475.99,24667,0,0,0,0,0,0,0
558,833,48947669,50332125,22225,7933,93,7955,0,-4,-18,-4,-18,1,1,1,777.14,453.14,777.14,453.14,25375,0,0,0,0,0,0,0
559,834,45092828,45088583,22073,7933,93,7955,0,-4,-18,-4,-18,1,1,1,777.14,453.14,777.14,453.14,27416,0,0,0,0,0,0,0
560,835,47039836,45660542,32345,7933,93,7955,0,-5,-18,-5,-18,1,1,1,731.43,431,731.43,431,437542,0,409708,405375,0,0,0,0
561,836,40834452,42149292,22137,7933,96,7955,0,-6,-18,-6,-18,1,1,1,685.71,416.09,685.71,416.09,22417,0,0,0,0,0,0,0
562,837,38332376,38363083,22213,7933,93,7955,0,-6,-18,-6,-18,1,1,1,685.71,416.09,685.71,416.09,19208,0,0,0,0,0,0,0
563,838,39214164,37985875,22073,7933,93,7955,0,-8,-18,-8,-18,1,1,1,594.29,422.77,594.29,422.77,18917,0,0,0,0,0,0,0
564,839,34778166,36011458,22137,7933,93,7955,0,-9,-18,-9,-18,1,1,1,548.57,418.39,548.57,418.39,19833,0,0,0,0,0,0,0
565,840,33825419,33810334,22073,7933,93,7955,0,-9,-18,-9,-18,1,1,1,548.57,418.39,548.57,418.39,18667,0,0,0,0,0,0,0
566,841,34551996,33380125,22073,7933,93,7955,0,-10,-18,-10,-18,1,1,1,502.86,399.44,502.86,399.44,17458,0,0,0,0,0,0,0
567,842,33511295,33543750,22789,7933,93,7955,0,-11,-18,-11,-18,1,1,1,457.14,380.06,457.14,380.06,16583,0,0,0,0,0,0,0
568,843,32747667,33813041,22341,7933,93,7955,0,-11,-18,-11,-18,1,1,1,457.14,380.06,457.14,380.06,16792,0,0,0,0,0,0,0
569,844,34540660,33479000,22073,7933,93,7955,0,-12,-18,-12,-18,1,1,1,411.43,359.32,411.43,359.32,16750,0,0,0,0,0,0,0
570,845,32566290,33592625,22137,7933,93,7955,0,-13,-18,-13,-18,1,1,1,365.71,336.6,365.71,336.6,16792,0,0,0,0,0,0,0
571,846,33672504,33646291,22073,7934,94,7956,0,-13,-18,-13,-18,1,1,1,365.71,336.6,365.71,336.6,16542,0,0,0,0,0,0,0
572,847,34897413,33841792,22161,7933,93,7955,0,-14,-18,-14,-18,1,1,1,320,311.82,320,311.82,16125,0,0,0,0,0,0,0
573,848,31594749,32672125,22137,7933,93,7955,0,-15,-18,-15,-18,1,1,1,274.29,285.43,274.29,285.43,16250,0,0,0,0,0,0,0
574,849,32596789,32588500,22125,7933,93,7955,0,-15,-18,-15,-18,1,1,1,274.29,285.43,274.29,285.43,40208,0,0,0,0,0,0,0
575,850,30427876,30400167,22073,7933,96,7955,0,-16,-18,-16,-18,1,1,1,228.57,258.09,228.57,258.09,30792,0,0,0,0,0,0,0
576,851,33342041,32120959,22073,7933,93,7955,0,-17,-18,-17,-18,1,1,1,182.86,230.19,182.86,230.19,33709,0,0,0,0,0,0,0
577,852,32615669,33804625,22225,7933,93,7955,0,-17,-18,-17,-18,1,1,1,182.86,230.19,182.86,230.19,40250,0,0,0,0,0,0,0
578,853,33557999,33542459,22073,7933,93,7955,0,-16,-18,-16,-18,1,1,1,228.57,258.09,228.57,258.09,34833,0,0,0,0,0,0,0
579,854,32609041,32603458,22073,7933,93,7955,0,-15,-18,-15,-18,1,1,1,274.29,285.43,274.29,285.43,35208,0,0,0,0,0,0,0
580,855,34191165,33170000,22073,7933,93,7955,0,-15,-18,-15,-18,1,1,1,274.29,285.43,274.29,285.43,38583,0,0,0,0,0,0,0
581,856,31707923,32682250,22189,7933,93,7955,0,-14,-18,-14,-18,1,1,1,320,311.82,320,311.82,30583,0,0,0,0,0,0,0
582,857,33899325,32794750,22725,7933,93,7955,0,-13,-18,-13,-18,1,1,1,365.71,336.6,365.71,336.6,14834,0,0,0,0,0,0,0
583,858,31741127,32873750,22289,7933,93,7955,0,-13,-18,-13,-18,1,1,1,365.71,336.6,365.71,336.6,17042,0,0,0,0,0,0,0
584,859,34075707,32920750,22073,7933,93,7955,0,-12,-18,-12,-18,1,1,1,411.43,359.32,411.43,359.32,14625,0,0,0,0,0,0,0
585,860,33000376,34085167,22137,7933,93,7955,0,-11,-18,-11,-18,1,1,1,457.14,380.06,457.14,380.06,17375,0,0,0,0,0,0,0
586,861,34522123,34442458,22073,7934,94,7956,0,-11,-18,-11,-18,1,1,1,457.14,380.06,457.14,380.06,17583,0,0,0,0,0,0,0
587,862,36730788,35158208,22161,7933,93,7955,0,-10,-18,-10,-18,1,1,1,502.86,399.44,502.86,399.44,19166,0,0,0,0,0,0,0
588,863,34690462,36286000,22189,7933,93,7955,0,-9,-18,-9,-18,1,1,1,548.57,418.39,548.57,418.39,18167,0,0,0,0,0,0,0
589,864,39729371,39723708,22073,7933,93,7955,0,-9,-18,-9,-18,1,1,1,548.57,418.39,548.57,418.39,21125,0,0,0,0,0,0,0
590,865,37698626,36588833,22073,7933,96,7955,0,-8,-18,-8,-18,1,1,1,594.29,422.77,594.29,422.77,16625,0,0,0,0,0,0,0
591,866,35162296,36180084,22137,7933,93,7955,0,-6,-18,-6,-18,1,1,1,685.71,416.09,685.71,416.09,16417,0,0,0,0,0,0,0
592,867,36061082,36093417,22161,7933,93,7955,0,-6,-18,-6,-18,1,1,1,685.71,416.09,685.71,416.09,16375,0,0,0,0,0,0,0
593,868,39569620,38077542,22073,7933,93,7955,0,-5,-18,-5,-18,1,1,1,731.43,431,731.43,431,19292,0,0,0,0,0,0,0
594,869,41431836,42775042,27669,7933,93,7955,0,-4,-18,-4,-18,1,1,1,777.14,453.14,777.14,453.14,347583,0,323084,318375,0,0,0,0
595,870,50783913,50514667,22073,7933,93,7955,0,-4,-18,-4,-18,1,1,1,777.14,453.14,777.14,453.14,21500,0,0,0,0,0,0,0
596,871,67097753,63546375,22725,7933,93,7955,0,-3,-18,-3,-18,1,1,1,822.86,475.99,822.86,475.99,24541,0,0,0,0,0,0,0
597,872,62931790,66596500,22353,7933,93,7955,0,-2,-18,-2,-18,1,1,1,868.57,498.85,868.57,498.85,29500,0,0,0,0,0,0,0
598,873,69622457,67254041,22125,7933,93,7955,0,-2,-18,-2,-18,1,1,1,868.57,498.85,868.57,498.85,32209,0,0,0,0,0,0,0
599,874,65036006,67319125,22225,7933,93,7955,0,-1,-18,-1,-18,1,1,1,914.29,521.71,914.29,521.71,29500,0,0,0,0,0,0,0
600,875,67779704,66270750,22073,7933,93,7955,0,0,-18,0,-18,1,1,1,960,544.56,960,544.56,29750,0,0,0,0,0,0,0
601,876,52862253,54363459,22189,7934,97,7956,0,0,-18,0,-18,1,1,1,960,544.56,960,544.56,23041,0,0,0,0,0,0,0
602,877,49172371,47631042,22161,7933,93,7955,0,1,-18,1,-18,1,1,1,1005.71,567.42,1005.71,567.42,21917,0,0,0,0,0,0,0
603,878,43791919,45450875,22137,7933,93,7955,0,2,-18,2,-18,1,1,1,1051.43,590.28,1051.43,590.28,21834,0,0,0,0,0,0,0
604,879,44258333,43089917,22637,7933,93,7955,0,2,-18,2,-18,1,1,1,1051.43,590.28,1051.43,590.28,19542,0,0,0,0,0,0,0
605,880,40448121,40279458,22289,7933,93,7955,0,3,-18,3,-18,1,1,1,1097.14,613.14,1097.14,613.14,16166,0,0,0,0,0,0,0
606,881,40995165,42148208,22277,7933,93,7955,0,4,-18,4,-18,1,1,1,1142.86,635.99,1142.86,635.99,16209,0,0,0,0,0,0,0
607,882,44542998,44638167,22073,7933,93,7955,0,4,-18,4,-18,1,1,1,1142.86,635.99,1142.86,635.99,16458,0,0,0,0,0,0,0
608,883,45996207,44436625,32345,7933,93,7955,0,5,-18,5,-18,1,1,1,1188.57,662.98,1188.57,662.98,352583,0,330667,327042,0,0,0,0
609,884,45300751,46745542,22137,7933,93,7955,0,6,-18,6,-18,1,1,1,1234.29,696.59,1234.29,696.59,19958,0,0,0,0,0,0,0
610,885,48382375,48453250,22161,7933,93,7955,0,6,-18,6,-18,1,1,1,1234.29,696.59,1234.29,696.59,19541,0,0,0,0,0,0,0
611,886,47592539,46224083,22125,7933,96,7955,0,7,-18,7,-18,1,1,1,1280,736.66,1280,736.66,20334,0,0,0,0,0,0,0
612,887,43706625,45027833,22137,7933,93,7955,0,8,-18,8,-18,1,1,1,1325.71,772.98,1325.71,772.98,22958,0,0,0,0,0,0,0
613,888,46484794,46291166,22073,7933,93,7955,0,8,-18,8,-18,1,1,1,1325.71,772.98,1325.71,772.98,20208,0,0,0,0,0,0,0
614,889,50467494,48953417,22161,7933,93,7955,0,9,-18,9,-18,1,1,1,1371.43,801.36,1371.43,801.36,21042,0,0,0,0,0,0,0
615,890,54827421,54777500,22701,7933,93,7955,0,10,-18,10,-18,1,1,1,1417.14,823.72,1417.14,823.72,26166,0,0,0,0,0,0,0
616,891,55139038,54673375,22341,7934,94,7956,0,10,-18,10,-18,1,1,1,1417.14,823.72,1417.14,823.72,26167,0,0,0,0,0,0,0
617,892,47300085,49443084,22225,7933,93,7955,0,11,-18,11,-18,1,1,1,1462.86,845.83,1462.86,845.83,26166,0,0,0,0,0,0,0
618,893,43289080,43254792,22073,7933,93,7955,0,12,-18,12,-18,1,1,1,1508.57,868.27,1508.57,868.27,22500,0,0,0,0,0,0,0
619,894,46319875,44945167,22073,7933,93,7955,0,12,-18,12,-18,1,1,1,1508.57,868.27,1508.57,868.27,22208,0,0,0,0,0,0,0
620,895,44459998,45778125,22137,7933,93,7955,0,13,-18,13,-18,1,1,1,1554.29,892.25,1554.29,892.25,23417,0,0,0,0,0,0,0
621,896,37608291,37664666,22213,7933,96,7955,0,14,-18,14,-18,1,1,1,1600,918.02,1600,918.02,18250,0,0,0,0,0,0,0
622,897,37970960,36886083,22073,7933,93,7955,0,14,-18,14,-18,1,1,1,1600,918.02,1600,918.02,18208,0,0,0,0,0,0,0
623,898,32825086,33896000,22137,7933,93,7955,0,15,-18,15,-18,1,1,1,1645.71,944.98,1645.71,944.98,16334,0,0,0,0,0,0,0
624,899,33769082,33743667,22073,7933,93,7955,0,16,-18,16,-18,1,1,1,1691.43,972.01,1691.43,972.01,19542,0,0,0,0,0,0,0
625,900,34901417,33788958,22073,7933,93,7955,0,16,-18,16,-18,1,1,1,1691.43,972.01,1691.43,972.01,16792,0,0,0,0,0,0,0
626,901,33012919,34066042,22225,7933,93,7955,0,15,-18,15,-18,1,1,1,1645.71,944.98,1645.71,944.98,16208,0,0,0,0,0,0,0
627,902,33513952,33545000,22125,7933,93,7955,0,14,-18,14,-18,1,1,1,1600,918.02,1600,918.02,16333,0,0,0,0,0,0,0
628,903,35291999,33388625,22637,7933,93,7955,0,14,-18,14,-18,1,1,1,1600,918.02,1600,918.02,16500,0,0,0,0,0,0,0
629,904,31892631,33770292,22353,7933,93,7955,0,13,-18,13,-18,1,1,1,1554.29,892.25,1554.29,892.25,16417,0,0,0,0,0,0,0
630,905,34500744,34401291,22073,7933,93,7955,0,12,-18,12,-18,1,1,1,1508.57,868.27,1508.57,868.27,16833,0,0,0,0,0,0,0
631,906,31390000,31468625,22161,7934,94,7956,0,12,-18,12,-18,1,1,1,1508.57,868.27,1508.57,868.27,16709,0,0,0,0,0,0,0
632,907,31488291,30453667,22073,7933,93,7955,0,11,-18,11,-18,1,1,1,1462.86,845.83,1462.86,845.83,15291,0,0,0,0,0,0,0
633,908,29352543,30170250,22137,7933,93,7955,0,10,-18,10,-18,1,1,1,1417.14,823.72,1417.14,823.72,15084,0,0,0,0,0,0,0
634,909,32876245,33040291,22125,7933,93,7955,0,10,-18,10,-18,1,1,1,1417.14,823.72,1417.14,823.72,15709,0,0,0,0,0,0,0
635,910,30479336,30429125,22073,7933,96,7955,0,9,-18,9,-18,1,1,1,1371.43,801.36,1371.43,801.36,14417,0,0,0,0,0,0,0
636,911,33507831,32523625,22161,7933,93,7955,0,8,-18,8,-18,1,1,1,1325.71,772.98,1325.71,772.98,14416,0,0,0,0,0,0,0
637,912,31737703,32714833,22137,7933,93,7955,0,8,-18,8,-18,1,1,1,1325.71,772.98,1325.71,772.98,18792,0,0,0,0,0,0,0
638,913,35110294,35076792,22073,7933,93,7955,0,7,-18,7,-18,1,1,1,1280,736.66,1280,736.66,16500,0,0,0,0,0,0,0
639,914,36219414,35144708,22073,7933,93,7955,0,6,-18,6,-18,1,1,1,1234.29,696.59,1234.29,696.59,16333,0,0,0,0,0,0,0
640,915,36089293,37094667,22137,7933,93,7955,0,6,-18,6,-18,1,1,1,1234.29,696.59,1234.29,696.59,22250,0,0,0,0,0,0,0
641,916,36610871,36673375,22213,7933,93,7955,0,5,-18,5,-18,1,1,1,1188.57,662.98,1188.57,662.98,14792,0,0,0,0,0,0,0
642,917,37238504,35261459,27553,7933,93,7955,0,4,-18,4,-18,1,1,1,1142.86,635.99,1142.86,635.99,286916,0,269000,265584,0,0,0,0
643,918,36260828,38191625,22917,7933,93,7955,0,4,-18,4,-18,1,1,1,1142.86,635.99,1142.86,635.99,14541,0,0,0,0,0,0,0
644,919,41119877,40974667,22073,7933,93,7955,0,3,-18,3,-18,1,1,1,1097.14,613.14,1097.14,613.14,17625,0,0,0,0,0,0,0
645,920,51096703,49592792,22161,7933,93,7955,0,2,-18,2,-18,1,1,1,1051.43,590.28,1051.43,590.28,19375,0,0,0,0,0,0,0
646,921,59512466,60735667,22189,7934,94,7956,0,2,-18,2,-18,1,1,1,1051.43,590.28,1051.43,590.28,23166,0,0,0,0,0,0,0
647,922,68632081,66298291,22073,7933,93,7955,0,1,-18,1,-18,1,1,1,1005.71,567.42,1005.71,567.42,28625,0,0,0,0,0,0,0
648,923,70041246,72456333,22225,7933,93,7955,0,0,-18,0,-18,1,1,1,960,544.56,960,544.56,29750,0,0,0,0,0,0,0
649,924,69100543,67081125,22073,7933,96,7955,0,0,-18,0,-18,1,1,1,960,544.56,960,544.56,28875,0,0,0,0,0,0,0
650,925,61825204,63486833,22189,7933,93,7955,0,-1,-18,-1,-18,1,1,1,914.29,521.71,914.29,521.71,27416,0,0,0,0,0,0,0
651,926,57337421,54816583,22725,7933,93,7955,0,-2,-18,-2,-18,1,1,1,868.57,498.85,868.57,498.85,22458,0,0,0,0,0,0,0
652,927,48476997,51372167,22353,7933,93,7955,0,-2,-18,-2,-18,1,1,1,868.57,498.85,868.57,498.85,24041,0,0,0,0,0,0,0
653,928,46575710,46423333,22073,7933,93,7955,0,-3,-18,-3,-18,1,1,1,822.86,475.99,822.86,475.99,20625,0,0,0,0,0,0,0
654,929,49327246,48071542,22213,7933,93,7955,0,-4,-18,-4,-18,1,1,1,777.14,453.14,777.14,453.14,21291,0,0,0,0,0,0,0
655,930,43654210,45058791,22137,7933,93,7955,0,-4,-18,-4,-18,1,1,1,777.14,453.14,777.14,453.14,21292,0,0,0,0,0,0,0
656,931,49957130,49927458,32345,7933,93,7955,0,-5,-18,-5,-18,1,1,1,731.43,431,731.43,431,446375,0,415917,409333,0,0,0,0
657,932,47569204,46263250,22073,7933,96,7955,0,-6,-18,-6,-18,1,1,1,685.71,416.09,685.71,416.09,22791,0,0,0,0,0,0,0
658,933,45311126,46530708,22225,7933,93,7955,0,-6,-18,-6,-18,1,1,1,685.71,416.09,685.71,416.09,22125,0,0,0,0,0,0,0
659,934,47782540,47770542,22125,7933,93,7955,0,-8,-18,-8,-18,1,1,1,594.29,422.77,594.29,422.77,22000,0,0,0,0,0,0,0
660,935,49269713,47934166,22073,7933,93,7955,0,-9,-18,-9,-18,1,1,1,548.57,418.39,548.57,418.39,22292,0,0,0,0,0,0,0
661,936,49135375,50274125,22137,7934,94,7956,0,-9,-18,-9,-18,1,1,1,548.57,418.39,548.57,418.39,22625,0,0,0,0,0,0,0
662,937,56229457,53514208,22725,7933,93,7955,0,-10,-18,-10,-18,1,1,1,502.86,399.44,502.86,399.44,27041,0,0,0,0,0,0,0
663,938,46822875,49685042,22353,7933,93,7955,0,-11,-18,-11,-18,1,1,1,457.14,380.06,457.14,380.06,25875,0,0,0,0,0,0,0
664,939,43476708,43471333,22125,7933,93,7955,0,-11,-18,-11,-18,1,1,1,457.14,380.06,457.14,380.06,21875,0,0,0,0,0,0,0
665,940,45366249,43935709,22073,7933,93,7955,0,-12,-18,-12,-18,1,1,1,411.43,359.32,411.43,359.32,21375,0,0,0,0,0,0,0
666,941,39376631,40776625,22225,7933,93,7955,0,-13,-18,-13,-18,1,1,1,365.71,336.6,365.71,336.6,21250,0,0,0,0,0,0,0
667,942,40322992,40330000,22073,7933,93,7955,0,-13,-18,-13,-18,1,1,1,365.71,336.6,365.71,336.6,19417,0,0,0,0,0,0,0
668,943,37535503,36426042,22073,7933,96,7955,0,-14,-18,-14,-18,1,1,1,320,311.82,320,311.82,18250,0,0,0,0,0,0,0
669,944,32261587,33356583,22189,7933,93,7955,0,-15,-18,-15,-18,1,1,1,274.29,285.43,274.29,285.43,15625,0,0,0,0,0,0,0
670,945,33400956,33329833,22073,7933,93,7955,0,-15,-18,-15,-18,1,1,1,274.29,285.43,274.29,285.43,38042,0,0,0,0,0,0,0
671,946,34513164,33496333,22161,7933,93,7955,0,-16,-18,-16,-18,1,1,1,228.57,258.09,228.57,258.09,33167,0,0,0,0,0,0,0
672,947,32800588,33838167,22137,7933,93,7955,0,-17,-18,-17,-18,1,1,1,182.86,230.19,182.86,230.19,33458,0,0,0,0,0,0,0
673,948,33396415,33392875,22073,7933,93,7955,0,-17,-18,-17,-18,1,1,1,182.86,230.19,182.86,230.19,36750,0,0,0,0,0,0,0
674,949,35451665,33538250,22637,7933,93,7955,0,-16,-18,-16,-18,1,1,1,228.57,258.09,228.57,258.09,33834,0,0,0,0,0,0,0
675,950,31896788,33735875,22405,7933,93,7955,0,-15,-18,-15,-18,1,1,1,274.29,285.43,274.29,285.43,40417,0,0,0,0,0,0,0
676,951,33246543,33267250,22161,7934,94,7956,0,-15,-18,-15,-18,1,1,1,274.29,285.43,274.29,285.43,41458,0,0,0,0,0,0,0
677,952,32838795,32871500,22073,7933,93,7955,0,-14,-18,-14,-18,1,1,1,320,311.82,320,311.82,34209,0,0,0,0,0,0,0
678,953,31417034,30385792,22073,7933,93,7955,0,-13,-18,-13,-18,1,1,1,365.71,336.6,365.71,336.6,15291,0,0,0,0,0,0,0
679,954,29179209,30154125,22137,7933,93,7955,0,-13,-18,-13,-18,1,1,1,365.71,336.6,365.71,336.6,15042,0,0,0,0,0,0,0
680,955,31678501,31420958,22073,7933,93,7955,0,-12,-18,-12,-18,1,1,1,411.43,359.32,411.43,359.32,15125,0,0,0,0,0,0,0
681,956,32584376,32823833,22161,7933,93,7955,0,-11,-18,-11,-18,1,1,1,457.14,380.06,457.14,380.06,17125,0,0,0,0,0,0,0
682,957,31343791,30288333,22125,7933,96,7955,0,-11,-18,-11,-18,1,1,1,457.14,380.06,457.14,380.06,15125,0,0,0,0,0,0,0
683,958,29795706,30822042,22137,7933,93,7955,0,-10,-18,-10,-18,1,1,1,502.86,399.44,502.86,399.44,15292,0,0,0,0,0,0,0
684,959,30579959,30541458,22073,7933,93,7955,0,-9,-18,-9,-18,1,1,1,548.57,418.39,548.57,418.39,15792,0,0,0,0,0,0,0
685,960,31812168,31769416,22073,7933,93,7955,0,-9,-18,-9,-18,1,1,1,548.57,418.39,548.57,418.39,15000,0,0,0,0,0,0,0
686,961,34550957,33498250,22161,7933,93,7955,0,-8,-18,-8,-18,1,1,1,594.29,422.77,594.29,422.77,16209,0,0,0,0,0,0,0
687,962,32595627,33665042,22137,7933,93,7955,0,-6,-18,-6,-18,1,1,1,685.71,416.09,685.71,416.09,15916,0,0,0,0,0,0,0
688,963,34614499,34478791,22073,7933,93,7955,0,-6,-18,-6,-18,1,1,1,685.71,416.09,685.71,416.09,16458,0,0,0,0,0,0,0
689,964,36275211,35273417,22125,7933,93,7955,0,-5,-18,-5,-18,1,1,1,731.43,431,731.43,431,17375,0,0,0,0,0,0,0
690,965,35970371,35596291,28181,7933,93,7955,0,-4,-18,-4,-18,1,1,1,777.14,453.14,777.14,453.14,337834,0,310875,305625,0,0,0,0
691,966,34542288,35846792,22377,7934,94,7956,0,-4,-18,-4,-18,1,1,1,777.14,453.14,777.14,453.14,16458,0,0,0,0,0,0,0
692,967,38908880,37917167,22073,7933,93,7955,0,-3,-18,-3,-18,1,1,1,822.86,475.99,822.86,475.99,15625,0,0,0,0,0,0,0
693,968,34310415,35404125,22137,7933,93,7955,0,-2,-18,-2,-18,1,1,1,868.57,498.85,868.57,498.85,15209,0,0,0,0,0,0,0
694,969,35259999,35159584,22073,7933,93,7955,0,-2,-18,-2,-18,1,1,1,868.57,498.85,868.57,498.85,15167,0,0,0,0,0,0,0
695,970,39289165,37816583,22125,7933,93,7955,0,-1,-18,-1,-18,1,1,1,914.29,521.71,914.29,521.71,14375,0,0,0,0,0,0,0
696,971,46060502,47440833,22225,7933,93,7955,0,0,-18,0,-18,1,1,1,960,544.56,960,544.56,17750,0,0,0,0,0,0,0
697,972,50849623,50796417,22073,7933,96,7955,0,0,-18,0,-18,1,1,1,960,544.56,960,544.56,18833,0,0,0,0,0,0,0
698,973,62386542,60387125,22073,7933,93,7955,0,1,-18,1,-18,1,1,1,1005.71,567.42,1005.71,567.42,26042,0,0,0,0,0,0,0
699,974,64242407,66151875,22225,7933,93,7955,0,2,-18,2,-18,1,1,1,1051.43,590.28,1051.43,590.28,28250,0,0,0,0,0,0,0
700,975,68341337,66319833,22125,7933,93,7955,0,2,-18,2,-18,1,1,1,1051.43,590.28,1051.43,590.28,27791,0,0,0,0,0,0,0
701,976,55296335,55522458,22701,7933,93,7955,0,3,-18,3,-18,1,1,1,1097.14,613.14,1097.14,613.14,27667,0,0,0,0,0,0,0
702,977,54294917,54322417,22377,7933,93,7955,0,4,-18,4,-18,1,1,1,1142.86,635.99,1142.86,635.99,27667,0,0,0,0,0,0,0
703,978,47893580,49561667,22137,7933,93,7955,0,4,-18,4,-18,1,1,1,1142.86,635.99,1142.86,635.99,22084,0,0,0,0,0,0,0
704,979,45037746,45150417,32397,7933,93,7955,0,5,-18,5,-18,1,1,1,1188.57,662.98,1188.57,662.98,443500,0,417250,411917,0,0,0,0
705,980,49199171,47774000,22073,7933,93,7955,0,6,-18,6,-18,1,1,1,1234.29,696.59,1234.29,696.59,19583,0,0,0,0,0,0,0
706,981,43294414,44629958,22225,7934,97,7956,0,6,-18,6,-18,1,1,1,1234.29,696.59,1234.29,696.59,19708,0,0,0,0,0,0,0
707,982,43613456,43664333,22073,7933,93,7955,0,7,-18,7,-18,1,1,1,1280,736.66,1280,736.66,17750,0,0,0,0,0,0,0
708,983,45156754,43883417,22073,7933,93,7955,0,8,-18,8,-18,1,1,1,1325.71,772.98,1325.71,772.98,23750,0,0,0,0,0,0,0
709,984,44829875,45990167,22189,7933,93,7955,0,8,-18,8,-18,1,1,1,1325.71,772.98,1325.71,772.98,20458,0,0,0,0,0,0,0
710,985,45461621,45299375,22161,7933,93,7955,0,9,-18,9,-18,1,1,1,1371.43,801.36,1371.43,801.36,21041,0,0,0,0,0,0,0
711,986,48756916,46250125,22637,7933,93,7955,0,10,-18,10,-18,1,1,1,1417.14,823.72,1417.14,823.72,45792,0,0,0,0,0,0,0
712,987,43193962,45845917,22353,7933,93,7955,0,10,-18,10,-18,1,1,1,1417.14,823.72,1417.14,823.72,20833,0,0,0,0,0,0,0
713,988,45830875,45706834,22073,7933,93,7955,0,11,-18,11,-18,1,1,1,1462.86,845.83,1462.86,845.83,22125,0,0,0,0,0,0,0
714,989,46319205,45094292,22213,7933,93,7955,0,12,-18,12,-18,1,1,1,1508.57,868.27,1508.57,868.27,21917,0,0,0,0,0,0,0
715,990,44144168,45467208,22137,7933,93,7955,0,12,-18,12,-18,1,1,1,1508.57,868.27,1508.57,868.27,21958,0,0,0,0,0,0,0
716,991,47654081,47604666,22073,7933,93,7955,0,13,-18,13,-18,1,1,1,1554.29,892.25,1554.29,892.25,22209,0,0,0,0,0,0,0
717,992,46531379,45108375,22073,7933,96,7955,0,14,-18,14,-18,1,1,1,1600,918.02,1600,918.02,21875,0,0,0,0,0,0,0
718,993,42442291,43814750,22225,7933,93,7955,0,14,-18,14,-18,1,1,1,1600,918.02,1600,918.02,20834,0,0,0,0,0,0,0
719,994,41545629,41590750,22125,7933,93,7955,0,15,-18,15,-18,1,1,1,1645.71,944.98,1645.71,944.98,21125,0,0,0,0,0,0,0
720,995,40879543,39619708,22073,7933,93,7955,0,16,-18,16,-18,1,1,1,1691.43,972.01,1691.43,972.01,22334,0,0,0,0,0,0,0
721,996,36515410,37713583,22137,7934,94,7956,0,16,-18,16,-18,1,1,1,1691.43,972.01,1691.43,972.01,17959,0,0,0,0,0,0,0
722,997,37762455,37765042,22161,7933,93,7955,0,15,-18,15,-18,1,1,1,1645.71,944.98,1645.71,944.98,17959,0,0,0,0,0,0,0
723,998,36578670,34746125,22637,7933,93,7955,0,14,-18,14,-18,1,1,1,1600,918.02,1600,918.02,18208,0,0,0,0,0,0,0
724,999,31774044,33582791,22353,7933,93,7955,0,14,-18,14,-18,1,1,1,1600,918.02,1600,918.02,16166,0,0,0,0,0,0,0
725,1000,33722251,33754000,22125,7933,93,7955,0,13,-18,13,-18,1,1,1,1554.29,892.25,1554.29,892.25,16834,0,0,0,0,0,0,0
726,1001,34541539,33373083,22073,7933,93,7955,0,12,-18,12,-18,1,1,1,1508.57,868.27,1508.57,868.27,16916,0,0,0,0,0,0,0
727,1002,32591205,33726458,22225,7933,93,7955,0,12,-18,12,-18,1,1,1,1508.57,868.27,1508.57,868.27,16750,0,0,0,0,0,0,0
728,1003,34213252,33969250,22073,7933,93,7955,0,11,-18,11,-18,1,1,1,1462.86,845.83,1462.86,845.83,16875,0,0,0,0,0,0,0
729,1004,37392545,36528500,22073,7933,93,7955,0,10,-18,10,-18,1,1,1,1417.14,823.72,1417.14,823.72,17542,0,0,0,0,0,0,0
730,1005,32728124,33752166,22137,7933,96,7955,0,10,-18,10,-18,1,1,1,1417.14,823.72,1417.14,823.72,16125,0,0,0,0,0,0,0
731,1006,34555498,34525500,22125,7933,93,7955,0,9,-18,9,-18,1,1,1,1371.43,801.36,1371.43,801.36,16375,0,0,0,0,0,0,0
732,1007,34535203,33432167,22161,7933,93,7955,0,8,-18,8,-18,1,1,1,1325.71,772.98,1325.71,772.98,15333,0,0,0,0,0,0,0
733,1008,32796338,33925083,22137,7933,93,7955,0,8,-18,8,-18,1,1,1,1325.71,772.98,1325.71,772.98,16042,0,0,0,0,0,0,0
734,1009,33615998,33595375,22073,7933,93,7955,0,7,-18,7,-18,1,1,1,1280,736.66,1280,736.66,15959,0,0,0,0,0,0,0
735,1010,34581206,33495166,22073,7933,93,7955,0,6,-18,6,-18,1,1,1,1234.29,696.59,1234.29,696.59,15459,0,0,0,0,0,0,0
736,1011,32564248,33542834,22137,7934,94,7956,0,6,-18,6,-18,1,1,1,1234.29,696.59,1234.29,696.59,14458,0,0,0,0,0,0,0
737,1012,34523624,33469875,22777,7933,93,7955,0,5,-18,5,-18,1,1,1,1188.57,662.98,1188.57,662.98,14417,0,0,0,0,0,0,0
738,1013,33818125,33827750,27769,7933,93,7955,0,4,-18,4,-18,1,1,1,1142.86,635.99,1142.86,635.99,293000,0,273167,269375,0,0,0,0
739,1014,32233335,33316917,22137,7933,93,7955,0,4,-18,4,-18,1,1,1,1142.86,635.99,1142.86,635.99,14417,0,0,0,0,0,0,0
740,1015,33451333,33420208,22073,7933,93,7955,0,3,-18,3,-18,1,1,1,1097.14,613.14,1097.14,613.14,13875,0,0,0,0,0,0,0
741,1016,34655831,33507458,22073,7933,93,7955,0,2,-18,2,-18,1,1,1,1051.43,590.28,1051.43,590.28,14500,0,0,0,0,0,0,0
742,1017,32495126,33599708,22225,7933,93,7955,0,2,-18,2,-18,1,1,1,1051.43,590.28,1051.43,590.28,14042,0,0,0,0,0,0,0
743,1018,33221788,33206416,22125,7933,93,7955,0,1,-18,1,-18,1,1,1,1005.71,567.42,1005.71,567.42,13750,0,0,0,0,0,0,0
744,1019,36074332,35059375,22073,7933,93,7955,0,0,-18,0,-18,1,1,1,960,544.56,960,544.56,15625,0,0,0,0,0,0,0
745,1020,31736791,32779000,22137,7933,96,7955,0,0,-18,0,-18,1,1,1,960,544.56,960,544.56,13042,0,0,0,0,0,0,0
746,1021,32365042,32245625,22073,7933,93,7955,0,-1,-18,-1,-18,1,1,1,914.29,521.71,914.29,521.71,13042,0,0,0,0,0,0,0
747,1022,36208581,35193791,22161,7933,93,7955,0,-2,-18,-2,-18,1,1,1,868.57,498.85,868.57,498.85,14875,0,0,0,0,0,0,0
748,1023,36648333,37650500,22137,7933,93,7955,0,-2,-18,-2,-18,1,1,1,868.57,498.85,868.57,498.85,18625,0,0,0,0,0,0,0
749,1024,37065796,37110042,22125,7933,93,7955,0,-3,-18,-3,-18,1,1,1,822.86,475.99,822.86,475.99,15791,0,0,0,0,0,0,0
750,1025,37727870,36564875,22073,7933,93,7955,0,-4,-18,-4,-18,1,1,1,777.14,453.14,777.14,453.14,16625,0,0,0,0,0,0,0
751,1026,34366212,35448625,22137,7934,94,7956,0,-4,-18,-4,-18,1,1,1,777.14,453.14,777.14,453.14,19083,0,0,0,0,0,0,0
752,1027,36648787,35136667,32997,7933,93,7955,0,-5,-18,-5,-18,1,1,1,731.43,431,731.43,431,388333,0,362375,358500,0,0,0,0
753,1028,39138294,39241875,22289,7933,93,7955,0,-6,-18,-6,-18,1,1,1,685.71,416.09,685.71,416.09,18708,0,0,0,0,0,0,0
754,1029,43453790,44659042,22137,7933,93,7955,0,-6,-18,-6,-18,1,1,1,685.71,416.09,685.71,416.09,21292,0,0,0,0,0,0,0
755,1030,53090788,52983459,22125,7933,93,7955,0,-8,-18,-8,-18,1,1,1,594.29,422.77,594.29,422.77,25667,0,0,0,0,0,0,0
756,1031,68860255,66907833,22161,7933,93,7955,0,-9,-18,-9,-18,1,1,1,548.57,418.39,548.57,418.39,33583,0,0,0,0,0,0,0
757,1032,67457914,69401125,22137,7933,93,7955,0,-9,-18,-9,-18,1,1,1,548.57,418.39,548.57,418.39,36708,0,0,0,0,0,0,0
758,1033,69778256,67653375,22073,7933,96,7955,0,-10,-18,-10,-18,1,1,1,502.86,399.44,502.86,399.44,34417,0,0,0,0,0,0,0
759,1034,66426083,68398875,22277,7933,93,7955,0,-11,-18,-11,-18,1,1,1,457.14,380.06,457.14,380.06,33833,0,0,0,0,0,0,0
760,1035,71115121,67901834,22073,7933,93,7955,0,-11,-18,-11,-18,1,1,1,457.14,380.06,457.14,380.06,32500,0,0,0,0,0,0,0
761,1036,52894875,56042417,22917,7933,93,7955,0,-12,-18,-12,-18,1,1,1,411.43,359.32,411.43,359.32,27667,0,0,0,0,0,0,0
762,1037,52975539,51713459,22161,7933,93,7955,0,-13,-18,-13,-18,1,1,1,365.71,336.6,365.71,336.6,25625,0,0,0,0,0,0,0
763,1038,45586671,47045917,22189,7933,93,7955,0,-13,-18,-13,-18,1,1,1,365.71,336.6,365.71,336.6,22083,0,0,0,0,0,0,0
764,1039,46607207,46584042,22073,7933,93,7955,0,-14,-18,-14,-18,1,1,1,320,311.82,320,311.82,20625,0,0,0,0,0,0,0
765,1040,50162792,48798666,22073,7933,93,7955,0,-15,-18,-15,-18,1,1,1,274.29,285.43,274.29,285.43,21167,0,0,0,0,0,0,0
766,1041,43634545,44917333,22225,7934,97,7956,0,-15,-18,-15,-18,1,1,1,274.29,285.43,274.29,285.43,55000,0,0,0,0,0,0,0
767,1042,47277953,47331625,22073,7933,93,7955,0,-16,-18,-16,-18,1,1,1,228.57,258.09,228.57,258.09,40083,0,0,0,0,0,0,0
768,1043,47447584,45556375,22125,7933,93,7955,0,-17,-18,-17,-18,1,1,1,182.86,230.19,182.86,230.19,42167,0,0,0,0,0,0,0
769,1044,45194253,47005208,22137,7933,93,7955,0,-17,-18,-17,-18,1,1,1,182.86,230.19,182.86,230.19,47958,0,0,0,0,0,0,0
770,1045,45999035,46022375,22161,7933,93,7955,0,-16,-18,-16,-18,1,1,1,228.57,258.09,228.57,258.09,42625,0,0,0,0,0,0,0
771,1046,47933086,45366417,22637,7933,93,7955,0,-15,-18,-15,-18,1,1,1,274.29,285.43,274.29,285.43,42875,0,0,0,0,0,0,0
772,1047,45614290,48079166,22353,7933,93,7955,0,-15,-18,-15,-18,1,1,1,274.29,285.43,274.29,285.43,51208,0,0,0,0,0,0,0
773,1048,55289540,53675292,22125,7933,93,7955,0,-14,-18,-14,-18,1,1,1,320,311.82,320,311.82,47000,0,0,0,0,0,0,0
774,1049,52624624,54199375,22225,7933,93,7955,0,-13,-18,-13,-18,1,1,1,365.71,336.6,365.71,336.6,25708,0,0,0,0,0,0,0
775,1050,57211041,54892250,22073,7933,93,7955,0,-13,-18,-13,-18,1,1,1,365.71,336.6,365.71,336.6,26250,0,0,0,0,0,0,0
776,1051,52522797,54783209,22137,7933,93,7955,0,-12,-18,-12,-18,1,1,1,411.43,359.32,411.43,359.32,27166,0,0,0,0,0,0,0
777,1052,44951040,45042042,22213,7933,96,7955,0,-11,-18,-11,-18,1,1,1,457.14,380.06,457.14,380.06,21833,0,0,0,0,0,0,0
778,1053,44767454,43374542,22073,7933,93,7955,0,-11,-18,-11,-18,1,1,1,457.14,380.06,457.14,380.06,21583,0,0,0,0,0,0,0
779,1054,41695918,43068959,22137,7933,93,7955,0,-10,-18,-10,-18,1,1,1,502.86,399.44,502.86,399.44,23292,0,0,0,0,0,0,0
780,1055,38422539,38346291,22073,7933,93,7955,0,-9,-18,-9,-18,1,1,1,548.57,418.39,548.57,418.39,19208,0,0,0,0,0,0,0
781,1056,40350835,38267416,22725,7934,94,7956,0,-9,-18,-9,-18,1,1,1,548.57,418.39,548.57,418.39,19333,0,0,0,0,0,0,0
782,1057,32243706,34372834,38075,7933,93,7955,0,-8,-18,-8,-18,1,1,1,594.29,422.77,594.29,422.77,18458,0,0,0,0,0,0,0
783,1058,33780336,33774000,22073,7933,93,7955,0,-6,-18,-6,-18,1,1,1,685.71,416.09,685.71,416.09,16083,0,0,0,0,0,0,0
784,1059,34893494,33787709,22073,7933,93,7955,0,-6,-18,-6,-18,1,1,1,685.71,416.09,685.71,416.09,16625,0,0,0,0,0,0,0
785,1060,32812833,33814709,22137,7933,93,7955,0,-5,-18,-5,-18,1,1,1,731.43,431,731.43,431,17208,0,0,0,0,0,0,0
786,1061,33366255,33404042,27641,7933,93,7955,0,-4,-18,-4,-18,1,1,1,777.14,453.14,777.14,453.14,290834,0,270250,266708,0,0,0,0
787,1062,34432958,33363916,22073,7933,93,7955,0,-4,-18,-4,-18,1,1,1,777.14,453.14,777.14,453.14,16459,0,0,0,0,0,0,0
788,1063,35819537,36867917,22189,7933,93,7955,0,-3,-18,-3,-18,1,1,1,822.86,475.99,822.86,475.99,17083,0,0,0,0,0,0,0
789,1064,34263208,34195167,22073,7933,96,7955,0,-2,-18,-2,-18,1,1,1,868.57,498.85,868.57,498.85,15083,0,0,0,0,0,0,0
790,1065,35288292,34163625,22073,7933,93,7955,0,-2,-18,-2,-18,1,1,1,868.57,498.85,868.57,498.85,15333,0,0,0,0,0,0,0
791,1066,36089122,37232417,22225,7933,93,7955,0,-1,-18,-1,-18,1,1,1,914.29,521.71,914.29,521.71,15250,0,0,0,0,0,0,0
792,1067,35807043,35788625,22073,7933,93,7955,0,0,-18,0,-18,1,1,1,960,544.56,960,544.56,14458,0,0,0,0,0,0,0
793,1068,36663670,35458708,22073,7933,93,7955,0,0,-18,0,-18,1,1,1,960,544.56,960,544.56,14541,0,0,0,0,0,0,0
794,1069,33846244,34969583,22189,7933,93,7955,0,1,-18,1,-18,1,1,1,1005.71,567.42,1005.71,567.42,14167,0,0,0,0,0,0,0
795,1070,35257752,35173292,22073,7933,93,7955,0,2,-18,2,-18,1,1,1,1051.43,590.28,1051.43,590.28,15291,0,0,0,0,0,0,0
796,1071,37403210,35104042,22725,7934,94,7956,0,2,-18,2,-18,1,1,1,1051.43,590.28,1051.43,590.28,14291,0,0,0,0,0,0,0
797,1072,34292373,36559958,22353,7933,93,7955,0,3,-18,3,-18,1,1,1,1097.14,613.14,1097.14,613.14,14291,0,0,0,0,0,0,0
798,1073,36051876,36142166,22073,7933,93,7955,0,4,-18,4,-18,1,1,1,1142.86,635.99,1142.86,635.99,14833,0,0,0,0,0,0,0
799,1074,41462246,40089084,22073,7933,93,7955,0,4,-18,4,-18,1,1,1,1142.86,635.99,1142.86,635.99,19500,0,0,0,0,0,0,0
800,1075,40502209,41714375,32461,7933,93,7955,0,5,-18,5,-18,1,1,1,1188.57,662.98,1188.57,662.98,476292,0,447333,441250,0,0,0,0
801,1076,50275459,50274042,22161,7933,93,7955,0,6,-18,6,-18,1,1,1,1234.29,696.59,1234.29,696.59,19000,0,0,0,0,0,0,0
802,1077,68082705,66092250,22073,7933,93,7955,0,6,-18,6,-18,1,1,1,1234.29,696.59,1234.29,696.59,22584,0,0,0,0,0,0,0
803,1078,66557504,68317334,22137,7933,96,7955,0,7,-18,7,-18,1,1,1,1280,736.66,1280,736.66,30625,0,0,0,0,0,0,0
804,1079,68723291,66909458,22213,7933,93,7955,0,8,-18,8,-18,1,1,1,1325.71,772.98,1325.71,772.98,30500,0,0,0,0,0,0,0
805,1080,66604539,68393792,22137,7933,93,7955,0,8,-18,8,-18,1,1,1,1325.71,772.98,1325.71,772.98,30792,0,0,0,0,0,0,0
806,1081,71915082,67993750,22637,7933,93,7955,0,9,-18,9,-18,1,1,1,1371.43,801.36,1371.43,801.36,31000,0,0,0,0,0,0,0
807,1082,58071456,62080417,22493,7933,93,7955,0,10,-18,10,-18,1,1,1,1417.14,823.72,1417.14,823.72,35667,0,0,0,0,0,0,0
808,1083,55239420,53909750,22073,7933,93,7955,0,10,-18,10,-18,1,1,1,1417.14,823.72,1417.14,823.72,25916,0,0,0,0,0,0,0
809,1084,44888745,46195791,22137,7933,93,7955,0,11,-18,11,-18,1,1,1,1462.86,845.83,1462.86,845.83,22625,0,0,0,0,0,0,0
810,1085,50334289,50310292,22161,7933,93,7955,0,12,-18,12,-18,1,1,1,1508.57,868.27,1508.57,868.27,22291,0,0,0,0,0,0,0
811,1086,48446293,47097417,22125,7934,97,7956,0,12,-18,12,-18,1,1,1,1508.57,868.27,1508.57,868.27,21542,0,0,0,0,0,0,0
812,1087,43933667,45167000,22137,7933,93,7955,0,13,-18,13,-18,1,1,1,1554.29,892.25,1554.29,892.25,21542,0,0,0,0,0,0,0
813,1088,46712253,46780667,22073,7933,93,7955,0,14,-18,14,-18,1,1,1,1600,918.02,1600,918.02,21417,0,0,0,0,0,0,0
814,1089,46916041,45362791,22161,7933,93,7955,0,14,-18,14,-18,1,1,1,1600,918.02,1600,918.02,21333,0,0,0,0,0,0,0
815,1090,46867419,46943917,22701,7933,93,7955,0,15,-18,15,-18,1,1,1,1645.71,944.98,1645.71,944.98,21125,0,0,0,0,0,0,0
816,1091,45395705,46643208,22341,7933,93,7955,0,16,-18,16,-18,1,1,1,1691.43,972.01,1691.43,972.01,21500,0,0,0,0,0,0,0
817,1092,47018375,45362541,22073,7933,93,7955,0,16,-18,16,-18,1,1,1,1691.43,972.01,1691.43,972.01,20917,0,0,0,0,0,0,0
818,1093,43756872,45547917,22225,7933,93,7955,0,15,-18,15,-18,1,1,1,1645.71,944.98,1645.71,944.98,23083,0,0,0,0,0,0,0
819,1094,44688872,44697167,22073,7933,93,7955,0,14,-18,14,-18,1,1,1,1600,918.02,1600,918.02,22292,0,0,0,0,0,0,0
820,1095,46962123,45506709,22073,7933,93,7955,0,14,-18,14,-18,1,1,1,1600,918.02,1600,918.02,22292,0,0,0,0,0,0,0
821,1096,41748668,42886667,22189,7933,96,7955,0,13,-18,13,-18,1,1,1,1554.29,892.25,1554.29,892.25,21458,0,0,0,0,0,0,0
822,1097,38732752,39026167,22161,7933,93,7955,0,12,-18,12,-18,1,1,1,1508.57,868.27,1508.57,868.27,21791,0,0,0,0,0,0,0
823,1098,38599666,37421208,22073,7933,93,7955,0,12,-18,12,-18,1,1,1,1508.57,868.27,1508.57,868.27,19000,0,0,0,0,0,0,0
824,1099,36049000,37189625,22137,7933,93,7955,0,11,-18,11,-18,1,1,1,1462.86,845.83,1462.86,845.83,18875,0,0,0,0,0,0,0
825,1100,33678706,33700750,22073,7933,93,7955,0,10,-18,10,-18,1,1,1,1417.14,823.72,1417.14,823.72,16708,0,0,0,0,0,0,0
826,1101,34751128,33572000,22073,7934,94,7956,0,10,-18,10,-18,1,1,1,1417.14,823.72,1417.14,823.72,17125,0,0,0,0,0,0,0
827,1102,32248914,33396625,22277,7933,93,7955,0,9,-18,9,-18,1,1,1,1371.43,801.36,1371.43,801.36,15667,0,0,0,0,0,0,0
828,1103,34512586,33383042,22637,7933,93,7955,0,8,-18,8,-18,1,1,1,1325.71,772.98,1325.71,772.98,18291,0,0,0,0,0,0,0
829,1104,33697959,33704041,22289,7933,93,7955,0,8,-18,8,-18,1,1,1,1325.71,772.98,1325.71,772.98,15417,0,0,0,0,0,0,0
830,1105,32426871,33500917,22137,7933,93,7955,0,7,-18,7,-18,1,1,1,1280,736.66,1280,736.66,15750,0,0,0,0,0,0,0
831,1106,33140711,33080834,22073,7933,93,7955,0,6,-18,6,-18,1,1,1,1234.29,696.59,1234.29,696.59,14958,0,0,0,0,0,0,0
832,1107,34717332,33623500,22161,7933,93,7955,0,6,-18,6,-18,1,1,1,1234.29,696.59,1234.29,696.59,14417,0,0,0,0,0,0,0
833,1108,32446037,33564709,22189,7933,93,7955,0,5,-18,5,-18,1,1,1,1188.57,662.98,1188.57,662.98,14959,0,0,0,0,0,0,0
834,1109,37321958,37267000,27553,7933,93,7955,0,4,-18,4,-18,1,1,1,1142.86,635.99,1142.86,635.99,311375,0,292125,288292,0,0,0,0
835,1110,36834459,35557166,22073,7933,96,7955,0,4,-18,4,-18,1,1,1,1142.86,635.99,1142.86,635.99,15333,0,0,0,0,0,0,0
836,1111,34308452,35529625,22137,7933,93,7955,0,3,-18,3,-18,1,1,1,1097.14,613.14,1097.14,613.14,14084,0,0,0,0,0,0,0
837,1112,35613421,35660250,22161,7933,93,7955,0,2,-18,2,-18,1,1,1,1051.43,590.28,1051.43,590.28,14292,0,0,0,0,0,0,0
838,1113,37674829,35519542,22073,7933,93,7955,0,2,-18,2,-18,1,1,1,1051.43,590.28,1051.43,590.28,15500,0,0,0,0,0,0,0
839,1114,34939419,36916042,22189,7933,93,7955,0,1,-18,1,-18,1,1,1,1005.71,567.42,1005.71,567.42,15167,0,0,0,0,0,0,0
840,1115,36224454,36147084,22073,7933,93,7955,0,0,-18,0,-18,1,1,1,960,544.56,960,544.56,14584,0,0,0,0,0,0,0
841,1116,37130754,36026959,22073,7934,94,7956,0,0,-18,0,-18,1,1,1,960,544.56,960,544.56,14750,0,0,0,0,0,0,0
842,1117,38551539,38162584,22789,7933,93,7955,0,-1,-18,-1,-18,1,1,1,914.29,521.71,914.29,521.71,14291,0,0,0,0,0,0,0
843,1118,41209708,42743041,22289,7933,93,7955,0,-2,-18,-2,-18,1,1,1,868.57,498.85,868.57,498.85,16500,0,0,0,0,0,0,0
844,1119,50719253,48736958,22073,7933,93,7955,0,-2,-18,-2,-18,1,1,1,868.57,498.85,868.57,498.85,19541,0,0,0,0,0,0,0
845,1120,58944210,60500708,22189,7933,93,7955,0,-3,-18,-3,-18,1,1,1,822.86,475.99,822.86,475.99,23959,0,0,0,0,0,0,0
846,1121,70067867,68016417,22161,7933,93,7955,0,-4,-18,-4,-18,1,1,1,777.14,453.14,777.14,453.14,31084,0,0,0,0,0,0,0
847,1122,71805961,73901791,22137,7933,93,7955,0,-4,-18,-4,-18,1,1,1,777.14,453.14,777.14,453.14,40833,0,0,0,0,0,0,0
848,1123,70553123,68204583,32397,7933,96,7955,0,-5,-18,-5,-18,1,1,1,731.43,431,731.43,431,662792,0,619709,613042,0,0,0,0
849,1124,67090295,69283166,22225,7933,93,7955,0,-6,-18,-6,-18,1,1,1,685.71,416.09,685.71,416.09,35917,0,0,0,0,0,0,0
850,1125,59478919,56670250,22637,7933,93,7955,0,-6,-18,-6,-18,1,1,1,685.71,416.09,685.71,416.09,25875,0,0,0,0,0,0,0
851,1126,48477955,51425083,22353,7933,93,7955,0,-8,-18,-8,-18,1,1,1,594.29,422.77,594.29,422.77,25625,0,0,0,0,0,0,0
852,1127,47731045,47838958,22213,7933,93,7955,0,-9,-18,-9,-18,1,1,1,548.57,418.39,548.57,418.39,22792,0,0,0,0,0,0,0
853,1128,48618581,47200125,22073,7933,93,7955,0,-9,-18,-9,-18,1,1,1,548.57,418.39,548.57,418.39,22791,0,0,0,0,0,0,0
854,1129,42559083,43979667,22137,7933,93,7955,0,-10,-18,-10,-18,1,1,1,502.86,399.44,502.86,399.44,22167,0,0,0,0,0,0,0
855,1130,45766204,45683625,22073,7933,93,7955,0,-11,-18,-11,-18,1,1,1,457.14,380.06,457.14,380.06,22667,0,0,0,0,0,0,0
856,1131,46534169,45282167,22161,7934,97,7956,0,-11,-18,-11,-18,1,1,1,457.14,380.06,457.14,380.06,21459,0,0,0,0,0,0,0
857,1132,42660415,43836041,22189,7933,93,7955,0,-12,-18,-12,-18,1,1,1,411.43,359.32,411.43,359.32,22750,0,0,0,0,0,0,0
858,1133,46562626,46600792,22073,7933,93,7955,0,-13,-18,-13,-18,1,1,1,365.71,336.6,365.71,336.6,23542,0,0,0,0,0,0,0
859,1134,47612458,46041375,22073,7933,93,7955,0,-13,-18,-13,-18,1,1,1,365.71,336.6,365.71,336.6,21833,0,0,0,0,0,0,0
860,1135,45200873,46758250,22225,7933,93,7955,0,-14,-18,-14,-18,1,1,1,320,311.82,320,311.82,21042,0,0,0,0,0,0,0
861,1136,47458332,46013584,22637,7933,93,7955,0,-15,-18,-15,-18,1,1,1,274.29,285.43,274.29,285.43,22000,0,0,0,0,0,0,0
862,1137,46508502,46473042,22341,7933,93,7955,0,-15,-18,-15,-18,1,1,1,274.29,285.43,274.29,285.43,47459,0,0,0,0,0,0,0
863,1138,44587373,45860042,22137,7933,93,7955,0,-16,-18,-16,-18,1,1,1,228.57,258.09,228.57,258.09,41833,0,0,0,0,0,0,0
864,1139,46125624,46241750,22161,7933,93,7955,0,-17,-18,-17,-18,1,1,1,182.86,230.19,182.86,230.19,43459,0,0,0,0,0,0,0
865,1140,48113420,46267875,22073,7933,93,7955,0,-17,-18,-17,-18,1,1,1,182.86,230.19,182.86,230.19,46708,0,0,0,0,0,0,0
866,1141,49398370,51126584,22137,7933,93,7955,0,-16,-18,-16,-18,1,1,1,228.57,258.09,228.57,258.09,69500,0,0,0,0,0,0,0
867,1142,56383792,54468584,22125,7933,96,7955,0,-15,-18,-15,-18,1,1,1,274.29,285.43,274.29,285.43,52667,0,0,0,0,0,0,0
868,1143,53778748,55646125,22225,7933,93,7955,0,-15,-18,-15,-18,1,1,1,274.29,285.43,274.29,285.43,58541,0,0,0,0,0,0,0
869,1144,56826040,54650833,22073,7933,93,7955,0,-14,-18,-14,-18,1,1,1,320,311.82,320,311.82,57167,0,0,0,0,0,0,0
870,1145,54012421,56111541,22137,7933,93,7955,0,-13,-18,-13,-18,1,1,1,365.71,336.6,365.71,336.6,108416,0,0,0,0,0,0,0
871,1146,57010620,54208417,22777,7934,94,7956,0,-13,-18,-13,-18,1,1,1,365.71,336.6,365.71,336.6,25959,0,0,0,0,0,0,0
872,1147,50373043,53199750,22353,7933,93,7955,0,-12,-18,-12,-18,1,1,1,411.43,359.32,411.43,359.32,25834,0,0,0,0,0,0,0
873,1148,49227375,47858750,22073,7933,93,7955,0,-11,-18,-11,-18,1,1,1,457.14,380.06,457.14,380.06,21958,0,0,0,0,0,0,0
874,1149,47124333,48440292,22225,7933,93,7955,0,-11,-18,-11,-18,1,1,1,457.14,380.06,457.14,380.06,22125,0,0,0,0,0,0,0
875,1150,49241956,49257458,22125,7933,93,7955,0,-10,-18,-10,-18,1,1,1,502.86,399.44,502.86,399.44,26375,0,0,0,0,0,0,0
876,1151,60392249,58351667,22073,7933,93,7955,0,-9,-18,-9,-18,1,1,1,548.57,418.39,548.57,418.39,29792,0,0,0,0,0,0,0
877,1152,50923753,52869083,22225,7933,96,7955,0,-9,-18,-9,-18,1,1,1,548.57,418.39,548.57,418.39,28167,0,0,0,0,0,0,0
878,1153,54206248,52927375,22073,7933,93,7955,0,-8,-18,-8,-18,1,1,1,594.29,422.77,594.29,422.77,26000,0,0,0,0,0,0,0
879,1154,50724204,51941542,22189,7933,93,7955,0,-6,-18,-6,-18,1,1,1,685.71,416.09,685.71,416.09,21000,0,0,0,0,0,0,0
880,1155,56803289,53684667,22161,7933,93,7955,0,-6,-18,-6,-18,1,1,1,685.71,416.09,685.71,416.09,22500,0,0,0,0,0,0,0
881,1156,49804668,52969708,22917,7933,93,7955,0,-5,-18,-5,-18,1,1,1,731.43,431,731.43,431,30833,0,0,0,0,0,0,0
882,1157,51085751,49656417,27553,7933,93,7955,0,-4,-18,-4,-18,1,1,1,777.14,453.14,777.14,453.14,453542,0,420917,415542,0,0,0,0
883,1158,49808170,51199667,22277,7933,93,7955,0,-4,-18,-4,-18,1,1,1,777.14,453.14,777.14,453.14,21875,0,0,0,0,0,0,0
884,1159,51390290,49550916,22073,7933,93,7955,0,-3,-18,-3,-18,1,1,1,822.86,475.99,822.86,475.99,25125,0,0,0,0,0,0,0
885,1160,53625334,55388333,22137,7933,93,7955,0,-2,-18,-2,-18,1,1,1,868.57,498.85,868.57,498.85,23791,0,0,0,0,0,0,0
886,1161,53798787,52479292,22161,7934,97,7956,0,-2,-18,-2,-18,1,1,1,868.57,498.85,868.57,498.85,20000,0,0,0,0,0,0,0
887,1162,50560127,51845167,22189,7933,93,7955,0,-1,-18,-1,-18,1,1,1,914.29,521.71,914.29,521.71,22875,0,0,0,0,0,0,0
888,1163,53534001,51889208,22073,7933,93,7955,0,0,-18,0,-18,1,1,1,960,544.56,960,544.56,22458,0,0,0,0,0,0,0
889,1164,50462704,52099583,22225,7933,93,7955,0,0,-18,0,-18,1,1,1,960,544.56,960,544.56,22583,0,0,0,0,0,0,0
890,1165,54441254,51671375,22637,7933,93,7955,0,1,-18,1,-18,1,1,1,1005.71,567.42,1005.71,567.42,19167,0,0,0,0,0,0,0
891,1166,41636288,44414583,22405,7933,93,7955,0,2,-18,2,-18,1,1,1,1051.43,590.28,1051.43,590.28,18917,0,0,0,0,0,0,0
892,1167,45079208,44977291,22073,7933,93,7955,0,2,-18,2,-18,1,1,1,1051.43,590.28,1051.43,590.28,18959,0,0,0,0,0,0,0
893,1168,44582165,43364125,22161,7933,93,7955,0,3,-18,3,-18,1,1,1,1097.14,613.14,1097.14,613.14,18459,0,0,0,0,0,0,0
894,1169,39039503,40283084,22137,7933,93,7955,0,4,-18,4,-18,1,1,1,1142.86,635.99,1142.86,635.99,18625,0,0,0,0,0,0,0
895,1170,40460750,40498625,22073,7933,93,7955,0,4,-18,4,-18,1,1,1,1142.86,635.99,1142.86,635.99,16625,0,0,0,0,0,0,0
896,1171,37137661,36000125,32397,7933,96,7955,0,5,-18,5,-18,1,1,1,1188.57,662.98,1188.57,662.98,367292,0,346291,343000,0,0,0,0
897,1172,32909210,34057666,22225,7933,93,7955,0,6,-18,6,-18,1,1,1,1234.29,696.59,1234.29,696.59,14250,0,0,0,0,0,0,0
898,1173,33520746,33474959,22073,7933,93,7955,0,6,-18,6,-18,1,1,1,1234.29,696.59,1234.29,696.59,14958,0,0,0,0,0,0,0
899,1174,34427329,33350459,22073,7933,93,7955,0,7,-18,7,-18,1,1,1,1280,736.66,1280,736.66,15458,0,0,0,0,0,0,0
900,1175,32925374,33985833,22137,7933,93,7955,0,8,-18,8,-18,1,1,1,1325.71,772.98,1325.71,772.98,15750,0,0,0,0,0,0,0
901,1176,33574838,33508708,22073,7934,94,7956,0,8,-18,8,-18,1,1,1,1325.71,772.98,1325.71,772.98,16125,0,0,0,0,0,0,0
902,1177,35171497,34111750,22213,7933,93,7955,0,9,-18,9,-18,1,1,1,1371.43,801.36,1371.43,801.36,15750,0,0,0,0,0,0,0
903,1178,33291999,33101041,22903,7933,93,7955,0,10,-18,10,-18,1,1,1,1417.14,823.72,1417.14,823.72,16584,0,0,0,0,0,0,0
904,1179,34427579,35492125,22289,7933,93,7955,0,10,-18,10,-18,1,1,1,1417.14,823.72,1417.14,823.72,16792,0,0,0,0,0,0,0
905,1180,38595542,37661917,22073,7933,93,7955,0,11,-18,11,-18,1,1,1,1462.86,845.83,1462.86,845.83,17792,0,0,0,0,0,0,0
906,1181,34661415,35688709,22137,7933,93,7955,0,12,-18,12,-18,1,1,1,1508.57,868.27,1508.57,868.27,19000,0,0,0,0,0,0,0
907,1182,35917043,35945709,22161,7933,93,7955,0,12,-18,12,-18,1,1,1,1508.57,868.27,1508.57,868.27,16958,0,0,0,0,0,0,0
908,1183,37139121,35943459,22125,7933,93,7955,0,13,-18,13,-18,1,1,1,1554.29,892.25,1554.29,892.25,22291,0,0,0,0,0,0,0
909,1184,33421378,34586333,22137,7933,93,7955,0,14,-18,14,-18,1,1,1,1600,918.02,1600,918.02,16166,0,0,0,0,0,0,0
910,1185,39856746,39476375,22073,7933,93,7955,0,14,-18,14,-18,1,1,1,1600,918.02,1600,918.02,17958,0,0,0,0,0,0,0
911,1186,37420466,36543291,22073,7933,96,7955,0,15,-18,15,-18,1,1,1,1645.71,944.98,1645.71,944.98,16667,0,0,0,0,0,0,0
912,1187,34948285,35916125,22225,7933,93,7955,0,16,-18,16,-18,1,1,1,1691.43,972.01,1691.43,972.01,15875,0,0,0,0,0,0,0
913,1188,37395626,37434917,22073,7933,93,7955,0,16,-18,16,-18,1,1,1,1691.43,972.01,1691.43,972.01,16583,0,0,0,0,0,0,0
914,1189,41691668,40396584,22125,7933,93,7955,0,15,-18,15,-18,1,1,1,1645.71,944.98,1645.71,944.98,18500,0,0,0,0,0,0,0
915,1190,48385545,49542959,22137,7933,93,7955,0,14,-18,14,-18,1,1,1,1600,918.02,1600,918.02,20959,0,0,0,0,0,0,0
916,1191,62124744,58003125,22725,7934,94,7956,0,14,-18,14,-18,1,1,1,1600,918.02,1600,918.02,26250,0,0,0,0,0,0,0
917,1192,62394417,66504709,22353,7933,93,7955,0,13,-18,13,-18,1,1,1,1554.29,892.25,1554.29,892.25,34666,0,0,0,0,0,0,0
918,1193,69090999,66672667,22125,7933,93,7955,0,12,-18,12,-18,1,1,1,1508.57,868.27,1508.57,868.27,35167,0,0,0,0,0,0,0
919,1194,63191838,65625666,22225,7933,93,7955,0,12,-18,12,-18,1,1,1,1508.57,868.27,1508.57,868.27,32958,0,0,0,0,0,0,0
920,1195,59357207,57847541,22371,7933,93,7955,0,11,-18,11,-18,1,1,1,1462.86,845.83,1462.86,845.83,30500,0,0,0,0,0,0,0
921,1196,52012789,53425291,22137,7933,96,7955,0,10,-18,10,-18,1,1,1,1417.14,823.72,1417.14,823.72,25834,0,0,0,0,0,0,0
922,1197,48620335,47444333,22213,7933,93,7955,0,10,-18,10,-18,1,1,1,1417.14,823.72,1417.14,823.72,26000,0,0,0,0,0,0,0
923,1198,46599250,47872167,22137,7933,93,7955,0,9,-18,9,-18,1,1,1,1371.43,801.36,1371.43,801.36,20292,0,0,0,0,0,0,0
924,1199,44972039,44915084,22073,7933,93,7955,0,8,-18,8,-18,1,1,1,1325.71,772.98,1325.71,772.98,20041,0,0,0,0,0,0,0
925,1200,47987166,45497667,22637,7933,93,7955,0,8,-18,8,-18,1,1,1,1325.71,772.98,1325.71,772.98,20792,0,0,0,0,0,0,0
926,1201,43415546,45914709,22441,7933,93,7955,0,7,-18,7,-18,1,1,1,1280,736.66,1280,736.66,23292,0,0,0,0,0,0,0
927,1202,44438455,44396417,22125,7933,93,7955,0,6,-18,6,-18,1,1,1,1234.29,696.59,1234.29,696.59,19208,0,0,0,0,0,0,0
928,1203,45520041,44191875,22073,7933,93,7955,0,6,-18,6,-18,1,1,1,1234.29,696.59,1234.29,696.59,20417,0,0,0,0,0,0,0
929,1204,44767919,46034875,22137,7933,93,7955,0,5,-18,5,-18,1,1,1,1188.57,662.98,1188.57,662.98,19792,0,0,0,0,0,0,0
930,1205,48492331,48542375,27641,7933,93,7955,0,4,-18,4,-18,1,1,1,1142.86,635.99,1142.86,635.99,392083,0,366625,362416,0,0,0,0
931,1206,47965250,46263666,22073,7934,97,7956,0,4,-18,4,-18,1,1,1,1142.86,635.99,1142.86,635.99,18125,0,0,0,0,0,0,0
932,1207,44348370,45964166,22189,7933,93,7955,0,3,-18,3,-18,1,1,1,1097.14,613.14,1097.14,613.14,18666,0,0,0,0,0,0,0
933,1208,45487456,45452000,22073,7933,93,7955,0,2,-18,2,-18,1,1,1,1051.43,590.28,1051.43,590.28,24000,0,0,0,0,0,0,0
934,1209,46589214,45189458,22161,7933,93,7955,0,2,-18,2,-18,1,1,1,1051.43,590.28,1051.43,590.28,18750,0,0,0,0,0,0,0
935,1210,46111084,47497666,22137,7933,93,7955,0,1,-18,1,-18,1,1,1,1005.71,567.42,1005.71,567.42,18041,0,0,0,0,0,0,0
936,1211,46839829,45189084,22637,7933,93,7955,0,0,-18,0,-18,1,1,1,960,544.56,960,544.56,19000,0,0,0,0,0,0,0
937,1212,47257121,47440291,22341,7933,93,7955,0,0,-18,0,-18,1,1,1,960,544.56,960,544.56,19625,0,0,0,0,0,0,0
938,1213,44950835,46346916,22225,7933,93,7955,0,-1,-18,-1,-18,1,1,1,914.29,521.71,914.29,521.71,19000,0,0,0,0,0,0,0
939,1214,51291916,51303250,22073,7933,93,7955,0,-2,-18,-2,-18,1,1,1,868.57,498.85,868.57,498.85,22541,0,0,0,0,0,0,0
940,1215,46569123,45239500,22073,7933,93,7955,0,-2,-18,-2,-18,1,1,1,868.57,498.85,868.57,498.85,19959,0,0,0,0,0,0,0
941,1216,44867374,46114917,22137,7933,93,7955,0,-3,-18,-3,-18,1,1,1,822.86,475.99,822.86,475.99,21708,0,0,0,0,0,0,0
942,1217,43251253,43342416,22213,7933,96,7955,0,-4,-18,-4,-18,1,1,1,777.14,453.14,777.14,453.14,22583,0,0,0,0,0,0,0
943,1218,42995870,40988250,22073,7933,93,7955,0,-4,-18,-4,-18,1,1,1,777.14,453.14,777.14,453.14,18083,0,0,0,0,0,0,0
944,1219,39236210,41223292,32409,7933,93,7955,0,-5,-18,-5,-18,1,1,1,731.43,431,731.43,431,378166,0,353042,348542,0,0,0,0
945,1220,39648335,39557458,22073,7933,93,7955,0,-6,-18,-6,-18,1,1,1,685.71,416.09,685.71,416.09,19333,0,0,0,0,0,0,0
946,1221,40631294,39470875,22161,7934,94,7956,0,-6,-18,-6,-18,1,1,1,685.71,416.09,685.71,416.09,18542,0,0,0,0,0,0,0
947,1222,38631957,39804709,22189,7933,93,7955,0,-8,-18,-8,-18,1,1,1,594.29,422.77,594.29,422.77,18375,0,0,0,0,0,0,0
948,1223,44889539,43306083,22637,7933,93,7955,0,-9,-18,-9,-18,1,1,1,548.57,418.39,548.57,418.39,20584,0,0,0,0,0,0,0
949,1224,46783290,46297000,22289,7933,93,7955,0,-9,-18,-9,-18,1,1,1,548.57,418.39,548.57,418.39,22250,0,0,0,0,0,0,0
950,1225,46004038,47958000,22225,7933,93,7955,0,-10,-18,-10,-18,1,1,1,502.86,399.44,502.86,399.44,22250,0,0,0,0,0,0,0
951,1226,47774255,47638041,22073,7933,93,7955,0,-11,-18,-11,-18,1,1,1,457.14,380.06,457.14,380.06,23042,0,0,0,0,0,0,0
952,1227,47715660,46479833,22125,7933,93,7955,0,-11,-18,-11,-18,1,1,1,457.14,380.06,457.14,380.06,24458,0,0,0,0,0,0,0
953,1228,52347507,53539875,22137,7933,93,7955,0,-12,-18,-12,-18,1,1,1,411.43,359.32,411.43,359.32,27875,0,0,0,0,0,0,0
954,1229,56726288,54512292,22161,7933,96,7955,0,-13,-18,-13,-18,1,1,1,365.71,336.6,365.71,336.6,25334,0,0,0,0,0,0,0
955,1230,53106669,55256958,22137,7933,93,7955,0,-13,-18,-13,-18,1,1,1,365.71,336.6,365.71,336.6,25750,0,0,0,0,0,0,0
956,1231,58059751,56122167,22125,7933,93,7955,0,-14,-18,-14,-18,1,1,1,320,311.82,320,311.82,25375,0,0,0,0,0,0,0
957,1232,54857205,54633458,22789,7933,93,7955,0,-15,-18,-15,-18,1,1,1,274.29,285.43,274.29,285.43,25916,0,0,0,0,0,0,0
958,1233,54820876,55388666,22289,7933,93,7955,0,-15,-18,-15,-18,1,1,1,274.29,285.43,274.29,285.43,54166,0,0,0,0,0,0,0
959,1234,52492912,53991875,22137,7933,93,7955,0,-16,-18,-16,-18,1,1,1,228.57,258.09,228.57,258.09,53875,0,0,0,0,0,0,0
960,1235,58224126,56154959,22213,7933,93,7955,0,-17,-18,-17,-18,1,1,1,182.86,230.19,182.86,230.19,49042,0,0,0,0,0,0,0
961,1236,52654415,54792666,22137,7934,94,7956,0,-17,-18,-17,-18,1,1,1,182.86,230.19,182.86,230.19,53792,0,0,0,0,0,0,0
962,1237,59177331,57464708,22073,7933,93,7955,0,-16,-18,-16,-18,1,1,1,228.57,258.09,228.57,258.09,57333,0,0,0,0,0,0,0
963,1238,52757710,54443292,22225,7933,96,7955,0,-15,-18,-15,-18,1,1,1,274.29,285.43,274.29,285.43,83750,0,0,0,0,0,0,0
964,1239,49579747,47995334,22125,7933,93,7955,0,-15,-18,-15,-18,1,1,1,274.29,285.43,274.29,285.43,48792,0,0,0,0,0,0,0
965,1240,45485630,47027833,22137,7933,93,7955,0,-14,-18,-14,-18,1,1,1,320,311.82,320,311.82,81292,0,0,0,0,0,0,0
966,1241,46387791,46347667,22073,7933,93,7955,0,-13,-18,-13,-18,1,1,1,365.71,336.6,365.71,336.6,26750,0,0,0,0,0,0,0
967,1242,48790540,46420625,22725,7933,93,7955,0,-13,-18,-13,-18,1,1,1,365.71,336.6,365.71,336.6,21792,0,0,0,0,0,0,0
968,1243,46064712,48395917,22353,7933,93,7955,0,-12,-18,-12,-18,1,1,1,411.43,359.32,411.43,359.32,21042,0,0,0,0,0,0,0
969,1244,54017331,52454166,22125,7933,93,7955,0,-11,-18,-11,-18,1,1,1,457.14,380.06,457.14,380.06,25834,0,0,0,0,0,0,0
970,1245,50695288,52149166,22137,7933,93,7955,0,-11,-18,-11,-18,1,1,1,457.14,380.06,457.14,380.06,26583,0,0,0,0,0,0,0
971,1246,53545210,52292666,22161,7933,93,7955,0,-10,-18,-10,-18,1,1,1,502.86,399.44,502.86,399.44,26083,0,0,0,0,0,0,0
972,1247,59762790,61028334,22137,7933,93,7955,0,-9,-18,-9,-18,1,1,1,548.57,418.39,548.57,418.39,31667,0,0,0,0,0,0,0
973,1248,52339043,50822708,22125,7933,96,7955,0,-9,-18,-9,-18,1,1,1,548.57,418.39,548.57,418.39,26583,0,0,0,0,0,0,0
974,1249,44621124,46094125,22225,7933,93,7955,0,-8,-18,-8,-18,1,1,1,594.29,422.77,594.29,422.77,25416,0,0,0,0,0,0,0
975,1250,44336747,44369541,22073,7933,93,7955,0,-6,-18,-6,-18,1,1,1,685.71,416.09,685.71,416.09,21959,0,0,0,0,0,0,0
976,1251,43573208,42397958,22073,7934,94,7956,0,-6,-18,-6,-18,1,1,1,685.71,416.09,685.71,416.09,38083,0,0,0,0,0,0,0
977,1252,38175333,38061625,22701,7933,93,7955,0,-5,-18,-5,-18,1,1,1,731.43,431,731.43,431,19417,0,0,0,0,0,0,0
978,1253,36349255,37659917,27909,7933,93,7955,0,-4,-18,-4,-18,1,1,1,777.14,453.14,777.14,453.14,338791,0,316334,313125,0,0,0,0
979,1254,37095081,36009125,22073,7933,93,7955,0,-4,-18,-4,-18,1,1,1,777.14,453.14,777.14,453.14,18166,0,0,0,0,0,0,0
980,1255,32474376,33542958,22137,7933,93,7955,0,-3,-18,-3,-18,1,1,1,822.86,475.99,822.86,475.99,15875,0,0,0,0,0,0,0
981,1256,33685665,33631042,22073,7933,93,7955,0,-2,-18,-2,-18,1,1,1,868.57,498.85,868.57,498.85,15041,0,0,0,0,0,0,0
982,1257,34414831,33318917,22073,7933,93,7955,0,-2,-18,-2,-18,1,1,1,868.57,498.85,868.57,498.85,15208,0,0,0,0,0,0,0
983,1258,32582711,33666875,22225,7933,93,7955,0,-1,-18,-1,-18,1,1,1,914.29,521.71,914.29,521.71,13792,0,0,0,0,0,0,0
984,1259,35694371,35707750,22125,7933,93,7955,0,0,-18,0,-18,1,1,1,960,544.56,960,544.56,14709,0,0,0,0,0,0,0
985,1260,34660544,33539459,22073,7933,96,7955,0,0,-18,0,-18,1,1,1,960,544.56,960,544.56,14750,0,0,0,0,0,0,0
986,1261,32549455,33623792,22137,7933,93,7955,0,1,-18,1,-18,1,1,1,1005.71,567.42,1005.71,567.42,14084,0,0,0,0,0,0,0
987,1262,33383920,33309291,22073,7933,93,7955,0,2,-18,2,-18,1,1,1,1051.43,590.28,1051.43,590.28,14459,0,0,0,0,0,0,0
988,1263,34478578,33569625,22161,7933,93,7955,0,2,-18,2,-18,1,1,1,1051.43,590.28,1051.43,590.28,14042,0,0,0,0,0,0,0
989,1264,30742587,31698000,22137,7933,93,7955,0,3,-18,3,-18,1,1,1,1097.14,613.14,1097.14,613.14,13166,0,0,0,0,0,0,0
990,1265,30526459,30535375,22125,7933,93,7955,0,4,-18,4,-18,1,1,1,1142.86,635.99,1142.86,635.99,13042,0,0,0,0,0,0,0
991,1266,30062124,30031583,22073,7934,94,7956,0,4,-18,4,-18,1,1,1,1142.86,635.99,1142.86,635.99,12709,0,0,0,0,0,0,0
992,1267,34497123,32478959,32909,7933,93,7955,0,5,-18,5,-18,1,1,1,1188.57,662.98,1188.57,662.98,299792,0,281458,278167,0,0,0,0
993,1268,31680915,33643959,22441,7933,93,7955,0,6,-18,6,-18,1,1,1,1234.29,696.59,1234.29,696.59,14791,0,0,0,0,0,0,0
994,1269,33595371,33602291,22073,7933,93,7955,0,6,-18,6,-18,1,1,1,1234.29,696.59,1234.29,696.59,14750,0,0,0,0,0,0,0
995,1270,34718375,33616042,22073,7933,93,7955,0,7,-18,7,-18,1,1,1,1280,736.66,1280,736.66,16041,0,0,0,0,0,0,0
996,1271,33076502,34107375,22137,7933,93,7955,0,8,-18,8,-18,1,1,1,1325.71,772.98,1325.71,772.98,15542,0,0,0,0,0,0,0
997,1272,35376127,35337625,22125,7933,93,7955,0,8,-18,8,-18,1,1,1,1325.71,772.98,1325.71,772.98,15708,0,0,0,0,0,0,0
998,1273,37289958,35612792,22161,7933,93,7955,0,9,-18,9,-18,1,1,1,1371.43,801.36,1371.43,801.36,16125,0,0,0,0,0,0,0
999,1274,39687167,41369666,22137,7933,93,7955,0,10,-18,10,-18,1,1,1,1417.14,823.72,1417.14,823.72,16834,0,0,0,0,0,0,0
1000,1275,36365412,36349084,22073,7933,96,7955,0,10,-18,10,-18,1,1,1,1417.14,823.72,1417.14,823.72,17042,0,0,0,0,0,0,0
1001,1276,36410998,35179917,22073,7933,93,7955,0,11,-18,11,-18,1,1,1,1462.86,845.83,1462.86,845.83,33000,0,0,0,0,0,0,0
1002,1277,38180917,38908000,22137,7933,93,7955,0,12,-18,12,-18,1,1,1,1508.57,868.27,1508.57,868.27,17791,0,0,0,0,0,0,0
1003,1278,43324254,43669500,22213,7933,93,7955,0,12,-18,12,-18,1,1,1,1508.57,868.27,1508.57,868.27,19542,0,0,0,0,0,0,0
1004,1279,54268289,52578708,22073,7933,93,7955,0,13,-18,13,-18,1,1,1,1554.29,892.25,1554.29,892.25,22458,0,0,0,0,0,0,0
1005,1280,65213628,64524500,22701,7933,93,7955,0,14,-18,14,-18,1,1,1,1600,918.02,1600,918.02,31291,0,0,0,0,0,0,0
1006,1281,66101789,66247625,22377,7934,94,7956,0,14,-18,14,-18,1,1,1,1600,918.02,1600,918.02,34000,0,0,0,0,0,0,0
1007,1282,65774165,67778292,22189,7933,93,7955,0,15,-18,15,-18,1,1,1,1645.71,944.98,1645.71,944.98,35000,0,0,0,0,0,0,0
1008,1283,67755080,66046125,22073,7933,93,7955,0,16,-18,16,-18,1,1,1,1691.43,972.01,1691.43,972.01,34042,0,0,0,0,0,0,0
1009,1284,57397462,59159417,22225,7933,93,7955,0,16,-18,16,-18,1,1,1,1691.43,972.01,1691.43,972.01,28125,0,0,0,0,0,0,0
1010,1285,53708247,52351000,22073,7933,96,7955,0,15,-18,15,-18,1,1,1,1645.71,944.98,1645.71,944.98,25375,0,0,0,0,0,0,0
1011,1286,44301752,45622334,22189,7933,93,7955,0,14,-18,14,-18,1,1,1,1600,918.02,1600,918.02,21834,0,0,0,0,0,0,0
1012,1287,47073539,46978125,22161,7933,93,7955,0,14,-18,14,-18,1,1,1,1600,918.02,1600,918.02,22042,0,0,0,0,0,0,0
1013,1288,47520626,46274750,22073,7933,93,7955,0,13,-18,13,-18,1,1,1,1554.29,892.25,1554.29,892.25,22834,0,0,0,0,0,0,0
1014,1289,44598456,44754166,22701,7933,93,7955,0,12,-18,12,-18,1,1,1,1508.57,868.27,1508.57,868.27,24417,0,0,0,0,0,0,0
1015,1290,41858043,42894292,22289,7933,93,7955,0,12,-18,12,-18,1,1,1,1508.57,868.27,1508.57,868.27,19333,0,0,0,0,0,0,0
1016,1291,43118041,42040292,22213,7933,93,7955,0,11,-18,11,-18,1,1,1,1462.86,845.83,1462.86,845.83,18833,0,0,0,0,0,0,0
1017,1292,43881751,44977583,22137,7933,93,7955,0,10,-18,10,-18,1,1,1,1417.14,823.72,1417.14,823.72,24791,0,0,0,0,0,0,0
1018,1293,46282913,46234250,22073,7933,93,7955,0,10,-18,10,-18,1,1,1,1417.14,823.72,1417.14,823.72,22875,0,0,0,0,0,0,0
1019,1294,49385495,47542375,22073,7933,93,7955,0,9,-18,9,-18,1,1,1,1371.43,801.36,1371.43,801.36,21875,0,0,0,0,0,0,0
1020,1295,44649709,46407041,22225,7933,96,7955,0,8,-18,8,-18,1,1,1,1325.71,772.98,1325.71,772.98,20959,0,0,0,0,0,0,0
1021,1296,46709664,46847833,22125,7934,94,7956,0,8,-18,8,-18,1,1,1,1325.71,772.98,1325.71,772.98,20250,0,0,0,0,0,0,0
1022,1297,52214462,50573959,22073,7933,93,7955,0,7,-18,7,-18,1,1,1,1280,736.66,1280,736.66,24292,0,0,0,0,0,0,0
1023,1298,53861040,55274167,22137,7933,93,7955,0,6,-18,6,-18,1,1,1,1234.29,696.59,1234.29,696.59,36666,0,0,0,0,0,0,0
1024,1299,55536460,52822667,22725,7933,93,7955,0,6,-18,6,-18,1,1,1,1234.29,696.59,1234.29,696.59,22750,0,0,0,0,0,0,0
1025,1300,48812877,51611375,22405,7933,93,7955,0,5,-18,5,-18,1,1,1,1188.57,662.98,1188.57,662.98,21708,0,0,0,0,0,0,0
1026,1301,45640043,45644208,27553,7933,93,7955,0,4,-18,4,-18,1,1,1,1142.86,635.99,1142.86,635.99,451708,0,423417,419625,0,0,0,0
1027,1302,43712243,42584958,22161,7933,93,7955,0,4,-18,4,-18,1,1,1,1142.86,635.99,1142.86,635.99,18042,0,0,0,0,0,0,0
1028,1303,36673754,37847541,22137,7933,93,7955,0,3,-18,3,-18,1,1,1,1097.14,613.14,1097.14,613.14,15625,0,0,0,0,0,0,0
1029,1304,36752920,36712459,22073,7933,93,7955,0,2,-18,2,-18,1,1,1,1051.43,590.28,1051.43,590.28,16291,0,0,0,0,0,0,0
1030,1305,37088576,35991666,22125,7933,93,7955,0,2,-18,2,-18,1,1,1,1051.43,590.28,1051.43,590.28,14750,0,0,0,0,0,0,0
1031,1306,32701715,33802209,22225,7933,96,7955,0,1,-18,1,-18,1,1,1,1005.71,567.42,1005.71,567.42,13875,0,0,0,0,0,0,0
1032,1307,33659409,33656542,22073,7933,93,7955,0,0,-18,0,-18,1,1,1,960,544.56,960,544.56,14583,0,0,0,0,0,0,0
1033,1308,34557625,33446333,22073,7933,93,7955,0,0,-18,0,-18,1,1,1,960,544.56,960,544.56,14291,0,0,0,0,0,0,0
1034,1309,32507002,33601666,22137,7933,93,7955,0,-1,-18,-1,-18,1,1,1,914.29,521.71,914.29,521.71,13667,0,0,0,0,0,0,0
1035,1310,34180711,34079750,22073,7933,93,7955,0,-2,-18,-2,-18,1,1,1,868.57,498.85,868.57,498.85,14667,0,0,0,0,0,0,0
1036,1311,34512661,33504416,22213,7934,94,7956,0,-2,-18,-2,-18,1,1,1,868.57,498.85,868.57,498.85,15625,0,0,0,0,0,0,0
1037,1312,32438497,33480375,22137,7933,93,7955,0,-3,-18,-3,-18,1,1,1,822.86,475.99,822.86,475.99,15958,0,0,0,0,0,0,0
1038,1313,31468339,30467792,22637,7933,93,7955,0,-4,-18,-4,-18,1,1,1,777.14,453.14,777.14,453.14,15000,0,0,0,0,0,0,0
1039,1314,29456121,30444417,22289,7933,93,7955,0,-4,-18,-4,-18,1,1,1,777.14,453.14,777.14,453.14,14209,0,0,0,0,0,0,0
1040,1315,31662125,30614000,32345,7933,93,7955,0,-5,-18,-5,-18,1,1,1,731.43,431,731.43,431,332208,0,312125,309041,0,0,0,0
1041,1316,29489250,30504250,22225,7933,93,7955,0,-6,-18,-6,-18,1,1,1,685.71,416.09,685.71,416.09,14667,0,0,0,0,0,0,0
1042,1317,30378209,30389042,22073,7933,93,7955,0,-6,-18,-6,-18,1,1,1,685.71,416.09,685.71,416.09,15458,0,0,0,0,0,0,0
1043,1318,30316539,30281584,22125,7933,93,7955,0,-8,-18,-8,-18,1,1,1,594.29,422.77,594.29,422.77,14750,0,0,0,0,0,0,0
1044,1319,31581752,30532875,22073,7933,93,7955,0,-9,-18,-9,-18,1,1,1,548.57,418.39,548.57,418.39,15917,0,0,0,0,0,0,0
1045,1320,33558409,34530542,22137,7933,93,7955,0,-9,-18,-9,-18,1,1,1,548.57,418.39,548.57,418.39,16875,0,0,0,0,0,0,0
1046,1321,33113583,33125916,22161,7933,96,7955,0,-10,-18,-10,-18,1,1,1,502.86,399.44,502.86,399.44,14709,0,0,0,0,0,0,0
1047,1322,34868791,33776750,22073,7933,93,7955,0,-11,-18,-11,-18,1,1,1,457.14,380.06,457.14,380.06,16708,0,0,0,0,0,0,0
1048,1323,32617125,33700083,22137,7933,93,7955,0,-11,-18,-11,-18,1,1,1,457.14,380.06,457.14,380.06,16291,0,0,0,0,0,0,0
1049,1324,33753499,33490750,22073,7933,93,7955,0,-12,-18,-12,-18,1,1,1,411.43,359.32,411.43,359.32,16458,0,0,0,0,0,0,0
1050,1325,34671455,33780917,22125,7933,93,7955,0,-13,-18,-13,-18,1,1,1,365.71,336.6,365.71,336.6,16500,0,0,0,0,0,0,0
1051,1326,32378833,33469834,22225,7934,94,7956,0,-13,-18,-13,-18,1,1,1,365.71,336.6,365.71,336.6,16375,0,0,0,0,0,0,0
1052,1327,33862210,33847083,22073,7933,93,7955,0,-14,-18,-14,-18,1,1,1,320,311.82,320,311.82,15791,0,0,0,0,0,0,0
1053,1328,38373496,36267416,22637,7933,93,7955,0,-15,-18,-15,-18,1,1,1,274.29,285.43,274.29,285.43,16250,0,0,0,0,0,0,0
1054,1329,35090249,37160500,22353,7933,93,7955,0,-15,-18,-15,-18,1,1,1,274.29,285.43,274.29,285.43,38792,0,0,0,0,0,0,0
1055,1330,35425249,35286208,22073,7933,93,7955,0,-16,-18,-16,-18,1,1,1,228.57,258.09,228.57,258.09,39791,0,0,0,0,0,0,0
1056,1331,37100084,36120541,22213,7933,93,7955,0,-17,-18,-17,-18,1,1,1,182.86,230.19,182.86,230.19,33834,0,0,0,0,0,0,0
1057,1332,34225504,35287833,22137,7933,93,7955,0,-17,-18,-17,-18,1,1,1,182.86,230.19,182.86,230.19,51667,0,0,0,0,0,0,0
1058,1333,39352998,39332709,22073,7933,93,7955,0,-16,-18,-16,-18,1,1,1,228.57,258.09,228.57,258.09,51708,0,0,0,0,0,0,0
1059,1334,49145415,47625542,22073,7933,93,7955,0,-15,-18,-15,-18,1,1,1,274.29,285.43,274.29,285.43,67167,0,0,0,0,0,0,0
1060,1335,51635921,52943792,22225,7933,96,7955,0,-15,-18,-15,-18,1,1,1,274.29,285.43,274.29,285.43,50708,0,0,0,0,0,0,0
1061,1336,68412326,66491416,22125,7933,93,7955,0,-14,-18,-14,-18,1,1,1,320,311.82,320,311.82,57042,0,0,0,0,0,0,0
1062,1337,64654543,66438125,22137,7933,93,7955,0,-13,-18,-13,-18,1,1,1,365.71,336.6,365.71,336.6,31500,0,0,0,0,0,0,0
1063,1338,70998713,68309750,22161,7933,93,7955,0,-13,-18,-13,-18,1,1,1,365.71,336.6,365.71,336.6,32459,0,0,0,0,0,0,0
1064,1339,69574795,69246125,22753,7933,93,7955,0,-12,-18,-12,-18,1,1,1,411.43,359.32,411.43,359.32,63542,0,0,0,0,0,0,0
1065,1340,64645417,66034000,22289,7933,93,7955,0,-11,-18,-11,-18,1,1,1,457.14,380.06,457.14,380.06,32417,0,0,0,0,0,0,0
1066,1341,53214583,54887083,22225,7934,94,7956,0,-11,-18,-11,-18,1,1,1,457.14,380.06,457.14,380.06,30458,0,0,0,0,0,0,0
1067,1342,49351125,47961416,22073,7933,93,7955,0,-10,-18,-10,-18,1,1,1,502.86,399.44,502.86,399.44,28083,0,0,0,0,0,0,0
1068,1343,49608334,50948500,22189,7933,93,7955,0,-9,-18,-9,-18,1,1,1,548.57,418.39,548.57,418.39,23792,0,0,0,0,0,0,0
1069,1344,43774582,43875291,22161,7933,96,7955,0,-9,-18,-9,-18,1,1,1,548.57,418.39,548.57,418.39,22709,0,0,0,0,0,0,0
1070,1345,41562873,39741959,22073,7933,93,7955,0,-8,-18,-8,-18,1,1,1,594.29,422.77,594.29,422.77,18291,0,0,0,0,0,0,0
1071,1346,38756582,40371916,22137,7933,93,7955,0,-6,-18,-6,-18,1,1,1,685.71,416.09,685.71,416.09,18458,0,0,0,0,0,0,0
1072,1347,45750625,45677125,22073,7933,93,7955,0,-6,-18,-6,-18,1,1,1,685.71,416.09,685.71,416.09,19125,0,0,0,0,0,0,0
1073,1348,48737123,46142708,22213,7933,93,7955,0,-5,-18,-5,-18,1,1,1,731.43,431,731.43,431,21709,0,0,0,0,0,0,0
1074,1349,42870629,45580000,28397,7933,93,7955,0,-4,-18,-4,-18,1,1,1,777.14,453.14,777.14,453.14,378416,0,352375,349000,0,0,0,0
1075,1350,46144500,46101958,22073,7933,93,7955,0,-4,-18,-4,-18,1,1,1,777.14,453.14,777.14,453.14,21333,0,0,0,0,0,0,0
1076,1351,47646995,46002875,22073,7933,93,7955,0,-3,-18,-3,-18,1,1,1,822.86,475.99,822.86,475.99,21084,0,0,0,0,0,0,0
1077,1352,43633248,45206000,22225,7933,93,7955,0,-2,-18,-2,-18,1,1,1,868.57,498.85,868.57,498.85,19542,0,0,0,0,0,0,0
1078,1353,43478421,43524666,22125,7933,93,7955,0,-2,-18,-2,-18,1,1,1,868.57,498.85,868.57,498.85,19750,0,0,0,0,0,0,0
1079,1354,47003868,45690250,22073,7933,93,7955,0,-1,-18,-1,-18,1,1,1,914.29,521.71,914.29,521.71,18791,0,0,0,0,0,0,0
1080,1355,43097585,44295208,22137,7933,96,7955,0,0,-18,0,-18,1,1,1,960,544.56,960,544.56,19000,0,0,0,0,0,0,0
1081,1356,40550962,40665292,22161,7934,94,7956,0,0,-18,0,-18,1,1,1,960,544.56,960,544.56,18917,0,0,0,0,0,0,0
1082,1357,39139207,37894166,22073,7933,93,7955,0,1,-18,1,-18,1,1,1,1005.71,567.42,1005.71,567.42,15959,0,0,0,0,0,0,0
1083,1358,36121621,37325791,22189,7933,93,7955,0,2,-18,2,-18,1,1,1,1051.43,590.28,1051.43,590.28,16000,0,0,0,0,0,0,0
1084,1359,33870294,33845042,22073,7933,93,7955,0,2,-18,2,-18,1,1,1,1051.43,590.28,1051.43,590.28,14458,0,0,0,0,0,0,0
1085,1360,35334415,33417584,22073,7933,93,7955,0,3,-18,3,-18,1,1,1,1097.14,613.14,1097.14,613.14,14042,0,0,0,0,0,0,0
1086,1361,31698916,33598083,23005,7933,93,7955,0,4,-18,4,-18,1,1,1,1142.86,635.99,1142.86,635.99,14209,0,0,0,0,0,0,0
1087,1362,33649127,33652708,22073,7933,93,7955,0,4,-18,4,-18,1,1,1,1142.86,635.99,1142.86,635.99,14875,0,0,0,0,0,0,0
1088,1363,34734830,33608791,32345,7933,93,7955,0,5,-18,5,-18,1,1,1,1188.57,662.98,1188.57,662.98,352834,0,334166,331250,0,0,0,0
1089,1364,32398872,33500625,22189,7933,93,7955,0,6,-18,6,-18,1,1,1,1234.29,696.59,1234.29,696.59,14542,0,0,0,0,0,0,0
1090,1365,33513840,33425875,22073,7933,93,7955,0,6,-18,6,-18,1,1,1,1234.29,696.59,1234.29,696.59,14500,0,0,0,0,0,0,0
1091,1366,34479498,33447208,22161,7933,93,7955,0,7,-18,7,-18,1,1,1,1280,736.66,1280,736.66,15667,0,0,0,0,0,0,0
1092,1367,35944331,37003459,22137,7933,93,7955,0,8,-18,8,-18,1,1,1,1325.71,772.98,1325.71,772.98,16875,0,0,0,0,0,0,0
1093,1368,33553749,33563291,22073,7933,96,7955,0,8,-18,8,-18,1,1,1,1325.71,772.98,1325.71,772.98,15666,0,0,0,0,0,0,0
1094,1369,32959956,31925167,22073,7933,93,7955,0,9,-18,9,-18,1,1,1,1371.43,801.36,1371.43,801.36,16084,0,0,0,0,0,0,0
1095,1370,29532086,30495333,22189,7933,93,7955,0,10,-18,10,-18,1,1,1,1417.14,823.72,1417.14,823.72,14625,0,0,0,0,0,0,0
1096,1371,30706249,30721000,22161,7934,94,7956,0,10,-18,10,-18,1,1,1,1417.14,823.72,1417.14,823.72,14708,0,0,0,0,0,0,0
1097,1372,30902083,30710042,22073,7933,93,7955,0,11,-18,11,-18,1,1,1,1462.86,845.83,1462.86,845.83,14791,0,0,0,0,0,0,0
1098,1373,31354833,30469750,22073,7933,93,7955,0,12,-18,12,-18,1,1,1,1508.57,868.27,1508.57,868.27,15125,0,0,0,0,0,0,0
1099,1374,29716333,30767542,22137,7933,93,7955,0,12,-18,12,-18,1,1,1,1508.57,868.27,1508.57,868.27,15292,0,0,0,0,0,0,0
1100,1375,31680002,31595250,22073,7933,93,7955,0,13,-18,13,-18,1,1,1,1554.29,892.25,1554.29,892.25,14875,0,0,0,0,0,0,0
1101,1376,34111287,33043917,22725,7933,93,7955,0,14,-18,14,-18,1,1,1,1600,918.02,1600,918.02,14708,0,0,0,0,0,0,0
1102,1377,33636789,33604292,22341,7933,93,7955,0,14,-18,14,-18,1,1,1,1600,918.02,1600,918.02,16208,0,0,0,0,0,0,0
1103,1378,32609041,33720834,22137,7933,93,7955,0,15,-18,15,-18,1,1,1,1645.71,944.98,1645.71,944.98,16542,0,0,0,0,0,0,0
1104,1379,33937629,33896667,22073,7933,93,7955,0,16,-18,16,-18,1,1,1,1691.43,972.01,1691.43,972.01,16042,0,0,0,0,0,0,0
1105,1380,34507829,33387709,22073,7933,93,7955,0,16,-18,16,-18,1,1,1,1691.43,972.01,1691.43,972.01,16250,0,0,0,0,0,0,0
1106,1381,32598163,33687209,22225,7933,93,7955,0,15,-18,15,-18,1,1,1,1645.71,944.98,1645.71,944.98,16625,0,0,0,0,0,0,0
1107,1382,36565922,36519875,22073,7933,93,7955,0,14,-18,14,-18,1,1,1,1600,918.02,1600,918.02,16583,0,0,0,0,0,0,0
1108,1383,35075750,34000000,22125,7933,96,7955,0,14,-18,14,-18,1,1,1,1600,918.02,1600,918.02,16459,0,0,0,0,0,0,0
1109,1384,33081457,34167916,22137,7933,93,7955,0,13,-18,13,-18,1,1,1,1554.29,892.25,1554.29,892.25,16666,0,0,0,0,0,0,0
1110,1385,35153619,35079167,22073,7933,93,7955,0,12,-18,12,-18,1,1,1,1508.57,868.27,1508.57,868.27,16667,0,0,0,0,0,0,0
1111,1386,34328088,33311000,22161,7934,94,7956,0,12,-18,12,-18,1,1,1,1508.57,868.27,1508.57,868.27,16792,0,0,0,0,0,0,0
1112,1387,32717958,33760916,22137,7933,93,7955,0,11,-18,11,-18,1,1,1,1462.86,845.83,1462.86,845.83,16250,0,0,0,0,0,0,0
1113,1388,34819748,34755917,22073,7933,93,7955,0,10,-18,10,-18,1,1,1,1417.14,823.72,1417.14,823.72,16834,0,0,0,0,0,0,0
1114,1389,35959169,34619750,22125,7933,93,7955,0,10,-18,10,-18,1,1,1,1417.14,823.72,1417.14,823.72,19500,0,0,0,0,0,0,0
1115,1390,36617290,36843875,22701,7933,93,7955,0,9,-18,9,-18,1,1,1,1371.43,801.36,1371.43,801.36,18542,0,0,0,0,0,0,0
1116,1391,35126458,36220792,22377,7933,93,7955,0,8,-18,8,-18,1,1,1,1325.71,772.98,1325.71,772.98,15542,0,0,0,0,0,0,0
1117,1392,36913994,35491958,22073,7933,93,7955,0,8,-18,8,-18,1,1,1,1325.71,772.98,1325.71,772.98,15667,0,0,0,0,0,0,0
1118,1393,35257581,36582417,22137,7933,93,7955,0,7,-18,7,-18,1,1,1,1280,736.66,1280,736.66,16250,0,0,0,0,0,0,0
1119,1394,35590838,35651625,22073,7933,93,7955,0,6,-18,6,-18,1,1,1,1234.29,696.59,1234.29,696.59,14584,0,0,0,0,0,0,0
1120,1395,42154833,40629416,22125,7933,93,7955,0,6,-18,6,-18,1,1,1,1234.29,696.59,1234.29,696.59,14917,0,0,0,0,0,0,0
1121,1396,46372208,47774250,22225,7933,93,7955,0,5,-18,5,-18,1,1,1,1188.57,662.98,1188.57,662.98,20333,0,0,0,0,0,0,0
1122,1397,56756708,54565208,27553,7933,96,7955,0,4,-18,4,-18,1,1,1,1142.86,635.99,1142.86,635.99,454417,0,426083,416208,0,0,0,0
1123,1398,63717454,65595625,22137,7933,93,7955,0,4,-18,4,-18,1,1,1,1142.86,635.99,1142.86,635.99,27917,0,0,0,0,0,0,0
1124,1399,68505503,66760334,22213,7933,93,7955,0,3,-18,3,-18,1,1,1,1097.14,613.14,1097.14,613.14,27083,0,0,0,0,0,0,0
1125,1400,65293624,67154000,22137,7933,93,7955,0,2,-18,2,-18,1,1,1,1051.43,590.28,1051.43,590.28,28167,0,0,0,0,0,0,0
1126,1401,67108206,63670625,22637,7934,94,7956,0,2,-18,2,-18,1,1,1,1051.43,590.28,1051.43,590.28,28583,0,0,0,0,0,0,0
1127,1402,51098376,54538833,22441,7933,93,7955,0,1,-18,1,-18,1,1,1,1005.71,567.42,1005.71,567.42,21917,0,0,0,0,0,0,0
1128,1403,51749248,50425250,22125,7933,93,7955,0,0,-18,0,-18,1,1,1,960,544.56,960,544.56,22583,0,0,0,0,0,0,0
1129,1404,45714121,46961959,22137,7933,93,7955,0,0,-18,0,-18,1,1,1,960,544.56,960,544.56,19208,0,0,0,0,0,0,0
1130,1405,49112629,48967709,22073,7933,93,7955,0,-1,-18,-1,-18,1,1,1,914.29,521.71,914.29,521.71,19375,0,0,0,0,0,0,0
1131,1406,46615999,45224708,22161,7933,96,7955,0,-2,-18,-2,-18,1,1,1,868.57,498.85,868.57,498.85,19875,0,0,0,0,0,0,0
1132,1407,43378747,44945125,22137,7933,93,7955,0,-2,-18,-2,-18,1,1,1,868.57,498.85,868.57,498.85,19250,0,0,0,0,0,0,0
1133,1408,39241835,39250625,22125,7933,93,7955,0,-3,-18,-3,-18,1,1,1,822.86,475.99,822.86,475.99,18334,0,0,0,0,0,0,0
1134,1409,43166745,41515417,22073,7933,93,7955,0,-4,-18,-4,-18,1,1,1,777.14,453.14,777.14,453.14,21208,0,0,0,0,0,0,0
1135,1410,41294422,42896500,22225,7933,93,7955,0,-4,-18,-4,-18,1,1,1,777.14,453.14,777.14,453.14,21167,0,0,0,0,0,0,0
1136,1411,45148249,43691625,32909,7933,93,7955,0,-5,-18,-5,-18,1,1,1,731.43,431,731.43,431,450792,0,422167,417791,0,0,0,0
1137,1412,45335039,45394875,22289,7933,93,7955,0,-6,-18,-6,-18,1,1,1,685.71,416.09,685.71,416.09,22000,0,0,0,0,0,0,0
1138,1413,45092914,46180667,22189,7933,93,7955,0,-6,-18,-6,-18,1,1,1,685.71,416.09,685.71,416.09,22125,0,0,0,0,0,0,0
1139,1414,45398667,45553125,22161,7933,93,7955,0,-8,-18,-8,-18,1,1,1,594.29,422.77,594.29,422.77,21750,0,0,0,0,0,0,0
1140,1415,47627750,46265959,22073,7933,93,7955,0,-9,-18,-9,-18,1,1,1,548.57,418.39,548.57,418.39,40375,0,0,0,0,0,0,0
1141,1416,51703628,53013916,22137,7934,94,7956,0,-9,-18,-9,-18,1,1,1,548.57,418.39,548.57,418.39,27250,0,0,0,0,0,0,0
1142,1417,49953579,48304250,22073,7933,96,7955,0,-10,-18,-10,-18,1,1,1,502.86,399.44,502.86,399.44,22542,0,0,0,0,0,0,0
1143,1418,53621001,55199541,22277,7933,93,7955,0,-11,-18,-11,-18,1,1,1,457.14,380.06,457.14,380.06,25959,0,0,0,0,0,0,0
1144,1419,55153619,52940459,22073,7933,93,7955,0,-11,-18,-11,-18,1,1,1,457.14,380.06,457.14,380.06,27666,0,0,0,0,0,0,0
1145,1420,51062252,53173041,22137,7933,93,7955,0,-12,-18,-12,-18,1,1,1,411.43,359.32,411.43,359.32,26166,0,0,0,0,0,0,0
1146,1421,56596372,53814000,22725,7933,93,7955,0,-13,-18,-13,-18,1,1,1,365.71,336.6,365.71,336.6,25583,0,0,0,0,0,0,0
1147,1422,48141214,50991917,22405,7933,93,7955,0,-13,-18,-13,-18,1,1,1,365.71,336.6,365.71,336.6,25750,0,0,0,0,0,0,0
1148,1423,43681208,43698583,22073,7933,93,7955,0,-14,-18,-14,-18,1,1,1,320,311.82,320,311.82,21000,0,0,0,0,0,0,0
1149,1424,44997207,43614208,22073,7933,93,7955,0,-15,-18,-15,-18,1,1,1,274.29,285.43,274.29,285.43,21083,0,0,0,0,0,0,0
1150,1425,36863040,38221458,22225,7933,93,7955,0,-15,-18,-15,-18,1,1,1,274.29,285.43,274.29,285.43,40041,0,0,0,0,0,0,0
1151,1426,39997085,39985292,22073,7933,93,7955,0,-16,-18,-16,-18,1,1,1,228.57,258.09,228.57,258.09,40709,0,0,0,0,0,0,0
1152,1427,36028210,34947583,22125,7933,96,7955,0,-17,-18,-17,-18,1,1,1,182.86,230.19,182.86,230.19,37583,0,0,0,0,0,0,0
1153,1428,32390914,33480625,22137,7933,93,7955,0,-17,-18,-17,-18,1,1,1,182.86,230.19,182.86,230.19,36042,0,0,0,0,0,0,0
1154,1429,33733077,33642125,22073,7933,93,7955,0,-16,-18,-16,-18,1,1,1,228.57,258.09,228.57,258.09,32958,0,0,0,0,0,0,0
1155,1430,34653004,33612625,22161,7933,93,7955,0,-15,-18,-15,-18,1,1,1,274.29,285.43,274.29,285.43,34792,0,0,0,0,0,0,0
1156,1431,34847702,35948000,22137,7934,94,7956,0,-15,-18,-15,-18,1,1,1,274.29,285.43,274.29,285.43,39625,0,0,0,0,0,0,0
1157,1432,35411253,35374333,22073,7933,93,7955,0,-14,-18,-14,-18,1,1,1,320,311.82,320,311.82,35917,0,0,0,0,0,0,0
1158,1433,38571916,37191541,22125,7933,93,7955,0,-13,-18,-13,-18,1,1,1,365.71,336.6,365.71,336.6,22625,0,0,0,0,0,0,0
1159,1434,36565292,36770958,22701,7933,93,7955,0,-13,-18,-13,-18,1,1,1,365.71,336.6,365.71,336.6,16500,0,0,0,0,0,0,0
1160,1435,33994954,35145500,22377,7933,93,7955,0,-12,-18,-12,-18,1,1,1,411.43,359.32,411.43,359.32,16875,0,0,0,0,0,0,0
1161,1436,36652382,35466542,22073,7933,93,7955,0,-11,-18,-11,-18,1,1,1,457.14,380.06,457.14,380.06,16625,0,0,0,0,0,0,0
1162,1437,33944953,35060584,22137,7933,93,7955,0,-11,-18,-11,-18,1,1,1,457.14,380.06,457.14,380.06,16583,0,0,0,0,0,0,0
1163,1438,35662293,35665166,22073,7933,93,7955,0,-10,-18,-10,-18,1,1,1,502.86,399.44,502.86,399.44,17584,0,0,0,0,0,0,0
1164,1439,37514079,35886208,22125,7933,93,7955,0,-9,-18,-9,-18,1,1,1,548.57,418.39,548.57,418.39,17042,0,0,0,0,0,0,0
1165,1440,42933795,44459791,22225,7933,93,7955,0,-9,-18,-9,-18,1,1,1,548.57,418.39,548.57,418.39,20125,0,0,0,0,0,0,0
1166,1441,45412875,45411916,22073,7933,96,7955,0,-8,-18,-8,-18,1,1,1,594.29,422.77,594.29,422.77,20500,0,0,0,0,0,0,0
1167,1442,49742374,48123333,22073,7933,93,7955,0,-6,-18,-6,-18,1,1,1,685.71,416.09,685.71,416.09,21916,0,0,0,0,0,0,0
1168,1443,51806703,53153125,22137,7933,93,7955,0,-6,-18,-6,-18,1,1,1,685.71,416.09,685.71,416.09,26375,0,0,0,0,0,0,0
1169,1444,59469211,57404542,22213,7933,93,7955,0,-5,-18,-5,-18,1,1,1,731.43,431,731.43,431,25958,0,0,0,0,0,0,0
1170,1445,57760167,59947000,27617,7933,93,7955,0,-4,-18,-4,-18,1,1,1,777.14,453.14,777.14,453.14,570667,0,531625,526083,0,0,0,0
1171,1446,59609998,56279542,22637,7934,94,7956,0,-4,-18,-4,-18,1,1,1,777.14,453.14,777.14,453.14,25584,0,0,0,0,0,0,0
1172,1447,50589207,53881291,22441,7933,93,7955,0,-3,-18,-3,-18,1,1,1,822.86,475.99,822.86,475.99,24000,0,0,0,0,0,0,0
1173,1448,54888252,53371125,22125,7933,93,7955,0,-2,-18,-2,-18,1,1,1,868.57,498.85,868.57,498.85,23542,0,0,0,0,0,0,0
1174,1449,51432829,52844916,22137,7933,93,7955,0,-2,-18,-2,-18,1,1,1,868.57,498.85,868.57,498.85,23917,0,0,0,0,0,0,0
1175,1450,55537626,54081250,22161,7933,93,7955,0,-1,-18,-1,-18,1,1,1,914.29,521.71,914.29,521.71,22333,0,0,0,0,0,0,0
1176,1451,43463040,44975041,22137,7933,96,7955,0,0,-18,0,-18,1,1,1,960,544.56,960,544.56,21500,0,0,0,0,0,0,0
1177,1452,46095583,46119500,22125,7933,93,7955,0,0,-18,0,-18,1,1,1,960,544.56,960,544.56,19292,0,0,0,0,0,0,0
1178,1453,47402665,45641500,22073,7933,93,7955,0,1,-18,1,-18,1,1,1,1005.71,567.42,1005.71,567.42,18250,0,0,0,0,0,0,0
1179,1454,42227253,43914792,22225,7933,93,7955,0,2,-18,2,-18,1,1,1,1051.43,590.28,1051.43,590.28,18417,0,0,0,0,0,0,0
1180,1455,45806787,45741583,22073,7933,93,7955,0,2,-18,2,-18,1,1,1,1051.43,590.28,1051.43,590.28,18959,0,0,0,0,0,0,0
1181,1456,48266999,45505916,22637,7933,93,7955,0,3,-18,3,-18,1,1,1,1097.14,613.14,1097.14,613.14,18500,0,0,0,0,0,0,0
1182,1457,42422376,44861084,22405,7933,93,7955,0,4,-18,4,-18,1,1,1,1142.86,635.99,1142.86,635.99,18041,0,0,0,0,0,0,0
1183,1458,44656626,44959458,22161,7933,93,7955,0,4,-18,4,-18,1,1,1,1142.86,635.99,1142.86,635.99,20000,0,0,0,0,0,0,0
1184,1459,47357417,45921583,32345,7933,93,7955,0,5,-18,5,-18,1,1,1,1188.57,662.98,1188.57,662.98,400959,0,375875,371791,0,0,0,0
1185,1460,46583622,47912042,22137,7933,93,7955,0,6,-18,6,-18,1,1,1,1234.29,696.59,1234.29,696.59,19250,0,0,0,0,0,0,0
1186,1461,56490037,54847833,22073,7934,94,7956,0,6,-18,6,-18,1,1,1,1234.29,696.59,1234.29,696.59,20333,0,0,0,0,0,0,0
1187,1462,54109416,55699958,22277,7933,96,7955,0,7,-18,7,-18,1,1,1,1280,736.66,1280,736.66,24792,0,0,0,0,0,0,0
1188,1463,58661669,57123541,22073,7933,93,7955,0,8,-18,8,-18,1,1,1,1325.71,772.98,1325.71,772.98,28000,0,0,0,0,0,0,0
1189,1464,52271954,53460500,22137,7933,93,7955,0,8,-18,8,-18,1,1,1,1325.71,772.98,1325.71,772.98,24334,0,0,0,0,0,0,0
1190,1465,53754501,52552875,22161,7933,93,7955,0,9,-18,9,-18,1,1,1,1371.43,801.36,1371.43,801.36,24666,0,0,0,0,0,0,0
1191,1466,46433169,46670000,22753,7933,93,7955,0,10,-18,10,-18,1,1,1,1417.14,823.72,1417.14,823.72,25750,0,0,0,0,0,0,0
1192,1467,42350664,43653917,22289,7933,93,7955,0,10,-18,10,-18,1,1,1,1417.14,823.72,1417.14,823.72,21542,0,0,0,0,0,0,0
1193,1468,40009204,38773875,22073,7933,93,7955,0,11,-18,11,-18,1,1,1,1462.86,845.83,1462.86,845.83,21834,0,0,0,0,0,0,0
1194,1469,36466460,37709250,22225,7933,93,7955,0,12,-18,12,-18,1,1,1,1508.57,868.27,1508.57,868.27,18708,0,0,0,0,0,0,0
1195,1470,33557914,33577583,22073,7933,93,7955,0,12,-18,12,-18,1,1,1,1508.57,868.27,1508.57,868.27,16666,0,0,0,0,0,0,0
1196,1471,37026628,35911459,22125,7933,93,7955,0,13,-18,13,-18,1,1,1,1554.29,892.25,1554.29,892.25,16125,0,0,0,0,0,0,0
1197,1472,32791703,33869250,22137,7933,96,7955,0,14,-18,14,-18,1,1,1,1600,918.02,1600,918.02,16375,0,0,0,0,0,0,0
1198,1473,34219790,34067500,22073,7933,93,7955,0,14,-18,14,-18,1,1,1,1600,918.02,1600,918.02,16583,0,0,0,0,0,0,0
1199,1474,35486832,34503208,22161,7933,93,7955,0,15,-18,15,-18,1,1,1,1645.71,944.98,1645.71,944.98,16083,0,0,0,0,0,0,0
1200,1475,35841334,36616333,22137,7933,93,7955,0,16,-18,16,-18,1,1,1,1691.43,972.01,1691.43,972.01,17167,0,0,0,0,0,0,0
1201,1476,37069253,37346750,22073,7934,94,7956,0,16,-18,16,-18,1,1,1,1691.43,972.01,1691.43,972.01,16042,0,0,0,0,0,0,0
1202,1477,37100333,36002500,22125,7933,93,7955,0,15,-18,15,-18,1,1,1,1645.71,944.98,1645.71,944.98,15792,0,0,0,0,0,0,0
1203,1478,34482955,35508958,22137,7933,93,7955,0,14,-18,14,-18,1,1,1,1600,918.02,1600,918.02,17125,0,0,0,0,0,0,0
1204,1479,36568578,35448000,22725,7933,93,7955,0,14,-18,14,-18,1,1,1,1600,918.02,1600,918.02,18166,0,0,0,0,0,0,0
1205,1480,39801631,38720416,22289,7933,93,7955,0,13,-18,13,-18,1,1,1,1554.29,892.25,1554.29,892.25,17042,0,0,0,0,0,0,0
1206,1481,38467623,40594250,22137,7933,93,7955,0,12,-18,12,-18,1,1,1,1508.57,868.27,1508.57,868.27,19334,0,0,0,0,0,0,0
1207,1482,44086124,43868208,22073,7933,93,7955,0,12,-18,12,-18,1,1,1,1508.57,868.27,1508.57,868.27,22167,0,0,0,0,0,0,0
1208,1483,52201911,50476834,22213,7933,93,7955,0,11,-18,11,-18,1,1,1,1462.86,845.83,1462.86,845.83,22084,0,0,0,0,0,0,0
1209,1484,55383376,57115458,22137,7933,93,7955,0,10,-18,10,-18,1,1,1,1417.14,823.72,1417.14,823.72,28083,0,0,0,0,0,0,0
1210,1485,68355381,66361375,22073,7933,96,7955,0,10,-18,10,-18,1,1,1,1417.14,823.72,1417.14,823.72,36875,0,0,0,0,0,0,0
1211,1486,64483292,66387917,22225,7933,93,7955,0,9,-18,9,-18,1,1,1,1371.43,801.36,1371.43,801.36,36125,0,0,0,0,0,0,0
1212,1487,70902414,68999125,22125,7933,93,7955,0,8,-18,8,-18,1,1,1,1325.71,772.98,1325.71,772.98,35500,0,0,0,0,0,0,0
1213,1488,58963004,59181375,22701,7933,93,7955,0,8,-18,8,-18,1,1,1,1325.71,772.98,1325.71,772.98,25084,0,0,0,0,0,0,0
1214,1489,55968120,56082417,22377,7933,93,7955,0,7,-18,7,-18,1,1,1,1280,736.66,1280,736.66,24958,0,0,0,0,0,0,0
1215,1490,50329294,51800042,22137,7933,93,7955,0,6,-18,6,-18,1,1,1,1234.29,696.59,1234.29,696.59,23750,0,0,0,0,0,0,0
1216,1491,46784996,46902000,22125,7934,94,7956,0,6,-18,6,-18,1,1,1,1234.29,696.59,1234.29,696.59,19500,0,0,0,0,0,0,0
1217,1492,47307793,45829750,22161,7933,93,7955,0,5,-18,5,-18,1,1,1,1188.57,662.98,1188.57,662.98,19292,0,0,0,0,0,0,0
1218,1493,49004457,50433250,27617,7933,93,7955,0,4,-18,4,-18,1,1,1,1142.86,635.99,1142.86,635.99,483500,0,445791,437417,0,0,0,0
1219,1494,47159206,47209917,22073,7933,96,7955,0,4,-18,4,-18,1,1,1,1142.86,635.99,1142.86,635.99,18875,0,0,0,0,0,0,0
1220,1495,49176126,47395542,22073,7933,93,7955,0,3,-18,3,-18,1,1,1,1097.14,613.14,1097.14,613.14,19291,0,0,0,0,0,0,0
1221,1496,45042708,46699667,22277,7933,93,7955,0,2,-18,2,-18,1,1,1,1051.43,590.28,1051.43,590.28,18083,0,0,0,0,0,0,0
1222,1497,50107955,49957083,22073,7933,93,7955,0,2,-18,2,-18,1,1,1,1051.43,590.28,1051.43,590.28,21834,0,0,0,0,0,0,0
1223,1498,59329293,56153834,22637,7933,93,7955,0,1,-18,1,-18,1,1,1,1005.71,567.42,1005.71,567.42,25500,0,0,0,0,0,0,0
1224,1499,51350954,54408917,22441,7933,93,7955,0,0,-18,0,-18,1,1,1,960,544.56,960,544.56,22542,0,0,0,0,0,0,0
1225,1500,54762627,53401625,22125,7933,93,7955,0,0,-18,0,-18,1,1,1,960,544.56,960,544.56,22500,0,0,0,0,0,0,0
1226,1501,50606001,51693792,22137,7933,93,7955,0,-1,-18,-1,-18,1,1,1,914.29,521.71,914.29,521.71,22958,0,0,0,0,0,0,0
1227,1502,53878244,52365958,22161,7933,93,7955,0,-2,-18,-2,-18,1,1,1,868.57,498.85,868.57,498.85,25542,0,0,0,0,0,0,0
1228,1503,53916085,55799750,22137,7933,93,7955,0,-2,-18,-2,-18,1,1,1,868.57,498.85,868.57,498.85,24167,0,0,0,0,0,0,0
1229,1504,47919124,46532792,22125,7933,96,7955,0,-3,-18,-3,-18,1,1,1,822.86,475.99,822.86,475.99,24292,0,0,0,0,0,0,0
1230,1505,46471372,47775167,22225,7933,93,7955,0,-4,-18,-4,-18,1,1,1,777.14,453.14,777.14,453.14,21166,0,0,0,0,0,0,0
1231,1506,46155873,46245042,22073,7934,94,7956,0,-4,-18,-4,-18,1,1,1,777.14,453.14,777.14,453.14,22375,0,0,0,0,0,0,0
1232,1507,48179876,46512625,32345,7933,93,7955,0,-5,-18,-5,-18,1,1,1,731.43,431,731.43,431,482417,0,447709,439166,0,0,0,0
1233,1508,53610876,53347709,22701,7933,93,7955,0,-6,-18,-6,-18,1,1,1,685.71,416.09,685.71,416.09,22042,0,0,0,0,0,0,0
1234,1509,54260373,54788708,22429,7933,93,7955,0,-6,-18,-6,-18,1,1,1,685.71,416.09,685.71,416.09,27667,0,0,0,0,0,0,0
1235,1510,48013336,49329417,22137,7933,93,7955,0,-8,-18,-8,-18,1,1,1,594.29,422.77,594.29,422.77,21167,0,0,0,0,0,0,0
1236,1511,49380082,49211042,22073,7933,93,7955,0,-9,-18,-9,-18,1,1,1,548.57,418.39,548.57,418.39,28166,0,0,0,0,0,0,0
1237,1512,48819251,47201792,22161,7933,93,7955,0,-9,-18,-9,-18,1,1,1,548.57,418.39,548.57,418.39,23792,0,0,0,0,0,0,0
1238,1513,51145415,52866958,22189,7933,93,7955,0,-10,-18,-10,-18,1,1,1,502.86,399.44,502.86,399.44,28083,0,0,0,0,0,0,0
1239,1514,46706959,46681125,22073,7933,96,7955,0,-11,-18,-11,-18,1,1,1,457.14,380.06,457.14,380.06,27375,0,0,0,0,0,0,0
1240,1515,49913704,48233417,22073,7933,93,7955,0,-11,-18,-11,-18,1,1,1,457.14,380.06,457.14,380.06,22167,0,0,0,0,0,0,0
1241,1516,49486834,51133958,22225,7933,93,7955,0,-12,-18,-12,-18,1,1,1,411.43,359.32,411.43,359.32,26333,0,0,0,0,0,0,0
1242,1517,48660125,48664583,22073,7933,93,7955,0,-13,-18,-13,-18,1,1,1,365.71,336.6,365.71,336.6,25750,0,0,0,0,0,0,0
1243,1518,51608998,49211959,22689,7933,93,7955,0,-13,-18,-13,-18,1,1,1,365.71,336.6,365.71,336.6,21458,0,0,0,0,0,0,0
1244,1519,47137584,49452584,22353,7933,93,7955,0,-14,-18,-14,-18,1,1,1,320,311.82,320,311.82,24500,0,0,0,0,0,0,0
1245,1520,48285622,48296750,22161,7933,93,7955,0,-15,-18,-15,-18,1,1,1,274.29,285.43,274.29,285.43,20541,0,0,0,0,0,0,0
1246,1521,47185081,45447708,22073,7934,94,7956,0,-15,-18,-15,-18,1,1,1,274.29,285.43,274.29,285.43,44750,0,0,0,0,0,0,0
1247,1522,44161252,45859208,22137,7933,93,7955,0,-16,-18,-16,-18,1,1,1,228.57,258.09,228.57,258.09,40625,0,0,0,0,0,0,0
1248,1523,48074249,47991000,22125,7933,93,7955,0,-17,-18,-17,-18,1,1,1,182.86,230.19,182.86,230.19,51750,0,0,0,0,0,0,0
1249,1524,49064747,47725833,22161,7933,96,7955,0,-17,-18,-17,-18,1,1,1,182.86,230.19,182.86,230.19,69750,0,0,0,0,0,0,0
1250,1525,45246876,46646041,22137,7933,93,7955,0,-16,-18,-16,-18,1,1,1,228.57,258.09,228.57,258.09,42583,0,0,0,0,0,0,0
1251,1526,46984210,46944667,22073,7933,93,7955,0,-15,-18,-15,-18,1,1,1,274.29,285.43,274.29,285.43,44083,0,0,0,0,0,0,0
1252,1527,48027954,46195125,22073,7933,93,7955,0,-15,-18,-15,-18,1,1,1,274.29,285.43,274.29,285.43,46125,0,0,0,0,0,0,0
1253,1528,45845165,47609250,22277,7933,93,7955,0,-14,-18,-14,-18,1,1,1,320,311.82,320,311.82,49333,0,0,0,0,0,0,0
1254,1529,48444379,46871000,22637,7933,93,7955,0,-13,-18,-13,-18,1,1,1,365.71,336.6,365.71,336.6,24375,0,0,0,0,0,0,0
1255,1530,44801872,45060667,22289,7933,93,7955,0,-13,-18,-13,-18,1,1,1,365.71,336.6,365.71,336.6,24417,0,0,0,0,0,0,0
1256,1531,44930625,46176917,22137,7933,93,7955,0,-12,-18,-12,-18,1,1,1,411.43,359.32,411.43,359.32,22209,0,0,0,0,0,0,0
1257,1532,43426461,43441500,22161,7933,93,7955,0,-11,-18,-11,-18,1,1,1,457.14,380.06,457.14,380.06,22083,0,0,0,0,0,0,0
1258,1533,44552039,43218792,22125,7933,93,7955,0,-11,-18,-11,-18,1,1,1,457.14,380.06,457.14,380.06,21417,0,0,0,0,0,0,0
1259,1534,40462289,41805792,22137,7933,93,7955,0,-10,-18,-10,-18,1,1,1,502.86,399.44,502.86,399.44,20334,0,0,0,0,0,0,0
1260,1535,38087133,38025041,22073,7933,96,7955,0,-9,-18,-9,-18,1,1,1,548.57,418.39,548.57,418.39,20792,0,0,0,0,0,0,0
1261,1536,37401374,36318375,22161,7934,94,7956,0,-9,-18,-9,-18,1,1,1,548.57,418.39,548.57,418.39,18958,0,0,0,0,0,0,0
1262,1537,32172206,33247750,22137,7933,93,7955,0,-8,-18,-8,-18,1,1,1,594.29,422.77,594.29,422.77,17042,0,0,0,0,0,0,0
1263,1538,33916957,33933958,22073,7933,93,7955,0,-6,-18,-6,-18,1,1,1,685.71,416.09,685.71,416.09,16166,0,0,0,0,0,0,0
1264,1539,34392707,33333750,22125,7933,93,7955,0,-6,-18,-6,-18,1,1,1,685.71,416.09,685.71,416.09,16375,0,0,0,0,0,0,0
1265,1540,32695952,33673083,22137,7933,93,7955,0,-5,-18,-5,-18,1,1,1,731.43,431,731.43,431,16708,0,0,0,0,0,0,0
1266,1541,33486004,33550500,27641,7933,93,7955,0,-4,-18,-4,-18,1,1,1,777.14,453.14,777.14,453.14,294208,0,273291,270334,0,0,0,0
1267,1542,35833001,33925000,22637,7933,93,7955,0,-4,-18,-4,-18,1,1,1,777.14,453.14,777.14,453.14,16375,0,0,0,0,0,0,0
1268,1543,31956873,33836458,22353,7933,93,7955,0,-3,-18,-3,-18,1,1,1,822.86,475.99,822.86,475.99,15583,0,0,0,0,0,0,0
1269,1544,33598959,33559625,22073,7933,93,7955,0,-2,-18,-2,-18,1,1,1,868.57,498.85,868.57,498.85,15000,0,0,0,0,0,0,0
1270,1545,34708127,33596333,22125,7933,93,7955,0,-2,-18,-2,-18,1,1,1,868.57,498.85,868.57,498.85,14916,0,0,0,0,0,0,0
1271,1546,29704123,30789083,22225,7933,93,7955,0,-1,-18,-1,-18,1,1,1,914.29,521.71,914.29,521.71,12583,0,0,0,0,0,0,0
1272,1547,30139746,30151125,22073,7933,93,7955,0,0,-18,0,-18,1,1,1,960,544.56,960,544.56,13417,0,0,0,0,0,0,0
1273,1548,32798130,32771000,22073,7933,93,7955,0,0,-18,0,-18,1,1,1,960,544.56,960,544.56,13500,0,0,0,0,0,0,0
1274,1549,31618289,30500584,22073,7933,96,7955,0,1,-18,1,-18,1,1,1,1005.71,567.42,1005.71,567.42,13000,0,0,0,0,0,0,0
1275,1550,29451459,30488083,22137,7933,93,7955,0,2,-18,2,-18,1,1,1,1051.43,590.28,1051.43,590.28,12916,0,0,0,0,0,0,0
1276,1551,32784119,32824125,22161,7934,94,7956,0,2,-18,2,-18,1,1,1,1051.43,590.28,1051.43,590.28,13209,0,0,0,0,0,0,0
1277,1552,31715087,31699916,22125,7933,93,7955,0,3,-18,3,-18,1,1,1,1097.14,613.14,1097.14,613.14,12750,0,0,0,0,0,0,0
1278,1553,34426417,33347250,22073,7933,93,7955,0,4,-18,4,-18,1,1,1,1142.86,635.99,1142.86,635.99,14416,0,0,0,0,0,0,0
1279,1554,32507915,33538625,22137,7933,93,7955,0,4,-18,4,-18,1,1,1,1142.86,635.99,1142.86,635.99,14041,0,0,0,0,0,0,0
1280,1555,33690795,33656250,32345,7933,93,7955,0,5,-18,5,-18,1,1,1,1188.57,662.98,1188.57,662.98,319875,0,296416,293500,0,0,0,0
1281,1556,33918913,32768458,22161,7933,93,7955,0,6,-18,6,-18,1,1,1,1234.29,696.59,1234.29,696.59,14209,0,0,0,0,0,0,0
1282,1557,33411543,33493541,22701,7933,93,7955,0,6,-18,6,-18,1,1,1,1234.29,696.59,1234.29,696.59,14750,0,0,0,0,0,0,0
1283,1558,32729122,33785333,22289,7933,93,7955,0,7,-18,7,-18,1,1,1,1280,736.66,1280,736.66,15334,0,0,0,0,0,0,0
1284,1559,34459792,33397292,22125,7933,93,7955,0,8,-18,8,-18,1,1,1,1325.71,772.98,1325.71,772.98,15834,0,0,0,0,0,0,0
1285,1560,33675462,34630292,22137,7933,93,7955,0,8,-18,8,-18,1,1,1,1325.71,772.98,1325.71,772.98,15208,0,0,0,0,0,0,0
1286,1561,33503457,33569875,22161,7933,93,7955,0,9,-18,9,-18,1,1,1,1371.43,801.36,1371.43,801.36,15875,0,0,0,0,0,0,0
1287,1562,34600120,33497958,22073,7933,93,7955,0,10,-18,10,-18,1,1,1,1417.14,823.72,1417.14,823.72,19667,0,0,0,0,0,0,0
1288,1563,33139001,34201583,22137,7933,93,7955,0,10,-18,10,-18,1,1,1,1417.14,823.72,1417.14,823.72,18166,0,0,0,0,0,0,0
1289,1564,38444373,38154333,22073,7933,93,7955,0,11,-18,11,-18,1,1,1,1462.86,845.83,1462.86,845.83,19208,0,0,0,0,0,0,0
1290,1565,39098456,37505291,22125,7933,96,7955,0,12,-18,12,-18,1,1,1,1508.57,868.27,1508.57,868.27,18791,0,0,0,0,0,0,0
1291,1566,34800462,36613125,22225,7934,94,7956,0,12,-18,12,-18,1,1,1,1508.57,868.27,1508.57,868.27,20625,0,0,0,0,0,0,0
1292,1567,35317212,35293167,22073,7933,93,7955,0,13,-18,13,-18,1,1,1,1554.29,892.25,1554.29,892.25,20458,0,0,0,0,0,0,0
1293,1568,36840207,35553416,22073,7933,93,7955,0,14,-18,14,-18,1,1,1,1600,918.02,1600,918.02,16750,0,0,0,0,0,0,0
1294,1569,34159954,35436166,22137,7933,93,7955,0,14,-18,14,-18,1,1,1,1600,918.02,1600,918.02,17334,0,0,0,0,0,0,0
1295,1570,40144544,40015417,22073,7933,93,7955,0,15,-18,15,-18,1,1,1,1645.71,944.98,1645.71,944.98,18541,0,0,0,0,0,0,0
1296,1571,48809085,45870459,22777,7933,93,7955,0,16,-18,16,-18,1,1,1,1691.43,972.01,1691.43,972.01,18042,0,0,0,0,0,0,0
1297,1572,50418246,53325000,22353,7933,93,7955,0,16,-18,16,-18,1,1,1,1691.43,972.01,1691.43,972.01,25292,0,0,0,0,0,0,0
1298,1573,67401126,65258708,22073,7933,93,7955,0,15,-18,15,-18,1,1,1,1645.71,944.98,1645.71,944.98,30708,0,0,0,0,0,0,0
1299,1574,63482828,65498834,22225,7933,93,7955,0,14,-18,14,-18,1,1,1,1600,918.02,1600,918.02,32042,0,0,0,0,0,0,0
1300,1575,71298547,69326167,22125,7933,93,7955,0,14,-18,14,-18,1,1,1,1600,918.02,1600,918.02,32375,0,0,0,0,0,0,0
1301,1576,61497539,63321292,22137,7933,96,7955,0,13,-18,13,-18,1,1,1,1554.29,892.25,1554.29,892.25,32875,0,0,0,0,0,0,0
1302,1577,55444750,54060042,22161,7933,93,7955,0,12,-18,12,-18,1,1,1,1508.57,868.27,1508.57,868.27,26083,0,0,0,0,0,0,0
1303,1578,49699079,51264708,22137,7933,93,7955,0,12,-18,12,-18,1,1,1,1508.57,868.27,1508.57,868.27,27459,0,0,0,0,0,0,0
1304,1579,44938873,44896250,22125,7933,93,7955,0,11,-18,11,-18,1,1,1,1462.86,845.83,1462.86,845.83,22000,0,0,0,0,0,0,0
1305,1580,49453005,46763000,22725,7933,93,7955,0,10,-18,10,-18,1,1,1,1417.14,823.72,1417.14,823.72,22125,0,0,0,0,0,0,0
1306,1581,41888542,44587209,22353,7934,94,7956,0,10,-18,10,-18,1,1,1,1417.14,823.72,1417.14,823.72,21916,0,0,0,0,0,0,0
1307,1582,43160911,43053375,22073,7933,93,7955,0,9,-18,9,-18,1,1,1,1371.43,801.36,1371.43,801.36,20334,0,0,0,0,0,0,0
1308,1583,41894048,40630708,22073,7933,93,7955,0,8,-18,8,-18,1,1,1,1325.71,772.98,1325.71,772.98,17333,0,0,0,0,0,0,0
1309,1584,42656037,43953666,22277,7933,93,7955,0,8,-18,8,-18,1,1,1,1325.71,772.98,1325.71,772.98,17917,0,0,0,0,0,0,0
1310,1585,48561371,48568042,22073,7933,93,7955,0,7,-18,7,-18,1,1,1,1280,736.66,1280,736.66,20708,0,0,0,0,0,0,0
1311,1586,47442708,45808000,22073,7933,96,7955,0,6,-18,6,-18,1,1,1,1234.29,696.59,1234.29,696.59,18625,0,0,0,0,0,0,0
1312,1587,43800629,45325708,22137,7933,93,7955,0,6,-18,6,-18,1,1,1,1234.29,696.59,1234.29,696.59,19708,0,0,0,0,0,0,0
1313,1588,45987285,46029708,22161,7933,93,7955,0,5,-18,5,-18,1,1,1,1188.57,662.98,1188.57,662.98,18625,0,0,0,0,0,0,0
1314,1589,46393997,45019167,27605,7933,93,7955,0,4,-18,4,-18,1,1,1,1142.86,635.99,1142.86,635.99,410459,0,385042,380291,0,0,0,0
1315,1590,45094382,46240958,22137,7933,93,7955,0,4,-18,4,-18,1,1,1,1142.86,635.99,1142.86,635.99,18208,0,0,0,0,0,0,0
1316,1591,46569332,45285542,22637,7933,93,7955,0,3,-18,3,-18,1,1,1,1097.14,613.14,1097.14,613.14,18125,0,0,0,0,0,0,0
1317,1592,46532001,46592417,22377,7933,93,7955,0,2,-18,2,-18,1,1,1,1051.43,590.28,1051.43,590.28,18500,0,0,0,0,0,0,0
1318,1593,44288497,45583792,22137,7933,93,7955,0,2,-18,2,-18,1,1,1,1051.43,590.28,1051.43,590.28,18459,0,0,0,0,0,0,0
1319,1594,48375997,48246833,22125,7933,93,7955,0,1,-18,1,-18,1,1,1,1005.71,567.42,1005.71,567.42,18541,0,0,0,0,0,0,0
1320,1595,55411498,53857917,22073,7933,93,7955,0,0,-18,0,-18,1,1,1,960,544.56,960,544.56,22959,0,0,0,0,0,0,0
1321,1596,58309126,59805833,22225,7934,94,7956,0,0,-18,0,-18,1,1,1,960,544.56,960,544.56,24458,0,0,0,0,0,0,0
1322,1597,55503331,54040667,22073,7933,96,7955,0,-1,-18,-1,-18,1,1,1,914.29,521.71,914.29,521.71,22500,0,0,0,0,0,0,0
1323,1598,52335996,53813958,22189,7933,93,7955,0,-2,-18,-2,-18,1,1,1,868.57,498.85,868.57,498.85,23083,0,0,0,0,0,0,0
1324,1599,51640793,50276917,22161,7933,93,7955,0,-2,-18,-2,-18,1,1,1,868.57,498.85,868.57,498.85,23209,0,0,0,0,0,0,0
1325,1600,44980369,46200792,22137,7933,93,7955,0,-3,-18,-3,-18,1,1,1,822.86,475.99,822.86,475.99,20292,0,0,0,0,0,0,0
1326,1601,47830209,46175375,22637,7933,93,7955,0,-4,-18,-4,-18,1,1,1,777.14,453.14,777.14,453.14,21209,0,0,0,0,0,0,0
1327,1602,44952295,45141292,22289,7933,93,7955,0,-4,-18,-4,-18,1,1,1,777.14,453.14,777.14,453.14,21333,0,0,0,0,0,0,0
1328,1603,43997500,45604125,32549,7933,93,7955,0,-5,-18,-5,-18,1,1,1,731.43,431,731.43,431,501625,0,473084,467917,0,0,0,0
1329,1604,46431582,46385792,22073,7933,93,7955,0,-6,-18,-6,-18,1,1,1,685.71,416.09,685.71,416.09,21500,0,0,0,0,0,0,0
1330,1605,45990668,44399708,22073,7933,93,7955,0,-6,-18,-6,-18,1,1,1,685.71,416.09,685.71,416.09,24625,0,0,0,0,0,0,0
1331,1606,48351749,49782166,22137,7933,93,7955,0,-8,-18,-8,-18,1,1,1,594.29,422.77,594.29,422.77,22166,0,0,0,0,0,0,0
1332,1607,56056916,54482417,22161,7933,96,7955,0,-9,-18,-9,-18,1,1,1,548.57,418.39,548.57,418.39,27750,0,0,0,0,0,0,0
1333,1608,49659460,51335375,22189,7933,93,7955,0,-9,-18,-9,-18,1,1,1,548.57,418.39,548.57,418.39,26791,0,0,0,0,0,0,0
1334,1609,53808622,52119625,22073,7933,93,7955,0,-10,-18,-10,-18,1,1,1,502.86,399.44,502.86,399.44,26500,0,0,0,0,0,0,0
1335,1610,49164745,50740500,22225,7933,93,7955,0,-11,-18,-11,-18,1,1,1,457.14,380.06,457.14,380.06,26083,0,0,0,0,0,0,0
1336,1611,48890914,47452792,22637,7934,94,7956,0,-11,-18,-11,-18,1,1,1,457.14,380.06,457.14,380.06,21666,0,0,0,0,0,0,0
1337,1612,49332298,49321291,22341,7933,93,7955,0,-12,-18,-12,-18,1,1,1,411.43,359.32,411.43,359.32,21958,0,0,0,0,0,0,0
1338,1613,44201411,45569042,22137,7933,93,7955,0,-13,-18,-13,-18,1,1,1,365.71,336.6,365.71,336.6,21125,0,0,0,0,0,0,0
1339,1614,47880377,47796084,22161,7933,93,7955,0,-13,-18,-13,-18,1,1,1,365.71,336.6,365.71,336.6,21833,0,0,0,0,0,0,0
1340,1615,45166667,44007333,22073,7933,93,7955,0,-14,-18,-14,-18,1,1,1,320,311.82,320,311.82,21583,0,0,0,0,0,0,0
1341,1616,48627834,49756000,22137,7933,93,7955,0,-15,-18,-15,-18,1,1,1,274.29,285.43,274.29,285.43,22292,0,0,0,0,0,0,0
1342,1617,46167127,46128750,22125,7933,96,7955,0,-15,-18,-15,-18,1,1,1,274.29,285.43,274.29,285.43,47375,0,0,0,0,0,0,0
1343,1618,49185041,47454958,22161,7933,93,7955,0,-16,-18,-16,-18,1,1,1,228.57,258.09,228.57,258.09,70125,0,0,0,0,0,0,0
1344,1619,46136371,47966208,22137,7933,93,7955,0,-17,-18,-17,-18,1,1,1,182.86,230.19,182.86,230.19,49875,0,0,0,0,0,0,0
1345,1620,43802622,43763750,22073,7933,93,7955,0,-17,-18,-17,-18,1,1,1,182.86,230.19,182.86,230.19,44083,0,0,0,0,0,0,0
1346,1621,47030918,45653042,22073,7933,93,7955,0,-16,-18,-16,-18,1,1,1,228.57,258.09,228.57,258.09,43291,0,0,0,0,0,0,0
1347,1622,45313250,44928250,22841,7933,93,7955,0,-15,-18,-15,-18,1,1,1,274.29,285.43,274.29,285.43,42375,0,0,0,0,0,0,0
1348,1623,43863832,45574125,22289,7933,93,7955,0,-15,-18,-15,-18,1,1,1,274.29,285.43,274.29,285.43,45000,0,0,0,0,0,0,0
1349,1624,46607915,45266125,22073,7933,93,7955,0,-14,-18,-14,-18,1,1,1,320,311.82,320,311.82,42875,0,0,0,0,0,0,0
1350,1625,44081959,45310875,22137,7933,93,7955,0,-13,-18,-13,-18,1,1,1,365.71,336.6,365.71,336.6,21292,0,0,0,0,0,0,0
1351,1626,43768126,43800250,22161,7934,94,7956,0,-13,-18,-13,-18,1,1,1,365.71,336.6,365.71,336.6,21750,0,0,0,0,0,0,0
1352,1627,43381251,42210500,22125,7933,93,7955,0,-12,-18,-12,-18,1,1,1,411.43,359.32,411.43,359.32,22542,0,0,0,0,0,0,0
1353,1628,36750171,37939791,22137,7933,96,7955,0,-11,-18,-11,-18,1,1,1,457.14,380.06,457.14,380.06,18167,0,0,0,0,0,0,0
1354,1629,37562832,37511583,22073,7933,93,7955,0,-11,-18,-11,-18,1,1,1,457.14,380.06,457.14,380.06,18667,0,0,0,0,0,0,0
1355,1630,37161167,36131167,22161,7933,93,7955,0,-10,-18,-10,-18,1,1,1,502.86,399.44,502.86,399.44,19333,0,0,0,0,0,0,0
1356,1631,32488081,33553917,22137,7933,93,7955,0,-9,-18,-9,-18,1,1,1,548.57,418.39,548.57,418.39,16917,0,0,0,0,0,0,0
1357,1632,33865999,33833584,22073,7933,93,7955,0,-9,-18,-9,-18,1,1,1,548.57,418.39,548.57,418.39,17333,0,0,0,0,0,0,0
1358,1633,34357164,33302667,22125,7933,93,7955,0,-8,-18,-8,-18,1,1,1,594.29,422.77,594.29,422.77,16708,0,0,0,0,0,0,0
1359,1634,33561456,33429917,22701,7933,93,7955,0,-6,-18,-6,-18,1,1,1,685.71,416.09,685.71,416.09,16917,0,0,0,0,0,0,0
1360,1635,32525248,33678583,22377,7933,93,7955,0,-6,-18,-6,-18,1,1,1,685.71,416.09,685.71,416.09,16208,0,0,0,0,0,0,0
1361,1636,34448590,33356125,22073,7933,93,7955,0,-5,-18,-5,-18,1,1,1,731.43,431,731.43,431,16833,0,0,0,0,0,0,0
1362,1637,32714165,33779583,27617,7933,93,7955,0,-4,-18,-4,-18,1,1,1,777.14,453.14,777.14,453.14,289916,0,270041,267125,0,0,0,0
1363,1638,33388748,33372959,22073,7933,93,7955,0,-4,-18,-4,-18,1,1,1,777.14,453.14,777.14,453.14,16500,0,0,0,0,0,0,0
1364,1639,34147378,33110084,22125,7933,93,7955,0,-3,-18,-3,-18,1,1,1,822.86,475.99,822.86,475.99,14959,0,0,0,0,0,0,0
1365,1640,29546953,30549583,22225,7933,93,7955,0,-2,-18,-2,-18,1,1,1,868.57,498.85,868.57,498.85,13042,0,0,0,0,0,0,0
1366,1641,32480172,32512292,22073,7934,94,7956,0,-2,-18,-2,-18,1,1,1,868.57,498.85,868.57,498.85,13708,0,0,0,0,0,0,0
1367,1642,30477622,30424875,22073,7933,96,7955,0,-1,-18,-1,-18,1,1,1,914.29,521.71,914.29,521.71,12792,0,0,0,0,0,0,0
1368,1643,31422875,30434209,22073,7933,93,7955,0,0,-18,0,-18,1,1,1,960,544.56,960,544.56,13250,0,0,0,0,0,0,0
1369,1644,30744628,31640042,22137,7933,93,7955,0,0,-18,0,-18,1,1,1,960,544.56,960,544.56,13416,0,0,0,0,0,0,0
1370,1645,32746788,32811500,22161,7933,93,7955,0,1,-18,1,-18,1,1,1,1005.71,567.42,1005.71,567.42,12292,0,0,0,0,0,0,0
1371,1646,33394169,33364166,22125,7933,93,7955,0,2,-18,2,-18,1,1,1,1051.43,590.28,1051.43,590.28,13166,0,0,0,0,0,0,0
1372,1647,37123702,35976417,22073,7933,93,7955,0,2,-18,2,-18,1,1,1,1051.43,590.28,1051.43,590.28,15042,0,0,0,0,0,0,0
1373,1648,34909792,35947375,22137,7933,93,7955,0,3,-18,3,-18,1,1,1,1097.14,613.14,1097.14,613.14,14459,0,0,0,0,0,0,0
1374,1649,35876333,35707000,22073,7933,93,7955,0,4,-18,4,-18,1,1,1,1142.86,635.99,1142.86,635.99,14416,0,0,0,0,0,0,0
1375,1650,37688713,35285875,22725,7933,93,7955,0,4,-18,4,-18,1,1,1,1142.86,635.99,1142.86,635.99,14333,0,0,0,0,0,0,0
1376,1651,34456208,37061541,32625,7933,93,7955,0,5,-18,5,-18,1,1,1,1188.57,662.98,1188.57,662.98,330291,0,310166,306250,0,0,0,0
1377,1652,35762876,35730667,22125,7933,93,7955,0,6,-18,6,-18,1,1,1,1234.29,696.59,1234.29,696.59,14666,0,0,0,0,0,0,0
1378,1653,38041710,36831375,22073,7933,93,7955,0,6,-18,6,-18,1,1,1,1234.29,696.59,1234.29,696.59,14542,0,0,0,0,0,0,0
1379,1654,41866332,42931709,22137,7933,93,7955,0,7,-18,7,-18,1,1,1,1280,736.66,1280,736.66,18334,0,0,0,0,0,0,0
1380,1655,53393330,53306541,22161,7933,93,7955,0,8,-18,8,-18,1,1,1,1325.71,772.98,1325.71,772.98,21459,0,0,0,0,0,0,0
1381,1656,66094502,64104875,22073,7934,97,7956,0,8,-18,8,-18,1,1,1,1325.71,772.98,1325.71,772.98,24333,0,0,0,0,0,0,0
1382,1657,65390080,67238833,22189,7933,93,7955,0,9,-18,9,-18,1,1,1,1371.43,801.36,1371.43,801.36,30000,0,0,0,0,0,0,0
1383,1658,75069166,73121166,22161,7933,93,7955,0,10,-18,10,-18,1,1,1,1417.14,823.72,1417.14,823.72,33875,0,0,0,0,0,0,0
1384,1659,67337587,66763875,22701,7933,93,7955,0,10,-18,10,-18,1,1,1,1417.14,823.72,1417.14,823.72,32667,0,0,0,0,0,0,0
1385,1660,66203042,66655875,22341,7933,93,7955,0,11,-18,11,-18,1,1,1,1462.86,845.83,1462.86,845.83,33791,0,0,0,0,0,0,0
1386,1661,62068630,64157833,22225,7933,93,7955,0,12,-18,12,-18,1,1,1,1508.57,868.27,1508.57,868.27,32750,0,0,0,0,0,0,0
1387,1662,52703458,51298875,22073,7933,93,7955,0,12,-18,12,-18,1,1,1,1508.57,868.27,1508.57,868.27,26250,0,0,0,0,0,0,0
1388,1663,49825623,51211916,22137,7933,93,7955,0,13,-18,13,-18,1,1,1,1554.29,892.25,1554.29,892.25,23875,0,0,0,0,0,0,0
1389,1664,46507831,46581417,22213,7933,96,7955,0,14,-18,14,-18,1,1,1,1600,918.02,1600,918.02,27500,0,0,0,0,0,0,0
1390,1665,45518167,44093542,22073,7933,93,7955,0,14,-18,14,-18,1,1,1,1600,918.02,1600,918.02,22042,0,0,0,0,0,0,0
1391,1666,40100872,41512041,22137,7933,93,7955,0,15,-18,15,-18,1,1,1,1645.71,944.98,1645.71,944.98,17792,0,0,0,0,0,0,0
1392,1667,43873582,43776042,22073,7933,93,7955,0,16,-18,16,-18,1,1,1,1691.43,972.01,1691.43,972.01,18500,0,0,0,0,0,0,0
1393,1668,49082547,47471292,22161,7933,93,7955,0,16,-18,16,-18,1,1,1,1691.43,972.01,1691.43,972.01,21000,0,0,0,0,0,0,0
1394,1669,47045372,46895125,22753,7933,93,7955,0,15,-18,15,-18,1,1,1,1645.71,944.98,1645.71,944.98,20958,0,0,0,0,0,0,0
1395,1670,44706333,46458458,22289,7933,93,7955,0,14,-18,14,-18,1,1,1,1600,918.02,1600,918.02,21375,0,0,0,0,0,0,0
1396,1671,47962415,46562542,22073,7934,94,7956,0,14,-18,14,-18,1,1,1,1600,918.02,1600,918.02,21166,0,0,0,0,0,0,0
1397,1672,47905378,49215667,22225,7933,93,7955,0,13,-18,13,-18,1,1,1,1554.29,892.25,1554.29,892.25,21584,0,0,0,0,0,0,0
1398,1673,56934118,55188000,22073,7933,93,7955,0,12,-18,12,-18,1,1,1,1508.57,868.27,1508.57,868.27,25750,0,0,0,0,0,0,0
1399,1674,59205830,60828084,22189,7933,93,7955,0,12,-18,12,-18,1,1,1,1508.57,868.27,1508.57,868.27,26041,0,0,0,0,0,0,0
1400,1675,56117296,54602833,22161,7933,96,7955,0,11,-18,11,-18,1,1,1,1462.86,845.83,1462.86,845.83,26042,0,0,0,0,0,0,0
1401,1676,51524333,53049042,22137,7933,93,7955,0,10,-18,10,-18,1,1,1,1417.14,823.72,1417.14,823.72,25542,0,0,0,0,0,0,0
1402,1677,52343957,50851208,22073,7933,93,7955,0,10,-18,10,-18,1,1,1,1417.14,823.72,1417.14,823.72,25875,0,0,0,0,0,0,0
1403,1678,42409289,43946209,22277,7933,93,7955,0,9,-18,9,-18,1,1,1,1371.43,801.36,1371.43,801.36,20250,0,0,0,0,0,0,0
1404,1679,42260296,40970542,22637,7933,93,7955,0,8,-18,8,-18,1,1,1,1325.71,772.98,1325.71,772.98,19833,0,0,0,0,0,0,0
1405,1680,38853041,38572167,22289,7933,93,7955,0,8,-18,8,-18,1,1,1,1325.71,772.98,1325.71,772.98,17042,0,0,0,0,0,0,0
1406,1681,36248166,37668083,22137,7933,93,7955,0,7,-18,7,-18,1,1,1,1280,736.66,1280,736.66,18167,0,0,0,0,0,0,0
1407,1682,35930540,36021916,22161,7933,93,7955,0,6,-18,6,-18,1,1,1,1234.29,696.59,1234.29,696.59,15083,0,0,0,0,0,0,0
1408,1683,36858625,35773000,22073,7933,93,7955,0,6,-18,6,-18,1,1,1,1234.29,696.59,1234.29,696.59,15583,0,0,0,0,0,0,0
1409,1684,34338627,35443125,22189,7933,93,7955,0,5,-18,5,-18,1,1,1,1188.57,662.98,1188.57,662.98,18208,0,0,0,0,0,0,0
1410,1685,42906709,42781667,27553,7933,93,7955,0,4,-18,4,-18,1,1,1,1142.86,635.99,1142.86,635.99,296875,0,275541,270375,0,0,0,0
1411,1686,40765333,39280667,22161,7934,97,7956,0,4,-18,4,-18,1,1,1,1142.86,635.99,1142.86,635.99,16875,0,0,0,0,0,0,0
1412,1687,38320161,39707916,22137,7933,93,7955,0,3,-18,3,-18,1,1,1,1097.14,613.14,1097.14,613.14,15917,0,0,0,0,0,0,0
1413,1688,45206710,45107708,22073,7933,93,7955,0,2,-18,2,-18,1,1,1,1051.43,590.28,1051.43,590.28,16167,0,0,0,0,0,0,0
1414,1689,44328875,43084458,22125,7933,93,7955,0,2,-18,2,-18,1,1,1,1051.43,590.28,1051.43,590.28,18458,0,0,0,0,0,0,0
1415,1690,43568581,44960333,22225,7933,93,7955,0,1,-18,1,-18,1,1,1,1005.71,567.42,1005.71,567.42,25458,0,0,0,0,0,0,0
1416,1691,54746795,52786500,22637,7933,93,7955,0,0,-18,0,-18,1,1,1,960,544.56,960,544.56,22083,0,0,0,0,0,0,0
1417,1692,53171209,53367209,22289,7933,93,7955,0,0,-18,0,-18,1,1,1,960,544.56,960,544.56,22834,0,0,0,0,0,0,0
1418,1693,52544414,54155708,22225,7933,93,7955,0,-1,-18,-1,-18,1,1,1,914.29,521.71,914.29,521.71,41000,0,0,0,0,0,0,0
1419,1694,52651040,51097250,22125,7933,93,7955,0,-2,-18,-2,-18,1,1,1,868.57,498.85,868.57,498.85,24125,0,0,0,0,0,0,0
1420,1695,45610163,47112083,22137,7933,93,7955,0,-2,-18,-2,-18,1,1,1,868.57,498.85,868.57,498.85,20167,0,0,0,0,0,0,0
1421,1696,48593793,48615625,22161,7933,93,7955,0,-3,-18,-3,-18,1,1,1,822.86,475.99,822.86,475.99,21417,0,0,0,0,0,0,0
1422,1697,46894252,45521792,22073,7933,96,7955,0,-4,-18,-4,-18,1,1,1,777.14,453.14,777.14,453.14,21000,0,0,0,0,0,0,0
1423,1698,44249206,45571375,22137,7933,93,7955,0,-4,-18,-4,-18,1,1,1,777.14,453.14,777.14,453.14,20625,0,0,0,0,0,0,0
1424,1699,45676998,45412542,32397,7933,93,7955,0,-5,-18,-5,-18,1,1,1,731.43,431,731.43,431,415958,0,388417,384500,0,0,0,0
1425,1700,46173248,45128958,22161,7933,93,7955,0,-6,-18,-6,-18,1,1,1,685.71,416.09,685.71,416.09,21584,0,0,0,0,0,0,0
1426,1701,44544208,45825375,22137,7934,94,7956,0,-6,-18,-6,-18,1,1,1,685.71,416.09,685.71,416.09,24250,0,0,0,0,0,0,0
1427,1702,46674001,45111959,22637,7933,93,7955,0,-8,-18,-8,-18,1,1,1,594.29,422.77,594.29,422.77,21625,0,0,0,0,0,0,0
1428,1703,42741205,42985250,22289,7933,93,7955,0,-9,-18,-9,-18,1,1,1,548.57,418.39,548.57,418.39,22250,0,0,0,0,0,0,0
1429,1704,43057546,44274125,22277,7933,93,7955,0,-9,-18,-9,-18,1,1,1,548.57,418.39,548.57,418.39,19917,0,0,0,0,0,0,0
1430,1705,44451750,44494542,22073,7933,93,7955,0,-10,-18,-10,-18,1,1,1,502.86,399.44,502.86,399.44,22625,0,0,0,0,0,0,0
1431,1706,47065660,45446916,22073,7933,93,7955,0,-11,-18,-11,-18,1,1,1,457.14,380.06,457.14,380.06,21417,0,0,0,0,0,0,0
1432,1707,48153456,49690666,22137,7933,93,7955,0,-11,-18,-11,-18,1,1,1,457.14,380.06,457.14,380.06,25125,0,0,0,0,0,0,0
1433,1708,45333921,45340250,22161,7933,96,7955,0,-12,-18,-12,-18,1,1,1,411.43,359.32,411.43,359.32,21833,0,0,0,0,0,0,0
1434,1709,45790001,44294542,22125,7933,93,7955,0,-13,-18,-13,-18,1,1,1,365.71,336.6,365.71,336.6,21417,0,0,0,0,0,0,0
1435,1710,43669912,45103458,22137,7933,93,7955,0,-13,-18,-13,-18,1,1,1,365.71,336.6,365.71,336.6,21125,0,0,0,0,0,0,0
1436,1711,45008290,45000916,22073,7933,93,7955,0,-14,-18,-14,-18,1,1,1,320,311.82,320,311.82,23584,0,0,0,0,0,0,0
1437,1712,47178756,45812250,22161,7933,93,7955,0,-15,-18,-15,-18,1,1,1,274.29,285.43,274.29,285.43,21167,0,0,0,0,0,0,0
1438,1713,44267412,44312125,22701,7933,93,7955,0,-15,-18,-15,-18,1,1,1,274.29,285.43,274.29,285.43,46583,0,0,0,0,0,0,0
1439,1714,40530461,41869125,22341,7933,93,7955,0,-16,-18,-16,-18,1,1,1,228.57,258.09,228.57,258.09,40625,0,0,0,0,0,0,0
1440,1715,38908746,37673750,22073,7933,93,7955,0,-17,-18,-17,-18,1,1,1,182.86,230.19,182.86,230.19,36667,0,0,0,0,0,0,0
1441,1716,36338463,37550417,22225,7934,94,7956,0,-17,-18,-17,-18,1,1,1,182.86,230.19,182.86,230.19,37833,0,0,0,0,0,0,0
1442,1717,37776794,37770334,22073,7933,93,7955,0,-16,-18,-16,-18,1,1,1,228.57,258.09,228.57,258.09,36750,0,0,0,0,0,0,0
1443,1718,40128041,39050417,22073,7933,93,7955,0,-15,-18,-15,-18,1,1,1,274.29,285.43,274.29,285.43,41917,0,0,0,0,0,0,0
1444,1719,32618287,33681875,22137,7933,96,7955,0,-15,-18,-15,-18,1,1,1,274.29,285.43,274.29,285.43,37709,0,0,0,0,0,0,0
1445,1720,33574126,33512209,22125,7933,93,7955,0,-14,-18,-14,-18,1,1,1,320,311.82,320,311.82,33583,0,0,0,0,0,0,0
1446,1721,34565247,33552125,22161,7933,93,7955,0,-13,-18,-13,-18,1,1,1,365.71,336.6,365.71,336.6,16750,0,0,0,0,0,0,0
1447,1722,34835748,35797542,22137,7933,93,7955,0,-13,-18,-13,-18,1,1,1,365.71,336.6,365.71,336.6,16209,0,0,0,0,0,0,0
1448,1723,35672165,35741750,22073,7933,93,7955,0,-12,-18,-12,-18,1,1,1,411.43,359.32,411.43,359.32,16417,0,0,0,0,0,0,0
1449,1724,36903083,35222250,22073,7933,93,7955,0,-11,-18,-11,-18,1,1,1,457.14,380.06,457.14,380.06,16416,0,0,0,0,0,0,0
1450,1725,35020124,36516625,22137,7933,93,7955,0,-11,-18,-11,-18,1,1,1,457.14,380.06,457.14,380.06,18166,0,0,0,0,0,0,0
1451,1726,37883043,36912209,22777,7933,93,7955,0,-10,-18,-10,-18,1,1,1,502.86,399.44,502.86,399.44,19000,0,0,0,0,0,0,0
1452,1727,35915624,35905833,22289,7933,93,7955,0,-9,-18,-9,-18,1,1,1,548.57,418.39,548.57,418.39,16750,0,0,0,0,0,0,0
1453,1728,37987455,39036959,22137,7933,93,7955,0,-9,-18,-9,-18,1,1,1,548.57,418.39,548.57,418.39,17583,0,0,0,0,0,0,0
1454,1729,43457999,43368083,22073,7933,93,7955,0,-8,-18,-8,-18,1,1,1,594.29,422.77,594.29,422.77,18833,0,0,0,0,0,0,0
1455,1730,47764670,46449500,22161,7933,93,7955,0,-6,-18,-6,-18,1,1,1,685.71,416.09,685.71,416.09,21833,0,0,0,0,0,0,0
1456,1731,49627203,50899208,22189,7934,94,7956,0,-6,-18,-6,-18,1,1,1,685.71,416.09,685.71,416.09,21583,0,0,0,0,0,0,0
1457,1732,57310834,55578458,22073,7933,93,7955,0,-5,-18,-5,-18,1,1,1,731.43,431,731.43,431,26625,0,0,0,0,0,0,0
1458,1733,51871627,53528542,27705,7933,96,7955,0,-4,-18,-4,-18,1,1,1,777.14,453.14,777.14,453.14,450167,0,418042,413041,0,0,0,0
1459,1734,58087166,56128041,22073,7933,93,7955,0,-4,-18,-4,-18,1,1,1,777.14,453.14,777.14,453.14,27417,0,0,0,0,0,0,0
1460,1735,59115044,60890334,22189,7933,93,7955,0,-3,-18,-3,-18,1,1,1,822.86,475.99,822.86,475.99,30333,0,0,0,0,0,0,0
1461,1736,57210374,54544792,22725,7933,93,7955,0,-2,-18,-2,-18,1,1,1,868.57,498.85,868.57,498.85,23167,0,0,0,0,0,0,0
1462,1737,51363661,53911416,34877,7933,93,7955,0,-2,-18,-2,-18,1,1,1,868.57,498.85,868.57,498.85,23208,0,0,0,0,0,0,0
1463,1738,55547378,53925333,22073,7933,93,7955,0,-1,-18,-1,-18,1,1,1,914.29,521.71,914.29,521.71,22333,0,0,0,0,0,0,0
1464,1739,51302373,53101250,22277,7933,93,7955,0,0,-18,0,-18,1,1,1,960,544.56,960,544.56,24667,0,0,0,0,0,0,0
1465,1740,49382001,47757708,22073,7933,93,7955,0,0,-18,0,-18,1,1,1,960,544.56,960,544.56,22750,0,0,0,0,0,0,0
1466,1741,48170123,49844291,22137,7933,93,7955,0,1,-18,1,-18,1,1,1,1005.71,567.42,1005.71,567.42,20833,0,0,0,0,0,0,0
1467,1742,45640043,45595041,22073,7933,96,7955,0,2,-18,2,-18,1,1,1,1051.43,590.28,1051.43,590.28,18792,0,0,0,0,0,0,0
1468,1743,47799624,46420292,22161,7933,93,7955,0,2,-18,2,-18,1,1,1,1051.43,590.28,1051.43,590.28,19167,0,0,0,0,0,0,0
1469,1744,45219127,46439792,22189,7933,93,7955,0,3,-18,3,-18,1,1,1,1097.14,613.14,1097.14,613.14,18584,0,0,0,0,0,0,0
1470,1745,44829953,44946042,22073,7933,93,7955,0,4,-18,4,-18,1,1,1,1142.86,635.99,1142.86,635.99,20250,0,0,0,0,0,0,0
1471,1746,47154422,45801458,22073,7934,94,7956,0,4,-18,4,-18,1,1,1,1142.86,635.99,1142.86,635.99,19166,0,0,0,0,0,0,0
1472,1747,45937832,45916958,33061,7933,93,7955,0,5,-18,5,-18,1,1,1,1188.57,662.98,1188.57,662.98,420416,0,396708,392833,0,0,0,0
1473,1748,44643450,45789084,22289,7933,93,7955,0,6,-18,6,-18,1,1,1,1234.29,696.59,1234.29,696.59,18791,0,0,0,0,0,0,0
1474,1749,46573251,45333583,22125,7933,93,7955,0,6,-18,6,-18,1,1,1,1234.29,696.59,1234.29,696.59,19375,0,0,0,0,0,0,0
1475,1750,49558255,50696792,22137,7933,93,7955,0,7,-18,7,-18,1,1,1,1280,736.66,1280,736.66,20792,0,0,0,0,0,0,0
1476,1751,54115541,52433042,22161,7933,93,7955,0,8,-18,8,-18,1,1,1,1325.71,772.98,1325.71,772.98,24375,0,0,0,0,0,0,0
1477,1752,53952585,55766041,22137,7933,93,7955,0,8,-18,8,-18,1,1,1,1325.71,772.98,1325.71,772.98,24958,0,0,0,0,0,0,0
1478,1753,49333289,48046000,22125,7933,96,7955,0,9,-18,9,-18,1,1,1,1371.43,801.36,1371.43,801.36,24792,0,0,0,0,0,0,0
1479,1754,43448410,44757833,22225,7933,93,7955,0,10,-18,10,-18,1,1,1,1417.14,823.72,1417.14,823.72,20875,0,0,0,0,0,0,0
1480,1755,42891792,42895334,22073,7933,93,7955,0,10,-18,10,-18,1,1,1,1417.14,823.72,1417.14,823.72,22166,0,0,0,0,0,0,0
1481,1756,41824378,40484208,22073,7933,93,7955,0,11,-18,11,-18,1,1,1,1462.86,845.83,1462.86,845.83,22084,0,0,0,0,0,0,0
1482,1757,41204746,40373625,22701,7933,93,7955,0,12,-18,12,-18,1,1,1,1508.57,868.27,1508.57,868.27,19334,0,0,0,0,0,0,0
1483,1758,39212875,41281417,22429,7933,93,7955,0,12,-18,12,-18,1,1,1,1508.57,868.27,1508.57,868.27,18709,0,0,0,0,0,0,0
1484,1759,40116667,38744000,22073,7933,93,7955,0,13,-18,13,-18,1,1,1,1554.29,892.25,1554.29,892.25,18875,0,0,0,0,0,0,0
1485,1760,36350749,37712917,22137,7933,93,7955,0,14,-18,14,-18,1,1,1,1600,918.02,1600,918.02,16333,0,0,0,0,0,0,0
1486,1761,41847124,41514416,22073,7934,94,7956,0,14,-18,14,-18,1,1,1,1600,918.02,1600,918.02,21834,0,0,0,0,0,0,0
1487,1762,40928296,39702500,22161,7933,93,7955,0,15,-18,15,-18,1,1,1,1645.71,944.98,1645.71,944.98,23292,0,0,0,0,0,0,0
1488,1763,44365037,45720833,22137,7933,93,7955,0,16,-18,16,-18,1,1,1,1691.43,972.01,1691.43,972.01,20833,0,0,0,0,0,0,0
1489,1764,44586833,44648208,22125,7933,96,7955,0,16,-18,16,-18,1,1,1,1691.43,972.01,1691.43,972.01,21291,0,0,0,0,0,0,0
1490,1765,47757461,45981750,22073,7933,93,7955,0,15,-18,15,-18,1,1,1,1645.71,944.98,1645.71,944.98,21125,0,0,0,0,0,0,0
1491,1766,44136911,45807750,22225,7933,93,7955,0,14,-18,14,-18,1,1,1,1600,918.02,1600,918.02,21084,0,0,0,0,0,0,0
1492,1767,49323547,49235791,22073,7933,93,7955,0,14,-18,14,-18,1,1,1,1600,918.02,1600,918.02,21959,0,0,0,0,0,0,0
1493,1768,54984249,53502375,22073,7933,93,7955,0,13,-18,13,-18,1,1,1,1554.29,892.25,1554.29,892.25,26166,0,0,0,0,0,0,0
1494,1769,53302332,53225833,22753,7933,93,7955,0,12,-18,12,-18,1,1,1,1508.57,868.27,1508.57,868.27,26458,0,0,0,0,0,0,0
1495,1770,50096832,50423667,22377,7933,93,7955,0,12,-18,12,-18,1,1,1,1508.57,868.27,1508.57,868.27,25750,0,0,0,0,0,0,0
1496,1771,47248668,48507542,22137,7933,93,7955,0,11,-18,11,-18,1,1,1,1462.86,845.83,1462.86,845.83,21459,0,0,0,0,0,0,0
1497,1772,47736208,47781791,22073,7933,93,7955,0,10,-18,10,-18,1,1,1,1417.14,823.72,1417.14,823.72,21084,0,0,0,0,0,0,0
1498,1773,53253542,51734334,22073,7933,93,7955,0,10,-18,10,-18,1,1,1,1417.14,823.72,1417.14,823.72,21709,0,0,0,0,0,0,0
1499,1774,50934452,52383833,22277,7933,96,7955,0,9,-18,9,-18,1,1,1,1371.43,801.36,1371.43,801.36,24333,0,0,0,0,0,0,0
1500,1775,53168714,51828333,22073,7933,93,7955,0,8,-18,8,-18,1,1,1,1325.71,772.98,1325.71,772.98,24084,0,0,0,0,0,0,0
1501,1776,48231206,49490875,22137,7934,94,7956,0,8,-18,8,-18,1,1,1,1325.71,772.98,1325.71,772.98,19917,0,0,0,0,0,0,0
1502,1777,50255745,50267875,22161,7933,93,7955,0,7,-18,7,-18,1,1,1,1280,736.66,1280,736.66,20959,0,0,0,0,0,0,0
1503,1778,46944081,45641458,22125,7933,93,7955,0,6,-18,6,-18,1,1,1,1234.29,696.59,1234.29,696.59,19792,0,0,0,0,0,0,0
1504,1779,46364001,46090750,22701,7933,93,7955,0,6,-18,6,-18,1,1,1,1234.29,696.59,1234.29,696.59,18583,0,0,0,0,0,0,0
1505,1780,44005122,45253708,22289,7933,93,7955,0,5,-18,5,-18,1,1,1,1188.57,662.98,1188.57,662.98,19125,0,0,0,0,0,0,0
1506,1781,46446789,45387708,27641,7933,93,7955,0,4,-18,4,-18,1,1,1,1142.86,635.99,1142.86,635.99,430750,0,401458,396125,0,0,0,0
1507,1782,43516214,44851458,22137,7933,93,7955,0,4,-18,4,-18,1,1,1,1142.86,635.99,1142.86,635.99,24417,0,0,0,0,0,0,0
1508,1783,46987578,46929791,22125,7933,93,7955,0,3,-18,3,-18,1,1,1,1097.14,613.14,1097.14,613.14,18792,0,0,0,0,0,0,0
1509,1784,47383837,45907083,22073,7933,93,7955,0,2,-18,2,-18,1,1,1,1051.43,590.28,1051.43,590.28,19375,0,0,0,0,0,0,0
1510,1785,41315454,42747583,22225,7933,96,7955,0,2,-18,2,-18,1,1,1,1051.43,590.28,1051.43,590.28,18625,0,0,0,0,0,0,0
1511,1786,40291085,40348792,22073,7933,93,7955,0,1,-18,1,-18,1,1,1,1005.71,567.42,1005.71,567.42,18542,0,0,0,0,0,0,0
1512,1787,38977790,37749083,22073,7933,93,7955,0,0,-18,0,-18,1,1,1,960,544.56,960,544.56,16000,0,0,0,0,0,0,0
1513,1788,35743877,36879167,22189,7933,93,7955,0,0,-18,0,-18,1,1,1,960,544.56,960,544.56,15750,0,0,0,0,0,0,0
1514,1789,33532001,33571958,22161,7933,93,7955,0,-1,-18,-1,-18,1,1,1,914.29,521.71,914.29,521.71,15083,0,0,0,0,0,0,0
1515,1790,34788541,33690042,22073,7933,93,7955,0,-2,-18,-2,-18,1,1,1,868.57,498.85,868.57,498.85,15000,0,0,0,0,0,0,0
1516,1791,33728457,33692250,22701,7934,94,7956,0,-2,-18,-2,-18,1,1,1,868.57,498.85,868.57,498.85,15000,0,0,0,0,0,0,0
1517,1792,32401289,33496917,22289,7933,93,7955,0,-3,-18,-3,-18,1,1,1,822.86,475.99,822.86,475.99,15208,0,0,0,0,0,0,0
1518,1793,34773334,33611583,22073,7933,93,7955,0,-4,-18,-4,-18,1,1,1,777.14,453.14,777.14,453.14,15833,0,0,0,0,0,0,0
1519,1794,32499786,33626375,22277,7933,93,7955,0,-4,-18,-4,-18,1,1,1,777.14,453.14,777.14,453.14,16083,0,0,0,0,0,0,0
1520,1795,33584628,33572125,32345,7933,93,7955,0,-5,-18,-5,-18,1,1,1,731.43,431,731.43,431,319417,0,298333,295166,0,0,0,0
1521,1796,34604579,33521667,22073,7933,93,7955,0,-6,-18,-6,-18,1,1,1,685.71,416.09,685.71,416.09,16792,0,0,0,0,0,0,0
1522,1797,35753253,36789417,22137,7933,93,7955,0,-6,-18,-6,-18,1,1,1,685.71,416.09,685.71,416.09,18500,0,0,0,0,0,0,0
1523,1798,33702790,33679541,22073,7933,96,7955,0,-8,-18,-8,-18,1,1,1,594.29,422.77,594.29,422.77,16292,0,0,0,0,0,0,0
1524,1799,35804081,34341667,22161,7933,93,7955,0,-9,-18,-9,-18,1,1,1,548.57,418.39,548.57,418.39,17167,0,0,0,0,0,0,0
1525,1800,33407837,34900166,22189,7933,93,7955,0,-9,-18,-9,-18,1,1,1,548.57,418.39,548.57,418.39,18125,0,0,0,0,0,0,0
1526,1801,31793914,31679167,22073,7933,93,7955,0,-10,-18,-10,-18,1,1,1,502.86,399.44,502.86,399.44,15750,0,0,0,0,0,0,0
1527,1802,36476749,35476125,22073,7933,93,7955,0,-11,-18,-11,-18,1,1,1,457.14,380.06,457.14,380.06,16542,0,0,0,0,0,0,0
1528,1803,34563045,35546333,22137,7933,93,7955,0,-11,-18,-11,-18,1,1,1,457.14,380.06,457.14,380.06,18542,0,0,0,0,0,0,0
1529,1804,35776119,35678500,22161,7933,93,7955,0,-12,-18,-12,-18,1,1,1,411.43,359.32,411.43,359.32,18500,0,0,0,0,0,0,0
1530,1805,39932914,37589041,22637,7933,93,7955,0,-13,-18,-13,-18,1,1,1,365.71,336.6,365.71,336.6,17375,0,0,0,0,0,0,0
1531,1806,34383792,36827208,22405,7934,94,7956,0,-13,-18,-13,-18,1,1,1,365.71,336.6,365.71,336.6,16750,0,0,0,0,0,0,0
1532,1807,35659041,35554084,22073,7933,93,7955,0,-14,-18,-14,-18,1,1,1,320,311.82,320,311.82,17083,0,0,0,0,0,0,0
1533,1808,38339875,36721209,22073,7933,93,7955,0,-15,-18,-15,-18,1,1,1,274.29,285.43,274.29,285.43,16542,0,0,0,0,0,0,0
1534,1809,43419081,44986750,22225,7933,93,7955,0,-15,-18,-15,-18,1,1,1,274.29,285.43,274.29,285.43,43541,0,0,0,0,0,0,0
1535,1810,61159331,59125667,22073,7933,93,7955,0,-16,-18,-16,-18,1,1,1,228.57,258.09,228.57,258.09,72625,0,0,0,0,0,0,0
1536,1811,77295340,78639083,22189,7933,93,7955,0,-17,-18,-17,-18,1,1,1,182.86,230.19,182.86,230.19,84541,0,0,0,0,0,0,0
1537,1812,83671748,81107958,22161,7933,96,7955,0,-17,-18,-17,-18,1,1,1,182.86,230.19,182.86,230.19,223083,0,0,0,0,0,0,0
1538,1813,64658664,67299250,22137,7933,93,7955,0,-16,-18,-16,-18,1,1,1,228.57,258.09,228.57,258.09,90125,0,0,0,0,0,0,0
1539,1814,72487711,68436584,22689,7933,93,7955,0,-15,-18,-15,-18,1,1,1,274.29,285.43,274.29,285.43,68417,0,0,0,0,0,0,0
1540,1815,57939626,62310208,22441,7933,93,7955,0,-15,-18,-15,-18,1,1,1,274.29,285.43,274.29,285.43,64458,0,0,0,0,0,0,0
1541,1816,55303499,53747917,22073,7933,93,7955,0,-14,-18,-14,-18,1,1,1,320,311.82,320,311.82,49458,0,0,0,0,0,0,0
1542,1817,46486373,47989459,22137,7933,93,7955,0,-13,-18,-13,-18,1,1,1,365.71,336.6,365.71,336.6,21459,0,0,0,0,0,0,0
1543,1818,45061748,45151125,22213,7933,93,7955,0,-13,-18,-13,-18,1,1,1,365.71,336.6,365.71,336.6,45917,0,0,0,0,0,0,0
1544,1819,49239873,47758875,22073,7933,93,7955,0,-12,-18,-12,-18,1,1,1,411.43,359.32,411.43,359.32,19500,0,0,0,0,0,0,0
1545,1820,44062372,45428125,22137,7933,96,7955,0,-11,-18,-11,-18,1,1,1,457.14,380.06,457.14,380.06,18666,0,0,0,0,0,0,0
1546,1821,45699547,45522916,22073,7934,94,7956,0,-11,-18,-11,-18,1,1,1,457.14,380.06,457.14,380.06,21334,0,0,0,0,0,0,0
1547,1822,46659041,45426084,22161,7933,93,7955,0,-10,-18,-10,-18,1,1,1,502.86,399.44,502.86,399.44,22958,0,0,0,0,0,0,0
1548,1823,45024164,46378458,22189,7933,93,7955,0,-9,-18,-9,-18,1,1,1,548.57,418.39,548.57,418.39,22666,0,0,0,0,0,0,0
1549,1824,47279082,45929667,22637,7933,93,7955,0,-9,-18,-9,-18,1,1,1,548.57,418.39,548.57,418.39,22542,0,0,0,0,0,0,0
1550,1825,46416793,46337875,22289,7933,93,7955,0,-8,-18,-8,-18,1,1,1,594.29,422.77,594.29,422.77,21875,0,0,0,0,0,0,0
1551,1826,44767998,45934417,22225,7933,93,7955,0,-6,-18,-6,-18,1,1,1,685.71,416.09,685.71,416.09,25500,0,0,0,0,0,0,0
1552,1827,46455498,46627333,22073,7933,93,7955,0,-6,-18,-6,-18,1,1,1,685.71,416.09,685.71,416.09,22750,0,0,0,0,0,0,0
1553,1828,47360673,46090084,22125,7933,93,7955,0,-5,-18,-5,-18,1,1,1,731.43,431,731.43,431,21708,0,0,0,0,0,0,0
1554,1829,49185331,50397000,27617,7933,93,7955,0,-4,-18,-4,-18,1,1,1,777.14,453.14,777.14,453.14,400209,0,372500,366958,0,0,0,0
1555,1830,44857788,44933834,22161,7933,96,7955,0,-4,-18,-4,-18,1,1,1,777.14,453.14,777.14,453.14,21791,0,0,0,0,0,0,0
1556,1831,46104796,44893250,22073,7933,93,7955,0,-3,-18,-3,-18,1,1,1,822.86,475.99,822.86,475.99,21667,0,0,0,0,0,0,0
1557,1832,42792912,43956625,22137,7933,93,7955,0,-2,-18,-2,-18,1,1,1,868.57,498.85,868.57,498.85,18792,0,0,0,0,0,0,0
1558,1833,42714625,42681167,22125,7933,93,7955,0,-2,-18,-2,-18,1,1,1,868.57,498.85,868.57,498.85,19542,0,0,0,0,0,0,0
1559,1834,38856163,37726333,22161,7933,93,7955,0,-1,-18,-1,-18,1,1,1,914.29,521.71,914.29,521.71,17875,0,0,0,0,0,0,0
1560,1835,37019457,38161542,22137,7933,93,7955,0,0,-18,0,-18,1,1,1,960,544.56,960,544.56,15750,0,0,0,0,0,0,0
1561,1836,39047624,37842125,22637,7934,94,7956,0,0,-18,0,-18,1,1,1,960,544.56,960,544.56,16750,0,0,0,0,0,0,0
1562,1837,39251793,38974875,22289,7933,93,7955,0,1,-18,1,-18,1,1,1,1005.71,567.42,1005.71,567.42,15709,0,0,0,0,0,0,0
1563,1838,35892248,37351166,22225,7933,93,7955,0,2,-18,2,-18,1,1,1,1051.43,590.28,1051.43,590.28,16083,0,0,0,0,0,0,0
1564,1839,37157293,37141458,22125,7933,93,7955,0,2,-18,2,-18,1,1,1,1051.43,590.28,1051.43,590.28,15083,0,0,0,0,0,0,0
1565,1840,36702662,35632209,22073,7933,93,7955,0,3,-18,3,-18,1,1,1,1097.14,613.14,1097.14,613.14,14458,0,0,0,0,0,0,0
1566,1841,36950375,37986959,22137,7933,93,7955,0,4,-18,4,-18,1,1,1,1142.86,635.99,1142.86,635.99,14625,0,0,0,0,0,0,0
1567,1842,42879045,42806708,22073,7933,93,7955,0,4,-18,4,-18,1,1,1,1142.86,635.99,1142.86,635.99,16667,0,0,0,0,0,0,0
1568,1843,42781993,41196000,32433,7933,96,7955,0,5,-18,5,-18,1,1,1,1188.57,662.98,1188.57,662.98,348041,0,324958,320958,0,0,0,0
1569,1844,43289624,44848792,22137,7933,93,7955,0,6,-18,6,-18,1,1,1,1234.29,696.59,1234.29,696.59,19250,0,0,0,0,0,0,0
1570,1845,46757292,46727792,22125,7933,93,7955,0,6,-18,6,-18,1,1,1,1234.29,696.59,1234.29,696.59,19917,0,0,0,0,0,0,0
1571,1846,53560338,51899375,22073,7933,93,7955,0,7,-18,7,-18,1,1,1,1280,736.66,1280,736.66,20542,0,0,0,0,0,0,0
1572,1847,54719123,56194666,22225,7933,93,7955,0,8,-18,8,-18,1,1,1,1325.71,772.98,1325.71,772.98,70792,0,0,0,0,0,0,0
1573,1848,63694119,60714708,22637,7933,93,7955,0,8,-18,8,-18,1,1,1,1325.71,772.98,1325.71,772.98,30417,0,0,0,0,0,0,0
1574,1849,53728047,56678416,22405,7933,93,7955,0,9,-18,9,-18,1,1,1,1371.43,801.36,1371.43,801.36,24917,0,0,0,0,0,0,0
1575,1850,55920168,54459625,22161,7933,93,7955,0,10,-18,10,-18,1,1,1,1417.14,823.72,1417.14,823.72,26750,0,0,0,0,0,0,0
1576,1851,52462123,53962625,22137,7934,94,7956,0,10,-18,10,-18,1,1,1,1417.14,823.72,1417.14,823.72,25250,0,0,0,0,0,0,0
1577,1852,59252914,57058000,22073,7933,93,7955,0,11,-18,11,-18,1,1,1,1462.86,845.83,1462.86,845.83,26959,0,0,0,0,0,0,0
1578,1853,51965419,54067250,22277,7933,96,7955,0,12,-18,12,-18,1,1,1,1508.57,868.27,1508.57,868.27,27584,0,0,0,0,0,0,0
1579,1854,50332292,49083917,22073,7933,93,7955,0,12,-18,12,-18,1,1,1,1508.57,868.27,1508.57,868.27,26125,0,0,0,0,0,0,0
1580,1855,47673542,48777625,22137,7933,93,7955,0,13,-18,13,-18,1,1,1,1554.29,892.25,1554.29,892.25,22208,0,0,0,0,0,0,0
1581,1856,47635290,47760708,22161,7933,93,7955,0,14,-18,14,-18,1,1,1,1600,918.02,1600,918.02,21458,0,0,0,0,0,0,0
1582,1857,53783547,50189542,22839,7933,93,7955,0,14,-18,14,-18,1,1,1,1600,918.02,1600,918.02,27875,0,0,0,0,0,0,0
1583,1858,48699289,52175959,22405,7933,93,7955,0,15,-18,15,-18,1,1,1,1645.71,944.98,1645.71,944.98,26084,0,0,0,0,0,0,0
1584,1859,50273291,49075333,22161,7933,93,7955,0,16,-18,16,-18,1,1,1,1691.43,972.01,1691.43,972.01,24583,0,0,0,0,0,0,0
1585,1860,47370165,48655166,22137,7933,93,7955,0,16,-18,16,-18,1,1,1,1691.43,972.01,1691.43,972.01,21042,0,0,0,0,0,0,0
1586,1861,46558871,46556000,22073,7933,93,7955,0,15,-18,15,-18,1,1,1,1645.71,944.98,1645.71,944.98,22000,0,0,0,0,0,0,0
1587,1862,53882002,52120333,22073,7933,93,7955,0,14,-18,14,-18,1,1,1,1600,918.02,1600,918.02,25209,0,0,0,0,0,0,0
1588,1863,51418706,52991500,22277,7933,96,7955,0,14,-18,14,-18,1,1,1,1600,918.02,1600,918.02,23291,0,0,0,0,0,0,0
1589,1864,52589960,50854750,22073,7933,93,7955,0,13,-18,13,-18,1,1,1,1554.29,892.25,1554.29,892.25,25958,0,0,0,0,0,0,0
1590,1865,53122088,54726750,22137,7933,93,7955,0,12,-18,12,-18,1,1,1,1508.57,868.27,1508.57,868.27,26000,0,0,0,0,0,0,0
1591,1866,56467536,54987375,22161,7934,94,7956,0,12,-18,12,-18,1,1,1,1508.57,868.27,1508.57,868.27,26708,0,0,0,0,0,0,0
1592,1867,52678789,52816084,22753,7933,93,7955,0,11,-18,11,-18,1,1,1,1462.86,845.83,1462.86,845.83,26417,0,0,0,0,0,0,0
1593,1868,48349417,48178291,22289,7933,93,7955,0,10,-18,10,-18,1,1,1,1417.14,823.72,1417.14,823.72,23541,0,0,0,0,0,0,0
1594,1869,42419124,44031458,22225,7933,93,7955,0,10,-18,10,-18,1,1,1,1417.14,823.72,1417.14,823.72,21834,0,0,0,0,0,0,0
1595,1870,44567078,44522167,22073,7933,93,7955,0,9,-18,9,-18,1,1,1,1371.43,801.36,1371.43,801.36,20375,0,0,0,0,0,0,0
1596,1871,43880086,42744125,22073,7933,93,7955,0,8,-18,8,-18,1,1,1,1325.71,772.98,1325.71,772.98,20917,0,0,0,0,0,0,0
1597,1872,44206250,45243125,22487,7933,93,7955,0,8,-18,8,-18,1,1,1,1325.71,772.98,1325.71,772.98,18166,0,0,0,0,0,0,0
1598,1873,39853706,39945125,22161,7933,96,7955,0,7,-18,7,-18,1,1,1,1280,736.66,1280,736.66,17750,0,0,0,0,0,0,0
1599,1874,41926041,40416250,22073,7933,93,7955,0,6,-18,6,-18,1,1,1,1234.29,696.59,1234.29,696.59,20625,0,0,0,0,0,0,0
1600,1875,38308333,39773667,22137,7933,93,7955,0,6,-18,6,-18,1,1,1,1234.29,696.59,1234.29,696.59,16167,0,0,0,0,0,0,0
1601,1876,39833877,39740917,22073,7933,93,7955,0,5,-18,5,-18,1,1,1,1188.57,662.98,1188.57,662.98,16958,0,0,0,0,0,0,0
1602,1877,41525539,40332791,27693,7933,93,7955,0,4,-18,4,-18,1,1,1,1142.86,635.99,1142.86,635.99,389875,0,366208,361666,0,0,0,0
1603,1878,43122164,42759750,22701,7933,93,7955,0,4,-18,4,-18,1,1,1,1142.86,635.99,1142.86,635.99,15875,0,0,0,0,0,0,0
1604,1879,44426750,45961542,22289,7933,93,7955,0,3,-18,3,-18,1,1,1,1097.14,613.14,1097.14,613.14,18167,0,0,0,0,0,0,0
1605,1880,48607207,47213167,22073,7933,93,7955,0,2,-18,2,-18,1,1,1,1051.43,590.28,1051.43,590.28,18250,0,0,0,0,0,0,0
1606,1881,51639541,52948666,22225,7934,94,7956,0,2,-18,2,-18,1,1,1,1051.43,590.28,1051.43,590.28,19083,0,0,0,0,0,0,0
1607,1882,57005044,55267500,22125,7933,93,7955,0,1,-18,1,-18,1,1,1,1005.71,567.42,1005.71,567.42,28500,0,0,0,0,0,0,0
1608,1883,55387455,56990333,22137,7933,93,7955,0,0,-18,0,-18,1,1,1,960,544.56,960,544.56,23459,0,0,0,0,0,0,0
1609,1884,55134247,53624250,22161,7933,96,7955,0,0,-18,0,-18,1,1,1,960,544.56,960,544.56,22667,0,0,0,0,0,0,0
1610,1885,53453087,54987417,22137,7933,93,7955,0,-1,-18,-1,-18,1,1,1,914.29,521.71,914.29,521.71,23000,0,0,0,0,0,0,0
1611,1886,55062994,53310667,22125,7933,93,7955,0,-2,-18,-2,-18,1,1,1,868.57,498.85,868.57,498.85,24375,0,0,0,0,0,0,0
1612,1887,47366462,49004333,22225,7933,93,7955,0,-2,-18,-2,-18,1,1,1,868.57,498.85,868.57,498.85,19875,0,0,0,0,0,0,0
1613,1888,51329873,49539417,22637,7933,93,7955,0,-3,-18,-3,-18,1,1,1,822.86,475.99,822.86,475.99,21833,0,0,0,0,0,0,0
1614,1889,47544289,48034000,22289,7933,93,7955,0,-4,-18,-4,-18,1,1,1,777.14,453.14,777.14,453.14,21459,0,0,0,0,0,0,0
1615,1890,51202502,52291208,22137,7933,93,7955,0,-4,-18,-4,-18,1,1,1,777.14,453.14,777.14,453.14,27375,0,0,0,0,0,0,0
1616,1891,50351914,49311042,32485,7933,93,7955,0,-5,-18,-5,-18,1,1,1,731.43,431,731.43,431,544750,0,508042,500375,0,0,0,0
1617,1892,51391921,52596709,22137,7933,93,7955,0,-6,-18,-6,-18,1,1,1,685.71,416.09,685.71,416.09,24208,0,0,0,0,0,0,0
1618,1893,45891914,45974083,22073,7933,96,7955,0,-6,-18,-6,-18,1,1,1,685.71,416.09,685.71,416.09,21333,0,0,0,0,0,0,0
1619,1894,45998293,44530917,22073,7933,93,7955,0,-8,-18,-8,-18,1,1,1,594.29,422.77,594.29,422.77,21250,0,0,0,0,0,0,0
1620,1895,43962627,45379125,22225,7933,93,7955,0,-9,-18,-9,-18,1,1,1,548.57,418.39,548.57,418.39,22625,0,0,0,0,0,0,0
1621,1896,45709539,45520167,22125,7934,94,7956,0,-9,-18,-9,-18,1,1,1,548.57,418.39,548.57,418.39,23125,0,0,0,0,0,0,0
1622,1897,47277875,46051292,22073,7933,93,7955,0,-10,-18,-10,-18,1,1,1,502.86,399.44,502.86,399.44,22292,0,0,0,0,0,0,0
1623,1898,45609794,45500042,22701,7933,93,7955,0,-11,-18,-11,-18,1,1,1,457.14,380.06,457.14,380.06,21542,0,0,0,0,0,0,0
1624,1899,43186083,44631875,22377,7933,93,7955,0,-11,-18,-11,-18,1,1,1,457.14,380.06,457.14,380.06,21542,0,0,0,0,0,0,0
1625,1900,44800750,43395791,22073,7933,93,7955,0,-12,-18,-12,-18,1,1,1,411.43,359.32,411.43,359.32,21584,0,0,0,0,0,0,0
1626,1901,40873121,42267084,22189,7933,93,7955,0,-13,-18,-13,-18,1,1,1,365.71,336.6,365.71,336.6,20750,0,0,0,0,0,0,0
1627,1902,37612833,37529375,22073,7933,93,7955,0,-13,-18,-13,-18,1,1,1,365.71,336.6,365.71,336.6,18000,0,0,0,0,0,0,0
1628,1903,39220251,38084750,22161,7933,93,7955,0,-14,-18,-14,-18,1,1,1,320,311.82,320,311.82,18292,0,0,0,0,0,0,0
1629,1904,39030414,40196292,22137,7933,93,7955,0,-15,-18,-15,-18,1,1,1,274.29,285.43,274.29,285.43,20292,0,0,0,0,0,0,0
1630,1905,33439539,33472458,22073,7933,96,7955,0,-15,-18,-15,-18,1,1,1,274.29,285.43,274.29,285.43,38709,0,0,0,0,0,0,0
1631,1906,34650042,33512000,22073,7933,93,7955,0,-16,-18,-16,-18,1,1,1,228.57,258.09,228.57,258.09,33791,0,0,0,0,0,0,0
1632,1907,32472413,33522167,22189,7933,93,7955,0,-17,-18,-17,-18,1,1,1,182.86,230.19,182.86,230.19,34250,0,0,0,0,0,0,0
1633,1908,33584125,33576500,22161,7933,93,7955,0,-17,-18,-17,-18,1,1,1,182.86,230.19,182.86,230.19,39000,0,0,0,0,0,0,0
1634,1909,34906499,33819417,22073,7933,93,7955,0,-16,-18,-16,-18,1,1,1,228.57,258.09,228.57,258.09,33792,0,0,0,0,0,0,0
1635,1910,32903380,33950917,22137,7933,93,7955,0,-15,-18,-15,-18,1,1,1,274.29,285.43,274.29,285.43,34625,0,0,0,0,0,0,0
1636,1911,33501163,33525542,22073,7934,94,7956,0,-15,-18,-15,-18,1,1,1,274.29,285.43,274.29,285.43,39291,0,0,0,0,0,0,0
1637,1912,35287797,33302667,22637,7933,93,7955,0,-14,-18,-14,-18,1,1,1,320,311.82,320,311.82,34375,0,0,0,0,0,0,0
1638,1913,31914081,33872750,22493,7933,93,7955,0,-13,-18,-13,-18,1,1,1,365.71,336.6,365.71,336.6,16208,0,0,0,0,0,0,0
1639,1914,33370662,33334667,22073,7933,93,7955,0,-13,-18,-13,-18,1,1,1,365.71,336.6,365.71,336.6,16292,0,0,0,0,0,0,0
1640,1915,35038422,33734833,22073,7933,93,7955,0,-12,-18,-12,-18,1,1,1,411.43,359.32,411.43,359.32,16875,0,0,0,0,0,0,0
1641,1916,32180123,33467750,22137,7933,93,7955,0,-11,-18,-11,-18,1,1,1,457.14,380.06,457.14,380.06,16500,0,0,0,0,0,0,0
1642,1917,32793253,32750083,22073,7933,93,7955,0,-11,-18,-11,-18,1,1,1,457.14,380.06,457.14,380.06,15291,0,0,0,0,0,0,0
1643,1918,38931831,37642292,22161,7933,93,7955,0,-10,-18,-10,-18,1,1,1,502.86,399.44,502.86,399.44,17250,0,0,0,0,0,0,0
1644,1919,34230038,35529042,22189,7933,96,7955,0,-9,-18,-9,-18,1,1,1,548.57,418.39,548.57,418.39,17625,0,0,0,0,0,0,0
1645,1920,35366505,35333292,22073,7933,93,7955,0,-9,-18,-9,-18,1,1,1,548.57,418.39,548.57,418.39,17125,0,0,0,0,0,0,0
1646,1921,37263628,35202417,22073,7933,93,7955,0,-8,-18,-8,-18,1,1,1,594.29,422.77,594.29,422.77,17792,0,0,0,0,0,0,0
1647,1922,36403827,38371083,22137,7933,93,7955,0,-6,-18,-6,-18,1,1,1,685.71,416.09,685.71,416.09,16750,0,0,0,0,0,0,0
1648,1923,36213915,36238792,22161,7933,93,7955,0,-6,-18,-6,-18,1,1,1,685.71,416.09,685.71,416.09,19542,0,0,0,0,0,0,0
1649,1924,39432708,38040833,22073,7933,93,7955,0,-5,-18,-5,-18,1,1,1,731.43,431,731.43,431,17375,0,0,0,0,0,0,0
1650,1925,39979625,41297500,27669,7933,93,7955,0,-4,-18,-4,-18,1,1,1,777.14,453.14,777.14,453.14,396709,0,370000,364916,0,0,0,0
1651,1926,52605584,50641375,22637,7934,94,7956,0,-4,-18,-4,-18,1,1,1,777.14,453.14,777.14,453.14,21333,0,0,0,0,0,0,0
1652,1927,67048333,66818209,22377,7933,93,7955,0,-3,-18,-3,-18,1,1,1,822.86,475.99,822.86,475.99,24916,0,0,0,0,0,0,0
1653,1928,66982209,68972625,22137,7933,93,7955,0,-2,-18,-2,-18,1,1,1,868.57,498.85,868.57,498.85,29292,0,0,0,0,0,0,0
1654,1929,71481622,68703375,22125,7933,93,7955,0,-2,-18,-2,-18,1,1,1,868.57,498.85,868.57,498.85,29625,0,0,0,0,0,0,0
1655,1930,75455330,78031542,22225,7933,93,7955,0,-1,-18,-1,-18,1,1,1,914.29,521.71,914.29,521.71,29459,0,0,0,0,0,0,0
1656,1931,69785043,67713417,22073,7933,96,7955,0,0,-18,0,-18,1,1,1,960,544.56,960,544.56,29667,0,0,0,0,0,0,0
1657,1932,57044457,58916500,22189,7933,93,7955,0,0,-18,0,-18,1,1,1,960,544.56,960,544.56,28417,0,0,0,0,0,0,0
1658,1933,53719047,51183667,22161,7933,93,7955,0,1,-18,1,-18,1,1,1,1005.71,567.42,1005.71,567.42,21209,0,0,0,0,0,0,0
1659,1934,47525454,50163375,22917,7933,93,7955,0,2,-18,2,-18,1,1,1,1051.43,590.28,1051.43,590.28,19292,0,0,0,0,0,0,0
1660,1935,44973462,45112834,22073,7933,93,7955,0,2,-18,2,-18,1,1,1,1051.43,590.28,1051.43,590.28,18750,0,0,0,0,0,0,0
1661,1936,48512123,46988125,22125,7933,93,7955,0,3,-18,3,-18,1,1,1,1097.14,613.14,1097.14,613.14,18250,0,0,0,0,0,0,0
1662,1937,45378245,46792791,22225,7933,93,7955,0,4,-18,4,-18,1,1,1,1142.86,635.99,1142.86,635.99,22667,0,0,0,0,0,0,0
1663,1938,52684042,52650709,22073,7933,93,7955,0,4,-18,4,-18,1,1,1,1142.86,635.99,1142.86,635.99,18792,0,0,0,0,0,0,0
1664,1939,58774292,56390666,32345,7933,96,7955,0,5,-18,5,-18,1,1,1,1188.57,662.98,1188.57,662.98,518834,0,488792,482417,0,0,0,0
1665,1940,54994754,57357875,22277,7933,93,7955,0,6,-18,6,-18,1,1,1,1234.29,696.59,1234.29,696.59,22708,0,0,0,0,0,0,0
1666,1941,60866665,58949375,22073,7934,94,7956,0,6,-18,6,-18,1,1,1,1234.29,696.59,1234.29,696.59,28458,0,0,0,0,0,0,0
1667,1942,53924411,55719000,22137,7933,93,7955,0,7,-18,7,-18,1,1,1,1280,736.66,1280,736.66,41208,0,0,0,0,0,0,0
1668,1943,58191835,55317917,22725,7933,93,7955,0,8,-18,8,-18,1,1,1,1325.71,772.98,1325.71,772.98,24791,0,0,0,0,0,0,0
1669,1944,51341377,54222292,22405,7933,93,7955,0,8,-18,8,-18,1,1,1,1325.71,772.98,1325.71,772.98,25292,0,0,0,0,0,0,0
1670,1945,54598327,52960167,22073,7933,93,7955,0,9,-18,9,-18,1,1,1,1371.43,801.36,1371.43,801.36,28416,0,0,0,0,0,0,0
1671,1946,42645253,44351084,22225,7933,93,7955,0,10,-18,10,-18,1,1,1,1417.14,823.72,1417.14,823.72,21542,0,0,0,0,0,0,0
1672,1947,42599044,42599750,22073,7933,93,7955,0,10,-18,10,-18,1,1,1,1417.14,823.72,1417.14,823.72,21000,0,0,0,0,0,0,0
1673,1948,41649829,40460500,22073,7933,93,7955,0,11,-18,11,-18,1,1,1,1462.86,845.83,1462.86,845.83,19000,0,0,0,0,0,0,0
1674,1949,35769209,36890042,22189,7933,96,7955,0,12,-18,12,-18,1,1,1,1508.57,868.27,1508.57,868.27,18625,0,0,0,0,0,0,0
1675,1950,33923711,33989958,22161,7933,93,7955,0,12,-18,12,-18,1,1,1,1508.57,868.27,1508.57,868.27,17125,0,0,0,0,0,0,0
1676,1951,35418495,34289625,22073,7933,93,7955,0,13,-18,13,-18,1,1,1,1554.29,892.25,1554.29,892.25,17167,0,0,0,0,0,0,0
1677,1952,34165002,35123500,22137,7933,93,7955,0,14,-18,14,-18,1,1,1,1600,918.02,1600,918.02,16625,0,0,0,0,0,0,0
1678,1953,36897208,36996834,22073,7933,93,7955,0,14,-18,14,-18,1,1,1,1600,918.02,1600,918.02,19042,0,0,0,0,0,0,0
1679,1954,37019211,35904291,22073,7933,93,7955,0,15,-18,15,-18,1,1,1,1645.71,944.98,1645.71,944.98,16625,0,0,0,0,0,0,0
1680,1955,36005165,35989167,22841,7933,93,7955,0,16,-18,16,-18,1,1,1,1691.43,972.01,1691.43,972.01,16250,0,0,0,0,0,0,0
1681,1956,34368835,35440917,22289,7934,94,7956,0,16,-18,16,-18,1,1,1,1691.43,972.01,1691.43,972.01,21625,0,0,0,0,0,0,0
1682,1957,36865830,35783584,22073,7933,93,7955,0,15,-18,15,-18,1,1,1,1645.71,944.98,1645.71,944.98,16791,0,0,0,0,0,0,0
1683,1958,34762669,35849458,22137,7933,93,7955,0,14,-18,14,-18,1,1,1,1600,918.02,1600,918.02,17125,0,0,0,0,0,0,0
1684,1959,38245286,37707708,22073,7933,93,7955,0,14,-18,14,-18,1,1,1,1600,918.02,1600,918.02,17958,0,0,0,0,0,0,0
1685,1960,41087336,40267000,22161,7933,93,7955,0,13,-18,13,-18,1,1,1,1554.29,892.25,1554.29,892.25,20375,0,0,0,0,0,0,0
1686,1961,47919664,49122459,22189,7933,93,7955,0,12,-18,12,-18,1,1,1,1508.57,868.27,1508.57,868.27,22125,0,0,0,0,0,0,0
1687,1962,50611209,50576666,22073,7933,96,7955,0,12,-18,12,-18,1,1,1,1508.57,868.27,1508.57,868.27,22375,0,0,0,0,0,0,0
1688,1963,55398292,53269875,22073,7933,93,7955,0,11,-18,11,-18,1,1,1,1462.86,845.83,1462.86,845.83,27125,0,0,0,0,0,0,0
1689,1964,57383913,59385292,22225,7933,93,7955,0,10,-18,10,-18,1,1,1,1417.14,823.72,1417.14,823.72,25167,0,0,0,0,0,0,0
1690,1965,61689753,59963833,22125,7933,93,7955,0,10,-18,10,-18,1,1,1,1417.14,823.72,1417.14,823.72,32375,0,0,0,0,0,0,0
1691,1966,53994040,54075750,22701,7933,93,7955,0,9,-18,9,-18,1,1,1,1371.43,801.36,1371.43,801.36,24167,0,0,0,0,0,0,0
1692,1967,53020663,53157500,22377,7933,93,7955,0,8,-18,8,-18,1,1,1,1325.71,772.98,1325.71,772.98,24834,0,0,0,0,0,0,0
1693,1968,51827542,53318166,22137,7933,93,7955,0,8,-18,8,-18,1,1,1,1325.71,772.98,1325.71,772.98,24292,0,0,0,0,0,0,0
1694,1969,53221918,51691000,22125,7933,93,7955,0,7,-18,7,-18,1,1,1,1280,736.66,1280,736.66,24542,0,0,0,0,0,0,0
1695,1970,43985869,45582750,22225,7933,93,7955,0,6,-18,6,-18,1,1,1,1234.29,696.59,1234.29,696.59,19875,0,0,0,0,0,0,0
1696,1971,48178046,48029375,22073,7934,94,7956,0,6,-18,6,-18,1,1,1,1234.29,696.59,1234.29,696.59,19042,0,0,0,0,0,0,0
1697,1972,47708041,46198792,22073,7933,96,7955,0,5,-18,5,-18,1,1,1,1188.57,662.98,1188.57,662.98,18792,0,0,0,0,0,0,0
1698,1973,44812578,46204458,27617,7933,93,7955,0,4,-18,4,-18,1,1,1,1142.86,635.99,1142.86,635.99,382542,0,360167,356042,0,0,0,0
1699,1974,45417211,45557542,22213,7933,93,7955,0,4,-18,4,-18,1,1,1,1142.86,635.99,1142.86,635.99,18500,0,0,0,0,0,0,0
1700,1975,47444704,45693125,22073,7933,93,7955,0,3,-18,3,-18,1,1,1,1097.14,613.14,1097.14,613.14,18292,0,0,0,0,0,0,0
1701,1976,50377417,50572875,22701,7933,93,7955,0,2,-18,2,-18,1,1,1,1051.43,590.28,1051.43,590.28,18875,0,0,0,0,0,0,0
1702,1977,50934128,50795291,22289,7933,93,7955,0,2,-18,2,-18,1,1,1,1051.43,590.28,1051.43,590.28,22000,0,0,0,0,0,0,0
1703,1978,48480499,50105041,22225,7933,93,7955,0,1,-18,1,-18,1,1,1,1005.71,567.42,1005.71,567.42,22083,0,0,0,0,0,0,0
1704,1979,43539747,43543375,22125,7933,93,7955,0,0,-18,0,-18,1,1,1,960,544.56,960,544.56,18875,0,0,0,0,0,0,0
1705,1980,44714957,43353875,22073,7933,93,7955,0,0,-18,0,-18,1,1,1,960,544.56,960,544.56,18583,0,0,0,0,0,0,0
1706,1981,45026920,46338708,22137,7933,93,7955,0,-1,-18,-1,-18,1,1,1,914.29,521.71,914.29,521.71,19208,0,0,0,0,0,0,0
1707,1982,38357496,38369084,22161,7933,96,7955,0,-2,-18,-2,-18,1,1,1,868.57,498.85,868.57,498.85,16458,0,0,0,0,0,0,0
1708,1983,38041923,36977125,22073,7933,93,7955,0,-2,-18,-2,-18,1,1,1,868.57,498.85,868.57,498.85,17042,0,0,0,0,0,0,0
1709,1984,32593827,33636583,22189,7933,93,7955,0,-3,-18,-3,-18,1,1,1,822.86,475.99,822.86,475.99,15333,0,0,0,0,0,0,0
1710,1985,33862046,33890542,22073,7933,93,7955,0,-4,-18,-4,-18,1,1,1,777.14,453.14,777.14,453.14,16041,0,0,0,0,0,0,0
1711,1986,34982163,33803875,22073,7934,94,7956,0,-4,-18,-4,-18,1,1,1,777.14,453.14,777.14,453.14,16583,0,0,0,0,0,0,0
1712,1987,32861415,33997584,32497,7933,93,7955,0,-5,-18,-5,-18,1,1,1,731.43,431,731.43,431,330500,0,309917,306750,0,0,0,0
1713,1988,33618375,33579208,22073,7933,93,7955,0,-6,-18,-6,-18,1,1,1,685.71,416.09,685.71,416.09,16625,0,0,0,0,0,0,0
1714,1989,35396046,33520834,22637,7933,93,7955,0,-6,-18,-6,-18,1,1,1,685.71,416.09,685.71,416.09,16708,0,0,0,0,0,0,0
1715,1990,31822539,33680917,22405,7933,93,7955,0,-8,-18,-8,-18,1,1,1,594.29,422.77,594.29,422.77,16166,0,0,0,0,0,0,0
1716,1991,33514078,33477292,22073,7933,93,7955,0,-9,-18,-9,-18,1,1,1,548.57,418.39,548.57,418.39,16833,0,0,0,0,0,0,0
1717,1992,34253917,33291917,22161,7933,93,7955,0,-9,-18,-9,-18,1,1,1,548.57,418.39,548.57,418.39,20041,0,0,0,0,0,0,0
1718,1993,29519749,30508333,22137,7933,93,7955,0,-10,-18,-10,-18,1,1,1,502.86,399.44,502.86,399.44,15917,0,0,0,0,0,0,0
1719,1994,30313251,30296500,22073,7933,93,7955,0,-11,-18,-11,-18,1,1,1,457.14,380.06,457.14,380.06,14792,0,0,0,0,0,0,0
1720,1995,30345542,30320208,22073,7933,93,7955,0,-11,-18,-11,-18,1,1,1,457.14,380.06,457.14,380.06,15333,0,0,0,0,0,0,0
1721,1996,34263122,33204542,22073,7933,93,7955,0,-12,-18,-12,-18,1,1,1,411.43,359.32,411.43,359.32,15625,0,0,0,0,0,0,0
1722,1997,29693955,30749042,22277,7933,96,7955,0,-13,-18,-13,-18,1,1,1,365.71,336.6,365.71,336.6,14625,0,0,0,0,0,0,0
1723,1998,31959082,31920458,22073,7933,93,7955,0,-13,-18,-13,-18,1,1,1,365.71,336.6,365.71,336.6,14666,0,0,0,0,0,0,0
1724,1999,32874539,32842667,22073,7933,93,7955,0,-14,-18,-14,-18,1,1,1,320,311.82,320,311.82,14333,0,0,0,0,0,0,0
1725,2000,35039506,33924792,22073,7933,93,7955,0,-15,-18,-15,-18,1,1,1,274.29,285.43,274.29,285.43,16541,0,0,0,0,0,0,0
1726,2001,32644204,33688959,22137,7934,94,7956,0,-15,-18,-15,-18,1,1,1,274.29,285.43,274.29,285.43,38084,0,0,0,0,0,0,0
1727,2002,33488422,33513958,22161,7933,93,7955,0,-16,-18,-16,-18,1,1,1,228.57,258.09,228.57,258.09,33666,0,0,0,0,0,0,0
1728,2003,34420415,33346750,22073,7933,93,7955,0,-17,-18,-17,-18,1,1,1,182.86,230.19,182.86,230.19,33125,0,0,0,0,0,0,0
1729,2004,33770706,33715166,24873,7933,93,7955,0,-17,-18,-17,-18,1,1,1,182.86,230.19,182.86,230.19,34916,0,0,0,0,0,0,0
1730,2005,32581999,33701292,22289,7933,93,7955,0,-16,-18,-16,-18,1,1,1,228.57,258.09,228.57,258.09,33792,0,0,0,0,0,0,0
1731,2006,34025955,32948708,22073,7933,93,7955,0,-15,-18,-15,-18,1,1,1,274.29,285.43,274.29,285.43,34958,0,0,0,0,0,0,0
1732,2007,32100547,33088292,22225,7933,93,7955,0,-15,-18,-15,-18,1,1,1,274.29,285.43,274.29,285.43,36250,0,0,0,0,0,0,0
1733,2008,35441204,35447541,22073,7933,93,7955,0,-14,-18,-14,-18,1,1,1,320,311.82,320,311.82,39125,0,0,0,0,0,0,0
1734,2009,39839208,37936250,22073,7933,93,7955,0,-13,-18,-13,-18,1,1,1,365.71,336.6,365.71,336.6,16125,0,0,0,0,0,0,0
1735,2010,35261083,37039875,22189,7933,93,7955,0,-13,-18,-13,-18,1,1,1,365.71,336.6,365.71,336.6,16167,0,0,0,0,0,0,0
1736,2011,38557205,38532167,22073,7933,93,7955,0,-12,-18,-12,-18,1,1,1,411.43,359.32,411.43,359.32,18625,0,0,0,0,0,0,0
1737,2012,36791000,35716958,22161,7933,96,7955,0,-11,-18,-11,-18,1,1,1,457.14,380.06,457.14,380.06,35542,0,0,0,0,0,0,0
1738,2013,36228712,37274500,22137,7933,93,7955,0,-11,-18,-11,-18,1,1,1,457.14,380.06,457.14,380.06,17208,0,0,0,0,0,0,0
1739,2014,39119288,38815000,22073,7933,93,7955,0,-10,-18,-10,-18,1,1,1,502.86,399.44,502.86,399.44,16584,0,0,0,0,0,0,0
1740,2015,47142084,45478917,22073,7933,93,7955,0,-9,-18,-9,-18,1,1,1,548.57,418.39,548.57,418.39,22333,0,0,0,0,0,0,0
1741,2016,52294585,54006167,22277,7934,94,7956,0,-9,-18,-9,-18,1,1,1,548.57,418.39,548.57,418.39,27041,0,0,0,0,0,0,0
1742,2017,69079749,65504000,22637,7933,93,7955,0,-8,-18,-8,-18,1,1,1,594.29,422.77,594.29,422.77,32125,0,0,0,0,0,0,0
1743,2018,63250705,66594417,22353,7933,93,7955,0,-6,-18,-6,-18,1,1,1,685.71,416.09,685.71,416.09,32084,0,0,0,0,0,0,0
1744,2019,70624046,68594208,22161,7933,93,7955,0,-6,-18,-6,-18,1,1,1,685.71,416.09,685.71,416.09,32583,0,0,0,0,0,0,0
1745,2020,64429081,66651542,22189,7933,93,7955,0,-5,-18,-5,-18,1,1,1,731.43,431,731.43,431,33292,0,0,0,0,0,0,0
1746,2021,63170999,61330958,27553,7933,93,7955,0,-4,-18,-4,-18,1,1,1,777.14,453.14,777.14,453.14,569333,0,526583,518833,0,0,0,0
1747,2022,50781171,52519584,22225,7933,96,7955,0,-4,-18,-4,-18,1,1,1,777.14,453.14,777.14,453.14,25833,0,0,0,0,0,0,0
1748,2023,45497328,45622458,22073,7933,93,7955,0,-3,-18,-3,-18,1,1,1,822.86,475.99,822.86,475.99,20417,0,0,0,0,0,0,0
1749,2024,45908920,44593000,22125,7933,93,7955,0,-2,-18,-2,-18,1,1,1,868.57,498.85,868.57,498.85,19958,0,0,0,0,0,0,0
1750,2025,43971620,45120542,22137,7933,93,7955,0,-2,-18,-2,-18,1,1,1,868.57,498.85,868.57,498.85,19792,0,0,0,0,0,0,0
1751,2026,41030462,39967833,22725,7933,93,7955,0,-1,-18,-1,-18,1,1,1,914.29,521.71,914.29,521.71,16000,0,0,0,0,0,0,0
1752,2027,40518373,40548833,22289,7933,93,7955,0,0,-18,0,-18,1,1,1,960,544.56,960,544.56,16208,0,0,0,0,0,0,0
1753,2028,37772744,38911500,22137,7933,93,7955,0,0,-18,0,-18,1,1,1,960,544.56,960,544.56,16458,0,0,0,0,0,0,0
1754,2029,43332289,43310584,22125,7933,93,7955,0,1,-18,1,-18,1,1,1,1005.71,567.42,1005.71,567.42,16834,0,0,0,0,0,0,0
1755,2030,43544542,42375875,22161,7933,93,7955,0,2,-18,2,-18,1,1,1,1051.43,590.28,1051.43,590.28,17041,0,0,0,0,0,0,0
1756,2031,48503208,49637375,22137,7934,94,7956,0,2,-18,2,-18,1,1,1,1051.43,590.28,1051.43,590.28,18958,0,0,0,0,0,0,0
1757,2032,46185415,46174667,22073,7933,96,7955,0,3,-18,3,-18,1,1,1,1097.14,613.14,1097.14,613.14,18041,0,0,0,0,0,0,0
1758,2033,48948250,47100208,22073,7933,93,7955,0,4,-18,4,-18,1,1,1,1142.86,635.99,1142.86,635.99,18541,0,0,0,0,0,0,0
1759,2034,45955456,47705584,22277,7933,93,7955,0,4,-18,4,-18,1,1,1,1142.86,635.99,1142.86,635.99,18250,0,0,0,0,0,0,0
1760,2035,51561541,51341625,32345,7933,93,7955,0,5,-18,5,-18,1,1,1,1188.57,662.98,1188.57,662.98,479334,0,451125,446000,0,0,0,0
1761,2036,56474000,54950958,22073,7933,93,7955,0,6,-18,6,-18,1,1,1,1234.29,696.59,1234.29,696.59,25875,0,0,0,0,0,0,0
1762,2037,55276539,55295291,22789,7933,93,7955,0,6,-18,6,-18,1,1,1,1234.29,696.59,1234.29,696.59,22333,0,0,0,0,0,0,0
1763,2038,55079210,54757459,22341,7933,93,7955,0,7,-18,7,-18,1,1,1,1280,736.66,1280,736.66,50458,0,0,0,0,0,0,0
1764,2039,52090123,53766708,22137,7933,93,7955,0,8,-18,8,-18,1,1,1,1325.71,772.98,1325.71,772.98,23958,0,0,0,0,0,0,0
1765,2040,54567504,53240750,22161,7933,93,7955,0,8,-18,8,-18,1,1,1,1325.71,772.98,1325.71,772.98,23917,0,0,0,0,0,0,0
1766,2041,51241461,52788000,22137,7933,93,7955,0,9,-18,9,-18,1,1,1,1371.43,801.36,1371.43,801.36,26541,0,0,0,0,0,0,0
1767,2042,43454416,43470958,22125,7933,96,7955,0,10,-18,10,-18,1,1,1,1417.14,823.72,1417.14,823.72,20958,0,0,0,0,0,0,0
1768,2043,39370663,38111708,22073,7933,93,7955,0,10,-18,10,-18,1,1,1,1417.14,823.72,1417.14,823.72,18625,0,0,0,0,0,0,0
1769,2044,37012670,38271750,22225,7933,93,7955,0,11,-18,11,-18,1,1,1,1462.86,845.83,1462.86,845.83,19041,0,0,0,0,0,0,0
1770,2045,37757378,37738125,22073,7933,93,7955,0,12,-18,12,-18,1,1,1,1508.57,868.27,1508.57,868.27,19334,0,0,0,0,0,0,0
1771,2046,36244913,35181750,22073,7934,94,7956,0,12,-18,12,-18,1,1,1,1508.57,868.27,1508.57,868.27,16958,0,0,0,0,0,0,0
1772,2047,34765880,35801417,22137,7933,93,7955,0,13,-18,13,-18,1,1,1,1554.29,892.25,1554.29,892.25,16750,0,0,0,0,0,0,0
1773,2048,37065789,35397000,22689,7933,93,7955,0,14,-18,14,-18,1,1,1,1600,918.02,1600,918.02,16541,0,0,0,0,0,0,0
1774,2049,36597456,37114166,22377,7933,93,7955,0,14,-18,14,-18,1,1,1,1600,918.02,1600,918.02,16834,0,0,0,0,0,0,0
1775,2050,34657794,35784500,22137,7933,93,7955,0,15,-18,15,-18,1,1,1,1645.71,944.98,1645.71,944.98,16292,0,0,0,0,0,0,0
1776,2051,35208083,35160250,22073,7933,93,7955,0,16,-18,16,-18,1,1,1,1691.43,972.01,1691.43,972.01,16375,0,0,0,0,0,0,0
1777,2052,37120789,35924834,22073,7933,93,7955,0,16,-18,16,-18,1,1,1,1691.43,972.01,1691.43,972.01,15959,0,0,0,0,0,0,0
1778,2053,39413791,39928500,22137,7933,93,7955,0,15,-18,15,-18,1,1,1,1645.71,944.98,1645.71,944.98,19667,0,0,0,0,0,0,0
1779,2054,45116957,45614417,22213,7933,93,7955,0,14,-18,14,-18,1,1,1,1600,918.02,1600,918.02,20291,0,0,0,0,0,0,0
1780,2055,46071797,44453459,22073,7933,96,7955,0,14,-18,14,-18,1,1,1,1600,918.02,1600,918.02,21625,0,0,0,0,0,0,0
1781,2056,49635663,51084917,22137,7933,93,7955,0,13,-18,13,-18,1,1,1,1554.29,892.25,1554.29,892.25,26167,0,0,0,0,0,0,0
1782,2057,55813960,53954125,22073,7933,93,7955,0,12,-18,12,-18,1,1,1,1508.57,868.27,1508.57,868.27,28750,0,0,0,0,0,0,0
1783,2058,52312996,54243666,22225,7933,93,7955,0,12,-18,12,-18,1,1,1,1508.57,868.27,1508.57,868.27,25791,0,0,0,0,0,0,0
1784,2059,61168331,56936750,22689,7933,93,7955,0,11,-18,11,-18,1,1,1,1462.86,845.83,1462.86,845.83,25709,0,0,0,0,0,0,0
1785,2060,60465000,64601459,22353,7933,93,7955,0,10,-18,10,-18,1,1,1,1417.14,823.72,1417.14,823.72,33708,0,0,0,0,0,0,0
1786,2061,58483332,56848792,22161,7934,94,7956,0,10,-18,10,-18,1,1,1,1417.14,823.72,1417.14,823.72,26083,0,0,0,0,0,0,0
1787,2062,52224915,53875083,22137,7933,93,7955,0,9,-18,9,-18,1,1,1,1371.43,801.36,1371.43,801.36,24417,0,0,0,0,0,0,0
1788,2063,57847086,56183208,22125,7933,93,7955,0,8,-18,8,-18,1,1,1,1325.71,772.98,1325.71,772.98,25708,0,0,0,0,0,0,0
1789,2064,46440042,48142084,22225,7933,96,7955,0,8,-18,8,-18,1,1,1,1325.71,772.98,1325.71,772.98,24167,0,0,0,0,0,0,0
1790,2065,44611662,44574500,22073,7933,93,7955,0,7,-18,7,-18,1,1,1,1280,736.66,1280,736.66,20084,0,0,0,0,0,0,0
1791,2066,48559501,46993083,22073,7933,93,7955,0,6,-18,6,-18,1,1,1,1234.29,696.59,1234.29,696.59,19416,0,0,0,0,0,0,0
1792,2067,42802784,44280584,22137,7933,93,7955,0,6,-18,6,-18,1,1,1,1234.29,696.59,1234.29,696.59,19625,0,0,0,0,0,0,0
1793,2068,42907170,42803792,22213,7933,93,7955,0,5,-18,5,-18,1,1,1,1188.57,662.98,1188.57,662.98,18666,0,0,0,0,0,0,0
1794,2069,44151835,41796750,28117,7933,93,7955,0,4,-18,4,-18,1,1,1,1142.86,635.99,1142.86,635.99,371833,0,347917,344083,0,0,0,0
1795,2070,41066333,43429750,22353,7933,93,7955,0,4,-18,4,-18,1,1,1,1142.86,635.99,1142.86,635.99,20875,0,0,0,0,0,0,0
1796,2071,46529285,46398417,22073,7933,93,7955,0,3,-18,3,-18,1,1,1,1097.14,613.14,1097.14,613.14,18333,0,0,0,0,0,0,0
1797,2072,48043709,46288417,22161,7933,93,7955,0,2,-18,2,-18,1,1,1,1051.43,590.28,1051.43,590.28,18791,0,0,0,0,0,0,0
1798,2073,43641753,45545041,22189,7933,93,7955,0,2,-18,2,-18,1,1,1,1051.43,590.28,1051.43,590.28,18917,0,0,0,0,0,0,0
1799,2074,46531248,46530500,22073,7933,93,7955,0,1,-18,1,-18,1,1,1,1005.71,567.42,1005.71,567.42,18459,0,0,0,0,0,0,0
