frame_index,frame_time_ns,gc_alloc_bytes,tnd_bench_t1_hover_ns,tnd_bench_t1_hover_calls,tnd_bench_t1_reclassify_ns,tnd_bench_t1_reclassify_calls,tnd_bench_t1_hoveredborder_ns,tnd_bench_t1_hoveredborder_calls,tnd_bench_t1_hoveredborderrebuild_ns,tnd_bench_t1_hoveredborderrebuild_calls,tnd_bench_t1_modeenter_ns,tnd_bench_t1_modeenter_calls,tnd_bench_t1_conquerui_ns,tnd_bench_t1_conquerui_calls,tnd_bench_s0_hover_ns,tnd_bench_s0_hover_calls,tnd_bench_s0_rebuild_ns,tnd_bench_s0_rebuild_calls,conquestmodecontroller_update_ns,conquestmodecontroller_update_calls
0,42936752,106869,0,0,0,0,0,0,0,0,0,0,0,0,591958,1,558833,1,0,0
1,41868124,23505,0,0,0,0,0,0,0,0,0,0,0,0,872584,1,831333,1,0,0
2,48939916,208677,0,0,0,0,0,0,0,0,0,0,0,0,595958,1,562209,1,0,0
3,42286084,23289,0,0,0,0,0,0,0,0,0,0,0,0,651042,1,583750,1,0,0
4,52859500,23289,0,0,0,0,0,0,0,0,0,0,0,0,808125,1,756625,1,0,0
5,49051000,23353,0,0,0,0,0,0,0,0,0,0,0,0,906500,1,814958,1,0,0
6,55122040,23377,0,0,0,0,0,0,0,0,0,0,0,0,762000,1,712208,1,0,0
7,56739832,23405,0,0,0,0,0,0,0,0,0,0,0,0,782583,1,738833,1,0,0
8,64783708,23289,0,0,0,0,0,0,0,0,0,0,0,0,1300792,1,1206459,1,0,0
9,60852124,23441,0,0,0,0,0,0,0,0,0,0,0,0,1275291,1,1151708,1,0,0
10,54796876,23853,0,0,0,0,0,0,0,0,0,0,0,0,822375,1,758375,1,0,0
11,52575416,23621,0,0,0,0,0,0,0,0,0,0,0,0,863250,1,797958,1,0,0
12,51750668,23377,0,0,0,0,0,0,0,0,0,0,0,0,866750,1,821542,1,0,0
13,48616332,34516,0,0,0,0,0,0,0,0,0,0,0,0,761792,1,720000,1,0,0
14,41232668,23289,0,0,0,0,0,0,0,0,0,0,0,0,671292,1,629000,1,0,0
15,37595664,23289,0,0,0,0,0,0,0,0,0,0,0,0,602459,1,568416,1,0,0
16,34070376,23493,0,0,0,0,0,0,0,0,0,0,0,0,546459,1,517000,1,0,0
17,33404124,23289,0,0,0,0,0,0,0,0,0,0,0,0,580500,1,548375,1,0,0
18,33352958,23289,0,0,0,0,0,0,0,0,0,0,0,0,574000,1,546500,1,0,0
19,33525834,23353,0,0,0,0,0,0,0,0,0,0,0,0,543959,1,514125,1,0,0
20,33425208,23289,0,0,0,0,0,0,0,0,0,0,0,0,585666,1,538500,1,0,0
21,34109832,23377,0,0,0,0,0,0,0,0,0,0,0,0,582750,1,554792,1,0,0
22,34805624,23969,0,0,0,0,0,0,0,0,0,0,0,0,594500,1,565791,1,0,0
23,33732332,23505,0,0,0,0,0,0,0,0,0,0,0,0,600167,1,558875,1,0,0
24,33626960,23289,0,0,0,0,0,0,0,0,0,0,0,0,542792,1,513459,1,0,0
25,33505000,23353,0,0,0,0,0,0,0,0,0,0,0,0,543916,1,515167,1,0,0
26,34427040,23377,0,0,0,0,0,0,0,0,0,0,0,0,606500,1,563375,1,0,0
27,37143040,23289,0,0,0,0,0,0,0,0,0,0,0,0,672500,1,636917,1,0,0
28,34667584,23405,0,0,0,0,0,0,0,0,0,0,0,0,586084,1,555833,1,0,0
29,35079416,23289,0,0,0,0,0,0,0,0,0,0,0,0,636250,1,579833,1,0,0
30,36613292,23289,0,0,0,0,0,0,0,0,0,0,0,0,553958,1,524791,1,0,0
31,40873584,23441,0,0,0,0,0,0,0,0,0,0,0,0,651375,1,611500,1,0,0
32,47498460,23289,0,0,0,0,0,0,0,0,0,0,0,0,667042,1,615000,1,0,0
33,51116248,23289,0,0,0,0,0,0,0,0,0,0,0,0,800667,1,755542,1,0,0
34,53750168,23405,0,0,0,0,0,0,0,0,0,0,0,0,755167,1,712000,1,0,0
35,53542752,23941,0,0,0,0,0,0,0,0,0,0,0,0,976375,1,883042,1,0,0
36,52886832,23569,0,0,0,0,0,0,0,0,0,0,0,0,997375,1,951958,1,0,0
37,63102208,23289,0,0,0,0,0,0,0,0,0,0,0,0,915333,1,863000,1,0,0
38,70269080,23493,0,0,0,0,0,0,0,0,0,0,0,0,1079833,1,1013333,1,0,0
39,58364336,23289,0,0,0,0,0,0,0,0,0,0,0,0,959584,1,917000,1,0,0
40,63448168,23353,0,0,0,0,0,0,0,0,0,0,0,0,942167,1,895125,1,0,0
41,58823416,23377,0,0,0,0,0,0,0,0,0,0,0,0,1117084,1,1015875,1,0,0
42,55450336,23405,0,0,0,0,0,0,0,0,0,0,0,0,794000,1,734458,1,0,0
43,55189084,23853,0,0,0,0,0,0,0,0,0,0,0,0,823708,1,780667,1,0,0
44,55098752,23657,0,0,0,0,0,0,0,0,0,0,0,0,804833,1,741958,1,0,0
45,51546708,23289,0,0,0,0,0,0,0,0,0,0,0,0,746417,1,708000,1,0,0
46,69299504,23405,0,0,0,0,0,0,0,0,0,0,0,0,1360791,1,1285000,1,0,0
47,68648376,23377,0,0,0,0,0,0,0,0,0,0,0,0,942917,1,878958,1,0,0
48,68384752,23353,0,0,0,0,0,0,0,0,0,0,0,0,986583,1,931625,1,0,0
49,69970248,23341,0,0,0,0,0,0,0,0,0,0,0,0,968750,1,914583,1,0,0
50,58496752,23441,0,0,0,0,0,0,0,0,0,0,0,0,1004166,1,925292,1,0,0
51,55529376,23853,0,0,0,0,0,0,0,0,0,0,0,0,820708,1,778000,1,0,0
52,55824832,23569,0,0,0,0,0,0,0,0,0,0,0,0,828083,1,776709,1,0,0
53,53165376,23429,0,0,0,0,0,0,0,0,0,0,0,0,787792,1,737584,1,0,0
54,53128500,23353,0,0,0,0,0,0,0,0,0,0,0,0,790375,1,751708,1,0,0
55,48416416,23289,0,0,0,0,0,0,0,0,0,0,0,0,731083,1,669541,1,0,0
56,47249624,23441,0,0,0,0,0,0,0,0,0,0,0,0,684167,1,637917,1,0,0
57,49205500,23341,0,0,0,0,0,0,0,0,0,0,0,0,681583,1,644584,1,0,0
58,45925292,23289,0,0,0,0,0,0,0,0,0,0,0,0,663875,1,626416,1,0,0
59,43434292,23353,0,0,0,0,0,0,0,0,0,0,0,0,706792,1,663750,1,0,0
60,44062376,23377,0,0,0,0,0,0,0,0,0,0,0,0,665125,1,629708,1,0,0
61,39664248,23289,0,0,0,0,0,0,0,0,0,0,0,0,653417,1,617209,1,0,0
62,38631416,23969,0,0,0,0,0,0,0,0,0,0,0,0,617334,1,569167,1,0,0
63,37519916,23505,0,0,0,0,0,0,0,0,0,0,0,0,725167,1,694042,1,0,0
64,34367416,23377,0,0,0,0,0,0,0,0,0,0,0,0,553666,1,518791,1,0,0
65,33709664,23353,0,0,0,0,0,0,0,0,0,0,0,0,562000,1,527625,1,0,0
66,36399292,23289,0,0,0,0,0,0,0,0,0,0,0,0,642542,1,613083,1,0,0
67,33514124,23289,0,0,0,0,0,0,0,0,0,0,0,0,548125,1,518916,1,0,0
68,33462332,23405,0,0,0,0,0,0,0,0,0,0,0,0,591042,1,554792,1,0,0
69,33369624,23377,0,0,0,0,0,0,0,0,0,0,0,0,555042,1,525542,1,0,0
70,33106250,23289,0,0,0,0,0,0,0,0,0,0,0,0,552791,1,519125,1,0,0
71,33260584,23289,0,0,0,0,0,0,0,0,0,0,0,0,542583,1,504333,1,0,0
72,33249250,23353,0,0,0,0,0,0,0,0,0,0,0,0,526833,1,498917,1,0,0
73,33505124,23289,0,0,0,0,0,0,0,0,0,0,0,0,557209,1,528750,1,0,0
74,33025500,23377,0,0,0,0,0,0,0,0,0,0,0,0,540792,1,506833,1,0,0
75,31876416,23341,0,0,0,0,0,0,0,0,0,0,0,0,543667,1,518250,1,0,0
76,30438416,23353,0,0,0,0,0,0,0,0,0,0,0,0,551959,1,525250,1,0,0
77,30992084,23853,0,0,0,0,0,0,0,0,0,0,0,0,558209,1,514959,1,0,0
78,35171416,23505,0,0,0,0,0,0,0,0,0,0,0,0,537417,1,508542,1,0,0
79,34403000,23377,0,0,0,0,0,0,0,0,0,0,0,0,816625,1,779916,1,0,0
80,36954168,23353,0,0,0,0,0,0,0,0,0,0,0,0,548500,1,508708,1,0,0
81,39516460,23289,0,0,0,0,0,0,0,0,0,0,0,0,630167,1,598958,1,0,0
82,36798960,23341,0,0,0,0,0,0,0,0,0,0,0,0,572459,1,540541,1,0,0
83,38009292,23353,0,0,0,0,0,0,0,0,0,0,0,0,566041,1,518500,1,0,0
84,38946168,23377,0,0,0,0,0,0,0,0,0,0,0,0,537709,1,508833,1,0,0
85,47239876,23289,0,0,0,0,0,0,0,0,0,0,0,0,621708,1,583042,1,0,0
86,54023540,23353,0,0,0,0,0,0,0,0,0,0,0,0,814833,1,761458,1,0,0
87,68627712,23341,0,0,0,0,0,0,0,0,0,0,0,0,992834,1,940042,1,0,0
88,75757248,24005,0,0,0,0,0,0,0,0,0,0,0,0,1355959,1,1288709,1,0,0
89,68978496,23505,0,0,0,0,0,0,0,0,0,0,0,0,1249916,1,1102625,1,0,0
90,70476168,23405,0,0,0,0,0,0,0,0,0,0,0,0,936750,1,883417,1,0,0
91,66198584,23377,0,0,0,0,0,0,0,0,0,0,0,0,1694667,1,1616125,1,0,0
92,52191248,23353,0,0,0,0,0,0,0,0,0,0,0,0,850959,1,779375,1,0,0
93,47897752,23289,0,0,0,0,0,0,0,0,0,0,0,0,749459,1,713083,1,0,0
94,44563040,23429,0,0,0,0,0,0,0,0,0,0,0,0,674416,1,638000,1,0,0
95,45967248,23353,0,0,0,0,0,0,0,0,0,0,0,0,722375,1,679000,1,0,0
96,45581668,23289,0,0,0,0,0,0,0,0,0,0,0,0,660083,1,624666,1,0,0
97,47244792,23853,0,0,0,0,0,0,0,0,0,0,0,0,730666,1,696417,1,0,0
98,46807500,23657,0,0,0,0,0,0,0,0,0,0,0,0,715333,1,663292,1,0,0
99,52587168,23341,0,0,0,0,0,0,0,0,0,0,0,0,695042,1,658584,1,0,0
100,56963664,23289,0,0,0,0,0,0,0,0,0,0,0,0,1309666,1,1251834,1,0,0
101,63660168,23441,0,0,0,0,0,0,0,0,0,0,0,0,853167,1,780750,1,0,0
102,64511456,23289,0,0,0,0,0,0,0,0,0,0,0,0,948166,1,894792,1,0,0
103,57151416,23405,0,0,0,0,0,0,0,0,0,0,0,0,931083,1,878417,1,0,0
104,50722168,23377,0,0,0,0,0,0,0,0,0,0,0,0,853292,1,785625,1,0,0
105,42842168,23353,0,0,0,0,0,0,0,0,0,0,0,0,697500,1,657708,1,0,0
106,41398792,23289,0,0,0,0,0,0,0,0,0,0,0,0,694125,1,658334,1,0,0
107,38538960,23853,0,0,0,0,0,0,0,0,0,0,0,0,600250,1,545750,1,0,0
108,34583752,23709,0,0,0,0,0,0,0,0,0,0,0,0,570458,1,542375,1,0,0
109,34766584,23289,0,0,0,0,0,0,0,0,0,0,0,0,539500,1,510500,1,0,0
110,36640376,23289,0,0,0,0,0,0,0,0,0,0,0,0,581334,1,530959,1,0,0
111,42641248,23353,0,0,0,0,0,0,0,0,0,0,0,0,597583,1,558125,1,0,0
112,35393832,23289,0,0,0,0,0,0,0,0,0,0,0,0,540875,1,512458,1,0,0
113,36165960,23377,0,0,0,0,0,0,0,0,0,0,0,0,587000,1,552875,1,0,0
114,35856916,23405,0,0,0,0,0,0,0,0,0,0,0,0,566041,1,535292,1,0,0
115,37732500,23289,0,0,0,0,0,0,0,0,0,0,0,0,1056875,1,1011417,1,0,0
116,37848292,23289,0,0,0,0,0,0,0,0,0,0,0,0,624291,1,579875,1,0,0
117,40336460,23353,0,0,0,0,0,0,0,0,0,0,0,0,776166,1,741667,1,0,0
118,43581664,23377,0,0,0,0,0,0,0,0,0,0,0,0,761500,1,712833,1,0,0
119,52980456,23853,0,0,0,0,0,0,0,0,0,0,0,0,740167,1,686709,1,0,0
120,64520292,23621,0,0,0,0,0,0,0,0,0,0,0,0,1173375,1,1114417,1,0,0
121,68447792,23377,0,0,0,0,0,0,0,0,0,0,0,0,923875,1,869666,1,0,0
122,76767792,23353,0,0,0,0,0,0,0,0,0,0,0,0,1140208,1,1069042,1,0,0
123,65851960,23341,0,0,0,0,0,0,0,0,0,0,0,0,971250,1,917000,1,0,0
124,65161708,23441,0,0,0,0,0,0,0,0,0,0,0,0,981500,1,926791,1,0,0
125,56271248,23289,0,0,0,0,0,0,0,0,0,0,0,0,1101334,1,1027667,1,0,0
126,49430500,23353,0,0,0,0,0,0,0,0,0,0,0,0,890584,1,847791,1,0,0
127,46429540,23429,0,0,0,0,0,0,0,0,0,0,0,0,743417,1,706750,1,0,0
128,47599664,23853,0,0,0,0,0,0,0,0,0,0,0,0,683750,1,639875,1,0,0
129,48289000,23819,0,0,0,0,0,0,0,0,0,0,0,0,694208,1,657167,1,0,0
130,44811208,23289,0,0,0,0,0,0,0,0,0,0,0,0,696167,1,659167,1,0,0
131,50524544,23377,0,0,0,0,0,0,0,0,0,0,0,0,1290584,1,1229750,1,0,0
132,46355792,23405,0,0,0,0,0,0,0,0,0,0,0,0,724333,1,688750,1,0,0
133,46974292,23289,0,0,0,0,0,0,0,0,0,0,0,0,656875,1,619417,1,0,0
134,46012292,23289,0,0,0,0,0,0,0,0,0,0,0,0,749458,1,687208,1,0,0
135,47022664,23441,0,0,0,0,0,0,0,0,0,0,0,0,701666,1,665958,1,0,0
136,45175500,23289,0,0,0,0,0,0,0,0,0,0,0,0,1191292,1,1138833,1,0,0
137,46154040,23341,0,0,0,0,0,0,0,0,0,0,0,0,698500,1,642291,1,0,0
138,47623208,23917,0,0,0,0,0,0,0,0,0,0,0,0,718250,1,674209,1,0,0
139,46771500,23593,0,0,0,0,0,0,0,0,0,0,0,0,689333,1,653542,1,0,0
140,47609752,23289,0,0,0,0,0,0,0,0,0,0,0,0,988708,1,933834,1,0,0
141,50476124,23353,0,0,0,0,0,0,0,0,0,0,0,0,776916,1,737000,1,0,0
142,46675208,23341,0,0,0,0,0,0,0,0,0,0,0,0,1147416,1,1096125,1,0,0
143,43573000,24135,0,0,0,0,0,0,0,0,0,0,0,0,667792,1,624209,1,0,0
144,43339792,23353,0,0,0,0,0,0,0,0,0,0,0,0,667750,1,632083,1,0,0
145,41710664,23289,0,0,0,0,0,0,0,0,0,0,0,0,777208,1,741125,1,0,0
146,37631624,23289,0,0,0,0,0,0,0,0,0,0,0,0,602250,1,560291,1,0,0
147,37248000,23493,0,0,0,0,0,0,0,0,0,0,0,0,605417,1,573625,1,0,0
148,33267166,23289,0,0,0,0,0,0,0,0,0,0,0,0,547042,1,518292,1,0,0
149,33263166,23289,0,0,0,0,0,0,0,0,0,0,0,0,551917,1,517291,1,0,0
150,34803584,23917,0,0,0,0,0,0,0,0,0,0,0,0,663875,1,635125,1,0,0
151,35219752,23505,0,0,0,0,0,0,0,0,0,0,0,0,591042,1,559500,1,0,0
152,36485584,23377,0,0,0,0,0,0,0,0,0,0,0,0,681875,1,625917,1,0,0
153,35966960,23405,0,0,0,0,0,0,0,0,0,0,0,0,546167,1,518000,1,0,0
154,38953456,23289,0,0,0,0,0,0,0,0,0,0,0,0,663833,1,631208,1,0,0
155,38274668,23289,0,0,0,0,0,0,0,0,0,0,0,0,1056625,1,1023291,1,0,0
156,36696376,23441,0,0,0,0,0,0,0,0,0,0,0,0,608208,1,571041,1,0,0
157,40216456,23289,0,0,0,0,0,0,0,0,0,0,0,0,589416,1,557042,1,0,0
158,42666916,23289,0,0,0,0,0,0,0,0,0,0,0,0,607291,1,570625,1,0,0
159,46121208,23405,0,0,0,0,0,0,0,0,0,0,0,0,965958,1,925000,1,0,0
160,53846500,23377,0,0,0,0,0,0,0,0,0,0,0,0,746291,1,703417,1,0,0
161,62284584,23353,0,0,0,0,0,0,0,0,0,0,0,0,797208,1,751208,1,0,0
162,67357504,23853,0,0,0,0,0,0,0,0,0,0,0,0,1128542,1,1075875,1,0,0
163,68145128,23709,0,0,0,0,0,0,0,0,0,0,0,0,948833,1,895625,1,0,0
164,61313248,23289,0,0,0,0,0,0,0,0,0,0,0,0,1061959,1,991542,1,0,0
165,56639792,23353,0,0,0,0,0,0,0,0,0,0,0,0,1035917,1,978458,1,0,0
166,55612792,23377,0,0,0,0,0,0,0,0,0,0,0,0,817667,1,767791,1,0,0
167,55173624,23405,0,0,0,0,0,0,0,0,0,0,0,0,796375,1,746041,1,0,0
168,55261544,23289,0,0,0,0,0,0,0,0,0,0,0,0,763625,1,720833,1,0,0
169,53995000,23441,0,0,0,0,0,0,0,0,0,0,0,0,835750,1,792042,1,0,0
170,53147040,23853,0,0,0,0,0,0,0,0,0,0,0,0,786792,1,735500,1,0,0
171,54589124,23621,0,0,0,0,0,0,0,0,0,0,0,0,817875,1,779209,1,0,0
172,53959500,23377,0,0,0,0,0,0,0,0,0,0,0,0,1061750,1,1001791,1,0,0
173,58446832,23353,0,0,0,0,0,0,0,0,0,0,0,0,861333,1,808375,1,0,0
174,51545084,23289,0,0,0,0,0,0,0,0,0,0,0,0,824250,1,779000,1,0,0
175,49411668,23493,0,0,0,0,0,0,0,0,0,0,0,0,728792,1,691375,1,0,0
176,48629168,23289,0,0,0,0,0,0,0,0,0,0,0,0,721666,1,677542,1,0,0
177,46793208,23289,0,0,0,0,0,0,0,0,0,0,0,0,683542,1,646292,1,0,0
178,51894332,23353,0,0,0,0,0,0,0,0,0,0,0,0,682042,1,643000,1,0,0
179,45842456,23377,0,0,0,0,0,0,0,0,0,0,0,0,712083,1,671417,1,0,0
180,48099084,23905,0,0,0,0,0,0,0,0,0,0,0,0,742792,1,707083,1,0,0
181,46321376,23569,0,0,0,0,0,0,0,0,0,0,0,0,676792,1,640959,1,0,0
182,51831916,23289,0,0,0,0,0,0,0,0,0,0,0,0,943708,1,898917,1,0,0
183,54804832,23377,0,0,0,0,0,0,0,0,0,0,0,0,842625,1,795916,1,0,0
184,44729208,23405,0,0,0,0,0,0,0,0,0,0,0,0,686333,1,649542,1,0,0
185,43569876,23289,0,0,0,0,0,0,0,0,0,0,0,0,702000,1,660250,1,0,0
186,43236000,23289,0,0,0,0,0,0,0,0,0,0,0,0,654709,1,619250,1,0,0
187,39038960,23441,0,0,0,0,0,0,0,0,0,0,0,0,663375,1,632208,1,0,0
188,38288708,23289,0,0,0,0,0,0,0,0,0,0,0,0,605583,1,571417,1,0,0
189,36130168,23341,0,0,0,0,0,0,0,0,0,0,0,0,638750,1,606916,1,0,0
190,33242084,23353,0,0,0,0,0,0,0,0,0,0,0,0,584917,1,556416,1,0,0
191,33643376,23289,0,0,0,0,0,0,0,0,0,0,0,0,585375,1,550125,1,0,0
192,33407500,23941,0,0,0,0,0,0,0,0,0,0,0,0,558708,1,529875,1,0,0
193,33167292,23569,0,0,0,0,0,0,0,0,0,0,0,0,541625,1,511833,1,0,0
194,33729792,23289,0,0,0,0,0,0,0,0,0,0,0,0,539042,1,507500,1,0,0
195,33667876,23341,0,0,0,0,0,0,0,0,0,0,0,0,580167,1,552125,1,0,0
196,36923544,23353,0,0,0,0,0,0,0,0,0,0,0,0,668083,1,634208,1,0,0
197,34393832,23377,0,0,0,0,0,0,0,0,0,0,0,0,554250,1,518250,1,0,0
198,33698708,23289,0,0,0,0,0,0,0,0,0,0,0,0,557458,1,527500,1,0,0
199,33570124,23353,0,0,0,0,0,0,0,0,0,0,0,0,554459,1,526083,1,0,0
200,32545416,23289,0,0,0,0,0,0,0,0,0,0,0,0,578958,1,541792,1,0,0
201,31409500,23341,0,0,0,0,0,0,0,0,0,0,0,0,523209,1,496875,1,0,0
202,30359040,23377,0,0,0,0,0,0,0,0,0,0,0,0,534417,1,502875,1,0,0
203,31282832,23353,0,0,0,0,0,0,0,0,0,0,0,0,525042,1,477334,1,0,0
204,31479708,23289,0,0,0,0,0,0,0,0,0,0,0,0,524709,1,497667,1,0,0
205,33836544,23289,0,0,0,0,0,0,0,0,0,0,0,0,533625,1,504667,1,0,0
206,34170000,23289,0,0,0,0,0,0,0,0,0,0,0,0,694416,1,659834,1,0,0
207,34707752,26125,0,0,0,0,0,0,0,0,0,0,0,0,917291,1,888292,1,0,0
208,36133084,23557,0,0,0,0,0,0,0,0,0,0,0,0,1332292,1,1279333,1,0,0
209,38230336,23289,0,0,0,0,0,0,0,0,0,0,0,0,685708,1,641417,1,0,0
210,38793292,23353,0,0,0,0,0,0,0,0,0,0,0,0,590125,1,561625,1,0,0
211,41119668,23289,0,0,0,0,0,0,0,0,0,0,0,0,729875,1,679417,1,0,0
212,40192456,23377,0,0,0,0,0,0,0,0,0,0,0,0,839375,1,799416,1,0,0
213,47462960,23353,0,0,0,0,0,0,0,0,0,0,0,0,815542,1,774542,1,0,0
214,62087040,23341,0,0,0,0,0,0,0,0,0,0,0,0,954792,1,899875,1,0,0
215,69666248,23441,0,0,0,0,0,0,0,0,0,0,0,0,1113792,1,1048959,1,0,0
216,69787376,23289,0,0,0,0,0,0,0,0,0,0,0,0,933875,1,878250,1,0,0
217,76820960,23969,0,0,0,0,0,0,0,0,0,0,0,0,978625,1,915583,1,0,0
218,68792080,23593,0,0,0,0,0,0,0,0,0,0,0,0,950583,1,887625,1,0,0
219,63291376,23353,0,0,0,0,0,0,0,0,0,0,0,0,1056875,1,1002416,1,0,0
220,58717084,23341,0,0,0,0,0,0,0,0,0,0,0,0,869375,1,824667,1,0,0
221,47971208,23441,0,0,0,0,0,0,0,0,0,0,0,0,729875,1,686125,1,0,0
222,47140960,23289,0,0,0,0,0,0,0,0,0,0,0,0,694334,1,658417,1,0,0
223,47476416,23289,0,0,0,0,0,0,0,0,0,0,0,0,743833,1,703958,1,0,0
224,48693792,23405,0,0,0,0,0,0,0,0,0,0,0,0,720875,1,676750,1,0,0
225,47399292,23377,0,0,0,0,0,0,0,0,0,0,0,0,1071083,1,1021083,1,0,0
226,45835708,23853,0,0,0,0,0,0,0,0,0,0,0,0,684792,1,648916,1,0,0
227,46925752,23569,0,0,0,0,0,0,0,0,0,0,0,0,889375,1,843333,1,0,0
228,47713460,23289,0,0,0,0,0,0,0,0,0,0,0,0,680792,1,645750,1,0,0
229,54783584,23429,0,0,0,0,0,0,0,0,0,0,0,0,747000,1,702833,1,0,0
230,60715040,23353,0,0,0,0,0,0,0,0,0,0,0,0,1194000,1,1139042,1,0,0
231,55265416,23289,0,0,0,0,0,0,0,0,0,0,0,0,757916,1,712417,1,0,0
232,49328040,23441,0,0,0,0,0,0,0,0,0,0,0,0,829333,1,785708,1,0,0
233,43661000,23341,0,0,0,0,0,0,0,0,0,0,0,0,664125,1,621625,1,0,0
234,43971208,23289,0,0,0,0,0,0,0,0,0,0,0,0,670834,1,634375,1,0,0
235,40871752,23353,0,0,0,0,0,0,0,0,0,0,0,0,701375,1,661542,1,0,0
236,38068792,23377,0,0,0,0,0,0,0,0,0,0,0,0,602167,1,562500,1,0,0
237,36501376,23853,0,0,0,0,0,0,0,0,0,0,0,0,592500,1,560000,1,0,0
238,33470624,23621,0,0,0,0,0,0,0,0,0,0,0,0,567792,1,538875,1,0,0
239,33720832,23289,0,0,0,0,0,0,0,0,0,0,0,0,538084,1,501625,1,0,0
240,33425124,23289,0,0,0,0,0,0,0,0,0,0,0,0,543792,1,514792,1,0,0
241,36980876,23441,0,0,0,0,0,0,0,0,0,0,0,0,624750,1,591792,1,0,0
242,35655000,23289,0,0,0,0,0,0,0,0,0,0,0,0,597500,1,545583,1,0,0
243,36798416,23289,0,0,0,0,0,0,0,0,0,0,0,0,713375,1,675500,1,0,0
244,37214376,23405,0,0,0,0,0,0,0,0,0,0,0,0,581333,1,553292,1,0,0
245,37731416,23289,0,0,0,0,0,0,0,0,0,0,0,0,544792,1,507958,1,0,0
246,38378376,23377,0,0,0,0,0,0,0,0,0,0,0,0,1073000,1,1015958,1,0,0
247,36803456,23353,0,0,0,0,0,0,0,0,0,0,0,0,581584,1,553083,1,0,0
248,37817416,23289,0,0,0,0,0,0,0,0,0,0,0,0,597459,1,560458,1,0,0
249,41891544,23289,0,0,0,0,0,0,0,0,0,0,0,0,650958,1,617458,1,0,0
250,47777500,24057,0,0,0,0,0,0,0,0,0,0,0,0,859709,1,815333,1,0,0
251,57568376,23505,0,0,0,0,0,0,0,0,0,0,0,0,784958,1,705542,1,0,0
252,66156292,23353,0,0,0,0,0,0,0,0,0,0,0,0,972458,1,920958,1,0,0
253,69316752,23377,0,0,0,0,0,0,0,0,0,0,0,0,1126500,1,1071791,1,0,0
254,68368704,23405,0,0,0,0,0,0,0,0,0,0,0,0,1204542,1,1133000,1,0,0
255,65261040,23289,0,0,0,0,0,0,0,0,0,0,0,0,1058041,1,1001291,1,0,0
256,55528544,23441,0,0,0,0,0,0,0,0,0,0,0,0,826083,1,781750,1,0,0
257,56468376,23289,0,0,0,0,0,0,0,0,0,0,0,0,1148000,1,1084917,1,0,0
258,53523292,23969,0,0,0,0,0,0,0,0,0,0,0,0,788334,1,743584,1,0,0
259,46713336,23593,0,0,0,0,0,0,0,0,0,0,0,0,710583,1,669708,1,0,0
260,54365792,23353,0,0,0,0,0,0,0,0,0,0,0,0,732916,1,692625,1,0,0
261,53959584,23289,0,0,0,0,0,0,0,0,0,0,0,0,841625,1,797250,1,0,0
262,59921040,23493,0,0,0,0,0,0,0,0,0,0,0,0,1279292,1,1213542,1,0,0
263,53278040,23289,0,0,0,0,0,0,0,0,0,0,0,0,704709,1,661584,1,0,0
264,51642584,23353,0,0,0,0,0,0,0,0,0,0,0,0,1023875,1,980500,1,0,0
265,53709960,23377,0,0,0,0,0,0,0,0,0,0,0,0,721666,1,684541,1,0,0
266,56606876,23405,0,0,0,0,0,0,0,0,0,0,0,0,942208,1,884750,1,0,0
267,55301208,23289,0,0,0,0,0,0,0,0,0,0,0,0,801667,1,759333,1,0,0
268,57715876,24005,0,0,0,0,0,0,0,0,0,0,0,0,1289750,1,1239833,1,0,0
269,55612456,23505,0,0,0,0,0,0,0,0,0,0,0,0,800750,1,749083,1,0,0
270,53256752,23405,0,0,0,0,0,0,0,0,0,0,0,0,784208,1,740042,1,0,0
271,58257668,23377,0,0,0,0,0,0,0,0,0,0,0,0,962750,1,887250,1,0,0
272,49499456,23353,0,0,0,0,0,0,0,0,0,0,0,0,805291,1,755291,1,0,0
273,43398208,23289,0,0,0,0,0,0,0,0,0,0,0,0,671834,1,636667,1,0,0
274,40146376,23429,0,0,0,0,0,0,0,0,0,0,0,0,664250,1,628166,1,0,0
275,38081000,23353,0,0,0,0,0,0,0,0,0,0,0,0,621042,1,567666,1,0,0
276,34673584,23289,0,0,0,0,0,0,0,0,0,0,0,0,583208,1,551250,1,0,0
277,33770832,23289,0,0,0,0,0,0,0,0,0,0,0,0,531708,1,503084,1,0,0
278,33967752,23353,0,0,0,0,0,0,0,0,0,0,0,0,550500,1,512208,1,0,0
279,34071544,23941,0,0,0,0,0,0,0,0,0,0,0,0,539667,1,510917,1,0,0
280,33565248,23557,0,0,0,0,0,0,0,0,0,0,0,0,549125,1,520416,1,0,0
281,33619668,23353,0,0,0,0,0,0,0,0,0,0,0,0,572000,1,535125,1,0,0
282,33703668,23289,0,0,0,0,0,0,0,0,0,0,0,0,538208,1,507666,1,0,0
283,36556544,23289,0,0,0,0,0,0,0,0,0,0,0,0,640042,1,609708,1,0,0
284,33343292,23441,0,0,0,0,0,0,0,0,0,0,0,0,698166,1,652792,1,0,0
285,33371124,23289,0,0,0,0,0,0,0,0,0,0,0,0,569875,1,540208,1,0,0
286,32782040,23341,0,0,0,0,0,0,0,0,0,0,0,0,640167,1,602250,1,0,0
287,32689542,23289,0,0,0,0,0,0,0,0,0,0,0,0,523667,1,492458,1,0,0
288,36121248,23353,0,0,0,0,0,0,0,0,0,0,0,0,1040417,1,994666,1,0,0
289,35210336,23377,0,0,0,0,0,0,0,0,0,0,0,0,533375,1,504958,1,0,0
290,35837832,23289,0,0,0,0,0,0,0,0,0,0,0,0,750417,1,708083,1,0,0
291,37529500,23353,0,0,0,0,0,0,0,0,0,0,0,0,675500,1,639291,1,0,0
292,36506876,23341,0,0,0,0,0,0,0,0,0,0,0,0,694584,1,659000,1,0,0
293,37445124,23853,0,0,0,0,0,0,0,0,0,0,0,0,555041,1,507417,1,0,0
294,35884416,23657,0,0,0,0,0,0,0,0,0,0,0,0,580000,1,549083,1,0,0
295,38835544,23289,0,0,0,0,0,0,0,0,0,0,0,0,595042,1,562708,1,0,0
296,46815708,23289,0,0,0,0,0,0,0,0,0,0,0,0,673833,1,611375,1,0,0
297,63559248,23353,0,0,0,0,0,0,0,0,0,0,0,0,828125,1,783333,1,0,0
298,66769000,23429,0,0,0,0,0,0,0,0,0,0,0,0,916584,1,864667,1,0,0
299,67191920,23353,0,0,0,0,0,0,0,0,0,0,0,0,992667,1,933583,1,0,0
300,68647960,23289,0,0,0,0,0,0,0,0,0,0,0,0,1309459,1,1243542,1,0,0
301,68241664,23493,0,0,0,0,0,0,0,0,0,0,0,0,988792,1,937167,1,0,0
302,61872124,23853,0,0,0,0,0,0,0,0,0,0,0,0,979750,1,913917,1,0,0
303,56465000,23569,0,0,0,0,0,0,0,0,0,0,0,0,921666,1,874917,1,0,0
304,50771500,23377,0,0,0,0,0,0,0,0,0,0,0,0,799541,1,756291,1,0,0
305,52240040,23405,0,0,0,0,0,0,0,0,0,0,0,0,906458,1,854375,1,0,0
306,45399208,23289,0,0,0,0,0,0,0,0,0,0,0,0,716292,1,680416,1,0,0
307,47994292,23289,0,0,0,0,0,0,0,0,0,0,0,0,698333,1,659666,1,0,0
308,48473960,23441,0,0,0,0,0,0,0,0,0,0,0,0,840791,1,779416,1,0,0
309,51807876,23289,0,0,0,0,0,0,0,0,0,0,0,0,829333,1,789375,1,0,0
310,48797668,23405,0,0,0,0,0,0,0,0,0,0,0,0,678750,1,643042,1,0,0
311,50026248,23289,0,0,0,0,0,0,0,0,0,0,0,0,887667,1,824792,1,0,0
312,48849084,23941,0,0,0,0,0,0,0,0,0,0,0,0,788500,1,746500,1,0,0
313,52659708,23569,0,0,0,0,0,0,0,0,0,0,0,0,779583,1,736625,1,0,0
314,50751500,23341,0,0,0,0,0,0,0,0,0,0,0,0,792875,1,742500,1,0,0
315,58985832,23441,0,0,0,0,0,0,0,0,0,0,0,0,860750,1,812875,1,0,0
316,52339124,23289,0,0,0,0,0,0,0,0,0,0,0,0,1226875,1,1181584,1,0,0
317,47431456,23353,0,0,0,0,0,0,0,0,0,0,0,0,678916,1,617833,1,0,0
318,49578000,23429,0,0,0,0,0,0,0,0,0,0,0,0,735916,1,699083,1,0,0
319,44819752,23289,0,0,0,0,0,0,0,0,0,0,0,0,726250,1,666542,1,0,0
320,45182916,23353,0,0,0,0,0,0,0,0,0,0,0,0,677833,1,613250,1,0,0
321,45622248,23289,0,0,0,0,0,0,0,0,0,0,0,0,907500,1,831250,1,0,0
322,47149876,23941,0,0,0,0,0,0,0,0,0,0,0,0,1118667,1,1067375,1,0,0
323,44695500,23621,0,0,0,0,0,0,0,0,0,0,0,0,1102792,1,1024584,1,0,0
324,42819000,23289,0,0,0,0,0,0,0,0,0,0,0,0,616959,1,582833,1,0,0
325,50931876,23289,0,0,0,0,0,0,0,0,0,0,0,0,1074708,1,1021458,1,0,0
326,45204792,23441,0,0,0,0,0,0,0,0,0,0,0,0,683834,1,641666,1,0,0
327,46797084,23289,0,0,0,0,0,0,0,0,0,0,0,0,687417,1,650542,1,0,0
328,50171876,23341,0,0,0,0,0,0,0,0,0,0,0,0,718250,1,682375,1,0,0
329,50892124,23353,0,0,0,0,0,0,0,0,0,0,0,0,769000,1,702333,1,0,0
330,54092084,23377,0,0,0,0,0,0,0,0,0,0,0,0,794083,1,751958,1,0,0
331,54576624,23353,0,0,0,0,0,0,0,0,0,0,0,0,783583,1,725750,1,0,0
332,54629916,23905,0,0,0,0,0,0,0,0,0,0,0,0,802708,1,751209,1,0,0
333,55229500,23657,0,0,0,0,0,0,0,0,0,0,0,0,785375,1,740083,1,0,0
334,57839168,23289,0,0,0,0,0,0,0,0,0,0,0,0,808958,1,756084,1,0,0
335,60347208,23353,0,0,0,0,0,0,0,0,0,0,0,0,901083,1,845125,1,0,0
336,56926124,23429,0,0,0,0,0,0,0,0,0,0,0,0,1366958,1,1307334,1,0,0
337,55478248,23353,0,0,0,0,0,0,0,0,0,0,0,0,815333,1,771958,1,0,0
338,54010376,23289,0,0,0,0,0,0,0,0,0,0,0,0,832542,1,750875,1,0,0
339,57333000,23441,0,0,0,0,0,0,0,0,0,0,0,0,1368208,1,1314458,1,0,0
340,54282416,23341,0,0,0,0,0,0,0,0,0,0,0,0,799750,1,752458,1,0,0
341,51088248,23917,0,0,0,0,0,0,0,0,0,0,0,0,791958,1,737375,1,0,0
342,52864624,23593,0,0,0,0,0,0,0,0,0,0,0,0,806125,1,763959,1,0,0
343,56569168,23353,0,0,0,0,0,0,0,0,0,0,0,0,1306000,1,1246666,1,0,0
344,58601416,23341,0,0,0,0,0,0,0,0,0,0,0,0,866459,1,812041,1,0,0
345,56019916,23441,0,0,0,0,0,0,0,0,0,0,0,0,793750,1,749042,1,0,0
346,53117332,23289,0,0,0,0,0,0,0,0,0,0,0,0,763917,1,720167,1,0,0
347,46114664,23353,0,0,0,0,0,0,0,0,0,0,0,0,771042,1,721542,1,0,0
348,43999960,23429,0,0,0,0,0,0,0,0,0,0,0,0,723959,1,667750,1,0,0
349,38728584,23289,0,0,0,0,0,0,0,0,0,0,0,0,655292,1,621250,1,0,0
350,38411544,23353,0,0,0,0,0,0,0,0,0,0,0,0,624625,1,587042,1,0,0
351,35815292,23853,0,0,0,0,0,0,0,0,0,0,0,0,622208,1,554625,1,0,0
352,33653336,23593,0,0,0,0,0,0,0,0,0,0,0,0,549875,1,522333,1,0,0
353,33452042,23353,0,0,0,0,0,0,0,0,0,0,0,0,587125,1,533500,1,0,0
354,33367124,23341,0,0,0,0,0,0,0,0,0,0,0,0,560166,1,532250,1,0,0
355,33305332,23289,0,0,0,0,0,0,0,0,0,0,0,0,528083,1,499417,1,0,0
356,36906876,23353,0,0,0,0,0,0,0,0,0,0,0,0,669208,1,626750,1,0,0
357,33406416,23377,0,0,0,0,0,0,0,0,0,0,0,0,566584,1,538958,1,0,0
358,33329624,23289,0,0,0,0,0,0,0,0,0,0,0,0,541167,1,511792,1,0,0
359,34240124,23353,0,0,0,0,0,0,0,0,0,0,0,0,541000,1,503833,1,0,0
360,34497624,23341,0,0,0,0,0,0,0,0,0,0,0,0,536291,1,505583,1,0,0
361,34559040,23289,0,0,0,0,0,0,0,0,0,0,0,0,599042,1,572792,1,0,0
362,34158040,23441,0,0,0,0,0,0,0,0,0,0,0,0,509667,1,473625,1,0,0
363,35903124,23289,0,0,0,0,0,0,0,0,0,0,0,0,633625,1,592125,1,0,0
364,34575916,23289,0,0,0,0,0,0,0,0,0,0,0,0,579708,1,547125,1,0,0
365,36152248,23353,0,0,0,0,0,0,0,0,0,0,0,0,610125,1,561416,1,0,0
366,35135916,23905,0,0,0,0,0,0,0,0,0,0,0,0,850833,1,807083,1,0,0
367,39570248,23593,0,0,0,0,0,0,0,0,0,0,0,0,781459,1,737250,1,0,0
368,37001832,23353,0,0,0,0,0,0,0,0,0,0,0,0,600208,1,542292,1,0,0
369,40462960,23289,0,0,0,0,0,0,0,0,0,0,0,0,612125,1,580834,1,0,0
370,54539416,23289,0,0,0,0,0,0,0,0,0,0,0,0,712042,1,668458,1,0,0
371,62587332,23493,0,0,0,0,0,0,0,0,0,0,0,0,877458,1,820375,1,0,0
372,67014248,23289,0,0,0,0,0,0,0,0,0,0,0,0,1073333,1,1016541,1,0,0
373,66671376,23353,0,0,0,0,0,0,0,0,0,0,0,0,982625,1,929500,1,0,0
374,67384080,23377,0,0,0,0,0,0,0,0,0,0,0,0,1038959,1,978417,1,0,0
375,66764792,23969,0,0,0,0,0,0,0,0,0,0,0,0,970750,1,915542,1,0,0
376,56366124,23505,0,0,0,0,0,0,0,0,0,0,0,0,1020958,1,950792,1,0,0
377,49971708,23441,0,0,0,0,0,0,0,0,0,0,0,0,764792,1,716833,1,0,0
378,50876544,23289,0,0,0,0,0,0,0,0,0,0,0,0,1154375,1,1082958,1,0,0
379,45140708,23405,0,0,0,0,0,0,0,0,0,0,0,0,669250,1,628667,1,0,0
380,42873708,23289,0,0,0,0,0,0,0,0,0,0,0,0,681083,1,619958,1,0,0
381,41980376,23377,0,0,0,0,0,0,0,0,0,0,0,0,710000,1,671666,1,0,0
382,46166332,23353,0,0,0,0,0,0,0,0,0,0,0,0,791834,1,747667,1,0,0
383,44649376,23289,0,0,0,0,0,0,0,0,0,0,0,0,681875,1,622125,1,0,0
384,45107040,23341,0,0,0,0,0,0,0,0,0,0,0,0,590833,1,559834,1,0,0
385,44187624,23441,0,0,0,0,0,0,0,0,0,0,0,0,722458,1,686542,1,0,0
386,46075124,23853,0,0,0,0,0,0,0,0,0,0,0,0,611833,1,557667,1,0,0
387,44140376,23505,0,0,0,0,0,0,0,0,0,0,0,0,814042,1,767916,1,0,0
388,41593208,23353,0,0,0,0,0,0,0,0,0,0,0,0,599083,1,567208,1,0,0
389,42469792,23429,0,0,0,0,0,0,0,0,0,0,0,0,666208,1,622875,1,0,0
390,38113456,23289,0,0,0,0,0,0,0,0,0,0,0,0,581625,1,550375,1,0,0
391,37953168,23353,0,0,0,0,0,0,0,0,0,0,0,0,590042,1,556375,1,0,0
392,37543456,23289,0,0,0,0,0,0,0,0,0,0,0,0,582292,1,542416,1,0,0
393,36790752,23377,0,0,0,0,0,0,0,0,0,0,0,0,594333,1,562667,1,0,0
394,33590040,23353,0,0,0,0,0,0,0,0,0,0,0,0,548958,1,520750,1,0,0
395,33425960,23341,0,0,0,0,0,0,0,0,0,0,0,0,588834,1,553000,1,0,0
396,33579664,23289,0,0,0,0,0,0,0,0,0,0,0,0,562541,1,532708,1,0,0
397,33759084,23353,0,0,0,0,0,0,0,0,0,0,0,0,531875,1,503084,1,0,0
398,33328166,23377,0,0,0,0,0,0,0,0,0,0,0,0,579792,1,525709,1,0,0
399,33227750,23853,0,0,0,0,0,0,0,0,0,0,0,0,599500,1,570125,1,0,0
400,33119960,23569,0,0,0,0,0,0,0,0,0,0,0,0,531208,1,501958,1,0,0
401,33214416,23341,0,0,0,0,0,0,0,0,0,0,0,0,580541,1,547209,1,0,0
402,33529584,23289,0,0,0,0,0,0,0,0,0,0,0,0,584375,1,550500,1,0,0
403,35887292,23377,0,0,0,0,0,0,0,0,0,0,0,0,628292,1,597792,1,0,0
404,33354584,23353,0,0,0,0,0,0,0,0,0,0,0,0,533916,1,501084,1,0,0
405,32907292,23289,0,0,0,0,0,0,0,0,0,0,0,0,559959,1,530375,1,0,0
406,30381416,23289,0,0,0,0,0,0,0,0,0,0,0,0,536834,1,511500,1,0,0
407,30090292,23289,0,0,0,0,0,0,0,0,0,0,0,0,554833,1,524292,1,0,0
408,30849292,23493,0,0,0,0,0,0,0,0,0,0,0,0,510042,1,484041,1,0,0
409,30287124,23289,0,0,0,0,0,0,0,0,0,0,0,0,514458,1,487166,1,0,0
410,31091250,23289,0,0,0,0,0,0,0,0,0,0,0,0,527417,1,494417,1,0,0
411,34231916,23289,0,0,0,0,0,0,0,0,0,0,0,0,533333,1,507541,1,0,0
412,38167832,23353,0,0,0,0,0,0,0,0,0,0,0,0,576625,1,548500,1,0,0
413,35874000,23377,0,0,0,0,0,0,0,0,0,0,0,0,577458,1,539458,1,0,0
414,36669332,23905,0,0,0,0,0,0,0,0,0,0,0,0,819583,1,787500,1,0,0
415,35471792,23569,0,0,0,0,0,0,0,0,0,0,0,0,583083,1,552375,1,0,0
416,35104124,23289,0,0,0,0,0,0,0,0,0,0,0,0,548750,1,513541,1,0,0
417,38301960,23289,0,0,0,0,0,0,0,0,0,0,0,0,578542,1,548916,1,0,0
418,47542416,23441,0,0,0,0,0,0,0,0,0,0,0,0,776791,1,725375,1,0,0
419,51389540,23289,0,0,0,0,0,0,0,0,0,0,0,0,735333,1,667084,1,0,0
420,63211876,23341,0,0,0,0,0,0,0,0,0,0,0,0,795166,1,749625,1,0,0
421,70064416,23441,0,0,0,0,0,0,0,0,0,0,0,0,930167,1,878250,1,0,0
422,67328416,23289,0,0,0,0,0,0,0,0,0,0,0,0,1008792,1,945625,1,0,0
423,70002752,23405,0,0,0,0,0,0,0,0,0,0,0,0,1126291,1,1069417,1,0,0
424,66568500,23941,0,0,0,0,0,0,0,0,0,0,0,0,1080208,1,1025167,1,0,0
425,55968916,23569,0,0,0,0,0,0,0,0,0,0,0,0,1227625,1,1125417,1,0,0
426,55897416,23289,0,0,0,0,0,0,0,0,0,0,0,0,815125,1,770416,1,0,0
427,48165832,23493,0,0,0,0,0,0,0,0,0,0,0,0,715500,1,678250,1,0,0
428,46916332,23289,0,0,0,0,0,0,0,0,0,0,0,0,687834,1,619000,1,0,0
429,46274668,23289,0,0,0,0,0,0,0,0,0,0,0,0,940792,1,884209,1,0,0
430,46475916,23353,0,0,0,0,0,0,0,0,0,0,0,0,655333,1,618959,1,0,0
431,44924916,23377,0,0,0,0,0,0,0,0,0,0,0,0,712334,1,670666,1,0,0
432,47557832,23341,0,0,0,0,0,0,0,0,0,0,0,0,700208,1,664250,1,0,0
433,48256792,23353,0,0,0,0,0,0,0,0,0,0,0,0,651542,1,615750,1,0,0
434,44368792,23853,0,0,0,0,0,0,0,0,0,0,0,0,697375,1,635375,1,0,0
435,47416832,23593,0,0,0,0,0,0,0,0,0,0,0,0,719167,1,682208,1,0,0
436,46799292,23353,0,0,0,0,0,0,0,0,0,0,0,0,733542,1,683416,1,0,0
437,49234792,23341,0,0,0,0,0,0,0,0,0,0,0,0,888083,1,827875,1,0,0
438,46688124,23289,0,0,0,0,0,0,0,0,0,0,0,0,699208,1,655541,1,0,0
439,47171124,23441,0,0,0,0,0,0,0,0,0,0,0,0,659458,1,621833,1,0,0
440,46340456,23289,0,0,0,0,0,0,0,0,0,0,0,0,658250,1,613917,1,0,0
441,44038084,23289,0,0,0,0,0,0,0,0,0,0,0,0,1172167,1,1123959,1,0,0
442,43004292,23405,0,0,0,0,0,0,0,0,0,0,0,0,662875,1,626917,1,0,0
443,43143084,23377,0,0,0,0,0,0,0,0,0,0,0,0,655125,1,613709,1,0,0
444,37586876,23289,0,0,0,0,0,0,0,0,0,0,0,0,581333,1,550167,1,0,0
445,37340544,23917,0,0,0,0,0,0,0,0,0,0,0,0,591917,1,559916,1,0,0
446,37208500,23505,0,0,0,0,0,0,0,0,0,0,0,0,622958,1,566208,1,0,0
447,33215250,23377,0,0,0,0,0,0,0,0,0,0,0,0,526875,1,498167,1,0,0
448,33430960,23405,0,0,0,0,0,0,0,0,0,0,0,0,529083,1,500666,1,0,0
449,36305668,23289,0,0,0,0,0,0,0,0,0,0,0,0,656500,1,615291,1,0,0
450,33497832,23289,0,0,0,0,0,0,0,0,0,0,0,0,612625,1,564584,1,0,0
451,33633208,23353,0,0,0,0,0,0,0,0,0,0,0,0,556166,1,527958,1,0,0
452,33499292,23377,0,0,0,0,0,0,0,0,0,0,0,0,559125,1,513125,1,0,0
453,33236376,23289,0,0,0,0,0,0,0,0,0,0,0,0,568333,1,540333,1,0,0
454,33689916,23405,0,0,0,0,0,0,0,0,0,0,0,0,536042,1,506958,1,0,0
455,33458124,23289,0,0,0,0,0,0,0,0,0,0,0,0,560959,1,513792,1,0,0
456,33371250,23289,0,0,0,0,0,0,0,0,0,0,0,0,542583,1,514500,1,0,0
457,33515208,23441,0,0,0,0,0,0,0,0,0,0,0,0,549500,1,519917,1,0,0
458,32884208,23289,0,0,0,0,0,0,0,0,0,0,0,0,585542,1,540125,1,0,0
459,30037000,23853,0,0,0,0,0,0,0,0,0,0,0,0,496042,1,469167,1,0,0
460,30309750,23505,0,0,0,0,0,0,0,0,0,0,0,0,516875,1,490375,1,0,0
461,30325584,23405,0,0,0,0,0,0,0,0,0,0,0,0,554250,1,504541,1,0,0
462,31631542,23377,0,0,0,0,0,0,0,0,0,0,0,0,529166,1,502625,1,0,0
463,35624708,23289,0,0,0,0,0,0,0,0,0,0,0,0,678209,1,651917,1,0,0
464,39664832,23289,0,0,0,0,0,0,0,0,0,0,0,0,635167,1,583500,1,0,0
465,36326376,23353,0,0,0,0,0,0,0,0,0,0,0,0,537833,1,509208,1,0,0
466,36138916,23289,0,0,0,0,0,0,0,0,0,0,0,0,546083,1,516042,1,0,0
467,35173876,23429,0,0,0,0,0,0,0,0,0,0,0,0,891708,1,846792,1,0,0
468,35628208,23353,0,0,0,0,0,0,0,0,0,0,0,0,524959,1,495750,1,0,0
469,37589456,23289,0,0,0,0,0,0,0,0,0,0,0,0,693791,1,659334,1,0,0
470,44374332,23289,0,0,0,0,0,0,0,0,0,0,0,0,640375,1,585750,1,0,0
471,52123708,23441,0,0,0,0,0,0,0,0,0,0,0,0,735292,1,696250,1,0,0
472,63613376,23905,0,0,0,0,0,0,0,0,0,0,0,0,739834,1,696167,1,0,0
473,67387128,23569,0,0,0,0,0,0,0,0,0,0,0,0,987583,1,923167,1,0,0
474,70879208,23377,0,0,0,0,0,0,0,0,0,0,0,0,985458,1,932875,1,0,0
475,74150664,23405,0,0,0,0,0,0,0,0,0,0,0,0,1302334,1,1247959,1,0,0
476,67409088,23289,0,0,0,0,0,0,0,0,0,0,0,0,1037625,1,947834,1,0,0
477,58680456,23441,0,0,0,0,0,0,0,0,0,0,0,0,1284583,1,1225709,1,0,0
478,52215668,23341,0,0,0,0,0,0,0,0,0,0,0,0,933125,1,882958,1,0,0
479,48345584,23353,0,0,0,0,0,0,0,0,0,0,0,0,694541,1,636250,1,0,0
480,48027084,23377,0,0,0,0,0,0,0,0,0,0,0,0,656833,1,618083,1,0,0
481,46891376,23853,0,0,0,0,0,0,0,0,0,0,0,0,669042,1,631875,1,0,0
482,47088456,23569,0,0,0,0,0,0,0,0,0,0,0,0,946375,1,848750,1,0,0
483,47469456,23341,0,0,0,0,0,0,0,0,0,0,0,0,1073166,1,1037542,1,0,0
484,50674624,23377,0,0,0,0,0,0,0,0,0,0,0,0,1174208,1,1119334,1,0,0
485,52776876,23353,0,0,0,0,0,0,0,0,0,0,0,0,880833,1,819125,1,0,0
486,55289248,23289,0,0,0,0,0,0,0,0,0,0,0,0,855250,1,809542,1,0,0
487,55083376,23493,0,0,0,0,0,0,0,0,0,0,0,0,1086041,1,1032875,1,0,0
488,55538460,23289,0,0,0,0,0,0,0,0,0,0,0,0,788833,1,713291,1,0,0
489,52511832,23353,0,0,0,0,0,0,0,0,0,0,0,0,952291,1,890542,1,0,0
490,49819624,23941,0,0,0,0,0,0,0,0,0,0,0,0,811250,1,768417,1,0,0
491,43903208,23621,0,0,0,0,0,0,0,0,0,0,0,0,695250,1,633250,1,0,0
492,40406624,23289,0,0,0,0,0,0,0,0,0,0,0,0,648083,1,612083,1,0,0
493,38114292,23289,0,0,0,0,0,0,0,0,0,0,0,0,620292,1,589458,1,0,0
494,38197292,23441,0,0,0,0,0,0,0,0,0,0,0,0,694042,1,637208,1,0,0
495,33635624,23289,0,0,0,0,0,0,0,0,0,0,0,0,543750,1,516209,1,0,0
496,33499292,23289,0,0,0,0,0,0,0,0,0,0,0,0,561125,1,531792,1,0,0
497,33506500,23405,0,0,0,0,0,0,0,0,0,0,0,0,558792,1,504667,1,0,0
498,33598832,23289,0,0,0,0,0,0,0,0,0,0,0,0,568042,1,522750,1,0,0
499,33372542,23377,0,0,0,0,0,0,0,0,0,0,0,0,557667,1,529375,1,0,0
500,33711584,23353,0,0,0,0,0,0,0,0,0,0,0,0,533250,1,499542,1,0,0
501,33557832,23289,0,0,0,0,0,0,0,0,0,0,0,0,533167,1,504750,1,0,0
502,32803208,23289,0,0,0,0,0,0,0,0,0,0,0,0,529208,1,501333,1,0,0
503,30358416,23405,0,0,0,0,0,0,0,0,0,0,0,0,531750,1,489375,1,0,0
504,30458916,23377,0,0,0,0,0,0,0,0,0,0,0,0,515208,1,482375,1,0,0
505,30397084,23853,0,0,0,0,0,0,0,0,0,0,0,0,523417,1,497583,1,0,0
506,29973040,23505,0,0,0,0,0,0,0,0,0,0,0,0,534458,1,490041,1,0,0
507,30478458,23353,0,0,0,0,0,0,0,0,0,0,0,0,529709,1,491959,1,0,0
508,30050624,23289,0,0,0,0,0,0,0,0,0,0,0,0,528542,1,502042,1,0,0
509,33136292,23377,0,0,0,0,0,0,0,0,0,0,0,0,628875,1,578958,1,0,0
510,32613624,23341,0,0,0,0,0,0,0,0,0,0,0,0,575208,1,547041,1,0,0
511,32855168,23353,0,0,0,0,0,0,0,0,0,0,0,0,523750,1,497334,1,0,0
512,34660084,23289,0,0,0,0,0,0,0,0,0,0,0,0,612292,1,553458,1,0,0
513,35714792,23289,0,0,0,0,0,0,0,0,0,0,0,0,538250,1,510166,1,0,0
514,36288248,23441,0,0,0,0,0,0,0,0,0,0,0,0,606583,1,560542,1,0,0
515,35446124,23289,0,0,0,0,0,0,0,0,0,0,0,0,704000,1,625958,1,0,0
516,36105584,23341,0,0,0,0,0,0,0,0,0,0,0,0,561458,1,527666,1,0,0
517,37369544,23353,0,0,0,0,0,0,0,0,0,0,0,0,686916,1,651000,1,0,0
518,34542664,23289,0,0,0,0,0,0,0,0,0,0,0,0,690917,1,637875,1,0,0
519,40865040,23941,0,0,0,0,0,0,0,0,0,0,0,0,808084,1,776333,1,0,0
520,46023292,23569,0,0,0,0,0,0,0,0,0,0,0,0,688208,1,651792,1,0,0
521,58589708,23289,0,0,0,0,0,0,0,0,0,0,0,0,800208,1,722375,1,0,0
522,70786792,23405,0,0,0,0,0,0,0,0,0,0,0,0,1095791,1,1035875,1,0,0
523,67161624,23377,0,0,0,0,0,0,0,0,0,0,0,0,931708,1,879417,1,0,0
524,66861168,23353,0,0,0,0,0,0,0,0,0,0,0,0,972542,1,908958,1,0,0
525,62556248,23341,0,0,0,0,0,0,0,0,0,0,0,0,965708,1,910417,1,0,0
526,53923248,23441,0,0,0,0,0,0,0,0,0,0,0,0,854417,1,804667,1,0,0
527,47810084,23289,0,0,0,0,0,0,0,0,0,0,0,0,792333,1,742542,1,0,0
528,46219460,23917,0,0,0,0,0,0,0,0,0,0,0,0,688792,1,652500,1,0,0
529,45394040,23557,0,0,0,0,0,0,0,0,0,0,0,0,651500,1,615542,1,0,0
530,44467248,23377,0,0,0,0,0,0,0,0,0,0,0,0,1227209,1,1140042,1,0,0
531,51446544,23353,0,0,0,0,0,0,0,0,0,0,0,0,1226042,1,1185416,1,0,0
532,43596876,23289,0,0,0,0,0,0,0,0,0,0,0,0,678541,1,640875,1,0,0
533,43629624,23289,0,0,0,0,0,0,0,0,0,0,0,0,615750,1,561541,1,0,0
534,45794168,23493,0,0,0,0,0,0,0,0,0,0,0,0,1047791,1,997875,1,0,0
535,44211876,23289,0,0,0,0,0,0,0,0,0,0,0,0,695417,1,659000,1,0,0
536,44293752,23289,0,0,0,0,0,0,0,0,0,0,0,0,620000,1,563375,1,0,0
537,44083292,23353,0,0,0,0,0,0,0,0,0,0,0,0,906167,1,863750,1,0,0
538,42674668,23377,0,0,0,0,0,0,0,0,0,0,0,0,596208,1,563209,1,0,0
539,44205708,23905,0,0,0,0,0,0,0,0,0,0,0,0,663917,1,618667,1,0,0
540,44490040,23569,0,0,0,0,0,0,0,0,0,0,0,0,748459,1,712041,1,0,0
541,46760752,23289,0,0,0,0,0,0,0,0,0,0,0,0,672833,1,637250,1,0,0
542,48704460,23377,0,0,0,0,0,0,0,0,0,0,0,0,688584,1,627166,1,0,0
543,47496708,23353,0,0,0,0,0,0,0,0,0,0,0,0,678333,1,640625,1,0,0
544,46741708,23341,0,0,0,0,0,0,0,0,0,0,0,0,693167,1,655417,1,0,0
545,43363208,23289,0,0,0,0,0,0,0,0,0,0,0,0,722166,1,656292,1,0,0
546,42707500,23441,0,0,0,0,0,0,0,0,0,0,0,0,650958,1,614708,1,0,0
547,42884000,23289,0,0,0,0,0,0,0,0,0,0,0,0,671833,1,634750,1,0,0
548,40718876,23289,0,0,0,0,0,0,0,0,0,0,0,0,700000,1,622417,1,0,0
549,37707832,23405,0,0,0,0,0,0,0,0,0,0,0,0,584916,1,553417,1,0,0
550,37153332,23941,0,0,0,0,0,0,0,0,0,0,0,0,639417,1,608583,1,0,0
551,33594000,23505,0,0,0,0,0,0,0,0,0,0,0,0,544250,1,510583,1,0,0
552,33409460,23353,0,0,0,0,0,0,0,0,0,0,0,0,556250,1,526666,1,0,0
553,33499542,23289,0,0,0,0,0,0,0,0,0,0,0,0,576292,1,547458,1,0,0
554,33460960,23289,0,0,0,0,0,0,0,0,0,0,0,0,571417,1,507458,1,0,0
555,37308040,23493,0,0,0,0,0,0,0,0,0,0,0,0,634750,1,600292,1,0,0
556,33459124,23289,0,0,0,0,0,0,0,0,0,0,0,0,548375,1,520750,1,0,0
557,33720708,23289,0,0,0,0,0,0,0,0,0,0,0,0,584000,1,532958,1,0,0
558,33614168,23353,0,0,0,0,0,0,0,0,0,0,0,0,534500,1,506042,1,0,0
559,33320166,23289,0,0,0,0,0,0,0,0,0,0,0,0,555958,1,526958,1,0,0
560,33788000,23377,0,0,0,0,0,0,0,0,0,0,0,0,543958,1,509834,1,0,0
561,32600166,23405,0,0,0,0,0,0,0,0,0,0,0,0,539375,1,508667,1,0,0
562,31556500,23289,0,0,0,0,0,0,0,0,0,0,0,0,540000,1,511958,1,0,0
563,30758832,23289,0,0,0,0,0,0,0,0,0,0,0,0,542042,1,491375,1,0,0
564,30465292,23289,0,0,0,0,0,0,0,0,0,0,0,0,505625,1,479667,1,0,0
565,30222000,23441,0,0,0,0,0,0,0,0,0,0,0,0,495542,1,469250,1,0,0
566,31660460,23853,0,0,0,0,0,0,0,0,0,0,0,0,521750,1,477209,1,0,0
567,32371958,23505,0,0,0,0,0,0,0,0,0,0,0,0,514334,1,488709,1,0,0
568,32504960,23341,0,0,0,0,0,0,0,0,0,0,0,0,495833,1,470208,1,0,0
569,32543124,23353,0,0,0,0,0,0,0,0,0,0,0,0,549666,1,501916,1,0,0
570,36166040,23377,0,0,0,0,0,0,0,0,0,0,0,0,636125,1,601750,1,0,0
571,33396624,23289,0,0,0,0,0,0,0,0,0,0,0,0,557000,1,529250,1,0,0
572,33224168,23353,0,0,0,0,0,0,0,0,0,0,0,0,547333,1,501791,1,0,0
573,35728040,23289,0,0,0,0,0,0,0,0,0,0,0,0,564083,1,535875,1,0,0
574,37033168,23341,0,0,0,0,0,0,0,0,0,0,0,0,655375,1,619458,1,0,0
575,38361376,23441,0,0,0,0,0,0,0,0,0,0,0,0,569791,1,509875,1,0,0
576,38194544,23289,0,0,0,0,0,0,0,0,0,0,0,0,581750,1,550750,1,0,0
577,37132376,23289,0,0,0,0,0,0,0,0,0,0,0,0,542167,1,508125,1,0,0
578,37858168,23353,0,0,0,0,0,0,0,0,0,0,0,0,738625,1,679625,1,0,0
579,40210584,23377,0,0,0,0,0,0,0,0,0,0,0,0,612833,1,581959,1,0,0
580,49571916,23905,0,0,0,0,0,0,0,0,0,0,0,0,673500,1,627625,1,0,0
581,63407040,23569,0,0,0,0,0,0,0,0,0,0,0,0,944542,1,870833,1,0,0
582,66692876,23377,0,0,0,0,0,0,0,0,0,0,0,0,1114917,1,1061750,1,0,0
583,78033752,23353,0,0,0,0,0,0,0,0,0,0,0,0,1102417,1,1049667,1,0,0
584,68193336,23341,0,0,0,0,0,0,0,0,0,0,0,0,933000,1,853084,1,0,0
585,67980128,23441,0,0,0,0,0,0,0,0,0,0,0,0,1010333,1,956917,1,0,0
586,55402332,23289,0,0,0,0,0,0,0,0,0,0,0,0,865750,1,820542,1,0,0
587,48706416,23353,0,0,0,0,0,0,0,0,0,0,0,0,809333,1,758209,1,0,0
588,46909876,23993,0,0,0,0,0,0,0,0,0,0,0,0,838625,1,778416,1,0,0
589,46993040,23505,0,0,0,0,0,0,0,0,0,0,0,0,710875,1,672709,1,0,0
590,45200832,23353,0,0,0,0,0,0,0,0,0,0,0,0,585667,1,549833,1,0,0
591,49725752,23289,0,0,0,0,0,0,0,0,0,0,0,0,761958,1,725292,1,0,0
592,48569664,23377,0,0,0,0,0,0,0,0,0,0,0,0,677541,1,641541,1,0,0
593,52893168,23405,0,0,0,0,0,0,0,0,0,0,0,0,964125,1,906000,1,0,0
594,55475416,23289,0,0,0,0,0,0,0,0,0,0,0,0,1010417,1,956334,1,0,0
595,65555292,23441,0,0,0,0,0,0,0,0,0,0,0,0,785042,1,741958,1,0,0
596,69789456,23289,0,0,0,0,0,0,0,0,0,0,0,0,991917,1,892583,1,0,0
597,64091832,23969,0,0,0,0,0,0,0,0,0,0,0,0,1360417,1,1292125,1,0,0
598,55343168,23593,0,0,0,0,0,0,0,0,0,0,0,0,766209,1,723500,1,0,0
599,55287084,23353,0,0,0,0,0,0,0,0,0,0,0,0,777708,1,719291,1,0,0
600,54841500,23289,0,0,0,0,0,0,0,0,0,0,0,0,810375,1,766667,1,0,0
601,47569876,23493,0,0,0,0,0,0,0,0,0,0,0,0,788416,1,745042,1,0,0
602,42217832,23289,0,0,0,0,0,0,0,0,0,0,0,0,709708,1,625042,1,0,0
603,39447248,23289,0,0,0,0,0,0,0,0,0,0,0,0,630125,1,598583,1,0,0
604,41776000,23353,0,0,0,0,0,0,0,0,0,0,0,0,616042,1,584333,1,0,0
605,40442584,23377,0,0,0,0,0,0,0,0,0,0,0,0,623209,1,572917,1,0,0
606,39423292,23341,0,0,0,0,0,0,0,0,0,0,0,0,591250,1,559958,1,0,0
607,41088792,23353,0,0,0,0,0,0,0,0,0,0,0,0,591958,1,559167,1,0,0
608,39885624,23853,0,0,0,0,0,0,0,0,0,0,0,0,831958,1,752834,1,0,0
609,40123040,23593,0,0,0,0,0,0,0,0,0,0,0,0,636459,1,582291,1,0,0
610,45313544,23353,0,0,0,0,0,0,0,0,0,0,0,0,655625,1,617666,1,0,0
611,49247456,23341,0,0,0,0,0,0,0,0,0,0,0,0,699250,1,654166,1,0,0
612,50597168,23289,0,0,0,0,0,0,0,0,0,0,0,0,700125,1,660833,1,0,0
613,54775500,23441,0,0,0,0,0,0,0,0,0,0,0,0,807166,1,762500,1,0,0
614,57356124,23289,0,0,0,0,0,0,0,0,0,0,0,0,1319917,1,1252250,1,0,0
615,57226708,23405,0,0,0,0,0,0,0,0,0,0,0,0,893041,1,845792,1,0,0
616,64528624,23377,0,0,0,0,0,0,0,0,0,0,0,0,974291,1,918459,1,0,0
617,57398668,23917,0,0,0,0,0,0,0,0,0,0,0,0,789709,1,737250,1,0,0
618,56576248,23505,0,0,0,0,0,0,0,0,0,0,0,0,775875,1,732125,1,0,0
619,55822584,23493,0,0,0,0,0,0,0,0,0,0,0,0,813667,1,771000,1,0,0
620,60929584,23289,0,0,0,0,0,0,0,0,0,0,0,0,1480625,1,1384375,1,0,0
621,56640000,23353,0,0,0,0,0,0,0,0,0,0,0,0,773000,1,728875,1,0,0
622,56307084,23377,0,0,0,0,0,0,0,0,0,0,0,0,1202125,1,1158542,1,0,0
623,54958708,23405,0,0,0,0,0,0,0,0,0,0,0,0,990750,1,917792,1,0,0
624,55229376,23289,0,0,0,0,0,0,0,0,0,0,0,0,780458,1,737541,1,0,0
625,56118000,23441,0,0,0,0,0,0,0,0,0,0,0,0,1189917,1,1131958,1,0,0
626,55904416,23853,0,0,0,0,0,0,0,0,0,0,0,0,966709,1,893667,1,0,0
627,55141960,23621,0,0,0,0,0,0,0,0,0,0,0,0,845250,1,802500,1,0,0
628,53129248,23377,0,0,0,0,0,0,0,0,0,0,0,0,1014375,1,967459,1,0,0
629,54690916,23353,0,0,0,0,0,0,0,0,0,0,0,0,831542,1,780625,1,0,0
630,44011708,23289,0,0,0,0,0,0,0,0,0,0,0,0,696166,1,659542,1,0,0
631,38710708,23429,0,0,0,0,0,0,0,0,0,0,0,0,700459,1,668458,1,0,0
632,37595668,23353,0,0,0,0,0,0,0,0,0,0,0,0,646542,1,598958,1,0,0
633,33815664,23289,0,0,0,0,0,0,0,0,0,0,0,0,536833,1,508250,1,0,0
634,33652752,23289,0,0,0,0,0,0,0,0,0,0,0,0,534250,1,506208,1,0,0
635,33933832,23353,0,0,0,0,0,0,0,0,0,0,0,0,558375,1,515833,1,0,0
636,33823248,23377,0,0,0,0,0,0,0,0,0,0,0,0,570417,1,542750,1,0,0
637,33537876,23341,0,0,0,0,0,0,0,0,0,0,0,0,545959,1,518375,1,0,0
638,33404668,23917,0,0,0,0,0,0,0,0,0,0,0,0,600208,1,552166,1,0,0
639,33610456,23505,0,0,0,0,0,0,0,0,0,0,0,0,536625,1,508125,1,0,0
640,33518040,23289,0,0,0,0,0,0,0,0,0,0,0,0,526209,1,498000,1,0,0
641,33682208,23441,0,0,0,0,0,0,0,0,0,0,0,0,535208,1,503167,1,0,0
642,32250042,23289,0,0,0,0,0,0,0,0,0,0,0,0,564042,1,535500,1,0,0
643,35267540,23341,0,0,0,0,0,0,0,0,0,0,0,0,598458,1,567584,1,0,0
644,33894916,23353,0,0,0,0,0,0,0,0,0,0,0,0,602875,1,552750,1,0,0
645,35317832,23289,0,0,0,0,0,0,0,0,0,0,0,0,541334,1,514083,1,0,0
646,36977168,23377,0,0,0,0,0,0,0,0,0,0,0,0,1028167,1,978292,1,0,0
647,35817460,23353,0,0,0,0,0,0,0,0,0,0,0,0,681291,1,621792,1,0,0
648,35130292,23289,0,0,0,0,0,0,0,0,0,0,0,0,756625,1,720958,1,0,0
649,37914792,23341,0,0,0,0,0,0,0,0,0,0,0,0,730458,1,682750,1,0,0
650,38074332,23353,0,0,0,0,0,0,0,0,0,0,0,0,602000,1,565416,1,0,0
651,37200540,23377,0,0,0,0,0,0,0,0,0,0,0,0,1074333,1,1031459,1,0,0
652,40073040,23853,0,0,0,0,0,0,0,0,0,0,0,0,604625,1,572583,1,0,0
653,49230208,23569,0,0,0,0,0,0,0,0,0,0,0,0,885000,1,821750,1,0,0
654,62641292,23341,0,0,0,0,0,0,0,0,0,0,0,0,910041,1,837375,1,0,0
655,72962960,23441,0,0,0,0,0,0,0,0,0,0,0,0,1053416,1,995833,1,0,0
656,66581876,23289,0,0,0,0,0,0,0,0,0,0,0,0,968542,1,901125,1,0,0
657,68814872,23405,0,0,0,0,0,0,0,0,0,0,0,0,1110875,1,1042209,1,0,0
658,61838832,23377,0,0,0,0,0,0,0,0,0,0,0,0,1123375,1,1061792,1,0,0
659,55958124,23353,0,0,0,0,0,0,0,0,0,0,0,0,864917,1,793708,1,0,0
660,54095916,23289,0,0,0,0,0,0,0,0,0,0,0,0,1262458,1,1210916,1,0,0
661,47926832,24057,0,0,0,0,0,0,0,0,0,0,0,0,1058041,1,1003833,1,0,0
662,49753208,23505,0,0,0,0,0,0,0,0,0,0,0,0,1057792,1,994083,1,0,0
663,55185292,23289,0,0,0,0,0,0,0,0,0,0,0,0,923375,1,867000,1,0,0
664,56305332,23441,0,0,0,0,0,0,0,0,0,0,0,0,829084,1,786958,1,0,0
665,50634916,23341,0,0,0,0,0,0,0,0,0,0,0,0,785541,1,716459,1,0,0
666,51129792,23353,0,0,0,0,0,0,0,0,0,0,0,0,680709,1,644542,1,0,0
667,51374500,23377,0,0,0,0,0,0,0,0,0,0,0,0,652709,1,617084,1,0,0
668,56707416,23353,0,0,0,0,0,0,0,0,0,0,0,0,1332709,1,1224042,1,0,0
669,54822332,23341,0,0,0,0,0,0,0,0,0,0,0,0,757417,1,706167,1,0,0
670,56062084,24005,0,0,0,0,0,0,0,0,0,0,0,0,776667,1,734875,1,0,0
671,56579624,23505,0,0,0,0,0,0,0,0,0,0,0,0,1124625,1,1066959,1,0,0
672,55236584,23353,0,0,0,0,0,0,0,0,0,0,0,0,819417,1,749958,1,0,0
673,60347708,33371,0,0,0,0,0,0,0,0,0,0,0,0,1216625,1,1161625,1,0,0
674,53714084,29081,0,0,0,0,0,0,0,0,0,0,0,0,813334,1,769875,1,0,0
675,53337584,23289,0,0,0,0,0,0,0,0,0,0,0,0,813250,1,760250,1,0,0
676,44066584,23441,0,0,0,0,0,0,0,0,0,0,0,0,671875,1,634500,1,0,0
677,43999960,23341,0,0,0,0,0,0,0,0,0,0,0,0,718250,1,681542,1,0,0
678,38001332,23289,0,0,0,0,0,0,0,0,0,0,0,0,655709,1,603208,1,0,0
679,38307416,23353,0,0,0,0,0,0,0,0,0,0,0,0,602583,1,571750,1,0,0
680,36197916,23941,0,0,0,0,0,0,0,0,0,0,0,0,606333,1,575542,1,0,0
681,33960960,23505,0,0,0,0,0,0,0,0,0,0,0,0,566750,1,529375,1,0,0
682,33886540,23353,0,0,0,0,0,0,0,0,0,0,0,0,552666,1,508584,1,0,0
683,33794084,23341,0,0,0,0,0,0,0,0,0,0,0,0,584541,1,547292,1,0,0
684,33542500,23289,0,0,0,0,0,0,0,0,0,0,0,0,590166,1,543834,1,0,0
685,37324584,23441,0,0,0,0,0,0,0,0,0,0,0,0,649625,1,598083,1,0,0
686,33380668,23289,0,0,0,0,0,0,0,0,0,0,0,0,545292,1,516959,1,0,0
687,33464792,23289,0,0,0,0,0,0,0,0,0,0,0,0,574209,1,540500,1,0,0
688,33039832,23353,0,0,0,0,0,0,0,0,0,0,0,0,564916,1,535167,1,0,0
689,33375958,23341,0,0,0,0,0,0,0,0,0,0,0,0,573875,1,546292,1,0,0
690,32597666,23377,0,0,0,0,0,0,0,0,0,0,0,0,602042,1,552042,1,0,0
691,30523416,23289,0,0,0,0,0,0,0,0,0,0,0,0,502750,1,475709,1,0,0
692,30588542,23353,0,0,0,0,0,0,0,0,0,0,0,0,500750,1,474000,1,0,0
693,30395376,23289,0,0,0,0,0,0,0,0,0,0,0,0,498416,1,466666,1,0,0
694,30058958,23289,0,0,0,0,0,0,0,0,0,0,0,0,547709,1,522334,1,0,0
695,30271084,23377,0,0,0,0,0,0,0,0,0,0,0,0,526959,1,501000,1,0,0
696,30301750,23969,0,0,0,0,0,0,0,0,0,0,0,0,531333,1,502167,1,0,0
697,33583960,23505,0,0,0,0,0,0,0,0,0,0,0,0,504750,1,477750,1,0,0
698,33670792,23289,0,0,0,0,0,0,0,0,0,0,0,0,496292,1,467833,1,0,0
699,36248084,23289,0,0,0,0,0,0,0,0,0,0,0,0,1007625,1,943708,1,0,0
700,39197208,23441,0,0,0,0,0,0,0,0,0,0,0,0,666791,1,636750,1,0,0
701,37612416,23289,0,0,0,0,0,0,0,0,0,0,0,0,758542,1,719416,1,0,0
702,37154500,23341,0,0,0,0,0,0,0,0,0,0,0,0,556000,1,510584,1,0,0
703,36020832,23353,0,0,0,0,0,0,0,0,0,0,0,0,556000,1,526042,1,0,0
704,41573332,23289,0,0,0,0,0,0,0,0,0,0,0,0,590459,1,558916,1,0,0
705,51829832,23377,0,0,0,0,0,0,0,0,0,0,0,0,834417,1,749667,1,0,0
706,62826544,23353,0,0,0,0,0,0,0,0,0,0,0,0,852084,1,806875,1,0,0
707,67781456,23905,0,0,0,0,0,0,0,0,0,0,0,0,1025875,1,972500,1,0,0
708,68626376,23657,0,0,0,0,0,0,0,0,0,0,0,0,1092833,1,1028208,1,0,0
709,68302416,23289,0,0,0,0,0,0,0,0,0,0,0,0,1100250,1,1044500,1,0,0
710,73011128,23405,0,0,0,0,0,0,0,0,0,0,0,0,1214250,1,1157209,1,0,0
711,55312792,23377,0,0,0,0,0,0,0,0,0,0,0,0,1064750,1,1006708,1,0,0
712,54257416,23353,0,0,0,0,0,0,0,0,0,0,0,0,829208,1,785709,1,0,0
713,47807832,23289,0,0,0,0,0,0,0,0,0,0,0,0,671833,1,633958,1,0,0
714,45845168,23493,0,0,0,0,0,0,0,0,0,0,0,0,724000,1,665792,1,0,0
715,47151792,23289,0,0,0,0,0,0,0,0,0,0,0,0,713334,1,672167,1,0,0
716,46010040,23853,0,0,0,0,0,0,0,0,0,0,0,0,684459,1,648750,1,0,0
717,47589916,23569,0,0,0,0,0,0,0,0,0,0,0,0,914625,1,832834,1,0,0
718,52449376,23377,0,0,0,0,0,0,0,0,0,0,0,0,755416,1,718334,1,0,0
719,61518292,23405,0,0,0,0,0,0,0,0,0,0,0,0,904417,1,858959,1,0,0
720,55516248,23289,0,0,0,0,0,0,0,0,0,0,0,0,824250,1,757666,1,0,0
721,58418460,23441,0,0,0,0,0,0,0,0,0,0,0,0,1067292,1,1024167,1,0,0
722,57015000,23289,0,0,0,0,0,0,0,0,0,0,0,0,802959,1,760209,1,0,0
723,60548168,23405,0,0,0,0,0,0,0,0,0,0,0,0,1065375,1,963541,1,0,0
724,55608584,23377,0,0,0,0,0,0,0,0,0,0,0,0,767208,1,724250,1,0,0
725,56815336,23917,0,0,0,0,0,0,0,0,0,0,0,0,924625,1,854458,1,0,0
726,53632832,23505,0,0,0,0,0,0,0,0,0,0,0,0,769208,1,707042,1,0,0
727,51360208,23493,0,0,0,0,0,0,0,0,0,0,0,0,780708,1,737750,1,0,0
728,46761708,23289,0,0,0,0,0,0,0,0,0,0,0,0,699834,1,663291,1,0,0
729,43038040,23289,0,0,0,0,0,0,0,0,0,0,0,0,648958,1,606208,1,0,0
730,38418500,23353,0,0,0,0,0,0,0,0,0,0,0,0,599666,1,566333,1,0,0
731,37712416,23377,0,0,0,0,0,0,0,0,0,0,0,0,621666,1,590334,1,0,0
732,34224376,23341,0,0,0,0,0,0,0,0,0,0,0,0,545041,1,508584,1,0,0
733,34872624,23353,0,0,0,0,0,0,0,0,0,0,0,0,559167,1,531334,1,0,0
734,35872960,23289,0,0,0,0,0,0,0,0,0,0,0,0,547000,1,511875,1,0,0
735,36348540,23289,0,0,0,0,0,0,0,0,0,0,0,0,605667,1,554625,1,0,0
736,37029084,23441,0,0,0,0,0,0,0,0,0,0,0,0,699500,1,637500,1,0,0
737,36016248,23289,0,0,0,0,0,0,0,0,0,0,0,0,533333,1,503416,1,0,0
738,40180916,23905,0,0,0,0,0,0,0,0,0,0,0,0,781167,1,732167,1,0,0
739,42880832,23569,0,0,0,0,0,0,0,0,0,0,0,0,1091042,1,1043708,1,0,0
740,46633084,23377,0,0,0,0,0,0,0,0,0,0,0,0,717417,1,679292,1,0,0
741,55906876,23289,0,0,0,0,0,0,0,0,0,0,0,0,875916,1,810333,1,0,0
742,67382000,23353,0,0,0,0,0,0,0,0,0,0,0,0,777458,1,735292,1,0,0
743,67929416,23429,0,0,0,0,0,0,0,0,0,0,0,0,921667,1,869958,1,0,0
744,69123128,23353,0,0,0,0,0,0,0,0,0,0,0,0,1096459,1,1027417,1,0,0
745,67947792,23289,0,0,0,0,0,0,0,0,0,0,0,0,1473416,1,1419791,1,0,0
746,63858124,24057,0,0,0,0,0,0,0,0,0,0,0,0,1588666,1,1511625,1,0,0
747,56195792,23505,0,0,0,0,0,0,0,0,0,0,0,0,869334,1,817833,1,0,0
748,48405000,23353,0,0,0,0,0,0,0,0,0,0,0,0,825791,1,788791,1,0,0
749,54498832,23377,0,0,0,0,0,0,0,0,0,0,0,0,784459,1,745500,1,0,0
750,47099624,23405,0,0,0,0,0,0,0,0,0,0,0,0,744042,1,670833,1,0,0
751,46592584,23289,0,0,0,0,0,0,0,0,0,0,0,0,904375,1,857167,1,0,0
752,47287916,23289,0,0,0,0,0,0,0,0,0,0,0,0,1133667,1,1094208,1,0,0
753,55805208,23441,0,0,0,0,0,0,0,0,0,0,0,0,826917,1,776250,1,0,0
754,56453168,23289,0,0,0,0,0,0,0,0,0,0,0,0,1061916,1,1000875,1,0,0
755,54003000,23405,0,0,0,0,0,0,0,0,0,0,0,0,778125,1,736333,1,0,0
756,55287292,23941,0,0,0,0,0,0,0,0,0,0,0,0,825541,1,762875,1,0,0
757,56543500,23569,0,0,0,0,0,0,0,0,0,0,0,0,843375,1,766917,1,0,0
758,54980248,23289,0,0,0,0,0,0,0,0,0,0,0,0,827666,1,784375,1,0,0
759,62168332,23493,0,0,0,0,0,0,0,0,0,0,0,0,1182500,1,1114041,1,0,0
760,52049292,23289,0,0,0,0,0,0,0,0,0,0,0,0,757625,1,713667,1,0,0
761,53225000,23353,0,0,0,0,0,0,0,0,0,0,0,0,813125,1,769709,1,0,0
762,55308500,23377,0,0,0,0,0,0,0,0,0,0,0,0,879125,1,788458,1,0,0
763,55658124,23405,0,0,0,0,0,0,0,0,0,0,0,0,1031125,1,946792,1,0,0
764,51660124,23289,0,0,0,0,0,0,0,0,0,0,0,0,829084,1,785500,1,0,0
765,44024000,24005,0,0,0,0,0,0,0,0,0,0,0,0,685292,1,628000,1,0,0
766,43330916,23505,0,0,0,0,0,0,0,0,0,0,0,0,652750,1,617458,1,0,0
767,42172708,23289,0,0,0,0,0,0,0,0,0,0,0,0,682375,1,644875,1,0,0
768,42204832,23405,0,0,0,0,0,0,0,0,0,0,0,0,742791,1,679417,1,0,0
769,38243168,23377,0,0,0,0,0,0,0,0,0,0,0,0,640791,1,609167,1,0,0
770,33795416,23289,0,0,0,0,0,0,0,0,0,0,0,0,533500,1,504459,1,0,0
771,33760248,23353,0,0,0,0,0,0,0,0,0,0,0,0,603709,1,553292,1,0,0
772,33564332,23289,0,0,0,0,0,0,0,0,0,0,0,0,532958,1,504375,1,0,0
773,33290832,23289,0,0,0,0,0,0,0,0,0,0,0,0,532833,1,502792,1,0,0
774,33190460,23493,0,0,0,0,0,0,0,0,0,0,0,0,577084,1,526584,1,0,0
775,33450458,23289,0,0,0,0,0,0,0,0,0,0,0,0,565708,1,537125,1,0,0
776,33995500,23289,0,0,0,0,0,0,0,0,0,0,0,0,527834,1,498750,1,0,0
777,37193792,23353,0,0,0,0,0,0,0,0,0,0,0,0,674917,1,609166,1,0,0
778,35639624,23853,0,0,0,0,0,0,0,0,0,0,0,0,539166,1,510292,1,0,0
779,35793292,23593,0,0,0,0,0,0,0,0,0,0,0,0,555375,1,526917,1,0,0
780,35292416,23405,0,0,0,0,0,0,0,0,0,0,0,0,605916,1,549250,1,0,0
781,35546332,23289,0,0,0,0,0,0,0,0,0,0,0,0,549417,1,521042,1,0,0
782,39803292,23289,0,0,0,0,0,0,0,0,0,0,0,0,666125,1,633917,1,0,0
783,36892000,23353,0,0,0,0,0,0,0,0,0,0,0,0,575875,1,528208,1,0,0
784,37872000,23377,0,0,0,0,0,0,0,0,0,0,0,0,741166,1,707792,1,0,0
785,36610708,23289,0,0,0,0,0,0,0,0,0,0,0,0,550167,1,521125,1,0,0
786,39464084,23405,0,0,0,0,0,0,0,0,0,0,0,0,596041,1,561916,1,0,0
787,44472000,23289,0,0,0,0,0,0,0,0,0,0,0,0,583000,1,551250,1,0,0
788,56730752,23377,0,0,0,0,0,0,0,0,0,0,0,0,972459,1,924083,1,0,0
789,69006872,23353,0,0,0,0,0,0,0,0,0,0,0,0,964334,1,882917,1,0,0
790,70509664,23905,0,0,0,0,0,0,0,0,0,0,0,0,979042,1,925625,1,0,0
791,71584752,23859,0,0,0,0,0,0,0,0,0,0,0,0,1324708,1,1267708,1,0,0
792,75009208,23289,0,0,0,0,0,0,0,0,0,0,0,0,1027250,1,959458,1,0,0
793,65366124,23405,0,0,0,0,0,0,0,0,0,0,0,0,1091542,1,1034916,1,0,0
794,52715708,23377,0,0,0,0,0,0,0,0,0,0,0,0,805375,1,760750,1,0,0
795,47346500,23353,0,0,0,0,0,0,0,0,0,0,0,0,971958,1,913500,1,0,0
796,43004664,23289,0,0,0,0,0,0,0,0,0,0,0,0,700291,1,663041,1,0,0
797,40731624,23341,0,0,0,0,0,0,0,0,0,0,0,0,587375,1,555417,1,0,0
798,43093124,23441,0,0,0,0,0,0,0,0,0,0,0,0,643292,1,582542,1,0,0
799,45910916,23853,0,0,0,0,0,0,0,0,0,0,0,0,1028000,1,985666,1,0,0
800,45363540,23505,0,0,0,0,0,0,0,0,0,0,0,0,666459,1,626875,1,0,0
801,45981916,23353,0,0,0,0,0,0,0,0,0,0,0,0,679166,1,613875,1,0,0
802,50516500,23429,0,0,0,0,0,0,0,0,0,0,0,0,686292,1,646541,1,0,0
803,45471456,23289,0,0,0,0,0,0,0,0,0,0,0,0,802583,1,754708,1,0,0
804,45361416,23651,0,0,0,0,0,0,0,0,0,0,0,0,666125,1,623167,1,0,0
805,43902456,23289,0,0,0,0,0,0,0,0,0,0,0,0,727833,1,683083,1,0,0
806,44055292,23377,0,0,0,0,0,0,0,0,0,0,0,0,639625,1,604917,1,0,0
807,43920916,23405,0,0,0,0,0,0,0,0,0,0,0,0,726125,1,671250,1,0,0
808,44007124,23289,0,0,0,0,0,0,0,0,0,0,0,0,658000,1,616084,1,0,0
809,43305124,23289,0,0,0,0,0,0,0,0,0,0,0,0,705583,1,669958,1,0,0
810,38670208,24005,0,0,0,0,0,0,0,0,0,0,0,0,657625,1,613875,1,0,0
811,37506332,23505,0,0,0,0,0,0,0,0,0,0,0,0,610458,1,578709,1,0,0
812,36519336,23341,0,0,0,0,0,0,0,0,0,0,0,0,601042,1,568833,1,0,0
813,33380376,23353,0,0,0,0,0,0,0,0,0,0,0,0,579333,1,535834,1,0,0
814,36565832,23289,0,0,0,0,0,0,0,0,0,0,0,0,867792,1,836125,1,0,0
815,33117832,23377,0,0,0,0,0,0,0,0,0,0,0,0,637458,1,609542,1,0,0
816,33324292,23353,0,0,0,0,0,0,0,0,0,0,0,0,550208,1,517000,1,0,0
817,33020708,23289,0,0,0,0,0,0,0,0,0,0,0,0,679375,1,650250,1,0,0
818,35143456,23341,0,0,0,0,0,0,0,0,0,0,0,0,584500,1,556167,1,0,0
819,36533960,23353,0,0,0,0,0,0,0,0,0,0,0,0,1241209,1,1176209,1,0,0
820,36976248,23377,0,0,0,0,0,0,0,0,0,0,0,0,558208,1,528916,1,0,0
821,37752292,23289,0,0,0,0,0,0,0,0,0,0,0,0,598375,1,566500,1,0,0
822,38166544,23353,0,0,0,0,0,0,0,0,0,0,0,0,597208,1,558625,1,0,0
823,38544168,23289,0,0,0,0,0,0,0,0,0,0,0,0,1002084,1,971042,1,0,0
824,36482040,23993,0,0,0,0,0,0,0,0,0,0,0,0,560792,1,515166,1,0,0
825,41901084,23569,0,0,0,0,0,0,0,0,0,0,0,0,752292,1,701083,1,0,0
826,46011876,23289,0,0,0,0,0,0,0,0,0,0,0,0,646000,1,614791,1,0,0
827,49988584,23289,0,0,0,0,0,0,0,0,0,0,0,0,748666,1,709583,1,0,0
828,69325000,23441,0,0,0,0,0,0,0,0,0,0,0,0,1023042,1,935292,1,0,0
829,65814376,23341,0,0,0,0,0,0,0,0,0,0,0,0,1025459,1,969375,1,0,0
830,67684912,23353,0,0,0,0,0,0,0,0,0,0,0,0,1225334,1,1157083,1,0,0
831,68506584,23377,0,0,0,0,0,0,0,0,0,0,0,0,961375,1,902125,1,0,0
832,65258000,23405,0,0,0,0,0,0,0,0,0,0,0,0,1160000,1,1101417,1,0,0
833,56354832,23853,0,0,0,0,0,0,0,0,0,0,0,0,784792,1,742417,1,0,0
834,53794752,23657,0,0,0,0,0,0,0,0,0,0,0,0,862042,1,812375,1,0,0
835,55534292,23289,0,0,0,0,0,0,0,0,0,0,0,0,784917,1,742666,1,0,0
836,59553208,23405,0,0,0,0,0,0,0,0,0,0,0,0,832291,1,780542,1,0,0
837,49915668,23377,0,0,0,0,0,0,0,0,0,0,0,0,787292,1,738041,1,0,0
838,47859960,23353,0,0,0,0,0,0,0,0,0,0,0,0,754542,1,692708,1,0,0
839,47092416,23289,0,0,0,0,0,0,0,0,0,0,0,0,687667,1,650333,1,0,0
840,47275168,23341,0,0,0,0,0,0,0,0,0,0,0,0,1079666,1,1025041,1,0,0
841,46675624,23441,0,0,0,0,0,0,0,0,0,0,0,0,952250,1,900709,1,0,0
842,55394248,23853,0,0,0,0,0,0,0,0,0,0,0,0,917667,1,875416,1,0,0
843,51858456,23569,0,0,0,0,0,0,0,0,0,0,0,0,765542,1,715625,1,0,0
844,49802960,23429,0,0,0,0,0,0,0,0,0,0,0,0,810375,1,765458,1,0,0
845,47734336,23353,0,0,0,0,0,0,0,0,0,0,0,0,771833,1,711209,1,0,0
846,42078168,23289,0,0,0,0,0,0,0,0,0,0,0,0,667542,1,610584,1,0,0
847,38413084,23289,0,0,0,0,0,0,0,0,0,0,0,0,634667,1,602875,1,0,0
848,37549332,23441,0,0,0,0,0,0,0,0,0,0,0,0,631750,1,600083,1,0,0
849,34028040,23341,0,0,0,0,0,0,0,0,0,0,0,0,577375,1,515583,1,0,0
850,33857248,23289,0,0,0,0,0,0,0,0,0,0,0,0,592417,1,563667,1,0,0
851,33687960,23353,0,0,0,0,0,0,0,0,0,0,0,0,570958,1,542708,1,0,0
852,33316624,23289,0,0,0,0,0,0,0,0,0,0,0,0,567250,1,521459,1,0,0
853,33517832,23377,0,0,0,0,0,0,0,0,0,0,0,0,554709,1,525208,1,0,0
854,33267250,23353,0,0,0,0,0,0,0,0,0,0,0,0,548209,1,519583,1,0,0
855,33508792,23905,0,0,0,0,0,0,0,0,0,0,0,0,583708,1,550083,1,0,0
856,33037292,23505,0,0,0,0,0,0,0,0,0,0,0,0,560667,1,512542,1,0,0
857,33216208,23289,0,0,0,0,0,0,0,0,0,0,0,0,523500,1,496208,1,0,0
858,33111458,23441,0,0,0,0,0,0,0,0,0,0,0,0,605375,1,557166,1,0,0
859,35675664,23289,0,0,0,0,0,0,0,0,0,0,0,0,666292,1,634666,1,0,0
860,31235458,23289,0,0,0,0,0,0,0,0,0,0,0,0,529916,1,504541,1,0,0
861,30031584,23289,0,0,0,0,0,0,0,0,0,0,0,0,542542,1,491416,1,0,0
862,30213084,23405,0,0,0,0,0,0,0,0,0,0,0,0,506791,1,479041,1,0,0
863,31376000,23377,0,0,0,0,0,0,0,0,0,0,0,0,512917,1,486583,1,0,0
864,32473584,23289,0,0,0,0,0,0,0,0,0,0,0,0,532417,1,502375,1,0,0
865,32502416,23289,0,0,0,0,0,0,0,0,0,0,0,0,503333,1,475000,1,0,0
866,32144084,23353,0,0,0,0,0,0,0,0,0,0,0,0,489459,1,462917,1,0,0
867,32972958,23289,0,0,0,0,0,0,0,0,0,0,0,0,557125,1,522458,1,0,0
868,32680208,23377,0,0,0,0,0,0,0,0,0,0,0,0,491834,1,461542,1,0,0
869,33414376,23341,0,0,0,0,0,0,0,0,0,0,0,0,531333,1,502167,1,0,0
870,33947040,23917,0,0,0,0,0,0,0,0,0,0,0,0,556542,1,504416,1,0,0
871,35459208,23505,0,0,0,0,0,0,0,0,0,0,0,0,544000,1,513333,1,0,0
872,38722916,23289,0,0,0,0,0,0,0,0,0,0,0,0,587125,1,556708,1,0,0
873,35158248,23441,0,0,0,0,0,0,0,0,0,0,0,0,552291,1,504708,1,0,0
874,37721876,23289,0,0,0,0,0,0,0,0,0,0,0,0,669542,1,639708,1,0,0
875,36553876,23341,0,0,0,0,0,0,0,0,0,0,0,0,546667,1,518833,1,0,0
876,39255124,23353,0,0,0,0,0,0,0,0,0,0,0,0,567458,1,519625,1,0,0
877,47938376,23289,0,0,0,0,0,0,0,0,0,0,0,0,701750,1,664291,1,0,0
878,61321792,23377,0,0,0,0,0,0,0,0,0,0,0,0,967500,1,919375,1,0,0
879,67275296,23353,0,0,0,0,0,0,0,0,0,0,0,0,939416,1,860833,1,0,0
880,69640416,23341,0,0,0,0,0,0,0,0,0,0,0,0,958667,1,907000,1,0,0
881,72607712,24005,0,0,0,0,0,0,0,0,0,0,0,0,1331208,1,1266458,1,0,0
882,69646456,23505,0,0,0,0,0,0,0,0,0,0,0,0,1078250,1,972708,1,0,0
883,70474080,23405,0,0,0,0,0,0,0,0,0,0,0,0,1032959,1,976667,1,0,0
884,55482876,23377,0,0,0,0,0,0,0,0,0,0,0,0,807166,1,764791,1,0,0
885,53458500,23353,0,0,0,0,0,0,0,0,0,0,0,0,1085166,1,1018291,1,0,0
886,46303456,23289,0,0,0,0,0,0,0,0,0,0,0,0,688916,1,652667,1,0,0
887,45219376,23429,0,0,0,0,0,0,0,0,0,0,0,0,840791,1,766209,1,0,0
888,41349416,23353,0,0,0,0,0,0,0,0,0,0,0,0,658458,1,601416,1,0,0
889,41563916,23289,0,0,0,0,0,0,0,0,0,0,0,0,596709,1,564125,1,0,0
890,43012084,23853,0,0,0,0,0,0,0,0,0,0,0,0,601375,1,569750,1,0,0
891,45952544,23657,0,0,0,0,0,0,0,0,0,0,0,0,701458,1,653458,1,0,0
892,44912916,23341,0,0,0,0,0,0,0,0,0,0,0,0,1045333,1,1007208,1,0,0
893,44375416,23289,0,0,0,0,0,0,0,0,0,0,0,0,645084,1,609958,1,0,0
894,46816248,23353,0,0,0,0,0,0,0,0,0,0,0,0,760666,1,714875,1,0,0
895,44778584,23377,0,0,0,0,0,0,0,0,0,0,0,0,696833,1,658709,1,0,0
896,46143624,23289,0,0,0,0,0,0,0,0,0,0,0,0,679208,1,643416,1,0,0
897,48839544,23405,0,0,0,0,0,0,0,0,0,0,0,0,713084,1,665666,1,0,0
898,45420248,23289,0,0,0,0,0,0,0,0,0,0,0,0,657084,1,621250,1,0,0
899,45863456,23377,0,0,0,0,0,0,0,0,0,0,0,0,780000,1,739458,1,0,0
900,45680376,23353,0,0,0,0,0,0,0,0,0,0,0,0,694833,1,654750,1,0,0
901,46867292,23853,0,0,0,0,0,0,0,0,0,0,0,0,641375,1,605542,1,0,0
902,50524832,23557,0,0,0,0,0,0,0,0,0,0,0,0,743125,1,707166,1,0,0
903,52570336,23441,0,0,0,0,0,0,0,0,0,0,0,0,788875,1,721125,1,0,0
904,52402624,23289,0,0,0,0,0,0,0,0,0,0,0,0,1246834,1,1188583,1,0,0
905,42924832,23353,0,0,0,0,0,0,0,0,0,0,0,0,762750,1,727083,1,0,0
906,42800040,23289,0,0,0,0,0,0,0,0,0,0,0,0,677208,1,637250,1,0,0
907,36979168,23429,0,0,0,0,0,0,0,0,0,0,0,0,610833,1,578750,1,0,0
908,37398124,23353,0,0,0,0,0,0,0,0,0,0,0,0,574791,1,544250,1,0,0
909,35795456,23289,0,0,0,0,0,0,0,0,0,0,0,0,612333,1,546500,1,0,0
910,33361584,23289,0,0,0,0,0,0,0,0,0,0,0,0,564875,1,535667,1,0,0
911,33575040,23353,0,0,0,0,0,0,0,0,0,0,0,0,571125,1,543708,1,0,0
912,33604332,23377,0,0,0,0,0,0,0,0,0,0,0,0,540000,1,501042,1,0,0
913,33717376,23905,0,0,0,0,0,0,0,0,0,0,0,0,576375,1,548292,1,0,0
914,33310376,23569,0,0,0,0,0,0,0,0,0,0,0,0,532167,1,501541,1,0,0
915,33714208,23289,0,0,0,0,0,0,0,0,0,0,0,0,550750,1,505250,1,0,0
916,33393250,23289,0,0,0,0,0,0,0,0,0,0,0,0,529917,1,500208,1,0,0
917,33179332,23441,0,0,0,0,0,0,0,0,0,0,0,0,577083,1,548750,1,0,0
918,34114000,23289,0,0,0,0,0,0,0,0,0,0,0,0,600916,1,570208,1,0,0
919,30333750,23341,0,0,0,0,0,0,0,0,0,0,0,0,495709,1,470209,1,0,0
920,30312958,23289,0,0,0,0,0,0,0,0,0,0,0,0,492291,1,464709,1,0,0
921,30020292,23353,0,0,0,0,0,0,0,0,0,0,0,0,502875,1,472000,1,0,0
922,30017250,23377,0,0,0,0,0,0,0,0,0,0,0,0,542000,1,515000,1,0,0
923,30296416,23289,0,0,0,0,0,0,0,0,0,0,0,0,542375,1,515375,1,0,0
924,31724208,23289,0,0,0,0,0,0,0,0,0,0,0,0,519958,1,487375,1,0,0
925,33183916,23353,0,0,0,0,0,0,0,0,0,0,0,0,530500,1,502125,1,0,0
926,35279124,23341,0,0,0,0,0,0,0,0,0,0,0,0,556083,1,527625,1,0,0
927,36139416,23377,0,0,0,0,0,0,0,0,0,0,0,0,676792,1,630750,1,0,0
928,34784248,23353,0,0,0,0,0,0,0,0,0,0,0,0,531958,1,502667,1,0,0
929,36902248,23853,0,0,0,0,0,0,0,0,0,0,0,0,785375,1,740125,1,0,0
930,37613456,23505,0,0,0,0,0,0,0,0,0,0,0,0,654667,1,615583,1,0,0
931,38077500,23353,0,0,0,0,0,0,0,0,0,0,0,0,556750,1,525083,1,0,0
932,39592752,23429,0,0,0,0,0,0,0,0,0,0,0,0,547417,1,515875,1,0,0
933,46554168,23289,0,0,0,0,0,0,0,0,0,0,0,0,1003458,1,946792,1,0,0
934,53992792,23353,0,0,0,0,0,0,0,0,0,0,0,0,791250,1,749583,1,0,0
935,64755752,23289,0,0,0,0,0,0,0,0,0,0,0,0,958458,1,886000,1,0,0
936,66226544,23493,0,0,0,0,0,0,0,0,0,0,0,0,987834,1,901541,1,0,0
937,67273416,23289,0,0,0,0,0,0,0,0,0,0,0,0,961375,1,909250,1,0,0
938,65925916,23917,0,0,0,0,0,0,0,0,0,0,0,0,1106708,1,1054250,1,0,0
939,56794084,23593,0,0,0,0,0,0,0,0,0,0,0,0,788084,1,736750,1,0,0
940,55811040,23405,0,0,0,0,0,0,0,0,0,0,0,0,826584,1,784667,1,0,0
941,60492668,23289,0,0,0,0,0,0,0,0,0,0,0,0,868667,1,821500,1,0,0
942,52574292,23441,0,0,0,0,0,0,0,0,0,0,0,0,847417,1,794291,1,0,0
943,49965460,23289,0,0,0,0,0,0,0,0,0,0,0,0,687166,1,648833,1,0,0
944,50979336,23405,0,0,0,0,0,0,0,0,0,0,0,0,690542,1,652958,1,0,0
945,53242040,23377,0,0,0,0,0,0,0,0,0,0,0,0,734583,1,678916,1,0,0
946,57661332,23353,0,0,0,0,0,0,0,0,0,0,0,0,1243125,1,1153042,1,0,0
947,52381208,23289,0,0,0,0,0,0,0,0,0,0,0,0,772750,1,731084,1,0,0
948,50379040,24057,0,0,0,0,0,0,0,0,0,0,0,0,701416,1,660375,1,0,0
949,51813624,23505,0,0,0,0,0,0,0,0,0,0,0,0,755417,1,712250,1,0,0
950,51175040,23353,0,0,0,0,0,0,0,0,0,0,0,0,652417,1,615083,1,0,0
951,60276376,23377,0,0,0,0,0,0,0,0,0,0,0,0,1142000,1,1066875,1,0,0
952,55309208,23405,0,0,0,0,0,0,0,0,0,0,0,0,765500,1,722167,1,0,0
953,55558168,23289,0,0,0,0,0,0,0,0,0,0,0,0,782709,1,740292,1,0,0
954,54724168,23441,0,0,0,0,0,0,0,0,0,0,0,0,808625,1,742084,1,0,0
955,48351708,23289,0,0,0,0,0,0,0,0,0,0,0,0,747291,1,703208,1,0,0
956,44077624,23405,0,0,0,0,0,0,0,0,0,0,0,0,664500,1,628166,1,0,0
957,42751624,23853,0,0,0,0,0,0,0,0,0,0,0,0,741250,1,672417,1,0,0
958,38181000,23593,0,0,0,0,0,0,0,0,0,0,0,0,634083,1,601292,1,0,0
959,38413376,23353,0,0,0,0,0,0,0,0,0,0,0,0,579084,1,545792,1,0,0
960,36437792,23289,0,0,0,0,0,0,0,0,0,0,0,0,658584,1,600417,1,0,0
961,36905624,23289,0,0,0,0,0,0,0,0,0,0,0,0,625833,1,597416,1,0,0
962,33653668,23405,0,0,0,0,0,0,0,0,0,0,0,0,544709,1,514167,1,0,0
963,33344624,23377,0,0,0,0,0,0,0,0,0,0,0,0,553291,1,512833,1,0,0
964,33313876,23289,0,0,0,0,0,0,0,0,0,0,0,0,565125,1,536959,1,0,0
965,33545668,23353,0,0,0,0,0,0,0,0,0,0,0,0,534458,1,505000,1,0,0
966,33655792,23289,0,0,0,0,0,0,0,0,0,0,0,0,582708,1,529291,1,0,0
967,33340500,23289,0,0,0,0,0,0,0,0,0,0,0,0,553000,1,525292,1,0,0
968,33660708,23493,0,0,0,0,0,0,0,0,0,0,0,0,560417,1,531083,1,0,0
969,33379416,23289,0,0,0,0,0,0,0,0,0,0,0,0,602250,1,551417,1,0,0
970,32033332,23289,0,0,0,0,0,0,0,0,0,0,0,0,583042,1,554791,1,0,0
971,30316042,23289,0,0,0,0,0,0,0,0,0,0,0,0,505667,1,479709,1,0,0
972,30365876,23917,0,0,0,0,0,0,0,0,0,0,0,0,529875,1,487084,1,0,0
973,30304542,23593,0,0,0,0,0,0,0,0,0,0,0,0,502500,1,476709,1,0,0
974,30311376,23289,0,0,0,0,0,0,0,0,0,0,0,0,493834,1,466542,1,0,0
975,30475376,23341,0,0,0,0,0,0,0,0,0,0,0,0,510750,1,467834,1,0,0
976,35048708,23353,0,0,0,0,0,0,0,0,0,0,0,0,609750,1,583500,1,0,0
977,33558876,23289,0,0,0,0,0,0,0,0,0,0,0,0,578166,1,550084,1,0,0
978,33412584,23377,0,0,0,0,0,0,0,0,0,0,0,0,578792,1,546291,1,0,0
979,34209500,23353,0,0,0,0,0,0,0,0,0,0,0,0,579375,1,551792,1,0,0
980,35462292,23289,0,0,0,0,0,0,0,0,0,0,0,0,559250,1,529625,1,0,0
981,36184832,23341,0,0,0,0,0,0,0,0,0,0,0,0,558500,1,515375,1,0,0
982,37830792,23353,0,0,0,0,0,0,0,0,0,0,0,0,1017083,1,970750,1,0,0
983,36144876,23377,0,0,0,0,0,0,0,0,0,0,0,0,806875,1,764792,1,0,0
984,36531456,23289,0,0,0,0,0,0,0,0,0,0,0,0,598375,1,562333,1,0,0
985,35162248,23353,0,0,0,0,0,0,0,0,0,0,0,0,589584,1,561792,1,0,0
986,39285752,23853,0,0,0,0,0,0,0,0,0,0,0,0,545292,1,516750,1,0,0
987,48632456,23557,0,0,0,0,0,0,0,0,0,0,0,0,770667,1,688250,1,0,0
988,59824084,23441,0,0,0,0,0,0,0,0,0,0,0,0,1188083,1,1133875,1,0,0
989,68045920,23289,0,0,0,0,0,0,0,0,0,0,0,0,948583,1,895583,1,0,0
990,68182496,23353,0,0,0,0,0,0,0,0,0,0,0,0,970833,1,903875,1,0,0
991,69047920,23429,0,0,0,0,0,0,0,0,0,0,0,0,1005292,1,950875,1,0,0
992,68876248,23353,0,0,0,0,0,0,0,0,0,0,0,0,1003250,1,942042,1,0,0
993,64990208,23289,0,0,0,0,0,0,0,0,0,0,0,0,1354458,1,1277583,1,0,0
994,57349208,24057,0,0,0,0,0,0,0,0,0,0,0,0,1236250,1,1177792,1,0,0
995,52795084,23505,0,0,0,0,0,0,0,0,0,0,0,0,844792,1,749959,1,0,0
996,45291916,23353,0,0,0,0,0,0,0,0,0,0,0,0,749959,1,687542,1,0,0
997,53000500,23377,0,0,0,0,0,0,0,0,0,0,0,0,1035375,1,988917,1,0,0
998,49940792,23341,0,0,0,0,0,0,0,0,0,0,0,0,676583,1,638833,1,0,0
999,54454416,23353,0,0,0,0,0,0,0,0,0,0,0,0,827041,1,755792,1,0,0
1000,55194916,23377,0,0,0,0,0,0,0,0,0,0,0,0,762958,1,720500,1,0,0
1001,57207916,23353,0,0,0,0,0,0,0,0,0,0,0,0,1071125,1,1026958,1,0,0
1002,54878168,23341,0,0,0,0,0,0,0,0,0,0,0,0,1041042,1,946875,1,0,0
1003,60234040,23441,0,0,0,0,0,0,0,0,0,0,0,0,828834,1,784625,1,0,0
1004,59245500,23853,0,0,0,0,0,0,0,0,0,0,0,0,1246166,1,1182291,1,0,0
1005,60513832,23569,0,0,0,0,0,0,0,0,0,0,0,0,1103958,1,1038250,1,0,0
1006,58136624,23429,0,0,0,0,0,0,0,0,0,0,0,0,788542,1,743125,1,0,0
1007,57446000,23353,0,0,0,0,0,0,0,0,0,0,0,0,1421917,1,1330208,1,0,0
1008,54218792,23289,0,0,0,0,0,0,0,0,0,0,0,0,770875,1,721208,1,0,0
1009,52351040,23441,0,0,0,0,0,0,0,0,0,0,0,0,876792,1,807333,1,0,0
1010,46613208,23341,0,0,0,0,0,0,0,0,0,0,0,0,719416,1,681375,1,0,0
1011,47391084,23289,0,0,0,0,0,0,0,0,0,0,0,0,709833,1,651000,1,0,0
1012,47129168,23353,0,0,0,0,0,0,0,0,0,0,0,0,694250,1,658375,1,0,0
1013,45451248,23941,0,0,0,0,0,0,0,0,0,0,0,0,658875,1,622916,1,0,0
1014,46044292,23505,0,0,0,0,0,0,0,0,0,0,0,0,1169166,1,1096625,1,0,0
1015,47423376,23405,0,0,0,0,0,0,0,0,0,0,0,0,689833,1,652667,1,0,0
1016,50357832,23289,0,0,0,0,0,0,0,0,0,0,0,0,675416,1,638250,1,0,0
1017,47152208,23377,0,0,0,0,0,0,0,0,0,0,0,0,669500,1,620750,1,0,0
1018,50196544,23353,0,0,0,0,0,0,0,0,0,0,0,0,666875,1,632458,1,0,0
1019,54825584,23289,0,0,0,0,0,0,0,0,0,0,0,0,780000,1,737667,1,0,0
1020,55407792,23493,0,0,0,0,0,0,0,0,0,0,0,0,823666,1,757333,1,0,0
1021,56915416,23289,0,0,0,0,0,0,0,0,0,0,0,0,1160875,1,1102417,1,0,0
1022,55323000,23353,0,0,0,0,0,0,0,0,0,0,0,0,823625,1,776833,1,0,0
1023,56027752,23941,0,0,0,0,0,0,0,0,0,0,0,0,841250,1,789666,1,0,0
1024,55794000,23621,0,0,0,0,0,0,0,0,0,0,0,0,1056000,1,985875,1,0,0
1025,55076332,23289,0,0,0,0,0,0,0,0,0,0,0,0,772625,1,729000,1,0,0
1026,64571208,23441,0,0,0,0,0,0,0,0,0,0,0,0,1112750,1,1040000,1,0,0
1027,53994500,23289,0,0,0,0,0,0,0,0,0,0,0,0,789833,1,746416,1,0,0
1028,57541248,23405,0,0,0,0,0,0,0,0,0,0,0,0,1304958,1,1259125,1,0,0
1029,55622168,23377,0,0,0,0,0,0,0,0,0,0,0,0,870791,1,809708,1,0,0
1030,54525832,23353,0,0,0,0,0,0,0,0,0,0,0,0,831375,1,763958,1,0,0
1031,52297624,23289,0,0,0,0,0,0,0,0,0,0,0,0,1143792,1,1088167,1,0,0
1032,51905668,24057,0,0,0,0,0,0,0,0,0,0,0,0,836958,1,764916,1,0,0
1033,52916040,23505,0,0,0,0,0,0,0,0,0,0,0,0,841417,1,771291,1,0,0
1034,52580916,23353,0,0,0,0,0,0,0,0,0,0,0,0,781917,1,739417,1,0,0
1035,58513708,23377,0,0,0,0,0,0,0,0,0,0,0,0,858875,1,781208,1,0,0
1036,52873460,23405,0,0,0,0,0,0,0,0,0,0,0,0,803500,1,759875,1,0,0
1037,43989624,23289,0,0,0,0,0,0,0,0,0,0,0,0,794542,1,752125,1,0,0
1038,43880168,23377,0,0,0,0,0,0,0,0,0,0,0,0,711166,1,648417,1,0,0
1039,40232292,23353,0,0,0,0,0,0,0,0,0,0,0,0,655250,1,619375,1,0,0
1040,38301336,23289,0,0,0,0,0,0,0,0,0,0,0,0,606042,1,574875,1,0,0
1041,36082376,23341,0,0,0,0,0,0,0,0,0,0,0,0,653834,1,597583,1,0,0
1042,34102168,23441,0,0,0,0,0,0,0,0,0,0,0,0,582709,1,554208,1,0,0
1043,33835040,23853,0,0,0,0,0,0,0,0,0,0,0,0,554750,1,524292,1,0,0
1044,33696792,23505,0,0,0,0,0,0,0,0,0,0,0,0,566834,1,510791,1,0,0
1045,34237668,23353,0,0,0,0,0,0,0,0,0,0,0,0,549084,1,519750,1,0,0
1046,33866584,23289,0,0,0,0,0,0,0,0,0,0,0,0,542083,1,513042,1,0,0
1047,36453168,23429,0,0,0,0,0,0,0,0,0,0,0,0,671417,1,623500,1,0,0
1048,33408750,23353,0,0,0,0,0,0,0,0,0,0,0,0,534125,1,504125,1,0,0
1049,33425332,23289,0,0,0,0,0,0,0,0,0,0,0,0,552333,1,523459,1,0,0
1050,33381542,23289,0,0,0,0,0,0,0,0,0,0,0,0,567417,1,521250,1,0,0
1051,33383584,23353,0,0,0,0,0,0,0,0,0,0,0,0,540500,1,512750,1,0,0
1052,33023708,23377,0,0,0,0,0,0,0,0,0,0,0,0,539875,1,511542,1,0,0
1053,35711084,23341,0,0,0,0,0,0,0,0,0,0,0,0,523750,1,491583,1,0,0
1054,35023708,23353,0,0,0,0,0,0,0,0,0,0,0,0,761709,1,701250,1,0,0
1055,37341876,23289,0,0,0,0,0,0,0,0,0,0,0,0,985709,1,941000,1,0,0
1056,36268376,23289,0,0,0,0,0,0,0,0,0,0,0,0,595292,1,554459,1,0,0
1057,38274416,24005,0,0,0,0,0,0,0,0,0,0,0,0,552875,1,524500,1,0,0
1058,38661544,23505,0,0,0,0,0,0,0,0,0,0,0,0,568459,1,537791,1,0,0
1059,37094168,23341,0,0,0,0,0,0,0,0,0,0,0,0,589416,1,551875,1,0,0
1060,44136416,23353,0,0,0,0,0,0,0,0,0,0,0,0,586417,1,554209,1,0,0
1061,57156668,23377,0,0,0,0,0,0,0,0,0,0,0,0,731875,1,690125,1,0,0
1062,68069712,23353,0,0,0,0,0,0,0,0,0,0,0,0,980708,1,911625,1,0,0
1063,71655376,23341,0,0,0,0,0,0,0,0,0,0,0,0,982416,1,926500,1,0,0
1064,65790208,23441,0,0,0,0,0,0,0,0,0,0,0,0,1412917,1,1362875,1,0,0
1065,69902752,23289,0,0,0,0,0,0,0,0,0,0,0,0,971583,1,896500,1,0,0
1066,68899872,23969,0,0,0,0,0,0,0,0,0,0,0,0,1149042,1,1095250,1,0,0
1067,56041336,23593,0,0,0,0,0,0,0,0,0,0,0,0,792125,1,748917,1,0,0
1068,55233708,23353,0,0,0,0,0,0,0,0,0,0,0,0,787125,1,737417,1,0,0
1069,55173876,23289,0,0,0,0,0,0,0,0,0,0,0,0,1327417,1,1263375,1,0,0
1070,52812544,23493,0,0,0,0,0,0,0,0,0,0,0,0,830500,1,772834,1,0,0
1071,55273208,23289,0,0,0,0,0,0,0,0,0,0,0,0,1102417,1,1049541,1,0,0
1072,58975040,23353,0,0,0,0,0,0,0,0,0,0,0,0,882792,1,804458,1,0,0
1073,69960792,23377,0,0,0,0,0,0,0,0,0,0,0,0,1144375,1,1091209,1,0,0
1074,76098544,23969,0,0,0,0,0,0,0,0,0,0,0,0,1072625,1,982500,1,0,0
1075,70293296,23505,0,0,0,0,0,0,0,0,0,0,0,0,1069584,1,985834,1,0,0
1076,69144080,23441,0,0,0,0,0,0,0,0,0,0,0,0,971500,1,921750,1,0,0
1077,75079168,23341,0,0,0,0,0,0,0,0,0,0,0,0,940500,1,874916,1,0,0
1078,62378916,23353,0,0,0,0,0,0,0,0,0,0,0,0,987250,1,928333,1,0,0
1079,51718752,23377,0,0,0,0,0,0,0,0,0,0,0,0,777125,1,725542,1,0,0
1080,44073544,23353,0,0,0,0,0,0,0,0,0,0,0,0,690417,1,645292,1,0,0
1081,38175208,23341,0,0,0,0,0,0,0,0,0,0,0,0,612709,1,578584,1,0,0
1082,38565752,23289,0,0,0,0,0,0,0,0,0,0,0,0,654667,1,621417,1,0,0
1083,35700500,24005,0,0,0,0,0,0,0,0,0,0,0,0,615000,1,575292,1,0,0
1084,33945000,23505,0,0,0,0,0,0,0,0,0,0,0,0,570250,1,541125,1,0,0
1085,33598208,23289,0,0,0,0,0,0,0,0,0,0,0,0,554083,1,524708,1,0,0
1086,33914876,23353,0,0,0,0,0,0,0,0,0,0,0,0,595833,1,561875,1,0,0
1087,36910708,23341,0,0,0,0,0,0,0,0,0,0,0,0,646250,1,611625,1,0,0
1088,33677916,23377,0,0,0,0,0,0,0,0,0,0,0,0,529041,1,500375,1,0,0
1089,34585000,23353,0,0,0,0,0,0,0,0,0,0,0,0,543417,1,511416,1,0,0
1090,35017792,23289,0,0,0,0,0,0,0,0,0,0,0,0,575834,1,544667,1,0,0
1091,38081500,23289,0,0,0,0,0,0,0,0,0,0,0,0,585417,1,555875,1,0,0
1092,41002708,23353,0,0,0,0,0,0,0,0,0,0,0,0,592833,1,552750,1,0,0
1093,40357124,23429,0,0,0,0,0,0,0,0,0,0,0,0,599583,1,567542,1,0,0
1094,41283376,23289,0,0,0,0,0,0,0,0,0,0,0,0,606709,1,574125,1,0,0
1095,50344460,23353,0,0,0,0,0,0,0,0,0,0,0,0,1289125,1,1210625,1,0,0
1096,64745500,23853,0,0,0,0,0,0,0,0,0,0,0,0,1257917,1,1201833,1,0,0
1097,72135376,23657,0,0,0,0,0,0,0,0,0,0,0,0,1118708,1,1059958,1,0,0
1098,68980288,23341,0,0,0,0,0,0,0,0,0,0,0,0,1193209,1,1115459,1,0,0
1099,78609624,23353,0,0,0,0,0,0,0,0,0,0,0,0,1050542,1,998250,1,0,0
1100,67787336,23377,0,0,0,0,0,0,0,0,0,0,0,0,945083,1,884083,1,0,0
1101,69768624,23405,0,0,0,0,0,0,0,0,0,0,0,0,1166542,1,1095583,1,0,0
1102,63136708,23289,0,0,0,0,0,0,0,0,0,0,0,0,1084250,1,1029209,1,0,0
1103,55463668,23441,0,0,0,0,0,0,0,0,0,0,0,0,792625,1,749542,1,0,0
1104,58662124,23853,0,0,0,0,0,0,0,0,0,0,0,0,989916,1,927583,1,0,0
1105,69645336,23621,0,0,0,0,0,0,0,0,0,0,0,0,968125,1,903583,1,0,0
1106,76051040,23377,0,0,0,0,0,0,0,0,0,0,0,0,1125000,1,1067167,1,0,0
1107,71318248,23353,0,0,0,0,0,0,0,0,0,0,0,0,1176500,1,1102125,1,0,0
1108,71651000,23341,0,0,0,0,0,0,0,0,0,0,0,0,1358750,1,1241500,1,0,0
1109,72937376,23441,0,0,0,0,0,0,0,0,0,0,0,0,993042,1,915292,1,0,0
1110,68200376,23289,0,0,0,0,0,0,0,0,0,0,0,0,1050292,1,986750,1,0,0
1111,60217916,23969,0,0,0,0,0,0,0,0,0,0,0,0,1145875,1,1083208,1,0,0
1112,51078168,23593,0,0,0,0,0,0,0,0,0,0,0,0,823667,1,778041,1,0,0
1113,45731168,23353,0,0,0,0,0,0,0,0,0,0,0,0,717291,1,668416,1,0,0
1114,46372248,23289,0,0,0,0,0,0,0,0,0,0,0,0,750000,1,710041,1,0,0
1115,38453668,23341,0,0,0,0,0,0,0,0,0,0,0,0,614041,1,581583,1,0,0
1116,38298292,23441,0,0,0,0,0,0,0,0,0,0,0,0,653500,1,612834,1,0,0
1117,38001336,23289,0,0,0,0,0,0,0,0,0,0,0,0,575375,1,543875,1,0,0
1118,34336584,23289,0,0,0,0,0,0,0,0,0,0,0,0,534291,1,503959,1,0,0
1119,33847876,23353,0,0,0,0,0,0,0,0,0,0,0,0,558667,1,523708,1,0,0
1120,36801960,23289,0,0,0,0,0,0,0,0,0,0,0,0,604125,1,565458,1,0,0
1121,36336168,23429,0,0,0,0,0,0,0,0,0,0,0,0,998833,1,953667,1,0,0
1122,35437336,23353,0,0,0,0,0,0,0,0,0,0,0,0,567958,1,515084,1,0,0
1123,37822584,23853,0,0,0,0,0,0,0,0,0,0,0,0,542750,1,505542,1,0,0
1124,40042544,23505,0,0,0,0,0,0,0,0,0,0,0,0,617750,1,586292,1,0,0
1125,40261584,23441,0,0,0,0,0,0,0,0,0,0,0,0,703208,1,661792,1,0,0
1126,44606832,23289,0,0,0,0,0,0,0,0,0,0,0,0,605709,1,574000,1,0,0
1127,47584832,23341,0,0,0,0,0,0,0,0,0,0,0,0,767583,1,727708,1,0,0
1128,52934040,23353,0,0,0,0,0,0,0,0,0,0,0,0,928834,1,884209,1,0,0
1129,54819916,23377,0,0,0,0,0,0,0,0,0,0,0,0,766750,1,723583,1,0,0
1130,63218876,23353,0,0,0,0,0,0,0,0,0,0,0,0,750208,1,707959,1,0,0
1131,64931456,23341,0,0,0,0,0,0,0,0,0,0,0,0,947167,1,875541,1,0,0
1132,59022248,23441,0,0,0,0,0,0,0,0,0,0,0,0,920334,1,865083,1,0,0
1133,57226416,23853,0,0,0,0,0,0,0,0,0,0,0,0,790833,1,744791,1,0,0
1134,53804000,23569,0,0,0,0,0,0,0,0,0,0,0,0,824458,1,760000,1,0,0
1135,55047208,23429,0,0,0,0,0,0,0,0,0,0,0,0,809500,1,767042,1,0,0
1136,53780584,23353,0,0,0,0,0,0,0,0,0,0,0,0,850583,1,802291,1,0,0
1137,47921584,23289,0,0,0,0,0,0,0,0,0,0,0,0,1113000,1,1046750,1,0,0
1138,50211876,23441,0,0,0,0,0,0,0,0,0,0,0,0,1202500,1,1142125,1,0,0
1139,52530168,23341,0,0,0,0,0,0,0,0,0,0,0,0,717459,1,681500,1,0,0
1140,55123708,23353,0,0,0,0,0,0,0,0,0,0,0,0,774000,1,723833,1,0,0
1141,54912248,23377,0,0,0,0,0,0,0,0,0,0,0,0,953583,1,903041,1,0,0
1142,54700668,23917,0,0,0,0,0,0,0,0,0,0,0,0,759084,1,715666,1,0,0
1143,55572876,23557,0,0,0,0,0,0,0,0,0,0,0,0,1080000,1,1028417,1,0,0
1144,55121168,23441,0,0,0,0,0,0,0,0,0,0,0,0,768750,1,717791,1,0,0
1145,61444668,23289,0,0,0,0,0,0,0,0,0,0,0,0,1145500,1,1098084,1,0,0
1146,54710040,23353,0,0,0,0,0,0,0,0,0,0,0,0,991167,1,936667,1,0,0
1147,55766292,23429,0,0,0,0,0,0,0,0,0,0,0,0,774750,1,732042,1,0,0
1148,52985460,23353,0,0,0,0,0,0,0,0,0,0,0,0,1224792,1,1166791,1,0,0
1149,50504500,23289,0,0,0,0,0,0,0,0,0,0,0,0,822583,1,750750,1,0,0
1150,44540708,23441,0,0,0,0,0,0,0,0,0,0,0,0,713708,1,676750,1,0,0
1151,42079040,23341,0,0,0,0,0,0,0,0,0,0,0,0,666166,1,621667,1,0,0
1152,43454208,23853,0,0,0,0,0,0,0,0,0,0,0,0,838666,1,795541,1,0,0
1153,40919000,23569,0,0,0,0,0,0,0,0,0,0,0,0,1020042,1,972125,1,0,0
1154,40181916,23377,0,0,0,0,0,0,0,0,0,0,0,0,627583,1,586292,1,0,0
1155,45645336,23289,0,0,0,0,0,0,0,0,0,0,0,0,729875,1,687875,1,0,0
1156,47315336,23405,0,0,0,0,0,0,0,0,0,0,0,0,605250,1,573084,1,0,0
1157,48085416,23289,0,0,0,0,0,0,0,0,0,0,0,0,735250,1,692209,1,0,0
1158,48700832,23377,0,0,0,0,0,0,0,0,0,0,0,0,925125,1,862083,1,0,0
1159,55107708,23353,0,0,0,0,0,0,0,0,0,0,0,0,761458,1,720000,1,0,0
1160,54938292,23289,0,0,0,0,0,0,0,0,0,0,0,0,747333,1,705834,1,0,0
1161,65384708,23493,0,0,0,0,0,0,0,0,0,0,0,0,843875,1,792834,1,0,0
1162,64613040,23853,0,0,0,0,0,0,0,0,0,0,0,0,969500,1,915583,1,0,0
1163,54849124,23569,0,0,0,0,0,0,0,0,0,0,0,0,851166,1,771166,1,0,0
1164,54698208,23377,0,0,0,0,0,0,0,0,0,0,0,0,808833,1,759583,1,0,0
1165,58405124,23405,0,0,0,0,0,0,0,0,0,0,0,0,875791,1,832917,1,0,0
1166,45677584,23289,0,0,0,0,0,0,0,0,0,0,0,0,682833,1,645458,1,0,0
1167,46960876,23441,0,0,0,0,0,0,0,0,0,0,0,0,699458,1,615500,1,0,0
1168,45342500,23289,0,0,0,0,0,0,0,0,0,0,0,0,675750,1,639542,1,0,0
1169,44282124,23289,0,0,0,0,0,0,0,0,0,0,0,0,732500,1,694875,1,0,0
1170,40980376,23405,0,0,0,0,0,0,0,0,0,0,0,0,617458,1,571916,1,0,0
1171,42320460,23377,0,0,0,0,0,0,0,0,0,0,0,0,763333,1,712667,1,0,0
1172,45515708,23853,0,0,0,0,0,0,0,0,0,0,0,0,636375,1,603917,1,0,0
1173,44385336,23569,0,0,0,0,0,0,0,0,0,0,0,0,719666,1,674875,1,0,0
1174,45718040,23289,0,0,0,0,0,0,0,0,0,0,0,0,1125917,1,1078375,1,0,0
1175,48453668,23429,0,0,0,0,0,0,0,0,0,0,0,0,836167,1,792584,1,0,0
1176,44812376,23353,0,0,0,0,0,0,0,0,0,0,0,0,678334,1,634500,1,0,0
1177,47071792,23289,0,0,0,0,0,0,0,0,0,0,0,0,655542,1,618250,1,0,0
1178,45617124,23289,0,0,0,0,0,0,0,0,0,0,0,0,702250,1,666292,1,0,0
1179,43403168,23441,0,0,0,0,0,0,0,0,0,0,0,0,737625,1,695667,1,0,0
1180,42893584,23341,0,0,0,0,0,0,0,0,0,0,0,0,648083,1,607667,1,0,0
1181,42814336,23289,0,0,0,0,0,0,0,0,0,0,0,0,650709,1,614584,1,0,0
1182,41130040,23353,0,0,0,0,0,0,0,0,0,0,0,0,644417,1,605250,1,0,0
1183,37497124,23941,0,0,0,0,0,0,0,0,0,0,0,0,649291,1,609041,1,0,0
1184,36158916,23505,0,0,0,0,0,0,0,0,0,0,0,0,577875,1,547292,1,0,0
1185,33588584,23405,0,0,0,0,0,0,0,0,0,0,0,0,547125,1,509167,1,0,0
1186,33567708,23289,0,0,0,0,0,0,0,0,0,0,0,0,541166,1,512209,1,0,0
1187,36102376,23289,0,0,0,0,0,0,0,0,0,0,0,0,587500,1,558417,1,0,0
1188,33309584,23441,0,0,0,0,0,0,0,0,0,0,0,0,557500,1,521209,1,0,0
1189,33867624,23289,0,0,0,0,0,0,0,0,0,0,0,0,558417,1,529166,1,0,0
1190,33359500,23289,0,0,0,0,0,0,0,0,0,0,0,0,544292,1,515042,1,0,0
1191,33349208,23405,0,0,0,0,0,0,0,0,0,0,0,0,555333,1,510250,1,0,0
1192,33479834,23289,0,0,0,0,0,0,0,0,0,0,0,0,559958,1,530583,1,0,0
1193,33488376,23377,0,0,0,0,0,0,0,0,0,0,0,0,555541,1,526917,1,0,0
1194,33532792,23353,0,0,0,0,0,0,0,0,0,0,0,0,552916,1,519250,1,0,0
1195,32750250,23289,0,0,0,0,0,0,0,0,0,0,0,0,543666,1,513917,1,0,0
1196,32828460,23289,0,0,0,0,0,0,0,0,0,0,0,0,508958,1,482458,1,0,0
1197,34928460,23289,0,0,0,0,0,0,0,0,0,0,0,0,528125,1,494167,1,0,0
1198,34942332,24057,0,0,0,0,0,0,0,0,0,0,0,0,533417,1,506667,1,0,0
1199,36345960,23505,0,0,0,0,0,0,0,0,0,0,0,0,930792,1,898041,1,0,0
1200,37009916,23289,0,0,0,0,0,0,0,0,0,0,0,0,744041,1,709709,1,0,0
1201,35348040,23353,0,0,0,0,0,0,0,0,0,0,0,0,568834,1,540208,1,0,0
1202,39321040,23289,0,0,0,0,0,0,0,0,0,0,0,0,683542,1,648292,1,0,0
1203,34988000,23377,0,0,0,0,0,0,0,0,0,0,0,0,565417,1,531125,1,0,0
1204,39992960,23405,0,0,0,0,0,0,0,0,0,0,0,0,627792,1,594292,1,0,0
1205,45314456,23289,0,0,0,0,0,0,0,0,0,0,0,0,743667,1,704125,1,0,0
1206,55309500,23289,0,0,0,0,0,0,0,0,0,0,0,0,755542,1,701000,1,0,0
1207,66474376,23441,0,0,0,0,0,0,0,0,0,0,0,0,895958,1,844250,1,0,0
1208,67447544,23341,0,0,0,0,0,0,0,0,0,0,0,0,1049416,1,971208,1,0,0
1209,68729624,23917,0,0,0,0,0,0,0,0,0,0,0,0,981500,1,906000,1,0,0
1210,69120080,23593,0,0,0,0,0,0,0,0,0,0,0,0,1096208,1,1041750,1,0,0
1211,65343624,23405,0,0,0,0,0,0,0,0,0,0,0,0,1122417,1,1065917,1,0,0
1212,54628664,23289,0,0,0,0,0,0,0,0,0,0,0,0,954375,1,892375,1,0,0
1213,47537960,23441,0,0,0,0,0,0,0,0,0,0,0,0,728542,1,691166,1,0,0
1214,47649876,23289,0,0,0,0,0,0,0,0,0,0,0,0,673292,1,637709,1,0,0
1215,48066832,23341,0,0,0,0,0,0,0,0,0,0,0,0,661625,1,618166,1,0,0
1216,47612832,23353,0,0,0,0,0,0,0,0,0,0,0,0,661750,1,618542,1,0,0
1217,46323084,23377,0,0,0,0,0,0,0,0,0,0,0,0,685292,1,649250,1,0,0
1218,49852960,23853,0,0,0,0,0,0,0,0,0,0,0,0,862833,1,800291,1,0,0
1219,55281332,23569,0,0,0,0,0,0,0,0,0,0,0,0,964917,1,893542,1,0,0
1220,55297500,23429,0,0,0,0,0,0,0,0,0,0,0,0,795709,1,751959,1,0,0
1221,61937168,23353,0,0,0,0,0,0,0,0,0,0,0,0,937792,1,866375,1,0,0
1222,54384416,23289,0,0,0,0,0,0,0,0,0,0,0,0,770250,1,726917,1,0,0
1223,54358084,23441,0,0,0,0,0,0,0,0,0,0,0,0,818250,1,775083,1,0,0
1224,49356416,23341,0,0,0,0,0,0,0,0,0,0,0,0,715042,1,671500,1,0,0
1225,56606584,23353,0,0,0,0,0,0,0,0,0,0,0,0,1222292,1,1176583,1,0,0
1226,56458960,23377,0,0,0,0,0,0,0,0,0,0,0,0,936708,1,879209,1,0,0
1227,69520040,23917,0,0,0,0,0,0,0,0,0,0,0,0,961083,1,896542,1,0,0
1228,68348416,23557,0,0,0,0,0,0,0,0,0,0,0,0,1403625,1,1335833,1,0,0
1229,73360832,23441,0,0,0,0,0,0,0,0,0,0,0,0,1076875,1,1019917,1,0,0
1230,60055792,23289,0,0,0,0,0,0,0,0,0,0,0,0,981292,1,919000,1,0,0
1231,49202752,23405,0,0,0,0,0,0,0,0,0,0,0,0,753792,1,710458,1,0,0
1232,40574960,23377,0,0,0,0,0,0,0,0,0,0,0,0,748500,1,691667,1,0,0
1233,36937708,23289,0,0,0,0,0,0,0,0,0,0,0,0,607417,1,568000,1,0,0
1234,34300000,23353,0,0,0,0,0,0,0,0,0,0,0,0,535916,1,507417,1,0,0
1235,34241040,23289,0,0,0,0,0,0,0,0,0,0,0,0,532084,1,499458,1,0,0
1236,34052168,23289,0,0,0,0,0,0,0,0,0,0,0,0,541875,1,507083,1,0,0
1237,34007208,24057,0,0,0,0,0,0,0,0,0,0,0,0,589542,1,541750,1,0,0
1238,33913168,23505,0,0,0,0,0,0,0,0,0,0,0,0,582209,1,551875,1,0,0
1239,32874708,23289,0,0,0,0,0,0,0,0,0,0,0,0,574625,1,513875,1,0,0
1240,30136460,23353,0,0,0,0,0,0,0,0,0,0,0,0,498833,1,469584,1,0,0
1241,30245416,23289,0,0,0,0,0,0,0,0,0,0,0,0,533167,1,507667,1,0,0
1242,32625084,23377,0,0,0,0,0,0,0,0,0,0,0,0,626166,1,578250,1,0,0
1243,30035792,23289,0,0,0,0,0,0,0,0,0,0,0,0,499209,1,471042,1,0,0
1244,30866084,23405,0,0,0,0,0,0,0,0,0,0,0,0,500958,1,475208,1,0,0
1245,30716250,23289,0,0,0,0,0,0,0,0,0,0,0,0,513375,1,482125,1,0,0
1246,30201916,23289,0,0,0,0,0,0,0,0,0,0,0,0,494666,1,469833,1,0,0
1247,31796250,23377,0,0,0,0,0,0,0,0,0,0,0,0,503750,1,478417,1,0,0
1248,34017208,23353,0,0,0,0,0,0,0,0,0,0,0,0,625917,1,591000,1,0,0
1249,34889876,23289,0,0,0,0,0,0,0,0,0,0,0,0,578917,1,550916,1,0,0
1250,35633456,23289,0,0,0,0,0,0,0,0,0,0,0,0,531625,1,502792,1,0,0
1251,37877624,23405,0,0,0,0,0,0,0,0,0,0,0,0,596083,1,562333,1,0,0
1252,38471876,23377,0,0,0,0,0,0,0,0,0,0,0,0,567500,1,537875,1,0,0
1253,36659000,23853,0,0,0,0,0,0,0,0,0,0,0,0,560625,1,532209,1,0,0
1254,44931084,23569,0,0,0,0,0,0,0,0,0,0,0,0,632667,1,575916,1,0,0
1255,51885376,23289,0,0,0,0,0,0,0,0,0,0,0,0,645583,1,607042,1,0,0
1256,68585712,23429,0,0,0,0,0,0,0,0,0,0,0,0,936375,1,883459,1,0,0
1257,69904040,23353,0,0,0,0,0,0,0,0,0,0,0,0,1053958,1,967375,1,0,0
1258,65466084,23289,0,0,0,0,0,0,0,0,0,0,0,0,897750,1,851542,1,0,0
1259,66746416,23493,0,0,0,0,0,0,0,0,0,0,0,0,981458,1,930625,1,0,0
1260,67712416,23289,0,0,0,0,0,0,0,0,0,0,0,0,1043917,1,979916,1,0,0
1261,56443208,23917,0,0,0,0,0,0,0,0,0,0,0,0,911459,1,855083,1,0,0
1262,53957876,23593,0,0,0,0,0,0,0,0,0,0,0,0,1190250,1,1145959,1,0,0
1263,48558000,23405,0,0,0,0,0,0,0,0,0,0,0,0,902750,1,856959,1,0,0
1264,51178416,23289,0,0,0,0,0,0,0,0,0,0,0,0,757542,1,718875,1,0,0
1265,46192500,23377,0,0,0,0,0,0,0,0,0,0,0,0,706167,1,642542,1,0,0
1266,48236624,23353,0,0,0,0,0,0,0,0,0,0,0,0,890250,1,800541,1,0,0
1267,45099292,23289,0,0,0,0,0,0,0,0,0,0,0,0,1136125,1,1085708,1,0,0
1268,49489876,23341,0,0,0,0,0,0,0,0,0,0,0,0,697125,1,660167,1,0,0
1269,47128292,23441,0,0,0,0,0,0,0,0,0,0,0,0,699125,1,656333,1,0,0
1270,45322248,23289,0,0,0,0,0,0,0,0,0,0,0,0,643041,1,608375,1,0,0
1271,44396416,23853,0,0,0,0,0,0,0,0,0,0,0,0,825625,1,786292,1,0,0
1272,46143084,23569,0,0,0,0,0,0,0,0,0,0,0,0,761166,1,713042,1,0,0
1273,46481336,23429,0,0,0,0,0,0,0,0,0,0,0,0,675167,1,638292,1,0,0
1274,46532208,23289,0,0,0,0,0,0,0,0,0,0,0,0,679250,1,643792,1,0,0
1275,51495124,23353,0,0,0,0,0,0,0,0,0,0,0,0,703375,1,653167,1,0,0
1276,47405084,23289,0,0,0,0,0,0,0,0,0,0,0,0,832041,1,753958,1,0,0
1277,45127124,23377,0,0,0,0,0,0,0,0,0,0,0,0,688709,1,652750,1,0,0
1278,45334208,23405,0,0,0,0,0,0,0,0,0,0,0,0,756583,1,694583,1,0,0
1279,46510668,23289,0,0,0,0,0,0,0,0,0,0,0,0,666541,1,631791,1,0,0
1280,42979040,23289,0,0,0,0,0,0,0,0,0,0,0,0,706375,1,670500,1,0,0
1281,40448832,23441,0,0,0,0,0,0,0,0,0,0,0,0,606208,1,565750,1,0,0
1282,37632792,23289,0,0,0,0,0,0,0,0,0,0,0,0,638167,1,606833,1,0,0
1283,37934124,23905,0,0,0,0,0,0,0,0,0,0,0,0,587250,1,549750,1,0,0
1284,37101124,23569,0,0,0,0,0,0,0,0,0,0,0,0,621458,1,584584,1,0,0
1285,38007248,23377,0,0,0,0,0,0,0,0,0,0,0,0,631875,1,598667,1,0,0
1286,37771124,23289,0,0,0,0,0,0,0,0,0,0,0,0,625208,1,595167,1,0,0
1287,33354916,23353,0,0,0,0,0,0,0,0,0,0,0,0,537750,1,501417,1,0,0
1288,33800416,23289,0,0,0,0,0,0,0,0,0,0,0,0,579917,1,550417,1,0,0
1289,33541000,23341,0,0,0,0,0,0,0,0,0,0,0,0,545958,1,516750,1,0,0
1290,33629792,23441,0,0,0,0,0,0,0,0,0,0,0,0,551500,1,499875,1,0,0
1291,33243792,23289,0,0,0,0,0,0,0,0,0,0,0,0,545916,1,516709,1,0,0
1292,33569208,23289,0,0,0,0,0,0,0,0,0,0,0,0,578375,1,550084,1,0,0
1293,33374124,23353,0,0,0,0,0,0,0,0,0,0,0,0,533042,1,499917,1,0,0
1294,33644248,23289,0,0,0,0,0,0,0,0,0,0,0,0,558541,1,530459,1,0,0
1295,33796208,23429,0,0,0,0,0,0,0,0,0,0,0,0,546084,1,518250,1,0,0
1296,33120000,23353,0,0,0,0,0,0,0,0,0,0,0,0,537208,1,504625,1,0,0
1297,35370708,23853,0,0,0,0,0,0,0,0,0,0,0,0,566375,1,535583,1,0,0
1298,36026456,23505,0,0,0,0,0,0,0,0,0,0,0,0,567333,1,537583,1,0,0
1299,34690664,23353,0,0,0,0,0,0,0,0,0,0,0,0,576500,1,538750,1,0,0
1300,37422500,23377,0,0,0,0,0,0,0,0,0,0,0,0,531542,1,503500,1,0,0
1301,41466916,23341,0,0,0,0,0,0,0,0,0,0,0,0,681000,1,642250,1,0,0
1302,37292292,23353,0,0,0,0,0,0,0,0,0,0,0,0,630625,1,595292,1,0,0
1303,38879792,23289,0,0,0,0,0,0,0,0,0,0,0,0,583083,1,554250,1,0,0
1304,36981456,23377,0,0,0,0,0,0,0,0,0,0,0,0,588166,1,534375,1,0,0
1305,43942876,23353,0,0,0,0,0,0,0,0,0,0,0,0,590792,1,551291,1,0,0
1306,51870416,23289,0,0,0,0,0,0,0,0,0,0,0,0,858875,1,809917,1,0,0
1307,66747084,23341,0,0,0,0,0,0,0,0,0,0,0,0,921667,1,869333,1,0,0
1308,69315664,24005,0,0,0,0,0,0,0,0,0,0,0,0,1118166,1,1051708,1,0,0
1309,73631040,23505,0,0,0,0,0,0,0,0,0,0,0,0,955000,1,905250,1,0,0
1310,69546872,23405,0,0,0,0,0,0,0,0,0,0,0,0,1621625,1,1448417,1,0,0
1311,74139544,23377,0,0,0,0,0,0,0,0,0,0,0,0,1037791,1,968750,1,0,0
1312,65215500,23353,0,0,0,0,0,0,0,0,0,0,0,0,991583,1,935166,1,0,0
1313,54116876,23341,0,0,0,0,0,0,0,0,0,0,0,0,799000,1,751750,1,0,0
1314,47636292,23441,0,0,0,0,0,0,0,0,0,0,0,0,715750,1,673375,1,0,0
1315,47340084,23289,0,0,0,0,0,0,0,0,0,0,0,0,653959,1,616416,1,0,0
1316,46221584,23289,0,0,0,0,0,0,0,0,0,0,0,0,670458,1,634666,1,0,0
1317,47078336,23917,0,0,0,0,0,0,0,0,0,0,0,0,716667,1,676167,1,0,0
1318,47062668,23645,0,0,0,0,0,0,0,0,0,0,0,0,705959,1,669791,1,0,0
1319,46310168,23289,0,0,0,0,0,0,0,0,0,0,0,0,701542,1,664792,1,0,0
1320,50739040,23353,0,0,0,0,0,0,0,0,0,0,0,0,1340083,1,1286458,1,0,0
1321,49053708,35813,0,0,0,0,0,0,0,0,0,0,0,0,687042,1,651667,1,0,0
1322,48365084,23377,0,0,0,0,0,0,0,0,0,0,0,0,709625,1,667125,1,0,0
1323,43871584,23405,0,0,0,0,0,0,0,0,0,0,0,0,687291,1,650375,1,0,0
1324,43506832,23289,0,0,0,0,0,0,0,0,0,0,0,0,653208,1,612125,1,0,0
1325,40357248,23289,0,0,0,0,0,0,0,0,0,0,0,0,639375,1,604125,1,0,0
1326,37905624,23441,0,0,0,0,0,0,0,0,0,0,0,0,579708,1,547958,1,0,0
1327,36082960,23289,0,0,0,0,0,0,0,0,0,0,0,0,594792,1,558834,1,0,0
1328,33598292,23905,0,0,0,0,0,0,0,0,0,0,0,0,574750,1,545750,1,0,0
1329,33508542,23569,0,0,0,0,0,0,0,0,0,0,0,0,525959,1,497500,1,0,0
1330,33298000,23289,0,0,0,0,0,0,0,0,0,0,0,0,568833,1,512250,1,0,0
1331,33922168,23377,0,0,0,0,0,0,0,0,0,0,0,0,566792,1,538542,1,0,0
1332,37485876,23353,0,0,0,0,0,0,0,0,0,0,0,0,698542,1,639125,1,0,0
1333,33595124,23289,0,0,0,0,0,0,0,0,0,0,0,0,588375,1,554792,1,0,0
1334,33550500,23341,0,0,0,0,0,0,0,0,0,0,0,0,581291,1,552959,1,0,0
1335,33004666,23353,0,0,0,0,0,0,0,0,0,0,0,0,679583,1,636750,1,0,0
1336,31798876,23377,0,0,0,0,0,0,0,0,0,0,0,0,499084,1,470042,1,0,0
1337,30484458,23289,0,0,0,0,0,0,0,0,0,0,0,0,528417,1,496500,1,0,0
1338,30172958,23289,0,0,0,0,0,0,0,0,0,0,0,0,561458,1,517500,1,0,0
1339,30171250,23353,0,0,0,0,0,0,0,0,0,0,0,0,499542,1,465916,1,0,0
1340,30235416,23289,0,0,0,0,0,0,0,0,0,0,0,0,498375,1,471459,1,0,0
1341,29810500,23429,0,0,0,0,0,0,0,0,0,0,0,0,501416,1,475625,1,0,0
1342,30427208,23289,0,0,0,0,0,0,0,0,0,0,0,0,545625,1,516083,1,0,0
1343,31442668,23353,0,0,0,0,0,0,0,0,0,0,0,0,503792,1,478583,1,0,0
1344,32773792,23853,0,0,0,0,0,0,0,0,0,0,0,0,519667,1,493875,1,0,0
1345,33469124,23505,0,0,0,0,0,0,0,0,0,0,0,0,603750,1,548542,1,0,0
1346,36537624,23377,0,0,0,0,0,0,0,0,0,0,0,0,539458,1,510459,1,0,0
1347,35306708,23353,0,0,0,0,0,0,0,0,0,0,0,0,597208,1,561417,1,0,0
1348,40182416,23341,0,0,0,0,0,0,0,0,0,0,0,0,727375,1,658708,1,0,0
1349,35148624,23289,0,0,0,0,0,0,0,0,0,0,0,0,696375,1,644250,1,0,0
1350,38416376,23353,0,0,0,0,0,0,0,0,0,0,0,0,680500,1,646291,1,0,0
1351,37698916,23377,0,0,0,0,0,0,0,0,0,0,0,0,744792,1,700333,1,0,0
1352,41638540,23289,0,0,0,0,0,0,0,0,0,0,0,0,584333,1,553042,1,0,0
1353,49933664,23353,0,0,0,0,0,0,0,0,0,0,0,0,687291,1,652166,1,0,0
1354,60255584,23341,0,0,0,0,0,0,0,0,0,0,0,0,770250,1,718709,1,0,0
1355,66896708,24005,0,0,0,0,0,0,0,0,0,0,0,0,1020084,1,968875,1,0,0
1356,67255208,23505,0,0,0,0,0,0,0,0,0,0,0,0,967250,1,900125,1,0,0
1357,66316376,23353,0,0,0,0,0,0,0,0,0,0,0,0,978333,1,915750,1,0,0
1358,73151920,23429,0,0,0,0,0,0,0,0,0,0,0,0,1322667,1,1261458,1,0,0
1359,54749084,23353,0,0,0,0,0,0,0,0,0,0,0,0,884042,1,839083,1,0,0
1360,56738792,23289,0,0,0,0,0,0,0,0,0,0,0,0,856167,1,789291,1,0,0
1361,47310292,23441,0,0,0,0,0,0,0,0,0,0,0,0,680375,1,643791,1,0,0
1362,45118792,23341,0,0,0,0,0,0,0,0,0,0,0,0,678916,1,642666,1,0,0
1363,46211500,23289,0,0,0,0,0,0,0,0,0,0,0,0,667792,1,625042,1,0,0
1364,47278084,23917,0,0,0,0,0,0,0,0,0,0,0,0,658709,1,621875,1,0,0
1365,48075168,23593,0,0,0,0,0,0,0,0,0,0,0,0,697000,1,662542,1,0,0
1366,45428960,23289,0,0,0,0,0,0,0,0,0,0,0,0,672250,1,630208,1,0,0
1367,54208876,23405,0,0,0,0,0,0,0,0,0,0,0,0,1014250,1,967875,1,0,0
1368,44583664,23289,0,0,0,0,0,0,0,0,0,0,0,0,650666,1,614959,1,0,0
1369,48028792,23377,0,0,0,0,0,0,0,0,0,0,0,0,1034916,1,987291,1,0,0
1370,52039208,23353,0,0,0,0,0,0,0,0,0,0,0,0,772500,1,736375,1,0,0
1371,56767376,23289,0,0,0,0,0,0,0,0,0,0,0,0,1387459,1,1341042,1,0,0
1372,55356708,23493,0,0,0,0,0,0,0,0,0,0,0,0,766125,1,705875,1,0,0
1373,54265292,23289,0,0,0,0,0,0,0,0,0,0,0,0,800125,1,756666,1,0,0
1374,52467124,23917,0,0,0,0,0,0,0,0,0,0,0,0,1094916,1,1039292,1,0,0
1375,43615752,23593,0,0,0,0,0,0,0,0,0,0,0,0,699375,1,654000,1,0,0
1376,43965540,23341,0,0,0,0,0,0,0,0,0,0,0,0,686417,1,651625,1,0,0
1377,41524500,23353,0,0,0,0,0,0,0,0,0,0,0,0,702125,1,640250,1,0,0
1378,38426960,23289,0,0,0,0,0,0,0,0,0,0,0,0,613292,1,572625,1,0,0
1379,33287124,23377,0,0,0,0,0,0,0,0,0,0,0,0,533000,1,503250,1,0,0
1380,33930416,23353,0,0,0,0,0,0,0,0,0,0,0,0,581375,1,553208,1,0,0
1381,33492000,23289,0,0,0,0,0,0,0,0,0,0,0,0,557958,1,523333,1,0,0
1382,33458876,23341,0,0,0,0,0,0,0,0,0,0,0,0,580875,1,553375,1,0,0
1383,33514792,23353,0,0,0,0,0,0,0,0,0,0,0,0,557250,1,506709,1,0,0
1384,33564540,23377,0,0,0,0,0,0,0,0,0,0,0,0,581417,1,528333,1,0,0
1385,33425332,23289,0,0,0,0,0,0,0,0,0,0,0,0,549542,1,520792,1,0,0
1386,33349500,23353,0,0,0,0,0,0,0,0,0,0,0,0,543750,1,516250,1,0,0
1387,30727542,23289,0,0,0,0,0,0,0,0,0,0,0,0,542958,1,500000,1,0,0
1388,29904208,23853,0,0,0,0,0,0,0,0,0,0,0,0,521792,1,496250,1,0,0
1389,30401624,23645,0,0,0,0,0,0,0,0,0,0,0,0,515042,1,472000,1,0,0
1390,30447584,23353,0,0,0,0,0,0,0,0,0,0,0,0,495541,1,466000,1,0,0
1391,30173500,23289,0,0,0,0,0,0,0,0,0,0,0,0,527375,1,501417,1,0,0
1392,33100250,23289,0,0,0,0,0,0,0,0,0,0,0,0,603833,1,573791,1,0,0
1393,30013792,23289,0,0,0,0,0,0,0,0,0,0,0,0,494834,1,466167,1,0,0
1394,30155042,23441,0,0,0,0,0,0,0,0,0,0,0,0,538250,1,511708,1,0,0
1395,30415124,23289,0,0,0,0,0,0,0,0,0,0,0,0,549875,1,523167,1,0,0
1396,32800250,23341,0,0,0,0,0,0,0,0,0,0,0,0,550917,1,502208,1,0,0
1397,33517750,23289,0,0,0,0,0,0,0,0,0,0,0,0,545625,1,518417,1,0,0
1398,33520832,23353,0,0,0,0,0,0,0,0,0,0,0,0,549375,1,520541,1,0,0
1399,33447958,23377,0,0,0,0,0,0,0,0,0,0,0,0,533166,1,500625,1,0,0
1400,34264456,23289,0,0,0,0,0,0,0,0,0,0,0,0,588584,1,559958,1,0,0
1401,35543500,23353,0,0,0,0,0,0,0,0,0,0,0,0,537083,1,506416,1,0,0
1402,35947040,23341,0,0,0,0,0,0,0,0,0,0,0,0,605500,1,567500,1,0,0
1403,35799248,23853,0,0,0,0,0,0,0,0,0,0,0,0,568959,1,540917,1,0,0
1404,38096876,23657,0,0,0,0,0,0,0,0,0,0,0,0,638250,1,606458,1,0,0
1405,37658084,23289,0,0,0,0,0,0,0,0,0,0,0,0,592583,1,556917,1,0,0
1406,41302456,23289,0,0,0,0,0,0,0,0,0,0,0,0,539875,1,508958,1,0,0
1407,50891332,23353,0,0,0,0,0,0,0,0,0,0,0,0,621875,1,588542,1,0,0
1408,55437248,23429,0,0,0,0,0,0,0,0,0,0,0,0,757084,1,702083,1,0,0
1409,66698668,23353,0,0,0,0,0,0,0,0,0,0,0,0,1050542,1,992000,1,0,0
1410,67307208,23289,0,0,0,0,0,0,0,0,0,0,0,0,957750,1,903334,1,0,0
1411,69360288,23441,0,0,0,0,0,0,0,0,0,0,0,0,1015917,1,944083,1,0,0
1412,68562000,23905,0,0,0,0,0,0,0,0,0,0,0,0,970458,1,915958,1,0,0
1413,68473832,23569,0,0,0,0,0,0,0,0,0,0,0,0,1029833,1,974834,1,0,0
1414,60403624,23377,0,0,0,0,0,0,0,0,0,0,0,0,961833,1,881333,1,0,0
1415,59706248,23353,0,0,0,0,0,0,0,0,0,0,0,0,1029291,1,972750,1,0,0
1416,47712960,23341,0,0,0,0,0,0,0,0,0,0,0,0,831625,1,788666,1,0,0
1417,45908876,23441,0,0,0,0,0,0,0,0,0,0,0,0,707167,1,654542,1,0,0
1418,46637792,23289,0,0,0,0,0,0,0,0,0,0,0,0,681583,1,646250,1,0,0
1419,45907624,23289,0,0,0,0,0,0,0,0,0,0,0,0,711542,1,674625,1,0,0
1420,43834248,23353,0,0,0,0,0,0,0,0,0,0,0,0,639500,1,582666,1,0,0
1421,46224668,23429,0,0,0,0,0,0,0,0,0,0,0,0,669041,1,620750,1,0,0
1422,46950332,23853,0,0,0,0,0,0,0,0,0,0,0,0,729500,1,691708,1,0,0
1423,46292876,23569,0,0,0,0,0,0,0,0,0,0,0,0,669041,1,617000,1,0,0
1424,56941668,23289,0,0,0,0,0,0,0,0,0,0,0,0,775417,1,726125,1,0,0
1425,62928584,23441,0,0,0,0,0,0,0,0,0,0,0,0,867750,1,815917,1,0,0
1426,54302876,23341,0,0,0,0,0,0,0,0,0,0,0,0,822875,1,752583,1,0,0
1427,56646708,23353,0,0,0,0,0,0,0,0,0,0,0,0,1271958,1,1191833,1,0,0
1428,52695124,23377,0,0,0,0,0,0,0,0,0,0,0,0,807209,1,763417,1,0,0
1429,52527540,23353,0,0,0,0,0,0,0,0,0,0,0,0,820000,1,771750,1,0,0
1430,43904376,23341,0,0,0,0,0,0,0,0,0,0,0,0,665042,1,629291,1,0,0
1431,42528376,23289,0,0,0,0,0,0,0,0,0,0,0,0,658250,1,615917,1,0,0
1432,39040000,24005,0,0,0,0,0,0,0,0,0,0,0,0,670625,1,615459,1,0,0
1433,41313416,23505,0,0,0,0,0,0,0,0,0,0,0,0,587459,1,555125,1,0,0
1434,41590876,23289,0,0,0,0,0,0,0,0,0,0,0,0,582250,1,550125,1,0,0
1435,47683248,23405,0,0,0,0,0,0,0,0,0,0,0,0,736500,1,676542,1,0,0
1436,42336416,23377,0,0,0,0,0,0,0,0,0,0,0,0,1111875,1,1055500,1,0,0
1437,41614960,23289,0,0,0,0,0,0,0,0,0,0,0,0,628250,1,595667,1,0,0
1438,45443124,23353,0,0,0,0,0,0,0,0,0,0,0,0,877750,1,791042,1,0,0
1439,45092084,23289,0,0,0,0,0,0,0,0,0,0,0,0,641584,1,604958,1,0,0
1440,54576668,23429,0,0,0,0,0,0,0,0,0,0,0,0,894542,1,848000,1,0,0
1441,52142916,23353,0,0,0,0,0,0,0,0,0,0,0,0,820792,1,771125,1,0,0
1442,55478584,23289,0,0,0,0,0,0,0,0,0,0,0,0,751042,1,707583,1,0,0
1443,55871124,24005,0,0,0,0,0,0,0,0,0,0,0,0,1052750,1,1002459,1,0,0
1444,54960124,23759,0,0,0,0,0,0,0,0,0,0,0,0,816333,1,730208,1,0,0
1445,63942040,23353,0,0,0,0,0,0,0,0,0,0,0,0,1146667,1,1102667,1,0,0
1446,72380832,23377,0,0,0,0,0,0,0,0,0,0,0,0,1211917,1,1139917,1,0,0
1447,66183708,23353,0,0,0,0,0,0,0,0,0,0,0,0,950583,1,887250,1,0,0
1448,55278208,23341,0,0,0,0,0,0,0,0,0,0,0,0,1322542,1,1223458,1,0,0
1449,54810876,23441,0,0,0,0,0,0,0,0,0,0,0,0,1031042,1,986041,1,0,0
1450,51243544,23289,0,0,0,0,0,0,0,0,0,0,0,0,804333,1,752834,1,0,0
1451,47475624,23917,0,0,0,0,0,0,0,0,0,0,0,0,768125,1,703000,1,0,0
1452,47545000,23645,0,0,0,0,0,0,0,0,0,0,0,0,683250,1,646000,1,0,0
1453,46821544,23289,0,0,0,0,0,0,0,0,0,0,0,0,666458,1,614916,1,0,0
1454,50909500,23353,0,0,0,0,0,0,0,0,0,0,0,0,747458,1,711375,1,0,0
1455,47780544,23289,0,0,0,0,0,0,0,0,0,0,0,0,661916,1,625625,1,0,0
1456,57093456,23675,0,0,0,0,0,0,0,0,0,0,0,0,876250,1,762084,1,0,0
1457,54580708,23405,0,0,0,0,0,0,0,0,0,0,0,0,771459,1,728417,1,0,0
1458,54922000,23289,0,0,0,0,0,0,0,0,0,0,0,0,763583,1,721334,1,0,0
1459,55461624,23441,0,0,0,0,0,0,0,0,0,0,0,0,810708,1,759959,1,0,0
1460,55375832,23289,0,0,0,0,0,0,0,0,0,0,0,0,1059750,1,996167,1,0,0
1461,55311292,23969,0,0,0,0,0,0,0,0,0,0,0,0,778541,1,722708,1,0,0
1462,57664040,23593,0,0,0,0,0,0,0,0,0,0,0,0,1070250,1,1017333,1,0,0
1463,52860960,23353,0,0,0,0,0,0,0,0,0,0,0,0,789958,1,746042,1,0,0
1464,59730208,23289,0,0,0,0,0,0,0,0,0,0,0,0,937333,1,890666,1,0,0
1465,62278124,23493,0,0,0,0,0,0,0,0,0,0,0,0,967958,1,909458,1,0,0
1466,56595376,23289,0,0,0,0,0,0,0,0,0,0,0,0,1209125,1,1144708,1,0,0
1467,55390000,23353,0,0,0,0,0,0,0,0,0,0,0,0,797625,1,755875,1,0,0
1468,56133168,23377,0,0,0,0,0,0,0,0,0,0,0,0,797125,1,732250,1,0,0
1469,55349416,23405,0,0,0,0,0,0,0,0,0,0,0,0,962958,1,881125,1,0,0
1470,53473752,23853,0,0,0,0,0,0,0,0,0,0,0,0,765500,1,722959,1,0,0
1471,45788584,23657,0,0,0,0,0,0,0,0,0,0,0,0,742833,1,677500,1,0,0
1472,48693544,23289,0,0,0,0,0,0,0,0,0,0,0,0,678375,1,642708,1,0,0
1473,50522376,23341,0,0,0,0,0,0,0,0,0,0,0,0,782167,1,727500,1,0,0
1474,52170916,23353,0,0,0,0,0,0,0,0,0,0,0,0,657458,1,615958,1,0,0
1475,52734416,23377,0,0,0,0,0,0,0,0,0,0,0,0,754750,1,712625,1,0,0
1476,54269208,23353,0,0,0,0,0,0,0,0,0,0,0,0,760500,1,715667,1,0,0
1477,51305544,23341,0,0,0,0,0,0,0,0,0,0,0,0,709750,1,665917,1,0,0
1478,51030544,23441,0,0,0,0,0,0,0,0,0,0,0,0,925166,1,875083,1,0,0
1479,46274668,23289,0,0,0,0,0,0,0,0,0,0,0,0,794292,1,758709,1,0,0
1480,46876416,23853,0,0,0,0,0,0,0,0,0,0,0,0,709000,1,660708,1,0,0
1481,51805084,23569,0,0,0,0,0,0,0,0,0,0,0,0,772000,1,725458,1,0,0
1482,47477456,23429,0,0,0,0,0,0,0,0,0,0,0,0,761167,1,723708,1,0,0
1483,54236460,23289,0,0,0,0,0,0,0,0,0,0,0,0,699166,1,647791,1,0,0
1484,51047960,23353,0,0,0,0,0,0,0,0,0,0,0,0,959250,1,915333,1,0,0
1485,49422084,23377,0,0,0,0,0,0,0,0,0,0,0,0,692167,1,655458,1,0,0
1486,47975376,23405,0,0,0,0,0,0,0,0,0,0,0,0,771125,1,726458,1,0,0
1487,47315208,23289,0,0,0,0,0,0,0,0,0,0,0,0,704167,1,668416,1,0,0
1488,46696376,23289,0,0,0,0,0,0,0,0,0,0,0,0,667041,1,630916,1,0,0
1489,48495500,23441,0,0,0,0,0,0,0,0,0,0,0,0,871125,1,824084,1,0,0
1490,45896040,23853,0,0,0,0,0,0,0,0,0,0,0,0,789416,1,749208,1,0,0
1491,45545000,23557,0,0,0,0,0,0,0,0,0,0,0,0,838250,1,795666,1,0,0
1492,46799500,23353,0,0,0,0,0,0,0,0,0,0,0,0,709875,1,668416,1,0,0
1493,51585708,23377,0,0,0,0,0,0,0,0,0,0,0,0,705500,1,665750,1,0,0
1494,43950000,23289,0,0,0,0,0,0,0,0,0,0,0,0,648458,1,613667,1,0,0
1495,42991500,23353,0,0,0,0,0,0,0,0,0,0,0,0,694209,1,632792,1,0,0
1496,43419416,23341,0,0,0,0,0,0,0,0,0,0,0,0,680917,1,643209,1,0,0
1497,38816876,23377,0,0,0,0,0,0,0,0,0,0,0,0,664042,1,627333,1,0,0
1498,38406832,23353,0,0,0,0,0,0,0,0,0,0,0,0,629334,1,591500,1,0,0
1499,36646752,23289,0,0,0,0,0,0,0,0,0,0,0,0,634459,1,580750,1,0,0
1500,33204292,23289,0,0,0,0,0,0,0,0,0,0,0,0,563083,1,508750,1,0,0
1501,33275916,23353,0,0,0,0,0,0,0,0,0,0,0,0,538250,1,504000,1,0,0
1502,33517292,23993,0,0,0,0,0,0,0,0,0,0,0,0,538833,1,510791,1,0,0
1503,33251124,23505,0,0,0,0,0,0,0,0,0,0,0,0,548375,1,519458,1,0,0
1504,33438958,23353,0,0,0,0,0,0,0,0,0,0,0,0,554208,1,520042,1,0,0
1505,33546084,23289,0,0,0,0,0,0,0,0,0,0,0,0,564583,1,536333,1,0,0
1506,36195376,23289,0,0,0,0,0,0,0,0,0,0,0,0,619250,1,589250,1,0,0
1507,33220376,23441,0,0,0,0,0,0,0,0,0,0,0,0,578083,1,544416,1,0,0
1508,33226792,23341,0,0,0,0,0,0,0,0,0,0,0,0,527208,1,499250,1,0,0
1509,31366584,23289,0,0,0,0,0,0,0,0,0,0,0,0,529292,1,499666,1,0,0
1510,30238334,23289,0,0,0,0,0,0,0,0,0,0,0,0,516000,1,485250,1,0,0
1511,33665168,23353,0,0,0,0,0,0,0,0,0,0,0,0,559625,1,530583,1,0,0
1512,33429500,23377,0,0,0,0,0,0,0,0,0,0,0,0,518958,1,493834,1,0,0
1513,34572332,23289,0,0,0,0,0,0,0,0,0,0,0,0,878916,1,832292,1,0,0
1514,35303416,23353,0,0,0,0,0,0,0,0,0,0,0,0,554792,1,526875,1,0,0
1515,35739208,23341,0,0,0,0,0,0,0,0,0,0,0,0,574875,1,546583,1,0,0
1516,36181708,23289,0,0,0,0,0,0,0,0,0,0,0,0,746125,1,704875,1,0,0
1517,35464416,24005,0,0,0,0,0,0,0,0,0,0,0,0,532875,1,503041,1,0,0
1518,36066960,23505,0,0,0,0,0,0,0,0,0,0,0,0,544166,1,515458,1,0,0
1519,40669624,23289,0,0,0,0,0,0,0,0,0,0,0,0,750250,1,710292,1,0,0
1520,52520000,23353,0,0,0,0,0,0,0,0,0,0,0,0,783209,1,740458,1,0,0
1521,60581376,23429,0,0,0,0,0,0,0,0,0,0,0,0,775583,1,732792,1,0,0
1522,67882872,23353,0,0,0,0,0,0,0,0,0,0,0,0,974292,1,896792,1,0,0
1523,68860496,23289,0,0,0,0,0,0,0,0,0,0,0,0,943541,1,891209,1,0,0
1524,70887960,23441,0,0,0,0,0,0,0,0,0,0,0,0,1019750,1,958458,1,0,0
1525,67631792,23341,0,0,0,0,0,0,0,0,0,0,0,0,976333,1,904625,1,0,0
1526,65590500,23917,0,0,0,0,0,0,0,0,0,0,0,0,977541,1,924166,1,0,0
1527,55392916,23593,0,0,0,0,0,0,0,0,0,0,0,0,862375,1,816791,1,0,0
1528,55540960,23353,0,0,0,0,0,0,0,0,0,0,0,0,887083,1,839667,1,0,0
1529,47674332,23341,0,0,0,0,0,0,0,0,0,0,0,0,666208,1,626583,1,0,0
1530,45238960,23441,0,0,0,0,0,0,0,0,0,0,0,0,656167,1,619542,1,0,0
1531,43294208,23289,0,0,0,0,0,0,0,0,0,0,0,0,688333,1,650167,1,0,0
1532,43652960,23289,0,0,0,0,0,0,0,0,0,0,0,0,589375,1,556584,1,0,0
1533,45558248,23353,0,0,0,0,0,0,0,0,0,0,0,0,639625,1,602291,1,0,0
1534,46030668,23429,0,0,0,0,0,0,0,0,0,0,0,0,675208,1,614541,1,0,0
1535,45512584,23289,0,0,0,0,0,0,0,0,0,0,0,0,687250,1,651292,1,0,0
1536,46900832,23917,0,0,0,0,0,0,0,0,0,0,0,0,691042,1,655625,1,0,0
1537,43702708,23505,0,0,0,0,0,0,0,0,0,0,0,0,654958,1,609042,1,0,0
1538,40937376,23377,0,0,0,0,0,0,0,0,0,0,0,0,688750,1,653417,1,0,0
1539,43178584,23405,0,0,0,0,0,0,0,0,0,0,0,0,729709,1,693625,1,0,0
1540,38298752,23289,0,0,0,0,0,0,0,0,0,0,0,0,612792,1,556375,1,0,0
1541,37922376,23289,0,0,0,0,0,0,0,0,0,0,0,0,581167,1,549750,1,0,0
1542,37382416,23441,0,0,0,0,0,0,0,0,0,0,0,0,614667,1,583000,1,0,0
1543,36699040,23289,0,0,0,0,0,0,0,0,0,0,0,0,621667,1,583292,1,0,0
1544,33539084,23289,0,0,0,0,0,0,0,0,0,0,0,0,558333,1,529041,1,0,0
1545,33923540,23405,0,0,0,0,0,0,0,0,0,0,0,0,536375,1,507250,1,0,0
1546,33471792,23289,0,0,0,0,0,0,0,0,0,0,0,0,591083,1,558584,1,0,0
1547,33548168,23377,0,0,0,0,0,0,0,0,0,0,0,0,570917,1,543125,1,0,0
1548,33127042,23353,0,0,0,0,0,0,0,0,0,0,0,0,543042,1,515125,1,0,0
1549,33630500,23853,0,0,0,0,0,0,0,0,0,0,0,0,561958,1,529042,1,0,0
1550,33407124,23505,0,0,0,0,0,0,0,0,0,0,0,0,574417,1,528958,1,0,0
1551,33373916,23405,0,0,0,0,0,0,0,0,0,0,0,0,537667,1,509500,1,0,0
1552,33202084,23377,0,0,0,0,0,0,0,0,0,0,0,0,555625,1,511291,1,0,0
1553,35954708,23289,0,0,0,0,0,0,0,0,0,0,0,0,855500,1,803834,1,0,0
1554,33120000,23353,0,0,0,0,0,0,0,0,0,0,0,0,543167,1,513833,1,0,0
1555,33353458,23289,0,0,0,0,0,0,0,0,0,0,0,0,603000,1,565500,1,0,0
1556,33188166,23289,0,0,0,0,0,0,0,0,0,0,0,0,570125,1,541833,1,0,0
1557,33396332,23429,0,0,0,0,0,0,0,0,0,0,0,0,538791,1,511084,1,0,0
1558,32917876,23353,0,0,0,0,0,0,0,0,0,0,0,0,561958,1,515916,1,0,0
1559,31591500,23289,0,0,0,0,0,0,0,0,0,0,0,0,533917,1,507666,1,0,0
1560,30607500,23289,0,0,0,0,0,0,0,0,0,0,0,0,536375,1,510042,1,0,0
1561,30211042,23289,0,0,0,0,0,0,0,0,0,0,0,0,500208,1,466500,1,0,0
1562,31240376,23441,0,0,0,0,0,0,0,0,0,0,0,0,554750,1,529500,1,0,0
1563,32358542,23289,0,0,0,0,0,0,0,0,0,0,0,0,577500,1,549958,1,0,0
1564,32511084,23905,0,0,0,0,0,0,0,0,0,0,0,0,547416,1,502750,1,0,0
1565,33003750,23505,0,0,0,0,0,0,0,0,0,0,0,0,552625,1,526959,1,0,0
1566,33682248,23353,0,0,0,0,0,0,0,0,0,0,0,0,539625,1,511167,1,0,0
1567,36135876,23377,0,0,0,0,0,0,0,0,0,0,0,0,584584,1,548000,1,0,0
1568,40849544,23289,0,0,0,0,0,0,0,0,0,0,0,0,669875,1,610459,1,0,0
1569,35264416,23353,0,0,0,0,0,0,0,0,0,0,0,0,584958,1,535542,1,0,0
1570,36501416,23341,0,0,0,0,0,0,0,0,0,0,0,0,625292,1,592292,1,0,0
1571,36828584,23289,0,0,0,0,0,0,0,0,0,0,0,0,691667,1,650292,1,0,0
1572,39630084,23441,0,0,0,0,0,0,0,0,0,0,0,0,675084,1,640792,1,0,0
1573,43055584,23289,0,0,0,0,0,0,0,0,0,0,0,0,643041,1,595333,1,0,0
1574,50659084,23289,0,0,0,0,0,0,0,0,0,0,0,0,671083,1,633625,1,0,0
1575,67050248,23405,0,0,0,0,0,0,0,0,0,0,0,0,740708,1,697875,1,0,0
1576,69533544,23941,0,0,0,0,0,0,0,0,0,0,0,0,1031459,1,968458,1,0,0
1577,67888624,23569,0,0,0,0,0,0,0,0,0,0,0,0,1130292,1,1075666,1,0,0
1578,69343712,23341,0,0,0,0,0,0,0,0,0,0,0,0,994583,1,940708,1,0,0
1579,75965752,23441,0,0,0,0,0,0,0,0,0,0,0,0,1124041,1,1056458,1,0,0
1580,56955752,23289,0,0,0,0,0,0,0,0,0,0,0,0,951416,1,897333,1,0,0
1581,53700248,23405,0,0,0,0,0,0,0,0,0,0,0,0,1250750,1,1189167,1,0,0
1582,48105544,23377,0,0,0,0,0,0,0,0,0,0,0,0,763458,1,687875,1,0,0
1583,48187292,23353,0,0,0,0,0,0,0,0,0,0,0,0,1162541,1,1103167,1,0,0
1584,47990376,23289,0,0,0,0,0,0,0,0,0,0,0,0,688375,1,633375,1,0,0
1585,46339000,25973,0,0,0,0,0,0,0,0,0,0,0,0,663667,1,623875,1,0,0
1586,47562416,23709,0,0,0,0,0,0,0,0,0,0,0,0,683875,1,646625,1,0,0
1587,48500124,23289,0,0,0,0,0,0,0,0,0,0,0,0,697792,1,661458,1,0,0
1588,58506832,23289,0,0,0,0,0,0,0,0,0,0,0,0,976667,1,921250,1,0,0
1589,53805960,23441,0,0,0,0,0,0,0,0,0,0,0,0,1106750,1,1064209,1,0,0
1590,56702832,23341,0,0,0,0,0,0,0,0,0,0,0,0,1619958,1,1554625,1,0,0
1591,54030456,23353,0,0,0,0,0,0,0,0,0,0,0,0,784750,1,736792,1,0,0
1592,52424960,23377,0,0,0,0,0,0,0,0,0,0,0,0,770000,1,727542,1,0,0
1593,50884792,23353,0,0,0,0,0,0,0,0,0,0,0,0,793291,1,750459,1,0,0
1594,43351876,23905,0,0,0,0,0,0,0,0,0,0,0,0,665375,1,622958,1,0,0
1595,38099332,23505,0,0,0,0,0,0,0,0,0,0,0,0,581208,1,548167,1,0,0
1596,37835040,23441,0,0,0,0,0,0,0,0,0,0,0,0,612333,1,577958,1,0,0
1597,34750000,23289,0,0,0,0,0,0,0,0,0,0,0,0,689666,1,636958,1,0,0
1598,41038876,23289,0,0,0,0,0,0,0,0,0,0,0,0,647666,1,609584,1,0,0
1599,37449916,23353,0,0,0,0,0,0,0,0,0,0,0,0,534417,1,499500,1,0,0
1600,35906792,23341,0,0,0,0,0,0,0,0,0,0,0,0,565667,1,533083,1,0,0
1601,35198416,23377,0,0,0,0,0,0,0,0,0,0,0,0,938125,1,909750,1,0,0
1602,35794540,23353,0,0,0,0,0,0,0,0,0,0,0,0,829875,1,791583,1,0,0
1603,38383124,23289,0,0,0,0,0,0,0,0,0,0,0,0,547625,1,510083,1,0,0
1604,39402460,23289,0,0,0,0,0,0,0,0,0,0,0,0,663000,1,598792,1,0,0
1605,43663456,23353,0,0,0,0,0,0,0,0,0,0,0,0,1099917,1,1055375,1,0,0
1606,47043416,23429,0,0,0,0,0,0,0,0,0,0,0,0,684000,1,611959,1,0,0
1607,54164832,23853,0,0,0,0,0,0,0,0,0,0,0,0,780916,1,739166,1,0,0
1608,54552960,23569,0,0,0,0,0,0,0,0,0,0,0,0,799666,1,754000,1,0,0
1609,66132000,23377,0,0,0,0,0,0,0,0,0,0,0,0,837709,1,783083,1,0,0
1610,73816912,23405,0,0,0,0,0,0,0,0,0,0,0,0,1099583,1,1044000,1,0,0
1611,65003332,23289,0,0,0,0,0,0,0,0,0,0,0,0,1084667,1,1021917,1,0,0
1612,54938456,23441,0,0,0,0,0,0,0,0,0,0,0,0,1118459,1,1064667,1,0,0
1613,55095456,23289,0,0,0,0,0,0,0,0,0,0,0,0,769583,1,728083,1,0,0
1614,51745960,23405,0,0,0,0,0,0,0,0,0,0,0,0,844500,1,801292,1,0,0
1615,46704960,23377,0,0,0,0,0,0,0,0,0,0,0,0,836542,1,774334,1,0,0
1616,47858168,23853,0,0,0,0,0,0,0,0,0,0,0,0,726708,1,687125,1,0,0
1617,48284292,23569,0,0,0,0,0,0,0,0,0,0,0,0,701375,1,664583,1,0,0
1618,53906832,23289,0,0,0,0,0,0,0,0,0,0,0,0,666000,1,623375,1,0,0
1619,61436208,23493,0,0,0,0,0,0,0,0,0,0,0,0,849708,1,804458,1,0,0
1620,55270040,23289,0,0,0,0,0,0,0,0,0,0,0,0,748167,1,705791,1,0,0
1621,54971960,23353,0,0,0,0,0,0,0,0,0,0,0,0,789417,1,737292,1,0,0
1622,55131460,23377,0,0,0,0,0,0,0,0,0,0,0,0,879917,1,836542,1,0,0
1623,55907708,23405,0,0,0,0,0,0,0,0,0,0,0,0,805667,1,762500,1,0,0
1624,52275584,23289,0,0,0,0,0,0,0,0,0,0,0,0,785167,1,731959,1,0,0
1625,50502376,24005,0,0,0,0,0,0,0,0,0,0,0,0,824166,1,780667,1,0,0
1626,44298456,23505,0,0,0,0,0,0,0,0,0,0,0,0,698042,1,655542,1,0,0
1627,39110124,23341,0,0,0,0,0,0,0,0,0,0,0,0,678917,1,625583,1,0,0
1628,42327460,23353,0,0,0,0,0,0,0,0,0,0,0,0,726250,1,687292,1,0,0
1629,34041460,23377,0,0,0,0,0,0,0,0,0,0,0,0,551792,1,521041,1,0,0
1630,33904752,23289,0,0,0,0,0,0,0,0,0,0,0,0,589458,1,555500,1,0,0
1631,33945168,23353,0,0,0,0,0,0,0,0,0,0,0,0,529333,1,500708,1,0,0
1632,33401208,23289,0,0,0,0,0,0,0,0,0,0,0,0,545833,1,517542,1,0,0
1633,33228750,23341,0,0,0,0,0,0,0,0,0,0,0,0,538000,1,504166,1,0,0
1634,33085000,23441,0,0,0,0,0,0,0,0,0,0,0,0,535250,1,505875,1,0,0
1635,33366668,23289,0,0,0,0,0,0,0,0,0,0,0,0,590167,1,560750,1,0,0
1636,33603000,23289,0,0,0,0,0,0,0,0,0,0,0,0,596833,1,562167,1,0,0
1637,33217958,23353,0,0,0,0,0,0,0,0,0,0,0,0,525875,1,498000,1,0,0
1638,32602166,23289,0,0,0,0,0,0,0,0,0,0,0,0,568375,1,539375,1,0,0
1639,30466000,23941,0,0,0,0,0,0,0,0,0,0,0,0,530334,1,479792,1,0,0
1640,30238666,23557,0,0,0,0,0,0,0,0,0,0,0,0,504292,1,472791,1,0,0
1641,30396376,23353,0,0,0,0,0,0,0,0,0,0,0,0,537583,1,509750,1,0,0
1642,30097958,23289,0,0,0,0,0,0,0,0,0,0,0,0,531584,1,485209,1,0,0
1643,34313292,23289,0,0,0,0,0,0,0,0,0,0,0,0,621667,1,592917,1,0,0
1644,32788376,23377,0,0,0,0,0,0,0,0,0,0,0,0,523542,1,492625,1,0,0
1645,33340124,23353,0,0,0,0,0,0,0,0,0,0,0,0,546709,1,509291,1,0,0
1646,33445084,23289,0,0,0,0,0,0,0,0,0,0,0,0,578041,1,548208,1,0,0
1647,33463376,23341,0,0,0,0,0,0,0,0,0,0,0,0,528000,1,500334,1,0,0
1648,33019624,23353,0,0,0,0,0,0,0,0,0,0,0,0,574542,1,540458,1,0,0
1649,33246416,23377,0,0,0,0,0,0,0,0,0,0,0,0,543042,1,515458,1,0,0
1650,33796668,23289,0,0,0,0,0,0,0,0,0,0,0,0,575584,1,547625,1,0,0
1651,33237540,23353,0,0,0,0,0,0,0,0,0,0,0,0,553458,1,518916,1,0,0
1652,34361540,23289,0,0,0,0,0,0,0,0,0,0,0,0,558333,1,529042,1,0,0
1653,33684916,23341,0,0,0,0,0,0,0,0,0,0,0,0,559458,1,532458,1,0,0
1654,36675040,24005,0,0,0,0,0,0,0,0,0,0,0,0,549542,1,514000,1,0,0
1655,36608456,23505,0,0,0,0,0,0,0,0,0,0,0,0,606125,1,577083,1,0,0
1656,39415832,23289,0,0,0,0,0,0,0,0,0,0,0,0,835125,1,788500,1,0,0
1657,41807792,23353,0,0,0,0,0,0,0,0,0,0,0,0,696208,1,613167,1,0,0
1658,47320876,23377,0,0,0,0,0,0,0,0,0,0,0,0,674000,1,637500,1,0,0
1659,51815168,23341,0,0,0,0,0,0,0,0,0,0,0,0,818916,1,774333,1,0,0
1660,67506920,23353,0,0,0,0,0,0,0,0,0,0,0,0,921042,1,861500,1,0,0
1661,69257624,23377,0,0,0,0,0,0,0,0,0,0,0,0,924791,1,872709,1,0,0
1662,70109504,23353,0,0,0,0,0,0,0,0,0,0,0,0,984500,1,922416,1,0,0
1663,68033584,23905,0,0,0,0,0,0,0,0,0,0,0,0,1064458,1,990708,1,0,0
1664,56440832,23657,0,0,0,0,0,0,0,0,0,0,0,0,863000,1,816500,1,0,0
1665,56188416,23289,0,0,0,0,0,0,0,0,0,0,0,0,1152375,1,1088917,1,0,0
1666,51456792,23353,0,0,0,0,0,0,0,0,0,0,0,0,731750,1,678958,1,0,0
1667,48677668,23429,0,0,0,0,0,0,0,0,0,0,0,0,688875,1,652583,1,0,0
1668,43936168,23353,0,0,0,0,0,0,0,0,0,0,0,0,684334,1,639500,1,0,0
1669,46953332,23289,0,0,0,0,0,0,0,0,0,0,0,0,976084,1,908625,1,0,0
1670,43718960,23289,0,0,0,0,0,0,0,0,0,0,0,0,654000,1,610833,1,0,0
1671,42590376,23441,0,0,0,0,0,0,0,0,0,0,0,0,660208,1,624708,1,0,0
1672,42536040,23341,0,0,0,0,0,0,0,0,0,0,0,0,672333,1,620750,1,0,0
1673,41278248,23289,0,0,0,0,0,0,0,0,0,0,0,0,864834,1,826166,1,0,0
1674,43591000,23917,0,0,0,0,0,0,0,0,0,0,0,0,582875,1,550666,1,0,0
1675,45069584,23593,0,0,0,0,0,0,0,0,0,0,0,0,650625,1,608917,1,0,0
1676,43972376,23289,0,0,0,0,0,0,0,0,0,0,0,0,641042,1,605958,1,0,0
1677,49466332,23405,0,0,0,0,0,0,0,0,0,0,0,0,1041916,1,986833,1,0,0
1678,46861040,23289,0,0,0,0,0,0,0,0,0,0,0,0,687583,1,645625,1,0,0
1679,47543624,23377,0,0,0,0,0,0,0,0,0,0,0,0,699583,1,663250,1,0,0
1680,47171456,23353,0,0,0,0,0,0,0,0,0,0,0,0,726875,1,682667,1,0,0
1681,48781332,23289,0,0,0,0,0,0,0,0,0,0,0,0,663417,1,615542,1,0,0
1682,52284668,23341,0,0,0,0,0,0,0,0,0,0,0,0,1060791,1,1011208,1,0,0
1683,49561248,23441,0,0,0,0,0,0,0,0,0,0,0,0,789875,1,747000,1,0,0
1684,42741544,23853,0,0,0,0,0,0,0,0,0,0,0,0,709625,1,667459,1,0,0
1685,42625208,23505,0,0,0,0,0,0,0,0,0,0,0,0,785458,1,749375,1,0,0
1686,37650752,23353,0,0,0,0,0,0,0,0,0,0,0,0,588416,1,557042,1,0,0
1687,37469752,23429,0,0,0,0,0,0,0,0,0,0,0,0,613041,1,575209,1,0,0
1688,37416832,23289,0,0,0,0,0,0,0,0,0,0,0,0,615708,1,582750,1,0,0
1689,33612752,23353,0,0,0,0,0,0,0,0,0,0,0,0,531084,1,503042,1,0,0
1690,34734292,23289,0,0,0,0,0,0,0,0,0,0,0,0,553125,1,513458,1,0,0
1691,37119708,23289,0,0,0,0,0,0,0,0,0,0,0,0,1296625,1,1242375,1,0,0
1692,36214708,23441,0,0,0,0,0,0,0,0,0,0,0,0,820667,1,785167,1,0,0
1693,35244876,23341,0,0,0,0,0,0,0,0,0,0,0,0,551125,1,516292,1,0,0
1694,35826376,23289,0,0,0,0,0,0,0,0,0,0,0,0,564458,1,535667,1,0,0
1695,37942248,23353,0,0,0,0,0,0,0,0,0,0,0,0,583875,1,553625,1,0,0
1696,38078876,23289,0,0,0,0,0,0,0,0,0,0,0,0,561208,1,526042,1,0,0
1697,41936248,23377,0,0,0,0,0,0,0,0,0,0,0,0,635917,1,591583,1,0,0
1698,45488000,23917,0,0,0,0,0,0,0,0,0,0,0,0,686000,1,650708,1,0,0
1699,50662876,23557,0,0,0,0,0,0,0,0,0,0,0,0,718083,1,674958,1,0,0
1700,53496708,23289,0,0,0,0,0,0,0,0,0,0,0,0,1183666,1,1126209,1,0,0
1701,72298456,23441,0,0,0,0,0,0,0,0,0,0,0,0,1022167,1,967584,1,0,0
1702,69705960,23289,0,0,0,0,0,0,0,0,0,0,0,0,989834,1,926542,1,0,0
1703,68380752,23405,0,0,0,0,0,0,0,0,0,0,0,0,1071666,1,1002083,1,0,0
1704,65553332,23377,0,0,0,0,0,0,0,0,0,0,0,0,964458,1,911708,1,0,0
1705,55795168,23353,0,0,0,0,0,0,0,0,0,0,0,0,914083,1,774542,1,0,0
1706,57046168,23853,0,0,0,0,0,0,0,0,0,0,0,0,1117959,1,1061292,1,0,0
1707,54608832,23709,0,0,0,0,0,0,0,0,0,0,0,0,826833,1,783625,1,0,0
1708,50726332,23289,0,0,0,0,0,0,0,0,0,0,0,0,767708,1,717416,1,0,0
1709,53497792,23353,0,0,0,0,0,0,0,0,0,0,0,0,1304917,1,1248708,1,0,0
1710,48473916,23377,0,0,0,0,0,0,0,0,0,0,0,0,1188500,1,1150125,1,0,0
1711,53635752,23405,0,0,0,0,0,0,0,0,0,0,0,0,892042,1,847666,1,0,0
1712,55970960,23289,0,0,0,0,0,0,0,0,0,0,0,0,777875,1,732917,1,0,0
1713,54162500,23441,0,0,0,0,0,0,0,0,0,0,0,0,767375,1,725541,1,0,0
1714,54258416,23289,0,0,0,0,0,0,0,0,0,0,0,0,762709,1,714250,1,0,0
1715,56668624,23969,0,0,0,0,0,0,0,0,0,0,0,0,805709,1,760375,1,0,0
1716,55136668,23593,0,0,0,0,0,0,0,0,0,0,0,0,801458,1,759166,1,0,0
1717,54039124,23353,0,0,0,0,0,0,0,0,0,0,0,0,853000,1,794292,1,0,0
1718,58889124,23289,0,0,0,0,0,0,0,0,0,0,0,0,974959,1,914958,1,0,0
1719,50800124,23493,0,0,0,0,0,0,0,0,0,0,0,0,771917,1,729417,1,0,0
1720,44014208,23289,0,0,0,0,0,0,0,0,0,0,0,0,709167,1,666708,1,0,0
1721,40362876,23289,0,0,0,0,0,0,0,0,0,0,0,0,667750,1,632584,1,0,0
1722,38293292,23353,0,0,0,0,0,0,0,0,0,0,0,0,612291,1,581083,1,0,0
1723,36802292,23377,0,0,0,0,0,0,0,0,0,0,0,0,654958,1,618916,1,0,0
1724,33669500,23341,0,0,0,0,0,0,0,0,0,0,0,0,650750,1,612416,1,0,0
1725,33971792,23353,0,0,0,0,0,0,0,0,0,0,0,0,575459,1,545750,1,0,0
1726,33689500,23289,0,0,0,0,0,0,0,0,0,0,0,0,567250,1,528750,1,0,0
1727,33387000,23853,0,0,0,0,0,0,0,0,0,0,0,0,575542,1,546333,1,0,0
1728,33653664,23657,0,0,0,0,0,0,0,0,0,0,0,0,574083,1,542667,1,0,0
1729,33440208,23289,0,0,0,0,0,0,0,0,0,0,0,0,532583,1,500541,1,0,0
1730,33375958,23341,0,0,0,0,0,0,0,0,0,0,0,0,579291,1,551125,1,0,0
1731,37839752,23353,0,0,0,0,0,0,0,0,0,0,0,0,689625,1,651375,1,0,0
1732,38012416,23289,0,0,0,0,0,0,0,0,0,0,0,0,567167,1,529458,1,0,0
1733,35998000,23377,0,0,0,0,0,0,0,0,0,0,0,0,537500,1,506709,1,0,0
1734,37549960,23353,0,0,0,0,0,0,0,0,0,0,0,0,865750,1,834417,1,0,0
1735,38914624,23289,0,0,0,0,0,0,0,0,0,0,0,0,552958,1,517625,1,0,0
1736,35061792,23341,0,0,0,0,0,0,0,0,0,0,0,0,537083,1,507417,1,0,0
1737,37622876,23353,0,0,0,0,0,0,0,0,0,0,0,0,730667,1,666875,1,0,0
1738,36041960,23377,0,0,0,0,0,0,0,0,0,0,0,0,561084,1,513958,1,0,0
1739,37807584,23289,0,0,0,0,0,0,0,0,0,0,0,0,1093958,1,1020000,1,0,0
1740,44613584,23353,0,0,0,0,0,0,0,0,0,0,0,0,756125,1,719208,1,0,0
1741,50440208,23853,0,0,0,0,0,0,0,0,0,0,0,0,703209,1,656042,1,0,0
1742,63010876,23645,0,0,0,0,0,0,0,0,0,0,0,0,912958,1,869584,1,0,0
1743,71949296,23353,0,0,0,0,0,0,0,0,0,0,0,0,1286584,1,1213209,1,0,0
1744,68421960,23289,0,0,0,0,0,0,0,0,0,0,0,0,1706417,1,1610750,1,0,0
1745,65730544,23493,0,0,0,0,0,0,0,0,0,0,0,0,1108166,1,1015125,1,0,0
1746,62542456,23289,0,0,0,0,0,0,0,0,0,0,0,0,912667,1,860541,1,0,0
1747,57955084,23353,0,0,0,0,0,0,0,0,0,0,0,0,1369708,1,1263125,1,0,0
1748,52119168,23377,0,0,0,0,0,0,0,0,0,0,0,0,976292,1,929417,1,0,0
1749,47898752,23969,0,0,0,0,0,0,0,0,0,0,0,0,694084,1,658209,1,0,0
1750,47841544,23505,0,0,0,0,0,0,0,0,0,0,0,0,692041,1,642000,1,0,0
1751,45043792,23289,0,0,0,0,0,0,0,0,0,0,0,0,689667,1,653792,1,0,0
1752,56539332,23441,0,0,0,0,0,0,0,0,0,0,0,0,971625,1,914416,1,0,0
1753,50269332,23289,0,0,0,0,0,0,0,0,0,0,0,0,670209,1,630041,1,0,0
1754,52698336,23405,0,0,0,0,0,0,0,0,0,0,0,0,756917,1,704791,1,0,0
1755,55424000,23377,0,0,0,0,0,0,0,0,0,0,0,0,753792,1,711042,1,0,0
1756,57020168,23353,0,0,0,0,0,0,0,0,0,0,0,0,1139625,1,1064250,1,0,0
1757,55343544,23289,0,0,0,0,0,0,0,0,0,0,0,0,791084,1,745000,1,0,0
1758,55626500,24057,0,0,0,0,0,0,0,0,0,0,0,0,775959,1,732833,1,0,0
1759,55505416,23505,0,0,0,0,0,0,0,0,0,0,0,0,1239791,1,1168167,1,0,0
1760,54712040,23353,0,0,0,0,0,0,0,0,0,0,0,0,966542,1,899125,1,0,0
1761,55101792,23377,0,0,0,0,0,0,0,0,0,0,0,0,825791,1,773209,1,0,0
1762,43950084,23405,0,0,0,0,0,0,0,0,0,0,0,0,723875,1,673959,1,0,0
1763,44150124,23289,0,0,0,0,0,0,0,0,0,0,0,0,698291,1,661917,1,0,0
1764,39531708,23289,0,0,0,0,0,0,0,0,0,0,0,0,654459,1,616917,1,0,0
1765,38194708,23441,0,0,0,0,0,0,0,0,0,0,0,0,604583,1,562000,1,0,0
1766,37564668,23289,0,0,0,0,0,0,0,0,0,0,0,0,614167,1,582334,1,0,0
1767,33171042,23341,0,0,0,0,0,0,0,0,0,0,0,0,554250,1,525750,1,0,0
1768,33551876,23353,0,0,0,0,0,0,0,0,0,0,0,0,658250,1,621083,1,0,0
1769,33300458,23289,0,0,0,0,0,0,0,0,0,0,0,0,567583,1,536208,1,0,0
1770,33456292,23941,0,0,0,0,0,0,0,0,0,0,0,0,568250,1,534667,1,0,0
1771,33167460,23569,0,0,0,0,0,0,0,0,0,0,0,0,543708,1,507500,1,0,0
1772,33431084,23289,0,0,0,0,0,0,0,0,0,0,0,0,582875,1,554333,1,0,0
1773,33457416,23341,0,0,0,0,0,0,0,0,0,0,0,0,574042,1,544583,1,0,0
1774,37661208,23353,0,0,0,0,0,0,0,0,0,0,0,0,658084,1,618083,1,0,0
1775,33528208,23377,0,0,0,0,0,0,0,0,0,0,0,0,551708,1,524000,1,0,0
1776,31528416,23289,0,0,0,0,0,0,0,0,0,0,0,0,550667,1,522833,1,0,0
1777,30451168,23353,0,0,0,0,0,0,0,0,0,0,0,0,520125,1,489833,1,0,0
1778,30510000,23289,0,0,0,0,0,0,0,0,0,0,0,0,538125,1,509833,1,0,0
1779,30246376,23289,0,0,0,0,0,0,0,0,0,0,0,0,538500,1,510833,1,0,0
1780,30292832,23429,0,0,0,0,0,0,0,0,0,0,0,0,526375,1,481542,1,0,0
1781,30318832,23353,0,0,0,0,0,0,0,0,0,0,0,0,534833,1,507125,1,0,0
1782,34433832,23289,0,0,0,0,0,0,0,0,0,0,0,0,582791,1,553584,1,0,0
1783,37324624,23289,0,0,0,0,0,0,0,0,0,0,0,0,1131541,1,1071917,1,0,0
1784,36453584,23353,0,0,0,0,0,0,0,0,0,0,0,0,581791,1,552208,1,0,0
1785,35582124,23941,0,0,0,0,0,0,0,0,0,0,0,0,588417,1,559125,1,0,0
1786,38419124,23557,0,0,0,0,0,0,0,0,0,0,0,0,1145167,1,1091416,1,0,0
1787,38637832,23353,0,0,0,0,0,0,0,0,0,0,0,0,621500,1,574500,1,0,0
1788,39479124,23289,0,0,0,0,0,0,0,0,0,0,0,0,855750,1,812000,1,0,0
1789,49698460,23377,0,0,0,0,0,0,0,0,0,0,0,0,1055542,1,991833,1,0,0
1790,60268040,23353,0,0,0,0,0,0,0,0,0,0,0,0,1214625,1,1158125,1,0,0
1791,66874416,23341,0,0,0,0,0,0,0,0,0,0,0,0,1061166,1,1003625,1,0,0
1792,66180960,23441,0,0,0,0,0,0,0,0,0,0,0,0,946958,1,885458,1,0,0
1793,70357832,23289,0,0,0,0,0,0,0,0,0,0,0,0,1028416,1,969959,1,0,0
1794,66592332,23969,0,0,0,0,0,0,0,0,0,0,0,0,996083,1,932917,1,0,0
1795,61589668,23593,0,0,0,0,0,0,0,0,0,0,0,0,994417,1,930375,1,0,0
1796,54970124,23353,0,0,0,0,0,0,0,0,0,0,0,0,873125,1,800209,1,0,0
1797,49413040,23289,0,0,0,0,0,0,0,0,0,0,0,0,1315542,1,1272250,1,0,0
1798,46213668,23493,0,0,0,0,0,0,0,0,0,0,0,0,720958,1,662542,1,0,0
1799,47270544,23289,0,0,0,0,0,0,0,0,0,0,0,0,667750,1,631209,1,0,0
1800,44649668,23289,0,0,0,0,0,0,0,0,0,0,0,0,703917,1,668583,1,0,0
1801,2183708,0,0,0,0,0,0,0,0,0,0,0,0,0,0,0,0,0,0,0
