frame_index,frame_time_ns,gc_alloc_bytes,tnd_bench_t1_hover_ns,tnd_bench_t1_hover_calls,tnd_bench_t1_reclassify_ns,tnd_bench_t1_reclassify_calls,tnd_bench_t1_hoveredborder_ns,tnd_bench_t1_hoveredborder_calls,tnd_bench_t1_hoveredborderrebuild_ns,tnd_bench_t1_hoveredborderrebuild_calls,tnd_bench_t1_modeenter_ns,tnd_bench_t1_modeenter_calls,tnd_bench_t1_conquerui_ns,tnd_bench_t1_conquerui_calls,tnd_bench_s0_hover_ns,tnd_bench_s0_hover_calls,tnd_bench_s0_rebuild_ns,tnd_bench_s0_rebuild_calls,conquestmodecontroller_update_ns,conquestmodecontroller_update_calls
0,62392876,103627,0,0,0,0,0,0,0,0,0,0,0,0,860916,1,816375,1,0,0
1,66159708,23441,0,0,0,0,0,0,0,0,0,0,0,0,1187750,1,1117958,1,0,0
2,67347296,23289,0,0,0,0,0,0,0,0,0,0,0,0,1209500,1,1126625,1,0,0
3,88953960,209153,0,0,0,0,0,0,0,0,0,0,0,0,1141250,1,1050334,1,0,0
4,68520288,23593,0,0,0,0,0,0,0,0,0,0,0,0,1094208,1,1024292,1,0,0
5,67146920,23353,0,0,0,0,0,0,0,0,0,0,0,0,1057542,1,992791,1,0,0
6,58968708,23341,0,0,0,0,0,0,0,0,0,0,0,0,1322917,1,1268667,1,0,0
7,55287084,23441,0,0,0,0,0,0,0,0,0,0,0,0,1131375,1,1074834,1,0,0
8,45078124,23289,0,0,0,0,0,0,0,0,0,0,0,0,781583,1,731375,1,0,0
9,46189124,23353,0,0,0,0,0,0,0,0,0,0,0,0,880459,1,821666,1,0,0
10,46708416,23341,0,0,0,0,0,0,0,0,0,0,0,0,801000,1,758375,1,0,0
11,48809544,23377,0,0,0,0,0,0,0,0,0,0,0,0,828458,1,791125,1,0,0
12,44739752,23917,0,0,0,0,0,0,0,0,0,0,0,0,756416,1,714083,1,0,0
13,44541416,23505,0,0,0,0,0,0,0,0,0,0,0,0,741625,1,705916,1,0,0
14,45252208,23289,0,0,0,0,0,0,0,0,0,0,0,0,752250,1,716500,1,0,0
15,46334332,23493,0,0,0,0,0,0,0,0,0,0,0,0,718042,1,677959,1,0,0
16,45240084,23289,0,0,0,0,0,0,0,0,0,0,0,0,712166,1,676000,1,0,0
17,45984456,23289,0,0,0,0,0,0,0,0,0,0,0,0,878167,1,840916,1,0,0
18,46742292,23353,0,0,0,0,0,0,0,0,0,0,0,0,754125,1,714000,1,0,0
19,50012332,23377,0,0,0,0,0,0,0,0,0,0,0,0,724875,1,688208,1,0,0
20,54083752,23341,0,0,0,0,0,0,0,0,0,0,0,0,806125,1,765125,1,0,0
21,57618124,23353,0,0,0,0,0,0,0,0,0,0,0,0,902167,1,848541,1,0,0
22,52794668,23941,0,0,0,0,0,0,0,0,0,0,0,0,874000,1,830542,1,0,0
23,64204916,23569,0,0,0,0,0,0,0,0,0,0,0,0,1009292,1,956208,1,0,0
24,64478416,23341,0,0,0,0,0,0,0,0,0,0,0,0,1013167,1,946375,1,0,0
25,54372332,23441,0,0,0,0,0,0,0,0,0,0,0,0,915959,1,857583,1,0,0
26,50316084,23289,0,0,0,0,0,0,0,0,0,0,0,0,880417,1,837583,1,0,0
27,43604960,23353,0,0,0,0,0,0,0,0,0,0,0,0,733792,1,689458,1,0,0
28,41621500,23341,0,0,0,0,0,0,0,0,0,0,0,0,743916,1,709292,1,0,0
29,38446832,23377,0,0,0,0,0,0,0,0,0,0,0,0,673625,1,642708,1,0,0
30,38966544,23353,0,0,0,0,0,0,0,0,0,0,0,0,724167,1,680459,1,0,0
31,41216084,23289,0,0,0,0,0,0,0,0,0,0,0,0,740791,1,707458,1,0,0
32,37814124,23289,0,0,0,0,0,0,0,0,0,0,0,0,651875,1,620625,1,0,0
33,38598832,24005,0,0,0,0,0,0,0,0,0,0,0,0,724084,1,672500,1,0,0
34,41762248,23557,0,0,0,0,0,0,0,0,0,0,0,0,684959,1,649625,1,0,0
35,37411960,23289,0,0,0,0,0,0,0,0,0,0,0,0,659792,1,628875,1,0,0
36,38155040,23353,0,0,0,0,0,0,0,0,0,0,0,0,642791,1,606833,1,0,0
37,36188664,23377,0,0,0,0,0,0,0,0,0,0,0,0,646666,1,616334,1,0,0
38,33416792,23289,0,0,0,0,0,0,0,0,0,0,0,0,597417,1,567000,1,0,0
39,33591500,23353,0,0,0,0,0,0,0,0,0,0,0,0,600166,1,565250,1,0,0
40,34801832,23341,0,0,0,0,0,0,0,0,0,0,0,0,612792,1,581291,1,0,0
41,36136832,23289,0,0,0,0,0,0,0,0,0,0,0,0,601708,1,573708,1,0,0
42,37075960,23441,0,0,0,0,0,0,0,0,0,0,0,0,1088958,1,1041167,1,0,0
43,35696708,23289,0,0,0,0,0,0,0,0,0,0,0,0,698959,1,669833,1,0,0
44,36896208,23289,0,0,0,0,0,0,0,0,0,0,0,0,692333,1,662750,1,0,0
45,46182708,23353,0,0,0,0,0,0,0,0,0,0,0,0,666875,1,612917,1,0,0
46,43893332,23993,0,0,0,0,0,0,0,0,0,0,0,0,735750,1,703542,1,0,0
47,52414332,23505,0,0,0,0,0,0,0,0,0,0,0,0,1008583,1,972625,1,0,0
48,63573668,23353,0,0,0,0,0,0,0,0,0,0,0,0,987834,1,938916,1,0,0
49,69026624,23377,0,0,0,0,0,0,0,0,0,0,0,0,984792,1,932875,1,0,0
50,68433504,23405,0,0,0,0,0,0,0,0,0,0,0,0,984333,1,931042,1,0,0
51,73948168,23289,0,0,0,0,0,0,0,0,0,0,0,0,1109416,1,1047375,1,0,0
52,68969504,23441,0,0,0,0,0,0,0,0,0,0,0,0,1086167,1,1033375,1,0,0
53,73619712,23341,0,0,0,0,0,0,0,0,0,0,0,0,1515041,1,1457333,1,0,0
54,63152752,23917,0,0,0,0,0,0,0,0,0,0,0,0,1108042,1,1034833,1,0,0
55,54904332,23593,0,0,0,0,0,0,0,0,0,0,0,0,922500,1,876291,1,0,0
56,56504624,23353,0,0,0,0,0,0,0,0,0,0,0,0,950333,1,902792,1,0,0
57,54958332,23341,0,0,0,0,0,0,0,0,0,0,0,0,866000,1,816083,1,0,0
58,61009752,23441,0,0,0,0,0,0,0,0,0,0,0,0,929500,1,884458,1,0,0
59,64902208,23289,0,0,0,0,0,0,0,0,0,0,0,0,1012375,1,950458,1,0,0
60,56884416,23353,0,0,0,0,0,0,0,0,0,0,0,0,1082166,1,1019250,1,0,0
61,56603084,23429,0,0,0,0,0,0,0,0,0,0,0,0,1167042,1,1113125,1,0,0
62,54444792,23917,0,0,0,0,0,0,0,0,0,0,0,0,842542,1,799375,1,0,0
63,53541040,23505,0,0,0,0,0,0,0,0,0,0,0,0,843209,1,791042,1,0,0
64,52641960,23441,0,0,0,0,0,0,0,0,0,0,0,0,864750,1,819041,1,0,0
65,45664708,23341,0,0,0,0,0,0,0,0,0,0,0,0,727125,1,692292,1,0,0
66,45191752,23289,0,0,0,0,0,0,0,0,0,0,0,0,720125,1,674666,1,0,0
67,44691292,23353,0,0,0,0,0,0,0,0,0,0,0,0,733167,1,697667,1,0,0
68,44642124,23377,0,0,0,0,0,0,0,0,0,0,0,0,1264042,1,1215041,1,0,0
69,43577916,23289,0,0,0,0,0,0,0,0,0,0,0,0,743542,1,695083,1,0,0
70,38155664,23405,0,0,0,0,0,0,0,0,0,0,0,0,659417,1,622792,1,0,0
71,37937792,23289,0,0,0,0,0,0,0,0,0,0,0,0,670375,1,639750,1,0,0
72,41618416,23377,0,0,0,0,0,0,0,0,0,0,0,0,771792,1,734792,1,0,0
73,37093584,23353,0,0,0,0,0,0,0,0,0,0,0,0,675042,1,642958,1,0,0
74,34121544,23853,0,0,0,0,0,0,0,0,0,0,0,0,596625,1,569791,1,0,0
75,34084000,23505,0,0,0,0,0,0,0,0,0,0,0,0,609500,1,577584,1,0,0
76,34290248,23405,0,0,0,0,0,0,0,0,0,0,0,0,598625,1,570250,1,0,0
77,33886792,23377,0,0,0,0,0,0,0,0,0,0,0,0,597833,1,569875,1,0,0
78,33729540,23289,0,0,0,0,0,0,0,0,0,0,0,0,634083,1,601417,1,0,0
79,33792040,23353,0,0,0,0,0,0,0,0,0,0,0,0,623167,1,594917,1,0,0
80,33609876,23289,0,0,0,0,0,0,0,0,0,0,0,0,595458,1,567875,1,0,0
81,33713584,23289,0,0,0,0,0,0,0,0,0,0,0,0,607000,1,571000,1,0,0
82,33403916,23493,0,0,0,0,0,0,0,0,0,0,0,0,620875,1,592958,1,0,0
83,33577584,23289,0,0,0,0,0,0,0,0,0,0,0,0,620125,1,592959,1,0,0
84,33535960,23289,0,0,0,0,0,0,0,0,0,0,0,0,631042,1,596875,1,0,0
85,33526708,23353,0,0,0,0,0,0,0,0,0,0,0,0,590167,1,562625,1,0,0
86,35986292,23289,0,0,0,0,0,0,0,0,0,0,0,0,872333,1,836750,1,0,0
87,33240332,23377,0,0,0,0,0,0,0,0,0,0,0,0,730625,1,692791,1,0,0
88,33383792,23405,0,0,0,0,0,0,0,0,0,0,0,0,591625,1,563708,1,0,0
89,33337166,23853,0,0,0,0,0,0,0,0,0,0,0,0,624042,1,594583,1,0,0
90,33886584,23505,0,0,0,0,0,0,0,0,0,0,0,0,598917,1,565917,1,0,0
91,33502876,23353,0,0,0,0,0,0,0,0,0,0,0,0,589166,1,560375,1,0,0
92,33613456,23377,0,0,0,0,0,0,0,0,0,0,0,0,601625,1,573500,1,0,0
93,33193042,23289,0,0,0,0,0,0,0,0,0,0,0,0,625125,1,590417,1,0,0
94,33362668,23405,0,0,0,0,0,0,0,0,0,0,0,0,621959,1,593417,1,0,0
95,33580376,23289,0,0,0,0,0,0,0,0,0,0,0,0,587583,1,559083,1,0,0
96,34096752,23289,0,0,0,0,0,0,0,0,0,0,0,0,629583,1,594166,1,0,0
97,36267332,23441,0,0,0,0,0,0,0,0,0,0,0,0,611875,1,582459,1,0,0
98,37393376,23289,0,0,0,0,0,0,0,0,0,0,0,0,775125,1,743208,1,0,0
99,38633500,23289,0,0,0,0,0,0,0,0,0,0,0,0,678167,1,641250,1,0,0
100,39278416,23405,0,0,0,0,0,0,0,0,0,0,0,0,914334,1,886625,1,0,0
101,38032124,23377,0,0,0,0,0,0,0,0,0,0,0,0,683708,1,653167,1,0,0
102,37835124,23289,0,0,0,0,0,0,0,0,0,0,0,0,764958,1,722458,1,0,0
103,45281624,34959,0,0,0,0,0,0,0,0,0,0,0,0,656416,1,625042,1,0,0
104,57830960,23505,0,0,0,0,0,0,0,0,0,0,0,0,937375,1,878333,1,0,0
105,67173456,23493,0,0,0,0,0,0,0,0,0,0,0,0,1013500,1,948625,1,0,0
106,68056624,23289,0,0,0,0,0,0,0,0,0,0,0,0,1157416,1,1106083,1,0,0
107,76309248,23353,0,0,0,0,0,0,0,0,0,0,0,0,1074959,1,1023500,1,0,0
108,67840664,23429,0,0,0,0,0,0,0,0,0,0,0,0,1050833,1,967500,1,0,0
109,68421584,23353,0,0,0,0,0,0,0,0,0,0,0,0,1086834,1,1033083,1,0,0
110,61137208,23853,0,0,0,0,0,0,0,0,0,0,0,0,948000,1,901250,1,0,0
111,54950624,23657,0,0,0,0,0,0,0,0,0,0,0,0,868583,1,814708,1,0,0
112,49955792,23341,0,0,0,0,0,0,0,0,0,0,0,0,867000,1,821250,1,0,0
113,48668584,23353,0,0,0,0,0,0,0,0,0,0,0,0,731083,1,693584,1,0,0
114,49667792,23377,0,0,0,0,0,0,0,0,0,0,0,0,724833,1,679708,1,0,0
115,49731208,23289,0,0,0,0,0,0,0,0,0,0,0,0,710709,1,673792,1,0,0
116,46699416,23353,0,0,0,0,0,0,0,0,0,0,0,0,711667,1,674125,1,0,0
117,45450584,23341,0,0,0,0,0,0,0,0,0,0,0,0,733834,1,692875,1,0,0
118,45632792,23377,0,0,0,0,0,0,0,0,0,0,0,0,834875,1,790375,1,0,0
119,50197332,23353,0,0,0,0,0,0,0,0,0,0,0,0,832209,1,772166,1,0,0
120,45705040,23289,0,0,0,0,0,0,0,0,0,0,0,0,976791,1,927042,1,0,0
121,45638832,23853,0,0,0,0,0,0,0,0,0,0,0,0,726583,1,688958,1,0,0
122,44862332,23709,0,0,0,0,0,0,0,0,0,0,0,0,721291,1,684375,1,0,0
123,45557540,23289,0,0,0,0,0,0,0,0,0,0,0,0,736875,1,694208,1,0,0
124,45881544,23289,0,0,0,0,0,0,0,0,0,0,0,0,740334,1,704791,1,0,0
125,45404500,23353,0,0,0,0,0,0,0,0,0,0,0,0,742750,1,704916,1,0,0
126,44676000,23377,0,0,0,0,0,0,0,0,0,0,0,0,730833,1,682875,1,0,0
127,45185124,23341,0,0,0,0,0,0,0,0,0,0,0,0,1001458,1,965750,1,0,0
128,45441960,23353,0,0,0,0,0,0,0,0,0,0,0,0,746458,1,711250,1,0,0
129,43136708,23289,0,0,0,0,0,0,0,0,0,0,0,0,656584,1,618458,1,0,0
130,43993000,23377,0,0,0,0,0,0,0,0,0,0,0,0,699208,1,666750,1,0,0
131,40809752,23353,0,0,0,0,0,0,0,0,0,0,0,0,711209,1,676167,1,0,0
132,38325960,23905,0,0,0,0,0,0,0,0,0,0,0,0,660417,1,622709,1,0,0
133,37533752,23505,0,0,0,0,0,0,0,0,0,0,0,0,649875,1,615500,1,0,0
134,37535752,23441,0,0,0,0,0,0,0,0,0,0,0,0,652792,1,621209,1,0,0
135,37365460,23289,0,0,0,0,0,0,0,0,0,0,0,0,683708,1,647334,1,0,0
136,33396124,23289,0,0,0,0,0,0,0,0,0,0,0,0,616916,1,588917,1,0,0
137,34161248,23353,0,0,0,0,0,0,0,0,0,0,0,0,597916,1,566375,1,0,0
138,36308208,23341,0,0,0,0,0,0,0,0,0,0,0,0,612542,1,579000,1,0,0
139,36985416,23377,0,0,0,0,0,0,0,0,0,0,0,0,925125,1,896292,1,0,0
140,38470208,23353,0,0,0,0,0,0,0,0,0,0,0,0,629958,1,600791,1,0,0
141,40957292,23289,0,0,0,0,0,0,0,0,0,0,0,0,698459,1,660584,1,0,0
142,42297752,23289,0,0,0,0,0,0,0,0,0,0,0,0,776375,1,743291,1,0,0
143,50604624,23441,0,0,0,0,0,0,0,0,0,0,0,0,961584,1,923125,1,0,0
144,53877000,23341,0,0,0,0,0,0,0,0,0,0,0,0,1249167,1,1189250,1,0,0
145,63246000,24133,0,0,0,0,0,0,0,0,0,0,0,0,936458,1,890000,1,0,0
146,68061456,23377,0,0,0,0,0,0,0,0,0,0,0,0,1474875,1,1418292,1,0,0
147,67510960,23353,0,0,0,0,0,0,0,0,0,0,0,0,1055500,1,993000,1,0,0
148,69132288,23341,0,0,0,0,0,0,0,0,0,0,0,0,1365458,1,1312542,1,0,0
149,58900624,23441,0,0,0,0,0,0,0,0,0,0,0,0,1034708,1,982000,1,0,0
150,57306124,23289,0,0,0,0,0,0,0,0,0,0,0,0,915375,1,865916,1,0,0
151,62395248,23353,0,0,0,0,0,0,0,0,0,0,0,0,944583,1,897916,1,0,0
152,56169960,23993,0,0,0,0,0,0,0,0,0,0,0,0,1278166,1,1227000,1,0,0
153,62550624,23569,0,0,0,0,0,0,0,0,0,0,0,0,821500,1,771416,1,0,0
154,59903416,23289,0,0,0,0,0,0,0,0,0,0,0,0,1101584,1,1037334,1,0,0
155,54038248,23441,0,0,0,0,0,0,0,0,0,0,0,0,910541,1,866584,1,0,0
156,53838040,23341,0,0,0,0,0,0,0,0,0,0,0,0,856500,1,806166,1,0,0
157,55367792,23353,0,0,0,0,0,0,0,0,0,0,0,0,856625,1,814000,1,0,0
158,55915248,23377,0,0,0,0,0,0,0,0,0,0,0,0,840541,1,798791,1,0,0
159,54704332,23353,0,0,0,0,0,0,0,0,0,0,0,0,1372709,1,1305000,1,0,0
160,58280000,23341,0,0,0,0,0,0,0,0,0,0,0,0,955625,1,912000,1,0,0
161,66989792,24005,0,0,0,0,0,0,0,0,0,0,0,0,1020458,1,968541,1,0,0
162,65244248,23505,0,0,0,0,0,0,0,0,0,0,0,0,1064209,1,1004583,1,0,0
163,52686708,23353,0,0,0,0,0,0,0,0,0,0,0,0,863041,1,820333,1,0,0
164,49202168,23429,0,0,0,0,0,0,0,0,0,0,0,0,860084,1,818667,1,0,0
165,41646876,23353,0,0,0,0,0,0,0,0,0,0,0,0,756125,1,712000,1,0,0
166,37738668,23289,0,0,0,0,0,0,0,0,0,0,0,0,672583,1,639167,1,0,0
167,34045544,23289,0,0,0,0,0,0,0,0,0,0,0,0,618417,1,574208,1,0,0
168,33920168,23441,0,0,0,0,0,0,0,0,0,0,0,0,600291,1,565625,1,0,0
169,34574916,23289,0,0,0,0,0,0,0,0,0,0,0,0,650542,1,618334,1,0,0
170,36258624,23341,0,0,0,0,0,0,0,0,0,0,0,0,743709,1,713583,1,0,0
171,41339168,23353,0,0,0,0,0,0,0,0,0,0,0,0,910000,1,872833,1,0,0
172,37408248,23289,0,0,0,0,0,0,0,0,0,0,0,0,638792,1,610375,1,0,0
173,38486040,23941,0,0,0,0,0,0,0,0,0,0,0,0,886917,1,844375,1,0,0
174,38582208,23569,0,0,0,0,0,0,0,0,0,0,0,0,613875,1,580208,1,0,0
175,40186376,23289,0,0,0,0,0,0,0,0,0,0,0,0,611459,1,582417,1,0,0
176,43218792,23341,0,0,0,0,0,0,0,0,0,0,0,0,668042,1,636625,1,0,0
177,52212124,23441,0,0,0,0,0,0,0,0,0,0,0,0,919041,1,869750,1,0,0
178,61622376,23289,0,0,0,0,0,0,0,0,0,0,0,0,815375,1,773958,1,0,0
179,66076416,23353,0,0,0,0,0,0,0,0,0,0,0,0,1258709,1,1207125,1,0,0
180,67577544,23429,0,0,0,0,0,0,0,0,0,0,0,0,1261875,1,1183750,1,0,0
181,73516040,23353,0,0,0,0,0,0,0,0,0,0,0,0,1076917,1,1020167,1,0,0
182,66770208,23853,0,0,0,0,0,0,0,0,0,0,0,0,1186708,1,1132375,1,0,0
183,56276040,23709,0,0,0,0,0,0,0,0,0,0,0,0,892250,1,840250,1,0,0
184,55474376,23289,0,0,0,0,0,0,0,0,0,0,0,0,927125,1,879917,1,0,0
185,54184208,23353,0,0,0,0,0,0,0,0,0,0,0,0,873375,1,807458,1,0,0
186,45484084,23377,0,0,0,0,0,0,0,0,0,0,0,0,782375,1,733667,1,0,0
187,45304376,23341,0,0,0,0,0,0,0,0,0,0,0,0,948833,1,910458,1,0,0
188,46848752,23353,0,0,0,0,0,0,0,0,0,0,0,0,743667,1,708083,1,0,0
189,45457416,23289,0,0,0,0,0,0,0,0,0,0,0,0,752000,1,709875,1,0,0
190,48857664,23377,0,0,0,0,0,0,0,0,0,0,0,0,828084,1,788833,1,0,0
191,45402624,23353,0,0,0,0,0,0,0,0,0,0,0,0,1020875,1,976666,1,0,0
192,52730456,23905,0,0,0,0,0,0,0,0,0,0,0,0,861000,1,811542,1,0,0
193,52957668,23505,0,0,0,0,0,0,0,0,0,0,0,0,840500,1,797916,1,0,0
194,52574168,23441,0,0,0,0,0,0,0,0,0,0,0,0,829750,1,788292,1,0,0
195,54191876,23289,0,0,0,0,0,0,0,0,0,0,0,0,932042,1,876000,1,0,0
196,50619124,23405,0,0,0,0,0,0,0,0,0,0,0,0,738958,1,702833,1,0,0
197,48247376,23377,0,0,0,0,0,0,0,0,0,0,0,0,825208,1,783167,1,0,0
198,50986540,23289,0,0,0,0,0,0,0,0,0,0,0,0,766833,1,727625,1,0,0
199,48278832,23353,0,0,0,0,0,0,0,0,0,0,0,0,924875,1,885917,1,0,0
200,52361460,23289,0,0,0,0,0,0,0,0,0,0,0,0,1428667,1,1370542,1,0,0
201,44099752,23493,0,0,0,0,0,0,0,0,0,0,0,0,756333,1,715167,1,0,0
202,43307084,24103,0,0,0,0,0,0,0,0,0,0,0,0,731917,1,697000,1,0,0
203,42982708,23505,0,0,0,0,0,0,0,0,0,0,0,0,738417,1,703875,1,0,0
204,41699040,23353,0,0,0,0,0,0,0,0,0,0,0,0,673750,1,636875,1,0,0
205,40218168,23377,0,0,0,0,0,0,0,0,0,0,0,0,958000,1,924500,1,0,0
206,41131664,23341,0,0,0,0,0,0,0,0,0,0,0,0,647625,1,614208,1,0,0
207,39728500,23353,0,0,0,0,0,0,0,0,0,0,0,0,712958,1,673292,1,0,0
208,39658544,23289,0,0,0,0,0,0,0,0,0,0,0,0,650834,1,619417,1,0,0
209,45405664,23377,0,0,0,0,0,0,0,0,0,0,0,0,667084,1,629708,1,0,0
210,45624292,23353,0,0,0,0,0,0,0,0,0,0,0,0,726166,1,681000,1,0,0
211,45463124,23341,0,0,0,0,0,0,0,0,0,0,0,0,860959,1,820333,1,0,0
212,52294584,23289,0,0,0,0,0,0,0,0,0,0,0,0,894208,1,855458,1,0,0
213,55421416,24005,0,0,0,0,0,0,0,0,0,0,0,0,835625,1,779667,1,0,0
214,53070292,23738,0,0,0,0,0,0,0,0,0,0,0,0,830791,1,788875,1,0,0
215,56190332,23930,0,0,0,0,0,0,0,0,0,0,0,0,883458,1,842291,1,0,0
216,60403168,23377,0,0,0,0,0,0,0,0,0,0,0,0,1156708,1,1089458,1,0,0
217,66195832,23353,0,0,0,0,0,0,0,0,0,0,0,0,1001917,1,950167,1,0,0
218,59680248,23289,0,0,0,0,0,0,0,0,0,0,0,0,999500,1,947541,1,0,0
219,54937456,23493,0,0,0,0,0,0,0,0,0,0,0,0,895750,1,844500,1,0,0
220,56018584,23289,0,0,0,0,0,0,0,0,0,0,0,0,1710500,1,1630875,1,0,0
221,62342500,23353,0,0,0,0,0,0,0,0,0,0,0,0,1230875,1,1186000,1,0,0
222,56641916,23941,0,0,0,0,0,0,0,0,0,0,0,0,908709,1,842500,1,0,0
223,54865792,23621,0,0,0,0,0,0,0,0,0,0,0,0,1163500,1,1107625,1,0,0
224,55759584,23289,0,0,0,0,0,0,0,0,0,0,0,0,1019875,1,971542,1,0,0
225,55674832,23441,0,0,0,0,0,0,0,0,0,0,0,0,867750,1,822417,1,0,0
226,62255960,23289,0,0,0,0,0,0,0,0,0,0,0,0,1072792,1,1020167,1,0,0
227,59619792,23405,0,0,0,0,0,0,0,0,0,0,0,0,1112166,1,1060167,1,0,0
228,61494336,23377,0,0,0,0,0,0,0,0,0,0,0,0,1056000,1,992667,1,0,0
229,61073584,23353,0,0,0,0,0,0,0,0,0,0,0,0,948708,1,901709,1,0,0
230,57658876,23853,0,0,0,0,0,0,0,0,0,0,0,0,863792,1,821500,1,0,0
231,58829292,23709,0,0,0,0,0,0,0,0,0,0,0,0,1321792,1,1251333,1,0,0
232,52839248,23289,0,0,0,0,0,0,0,0,0,0,0,0,854458,1,803542,1,0,0
233,46687708,23353,0,0,0,0,0,0,0,0,0,0,0,0,854542,1,811875,1,0,0
234,41718376,23377,0,0,0,0,0,0,0,0,0,0,0,0,719375,1,680417,1,0,0
235,38560208,23341,0,0,0,0,0,0,0,0,0,0,0,0,650708,1,618458,1,0,0
236,34943916,23353,0,0,0,0,0,0,0,0,0,0,0,0,658834,1,618334,1,0,0
237,33878832,23289,0,0,0,0,0,0,0,0,0,0,0,0,593750,1,558917,1,0,0
238,33967664,23289,0,0,0,0,0,0,0,0,0,0,0,0,599750,1,571500,1,0,0
239,34129456,23441,0,0,0,0,0,0,0,0,0,0,0,0,593750,1,565334,1,0,0
240,37335040,23289,0,0,0,0,0,0,0,0,0,0,0,0,674000,1,639542,1,0,0
241,34064124,23341,0,0,0,0,0,0,0,0,0,0,0,0,604000,1,575958,1,0,0
242,33914544,23353,0,0,0,0,0,0,0,0,0,0,0,0,624250,1,591708,1,0,0
243,33704456,23853,0,0,0,0,0,0,0,0,0,0,0,0,611041,1,575667,1,0,0
244,33520208,23593,0,0,0,0,0,0,0,0,0,0,0,0,601916,1,571875,1,0,0
245,33359876,23353,0,0,0,0,0,0,0,0,0,0,0,0,591083,1,563625,1,0,0
246,33154916,23289,0,0,0,0,0,0,0,0,0,0,0,0,635250,1,602541,1,0,0
247,30356958,23341,0,0,0,0,0,0,0,0,0,0,0,0,559875,1,533709,1,0,0
248,30417042,23289,0,0,0,0,0,0,0,0,0,0,0,0,574125,1,548375,1,0,0
249,30308584,23441,0,0,0,0,0,0,0,0,0,0,0,0,556000,1,525875,1,0,0
250,31354460,23289,0,0,0,0,0,0,0,0,0,0,0,0,585291,1,559334,1,0,0
251,32931916,23289,0,0,0,0,0,0,0,0,0,0,0,0,580791,1,555250,1,0,0
252,32702958,23289,0,0,0,0,0,0,0,0,0,0,0,0,624708,1,587500,1,0,0
253,33186292,23353,0,0,0,0,0,0,0,0,0,0,0,0,620917,1,588459,1,0,0
254,33210250,23429,0,0,0,0,0,0,0,0,0,0,0,0,593083,1,565500,1,0,0
255,33725040,23289,0,0,0,0,0,0,0,0,0,0,0,0,660167,1,614208,1,0,0
256,36862168,23353,0,0,0,0,0,0,0,0,0,0,0,0,717125,1,684542,1,0,0
257,33038708,23289,0,0,0,0,0,0,0,0,0,0,0,0,594666,1,566875,1,0,0
258,33597752,23853,0,0,0,0,0,0,0,0,0,0,0,0,603042,1,570208,1,0,0
259,35342124,23657,0,0,0,0,0,0,0,0,0,0,0,0,794667,1,763667,1,0,0
260,39111416,23341,0,0,0,0,0,0,0,0,0,0,0,0,596375,1,568042,1,0,0
261,36220040,23289,0,0,0,0,0,0,0,0,0,0,0,0,608167,1,575416,1,0,0
262,36717124,23353,0,0,0,0,0,0,0,0,0,0,0,0,801375,1,772250,1,0,0
263,37232876,23289,0,0,0,0,0,0,0,0,0,0,0,0,858042,1,819042,1,0,0
264,37261456,23377,0,0,0,0,0,0,0,0,0,0,0,0,951625,1,910042,1,0,0
265,43247624,23353,0,0,0,0,0,0,0,0,0,0,0,0,807250,1,769458,1,0,0
266,49770084,23341,0,0,0,0,0,0,0,0,0,0,0,0,740208,1,705291,1,0,0
267,62353960,23289,0,0,0,0,0,0,0,0,0,0,0,0,875208,1,826666,1,0,0
268,74488624,23441,0,0,0,0,0,0,0,0,0,0,0,0,1068500,1,1011708,1,0,0
269,69644664,23853,0,0,0,0,0,0,0,0,0,0,0,0,1044667,1,990916,1,0,0
270,68442376,23621,0,0,0,0,0,0,0,0,0,0,0,0,1418000,1,1329000,1,0,0
271,66977376,23377,0,0,0,0,0,0,0,0,0,0,0,0,1057750,1,1003750,1,0,0
272,57703332,23353,0,0,0,0,0,0,0,0,0,0,0,0,1050709,1,996666,1,0,0
273,50978456,23289,0,0,0,0,0,0,0,0,0,0,0,0,870833,1,821250,1,0,0
274,44736460,23493,0,0,0,0,0,0,0,0,0,0,0,0,751292,1,716084,1,0,0
275,44249668,23289,0,0,0,0,0,0,0,0,0,0,0,0,1051333,1,1014417,1,0,0
276,39503000,23289,0,0,0,0,0,0,0,0,0,0,0,0,660167,1,621166,1,0,0
277,47128832,23353,0,0,0,0,0,0,0,0,0,0,0,0,762292,1,721292,1,0,0
278,45884668,26061,0,0,0,0,0,0,0,0,0,0,0,0,740625,1,705667,1,0,0
279,46196876,23557,0,0,0,0,0,0,0,0,0,0,0,0,720667,1,677166,1,0,0
280,43701544,23353,0,0,0,0,0,0,0,0,0,0,0,0,705709,1,670875,1,0,0
281,46200084,23289,0,0,0,0,0,0,0,0,0,0,0,0,1064667,1,1007417,1,0,0
282,46483292,23377,0,0,0,0,0,0,0,0,0,0,0,0,758250,1,712417,1,0,0
283,44805168,23353,0,0,0,0,0,0,0,0,0,0,0,0,709375,1,671875,1,0,0
284,51110376,23341,0,0,0,0,0,0,0,0,0,0,0,0,963625,1,927833,1,0,0
285,51871708,23289,0,0,0,0,0,0,0,0,0,0,0,0,1124958,1,1062375,1,0,0
286,56855124,23441,0,0,0,0,0,0,0,0,0,0,0,0,834375,1,787583,1,0,0
287,61372416,23289,0,0,0,0,0,0,0,0,0,0,0,0,1401167,1,1348958,1,0,0
288,55393336,23969,0,0,0,0,0,0,0,0,0,0,0,0,872375,1,823250,1,0,0
289,53214960,23593,0,0,0,0,0,0,0,0,0,0,0,0,975625,1,931583,1,0,0
290,51916876,23353,0,0,0,0,0,0,0,0,0,0,0,0,881416,1,828334,1,0,0
291,45267584,23289,0,0,0,0,0,0,0,0,0,0,0,0,851334,1,803000,1,0,0
292,42832960,23341,0,0,0,0,0,0,0,0,0,0,0,0,738750,1,703042,1,0,0
293,38182544,23441,0,0,0,0,0,0,0,0,0,0,0,0,685458,1,644750,1,0,0
294,36308000,23289,0,0,0,0,0,0,0,0,0,0,0,0,683333,1,643417,1,0,0
295,34341124,23289,0,0,0,0,0,0,0,0,0,0,0,0,646083,1,617958,1,0,0
296,36635416,23353,0,0,0,0,0,0,0,0,0,0,0,0,664250,1,633166,1,0,0
297,36259376,23289,0,0,0,0,0,0,0,0,0,0,0,0,760917,1,722500,1,0,0
298,39795792,23429,0,0,0,0,0,0,0,0,0,0,0,0,736583,1,685625,1,0,0
299,37220752,23353,0,0,0,0,0,0,0,0,0,0,0,0,613000,1,585459,1,0,0
300,37902332,23289,0,0,0,0,0,0,0,0,0,0,0,0,1209250,1,1163667,1,0,0
301,38184208,23853,0,0,0,0,0,0,0,0,0,0,0,0,651500,1,620416,1,0,0
302,41484168,23657,0,0,0,0,0,0,0,0,0,0,0,0,660791,1,626542,1,0,0
303,45472084,23289,0,0,0,0,0,0,0,0,0,0,0,0,1080167,1,1037875,1,0,0
304,51211292,23341,0,0,0,0,0,0,0,0,0,0,0,0,745333,1,711000,1,0,0
305,53453876,23353,0,0,0,0,0,0,0,0,0,0,0,0,866375,1,824791,1,0,0
306,54038544,23377,0,0,0,0,0,0,0,0,0,0,0,0,871625,1,811625,1,0,0
307,60794500,23353,0,0,0,0,0,0,0,0,0,0,0,0,818083,1,772166,1,0,0
308,65874664,23341,0,0,0,0,0,0,0,0,0,0,0,0,1251833,1,1187584,1,0,0
309,70559040,23441,0,0,0,0,0,0,0,0,0,0,0,0,1349417,1,1282708,1,0,0
310,53271040,23853,0,0,0,0,0,0,0,0,0,0,0,0,940333,1,888500,1,0,0
311,55943040,23569,0,0,0,0,0,0,0,0,0,0,0,0,975166,1,930541,1,0,0
312,53006752,23429,0,0,0,0,0,0,0,0,0,0,0,0,896875,1,846125,1,0,0
313,50016624,23353,0,0,0,0,0,0,0,0,0,0,0,0,1033959,1,976292,1,0,0
314,47254376,23289,0,0,0,0,0,0,0,0,0,0,0,0,736750,1,699291,1,0,0
315,48547124,23377,0,0,0,0,0,0,0,0,0,0,0,0,829208,1,779750,1,0,0
316,51721752,23353,0,0,0,0,0,0,0,0,0,0,0,0,835542,1,794041,1,0,0
317,54386376,23341,0,0,0,0,0,0,0,0,0,0,0,0,839417,1,795209,1,0,0
318,61462376,23441,0,0,0,0,0,0,0,0,0,0,0,0,1064291,1,997500,1,0,0
319,55521832,23853,0,0,0,0,0,0,0,0,0,0,0,0,833166,1,792083,1,0,0
320,55745500,23569,0,0,0,0,0,0,0,0,0,0,0,0,977541,1,934875,1,0,0
321,68269872,23429,0,0,0,0,0,0,0,0,0,0,0,0,1216958,1,1142791,1,0,0
322,67084084,23353,0,0,0,0,0,0,0,0,0,0,0,0,1019792,1,967500,1,0,0
323,68880288,23289,0,0,0,0,0,0,0,0,0,0,0,0,1056041,1,1003500,1,0,0
324,71069080,23493,0,0,0,0,0,0,0,0,0,0,0,0,1152417,1,1082708,1,0,0
325,68150128,23289,0,0,0,0,0,0,0,0,0,0,0,0,1495834,1,1436125,1,0,0
326,64392332,23353,0,0,0,0,0,0,0,0,0,0,0,0,1238334,1,1164041,1,0,0
327,52812292,23993,0,0,0,0,0,0,0,0,0,0,0,0,926625,1,875958,1,0,0
328,46334876,23569,0,0,0,0,0,0,0,0,0,0,0,0,882875,1,839500,1,0,0
329,38891916,23289,0,0,0,0,0,0,0,0,0,0,0,0,722875,1,687125,1,0,0
330,37392248,23289,0,0,0,0,0,0,0,0,0,0,0,0,680667,1,643709,1,0,0
331,33914332,23441,0,0,0,0,0,0,0,0,0,0,0,0,618125,1,589667,1,0,0
332,34052916,23341,0,0,0,0,0,0,0,0,0,0,0,0,653708,1,625292,1,0,0
333,33932336,23289,0,0,0,0,0,0,0,0,0,0,0,0,637208,1,595000,1,0,0
334,34023084,23353,0,0,0,0,0,0,0,0,0,0,0,0,623625,1,592583,1,0,0
335,34349168,23289,0,0,0,0,0,0,0,0,0,0,0,0,599542,1,571084,1,0,0
336,33783832,23377,0,0,0,0,0,0,0,0,0,0,0,0,608417,1,574166,1,0,0
337,33658832,23353,0,0,0,0,0,0,0,0,0,0,0,0,595084,1,567000,1,0,0
338,34925168,23341,0,0,0,0,0,0,0,0,0,0,0,0,715208,1,685917,1,0,0
339,30424958,23289,0,0,0,0,0,0,0,0,0,0,0,0,562208,1,531250,1,0,0
340,30716624,23289,0,0,0,0,0,0,0,0,0,0,0,0,559584,1,527834,1,0,0
341,29981332,24005,0,0,0,0,0,0,0,0,0,0,0,0,551958,1,525375,1,0,0
342,30299124,23505,0,0,0,0,0,0,0,0,0,0,0,0,567625,1,531667,1,0,0
343,30667376,23289,0,0,0,0,0,0,0,0,0,0,0,0,573958,1,548208,1,0,0
344,32937042,23289,0,0,0,0,0,0,0,0,0,0,0,0,587208,1,561542,1,0,0
345,33365666,23405,0,0,0,0,0,0,0,0,0,0,0,0,575042,1,538292,1,0,0
346,37973500,23377,0,0,0,0,0,0,0,0,0,0,0,0,640417,1,608750,1,0,0
347,35666832,23289,0,0,0,0,0,0,0,0,0,0,0,0,640666,1,611417,1,0,0
348,37194332,23353,0,0,0,0,0,0,0,0,0,0,0,0,833417,1,799750,1,0,0
349,37635248,23289,0,0,0,0,0,0,0,0,0,0,0,0,863208,1,823125,1,0,0
350,37981792,23289,0,0,0,0,0,0,0,0,0,0,0,0,754667,1,716375,1,0,0
351,40702832,23493,0,0,0,0,0,0,0,0,0,0,0,0,1128334,1,1076375,1,0,0
352,51557916,23289,0,0,0,0,0,0,0,0,0,0,0,0,858667,1,820375,1,0,0
353,69294040,23289,0,0,0,0,0,0,0,0,0,0,0,0,893000,1,850500,1,0,0
354,70034712,24005,0,0,0,0,0,0,0,0,0,0,0,0,1024291,1,953292,1,0,0
355,68989248,23557,0,0,0,0,0,0,0,0,0,0,0,0,1846375,1,1734542,1,0,0
356,70147920,23353,0,0,0,0,0,0,0,0,0,0,0,0,1000750,1,953875,1,0,0
357,66091416,23377,0,0,0,0,0,0,0,0,0,0,0,0,1042334,1,972250,1,0,0
358,55922208,23405,0,0,0,0,0,0,0,0,0,0,0,0,893333,1,849584,1,0,0
359,50836624,23289,0,0,0,0,0,0,0,0,0,0,0,0,811917,1,770250,1,0,0
360,46979792,23441,0,0,0,0,0,0,0,0,0,0,0,0,757708,1,707166,1,0,0
361,52044000,23289,0,0,0,0,0,0,0,0,0,0,0,0,811208,1,771541,1,0,0
362,44742376,23905,0,0,0,0,0,0,0,0,0,0,0,0,756334,1,718500,1,0,0
363,46970792,23569,0,0,0,0,0,0,0,0,0,0,0,0,912667,1,861708,1,0,0
364,46265624,23377,0,0,0,0,0,0,0,0,0,0,0,0,1022042,1,977833,1,0,0
365,48828040,23289,0,0,0,0,0,0,0,0,0,0,0,0,747792,1,712916,1,0,0
366,50234168,23353,0,0,0,0,0,0,0,0,0,0,0,0,793042,1,751125,1,0,0
367,48843832,23341,0,0,0,0,0,0,0,0,0,0,0,0,772125,1,736292,1,0,0
368,46738332,23377,0,0,0,0,0,0,0,0,0,0,0,0,717416,1,673000,1,0,0
369,50069376,23353,0,0,0,0,0,0,0,0,0,0,0,0,864334,1,809917,1,0,0
370,53726624,23289,0,0,0,0,0,0,0,0,0,0,0,0,817417,1,773042,1,0,0
371,60491168,23441,0,0,0,0,0,0,0,0,0,0,0,0,954500,1,899166,1,0,0
372,55058752,23905,0,0,0,0,0,0,0,0,0,0,0,0,1014125,1,959333,1,0,0
373,54502832,23569,0,0,0,0,0,0,0,0,0,0,0,0,853375,1,810458,1,0,0
374,56126708,23377,0,0,0,0,0,0,0,0,0,0,0,0,1336875,1,1281000,1,0,0
375,63028084,23353,0,0,0,0,0,0,0,0,0,0,0,0,1020042,1,959209,1,0,0
376,55765960,23341,0,0,0,0,0,0,0,0,0,0,0,0,881209,1,836250,1,0,0
377,53508292,23441,0,0,0,0,0,0,0,0,0,0,0,0,877375,1,833959,1,0,0
378,45863456,23289,0,0,0,0,0,0,0,0,0,0,0,0,784417,1,743750,1,0,0
379,45407376,23289,0,0,0,0,0,0,0,0,0,0,0,0,753583,1,718208,1,0,0
380,46158708,23405,0,0,0,0,0,0,0,0,0,0,0,0,781958,1,742458,1,0,0
381,42467456,23377,0,0,0,0,0,0,0,0,0,0,0,0,710042,1,669541,1,0,0
382,45430332,23853,0,0,0,0,0,0,0,0,0,0,0,0,832042,1,787209,1,0,0
383,46069500,23569,0,0,0,0,0,0,0,0,0,0,0,0,724208,1,687417,1,0,0
384,45026832,23289,0,0,0,0,0,0,0,0,0,0,0,0,733750,1,687834,1,0,0
385,44877332,23429,0,0,0,0,0,0,0,0,0,0,0,0,705416,1,670083,1,0,0
386,45278208,23353,0,0,0,0,0,0,0,0,0,0,0,0,716167,1,680125,1,0,0
387,51390752,23289,0,0,0,0,0,0,0,0,0,0,0,0,983250,1,908166,1,0,0
388,53515792,23289,0,0,0,0,0,0,0,0,0,0,0,0,1123125,1,1079625,1,0,0
389,50890040,23441,0,0,0,0,0,0,0,0,0,0,0,0,821667,1,779791,1,0,0
390,51006960,23341,0,0,0,0,0,0,0,0,0,0,0,0,758375,1,712166,1,0,0
391,58980000,23353,0,0,0,0,0,0,0,0,0,0,0,0,906417,1,857083,1,0,0
392,54065456,23941,0,0,0,0,0,0,0,0,0,0,0,0,996792,1,939292,1,0,0
393,53990916,23569,0,0,0,0,0,0,0,0,0,0,0,0,833833,1,779042,1,0,0
394,54955624,23341,0,0,0,0,0,0,0,0,0,0,0,0,961458,1,914458,1,0,0
395,55780960,23441,0,0,0,0,0,0,0,0,0,0,0,0,818042,1,775958,1,0,0
396,66089960,23289,0,0,0,0,0,0,0,0,0,0,0,0,1099583,1,1046334,1,0,0
397,65437332,23353,0,0,0,0,0,0,0,0,0,0,0,0,1275708,1,1220709,1,0,0
398,56084584,23429,0,0,0,0,0,0,0,0,0,0,0,0,1124542,1,1070542,1,0,0
399,58203332,23353,0,0,0,0,0,0,0,0,0,0,0,0,1038000,1,979792,1,0,0
400,55922792,23289,0,0,0,0,0,0,0,0,0,0,0,0,884834,1,841500,1,0,0
401,55079040,24221,0,0,0,0,0,0,0,0,0,0,0,0,860083,1,816500,1,0,0
402,56685664,23341,0,0,0,0,0,0,0,0,0,0,0,0,877375,1,822417,1,0,0
403,55063668,23353,0,0,0,0,0,0,0,0,0,0,0,0,1298250,1,1250833,1,0,0
404,49828792,23377,0,0,0,0,0,0,0,0,0,0,0,0,858792,1,814667,1,0,0
405,43998376,23353,0,0,0,0,0,0,0,0,0,0,0,0,775708,1,724459,1,0,0
406,43476540,23341,0,0,0,0,0,0,0,0,0,0,0,0,734042,1,698375,1,0,0
407,38921292,23289,0,0,0,0,0,0,0,0,0,0,0,0,712208,1,673833,1,0,0
408,37805832,23441,0,0,0,0,0,0,0,0,0,0,0,0,664666,1,623292,1,0,0
409,36957752,23289,0,0,0,0,0,0,0,0,0,0,0,0,663083,1,630208,1,0,0
410,36925376,23289,0,0,0,0,0,0,0,0,0,0,0,0,699334,1,668708,1,0,0
411,34307708,23353,0,0,0,0,0,0,0,0,0,0,0,0,601958,1,559292,1,0,0
412,33869332,23905,0,0,0,0,0,0,0,0,0,0,0,0,609083,1,577834,1,0,0
413,34252752,23593,0,0,0,0,0,0,0,0,0,0,0,0,602042,1,573625,1,0,0
414,33661000,23353,0,0,0,0,0,0,0,0,0,0,0,0,634166,1,591625,1,0,0
415,33552000,23289,0,0,0,0,0,0,0,0,0,0,0,0,593833,1,565375,1,0,0
416,33496584,23289,0,0,0,0,0,0,0,0,0,0,0,0,607625,1,579417,1,0,0
417,33894584,23353,0,0,0,0,0,0,0,0,0,0,0,0,621916,1,584750,1,0,0
418,33573084,23429,0,0,0,0,0,0,0,0,0,0,0,0,595042,1,566750,1,0,0
419,33561040,23289,0,0,0,0,0,0,0,0,0,0,0,0,602750,1,574000,1,0,0
420,33785960,23353,0,0,0,0,0,0,0,0,0,0,0,0,611542,1,573792,1,0,0
421,33758544,23289,0,0,0,0,0,0,0,0,0,0,0,0,617250,1,589416,1,0,0
422,30868792,23289,0,0,0,0,0,0,0,0,0,0,0,0,604542,1,576750,1,0,0
423,31775500,23377,0,0,0,0,0,0,0,0,0,0,0,0,561416,1,529917,1,0,0
424,35349708,23353,0,0,0,0,0,0,0,0,0,0,0,0,696875,1,659750,1,0,0
425,31591208,23341,0,0,0,0,0,0,0,0,0,0,0,0,575750,1,550250,1,0,0
426,31505834,23289,0,0,0,0,0,0,0,0,0,0,0,0,565375,1,538417,1,0,0
427,33338124,23853,0,0,0,0,0,0,0,0,0,0,0,0,590583,1,562667,1,0,0
428,33407168,23657,0,0,0,0,0,0,0,0,0,0,0,0,597958,1,570167,1,0,0
429,34893208,23289,0,0,0,0,0,0,0,0,0,0,0,0,610958,1,571917,1,0,0
430,35622376,23289,0,0,0,0,0,0,0,0,0,0,0,0,607167,1,575750,1,0,0
431,36770668,23405,0,0,0,0,0,0,0,0,0,0,0,0,587541,1,557167,1,0,0
432,36450208,23289,0,0,0,0,0,0,0,0,0,0,0,0,618333,1,582125,1,0,0
433,36977292,23377,0,0,0,0,0,0,0,0,0,0,0,0,669834,1,619958,1,0,0
434,36548916,23353,0,0,0,0,0,0,0,0,0,0,0,0,834417,1,798542,1,0,0
435,39441040,23289,0,0,0,0,0,0,0,0,0,0,0,0,799500,1,752584,1,0,0
436,45735916,23289,0,0,0,0,0,0,0,0,0,0,0,0,667416,1,634125,1,0,0
437,59234792,23493,0,0,0,0,0,0,0,0,0,0,0,0,859708,1,807375,1,0,0
438,72205792,23289,0,0,0,0,0,0,0,0,0,0,0,0,1024792,1,958834,1,0,0
439,67918336,23917,0,0,0,0,0,0,0,0,0,0,0,0,992583,1,940708,1,0,0
440,65215124,23593,0,0,0,0,0,0,0,0,0,0,0,0,1086208,1,1037333,1,0,0
441,67256128,23405,0,0,0,0,0,0,0,0,0,0,0,0,1040459,1,972250,1,0,0
442,64492624,23289,0,0,0,0,0,0,0,0,0,0,0,0,1041500,1,989292,1,0,0
443,55356332,23441,0,0,0,0,0,0,0,0,0,0,0,0,860875,1,810875,1,0,0
444,48881500,23289,0,0,0,0,0,0,0,0,0,0,0,0,849000,1,793334,1,0,0
445,47757084,23405,0,0,0,0,0,0,0,0,0,0,0,0,710167,1,674791,1,0,0
446,48203248,23377,0,0,0,0,0,0,0,0,0,0,0,0,800208,1,762500,1,0,0
447,44993540,23289,0,0,0,0,0,0,0,0,0,0,0,0,846542,1,793041,1,0,0
448,43959876,23917,0,0,0,0,0,0,0,0,0,0,0,0,717167,1,681250,1,0,0
449,45515832,23505,0,0,0,0,0,0,0,0,0,0,0,0,737125,1,701958,1,0,0
450,45096168,23429,0,0,0,0,0,0,0,0,0,0,0,0,857041,1,807625,1,0,0
451,44755792,23353,0,0,0,0,0,0,0,0,0,0,0,0,880959,1,849916,1,0,0
452,46253668,23289,0,0,0,0,0,0,0,0,0,0,0,0,750125,1,714709,1,0,0
453,46456960,23289,0,0,0,0,0,0,0,0,0,0,0,0,743708,1,701875,1,0,0
454,45587876,23441,0,0,0,0,0,0,0,0,0,0,0,0,844875,1,800083,1,0,0
455,47430248,23341,0,0,0,0,0,0,0,0,0,0,0,0,926541,1,879208,1,0,0
456,50258916,23289,0,0,0,0,0,0,0,0,0,0,0,0,760042,1,714042,1,0,0
457,52481544,23353,0,0,0,0,0,0,0,0,0,0,0,0,883542,1,838208,1,0,0
458,43316792,23941,0,0,0,0,0,0,0,0,0,0,0,0,744041,1,709041,1,0,0
459,43451500,23505,0,0,0,0,0,0,0,0,0,0,0,0,719792,1,681500,1,0,0
460,38394584,23405,0,0,0,0,0,0,0,0,0,0,0,0,646875,1,616583,1,0,0
461,37780876,23289,0,0,0,0,0,0,0,0,0,0,0,0,665167,1,631500,1,0,0
462,36378584,23377,0,0,0,0,0,0,0,0,0,0,0,0,657416,1,621167,1,0,0
463,36036124,23353,0,0,0,0,0,0,0,0,0,0,0,0,651334,1,614542,1,0,0
464,36645916,23289,0,0,0,0,0,0,0,0,0,0,0,0,868750,1,840042,1,0,0
465,37081416,23289,0,0,0,0,0,0,0,0,0,0,0,0,618583,1,582459,1,0,0
466,37597084,23405,0,0,0,0,0,0,0,0,0,0,0,0,619125,1,583958,1,0,0
467,40549168,23377,0,0,0,0,0,0,0,0,0,0,0,0,651959,1,619000,1,0,0
468,40258248,23289,0,0,0,0,0,0,0,0,0,0,0,0,829375,1,785042,1,0,0
469,51610332,23353,0,0,0,0,0,0,0,0,0,0,0,0,798916,1,762084,1,0,0
470,47307336,23289,0,0,0,0,0,0,0,0,0,0,0,0,766541,1,723667,1,0,0
471,53477208,23993,0,0,0,0,0,0,0,0,0,0,0,0,834250,1,782750,1,0,0
472,52769040,23569,0,0,0,0,0,0,0,0,0,0,0,0,845417,1,797500,1,0,0
473,61659544,23289,0,0,0,0,0,0,0,0,0,0,0,0,1252042,1,1198750,1,0,0
474,63507376,23441,0,0,0,0,0,0,0,0,0,0,0,0,1498333,1,1418375,1,0,0
475,55415624,23341,0,0,0,0,0,0,0,0,0,0,0,0,970167,1,918583,1,0,0
476,59765960,23353,0,0,0,0,0,0,0,0,0,0,0,0,980250,1,914458,1,0,0
477,63199416,23377,0,0,0,0,0,0,0,0,0,0,0,0,885916,1,828875,1,0,0
478,72796832,23353,0,0,0,0,0,0,0,0,0,0,0,0,1106917,1,1049375,1,0,0
479,63934208,23905,0,0,0,0,0,0,0,0,0,0,0,0,1112625,1,1059583,1,0,0
480,58688624,23657,0,0,0,0,0,0,0,0,0,0,0,0,893250,1,832000,1,0,0
481,56692416,23289,0,0,0,0,0,0,0,0,0,0,0,0,1618917,1,1441125,1,0,0
482,53048544,23353,0,0,0,0,0,0,0,0,0,0,0,0,879375,1,824000,1,0,0
483,55659960,23429,0,0,0,0,0,0,0,0,0,0,0,0,879500,1,826917,1,0,0
484,56765916,23353,0,0,0,0,0,0,0,0,0,0,0,0,932458,1,883666,1,0,0
485,55908376,23289,0,0,0,0,0,0,0,0,0,0,0,0,929542,1,886166,1,0,0
486,55108084,23441,0,0,0,0,0,0,0,0,0,0,0,0,915208,1,865500,1,0,0
487,60168752,23341,0,0,0,0,0,0,0,0,0,0,0,0,1238375,1,1193750,1,0,0
488,55772084,23917,0,0,0,0,0,0,0,0,0,0,0,0,859625,1,815750,1,0,0
489,55004624,23593,0,0,0,0,0,0,0,0,0,0,0,0,958583,1,905750,1,0,0
490,53686376,23353,0,0,0,0,0,0,0,0,0,0,0,0,965416,1,920375,1,0,0
491,52806040,23341,0,0,0,0,0,0,0,0,0,0,0,0,854625,1,812875,1,0,0
492,46246624,23441,0,0,0,0,0,0,0,0,0,0,0,0,873875,1,819541,1,0,0
493,43209376,23289,0,0,0,0,0,0,0,0,0,0,0,0,725667,1,689958,1,0,0
494,41057124,23289,0,0,0,0,0,0,0,0,0,0,0,0,706084,1,673916,1,0,0
495,41162084,23353,0,0,0,0,0,0,0,0,0,0,0,0,663458,1,622958,1,0,0
496,42309500,23429,0,0,0,0,0,0,0,0,0,0,0,0,725541,1,690375,1,0,0
497,45432124,23289,0,0,0,0,0,0,0,0,0,0,0,0,761833,1,711458,1,0,0
498,44302752,23917,0,0,0,0,0,0,0,0,0,0,0,0,936750,1,885375,1,0,0
499,46193584,23505,0,0,0,0,0,0,0,0,0,0,0,0,775042,1,736875,1,0,0
500,50214752,23377,0,0,0,0,0,0,0,0,0,0,0,0,714583,1,679667,1,0,0
501,54043332,23405,0,0,0,0,0,0,0,0,0,0,0,0,830334,1,783750,1,0,0
502,54232248,23289,0,0,0,0,0,0,0,0,0,0,0,0,866167,1,823333,1,0,0
503,55010000,23441,0,0,0,0,0,0,0,0,0,0,0,0,810166,1,767541,1,0,0
504,57319376,23289,0,0,0,0,0,0,0,0,0,0,0,0,903500,1,849250,1,0,0
505,65379668,23405,0,0,0,0,0,0,0,0,0,0,0,0,1068042,1,1022084,1,0,0
506,72128752,23377,0,0,0,0,0,0,0,0,0,0,0,0,1300542,1,1243792,1,0,0
507,60142544,23917,0,0,0,0,0,0,0,0,0,0,0,0,1056917,1,995709,1,0,0
508,57805668,23505,0,0,0,0,0,0,0,0,0,0,0,0,1368750,1,1311875,1,0,0
509,54673584,23493,0,0,0,0,0,0,0,0,0,0,0,0,851083,1,809042,1,0,0
510,55184668,23289,0,0,0,0,0,0,0,0,0,0,0,0,989084,1,936042,1,0,0
511,56754876,23353,0,0,0,0,0,0,0,0,0,0,0,0,861459,1,817459,1,0,0
512,54837084,23377,0,0,0,0,0,0,0,0,0,0,0,0,856916,1,814791,1,0,0
513,55426084,23405,0,0,0,0,0,0,0,0,0,0,0,0,863958,1,803417,1,0,0
514,52487040,23289,0,0,0,0,0,0,0,0,0,0,0,0,1402250,1,1346125,1,0,0
515,59559124,23441,0,0,0,0,0,0,0,0,0,0,0,0,947500,1,901125,1,0,0
516,54010292,23853,0,0,0,0,0,0,0,0,0,0,0,0,845417,1,792791,1,0,0
517,52635084,23621,0,0,0,0,0,0,0,0,0,0,0,0,1102875,1,1057625,1,0,0
518,46050792,23377,0,0,0,0,0,0,0,0,0,0,0,0,857458,1,815625,1,0,0
519,43819208,23289,0,0,0,0,0,0,0,0,0,0,0,0,736917,1,694458,1,0,0
520,43201376,23353,0,0,0,0,0,0,0,0,0,0,0,0,728375,1,693500,1,0,0
521,38351456,23289,0,0,0,0,0,0,0,0,0,0,0,0,658083,1,626041,1,0,0
522,38242040,23429,0,0,0,0,0,0,0,0,0,0,0,0,717666,1,677375,1,0,0
523,34954292,23353,0,0,0,0,0,0,0,0,0,0,0,0,649166,1,618292,1,0,0
524,34314456,23289,0,0,0,0,0,0,0,0,0,0,0,0,600125,1,569583,1,0,0
525,34613752,23289,0,0,0,0,0,0,0,0,0,0,0,0,599417,1,567000,1,0,0
526,37914792,23353,0,0,0,0,0,0,0,0,0,0,0,0,719000,1,686709,1,0,0
527,33910332,23377,0,0,0,0,0,0,0,0,0,0,0,0,620750,1,591917,1,0,0
528,33453624,23341,0,0,0,0,0,0,0,0,0,0,0,0,628416,1,588625,1,0,0
529,33501332,23917,0,0,0,0,0,0,0,0,0,0,0,0,599792,1,571208,1,0,0
530,33645332,23505,0,0,0,0,0,0,0,0,0,0,0,0,601708,1,569875,1,0,0
531,33838664,23289,0,0,0,0,0,0,0,0,0,0,0,0,622459,1,588625,1,0,0
532,33472542,23441,0,0,0,0,0,0,0,0,0,0,0,0,593167,1,561333,1,0,0
533,33584124,23289,0,0,0,0,0,0,0,0,0,0,0,0,616750,1,588417,1,0,0
534,33391916,23341,0,0,0,0,0,0,0,0,0,0,0,0,630833,1,585584,1,0,0
535,31543250,23353,0,0,0,0,0,0,0,0,0,0,0,0,547000,1,521458,1,0,0
536,30152540,23289,0,0,0,0,0,0,0,0,0,0,0,0,566375,1,540708,1,0,0
537,30466624,23377,0,0,0,0,0,0,0,0,0,0,0,0,577083,1,544333,1,0,0
538,30360916,23289,0,0,0,0,0,0,0,0,0,0,0,0,575750,1,548583,1,0,0
539,33821584,23353,0,0,0,0,0,0,0,0,0,0,0,0,567375,1,539083,1,0,0
540,36014916,23289,0,0,0,0,0,0,0,0,0,0,0,0,615583,1,579875,1,0,0
541,42330292,23341,0,0,0,0,0,0,0,0,0,0,0,0,1125667,1,1079667,1,0,0
542,36895336,23441,0,0,0,0,0,0,0,0,0,0,0,0,837500,1,804709,1,0,0
543,36844668,23853,0,0,0,0,0,0,0,0,0,0,0,0,611000,1,573958,1,0,0
544,36380752,23505,0,0,0,0,0,0,0,0,0,0,0,0,612208,1,584833,1,0,0
545,38354876,23353,0,0,0,0,0,0,0,0,0,0,0,0,1098625,1,1050083,1,0,0
546,43522084,23289,0,0,0,0,0,0,0,0,0,0,0,0,667083,1,624583,1,0,0
547,52518376,23429,0,0,0,0,0,0,0,0,0,0,0,0,740833,1,705875,1,0,0
548,65140168,23353,0,0,0,0,0,0,0,0,0,0,0,0,1237125,1,1166292,1,0,0
549,69663416,23289,0,0,0,0,0,0,0,0,0,0,0,0,995542,1,931292,1,0,0
550,69782040,23441,0,0,0,0,0,0,0,0,0,0,0,0,1301791,1,1235583,1,0,0
551,65034124,23341,0,0,0,0,0,0,0,0,0,0,0,0,1015708,1,966375,1,0,0
552,75247040,23917,0,0,0,0,0,0,0,0,0,0,0,0,1106916,1,1037417,1,0,0
553,68402080,23593,0,0,0,0,0,0,0,0,0,0,0,0,1080625,1,1027000,1,0,0
554,59181668,23405,0,0,0,0,0,0,0,0,0,0,0,0,1570000,1,1496667,1,0,0
555,56786708,23289,0,0,0,0,0,0,0,0,0,0,0,0,914542,1,864916,1,0,0
556,57298792,23441,0,0,0,0,0,0,0,0,0,0,0,0,887083,1,844250,1,0,0
557,57368916,23289,0,0,0,0,0,0,0,0,0,0,0,0,901584,1,838042,1,0,0
558,55301084,23405,0,0,0,0,0,0,0,0,0,0,0,0,884083,1,830708,1,0,0
559,55580960,23377,0,0,0,0,0,0,0,0,0,0,0,0,1141125,1,1093459,1,0,0
560,67621712,23353,0,0,0,0,0,0,0,0,0,0,0,0,887750,1,845542,1,0,0
561,59720668,23853,0,0,0,0,0,0,0,0,0,0,0,0,1108666,1,1028708,1,0,0
562,62574456,23709,0,0,0,0,0,0,0,0,0,0,0,0,1396250,1,1331167,1,0,0
563,53935540,23289,0,0,0,0,0,0,0,0,0,0,0,0,841541,1,797625,1,0,0
564,53956084,23353,0,0,0,0,0,0,0,0,0,0,0,0,1061667,1,995958,1,0,0
565,51082416,23377,0,0,0,0,0,0,0,0,0,0,0,0,851541,1,809417,1,0,0
566,43826168,23405,0,0,0,0,0,0,0,0,0,0,0,0,795041,1,756000,1,0,0
567,39851584,23289,0,0,0,0,0,0,0,0,0,0,0,0,748458,1,698709,1,0,0
568,37081668,23289,0,0,0,0,0,0,0,0,0,0,0,0,665125,1,634542,1,0,0
569,37941292,23441,0,0,0,0,0,0,0,0,0,0,0,0,750084,1,703375,1,0,0
570,34089792,23289,0,0,0,0,0,0,0,0,0,0,0,0,597833,1,562166,1,0,0
571,33906040,23853,0,0,0,0,0,0,0,0,0,0,0,0,607625,1,579292,1,0,0
572,33710668,23621,0,0,0,0,0,0,0,0,0,0,0,0,602875,1,574208,1,0,0
573,34039040,23289,0,0,0,0,0,0,0,0,0,0,0,0,608792,1,569541,1,0,0
574,33391084,23377,0,0,0,0,0,0,0,0,0,0,0,0,623375,1,595667,1,0,0
575,33522958,23353,0,0,0,0,0,0,0,0,0,0,0,0,615500,1,583542,1,0,0
576,33652708,23289,0,0,0,0,0,0,0,0,0,0,0,0,609666,1,573375,1,0,0
577,33479792,23289,0,0,0,0,0,0,0,0,0,0,0,0,604250,1,575375,1,0,0
578,33495500,23405,0,0,0,0,0,0,0,0,0,0,0,0,606917,1,578791,1,0,0
579,30955292,23377,0,0,0,0,0,0,0,0,0,0,0,0,626834,1,588542,1,0,0
580,30663416,23289,0,0,0,0,0,0,0,0,0,0,0,0,562542,1,536166,1,0,0
581,30518208,23289,0,0,0,0,0,0,0,0,0,0,0,0,561084,1,535083,1,0,0
582,30162916,23353,0,0,0,0,0,0,0,0,0,0,0,0,550666,1,517959,1,0,0
583,30451958,23289,0,0,0,0,0,0,0,0,0,0,0,0,574000,1,548250,1,0,0
584,35176708,23377,0,0,0,0,0,0,0,0,0,0,0,0,682291,1,651792,1,0,0
585,32812166,23341,0,0,0,0,0,0,0,0,0,0,0,0,571917,1,542292,1,0,0
586,33871416,23353,0,0,0,0,0,0,0,0,0,0,0,0,599208,1,568458,1,0,0
587,35767540,23853,0,0,0,0,0,0,0,0,0,0,0,0,632792,1,598166,1,0,0
588,37014832,23505,0,0,0,0,0,0,0,0,0,0,0,0,731125,1,687542,1,0,0
589,36840752,23441,0,0,0,0,0,0,0,0,0,0,0,0,606667,1,577167,1,0,0
590,36106292,23289,0,0,0,0,0,0,0,0,0,0,0,0,589583,1,560375,1,0,0
591,38607792,23341,0,0,0,0,0,0,0,0,0,0,0,0,1133084,1,1076208,1,0,0
592,38719292,23353,0,0,0,0,0,0,0,0,0,0,0,0,906875,1,862167,1,0,0
593,45057124,23289,0,0,0,0,0,0,0,0,0,0,0,0,780708,1,744208,1,0,0
594,56617248,23377,0,0,0,0,0,0,0,0,0,0,0,0,847458,1,791209,1,0,0
595,67401624,23353,0,0,0,0,0,0,0,0,0,0,0,0,1122000,1,1068583,1,0,0
596,78278080,23341,0,0,0,0,0,0,0,0,0,0,0,0,1091917,1,1038291,1,0,0
597,70140752,24005,0,0,0,0,0,0,0,0,0,0,0,0,1032125,1,972417,1,0,0
598,70251544,23505,0,0,0,0,0,0,0,0,0,0,0,0,1055667,1,991000,1,0,0
599,68252208,23405,0,0,0,0,0,0,0,0,0,0,0,0,1153458,1,1095834,1,0,0
600,59321040,23377,0,0,0,0,0,0,0,0,0,0,0,0,1361250,1,1281166,1,0,0
601,54540168,23353,0,0,0,0,0,0,0,0,0,0,0,0,877250,1,834625,1,0,0
602,49124248,23289,0,0,0,0,0,0,0,0,0,0,0,0,864125,1,825250,1,0,0
603,50859416,23493,0,0,0,0,0,0,0,0,0,0,0,0,860292,1,801917,1,0,0
604,56099124,23289,0,0,0,0,0,0,0,0,0,0,0,0,1345125,1,1292250,1,0,0
605,55495584,23917,0,0,0,0,0,0,0,0,0,0,0,0,1216250,1,1159709,1,0,0
606,55039208,23593,0,0,0,0,0,0,0,0,0,0,0,0,834416,1,778333,1,0,0
607,55374332,23405,0,0,0,0,0,0,0,0,0,0,0,0,1131292,1,1088209,1,0,0
608,54972456,23289,0,0,0,0,0,0,0,0,0,0,0,0,1025667,1,983166,1,0,0
609,66666248,23441,0,0,0,0,0,0,0,0,0,0,0,0,932583,1,884625,1,0,0
610,61517124,23289,0,0,0,0,0,0,0,0,0,0,0,0,1012709,1,960167,1,0,0
611,52218332,23405,0,0,0,0,0,0,0,0,0,0,0,0,843541,1,801333,1,0,0
612,43812168,23377,0,0,0,0,0,0,0,0,0,0,0,0,783625,1,725792,1,0,0
613,45149416,23289,0,0,0,0,0,0,0,0,0,0,0,0,760292,1,723292,1,0,0
614,38397792,23353,0,0,0,0,0,0,0,0,0,0,0,0,646542,1,616375,1,0,0
615,34978040,23853,0,0,0,0,0,0,0,0,0,0,0,0,690500,1,649875,1,0,0
616,34240292,23645,0,0,0,0,0,0,0,0,0,0,0,0,731625,1,702083,1,0,0
617,33802248,23353,0,0,0,0,0,0,0,0,0,0,0,0,618500,1,590125,1,0,0
618,33722124,23289,0,0,0,0,0,0,0,0,0,0,0,0,747833,1,707667,1,0,0
619,33042376,23289,0,0,0,0,0,0,0,0,0,0,0,0,616625,1,588875,1,0,0
620,33148042,23353,0,0,0,0,0,0,0,0,0,0,0,0,608334,1,574291,1,0,0
621,33354458,23377,0,0,0,0,0,0,0,0,0,0,0,0,698458,1,661667,1,0,0
622,33363958,23341,0,0,0,0,0,0,0,0,0,0,0,0,693125,1,664583,1,0,0
623,33334832,23289,0,0,0,0,0,0,0,0,0,0,0,0,708333,1,679875,1,0,0
624,33355540,23353,0,0,0,0,0,0,0,0,0,0,0,0,601250,1,567375,1,0,0
625,33669792,23289,0,0,0,0,0,0,0,0,0,0,0,0,722709,1,693834,1,0,0
626,33446876,23377,0,0,0,0,0,0,0,0,0,0,0,0,631709,1,595583,1,0,0
627,32999292,23353,0,0,0,0,0,0,0,0,0,0,0,0,604125,1,566541,1,0,0
628,32769000,23341,0,0,0,0,0,0,0,0,0,0,0,0,655334,1,625000,1,0,0
629,31450668,23289,0,0,0,0,0,0,0,0,0,0,0,0,582292,1,554416,1,0,0
630,32155208,23853,0,0,0,0,0,0,0,0,0,0,0,0,584625,1,552542,1,0,0
631,31786084,23657,0,0,0,0,0,0,0,0,0,0,0,0,584833,1,559042,1,0,0
632,32622958,23289,0,0,0,0,0,0,0,0,0,0,0,0,630416,1,602333,1,0,0
633,32689958,23289,0,0,0,0,0,0,0,0,0,0,0,0,555708,1,520625,1,0,0
634,32564332,23289,0,0,0,0,0,0,0,0,0,0,0,0,561000,1,535500,1,0,0
635,33493124,23405,0,0,0,0,0,0,0,0,0,0,0,0,593625,1,565917,1,0,0
636,33552084,23377,0,0,0,0,0,0,0,0,0,0,0,0,629625,1,590250,1,0,0
637,33344084,23289,0,0,0,0,0,0,0,0,0,0,0,0,619333,1,585834,1,0,0
638,34084040,23353,0,0,0,0,0,0,0,0,0,0,0,0,601458,1,572791,1,0,0
639,34152208,23289,0,0,0,0,0,0,0,0,0,0,0,0,600958,1,562667,1,0,0
640,34013500,23289,0,0,0,0,0,0,0,0,0,0,0,0,600333,1,572416,1,0,0
641,33716668,23493,0,0,0,0,0,0,0,0,0,0,0,0,616416,1,587792,1,0,0
642,34503248,23289,0,0,0,0,0,0,0,0,0,0,0,0,612625,1,575958,1,0,0
643,40522000,23289,0,0,0,0,0,0,0,0,0,0,0,0,912542,1,871875,1,0,0
644,36837752,23353,0,0,0,0,0,0,0,0,0,0,0,0,598541,1,569334,1,0,0
645,36485124,23853,0,0,0,0,0,0,0,0,0,0,0,0,600958,1,566334,1,0,0
646,37576708,23593,0,0,0,0,0,0,0,0,0,0,0,0,602209,1,573792,1,0,0
647,38558664,23405,0,0,0,0,0,0,0,0,0,0,0,0,1152333,1,1114458,1,0,0
648,44978584,23289,0,0,0,0,0,0,0,0,0,0,0,0,1097416,1,1043417,1,0,0
649,59042456,23289,0,0,0,0,0,0,0,0,0,0,0,0,1224167,1,1171958,1,0,0
650,68239624,23441,0,0,0,0,0,0,0,0,0,0,0,0,999875,1,946125,1,0,0
651,70360376,23341,0,0,0,0,0,0,0,0,0,0,0,0,1002708,1,940667,1,0,0
652,67211040,23353,0,0,0,0,0,0,0,0,0,0,0,0,1054959,1,1009417,1,0,0
653,72904792,23377,0,0,0,0,0,0,0,0,0,0,0,0,1024666,1,971792,1,0,0
654,66491832,23969,0,0,0,0,0,0,0,0,0,0,0,0,1052125,1,984959,1,0,0
655,55520876,23505,0,0,0,0,0,0,0,0,0,0,0,0,906667,1,862500,1,0,0
656,49690960,23441,0,0,0,0,0,0,0,0,0,0,0,0,858208,1,814958,1,0,0
657,46819708,23289,0,0,0,0,0,0,0,0,0,0,0,0,750958,1,702458,1,0,0
658,48141208,23341,0,0,0,0,0,0,0,0,0,0,0,0,878167,1,838084,1,0,0
659,46529752,23353,0,0,0,0,0,0,0,0,0,0,0,0,713000,1,677125,1,0,0
660,46552332,23377,0,0,0,0,0,0,0,0,0,0,0,0,1132709,1,1078042,1,0,0
661,47204456,23289,0,0,0,0,0,0,0,0,0,0,0,0,722958,1,687083,1,0,0
662,57765916,23353,0,0,0,0,0,0,0,0,0,0,0,0,873084,1,835541,1,0,0
663,53961960,23429,0,0,0,0,0,0,0,0,0,0,0,0,1182291,1,1119209,1,0,0
664,54358248,24133,0,0,0,0,0,0,0,0,0,0,0,0,837541,1,794917,1,0,0
665,54076916,23289,0,0,0,0,0,0,0,0,0,0,0,0,837208,1,795583,1,0,0
666,54154500,23441,0,0,0,0,0,0,0,0,0,0,0,0,1332458,1,1265833,1,0,0
667,55342332,23341,0,0,0,0,0,0,0,0,0,0,0,0,1091625,1,1047041,1,0,0
668,55368624,23353,0,0,0,0,0,0,0,0,0,0,0,0,868584,1,823209,1,0,0
669,56559752,23377,0,0,0,0,0,0,0,0,0,0,0,0,900042,1,826458,1,0,0
670,53456000,23353,0,0,0,0,0,0,0,0,0,0,0,0,885250,1,840125,1,0,0
671,55167208,23341,0,0,0,0,0,0,0,0,0,0,0,0,867625,1,825042,1,0,0
672,50054584,23441,0,0,0,0,0,0,0,0,0,0,0,0,881041,1,826292,1,0,0
673,44045500,23853,0,0,0,0,0,0,0,0,0,0,0,0,711875,1,676709,1,0,0
674,40116832,23505,0,0,0,0,0,0,0,0,0,0,0,0,663583,1,626000,1,0,0
675,41328168,23353,0,0,0,0,0,0,0,0,0,0,0,0,652375,1,610625,1,0,0
676,40293500,23429,0,0,0,0,0,0,0,0,0,0,0,0,646791,1,615292,1,0,0
677,40021208,23289,0,0,0,0,0,0,0,0,0,0,0,0,679750,1,646750,1,0,0
678,40876500,23353,0,0,0,0,0,0,0,0,0,0,0,0,818750,1,763292,1,0,0
679,40546084,23289,0,0,0,0,0,0,0,0,0,0,0,0,781750,1,744375,1,0,0
680,45786916,23377,0,0,0,0,0,0,0,0,0,0,0,0,663625,1,623084,1,0,0
681,46836456,23405,0,0,0,0,0,0,0,0,0,0,0,0,743625,1,697750,1,0,0
682,49511624,23289,0,0,0,0,0,0,0,0,0,0,0,0,728291,1,692250,1,0,0
683,58390292,23289,0,0,0,0,0,0,0,0,0,0,0,0,916500,1,873292,1,0,0
684,58894708,24005,0,0,0,0,0,0,0,0,0,0,0,0,1044875,1,986334,1,0,0
685,68929288,23557,0,0,0,0,0,0,0,0,0,0,0,0,1147542,1,1088666,1,0,0
686,65928708,23353,0,0,0,0,0,0,0,0,0,0,0,0,1036125,1,975541,1,0,0
687,63808084,23377,0,0,0,0,0,0,0,0,0,0,0,0,1051500,1,956000,1,0,0
688,54634792,23353,0,0,0,0,0,0,0,0,0,0,0,0,913708,1,865125,1,0,0
689,54727000,23341,0,0,0,0,0,0,0,0,0,0,0,0,835791,1,794208,1,0,0
690,55403876,23441,0,0,0,0,0,0,0,0,0,0,0,0,1011500,1,956333,1,0,0
691,58132248,23289,0,0,0,0,0,0,0,0,0,0,0,0,853375,1,809375,1,0,0
692,55597248,23917,0,0,0,0,0,0,0,0,0,0,0,0,968792,1,926084,1,0,0
693,56932248,23645,0,0,0,0,0,0,0,0,0,0,0,0,1328125,1,1271959,1,0,0
694,54402664,23353,0,0,0,0,0,0,0,0,0,0,0,0,834709,1,793666,1,0,0
695,55623960,23289,0,0,0,0,0,0,0,0,0,0,0,0,906041,1,854916,1,0,0
696,55591916,23441,0,0,0,0,0,0,0,0,0,0,0,0,915292,1,865500,1,0,0
697,56900208,23341,0,0,0,0,0,0,0,0,0,0,0,0,993084,1,946166,1,0,0
698,55923376,23353,0,0,0,0,0,0,0,0,0,0,0,0,1307833,1,1248084,1,0,0
699,55080084,23377,0,0,0,0,0,0,0,0,0,0,0,0,895875,1,842208,1,0,0
700,67911128,23353,0,0,0,0,0,0,0,0,0,0,0,0,1017292,1,971042,1,0,0
701,62013832,23905,0,0,0,0,0,0,0,0,0,0,0,0,952667,1,908459,1,0,0
702,54936832,23657,0,0,0,0,0,0,0,0,0,0,0,0,986625,1,930041,1,0,0
703,53289832,23289,0,0,0,0,0,0,0,0,0,0,0,0,847250,1,805292,1,0,0
704,50788000,23353,0,0,0,0,0,0,0,0,0,0,0,0,870167,1,826917,1,0,0
705,44269544,23429,0,0,0,0,0,0,0,0,0,0,0,0,758750,1,716125,1,0,0
706,38846124,23289,0,0,0,0,0,0,0,0,0,0,0,0,711916,1,676875,1,0,0
707,38218540,23353,0,0,0,0,0,0,0,0,0,0,0,0,702542,1,655041,1,0,0
708,35442208,23289,0,0,0,0,0,0,0,0,0,0,0,0,671875,1,628875,1,0,0
709,33892708,23377,0,0,0,0,0,0,0,0,0,0,0,0,600834,1,572750,1,0,0
710,37749000,23353,0,0,0,0,0,0,0,0,0,0,0,0,692291,1,662375,1,0,0
711,33835916,23341,0,0,0,0,0,0,0,0,0,0,0,0,602667,1,561500,1,0,0
712,33953416,23289,0,0,0,0,0,0,0,0,0,0,0,0,596334,1,568125,1,0,0
713,34002040,23917,0,0,0,0,0,0,0,0,0,0,0,0,608541,1,579917,1,0,0
714,34022752,23593,0,0,0,0,0,0,0,0,0,0,0,0,602667,1,559583,1,0,0
715,33472668,23289,0,0,0,0,0,0,0,0,0,0,0,0,603667,1,571667,1,0,0
716,33551584,23353,0,0,0,0,0,0,0,0,0,0,0,0,619167,1,591666,1,0,0
717,33500292,23341,0,0,0,0,0,0,0,0,0,0,0,0,608917,1,571875,1,0,0
718,32735168,23289,0,0,0,0,0,0,0,0,0,0,0,0,608334,1,580083,1,0,0
719,30323334,23377,0,0,0,0,0,0,0,0,0,0,0,0,555458,1,527666,1,0,0
720,30619334,23353,0,0,0,0,0,0,0,0,0,0,0,0,574875,1,539334,1,0,0
721,31352460,23289,0,0,0,0,0,0,0,0,0,0,0,0,584791,1,557458,1,0,0
722,35574792,23289,0,0,0,0,0,0,0,0,0,0,0,0,567791,1,536125,1,0,0
723,35982960,23289,0,0,0,0,0,0,0,0,0,0,0,0,936917,1,889916,1,0,0
724,36100248,23493,0,0,0,0,0,0,0,0,0,0,0,0,797375,1,759750,1,0,0
725,39719456,23289,0,0,0,0,0,0,0,0,0,0,0,0,671500,1,640334,1,0,0
726,36448792,23289,0,0,0,0,0,0,0,0,0,0,0,0,646000,1,607292,1,0,0
727,36844876,23917,0,0,0,0,0,0,0,0,0,0,0,0,834834,1,777083,1,0,0
728,37937960,23505,0,0,0,0,0,0,0,0,0,0,0,0,585583,1,557500,1,0,0
729,45696544,23377,0,0,0,0,0,0,0,0,0,0,0,0,749041,1,702625,1,0,0
730,57349876,23405,0,0,0,0,0,0,0,0,0,0,0,0,819833,1,774875,1,0,0
731,66656544,23289,0,0,0,0,0,0,0,0,0,0,0,0,1184708,1,1123542,1,0,0
732,67745584,23441,0,0,0,0,0,0,0,0,0,0,0,0,1041333,1,974167,1,0,0
733,67268080,23289,0,0,0,0,0,0,0,0,0,0,0,0,1401500,1,1345458,1,0,0
734,67194456,23405,0,0,0,0,0,0,0,0,0,0,0,0,1129167,1,1076583,1,0,0
735,71830752,23377,0,0,0,0,0,0,0,0,0,0,0,0,1154334,1,1090334,1,0,0
736,59418332,39587,0,0,0,0,0,0,0,0,0,0,0,0,1036167,1,982417,1,0,0
737,55153792,23505,0,0,0,0,0,0,0,0,0,0,0,0,1033542,1,987666,1,0,0
738,46639084,23493,0,0,0,0,0,0,0,0,0,0,0,0,742459,1,705958,1,0,0
739,46560416,23289,0,0,0,0,0,0,0,0,0,0,0,0,748792,1,700542,1,0,0
740,46742668,23289,0,0,0,0,0,0,0,0,0,0,0,0,741042,1,701000,1,0,0
741,45156000,23353,0,0,0,0,0,0,0,0,0,0,0,0,757667,1,722959,1,0,0
742,45059456,23377,0,0,0,0,0,0,0,0,0,0,0,0,891000,1,838875,1,0,0
743,45728248,23341,0,0,0,0,0,0,0,0,0,0,0,0,779542,1,741750,1,0,0
744,45049124,23353,0,0,0,0,0,0,0,0,0,0,0,0,741416,1,704583,1,0,0
745,49490668,23289,0,0,0,0,0,0,0,0,0,0,0,0,827333,1,782125,1,0,0
746,45329292,23941,0,0,0,0,0,0,0,0,0,0,0,0,823916,1,786542,1,0,0
747,46328792,23569,0,0,0,0,0,0,0,0,0,0,0,0,944583,1,902541,1,0,0
748,46650916,23341,0,0,0,0,0,0,0,0,0,0,0,0,1188083,1,1117459,1,0,0
749,46567584,23289,0,0,0,0,0,0,0,0,0,0,0,0,718375,1,682625,1,0,0
750,45435292,23441,0,0,0,0,0,0,0,0,0,0,0,0,713792,1,678667,1,0,0
751,45790544,23289,0,0,0,0,0,0,0,0,0,0,0,0,770583,1,723083,1,0,0
752,43713376,23289,0,0,0,0,0,0,0,0,0,0,0,0,738959,1,702375,1,0,0
753,43846916,23405,0,0,0,0,0,0,0,0,0,0,0,0,747416,1,712083,1,0,0
754,44903708,23377,0,0,0,0,0,0,0,0,0,0,0,0,766042,1,717917,1,0,0
755,40281416,23289,0,0,0,0,0,0,0,0,0,0,0,0,692500,1,661625,1,0,0
756,46246960,23353,0,0,0,0,0,0,0,0,0,0,0,0,742333,1,705833,1,0,0
757,42682084,23853,0,0,0,0,0,0,0,0,0,0,0,0,671833,1,629333,1,0,0
758,46792124,23645,0,0,0,0,0,0,0,0,0,0,0,0,744000,1,707541,1,0,0
759,45738124,23353,0,0,0,0,0,0,0,0,0,0,0,0,716250,1,677459,1,0,0
760,46611000,23289,0,0,0,0,0,0,0,0,0,0,0,0,1044083,1,992291,1,0,0
761,51693332,23289,0,0,0,0,0,0,0,0,0,0,0,0,754792,1,718458,1,0,0
762,54294416,23441,0,0,0,0,0,0,0,0,0,0,0,0,852666,1,809417,1,0,0
763,54258040,23341,0,0,0,0,0,0,0,0,0,0,0,0,846292,1,798792,1,0,0
764,53898040,23353,0,0,0,0,0,0,0,0,0,0,0,0,804792,1,764166,1,0,0
765,62238624,23377,0,0,0,0,0,0,0,0,0,0,0,0,823458,1,775625,1,0,0
766,74045752,23353,0,0,0,0,0,0,0,0,0,0,0,0,1233250,1,1165458,1,0,0
767,69263584,23905,0,0,0,0,0,0,0,0,0,0,0,0,1156541,1,1079042,1,0,0
768,65557416,23657,0,0,0,0,0,0,0,0,0,0,0,0,1066500,1,1006875,1,0,0
769,55519168,23289,0,0,0,0,0,0,0,0,0,0,0,0,867459,1,808209,1,0,0
770,55991248,23353,0,0,0,0,0,0,0,0,0,0,0,0,858000,1,816250,1,0,0
771,55378168,23429,0,0,0,0,0,0,0,0,0,0,0,0,1389166,1,1341000,1,0,0
772,56474208,23353,0,0,0,0,0,0,0,0,0,0,0,0,936292,1,890292,1,0,0
773,54655584,23289,0,0,0,0,0,0,0,0,0,0,0,0,838125,1,795917,1,0,0
774,61947752,23441,0,0,0,0,0,0,0,0,0,0,0,0,1224500,1,1168667,1,0,0
775,55822332,23905,0,0,0,0,0,0,0,0,0,0,0,0,838542,1,790500,1,0,0
776,57839792,23569,0,0,0,0,0,0,0,0,0,0,0,0,855667,1,811250,1,0,0
777,52367960,23377,0,0,0,0,0,0,0,0,0,0,0,0,856791,1,814292,1,0,0
778,52945668,23353,0,0,0,0,0,0,0,0,0,0,0,0,874250,1,819666,1,0,0
779,49172208,23341,0,0,0,0,0,0,0,0,0,0,0,0,863166,1,820417,1,0,0
780,43555584,23441,0,0,0,0,0,0,0,0,0,0,0,0,730417,1,695084,1,0,0
781,39541752,23289,0,0,0,0,0,0,0,0,0,0,0,0,750083,1,706875,1,0,0
782,37925124,23289,0,0,0,0,0,0,0,0,0,0,0,0,662959,1,630292,1,0,0
783,33988876,23353,0,0,0,0,0,0,0,0,0,0,0,0,646917,1,617917,1,0,0
784,37145624,23429,0,0,0,0,0,0,0,0,0,0,0,0,813166,1,748542,1,0,0
785,33986040,23289,0,0,0,0,0,0,0,0,0,0,0,0,600458,1,572334,1,0,0
786,33734876,23353,0,0,0,0,0,0,0,0,0,0,0,0,616375,1,587750,1,0,0
787,33672416,23853,0,0,0,0,0,0,0,0,0,0,0,0,632542,1,592625,1,0,0
788,33671544,23505,0,0,0,0,0,0,0,0,0,0,0,0,617875,1,590500,1,0,0
789,33753668,23441,0,0,0,0,0,0,0,0,0,0,0,0,610834,1,582625,1,0,0
790,33377084,23341,0,0,0,0,0,0,0,0,0,0,0,0,615125,1,581375,1,0,0
791,33156960,23289,0,0,0,0,0,0,0,0,0,0,0,0,615959,1,587375,1,0,0
792,33326584,23353,0,0,0,0,0,0,0,0,0,0,0,0,625250,1,592291,1,0,0
793,33348000,23289,0,0,0,0,0,0,0,0,0,0,0,0,631583,1,591958,1,0,0
794,33679124,23377,0,0,0,0,0,0,0,0,0,0,0,0,619708,1,591583,1,0,0
795,33148876,23353,0,0,0,0,0,0,0,0,0,0,0,0,591166,1,563125,1,0,0
796,30289960,23341,0,0,0,0,0,0,0,0,0,0,0,0,550833,1,519709,1,0,0
797,30610208,23289,0,0,0,0,0,0,0,0,0,0,0,0,587708,1,562625,1,0,0
798,31542168,23289,0,0,0,0,0,0,0,0,0,0,0,0,593000,1,567417,1,0,0
799,36369500,23441,0,0,0,0,0,0,0,0,0,0,0,0,714416,1,676666,1,0,0
800,32322876,23289,0,0,0,0,0,0,0,0,0,0,0,0,590792,1,565792,1,0,0
801,33372292,23289,0,0,0,0,0,0,0,0,0,0,0,0,610875,1,581208,1,0,0
802,33026500,23917,0,0,0,0,0,0,0,0,0,0,0,0,612250,1,574875,1,0,0
803,33359460,23557,0,0,0,0,0,0,0,0,0,0,0,0,605333,1,576959,1,0,0
804,33756376,23377,0,0,0,0,0,0,0,0,0,0,0,0,662834,1,634708,1,0,0
805,33674624,23353,0,0,0,0,0,0,0,0,0,0,0,0,751375,1,709083,1,0,0
806,32648416,23289,0,0,0,0,0,0,0,0,0,0,0,0,611583,1,584916,1,0,0
807,33077124,23289,0,0,0,0,0,0,0,0,0,0,0,0,621083,1,593333,1,0,0
808,33633124,23289,0,0,0,0,0,0,0,0,0,0,0,0,676958,1,641792,1,0,0
809,34420000,23493,0,0,0,0,0,0,0,0,0,0,0,0,599000,1,567375,1,0,0
810,35392292,23289,0,0,0,0,0,0,0,0,0,0,0,0,654708,1,620084,1,0,0
811,38986000,23289,0,0,0,0,0,0,0,0,0,0,0,0,774584,1,726917,1,0,0
812,36388544,23353,0,0,0,0,0,0,0,0,0,0,0,0,610750,1,581625,1,0,0
813,35934248,23289,0,0,0,0,0,0,0,0,0,0,0,0,595958,1,568250,1,0,0
814,37856000,23377,0,0,0,0,0,0,0,0,0,0,0,0,795083,1,752708,1,0,0
815,37916168,23405,0,0,0,0,0,0,0,0,0,0,0,0,807958,1,777292,1,0,0
816,42085124,23853,0,0,0,0,0,0,0,0,0,0,0,0,679625,1,646708,1,0,0
817,50199084,23505,0,0,0,0,0,0,0,0,0,0,0,0,1140917,1,1091333,1,0,0
818,65341332,23441,0,0,0,0,0,0,0,0,0,0,0,0,1020625,1,963292,1,0,0
819,70786752,23289,0,0,0,0,0,0,0,0,0,0,0,0,1311416,1,1259875,1,0,0
820,78191208,23405,0,0,0,0,0,0,0,0,0,0,0,0,1284958,1,1176166,1,0,0
821,67894456,23377,0,0,0,0,0,0,0,0,0,0,0,0,1048292,1,998834,1,0,0
822,69906624,23353,0,0,0,0,0,0,0,0,0,0,0,0,1176625,1,1123083,1,0,0
823,68354040,23341,0,0,0,0,0,0,0,0,0,0,0,0,1387000,1,1299167,1,0,0
824,56775248,24005,0,0,0,0,0,0,0,0,0,0,0,0,1042833,1,999208,1,0,0
825,52437124,23505,0,0,0,0,0,0,0,0,0,0,0,0,838959,1,797125,1,0,0
826,48015832,23353,0,0,0,0,0,0,0,0,0,0,0,0,751542,1,709500,1,0,0
827,47347752,23429,0,0,0,0,0,0,0,0,0,0,0,0,720250,1,685500,1,0,0
828,52449460,23289,0,0,0,0,0,0,0,0,0,0,0,0,996125,1,955250,1,0,0
829,53697832,23353,0,0,0,0,0,0,0,0,0,0,0,0,742958,1,688916,1,0,0
830,55619584,23377,0,0,0,0,0,0,0,0,0,0,0,0,841709,1,796000,1,0,0
831,54896208,23405,0,0,0,0,0,0,0,0,0,0,0,0,843833,1,799834,1,0,0
832,56080168,23289,0,0,0,0,0,0,0,0,0,0,0,0,926834,1,868292,1,0,0
833,56885416,24005,0,0,0,0,0,0,0,0,0,0,0,0,838500,1,796459,1,0,0
834,56169668,23505,0,0,0,0,0,0,0,0,0,0,0,0,975959,1,924458,1,0,0
835,54528332,23405,0,0,0,0,0,0,0,0,0,0,0,0,1063959,1,998833,1,0,0
836,49779960,23377,0,0,0,0,0,0,0,0,0,0,0,0,990625,1,946792,1,0,0
837,43535416,23353,0,0,0,0,0,0,0,0,0,0,0,0,731292,1,695458,1,0,0
838,38357416,23289,0,0,0,0,0,0,0,0,0,0,0,0,716500,1,679875,1,0,0
839,37843500,23289,0,0,0,0,0,0,0,0,0,0,0,0,662709,1,628958,1,0,0
840,34229248,23493,0,0,0,0,0,0,0,0,0,0,0,0,604667,1,576458,1,0,0
841,34286208,23289,0,0,0,0,0,0,0,0,0,0,0,0,593750,1,557917,1,0,0
842,33897584,23289,0,0,0,0,0,0,0,0,0,0,0,0,620709,1,592958,1,0,0
843,37662792,23353,0,0,0,0,0,0,0,0,0,0,0,0,732375,1,703625,1,0,0
844,33473876,23289,0,0,0,0,0,0,0,0,0,0,0,0,636792,1,596791,1,0,0
845,33635752,24143,0,0,0,0,0,0,0,0,0,0,0,0,606083,1,579042,1,0,0
846,33382458,23621,0,0,0,0,0,0,0,0,0,0,0,0,587250,1,559792,1,0,0
847,32946792,23289,0,0,0,0,0,0,0,0,0,0,0,0,608458,1,573334,1,0,0
848,30290292,23289,0,0,0,0,0,0,0,0,0,0,0,0,565666,1,539833,1,0,0
849,30194584,23289,0,0,0,0,0,0,0,0,0,0,0,0,572416,1,546291,1,0,0
850,30378792,23441,0,0,0,0,0,0,0,0,0,0,0,0,571750,1,538834,1,0,0
851,30256166,23289,0,0,0,0,0,0,0,0,0,0,0,0,562000,1,533292,1,0,0
852,30269792,23289,0,0,0,0,0,0,0,0,0,0,0,0,566709,1,541250,1,0,0
853,30457584,23341,0,0,0,0,0,0,0,0,0,0,0,0,562125,1,527833,1,0,0
854,31756958,23353,0,0,0,0,0,0,0,0,0,0,0,0,572959,1,547750,1,0,0
855,33535750,23377,0,0,0,0,0,0,0,0,0,0,0,0,623792,1,584584,1,0,0
856,33222040,23289,0,0,0,0,0,0,0,0,0,0,0,0,623375,1,588500,1,0,0
857,34023832,23289,0,0,0,0,0,0,0,0,0,0,0,0,601917,1,573750,1,0,0
858,40768208,23353,0,0,0,0,0,0,0,0,0,0,0,0,659625,1,620375,1,0,0
859,36389500,23341,0,0,0,0,0,0,0,0,0,0,0,0,608750,1,574375,1,0,0
860,34688916,23941,0,0,0,0,0,0,0,0,0,0,0,0,596958,1,568375,1,0,0
861,40344416,23569,0,0,0,0,0,0,0,0,0,0,0,0,648167,1,616333,1,0,0
862,38824540,23587,0,0,0,0,0,0,0,0,0,0,0,0,645333,1,607083,1,0,0
863,43677544,23289,0,0,0,0,0,0,0,0,0,0,0,0,667000,1,631542,1,0,0
864,55593752,23441,0,0,0,0,0,0,0,0,0,0,0,0,844291,1,803292,1,0,0
865,66981752,23341,0,0,0,0,0,0,0,0,0,0,0,0,999250,1,937458,1,0,0
866,70893872,23353,0,0,0,0,0,0,0,0,0,0,0,0,1525625,1,1466584,1,0,0
867,68078000,23377,0,0,0,0,0,0,0,0,0,0,0,0,946334,1,900542,1,0,0
868,75441832,23405,0,0,0,0,0,0,0,0,0,0,0,0,1069750,1,996417,1,0,0
869,67428168,23853,0,0,0,0,0,0,0,0,0,0,0,0,1078292,1,1026667,1,0,0
870,55565416,23657,0,0,0,0,0,0,0,0,0,0,0,0,939750,1,894292,1,0,0
871,47927792,23289,0,0,0,0,0,0,0,0,0,0,0,0,1291667,1,1232542,1,0,0
872,47249792,23405,0,0,0,0,0,0,0,0,0,0,0,0,1241166,1,1192167,1,0,0
873,46202876,23289,0,0,0,0,0,0,0,0,0,0,0,0,743458,1,707250,1,0,0
874,43529916,23377,0,0,0,0,0,0,0,0,0,0,0,0,730458,1,690500,1,0,0
875,42851332,23353,0,0,0,0,0,0,0,0,0,0,0,0,643500,1,611625,1,0,0
876,44116000,23289,0,0,0,0,0,0,0,0,0,0,0,0,674667,1,642708,1,0,0
877,44901460,23341,0,0,0,0,0,0,0,0,0,0,0,0,754792,1,712416,1,0,0
878,51153584,23441,0,0,0,0,0,0,0,0,0,0,0,0,822083,1,777125,1,0,0
879,45353624,23853,0,0,0,0,0,0,0,0,0,0,0,0,747458,1,709041,1,0,0
880,48621292,23505,0,0,0,0,0,0,0,0,0,0,0,0,740625,1,694583,1,0,0
881,53060752,23353,0,0,0,0,0,0,0,0,0,0,0,0,900667,1,859167,1,0,0
882,54737248,23429,0,0,0,0,0,0,0,0,0,0,0,0,843375,1,798750,1,0,0
883,53495332,23353,0,0,0,0,0,0,0,0,0,0,0,0,832458,1,780542,1,0,0
884,54708708,23289,0,0,0,0,0,0,0,0,0,0,0,0,849083,1,798583,1,0,0
885,53179916,23441,0,0,0,0,0,0,0,0,0,0,0,0,848500,1,806542,1,0,0
886,53744084,23341,0,0,0,0,0,0,0,0,0,0,0,0,904416,1,850917,1,0,0
887,53629584,23353,0,0,0,0,0,0,0,0,0,0,0,0,834375,1,783791,1,0,0
888,56920292,23377,0,0,0,0,0,0,0,0,0,0,0,0,860375,1,818792,1,0,0
889,54602708,23917,0,0,0,0,0,0,0,0,0,0,0,0,865583,1,812583,1,0,0
890,49601916,23557,0,0,0,0,0,0,0,0,0,0,0,0,824125,1,781708,1,0,0
891,45671292,23441,0,0,0,0,0,0,0,0,0,0,0,0,754209,1,719500,1,0,0
892,43074124,23289,0,0,0,0,0,0,0,0,0,0,0,0,757459,1,712208,1,0,0
893,40313332,23289,0,0,0,0,0,0,0,0,0,0,0,0,743583,1,708458,1,0,0
894,38245292,23353,0,0,0,0,0,0,0,0,0,0,0,0,660250,1,628833,1,0,0
895,36285000,23429,0,0,0,0,0,0,0,0,0,0,0,0,750291,1,706084,1,0,0
896,33654668,23289,0,0,0,0,0,0,0,0,0,0,0,0,591834,1,563583,1,0,0
897,33577292,23353,0,0,0,0,0,0,0,0,0,0,0,0,602833,1,574833,1,0,0
898,37479792,23289,0,0,0,0,0,0,0,0,0,0,0,0,667750,1,631500,1,0,0
899,38423248,23289,0,0,0,0,0,0,0,0,0,0,0,0,714708,1,680166,1,0,0
900,37736376,23441,0,0,0,0,0,0,0,0,0,0,0,0,617333,1,589625,1,0,0
901,38672792,23905,0,0,0,0,0,0,0,0,0,0,0,0,846875,1,783083,1,0,0
902,37909708,23505,0,0,0,0,0,0,0,0,0,0,0,0,752334,1,718125,1,0,0
903,39762960,23353,0,0,0,0,0,0,0,0,0,0,0,0,589875,1,560083,1,0,0
904,44188124,23377,0,0,0,0,0,0,0,0,0,0,0,0,724625,1,685834,1,0,0
905,49080124,23289,0,0,0,0,0,0,0,0,0,0,0,0,716209,1,680291,1,0,0
906,54726376,23405,0,0,0,0,0,0,0,0,0,0,0,0,841917,1,801666,1,0,0
907,62086540,23289,0,0,0,0,0,0,0,0,0,0,0,0,943666,1,888417,1,0,0
908,68049624,23441,0,0,0,0,0,0,0,0,0,0,0,0,1005250,1,953500,1,0,0
909,68464960,23289,0,0,0,0,0,0,0,0,0,0,0,0,1039458,1,987417,1,0,0
910,65455664,23969,0,0,0,0,0,0,0,0,0,0,0,0,1261292,1,1174375,1,0,0
911,58684832,23593,0,0,0,0,0,0,0,0,0,0,0,0,866667,1,823166,1,0,0
912,55661540,23353,0,0,0,0,0,0,0,0,0,0,0,0,867166,1,824667,1,0,0
913,56899168,23289,0,0,0,0,0,0,0,0,0,0,0,0,894708,1,838417,1,0,0
914,56948792,23493,0,0,0,0,0,0,0,0,0,0,0,0,855042,1,810834,1,0,0
915,56053084,23289,0,0,0,0,0,0,0,0,0,0,0,0,840875,1,798375,1,0,0
916,55406500,23353,0,0,0,0,0,0,0,0,0,0,0,0,888917,1,830542,1,0,0
917,55537916,23377,0,0,0,0,0,0,0,0,0,0,0,0,857750,1,802292,1,0,0
918,60652292,23405,0,0,0,0,0,0,0,0,0,0,0,0,956583,1,906875,1,0,0
919,58067416,23853,0,0,0,0,0,0,0,0,0,0,0,0,963458,1,893333,1,0,0
920,64248292,23657,0,0,0,0,0,0,0,0,0,0,0,0,1137250,1,1082417,1,0,0
921,61173168,23289,0,0,0,0,0,0,0,0,0,0,0,0,1050458,1,982583,1,0,0
922,53102000,23405,0,0,0,0,0,0,0,0,0,0,0,0,884750,1,829708,1,0,0
923,52341584,23377,0,0,0,0,0,0,0,0,0,0,0,0,851042,1,806958,1,0,0
924,45970624,23353,0,0,0,0,0,0,0,0,0,0,0,0,835917,1,793208,1,0,0
925,42289376,23289,0,0,0,0,0,0,0,0,0,0,0,0,755000,1,711209,1,0,0
926,38341916,23289,0,0,0,0,0,0,0,0,0,0,0,0,680417,1,637917,1,0,0
927,35165624,23493,0,0,0,0,0,0,0,0,0,0,0,0,700042,1,669000,1,0,0
928,36966624,23289,0,0,0,0,0,0,0,0,0,0,0,0,719042,1,675458,1,0,0
929,34054876,23289,0,0,0,0,0,0,0,0,0,0,0,0,610041,1,582208,1,0,0
930,34611832,23917,0,0,0,0,0,0,0,0,0,0,0,0,587375,1,559875,1,0,0
931,34031876,23505,0,0,0,0,0,0,0,0,0,0,0,0,602959,1,568625,1,0,0
932,33898500,23377,0,0,0,0,0,0,0,0,0,0,0,0,608000,1,577292,1,0,0
933,33645456,23405,0,0,0,0,0,0,0,0,0,0,0,0,610375,1,582166,1,0,0
934,34110456,23289,0,0,0,0,0,0,0,0,0,0,0,0,628667,1,584292,1,0,0
935,33832624,23289,0,0,0,0,0,0,0,0,0,0,0,0,617708,1,589791,1,0,0
936,33151084,23353,0,0,0,0,0,0,0,0,0,0,0,0,586500,1,559417,1,0,0
937,31062708,23377,0,0,0,0,0,0,0,0,0,0,0,0,624084,1,574583,1,0,0
938,30256458,23289,0,0,0,0,0,0,0,0,0,0,0,0,555333,1,530333,1,0,0
939,30383832,23289,0,0,0,0,0,0,0,0,0,0,0,0,579750,1,553833,1,0,0
940,31423500,23405,0,0,0,0,0,0,0,0,0,0,0,0,556208,1,522583,1,0,0
941,31474166,23289,0,0,0,0,0,0,0,0,0,0,0,0,563750,1,537666,1,0,0
942,31511332,23377,0,0,0,0,0,0,0,0,0,0,0,0,561208,1,535333,1,0,0
943,35992876,23289,0,0,0,0,0,0,0,0,0,0,0,0,710500,1,674125,1,0,0
944,33488168,23353,0,0,0,0,0,0,0,0,0,0,0,0,641750,1,612958,1,0,0
945,33772336,23853,0,0,0,0,0,0,0,0,0,0,0,0,607666,1,578958,1,0,0
946,33398876,23505,0,0,0,0,0,0,0,0,0,0,0,0,607958,1,562750,1,0,0
947,33263708,23493,0,0,0,0,0,0,0,0,0,0,0,0,614000,1,586333,1,0,0
948,33193376,23289,0,0,0,0,0,0,0,0,0,0,0,0,635250,1,607000,1,0,0
949,33585584,23289,0,0,0,0,0,0,0,0,0,0,0,0,631084,1,597833,1,0,0
950,34007248,23353,0,0,0,0,0,0,0,0,0,0,0,0,620375,1,591792,1,0,0
951,33503376,23289,0,0,0,0,0,0,0,0,0,0,0,0,598917,1,570875,1,0,0
952,34919500,23377,0,0,0,0,0,0,0,0,0,0,0,0,607750,1,574208,1,0,0
953,37444668,23405,0,0,0,0,0,0,0,0,0,0,0,0,611209,1,583458,1,0,0
954,37091000,23289,0,0,0,0,0,0,0,0,0,0,0,0,604000,1,569833,1,0,0
955,36302084,23289,0,0,0,0,0,0,0,0,0,0,0,0,646334,1,605625,1,0,0
956,36046248,23353,0,0,0,0,0,0,0,0,0,0,0,0,604792,1,575833,1,0,0
957,45514084,23377,0,0,0,0,0,0,0,0,0,0,0,0,964792,1,907041,1,0,0
958,48899208,23289,0,0,0,0,0,0,0,0,0,0,0,0,812000,1,768292,1,0,0
959,63528208,23969,0,0,0,0,0,0,0,0,0,0,0,0,854209,1,812167,1,0,0
960,68933248,23593,0,0,0,0,0,0,0,0,0,0,0,0,1205375,1,1152834,1,0,0
961,69551752,23353,0,0,0,0,0,0,0,0,0,0,0,0,1003583,1,937333,1,0,0
962,73031624,23341,0,0,0,0,0,0,0,0,0,0,0,0,1053250,1,992666,1,0,0
963,69220960,23441,0,0,0,0,0,0,0,0,0,0,0,0,1029250,1,975708,1,0,0
964,65776876,23289,0,0,0,0,0,0,0,0,0,0,0,0,1048375,1,987292,1,0,0
965,62204336,23405,0,0,0,0,0,0,0,0,0,0,0,0,955792,1,906125,1,0,0
966,50638000,23941,0,0,0,0,0,0,0,0,0,0,0,0,946167,1,899583,1,0,0
967,50449792,23569,0,0,0,0,0,0,0,0,0,0,0,0,1093792,1,1043166,1,0,0
968,48930084,23289,0,0,0,0,0,0,0,0,0,0,0,0,922375,1,852042,1,0,0
969,55492248,23341,0,0,0,0,0,0,0,0,0,0,0,0,1325292,1,1270875,1,0,0
970,54872832,23441,0,0,0,0,0,0,0,0,0,0,0,0,848167,1,790417,1,0,0
971,60819124,23289,0,0,0,0,0,0,0,0,0,0,0,0,821750,1,779458,1,0,0
972,66505040,23353,0,0,0,0,0,0,0,0,0,0,0,0,1098584,1,1040208,1,0,0
973,63136792,23429,0,0,0,0,0,0,0,0,0,0,0,0,1044583,1,975958,1,0,0
974,61327916,23353,0,0,0,0,0,0,0,0,0,0,0,0,922167,1,877250,1,0,0
975,56473248,23853,0,0,0,0,0,0,0,0,0,0,0,0,855375,1,813458,1,0,0
976,55341416,23657,0,0,0,0,0,0,0,0,0,0,0,0,907375,1,851417,1,0,0
977,55994000,23341,0,0,0,0,0,0,0,0,0,0,0,0,866333,1,823417,1,0,0
978,54980708,23353,0,0,0,0,0,0,0,0,0,0,0,0,851458,1,809291,1,0,0
979,53254500,23377,0,0,0,0,0,0,0,0,0,0,0,0,862625,1,806459,1,0,0
980,52090960,23353,0,0,0,0,0,0,0,0,0,0,0,0,856625,1,815458,1,0,0
981,45039960,23341,0,0,0,0,0,0,0,0,0,0,0,0,819459,1,777833,1,0,0
982,42063876,23377,0,0,0,0,0,0,0,0,0,0,0,0,740250,1,694417,1,0,0
983,41857876,23353,0,0,0,0,0,0,0,0,0,0,0,0,750458,1,713334,1,0,0
984,34879416,23289,0,0,0,0,0,0,0,0,0,0,0,0,686791,1,655083,1,0,0
985,34017876,23289,0,0,0,0,0,0,0,0,0,0,0,0,608625,1,574584,1,0,0
986,34076624,24005,0,0,0,0,0,0,0,0,0,0,0,0,612209,1,583833,1,0,0
987,33820584,23557,0,0,0,0,0,0,0,0,0,0,0,0,628542,1,599083,1,0,0
988,34354040,23289,0,0,0,0,0,0,0,0,0,0,0,0,693292,1,658500,1,0,0
989,33548624,23353,0,0,0,0,0,0,0,0,0,0,0,0,619917,1,584000,1,0,0
990,33930752,23289,0,0,0,0,0,0,0,0,0,0,0,0,632167,1,595583,1,0,0
991,33829168,23377,0,0,0,0,0,0,0,0,0,0,0,0,594750,1,562209,1,0,0
992,33406084,23353,0,0,0,0,0,0,0,0,0,0,0,0,609042,1,576208,1,0,0
993,33691416,23341,0,0,0,0,0,0,0,0,0,0,0,0,604250,1,576084,1,0,0
994,32617916,23289,0,0,0,0,0,0,0,0,0,0,0,0,590667,1,559458,1,0,0
995,31668916,23289,0,0,0,0,0,0,0,0,0,0,0,0,576208,1,550833,1,0,0
996,30030376,23441,0,0,0,0,0,0,0,0,0,0,0,0,575667,1,548917,1,0,0
997,31857542,23289,0,0,0,0,0,0,0,0,0,0,0,0,612584,1,578167,1,0,0
998,37426624,23289,0,0,0,0,0,0,0,0,0,0,0,0,771291,1,737250,1,0,0
999,34911752,23289,0,0,0,0,0,0,0,0,0,0,0,0,838083,1,800375,1,0,0
1000,37555876,23969,0,0,0,0,0,0,0,0,0,0,0,0,944167,1,894833,1,0,0
1001,37320248,23593,0,0,0,0,0,0,0,0,0,0,0,0,608666,1,580375,1,0,0
1002,38333544,23289,0,0,0,0,0,0,0,0,0,0,0,0,1164542,1,1119709,1,0,0
1003,36220960,23353,0,0,0,0,0,0,0,0,0,0,0,0,900000,1,847667,1,0,0
1004,39793208,23289,0,0,0,0,0,0,0,0,0,0,0,0,783834,1,750666,1,0,0
1005,44825456,23377,0,0,0,0,0,0,0,0,0,0,0,0,640958,1,609625,1,0,0
1006,55799248,23405,0,0,0,0,0,0,0,0,0,0,0,0,852292,1,803458,1,0,0
1007,66415292,23289,0,0,0,0,0,0,0,0,0,0,0,0,988458,1,935667,1,0,0
1008,69526624,23441,0,0,0,0,0,0,0,0,0,0,0,0,1191584,1,1128542,1,0,0
1009,78579000,23289,0,0,0,0,0,0,0,0,0,0,0,0,1039666,1,977333,1,0,0
1010,66794916,23969,0,0,0,0,0,0,0,0,0,0,0,0,1202792,1,1115792,1,0,0
1011,65629124,23593,0,0,0,0,0,0,0,0,0,0,0,0,1032250,1,979875,1,0,0
1012,55177332,23353,0,0,0,0,0,0,0,0,0,0,0,0,864917,1,812208,1,0,0
1013,55503752,23289,0,0,0,0,0,0,0,0,0,0,0,0,1428834,1,1366958,1,0,0
1014,45587456,23493,0,0,0,0,0,0,0,0,0,0,0,0,767917,1,731959,1,0,0
1015,46374792,23289,0,0,0,0,0,0,0,0,0,0,0,0,1230583,1,1173791,1,0,0
1016,46397460,23289,0,0,0,0,0,0,0,0,0,0,0,0,716917,1,681500,1,0,0
1017,45273624,23353,0,0,0,0,0,0,0,0,0,0,0,0,738667,1,703333,1,0,0
1018,49284168,23377,0,0,0,0,0,0,0,0,0,0,0,0,767417,1,718875,1,0,0
1019,44292292,23341,0,0,0,0,0,0,0,0,0,0,0,0,730000,1,691500,1,0,0
1020,45594292,23917,0,0,0,0,0,0,0,0,0,0,0,0,747791,1,711125,1,0,0
1021,46321040,23505,0,0,0,0,0,0,0,0,0,0,0,0,721292,1,681167,1,0,0
1022,45328416,23377,0,0,0,0,0,0,0,0,0,0,0,0,744542,1,709000,1,0,0
1023,46092876,23353,0,0,0,0,0,0,0,0,0,0,0,0,734042,1,697708,1,0,0
1024,46847876,23341,0,0,0,0,0,0,0,0,0,0,0,0,1014625,1,957083,1,0,0
1025,48072544,23289,0,0,0,0,0,0,0,0,0,0,0,0,712000,1,676667,1,0,0
1026,54573040,23441,0,0,0,0,0,0,0,0,0,0,0,0,826833,1,784417,1,0,0
1027,56583460,23289,0,0,0,0,0,0,0,0,0,0,0,0,1010500,1,955709,1,0,0
1028,60797916,23405,0,0,0,0,0,0,0,0,0,0,0,0,945625,1,898875,1,0,0
1029,51855624,23377,0,0,0,0,0,0,0,0,0,0,0,0,867958,1,818250,1,0,0
1030,48534000,23917,0,0,0,0,0,0,0,0,0,0,0,0,815000,1,767833,1,0,0
1031,43640668,23505,0,0,0,0,0,0,0,0,0,0,0,0,841958,1,806334,1,0,0
1032,40260584,23341,0,0,0,0,0,0,0,0,0,0,0,0,738250,1,703041,1,0,0
1033,37884792,23441,0,0,0,0,0,0,0,0,0,0,0,0,687791,1,631667,1,0,0
1034,33028750,23289,0,0,0,0,0,0,0,0,0,0,0,0,598834,1,569208,1,0,0
1035,33836540,23289,0,0,0,0,0,0,0,0,0,0,0,0,633042,1,602125,1,0,0
1036,33550292,23353,0,0,0,0,0,0,0,0,0,0,0,0,616875,1,578917,1,0,0
1037,33269832,23289,0,0,0,0,0,0,0,0,0,0,0,0,626792,1,594958,1,0,0
1038,33875584,23429,0,0,0,0,0,0,0,0,0,0,0,0,627500,1,591250,1,0,0
1039,33404500,23353,0,0,0,0,0,0,0,0,0,0,0,0,592667,1,559292,1,0,0
1040,32856708,23289,0,0,0,0,0,0,0,0,0,0,0,0,622917,1,594750,1,0,0
1041,34196916,23289,0,0,0,0,0,0,0,0,0,0,0,0,650625,1,621958,1,0,0
1042,30392000,23353,0,0,0,0,0,0,0,0,0,0,0,0,572291,1,540792,1,0,0
1043,31448834,23377,0,0,0,0,0,0,0,0,0,0,0,0,610708,1,574958,1,0,0
1044,32627334,23853,0,0,0,0,0,0,0,0,0,0,0,0,564750,1,539250,1,0,0
1045,35875792,23557,0,0,0,0,0,0,0,0,0,0,0,0,656667,1,621500,1,0,0
1046,35361624,23353,0,0,0,0,0,0,0,0,0,0,0,0,737666,1,704416,1,0,0
1047,37126500,23289,0,0,0,0,0,0,0,0,0,0,0,0,668958,1,631042,1,0,0
1048,35688292,23377,0,0,0,0,0,0,0,0,0,0,0,0,630000,1,597042,1,0,0
1049,36903376,23353,0,0,0,0,0,0,0,0,0,0,0,0,624542,1,596875,1,0,0
1050,36217584,23289,0,0,0,0,0,0,0,0,0,0,0,0,612875,1,585542,1,0,0
1051,40844752,23341,0,0,0,0,0,0,0,0,0,0,0,0,714917,1,660875,1,0,0
1052,44634792,23441,0,0,0,0,0,0,0,0,0,0,0,0,680250,1,646542,1,0,0
1053,54272124,23289,0,0,0,0,0,0,0,0,0,0,0,0,766875,1,730250,1,0,0
1054,69924336,23289,0,0,0,0,0,0,0,0,0,0,0,0,996042,1,936541,1,0,0
1055,73926128,24057,0,0,0,0,0,0,0,0,0,0,0,0,992083,1,937542,1,0,0
1056,69496456,23505,0,0,0,0,0,0,0,0,0,0,0,0,1331167,1,1273792,1,0,0
1057,69082336,23353,0,0,0,0,0,0,0,0,0,0,0,0,1023958,1,965458,1,0,0
1058,67092960,23429,0,0,0,0,0,0,0,0,0,0,0,0,1055333,1,1002750,1,0,0
1059,56851416,23353,0,0,0,0,0,0,0,0,0,0,0,0,1021375,1,968791,1,0,0
1060,54241792,23289,0,0,0,0,0,0,0,0,0,0,0,0,881958,1,834416,1,0,0
1061,45301376,23441,0,0,0,0,0,0,0,0,0,0,0,0,978208,1,938583,1,0,0
1062,50640916,23341,0,0,0,0,0,0,0,0,0,0,0,0,1152500,1,1113917,1,0,0
1063,47930292,23289,0,0,0,0,0,0,0,0,0,0,0,0,747875,1,706458,1,0,0
1064,48314668,23917,0,0,0,0,0,0,0,0,0,0,0,0,731459,1,694959,1,0,0
1065,55110792,23593,0,0,0,0,0,0,0,0,0,0,0,0,815500,1,766209,1,0,0
1066,54115876,23405,0,0,0,0,0,0,0,0,0,0,0,0,827584,1,778166,1,0,0
1067,55130124,23289,0,0,0,0,0,0,0,0,0,0,0,0,1161333,1,1097458,1,0,0
1068,64356376,23441,0,0,0,0,0,0,0,0,0,0,0,0,998208,1,946458,1,0,0
1069,63383792,23289,0,0,0,0,0,0,0,0,0,0,0,0,1009917,1,949458,1,0,0
1070,52891208,23405,0,0,0,0,0,0,0,0,0,0,0,0,872250,1,827250,1,0,0
1071,55778084,23377,0,0,0,0,0,0,0,0,0,0,0,0,911375,1,865916,1,0,0
1072,49797876,23353,0,0,0,0,0,0,0,0,0,0,0,0,869958,1,817958,1,0,0
1073,42335332,23853,0,0,0,0,0,0,0,0,0,0,0,0,733875,1,698167,1,0,0
1074,38017708,23557,0,0,0,0,0,0,0,0,0,0,0,0,664875,1,630958,1,0,0
1075,36968708,23441,0,0,0,0,0,0,0,0,0,0,0,0,683500,1,642875,1,0,0
1076,33887624,23289,0,0,0,0,0,0,0,0,0,0,0,0,589375,1,560708,1,0,0
1077,34005124,23289,0,0,0,0,0,0,0,0,0,0,0,0,599500,1,570916,1,0,0
1078,34169832,23353,0,0,0,0,0,0,0,0,0,0,0,0,598250,1,564833,1,0,0
1079,34287500,23289,0,0,0,0,0,0,0,0,0,0,0,0,584208,1,556417,1,0,0
1080,33807624,23429,0,0,0,0,0,0,0,0,0,0,0,0,624334,1,587917,1,0,0
1081,33573208,23353,0,0,0,0,0,0,0,0,0,0,0,0,600375,1,567500,1,0,0
1082,33357084,23289,0,0,0,0,0,0,0,0,0,0,0,0,623042,1,594875,1,0,0
1083,33132334,23289,0,0,0,0,0,0,0,0,0,0,0,0,614416,1,586125,1,0,0
1084,30319250,23353,0,0,0,0,0,0,0,0,0,0,0,0,550500,1,521834,1,0,0
1085,33793540,23377,0,0,0,0,0,0,0,0,0,0,0,0,717500,1,676125,1,0,0
1086,30615750,23289,0,0,0,0,0,0,0,0,0,0,0,0,555958,1,530292,1,0,0
1087,30233834,23341,0,0,0,0,0,0,0,0,0,0,0,0,560875,1,533875,1,0,0
1088,30148292,23917,0,0,0,0,0,0,0,0,0,0,0,0,590917,1,564917,1,0,0
1089,31600416,23505,0,0,0,0,0,0,0,0,0,0,0,0,573625,1,534208,1,0,0
1090,32730042,23377,0,0,0,0,0,0,0,0,0,0,0,0,760125,1,729375,1,0,0
1091,32274084,23289,0,0,0,0,0,0,0,0,0,0,0,0,568291,1,542042,1,0,0
1092,33823000,23353,0,0,0,0,0,0,0,0,0,0,0,0,741792,1,713375,1,0,0
1093,33511292,23289,0,0,0,0,0,0,0,0,0,0,0,0,635625,1,601625,1,0,0
1094,34260584,23341,0,0,0,0,0,0,0,0,0,0,0,0,622959,1,594041,1,0,0
1095,36115040,23441,0,0,0,0,0,0,0,0,0,0,0,0,830583,1,800541,1,0,0
1096,36589752,23289,0,0,0,0,0,0,0,0,0,0,0,0,819250,1,780583,1,0,0
1097,36389248,23289,0,0,0,0,0,0,0,0,0,0,0,0,599583,1,567167,1,0,0
1098,38119792,23353,0,0,0,0,0,0,0,0,0,0,0,0,606125,1,578041,1,0,0
1099,38119876,23289,0,0,0,0,0,0,0,0,0,0,0,0,621792,1,586292,1,0,0
1100,45110792,23429,0,0,0,0,0,0,0,0,0,0,0,0,961333,1,913334,1,0,0
1101,47110960,23917,0,0,0,0,0,0,0,0,0,0,0,0,734333,1,699333,1,0,0
1102,60887376,23505,0,0,0,0,0,0,0,0,0,0,0,0,847542,1,797959,1,0,0
1103,69483872,23441,0,0,0,0,0,0,0,0,0,0,0,0,995708,1,943708,1,0,0
1104,66181456,23341,0,0,0,0,0,0,0,0,0,0,0,0,1012125,1,946208,1,0,0
1105,68156664,23353,0,0,0,0,0,0,0,0,0,0,0,0,1033792,1,973125,1,0,0
1106,65963916,23377,0,0,0,0,0,0,0,0,0,0,0,0,1057500,1,1004667,1,0,0
1107,62553876,23405,0,0,0,0,0,0,0,0,0,0,0,0,1039833,1,984584,1,0,0
1108,56875416,23289,0,0,0,0,0,0,0,0,0,0,0,0,1048583,1,991292,1,0,0
1109,44875916,23441,0,0,0,0,0,0,0,0,0,0,0,0,796583,1,750709,1,0,0
1110,45062084,23853,0,0,0,0,0,0,0,0,0,0,0,0,819458,1,780833,1,0,0
1111,40579792,23557,0,0,0,0,0,0,0,0,0,0,0,0,658250,1,621500,1,0,0
1112,39688960,23353,0,0,0,0,0,0,0,0,0,0,0,0,630833,1,599625,1,0,0
1113,42371416,23377,0,0,0,0,0,0,0,0,0,0,0,0,1085125,1,1050916,1,0,0
1114,45923416,23289,0,0,0,0,0,0,0,0,0,0,0,0,705083,1,665208,1,0,0
1115,44332416,23353,0,0,0,0,0,0,0,0,0,0,0,0,718125,1,682500,1,0,0
1116,46358960,23341,0,0,0,0,0,0,0,0,0,0,0,0,741958,1,701625,1,0,0
1117,46180668,23377,0,0,0,0,0,0,0,0,0,0,0,0,725792,1,676500,1,0,0
1118,44912792,23353,0,0,0,0,0,0,0,0,0,0,0,0,842334,1,804959,1,0,0
1119,48598376,23289,0,0,0,0,0,0,0,0,0,0,0,0,782084,1,745917,1,0,0
1120,46936584,23289,0,0,0,0,0,0,0,0,0,0,0,0,934458,1,860000,1,0,0
1121,51433876,24057,0,0,0,0,0,0,0,0,0,0,0,0,756750,1,720583,1,0,0
1122,52770624,23505,0,0,0,0,0,0,0,0,0,0,0,0,897417,1,853125,1,0,0
1123,53487668,23353,0,0,0,0,0,0,0,0,0,0,0,0,880041,1,825166,1,0,0
1124,52056376,23377,0,0,0,0,0,0,0,0,0,0,0,0,835709,1,793875,1,0,0
1125,45795708,23405,0,0,0,0,0,0,0,0,0,0,0,0,839875,1,792042,1,0,0
1126,43262168,23289,0,0,0,0,0,0,0,0,0,0,0,0,718542,1,674250,1,0,0
1127,38563292,23289,0,0,0,0,0,0,0,0,0,0,0,0,734125,1,699125,1,0,0
1128,37485040,23441,0,0,0,0,0,0,0,0,0,0,0,0,650500,1,619667,1,0,0
1129,35707040,23289,0,0,0,0,0,0,0,0,0,0,0,0,679916,1,643709,1,0,0
1130,36164040,23341,0,0,0,0,0,0,0,0,0,0,0,0,675792,1,641667,1,0,0
1131,33440666,23353,0,0,0,0,0,0,0,0,0,0,0,0,606750,1,578958,1,0,0
1132,34205832,23853,0,0,0,0,0,0,0,0,0,0,0,0,616000,1,581792,1,0,0
1133,33607832,23593,0,0,0,0,0,0,0,0,0,0,0,0,605916,1,575250,1,0,0
1134,33574876,23353,0,0,0,0,0,0,0,0,0,0,0,0,589833,1,561958,1,0,0
1135,33485584,23289,0,0,0,0,0,0,0,0,0,0,0,0,597000,1,561750,1,0,0
1136,33771336,23341,0,0,0,0,0,0,0,0,0,0,0,0,629292,1,599292,1,0,0
1137,33497458,23353,0,0,0,0,0,0,0,0,0,0,0,0,605667,1,577917,1,0,0
1138,33463376,23377,0,0,0,0,0,0,0,0,0,0,0,0,624542,1,592875,1,0,0
1139,33320250,23289,0,0,0,0,0,0,0,0,0,0,0,0,613542,1,585834,1,0,0
1140,32706124,23353,0,0,0,0,0,0,0,0,0,0,0,0,615791,1,581666,1,0,0
1141,31690792,23289,0,0,0,0,0,0,0,0,0,0,0,0,567458,1,537875,1,0,0
1142,31395292,23289,0,0,0,0,0,0,0,0,0,0,0,0,563375,1,535208,1,0,0
1143,32908334,23429,0,0,0,0,0,0,0,0,0,0,0,0,574250,1,548417,1,0,0
1144,35438916,23353,0,0,0,0,0,0,0,0,0,0,0,0,595708,1,564083,1,0,0
1145,39687040,23289,0,0,0,0,0,0,0,0,0,0,0,0,715625,1,686334,1,0,0
1146,35641960,23289,0,0,0,0,0,0,0,0,0,0,0,0,633875,1,604792,1,0,0
1147,36143248,23917,0,0,0,0,0,0,0,0,0,0,0,0,723125,1,690875,1,0,0
1148,36197456,23593,0,0,0,0,0,0,0,0,0,0,0,0,812792,1,777584,1,0,0
1149,36692292,23341,0,0,0,0,0,0,0,0,0,0,0,0,715417,1,682250,1,0,0
1150,43602664,23353,0,0,0,0,0,0,0,0,0,0,0,0,675709,1,631958,1,0,0
1151,48813916,23289,0,0,0,0,0,0,0,0,0,0,0,0,724084,1,688167,1,0,0
1152,63718792,23377,0,0,0,0,0,0,0,0,0,0,0,0,858542,1,816125,1,0,0
1153,66847708,23353,0,0,0,0,0,0,0,0,0,0,0,0,1021500,1,948792,1,0,0
1154,67411288,23341,0,0,0,0,0,0,0,0,0,0,0,0,1048125,1,987000,1,0,0
1155,68186336,23441,0,0,0,0,0,0,0,0,0,0,0,0,1012375,1,959959,1,0,0
1156,70998624,23853,0,0,0,0,0,0,0,0,0,0,0,0,1079833,1,1013583,1,0,0
1157,57163624,23621,0,0,0,0,0,0,0,0,0,0,0,0,1042958,1,990292,1,0,0
1158,51848460,23377,0,0,0,0,0,0,0,0,0,0,0,0,1031958,1,967833,1,0,0
1159,44598500,23353,0,0,0,0,0,0,0,0,0,0,0,0,779500,1,737791,1,0,0
1160,45978248,23289,0,0,0,0,0,0,0,0,0,0,0,0,729667,1,692750,1,0,0
1161,45240752,23289,0,0,0,0,0,0,0,0,0,0,0,0,836958,1,799458,1,0,0
1162,46380668,23493,0,0,0,0,0,0,0,0,0,0,0,0,736416,1,695333,1,0,0
1163,47760584,23289,0,0,0,0,0,0,0,0,0,0,0,0,1309291,1,1253333,1,0,0
1164,46682500,23289,0,0,0,0,0,0,0,0,0,0,0,0,748416,1,713125,1,0,0
1165,49508708,23353,0,0,0,0,0,0,0,0,0,0,0,0,803750,1,756958,1,0,0
1166,53251876,23941,0,0,0,0,0,0,0,0,0,0,0,0,741542,1,702958,1,0,0
1167,55220584,23621,0,0,0,0,0,0,0,0,0,0,0,0,1202000,1,1146334,1,0,0
1168,54602336,23289,0,0,0,0,0,0,0,0,0,0,0,0,1048333,1,970042,1,0,0
1169,53886624,23441,0,0,0,0,0,0,0,0,0,0,0,0,809750,1,767416,1,0,0
1170,52464584,23289,0,0,0,0,0,0,0,0,0,0,0,0,818375,1,776416,1,0,0
1171,49860124,23405,0,0,0,0,0,0,0,0,0,0,0,0,880250,1,831667,1,0,0
1172,43282292,23377,0,0,0,0,0,0,0,0,0,0,0,0,744583,1,706666,1,0,0
1173,38041460,23289,0,0,0,0,0,0,0,0,0,0,0,0,690708,1,659750,1,0,0
1174,37786584,23353,0,0,0,0,0,0,0,0,0,0,0,0,667167,1,628875,1,0,0
1175,37115876,23289,0,0,0,0,0,0,0,0,0,0,0,0,691500,1,659583,1,0,0
1176,33400458,23429,0,0,0,0,0,0,0,0,0,0,0,0,632584,1,578542,1,0,0
1177,33641960,23353,0,0,0,0,0,0,0,0,0,0,0,0,592041,1,558625,1,0,0
1178,33626752,23853,0,0,0,0,0,0,0,0,0,0,0,0,603291,1,574709,1,0,0
1179,33429168,23505,0,0,0,0,0,0,0,0,0,0,0,0,587375,1,554542,1,0,0
1180,33678084,23353,0,0,0,0,0,0,0,0,0,0,0,0,630417,1,572167,1,0,0
1181,33541876,23377,0,0,0,0,0,0,0,0,0,0,0,0,623875,1,594791,1,0,0
1182,33603752,23341,0,0,0,0,0,0,0,0,0,0,0,0,616458,1,589375,1,0,0
1183,33491708,23353,0,0,0,0,0,0,0,0,0,0,0,0,617667,1,571792,1,0,0
1184,33198250,23289,0,0,0,0,0,0,0,0,0,0,0,0,625959,1,597208,1,0,0
1185,30341916,23289,0,0,0,0,0,0,0,0,0,0,0,0,580042,1,555167,1,0,0
1186,30113124,23377,0,0,0,0,0,0,0,0,0,0,0,0,581500,1,550750,1,0,0
1187,30337416,23353,0,0,0,0,0,0,0,0,0,0,0,0,560625,1,529458,1,0,0
1188,31690250,23289,0,0,0,0,0,0,0,0,0,0,0,0,586292,1,557375,1,0,0
1189,35908624,23341,0,0,0,0,0,0,0,0,0,0,0,0,1252000,1,1196041,1,0,0
1190,40398752,23289,0,0,0,0,0,0,0,0,0,0,0,0,813292,1,777958,1,0,0
1191,37021960,23441,0,0,0,0,0,0,0,0,0,0,0,0,757459,1,717958,1,0,0
1192,35643332,23289,0,0,0,0,0,0,0,0,0,0,0,0,847625,1,813208,1,0,0
1193,36014292,23853,0,0,0,0,0,0,0,0,0,0,0,0,958667,1,929000,1,0,0
1194,37795332,23569,0,0,0,0,0,0,0,0,0,0,0,0,901833,1,868958,1,0,0
1195,41045248,23341,0,0,0,0,0,0,0,0,0,0,0,0,1165208,1,1112542,1,0,0
1196,46613960,23377,0,0,0,0,0,0,0,0,0,0,0,0,882292,1,828250,1,0,0
1197,60572168,23353,0,0,0,0,0,0,0,0,0,0,0,0,828000,1,781333,1,0,0
1198,68771792,23289,0,0,0,0,0,0,0,0,0,0,0,0,993625,1,923667,1,0,0
1199,75289336,23493,0,0,0,0,0,0,0,0,0,0,0,0,1183625,1,1128333,1,0,0
1200,66389876,23289,0,0,0,0,0,0,0,0,0,0,0,0,1057167,1,1007083,1,0,0
1201,73838704,23917,0,0,0,0,0,0,0,0,0,0,0,0,1149625,1,1087000,1,0,0
1202,60382752,23645,0,0,0,0,0,0,0,0,0,0,0,0,1287000,1,1230334,1,0,0
1203,51719168,23353,0,0,0,0,0,0,0,0,0,0,0,0,843375,1,801292,1,0,0
1204,47049376,23289,0,0,0,0,0,0,0,0,0,0,0,0,780042,1,737917,1,0,0
1205,45627500,23377,0,0,0,0,0,0,0,0,0,0,0,0,898500,1,856542,1,0,0
1206,44583248,23405,0,0,0,0,0,0,0,0,0,0,0,0,726875,1,690666,1,0,0
1207,42638040,23289,0,0,0,0,0,0,0,0,0,0,0,0,668500,1,629167,1,0,0
1208,45176584,23289,0,0,0,0,0,0,0,0,0,0,0,0,776625,1,742792,1,0,0
1209,46154876,23441,0,0,0,0,0,0,0,0,0,0,0,0,735666,1,699542,1,0,0
1210,51194960,23289,0,0,0,0,0,0,0,0,0,0,0,0,1093667,1,1036959,1,0,0
1211,46065208,23341,0,0,0,0,0,0,0,0,0,0,0,0,922125,1,879666,1,0,0
1212,52058832,23917,0,0,0,0,0,0,0,0,0,0,0,0,719334,1,682625,1,0,0
1213,53606624,23593,0,0,0,0,0,0,0,0,0,0,0,0,858917,1,810458,1,0,0
1214,54325208,23353,0,0,0,0,0,0,0,0,0,0,0,0,1002666,1,960834,1,0,0
1215,55065876,23341,0,0,0,0,0,0,0,0,0,0,0,0,1050750,1,963917,1,0,0
1216,57568544,23441,0,0,0,0,0,0,0,0,0,0,0,0,864500,1,816917,1,0,0
1217,69009752,23289,0,0,0,0,0,0,0,0,0,0,0,0,1344000,1,1281791,1,0,0
1218,65695876,23353,0,0,0,0,0,0,0,0,0,0,0,0,1007708,1,955250,1,0,0
1219,64009292,23429,0,0,0,0,0,0,0,0,0,0,0,0,1130709,1,1065166,1,0,0
1220,52644332,23917,0,0,0,0,0,0,0,0,0,0,0,0,889584,1,843458,1,0,0
1221,46271960,23505,0,0,0,0,0,0,0,0,0,0,0,0,784000,1,747500,1,0,0
1222,43976708,23377,0,0,0,0,0,0,0,0,0,0,0,0,742625,1,701542,1,0,0
1223,40629624,23405,0,0,0,0,0,0,0,0,0,0,0,0,653083,1,621208,1,0,0
1224,39423376,23289,0,0,0,0,0,0,0,0,0,0,0,0,682375,1,650958,1,0,0
1225,42929456,23289,0,0,0,0,0,0,0,0,0,0,0,0,674458,1,633292,1,0,0
1226,46317460,23441,0,0,0,0,0,0,0,0,0,0,0,0,1049125,1,1012208,1,0,0
1227,45309168,23289,0,0,0,0,0,0,0,0,0,0,0,0,728250,1,687542,1,0,0
1228,46579624,23341,0,0,0,0,0,0,0,0,0,0,0,0,715958,1,677250,1,0,0
1229,49355248,23353,0,0,0,0,0,0,0,0,0,0,0,0,1018417,1,972792,1,0,0
1230,58574792,23377,0,0,0,0,0,0,0,0,0,0,0,0,847708,1,804166,1,0,0
1231,56047916,23917,0,0,0,0,0,0,0,0,0,0,0,0,887292,1,816084,1,0,0
1232,67032084,23557,0,0,0,0,0,0,0,0,0,0,0,0,1014500,1,961667,1,0,0
1233,64605500,23441,0,0,0,0,0,0,0,0,0,0,0,0,1176166,1,1076209,1,0,0
1234,56288544,23289,0,0,0,0,0,0,0,0,0,0,0,0,1195834,1,1126583,1,0,0
1235,54435916,23353,0,0,0,0,0,0,0,0,0,0,0,0,873250,1,828625,1,0,0
1236,55155500,23429,0,0,0,0,0,0,0,0,0,0,0,0,843625,1,802250,1,0,0
1237,55499752,23353,0,0,0,0,0,0,0,0,0,0,0,0,1026917,1,969417,1,0,0
1238,58210792,23289,0,0,0,0,0,0,0,0,0,0,0,0,903375,1,860084,1,0,0
1239,56790208,23441,0,0,0,0,0,0,0,0,0,0,0,0,1146792,1,1096791,1,0,0
1240,55916168,23905,0,0,0,0,0,0,0,0,0,0,0,0,874375,1,825375,1,0,0
1241,54640832,23569,0,0,0,0,0,0,0,0,0,0,0,0,897459,1,850541,1,0,0
1242,55360040,23377,0,0,0,0,0,0,0,0,0,0,0,0,870333,1,827375,1,0,0
1243,53469000,23353,0,0,0,0,0,0,0,0,0,0,0,0,900834,1,847666,1,0,0
1244,56015168,23341,0,0,0,0,0,0,0,0,0,0,0,0,962125,1,915958,1,0,0
1245,56104376,23441,0,0,0,0,0,0,0,0,0,0,0,0,878042,1,835416,1,0,0
1246,56181960,23289,0,0,0,0,0,0,0,0,0,0,0,0,981625,1,930791,1,0,0
1247,60788208,23353,0,0,0,0,0,0,0,0,0,0,0,0,1042584,1,997042,1,0,0
1248,57499540,23429,0,0,0,0,0,0,0,0,0,0,0,0,928875,1,884375,1,0,0
1249,62794832,24133,0,0,0,0,0,0,0,0,0,0,0,0,1091000,1,1004625,1,0,0
1250,52506040,23289,0,0,0,0,0,0,0,0,0,0,0,0,860792,1,818666,1,0,0
1251,50206916,23441,0,0,0,0,0,0,0,0,0,0,0,0,828417,1,785375,1,0,0
1252,43881832,23341,0,0,0,0,0,0,0,0,0,0,0,0,794833,1,750625,1,0,0
1253,38038584,23289,0,0,0,0,0,0,0,0,0,0,0,0,676459,1,640375,1,0,0
1254,37634248,23353,0,0,0,0,0,0,0,0,0,0,0,0,681416,1,639083,1,0,0
1255,34483376,23377,0,0,0,0,0,0,0,0,0,0,0,0,597375,1,564167,1,0,0
1256,34223416,23289,0,0,0,0,0,0,0,0,0,0,0,0,613416,1,586125,1,0,0
1257,34204168,23353,0,0,0,0,0,0,0,0,0,0,0,0,602125,1,572500,1,0,0
1258,36823752,23341,0,0,0,0,0,0,0,0,0,0,0,0,874125,1,834750,1,0,0
1259,33924876,23289,0,0,0,0,0,0,0,0,0,0,0,0,703000,1,667709,1,0,0
1260,33625624,23441,0,0,0,0,0,0,0,0,0,0,0,0,620958,1,593000,1,0,0
1261,33628708,23853,0,0,0,0,0,0,0,0,0,0,0,0,598000,1,566375,1,0,0
1262,33681916,23505,0,0,0,0,0,0,0,0,0,0,0,0,627083,1,598625,1,0,0
1263,32371332,23353,0,0,0,0,0,0,0,0,0,0,0,0,605875,1,574291,1,0,0
1264,30206042,23341,0,0,0,0,0,0,0,0,0,0,0,0,563417,1,534917,1,0,0
1265,30624500,23377,0,0,0,0,0,0,0,0,0,0,0,0,572084,1,546625,1,0,0
1266,30263124,23289,0,0,0,0,0,0,0,0,0,0,0,0,551541,1,526667,1,0,0
1267,30325958,23353,0,0,0,0,0,0,0,0,0,0,0,0,586416,1,549792,1,0,0
1268,30083416,23289,0,0,0,0,0,0,0,0,0,0,0,0,570000,1,544083,1,0,0
1269,31548668,23289,0,0,0,0,0,0,0,0,0,0,0,0,559417,1,533792,1,0,0
1270,32430292,23377,0,0,0,0,0,0,0,0,0,0,0,0,592542,1,559666,1,0,0
1271,35363792,23405,0,0,0,0,0,0,0,0,0,0,0,0,676000,1,646000,1,0,0
1272,35772832,23289,0,0,0,0,0,0,0,0,0,0,0,0,917833,1,887917,1,0,0
1273,37205832,23289,0,0,0,0,0,0,0,0,0,0,0,0,631500,1,595291,1,0,0
1274,42001832,23353,0,0,0,0,0,0,0,0,0,0,0,0,649625,1,614042,1,0,0
1275,36759124,23377,0,0,0,0,0,0,0,0,0,0,0,0,868042,1,830959,1,0,0
1276,36725336,23853,0,0,0,0,0,0,0,0,0,0,0,0,628000,1,592125,1,0,0
1277,47636752,23621,0,0,0,0,0,0,0,0,0,0,0,0,662208,1,629625,1,0,0
1278,59703584,23289,0,0,0,0,0,0,0,0,0,0,0,0,917875,1,867833,1,0,0
1279,73530584,23441,0,0,0,0,0,0,0,0,0,0,0,0,1013916,1,954041,1,0,0
1280,70004584,23289,0,0,0,0,0,0,0,0,0,0,0,0,931083,1,884958,1,0,0
1281,66015376,23405,0,0,0,0,0,0,0,0,0,0,0,0,1000208,1,950208,1,0,0
1282,67380208,23377,0,0,0,0,0,0,0,0,0,0,0,0,1102875,1,1039000,1,0,0
1283,67317872,23353,0,0,0,0,0,0,0,0,0,0,0,0,1367583,1,1310792,1,0,0
1284,54608500,23905,0,0,0,0,0,0,0,0,0,0,0,0,845500,1,801250,1,0,0
1285,46826168,23657,0,0,0,0,0,0,0,0,0,0,0,0,1297458,1,1215167,1,0,0
1286,45741668,23289,0,0,0,0,0,0,0,0,0,0,0,0,732709,1,697042,1,0,0
1287,46866752,23289,0,0,0,0,0,0,0,0,0,0,0,0,757666,1,714667,1,0,0
1288,47047500,23353,0,0,0,0,0,0,0,0,0,0,0,0,1144667,1,1099333,1,0,0
1289,46276084,23429,0,0,0,0,0,0,0,0,0,0,0,0,880583,1,845500,1,0,0
1290,46176000,23289,0,0,0,0,0,0,0,0,0,0,0,0,732750,1,697750,1,0,0
1291,46075792,23353,0,0,0,0,0,0,0,0,0,0,0,0,760416,1,719208,1,0,0
1292,45154752,23289,0,0,0,0,0,0,0,0,0,0,0,0,739375,1,704583,1,0,0
1293,56917084,23377,0,0,0,0,0,0,0,0,0,0,0,0,1382458,1,1329208,1,0,0
1294,53274960,23969,0,0,0,0,0,0,0,0,0,0,0,0,828416,1,784709,1,0,0
1295,53983168,23505,0,0,0,0,0,0,0,0,0,0,0,0,846958,1,805041,1,0,0
1296,65784248,23441,0,0,0,0,0,0,0,0,0,0,0,0,1315125,1,1260458,1,0,0
1297,68648872,23289,0,0,0,0,0,0,0,0,0,0,0,0,1038292,1,970334,1,0,0
1298,61846752,23405,0,0,0,0,0,0,0,0,0,0,0,0,1202917,1,1142667,1,0,0
1299,52092124,23377,0,0,0,0,0,0,0,0,0,0,0,0,832083,1,786625,1,0,0
1300,45453124,23353,0,0,0,0,0,0,0,0,0,0,0,0,866166,1,817167,1,0,0
1301,39476376,23289,0,0,0,0,0,0,0,0,0,0,0,0,733875,1,690792,1,0,0
1302,41127208,23289,0,0,0,0,0,0,0,0,0,0,0,0,776417,1,740875,1,0,0
1303,35646456,23493,0,0,0,0,0,0,0,0,0,0,0,0,699708,1,648542,1,0,0
1304,33745960,23853,0,0,0,0,0,0,0,0,0,0,0,0,599500,1,571459,1,0,0
1305,34391376,23505,0,0,0,0,0,0,0,0,0,0,0,0,591625,1,560375,1,0,0
1306,33694584,23353,0,0,0,0,0,0,0,0,0,0,0,0,603791,1,557417,1,0,0
1307,33336334,23289,0,0,0,0,0,0,0,0,0,0,0,0,603334,1,575541,1,0,0
1308,33953336,23377,0,0,0,0,0,0,0,0,0,0,0,0,603417,1,575959,1,0,0
1309,34930624,23405,0,0,0,0,0,0,0,0,0,0,0,0,611666,1,574125,1,0,0
1310,35769416,23289,0,0,0,0,0,0,0,0,0,0,0,0,591959,1,564208,1,0,0
1311,35719000,23289,0,0,0,0,0,0,0,0,0,0,0,0,639292,1,610291,1,0,0
1312,35102624,23353,0,0,0,0,0,0,0,0,0,0,0,0,667250,1,630500,1,0,0
1313,36472208,23377,0,0,0,0,0,0,0,0,0,0,0,0,1497791,1,1446584,1,0,0
1314,36728916,23289,0,0,0,0,0,0,0,0,0,0,0,0,735958,1,700292,1,0,0
1315,37477168,23405,0,0,0,0,0,0,0,0,0,0,0,0,598291,1,563750,1,0,0
1316,42155336,23289,0,0,0,0,0,0,0,0,0,0,0,0,1351334,1,1298416,1,0,0
1317,37072960,23377,0,0,0,0,0,0,0,0,0,0,0,0,612958,1,583125,1,0,0
1318,39760376,23917,0,0,0,0,0,0,0,0,0,0,0,0,665500,1,616083,1,0,0
1319,58031248,23505,0,0,0,0,0,0,0,0,0,0,0,0,1219041,1,1168291,1,0,0
1320,69862336,23341,0,0,0,0,0,0,0,0,0,0,0,0,986292,1,933166,1,0,0
1321,86966080,23441,0,0,0,0,0,0,0,0,0,0,0,0,996334,1,911250,1,0,0
1322,70705376,23289,0,0,0,0,0,0,0,0,0,0,0,0,945708,1,893375,1,0,0
1323,68328288,23493,0,0,0,0,0,0,0,0,0,0,0,0,1260375,1,1205541,1,0,0
1324,66915500,23289,0,0,0,0,0,0,0,0,0,0,0,0,1030750,1,959750,1,0,0
1325,60939376,23917,0,0,0,0,0,0,0,0,0,0,0,0,978375,1,928083,1,0,0
1326,49643208,23593,0,0,0,0,0,0,0,0,0,0,0,0,937125,1,895041,1,0,0
1327,46821876,23405,0,0,0,0,0,0,0,0,0,0,0,0,765041,1,717417,1,0,0
1328,46630000,23289,0,0,0,0,0,0,0,0,0,0,0,0,739083,1,703750,1,0,0
1329,47535624,23289,0,0,0,0,0,0,0,0,0,0,0,0,1012500,1,966792,1,0,0
1330,46408752,23441,0,0,0,0,0,0,0,0,0,0,0,0,734209,1,689458,1,0,0
1331,47312336,23289,0,0,0,0,0,0,0,0,0,0,0,0,843375,1,804750,1,0,0
1332,53812248,23341,0,0,0,0,0,0,0,0,0,0,0,0,751417,1,715000,1,0,0
1333,53436416,23353,0,0,0,0,0,0,0,0,0,0,0,0,827208,1,776959,1,0,0
1334,56278668,23377,0,0,0,0,0,0,0,0,0,0,0,0,819584,1,775208,1,0,0
1335,54335208,23917,0,0,0,0,0,0,0,0,0,0,0,0,833833,1,791334,1,0,0
1336,59924040,23557,0,0,0,0,0,0,0,0,0,0,0,0,994625,1,936459,1,0,0
1337,51282248,23441,0,0,0,0,0,0,0,0,0,0,0,0,824125,1,783208,1,0,0
1338,50137792,23289,0,0,0,0,0,0,0,0,0,0,0,0,820625,1,779250,1,0,0
1339,43461292,23353,0,0,0,0,0,0,0,0,0,0,0,0,758583,1,700333,1,0,0
1340,38016248,23341,0,0,0,0,0,0,0,0,0,0,0,0,657083,1,626584,1,0,0
1341,37907248,23377,0,0,0,0,0,0,0,0,0,0,0,0,658083,1,624000,1,0,0
1342,34204960,23353,0,0,0,0,0,0,0,0,0,0,0,0,600667,1,569458,1,0,0
1343,34253084,23289,0,0,0,0,0,0,0,0,0,0,0,0,588791,1,560792,1,0,0
1344,33838624,23289,0,0,0,0,0,0,0,0,0,0,0,0,611500,1,582042,1,0,0
1345,38220292,23353,0,0,0,0,0,0,0,0,0,0,0,0,723292,1,688541,1,0,0
1346,36118500,23429,0,0,0,0,0,0,0,0,0,0,0,0,631833,1,603666,1,0,0
1347,36326376,23289,0,0,0,0,0,0,0,0,0,0,0,0,870250,1,840792,1,0,0
1348,39025168,23917,0,0,0,0,0,0,0,0,0,0,0,0,604500,1,569042,1,0,0
1349,37723708,23505,0,0,0,0,0,0,0,0,0,0,0,0,950041,1,921416,1,0,0
1350,36389168,23289,0,0,0,0,0,0,0,0,0,0,0,0,759209,1,715791,1,0,0
1351,36064332,23441,0,0,0,0,0,0,0,0,0,0,0,0,796875,1,754458,1,0,0
1352,40990540,23341,0,0,0,0,0,0,0,0,0,0,0,0,714375,1,677167,1,0,0
1353,46301416,23289,0,0,0,0,0,0,0,0,0,0,0,0,733542,1,694417,1,0,0
1354,59682960,23353,0,0,0,0,0,0,0,0,0,0,0,0,868500,1,815875,1,0,0
1355,68747000,23377,0,0,0,0,0,0,0,0,0,0,0,0,1037958,1,953958,1,0,0
1356,68950288,23405,0,0,0,0,0,0,0,0,0,0,0,0,1102250,1,1047541,1,0,0
1357,75624080,23853,0,0,0,0,0,0,0,0,0,0,0,0,1616625,1,1528792,1,0,0
1358,70500872,23657,0,0,0,0,0,0,0,0,0,0,0,0,1196333,1,1124584,1,0,0
1359,67798040,23341,0,0,0,0,0,0,0,0,0,0,0,0,1050333,1,997167,1,0,0
1360,56612960,23353,0,0,0,0,0,0,0,0,0,0,0,0,903166,1,838542,1,0,0
1361,56247084,23377,0,0,0,0,0,0,0,0,0,0,0,0,868750,1,822875,1,0,0
1362,51732752,23353,0,0,0,0,0,0,0,0,0,0,0,0,857458,1,814500,1,0,0
1363,45982416,23341,0,0,0,0,0,0,0,0,0,0,0,0,745250,1,700583,1,0,0
1364,45527084,23377,0,0,0,0,0,0,0,0,0,0,0,0,765458,1,728083,1,0,0
1365,52344292,23353,0,0,0,0,0,0,0,0,0,0,0,0,1670417,1,1597416,1,0,0
1366,55294960,23853,0,0,0,0,0,0,0,0,0,0,0,0,1189750,1,1124917,1,0,0
1367,54825416,23657,0,0,0,0,0,0,0,0,0,0,0,0,836000,1,792708,1,0,0
1368,57016624,23341,0,0,0,0,0,0,0,0,0,0,0,0,852750,1,805292,1,0,0
1369,56693376,23353,0,0,0,0,0,0,0,0,0,0,0,0,1420041,1,1352500,1,0,0
1370,61159208,23377,0,0,0,0,0,0,0,0,0,0,0,0,857750,1,808542,1,0,0
1371,59892416,23353,0,0,0,0,0,0,0,0,0,0,0,0,1030458,1,976000,1,0,0
1372,51086416,23341,0,0,0,0,0,0,0,0,0,0,0,0,898791,1,823333,1,0,0
1373,44553124,23441,0,0,0,0,0,0,0,0,0,0,0,0,754875,1,712125,1,0,0
1374,42640832,23289,0,0,0,0,0,0,0,0,0,0,0,0,879125,1,842375,1,0,0
1375,37893456,23289,0,0,0,0,0,0,0,0,0,0,0,0,687208,1,651666,1,0,0
1376,34335876,23917,0,0,0,0,0,0,0,0,0,0,0,0,604083,1,567833,1,0,0
1377,34050832,23645,0,0,0,0,0,0,0,0,0,0,0,0,618375,1,578750,1,0,0
1378,33913292,23289,0,0,0,0,0,0,0,0,0,0,0,0,606708,1,575042,1,0,0
1379,33661336,23353,0,0,0,0,0,0,0,0,0,0,0,0,604042,1,574917,1,0,0
1380,33997416,23289,0,0,0,0,0,0,0,0,0,0,0,0,600292,1,566458,1,0,0
1381,33195460,23289,0,0,0,0,0,0,0,0,0,0,0,0,631167,1,597709,1,0,0
1382,33148916,23441,0,0,0,0,0,0,0,0,0,0,0,0,599000,1,569875,1,0,0
1383,33356750,23341,0,0,0,0,0,0,0,0,0,0,0,0,589750,1,562083,1,0,0
1384,33163832,23289,0,0,0,0,0,0,0,0,0,0,0,0,626875,1,596583,1,0,0
1385,33380624,23289,0,0,0,0,0,0,0,0,0,0,0,0,617417,1,589792,1,0,0
1386,33234500,23353,0,0,0,0,0,0,0,0,0,0,0,0,617375,1,588541,1,0,0
1387,30262084,23377,0,0,0,0,0,0,0,0,0,0,0,0,572042,1,523708,1,0,0
1388,30407208,23289,0,0,0,0,0,0,0,0,0,0,0,0,567208,1,540541,1,0,0
1389,33207292,23289,0,0,0,0,0,0,0,0,0,0,0,0,667500,1,636833,1,0,0
1390,31614084,23405,0,0,0,0,0,0,0,0,0,0,0,0,624625,1,593667,1,0,0
1391,32976500,23853,0,0,0,0,0,0,0,0,0,0,0,0,560750,1,535583,1,0,0
1392,33929664,36117,0,0,0,0,0,0,0,0,0,0,0,0,608167,1,579125,1,0,0
1393,35722916,23289,0,0,0,0,0,0,0,0,0,0,0,0,605500,1,577000,1,0,0
1394,35469248,23353,0,0,0,0,0,0,0,0,0,0,0,0,618041,1,584292,1,0,0
1395,36665416,23289,0,0,0,0,0,0,0,0,0,0,0,0,693375,1,657875,1,0,0
1396,36558292,23341,0,0,0,0,0,0,0,0,0,0,0,0,846041,1,784334,1,0,0
1397,36450248,23441,0,0,0,0,0,0,0,0,0,0,0,0,601625,1,564375,1,0,0
1398,37961876,23289,0,0,0,0,0,0,0,0,0,0,0,0,734167,1,702417,1,0,0
1399,39922168,23289,0,0,0,0,0,0,0,0,0,0,0,0,705292,1,672709,1,0,0
1400,49063000,23353,0,0,0,0,0,0,0,0,0,0,0,0,816875,1,777625,1,0,0
1401,60745876,23377,0,0,0,0,0,0,0,0,0,0,0,0,920542,1,875750,1,0,0
1402,72075208,23405,0,0,0,0,0,0,0,0,0,0,0,0,1043875,1,988042,1,0,0
1403,66875084,23853,0,0,0,0,0,0,0,0,0,0,0,0,1146208,1,1085000,1,0,0
1404,66884040,23657,0,0,0,0,0,0,0,0,0,0,0,0,1031084,1,977333,1,0,0
1405,67068708,23341,0,0,0,0,0,0,0,0,0,0,0,0,1041916,1,987584,1,0,0
1406,65827876,23353,0,0,0,0,0,0,0,0,0,0,0,0,1074125,1,1013625,1,0,0
1407,55505168,23377,0,0,0,0,0,0,0,0,0,0,0,0,1153667,1,1092083,1,0,0
1408,55970500,23353,0,0,0,0,0,0,0,0,0,0,0,0,882917,1,837167,1,0,0
1409,51434292,23341,0,0,0,0,0,0,0,0,0,0,0,0,909292,1,858917,1,0,0
1410,54598332,23441,0,0,0,0,0,0,0,0,0,0,0,0,836834,1,800125,1,0,0
1411,44551456,23853,0,0,0,0,0,0,0,0,0,0,0,0,732834,1,685584,1,0,0
1412,46133084,23505,0,0,0,0,0,0,0,0,0,0,0,0,760875,1,714167,1,0,0
1413,46827916,23353,0,0,0,0,0,0,0,0,0,0,0,0,749084,1,711833,1,0,0
1414,45562960,23429,0,0,0,0,0,0,0,0,0,0,0,0,765667,1,709500,1,0,0
1415,45153708,23289,0,0,0,0,0,0,0,0,0,0,0,0,741250,1,696208,1,0,0
1416,46501668,23353,0,0,0,0,0,0,0,0,0,0,0,0,748667,1,695208,1,0,0
1417,46882376,23289,0,0,0,0,0,0,0,0,0,0,0,0,733541,1,696208,1,0,0
1418,46788832,23377,0,0,0,0,0,0,0,0,0,0,0,0,730917,1,689958,1,0,0
1419,51066960,23405,0,0,0,0,0,0,0,0,0,0,0,0,706250,1,671209,1,0,0
1420,52650332,23289,0,0,0,0,0,0,0,0,0,0,0,0,828292,1,785584,1,0,0
1421,43301168,23441,0,0,0,0,0,0,0,0,0,0,0,0,750250,1,709667,1,0,0
1422,43098040,23853,0,0,0,0,0,0,0,0,0,0,0,0,728125,1,693166,1,0,0
1423,40986084,23505,0,0,0,0,0,0,0,0,0,0,0,0,760167,1,724750,1,0,0
1424,38100376,23405,0,0,0,0,0,0,0,0,0,0,0,0,664167,1,619084,1,0,0
1425,38442040,23377,0,0,0,0,0,0,0,0,0,0,0,0,647500,1,615333,1,0,0
1426,36381584,23289,0,0,0,0,0,0,0,0,0,0,0,0,653875,1,626041,1,0,0
1427,35885624,23353,0,0,0,0,0,0,0,0,0,0,0,0,597666,1,563667,1,0,0
1428,35403376,23289,0,0,0,0,0,0,0,0,0,0,0,0,1002333,1,972541,1,0,0
1429,38613540,23289,0,0,0,0,0,0,0,0,0,0,0,0,740125,1,707041,1,0,0
1430,40156168,23493,0,0,0,0,0,0,0,0,0,0,0,0,649083,1,608625,1,0,0
1431,39537000,23289,0,0,0,0,0,0,0,0,0,0,0,0,856541,1,821875,1,0,0
1432,40990624,23289,0,0,0,0,0,0,0,0,0,0,0,0,650083,1,619500,1,0,0
1433,48441040,23353,0,0,0,0,0,0,0,0,0,0,0,0,853208,1,803833,1,0,0
1434,45728168,23377,0,0,0,0,0,0,0,0,0,0,0,0,737000,1,700000,1,0,0
1435,51886208,23905,0,0,0,0,0,0,0,0,0,0,0,0,717417,1,677041,1,0,0
1436,53245916,23569,0,0,0,0,0,0,0,0,0,0,0,0,842500,1,794958,1,0,0
1437,53615832,23377,0,0,0,0,0,0,0,0,0,0,0,0,861084,1,817250,1,0,0
1438,55530248,23353,0,0,0,0,0,0,0,0,0,0,0,0,822500,1,779375,1,0,0
1439,55068168,23341,0,0,0,0,0,0,0,0,0,0,0,0,928834,1,864000,1,0,0
1440,57886416,23441,0,0,0,0,0,0,0,0,0,0,0,0,833541,1,791375,1,0,0
1441,61336708,23289,0,0,0,0,0,0,0,0,0,0,0,0,922459,1,879958,1,0,0
1442,69728544,23353,0,0,0,0,0,0,0,0,0,0,0,0,1236792,1,1162791,1,0,0
1443,55091792,23993,0,0,0,0,0,0,0,0,0,0,0,0,1140500,1,1097208,1,0,0
1444,59711084,23569,0,0,0,0,0,0,0,0,0,0,0,0,842834,1,800583,1,0,0
1445,58096960,23289,0,0,0,0,0,0,0,0,0,0,0,0,867875,1,820166,1,0,0
1446,55979668,23441,0,0,0,0,0,0,0,0,0,0,0,0,828792,1,786709,1,0,0
1447,54288248,23341,0,0,0,0,0,0,0,0,0,0,0,0,888208,1,846041,1,0,0
1448,55614584,23353,0,0,0,0,0,0,0,0,0,0,0,0,858167,1,808125,1,0,0
1449,55617456,23377,0,0,0,0,0,0,0,0,0,0,0,0,967625,1,920875,1,0,0
1450,55033084,23353,0,0,0,0,0,0,0,0,0,0,0,0,1011500,1,968166,1,0,0
1451,57283456,23341,0,0,0,0,0,0,0,0,0,0,0,0,938667,1,867042,1,0,0
1452,56205792,24005,0,0,0,0,0,0,0,0,0,0,0,0,857791,1,815791,1,0,0
1453,54737876,23505,0,0,0,0,0,0,0,0,0,0,0,0,1041916,1,987333,1,0,0
1454,53206708,23353,0,0,0,0,0,0,0,0,0,0,0,0,920375,1,857167,1,0,0
1455,53259664,23429,0,0,0,0,0,0,0,0,0,0,0,0,1001708,1,935625,1,0,0
1456,46744584,23353,0,0,0,0,0,0,0,0,0,0,0,0,877000,1,834083,1,0,0
1457,44351332,23289,0,0,0,0,0,0,0,0,0,0,0,0,737542,1,697125,1,0,0
1458,44214292,23289,0,0,0,0,0,0,0,0,0,0,0,0,715292,1,679917,1,0,0
1459,43184168,23441,0,0,0,0,0,0,0,0,0,0,0,0,712584,1,675209,1,0,0
1460,37872668,23341,0,0,0,0,0,0,0,0,0,0,0,0,666292,1,627042,1,0,0
1461,40946668,23289,0,0,0,0,0,0,0,0,0,0,0,0,703250,1,671625,1,0,0
1462,37512292,23353,0,0,0,0,0,0,0,0,0,0,0,0,683833,1,651583,1,0,0
1463,33998876,23941,0,0,0,0,0,0,0,0,0,0,0,0,607833,1,574833,1,0,0
1464,34001584,23505,0,0,0,0,0,0,0,0,0,0,0,0,612917,1,582166,1,0,0
1465,33793248,23353,0,0,0,0,0,0,0,0,0,0,0,0,673333,1,611833,1,0,0
1466,33244668,23341,0,0,0,0,0,0,0,0,0,0,0,0,609666,1,577375,1,0,0
1467,33568416,23289,0,0,0,0,0,0,0,0,0,0,0,0,608750,1,579459,1,0,0
1468,33065708,23441,0,0,0,0,0,0,0,0,0,0,0,0,601709,1,573209,1,0,0
1469,33302124,23289,0,0,0,0,0,0,0,0,0,0,0,0,628792,1,592583,1,0,0
1470,33572416,23289,0,0,0,0,0,0,0,0,0,0,0,0,653417,1,615750,1,0,0
1471,33409332,23289,0,0,0,0,0,0,0,0,0,0,0,0,600958,1,573084,1,0,0
1472,33219584,23405,0,0,0,0,0,0,0,0,0,0,0,0,608959,1,574375,1,0,0
1473,33807168,23377,0,0,0,0,0,0,0,0,0,0,0,0,616375,1,588208,1,0,0
1474,33052084,23289,0,0,0,0,0,0,0,0,0,0,0,0,637333,1,608625,1,0,0
1475,37418248,23353,0,0,0,0,0,0,0,0,0,0,0,0,699333,1,663708,1,0,0
1476,33643876,23289,0,0,0,0,0,0,0,0,0,0,0,0,604000,1,576458,1,0,0
1477,33425500,23289,0,0,0,0,0,0,0,0,0,0,0,0,616750,1,588709,1,0,0
1478,32944750,24057,0,0,0,0,0,0,0,0,0,0,0,0,609791,1,576042,1,0,0
1479,31189000,23505,0,0,0,0,0,0,0,0,0,0,0,0,558875,1,533209,1,0,0
1480,31353208,23289,0,0,0,0,0,0,0,0,0,0,0,0,558833,1,533166,1,0,0
1481,31253876,23289,0,0,0,0,0,0,0,0,0,0,0,0,574250,1,542167,1,0,0
1482,32693958,23353,0,0,0,0,0,0,0,0,0,0,0,0,557208,1,530542,1,0,0
1483,36468624,23377,0,0,0,0,0,0,0,0,0,0,0,0,679084,1,648916,1,0,0
1484,35998876,23289,0,0,0,0,0,0,0,0,0,0,0,0,631625,1,595916,1,0,0
1485,36266792,23405,0,0,0,0,0,0,0,0,0,0,0,0,603833,1,573000,1,0,0
1486,36406544,23289,0,0,0,0,0,0,0,0,0,0,0,0,588583,1,560667,1,0,0
1487,37045960,23289,0,0,0,0,0,0,0,0,0,0,0,0,636250,1,583041,1,0,0
1488,35623124,23441,0,0,0,0,0,0,0,0,0,0,0,0,624166,1,595792,1,0,0
1489,39687248,23289,0,0,0,0,0,0,0,0,0,0,0,0,721292,1,693542,1,0,0
1490,50787832,23289,0,0,0,0,0,0,0,0,0,0,0,0,774042,1,722958,1,0,0
1491,62789876,23969,0,0,0,0,0,0,0,0,0,0,0,0,1000084,1,924709,1,0,0
1492,66581292,23593,0,0,0,0,0,0,0,0,0,0,0,0,985291,1,934417,1,0,0
1493,69221336,23353,0,0,0,0,0,0,0,0,0,0,0,0,1197916,1,1115250,1,0,0
1494,67309920,23289,0,0,0,0,0,0,0,0,0,0,0,0,1155084,1,1095250,1,0,0
1495,66736376,23493,0,0,0,0,0,0,0,0,0,0,0,0,1090125,1,1013875,1,0,0
1496,64541792,23289,0,0,0,0,0,0,0,0,0,0,0,0,1066166,1,978667,1,0,0
1497,55349876,23353,0,0,0,0,0,0,0,0,0,0,0,0,850250,1,807916,1,0,0
1498,56791584,23377,0,0,0,0,0,0,0,0,0,0,0,0,913167,1,866208,1,0,0
1499,47192040,24171,0,0,0,0,0,0,0,0,0,0,0,0,745667,1,702209,1,0,0
1500,45999376,23505,0,0,0,0,0,0,0,0,0,0,0,0,1154250,1,1117583,1,0,0
1501,46655292,23289,0,0,0,0,0,0,0,0,0,0,0,0,720792,1,684459,1,0,0
1502,46814000,23441,0,0,0,0,0,0,0,0,0,0,0,0,748208,1,709084,1,0,0
1503,45796792,23289,0,0,0,0,0,0,0,0,0,0,0,0,721750,1,686000,1,0,0
1504,44794876,23341,0,0,0,0,0,0,0,0,0,0,0,0,726708,1,678083,1,0,0
1505,46513792,23353,0,0,0,0,0,0,0,0,0,0,0,0,736375,1,693959,1,0,0
1506,45120168,23377,0,0,0,0,0,0,0,0,0,0,0,0,703292,1,666750,1,0,0
1507,44829584,23289,0,0,0,0,0,0,0,0,0,0,0,0,888500,1,848333,1,0,0
1508,44580624,23353,0,0,0,0,0,0,0,0,0,0,0,0,959875,1,909875,1,0,0
1509,49387544,23341,0,0,0,0,0,0,0,0,0,0,0,0,838208,1,801958,1,0,0
1510,46001876,23941,0,0,0,0,0,0,0,0,0,0,0,0,718250,1,682875,1,0,0
1511,45734500,23569,0,0,0,0,0,0,0,0,0,0,0,0,737125,1,695625,1,0,0
1512,45300832,23587,0,0,0,0,0,0,0,0,0,0,0,0,719792,1,684167,1,0,0
1513,46410832,23289,0,0,0,0,0,0,0,0,0,0,0,0,744625,1,706958,1,0,0
1514,49544332,23493,0,0,0,0,0,0,0,0,0,0,0,0,750834,1,706209,1,0,0
1515,43604208,23289,0,0,0,0,0,0,0,0,0,0,0,0,706625,1,671875,1,0,0
1516,43238248,23289,0,0,0,0,0,0,0,0,0,0,0,0,729625,1,693375,1,0,0
1517,41657664,23353,0,0,0,0,0,0,0,0,0,0,0,0,805292,1,761292,1,0,0
1518,37545708,23377,0,0,0,0,0,0,0,0,0,0,0,0,676083,1,630625,1,0,0
1519,36139584,23341,0,0,0,0,0,0,0,0,0,0,0,0,637417,1,606875,1,0,0
1520,37356624,23353,0,0,0,0,0,0,0,0,0,0,0,0,742291,1,704875,1,0,0
1521,33229750,23289,0,0,0,0,0,0,0,0,0,0,0,0,602917,1,574708,1,0,0
1522,33616708,23853,0,0,0,0,0,0,0,0,0,0,0,0,599666,1,571459,1,0,0
1523,33371584,23657,0,0,0,0,0,0,0,0,0,0,0,0,600542,1,566083,1,0,0
1524,33137750,23289,0,0,0,0,0,0,0,0,0,0,0,0,600958,1,572208,1,0,0
1525,33505376,23341,0,0,0,0,0,0,0,0,0,0,0,0,612167,1,585166,1,0,0
1526,34010084,23289,0,0,0,0,0,0,0,0,0,0,0,0,711750,1,677500,1,0,0
1527,33526042,23353,0,0,0,0,0,0,0,0,0,0,0,0,622833,1,575833,1,0,0
1528,33422416,23377,0,0,0,0,0,0,0,0,0,0,0,0,595208,1,567625,1,0,0
1529,32646624,23289,0,0,0,0,0,0,0,0,0,0,0,0,638417,1,603250,1,0,0
1530,30584916,23289,0,0,0,0,0,0,0,0,0,0,0,0,651041,1,625334,1,0,0
1531,30546540,23353,0,0,0,0,0,0,0,0,0,0,0,0,563833,1,537333,1,0,0
1532,30309166,23341,0,0,0,0,0,0,0,0,0,0,0,0,559708,1,525750,1,0,0
1533,30204416,23377,0,0,0,0,0,0,0,0,0,0,0,0,560083,1,533667,1,0,0
1534,31254500,23289,0,0,0,0,0,0,0,0,0,0,0,0,572750,1,545500,1,0,0
1535,37221040,23353,0,0,0,0,0,0,0,0,0,0,0,0,704542,1,660500,1,0,0
1536,36061584,23289,0,0,0,0,0,0,0,0,0,0,0,0,603417,1,575875,1,0,0
1537,36541792,23853,0,0,0,0,0,0,0,0,0,0,0,0,602708,1,571459,1,0,0
1538,37513708,23709,0,0,0,0,0,0,0,0,0,0,0,0,639417,1,602000,1,0,0
1539,35853376,23289,0,0,0,0,0,0,0,0,0,0,0,0,805667,1,754250,1,0,0
1540,37091332,23289,0,0,0,0,0,0,0,0,0,0,0,0,636417,1,607042,1,0,0
1541,38643248,23353,0,0,0,0,0,0,0,0,0,0,0,0,666709,1,607875,1,0,0
1542,43175040,23289,0,0,0,0,0,0,0,0,0,0,0,0,696291,1,663542,1,0,0
1543,53735792,23377,0,0,0,0,0,0,0,0,0,0,0,0,714167,1,677458,1,0,0
1544,66643292,23405,0,0,0,0,0,0,0,0,0,0,0,0,1000500,1,938458,1,0,0
1545,67313712,23289,0,0,0,0,0,0,0,0,0,0,0,0,1023583,1,970167,1,0,0
1546,73692208,23441,0,0,0,0,0,0,0,0,0,0,0,0,1422041,1,1342625,1,0,0
1547,69579792,23905,0,0,0,0,0,0,0,0,0,0,0,0,1412458,1,1149084,1,0,0
1548,67428624,23569,0,0,0,0,0,0,0,0,0,0,0,0,1051000,1,998166,1,0,0
1549,59796832,23377,0,0,0,0,0,0,0,0,0,0,0,0,1053250,1,1001125,1,0,0
1550,56477040,23353,0,0,0,0,0,0,0,0,0,0,0,0,1143083,1,1077583,1,0,0
1551,48648752,23341,0,0,0,0,0,0,0,0,0,0,0,0,843250,1,799708,1,0,0
1552,46829668,23441,0,0,0,0,0,0,0,0,0,0,0,0,752583,1,717125,1,0,0
1553,46918336,23289,0,0,0,0,0,0,0,0,0,0,0,0,1276250,1,1215375,1,0,0
1554,46473584,23289,0,0,0,0,0,0,0,0,0,0,0,0,740458,1,697667,1,0,0
1555,56354248,23353,0,0,0,0,0,0,0,0,0,0,0,0,851250,1,810833,1,0,0
1556,56363876,23993,0,0,0,0,0,0,0,0,0,0,0,0,1176709,1,1128292,1,0,0
1557,54778332,23569,0,0,0,0,0,0,0,0,0,0,0,0,853000,1,811417,1,0,0
1558,55185292,23289,0,0,0,0,0,0,0,0,0,0,0,0,841292,1,799500,1,0,0
1559,68058456,23441,0,0,0,0,0,0,0,0,0,0,0,0,1152041,1,1083750,1,0,0
1560,68664872,23341,0,0,0,0,0,0,0,0,0,0,0,0,1032459,1,979416,1,0,0
1561,65244084,23353,0,0,0,0,0,0,0,0,0,0,0,0,1049584,1,997334,1,0,0
1562,51858084,23377,0,0,0,0,0,0,0,0,0,0,0,0,875709,1,822333,1,0,0
1563,52391708,23353,0,0,0,0,0,0,0,0,0,0,0,0,904041,1,858167,1,0,0
1564,41131876,23341,0,0,0,0,0,0,0,0,0,0,0,0,856417,1,806291,1,0,0
1565,38936832,23853,0,0,0,0,0,0,0,0,0,0,0,0,686459,1,651041,1,0,0
1566,37566916,23657,0,0,0,0,0,0,0,0,0,0,0,0,689167,1,629958,1,0,0
1567,34079248,23289,0,0,0,0,0,0,0,0,0,0,0,0,644792,1,615416,1,0,0
1568,33888040,23289,0,0,0,0,0,0,0,0,0,0,0,0,596125,1,560417,1,0,0
1569,34711584,23353,0,0,0,0,0,0,0,0,0,0,0,0,594709,1,566083,1,0,0
1570,35210916,23341,0,0,0,0,0,0,0,0,0,0,0,0,589708,1,562292,1,0,0
1571,36651124,23377,0,0,0,0,0,0,0,0,0,0,0,0,602333,1,568541,1,0,0
1572,35545376,23353,0,0,0,0,0,0,0,0,0,0,0,0,962583,1,934708,1,0,0
1573,37889208,23289,0,0,0,0,0,0,0,0,0,0,0,0,1022584,1,994083,1,0,0
1574,36660624,23289,0,0,0,0,0,0,0,0,0,0,0,0,786750,1,753875,1,0,0
1575,36024876,23353,0,0,0,0,0,0,0,0,0,0,0,0,602542,1,574375,1,0,0
1576,37226664,23429,0,0,0,0,0,0,0,0,0,0,0,0,609458,1,581917,1,0,0
1577,44852544,23289,0,0,0,0,0,0,0,0,0,0,0,0,964500,1,921042,1,0,0
1578,45699292,23353,0,0,0,0,0,0,0,0,0,0,0,0,728083,1,691875,1,0,0
1579,53668000,23853,0,0,0,0,0,0,0,0,0,0,0,0,840792,1,799958,1,0,0
1580,61874084,23593,0,0,0,0,0,0,0,0,0,0,0,0,841917,1,795375,1,0,0
1581,67181040,23405,0,0,0,0,0,0,0,0,0,0,0,0,997584,1,946625,1,0,0
1582,66467668,23289,0,0,0,0,0,0,0,0,0,0,0,0,1304584,1,1242375,1,0,0
1583,64023708,23441,0,0,0,0,0,0,0,0,0,0,0,0,1061083,1,996750,1,0,0
1584,57014000,23289,0,0,0,0,0,0,0,0,0,0,0,0,868250,1,815167,1,0,0
1585,56988708,23405,0,0,0,0,0,0,0,0,0,0,0,0,929709,1,886000,1,0,0
1586,67608168,23377,0,0,0,0,0,0,0,0,0,0,0,0,1352667,1,1277709,1,0,0
1587,55380540,23917,0,0,0,0,0,0,0,0,0,0,0,0,1150917,1,1103833,1,0,0
1588,56406292,23505,0,0,0,0,0,0,0,0,0,0,0,0,849750,1,807041,1,0,0
1589,58753960,23493,0,0,0,0,0,0,0,0,0,0,0,0,881541,1,828417,1,0,0
1590,65131916,23289,0,0,0,0,0,0,0,0,0,0,0,0,1292083,1,1228791,1,0,0
1591,60008664,23353,0,0,0,0,0,0,0,0,0,0,0,0,1094792,1,1040958,1,0,0
1592,60534292,23377,0,0,0,0,0,0,0,0,0,0,0,0,1032667,1,968625,1,0,0
1593,54946584,23405,0,0,0,0,0,0,0,0,0,0,0,0,857334,1,814375,1,0,0
1594,62533084,23289,0,0,0,0,0,0,0,0,0,0,0,0,1168459,1,1123750,1,0,0
1595,55045208,24005,0,0,0,0,0,0,0,0,0,0,0,0,870292,1,823167,1,0,0
1596,53419376,23505,0,0,0,0,0,0,0,0,0,0,0,0,888833,1,844583,1,0,0
1597,55849960,23405,0,0,0,0,0,0,0,0,0,0,0,0,1233875,1,1163375,1,0,0
1598,49682624,23377,0,0,0,0,0,0,0,0,0,0,0,0,864375,1,812167,1,0,0
1599,43308000,23353,0,0,0,0,0,0,0,0,0,0,0,0,803958,1,762375,1,0,0
1600,38907376,23289,0,0,0,0,0,0,0,0,0,0,0,0,732209,1,695750,1,0,0
1601,38626376,23289,0,0,0,0,0,0,0,0,0,0,0,0,651709,1,617083,1,0,0
1602,35731000,23493,0,0,0,0,0,0,0,0,0,0,0,0,705042,1,673250,1,0,0
1603,34037332,23289,0,0,0,0,0,0,0,0,0,0,0,0,592875,1,564500,1,0,0
1604,34460124,23289,0,0,0,0,0,0,0,0,0,0,0,0,613125,1,579041,1,0,0
1605,37883332,23353,0,0,0,0,0,0,0,0,0,0,0,0,882500,1,838625,1,0,0
1606,34011208,23289,0,0,0,0,0,0,0,0,0,0,0,0,704875,1,676250,1,0,0
1607,33568416,23941,0,0,0,0,0,0,0,0,0,0,0,0,588834,1,557417,1,0,0
1608,35717040,23621,0,0,0,0,0,0,0,0,0,0,0,0,665166,1,633083,1,0,0
1609,36054168,23289,0,0,0,0,0,0,0,0,0,0,0,0,832584,1,799250,1,0,0
1610,37205624,23289,0,0,0,0,0,0,0,0,0,0,0,0,599541,1,564792,1,0,0
1611,37467376,23353,0,0,0,0,0,0,0,0,0,0,0,0,601458,1,573375,1,0,0
1612,37170876,23377,0,0,0,0,0,0,0,0,0,0,0,0,613541,1,582667,1,0,0
1613,36264916,23289,0,0,0,0,0,0,0,0,0,0,0,0,846250,1,810333,1,0,0
1614,39408416,23405,0,0,0,0,0,0,0,0,0,0,0,0,602834,1,574167,1,0,0
1615,44823168,23289,0,0,0,0,0,0,0,0,0,0,0,0,672375,1,641208,1,0,0
1616,52979544,23377,0,0,0,0,0,0,0,0,0,0,0,0,966917,1,904833,1,0,0
1617,67490584,23353,0,0,0,0,0,0,0,0,0,0,0,0,1002792,1,951875,1,0,0
1618,73956336,23905,0,0,0,0,0,0,0,0,0,0,0,0,1018166,1,963500,1,0,0
1619,70559040,23657,0,0,0,0,0,0,0,0,0,0,0,0,1343500,1,1287916,1,0,0
1620,72058496,23289,0,0,0,0,0,0,0,0,0,0,0,0,973042,1,925500,1,0,0
1621,67755584,23405,0,0,0,0,0,0,0,0,0,0,0,0,1038708,1,974000,1,0,0
1622,60704752,23377,0,0,0,0,0,0,0,0,0,0,0,0,1052875,1,989625,1,0,0
1623,56655248,23353,0,0,0,0,0,0,0,0,0,0,0,0,1233000,1,1181208,1,0,0
1624,48592500,23289,0,0,0,0,0,0,0,0,0,0,0,0,733333,1,698042,1,0,0
1625,56839208,23493,0,0,0,0,0,0,0,0,0,0,0,0,1200291,1,1152125,1,0,0
1626,56434332,23289,0,0,0,0,0,0,0,0,0,0,0,0,1144417,1,1076000,1,0,0
1627,55987708,23917,0,0,0,0,0,0,0,0,0,0,0,0,860125,1,816583,1,0,0
1628,65335336,23593,0,0,0,0,0,0,0,0,0,0,0,0,1093167,1,1032292,1,0,0
1629,69260496,23405,0,0,0,0,0,0,0,0,0,0,0,0,1037375,1,973416,1,0,0
1630,68102624,23289,0,0,0,0,0,0,0,0,0,0,0,0,1087750,1,1033458,1,0,0
1631,68832336,23441,0,0,0,0,0,0,0,0,0,0,0,0,1209542,1,1142875,1,0,0
1632,70430544,23341,0,0,0,0,0,0,0,0,0,0,0,0,1261875,1,1065583,1,0,0
1633,63767668,23353,0,0,0,0,0,0,0,0,0,0,0,0,1157042,1,1095042,1,0,0
1634,55103248,26061,0,0,0,0,0,0,0,0,0,0,0,0,1022042,1,971166,1,0,0
1635,51065752,23569,0,0,0,0,0,0,0,0,0,0,0,0,869958,1,824583,1,0,0
1636,44017876,23341,0,0,0,0,0,0,0,0,0,0,0,0,784166,1,747291,1,0,0
1637,43198668,23377,0,0,0,0,0,0,0,0,0,0,0,0,727833,1,683709,1,0,0
1638,38371916,23353,0,0,0,0,0,0,0,0,0,0,0,0,650833,1,616084,1,0,0
1639,38530792,23289,0,0,0,0,0,0,0,0,0,0,0,0,768125,1,736000,1,0,0
1640,35191500,23289,0,0,0,0,0,0,0,0,0,0,0,0,660208,1,620458,1,0,0
1641,34162084,23441,0,0,0,0,0,0,0,0,0,0,0,0,598125,1,569833,1,0,0
1642,33915916,23341,0,0,0,0,0,0,0,0,0,0,0,0,594000,1,564375,1,0,0
1643,34574916,23289,0,0,0,0,0,0,0,0,0,0,0,0,668208,1,627459,1,0,0
1644,34005916,23353,0,0,0,0,0,0,0,0,0,0,0,0,613667,1,577875,1,0,0
1645,37178664,23289,0,0,0,0,0,0,0,0,0,0,0,0,695916,1,666292,1,0,0
1646,33802792,23377,0,0,0,0,0,0,0,0,0,0,0,0,617292,1,583542,1,0,0
1647,33524458,23917,0,0,0,0,0,0,0,0,0,0,0,0,594083,1,566583,1,0,0
1648,33387624,23557,0,0,0,0,0,0,0,0,0,0,0,0,635917,1,607708,1,0,0
1649,33288708,23289,0,0,0,0,0,0,0,0,0,0,0,0,618916,1,586416,1,0,0
1650,33876376,23353,0,0,0,0,0,0,0,0,0,0,0,0,631083,1,602083,1,0,0
1651,33242000,23377,0,0,0,0,0,0,0,0,0,0,0,0,601667,1,573417,1,0,0
1652,33539542,23289,0,0,0,0,0,0,0,0,0,0,0,0,618541,1,585833,1,0,0
1653,33518708,23353,0,0,0,0,0,0,0,0,0,0,0,0,598791,1,569709,1,0,0
1654,32313124,23341,0,0,0,0,0,0,0,0,0,0,0,0,612959,1,584750,1,0,0
1655,31450916,23289,0,0,0,0,0,0,0,0,0,0,0,0,604750,1,574250,1,0,0
1656,31698876,23377,0,0,0,0,0,0,0,0,0,0,0,0,560541,1,534916,1,0,0
1657,31474208,23353,0,0,0,0,0,0,0,0,0,0,0,0,578167,1,549417,1,0,0
1658,32838124,23289,0,0,0,0,0,0,0,0,0,0,0,0,601709,1,568333,1,0,0
1659,32657334,23289,0,0,0,0,0,0,0,0,0,0,0,0,557417,1,531417,1,0,0
1660,36729376,23289,0,0,0,0,0,0,0,0,0,0,0,0,683958,1,652125,1,0,0
1661,36407584,23493,0,0,0,0,0,0,0,0,0,0,0,0,614667,1,567875,1,0,0
1662,36129544,23853,0,0,0,0,0,0,0,0,0,0,0,0,603917,1,575208,1,0,0
1663,35017292,23505,0,0,0,0,0,0,0,0,0,0,0,0,659292,1,627833,1,0,0
1664,35037332,23353,0,0,0,0,0,0,0,0,0,0,0,0,606375,1,573750,1,0,0
1665,35955084,23289,0,0,0,0,0,0,0,0,0,0,0,0,600833,1,570709,1,0,0
1666,36150248,23377,0,0,0,0,0,0,0,0,0,0,0,0,636875,1,600750,1,0,0
1667,38857832,23405,0,0,0,0,0,0,0,0,0,0,0,0,784167,1,739917,1,0,0
1668,43432084,23289,0,0,0,0,0,0,0,0,0,0,0,0,654291,1,622417,1,0,0
1669,53690624,23289,0,0,0,0,0,0,0,0,0,0,0,0,948958,1,903750,1,0,0
1670,65101208,23441,0,0,0,0,0,0,0,0,0,0,0,0,882334,1,832084,1,0,0
1671,66774960,23341,0,0,0,0,0,0,0,0,0,0,0,0,1003167,1,952375,1,0,0
1672,77806248,23353,0,0,0,0,0,0,0,0,0,0,0,0,1121250,1,1068250,1,0,0
1673,67149712,23941,0,0,0,0,0,0,0,0,0,0,0,0,1187166,1,1120458,1,0,0
1674,68987456,23621,0,0,0,0,0,0,0,0,0,0,0,0,1048833,1,995500,1,0,0
1675,64178544,23289,0,0,0,0,0,0,0,0,0,0,0,0,1039125,1,986291,1,0,0
1676,55603752,23441,0,0,0,0,0,0,0,0,0,0,0,0,923459,1,841375,1,0,0
1677,50429208,23289,0,0,0,0,0,0,0,0,0,0,0,0,859542,1,817542,1,0,0
1678,48537500,23405,0,0,0,0,0,0,0,0,0,0,0,0,740667,1,705083,1,0,0
1679,47461376,23377,0,0,0,0,0,0,0,0,0,0,0,0,750833,1,709042,1,0,0
1680,51098960,23289,0,0,0,0,0,0,0,0,0,0,0,0,879500,1,841083,1,0,0
1681,53073540,23353,0,0,0,0,0,0,0,0,0,0,0,0,731250,1,695667,1,0,0
1682,53783040,23993,0,0,0,0,0,0,0,0,0,0,0,0,825958,1,778000,1,0,0
1683,55256456,23569,0,0,0,0,0,0,0,0,0,0,0,0,972208,1,923667,1,0,0
1684,64009708,23289,0,0,0,0,0,0,0,0,0,0,0,0,988417,1,931708,1,0,0
1685,63522960,23441,0,0,0,0,0,0,0,0,0,0,0,0,1299125,1,1229542,1,0,0
1686,54320456,23341,0,0,0,0,0,0,0,0,0,0,0,0,1043792,1,1002500,1,0,0
1687,55919084,23353,0,0,0,0,0,0,0,0,0,0,0,0,996500,1,946750,1,0,0
1688,55486248,23377,0,0,0,0,0,0,0,0,0,0,0,0,924667,1,870333,1,0,0
1689,63108624,23353,0,0,0,0,0,0,0,0,0,0,0,0,1271750,1,1219333,1,0,0
1690,55462084,23905,0,0,0,0,0,0,0,0,0,0,0,0,878292,1,834833,1,0,0
1691,54128416,23657,0,0,0,0,0,0,0,0,0,0,0,0,896750,1,840667,1,0,0
1692,52186876,23289,0,0,0,0,0,0,0,0,0,0,0,0,878208,1,829541,1,0,0
1693,48362416,23353,0,0,0,0,0,0,0,0,0,0,0,0,847167,1,803375,1,0,0
1694,42743416,23429,0,0,0,0,0,0,0,0,0,0,0,0,770250,1,726458,1,0,0
1695,38641208,23289,0,0,0,0,0,0,0,0,0,0,0,0,669667,1,637958,1,0,0
1696,38412124,23353,0,0,0,0,0,0,0,0,0,0,0,0,645042,1,614083,1,0,0
1697,34298664,23289,0,0,0,0,0,0,0,0,0,0,0,0,656250,1,617709,1,0,0
1698,34092040,23377,0,0,0,0,0,0,0,0,0,0,0,0,592834,1,563041,1,0,0
1699,34126084,23353,0,0,0,0,0,0,0,0,0,0,0,0,596041,1,566209,1,0,0
1700,37376544,23341,0,0,0,0,0,0,0,0,0,0,0,0,728000,1,692458,1,0,0
1701,34052916,23289,0,0,0,0,0,0,0,0,0,0,0,0,611583,1,583542,1,0,0
1702,33545876,23917,0,0,0,0,0,0,0,0,0,0,0,0,595834,1,567708,1,0,0
1703,33738336,23593,0,0,0,0,0,0,0,0,0,0,0,0,601958,1,569375,1,0,0
1704,33399334,23289,0,0,0,0,0,0,0,0,0,0,0,0,603958,1,574708,1,0,0
1705,33327460,23353,0,0,0,0,0,0,0,0,0,0,0,0,618792,1,591000,1,0,0
1706,33546708,23341,0,0,0,0,0,0,0,0,0,0,0,0,622708,1,589584,1,0,0
1707,32080500,23289,0,0,0,0,0,0,0,0,0,0,0,0,596833,1,569208,1,0,0
1708,31178500,23377,0,0,0,0,0,0,0,0,0,0,0,0,561542,1,535208,1,0,0
1709,35395336,23353,0,0,0,0,0,0,0,0,0,0,0,0,719666,1,682875,1,0,0
1710,36690584,23289,0,0,0,0,0,0,0,0,0,0,0,0,698125,1,669292,1,0,0
1711,39164960,23289,0,0,0,0,0,0,0,0,0,0,0,0,756834,1,708875,1,0,0
1712,36355416,23405,0,0,0,0,0,0,0,0,0,0,0,0,617417,1,585250,1,0,0
1713,36112292,23377,0,0,0,0,0,0,0,0,0,0,0,0,594000,1,565166,1,0,0
1714,39718416,23289,0,0,0,0,0,0,0,0,0,0,0,0,704916,1,672667,1,0,0
1715,41707084,23353,0,0,0,0,0,0,0,0,0,0,0,0,696333,1,658417,1,0,0
1716,51070376,23853,0,0,0,0,0,0,0,0,0,0,0,0,749666,1,713875,1,0,0
1717,64064248,23645,0,0,0,0,0,0,0,0,0,0,0,0,827291,1,785791,1,0,0
1718,68638872,23353,0,0,0,0,0,0,0,0,0,0,0,0,1011666,1,949792,1,0,0
1719,81132336,23289,0,0,0,0,0,0,0,0,0,0,0,0,1020458,1,976541,1,0,0
1720,68112664,23493,0,0,0,0,0,0,0,0,0,0,0,0,1214583,1,1164666,1,0,0
1721,67122832,23289,0,0,0,0,0,0,0,0,0,0,0,0,1081916,1,1021000,1,0,0
1722,63241248,23353,0,0,0,0,0,0,0,0,0,0,0,0,1050750,1,998125,1,0,0
1723,59361544,23377,0,0,0,0,0,0,0,0,0,0,0,0,1013792,1,968625,1,0,0
1724,47949792,23969,0,0,0,0,0,0,0,0,0,0,0,0,885583,1,742125,1,0,0
1725,47462752,23505,0,0,0,0,0,0,0,0,0,0,0,0,710500,1,673208,1,0,0
1726,46464916,23377,0,0,0,0,0,0,0,0,0,0,0,0,730709,1,693959,1,0,0
1727,47859124,23353,0,0,0,0,0,0,0,0,0,0,0,0,789959,1,745792,1,0,0
1728,52538000,23289,0,0,0,0,0,0,0,0,0,0,0,0,1019416,1,974166,1,0,0
1729,54616208,23405,0,0,0,0,0,0,0,0,0,0,0,0,821042,1,780041,1,0,0
1730,54177208,23377,0,0,0,0,0,0,0,0,0,0,0,0,850959,1,796250,1,0,0
1731,54450664,23353,0,0,0,0,0,0,0,0,0,0,0,0,851750,1,809917,1,0,0
1732,55371584,23289,0,0,0,0,0,0,0,0,0,0,0,0,825500,1,781334,1,0,0
1733,50004292,23493,0,0,0,0,0,0,0,0,0,0,0,0,816417,1,770583,1,0,0
1734,43524960,23853,0,0,0,0,0,0,0,0,0,0,0,0,752417,1,716333,1,0,0
1735,41889040,23505,0,0,0,0,0,0,0,0,0,0,0,0,719250,1,682416,1,0,0
1736,38007960,23353,0,0,0,0,0,0,0,0,0,0,0,0,665500,1,626625,1,0,0
1737,37757332,23377,0,0,0,0,0,0,0,0,0,0,0,0,688041,1,643750,1,0,0
1738,33690208,23341,0,0,0,0,0,0,0,0,0,0,0,0,591208,1,562958,1,0,0
1739,33620916,23353,0,0,0,0,0,0,0,0,0,0,0,0,621916,1,585792,1,0,0
1740,33843876,23289,0,0,0,0,0,0,0,0,0,0,0,0,622958,1,594583,1,0,0
1741,33494042,23289,0,0,0,0,0,0,0,0,0,0,0,0,616875,1,588791,1,0,0
1742,33244042,23441,0,0,0,0,0,0,0,0,0,0,0,0,595042,1,563250,1,0,0
1743,33405834,23289,0,0,0,0,0,0,0,0,0,0,0,0,624500,1,596709,1,0,0
1744,33226166,23341,0,0,0,0,0,0,0,0,0,0,0,0,640083,1,612625,1,0,0
1745,36508292,23289,0,0,0,0,0,0,0,0,0,0,0,0,672708,1,637708,1,0,0
1746,33192208,23353,0,0,0,0,0,0,0,0,0,0,0,0,593417,1,562000,1,0,0
1747,30269124,23377,0,0,0,0,0,0,0,0,0,0,0,0,561791,1,535250,1,0,0
1748,30192208,23853,0,0,0,0,0,0,0,0,0,0,0,0,573542,1,541917,1,0,0
1749,30481792,23505,0,0,0,0,0,0,0,0,0,0,0,0,569166,1,543458,1,0,0
1750,30673250,23353,0,0,0,0,0,0,0,0,0,0,0,0,581833,1,542542,1,0,0
1751,30508208,23341,0,0,0,0,0,0,0,0,0,0,0,0,585583,1,555375,1,0,0
1752,32782208,23377,0,0,0,0,0,0,0,0,0,0,0,0,572042,1,535459,1,0,0
1753,32681876,23289,0,0,0,0,0,0,0,0,0,0,0,0,579584,1,554458,1,0,0
1754,33094124,23353,0,0,0,0,0,0,0,0,0,0,0,0,626167,1,595541,1,0,0
1755,34074456,23289,0,0,0,0,0,0,0,0,0,0,0,0,589333,1,561750,1,0,0
1756,33555960,23289,0,0,0,0,0,0,0,0,0,0,0,0,618250,1,590458,1,0,0
1757,33555584,23441,0,0,0,0,0,0,0,0,0,0,0,0,596792,1,562625,1,0,0
1758,33441916,23341,0,0,0,0,0,0,0,0,0,0,0,0,590333,1,561583,1,0,0
1759,33893876,23289,0,0,0,0,0,0,0,0,0,0,0,0,633375,1,598750,1,0,0
1760,37780456,23353,0,0,0,0,0,0,0,0,0,0,0,0,737667,1,695750,1,0,0
1761,34316000,23289,0,0,0,0,0,0,0,0,0,0,0,0,606083,1,577917,1,0,0
1762,36291624,23377,0,0,0,0,0,0,0,0,0,0,0,0,610541,1,581541,1,0,0
1763,35116752,23917,0,0,0,0,0,0,0,0,0,0,0,0,700459,1,658625,1,0,0
1764,35559040,23557,0,0,0,0,0,0,0,0,0,0,0,0,720250,1,689292,1,0,0
1765,37779292,23289,0,0,0,0,0,0,0,0,0,0,0,0,727333,1,694208,1,0,0
1766,37377000,23353,0,0,0,0,0,0,0,0,0,0,0,0,620250,1,572209,1,0,0
1767,36897624,23377,0,0,0,0,0,0,0,0,0,0,0,0,726750,1,698958,1,0,0
1768,43153000,23289,0,0,0,0,0,0,0,0,0,0,0,0,647208,1,614042,1,0,0
1769,49615084,23353,0,0,0,0,0,0,0,0,0,0,0,0,733334,1,686750,1,0,0
1770,61916624,23341,0,0,0,0,0,0,0,0,0,0,0,0,846916,1,805708,1,0,0
1771,66911040,23441,0,0,0,0,0,0,0,0,0,0,0,0,983792,1,927334,1,0,0
1772,71932168,23289,0,0,0,0,0,0,0,0,0,0,0,0,1035834,1,976083,1,0,0
1773,66992416,23969,0,0,0,0,0,0,0,0,0,0,0,0,1132584,1,1078542,1,0,0
1774,68274040,23593,0,0,0,0,0,0,0,0,0,0,0,0,1428833,1,1365208,1,0,0
1775,66447832,23353,0,0,0,0,0,0,0,0,0,0,0,0,1244958,1,1161875,1,0,0
1776,57997332,23341,0,0,0,0,0,0,0,0,0,0,0,0,1540542,1,1476125,1,0,0
1777,53124040,23441,0,0,0,0,0,0,0,0,0,0,0,0,827916,1,785167,1,0,0
1778,46559292,23289,0,0,0,0,0,0,0,0,0,0,0,0,723583,1,681042,1,0,0
1779,44848708,23289,0,0,0,0,0,0,0,0,0,0,0,0,759084,1,722375,1,0,0
1780,46229332,23405,0,0,0,0,0,0,0,0,0,0,0,0,745875,1,707750,1,0,0
1781,49488752,23377,0,0,0,0,0,0,0,0,0,0,0,0,1105667,1,1046209,1,0,0
1782,45104624,23853,0,0,0,0,0,0,0,0,0,0,0,0,737042,1,701250,1,0,0
1783,45493292,23569,0,0,0,0,0,0,0,0,0,0,0,0,723667,1,685209,1,0,0
1784,45080332,23289,0,0,0,0,0,0,0,0,0,0,0,0,840416,1,779500,1,0,0
1785,46227332,23429,0,0,0,0,0,0,0,0,0,0,0,0,1254416,1,1178334,1,0,0
1786,45229248,23353,0,0,0,0,0,0,0,0,0,0,0,0,739625,1,694458,1,0,0
1787,45450668,23289,0,0,0,0,0,0,0,0,0,0,0,0,744042,1,705833,1,0,0
1788,45633832,23289,0,0,0,0,0,0,0,0,0,0,0,0,849084,1,795000,1,0,0
1789,48752584,23441,0,0,0,0,0,0,0,0,0,0,0,0,732125,1,695125,1,0,0
1790,52006416,23341,0,0,0,0,0,0,0,0,0,0,0,0,735542,1,694583,1,0,0
1791,58624208,23353,0,0,0,0,0,0,0,0,0,0,0,0,1240000,1,1192917,1,0,0
1792,51349000,23377,0,0,0,0,0,0,0,0,0,0,0,0,831667,1,790750,1,0,0
1793,53443416,23917,0,0,0,0,0,0,0,0,0,0,0,0,842500,1,790625,1,0,0
1794,48294624,23557,0,0,0,0,0,0,0,0,0,0,0,0,816500,1,773541,1,0,0
1795,47561248,23441,0,0,0,0,0,0,0,0,0,0,0,0,815458,1,772709,1,0,0
1796,43245708,23289,0,0,0,0,0,0,0,0,0,0,0,0,736834,1,696292,1,0,0
1797,43114168,23289,0,0,0,0,0,0,0,0,0,0,0,0,727958,1,686167,1,0,0
1798,38313916,23353,0,0,0,0,0,0,0,0,0,0,0,0,666708,1,635916,1,0,0
1799,37918500,23429,0,0,0,0,0,0,0,0,0,0,0,0,675791,1,637208,1,0,0
1800,37411832,23289,0,0,0,0,0,0,0,0,0,0,0,0,664500,1,633250,1,0,0
1801,1740583,0,0,0,0,0,0,0,0,0,0,0,0,0,0,0,0,0,0,0
