frame_index,frame_time_ns,gc_alloc_bytes,tnd_bench_t1_hover_ns,tnd_bench_t1_hover_calls,tnd_bench_t1_reclassify_ns,tnd_bench_t1_reclassify_calls,tnd_bench_t1_hoveredborder_ns,tnd_bench_t1_hoveredborder_calls,tnd_bench_t1_hoveredborderrebuild_ns,tnd_bench_t1_hoveredborderrebuild_calls,tnd_bench_t1_modeenter_ns,tnd_bench_t1_modeenter_calls,tnd_bench_t1_conquerui_ns,tnd_bench_t1_conquerui_calls,tnd_bench_s0_hover_ns,tnd_bench_s0_hover_calls,tnd_bench_s0_rebuild_ns,tnd_bench_s0_rebuild_calls,conquestmodecontroller_update_ns,conquestmodecontroller_update_calls
0,45745500,104155,0,0,0,0,0,0,0,0,0,0,0,0,893042,1,847667,1,0,0
1,56818960,212621,0,0,0,0,0,0,0,0,0,0,0,0,767833,1,708458,1,0,0
2,54733792,27059,0,0,0,0,0,0,0,0,0,0,0,0,801125,1,731625,1,0,0
3,57388376,24097,0,0,0,0,0,0,0,0,0,0,0,0,901333,1,830709,1,0,0
4,52337832,23905,0,0,0,0,0,0,0,0,0,0,0,0,879250,1,797083,1,0,0
5,54595248,23933,0,0,0,0,0,0,0,0,0,0,0,0,1045750,1,959625,1,0,0
6,55012376,23817,0,0,0,0,0,0,0,0,0,0,0,0,912458,1,835500,1,0,0
7,45200208,23969,0,0,0,0,0,0,0,0,0,0,0,0,895959,1,827958,1,0,0
8,41155876,23817,0,0,0,0,0,0,0,0,0,0,0,0,757459,1,692292,1,0,0
9,37767336,23817,0,0,0,0,0,0,0,0,0,0,0,0,691917,1,637584,1,0,0
10,33640336,23933,0,0,0,0,0,0,0,0,0,0,0,0,662000,1,609667,1,0,0
11,33915040,23905,0,0,0,0,0,0,0,0,0,0,0,0,622750,1,571417,1,0,0
12,33519292,23817,0,0,0,0,0,0,0,0,0,0,0,0,662291,1,608250,1,0,0
13,33838336,24445,0,0,0,0,0,0,0,0,0,0,0,0,664917,1,616667,1,0,0
14,33950292,24033,0,0,0,0,0,0,0,0,0,0,0,0,648000,1,593083,1,0,0
15,34058832,23817,0,0,0,0,0,0,0,0,0,0,0,0,609917,1,560458,1,0,0
16,33714708,24021,0,0,0,0,0,0,0,0,0,0,0,0,626167,1,573167,1,0,0
17,30831834,23817,0,0,0,0,0,0,0,0,0,0,0,0,576208,1,530750,1,0,0
18,31558584,23817,0,0,0,0,0,0,0,0,0,0,0,0,593166,1,543417,1,0,0
19,35189456,23817,0,0,0,0,0,0,0,0,0,0,0,0,759167,1,707291,1,0,0
20,32372958,23881,0,0,0,0,0,0,0,0,0,0,0,0,591459,1,540000,1,0,0
21,32796708,23905,0,0,0,0,0,0,0,0,0,0,0,0,602458,1,555167,1,0,0
22,33814168,23817,0,0,0,0,0,0,0,0,0,0,0,0,614833,1,561917,1,0,0
23,34830332,23869,0,0,0,0,0,0,0,0,0,0,0,0,621209,1,572667,1,0,0
24,37789332,23881,0,0,0,0,0,0,0,0,0,0,0,0,615333,1,561875,1,0,0
25,36072336,23817,0,0,0,0,0,0,0,0,0,0,0,0,636291,1,580042,1,0,0
26,36751792,23905,0,0,0,0,0,0,0,0,0,0,0,0,893250,1,790083,1,0,0
27,37897832,23881,0,0,0,0,0,0,0,0,0,0,0,0,680042,1,628209,1,0,0
28,48588500,24381,0,0,0,0,0,0,0,0,0,0,0,0,790708,1,716375,1,0,0
29,64996500,24085,0,0,0,0,0,0,0,0,0,0,0,0,864584,1,793916,1,0,0
30,74205080,23969,0,0,0,0,0,0,0,0,0,0,0,0,1166541,1,1073833,1,0,0
31,99372496,23817,0,0,0,0,0,0,0,0,0,0,0,0,1366458,1,1255417,1,0,0
32,71331416,24021,0,0,0,0,0,0,0,0,0,0,0,0,1596833,1,1467583,1,0,0
33,68908752,23817,0,0,0,0,0,0,0,0,0,0,0,0,1133500,1,1029333,1,0,0
34,71581792,23881,0,0,0,0,0,0,0,0,0,0,0,0,1390875,1,1225916,1,0,0
35,70542128,24521,0,0,0,0,0,0,0,0,0,0,0,0,1175667,1,1076209,1,0,0
36,56209124,24097,0,0,0,0,0,0,0,0,0,0,0,0,1216708,1,1077833,1,0,0
37,57623832,23817,0,0,0,0,0,0,0,0,0,0,0,0,1070166,1,1006083,1,0,0
38,64108124,23969,0,0,0,0,0,0,0,0,0,0,0,0,1151291,1,1078333,1,0,0
39,55139208,23869,0,0,0,0,0,0,0,0,0,0,0,0,926458,1,876125,1,0,0
40,63837000,23881,0,0,0,0,0,0,0,0,0,0,0,0,1347584,1,1261583,1,0,0
41,60933248,23905,0,0,0,0,0,0,0,0,0,0,0,0,1048292,1,986083,1,0,0
42,62397376,23881,0,0,0,0,0,0,0,0,0,0,0,0,1096667,1,1026375,1,0,0
43,57543960,24433,0,0,0,0,0,0,0,0,0,0,0,0,887209,1,834750,1,0,0
44,52851084,24185,0,0,0,0,0,0,0,0,0,0,0,0,915292,1,859750,1,0,0
45,48585168,23817,0,0,0,0,0,0,0,0,0,0,0,0,883708,1,826292,1,0,0
46,44153332,23881,0,0,0,0,0,0,0,0,0,0,0,0,793625,1,745917,1,0,0
47,40982960,23869,0,0,0,0,0,0,0,0,0,0,0,0,710084,1,671959,1,0,0
48,36751916,23905,0,0,0,0,0,0,0,0,0,0,0,0,692334,1,651292,1,0,0
49,34074876,23881,0,0,0,0,0,0,0,0,0,0,0,0,600584,1,566625,1,0,0
50,33985500,23817,0,0,0,0,0,0,0,0,0,0,0,0,607875,1,570333,1,0,0
51,34158500,23817,0,0,0,0,0,0,0,0,0,0,0,0,633042,1,600000,1,0,0
52,33718208,23881,0,0,0,0,0,0,0,0,0,0,0,0,707792,1,669125,1,0,0
53,33977544,23957,0,0,0,0,0,0,0,0,0,0,0,0,653125,1,618708,1,0,0
54,33322250,23817,0,0,0,0,0,0,0,0,0,0,0,0,722166,1,660250,1,0,0
55,33636668,23881,0,0,0,0,0,0,0,0,0,0,0,0,605916,1,573833,1,0,0
56,32562040,24381,0,0,0,0,0,0,0,0,0,0,0,0,678500,1,612292,1,0,0
57,30759124,24033,0,0,0,0,0,0,0,0,0,0,0,0,617292,1,572625,1,0,0
58,32160000,23905,0,0,0,0,0,0,0,0,0,0,0,0,600333,1,564625,1,0,0
59,32678376,23881,0,0,0,0,0,0,0,0,0,0,0,0,911000,1,878708,1,0,0
60,34518208,23869,0,0,0,0,0,0,0,0,0,0,0,0,585792,1,550167,1,0,0
61,38938624,23817,0,0,0,0,0,0,0,0,0,0,0,0,725208,1,675333,1,0,0
62,36381000,23881,0,0,0,0,0,0,0,0,0,0,0,0,689834,1,647125,1,0,0
63,37931292,23905,0,0,0,0,0,0,0,0,0,0,0,0,698625,1,665834,1,0,0
64,38599500,23817,0,0,0,0,0,0,0,0,0,0,0,0,622417,1,583292,1,0,0
65,40303332,23881,0,0,0,0,0,0,0,0,0,0,0,0,1146208,1,1094167,1,0,0
66,43561540,23869,0,0,0,0,0,0,0,0,0,0,0,0,691083,1,649292,1,0,0
67,53702248,23905,0,0,0,0,0,0,0,0,0,0,0,0,1192917,1,1134458,1,0,0
68,67591248,24445,0,0,0,0,0,0,0,0,0,0,0,0,1247417,1,1177041,1,0,0
69,68841832,24033,0,0,0,0,0,0,0,0,0,0,0,0,1048209,1,985833,1,0,0
70,69841168,24021,0,0,0,0,0,0,0,0,0,0,0,0,1104583,1,1033125,1,0,0
71,71953584,23817,0,0,0,0,0,0,0,0,0,0,0,0,1091583,1,1027167,1,0,0
72,70287000,23881,0,0,0,0,0,0,0,0,0,0,0,0,1252584,1,1162375,1,0,0
73,59071876,23957,0,0,0,0,0,0,0,0,0,0,0,0,1255791,1,1181166,1,0,0
74,52323584,23881,0,0,0,0,0,0,0,0,0,0,0,0,937958,1,875292,1,0,0
75,47449168,23817,0,0,0,0,0,0,0,0,0,0,0,0,996084,1,951583,1,0,0
76,46924416,23905,0,0,0,0,0,0,0,0,0,0,0,0,771417,1,721000,1,0,0
77,48546376,24497,0,0,0,0,0,0,0,0,0,0,0,0,784917,1,741875,1,0,0
78,48326248,24033,0,0,0,0,0,0,0,0,0,0,0,0,788750,1,737750,1,0,0
79,48898708,23817,0,0,0,0,0,0,0,0,0,0,0,0,777458,1,727208,1,0,0
80,53870584,23969,0,0,0,0,0,0,0,0,0,0,0,0,834000,1,778209,1,0,0
81,56335248,23817,0,0,0,0,0,0,0,0,0,0,0,0,897292,1,846708,1,0,0
82,56918916,23933,0,0,0,0,0,0,0,0,0,0,0,0,1475458,1,1390167,1,0,0
83,56613248,23905,0,0,0,0,0,0,0,0,0,0,0,0,1002750,1,946292,1,0,0
84,62207376,23881,0,0,0,0,0,0,0,0,0,0,0,0,940167,1,875792,1,0,0
85,55444376,23817,0,0,0,0,0,0,0,0,0,0,0,0,1083334,1,981834,1,0,0
86,51351336,24585,0,0,0,0,0,0,0,0,0,0,0,0,919833,1,859084,1,0,0
87,44686960,24033,0,0,0,0,0,0,0,0,0,0,0,0,766375,1,723833,1,0,0
88,39456168,23817,0,0,0,0,0,0,0,0,0,0,0,0,751750,1,704709,1,0,0
89,39844960,23881,0,0,0,0,0,0,0,0,0,0,0,0,667084,1,626417,1,0,0
90,37017124,23905,0,0,0,0,0,0,0,0,0,0,0,0,741250,1,688542,1,0,0
91,33483834,23869,0,0,0,0,0,0,0,0,0,0,0,0,650292,1,615292,1,0,0
92,33919792,23881,0,0,0,0,0,0,0,0,0,0,0,0,643750,1,603417,1,0,0
93,33436166,23817,0,0,0,0,0,0,0,0,0,0,0,0,605000,1,571584,1,0,0
94,33479458,23817,0,0,0,0,0,0,0,0,0,0,0,0,605542,1,563791,1,0,0
95,33554208,23969,0,0,0,0,0,0,0,0,0,0,0,0,608834,1,575375,1,0,0
96,33803832,23817,0,0,0,0,0,0,0,0,0,0,0,0,612292,1,571167,1,0,0
97,32658084,23869,0,0,0,0,0,0,0,0,0,0,0,0,608041,1,574000,1,0,0
98,32470250,34254,0,0,0,0,0,0,0,0,0,0,0,0,574333,1,536625,1,0,0
99,30710792,23881,0,0,0,0,0,0,0,0,0,0,0,0,581542,1,551792,1,0,0
100,30731292,24469,0,0,0,0,0,0,0,0,0,0,0,0,567334,1,531875,1,0,0
101,30543000,24033,0,0,0,0,0,0,0,0,0,0,0,0,561083,1,530500,1,0,0
102,30805832,23817,0,0,0,0,0,0,0,0,0,0,0,0,604042,1,557791,1,0,0
103,30471832,23881,0,0,0,0,0,0,0,0,0,0,0,0,573666,1,541833,1,0,0
104,30694624,23869,0,0,0,0,0,0,0,0,0,0,0,0,569000,1,534042,1,0,0
105,35013540,23905,0,0,0,0,0,0,0,0,0,0,0,0,717792,1,683083,1,0,0
106,34598500,23817,0,0,0,0,0,0,0,0,0,0,0,0,591625,1,555875,1,0,0
107,36145208,23881,0,0,0,0,0,0,0,0,0,0,0,0,649542,1,614917,1,0,0
108,35590960,23817,0,0,0,0,0,0,0,0,0,0,0,0,763666,1,721333,1,0,0
109,35133916,23817,0,0,0,0,0,0,0,0,0,0,0,0,632667,1,593958,1,0,0
110,34787752,24021,0,0,0,0,0,0,0,0,0,0,0,0,772000,1,724667,1,0,0
111,36312876,23817,0,0,0,0,0,0,0,0,0,0,0,0,647750,1,614666,1,0,0
112,40379752,23817,0,0,0,0,0,0,0,0,0,0,0,0,841166,1,793833,1,0,0
113,44235336,23881,0,0,0,0,0,0,0,0,0,0,0,0,708792,1,670500,1,0,0
114,55763752,24469,0,0,0,0,0,0,0,0,0,0,0,0,1087750,1,1000291,1,0,0
115,65778292,24149,0,0,0,0,0,0,0,0,0,0,0,0,1055875,1,992666,1,0,0
116,67421920,23817,0,0,0,0,0,0,0,0,0,0,0,0,1107042,1,1033458,1,0,0
117,74375960,23969,0,0,0,0,0,0,0,0,0,0,0,0,1109375,1,1036250,1,0,0
118,67157128,23869,0,0,0,0,0,0,0,0,0,0,0,0,1142042,1,1062792,1,0,0
119,56135456,23881,0,0,0,0,0,0,0,0,0,0,0,0,873083,1,824167,1,0,0
120,55741124,23905,0,0,0,0,0,0,0,0,0,0,0,0,926875,1,868625,1,0,0
121,48271084,23881,0,0,0,0,0,0,0,0,0,0,0,0,1036750,1,984291,1,0,0
122,48039376,24433,0,0,0,0,0,0,0,0,0,0,0,0,1058500,1,1004958,1,0,0
123,50186792,24121,0,0,0,0,0,0,0,0,0,0,0,0,939583,1,896417,1,0,0
124,53964916,23881,0,0,0,0,0,0,0,0,0,0,0,0,877542,1,826667,1,0,0
125,56464208,23817,0,0,0,0,0,0,0,0,0,0,0,0,896250,1,839250,1,0,0
126,60411752,24021,0,0,0,0,0,0,0,0,0,0,0,0,963917,1,897666,1,0,0
127,58603416,23817,0,0,0,0,0,0,0,0,0,0,0,0,1296959,1,1232458,1,0,0
128,54897084,23881,0,0,0,0,0,0,0,0,0,0,0,0,892250,1,831292,1,0,0
129,56084500,23905,0,0,0,0,0,0,0,0,0,0,0,0,1012167,1,958000,1,0,0
130,57225168,23933,0,0,0,0,0,0,0,0,0,0,0,0,881667,1,806375,1,0,0
131,56769376,24381,0,0,0,0,0,0,0,0,0,0,0,0,875000,1,823792,1,0,0
132,55093916,24185,0,0,0,0,0,0,0,0,0,0,0,0,926459,1,867958,1,0,0
133,49467544,23817,0,0,0,0,0,0,0,0,0,0,0,0,937500,1,877666,1,0,0
134,44321544,23933,0,0,0,0,0,0,0,0,0,0,0,0,752584,1,703375,1,0,0
135,45556124,23817,0,0,0,0,0,0,0,0,0,0,0,0,754084,1,710292,1,0,0
136,38868500,23905,0,0,0,0,0,0,0,0,0,0,0,0,677667,1,630167,1,0,0
137,36710040,23881,0,0,0,0,0,0,0,0,0,0,0,0,667334,1,629333,1,0,0
138,34089248,23817,0,0,0,0,0,0,0,0,0,0,0,0,616959,1,581042,1,0,0
139,34063292,23817,0,0,0,0,0,0,0,0,0,0,0,0,601667,1,568791,1,0,0
140,33614248,23933,0,0,0,0,0,0,0,0,0,0,0,0,627750,1,580958,1,0,0
141,33640916,23905,0,0,0,0,0,0,0,0,0,0,0,0,603750,1,569792,1,0,0
142,33762500,23817,0,0,0,0,0,0,0,0,0,0,0,0,621125,1,582125,1,0,0
143,33935832,23881,0,0,0,0,0,0,0,0,0,0,0,0,621875,1,587625,1,0,0
144,33420666,23853,0,0,0,0,0,0,0,0,0,0,0,0,614959,1,578625,1,0,0
145,33716624,23505,0,0,0,0,0,0,0,0,0,0,0,0,563041,1,526750,1,0,0
146,35676708,26943,0,0,0,0,0,0,0,0,0,0,0,0,574708,1,537792,1,0,0
147,30088250,25967,0,0,0,0,0,0,0,0,0,0,0,0,609166,1,579875,1,0,0
148,29868958,23289,0,0,0,0,0,0,0,0,0,0,0,0,537666,1,500584,1,0,0
149,33325832,23289,0,0,0,0,0,0,0,0,0,0,0,0,597041,1,567959,1,0,0
150,30232708,23353,0,0,0,0,0,0,0,0,0,0,0,0,519208,1,486792,1,0,0
151,30547708,23377,0,0,0,0,0,0,0,0,0,0,0,0,576125,1,543375,1,0,0
152,30520376,23289,0,0,0,0,0,0,0,0,0,0,0,0,522958,1,490667,1,0,0
153,32336668,23341,0,0,0,0,0,0,0,0,0,0,0,0,520208,1,490500,1,0,0
154,32657292,23353,0,0,0,0,0,0,0,0,0,0,0,0,524167,1,495500,1,0,0
155,33706292,23289,0,0,0,0,0,0,0,0,0,0,0,0,583208,1,545750,1,0,0
156,34827500,23377,0,0,0,0,0,0,0,0,0,0,0,0,567875,1,532000,1,0,0
157,35838876,23353,0,0,0,0,0,0,0,0,0,0,0,0,597417,1,562208,1,0,0
158,35002416,23289,0,0,0,0,0,0,0,0,0,0,0,0,627125,1,590709,1,0,0
159,34822832,23905,0,0,0,0,0,0,0,0,0,0,0,0,694250,1,642083,1,0,0
160,35422500,23569,0,0,0,0,0,0,0,0,0,0,0,0,781167,1,737084,1,0,0
161,35397668,23377,0,0,0,0,0,0,0,0,0,0,0,0,721833,1,679042,1,0,0
162,37003124,23289,0,0,0,0,0,0,0,0,0,0,0,0,695500,1,652167,1,0,0
163,42670876,23353,0,0,0,0,0,0,0,0,0,0,0,0,1015750,1,975084,1,0,0
164,52481584,23289,0,0,0,0,0,0,0,0,0,0,0,0,751125,1,712250,1,0,0
165,60120208,23429,0,0,0,0,0,0,0,0,0,0,0,0,778084,1,726833,1,0,0
166,65969832,23353,0,0,0,0,0,0,0,0,0,0,0,0,961208,1,903500,1,0,0
167,66548124,23289,0,0,0,0,0,0,0,0,0,0,0,0,974583,1,918667,1,0,0
168,66018208,23441,0,0,0,0,0,0,0,0,0,0,0,0,1174958,1,1086458,1,0,0
169,54534876,23905,0,0,0,0,0,0,0,0,0,0,0,0,822375,1,767583,1,0,0
170,57174624,23569,0,0,0,0,0,0,0,0,0,0,0,0,1014542,1,967916,1,0,0
171,55843292,23377,0,0,0,0,0,0,0,0,0,0,0,0,800209,1,750083,1,0,0
172,60425000,23353,0,0,0,0,0,0,0,0,0,0,0,0,1115083,1,1058625,1,0,0
173,47030584,23341,0,0,0,0,0,0,0,0,0,0,0,0,771875,1,734959,1,0,0
174,45104376,23441,0,0,0,0,0,0,0,0,0,0,0,0,739500,1,695125,1,0,0
175,45011168,23289,0,0,0,0,0,0,0,0,0,0,0,0,692084,1,646875,1,0,0
176,46467916,23289,0,0,0,0,0,0,0,0,0,0,0,0,684542,1,647208,1,0,0
177,47866332,23353,0,0,0,0,0,0,0,0,0,0,0,0,694375,1,650875,1,0,0
178,45217960,23429,0,0,0,0,0,0,0,0,0,0,0,0,693292,1,656583,1,0,0
179,45570456,23853,0,0,0,0,0,0,0,0,0,0,0,0,709375,1,671666,1,0,0
180,45758084,23569,0,0,0,0,0,0,0,0,0,0,0,0,741500,1,693583,1,0,0
181,45688584,23289,0,0,0,0,0,0,0,0,0,0,0,0,671125,1,636042,1,0,0
182,47160960,23377,0,0,0,0,0,0,0,0,0,0,0,0,759583,1,702333,1,0,0
183,53730876,23405,0,0,0,0,0,0,0,0,0,0,0,0,736917,1,691959,1,0,0
184,48254416,23289,0,0,0,0,0,0,0,0,0,0,0,0,717750,1,681000,1,0,0
185,45479624,23441,0,0,0,0,0,0,0,0,0,0,0,0,682375,1,646750,1,0,0
186,44857792,23289,0,0,0,0,0,0,0,0,0,0,0,0,680250,1,633542,1,0,0
187,44232668,23289,0,0,0,0,0,0,0,0,0,0,0,0,692833,1,656500,1,0,0
188,42422500,23405,0,0,0,0,0,0,0,0,0,0,0,0,682459,1,646708,1,0,0
189,41734708,23377,0,0,0,0,0,0,0,0,0,0,0,0,676500,1,635125,1,0,0
190,37600584,23853,0,0,0,0,0,0,0,0,0,0,0,0,628500,1,597542,1,0,0
191,39378792,23569,0,0,0,0,0,0,0,0,0,0,0,0,626834,1,591833,1,0,0
192,37946000,23289,0,0,0,0,0,0,0,0,0,0,0,0,782167,1,741709,1,0,0
193,37343668,23377,0,0,0,0,0,0,0,0,0,0,0,0,1039500,1,986667,1,0,0
194,41741540,23405,0,0,0,0,0,0,0,0,0,0,0,0,726583,1,688541,1,0,0
195,40939832,23289,0,0,0,0,0,0,0,0,0,0,0,0,604458,1,534459,1,0,0
196,43638500,23289,0,0,0,0,0,0,0,0,0,0,0,0,637416,1,606000,1,0,0
197,42098084,23441,0,0,0,0,0,0,0,0,0,0,0,0,641875,1,610250,1,0,0
198,46576544,23289,0,0,0,0,0,0,0,0,0,0,0,0,718750,1,676292,1,0,0
199,44919248,23341,0,0,0,0,0,0,0,0,0,0,0,0,715750,1,679833,1,0,0
200,47684668,23353,0,0,0,0,0,0,0,0,0,0,0,0,1158334,1,1109334,1,0,0
201,52528000,23941,0,0,0,0,0,0,0,0,0,0,0,0,846666,1,797666,1,0,0
202,55735960,23569,0,0,0,0,0,0,0,0,0,0,0,0,937917,1,892500,1,0,0
203,53378916,23341,0,0,0,0,0,0,0,0,0,0,0,0,784875,1,736625,1,0,0
204,54462500,23441,0,0,0,0,0,0,0,0,0,0,0,0,787333,1,736500,1,0,0
205,60227960,23289,0,0,0,0,0,0,0,0,0,0,0,0,1096458,1,1036625,1,0,0
206,55892624,23353,0,0,0,0,0,0,0,0,0,0,0,0,795459,1,752417,1,0,0
207,57245000,23429,0,0,0,0,0,0,0,0,0,0,0,0,848833,1,798042,1,0,0
208,54992376,23353,0,0,0,0,0,0,0,0,0,0,0,0,814417,1,771833,1,0,0
209,54838416,23289,0,0,0,0,0,0,0,0,0,0,0,0,921959,1,874417,1,0,0
210,55939960,24005,0,0,0,0,0,0,0,0,0,0,0,0,839583,1,786750,1,0,0
211,52621376,23557,0,0,0,0,0,0,0,0,0,0,0,0,781250,1,738541,1,0,0
212,49712208,23353,0,0,0,0,0,0,0,0,0,0,0,0,730750,1,694417,1,0,0
213,50913960,23377,0,0,0,0,0,0,0,0,0,0,0,0,839417,1,789584,1,0,0
214,58841624,23353,0,0,0,0,0,0,0,0,0,0,0,0,894583,1,851208,1,0,0
215,56933832,23341,0,0,0,0,0,0,0,0,0,0,0,0,1044709,1,999667,1,0,0
216,54645416,23441,0,0,0,0,0,0,0,0,0,0,0,0,820375,1,769583,1,0,0
217,55466500,23289,0,0,0,0,0,0,0,0,0,0,0,0,778875,1,735875,1,0,0
218,53132752,23603,0,0,0,0,0,0,0,0,0,0,0,0,867000,1,813916,1,0,0
219,51707084,23429,0,0,0,0,0,0,0,0,0,0,0,0,966250,1,906917,1,0,0
220,46968040,23917,0,0,0,0,0,0,0,0,0,0,0,0,717041,1,679625,1,0,0
221,43494916,23505,0,0,0,0,0,0,0,0,0,0,0,0,706000,1,670792,1,0,0
222,44250708,23289,0,0,0,0,0,0,0,0,0,0,0,0,685958,1,643625,1,0,0
223,39192752,23441,0,0,0,0,0,0,0,0,0,0,0,0,714209,1,673791,1,0,0
224,40284500,23341,0,0,0,0,0,0,0,0,0,0,0,0,678125,1,644792,1,0,0
225,36729084,23289,0,0,0,0,0,0,0,0,0,0,0,0,691500,1,640250,1,0,0
226,33652500,23353,0,0,0,0,0,0,0,0,0,0,0,0,590292,1,562416,1,0,0
227,33453500,23289,0,0,0,0,0,0,0,0,0,0,0,0,588709,1,557917,1,0,0
228,33347208,23377,0,0,0,0,0,0,0,0,0,0,0,0,590084,1,554750,1,0,0
229,33576416,23353,0,0,0,0,0,0,0,0,0,0,0,0,578583,1,542292,1,0,0
230,33429292,23341,0,0,0,0,0,0,0,0,0,0,0,0,553875,1,524000,1,0,0
231,33296416,23289,0,0,0,0,0,0,0,0,0,0,0,0,589459,1,554791,1,0,0
232,33393750,23353,0,0,0,0,0,0,0,0,0,0,0,0,560500,1,531875,1,0,0
233,33616376,23941,0,0,0,0,0,0,0,0,0,0,0,0,575458,1,545083,1,0,0
234,32693376,24263,0,0,0,0,0,0,0,0,0,0,0,0,552750,1,516666,1,0,0
235,30333666,23289,0,0,0,0,0,0,0,0,0,0,0,0,559583,1,532583,1,0,0
236,30293460,23353,0,0,0,0,0,0,0,0,0,0,0,0,512791,1,487166,1,0,0
237,30607416,23341,0,0,0,0,0,0,0,0,0,0,0,0,523166,1,491209,1,0,0
238,30121540,23377,0,0,0,0,0,0,0,0,0,0,0,0,521209,1,494125,1,0,0
239,34441960,23289,0,0,0,0,0,0,0,0,0,0,0,0,629375,1,598375,1,0,0
240,31617876,23353,0,0,0,0,0,0,0,0,0,0,0,0,561708,1,527416,1,0,0
241,35207208,23289,0,0,0,0,0,0,0,0,0,0,0,0,551792,1,523209,1,0,0
242,35359916,23289,0,0,0,0,0,0,0,0,0,0,0,0,577125,1,548125,1,0,0
243,35239456,23441,0,0,0,0,0,0,0,0,0,0,0,0,588167,1,551917,1,0,0
244,35488916,23341,0,0,0,0,0,0,0,0,0,0,0,0,580084,1,551792,1,0,0
245,35303376,23289,0,0,0,0,0,0,0,0,0,0,0,0,574500,1,539333,1,0,0
246,35765040,23353,0,0,0,0,0,0,0,0,0,0,0,0,676667,1,638916,1,0,0
247,36721624,23289,0,0,0,0,0,0,0,0,0,0,0,0,895584,1,861666,1,0,0
248,37040540,23941,0,0,0,0,0,0,0,0,0,0,0,0,587125,1,559125,1,0,0
249,42990456,23569,0,0,0,0,0,0,0,0,0,0,0,0,680334,1,640125,1,0,0
250,49822664,23341,0,0,0,0,0,0,0,0,0,0,0,0,693792,1,659042,1,0,0
251,60873332,23289,0,0,0,0,0,0,0,0,0,0,0,0,809666,1,766458,1,0,0
252,74089624,23861,0,0,0,0,0,0,0,0,0,0,0,0,1284125,1,1218167,1,0,0
253,69556920,23709,0,0,0,0,0,0,0,0,0,0,0,0,1023208,1,966958,1,0,0
254,67144624,23825,0,0,0,0,0,0,0,0,0,0,0,0,1101917,1,1029708,1,0,0
255,78686248,27247,0,0,0,0,0,0,0,0,0,0,0,0,1098000,1,1038375,1,0,0
256,58058124,27015,0,0,0,0,0,0,0,0,0,0,0,0,1142583,1,1076083,1,0,0
257,53054624,23977,0,0,0,0,0,0,0,0,0,0,0,0,1040208,1,980208,1,0,0
258,46274000,23861,0,0,0,0,0,0,0,0,0,0,0,0,1121709,1,1072000,1,0,0
259,48896832,23709,0,0,0,0,0,0,0,0,0,0,0,0,770584,1,731000,1,0,0
260,51099792,23709,0,0,0,0,0,0,0,0,0,0,0,0,1379625,1,1310250,1,0,0
261,47854708,23773,0,0,0,0,0,0,0,0,0,0,0,0,949000,1,909875,1,0,0
262,53174208,23849,0,0,0,0,0,0,0,0,0,0,0,0,827542,1,776667,1,0,0
263,56413960,23773,0,0,0,0,0,0,0,0,0,0,0,0,1324375,1,1239333,1,0,0
264,54999208,23709,0,0,0,0,0,0,0,0,0,0,0,0,1023542,1,966042,1,0,0
265,55558876,23861,0,0,0,0,0,0,0,0,0,0,0,0,854250,1,808459,1,0,0
266,59138248,24325,0,0,0,0,0,0,0,0,0,0,0,0,941584,1,885333,1,0,0
267,58770876,23989,0,0,0,0,0,0,0,0,0,0,0,0,1037875,1,980166,1,0,0
268,53202916,23797,0,0,0,0,0,0,0,0,0,0,0,0,912584,1,845625,1,0,0
269,55124584,23773,0,0,0,0,0,0,0,0,0,0,0,0,956084,1,909584,1,0,0
270,43925416,23761,0,0,0,0,0,0,0,0,0,0,0,0,804333,1,758125,1,0,0
271,40889664,23797,0,0,0,0,0,0,0,0,0,0,0,0,739292,1,700000,1,0,0
272,38342832,23773,0,0,0,0,0,0,0,0,0,0,0,0,702292,1,659208,1,0,0
273,35442916,23709,0,0,0,0,0,0,0,0,0,0,0,0,674542,1,638541,1,0,0
274,33986168,23709,0,0,0,0,0,0,0,0,0,0,0,0,622000,1,586375,1,0,0
275,33563040,23773,0,0,0,0,0,0,0,0,0,0,0,0,603875,1,572333,1,0,0
276,33502208,23849,0,0,0,0,0,0,0,0,0,0,0,0,637167,1,601250,1,0,0
277,33132376,24273,0,0,0,0,0,0,0,0,0,0,0,0,629500,1,597375,1,0,0
278,33501832,23989,0,0,0,0,0,0,0,0,0,0,0,0,728250,1,684291,1,0,0
279,33469332,23709,0,0,0,0,0,0,0,0,0,0,0,0,691375,1,660125,1,0,0
280,32279084,23709,0,0,0,0,0,0,0,0,0,0,0,0,649833,1,613291,1,0,0
281,30442750,23797,0,0,0,0,0,0,0,0,0,0,0,0,576292,1,548125,1,0,0
282,30433584,23773,0,0,0,0,0,0,0,0,0,0,0,0,564583,1,531416,1,0,0
283,32998668,23761,0,0,0,0,0,0,0,0,0,0,0,0,652500,1,619500,1,0,0
284,30528460,23709,0,0,0,0,0,0,0,0,0,0,0,0,568292,1,531750,1,0,0
285,30394834,23709,0,0,0,0,0,0,0,0,0,0,0,0,598000,1,565667,1,0,0
286,30394750,23861,0,0,0,0,0,0,0,0,0,0,0,0,561833,1,527833,1,0,0
287,30441750,23709,0,0,0,0,0,0,0,0,0,0,0,0,567417,1,536708,1,0,0
288,30251124,23709,0,0,0,0,0,0,0,0,0,0,0,0,601875,1,565583,1,0,0
289,31475332,23709,0,0,0,0,0,0,0,0,0,0,0,0,543375,1,514042,1,0,0
290,33374750,23825,0,0,0,0,0,0,0,0,0,0,0,0,610875,1,572375,1,0,0
291,33470500,23797,0,0,0,0,0,0,0,0,0,0,0,0,599375,1,567291,1,0,0
292,34954916,23709,0,0,0,0,0,0,0,0,0,0,0,0,594458,1,557542,1,0,0
293,36070500,24337,0,0,0,0,0,0,0,0,0,0,0,0,614708,1,580583,1,0,0
294,36256208,23925,0,0,0,0,0,0,0,0,0,0,0,0,763000,1,697584,1,0,0
295,34979248,23709,0,0,0,0,0,0,0,0,0,0,0,0,652083,1,613250,1,0,0
296,35931000,23913,0,0,0,0,0,0,0,0,0,0,0,0,1001792,1,947667,1,0,0
297,35904168,23709,0,0,0,0,0,0,0,0,0,0,0,0,732333,1,695250,1,0,0
298,43276876,23709,0,0,0,0,0,0,0,0,0,0,0,0,705042,1,660791,1,0,0
299,44145960,23773,0,0,0,0,0,0,0,0,0,0,0,0,977792,1,934959,1,0,0
300,51709876,23797,0,0,0,0,0,0,0,0,0,0,0,0,803542,1,748500,1,0,0
301,66136584,23761,0,0,0,0,0,0,0,0,0,0,0,0,1073167,1,1013959,1,0,0
302,65893332,23773,0,0,0,0,0,0,0,0,0,0,0,0,1156000,1,1039959,1,0,0
303,66472000,23797,0,0,0,0,0,0,0,0,0,0,0,0,1042167,1,980417,1,0,0
304,67858872,26673,0,0,0,0,0,0,0,0,0,0,0,0,1451916,1,1382250,1,0,0
305,61956752,23761,0,0,0,0,0,0,0,0,0,0,0,0,1427792,1,1355709,1,0,0
306,54966124,23861,0,0,0,0,0,0,0,0,0,0,0,0,921083,1,862458,1,0,0
307,54851668,23709,0,0,0,0,0,0,0,0,0,0,0,0,1561041,1,1505833,1,0,0
308,45947168,23773,0,0,0,0,0,0,0,0,0,0,0,0,1057917,1,1005041,1,0,0
309,45773292,23849,0,0,0,0,0,0,0,0,0,0,0,0,811584,1,769333,1,0,0
310,46140832,23709,0,0,0,0,0,0,0,0,0,0,0,0,779375,1,732459,1,0,0
311,41392040,23773,0,0,0,0,0,0,0,0,0,0,0,0,731875,1,678417,1,0,0
312,43247792,23709,0,0,0,0,0,0,0,0,0,0,0,0,776416,1,732084,1,0,0
313,45379960,24361,0,0,0,0,0,0,0,0,0,0,0,0,763250,1,721292,1,0,0
314,48220040,24041,0,0,0,0,0,0,0,0,0,0,0,0,739667,1,692417,1,0,0
315,48054708,23709,0,0,0,0,0,0,0,0,0,0,0,0,792875,1,724084,1,0,0
316,44958916,23709,0,0,0,0,0,0,0,0,0,0,0,0,826292,1,768083,1,0,0
317,57451124,23861,0,0,0,0,0,0,0,0,0,0,0,0,1351333,1,1293500,1,0,0
318,50114040,23709,0,0,0,0,0,0,0,0,0,0,0,0,1097500,1,1022166,1,0,0
319,45771584,23825,0,0,0,0,0,0,0,0,0,0,0,0,814500,1,758333,1,0,0
320,43364916,23797,0,0,0,0,0,0,0,0,0,0,0,0,757583,1,707334,1,0,0
321,41792084,23709,0,0,0,0,0,0,0,0,0,0,0,0,751875,1,710459,1,0,0
322,37145708,23773,0,0,0,0,0,0,0,0,0,0,0,0,694042,1,653542,1,0,0
323,37860248,23709,0,0,0,0,0,0,0,0,0,0,0,0,677167,1,641625,1,0,0
324,34199168,23849,0,0,0,0,0,0,0,0,0,0,0,0,709291,1,665125,1,0,0
325,33385084,24337,0,0,0,0,0,0,0,0,0,0,0,0,604333,1,572458,1,0,0
326,33967500,23925,0,0,0,0,0,0,0,0,0,0,0,0,616458,1,579750,1,0,0
327,33515084,23709,0,0,0,0,0,0,0,0,0,0,0,0,622167,1,589291,1,0,0
328,33235124,23773,0,0,0,0,0,0,0,0,0,0,0,0,599000,1,561542,1,0,0
329,33060292,23797,0,0,0,0,0,0,0,0,0,0,0,0,596166,1,562250,1,0,0
330,36755752,23761,0,0,0,0,0,0,0,0,0,0,0,0,714416,1,676292,1,0,0
331,33346292,23773,0,0,0,0,0,0,0,0,0,0,0,0,629250,1,595584,1,0,0
332,33329208,23709,0,0,0,0,0,0,0,0,0,0,0,0,596583,1,559292,1,0,0
333,33687540,23709,0,0,0,0,0,0,0,0,0,0,0,0,591917,1,559084,1,0,0
334,33632124,23861,0,0,0,0,0,0,0,0,0,0,0,0,608333,1,571666,1,0,0
335,33388542,23709,0,0,0,0,0,0,0,0,0,0,0,0,617583,1,583666,1,0,0
336,33047624,23761,0,0,0,0,0,0,0,0,0,0,0,0,612458,1,575458,1,0,0
337,30084208,23773,0,0,0,0,0,0,0,0,0,0,0,0,561750,1,533375,1,0,0
338,31410458,23709,0,0,0,0,0,0,0,0,0,0,0,0,562250,1,525250,1,0,0
339,30488084,23797,0,0,0,0,0,0,0,0,0,0,0,0,596250,1,566834,1,0,0
340,31635042,24273,0,0,0,0,0,0,0,0,0,0,0,0,574584,1,539917,1,0,0
341,32383584,23989,0,0,0,0,0,0,0,0,0,0,0,0,564208,1,535500,1,0,0
342,31623792,23709,0,0,0,0,0,0,0,0,0,0,0,0,593292,1,557292,1,0,0
343,32512376,23761,0,0,0,0,0,0,0,0,0,0,0,0,634500,1,601583,1,0,0
344,32833208,23797,0,0,0,0,0,0,0,0,0,0,0,0,569708,1,535500,1,0,0
345,36893876,23773,0,0,0,0,0,0,0,0,0,0,0,0,707416,1,673584,1,0,0
346,33506460,23709,0,0,0,0,0,0,0,0,0,0,0,0,639416,1,601791,1,0,0
347,34932668,23709,0,0,0,0,0,0,0,0,0,0,0,0,637125,1,597542,1,0,0
348,34729084,23773,0,0,0,0,0,0,0,0,0,0,0,0,649125,1,609292,1,0,0
349,34858456,23849,0,0,0,0,0,0,0,0,0,0,0,0,596667,1,563792,1,0,0
350,34305540,23709,0,0,0,0,0,0,0,0,0,0,0,0,615792,1,578292,1,0,0
351,36998876,23773,0,0,0,0,0,0,0,0,0,0,0,0,644083,1,604167,1,0,0
352,42119248,23709,0,0,0,0,0,0,0,0,0,0,0,0,662125,1,618792,1,0,0
353,38851792,23709,0,0,0,0,0,0,0,0,0,0,0,0,649833,1,616583,1,0,0
354,35765624,24425,0,0,0,0,0,0,0,0,0,0,0,0,656083,1,618959,1,0,0
355,39365752,23977,0,0,0,0,0,0,0,0,0,0,0,0,660250,1,623667,1,0,0
356,49236792,23709,0,0,0,0,0,0,0,0,0,0,0,0,1035666,1,989333,1,0,0
357,62491084,23773,0,0,0,0,0,0,0,0,0,0,0,0,842750,1,789125,1,0,0
358,73628416,23797,0,0,0,0,0,0,0,0,0,0,0,0,1299208,1,1210708,1,0,0
359,70792832,23825,0,0,0,0,0,0,0,0,0,0,0,0,1050459,1,989125,1,0,0
360,69136288,23709,0,0,0,0,0,0,0,0,0,0,0,0,1187209,1,1115291,1,0,0
361,67512496,23861,0,0,0,0,0,0,0,0,0,0,0,0,1121083,1,1057292,1,0,0
362,64019000,24325,0,0,0,0,0,0,0,0,0,0,0,0,1099542,1,1026750,1,0,0
363,53317544,23989,0,0,0,0,0,0,0,0,0,0,0,0,906833,1,854375,1,0,0
364,47651208,23797,0,0,0,0,0,0,0,0,0,0,0,0,783250,1,731625,1,0,0
365,48319040,23773,0,0,0,0,0,0,0,0,0,0,0,0,775958,1,734166,1,0,0
366,50971248,23761,0,0,0,0,0,0,0,0,0,0,0,0,810292,1,761084,1,0,0
367,48187416,23709,0,0,0,0,0,0,0,0,0,0,0,0,741125,1,699667,1,0,0
368,48501708,23861,0,0,0,0,0,0,0,0,0,0,0,0,752250,1,702250,1,0,0
369,46087876,23709,0,0,0,0,0,0,0,0,0,0,0,0,754417,1,712125,1,0,0
370,48906168,23709,0,0,0,0,0,0,0,0,0,0,0,0,920291,1,860250,1,0,0
371,55192544,23825,0,0,0,0,0,0,0,0,0,0,0,0,1025458,1,970417,1,0,0
372,54679000,24361,0,0,0,0,0,0,0,0,0,0,0,0,922833,1,862208,1,0,0
373,55731708,23989,0,0,0,0,0,0,0,0,0,0,0,0,877458,1,829417,1,0,0
374,57127332,23709,0,0,0,0,0,0,0,0,0,0,0,0,1257333,1,1163083,1,0,0
375,55374500,23913,0,0,0,0,0,0,0,0,0,0,0,0,863042,1,813834,1,0,0
376,61036248,23709,0,0,0,0,0,0,0,0,0,0,0,0,1358584,1,1301542,1,0,0
377,53180000,23773,0,0,0,0,0,0,0,0,0,0,0,0,918416,1,870334,1,0,0
378,49086500,23797,0,0,0,0,0,0,0,0,0,0,0,0,899041,1,843375,1,0,0
379,45513792,23825,0,0,0,0,0,0,0,0,0,0,0,0,740708,1,698750,1,0,0
380,41017168,23709,0,0,0,0,0,0,0,0,0,0,0,0,755667,1,706542,1,0,0
381,42452876,23709,0,0,0,0,0,0,0,0,0,0,0,0,656000,1,620083,1,0,0
382,38380876,24425,0,0,0,0,0,0,0,0,0,0,0,0,696625,1,655958,1,0,0
383,41039544,23925,0,0,0,0,0,0,0,0,0,0,0,0,638792,1,604208,1,0,0
384,41008124,23761,0,0,0,0,0,0,0,0,0,0,0,0,1216583,1,1138958,1,0,0
385,42488332,23773,0,0,0,0,0,0,0,0,0,0,0,0,713833,1,677625,1,0,0
386,47926168,23797,0,0,0,0,0,0,0,0,0,0,0,0,766333,1,717333,1,0,0
387,46215208,23709,0,0,0,0,0,0,0,0,0,0,0,0,726792,1,684291,1,0,0
388,50080960,23773,0,0,0,0,0,0,0,0,0,0,0,0,744959,1,697708,1,0,0
389,55096832,23761,0,0,0,0,0,0,0,0,0,0,0,0,856458,1,801958,1,0,0
390,64203248,23861,0,0,0,0,0,0,0,0,0,0,0,0,964709,1,884375,1,0,0
391,62624916,23709,0,0,0,0,0,0,0,0,0,0,0,0,1250375,1,1190167,1,0,0
392,56359624,24337,0,0,0,0,0,0,0,0,0,0,0,0,848709,1,795375,1,0,0
393,56516668,24065,0,0,0,0,0,0,0,0,0,0,0,0,1099000,1,1039041,1,0,0
394,55474168,23773,0,0,0,0,0,0,0,0,0,0,0,0,890833,1,812750,1,0,0
395,54585500,23709,0,0,0,0,0,0,0,0,0,0,0,0,910458,1,861208,1,0,0
396,62067668,23861,0,0,0,0,0,0,0,0,0,0,0,0,984834,1,911667,1,0,0
397,55926460,23761,0,0,0,0,0,0,0,0,0,0,0,0,867500,1,818500,1,0,0
398,55342832,23773,0,0,0,0,0,0,0,0,0,0,0,0,1152750,1,1075500,1,0,0
399,52635584,23797,0,0,0,0,0,0,0,0,0,0,0,0,989292,1,933334,1,0,0
400,50918208,23773,0,0,0,0,0,0,0,0,0,0,0,0,908708,1,858291,1,0,0
401,45825084,24325,0,0,0,0,0,0,0,0,0,0,0,0,889875,1,843417,1,0,0
402,46975792,24013,0,0,0,0,0,0,0,0,0,0,0,0,740542,1,690292,1,0,0
403,44979000,23773,0,0,0,0,0,0,0,0,0,0,0,0,968375,1,913500,1,0,0
404,47204208,23709,0,0,0,0,0,0,0,0,0,0,0,0,748334,1,701000,1,0,0
405,50994000,23709,0,0,0,0,0,0,0,0,0,0,0,0,950041,1,815583,1,0,0
406,45449292,23913,0,0,0,0,0,0,0,0,0,0,0,0,743458,1,696292,1,0,0
407,47856416,23709,0,0,0,0,0,0,0,0,0,0,0,0,806875,1,765458,1,0,0
408,46926876,23709,0,0,0,0,0,0,0,0,0,0,0,0,734250,1,687875,1,0,0
409,50937376,23773,0,0,0,0,0,0,0,0,0,0,0,0,754583,1,703334,1,0,0
410,51805456,23797,0,0,0,0,0,0,0,0,0,0,0,0,860208,1,802834,1,0,0
411,47658960,23825,0,0,0,0,0,0,0,0,0,0,0,0,759459,1,710584,1,0,0
412,43015416,24273,0,0,0,0,0,0,0,0,0,0,0,0,729292,1,682584,1,0,0
413,43536752,23925,0,0,0,0,0,0,0,0,0,0,0,0,782292,1,740458,1,0,0
414,39458000,23861,0,0,0,0,0,0,0,0,0,0,0,0,814417,1,767792,1,0,0
415,38073168,23709,0,0,0,0,0,0,0,0,0,0,0,0,678375,1,641542,1,0,0
416,39371668,23761,0,0,0,0,0,0,0,0,0,0,0,0,748083,1,702500,1,0,0
417,33287084,23773,0,0,0,0,0,0,0,0,0,0,0,0,596417,1,563958,1,0,0
418,34701708,23709,0,0,0,0,0,0,0,0,0,0,0,0,633208,1,596416,1,0,0
419,35622832,23797,0,0,0,0,0,0,0,0,0,0,0,0,613958,1,576791,1,0,0
420,36651876,23773,0,0,0,0,0,0,0,0,0,0,0,0,735625,1,690833,1,0,0
421,37071668,23709,0,0,0,0,0,0,0,0,0,0,0,0,605958,1,572959,1,0,0
422,35921416,23761,0,0,0,0,0,0,0,0,0,0,0,0,606625,1,568708,1,0,0
423,36908960,23773,0,0,0,0,0,0,0,0,0,0,0,0,1025750,1,985125,1,0,0
424,37195376,23797,0,0,0,0,0,0,0,0,0,0,0,0,605333,1,568500,1,0,0
425,41997292,24273,0,0,0,0,0,0,0,0,0,0,0,0,889041,1,843125,1,0,0
426,45135960,23989,0,0,0,0,0,0,0,0,0,0,0,0,741917,1,692916,1,0,0
427,53226916,23709,0,0,0,0,0,0,0,0,0,0,0,0,877292,1,828083,1,0,0
428,58551168,23849,0,0,0,0,0,0,0,0,0,0,0,0,1084000,1,1012833,1,0,0
429,70778040,23773,0,0,0,0,0,0,0,0,0,0,0,0,1665708,1,1566625,1,0,0
430,63507752,23709,0,0,0,0,0,0,0,0,0,0,0,0,1090875,1,1015750,1,0,0
431,54471456,23861,0,0,0,0,0,0,0,0,0,0,0,0,866833,1,817500,1,0,0
432,57035752,23761,0,0,0,0,0,0,0,0,0,0,0,0,1154958,1,1100834,1,0,0
433,55415960,23773,0,0,0,0,0,0,0,0,0,0,0,0,871000,1,821458,1,0,0
434,55778960,24361,0,0,0,0,0,0,0,0,0,0,0,0,965125,1,905208,1,0,0
435,55547584,23989,0,0,0,0,0,0,0,0,0,0,0,0,877291,1,829083,1,0,0
436,49677584,23761,0,0,0,0,0,0,0,0,0,0,0,0,865500,1,809125,1,0,0
437,53142168,23861,0,0,0,0,0,0,0,0,0,0,0,0,881625,1,830416,1,0,0
438,52479332,23709,0,0,0,0,0,0,0,0,0,0,0,0,763625,1,693458,1,0,0
439,52786544,23773,0,0,0,0,0,0,0,0,0,0,0,0,859208,1,810916,1,0,0
440,55855584,23849,0,0,0,0,0,0,0,0,0,0,0,0,866583,1,805333,1,0,0
441,55939792,23773,0,0,0,0,0,0,0,0,0,0,0,0,881542,1,830792,1,0,0
442,55999124,23709,0,0,0,0,0,0,0,0,0,0,0,0,868708,1,813333,1,0,0
443,56468000,24425,0,0,0,0,0,0,0,0,0,0,0,0,1363375,1,1301791,1,0,0
444,55372292,23977,0,0,0,0,0,0,0,0,0,0,0,0,886042,1,830042,1,0,0
445,54064208,23773,0,0,0,0,0,0,0,0,0,0,0,0,880875,1,830625,1,0,0
446,55950416,23797,0,0,0,0,0,0,0,0,0,0,0,0,877500,1,822209,1,0,0
447,58320916,23773,0,0,0,0,0,0,0,0,0,0,0,0,958875,1,903041,1,0,0
448,49722876,23761,0,0,0,0,0,0,0,0,0,0,0,0,905916,1,847333,1,0,0
449,44023916,23861,0,0,0,0,0,0,0,0,0,0,0,0,790459,1,748208,1,0,0
450,39155584,23709,0,0,0,0,0,0,0,0,0,0,0,0,675292,1,629417,1,0,0
451,37956544,23709,0,0,0,0,0,0,0,0,0,0,0,0,691959,1,656000,1,0,0
452,34215124,23773,0,0,0,0,0,0,0,0,0,0,0,0,616000,1,574541,1,0,0
453,34020916,23849,0,0,0,0,0,0,0,0,0,0,0,0,595875,1,563417,1,0,0
454,33332208,24273,0,0,0,0,0,0,0,0,0,0,0,0,612458,1,577334,1,0,0
455,33683624,23989,0,0,0,0,0,0,0,0,0,0,0,0,701042,1,667292,1,0,0
456,33418000,23709,0,0,0,0,0,0,0,0,0,0,0,0,647167,1,608666,1,0,0
457,33383376,23709,0,0,0,0,0,0,0,0,0,0,0,0,645250,1,612292,1,0,0
458,33455542,23861,0,0,0,0,0,0,0,0,0,0,0,0,686292,1,649625,1,0,0
459,36283168,23761,0,0,0,0,0,0,0,0,0,0,0,0,700834,1,666500,1,0,0
460,33008250,23709,0,0,0,0,0,0,0,0,0,0,0,0,603708,1,563167,1,0,0
461,30365750,23773,0,0,0,0,0,0,0,0,0,0,0,0,547833,1,518500,1,0,0
462,30709584,23709,0,0,0,0,0,0,0,0,0,0,0,0,583250,1,549583,1,0,0
463,30052624,23797,0,0,0,0,0,0,0,0,0,0,0,0,561000,1,531333,1,0,0
464,30568166,23709,0,0,0,0,0,0,0,0,0,0,0,0,595000,1,561792,1,0,0
465,30709916,23773,0,0,0,0,0,0,0,0,0,0,0,0,548875,1,520458,1,0,0
466,30283500,23761,0,0,0,0,0,0,0,0,0,0,0,0,596167,1,561000,1,0,0
467,30397708,23709,0,0,0,0,0,0,0,0,0,0,0,0,575167,1,543000,1,0,0
468,33059668,23797,0,0,0,0,0,0,0,0,0,0,0,0,608166,1,570083,1,0,0
469,33318624,24337,0,0,0,0,0,0,0,0,0,0,0,0,617500,1,585708,1,0,0
470,33584540,23925,0,0,0,0,0,0,0,0,0,0,0,0,607417,1,568916,1,0,0
471,33523292,23709,0,0,0,0,0,0,0,0,0,0,0,0,607792,1,575333,1,0,0
472,33428750,23773,0,0,0,0,0,0,0,0,0,0,0,0,597333,1,561333,1,0,0
473,33468832,23849,0,0,0,0,0,0,0,0,0,0,0,0,636083,1,600542,1,0,0
474,36250708,23709,0,0,0,0,0,0,0,0,0,0,0,0,708250,1,669250,1,0,0
475,35578624,23773,0,0,0,0,0,0,0,0,0,0,0,0,591333,1,559709,1,0,0
476,36662376,23709,0,0,0,0,0,0,0,0,0,0,0,0,706250,1,666750,1,0,0
477,36266040,23709,0,0,0,0,0,0,0,0,0,0,0,0,621500,1,589083,1,0,0
478,37184084,23861,0,0,0,0,0,0,0,0,0,0,0,0,642209,1,602041,1,0,0
479,36446916,23761,0,0,0,0,0,0,0,0,0,0,0,0,891167,1,837791,1,0,0
480,39493000,23709,0,0,0,0,0,0,0,0,0,0,0,0,868000,1,805375,1,0,0
481,44276376,23773,0,0,0,0,0,0,0,0,0,0,0,0,694917,1,659958,1,0,0
482,54495668,23797,0,0,0,0,0,0,0,0,0,0,0,0,930709,1,870917,1,0,0
483,67433208,24273,0,0,0,0,0,0,0,0,0,0,0,0,1019250,1,959291,1,0,0
484,70615544,24041,0,0,0,0,0,0,0,0,0,0,0,0,1174625,1,1107791,1,0,0
485,67590336,23797,0,0,0,0,0,0,0,0,0,0,0,0,1143542,1,1083792,1,0,0
486,73758872,23773,0,0,0,0,0,0,0,0,0,0,0,0,1314709,1,1233875,1,0,0
487,69804664,23761,0,0,0,0,0,0,0,0,0,0,0,0,1211666,1,1134208,1,0,0
488,55749500,23861,0,0,0,0,0,0,0,0,0,0,0,0,1010458,1,955583,1,0,0
489,46797584,23709,0,0,0,0,0,0,0,0,0,0,0,0,804958,1,762875,1,0,0
490,46905292,23773,0,0,0,0,0,0,0,0,0,0,0,0,785000,1,737791,1,0,0
491,44606376,24325,0,0,0,0,0,0,0,0,0,0,0,0,968542,1,914500,1,0,0
492,40732000,24013,0,0,0,0,0,0,0,0,0,0,0,0,717833,1,661292,1,0,0
493,42316332,23773,0,0,0,0,0,0,0,0,0,0,0,0,650041,1,613958,1,0,0
494,44894960,23709,0,0,0,0,0,0,0,0,0,0,0,0,1271750,1,1202333,1,0,0
495,49648500,23709,0,0,0,0,0,0,0,0,0,0,0,0,812833,1,770000,1,0,0
496,45947000,23913,0,0,0,0,0,0,0,0,0,0,0,0,776458,1,729000,1,0,0
497,46687040,23709,0,0,0,0,0,0,0,0,0,0,0,0,732583,1,691834,1,0,0
498,46291916,23709,0,0,0,0,0,0,0,0,0,0,0,0,863333,1,810542,1,0,0
499,46609292,23773,0,0,0,0,0,0,0,0,0,0,0,0,730459,1,690375,1,0,0
500,45435248,23797,0,0,0,0,0,0,0,0,0,0,0,0,768250,1,721917,1,0,0
501,46999876,23761,0,0,0,0,0,0,0,0,0,0,0,0,746292,1,698458,1,0,0
502,47683040,24337,0,0,0,0,0,0,0,0,0,0,0,0,775375,1,726666,1,0,0
503,45910248,23925,0,0,0,0,0,0,0,0,0,0,0,0,727834,1,686375,1,0,0
504,50221416,23797,0,0,0,0,0,0,0,0,0,0,0,0,1096708,1,1045708,1,0,0
505,47827500,23773,0,0,0,0,0,0,0,0,0,0,0,0,856583,1,803709,1,0,0
506,43287332,23761,0,0,0,0,0,0,0,0,0,0,0,0,755791,1,712791,1,0,0
507,41670376,23709,0,0,0,0,0,0,0,0,0,0,0,0,735916,1,697458,1,0,0
508,37493376,23861,0,0,0,0,0,0,0,0,0,0,0,0,680750,1,638625,1,0,0
509,37784248,23709,0,0,0,0,0,0,0,0,0,0,0,0,678459,1,644292,1,0,0
510,34730792,23709,0,0,0,0,0,0,0,0,0,0,0,0,630208,1,591042,1,0,0
511,35394376,23773,0,0,0,0,0,0,0,0,0,0,0,0,638708,1,600459,1,0,0
512,35891500,23761,0,0,0,0,0,0,0,0,0,0,0,0,638708,1,595959,1,0,0
513,35755708,23797,0,0,0,0,0,0,0,0,0,0,0,0,675417,1,643542,1,0,0
514,35748668,24337,0,0,0,0,0,0,0,0,0,0,0,0,614958,1,580458,1,0,0
515,34959708,23925,0,0,0,0,0,0,0,0,0,0,0,0,879292,1,848459,1,0,0
516,36925124,23709,0,0,0,0,0,0,0,0,0,0,0,0,1451625,1,1385500,1,0,0
517,40227248,23773,0,0,0,0,0,0,0,0,0,0,0,0,632250,1,601708,1,0,0
518,41848916,23849,0,0,0,0,0,0,0,0,0,0,0,0,706583,1,665333,1,0,0
519,50459916,23709,0,0,0,0,0,0,0,0,0,0,0,0,847416,1,805917,1,0,0
520,54467876,23773,0,0,0,0,0,0,0,0,0,0,0,0,846833,1,792958,1,0,0
521,57974584,23709,0,0,0,0,0,0,0,0,0,0,0,0,848417,1,803000,1,0,0
522,66045584,23913,0,0,0,0,0,0,0,0,0,0,0,0,1082625,1,1015750,1,0,0
523,60151084,23709,0,0,0,0,0,0,0,0,0,0,0,0,1344500,1,1275167,1,0,0
524,55495876,24337,0,0,0,0,0,0,0,0,0,0,0,0,909209,1,831416,1,0,0
525,56663668,24013,0,0,0,0,0,0,0,0,0,0,0,0,1218916,1,1160541,1,0,0
526,55867832,23825,0,0,0,0,0,0,0,0,0,0,0,0,893875,1,831916,1,0,0
527,58314876,23709,0,0,0,0,0,0,0,0,0,0,0,0,879042,1,832416,1,0,0
528,60283500,23441,0,0,0,0,0,0,0,0,0,0,0,0,1016084,1,957625,1,0,0
529,56353292,23289,0,0,0,0,0,0,0,0,0,0,0,0,959000,1,904333,1,0,0
530,53774084,23405,0,0,0,0,0,0,0,0,0,0,0,0,831792,1,788209,1,0,0
531,62404960,26827,0,0,0,0,0,0,0,0,0,0,0,0,818708,1,765541,1,0,0
532,48131124,26031,0,0,0,0,0,0,0,0,0,0,0,0,756083,1,701792,1,0,0
533,46797624,23853,0,0,0,0,0,0,0,0,0,0,0,0,936000,1,894625,1,0,0
534,47659664,23645,0,0,0,0,0,0,0,0,0,0,0,0,1120167,1,1059667,1,0,0
535,47641292,23353,0,0,0,0,0,0,0,0,0,0,0,0,710084,1,674541,1,0,0
536,52750040,23289,0,0,0,0,0,0,0,0,0,0,0,0,717792,1,674625,1,0,0
537,61140584,23353,0,0,0,0,0,0,0,0,0,0,0,0,1069458,1,986583,1,0,0
538,54780000,23429,0,0,0,0,0,0,0,0,0,0,0,0,788291,1,746292,1,0,0
539,55989668,23353,0,0,0,0,0,0,0,0,0,0,0,0,1041875,1,998250,1,0,0
540,57064544,23289,0,0,0,0,0,0,0,0,0,0,0,0,817208,1,753542,1,0,0
541,55391208,23441,0,0,0,0,0,0,0,0,0,0,0,0,769792,1,728458,1,0,0
542,54205040,23905,0,0,0,0,0,0,0,0,0,0,0,0,1072459,1,1027959,1,0,0
543,52123792,23569,0,0,0,0,0,0,0,0,0,0,0,0,798500,1,748958,1,0,0
544,44120668,23377,0,0,0,0,0,0,0,0,0,0,0,0,716459,1,677667,1,0,0
545,40796376,23289,0,0,0,0,0,0,0,0,0,0,0,0,682750,1,645792,1,0,0
546,44949624,23353,0,0,0,0,0,0,0,0,0,0,0,0,739333,1,688333,1,0,0
547,39910708,23341,0,0,0,0,0,0,0,0,0,0,0,0,762250,1,728542,1,0,0
548,38123124,23377,0,0,0,0,0,0,0,0,0,0,0,0,665667,1,631875,1,0,0
549,37933916,23353,0,0,0,0,0,0,0,0,0,0,0,0,628917,1,577583,1,0,0
550,34587416,23289,0,0,0,0,0,0,0,0,0,0,0,0,649333,1,617625,1,0,0
551,33213250,23289,0,0,0,0,0,0,0,0,0,0,0,0,562167,1,533375,1,0,0
552,33331708,23353,0,0,0,0,0,0,0,0,0,0,0,0,557917,1,524167,1,0,0
553,33476084,23429,0,0,0,0,0,0,0,0,0,0,0,0,596625,1,566625,1,0,0
554,33301042,23289,0,0,0,0,0,0,0,0,0,0,0,0,558166,1,530209,1,0,0
555,33508124,23917,0,0,0,0,0,0,0,0,0,0,0,0,557292,1,519250,1,0,0
556,33544000,23505,0,0,0,0,0,0,0,0,0,0,0,0,551500,1,522916,1,0,0
557,33249000,23289,0,0,0,0,0,0,0,0,0,0,0,0,703417,1,674208,1,0,0
558,33094376,23441,0,0,0,0,0,0,0,0,0,0,0,0,576208,1,541666,1,0,0
559,33126584,23341,0,0,0,0,0,0,0,0,0,0,0,0,626750,1,597042,1,0,0
560,37246624,23289,0,0,0,0,0,0,0,0,0,0,0,0,592167,1,562792,1,0,0
561,37977876,23353,0,0,0,0,0,0,0,0,0,0,0,0,591250,1,555709,1,0,0
562,37801584,23289,0,0,0,0,0,0,0,0,0,0,0,0,924917,1,885583,1,0,0
563,37453668,23377,0,0,0,0,0,0,0,0,0,0,0,0,601958,1,570542,1,0,0
564,38354624,23353,0,0,0,0,0,0,0,0,0,0,0,0,998500,1,938375,1,0,0
565,36670376,23341,0,0,0,0,0,0,0,0,0,0,0,0,601792,1,566000,1,0,0
566,39263792,23289,0,0,0,0,0,0,0,0,0,0,0,0,617083,1,588750,1,0,0
567,40122832,23441,0,0,0,0,0,0,0,0,0,0,0,0,1087541,1,1030417,1,0,0
568,45363292,23289,0,0,0,0,0,0,0,0,0,0,0,0,940666,1,879500,1,0,0
569,53070332,23853,0,0,0,0,0,0,0,0,0,0,0,0,1416708,1,1375167,1,0,0
570,65939456,23621,0,0,0,0,0,0,0,0,0,0,0,0,977791,1,917541,1,0,0
571,65491040,23377,0,0,0,0,0,0,0,0,0,0,0,0,963417,1,908750,1,0,0
572,74728664,23353,0,0,0,0,0,0,0,0,0,0,0,0,1053875,1,996625,1,0,0
573,69724584,23341,0,0,0,0,0,0,0,0,0,0,0,0,1033750,1,971458,1,0,0
574,67616040,23441,0,0,0,0,0,0,0,0,0,0,0,0,1387583,1,1321875,1,0,0
575,56507248,23289,0,0,0,0,0,0,0,0,0,0,0,0,1329291,1,1285042,1,0,0
576,51158832,23353,0,0,0,0,0,0,0,0,0,0,0,0,847791,1,795375,1,0,0
577,46900168,23993,0,0,0,0,0,0,0,0,0,0,0,0,726916,1,691125,1,0,0
578,47181460,23505,0,0,0,0,0,0,0,0,0,0,0,0,695250,1,657792,1,0,0
579,48070876,23353,0,0,0,0,0,0,0,0,0,0,0,0,889500,1,847125,1,0,0
580,46537416,23289,0,0,0,0,0,0,0,0,0,0,0,0,733083,1,694709,1,0,0
581,50935752,23377,0,0,0,0,0,0,0,0,0,0,0,0,811625,1,772375,1,0,0
582,53745084,23405,0,0,0,0,0,0,0,0,0,0,0,0,743084,1,683792,1,0,0
583,56291832,23289,0,0,0,0,0,0,0,0,0,0,0,0,1085875,1,1042958,1,0,0
584,55180376,23441,0,0,0,0,0,0,0,0,0,0,0,0,787125,1,737709,1,0,0
585,55460544,23289,0,0,0,0,0,0,0,0,0,0,0,0,819250,1,769625,1,0,0
586,57625624,23969,0,0,0,0,0,0,0,0,0,0,0,0,943084,1,889750,1,0,0
587,51624416,23593,0,0,0,0,0,0,0,0,0,0,0,0,837542,1,784333,1,0,0
588,43709544,23353,0,0,0,0,0,0,0,0,0,0,0,0,777708,1,736500,1,0,0
589,42188084,23289,0,0,0,0,0,0,0,0,0,0,0,0,709458,1,673750,1,0,0
590,41526376,23289,0,0,0,0,0,0,0,0,0,0,0,0,650417,1,618583,1,0,0
591,36641456,23493,0,0,0,0,0,0,0,0,0,0,0,0,659084,1,599375,1,0,0
592,37243916,23289,0,0,0,0,0,0,0,0,0,0,0,0,623000,1,589750,1,0,0
593,38559960,23289,0,0,0,0,0,0,0,0,0,0,0,0,588083,1,559250,1,0,0
594,38513292,23353,0,0,0,0,0,0,0,0,0,0,0,0,672541,1,629208,1,0,0
595,36617500,23289,0,0,0,0,0,0,0,0,0,0,0,0,559250,1,529042,1,0,0
596,39824500,23377,0,0,0,0,0,0,0,0,0,0,0,0,630041,1,600416,1,0,0
597,41801416,23405,0,0,0,0,0,0,0,0,0,0,0,0,700875,1,652084,1,0,0
598,47000084,23853,0,0,0,0,0,0,0,0,0,0,0,0,667459,1,631459,1,0,0
599,53316292,23505,0,0,0,0,0,0,0,0,0,0,0,0,815167,1,773541,1,0,0
600,53648500,23441,0,0,0,0,0,0,0,0,0,0,0,0,1032125,1,927917,1,0,0
601,53337084,23289,0,0,0,0,0,0,0,0,0,0,0,0,804334,1,761625,1,0,0
602,67170168,23405,0,0,0,0,0,0,0,0,0,0,0,0,1119500,1,1068125,1,0,0
603,54105124,23377,0,0,0,0,0,0,0,0,0,0,0,0,826417,1,775875,1,0,0
604,56513708,23353,0,0,0,0,0,0,0,0,0,0,0,0,1078917,1,1028958,1,0,0
605,55484876,23289,0,0,0,0,0,0,0,0,0,0,0,0,789917,1,745917,1,0,0
606,55620792,23493,0,0,0,0,0,0,0,0,0,0,0,0,912625,1,853625,1,0,0
607,56861040,23853,0,0,0,0,0,0,0,0,0,0,0,0,1034209,1,982958,1,0,0
608,55499376,23569,0,0,0,0,0,0,0,0,0,0,0,0,800292,1,755250,1,0,0
609,55448916,23377,0,0,0,0,0,0,0,0,0,0,0,0,907875,1,857542,1,0,0
610,53327752,23405,0,0,0,0,0,0,0,0,0,0,0,0,927625,1,880375,1,0,0
611,50546544,23289,0,0,0,0,0,0,0,0,0,0,0,0,873958,1,815916,1,0,0
612,48723500,23441,0,0,0,0,0,0,0,0,0,0,0,0,723958,1,654125,1,0,0
613,44955544,23289,0,0,0,0,0,0,0,0,0,0,0,0,719292,1,681583,1,0,0
614,46410124,23289,0,0,0,0,0,0,0,0,0,0,0,0,687625,1,646917,1,0,0
615,45489876,23405,0,0,0,0,0,0,0,0,0,0,0,0,741041,1,694834,1,0,0
616,46677876,23377,0,0,0,0,0,0,0,0,0,0,0,0,725875,1,688625,1,0,0
617,46898248,23853,0,0,0,0,0,0,0,0,0,0,0,0,760208,1,719292,1,0,0
618,45706040,23569,0,0,0,0,0,0,0,0,0,0,0,0,740333,1,696250,1,0,0
619,47655792,23289,0,0,0,0,0,0,0,0,0,0,0,0,909625,1,870875,1,0,0
620,46570832,23429,0,0,0,0,0,0,0,0,0,0,0,0,690000,1,652708,1,0,0
621,54978084,23353,0,0,0,0,0,0,0,0,0,0,0,0,1148792,1,1091625,1,0,0
622,56223416,23289,0,0,0,0,0,0,0,0,0,0,0,0,830875,1,784167,1,0,0
623,55959456,23441,0,0,0,0,0,0,0,0,0,0,0,0,834625,1,790250,1,0,0
624,54879832,23341,0,0,0,0,0,0,0,0,0,0,0,0,806833,1,754375,1,0,0
625,56587916,23353,0,0,0,0,0,0,0,0,0,0,0,0,877583,1,816375,1,0,0
626,55689168,23377,0,0,0,0,0,0,0,0,0,0,0,0,799083,1,743125,1,0,0
627,63673960,23917,0,0,0,0,0,0,0,0,0,0,0,0,843667,1,790417,1,0,0
628,60747876,23557,0,0,0,0,0,0,0,0,0,0,0,0,967500,1,909834,1,0,0
629,58660540,23441,0,0,0,0,0,0,0,0,0,0,0,0,1146834,1,1093458,1,0,0
630,58688208,23289,0,0,0,0,0,0,0,0,0,0,0,0,1119792,1,1048958,1,0,0
631,56150456,23353,0,0,0,0,0,0,0,0,0,0,0,0,991583,1,937000,1,0,0
632,55703456,23429,0,0,0,0,0,0,0,0,0,0,0,0,845417,1,781708,1,0,0
633,53751332,23353,0,0,0,0,0,0,0,0,0,0,0,0,1023292,1,956125,1,0,0
634,52066416,23289,0,0,0,0,0,0,0,0,0,0,0,0,1064208,1,1002208,1,0,0
635,50802500,23441,0,0,0,0,0,0,0,0,0,0,0,0,877291,1,832125,1,0,0
636,54815084,24433,0,0,0,0,0,0,0,0,0,0,0,0,1136666,1,1065416,1,0,0
637,54602544,24097,0,0,0,0,0,0,0,0,0,0,0,0,893917,1,811666,1,0,0
638,63871792,27355,0,0,0,0,0,0,0,0,0,0,0,0,865917,1,810041,1,0,0
639,60191832,26559,0,0,0,0,0,0,0,0,0,0,0,0,941125,1,883208,1,0,0
640,50648668,23869,0,0,0,0,0,0,0,0,0,0,0,0,896292,1,840291,1,0,0
641,53221792,23969,0,0,0,0,0,0,0,0,0,0,0,0,837875,1,787709,1,0,0
642,56070664,23817,0,0,0,0,0,0,0,0,0,0,0,0,853375,1,793334,1,0,0
643,56268916,23881,0,0,0,0,0,0,0,0,0,0,0,0,1146000,1,1088875,1,0,0
644,54981668,23957,0,0,0,0,0,0,0,0,0,0,0,0,1027167,1,965917,1,0,0
645,54595000,24445,0,0,0,0,0,0,0,0,0,0,0,0,904458,1,853292,1,0,0
646,47897168,24033,0,0,0,0,0,0,0,0,0,0,0,0,755458,1,703083,1,0,0
647,44689584,23969,0,0,0,0,0,0,0,0,0,0,0,0,774917,1,731750,1,0,0
648,46795208,23869,0,0,0,0,0,0,0,0,0,0,0,0,819417,1,769417,1,0,0
649,41333708,23817,0,0,0,0,0,0,0,0,0,0,0,0,752083,1,702917,1,0,0
650,38928500,23881,0,0,0,0,0,0,0,0,0,0,0,0,706667,1,660792,1,0,0
651,37326336,23905,0,0,0,0,0,0,0,0,0,0,0,0,706291,1,663500,1,0,0
652,34577752,23817,0,0,0,0,0,0,0,0,0,0,0,0,632916,1,591417,1,0,0
653,34210168,23881,0,0,0,0,0,0,0,0,0,0,0,0,606167,1,571834,1,0,0
654,34279960,23869,0,0,0,0,0,0,0,0,0,0,0,0,616125,1,577500,1,0,0
655,33734668,23817,0,0,0,0,0,0,0,0,0,0,0,0,606958,1,570875,1,0,0
656,34973456,23969,0,0,0,0,0,0,0,0,0,0,0,0,639750,1,597458,1,0,0
657,35713960,24381,0,0,0,0,0,0,0,0,0,0,0,0,645417,1,610708,1,0,0
658,35787208,24033,0,0,0,0,0,0,0,0,0,0,0,0,612334,1,572250,1,0,0
659,35591792,23881,0,0,0,0,0,0,0,0,0,0,0,0,681667,1,649292,1,0,0
660,35565248,23869,0,0,0,0,0,0,0,0,0,0,0,0,706125,1,641708,1,0,0
661,35715792,23905,0,0,0,0,0,0,0,0,0,0,0,0,638125,1,603792,1,0,0
662,42401916,23881,0,0,0,0,0,0,0,0,0,0,0,0,718208,1,668834,1,0,0
663,35992876,23817,0,0,0,0,0,0,0,0,0,0,0,0,635333,1,601917,1,0,0
664,37712832,23817,0,0,0,0,0,0,0,0,0,0,0,0,656625,1,616625,1,0,0
665,40641168,23969,0,0,0,0,0,0,0,0,0,0,0,0,668541,1,631625,1,0,0
666,46177500,23869,0,0,0,0,0,0,0,0,0,0,0,0,756958,1,703250,1,0,0
667,52586000,23817,0,0,0,0,0,0,0,0,0,0,0,0,749208,1,707375,1,0,0
668,55418376,23881,0,0,0,0,0,0,0,0,0,0,0,0,857750,1,801583,1,0,0
669,68298584,24469,0,0,0,0,0,0,0,0,0,0,0,0,1276833,1,1209291,1,0,0
670,70547920,24149,0,0,0,0,0,0,0,0,0,0,0,0,1186959,1,1096834,1,0,0
671,61617500,23817,0,0,0,0,0,0,0,0,0,0,0,0,1259208,1,1191708,1,0,0
672,61944500,23969,0,0,0,0,0,0,0,0,0,0,0,0,1000250,1,937209,1,0,0
673,55442168,23817,0,0,0,0,0,0,0,0,0,0,0,0,969542,1,916584,1,0,0
674,55610376,23933,0,0,0,0,0,0,0,0,0,0,0,0,1145000,1,1079792,1,0,0
675,50937416,23905,0,0,0,0,0,0,0,0,0,0,0,0,866667,1,811833,1,0,0
676,45866960,23881,0,0,0,0,0,0,0,0,0,0,0,0,801167,1,739041,1,0,0
677,47435248,23817,0,0,0,0,0,0,0,0,0,0,0,0,1176167,1,1114709,1,0,0
678,47339456,24381,0,0,0,0,0,0,0,0,0,0,0,0,1043500,1,973125,1,0,0
679,47421416,24237,0,0,0,0,0,0,0,0,0,0,0,0,817500,1,770458,1,0,0
680,54606000,23817,0,0,0,0,0,0,0,0,0,0,0,0,744584,1,694958,1,0,0
681,62547376,23881,0,0,0,0,0,0,0,0,0,0,0,0,1008708,1,936458,1,0,0
682,55569876,23905,0,0,0,0,0,0,0,0,0,0,0,0,934000,1,867792,1,0,0
683,56652376,23933,0,0,0,0,0,0,0,0,0,0,0,0,1172000,1,1119250,1,0,0
684,53194668,23817,0,0,0,0,0,0,0,0,0,0,0,0,848083,1,790500,1,0,0
685,55620000,23969,0,0,0,0,0,0,0,0,0,0,0,0,873125,1,822292,1,0,0
686,57878416,23817,0,0,0,0,0,0,0,0,0,0,0,0,1198250,1,1137125,1,0,0
687,55918792,24497,0,0,0,0,0,0,0,0,0,0,0,0,908042,1,856375,1,0,0
688,53964960,24121,0,0,0,0,0,0,0,0,0,0,0,0,878209,1,819708,1,0,0
689,48214584,23881,0,0,0,0,0,0,0,0,0,0,0,0,1283042,1,1211917,1,0,0
690,44612332,23817,0,0,0,0,0,0,0,0,0,0,0,0,765667,1,714750,1,0,0
691,44613332,23869,0,0,0,0,0,0,0,0,0,0,0,0,807375,1,762750,1,0,0
692,38416248,23969,0,0,0,0,0,0,0,0,0,0,0,0,713250,1,667416,1,0,0
693,38135544,23817,0,0,0,0,0,0,0,0,0,0,0,0,671500,1,632917,1,0,0
694,34339376,23817,0,0,0,0,0,0,0,0,0,0,0,0,608541,1,570334,1,0,0
695,34760376,23881,0,0,0,0,0,0,0,0,0,0,0,0,662792,1,628667,1,0,0
696,36178040,23817,0,0,0,0,0,0,0,0,0,0,0,0,671750,1,627667,1,0,0
697,34581168,23957,0,0,0,0,0,0,0,0,0,0,0,0,640209,1,607125,1,0,0
698,36199460,23881,0,0,0,0,0,0,0,0,0,0,0,0,755291,1,712709,1,0,0
699,36713668,24381,0,0,0,0,0,0,0,0,0,0,0,0,711584,1,662208,1,0,0
700,38454916,24033,0,0,0,0,0,0,0,0,0,0,0,0,782000,1,738583,1,0,0
701,38012040,23881,0,0,0,0,0,0,0,0,0,0,0,0,682250,1,643417,1,0,0
702,41284792,23905,0,0,0,0,0,0,0,0,0,0,0,0,937000,1,876417,1,0,0
703,45928916,23869,0,0,0,0,0,0,0,0,0,0,0,0,673667,1,636458,1,0,0
704,55992332,23881,0,0,0,0,0,0,0,0,0,0,0,0,862292,1,806791,1,0,0
705,65222460,23817,0,0,0,0,0,0,0,0,0,0,0,0,832584,1,782625,1,0,0
706,67612872,23969,0,0,0,0,0,0,0,0,0,0,0,0,1689292,1,1609709,1,0,0
707,68981416,23869,0,0,0,0,0,0,0,0,0,0,0,0,1098917,1,1035333,1,0,0
708,67801872,23881,0,0,0,0,0,0,0,0,0,0,0,0,1096458,1,1025000,1,0,0
709,64434960,24685,0,0,0,0,0,0,0,0,0,0,0,0,1069083,1,1005542,1,0,0
710,53100000,23933,0,0,0,0,0,0,0,0,0,0,0,0,1113125,1,1052708,1,0,0
711,47093084,23817,0,0,0,0,0,0,0,0,0,0,0,0,1120666,1,1047791,1,0,0
712,50013500,23969,0,0,0,0,0,0,0,0,0,0,0,0,835583,1,785584,1,0,0
713,46733916,23817,0,0,0,0,0,0,0,0,0,0,0,0,732333,1,690042,1,0,0
714,45767916,23817,0,0,0,0,0,0,0,0,0,0,0,0,777292,1,729666,1,0,0
715,41926916,23933,0,0,0,0,0,0,0,0,0,0,0,0,746416,1,709417,1,0,0
716,46222248,23905,0,0,0,0,0,0,0,0,0,0,0,0,717041,1,673167,1,0,0
717,45912876,23817,0,0,0,0,0,0,0,0,0,0,0,0,748458,1,706625,1,0,0
718,46155208,23881,0,0,0,0,0,0,0,0,0,0,0,0,742375,1,684583,1,0,0
719,45504584,24381,0,0,0,0,0,0,0,0,0,0,0,0,1585459,1,1510667,1,0,0
720,46148832,24173,0,0,0,0,0,0,0,0,0,0,0,0,978875,1,901084,1,0,0
721,46186124,23881,0,0,0,0,0,0,0,0,0,0,0,0,788958,1,745875,1,0,0
722,44361208,23817,0,0,0,0,0,0,0,0,0,0,0,0,774208,1,723750,1,0,0
723,43944208,23817,0,0,0,0,0,0,0,0,0,0,0,0,796000,1,753375,1,0,0
724,37950708,23969,0,0,0,0,0,0,0,0,0,0,0,0,678875,1,635750,1,0,0
725,37752960,23869,0,0,0,0,0,0,0,0,0,0,0,0,701375,1,664667,1,0,0
726,37725960,23817,0,0,0,0,0,0,0,0,0,0,0,0,681875,1,623959,1,0,0
727,36867916,23881,0,0,0,0,0,0,0,0,0,0,0,0,679375,1,635250,1,0,0
728,33830000,23817,0,0,0,0,0,0,0,0,0,0,0,0,605125,1,567084,1,0,0
729,33707000,23905,0,0,0,0,0,0,0,0,0,0,0,0,605709,1,572625,1,0,0
730,34395168,23881,0,0,0,0,0,0,0,0,0,0,0,0,623333,1,586209,1,0,0
731,35154876,24433,0,0,0,0,0,0,0,0,0,0,0,0,662417,1,627459,1,0,0
732,34688916,24033,0,0,0,0,0,0,0,0,0,0,0,0,648458,1,606542,1,0,0
733,35426416,23881,0,0,0,0,0,0,0,0,0,0,0,0,846833,1,814583,1,0,0
734,35462752,23905,0,0,0,0,0,0,0,0,0,0,0,0,1456875,1,1381292,1,0,0
735,37515040,23817,0,0,0,0,0,0,0,0,0,0,0,0,730833,1,690209,1,0,0
736,44313168,23881,0,0,0,0,0,0,0,0,0,0,0,0,766542,1,719042,1,0,0
737,40383668,23869,0,0,0,0,0,0,0,0,0,0,0,0,945083,1,904083,1,0,0
738,44797084,23905,0,0,0,0,0,0,0,0,0,0,0,0,693958,1,651583,1,0,0
739,51801876,23881,0,0,0,0,0,0,0,0,0,0,0,0,742208,1,700167,1,0,0
740,56640332,23817,0,0,0,0,0,0,0,0,0,0,0,0,922500,1,845667,1,0,0
741,66373708,23969,0,0,0,0,0,0,0,0,0,0,0,0,1057375,1,993584,1,0,0
742,68696584,24433,0,0,0,0,0,0,0,0,0,0,0,0,1173459,1,1097500,1,0,0
743,66564500,24097,0,0,0,0,0,0,0,0,0,0,0,0,1294042,1,1218208,1,0,0
744,59748000,23905,0,0,0,0,0,0,0,0,0,0,0,0,1535416,1,1435459,1,0,0
745,61726376,23881,0,0,0,0,0,0,0,0,0,0,0,0,1257333,1,1138583,1,0,0
746,55668916,23869,0,0,0,0,0,0,0,0,0,0,0,0,1169666,1,1070792,1,0,0
747,54322416,23969,0,0,0,0,0,0,0,0,0,0,0,0,915083,1,842125,1,0,0
748,52393500,23817,0,0,0,0,0,0,0,0,0,0,0,0,907333,1,822959,1,0,0
749,57098584,23881,0,0,0,0,0,0,0,0,0,0,0,0,1200375,1,1077667,1,0,0
750,56086376,34504,0,0,0,0,0,0,0,0,0,0,0,0,884875,1,804667,1,0,0
751,56912624,30173,0,0,0,0,0,0,0,0,0,0,0,0,1094875,1,997541,1,0,0
752,55424292,24033,0,0,0,0,0,0,0,0,0,0,0,0,905292,1,821500,1,0,0
753,55815584,23969,0,0,0,0,0,0,0,0,0,0,0,0,939708,1,863042,1,0,0
754,60534544,23869,0,0,0,0,0,0,0,0,0,0,0,0,1362084,1,1241500,1,0,0
755,52000792,23881,0,0,0,0,0,0,0,0,0,0,0,0,922417,1,847583,1,0,0
756,45968336,23905,0,0,0,0,0,0,0,0,0,0,0,0,924125,1,844750,1,0,0
757,45061752,23817,0,0,0,0,0,0,0,0,0,0,0,0,803709,1,738250,1,0,0
758,39808376,23933,0,0,0,0,0,0,0,0,0,0,0,0,776375,1,711000,1,0,0
759,38637624,23817,0,0,0,0,0,0,0,0,0,0,0,0,741417,1,678959,1,0,0
760,39107832,23905,0,0,0,0,0,0,0,0,0,0,0,0,693875,1,634042,1,0,0
761,35703040,24445,0,0,0,0,0,0,0,0,0,0,0,0,677584,1,625917,1,0,0
762,37084792,24033,0,0,0,0,0,0,0,0,0,0,0,0,702708,1,581792,1,0,0
763,36097040,23817,0,0,0,0,0,0,0,0,0,0,0,0,644500,1,592916,1,0,0
764,37041124,23933,0,0,0,0,0,0,0,0,0,0,0,0,660250,1,604208,1,0,0
765,36267916,23905,0,0,0,0,0,0,0,0,0,0,0,0,652667,1,598667,1,0,0
766,43569040,23817,0,0,0,0,0,0,0,0,0,0,0,0,1118625,1,997458,1,0,0
767,39568960,23881,0,0,0,0,0,0,0,0,0,0,0,0,723833,1,669041,1,0,0
768,45463752,23817,0,0,0,0,0,0,0,0,0,0,0,0,1234375,1,1126625,1,0,0
769,46592624,23957,0,0,0,0,0,0,0,0,0,0,0,0,802583,1,740458,1,0,0
770,54308416,23881,0,0,0,0,0,0,0,0,0,0,0,0,795083,1,726250,1,0,0
771,64379084,23817,0,0,0,0,0,0,0,0,0,0,0,0,907500,1,836208,1,0,0
772,67622040,24533,0,0,0,0,0,0,0,0,0,0,0,0,1077459,1,982917,1,0,0
773,69236456,24085,0,0,0,0,0,0,0,0,0,0,0,0,1265792,1,1174084,1,0,0
774,56262832,23881,0,0,0,0,0,0,0,0,0,0,0,0,1257209,1,1119791,1,0,0
775,59338544,23905,0,0,0,0,0,0,0,0,0,0,0,0,1042708,1,958292,1,0,0
776,55109832,23881,0,0,0,0,0,0,0,0,0,0,0,0,1203958,1,1101625,1,0,0
777,46998416,23869,0,0,0,0,0,0,0,0,0,0,0,0,1033875,1,952500,1,0,0
778,47452664,23969,0,0,0,0,0,0,0,0,0,0,0,0,1293458,1,1149792,1,0,0
779,47275336,23817,0,0,0,0,0,0,0,0,0,0,0,0,776458,1,714750,1,0,0
780,52583752,23817,0,0,0,0,0,0,0,0,0,0,0,0,782375,1,697709,1,0,0
781,55754376,24445,0,0,0,0,0,0,0,0,0,0,0,0,1097458,1,963292,1,0,0
782,55719832,24173,0,0,0,0,0,0,0,0,0,0,0,0,1122000,1,1022208,1,0,0
783,55604960,23881,0,0,0,0,0,0,0,0,0,0,0,0,873417,1,801541,1,0,0
784,53877456,23817,0,0,0,0,0,0,0,0,0,0,0,0,895584,1,819292,1,0,0
785,60905752,23969,0,0,0,0,0,0,0,0,0,0,0,0,968333,1,890625,1,0,0
786,55498292,23869,0,0,0,0,0,0,0,0,0,0,0,0,900667,1,805416,1,0,0
787,54761832,23881,0,0,0,0,0,0,0,0,0,0,0,0,1078291,1,996292,1,0,0
788,53012084,23905,0,0,0,0,0,0,0,0,0,0,0,0,883167,1,801458,1,0,0
789,52746084,23881,0,0,0,0,0,0,0,0,0,0,0,0,766167,1,705166,1,0,0
790,54476332,23869,0,0,0,0,0,0,0,0,0,0,0,0,769333,1,700125,1,0,0
791,50379456,24749,0,0,0,0,0,0,0,0,0,0,0,0,862250,1,791875,1,0,0
792,44049544,23817,0,0,0,0,0,0,0,0,0,0,0,0,771667,1,704042,1,0,0
793,44381668,23817,0,0,0,0,0,0,0,0,0,0,0,0,786958,1,725416,1,0,0
794,43502040,23881,0,0,0,0,0,0,0,0,0,0,0,0,785625,1,719083,1,0,0
795,39112376,23957,0,0,0,0,0,0,0,0,0,0,0,0,719416,1,661708,1,0,0
796,38103416,23817,0,0,0,0,0,0,0,0,0,0,0,0,709792,1,645875,1,0,0
797,34145248,23881,0,0,0,0,0,0,0,0,0,0,0,0,629375,1,578042,1,0,0
798,33548168,23817,0,0,0,0,0,0,0,0,0,0,0,0,646083,1,584083,1,0,0
799,33556416,23817,0,0,0,0,0,0,0,0,0,0,0,0,646875,1,594833,1,0,0
800,33915832,23969,0,0,0,0,0,0,0,0,0,0,0,0,620833,1,564750,1,0,0
801,33695332,23869,0,0,0,0,0,0,0,0,0,0,0,0,651500,1,599834,1,0,0
802,33516292,23817,0,0,0,0,0,0,0,0,0,0,0,0,629667,1,573125,1,0,0
803,33570832,23881,0,0,0,0,0,0,0,0,0,0,0,0,637375,1,589875,1,0,0
804,33875376,24381,0,0,0,0,0,0,0,0,0,0,0,0,671625,1,594875,1,0,0
805,33625708,24121,0,0,0,0,0,0,0,0,0,0,0,0,620500,1,587875,1,0,0
806,33463084,23881,0,0,0,0,0,0,0,0,0,0,0,0,641875,1,603875,1,0,0
807,30527916,23869,0,0,0,0,0,0,0,0,0,0,0,0,567250,1,537583,1,0,0
808,30184000,23817,0,0,0,0,0,0,0,0,0,0,0,0,586250,1,551167,1,0,0
809,33088916,23817,0,0,0,0,0,0,0,0,0,0,0,0,674542,1,634375,1,0,0
810,31865332,23969,0,0,0,0,0,0,0,0,0,0,0,0,604916,1,571625,1,0,0
811,31831708,23817,0,0,0,0,0,0,0,0,0,0,0,0,603625,1,573000,1,0,0
812,32464042,23817,0,0,0,0,0,0,0,0,0,0,0,0,614375,1,578084,1,0,0
813,31790542,23817,0,0,0,0,0,0,0,0,0,0,0,0,584500,1,554167,1,0,0
814,32863958,23933,0,0,0,0,0,0,0,0,0,0,0,0,568916,1,534500,1,0,0
815,33371624,23905,0,0,0,0,0,0,0,0,0,0,0,0,625750,1,592542,1,0,0
816,32749124,23817,0,0,0,0,0,0,0,0,0,0,0,0,641917,1,603666,1,0,0
817,35466376,23817,0,0,0,0,0,0,0,0,0,0,0,0,599792,1,564000,1,0,0
818,35169248,23881,0,0,0,0,0,0,0,0,0,0,0,0,867666,1,815250,1,0,0
819,37589168,24381,0,0,0,0,0,0,0,0,0,0,0,0,1484042,1,1423250,1,0,0
820,39153376,24173,0,0,0,0,0,0,0,0,0,0,0,0,985625,1,945667,1,0,0
821,37553084,23881,0,0,0,0,0,0,0,0,0,0,0,0,686625,1,645917,1,0,0
822,39351960,23817,0,0,0,0,0,0,0,0,0,0,0,0,1157417,1,1093416,1,0,0
823,48482040,23817,0,0,0,0,0,0,0,0,0,0,0,0,800792,1,762167,1,0,0
824,52520832,23969,0,0,0,0,0,0,0,0,0,0,0,0,746917,1,699584,1,0,0
825,68083208,23869,0,0,0,0,0,0,0,0,0,0,0,0,1246667,1,1181083,1,0,0
826,68136416,23881,0,0,0,0,0,0,0,0,0,0,0,0,1071167,1,996375,1,0,0
827,76781504,23905,0,0,0,0,0,0,0,0,0,0,0,0,1120750,1,1058000,1,0,0
828,70063040,24497,0,0,0,0,0,0,0,0,0,0,0,0,1100875,1,1026667,1,0,0
829,65871084,24033,0,0,0,0,0,0,0,0,0,0,0,0,1153958,1,1088584,1,0,0
830,56468416,23969,0,0,0,0,0,0,0,0,0,0,0,0,912375,1,832709,1,0,0
831,53315876,23817,0,0,0,0,0,0,0,0,0,0,0,0,1356125,1,1291959,1,0,0
832,45983832,23933,0,0,0,0,0,0,0,0,0,0,0,0,796333,1,724708,1,0,0
833,45548960,23905,0,0,0,0,0,0,0,0,0,0,0,0,741250,1,695708,1,0,0
834,45963168,23817,0,0,0,0,0,0,0,0,0,0,0,0,751625,1,695125,1,0,0
835,44700832,23881,0,0,0,0,0,0,0,0,0,0,0,0,701042,1,662709,1,0,0
836,42671916,23817,0,0,0,0,0,0,0,0,0,0,0,0,966416,1,918666,1,0,0
837,47085832,23957,0,0,0,0,0,0,0,0,0,0,0,0,661125,1,623625,1,0,0
838,49102752,24445,0,0,0,0,0,0,0,0,0,0,0,0,802708,1,754417,1,0,0
839,47356456,24033,0,0,0,0,0,0,0,0,0,0,0,0,785625,1,741916,1,0,0
840,46745084,23817,0,0,0,0,0,0,0,0,0,0,0,0,783208,1,731416,1,0,0
841,55390500,23969,0,0,0,0,0,0,0,0,0,0,0,0,1273958,1,1207500,1,0,0
842,60295208,23869,0,0,0,0,0,0,0,0,0,0,0,0,964583,1,874916,1,0,0
843,62727960,23881,0,0,0,0,0,0,0,0,0,0,0,0,1305333,1,1232209,1,0,0
844,64234416,23905,0,0,0,0,0,0,0,0,0,0,0,0,1147584,1,1071708,1,0,0
845,54894000,23881,0,0,0,0,0,0,0,0,0,0,0,0,907917,1,856750,1,0,0
846,55535292,23869,0,0,0,0,0,0,0,0,0,0,0,0,874833,1,815500,1,0,0
847,53584040,24533,0,0,0,0,0,0,0,0,0,0,0,0,882750,1,831792,1,0,0
848,44914168,24033,0,0,0,0,0,0,0,0,0,0,0,0,795458,1,743416,1,0,0
849,43018040,23817,0,0,0,0,0,0,0,0,0,0,0,0,814417,1,763875,1,0,0
850,38254000,23881,0,0,0,0,0,0,0,0,0,0,0,0,673834,1,628208,1,0,0
851,41087376,23957,0,0,0,0,0,0,0,0,0,0,0,0,901333,1,861541,1,0,0
852,35011416,23817,0,0,0,0,0,0,0,0,0,0,0,0,608542,1,566708,1,0,0
853,35705084,23881,0,0,0,0,0,0,0,0,0,0,0,0,612917,1,579708,1,0,0
854,36342000,23817,0,0,0,0,0,0,0,0,0,0,0,0,1064041,1,964250,1,0,0
855,35529000,23817,0,0,0,0,0,0,0,0,0,0,0,0,626792,1,592541,1,0,0
856,36311752,23969,0,0,0,0,0,0,0,0,0,0,0,0,638875,1,598667,1,0,0
857,35022624,23869,0,0,0,0,0,0,0,0,0,0,0,0,596333,1,562708,1,0,0
858,36224000,23817,0,0,0,0,0,0,0,0,0,0,0,0,839209,1,790083,1,0,0
859,35190124,23881,0,0,0,0,0,0,0,0,0,0,0,0,687208,1,634875,1,0,0
860,36592248,24381,0,0,0,0,0,0,0,0,0,0,0,0,754083,1,701125,1,0,0
861,38528584,24121,0,0,0,0,0,0,0,0,0,0,0,0,618750,1,582042,1,0,0
862,41938876,23881,0,0,0,0,0,0,0,0,0,0,0,0,1187000,1,1120000,1,0,0
863,48014916,23869,0,0,0,0,0,0,0,0,0,0,0,0,710084,1,671375,1,0,0
864,56764624,23817,0,0,0,0,0,0,0,0,0,0,0,0,914292,1,853250,1,0,0
865,67182496,23969,0,0,0,0,0,0,0,0,0,0,0,0,986542,1,933333,1,0,0
866,68218624,23817,0,0,0,0,0,0,0,0,0,0,0,0,1373584,1,1297375,1,0,0
867,68988040,23933,0,0,0,0,0,0,0,0,0,0,0,0,1234875,1,1157125,1,0,0
868,70063416,24107,0,0,0,0,0,0,0,0,0,0,0,0,1665792,1,1586291,1,0,0
869,60844456,24445,0,0,0,0,0,0,0,0,0,0,0,0,1325417,1,1256125,1,0,0
870,51981416,24033,0,0,0,0,0,0,0,0,0,0,0,0,1363375,1,1282250,1,0,0
871,48102292,24021,0,0,0,0,0,0,0,0,0,0,0,0,1183625,1,1125334,1,0,0
872,45372792,23817,0,0,0,0,0,0,0,0,0,0,0,0,795625,1,745083,1,0,0
873,49178876,23817,0,0,0,0,0,0,0,0,0,0,0,0,990792,1,945917,1,0,0
874,45774332,23881,0,0,0,0,0,0,0,0,0,0,0,0,766875,1,717125,1,0,0
875,43643124,23905,0,0,0,0,0,0,0,0,0,0,0,0,889167,1,840375,1,0,0
876,44230248,23869,0,0,0,0,0,0,0,0,0,0,0,0,776542,1,703000,1,0,0
877,46755376,23881,0,0,0,0,0,0,0,0,0,0,0,0,773417,1,731167,1,0,0
878,44779456,23817,0,0,0,0,0,0,0,0,0,0,0,0,793709,1,741000,1,0,0
879,43155960,23905,0,0,0,0,0,0,0,0,0,0,0,0,842750,1,804916,1,0,0
880,44255544,24743,0,0,0,0,0,0,0,0,0,0,0,0,762792,1,716208,1,0,0
881,42062584,24085,0,0,0,0,0,0,0,0,0,0,0,0,791500,1,750000,1,0,0
882,39538544,23817,0,0,0,0,0,0,0,0,0,0,0,0,694792,1,650709,1,0,0
883,38036376,23969,0,0,0,0,0,0,0,0,0,0,0,0,670375,1,627625,1,0,0
884,40518084,23817,0,0,0,0,0,0,0,0,0,0,0,0,723792,1,666167,1,0,0
885,37787960,23817,0,0,0,0,0,0,0,0,0,0,0,0,711000,1,668917,1,0,0
886,38410708,23881,0,0,0,0,0,0,0,0,0,0,0,0,682917,1,621917,1,0,0
887,39802708,23957,0,0,0,0,0,0,0,0,0,0,0,0,675709,1,639208,1,0,0
888,37727168,23817,0,0,0,0,0,0,0,0,0,0,0,0,654500,1,610500,1,0,0
889,38031832,23881,0,0,0,0,0,0,0,0,0,0,0,0,627291,1,594084,1,0,0
890,39564040,23817,0,0,0,0,0,0,0,0,0,0,0,0,705958,1,657666,1,0,0
891,39994040,23905,0,0,0,0,0,0,0,0,0,0,0,0,663459,1,626417,1,0,0
892,40969752,24445,0,0,0,0,0,0,0,0,0,0,0,0,712209,1,654333,1,0,0
893,44243168,24085,0,0,0,0,0,0,0,0,0,0,0,0,657500,1,620333,1,0,0
894,48200624,23817,0,0,0,0,0,0,0,0,0,0,0,0,767958,1,716208,1,0,0
895,52014416,23969,0,0,0,0,0,0,0,0,0,0,0,0,756500,1,691375,1,0,0
896,58003124,23817,0,0,0,0,0,0,0,0,0,0,0,0,1037541,1,979917,1,0,0
897,64329376,23933,0,0,0,0,0,0,0,0,0,0,0,0,1212917,1,1159708,1,0,0
898,65141460,23905,0,0,0,0,0,0,0,0,0,0,0,0,1030750,1,959875,1,0,0
899,63039456,23881,0,0,0,0,0,0,0,0,0,0,0,0,1061750,1,997709,1,0,0
900,56152460,23817,0,0,0,0,0,0,0,0,0,0,0,0,875375,1,816500,1,0,0
901,54155752,24585,0,0,0,0,0,0,0,0,0,0,0,0,1001333,1,948708,1,0,0
902,54544960,24033,0,0,0,0,0,0,0,0,0,0,0,0,1305250,1,1196167,1,0,0
903,47919544,23881,0,0,0,0,0,0,0,0,0,0,0,0,769583,1,727417,1,0,0
904,48412376,23905,0,0,0,0,0,0,0,0,0,0,0,0,1032417,1,969500,1,0,0
905,55052416,23869,0,0,0,0,0,0,0,0,0,0,0,0,1023875,1,957417,1,0,0
906,54897960,23881,0,0,0,0,0,0,0,0,0,0,0,0,832417,1,755958,1,0,0
907,55141124,23905,0,0,0,0,0,0,0,0,0,0,0,0,862833,1,811334,1,0,0
908,57444876,23881,0,0,0,0,0,0,0,0,0,0,0,0,1214666,1,1139959,1,0,0
909,55802584,23869,0,0,0,0,0,0,0,0,0,0,0,0,920375,1,865459,1,0,0
910,61775584,24533,0,0,0,0,0,0,0,0,0,0,0,0,1039167,1,956584,1,0,0
911,55775456,24033,0,0,0,0,0,0,0,0,0,0,0,0,1113125,1,1037458,1,0,0
912,55800500,23353,0,0,0,0,0,0,0,0,0,0,0,0,1303167,1,1121833,1,0,0
913,63760040,35727,0,0,0,0,0,0,0,0,0,0,0,0,986292,1,911167,1,0,0
914,65868624,26031,0,0,0,0,0,0,0,0,0,0,0,0,914291,1,858208,1,0,0
915,53111456,23289,0,0,0,0,0,0,0,0,0,0,0,0,856500,1,808667,1,0,0
916,47720040,23441,0,0,0,0,0,0,0,0,0,0,0,0,820750,1,774333,1,0,0
917,43876876,23341,0,0,0,0,0,0,0,0,0,0,0,0,768208,1,708209,1,0,0
918,43730248,23289,0,0,0,0,0,0,0,0,0,0,0,0,692333,1,653166,1,0,0
919,39488416,23353,0,0,0,0,0,0,0,0,0,0,0,0,711125,1,664375,1,0,0
920,38941460,23941,0,0,0,0,0,0,0,0,0,0,0,0,678333,1,620875,1,0,0
921,37130000,23505,0,0,0,0,0,0,0,0,0,0,0,0,614875,1,578250,1,0,0
922,34107456,23405,0,0,0,0,0,0,0,0,0,0,0,0,572792,1,542791,1,0,0
923,33979248,23289,0,0,0,0,0,0,0,0,0,0,0,0,610625,1,559959,1,0,0
924,33835752,23289,0,0,0,0,0,0,0,0,0,0,0,0,568959,1,539625,1,0,0
925,37347584,23441,0,0,0,0,0,0,0,0,0,0,0,0,668458,1,637750,1,0,0
926,33115750,23289,0,0,0,0,0,0,0,0,0,0,0,0,595167,1,540500,1,0,0
927,33410668,23289,0,0,0,0,0,0,0,0,0,0,0,0,549583,1,520625,1,0,0
928,33396460,23405,0,0,0,0,0,0,0,0,0,0,0,0,551250,1,522083,1,0,0
929,33320832,23289,0,0,0,0,0,0,0,0,0,0,0,0,601125,1,551125,1,0,0
930,33781708,23377,0,0,0,0,0,0,0,0,0,0,0,0,560250,1,530125,1,0,0
931,33342332,23353,0,0,0,0,0,0,0,0,0,0,0,0,568834,1,539916,1,0,0
932,31929376,23289,0,0,0,0,0,0,0,0,0,0,0,0,602750,1,569084,1,0,0
933,30081584,23289,0,0,0,0,0,0,0,0,0,0,0,0,551875,1,524791,1,0,0
934,30333334,23289,0,0,0,0,0,0,0,0,0,0,0,0,538375,1,509584,1,0,0
935,31075666,24057,0,0,0,0,0,0,0,0,0,0,0,0,578667,1,507916,1,0,0
936,34955084,23505,0,0,0,0,0,0,0,0,0,0,0,0,555417,1,527000,1,0,0
937,35370584,23289,0,0,0,0,0,0,0,0,0,0,0,0,562084,1,531583,1,0,0
938,35453832,23353,0,0,0,0,0,0,0,0,0,0,0,0,821250,1,747750,1,0,0
939,35241832,23289,0,0,0,0,0,0,0,0,0,0,0,0,722667,1,686084,1,0,0
940,40507000,23377,0,0,0,0,0,0,0,0,0,0,0,0,662208,1,629250,1,0,0
941,36398084,23405,0,0,0,0,0,0,0,0,0,0,0,0,624125,1,575875,1,0,0
942,38250168,23289,0,0,0,0,0,0,0,0,0,0,0,0,1108459,1,1052958,1,0,0
943,40714960,23289,0,0,0,0,0,0,0,0,0,0,0,0,600042,1,565084,1,0,0
944,47735084,23441,0,0,0,0,0,0,0,0,0,0,0,0,710458,1,666292,1,0,0
945,62387124,23289,0,0,0,0,0,0,0,0,0,0,0,0,800209,1,756041,1,0,0
946,68251960,23405,0,0,0,0,0,0,0,0,0,0,0,0,984125,1,931375,1,0,0
947,70423336,23941,0,0,0,0,0,0,0,0,0,0,0,0,1018625,1,952666,1,0,0
948,67685376,23569,0,0,0,0,0,0,0,0,0,0,0,0,1177458,1,1106541,1,0,0
949,68765920,23341,0,0,0,0,0,0,0,0,0,0,0,0,1023750,1,969875,1,0,0
950,76028624,23441,0,0,0,0,0,0,0,0,0,0,0,0,1059292,1,992125,1,0,0
951,56524752,23289,0,0,0,0,0,0,0,0,0,0,0,0,799459,1,756750,1,0,0
952,49764960,23405,0,0,0,0,0,0,0,0,0,0,0,0,898792,1,851791,1,0,0
953,45797876,23377,0,0,0,0,0,0,0,0,0,0,0,0,745500,1,674709,1,0,0
954,46497876,23289,0,0,0,0,0,0,0,0,0,0,0,0,663500,1,627500,1,0,0
955,48148584,23917,0,0,0,0,0,0,0,0,0,0,0,0,751459,1,716000,1,0,0
956,45158040,23505,0,0,0,0,0,0,0,0,0,0,0,0,689708,1,648166,1,0,0
957,43931248,23429,0,0,0,0,0,0,0,0,0,0,0,0,625167,1,575208,1,0,0
958,46051336,23353,0,0,0,0,0,0,0,0,0,0,0,0,697291,1,658125,1,0,0
959,49217668,23289,0,0,0,0,0,0,0,0,0,0,0,0,785542,1,737333,1,0,0
960,44480664,23289,0,0,0,0,0,0,0,0,0,0,0,0,661750,1,628875,1,0,0
961,45072708,23441,0,0,0,0,0,0,0,0,0,0,0,0,767583,1,720292,1,0,0
962,41716168,23341,0,0,0,0,0,0,0,0,0,0,0,0,688125,1,642833,1,0,0
963,41544124,23289,0,0,0,0,0,0,0,0,0,0,0,0,613291,1,578833,1,0,0
964,37838876,23353,0,0,0,0,0,0,0,0,0,0,0,0,649750,1,617250,1,0,0
965,37402960,23377,0,0,0,0,0,0,0,0,0,0,0,0,621750,1,583917,1,0,0
966,37626248,23289,0,0,0,0,0,0,0,0,0,0,0,0,595208,1,564042,1,0,0
967,37239832,23917,0,0,0,0,0,0,0,0,0,0,0,0,643458,1,610750,1,0,0
968,33551708,23557,0,0,0,0,0,0,0,0,0,0,0,0,555292,1,521041,1,0,0
969,33194376,23289,0,0,0,0,0,0,0,0,0,0,0,0,563125,1,532750,1,0,0
970,33375540,23441,0,0,0,0,0,0,0,0,0,0,0,0,560541,1,532000,1,0,0
971,33352668,23289,0,0,0,0,0,0,0,0,0,0,0,0,594833,1,560166,1,0,0
972,36009248,23289,0,0,0,0,0,0,0,0,0,0,0,0,613166,1,583417,1,0,0
973,33796248,23353,0,0,0,0,0,0,0,0,0,0,0,0,576458,1,548958,1,0,0
974,33559792,23341,0,0,0,0,0,0,0,0,0,0,0,0,579791,1,546750,1,0,0
975,33767832,23377,0,0,0,0,0,0,0,0,0,0,0,0,574375,1,545333,1,0,0
976,33468208,23353,0,0,0,0,0,0,0,0,0,0,0,0,544833,1,517375,1,0,0
977,33588664,23289,0,0,0,0,0,0,0,0,0,0,0,0,609166,1,564500,1,0,0
978,33069832,23289,0,0,0,0,0,0,0,0,0,0,0,0,579500,1,550834,1,0,0
979,33514168,23353,0,0,0,0,0,0,0,0,0,0,0,0,565833,1,538166,1,0,0
980,33287292,23429,0,0,0,0,0,0,0,0,0,0,0,0,584917,1,548458,1,0,0
981,31335540,23289,0,0,0,0,0,0,0,0,0,0,0,0,519250,1,493625,1,0,0
982,30469832,23853,0,0,0,0,0,0,0,0,0,0,0,0,555625,1,530125,1,0,0
983,29923168,23569,0,0,0,0,0,0,0,0,0,0,0,0,550208,1,520209,1,0,0
984,31305376,23289,0,0,0,0,0,0,0,0,0,0,0,0,555750,1,529542,1,0,0
985,31654916,23377,0,0,0,0,0,0,0,0,0,0,0,0,540541,1,514083,1,0,0
986,32422292,23289,0,0,0,0,0,0,0,0,0,0,0,0,608708,1,562209,1,0,0
987,36780248,23405,0,0,0,0,0,0,0,0,0,0,0,0,677042,1,644000,1,0,0
988,33392916,23289,0,0,0,0,0,0,0,0,0,0,0,0,544250,1,516542,1,0,0
989,34479876,23289,0,0,0,0,0,0,0,0,0,0,0,0,551542,1,519792,1,0,0
990,38234624,23441,0,0,0,0,0,0,0,0,0,0,0,0,558333,1,527083,1,0,0
991,37332500,23289,0,0,0,0,0,0,0,0,0,0,0,0,571125,1,541750,1,0,0
992,39067208,23289,0,0,0,0,0,0,0,0,0,0,0,0,775208,1,732667,1,0,0
993,38447456,23405,0,0,0,0,0,0,0,0,0,0,0,0,587917,1,558708,1,0,0
994,38307876,23377,0,0,0,0,0,0,0,0,0,0,0,0,568209,1,539166,1,0,0
995,44757916,23289,0,0,0,0,0,0,0,0,0,0,0,0,866292,1,815834,1,0,0
996,56421540,23917,0,0,0,0,0,0,0,0,0,0,0,0,716667,1,678667,1,0,0
997,70719080,23505,0,0,0,0,0,0,0,0,0,0,0,0,1185750,1,1122208,1,0,0
998,70106168,23493,0,0,0,0,0,0,0,0,0,0,0,0,1000708,1,895167,1,0,0
999,79443128,23289,0,0,0,0,0,0,0,0,0,0,0,0,1019209,1,963875,1,0,0
1000,70512704,23353,0,0,0,0,0,0,0,0,0,0,0,0,947125,1,894959,1,0,0
1001,65404248,23429,0,0,0,0,0,0,0,0,0,0,0,0,1002417,1,923166,1,0,0
1002,53877876,23353,0,0,0,0,0,0,0,0,0,0,0,0,856375,1,812833,1,0,0
1003,48478332,23853,0,0,0,0,0,0,0,0,0,0,0,0,764875,1,726292,1,0,0
1004,47963916,23657,0,0,0,0,0,0,0,0,0,0,0,0,698416,1,639500,1,0,0
1005,48775960,23341,0,0,0,0,0,0,0,0,0,0,0,0,704250,1,666875,1,0,0
1006,47657376,23289,0,0,0,0,0,0,0,0,0,0,0,0,693500,1,654041,1,0,0
1007,53817916,23353,0,0,0,0,0,0,0,0,0,0,0,0,763375,1,686541,1,0,0
1008,46572792,23377,0,0,0,0,0,0,0,0,0,0,0,0,683500,1,641000,1,0,0
1009,46740456,23353,0,0,0,0,0,0,0,0,0,0,0,0,682584,1,643167,1,0,0
1010,54743040,23341,0,0,0,0,0,0,0,0,0,0,0,0,822625,1,777666,1,0,0
1011,54672336,23353,0,0,0,0,0,0,0,0,0,0,0,0,844875,1,802292,1,0,0
1012,54939540,23377,0,0,0,0,0,0,0,0,0,0,0,0,782958,1,740750,1,0,0
1013,55981376,23917,0,0,0,0,0,0,0,0,0,0,0,0,1001541,1,948334,1,0,0
1014,54262832,23557,0,0,0,0,0,0,0,0,0,0,0,0,770584,1,727583,1,0,0
1015,51184544,23441,0,0,0,0,0,0,0,0,0,0,0,0,796209,1,754208,1,0,0
1016,43874460,23289,0,0,0,0,0,0,0,0,0,0,0,0,732459,1,682625,1,0,0
1017,43833084,23289,0,0,0,0,0,0,0,0,0,0,0,0,719500,1,683375,1,0,0
1018,38425500,23353,0,0,0,0,0,0,0,0,0,0,0,0,608458,1,577750,1,0,0
1019,37607000,23429,0,0,0,0,0,0,0,0,0,0,0,0,618458,1,573917,1,0,0
1020,33867460,23709,0,0,0,0,0,0,0,0,0,0,0,0,702875,1,664625,1,0,0
1021,33461208,23773,0,0,0,0,0,0,0,0,0,0,0,0,657250,1,619541,1,0,0
1022,33574460,23709,0,0,0,0,0,0,0,0,0,0,0,0,640458,1,610167,1,0,0
1023,33280168,23709,0,0,0,0,0,0,0,0,0,0,0,0,608417,1,573458,1,0,0
1024,37701124,27311,0,0,0,0,0,0,0,0,0,0,0,0,629042,1,598584,1,0,0
1025,32701376,26439,0,0,0,0,0,0,0,0,0,0,0,0,633584,1,598375,1,0,0
1026,33358750,24273,0,0,0,0,0,0,0,0,0,0,0,0,630083,1,588583,1,0,0
1027,33678376,23989,0,0,0,0,0,0,0,0,0,0,0,0,589875,1,553083,1,0,0
1028,33505832,23709,0,0,0,0,0,0,0,0,0,0,0,0,619917,1,590292,1,0,0
1029,33254876,23797,0,0,0,0,0,0,0,0,0,0,0,0,628458,1,595583,1,0,0
1030,33557792,23773,0,0,0,0,0,0,0,0,0,0,0,0,593542,1,563000,1,0,0
1031,35345416,23761,0,0,0,0,0,0,0,0,0,0,0,0,673708,1,636584,1,0,0
1032,33971208,23709,0,0,0,0,0,0,0,0,0,0,0,0,592625,1,560500,1,0,0
1033,35937752,23773,0,0,0,0,0,0,0,0,0,0,0,0,653917,1,615833,1,0,0
1034,36732876,23797,0,0,0,0,0,0,0,0,0,0,0,0,596458,1,565417,1,0,0
1035,37456960,23709,0,0,0,0,0,0,0,0,0,0,0,0,804041,1,766125,1,0,0
1036,38283500,23773,0,0,0,0,0,0,0,0,0,0,0,0,621667,1,579583,1,0,0
1037,40673292,23761,0,0,0,0,0,0,0,0,0,0,0,0,638666,1,596833,1,0,0
1038,46242376,23797,0,0,0,0,0,0,0,0,0,0,0,0,918083,1,878167,1,0,0
1039,61443456,24337,0,0,0,0,0,0,0,0,0,0,0,0,941333,1,875417,1,0,0
1040,67649792,23925,0,0,0,0,0,0,0,0,0,0,0,0,1014000,1,958292,1,0,0
1041,77080128,23913,0,0,0,0,0,0,0,0,0,0,0,0,1103666,1,1021875,1,0,0
1042,72109040,23709,0,0,0,0,0,0,0,0,0,0,0,0,1215625,1,1147916,1,0,0
1043,67598416,23773,0,0,0,0,0,0,0,0,0,0,0,0,1055333,1,990916,1,0,0
1044,63692084,23849,0,0,0,0,0,0,0,0,0,0,0,0,1132417,1,1070208,1,0,0
1045,49407544,23773,0,0,0,0,0,0,0,0,0,0,0,0,971750,1,905833,1,0,0
1046,46467960,23709,0,0,0,0,0,0,0,0,0,0,0,0,740834,1,699125,1,0,0
1047,41914668,24361,0,0,0,0,0,0,0,0,0,0,0,0,693042,1,632500,1,0,0
1048,43235040,24041,0,0,0,0,0,0,0,0,0,0,0,0,1040958,1,1003833,1,0,0
1049,42194876,23709,0,0,0,0,0,0,0,0,0,0,0,0,693041,1,650916,1,0,0
1050,43978544,23709,0,0,0,0,0,0,0,0,0,0,0,0,690500,1,649208,1,0,0
1051,51632584,23861,0,0,0,0,0,0,0,0,0,0,0,0,952542,1,896000,1,0,0
1052,46503916,23709,0,0,0,0,0,0,0,0,0,0,0,0,734750,1,693875,1,0,0
1053,47793168,23761,0,0,0,0,0,0,0,0,0,0,0,0,798541,1,750250,1,0,0
1054,53721792,23773,0,0,0,0,0,0,0,0,0,0,0,0,843875,1,786333,1,0,0
1055,54753292,23797,0,0,0,0,0,0,0,0,0,0,0,0,887125,1,832584,1,0,0
1056,55675208,23773,0,0,0,0,0,0,0,0,0,0,0,0,1065750,1,1007167,1,0,0
1057,55886336,24325,0,0,0,0,0,0,0,0,0,0,0,0,1055166,1,997166,1,0,0
1058,54456960,24077,0,0,0,0,0,0,0,0,0,0,0,0,868125,1,820125,1,0,0
1059,49061168,23709,0,0,0,0,0,0,0,0,0,0,0,0,871458,1,812792,1,0,0
1060,44311584,23773,0,0,0,0,0,0,0,0,0,0,0,0,759083,1,719708,1,0,0
1061,46372456,23761,0,0,0,0,0,0,0,0,0,0,0,0,776125,1,725208,1,0,0
1062,38240916,23797,0,0,0,0,0,0,0,0,0,0,0,0,729208,1,693042,1,0,0
1063,37917832,23773,0,0,0,0,0,0,0,0,0,0,0,0,667500,1,621042,1,0,0
1064,35237000,23709,0,0,0,0,0,0,0,0,0,0,0,0,643708,1,607583,1,0,0
1065,35538752,23709,0,0,0,0,0,0,0,0,0,0,0,0,638666,1,593375,1,0,0
1066,35578124,23773,0,0,0,0,0,0,0,0,0,0,0,0,611875,1,580500,1,0,0
1067,34467544,23849,0,0,0,0,0,0,0,0,0,0,0,0,842500,1,806083,1,0,0
1068,34300460,23709,0,0,0,0,0,0,0,0,0,0,0,0,794708,1,759000,1,0,0
1069,35437584,23773,0,0,0,0,0,0,0,0,0,0,0,0,724625,1,682709,1,0,0
1070,36912832,24273,0,0,0,0,0,0,0,0,0,0,0,0,945917,1,913709,1,0,0
1071,35945208,23925,0,0,0,0,0,0,0,0,0,0,0,0,857750,1,811833,1,0,0
1072,38867544,23861,0,0,0,0,0,0,0,0,0,0,0,0,601000,1,569208,1,0,0
1073,41751292,23761,0,0,0,0,0,0,0,0,0,0,0,0,925458,1,865125,1,0,0
1074,51614960,23709,0,0,0,0,0,0,0,0,0,0,0,0,771917,1,729875,1,0,0
1075,52375832,23773,0,0,0,0,0,0,0,0,0,0,0,0,746416,1,700500,1,0,0
1076,62493416,23797,0,0,0,0,0,0,0,0,0,0,0,0,834208,1,785625,1,0,0
1077,67993624,23825,0,0,0,0,0,0,0,0,0,0,0,0,1065958,1,991792,1,0,0
1078,68434664,23709,0,0,0,0,0,0,0,0,0,0,0,0,1045750,1,985959,1,0,0
1079,65314960,24425,0,0,0,0,0,0,0,0,0,0,0,0,1206334,1,1127750,1,0,0
1080,53826040,23977,0,0,0,0,0,0,0,0,0,0,0,0,931875,1,881375,1,0,0
1081,55978084,23773,0,0,0,0,0,0,0,0,0,0,0,0,1445125,1,1374250,1,0,0
1082,47266168,23797,0,0,0,0,0,0,0,0,0,0,0,0,869667,1,804625,1,0,0
1083,51040624,23773,0,0,0,0,0,0,0,0,0,0,0,0,821167,1,769875,1,0,0
1084,45162084,23761,0,0,0,0,0,0,0,0,0,0,0,0,727375,1,685750,1,0,0
1085,46410376,23709,0,0,0,0,0,0,0,0,0,0,0,0,770208,1,721959,1,0,0
1086,45566248,23861,0,0,0,0,0,0,0,0,0,0,0,0,750125,1,705333,1,0,0
1087,46213500,23709,0,0,0,0,0,0,0,0,0,0,0,0,742709,1,690000,1,0,0
1088,45665876,23709,0,0,0,0,0,0,0,0,0,0,0,0,1147917,1,1092334,1,0,0
1089,45671832,23825,0,0,0,0,0,0,0,0,0,0,0,0,1077750,1,1016042,1,0,0
1090,44965708,24361,0,0,0,0,0,0,0,0,0,0,0,0,749833,1,708584,1,0,0
1091,46593916,23925,0,0,0,0,0,0,0,0,0,0,0,0,733416,1,686083,1,0,0
1092,46676832,23773,0,0,0,0,0,0,0,0,0,0,0,0,767250,1,725791,1,0,0
1093,48468916,23709,0,0,0,0,0,0,0,0,0,0,0,0,850792,1,797583,1,0,0
1094,44658668,23849,0,0,0,0,0,0,0,0,0,0,0,0,717792,1,675166,1,0,0
1095,43139168,23773,0,0,0,0,0,0,0,0,0,0,0,0,788083,1,738250,1,0,0
1096,39475792,23709,0,0,0,0,0,0,0,0,0,0,0,0,770125,1,727500,1,0,0
1097,38013248,23709,0,0,0,0,0,0,0,0,0,0,0,0,650166,1,603083,1,0,0
1098,37354876,23861,0,0,0,0,0,0,0,0,0,0,0,0,647667,1,611500,1,0,0
1099,34059084,23761,0,0,0,0,0,0,0,0,0,0,0,0,688208,1,645583,1,0,0
1100,33371542,23709,0,0,0,0,0,0,0,0,0,0,0,0,631833,1,598667,1,0,0
1101,33707792,23773,0,0,0,0,0,0,0,0,0,0,0,0,714125,1,662000,1,0,0
1102,34520168,24273,0,0,0,0,0,0,0,0,0,0,0,0,630333,1,597167,1,0,0
1103,34706248,24013,0,0,0,0,0,0,0,0,0,0,0,0,856500,1,797875,1,0,0
1104,35134584,23773,0,0,0,0,0,0,0,0,0,0,0,0,635625,1,598167,1,0,0
1105,37852248,23761,0,0,0,0,0,0,0,0,0,0,0,0,657041,1,608000,1,0,0
1106,37349752,23709,0,0,0,0,0,0,0,0,0,0,0,0,1126000,1,1080709,1,0,0
1107,43728168,23773,0,0,0,0,0,0,0,0,0,0,0,0,908459,1,833458,1,0,0
1108,40773416,23797,0,0,0,0,0,0,0,0,0,0,0,0,610208,1,576875,1,0,0
1109,43857708,23709,0,0,0,0,0,0,0,0,0,0,0,0,754750,1,669541,1,0,0
1110,52044208,23825,0,0,0,0,0,0,0,0,0,0,0,0,779000,1,737875,1,0,0
1111,62672624,23709,0,0,0,0,0,0,0,0,0,0,0,0,844917,1,785083,1,0,0
1112,68829624,23861,0,0,0,0,0,0,0,0,0,0,0,0,1043709,1,984209,1,0,0
1113,67588792,24273,0,0,0,0,0,0,0,0,0,0,0,0,1191083,1,1107250,1,0,0
1114,69441792,24041,0,0,0,0,0,0,0,0,0,0,0,0,1206458,1,1143458,1,0,0
1115,67103832,23797,0,0,0,0,0,0,0,0,0,0,0,0,1230875,1,1146375,1,0,0
1116,63142664,23773,0,0,0,0,0,0,0,0,0,0,0,0,1179292,1,1102709,1,0,0
1117,51747960,23709,0,0,0,0,0,0,0,0,0,0,0,0,930834,1,869625,1,0,0
1118,47604624,23913,0,0,0,0,0,0,0,0,0,0,0,0,781709,1,739459,1,0,0
1119,48224416,23709,0,0,0,0,0,0,0,0,0,0,0,0,771333,1,720042,1,0,0
1120,47931000,23709,0,0,0,0,0,0,0,0,0,0,0,0,826750,1,784500,1,0,0
1121,48726208,23773,0,0,0,0,0,0,0,0,0,0,0,0,812667,1,747167,1,0,0
1122,46536832,24361,0,0,0,0,0,0,0,0,0,0,0,0,846041,1,798833,1,0,0
1123,47322208,23977,0,0,0,0,0,0,0,0,0,0,0,0,1047958,1,992208,1,0,0
1124,54759876,23773,0,0,0,0,0,0,0,0,0,0,0,0,1328875,1,1276375,1,0,0
1125,59227500,23709,0,0,0,0,0,0,0,0,0,0,0,0,930000,1,866833,1,0,0
1126,54971084,23861,0,0,0,0,0,0,0,0,0,0,0,0,867625,1,814083,1,0,0
1127,56437876,23761,0,0,0,0,0,0,0,0,0,0,0,0,1217167,1,1144417,1,0,0
1128,55198832,23773,0,0,0,0,0,0,0,0,0,0,0,0,845166,1,788458,1,0,0
1129,55207416,23797,0,0,0,0,0,0,0,0,0,0,0,0,885125,1,827958,1,0,0
1130,58166456,23773,0,0,0,0,0,0,0,0,0,0,0,0,1127458,1,1067791,1,0,0
1131,56112248,24325,0,0,0,0,0,0,0,0,0,0,0,0,869250,1,813708,1,0,0
1132,56841544,24077,0,0,0,0,0,0,0,0,0,0,0,0,1052250,1,985375,1,0,0
1133,55670832,23709,0,0,0,0,0,0,0,0,0,0,0,0,963167,1,900666,1,0,0
1134,57522376,23773,0,0,0,0,0,0,0,0,0,0,0,0,923250,1,870750,1,0,0
1135,47271168,23849,0,0,0,0,0,0,0,0,0,0,0,0,893417,1,834625,1,0,0
1136,47080248,23773,0,0,0,0,0,0,0,0,0,0,0,0,1217584,1,1154542,1,0,0
1137,47391832,23709,0,0,0,0,0,0,0,0,0,0,0,0,741042,1,693500,1,0,0
1138,47602292,23709,0,0,0,0,0,0,0,0,0,0,0,0,720334,1,679958,1,0,0
1139,54632084,23861,0,0,0,0,0,0,0,0,0,0,0,0,812625,1,764625,1,0,0
1140,55154624,23761,0,0,0,0,0,0,0,0,0,0,0,0,873667,1,824042,1,0,0
1141,57174336,24553,0,0,0,0,0,0,0,0,0,0,0,0,1044583,1,976333,1,0,0
1142,55284792,23797,0,0,0,0,0,0,0,0,0,0,0,0,866333,1,815708,1,0,0
1143,54640292,23773,0,0,0,0,0,0,0,0,0,0,0,0,1107000,1,1051000,1,0,0
1144,58888040,23761,0,0,0,0,0,0,0,0,0,0,0,0,905375,1,854417,1,0,0
1145,54692292,23861,0,0,0,0,0,0,0,0,0,0,0,0,868750,1,805375,1,0,0
1146,54051124,23709,0,0,0,0,0,0,0,0,0,0,0,0,1209166,1,1158584,1,0,0
1147,48404584,23773,0,0,0,0,0,0,0,0,0,0,0,0,1024417,1,967167,1,0,0
1148,46482876,23849,0,0,0,0,0,0,0,0,0,0,0,0,1172083,1,1111917,1,0,0
1149,45393416,23709,0,0,0,0,0,0,0,0,0,0,0,0,732542,1,684458,1,0,0
1150,47518624,24337,0,0,0,0,0,0,0,0,0,0,0,0,771000,1,731792,1,0,0
1151,47668376,23925,0,0,0,0,0,0,0,0,0,0,0,0,783125,1,736708,1,0,0
1152,46299208,23797,0,0,0,0,0,0,0,0,0,0,0,0,769791,1,727625,1,0,0
1153,46831960,23825,0,0,0,0,0,0,0,0,0,0,0,0,910000,1,843416,1,0,0
1154,51496792,23709,0,0,0,0,0,0,0,0,0,0,0,0,828167,1,782541,1,0,0
1155,49918456,23709,0,0,0,0,0,0,0,0,0,0,0,0,767334,1,697666,1,0,0
1156,51634416,23861,0,0,0,0,0,0,0,0,0,0,0,0,960166,1,912083,1,0,0
1157,47595084,23709,0,0,0,0,0,0,0,0,0,0,0,0,1286000,1,1221000,1,0,0
1158,51548916,23761,0,0,0,0,0,0,0,0,0,0,0,0,824291,1,779000,1,0,0
1159,46008040,23861,0,0,0,0,0,0,0,0,0,0,0,0,1136917,1,1051083,1,0,0
1160,47268208,24273,0,0,0,0,0,0,0,0,0,0,0,0,756416,1,715834,1,0,0
1161,44609084,23925,0,0,0,0,0,0,0,0,0,0,0,0,728208,1,681042,1,0,0
1162,44033708,23773,0,0,0,0,0,0,0,0,0,0,0,0,744792,1,679958,1,0,0
1163,42634332,23849,0,0,0,0,0,0,0,0,0,0,0,0,758458,1,687750,1,0,0
1164,41132832,23709,0,0,0,0,0,0,0,0,0,0,0,0,795167,1,759083,1,0,0
1165,37345624,23773,0,0,0,0,0,0,0,0,0,0,0,0,689000,1,648458,1,0,0
1166,33403668,23709,0,0,0,0,0,0,0,0,0,0,0,0,618875,1,586791,1,0,0
1167,33757040,23797,0,0,0,0,0,0,0,0,0,0,0,0,607250,1,569458,1,0,0
1168,33582792,23773,0,0,0,0,0,0,0,0,0,0,0,0,595042,1,560834,1,0,0
1169,33415168,23761,0,0,0,0,0,0,0,0,0,0,0,0,629000,1,590417,1,0,0
1170,33816960,23709,0,0,0,0,0,0,0,0,0,0,0,0,623958,1,592625,1,0,0
1171,33323292,23773,0,0,0,0,0,0,0,0,0,0,0,0,592125,1,556583,1,0,0
1172,33356876,23797,0,0,0,0,0,0,0,0,0,0,0,0,633375,1,596750,1,0,0
1173,33644664,23709,0,0,0,0,0,0,0,0,0,0,0,0,655917,1,600166,1,0,0
1174,33488458,24337,0,0,0,0,0,0,0,0,0,0,0,0,590791,1,558709,1,0,0
1175,33639752,23977,0,0,0,0,0,0,0,0,0,0,0,0,645833,1,606625,1,0,0
1176,32985376,23709,0,0,0,0,0,0,0,0,0,0,0,0,618125,1,586958,1,0,0
1177,30221500,23861,0,0,0,0,0,0,0,0,0,0,0,0,550833,1,513334,1,0,0
1178,30298460,23709,0,0,0,0,0,0,0,0,0,0,0,0,567833,1,538875,1,0,0
1179,33290584,23709,0,0,0,0,0,0,0,0,0,0,0,0,686958,1,647541,1,0,0
1180,30241458,23709,0,0,0,0,0,0,0,0,0,0,0,0,553875,1,524917,1,0,0
1181,30278916,23773,0,0,0,0,0,0,0,0,0,0,0,0,567333,1,521083,1,0,0
1182,30206832,23849,0,0,0,0,0,0,0,0,0,0,0,0,552584,1,523875,1,0,0
1183,31861208,23709,0,0,0,0,0,0,0,0,0,0,0,0,587084,1,551417,1,0,0
1184,31702834,23709,0,0,0,0,0,0,0,0,0,0,0,0,565792,1,528250,1,0,0
1185,33113876,23773,0,0,0,0,0,0,0,0,0,0,0,0,596208,1,555500,1,0,0
1186,32675792,23709,0,0,0,0,0,0,0,0,0,0,0,0,564500,1,535125,1,0,0
1187,33438040,23797,0,0,0,0,0,0,0,0,0,0,0,0,717042,1,677375,1,0,0
1188,33227042,23709,0,0,0,0,0,0,0,0,0,0,0,0,731042,1,698875,1,0,0
1189,36470668,24389,0,0,0,0,0,0,0,0,0,0,0,0,735792,1,693875,1,0,0
1190,36905456,23925,0,0,0,0,0,0,0,0,0,0,0,0,702000,1,662666,1,0,0
1191,38460208,23709,0,0,0,0,0,0,0,0,0,0,0,0,1167583,1,1111542,1,0,0
1192,37780876,23861,0,0,0,0,0,0,0,0,0,0,0,0,642291,1,603042,1,0,0
1193,38855708,23709,0,0,0,0,0,0,0,0,0,0,0,0,1137000,1,1082542,1,0,0
1194,50126336,23709,0,0,0,0,0,0,0,0,0,0,0,0,740000,1,696416,1,0,0
1195,54947292,23825,0,0,0,0,0,0,0,0,0,0,0,0,787333,1,733542,1,0,0
1196,69082168,23797,0,0,0,0,0,0,0,0,0,0,0,0,1008667,1,947458,1,0,0
1197,72671040,23773,0,0,0,0,0,0,0,0,0,0,0,0,1261125,1,1192625,1,0,0
1198,65117876,23709,0,0,0,0,0,0,0,0,0,0,0,0,1101791,1,1046292,1,0,0
1199,65966500,24477,0,0,0,0,0,0,0,0,0,0,0,0,1176083,1,1103750,1,0,0
1200,62334292,23925,0,0,0,0,0,0,0,0,0,0,0,0,1194834,1,1131458,1,0,0
1201,54611000,23773,0,0,0,0,0,0,0,0,0,0,0,0,1193041,1,1113375,1,0,0
1202,54011000,23797,0,0,0,0,0,0,0,0,0,0,0,0,879000,1,815750,1,0,0
1203,48407292,23825,0,0,0,0,0,0,0,0,0,0,0,0,761459,1,714917,1,0,0
1204,46202416,23709,0,0,0,0,0,0,0,0,0,0,0,0,1046375,1,986959,1,0,0
1205,45386456,23709,0,0,0,0,0,0,0,0,0,0,0,0,1252875,1,1188584,1,0,0
1206,46522376,23861,0,0,0,0,0,0,0,0,0,0,0,0,782125,1,739167,1,0,0
1207,47410876,23709,0,0,0,0,0,0,0,0,0,0,0,0,760083,1,713250,1,0,0
1208,47964832,23761,0,0,0,0,0,0,0,0,0,0,0,0,719875,1,678125,1,0,0
1209,47088624,24337,0,0,0,0,0,0,0,0,0,0,0,0,760000,1,708500,1,0,0
1210,55825876,24013,0,0,0,0,0,0,0,0,0,0,0,0,1064208,1,1014042,1,0,0
1211,55194040,23773,0,0,0,0,0,0,0,0,0,0,0,0,875875,1,819833,1,0,0
1212,68684712,23761,0,0,0,0,0,0,0,0,0,0,0,0,1411125,1,1345666,1,0,0
1213,67760248,23861,0,0,0,0,0,0,0,0,0,0,0,0,1516833,1,1425625,1,0,0
1214,57527168,23709,0,0,0,0,0,0,0,0,0,0,0,0,1374958,1,1299291,1,0,0
1215,53901624,23773,0,0,0,0,0,0,0,0,0,0,0,0,908584,1,850875,1,0,0
1216,50582000,23849,0,0,0,0,0,0,0,0,0,0,0,0,853791,1,799125,1,0,0
1217,44017248,23773,0,0,0,0,0,0,0,0,0,0,0,0,770250,1,714458,1,0,0
1218,38731000,24273,0,0,0,0,0,0,0,0,0,0,0,0,739333,1,698125,1,0,0
1219,38903168,23925,0,0,0,0,0,0,0,0,0,0,0,0,694958,1,650417,1,0,0
1220,33953292,23861,0,0,0,0,0,0,0,0,0,0,0,0,628333,1,596667,1,0,0
1221,33102584,23761,0,0,0,0,0,0,0,0,0,0,0,0,604000,1,568459,1,0,0
1222,36317876,23709,0,0,0,0,0,0,0,0,0,0,0,0,677791,1,641667,1,0,0
1223,33162334,23773,0,0,0,0,0,0,0,0,0,0,0,0,603167,1,565750,1,0,0
1224,33589832,23709,0,0,0,0,0,0,0,0,0,0,0,0,612959,1,576000,1,0,0
1225,33623792,23797,0,0,0,0,0,0,0,0,0,0,0,0,635875,1,595375,1,0,0
1226,33454624,23773,0,0,0,0,0,0,0,0,0,0,0,0,596750,1,564208,1,0,0
1227,33547668,23761,0,0,0,0,0,0,0,0,0,0,0,0,623208,1,583250,1,0,0
1228,30723292,23709,0,0,0,0,0,0,0,0,0,0,0,0,632792,1,601084,1,0,0
1229,30808250,23709,0,0,0,0,0,0,0,0,0,0,0,0,599125,1,564709,1,0,0
1230,30428000,23861,0,0,0,0,0,0,0,0,0,0,0,0,571417,1,542375,1,0,0
1231,30456458,23709,0,0,0,0,0,0,0,0,0,0,0,0,564708,1,530208,1,0,0
1232,30198124,23709,0,0,0,0,0,0,0,0,0,0,0,0,546250,1,517000,1,0,0
1233,30538668,24273,0,0,0,0,0,0,0,0,0,0,0,0,579708,1,546041,1,0,0
1234,30256960,24041,0,0,0,0,0,0,0,0,0,0,0,0,547875,1,519000,1,0,0
1235,30436876,23797,0,0,0,0,0,0,0,0,0,0,0,0,585209,1,550625,1,0,0
1236,30212750,23709,0,0,0,0,0,0,0,0,0,0,0,0,557875,1,529625,1,0,0
1237,32607084,23709,0,0,0,0,0,0,0,0,0,0,0,0,585625,1,552458,1,0,0
1238,40263708,23773,0,0,0,0,0,0,0,0,0,0,0,0,763125,1,715500,1,0,0
1239,36532168,23709,0,0,0,0,0,0,0,0,0,0,0,0,609917,1,571708,1,0,0
1240,37278752,23849,0,0,0,0,0,0,0,0,0,0,0,0,645000,1,603708,1,0,0
1241,38874040,23773,0,0,0,0,0,0,0,0,0,0,0,0,624333,1,584584,1,0,0
1242,36041040,23709,0,0,0,0,0,0,0,0,0,0,0,0,619291,1,587333,1,0,0
1243,43492832,23709,0,0,0,0,0,0,0,0,0,0,0,0,931042,1,875625,1,0,0
1244,50109416,23861,0,0,0,0,0,0,0,0,0,0,0,0,727583,1,688041,1,0,0
1245,64561376,23761,0,0,0,0,0,0,0,0,0,0,0,0,1013458,1,931000,1,0,0
1246,66621456,24337,0,0,0,0,0,0,0,0,0,0,0,0,1018833,1,960041,1,0,0
1247,68244584,24013,0,0,0,0,0,0,0,0,0,0,0,0,1085625,1,1019000,1,0,0
1248,69134960,23773,0,0,0,0,0,0,0,0,0,0,0,0,1100791,1,1031292,1,0,0
1249,72034752,23761,0,0,0,0,0,0,0,0,0,0,0,0,1056666,1,984375,1,0,0
1250,64123708,23861,0,0,0,0,0,0,0,0,0,0,0,0,1245250,1,1171416,1,0,0
1251,55683752,23709,0,0,0,0,0,0,0,0,0,0,0,0,1079542,1,1021833,1,0,0
1252,48876248,23773,0,0,0,0,0,0,0,0,0,0,0,0,863500,1,808208,1,0,0
1253,45006332,23849,0,0,0,0,0,0,0,0,0,0,0,0,756541,1,710458,1,0,0
1254,46549500,24273,0,0,0,0,0,0,0,0,0,0,0,0,737167,1,697250,1,0,0
1255,45651168,23989,0,0,0,0,0,0,0,0,0,0,0,0,784500,1,738209,1,0,0
1256,42051460,23709,0,0,0,0,0,0,0,0,0,0,0,0,674042,1,640250,1,0,0
1257,42998584,23797,0,0,0,0,0,0,0,0,0,0,0,0,923791,1,875416,1,0,0
1258,49565208,23825,0,0,0,0,0,0,0,0,0,0,0,0,810875,1,770625,1,0,0
1259,48382332,23709,0,0,0,0,0,0,0,0,0,0,0,0,763208,1,716125,1,0,0
1260,46442668,23709,0,0,0,0,0,0,0,0,0,0,0,0,756958,1,716625,1,0,0
1261,48219000,23861,0,0,0,0,0,0,0,0,0,0,0,0,1019708,1,955292,1,0,0
1262,47340084,23709,0,0,0,0,0,0,0,0,0,0,0,0,1197000,1,1144583,1,0,0
1263,46803332,23761,0,0,0,0,0,0,0,0,0,0,0,0,747125,1,699083,1,0,0
1264,54871168,23773,0,0,0,0,0,0,0,0,0,0,0,0,880083,1,832125,1,0,0
1265,54835500,24361,0,0,0,0,0,0,0,0,0,0,0,0,1022250,1,954292,1,0,0
1266,54958960,23989,0,0,0,0,0,0,0,0,0,0,0,0,836916,1,789791,1,0,0
1267,53087124,23761,0,0,0,0,0,0,0,0,0,0,0,0,825750,1,770666,1,0,0
1268,55583084,23861,0,0,0,0,0,0,0,0,0,0,0,0,919333,1,861209,1,0,0
1269,45341916,23709,0,0,0,0,0,0,0,0,0,0,0,0,867000,1,809834,1,0,0
1270,46507376,23773,0,0,0,0,0,0,0,0,0,0,0,0,805833,1,741542,1,0,0
1271,43926456,23761,0,0,0,0,0,0,0,0,0,0,0,0,736542,1,689875,1,0,0
1272,41986708,23797,0,0,0,0,0,0,0,0,0,0,0,0,1021167,1,968291,1,0,0
1273,43933248,23773,0,0,0,0,0,0,0,0,0,0,0,0,650708,1,605542,1,0,0
1274,47353456,23709,0,0,0,0,0,0,0,0,0,0,0,0,681750,1,647459,1,0,0
1275,46537916,24273,0,0,0,0,0,0,0,0,0,0,0,0,1013500,1,952292,1,0,0
1276,45448040,24129,0,0,0,0,0,0,0,0,0,0,0,0,749208,1,711208,1,0,0
1277,50397916,23709,0,0,0,0,0,0,0,0,0,0,0,0,723459,1,679500,1,0,0
1278,54641084,23709,0,0,0,0,0,0,0,0,0,0,0,0,821333,1,776500,1,0,0
1279,61819544,23773,0,0,0,0,0,0,0,0,0,0,0,0,948084,1,884125,1,0,0
1280,55605248,23849,0,0,0,0,0,0,0,0,0,0,0,0,838833,1,793875,1,0,0
1281,55987916,23773,0,0,0,0,0,0,0,0,0,0,0,0,1235250,1,1164833,1,0,0
1282,54953792,23709,0,0,0,0,0,0,0,0,0,0,0,0,863083,1,816459,1,0,0
1283,54781376,23861,0,0,0,0,0,0,0,0,0,0,0,0,930083,1,873916,1,0,0
1284,56756708,24325,0,0,0,0,0,0,0,0,0,0,0,0,1338416,1,1269292,1,0,0
1285,55064708,23989,0,0,0,0,0,0,0,0,0,0,0,0,981125,1,894334,1,0,0
1286,49130832,23797,0,0,0,0,0,0,0,0,0,0,0,0,926750,1,880500,1,0,0
1287,46245292,23773,0,0,0,0,0,0,0,0,0,0,0,0,733125,1,686375,1,0,0
1288,49174584,23761,0,0,0,0,0,0,0,0,0,0,0,0,796042,1,756000,1,0,0
1289,46349664,23709,0,0,0,0,0,0,0,0,0,0,0,0,748417,1,704125,1,0,0
1290,47811664,23861,0,0,0,0,0,0,0,0,0,0,0,0,898875,1,847084,1,0,0
1291,44828624,23709,0,0,0,0,0,0,0,0,0,0,0,0,1280000,1,1220541,1,0,0
1292,46694500,23709,0,0,0,0,0,0,0,0,0,0,0,0,753416,1,714417,1,0,0
1293,47315208,23825,0,0,0,0,0,0,0,0,0,0,0,0,729917,1,685125,1,0,0
1294,47387668,23797,0,0,0,0,0,0,0,0,0,0,0,0,723625,1,685417,1,0,0
1295,45541876,24273,0,0,0,0,0,0,0,0,0,0,0,0,719958,1,675834,1,0,0
1296,46253876,23569,0,0,0,0,0,0,0,0,0,0,0,0,738417,1,695916,1,0,0
1297,46550544,23289,0,0,0,0,0,0,0,0,0,0,0,0,695167,1,658000,1,0,0
1298,56712876,26879,0,0,0,0,0,0,0,0,0,0,0,0,790041,1,744666,1,0,0
1299,48886624,26031,0,0,0,0,0,0,0,0,0,0,0,0,1165209,1,1123042,1,0,0
1300,47363460,23289,0,0,0,0,0,0,0,0,0,0,0,0,738958,1,690208,1,0,0
1301,50102000,23377,0,0,0,0,0,0,0,0,0,0,0,0,843291,1,787791,1,0,0
1302,43409084,23405,0,0,0,0,0,0,0,0,0,0,0,0,702333,1,666417,1,0,0
1303,43312208,23289,0,0,0,0,0,0,0,0,0,0,0,0,685125,1,648958,1,0,0
1304,41157708,23289,0,0,0,0,0,0,0,0,0,0,0,0,694917,1,650583,1,0,0
1305,37718960,24005,0,0,0,0,0,0,0,0,0,0,0,0,598500,1,568375,1,0,0
1306,37996540,23505,0,0,0,0,0,0,0,0,0,0,0,0,592750,1,562208,1,0,0
1307,35199668,23341,0,0,0,0,0,0,0,0,0,0,0,0,604917,1,563625,1,0,0
1308,35567248,23353,0,0,0,0,0,0,0,0,0,0,0,0,561333,1,533083,1,0,0
1309,34486668,23289,0,0,0,0,0,0,0,0,0,0,0,0,825042,1,796042,1,0,0
1310,39223960,23377,0,0,0,0,0,0,0,0,0,0,0,0,682125,1,644125,1,0,0
1311,40760416,23353,0,0,0,0,0,0,0,0,0,0,0,0,613083,1,583708,1,0,0
1312,39925960,23289,0,0,0,0,0,0,0,0,0,0,0,0,1060917,1,1012041,1,0,0
1313,41982792,23341,0,0,0,0,0,0,0,0,0,0,0,0,632042,1,595584,1,0,0
1314,44539208,23441,0,0,0,0,0,0,0,0,0,0,0,0,1043292,1,1011000,1,0,0
1315,47862584,23289,0,0,0,0,0,0,0,0,0,0,0,0,714083,1,671208,1,0,0
1316,55268208,23289,0,0,0,0,0,0,0,0,0,0,0,0,807791,1,746250,1,0,0
1317,63104624,23917,0,0,0,0,0,0,0,0,0,0,0,0,1115292,1,1041333,1,0,0
1318,67391168,23645,0,0,0,0,0,0,0,0,0,0,0,0,1002375,1,945417,1,0,0
1319,68283544,23353,0,0,0,0,0,0,0,0,0,0,0,0,1061042,1,994292,1,0,0
1320,71863416,23289,0,0,0,0,0,0,0,0,0,0,0,0,989500,1,934416,1,0,0
1321,59143708,23493,0,0,0,0,0,0,0,0,0,0,0,0,1234000,1,1175666,1,0,0
1322,54906832,23289,0,0,0,0,0,0,0,0,0,0,0,0,864333,1,812375,1,0,0
1323,53032500,23353,0,0,0,0,0,0,0,0,0,0,0,0,1216250,1,1171042,1,0,0
1324,48132416,23377,0,0,0,0,0,0,0,0,0,0,0,0,1058667,1,1010541,1,0,0
1325,47340208,23405,0,0,0,0,0,0,0,0,0,0,0,0,1196500,1,1134917,1,0,0
1326,52113708,23853,0,0,0,0,0,0,0,0,0,0,0,0,675709,1,640875,1,0,0
1327,55003500,23505,0,0,0,0,0,0,0,0,0,0,0,0,1170333,1,1126292,1,0,0
1328,55615540,23441,0,0,0,0,0,0,0,0,0,0,0,0,822500,1,774000,1,0,0
1329,58157460,23341,0,0,0,0,0,0,0,0,0,0,0,0,806167,1,762709,1,0,0
1330,52779124,23353,0,0,0,0,0,0,0,0,0,0,0,0,1049708,1,993292,1,0,0
1331,46253292,23377,0,0,0,0,0,0,0,0,0,0,0,0,912375,1,848166,1,0,0
1332,44543668,23289,0,0,0,0,0,0,0,0,0,0,0,0,1123542,1,1085959,1,0,0
1333,46946292,23405,0,0,0,0,0,0,0,0,0,0,0,0,732708,1,697917,1,0,0
1334,46696544,23289,0,0,0,0,0,0,0,0,0,0,0,0,748125,1,688708,1,0,0
1335,47424332,23377,0,0,0,0,0,0,0,0,0,0,0,0,702208,1,666417,1,0,0
1336,46981000,23917,0,0,0,0,0,0,0,0,0,0,0,0,1020792,1,972875,1,0,0
1337,44538624,23505,0,0,0,0,0,0,0,0,0,0,0,0,1190834,1,1116250,1,0,0
1338,44546916,23341,0,0,0,0,0,0,0,0,0,0,0,0,683583,1,648166,1,0,0
1339,46062500,23441,0,0,0,0,0,0,0,0,0,0,0,0,751042,1,713291,1,0,0
1340,38822500,23289,0,0,0,0,0,0,0,0,0,0,0,0,607000,1,566958,1,0,0
1341,38251752,23289,0,0,0,0,0,0,0,0,0,0,0,0,618417,1,585042,1,0,0
1342,37702960,23353,0,0,0,0,0,0,0,0,0,0,0,0,592583,1,562583,1,0,0
1343,36934084,23429,0,0,0,0,0,0,0,0,0,0,0,0,613125,1,578166,1,0,0
1344,33414460,23289,0,0,0,0,0,0,0,0,0,0,0,0,565667,1,536875,1,0,0
1345,33414332,23353,0,0,0,0,0,0,0,0,0,0,0,0,546166,1,513708,1,0,0
1346,33476332,23289,0,0,0,0,0,0,0,0,0,0,0,0,603042,1,568000,1,0,0
1347,33612124,23289,0,0,0,0,0,0,0,0,0,0,0,0,548500,1,519542,1,0,0
1348,33542376,23441,0,0,0,0,0,0,0,0,0,0,0,0,546000,1,516250,1,0,0
1349,33496332,23905,0,0,0,0,0,0,0,0,0,0,0,0,585250,1,554208,1,0,0
1350,33815000,23505,0,0,0,0,0,0,0,0,0,0,0,0,576833,1,549000,1,0,0
1351,33361876,23353,0,0,0,0,0,0,0,0,0,0,0,0,546125,1,518500,1,0,0
1352,32896916,23289,0,0,0,0,0,0,0,0,0,0,0,0,591958,1,561667,1,0,0
1353,34892040,23377,0,0,0,0,0,0,0,0,0,0,0,0,633375,1,606500,1,0,0
1354,34488376,23353,0,0,0,0,0,0,0,0,0,0,0,0,563000,1,533250,1,0,0
1355,35769752,23341,0,0,0,0,0,0,0,0,0,0,0,0,544833,1,517042,1,0,0
1356,34914040,23289,0,0,0,0,0,0,0,0,0,0,0,0,581333,1,552250,1,0,0
1357,37132624,23353,0,0,0,0,0,0,0,0,0,0,0,0,553375,1,524583,1,0,0
1358,35472708,23377,0,0,0,0,0,0,0,0,0,0,0,0,606292,1,569667,1,0,0
1359,36565248,23289,0,0,0,0,0,0,0,0,0,0,0,0,548584,1,519875,1,0,0
1360,36942208,23353,0,0,0,0,0,0,0,0,0,0,0,0,586166,1,558250,1,0,0
1361,36486040,23341,0,0,0,0,0,0,0,0,0,0,0,0,574500,1,540792,1,0,0
1362,43032624,23289,0,0,0,0,0,0,0,0,0,0,0,0,772416,1,738167,1,0,0
1363,48411084,24221,0,0,0,0,0,0,0,0,0,0,0,0,669875,1,634625,1,0,0
1364,61153208,23289,0,0,0,0,0,0,0,0,0,0,0,0,986541,1,917583,1,0,0
1365,66625124,23353,0,0,0,0,0,0,0,0,0,0,0,0,1028334,1,972459,1,0,0
1366,74101168,23429,0,0,0,0,0,0,0,0,0,0,0,0,1107584,1,1049875,1,0,0
1367,66403248,23353,0,0,0,0,0,0,0,0,0,0,0,0,1031875,1,948416,1,0,0
1368,66275084,23289,0,0,0,0,0,0,0,0,0,0,0,0,1234042,1,1174667,1,0,0
1369,57481624,23493,0,0,0,0,0,0,0,0,0,0,0,0,967250,1,914292,1,0,0
1370,50234916,23289,0,0,0,0,0,0,0,0,0,0,0,0,838417,1,789208,1,0,0
1371,47885540,23917,0,0,0,0,0,0,0,0,0,0,0,0,704084,1,665500,1,0,0
1372,48709040,23593,0,0,0,0,0,0,0,0,0,0,0,0,710791,1,674750,1,0,0
1373,48443208,23341,0,0,0,0,0,0,0,0,0,0,0,0,727125,1,679458,1,0,0
1374,52123248,23353,0,0,0,0,0,0,0,0,0,0,0,0,807083,1,762667,1,0,0
1375,48017664,23289,0,0,0,0,0,0,0,0,0,0,0,0,713959,1,670959,1,0,0
1376,46555960,23441,0,0,0,0,0,0,0,0,0,0,0,0,738041,1,688041,1,0,0
1377,56210624,23289,0,0,0,0,0,0,0,0,0,0,0,0,1111292,1,1066500,1,0,0
1378,54120000,23405,0,0,0,0,0,0,0,0,0,0,0,0,935417,1,882083,1,0,0
1379,54867124,23377,0,0,0,0,0,0,0,0,0,0,0,0,822041,1,773333,1,0,0
1380,56942960,23917,0,0,0,0,0,0,0,0,0,0,0,0,1163125,1,1109959,1,0,0
1381,55803168,23505,0,0,0,0,0,0,0,0,0,0,0,0,789541,1,745584,1,0,0
1382,53994500,23493,0,0,0,0,0,0,0,0,0,0,0,0,912166,1,854041,1,0,0
1383,52846124,23289,0,0,0,0,0,0,0,0,0,0,0,0,1211333,1,1154042,1,0,0
1384,48848248,23353,0,0,0,0,0,0,0,0,0,0,0,0,788000,1,747917,1,0,0
1385,42672624,23377,0,0,0,0,0,0,0,0,0,0,0,0,678167,1,635625,1,0,0
1386,41074376,23289,0,0,0,0,0,0,0,0,0,0,0,0,611833,1,578166,1,0,0
1387,40885960,23405,0,0,0,0,0,0,0,0,0,0,0,0,811167,1,766209,1,0,0
1388,40215500,23289,0,0,0,0,0,0,0,0,0,0,0,0,643458,1,602583,1,0,0
1389,41223832,23377,0,0,0,0,0,0,0,0,0,0,0,0,620333,1,585542,1,0,0
1390,41701000,23353,0,0,0,0,0,0,0,0,0,0,0,0,629291,1,595250,1,0,0
1391,42212124,23853,0,0,0,0,0,0,0,0,0,0,0,0,716500,1,672583,1,0,0
1392,45640376,23557,0,0,0,0,0,0,0,0,0,0,0,0,652250,1,618500,1,0,0
1393,48178248,23441,0,0,0,0,0,0,0,0,0,0,0,0,712375,1,672875,1,0,0
1394,51450456,23289,0,0,0,0,0,0,0,0,0,0,0,0,815875,1,760208,1,0,0
1395,59891416,23289,0,0,0,0,0,0,0,0,0,0,0,0,833791,1,783917,1,0,0
1396,63315248,23493,0,0,0,0,0,0,0,0,0,0,0,0,1061208,1,1014666,1,0,0
1397,67775248,23289,0,0,0,0,0,0,0,0,0,0,0,0,968917,1,902167,1,0,0
1398,61745416,23353,0,0,0,0,0,0,0,0,0,0,0,0,1056750,1,999167,1,0,0
1399,54165708,23377,0,0,0,0,0,0,0,0,0,0,0,0,840625,1,793208,1,0,0
1400,53182540,37098,0,0,0,0,0,0,0,0,0,0,0,0,848833,1,784750,1,0,0
1401,46752084,23505,0,0,0,0,0,0,0,0,0,0,0,0,921625,1,856416,1,0,0
1402,45239124,23377,0,0,0,0,0,0,0,0,0,0,0,0,766667,1,725291,1,0,0
1403,45730040,23353,0,0,0,0,0,0,0,0,0,0,0,0,693791,1,655833,1,0,0
1404,51106456,23817,0,0,0,0,0,0,0,0,0,0,0,0,1035000,1,989334,1,0,0
1405,48584876,23869,0,0,0,0,0,0,0,0,0,0,0,0,977750,1,888542,1,0,0
1406,52617876,36267,0,0,0,0,0,0,0,0,0,0,0,0,772167,1,728792,1,0,0
1407,45831460,26495,0,0,0,0,0,0,0,0,0,0,0,0,1092417,1,1042541,1,0,0
1408,45843752,23817,0,0,0,0,0,0,0,0,0,0,0,0,903458,1,847834,1,0,0
1409,45755416,23881,0,0,0,0,0,0,0,0,0,0,0,0,673750,1,634750,1,0,0
1410,47006624,23957,0,0,0,0,0,0,0,0,0,0,0,0,746708,1,682917,1,0,0
1411,45769416,24381,0,0,0,0,0,0,0,0,0,0,0,0,777583,1,734541,1,0,0
1412,45215624,24097,0,0,0,0,0,0,0,0,0,0,0,0,741333,1,694458,1,0,0
1413,41766832,23817,0,0,0,0,0,0,0,0,0,0,0,0,754583,1,710292,1,0,0
1414,38036000,23905,0,0,0,0,0,0,0,0,0,0,0,0,661542,1,619625,1,0,0
1415,41446084,23933,0,0,0,0,0,0,0,0,0,0,0,0,758167,1,716500,1,0,0
1416,38841376,23817,0,0,0,0,0,0,0,0,0,0,0,0,690959,1,642459,1,0,0
1417,36680416,23817,0,0,0,0,0,0,0,0,0,0,0,0,667166,1,630875,1,0,0
1418,33603624,23969,0,0,0,0,0,0,0,0,0,0,0,0,628458,1,578125,1,0,0
1419,33599500,23817,0,0,0,0,0,0,0,0,0,0,0,0,608875,1,575500,1,0,0
1420,33860668,23817,0,0,0,0,0,0,0,0,0,0,0,0,693041,1,628792,1,0,0
1421,33863248,23933,0,0,0,0,0,0,0,0,0,0,0,0,595916,1,563959,1,0,0
1422,33800208,23817,0,0,0,0,0,0,0,0,0,0,0,0,660542,1,617417,1,0,0
1423,33890084,23905,0,0,0,0,0,0,0,0,0,0,0,0,606875,1,573125,1,0,0
1424,33775208,24445,0,0,0,0,0,0,0,0,0,0,0,0,597709,1,560000,1,0,0
1425,33848916,24033,0,0,0,0,0,0,0,0,0,0,0,0,652583,1,619250,1,0,0
1426,33424624,23817,0,0,0,0,0,0,0,0,0,0,0,0,636833,1,593958,1,0,0
1427,33571040,23933,0,0,0,0,0,0,0,0,0,0,0,0,617625,1,585375,1,0,0
1428,34966456,23905,0,0,0,0,0,0,0,0,0,0,0,0,633125,1,592583,1,0,0
1429,39030668,23817,0,0,0,0,0,0,0,0,0,0,0,0,701958,1,662167,1,0,0
1430,37679624,23881,0,0,0,0,0,0,0,0,0,0,0,0,652959,1,600458,1,0,0
1431,37091960,23817,0,0,0,0,0,0,0,0,0,0,0,0,624125,1,590208,1,0,0
1432,37476416,23817,0,0,0,0,0,0,0,0,0,0,0,0,665667,1,626291,1,0,0
1433,38399752,24021,0,0,0,0,0,0,0,0,0,0,0,0,1145708,1,1095292,1,0,0
1434,36530792,23817,0,0,0,0,0,0,0,0,0,0,0,0,644125,1,605375,1,0,0
1435,41848208,23817,0,0,0,0,0,0,0,0,0,0,0,0,692750,1,653792,1,0,0
1436,42971040,23881,0,0,0,0,0,0,0,0,0,0,0,0,1192334,1,1123916,1,0,0
1437,53933292,24469,0,0,0,0,0,0,0,0,0,0,0,0,743583,1,698875,1,0,0
1438,66018500,24085,0,0,0,0,0,0,0,0,0,0,0,0,1093917,1,1021958,1,0,0
1439,68298416,23881,0,0,0,0,0,0,0,0,0,0,0,0,1049708,1,977875,1,0,0
1440,74314496,23905,0,0,0,0,0,0,0,0,0,0,0,0,1263042,1,1185542,1,0,0
1441,69823872,23933,0,0,0,0,0,0,0,0,0,0,0,0,1154625,1,1080958,1,0,0
1442,69817544,23817,0,0,0,0,0,0,0,0,0,0,0,0,1153458,1,1074917,1,0,0
1443,65108916,23969,0,0,0,0,0,0,0,0,0,0,0,0,1260459,1,1171083,1,0,0
1444,55689416,23869,0,0,0,0,0,0,0,0,0,0,0,0,926084,1,865208,1,0,0
1445,52761208,24445,0,0,0,0,0,0,0,0,0,0,0,0,1237833,1,1170625,1,0,0
1446,45039708,24121,0,0,0,0,0,0,0,0,0,0,0,0,785333,1,735250,1,0,0
1447,47366292,23817,0,0,0,0,0,0,0,0,0,0,0,0,737167,1,693833,1,0,0
1448,47521000,23933,0,0,0,0,0,0,0,0,0,0,0,0,745541,1,697958,1,0,0
1449,50815376,23817,0,0,0,0,0,0,0,0,0,0,0,0,778375,1,732292,1,0,0
1450,48723916,23905,0,0,0,0,0,0,0,0,0,0,0,0,791041,1,739666,1,0,0
1451,47773544,23881,0,0,0,0,0,0,0,0,0,0,0,0,777750,1,734208,1,0,0
1452,48673584,23817,0,0,0,0,0,0,0,0,0,0,0,0,763959,1,702333,1,0,0
1453,53485584,23869,0,0,0,0,0,0,0,0,0,0,0,0,1003792,1,948333,1,0,0
1454,52334292,23969,0,0,0,0,0,0,0,0,0,0,0,0,897333,1,838042,1,0,0
1455,49034916,24381,0,0,0,0,0,0,0,0,0,0,0,0,841125,1,791459,1,0,0
1456,44110376,24097,0,0,0,0,0,0,0,0,0,0,0,0,788458,1,733167,1,0,0
1457,42088084,23817,0,0,0,0,0,0,0,0,0,0,0,0,756792,1,713209,1,0,0
1458,38825460,23957,0,0,0,0,0,0,0,0,0,0,0,0,717250,1,667959,1,0,0
1459,41134624,23881,0,0,0,0,0,0,0,0,0,0,0,0,751333,1,703500,1,0,0
1460,33760708,23817,0,0,0,0,0,0,0,0,0,0,0,0,609750,1,567500,1,0,0
1461,33417792,23817,0,0,0,0,0,0,0,0,0,0,0,0,607917,1,566417,1,0,0
1462,33729500,23881,0,0,0,0,0,0,0,0,0,0,0,0,608000,1,566084,1,0,0
1463,33937292,23905,0,0,0,0,0,0,0,0,0,0,0,0,624917,1,590958,1,0,0
1464,33608332,23869,0,0,0,0,0,0,0,0,0,0,0,0,631916,1,594291,1,0,0
1465,33651084,23881,0,0,0,0,0,0,0,0,0,0,0,0,603375,1,569291,1,0,0
1466,33663832,23817,0,0,0,0,0,0,0,0,0,0,0,0,640250,1,600709,1,0,0
1467,32806500,23817,0,0,0,0,0,0,0,0,0,0,0,0,627583,1,594542,1,0,0
1468,30376208,23969,0,0,0,0,0,0,0,0,0,0,0,0,601417,1,567916,1,0,0
1469,30808876,24381,0,0,0,0,0,0,0,0,0,0,0,0,559667,1,529500,1,0,0
1470,30619000,24033,0,0,0,0,0,0,0,0,0,0,0,0,601708,1,567709,1,0,0
1471,30225584,23869,0,0,0,0,0,0,0,0,0,0,0,0,550000,1,520500,1,0,0
1472,30359750,23881,0,0,0,0,0,0,0,0,0,0,0,0,598625,1,565125,1,0,0
1473,30271916,23905,0,0,0,0,0,0,0,0,0,0,0,0,572500,1,542375,1,0,0
1474,34404832,23817,0,0,0,0,0,0,0,0,0,0,0,0,676666,1,634291,1,0,0
1475,34291584,23817,0,0,0,0,0,0,0,0,0,0,0,0,593416,1,563667,1,0,0
1476,35770376,23881,0,0,0,0,0,0,0,0,0,0,0,0,609292,1,571500,1,0,0
1477,35296624,23817,0,0,0,0,0,0,0,0,0,0,0,0,689000,1,653250,1,0,0
1478,35764336,23957,0,0,0,0,0,0,0,0,0,0,0,0,658958,1,618750,1,0,0
1479,35484168,23881,0,0,0,0,0,0,0,0,0,0,0,0,895125,1,854917,1,0,0
1480,35962832,23817,0,0,0,0,0,0,0,0,0,0,0,0,614791,1,576167,1,0,0
1481,36206708,23817,0,0,0,0,0,0,0,0,0,0,0,0,804542,1,763417,1,0,0
1482,37698584,23881,0,0,0,0,0,0,0,0,0,0,0,0,859916,1,820625,1,0,0
1483,42813208,24469,0,0,0,0,0,0,0,0,0,0,0,0,701500,1,662125,1,0,0
1484,50093540,24085,0,0,0,0,0,0,0,0,0,0,0,0,780500,1,732000,1,0,0
1485,62578040,23881,0,0,0,0,0,0,0,0,0,0,0,0,854625,1,805500,1,0,0
1486,67710288,23905,0,0,0,0,0,0,0,0,0,0,0,0,1030792,1,960500,1,0,0
1487,74599584,23881,0,0,0,0,0,0,0,0,0,0,0,0,1095458,1,1030041,1,0,0
1488,68238544,23869,0,0,0,0,0,0,0,0,0,0,0,0,1127833,1,1053541,1,0,0
1489,69282920,23969,0,0,0,0,0,0,0,0,0,0,0,0,1478167,1,1385667,1,0,0
1490,58660584,23817,0,0,0,0,0,0,0,0,0,0,0,0,1519333,1,1403709,1,0,0
1491,55555752,24445,0,0,0,0,0,0,0,0,0,0,0,0,891959,1,839708,1,0,0
1492,46593792,24173,0,0,0,0,0,0,0,0,0,0,0,0,1045000,1,941750,1,0,0
1493,50812624,23881,0,0,0,0,0,0,0,0,0,0,0,0,766458,1,722333,1,0,0
1494,53184876,23817,0,0,0,0,0,0,0,0,0,0,0,0,960083,1,741708,1,0,0
1495,60025916,23969,0,0,0,0,0,0,0,0,0,0,0,0,950541,1,893250,1,0,0
1496,51048292,23869,0,0,0,0,0,0,0,0,0,0,0,0,808625,1,757833,1,0,0
1497,53954916,23881,0,0,0,0,0,0,0,0,0,0,0,0,906000,1,850208,1,0,0
1498,52936624,23905,0,0,0,0,0,0,0,0,0,0,0,0,976416,1,881000,1,0,0
1499,56848124,23881,0,0,0,0,0,0,0,0,0,0,0,0,1194333,1,1128791,1,0,0
1500,53872000,23869,0,0,0,0,0,0,0,0,0,0,0,0,875584,1,818416,1,0,0
1501,55287208,24533,0,0,0,0,0,0,0,0,0,0,0,0,878167,1,827125,1,0,0
1502,56856416,24033,0,0,0,0,0,0,0,0,0,0,0,0,1466000,1,1396917,1,0,0
1503,55886248,23881,0,0,0,0,0,0,0,0,0,0,0,0,863459,1,813542,1,0,0
1504,56867084,23957,0,0,0,0,0,0,0,0,0,0,0,0,1108209,1,1014750,1,0,0
1505,48098792,23881,0,0,0,0,0,0,0,0,0,0,0,0,1034666,1,969834,1,0,0
1506,44162000,23817,0,0,0,0,0,0,0,0,0,0,0,0,752917,1,701917,1,0,0
1507,40112792,23817,0,0,0,0,0,0,0,0,0,0,0,0,788500,1,742417,1,0,0
1508,38174124,23969,0,0,0,0,0,0,0,0,0,0,0,0,762416,1,705375,1,0,0
1509,37403876,23869,0,0,0,0,0,0,0,0,0,0,0,0,670125,1,632250,1,0,0
1510,35039000,23817,0,0,0,0,0,0,0,0,0,0,0,0,681167,1,630458,1,0,0
1511,36436544,23881,0,0,0,0,0,0,0,0,0,0,0,0,613125,1,579250,1,0,0
1512,36051500,24381,0,0,0,0,0,0,0,0,0,0,0,0,687334,1,646791,1,0,0
1513,35122624,24121,0,0,0,0,0,0,0,0,0,0,0,0,629458,1,580209,1,0,0
1514,34990876,23881,0,0,0,0,0,0,0,0,0,0,0,0,813500,1,752000,1,0,0
1515,37895040,23869,0,0,0,0,0,0,0,0,0,0,0,0,1603375,1,1443208,1,0,0
1516,44607500,23817,0,0,0,0,0,0,0,0,0,0,0,0,1413417,1,1285875,1,0,0
1517,41309500,23969,0,0,0,0,0,0,0,0,0,0,0,0,674959,1,619209,1,0,0
1518,45804500,23817,0,0,0,0,0,0,0,0,0,0,0,0,785750,1,719334,1,0,0
1519,48301248,23817,0,0,0,0,0,0,0,0,0,0,0,0,780709,1,717458,1,0,0
1520,53100668,23933,0,0,0,0,0,0,0,0,0,0,0,0,926625,1,849500,1,0,0
1521,54440664,23905,0,0,0,0,0,0,0,0,0,0,0,0,881625,1,807000,1,0,0
1522,56432792,24083,0,0,0,0,0,0,0,0,0,0,0,0,932625,1,853541,1,0,0
1523,67888040,24381,0,0,0,0,0,0,0,0,0,0,0,0,1454542,1,1328166,1,0,0
1524,69775336,24237,0,0,0,0,0,0,0,0,0,0,0,0,1085167,1,987375,1,0,0
1525,57508832,23817,0,0,0,0,0,0,0,0,0,0,0,0,1126125,1,1040709,1,0,0
1526,60864292,23881,0,0,0,0,0,0,0,0,0,0,0,0,1089166,1,923584,1,0,0
1527,55611500,23905,0,0,0,0,0,0,0,0,0,0,0,0,1141708,1,1057042,1,0,0
1528,56453960,23933,0,0,0,0,0,0,0,0,0,0,0,0,1123667,1,981959,1,0,0
1529,54896168,23817,0,0,0,0,0,0,0,0,0,0,0,0,1064750,1,971083,1,0,0
1530,50205500,23969,0,0,0,0,0,0,0,0,0,0,0,0,894084,1,817125,1,0,0
1531,48589248,24381,0,0,0,0,0,0,0,0,0,0,0,0,737959,1,677542,1,0,0
1532,49679208,24383,0,0,0,0,0,0,0,0,0,0,0,0,778583,1,708000,1,0,0
1533,52200376,23881,0,0,0,0,0,0,0,0,0,0,0,0,907834,1,840375,1,0,0
1534,50869792,23905,0,0,0,0,0,0,0,0,0,0,0,0,801917,1,734458,1,0,0
1535,55873456,23881,0,0,0,0,0,0,0,0,0,0,0,0,1180834,1,1055167,1,0,0
1536,52468168,23869,0,0,0,0,0,0,0,0,0,0,0,0,1228917,1,1130625,1,0,0
1537,49764500,23969,0,0,0,0,0,0,0,0,0,0,0,0,780958,1,723500,1,0,0
1538,46259124,23817,0,0,0,0,0,0,0,0,0,0,0,0,1027334,1,961625,1,0,0
1539,48284624,23817,0,0,0,0,0,0,0,0,0,0,0,0,791709,1,730916,1,0,0
1540,49114916,23881,0,0,0,0,0,0,0,0,0,0,0,0,780833,1,702333,1,0,0
1541,51252248,24521,0,0,0,0,0,0,0,0,0,0,0,0,875208,1,804125,1,0,0
1542,47997752,24097,0,0,0,0,0,0,0,0,0,0,0,0,791292,1,722708,1,0,0
1543,44160084,23817,0,0,0,0,0,0,0,0,0,0,0,0,764292,1,698958,1,0,0
1544,44606124,23817,0,0,0,0,0,0,0,0,0,0,0,0,752542,1,683833,1,0,0
1545,50014336,23969,0,0,0,0,0,0,0,0,0,0,0,0,861166,1,790709,1,0,0
1546,41313292,23869,0,0,0,0,0,0,0,0,0,0,0,0,781958,1,667000,1,0,0
1547,41001960,23817,0,0,0,0,0,0,0,0,0,0,0,0,724916,1,669625,1,0,0
1548,40347084,23881,0,0,0,0,0,0,0,0,0,0,0,0,747417,1,649083,1,0,0
1549,40826168,23905,0,0,0,0,0,0,0,0,0,0,0,0,720125,1,662209,1,0,0
1550,39012916,23817,0,0,0,0,0,0,0,0,0,0,0,0,686250,1,626792,1,0,0
1551,39039000,23933,0,0,0,0,0,0,0,0,0,0,0,0,712041,1,660542,1,0,0
1552,41648124,23817,0,0,0,0,0,0,0,0,0,0,0,0,731333,1,654916,1,0,0
1553,47044624,24469,0,0,0,0,0,0,0,0,0,0,0,0,1165625,1,1100666,1,0,0
1554,47319376,24097,0,0,0,0,0,0,0,0,0,0,0,0,1060708,1,967000,1,0,0
1555,53434000,23817,0,0,0,0,0,0,0,0,0,0,0,0,782125,1,723000,1,0,0
1556,56808084,23933,0,0,0,0,0,0,0,0,0,0,0,0,1122666,1,973375,1,0,0
1557,64027292,23905,0,0,0,0,0,0,0,0,0,0,0,0,944333,1,864375,1,0,0
1558,66533664,23881,0,0,0,0,0,0,0,0,0,0,0,0,1073583,1,963583,1,0,0
1559,58197124,23817,0,0,0,0,0,0,0,0,0,0,0,0,1035666,1,947042,1,0,0
1560,54928668,24021,0,0,0,0,0,0,0,0,0,0,0,0,918125,1,836458,1,0,0
1561,51778040,23817,0,0,0,0,0,0,0,0,0,0,0,0,984042,1,905750,1,0,0
1562,45954876,24445,0,0,0,0,0,0,0,0,0,0,0,0,1202042,1,1094958,1,0,0
1563,47091000,24121,0,0,0,0,0,0,0,0,0,0,0,0,776417,1,714250,1,0,0
1564,47640832,23817,0,0,0,0,0,0,0,0,0,0,0,0,826541,1,741834,1,0,0
1565,45358916,23933,0,0,0,0,0,0,0,0,0,0,0,0,754375,1,693125,1,0,0
1566,48361040,23817,0,0,0,0,0,0,0,0,0,0,0,0,836000,1,762291,1,0,0
1567,45768376,23905,0,0,0,0,0,0,0,0,0,0,0,0,1237084,1,1132708,1,0,0
1568,45718668,23881,0,0,0,0,0,0,0,0,0,0,0,0,771583,1,702542,1,0,0
1569,46931792,23817,0,0,0,0,0,0,0,0,0,0,0,0,759000,1,696542,1,0,0
1570,46433584,23869,0,0,0,0,0,0,0,0,0,0,0,0,775542,1,702917,1,0,0
1571,46701500,23969,0,0,0,0,0,0,0,0,0,0,0,0,782583,1,719375,1,0,0
1572,44795456,23817,0,0,0,0,0,0,0,0,0,0,0,0,789291,1,717125,1,0,0
1573,47269752,24381,0,0,0,0,0,0,0,0,0,0,0,0,772875,1,731375,1,0,0
1574,47977416,24097,0,0,0,0,0,0,0,0,0,0,0,0,782750,1,735208,1,0,0
1575,47300336,23957,0,0,0,0,0,0,0,0,0,0,0,0,736375,1,692750,1,0,0
1576,52195416,23817,0,0,0,0,0,0,0,0,0,0,0,0,864083,1,810291,1,0,0
1577,43452584,23881,0,0,0,0,0,0,0,0,0,0,0,0,745125,1,703500,1,0,0
1578,43546292,23817,0,0,0,0,0,0,0,0,0,0,0,0,729084,1,681917,1,0,0
1579,41914000,23905,0,0,0,0,0,0,0,0,0,0,0,0,752875,1,711083,1,0,0
1580,37928208,23933,0,0,0,0,0,0,0,0,0,0,0,0,739041,1,698458,1,0,0
1581,37809084,23817,0,0,0,0,0,0,0,0,0,0,0,0,677709,1,641333,1,0,0
1582,34569916,23817,0,0,0,0,0,0,0,0,0,0,0,0,655959,1,615042,1,0,0
1583,33583624,23969,0,0,0,0,0,0,0,0,0,0,0,0,596750,1,564417,1,0,0
1584,33799376,23817,0,0,0,0,0,0,0,0,0,0,0,0,641042,1,600833,1,0,0
1585,35438708,24381,0,0,0,0,0,0,0,0,0,0,0,0,599708,1,567125,1,0,0
1586,36320456,24149,0,0,0,0,0,0,0,0,0,0,0,0,792083,1,731958,1,0,0
1587,35355544,23817,0,0,0,0,0,0,0,0,0,0,0,0,625583,1,593291,1,0,0
1588,35177624,23905,0,0,0,0,0,0,0,0,0,0,0,0,848667,1,810375,1,0,0
1589,42171040,23881,0,0,0,0,0,0,0,0,0,0,0,0,702208,1,665333,1,0,0
1590,37618960,23817,0,0,0,0,0,0,0,0,0,0,0,0,655625,1,614833,1,0,0
1591,39699292,23817,0,0,0,0,0,0,0,0,0,0,0,0,621083,1,580708,1,0,0
1592,42430084,24021,0,0,0,0,0,0,0,0,0,0,0,0,676208,1,634334,1,0,0
1593,48605084,23817,0,0,0,0,0,0,0,0,0,0,0,0,1213750,1,1162625,1,0,0
1594,58611544,23817,0,0,0,0,0,0,0,0,0,0,0,0,1003416,1,946666,1,0,0
1595,66142460,23969,0,0,0,0,0,0,0,0,0,0,0,0,1043958,1,982750,1,0,0
1596,67529624,24433,0,0,0,0,0,0,0,0,0,0,0,0,1038209,1,968625,1,0,0
1597,65119460,24097,0,0,0,0,0,0,0,0,0,0,0,0,1116458,1,1050208,1,0,0
1598,57756752,23905,0,0,0,0,0,0,0,0,0,0,0,0,1059375,1,988542,1,0,0
1599,62344584,23881,0,0,0,0,0,0,0,0,0,0,0,0,1205084,1,1147125,1,0,0
1600,56151500,23869,0,0,0,0,0,0,0,0,0,0,0,0,935750,1,860666,1,0,0
1601,54504584,23969,0,0,0,0,0,0,0,0,0,0,0,0,1336416,1,1270208,1,0,0
1602,54922124,23817,0,0,0,0,0,0,0,0,0,0,0,0,1139750,1,1065041,1,0,0
1603,52351584,23881,0,0,0,0,0,0,0,0,0,0,0,0,808125,1,764916,1,0,0
1604,47747584,23957,0,0,0,0,0,0,0,0,0,0,0,0,834500,1,780500,1,0,0
1605,50387544,24445,0,0,0,0,0,0,0,0,0,0,0,0,783250,1,740584,1,0,0
1606,52974040,24033,0,0,0,0,0,0,0,0,0,0,0,0,740916,1,692166,1,0,0
1607,55324960,23969,0,0,0,0,0,0,0,0,0,0,0,0,894375,1,843333,1,0,0
1608,60328876,23869,0,0,0,0,0,0,0,0,0,0,0,0,970834,1,908375,1,0,0
1609,57193584,23881,0,0,0,0,0,0,0,0,0,0,0,0,877125,1,826292,1,0,0
1610,52692960,23905,0,0,0,0,0,0,0,0,0,0,0,0,1303625,1,1215583,1,0,0
1611,52652248,23881,0,0,0,0,0,0,0,0,0,0,0,0,861333,1,810250,1,0,0
1612,46271000,23869,0,0,0,0,0,0,0,0,0,0,0,0,907042,1,845875,1,0,0
1613,42440124,23905,0,0,0,0,0,0,0,0,0,0,0,0,785500,1,743292,1,0,0
1614,38485792,23881,0,0,0,0,0,0,0,0,0,0,0,0,680916,1,630250,1,0,0
1615,34750000,24381,0,0,0,0,0,0,0,0,0,0,0,0,725125,1,688000,1,0,0
1616,33576124,24033,0,0,0,0,0,0,0,0,0,0,0,0,663042,1,614125,1,0,0
1617,33549208,23969,0,0,0,0,0,0,0,0,0,0,0,0,638875,1,605250,1,0,0
1618,33386542,23869,0,0,0,0,0,0,0,0,0,0,0,0,749041,1,708167,1,0,0
1619,36492960,23817,0,0,0,0,0,0,0,0,0,0,0,0,722000,1,685083,1,0,0
1620,34768668,23881,0,0,0,0,0,0,0,0,0,0,0,0,662000,1,618083,1,0,0
1621,33643752,23817,0,0,0,0,0,0,0,0,0,0,0,0,615083,1,579583,1,0,0
1622,33868708,23905,0,0,0,0,0,0,0,0,0,0,0,0,620750,1,580334,1,0,0
1623,32442624,23881,0,0,0,0,0,0,0,0,0,0,0,0,633250,1,598417,1,0,0
1624,30409416,23869,0,0,0,0,0,0,0,0,0,0,0,0,568333,1,530084,1,0,0
1625,30166542,23817,0,0,0,0,0,0,0,0,0,0,0,0,561666,1,530208,1,0,0
1626,32694334,23817,0,0,0,0,0,0,0,0,0,0,0,0,651125,1,610917,1,0,0
1627,33376458,23969,0,0,0,0,0,0,0,0,0,0,0,0,610750,1,580542,1,0,0
1628,33760332,23817,0,0,0,0,0,0,0,0,0,0,0,0,626625,1,557875,1,0,0
1629,35815376,23817,0,0,0,0,0,0,0,0,0,0,0,0,607375,1,572083,1,0,0
1630,39700540,24661,0,0,0,0,0,0,0,0,0,0,0,0,695000,1,636791,1,0,0
1631,36461832,23869,0,0,0,0,0,0,0,0,0,0,0,0,638584,1,597792,1,0,0
1632,36093168,23905,0,0,0,0,0,0,0,0,0,0,0,0,621541,1,581959,1,0,0
1633,35466168,23881,0,0,0,0,0,0,0,0,0,0,0,0,713125,1,670292,1,0,0
1634,42924708,23817,0,0,0,0,0,0,0,0,0,0,0,0,1180917,1,1118833,1,0,0
1635,46815124,23817,0,0,0,0,0,0,0,0,0,0,0,0,699000,1,660708,1,0,0
1636,56471668,23969,0,0,0,0,0,0,0,0,0,0,0,0,836041,1,778833,1,0,0
1637,66715664,23869,0,0,0,0,0,0,0,0,0,0,0,0,1082625,1,1018958,1,0,0
1638,72420832,23881,0,0,0,0,0,0,0,0,0,0,0,0,1213042,1,1125250,1,0,0
1639,69421416,23905,0,0,0,0,0,0,0,0,0,0,0,0,1199541,1,1135625,1,0,0
1640,68114000,24497,0,0,0,0,0,0,0,0,0,0,0,0,1080791,1,1007542,1,0,0
1641,64602376,24033,0,0,0,0,0,0,0,0,0,0,0,0,1141084,1,1075666,1,0,0
1642,59138792,23969,0,0,0,0,0,0,0,0,0,0,0,0,1057708,1,988917,1,0,0
1643,47302248,23817,0,0,0,0,0,0,0,0,0,0,0,0,814750,1,770375,1,0,0
1644,47485624,23933,0,0,0,0,0,0,0,0,0,0,0,0,786250,1,737666,1,0,0
1645,47414664,23905,0,0,0,0,0,0,0,0,0,0,0,0,742792,1,699959,1,0,0
1646,45330292,23817,0,0,0,0,0,0,0,0,0,0,0,0,773917,1,723375,1,0,0
1647,47191248,23881,0,0,0,0,0,0,0,0,0,0,0,0,1107708,1,1054209,1,0,0
1648,46910832,23817,0,0,0,0,0,0,0,0,0,0,0,0,823541,1,772875,1,0,0
1649,47915668,24521,0,0,0,0,0,0,0,0,0,0,0,0,810125,1,764500,1,0,0
1650,54675124,24097,0,0,0,0,0,0,0,0,0,0,0,0,764708,1,714500,1,0,0
1651,54233832,23817,0,0,0,0,0,0,0,0,0,0,0,0,1183458,1,1123417,1,0,0
1652,71648496,23969,0,0,0,0,0,0,0,0,0,0,0,0,1016541,1,953959,1,0,0
1653,62869708,23869,0,0,0,0,0,0,0,0,0,0,0,0,1075417,1,1003042,1,0,0
1654,53719668,23881,0,0,0,0,0,0,0,0,0,0,0,0,1078959,1,993709,1,0,0
1655,52330584,23905,0,0,0,0,0,0,0,0,0,0,0,0,922125,1,871875,1,0,0
1656,44770708,23881,0,0,0,0,0,0,0,0,0,0,0,0,748459,1,699791,1,0,0
1657,40160500,23869,0,0,0,0,0,0,0,0,0,0,0,0,728000,1,686250,1,0,0
1658,38859960,23817,0,0,0,0,0,0,0,0,0,0,0,0,715334,1,672625,1,0,0
1659,35241664,26653,0,0,0,0,0,0,0,0,0,0,0,0,698625,1,660834,1,0,0
1660,33301042,24033,0,0,0,0,0,0,0,0,0,0,0,0,646250,1,609125,1,0,0
1661,33735124,23817,0,0,0,0,0,0,0,0,0,0,0,0,659959,1,625125,1,0,0
1662,33256250,23881,0,0,0,0,0,0,0,0,0,0,0,0,611458,1,571000,1,0,0
1663,36070960,23869,0,0,0,0,0,0,0,0,0,0,0,0,647958,1,614875,1,0,0
1664,33560208,23905,0,0,0,0,0,0,0,0,0,0,0,0,632000,1,595500,1,0,0
1665,33639584,23881,0,0,0,0,0,0,0,0,0,0,0,0,622208,1,589000,1,0,0
1666,33863208,23817,0,0,0,0,0,0,0,0,0,0,0,0,602291,1,562375,1,0,0
1667,30647750,23817,0,0,0,0,0,0,0,0,0,0,0,0,590417,1,558958,1,0,0
1668,31658000,23817,0,0,0,0,0,0,0,0,0,0,0,0,593750,1,559208,1,0,0
1669,31371668,23969,0,0,0,0,0,0,0,0,0,0,0,0,652000,1,614708,1,0,0
1670,32416292,23869,0,0,0,0,0,0,0,0,0,0,0,0,686083,1,640500,1,0,0
1671,32678960,23817,0,0,0,0,0,0,0,0,0,0,0,0,632584,1,599250,1,0,0
1672,34915500,23817,0,0,0,0,0,0,0,0,0,0,0,0,624292,1,576000,1,0,0
1673,36069456,23881,0,0,0,0,0,0,0,0,0,0,0,0,658542,1,625000,1,0,0
1674,35216916,24469,0,0,0,0,0,0,0,0,0,0,0,0,758042,1,715958,1,0,0
1675,37240168,24033,0,0,0,0,0,0,0,0,0,0,0,0,637458,1,592375,1,0,0
1676,38731040,23933,0,0,0,0,0,0,0,0,0,0,0,0,837333,1,798625,1,0,0
1677,38684916,23817,0,0,0,0,0,0,0,0,0,0,0,0,656917,1,616125,1,0,0
1678,47436500,23817,0,0,0,0,0,0,0,0,0,0,0,0,929208,1,870875,1,0,0
1679,54219540,23969,0,0,0,0,0,0,0,0,0,0,0,0,894125,1,842541,1,0,0
1680,66313544,23289,0,0,0,0,0,0,0,0,0,0,0,0,1181250,1,1119166,1,0,0
1681,68103752,23405,0,0,0,0,0,0,0,0,0,0,0,0,951542,1,887917,1,0,0
1682,77885960,26827,0,0,0,0,0,0,0,0,0,0,0,0,1003917,1,947625,1,0,0
1683,71804664,26595,0,0,0,0,0,0,0,0,0,0,0,0,1555750,1,1412792,1,0,0
1684,64617960,23645,0,0,0,0,0,0,0,0,0,0,0,0,937125,1,874458,1,0,0
1685,56240208,23353,0,0,0,0,0,0,0,0,0,0,0,0,946208,1,891125,1,0,0
1686,57431832,23289,0,0,0,0,0,0,0,0,0,0,0,0,862584,1,815250,1,0,0
1687,48879208,23441,0,0,0,0,0,0,0,0,0,0,0,0,1002625,1,948125,1,0,0
1688,45924248,23341,0,0,0,0,0,0,0,0,0,0,0,0,761125,1,717792,1,0,0
1689,45071124,23289,0,0,0,0,0,0,0,0,0,0,0,0,735458,1,696792,1,0,0
1690,46044336,23353,0,0,0,0,0,0,0,0,0,0,0,0,697792,1,649625,1,0,0
1691,43688292,23377,0,0,0,0,0,0,0,0,0,0,0,0,691292,1,652750,1,0,0
1692,46092500,23289,0,0,0,0,0,0,0,0,0,0,0,0,638208,1,601792,1,0,0
1693,47566832,23969,0,0,0,0,0,0,0,0,0,0,0,0,685167,1,641125,1,0,0
1694,47506876,23505,0,0,0,0,0,0,0,0,0,0,0,0,710792,1,673667,1,0,0
1695,48132376,23377,0,0,0,0,0,0,0,0,0,0,0,0,915291,1,868584,1,0,0
1696,51957208,23353,0,0,0,0,0,0,0,0,0,0,0,0,764375,1,708625,1,0,0
1697,54483208,23289,0,0,0,0,0,0,0,0,0,0,0,0,1066583,1,1014750,1,0,0
1698,53432752,23493,0,0,0,0,0,0,0,0,0,0,0,0,804666,1,759750,1,0,0
1699,48967664,23289,0,0,0,0,0,0,0,0,0,0,0,0,848209,1,791250,1,0,0
1700,43637960,23353,0,0,0,0,0,0,0,0,0,0,0,0,676333,1,639667,1,0,0
1701,41417708,23289,0,0,0,0,0,0,0,0,0,0,0,0,697583,1,660292,1,0,0
1702,37966876,23377,0,0,0,0,0,0,0,0,0,0,0,0,617083,1,577709,1,0,0
1703,37360000,23405,0,0,0,0,0,0,0,0,0,0,0,0,687208,1,653959,1,0,0
1704,32840750,23853,0,0,0,0,0,0,0,0,0,0,0,0,560917,1,531333,1,0,0
1705,33584540,23505,0,0,0,0,0,0,0,0,0,0,0,0,559375,1,524291,1,0,0
1706,33524208,23353,0,0,0,0,0,0,0,0,0,0,0,0,561875,1,531292,1,0,0
1707,33535458,23377,0,0,0,0,0,0,0,0,0,0,0,0,603625,1,568500,1,0,0
1708,37559624,23289,0,0,0,0,0,0,0,0,0,0,0,0,707000,1,671917,1,0,0
1709,37418208,23405,0,0,0,0,0,0,0,0,0,0,0,0,590666,1,560500,1,0,0
1710,36727168,23289,0,0,0,0,0,0,0,0,0,0,0,0,589959,1,561083,1,0,0
1711,35039376,23289,0,0,0,0,0,0,0,0,0,0,0,0,645792,1,600708,1,0,0
1712,35721168,23441,0,0,0,0,0,0,0,0,0,0,0,0,823875,1,795500,1,0,0
1713,35040876,23289,0,0,0,0,0,0,0,0,0,0,0,0,743375,1,711291,1,0,0
1714,36549916,23289,0,0,0,0,0,0,0,0,0,0,0,0,668167,1,622708,1,0,0
1715,37103916,23405,0,0,0,0,0,0,0,0,0,0,0,0,632625,1,599250,1,0,0
1716,36014668,23289,0,0,0,0,0,0,0,0,0,0,0,0,583792,1,554750,1,0,0
1717,37786168,23377,0,0,0,0,0,0,0,0,0,0,0,0,880709,1,823417,1,0,0
1718,41025916,23917,0,0,0,0,0,0,0,0,0,0,0,0,837833,1,803125,1,0,0
1719,48325876,23505,0,0,0,0,0,0,0,0,0,0,0,0,686458,1,649833,1,0,0
1720,60990624,23341,0,0,0,0,0,0,0,0,0,0,0,0,829584,1,771333,1,0,0
1721,74793000,23441,0,0,0,0,0,0,0,0,0,0,0,0,1048125,1,985542,1,0,0
1722,71090208,23289,0,0,0,0,0,0,0,0,0,0,0,0,985708,1,933208,1,0,0
1723,71902128,23405,0,0,0,0,0,0,0,0,0,0,0,0,1162334,1,1101917,1,0,0
1724,68807664,23377,0,0,0,0,0,0,0,0,0,0,0,0,1170000,1,1115667,1,0,0
1725,56697544,23353,0,0,0,0,0,0,0,0,0,0,0,0,848792,1,804417,1,0,0
1726,53309416,23853,0,0,0,0,0,0,0,0,0,0,0,0,889541,1,833125,1,0,0
1727,48297708,23709,0,0,0,0,0,0,0,0,0,0,0,0,1097375,1,1054834,1,0,0
1728,44763000,23289,0,0,0,0,0,0,0,0,0,0,0,0,800667,1,762458,1,0,0
1729,49945960,23289,0,0,0,0,0,0,0,0,0,0,0,0,682625,1,639541,1,0,0
1730,47061832,23353,0,0,0,0,0,0,0,0,0,0,0,0,763750,1,725542,1,0,0
1731,47823124,23377,0,0,0,0,0,0,0,0,0,0,0,0,687625,1,648959,1,0,0
1732,45189876,23341,0,0,0,0,0,0,0,0,0,0,0,0,690875,1,638250,1,0,0
1733,46667960,23353,0,0,0,0,0,0,0,0,0,0,0,0,913792,1,876583,1,0,0
1734,45433208,23289,0,0,0,0,0,0,0,0,0,0,0,0,686875,1,650333,1,0,0
1735,46790292,23377,0,0,0,0,0,0,0,0,0,0,0,0,687083,1,645583,1,0,0
1736,45272832,23917,0,0,0,0,0,0,0,0,0,0,0,0,700375,1,661541,1,0,0
1737,46912792,23557,0,0,0,0,0,0,0,0,0,0,0,0,695083,1,650000,1,0,0
1738,44564332,23289,0,0,0,0,0,0,0,0,0,0,0,0,719459,1,680625,1,0,0
1739,46707084,23441,0,0,0,0,0,0,0,0,0,0,0,0,705375,1,670125,1,0,0
1740,48079500,23289,0,0,0,0,0,0,0,0,0,0,0,0,705416,1,669500,1,0,0
1741,43127124,23289,0,0,0,0,0,0,0,0,0,0,0,0,680542,1,638208,1,0,0
1742,43425876,23405,0,0,0,0,0,0,0,0,0,0,0,0,716166,1,680500,1,0,0
1743,37329584,23377,0,0,0,0,0,0,0,0,0,0,0,0,606083,1,574709,1,0,0
1744,37617332,23289,0,0,0,0,0,0,0,0,0,0,0,0,633375,1,594792,1,0,0
1745,36355708,23353,0,0,0,0,0,0,0,0,0,0,0,0,603250,1,573292,1,0,0
1746,35520332,23289,0,0,0,0,0,0,0,0,0,0,0,0,618916,1,588292,1,0,0
1747,35700500,23289,0,0,0,0,0,0,0,0,0,0,0,0,1357792,1,1291958,1,0,0
1748,36141500,24057,0,0,0,0,0,0,0,0,0,0,0,0,565750,1,532833,1,0,0
1749,36175124,23505,0,0,0,0,0,0,0,0,0,0,0,0,547667,1,519250,1,0,0
1750,40848416,23289,0,0,0,0,0,0,0,0,0,0,0,0,604417,1,570834,1,0,0
1751,41037168,23353,0,0,0,0,0,0,0,0,0,0,0,0,893084,1,846541,1,0,0
1752,43693916,23377,0,0,0,0,0,0,0,0,0,0,0,0,604917,1,571584,1,0,0
1753,50657664,23289,0,0,0,0,0,0,0,0,0,0,0,0,783250,1,735542,1,0,0
1754,54350792,23405,0,0,0,0,0,0,0,0,0,0,0,0,870708,1,822334,1,0,0
1755,59565332,23289,0,0,0,0,0,0,0,0,0,0,0,0,815417,1,772625,1,0,0
1756,68845456,23441,0,0,0,0,0,0,0,0,0,0,0,0,1094375,1,1011375,1,0,0
1757,61739376,23289,0,0,0,0,0,0,0,0,0,0,0,0,992042,1,939334,1,0,0
1758,57048336,23969,0,0,0,0,0,0,0,0,0,0,0,0,799250,1,756625,1,0,0
1759,55595376,23593,0,0,0,0,0,0,0,0,0,0,0,0,797875,1,748000,1,0,0
1760,55291624,23353,0,0,0,0,0,0,0,0,0,0,0,0,856584,1,810708,1,0,0
1761,60022544,23289,0,0,0,0,0,0,0,0,0,0,0,0,895959,1,846208,1,0,0
1762,48049792,23493,0,0,0,0,0,0,0,0,0,0,0,0,758625,1,715125,1,0,0
1763,52438832,23289,0,0,0,0,0,0,0,0,0,0,0,0,791166,1,754125,1,0,0
1764,53704336,23353,0,0,0,0,0,0,0,0,0,0,0,0,804792,1,762416,1,0,0
1765,52568876,23377,0,0,0,0,0,0,0,0,0,0,0,0,786375,1,738333,1,0,0
1766,52889584,23405,0,0,0,0,0,0,0,0,0,0,0,0,794208,1,750292,1,0,0
1767,50444876,23289,0,0,0,0,0,0,0,0,0,0,0,0,1164167,1,1113791,1,0,0
1768,51689376,24005,0,0,0,0,0,0,0,0,0,0,0,0,673292,1,631459,1,0,0
1769,50446960,23505,0,0,0,0,0,0,0,0,0,0,0,0,697709,1,661292,1,0,0
1770,52510248,23405,0,0,0,0,0,0,0,0,0,0,0,0,813208,1,769541,1,0,0
1771,57402084,23377,0,0,0,0,0,0,0,0,0,0,0,0,814417,1,763250,1,0,0
1772,52057040,23353,0,0,0,0,0,0,0,0,0,0,0,0,995750,1,915458,1,0,0
1773,52422124,23289,0,0,0,0,0,0,0,0,0,0,0,0,1072917,1,1016708,1,0,0
1774,52059668,23493,0,0,0,0,0,0,0,0,0,0,0,0,859250,1,811292,1,0,0
1775,51057084,23289,0,0,0,0,0,0,0,0,0,0,0,0,877375,1,829334,1,0,0
1776,47798292,23353,0,0,0,0,0,0,0,0,0,0,0,0,825750,1,783791,1,0,0
1777,43582752,23853,0,0,0,0,0,0,0,0,0,0,0,0,687833,1,644459,1,0,0
1778,43737208,23593,0,0,0,0,0,0,0,0,0,0,0,0,683500,1,647500,1,0,0
1779,41539708,23405,0,0,0,0,0,0,0,0,0,0,0,0,705583,1,669625,1,0,0
1780,37984708,23289,0,0,0,0,0,0,0,0,0,0,0,0,612833,1,574875,1,0,0
1781,39335292,23289,0,0,0,0,0,0,0,0,0,0,0,0,704459,1,671250,1,0,0
1782,33346792,23441,0,0,0,0,0,0,0,0,0,0,0,0,552541,1,524666,1,0,0
1783,33365042,23289,0,0,0,0,0,0,0,0,0,0,0,0,563166,1,528167,1,0,0
1784,33496334,23289,0,0,0,0,0,0,0,0,0,0,0,0,592417,1,563833,1,0,0
1785,33694544,23405,0,0,0,0,0,0,0,0,0,0,0,0,555750,1,527125,1,0,0
1786,33243584,23289,0,0,0,0,0,0,0,0,0,0,0,0,569584,1,534916,1,0,0
1787,33423916,23377,0,0,0,0,0,0,0,0,0,0,0,0,590250,1,562000,1,0,0
1788,33587124,23773,0,0,0,0,0,0,0,0,0,0,0,0,729875,1,696750,1,0,0
1789,33459832,23709,0,0,0,0,0,0,0,0,0,0,0,0,603542,1,572208,1,0,0
1790,33167750,23709,0,0,0,0,0,0,0,0,0,0,0,0,641959,1,604916,1,0,0
1791,30124750,23825,0,0,0,0,0,0,0,0,0,0,0,0,576542,1,548291,1,0,0
1792,34336208,28027,0,0,0,0,0,0,0,0,0,0,0,0,564000,1,522667,1,0,0
1793,30149624,26387,0,0,0,0,0,0,0,0,0,0,0,0,630792,1,601958,1,0,0
1794,29750332,23709,0,0,0,0,0,0,0,0,0,0,0,0,586375,1,552209,1,0,0
1795,30114208,23773,0,0,0,0,0,0,0,0,0,0,0,0,538000,1,511084,1,0,0
1796,30247624,23709,0,0,0,0,0,0,0,0,0,0,0,0,558541,1,526125,1,0,0
1797,33146332,23797,0,0,0,0,0,0,0,0,0,0,0,0,664000,1,630250,1,0,0
1798,30337208,23761,0,0,0,0,0,0,0,0,0,0,0,0,585291,1,553084,1,0,0
1799,34415752,23773,0,0,0,0,0,0,0,0,0,0,0,0,625167,1,596208,1,0,0
1800,35431416,23709,0,0,0,0,0,0,0,0,0,0,0,0,623042,1,584834,1,0,0
1801,933000,0,0,0,0,0,0,0,0,0,0,0,0,0,0,0,0,0,0,0
