frame_index,frame_time_ns,gc_alloc_bytes,tnd_bench_t1_hover_ns,tnd_bench_t1_hover_calls,tnd_bench_t1_reclassify_ns,tnd_bench_t1_reclassify_calls,tnd_bench_t1_hoveredborder_ns,tnd_bench_t1_hoveredborder_calls,tnd_bench_t1_hoveredborderrebuild_ns,tnd_bench_t1_hoveredborderrebuild_calls,tnd_bench_t1_modeenter_ns,tnd_bench_t1_modeenter_calls,tnd_bench_t1_conquerui_ns,tnd_bench_t1_conquerui_calls,tnd_bench_s0_hover_ns,tnd_bench_s0_hover_calls,tnd_bench_s0_rebuild_ns,tnd_bench_s0_rebuild_calls,conquestmodecontroller_update_ns,conquestmodecontroller_update_calls
0,47926624,104155,0,0,0,0,0,0,0,0,0,0,0,0,1136792,1,1076541,1,0,0
1,51427292,209681,0,0,0,0,0,0,0,0,0,0,0,0,791875,1,728541,1,0,0
2,49544040,24033,0,0,0,0,0,0,0,0,0,0,0,0,774833,1,701000,1,0,0
3,54010792,27419,0,0,0,0,0,0,0,0,0,0,0,0,753333,1,683208,1,0,0
4,48557916,26495,0,0,0,0,0,0,0,0,0,0,0,0,1046416,1,963041,1,0,0
5,56616876,23933,0,0,0,0,0,0,0,0,0,0,0,0,915417,1,833208,1,0,0
6,51937544,23905,0,0,0,0,0,0,0,0,0,0,0,0,900334,1,824041,1,0,0
7,49631960,23881,0,0,0,0,0,0,0,0,0,0,0,0,758417,1,694667,1,0,0
8,46695832,23817,0,0,0,0,0,0,0,0,0,0,0,0,761208,1,687458,1,0,0
9,47970624,23869,0,0,0,0,0,0,0,0,0,0,0,0,754708,1,694125,1,0,0
10,48934752,23969,0,0,0,0,0,0,0,0,0,0,0,0,794625,1,726500,1,0,0
11,52452584,24381,0,0,0,0,0,0,0,0,0,0,0,0,855750,1,784834,1,0,0
12,54993248,24097,0,0,0,0,0,0,0,0,0,0,0,0,908208,1,830792,1,0,0
13,55484456,23957,0,0,0,0,0,0,0,0,0,0,0,0,1310083,1,1237292,1,0,0
14,52946124,23881,0,0,0,0,0,0,0,0,0,0,0,0,894833,1,816375,1,0,0
15,55283416,23817,0,0,0,0,0,0,0,0,0,0,0,0,890292,1,810416,1,0,0
16,50180084,23969,0,0,0,0,0,0,0,0,0,0,0,0,899292,1,823583,1,0,0
17,43615752,23869,0,0,0,0,0,0,0,0,0,0,0,0,776000,1,716292,1,0,0
18,40821000,23817,0,0,0,0,0,0,0,0,0,0,0,0,795625,1,720208,1,0,0
19,38475916,23881,0,0,0,0,0,0,0,0,0,0,0,0,717000,1,662500,1,0,0
20,39536168,23905,0,0,0,0,0,0,0,0,0,0,0,0,714875,1,652417,1,0,0
21,38319376,23817,0,0,0,0,0,0,0,0,0,0,0,0,728083,1,668208,1,0,0
22,34472876,24497,0,0,0,0,0,0,0,0,0,0,0,0,611250,1,554917,1,0,0
23,34182416,24033,0,0,0,0,0,0,0,0,0,0,0,0,680666,1,628459,1,0,0
24,34691248,23817,0,0,0,0,0,0,0,0,0,0,0,0,622708,1,560875,1,0,0
25,34649248,23969,0,0,0,0,0,0,0,0,0,0,0,0,738542,1,682667,1,0,0
26,38700376,23817,0,0,0,0,0,0,0,0,0,0,0,0,693291,1,581417,1,0,0
27,44409544,23817,0,0,0,0,0,0,0,0,0,0,0,0,814166,1,745792,1,0,0
28,49014500,23933,0,0,0,0,0,0,0,0,0,0,0,0,805209,1,730458,1,0,0
29,52206084,23905,0,0,0,0,0,0,0,0,0,0,0,0,882416,1,802083,1,0,0
30,52389832,23881,0,0,0,0,0,0,0,0,0,0,0,0,886958,1,793708,1,0,0
31,49561708,23817,0,0,0,0,0,0,0,0,0,0,0,0,881333,1,797750,1,0,0
32,45853456,24021,0,0,0,0,0,0,0,0,0,0,0,0,781625,1,713792,1,0,0
33,44736248,24381,0,0,0,0,0,0,0,0,0,0,0,0,764167,1,696208,1,0,0
34,52871624,24033,0,0,0,0,0,0,0,0,0,0,0,0,941333,1,858292,1,0,0
35,53300624,23881,0,0,0,0,0,0,0,0,0,0,0,0,1063417,1,977416,1,0,0
36,55366916,23905,0,0,0,0,0,0,0,0,0,0,0,0,1403375,1,1272792,1,0,0
37,63741000,23933,0,0,0,0,0,0,0,0,0,0,0,0,876417,1,826042,1,0,0
38,69805168,23817,0,0,0,0,0,0,0,0,0,0,0,0,1237417,1,1163667,1,0,0
39,69063584,23969,0,0,0,0,0,0,0,0,0,0,0,0,1038958,1,976042,1,0,0
40,71532168,23869,0,0,0,0,0,0,0,0,0,0,0,0,1095709,1,1006125,1,0,0
41,67306496,24445,0,0,0,0,0,0,0,0,0,0,0,0,1323167,1,1239250,1,0,0
42,59147624,24121,0,0,0,0,0,0,0,0,0,0,0,0,1524041,1,1432833,1,0,0
43,55668960,23881,0,0,0,0,0,0,0,0,0,0,0,0,929084,1,874417,1,0,0
44,55795208,23869,0,0,0,0,0,0,0,0,0,0,0,0,905000,1,842542,1,0,0
45,64648752,23969,0,0,0,0,0,0,0,0,0,0,0,0,933167,1,880750,1,0,0
46,62966916,23817,0,0,0,0,0,0,0,0,0,0,0,0,888958,1,829958,1,0,0
47,59447876,23881,0,0,0,0,0,0,0,0,0,0,0,0,862875,1,810084,1,0,0
48,57871500,23957,0,0,0,0,0,0,0,0,0,0,0,0,1039208,1,964416,1,0,0
49,61211540,23881,0,0,0,0,0,0,0,0,0,0,0,0,928958,1,875875,1,0,0
50,59951832,24381,0,0,0,0,0,0,0,0,0,0,0,0,1004625,1,939667,1,0,0
51,58142292,24185,0,0,0,0,0,0,0,0,0,0,0,0,1054166,1,991083,1,0,0
52,55794040,23869,0,0,0,0,0,0,0,0,0,0,0,0,851083,1,790708,1,0,0
53,66547832,23881,0,0,0,0,0,0,0,0,0,0,0,0,1402292,1,1348167,1,0,0
54,59142376,23905,0,0,0,0,0,0,0,0,0,0,0,0,1130500,1,1068833,1,0,0
55,52699292,23881,0,0,0,0,0,0,0,0,0,0,0,0,897875,1,847292,1,0,0
56,48006500,23869,0,0,0,0,0,0,0,0,0,0,0,0,864917,1,806000,1,0,0
57,44329208,23969,0,0,0,0,0,0,0,0,0,0,0,0,715583,1,674041,1,0,0
58,40176500,23817,0,0,0,0,0,0,0,0,0,0,0,0,729084,1,678459,1,0,0
59,37870624,24381,0,0,0,0,0,0,0,0,0,0,0,0,655333,1,618584,1,0,0
60,35142624,24097,0,0,0,0,0,0,0,0,0,0,0,0,656833,1,617167,1,0,0
61,33719208,23957,0,0,0,0,0,0,0,0,0,0,0,0,619917,1,582125,1,0,0
62,34114916,23817,0,0,0,0,0,0,0,0,0,0,0,0,611417,1,568042,1,0,0
63,36096832,23881,0,0,0,0,0,0,0,0,0,0,0,0,695958,1,641750,1,0,0
64,36678876,23817,0,0,0,0,0,0,0,0,0,0,0,0,648542,1,608209,1,0,0
65,41891124,23817,0,0,0,0,0,0,0,0,0,0,0,0,698417,1,661541,1,0,0
66,38173336,23969,0,0,0,0,0,0,0,0,0,0,0,0,899792,1,861333,1,0,0
67,36498376,23869,0,0,0,0,0,0,0,0,0,0,0,0,671750,1,624625,1,0,0
68,41037084,23817,0,0,0,0,0,0,0,0,0,0,0,0,1055208,1,996584,1,0,0
69,44248208,23881,0,0,0,0,0,0,0,0,0,0,0,0,669709,1,631208,1,0,0
70,52516084,23905,0,0,0,0,0,0,0,0,0,0,0,0,744792,1,691583,1,0,0
71,61169332,23817,0,0,0,0,0,0,0,0,0,0,0,0,861209,1,809958,1,0,0
72,70142832,24713,0,0,0,0,0,0,0,0,0,0,0,0,1053083,1,981958,1,0,0
73,70508920,23905,0,0,0,0,0,0,0,0,0,0,0,0,1058625,1,994167,1,0,0
74,67912208,23881,0,0,0,0,0,0,0,0,0,0,0,0,1091625,1,1012208,1,0,0
75,74617080,23869,0,0,0,0,0,0,0,0,0,0,0,0,1055959,1,991500,1,0,0
76,68484080,23969,0,0,0,0,0,0,0,0,0,0,0,0,1073750,1,1000292,1,0,0
77,57686708,23817,0,0,0,0,0,0,0,0,0,0,0,0,1128958,1,1067500,1,0,0
78,56502040,23933,0,0,0,0,0,0,0,0,0,0,0,0,1365250,1,1278333,1,0,0
79,47032040,24469,0,0,0,0,0,0,0,0,0,0,0,0,918375,1,855250,1,0,0
80,47645916,24097,0,0,0,0,0,0,0,0,0,0,0,0,721292,1,667042,1,0,0
81,47449916,23817,0,0,0,0,0,0,0,0,0,0,0,0,743708,1,687458,1,0,0
82,48221500,23817,0,0,0,0,0,0,0,0,0,0,0,0,736500,1,686209,1,0,0
83,51206624,24021,0,0,0,0,0,0,0,0,0,0,0,0,1350583,1,1281375,1,0,0
84,55005124,23817,0,0,0,0,0,0,0,0,0,0,0,0,887709,1,819750,1,0,0
85,60284752,34318,0,0,0,0,0,0,0,0,0,0,0,0,932875,1,863959,1,0,0
86,55150584,23905,0,0,0,0,0,0,0,0,0,0,0,0,864041,1,801917,1,0,0
87,56321248,23933,0,0,0,0,0,0,0,0,0,0,0,0,1511125,1,1439167,1,0,0
88,55830124,23817,0,0,0,0,0,0,0,0,0,0,0,0,832459,1,772917,1,0,0
89,55437876,24533,0,0,0,0,0,0,0,0,0,0,0,0,877250,1,825291,1,0,0
90,52441376,24033,0,0,0,0,0,0,0,0,0,0,0,0,892875,1,833750,1,0,0
91,49064624,23933,0,0,0,0,0,0,0,0,0,0,0,0,847666,1,796084,1,0,0
92,43470456,23905,0,0,0,0,0,0,0,0,0,0,0,0,745916,1,691708,1,0,0
93,40879168,23817,0,0,0,0,0,0,0,0,0,0,0,0,709042,1,668666,1,0,0
94,37486500,23881,0,0,0,0,0,0,0,0,0,0,0,0,652875,1,601375,1,0,0
95,34052460,23817,0,0,0,0,0,0,0,0,0,0,0,0,603875,1,568917,1,0,0
96,33984792,23957,0,0,0,0,0,0,0,0,0,0,0,0,618500,1,577792,1,0,0
97,34489040,23881,0,0,0,0,0,0,0,0,0,0,0,0,582958,1,548125,1,0,0
98,33973208,23817,0,0,0,0,0,0,0,0,0,0,0,0,628250,1,587958,1,0,0
99,33768208,23817,0,0,0,0,0,0,0,0,0,0,0,0,594000,1,557875,1,0,0
100,33762752,23881,0,0,0,0,0,0,0,0,0,0,0,0,639292,1,591875,1,0,0
101,33603876,24469,0,0,0,0,0,0,0,0,0,0,0,0,604750,1,567917,1,0,0
102,33564752,24085,0,0,0,0,0,0,0,0,0,0,0,0,587750,1,547083,1,0,0
103,34874040,23881,0,0,0,0,0,0,0,0,0,0,0,0,590125,1,555292,1,0,0
104,35932084,23817,0,0,0,0,0,0,0,0,0,0,0,0,595000,1,555084,1,0,0
105,36933376,23817,0,0,0,0,0,0,0,0,0,0,0,0,607125,1,571334,1,0,0
106,37105916,23969,0,0,0,0,0,0,0,0,0,0,0,0,756958,1,708083,1,0,0
107,39578500,23817,0,0,0,0,0,0,0,0,0,0,0,0,652958,1,613542,1,0,0
108,37939248,23869,0,0,0,0,0,0,0,0,0,0,0,0,801708,1,753709,1,0,0
109,36080208,23881,0,0,0,0,0,0,0,0,0,0,0,0,927375,1,886584,1,0,0
110,35170876,23817,0,0,0,0,0,0,0,0,0,0,0,0,608125,1,563875,1,0,0
111,37373000,23905,0,0,0,0,0,0,0,0,0,0,0,0,778416,1,739958,1,0,0
112,43101584,23881,0,0,0,0,0,0,0,0,0,0,0,0,641125,1,595416,1,0,0
113,53350500,23817,0,0,0,0,0,0,0,0,0,0,0,0,756250,1,710209,1,0,0
114,68649960,24433,0,0,0,0,0,0,0,0,0,0,0,0,1012250,1,936250,1,0,0
115,72653584,24185,0,0,0,0,0,0,0,0,0,0,0,0,1070667,1,1007500,1,0,0
116,71972584,23817,0,0,0,0,0,0,0,0,0,0,0,0,1110000,1,1033583,1,0,0
117,80839456,23933,0,0,0,0,0,0,0,0,0,0,0,0,1147084,1,1081333,1,0,0
118,68985376,23905,0,0,0,0,0,0,0,0,0,0,0,0,1251125,1,1162625,1,0,0
119,59223668,23881,0,0,0,0,0,0,0,0,0,0,0,0,1282584,1,1204917,1,0,0
120,56285960,23869,0,0,0,0,0,0,0,0,0,0,0,0,900209,1,839583,1,0,0
121,52491376,23969,0,0,0,0,0,0,0,0,0,0,0,0,941708,1,893709,1,0,0
122,51776292,24381,0,0,0,0,0,0,0,0,0,0,0,0,1228792,1,1168459,1,0,0
123,56690460,24097,0,0,0,0,0,0,0,0,0,0,0,0,869583,1,818917,1,0,0
124,53887124,23957,0,0,0,0,0,0,0,0,0,0,0,0,985709,1,916667,1,0,0
125,59752292,23881,0,0,0,0,0,0,0,0,0,0,0,0,915667,1,861708,1,0,0
126,55453084,23817,0,0,0,0,0,0,0,0,0,0,0,0,901916,1,842500,1,0,0
127,53080832,23969,0,0,0,0,0,0,0,0,0,0,0,0,1329291,1,1260208,1,0,0
128,50991336,23869,0,0,0,0,0,0,0,0,0,0,0,0,911041,1,849125,1,0,0
129,49178876,23881,0,0,0,0,0,0,0,0,0,0,0,0,743291,1,699500,1,0,0
130,44223456,23905,0,0,0,0,0,0,0,0,0,0,0,0,769000,1,717792,1,0,0
131,44408832,24381,0,0,0,0,0,0,0,0,0,0,0,0,719000,1,674250,1,0,0
132,39776292,24097,0,0,0,0,0,0,0,0,0,0,0,0,773750,1,726375,1,0,0
133,38257248,23869,0,0,0,0,0,0,0,0,0,0,0,0,654416,1,611000,1,0,0
134,38183292,23905,0,0,0,0,0,0,0,0,0,0,0,0,659292,1,613417,1,0,0
135,34786500,23881,0,0,0,0,0,0,0,0,0,0,0,0,581916,1,548209,1,0,0
136,36980040,23817,0,0,0,0,0,0,0,0,0,0,0,0,719208,1,670541,1,0,0
137,34419208,23817,0,0,0,0,0,0,0,0,0,0,0,0,628083,1,592667,1,0,0
138,37024208,23881,0,0,0,0,0,0,0,0,0,0,0,0,604917,1,566125,1,0,0
139,36471668,23957,0,0,0,0,0,0,0,0,0,0,0,0,591416,1,557625,1,0,0
140,36623332,23817,0,0,0,0,0,0,0,0,0,0,0,0,915959,1,864625,1,0,0
141,38221624,23881,0,0,0,0,0,0,0,0,0,0,0,0,879833,1,831000,1,0,0
142,41692708,23817,0,0,0,0,0,0,0,0,0,0,0,0,683125,1,636625,1,0,0
143,43027000,23905,0,0,0,0,0,0,0,0,0,0,0,0,872458,1,821875,1,0,0
144,49128124,23917,0,0,0,0,0,0,0,0,0,0,0,0,751167,1,701083,1,0,0
145,53514084,23557,0,0,0,0,0,0,0,0,0,0,0,0,810792,1,759291,1,0,0
146,59750876,23353,0,0,0,0,0,0,0,0,0,0,0,0,977833,1,923750,1,0,0
147,72113208,26827,0,0,0,0,0,0,0,0,0,0,0,0,921000,1,853250,1,0,0
148,61915084,26031,0,0,0,0,0,0,0,0,0,0,0,0,895292,1,833209,1,0,0
149,53052832,23341,0,0,0,0,0,0,0,0,0,0,0,0,776583,1,716917,1,0,0
150,53644916,23441,0,0,0,0,0,0,0,0,0,0,0,0,772625,1,720333,1,0,0
151,51262500,23289,0,0,0,0,0,0,0,0,0,0,0,0,1036000,1,984250,1,0,0
152,49352876,23353,0,0,0,0,0,0,0,0,0,0,0,0,938542,1,892083,1,0,0
153,47010084,23993,0,0,0,0,0,0,0,0,0,0,0,0,695542,1,654875,1,0,0
154,48309084,23505,0,0,0,0,0,0,0,0,0,0,0,0,700333,1,656041,1,0,0
155,50397500,23353,0,0,0,0,0,0,0,0,0,0,0,0,701500,1,662584,1,0,0
156,47100208,23289,0,0,0,0,0,0,0,0,0,0,0,0,697750,1,660167,1,0,0
157,49543544,23377,0,0,0,0,0,0,0,0,0,0,0,0,737917,1,690625,1,0,0
158,48841668,23405,0,0,0,0,0,0,0,0,0,0,0,0,827625,1,784000,1,0,0
159,48197168,23289,0,0,0,0,0,0,0,0,0,0,0,0,905125,1,863792,1,0,0
160,46508960,23289,0,0,0,0,0,0,0,0,0,0,0,0,1014542,1,956667,1,0,0
161,46990832,23441,0,0,0,0,0,0,0,0,0,0,0,0,713209,1,656875,1,0,0
162,47823208,23289,0,0,0,0,0,0,0,0,0,0,0,0,686084,1,646709,1,0,0
163,44676292,23905,0,0,0,0,0,0,0,0,0,0,0,0,697458,1,653750,1,0,0
164,44558668,23569,0,0,0,0,0,0,0,0,0,0,0,0,690875,1,652458,1,0,0
165,43400208,23377,0,0,0,0,0,0,0,0,0,0,0,0,648625,1,610250,1,0,0
166,42319208,23289,0,0,0,0,0,0,0,0,0,0,0,0,653667,1,608417,1,0,0
167,37327248,23353,0,0,0,0,0,0,0,0,0,0,0,0,681542,1,648625,1,0,0
168,40261544,23341,0,0,0,0,0,0,0,0,0,0,0,0,600834,1,568541,1,0,0
169,37366332,23377,0,0,0,0,0,0,0,0,0,0,0,0,604458,1,563208,1,0,0
170,33548624,23353,0,0,0,0,0,0,0,0,0,0,0,0,530750,1,501709,1,0,0
171,33747792,23289,0,0,0,0,0,0,0,0,0,0,0,0,577958,1,546958,1,0,0
172,33224292,23289,0,0,0,0,0,0,0,0,0,0,0,0,539834,1,499125,1,0,0
173,33783416,23353,0,0,0,0,0,0,0,0,0,0,0,0,551708,1,520125,1,0,0
174,33549168,23429,0,0,0,0,0,0,0,0,0,0,0,0,567959,1,538833,1,0,0
175,33534832,23289,0,0,0,0,0,0,0,0,0,0,0,0,560709,1,527750,1,0,0
176,33640248,23353,0,0,0,0,0,0,0,0,0,0,0,0,519167,1,491125,1,0,0
177,33146292,23853,0,0,0,0,0,0,0,0,0,0,0,0,588084,1,559667,1,0,0
178,33180668,23505,0,0,0,0,0,0,0,0,0,0,0,0,527750,1,490167,1,0,0
179,33339708,23377,0,0,0,0,0,0,0,0,0,0,0,0,580625,1,551792,1,0,0
180,33658876,23405,0,0,0,0,0,0,0,0,0,0,0,0,545416,1,517500,1,0,0
181,33276250,23289,0,0,0,0,0,0,0,0,0,0,0,0,587708,1,554500,1,0,0
182,33461792,23289,0,0,0,0,0,0,0,0,0,0,0,0,571583,1,543166,1,0,0
183,37269624,23353,0,0,0,0,0,0,0,0,0,0,0,0,641041,1,611750,1,0,0
184,33424542,23377,0,0,0,0,0,0,0,0,0,0,0,0,539458,1,503666,1,0,0
185,33361876,23289,0,0,0,0,0,0,0,0,0,0,0,0,569084,1,537833,1,0,0
186,33297500,23405,0,0,0,0,0,0,0,0,0,0,0,0,538166,1,508042,1,0,0
187,33542084,23289,0,0,0,0,0,0,0,0,0,0,0,0,540709,1,503666,1,0,0
188,33761376,23289,0,0,0,0,0,0,0,0,0,0,0,0,537500,1,509833,1,0,0
189,34135960,23441,0,0,0,0,0,0,0,0,0,0,0,0,521792,1,493833,1,0,0
190,33841336,23289,0,0,0,0,0,0,0,0,0,0,0,0,571458,1,534166,1,0,0
191,33508876,23289,0,0,0,0,0,0,0,0,0,0,0,0,543958,1,516291,1,0,0
192,34015668,24219,0,0,0,0,0,0,0,0,0,0,0,0,544667,1,516958,1,0,0
193,35176416,23505,0,0,0,0,0,0,0,0,0,0,0,0,593750,1,558083,1,0,0
194,33861292,23377,0,0,0,0,0,0,0,0,0,0,0,0,549584,1,520750,1,0,0
195,34240544,23353,0,0,0,0,0,0,0,0,0,0,0,0,546917,1,517167,1,0,0
196,33487084,23289,0,0,0,0,0,0,0,0,0,0,0,0,569625,1,531667,1,0,0
197,38230500,23289,0,0,0,0,0,0,0,0,0,0,0,0,634750,1,601292,1,0,0
198,36519084,23405,0,0,0,0,0,0,0,0,0,0,0,0,572583,1,533542,1,0,0
199,36880292,23377,0,0,0,0,0,0,0,0,0,0,0,0,773000,1,733750,1,0,0
200,35682960,23289,0,0,0,0,0,0,0,0,0,0,0,0,556375,1,527375,1,0,0
201,39186124,23353,0,0,0,0,0,0,0,0,0,0,0,0,580042,1,550041,1,0,0
202,43250876,23289,0,0,0,0,0,0,0,0,0,0,0,0,1079208,1,1015375,1,0,0
203,52530876,23377,0,0,0,0,0,0,0,0,0,0,0,0,830750,1,790833,1,0,0
204,63104168,23969,0,0,0,0,0,0,0,0,0,0,0,0,825375,1,773125,1,0,0
205,66643248,24263,0,0,0,0,0,0,0,0,0,0,0,0,964417,1,905666,1,0,0
206,70265752,23441,0,0,0,0,0,0,0,0,0,0,0,0,1018042,1,964375,1,0,0
207,68871832,23341,0,0,0,0,0,0,0,0,0,0,0,0,957542,1,901625,1,0,0
208,76676792,23353,0,0,0,0,0,0,0,0,0,0,0,0,1081583,1,1014708,1,0,0
209,65969416,23377,0,0,0,0,0,0,0,0,0,0,0,0,941042,1,884125,1,0,0
210,54809376,23405,0,0,0,0,0,0,0,0,0,0,0,0,853917,1,808792,1,0,0
211,49213960,23289,0,0,0,0,0,0,0,0,0,0,0,0,749792,1,703167,1,0,0
212,47414416,24005,0,0,0,0,0,0,0,0,0,0,0,0,693334,1,656083,1,0,0
213,46490664,23505,0,0,0,0,0,0,0,0,0,0,0,0,638625,1,603708,1,0,0
214,45908208,23289,0,0,0,0,0,0,0,0,0,0,0,0,828666,1,773792,1,0,0
215,47998792,23405,0,0,0,0,0,0,0,0,0,0,0,0,674792,1,637666,1,0,0
216,45845544,23377,0,0,0,0,0,0,0,0,0,0,0,0,715750,1,679459,1,0,0
217,56697124,23289,0,0,0,0,0,0,0,0,0,0,0,0,1379625,1,1312250,1,0,0
218,55763752,23353,0,0,0,0,0,0,0,0,0,0,0,0,985333,1,941292,1,0,0
219,55982792,23429,0,0,0,0,0,0,0,0,0,0,0,0,863750,1,817291,1,0,0
220,54938000,23353,0,0,0,0,0,0,0,0,0,0,0,0,883500,1,819625,1,0,0
221,52254752,23289,0,0,0,0,0,0,0,0,0,0,0,0,899667,1,851791,1,0,0
222,54766916,24005,0,0,0,0,0,0,0,0,0,0,0,0,862750,1,817959,1,0,0
223,54136584,23557,0,0,0,0,0,0,0,0,0,0,0,0,799917,1,749750,1,0,0
224,52530336,23353,0,0,0,0,0,0,0,0,0,0,0,0,1226750,1,1167042,1,0,0
225,45189248,23377,0,0,0,0,0,0,0,0,0,0,0,0,795667,1,752625,1,0,0
226,46971792,23289,0,0,0,0,0,0,0,0,0,0,0,0,888083,1,839500,1,0,0
227,41856084,23353,0,0,0,0,0,0,0,0,0,0,0,0,642500,1,606292,1,0,0
228,38065752,23341,0,0,0,0,0,0,0,0,0,0,0,0,696792,1,649875,1,0,0
229,37581752,23377,0,0,0,0,0,0,0,0,0,0,0,0,678416,1,642667,1,0,0
230,33861084,23353,0,0,0,0,0,0,0,0,0,0,0,0,583958,1,551292,1,0,0
231,33899084,23289,0,0,0,0,0,0,0,0,0,0,0,0,551834,1,523375,1,0,0
232,34394084,23289,0,0,0,0,0,0,0,0,0,0,0,0,543375,1,506000,1,0,0
233,34248584,23353,0,0,0,0,0,0,0,0,0,0,0,0,534541,1,504334,1,0,0
234,34318456,23993,0,0,0,0,0,0,0,0,0,0,0,0,550500,1,521750,1,0,0
235,34243292,23505,0,0,0,0,0,0,0,0,0,0,0,0,558250,1,522458,1,0,0
236,33395250,23353,0,0,0,0,0,0,0,0,0,0,0,0,538041,1,509834,1,0,0
237,33486500,23289,0,0,0,0,0,0,0,0,0,0,0,0,564875,1,537042,1,0,0
238,33845040,23289,0,0,0,0,0,0,0,0,0,0,0,0,534416,1,494250,1,0,0
239,33504416,23441,0,0,0,0,0,0,0,0,0,0,0,0,590459,1,556958,1,0,0
240,36642376,23341,0,0,0,0,0,0,0,0,0,0,0,0,688541,1,656083,1,0,0
241,33397500,23289,0,0,0,0,0,0,0,0,0,0,0,0,552500,1,520833,1,0,0
242,31603124,23353,0,0,0,0,0,0,0,0,0,0,0,0,497375,1,471333,1,0,0
243,30479168,23289,0,0,0,0,0,0,0,0,0,0,0,0,565416,1,537792,1,0,0
244,30122084,23377,0,0,0,0,0,0,0,0,0,0,0,0,507125,1,474166,1,0,0
245,30446458,23289,0,0,0,0,0,0,0,0,0,0,0,0,538084,1,506000,1,0,0
246,31595958,23353,0,0,0,0,0,0,0,0,0,0,0,0,518625,1,489500,1,0,0
247,33343416,23341,0,0,0,0,0,0,0,0,0,0,0,0,544209,1,514542,1,0,0
248,33445000,23289,0,0,0,0,0,0,0,0,0,0,0,0,543875,1,515667,1,0,0
249,33364124,23377,0,0,0,0,0,0,0,0,0,0,0,0,571375,1,542667,1,0,0
250,33525332,24133,0,0,0,0,0,0,0,0,0,0,0,0,547250,1,513167,1,0,0
251,33707168,23289,0,0,0,0,0,0,0,0,0,0,0,0,576667,1,548292,1,0,0
252,36434876,23709,0,0,0,0,0,0,0,0,0,0,0,0,769750,1,712959,1,0,0
253,37737084,23825,0,0,0,0,0,0,0,0,0,0,0,0,569875,1,539375,1,0,0
254,41909500,27247,0,0,0,0,0,0,0,0,0,0,0,0,634125,1,596916,1,0,0
255,41316040,26387,0,0,0,0,0,0,0,0,0,0,0,0,636667,1,604250,1,0,0
256,35974000,23773,0,0,0,0,0,0,0,0,0,0,0,0,603000,1,564084,1,0,0
257,38937708,23709,0,0,0,0,0,0,0,0,0,0,0,0,659375,1,626750,1,0,0
258,47582376,23797,0,0,0,0,0,0,0,0,0,0,0,0,742084,1,697458,1,0,0
259,60856960,23825,0,0,0,0,0,0,0,0,0,0,0,0,822083,1,777000,1,0,0
260,67204872,23709,0,0,0,0,0,0,0,0,0,0,0,0,1005791,1,933417,1,0,0
261,69123920,24425,0,0,0,0,0,0,0,0,0,0,0,0,1183333,1,1122583,1,0,0
262,67462000,23925,0,0,0,0,0,0,0,0,0,0,0,0,1135208,1,1066416,1,0,0
263,69083920,23825,0,0,0,0,0,0,0,0,0,0,0,0,1246500,1,1177959,1,0,0
264,70743624,23797,0,0,0,0,0,0,0,0,0,0,0,0,1071917,1,1005959,1,0,0
265,57382248,23773,0,0,0,0,0,0,0,0,0,0,0,0,1015625,1,957875,1,0,0
266,51930040,23709,0,0,0,0,0,0,0,0,0,0,0,0,865417,1,810500,1,0,0
267,47743292,23913,0,0,0,0,0,0,0,0,0,0,0,0,883625,1,842958,1,0,0
268,47804500,23709,0,0,0,0,0,0,0,0,0,0,0,0,747625,1,699333,1,0,0
269,46822336,26393,0,0,0,0,0,0,0,0,0,0,0,0,697792,1,659167,1,0,0
270,50869960,23989,0,0,0,0,0,0,0,0,0,0,0,0,747125,1,698209,1,0,0
271,54274040,23797,0,0,0,0,0,0,0,0,0,0,0,0,860708,1,814000,1,0,0
272,55342208,23825,0,0,0,0,0,0,0,0,0,0,0,0,1159667,1,1082958,1,0,0
273,57094040,23709,0,0,0,0,0,0,0,0,0,0,0,0,890833,1,836333,1,0,0
274,55407124,23861,0,0,0,0,0,0,0,0,0,0,0,0,836042,1,780542,1,0,0
275,60438540,23709,0,0,0,0,0,0,0,0,0,0,0,0,820625,1,772042,1,0,0
276,65594000,23825,0,0,0,0,0,0,0,0,0,0,0,0,1084083,1,1016166,1,0,0
277,64059500,23797,0,0,0,0,0,0,0,0,0,0,0,0,821125,1,771709,1,0,0
278,62595332,24337,0,0,0,0,0,0,0,0,0,0,0,0,1111625,1,1027333,1,0,0
279,56967664,23925,0,0,0,0,0,0,0,0,0,0,0,0,858417,1,808292,1,0,0
280,53032208,23913,0,0,0,0,0,0,0,0,0,0,0,0,829833,1,774875,1,0,0
281,49906664,23709,0,0,0,0,0,0,0,0,0,0,0,0,827042,1,778042,1,0,0
282,49690792,23773,0,0,0,0,0,0,0,0,0,0,0,0,889000,1,832459,1,0,0
283,43830336,23797,0,0,0,0,0,0,0,0,0,0,0,0,711708,1,672042,1,0,0
284,40643752,23709,0,0,0,0,0,0,0,0,0,0,0,0,905541,1,856542,1,0,0
285,42773168,23825,0,0,0,0,0,0,0,0,0,0,0,0,666250,1,601708,1,0,0
286,40816208,23709,0,0,0,0,0,0,0,0,0,0,0,0,660833,1,615375,1,0,0
287,43150292,23797,0,0,0,0,0,0,0,0,0,0,0,0,640458,1,605167,1,0,0
288,44980832,23773,0,0,0,0,0,0,0,0,0,0,0,0,685167,1,642875,1,0,0
289,45924000,24273,0,0,0,0,0,0,0,0,0,0,0,0,744583,1,687291,1,0,0
290,47494584,23977,0,0,0,0,0,0,0,0,0,0,0,0,980542,1,925291,1,0,0
291,53194248,23861,0,0,0,0,0,0,0,0,0,0,0,0,880333,1,832041,1,0,0
292,54340584,23709,0,0,0,0,0,0,0,0,0,0,0,0,864209,1,805833,1,0,0
293,58725376,23773,0,0,0,0,0,0,0,0,0,0,0,0,909834,1,858292,1,0,0
294,55511456,23849,0,0,0,0,0,0,0,0,0,0,0,0,847292,1,790042,1,0,0
295,63354040,23773,0,0,0,0,0,0,0,0,0,0,0,0,867792,1,815500,1,0,0
296,67282416,23709,0,0,0,0,0,0,0,0,0,0,0,0,1044125,1,977584,1,0,0
297,64892752,24425,0,0,0,0,0,0,0,0,0,0,0,0,1474167,1,1396541,1,0,0
298,62641876,23977,0,0,0,0,0,0,0,0,0,0,0,0,1052583,1,978125,1,0,0
299,55320584,23773,0,0,0,0,0,0,0,0,0,0,0,0,879666,1,824416,1,0,0
300,55956832,23797,0,0,0,0,0,0,0,0,0,0,0,0,915875,1,852542,1,0,0
301,62028376,23773,0,0,0,0,0,0,0,0,0,0,0,0,1010458,1,957083,1,0,0
302,61492084,23761,0,0,0,0,0,0,0,0,0,0,0,0,1007209,1,950667,1,0,0
303,55495752,23861,0,0,0,0,0,0,0,0,0,0,0,0,903250,1,852584,1,0,0
304,61079292,23709,0,0,0,0,0,0,0,0,0,0,0,0,1254459,1,1198125,1,0,0
305,57561456,23773,0,0,0,0,0,0,0,0,0,0,0,0,861250,1,807333,1,0,0
306,60797624,24413,0,0,0,0,0,0,0,0,0,0,0,0,1043792,1,975209,1,0,0
307,61935248,23989,0,0,0,0,0,0,0,0,0,0,0,0,849708,1,799333,1,0,0
308,55610500,23709,0,0,0,0,0,0,0,0,0,0,0,0,869542,1,806500,1,0,0
309,58093332,23861,0,0,0,0,0,0,0,0,0,0,0,0,1155333,1,1064750,1,0,0
310,46381708,23761,0,0,0,0,0,0,0,0,0,0,0,0,887292,1,822834,1,0,0
311,41130248,23773,0,0,0,0,0,0,0,0,0,0,0,0,742708,1,700625,1,0,0
312,39992040,23709,0,0,0,0,0,0,0,0,0,0,0,0,671541,1,628542,1,0,0
313,41426292,23797,0,0,0,0,0,0,0,0,0,0,0,0,670917,1,635083,1,0,0
314,39470544,23773,0,0,0,0,0,0,0,0,0,0,0,0,759750,1,700375,1,0,0
315,39726040,23761,0,0,0,0,0,0,0,0,0,0,0,0,740833,1,696291,1,0,0
316,41114376,24273,0,0,0,0,0,0,0,0,0,0,0,0,733958,1,680625,1,0,0
317,41790376,24077,0,0,0,0,0,0,0,0,0,0,0,0,679084,1,640708,1,0,0
318,41084292,23709,0,0,0,0,0,0,0,0,0,0,0,0,688083,1,640459,1,0,0
319,43891040,23709,0,0,0,0,0,0,0,0,0,0,0,0,630541,1,592167,1,0,0
320,44694624,23825,0,0,0,0,0,0,0,0,0,0,0,0,747625,1,697042,1,0,0
321,55284416,23797,0,0,0,0,0,0,0,0,0,0,0,0,1308917,1,1256542,1,0,0
322,54185124,23773,0,0,0,0,0,0,0,0,0,0,0,0,1153083,1,1072625,1,0,0
323,53950664,23709,0,0,0,0,0,0,0,0,0,0,0,0,945042,1,888292,1,0,0
324,53960168,23913,0,0,0,0,0,0,0,0,0,0,0,0,904417,1,841709,1,0,0
325,65434960,23709,0,0,0,0,0,0,0,0,0,0,0,0,862250,1,812125,1,0,0
326,64968416,24337,0,0,0,0,0,0,0,0,0,0,0,0,1099500,1,1026000,1,0,0
327,61001708,24013,0,0,0,0,0,0,0,0,0,0,0,0,896833,1,835917,1,0,0
328,56714336,23825,0,0,0,0,0,0,0,0,0,0,0,0,886250,1,817875,1,0,0
329,55108916,23709,0,0,0,0,0,0,0,0,0,0,0,0,888416,1,838917,1,0,0
330,60989624,23861,0,0,0,0,0,0,0,0,0,0,0,0,940291,1,880209,1,0,0
331,56368084,23709,0,0,0,0,0,0,0,0,0,0,0,0,875167,1,806333,1,0,0
332,53014584,23825,0,0,0,0,0,0,0,0,0,0,0,0,893958,1,835125,1,0,0
333,48625000,23797,0,0,0,0,0,0,0,0,0,0,0,0,1058166,1,1003000,1,0,0
334,55473792,23773,0,0,0,0,0,0,0,0,0,0,0,0,1155959,1,1072959,1,0,0
335,55560544,24273,0,0,0,0,0,0,0,0,0,0,0,0,828750,1,779208,1,0,0
336,54997208,24129,0,0,0,0,0,0,0,0,0,0,0,0,900709,1,827042,1,0,0
337,54392832,23709,0,0,0,0,0,0,0,0,0,0,0,0,870834,1,804250,1,0,0
338,57672124,23773,0,0,0,0,0,0,0,0,0,0,0,0,866834,1,808500,1,0,0
339,64743416,23797,0,0,0,0,0,0,0,0,0,0,0,0,954791,1,901583,1,0,0
340,55125124,23825,0,0,0,0,0,0,0,0,0,0,0,0,898334,1,839875,1,0,0
341,55279876,23709,0,0,0,0,0,0,0,0,0,0,0,0,851959,1,794958,1,0,0
342,52063540,23861,0,0,0,0,0,0,0,0,0,0,0,0,853958,1,788667,1,0,0
343,47556584,23709,0,0,0,0,0,0,0,0,0,0,0,0,879167,1,828208,1,0,0
344,41811664,24325,0,0,0,0,0,0,0,0,0,0,0,0,729375,1,675791,1,0,0
345,38282584,23989,0,0,0,0,0,0,0,0,0,0,0,0,791417,1,752000,1,0,0
346,36437460,23797,0,0,0,0,0,0,0,0,0,0,0,0,665667,1,621125,1,0,0
347,33636416,23709,0,0,0,0,0,0,0,0,0,0,0,0,633333,1,599541,1,0,0
348,34297916,23773,0,0,0,0,0,0,0,0,0,0,0,0,669291,1,627792,1,0,0
349,36450040,23709,0,0,0,0,0,0,0,0,0,0,0,0,739167,1,702042,1,0,0
350,34289332,23761,0,0,0,0,0,0,0,0,0,0,0,0,608500,1,567042,1,0,0
351,35257416,23861,0,0,0,0,0,0,0,0,0,0,0,0,573084,1,539542,1,0,0
352,36834084,23709,0,0,0,0,0,0,0,0,0,0,0,0,592791,1,555084,1,0,0
353,36954040,23709,0,0,0,0,0,0,0,0,0,0,0,0,632292,1,596708,1,0,0
354,37559832,23773,0,0,0,0,0,0,0,0,0,0,0,0,592417,1,554792,1,0,0
355,36784000,23709,0,0,0,0,0,0,0,0,0,0,0,0,604459,1,571292,1,0,0
356,38878544,23849,0,0,0,0,0,0,0,0,0,0,0,0,615209,1,576583,1,0,0
357,38044124,23773,0,0,0,0,0,0,0,0,0,0,0,0,626333,1,586625,1,0,0
358,40444500,24273,0,0,0,0,0,0,0,0,0,0,0,0,820625,1,760375,1,0,0
359,45447624,23925,0,0,0,0,0,0,0,0,0,0,0,0,743792,1,701583,1,0,0
360,57745292,23861,0,0,0,0,0,0,0,0,0,0,0,0,856583,1,798833,1,0,0
361,67955168,23761,0,0,0,0,0,0,0,0,0,0,0,0,1377708,1,1297000,1,0,0
362,74600336,23773,0,0,0,0,0,0,0,0,0,0,0,0,1096125,1,1015709,1,0,0
363,67461128,23797,0,0,0,0,0,0,0,0,0,0,0,0,1028250,1,966250,1,0,0
364,68166496,23825,0,0,0,0,0,0,0,0,0,0,0,0,1030125,1,962250,1,0,0
365,67843792,23709,0,0,0,0,0,0,0,0,0,0,0,0,1017250,1,951958,1,0,0
366,55626332,24425,0,0,0,0,0,0,0,0,0,0,0,0,1007041,1,929875,1,0,0
367,56636544,23925,0,0,0,0,0,0,0,0,0,0,0,0,1179334,1,1118916,1,0,0
368,56393876,23825,0,0,0,0,0,0,0,0,0,0,0,0,887750,1,824083,1,0,0
369,55685960,23797,0,0,0,0,0,0,0,0,0,0,0,0,857542,1,805167,1,0,0
370,56614000,23773,0,0,0,0,0,0,0,0,0,0,0,0,938042,1,865458,1,0,0
371,54004208,23709,0,0,0,0,0,0,0,0,0,0,0,0,705625,1,657750,1,0,0
372,53734084,23913,0,0,0,0,0,0,0,0,0,0,0,0,864375,1,806625,1,0,0
373,49059124,23709,0,0,0,0,0,0,0,0,0,0,0,0,827458,1,785917,1,0,0
374,56325000,23773,0,0,0,0,0,0,0,0,0,0,0,0,874167,1,814000,1,0,0
375,55139416,24361,0,0,0,0,0,0,0,0,0,0,0,0,865167,1,815958,1,0,0
376,56131040,24041,0,0,0,0,0,0,0,0,0,0,0,0,835333,1,772250,1,0,0
377,54029960,23709,0,0,0,0,0,0,0,0,0,0,0,0,920458,1,848167,1,0,0
378,51925792,23861,0,0,0,0,0,0,0,0,0,0,0,0,850292,1,794708,1,0,0
379,54345876,23709,0,0,0,0,0,0,0,0,0,0,0,0,873375,1,823916,1,0,0
380,43695084,23825,0,0,0,0,0,0,0,0,0,0,0,0,754208,1,700500,1,0,0
381,40000916,23709,0,0,0,0,0,0,0,0,0,0,0,0,731291,1,690250,1,0,0
382,37764248,23797,0,0,0,0,0,0,0,0,0,0,0,0,681209,1,639250,1,0,0
383,33718456,23773,0,0,0,0,0,0,0,0,0,0,0,0,617500,1,584250,1,0,0
384,33872832,23709,0,0,0,0,0,0,0,0,0,0,0,0,598166,1,555334,1,0,0
385,33671664,23709,0,0,0,0,0,0,0,0,0,0,0,0,633292,1,595208,1,0,0
386,33745248,23825,0,0,0,0,0,0,0,0,0,0,0,0,599375,1,559916,1,0,0
387,33492584,24361,0,0,0,0,0,0,0,0,0,0,0,0,746750,1,712875,1,0,0
388,33618332,23925,0,0,0,0,0,0,0,0,0,0,0,0,616583,1,579209,1,0,0
389,33175124,23773,0,0,0,0,0,0,0,0,0,0,0,0,608334,1,570875,1,0,0
390,33763084,23709,0,0,0,0,0,0,0,0,0,0,0,0,730833,1,690917,1,0,0
391,33666292,23709,0,0,0,0,0,0,0,0,0,0,0,0,720458,1,687917,1,0,0
392,35470668,23913,0,0,0,0,0,0,0,0,0,0,0,0,701958,1,657625,1,0,0
393,30227458,23709,0,0,0,0,0,0,0,0,0,0,0,0,558500,1,529375,1,0,0
394,30594416,23709,0,0,0,0,0,0,0,0,0,0,0,0,649458,1,612750,1,0,0
395,31130916,23709,0,0,0,0,0,0,0,0,0,0,0,0,558875,1,528250,1,0,0
396,30480792,23773,0,0,0,0,0,0,0,0,0,0,0,0,544042,1,505750,1,0,0
397,32513292,23797,0,0,0,0,0,0,0,0,0,0,0,0,552708,1,523708,1,0,0
398,33090708,23709,0,0,0,0,0,0,0,0,0,0,0,0,617375,1,578500,1,0,0
399,36221292,23761,0,0,0,0,0,0,0,0,0,0,0,0,562667,1,525417,1,0,0
400,36359376,23773,0,0,0,0,0,0,0,0,0,0,0,0,584458,1,542250,1,0,0
401,35408292,23709,0,0,0,0,0,0,0,0,0,0,0,0,642709,1,609333,1,0,0
402,35047708,24361,0,0,0,0,0,0,0,0,0,0,0,0,611709,1,570750,1,0,0
403,35920916,23989,0,0,0,0,0,0,0,0,0,0,0,0,591708,1,559375,1,0,0
404,35576584,23709,0,0,0,0,0,0,0,0,0,0,0,0,615083,1,577167,1,0,0
405,40250248,23761,0,0,0,0,0,0,0,0,0,0,0,0,876000,1,835792,1,0,0
406,51825248,23773,0,0,0,0,0,0,0,0,0,0,0,0,724250,1,673834,1,0,0
407,73513376,23797,0,0,0,0,0,0,0,0,0,0,0,0,1112208,1,1033041,1,0,0
408,91182832,23773,0,0,0,0,0,0,0,0,0,0,0,0,1277333,1,1215083,1,0,0
409,79256168,23849,0,0,0,0,0,0,0,0,0,0,0,0,2307000,1,2191292,1,0,0
410,66208668,23773,0,0,0,0,0,0,0,0,0,0,0,0,1100750,1,1031166,1,0,0
411,64513916,24489,0,0,0,0,0,0,0,0,0,0,0,0,1025042,1,962250,1,0,0
412,54250960,23913,0,0,0,0,0,0,0,0,0,0,0,0,894750,1,832041,1,0,0
413,49245584,23709,0,0,0,0,0,0,0,0,0,0,0,0,828625,1,779625,1,0,0
414,51988040,23773,0,0,0,0,0,0,0,0,0,0,0,0,947750,1,890416,1,0,0
415,47514084,23797,0,0,0,0,0,0,0,0,0,0,0,0,707875,1,666167,1,0,0
416,46985832,23761,0,0,0,0,0,0,0,0,0,0,0,0,720083,1,664916,1,0,0
417,47366916,23773,0,0,0,0,0,0,0,0,0,0,0,0,864334,1,818500,1,0,0
418,51514168,23709,0,0,0,0,0,0,0,0,0,0,0,0,745625,1,687958,1,0,0
419,56567664,23797,0,0,0,0,0,0,0,0,0,0,0,0,1063542,1,1015208,1,0,0
420,53566832,24389,0,0,0,0,0,0,0,0,0,0,0,0,869542,1,803750,1,0,0
421,58876668,23925,0,0,0,0,0,0,0,0,0,0,0,0,1167625,1,1115958,1,0,0
422,69108544,23861,0,0,0,0,0,0,0,0,0,0,0,0,1025709,1,957584,1,0,0
423,73017872,23709,0,0,0,0,0,0,0,0,0,0,0,0,1508042,1,1430916,1,0,0
424,61249960,23825,0,0,0,0,0,0,0,0,0,0,0,0,1181542,1,1107667,1,0,0
425,56444624,23797,0,0,0,0,0,0,0,0,0,0,0,0,856250,1,804917,1,0,0
426,56718500,23773,0,0,0,0,0,0,0,0,0,0,0,0,1210625,1,1146750,1,0,0
427,53900376,23709,0,0,0,0,0,0,0,0,0,0,0,0,954292,1,898167,1,0,0
428,52694292,24477,0,0,0,0,0,0,0,0,0,0,0,0,859125,1,786625,1,0,0
429,45873040,23925,0,0,0,0,0,0,0,0,0,0,0,0,879375,1,815167,1,0,0
430,40947624,23709,0,0,0,0,0,0,0,0,0,0,0,0,752291,1,699000,1,0,0
431,40396584,23773,0,0,0,0,0,0,0,0,0,0,0,0,701375,1,661875,1,0,0
432,40247040,23797,0,0,0,0,0,0,0,0,0,0,0,0,665000,1,618542,1,0,0
433,43753792,23761,0,0,0,0,0,0,0,0,0,0,0,0,800041,1,750500,1,0,0
434,38393084,23773,0,0,0,0,0,0,0,0,0,0,0,0,630458,1,586375,1,0,0
435,38473084,23709,0,0,0,0,0,0,0,0,0,0,0,0,670000,1,631916,1,0,0
436,35214168,23797,0,0,0,0,0,0,0,0,0,0,0,0,675083,1,627459,1,0,0
437,34574668,23773,0,0,0,0,0,0,0,0,0,0,0,0,592708,1,559709,1,0,0
438,34523376,23709,0,0,0,0,0,0,0,0,0,0,0,0,645167,1,604000,1,0,0
439,36366292,23761,0,0,0,0,0,0,0,0,0,0,0,0,611167,1,578375,1,0,0
440,34947792,23773,0,0,0,0,0,0,0,0,0,0,0,0,600292,1,551083,1,0,0
441,35142332,24361,0,0,0,0,0,0,0,0,0,0,0,0,581833,1,548667,1,0,0
442,38214084,23925,0,0,0,0,0,0,0,0,0,0,0,0,631084,1,588833,1,0,0
443,36097084,23773,0,0,0,0,0,0,0,0,0,0,0,0,871708,1,838417,1,0,0
444,40638708,23709,0,0,0,0,0,0,0,0,0,0,0,0,661291,1,620083,1,0,0
445,44363416,23849,0,0,0,0,0,0,0,0,0,0,0,0,847834,1,796417,1,0,0
446,56395208,23773,0,0,0,0,0,0,0,0,0,0,0,0,774333,1,725417,1,0,0
447,61993292,23709,0,0,0,0,0,0,0,0,0,0,0,0,835458,1,785542,1,0,0
448,67701000,23861,0,0,0,0,0,0,0,0,0,0,0,0,988667,1,921083,1,0,0
449,69865336,23761,0,0,0,0,0,0,0,0,0,0,0,0,1052167,1,988625,1,0,0
450,68282792,23773,0,0,0,0,0,0,0,0,0,0,0,0,1161041,1,1089542,1,0,0
451,66497584,24361,0,0,0,0,0,0,0,0,0,0,0,0,1047792,1,982333,1,0,0
452,54524916,24041,0,0,0,0,0,0,0,0,0,0,0,0,850083,1,788833,1,0,0
453,57012332,23709,0,0,0,0,0,0,0,0,0,0,0,0,1349000,1,1281292,1,0,0
454,61506668,23861,0,0,0,0,0,0,0,0,0,0,0,0,1284958,1,1218333,1,0,0
455,54398084,23709,0,0,0,0,0,0,0,0,0,0,0,0,885750,1,833292,1,0,0
456,52094708,23825,0,0,0,0,0,0,0,0,0,0,0,0,715584,1,663375,1,0,0
457,53931540,23797,0,0,0,0,0,0,0,0,0,0,0,0,874500,1,824833,1,0,0
458,54447668,23773,0,0,0,0,0,0,0,0,0,0,0,0,906584,1,843917,1,0,0
459,53360584,23709,0,0,0,0,0,0,0,0,0,0,0,0,860083,1,806875,1,0,0
460,49047084,24477,0,0,0,0,0,0,0,0,0,0,0,0,865500,1,807542,1,0,0
461,49442708,23925,0,0,0,0,0,0,0,0,0,0,0,0,824583,1,781666,1,0,0
462,52622876,23709,0,0,0,0,0,0,0,0,0,0,0,0,900875,1,841834,1,0,0
463,52520960,23861,0,0,0,0,0,0,0,0,0,0,0,0,813000,1,768375,1,0,0
464,44299332,23761,0,0,0,0,0,0,0,0,0,0,0,0,742917,1,695541,1,0,0
465,44336040,23709,0,0,0,0,0,0,0,0,0,0,0,0,726458,1,685084,1,0,0
466,39623668,23773,0,0,0,0,0,0,0,0,0,0,0,0,725292,1,678500,1,0,0
467,38153168,23797,0,0,0,0,0,0,0,0,0,0,0,0,671750,1,634917,1,0,0
468,37126752,23709,0,0,0,0,0,0,0,0,0,0,0,0,681166,1,637709,1,0,0
469,34377500,23825,0,0,0,0,0,0,0,0,0,0,0,0,573458,1,541833,1,0,0
470,35163336,23709,0,0,0,0,0,0,0,0,0,0,0,0,632000,1,577083,1,0,0
471,36162500,24273,0,0,0,0,0,0,0,0,0,0,0,0,637667,1,603125,1,0,0
472,37474456,24077,0,0,0,0,0,0,0,0,0,0,0,0,758084,1,711916,1,0,0
473,35957708,23709,0,0,0,0,0,0,0,0,0,0,0,0,989875,1,958000,1,0,0
474,37015208,23709,0,0,0,0,0,0,0,0,0,0,0,0,662000,1,584500,1,0,0
475,36706460,23825,0,0,0,0,0,0,0,0,0,0,0,0,574959,1,543625,1,0,0
476,43458460,23709,0,0,0,0,0,0,0,0,0,0,0,0,931167,1,884416,1,0,0
477,43164416,23797,0,0,0,0,0,0,0,0,0,0,0,0,638250,1,601791,1,0,0
478,45982624,23773,0,0,0,0,0,0,0,0,0,0,0,0,715875,1,662583,1,0,0
479,52709416,23709,0,0,0,0,0,0,0,0,0,0,0,0,843833,1,794458,1,0,0
480,65146208,23761,0,0,0,0,0,0,0,0,0,0,0,0,824750,1,767875,1,0,0
481,67169832,23861,0,0,0,0,0,0,0,0,0,0,0,0,1036958,1,962708,1,0,0
482,68370208,24273,0,0,0,0,0,0,0,0,0,0,0,0,1487541,1,1383084,1,0,0
483,67908416,24041,0,0,0,0,0,0,0,0,0,0,0,0,1098500,1,1013833,1,0,0
484,64783248,23797,0,0,0,0,0,0,0,0,0,0,0,0,1156708,1,1074417,1,0,0
485,60465456,23773,0,0,0,0,0,0,0,0,0,0,0,0,913584,1,864583,1,0,0
486,50801332,23709,0,0,0,0,0,0,0,0,0,0,0,0,861000,1,800125,1,0,0
487,45588208,23913,0,0,0,0,0,0,0,0,0,0,0,0,744208,1,703166,1,0,0
488,45429124,23709,0,0,0,0,0,0,0,0,0,0,0,0,747125,1,692333,1,0,0
489,44936208,23709,0,0,0,0,0,0,0,0,0,0,0,0,727208,1,684125,1,0,0
490,46152124,23773,0,0,0,0,0,0,0,0,0,0,0,0,760917,1,713750,1,0,0
491,44859960,24361,0,0,0,0,0,0,0,0,0,0,0,0,729042,1,689792,1,0,0
492,45034792,23977,0,0,0,0,0,0,0,0,0,0,0,0,928083,1,864083,1,0,0
493,44877708,23773,0,0,0,0,0,0,0,0,0,0,0,0,774667,1,733709,1,0,0
494,46847876,23709,0,0,0,0,0,0,0,0,0,0,0,0,739208,1,687417,1,0,0
495,48899708,23797,0,0,0,0,0,0,0,0,0,0,0,0,785917,1,744750,1,0,0
496,44766084,23773,0,0,0,0,0,0,0,0,0,0,0,0,737917,1,693666,1,0,0
497,45295916,23761,0,0,0,0,0,0,0,0,0,0,0,0,858750,1,809917,1,0,0
498,45957664,23709,0,0,0,0,0,0,0,0,0,0,0,0,743084,1,693250,1,0,0
499,48558456,23861,0,0,0,0,0,0,0,0,0,0,0,0,703834,1,664875,1,0,0
500,52318208,23709,0,0,0,0,0,0,0,0,0,0,0,0,727875,1,677667,1,0,0
501,53661500,23773,0,0,0,0,0,0,0,0,0,0,0,0,855000,1,807834,1,0,0
502,52949124,24413,0,0,0,0,0,0,0,0,0,0,0,0,824625,1,765042,1,0,0
503,52434832,23989,0,0,0,0,0,0,0,0,0,0,0,0,827209,1,767666,1,0,0
504,49461456,23709,0,0,0,0,0,0,0,0,0,0,0,0,872959,1,816333,1,0,0
505,43337752,23861,0,0,0,0,0,0,0,0,0,0,0,0,731083,1,692542,1,0,0
506,44269292,23709,0,0,0,0,0,0,0,0,0,0,0,0,831375,1,759167,1,0,0
507,38084876,23761,0,0,0,0,0,0,0,0,0,0,0,0,697750,1,662083,1,0,0
508,36290000,23773,0,0,0,0,0,0,0,0,0,0,0,0,664000,1,620542,1,0,0
509,33519792,23797,0,0,0,0,0,0,0,0,0,0,0,0,618917,1,587750,1,0,0
510,33835124,23709,0,0,0,0,0,0,0,0,0,0,0,0,583958,1,545792,1,0,0
511,33708708,23773,0,0,0,0,0,0,0,0,0,0,0,0,598000,1,566459,1,0,0
512,33715416,23709,0,0,0,0,0,0,0,0,0,0,0,0,593250,1,559167,1,0,0
513,33428416,23761,0,0,0,0,0,0,0,0,0,0,0,0,598666,1,565417,1,0,0
514,33643500,24425,0,0,0,0,0,0,0,0,0,0,0,0,597917,1,562833,1,0,0
515,33388166,23925,0,0,0,0,0,0,0,0,0,0,0,0,659083,1,627959,1,0,0
516,33489916,23709,0,0,0,0,0,0,0,0,0,0,0,0,618375,1,579625,1,0,0
517,33406750,23773,0,0,0,0,0,0,0,0,0,0,0,0,702125,1,671000,1,0,0
518,31753668,23709,0,0,0,0,0,0,0,0,0,0,0,0,569917,1,533750,1,0,0
519,30494960,23797,0,0,0,0,0,0,0,0,0,0,0,0,560500,1,522959,1,0,0
520,33732456,23761,0,0,0,0,0,0,0,0,0,0,0,0,675167,1,631958,1,0,0
521,30835542,23773,0,0,0,0,0,0,0,0,0,0,0,0,532125,1,498625,1,0,0
522,31708042,23709,0,0,0,0,0,0,0,0,0,0,0,0,564917,1,534583,1,0,0
523,31433208,23709,0,0,0,0,0,0,0,0,0,0,0,0,549084,1,520542,1,0,0
524,33126376,23797,0,0,0,0,0,0,0,0,0,0,0,0,609041,1,573250,1,0,0
525,33526624,23773,0,0,0,0,0,0,0,0,0,0,0,0,616833,1,585541,1,0,0
526,33448292,23709,0,0,0,0,0,0,0,0,0,0,0,0,591750,1,550583,1,0,0
527,33332584,23761,0,0,0,0,0,0,0,0,0,0,0,0,616708,1,581333,1,0,0
528,37304248,23353,0,0,0,0,0,0,0,0,0,0,0,0,658958,1,624125,1,0,0
529,39990000,27391,0,0,0,0,0,0,0,0,0,0,0,0,544166,1,506042,1,0,0
530,39551500,26183,0,0,0,0,0,0,0,0,0,0,0,0,623459,1,590417,1,0,0
531,38475040,23353,0,0,0,0,0,0,0,0,0,0,0,0,633458,1,591875,1,0,0
532,37636208,23289,0,0,0,0,0,0,0,0,0,0,0,0,590542,1,550250,1,0,0
533,40444416,23429,0,0,0,0,0,0,0,0,0,0,0,0,1169375,1,1122125,1,0,0
534,54848540,23353,0,0,0,0,0,0,0,0,0,0,0,0,779708,1,730625,1,0,0
535,61576500,23289,0,0,0,0,0,0,0,0,0,0,0,0,777708,1,723500,1,0,0
536,68694544,23441,0,0,0,0,0,0,0,0,0,0,0,0,923500,1,871083,1,0,0
537,66251332,23341,0,0,0,0,0,0,0,0,0,0,0,0,913833,1,861083,1,0,0
538,67668168,23353,0,0,0,0,0,0,0,0,0,0,0,0,989833,1,914333,1,0,0
539,68525080,23941,0,0,0,0,0,0,0,0,0,0,0,0,899250,1,847125,1,0,0
540,66616040,23621,0,0,0,0,0,0,0,0,0,0,0,0,1092917,1,1025917,1,0,0
541,54113084,23289,0,0,0,0,0,0,0,0,0,0,0,0,806208,1,752750,1,0,0
542,63204584,23441,0,0,0,0,0,0,0,0,0,0,0,0,1017792,1,968875,1,0,0
543,51084124,23289,0,0,0,0,0,0,0,0,0,0,0,0,795833,1,745291,1,0,0
544,48164000,23405,0,0,0,0,0,0,0,0,0,0,0,0,762291,1,715666,1,0,0
545,47014456,23377,0,0,0,0,0,0,0,0,0,0,0,0,665750,1,628833,1,0,0
546,47589668,23289,0,0,0,0,0,0,0,0,0,0,0,0,750084,1,708833,1,0,0
547,53188456,23353,0,0,0,0,0,0,0,0,0,0,0,0,806625,1,705917,1,0,0
548,56631084,23853,0,0,0,0,0,0,0,0,0,0,0,0,863583,1,806000,1,0,0
549,55372456,23709,0,0,0,0,0,0,0,0,0,0,0,0,801125,1,746417,1,0,0
550,56730752,23289,0,0,0,0,0,0,0,0,0,0,0,0,789459,1,735375,1,0,0
551,64070708,23353,0,0,0,0,0,0,0,0,0,0,0,0,1255417,1,1184500,1,0,0
552,60772416,23377,0,0,0,0,0,0,0,0,0,0,0,0,942083,1,885500,1,0,0
553,57301792,23405,0,0,0,0,0,0,0,0,0,0,0,0,806334,1,747083,1,0,0
554,55098668,23289,0,0,0,0,0,0,0,0,0,0,0,0,801375,1,745583,1,0,0
555,56378584,23441,0,0,0,0,0,0,0,0,0,0,0,0,824833,1,780416,1,0,0
556,56888376,23853,0,0,0,0,0,0,0,0,0,0,0,0,888375,1,832667,1,0,0
557,55796916,23621,0,0,0,0,0,0,0,0,0,0,0,0,844625,1,790541,1,0,0
558,54851124,23377,0,0,0,0,0,0,0,0,0,0,0,0,1436042,1,1381625,1,0,0
559,56329376,23353,0,0,0,0,0,0,0,0,0,0,0,0,810417,1,753208,1,0,0
560,61315292,23289,0,0,0,0,0,0,0,0,0,0,0,0,1450875,1,1386917,1,0,0
561,55040416,23493,0,0,0,0,0,0,0,0,0,0,0,0,811625,1,768084,1,0,0
562,56778960,23289,0,0,0,0,0,0,0,0,0,0,0,0,777542,1,722625,1,0,0
563,63024248,23353,0,0,0,0,0,0,0,0,0,0,0,0,968417,1,915459,1,0,0
564,57116500,23377,0,0,0,0,0,0,0,0,0,0,0,0,829000,1,783458,1,0,0
565,59688832,23969,0,0,0,0,0,0,0,0,0,0,0,0,1026375,1,962375,1,0,0
566,56080292,23505,0,0,0,0,0,0,0,0,0,0,0,0,1022458,1,963167,1,0,0
567,55312752,23441,0,0,0,0,0,0,0,0,0,0,0,0,977417,1,925334,1,0,0
568,55818876,23289,0,0,0,0,0,0,0,0,0,0,0,0,791958,1,729875,1,0,0
569,72360376,23405,0,0,0,0,0,0,0,0,0,0,0,0,1167708,1,1098375,1,0,0
570,62156752,23377,0,0,0,0,0,0,0,0,0,0,0,0,1039917,1,987625,1,0,0
571,61272040,23353,0,0,0,0,0,0,0,0,0,0,0,0,918500,1,849500,1,0,0
572,55814832,23289,0,0,0,0,0,0,0,0,0,0,0,0,734958,1,693375,1,0,0
573,55782456,23493,0,0,0,0,0,0,0,0,0,0,0,0,1108625,1,1055708,1,0,0
574,55362124,23853,0,0,0,0,0,0,0,0,0,0,0,0,816417,1,757958,1,0,0
575,57141124,23569,0,0,0,0,0,0,0,0,0,0,0,0,835458,1,788625,1,0,0
576,58251376,23377,0,0,0,0,0,0,0,0,0,0,0,0,1112334,1,1058500,1,0,0
577,65798832,23405,0,0,0,0,0,0,0,0,0,0,0,0,1454208,1,1370750,1,0,0
578,52984208,23289,0,0,0,0,0,0,0,0,0,0,0,0,819750,1,776416,1,0,0
579,49794960,23441,0,0,0,0,0,0,0,0,0,0,0,0,796750,1,752167,1,0,0
580,42973752,23289,0,0,0,0,0,0,0,0,0,0,0,0,681041,1,633167,1,0,0
581,38244456,23341,0,0,0,0,0,0,0,0,0,0,0,0,613958,1,579000,1,0,0
582,37683916,23353,0,0,0,0,0,0,0,0,0,0,0,0,596875,1,559208,1,0,0
583,34129876,23377,0,0,0,0,0,0,0,0,0,0,0,0,579708,1,540875,1,0,0
584,34053752,23853,0,0,0,0,0,0,0,0,0,0,0,0,555083,1,525958,1,0,0
585,34091168,23569,0,0,0,0,0,0,0,0,0,0,0,0,616416,1,585708,1,0,0
586,34223540,23289,0,0,0,0,0,0,0,0,0,0,0,0,555083,1,518625,1,0,0
587,35938000,23341,0,0,0,0,0,0,0,0,0,0,0,0,611417,1,581459,1,0,0
588,36292168,23441,0,0,0,0,0,0,0,0,0,0,0,0,660500,1,622000,1,0,0
589,41641336,23289,0,0,0,0,0,0,0,0,0,0,0,0,929375,1,872708,1,0,0
590,35619708,23289,0,0,0,0,0,0,0,0,0,0,0,0,656834,1,627166,1,0,0
591,37322000,23353,0,0,0,0,0,0,0,0,0,0,0,0,967208,1,919666,1,0,0
592,35511168,23289,0,0,0,0,0,0,0,0,0,0,0,0,582625,1,544958,1,0,0
593,39712084,23429,0,0,0,0,0,0,0,0,0,0,0,0,784459,1,748458,1,0,0
594,45343248,23353,0,0,0,0,0,0,0,0,0,0,0,0,686625,1,648667,1,0,0
595,52102960,23289,0,0,0,0,0,0,0,0,0,0,0,0,809333,1,753375,1,0,0
596,65681460,23853,0,0,0,0,0,0,0,0,0,0,0,0,925375,1,873917,1,0,0
597,68185288,23709,0,0,0,0,0,0,0,0,0,0,0,0,939584,1,886208,1,0,0
598,70183504,23289,0,0,0,0,0,0,0,0,0,0,0,0,957125,1,887583,1,0,0
599,76519664,23353,0,0,0,0,0,0,0,0,0,0,0,0,1333291,1,1274209,1,0,0
600,70224792,23429,0,0,0,0,0,0,0,0,0,0,0,0,961708,1,904166,1,0,0
601,68420000,23353,0,0,0,0,0,0,0,0,0,0,0,0,1128917,1,1052167,1,0,0
602,57035416,23289,0,0,0,0,0,0,0,0,0,0,0,0,972209,1,917500,1,0,0
603,55351500,23441,0,0,0,0,0,0,0,0,0,0,0,0,808000,1,756000,1,0,0
604,48014916,23905,0,0,0,0,0,0,0,0,0,0,0,0,918250,1,847917,1,0,0
605,45523916,23569,0,0,0,0,0,0,0,0,0,0,0,0,678125,1,640291,1,0,0
606,47233416,23289,0,0,0,0,0,0,0,0,0,0,0,0,1030958,1,982584,1,0,0
607,48379500,23377,0,0,0,0,0,0,0,0,0,0,0,0,1061583,1,1018292,1,0,0
608,52036292,23353,0,0,0,0,0,0,0,0,0,0,0,0,815542,1,775583,1,0,0
609,51487708,23341,0,0,0,0,0,0,0,0,0,0,0,0,1183166,1,1128041,1,0,0
610,56104752,23441,0,0,0,0,0,0,0,0,0,0,0,0,813542,1,742459,1,0,0
611,54627752,23289,0,0,0,0,0,0,0,0,0,0,0,0,898958,1,852750,1,0,0
612,57242916,23353,0,0,0,0,0,0,0,0,0,0,0,0,818875,1,774209,1,0,0
613,65596168,23993,0,0,0,0,0,0,0,0,0,0,0,0,962917,1,890416,1,0,0
614,56281960,23569,0,0,0,0,0,0,0,0,0,0,0,0,934042,1,884916,1,0,0
615,55839708,23289,0,0,0,0,0,0,0,0,0,0,0,0,855459,1,809042,1,0,0
616,56596000,23441,0,0,0,0,0,0,0,0,0,0,0,0,829333,1,776209,1,0,0
617,59767292,23341,0,0,0,0,0,0,0,0,0,0,0,0,862959,1,816292,1,0,0
618,55394960,23353,0,0,0,0,0,0,0,0,0,0,0,0,817875,1,772041,1,0,0
619,55910376,23377,0,0,0,0,0,0,0,0,0,0,0,0,835041,1,777417,1,0,0
620,55853248,23353,0,0,0,0,0,0,0,0,0,0,0,0,817667,1,772792,1,0,0
621,55183168,23341,0,0,0,0,0,0,0,0,0,0,0,0,858417,1,800584,1,0,0
622,56704208,24005,0,0,0,0,0,0,0,0,0,0,0,0,967167,1,914500,1,0,0
623,60112584,23505,0,0,0,0,0,0,0,0,0,0,0,0,964375,1,900417,1,0,0
624,58271292,23353,0,0,0,0,0,0,0,0,0,0,0,0,976125,1,918584,1,0,0
625,55575584,23429,0,0,0,0,0,0,0,0,0,0,0,0,789750,1,736792,1,0,0
626,61518332,23353,0,0,0,0,0,0,0,0,0,0,0,0,1032292,1,974125,1,0,0
627,55306376,23289,0,0,0,0,0,0,0,0,0,0,0,0,833291,1,786334,1,0,0
628,55155168,23441,0,0,0,0,0,0,0,0,0,0,0,0,870333,1,786000,1,0,0
629,55400544,23341,0,0,0,0,0,0,0,0,0,0,0,0,836750,1,787792,1,0,0
630,55397668,23353,0,0,0,0,0,0,0,0,0,0,0,0,775208,1,728625,1,0,0
631,58259792,23941,0,0,0,0,0,0,0,0,0,0,0,0,1040625,1,982416,1,0,0
632,54715000,23569,0,0,0,0,0,0,0,0,0,0,0,0,825208,1,759000,1,0,0
633,59931416,23341,0,0,0,0,0,0,0,0,0,0,0,0,938750,1,882417,1,0,0
634,60722624,23441,0,0,0,0,0,0,0,0,0,0,0,0,902917,1,843375,1,0,0
635,55336540,23289,0,0,0,0,0,0,0,0,0,0,0,0,1245875,1,1185042,1,0,0
636,55954792,23881,0,0,0,0,0,0,0,0,0,0,0,0,1074667,1,1014084,1,0,0
637,64186168,27407,0,0,0,0,0,0,0,0,0,0,0,0,881750,1,830625,1,0,0
638,56243000,26559,0,0,0,0,0,0,0,0,0,0,0,0,919583,1,855625,1,0,0
639,52057916,23817,0,0,0,0,0,0,0,0,0,0,0,0,912583,1,860666,1,0,0
640,48321292,24533,0,0,0,0,0,0,0,0,0,0,0,0,880541,1,816125,1,0,0
641,43345584,24085,0,0,0,0,0,0,0,0,0,0,0,0,814750,1,771458,1,0,0
642,38101000,23817,0,0,0,0,0,0,0,0,0,0,0,0,650834,1,601958,1,0,0
643,38610416,23881,0,0,0,0,0,0,0,0,0,0,0,0,660625,1,619792,1,0,0
644,38530208,23905,0,0,0,0,0,0,0,0,0,0,0,0,753417,1,705583,1,0,0
645,34340248,23817,0,0,0,0,0,0,0,0,0,0,0,0,657125,1,619209,1,0,0
646,34147208,23881,0,0,0,0,0,0,0,0,0,0,0,0,620750,1,582291,1,0,0
647,34430208,23869,0,0,0,0,0,0,0,0,0,0,0,0,581042,1,546209,1,0,0
648,34024376,23817,0,0,0,0,0,0,0,0,0,0,0,0,635458,1,593709,1,0,0
649,33704752,23969,0,0,0,0,0,0,0,0,0,0,0,0,597583,1,560958,1,0,0
650,33928124,23817,0,0,0,0,0,0,0,0,0,0,0,0,596917,1,557875,1,0,0
651,33874040,23817,0,0,0,0,0,0,0,0,0,0,0,0,586042,1,550583,1,0,0
652,34404624,23881,0,0,0,0,0,0,0,0,0,0,0,0,626750,1,589417,1,0,0
653,36386832,24433,0,0,0,0,0,0,0,0,0,0,0,0,571791,1,537916,1,0,0
654,36484876,24121,0,0,0,0,0,0,0,0,0,0,0,0,603625,1,564042,1,0,0
655,35992292,23881,0,0,0,0,0,0,0,0,0,0,0,0,631000,1,596250,1,0,0
656,38281624,23817,0,0,0,0,0,0,0,0,0,0,0,0,1133291,1,1068125,1,0,0
657,36548000,23817,0,0,0,0,0,0,0,0,0,0,0,0,658958,1,618834,1,0,0
658,39909000,23881,0,0,0,0,0,0,0,0,0,0,0,0,663250,1,617834,1,0,0
659,37741916,23957,0,0,0,0,0,0,0,0,0,0,0,0,763250,1,699833,1,0,0
660,38599376,23817,0,0,0,0,0,0,0,0,0,0,0,0,607667,1,563708,1,0,0
661,44525916,23881,0,0,0,0,0,0,0,0,0,0,0,0,664458,1,627208,1,0,0
662,51143960,23817,0,0,0,0,0,0,0,0,0,0,0,0,748625,1,692958,1,0,0
663,64346168,23905,0,0,0,0,0,0,0,0,0,0,0,0,947167,1,893667,1,0,0
664,67467712,23933,0,0,0,0,0,0,0,0,0,0,0,0,1108208,1,1026250,1,0,0
665,68101872,24381,0,0,0,0,0,0,0,0,0,0,0,0,1056667,1,994166,1,0,0
666,69992248,24185,0,0,0,0,0,0,0,0,0,0,0,0,1073834,1,993125,1,0,0
667,67790712,23869,0,0,0,0,0,0,0,0,0,0,0,0,1074500,1,1011375,1,0,0
668,66380664,23881,0,0,0,0,0,0,0,0,0,0,0,0,1243125,1,1141167,1,0,0
669,52077752,23905,0,0,0,0,0,0,0,0,0,0,0,0,895166,1,836916,1,0,0
670,45855416,23881,0,0,0,0,0,0,0,0,0,0,0,0,751250,1,697625,1,0,0
671,46276000,23869,0,0,0,0,0,0,0,0,0,0,0,0,724291,1,681292,1,0,0
672,44095500,23817,0,0,0,0,0,0,0,0,0,0,0,0,883166,1,823209,1,0,0
673,44279336,24533,0,0,0,0,0,0,0,0,0,0,0,0,1006500,1,960167,1,0,0
674,42099456,24033,0,0,0,0,0,0,0,0,0,0,0,0,674417,1,627500,1,0,0
675,43001876,23817,0,0,0,0,0,0,0,0,0,0,0,0,801917,1,755792,1,0,0
676,47154460,23933,0,0,0,0,0,0,0,0,0,0,0,0,742000,1,695000,1,0,0
677,46372500,23905,0,0,0,0,0,0,0,0,0,0,0,0,710833,1,667875,1,0,0
678,47579336,23817,0,0,0,0,0,0,0,0,0,0,0,0,784542,1,723208,1,0,0
679,45805248,23881,0,0,0,0,0,0,0,0,0,0,0,0,728500,1,683041,1,0,0
680,50092832,23817,0,0,0,0,0,0,0,0,0,0,0,0,921417,1,861000,1,0,0
681,48749084,23957,0,0,0,0,0,0,0,0,0,0,0,0,855750,1,793417,1,0,0
682,50485876,23881,0,0,0,0,0,0,0,0,0,0,0,0,882125,1,820458,1,0,0
683,48642208,23817,0,0,0,0,0,0,0,0,0,0,0,0,1202459,1,1141375,1,0,0
684,48017336,24381,0,0,0,0,0,0,0,0,0,0,0,0,791666,1,740334,1,0,0
685,44261624,24185,0,0,0,0,0,0,0,0,0,0,0,0,745583,1,700667,1,0,0
686,43785124,23869,0,0,0,0,0,0,0,0,0,0,0,0,722541,1,663875,1,0,0
687,41915584,23817,0,0,0,0,0,0,0,0,0,0,0,0,755542,1,710291,1,0,0
688,42405916,23881,0,0,0,0,0,0,0,0,0,0,0,0,800334,1,747291,1,0,0
689,38392292,23905,0,0,0,0,0,0,0,0,0,0,0,0,709000,1,653458,1,0,0
690,35772752,23817,0,0,0,0,0,0,0,0,0,0,0,0,702584,1,658875,1,0,0
691,33547960,23933,0,0,0,0,0,0,0,0,0,0,0,0,601875,1,568375,1,0,0
692,33886124,23817,0,0,0,0,0,0,0,0,0,0,0,0,601292,1,556833,1,0,0
693,33993832,23817,0,0,0,0,0,0,0,0,0,0,0,0,582000,1,547958,1,0,0
694,33942876,23969,0,0,0,0,0,0,0,0,0,0,0,0,604750,1,562208,1,0,0
695,33650040,23817,0,0,0,0,0,0,0,0,0,0,0,0,580083,1,545334,1,0,0
696,33991456,23817,0,0,0,0,0,0,0,0,0,0,0,0,607875,1,562000,1,0,0
697,34099168,24497,0,0,0,0,0,0,0,0,0,0,0,0,595084,1,561958,1,0,0
698,33736500,24033,0,0,0,0,0,0,0,0,0,0,0,0,642292,1,603375,1,0,0
699,33052332,23905,0,0,0,0,0,0,0,0,0,0,0,0,607084,1,571958,1,0,0
700,31733000,23881,0,0,0,0,0,0,0,0,0,0,0,0,605292,1,561042,1,0,0
701,30497916,23817,0,0,0,0,0,0,0,0,0,0,0,0,545500,1,514500,1,0,0
702,30426040,23817,0,0,0,0,0,0,0,0,0,0,0,0,586625,1,547750,1,0,0
703,34557040,23817,0,0,0,0,0,0,0,0,0,0,0,0,664375,1,630792,1,0,0
704,32622292,24021,0,0,0,0,0,0,0,0,0,0,0,0,639875,1,597375,1,0,0
705,33381750,23817,0,0,0,0,0,0,0,0,0,0,0,0,551542,1,520209,1,0,0
706,37039460,23817,0,0,0,0,0,0,0,0,0,0,0,0,696833,1,645500,1,0,0
707,36167544,23881,0,0,0,0,0,0,0,0,0,0,0,0,623042,1,588583,1,0,0
708,39306332,23817,0,0,0,0,0,0,0,0,0,0,0,0,651250,1,608500,1,0,0
709,37960540,23905,0,0,0,0,0,0,0,0,0,0,0,0,813584,1,769916,1,0,0
710,39129124,23933,0,0,0,0,0,0,0,0,0,0,0,0,720834,1,668583,1,0,0
711,42875876,23817,0,0,0,0,0,0,0,0,0,0,0,0,641750,1,601750,1,0,0
712,51524500,24381,0,0,0,0,0,0,0,0,0,0,0,0,871875,1,810583,1,0,0
713,65671624,24185,0,0,0,0,0,0,0,0,0,0,0,0,1098709,1,1033250,1,0,0
714,70796416,23817,0,0,0,0,0,0,0,0,0,0,0,0,1148000,1,1072334,1,0,0
715,81829128,23933,0,0,0,0,0,0,0,0,0,0,0,0,1277417,1,1206792,1,0,0
716,67647336,34452,0,0,0,0,0,0,0,0,0,0,0,0,1205125,1,1125750,1,0,0
717,68608080,29609,0,0,0,0,0,0,0,0,0,0,0,0,1133292,1,1069667,1,0,0
718,59906292,23869,0,0,0,0,0,0,0,0,0,0,0,0,1061709,1,979791,1,0,0
719,52333084,24533,0,0,0,0,0,0,0,0,0,0,0,0,891625,1,840625,1,0,0
720,46216544,24033,0,0,0,0,0,0,0,0,0,0,0,0,810375,1,744750,1,0,0
721,47304208,23817,0,0,0,0,0,0,0,0,0,0,0,0,743000,1,688792,1,0,0
722,46585708,23933,0,0,0,0,0,0,0,0,0,0,0,0,792167,1,731125,1,0,0
723,49817960,23905,0,0,0,0,0,0,0,0,0,0,0,0,1040167,1,990709,1,0,0
724,47055292,23817,0,0,0,0,0,0,0,0,0,0,0,0,777833,1,726125,1,0,0
725,45049124,23881,0,0,0,0,0,0,0,0,0,0,0,0,724208,1,675709,1,0,0
726,43764916,23817,0,0,0,0,0,0,0,0,0,0,0,0,676459,1,610041,1,0,0
727,43726708,23957,0,0,0,0,0,0,0,0,0,0,0,0,776167,1,732666,1,0,0
728,45447084,23881,0,0,0,0,0,0,0,0,0,0,0,0,656584,1,608916,1,0,0
729,46350416,23817,0,0,0,0,0,0,0,0,0,0,0,0,771292,1,728792,1,0,0
730,46214624,24381,0,0,0,0,0,0,0,0,0,0,0,0,1228667,1,1151334,1,0,0
731,45176332,24185,0,0,0,0,0,0,0,0,0,0,0,0,1322625,1,1265083,1,0,0
732,46484544,23869,0,0,0,0,0,0,0,0,0,0,0,0,752125,1,697250,1,0,0
733,53116752,23817,0,0,0,0,0,0,0,0,0,0,0,0,776666,1,734209,1,0,0
734,57174292,23881,0,0,0,0,0,0,0,0,0,0,0,0,964458,1,901250,1,0,0
735,52088832,23905,0,0,0,0,0,0,0,0,0,0,0,0,883959,1,810667,1,0,0
736,43767416,23933,0,0,0,0,0,0,0,0,0,0,0,0,740500,1,692542,1,0,0
737,42750168,23817,0,0,0,0,0,0,0,0,0,0,0,0,725375,1,680292,1,0,0
738,38097832,23817,0,0,0,0,0,0,0,0,0,0,0,0,695125,1,649625,1,0,0
739,38468336,23969,0,0,0,0,0,0,0,0,0,0,0,0,695583,1,656208,1,0,0
740,33869000,23817,0,0,0,0,0,0,0,0,0,0,0,0,595792,1,554250,1,0,0
741,33899168,24381,0,0,0,0,0,0,0,0,0,0,0,0,601000,1,566041,1,0,0
742,33704624,24149,0,0,0,0,0,0,0,0,0,0,0,0,634375,1,596416,1,0,0
743,34283336,23817,0,0,0,0,0,0,0,0,0,0,0,0,600042,1,565083,1,0,0
744,34185540,23905,0,0,0,0,0,0,0,0,0,0,0,0,657041,1,595750,1,0,0
745,33605584,23881,0,0,0,0,0,0,0,0,0,0,0,0,616000,1,563000,1,0,0
746,33822376,23817,0,0,0,0,0,0,0,0,0,0,0,0,618709,1,559958,1,0,0
747,36320624,23817,0,0,0,0,0,0,0,0,0,0,0,0,692708,1,636417,1,0,0
748,33742624,23933,0,0,0,0,0,0,0,0,0,0,0,0,651000,1,595292,1,0,0
749,33841416,23905,0,0,0,0,0,0,0,0,0,0,0,0,625834,1,574208,1,0,0
750,34046168,23817,0,0,0,0,0,0,0,0,0,0,0,0,640833,1,577667,1,0,0
751,33425916,23881,0,0,0,0,0,0,0,0,0,0,0,0,637500,1,587167,1,0,0
752,33824376,23817,0,0,0,0,0,0,0,0,0,0,0,0,644500,1,585583,1,0,0
753,33458500,23817,0,0,0,0,0,0,0,0,0,0,0,0,612209,1,559667,1,0,0
754,33906248,24021,0,0,0,0,0,0,0,0,0,0,0,0,649250,1,594208,1,0,0
755,33717000,23817,0,0,0,0,0,0,0,0,0,0,0,0,613625,1,560583,1,0,0
756,33697248,24381,0,0,0,0,0,0,0,0,0,0,0,0,625833,1,566208,1,0,0
757,33939540,24097,0,0,0,0,0,0,0,0,0,0,0,0,592042,1,544417,1,0,0
758,34234040,23817,0,0,0,0,0,0,0,0,0,0,0,0,599042,1,543292,1,0,0
759,33867708,23905,0,0,0,0,0,0,0,0,0,0,0,0,601333,1,552584,1,0,0
760,33742624,23933,0,0,0,0,0,0,0,0,0,0,0,0,639208,1,584125,1,0,0
761,37675248,23817,0,0,0,0,0,0,0,0,0,0,0,0,775959,1,724166,1,0,0
762,33804584,23817,0,0,0,0,0,0,0,0,0,0,0,0,764458,1,696917,1,0,0
763,37486084,23881,0,0,0,0,0,0,0,0,0,0,0,0,703417,1,652333,1,0,0
764,37379124,23905,0,0,0,0,0,0,0,0,0,0,0,0,642041,1,571541,1,0,0
765,37148792,23817,0,0,0,0,0,0,0,0,0,0,0,0,592833,1,542875,1,0,0
766,38062584,23933,0,0,0,0,0,0,0,0,0,0,0,0,646958,1,593250,1,0,0
767,35801124,23817,0,0,0,0,0,0,0,0,0,0,0,0,1201042,1,1126833,1,0,0
768,38523456,23817,0,0,0,0,0,0,0,0,0,0,0,0,661833,1,596208,1,0,0
769,42483416,23969,0,0,0,0,0,0,0,0,0,0,0,0,676250,1,618084,1,0,0
770,51549124,24381,0,0,0,0,0,0,0,0,0,0,0,0,1274458,1,1147292,1,0,0
771,63161584,24085,0,0,0,0,0,0,0,0,0,0,0,0,878750,1,791750,1,0,0
772,67281664,23969,0,0,0,0,0,0,0,0,0,0,0,0,1241417,1,1135084,1,0,0
773,74897208,23817,0,0,0,0,0,0,0,0,0,0,0,0,1218333,1,1115375,1,0,0
774,67530624,23933,0,0,0,0,0,0,0,0,0,0,0,0,1198666,1,1102416,1,0,0
775,67359712,23905,0,0,0,0,0,0,0,0,0,0,0,0,1071084,1,981666,1,0,0
776,61252500,23881,0,0,0,0,0,0,0,0,0,0,0,0,1188875,1,1082542,1,0,0
777,52950544,23817,0,0,0,0,0,0,0,0,0,0,0,0,1070834,1,976708,1,0,0
778,48482456,24585,0,0,0,0,0,0,0,0,0,0,0,0,1081917,1,990584,1,0,0
779,43972544,24033,0,0,0,0,0,0,0,0,0,0,0,0,752583,1,690875,1,0,0
780,46813040,23817,0,0,0,0,0,0,0,0,0,0,0,0,830666,1,760167,1,0,0
781,44983500,23881,0,0,0,0,0,0,0,0,0,0,0,0,783917,1,724042,1,0,0
782,47472876,23905,0,0,0,0,0,0,0,0,0,0,0,0,838500,1,735792,1,0,0
783,42593208,23869,0,0,0,0,0,0,0,0,0,0,0,0,699041,1,645250,1,0,0
784,46913876,23881,0,0,0,0,0,0,0,0,0,0,0,0,781125,1,703166,1,0,0
785,45680376,23817,0,0,0,0,0,0,0,0,0,0,0,0,773708,1,713917,1,0,0
786,45217916,23905,0,0,0,0,0,0,0,0,0,0,0,0,776792,1,684458,1,0,0
787,45530916,23881,0,0,0,0,0,0,0,0,0,0,0,0,753833,1,690750,1,0,0
788,46646832,23869,0,0,0,0,0,0,0,0,0,0,0,0,802625,1,724333,1,0,0
789,45644248,24597,0,0,0,0,0,0,0,0,0,0,0,0,753000,1,692541,1,0,0
790,44580500,23969,0,0,0,0,0,0,0,0,0,0,0,0,772250,1,702292,1,0,0
791,42088832,23817,0,0,0,0,0,0,0,0,0,0,0,0,764958,1,698041,1,0,0
792,38697416,23817,0,0,0,0,0,0,0,0,0,0,0,0,675750,1,612917,1,0,0
793,42278376,23933,0,0,0,0,0,0,0,0,0,0,0,0,791083,1,721084,1,0,0
794,38292376,23905,0,0,0,0,0,0,0,0,0,0,0,0,703959,1,641708,1,0,0
795,38651792,23817,0,0,0,0,0,0,0,0,0,0,0,0,692708,1,633667,1,0,0
796,37751416,23881,0,0,0,0,0,0,0,0,0,0,0,0,681250,1,616334,1,0,0
797,33685876,23817,0,0,0,0,0,0,0,0,0,0,0,0,614708,1,564375,1,0,0
798,33693376,23817,0,0,0,0,0,0,0,0,0,0,0,0,608125,1,545083,1,0,0
799,33753168,24021,0,0,0,0,0,0,0,0,0,0,0,0,661292,1,611125,1,0,0
800,33686000,23817,0,0,0,0,0,0,0,0,0,0,0,0,655000,1,595916,1,0,0
801,33968124,23817,0,0,0,0,0,0,0,0,0,0,0,0,598292,1,546833,1,0,0
802,34070584,24445,0,0,0,0,0,0,0,0,0,0,0,0,652750,1,585500,1,0,0
803,33518584,24033,0,0,0,0,0,0,0,0,0,0,0,0,603958,1,553459,1,0,0
804,33666876,23905,0,0,0,0,0,0,0,0,0,0,0,0,604042,1,549333,1,0,0
805,33932124,23933,0,0,0,0,0,0,0,0,0,0,0,0,634667,1,600958,1,0,0
806,33478834,23817,0,0,0,0,0,0,0,0,0,0,0,0,614666,1,573375,1,0,0
807,36549876,23817,0,0,0,0,0,0,0,0,0,0,0,0,649458,1,615125,1,0,0
808,33602584,23881,0,0,0,0,0,0,0,0,0,0,0,0,627083,1,585250,1,0,0
809,33516500,23905,0,0,0,0,0,0,0,0,0,0,0,0,612125,1,568125,1,0,0
810,35026916,23817,0,0,0,0,0,0,0,0,0,0,0,0,587417,1,546333,1,0,0
811,35483456,23933,0,0,0,0,0,0,0,0,0,0,0,0,636708,1,603500,1,0,0
812,36531000,23817,0,0,0,0,0,0,0,0,0,0,0,0,630833,1,587083,1,0,0
813,36299168,23817,0,0,0,0,0,0,0,0,0,0,0,0,593625,1,559417,1,0,0
814,37534584,23969,0,0,0,0,0,0,0,0,0,0,0,0,651750,1,594625,1,0,0
815,36519208,23817,0,0,0,0,0,0,0,0,0,0,0,0,890042,1,843041,1,0,0
816,36176792,24381,0,0,0,0,0,0,0,0,0,0,0,0,608583,1,558084,1,0,0
817,40164540,24149,0,0,0,0,0,0,0,0,0,0,0,0,1252500,1,1216416,1,0,0
818,44848500,23817,0,0,0,0,0,0,0,0,0,0,0,0,834500,1,776542,1,0,0
819,55702916,23905,0,0,0,0,0,0,0,0,0,0,0,0,905375,1,853708,1,0,0
820,71331504,23881,0,0,0,0,0,0,0,0,0,0,0,0,1113708,1,1025083,1,0,0
821,68257544,23869,0,0,0,0,0,0,0,0,0,0,0,0,1042042,1,979084,1,0,0
822,68968664,23969,0,0,0,0,0,0,0,0,0,0,0,0,1407542,1,1323209,1,0,0
823,72846336,23817,0,0,0,0,0,0,0,0,0,0,0,0,1476750,1,1402500,1,0,0
824,67821080,24699,0,0,0,0,0,0,0,0,0,0,0,0,1095958,1,1016542,1,0,0
825,64366084,24121,0,0,0,0,0,0,0,0,0,0,0,0,1120916,1,1057959,1,0,0
826,56435040,23881,0,0,0,0,0,0,0,0,0,0,0,0,909792,1,847292,1,0,0
827,52442876,23817,0,0,0,0,0,0,0,0,0,0,0,0,868958,1,818083,1,0,0
828,53465084,24021,0,0,0,0,0,0,0,0,0,0,0,0,850167,1,773292,1,0,0
829,46291876,23817,0,0,0,0,0,0,0,0,0,0,0,0,717417,1,674209,1,0,0
830,45695708,23817,0,0,0,0,0,0,0,0,0,0,0,0,757292,1,703750,1,0,0
831,46719040,23881,0,0,0,0,0,0,0,0,0,0,0,0,737000,1,694458,1,0,0
832,46839960,23905,0,0,0,0,0,0,0,0,0,0,0,0,965209,1,904667,1,0,0
833,48960208,23869,0,0,0,0,0,0,0,0,0,0,0,0,747125,1,703250,1,0,0
834,54302292,24445,0,0,0,0,0,0,0,0,0,0,0,0,857667,1,792667,1,0,0
835,53713792,24419,0,0,0,0,0,0,0,0,0,0,0,0,866791,1,812875,1,0,0
836,54159584,23881,0,0,0,0,0,0,0,0,0,0,0,0,773375,1,719666,1,0,0
837,56350124,23869,0,0,0,0,0,0,0,0,0,0,0,0,934042,1,883666,1,0,0
838,60336456,23969,0,0,0,0,0,0,0,0,0,0,0,0,921875,1,856458,1,0,0
839,55083876,23817,0,0,0,0,0,0,0,0,0,0,0,0,908209,1,856500,1,0,0
840,58339832,23881,0,0,0,0,0,0,0,0,0,0,0,0,879625,1,812792,1,0,0
841,52581416,23957,0,0,0,0,0,0,0,0,0,0,0,0,862792,1,803375,1,0,0
842,47465960,23881,0,0,0,0,0,0,0,0,0,0,0,0,908416,1,847084,1,0,0
843,42977124,24381,0,0,0,0,0,0,0,0,0,0,0,0,727000,1,681917,1,0,0
844,38154752,24033,0,0,0,0,0,0,0,0,0,0,0,0,663917,1,615958,1,0,0
845,36923332,23969,0,0,0,0,0,0,0,0,0,0,0,0,667584,1,629625,1,0,0
846,34301584,23869,0,0,0,0,0,0,0,0,0,0,0,0,617375,1,575958,1,0,0
847,34710792,23817,0,0,0,0,0,0,0,0,0,0,0,0,626583,1,591750,1,0,0
848,37850416,23881,0,0,0,0,0,0,0,0,0,0,0,0,778875,1,718708,1,0,0
849,33996292,23817,0,0,0,0,0,0,0,0,0,0,0,0,621958,1,585958,1,0,0
850,33725208,23905,0,0,0,0,0,0,0,0,0,0,0,0,622000,1,572625,1,0,0
851,33707624,23881,0,0,0,0,0,0,0,0,0,0,0,0,593375,1,559542,1,0,0
852,33868332,23869,0,0,0,0,0,0,0,0,0,0,0,0,621167,1,578750,1,0,0
853,33608248,23817,0,0,0,0,0,0,0,0,0,0,0,0,592000,1,559417,1,0,0
854,33140542,23881,0,0,0,0,0,0,0,0,0,0,0,0,637292,1,596333,1,0,0
855,30847376,23905,0,0,0,0,0,0,0,0,0,0,0,0,567375,1,536000,1,0,0
856,30501584,23817,0,0,0,0,0,0,0,0,0,0,0,0,562291,1,522834,1,0,0
857,30526168,23817,0,0,0,0,0,0,0,0,0,0,0,0,547792,1,517125,1,0,0
858,30507000,24445,0,0,0,0,0,0,0,0,0,0,0,0,543000,1,509000,1,0,0
859,30421166,24085,0,0,0,0,0,0,0,0,0,0,0,0,538667,1,507292,1,0,0
860,30949376,23905,0,0,0,0,0,0,0,0,0,0,0,0,557458,1,517416,1,0,0
861,33789416,23817,0,0,0,0,0,0,0,0,0,0,0,0,587500,1,554125,1,0,0
862,35941708,23881,0,0,0,0,0,0,0,0,0,0,0,0,655584,1,611208,1,0,0
863,39150456,23817,0,0,0,0,0,0,0,0,0,0,0,0,678167,1,642458,1,0,0
864,37216664,23817,0,0,0,0,0,0,0,0,0,0,0,0,615834,1,570333,1,0,0
865,37333040,24021,0,0,0,0,0,0,0,0,0,0,0,0,849125,1,798875,1,0,0
866,37681832,23817,0,0,0,0,0,0,0,0,0,0,0,0,707791,1,664292,1,0,0
867,41813916,23817,0,0,0,0,0,0,0,0,0,0,0,0,688750,1,650167,1,0,0
868,48701416,23881,0,0,0,0,0,0,0,0,0,0,0,0,772834,1,722541,1,0,0
869,63875168,23905,0,0,0,0,0,0,0,0,0,0,0,0,1286250,1,1227625,1,0,0
870,71521504,24497,0,0,0,0,0,0,0,0,0,0,0,0,1039333,1,961500,1,0,0
871,82137872,24033,0,0,0,0,0,0,0,0,0,0,0,0,1021125,1,959959,1,0,0
872,78114664,23969,0,0,0,0,0,0,0,0,0,0,0,0,1117416,1,1041708,1,0,0
873,73352336,23869,0,0,0,0,0,0,0,0,0,0,0,0,1114917,1,1046458,1,0,0
874,68843712,23969,0,0,0,0,0,0,0,0,0,0,0,0,1332166,1,1253083,1,0,0
875,60271000,23817,0,0,0,0,0,0,0,0,0,0,0,0,1297125,1,1215875,1,0,0
876,57160168,23933,0,0,0,0,0,0,0,0,0,0,0,0,1326000,1,1253333,1,0,0
877,50093248,23905,0,0,0,0,0,0,0,0,0,0,0,0,851625,1,798875,1,0,0
878,46688376,24445,0,0,0,0,0,0,0,0,0,0,0,0,747917,1,697041,1,0,0
879,50295168,24033,0,0,0,0,0,0,0,0,0,0,0,0,958667,1,891125,1,0,0
880,51357960,23869,0,0,0,0,0,0,0,0,0,0,0,0,1016709,1,952500,1,0,0
881,53599540,23969,0,0,0,0,0,0,0,0,0,0,0,0,821542,1,769917,1,0,0
882,57781624,23817,0,0,0,0,0,0,0,0,0,0,0,0,934291,1,870959,1,0,0
883,55782084,23881,0,0,0,0,0,0,0,0,0,0,0,0,1298375,1,1208584,1,0,0
884,56337416,23957,0,0,0,0,0,0,0,0,0,0,0,0,1231750,1,1169333,1,0,0
885,55118708,23881,0,0,0,0,0,0,0,0,0,0,0,0,898042,1,846542,1,0,0
886,50527248,23817,0,0,0,0,0,0,0,0,0,0,0,0,830958,1,774584,1,0,0
887,44394500,24533,0,0,0,0,0,0,0,0,0,0,0,0,769083,1,726042,1,0,0
888,43543332,24085,0,0,0,0,0,0,0,0,0,0,0,0,745125,1,673666,1,0,0
889,38099876,23817,0,0,0,0,0,0,0,0,0,0,0,0,690833,1,653042,1,0,0
890,38368500,23881,0,0,0,0,0,0,0,0,0,0,0,0,651167,1,605500,1,0,0
891,37101208,23905,0,0,0,0,0,0,0,0,0,0,0,0,643750,1,606833,1,0,0
892,36860960,23817,0,0,0,0,0,0,0,0,0,0,0,0,710042,1,665333,1,0,0
893,33504624,23881,0,0,0,0,0,0,0,0,0,0,0,0,643375,1,609667,1,0,0
894,33840668,23869,0,0,0,0,0,0,0,0,0,0,0,0,607542,1,556916,1,0,0
895,33795124,23817,0,0,0,0,0,0,0,0,0,0,0,0,600958,1,566209,1,0,0
896,33722124,23969,0,0,0,0,0,0,0,0,0,0,0,0,607625,1,553375,1,0,0
897,33872040,23817,0,0,0,0,0,0,0,0,0,0,0,0,593667,1,560208,1,0,0
898,33698168,23817,0,0,0,0,0,0,0,0,0,0,0,0,618584,1,575208,1,0,0
899,34032792,23881,0,0,0,0,0,0,0,0,0,0,0,0,608458,1,568250,1,0,0
900,33501792,23869,0,0,0,0,0,0,0,0,0,0,0,0,615208,1,574916,1,0,0
901,31481958,24469,0,0,0,0,0,0,0,0,0,0,0,0,597375,1,564125,1,0,0
902,30820668,24033,0,0,0,0,0,0,0,0,0,0,0,0,557917,1,518833,1,0,0
903,30634458,23881,0,0,0,0,0,0,0,0,0,0,0,0,558375,1,526875,1,0,0
904,30596040,23817,0,0,0,0,0,0,0,0,0,0,0,0,574208,1,534917,1,0,0
905,31206832,23817,0,0,0,0,0,0,0,0,0,0,0,0,576000,1,545167,1,0,0
906,35329416,23905,0,0,0,0,0,0,0,0,0,0,0,0,586625,1,545584,1,0,0
907,40643668,23933,0,0,0,0,0,0,0,0,0,0,0,0,1153500,1,1111333,1,0,0
908,36592832,23817,0,0,0,0,0,0,0,0,0,0,0,0,633042,1,590792,1,0,0
909,36337876,23817,0,0,0,0,0,0,0,0,0,0,0,0,629041,1,581584,1,0,0
910,36844584,23881,0,0,0,0,0,0,0,0,0,0,0,0,647458,1,600916,1,0,0
911,38294876,23905,0,0,0,0,0,0,0,0,0,0,0,0,645084,1,602125,1,0,0
912,41431500,23289,0,0,0,0,0,0,0,0,0,0,0,0,660375,1,624334,1,0,0
913,50208084,23405,0,0,0,0,0,0,0,0,0,0,0,0,647916,1,609542,1,0,0
914,63733168,23853,0,0,0,0,0,0,0,0,0,0,0,0,809292,1,757666,1,0,0
915,76916040,35955,0,0,0,0,0,0,0,0,0,0,0,0,1044083,1,984792,1,0,0
916,73595080,25967,0,0,0,0,0,0,0,0,0,0,0,0,1098542,1,1029333,1,0,0
917,71865504,23405,0,0,0,0,0,0,0,0,0,0,0,0,1009417,1,950875,1,0,0
918,68148960,23377,0,0,0,0,0,0,0,0,0,0,0,0,994083,1,923417,1,0,0
919,58933500,23353,0,0,0,0,0,0,0,0,0,0,0,0,977083,1,918375,1,0,0
920,50508124,23289,0,0,0,0,0,0,0,0,0,0,0,0,803792,1,756542,1,0,0
921,45134584,23493,0,0,0,0,0,0,0,0,0,0,0,0,689166,1,621000,1,0,0
922,43679000,23853,0,0,0,0,0,0,0,0,0,0,0,0,710708,1,669292,1,0,0
923,41093544,23505,0,0,0,0,0,0,0,0,0,0,0,0,623083,1,589917,1,0,0
924,40561248,23353,0,0,0,0,0,0,0,0,0,0,0,0,826333,1,770042,1,0,0
925,45433832,23377,0,0,0,0,0,0,0,0,0,0,0,0,938958,1,890833,1,0,0
926,44153624,23341,0,0,0,0,0,0,0,0,0,0,0,0,740667,1,696083,1,0,0
927,49559456,23353,0,0,0,0,0,0,0,0,0,0,0,0,810125,1,740959,1,0,0
928,46002752,23289,0,0,0,0,0,0,0,0,0,0,0,0,690584,1,650667,1,0,0
929,45489416,23377,0,0,0,0,0,0,0,0,0,0,0,0,662084,1,624000,1,0,0
930,45408664,23353,0,0,0,0,0,0,0,0,0,0,0,0,938708,1,883167,1,0,0
931,44341376,23341,0,0,0,0,0,0,0,0,0,0,0,0,653750,1,616208,1,0,0
932,45900708,23289,0,0,0,0,0,0,0,0,0,0,0,0,661167,1,622666,1,0,0
933,48697040,23441,0,0,0,0,0,0,0,0,0,0,0,0,714667,1,655833,1,0,0
934,49408248,23853,0,0,0,0,0,0,0,0,0,0,0,0,752458,1,711792,1,0,0
935,50515832,23505,0,0,0,0,0,0,0,0,0,0,0,0,763084,1,718750,1,0,0
936,47699168,23405,0,0,0,0,0,0,0,0,0,0,0,0,727000,1,669500,1,0,0
937,49788584,23377,0,0,0,0,0,0,0,0,0,0,0,0,757042,1,715958,1,0,0
938,43507248,23289,0,0,0,0,0,0,0,0,0,0,0,0,681292,1,645000,1,0,0
939,43792544,23353,0,0,0,0,0,0,0,0,0,0,0,0,689334,1,630333,1,0,0
940,41192832,23289,0,0,0,0,0,0,0,0,0,0,0,0,663791,1,628208,1,0,0
941,37568500,23429,0,0,0,0,0,0,0,0,0,0,0,0,578542,1,546750,1,0,0
942,37768832,23353,0,0,0,0,0,0,0,0,0,0,0,0,643125,1,590541,1,0,0
943,34402124,23289,0,0,0,0,0,0,0,0,0,0,0,0,587334,1,555000,1,0,0
944,33513376,23289,0,0,0,0,0,0,0,0,0,0,0,0,556958,1,520791,1,0,0
945,33714292,23917,0,0,0,0,0,0,0,0,0,0,0,0,544042,1,505083,1,0,0
946,33643708,23593,0,0,0,0,0,0,0,0,0,0,0,0,563500,1,531708,1,0,0
947,33849832,23341,0,0,0,0,0,0,0,0,0,0,0,0,556041,1,527833,1,0,0
948,33513458,23353,0,0,0,0,0,0,0,0,0,0,0,0,548375,1,513291,1,0,0
949,34114916,23289,0,0,0,0,0,0,0,0,0,0,0,0,554583,1,525459,1,0,0
950,33516666,23289,0,0,0,0,0,0,0,0,0,0,0,0,554833,1,527250,1,0,0
951,37608040,23441,0,0,0,0,0,0,0,0,0,0,0,0,640666,1,597125,1,0,0
952,33426042,23289,0,0,0,0,0,0,0,0,0,0,0,0,543875,1,515834,1,0,0
953,33053750,23341,0,0,0,0,0,0,0,0,0,0,0,0,555500,1,527375,1,0,0
954,31354040,23353,0,0,0,0,0,0,0,0,0,0,0,0,508708,1,473666,1,0,0
955,30424084,23289,0,0,0,0,0,0,0,0,0,0,0,0,531291,1,498834,1,0,0
956,30313834,23377,0,0,0,0,0,0,0,0,0,0,0,0,504083,1,478333,1,0,0
957,30417084,23289,0,0,0,0,0,0,0,0,0,0,0,0,542625,1,512875,1,0,0
958,31461832,23353,0,0,0,0,0,0,0,0,0,0,0,0,500584,1,473792,1,0,0
959,33294042,23289,0,0,0,0,0,0,0,0,0,0,0,0,592958,1,565125,1,0,0
960,33672668,23341,0,0,0,0,0,0,0,0,0,0,0,0,638458,1,578291,1,0,0
961,33491750,23941,0,0,0,0,0,0,0,0,0,0,0,0,572958,1,544083,1,0,0
962,33036960,23569,0,0,0,0,0,0,0,0,0,0,0,0,579750,1,552125,1,0,0
963,33724168,23289,0,0,0,0,0,0,0,0,0,0,0,0,603167,1,566333,1,0,0
964,36976040,23289,0,0,0,0,0,0,0,0,0,0,0,0,623041,1,591333,1,0,0
965,35318000,23353,0,0,0,0,0,0,0,0,0,0,0,0,550875,1,519375,1,0,0
966,39082124,23429,0,0,0,0,0,0,0,0,0,0,0,0,607750,1,567708,1,0,0
967,34941124,23289,0,0,0,0,0,0,0,0,0,0,0,0,565834,1,533792,1,0,0
968,37040916,23353,0,0,0,0,0,0,0,0,0,0,0,0,555083,1,526292,1,0,0
969,37334376,23289,0,0,0,0,0,0,0,0,0,0,0,0,565250,1,530250,1,0,0
970,41478916,23289,0,0,0,0,0,0,0,0,0,0,0,0,627167,1,588000,1,0,0
971,49762336,23441,0,0,0,0,0,0,0,0,0,0,0,0,693166,1,654542,1,0,0
972,60482544,23341,0,0,0,0,0,0,0,0,0,0,0,0,776209,1,725834,1,0,0
973,66194624,23917,0,0,0,0,0,0,0,0,0,0,0,0,913584,1,859500,1,0,0
974,67333208,23593,0,0,0,0,0,0,0,0,0,0,0,0,926459,1,872292,1,0,0
975,68059168,23353,0,0,0,0,0,0,0,0,0,0,0,0,1040666,1,977209,1,0,0
976,75416376,23341,0,0,0,0,0,0,0,0,0,0,0,0,1352500,1,1287917,1,0,0
977,67101668,23441,0,0,0,0,0,0,0,0,0,0,0,0,1018500,1,966084,1,0,0
978,68362704,23289,0,0,0,0,0,0,0,0,0,0,0,0,951250,1,888042,1,0,0
979,55400168,23405,0,0,0,0,0,0,0,0,0,0,0,0,908583,1,860125,1,0,0
980,53615084,23377,0,0,0,0,0,0,0,0,0,0,0,0,863000,1,819458,1,0,0
981,48103040,23917,0,0,0,0,0,0,0,0,0,0,0,0,828958,1,782750,1,0,0
982,51247456,23505,0,0,0,0,0,0,0,0,0,0,0,0,1110625,1,1063042,1,0,0
983,49415876,23429,0,0,0,0,0,0,0,0,0,0,0,0,1171000,1,1119875,1,0,0
984,51798876,23353,0,0,0,0,0,0,0,0,0,0,0,0,789334,1,745916,1,0,0
985,53025124,23289,0,0,0,0,0,0,0,0,0,0,0,0,769916,1,722750,1,0,0
986,46650752,23441,0,0,0,0,0,0,0,0,0,0,0,0,682709,1,645042,1,0,0
987,48305376,23341,0,0,0,0,0,0,0,0,0,0,0,0,1147875,1,1085458,1,0,0
988,50304460,23289,0,0,0,0,0,0,0,0,0,0,0,0,1136708,1,1083833,1,0,0
989,50261000,23353,0,0,0,0,0,0,0,0,0,0,0,0,913750,1,875625,1,0,0
990,46716500,23377,0,0,0,0,0,0,0,0,0,0,0,0,680291,1,635417,1,0,0
991,44887960,23853,0,0,0,0,0,0,0,0,0,0,0,0,636750,1,601791,1,0,0
992,42422332,23621,0,0,0,0,0,0,0,0,0,0,0,0,699917,1,663875,1,0,0
993,40758416,23289,0,0,0,0,0,0,0,0,0,0,0,0,784750,1,733958,1,0,0
994,38222668,23377,0,0,0,0,0,0,0,0,0,0,0,0,598000,1,564500,1,0,0
995,41718960,23353,0,0,0,0,0,0,0,0,0,0,0,0,827292,1,789375,1,0,0
996,34518456,23289,0,0,0,0,0,0,0,0,0,0,0,0,604292,1,569542,1,0,0
997,33743376,23289,0,0,0,0,0,0,0,0,0,0,0,0,545125,1,517625,1,0,0
998,33784792,23405,0,0,0,0,0,0,0,0,0,0,0,0,578000,1,547625,1,0,0
999,34077332,23377,0,0,0,0,0,0,0,0,0,0,0,0,577750,1,542916,1,0,0
1000,33673456,23289,0,0,0,0,0,0,0,0,0,0,0,0,546500,1,518791,1,0,0
1001,33577708,23353,0,0,0,0,0,0,0,0,0,0,0,0,523709,1,495917,1,0,0
1002,33455124,23289,0,0,0,0,0,0,0,0,0,0,0,0,565917,1,529750,1,0,0
1003,33241584,23289,0,0,0,0,0,0,0,0,0,0,0,0,560250,1,532292,1,0,0
1004,33496958,23493,0,0,0,0,0,0,0,0,0,0,0,0,528834,1,501250,1,0,0
1005,33545624,23853,0,0,0,0,0,0,0,0,0,0,0,0,544291,1,499833,1,0,0
1006,33268876,23505,0,0,0,0,0,0,0,0,0,0,0,0,526417,1,498750,1,0,0
1007,33324500,23353,0,0,0,0,0,0,0,0,0,0,0,0,537583,1,508583,1,0,0
1008,33300460,23289,0,0,0,0,0,0,0,0,0,0,0,0,548583,1,517750,1,0,0
1009,33695792,23377,0,0,0,0,0,0,0,0,0,0,0,0,554750,1,526916,1,0,0
1010,37081916,23405,0,0,0,0,0,0,0,0,0,0,0,0,650875,1,620208,1,0,0
1011,33377416,23289,0,0,0,0,0,0,0,0,0,0,0,0,554959,1,513375,1,0,0
1012,33737792,23289,0,0,0,0,0,0,0,0,0,0,0,0,567083,1,537959,1,0,0
1013,33046960,23353,0,0,0,0,0,0,0,0,0,0,0,0,525917,1,498458,1,0,0
1014,31606168,23377,0,0,0,0,0,0,0,0,0,0,0,0,517709,1,487583,1,0,0
1015,33525500,23289,0,0,0,0,0,0,0,0,0,0,0,0,544583,1,515542,1,0,0
1016,38124708,23341,0,0,0,0,0,0,0,0,0,0,0,0,1238834,1,1189083,1,0,0
1017,35561544,23353,0,0,0,0,0,0,0,0,0,0,0,0,584250,1,549750,1,0,0
1018,34543832,23289,0,0,0,0,0,0,0,0,0,0,0,0,615792,1,583917,1,0,0
1019,36506668,23941,0,0,0,0,0,0,0,0,0,0,0,0,767250,1,722125,1,0,0
1020,36812960,23989,0,0,0,0,0,0,0,0,0,0,0,0,718459,1,687208,1,0,0
1021,35223124,23709,0,0,0,0,0,0,0,0,0,0,0,0,573625,1,532500,1,0,0
1022,36669500,23761,0,0,0,0,0,0,0,0,0,0,0,0,613959,1,583541,1,0,0
1023,42370168,23773,0,0,0,0,0,0,0,0,0,0,0,0,807959,1,761250,1,0,0
1024,59878168,27247,0,0,0,0,0,0,0,0,0,0,0,0,931417,1,877250,1,0,0
1025,64603000,26451,0,0,0,0,0,0,0,0,0,0,0,0,903042,1,850917,1,0,0
1026,66491332,23761,0,0,0,0,0,0,0,0,0,0,0,0,1214041,1,1157000,1,0,0
1027,67052460,23861,0,0,0,0,0,0,0,0,0,0,0,0,1164417,1,1092375,1,0,0
1028,67064084,23709,0,0,0,0,0,0,0,0,0,0,0,0,1066333,1,1006333,1,0,0
1029,65551416,24389,0,0,0,0,0,0,0,0,0,0,0,0,1187750,1,1074500,1,0,0
1030,53849624,24013,0,0,0,0,0,0,0,0,0,0,0,0,877292,1,830125,1,0,0
1031,52818124,23773,0,0,0,0,0,0,0,0,0,0,0,0,1033917,1,963042,1,0,0
1032,50499752,23709,0,0,0,0,0,0,0,0,0,0,0,0,797541,1,756833,1,0,0
1033,44874624,23913,0,0,0,0,0,0,0,0,0,0,0,0,925541,1,869416,1,0,0
1034,45019208,23709,0,0,0,0,0,0,0,0,0,0,0,0,815542,1,774458,1,0,0
1035,45416416,23709,0,0,0,0,0,0,0,0,0,0,0,0,749583,1,684541,1,0,0
1036,45456960,23773,0,0,0,0,0,0,0,0,0,0,0,0,706834,1,667334,1,0,0
1037,45173416,23797,0,0,0,0,0,0,0,0,0,0,0,0,740250,1,694833,1,0,0
1038,45547752,23761,0,0,0,0,0,0,0,0,0,0,0,0,746708,1,708833,1,0,0
1039,44773500,24337,0,0,0,0,0,0,0,0,0,0,0,0,684750,1,631875,1,0,0
1040,44819124,23925,0,0,0,0,0,0,0,0,0,0,0,0,836000,1,773208,1,0,0
1041,45266000,23797,0,0,0,0,0,0,0,0,0,0,0,0,734917,1,690000,1,0,0
1042,46242832,23773,0,0,0,0,0,0,0,0,0,0,0,0,715291,1,677208,1,0,0
1043,48863664,23761,0,0,0,0,0,0,0,0,0,0,0,0,805208,1,754958,1,0,0
1044,50914668,23709,0,0,0,0,0,0,0,0,0,0,0,0,994208,1,941750,1,0,0
1045,55060792,23861,0,0,0,0,0,0,0,0,0,0,0,0,963625,1,902125,1,0,0
1046,55710668,23709,0,0,0,0,0,0,0,0,0,0,0,0,840000,1,792416,1,0,0
1047,61187248,23825,0,0,0,0,0,0,0,0,0,0,0,0,906375,1,841167,1,0,0
1048,60168708,23797,0,0,0,0,0,0,0,0,0,0,0,0,1009667,1,951000,1,0,0
1049,52180040,24337,0,0,0,0,0,0,0,0,0,0,0,0,835333,1,778542,1,0,0
1050,45561376,23925,0,0,0,0,0,0,0,0,0,0,0,0,835584,1,786083,1,0,0
1051,41778876,23849,0,0,0,0,0,0,0,0,0,0,0,0,734625,1,689458,1,0,0
1052,38242084,23773,0,0,0,0,0,0,0,0,0,0,0,0,618375,1,583625,1,0,0
1053,38775000,23709,0,0,0,0,0,0,0,0,0,0,0,0,767459,1,723375,1,0,0
1054,35855124,23709,0,0,0,0,0,0,0,0,0,0,0,0,615791,1,579167,1,0,0
1055,35608752,23861,0,0,0,0,0,0,0,0,0,0,0,0,592750,1,553625,1,0,0
1056,36251664,23709,0,0,0,0,0,0,0,0,0,0,0,0,607209,1,573625,1,0,0
1057,37484456,23761,0,0,0,0,0,0,0,0,0,0,0,0,756416,1,712750,1,0,0
1058,35481208,23773,0,0,0,0,0,0,0,0,0,0,0,0,640292,1,603541,1,0,0
1059,37259040,23709,0,0,0,0,0,0,0,0,0,0,0,0,600416,1,561625,1,0,0
1060,40298664,23797,0,0,0,0,0,0,0,0,0,0,0,0,939291,1,906417,1,0,0
1061,42933792,24337,0,0,0,0,0,0,0,0,0,0,0,0,650500,1,608750,1,0,0
1062,47051500,23925,0,0,0,0,0,0,0,0,0,0,0,0,713625,1,673125,1,0,0
1063,53685000,23761,0,0,0,0,0,0,0,0,0,0,0,0,824333,1,767166,1,0,0
1064,61985168,23861,0,0,0,0,0,0,0,0,0,0,0,0,1019791,1,963958,1,0,0
1065,72048000,23709,0,0,0,0,0,0,0,0,0,0,0,0,1686333,1,1607500,1,0,0
1066,67270376,23773,0,0,0,0,0,0,0,0,0,0,0,0,1065084,1,990542,1,0,0
1067,62166624,23849,0,0,0,0,0,0,0,0,0,0,0,0,1043417,1,974375,1,0,0
1068,55052248,23773,0,0,0,0,0,0,0,0,0,0,0,0,836000,1,788125,1,0,0
1069,54800168,23709,0,0,0,0,0,0,0,0,0,0,0,0,853167,1,797167,1,0,0
1070,56029248,24425,0,0,0,0,0,0,0,0,0,0,0,0,1033959,1,984542,1,0,0
1071,55734168,23977,0,0,0,0,0,0,0,0,0,0,0,0,868125,1,812958,1,0,0
1072,60834168,23773,0,0,0,0,0,0,0,0,0,0,0,0,843958,1,794875,1,0,0
1073,61338416,23797,0,0,0,0,0,0,0,0,0,0,0,0,899333,1,837209,1,0,0
1074,55540960,23773,0,0,0,0,0,0,0,0,0,0,0,0,863292,1,813541,1,0,0
1075,58421544,23761,0,0,0,0,0,0,0,0,0,0,0,0,857875,1,797750,1,0,0
1076,60565332,23861,0,0,0,0,0,0,0,0,0,0,0,0,857417,1,806083,1,0,0
1077,61760416,23709,0,0,0,0,0,0,0,0,0,0,0,0,1259583,1,1185791,1,0,0
1078,59738208,24337,0,0,0,0,0,0,0,0,0,0,0,0,947042,1,885334,1,0,0
1079,64404624,24065,0,0,0,0,0,0,0,0,0,0,0,0,1102709,1,1014542,1,0,0
1080,58888248,23773,0,0,0,0,0,0,0,0,0,0,0,0,883417,1,829709,1,0,0
1081,58554248,23709,0,0,0,0,0,0,0,0,0,0,0,0,1166583,1,1093000,1,0,0
1082,58548000,23861,0,0,0,0,0,0,0,0,0,0,0,0,999333,1,943042,1,0,0
1083,47863124,23761,0,0,0,0,0,0,0,0,0,0,0,0,839416,1,781500,1,0,0
1084,42845832,23773,0,0,0,0,0,0,0,0,0,0,0,0,724583,1,682750,1,0,0
1085,38346416,23709,0,0,0,0,0,0,0,0,0,0,0,0,650375,1,600500,1,0,0
1086,37173168,23797,0,0,0,0,0,0,0,0,0,0,0,0,645166,1,608417,1,0,0
1087,33738168,23773,0,0,0,0,0,0,0,0,0,0,0,0,603791,1,563583,1,0,0
1088,34115584,23709,0,0,0,0,0,0,0,0,0,0,0,0,737625,1,702458,1,0,0
1089,34380040,24325,0,0,0,0,0,0,0,0,0,0,0,0,743541,1,704958,1,0,0
1090,34057248,23989,0,0,0,0,0,0,0,0,0,0,0,0,610084,1,576875,1,0,0
1091,33600332,23797,0,0,0,0,0,0,0,0,0,0,0,0,623209,1,586833,1,0,0
1092,33306458,23709,0,0,0,0,0,0,0,0,0,0,0,0,600500,1,568208,1,0,0
1093,33441292,23773,0,0,0,0,0,0,0,0,0,0,0,0,576417,1,537625,1,0,0
1094,36090752,23709,0,0,0,0,0,0,0,0,0,0,0,0,666917,1,631083,1,0,0
1095,33650832,23761,0,0,0,0,0,0,0,0,0,0,0,0,616708,1,576125,1,0,0
1096,33610456,23861,0,0,0,0,0,0,0,0,0,0,0,0,560167,1,528333,1,0,0
1097,32827624,23709,0,0,0,0,0,0,0,0,0,0,0,0,578291,1,533667,1,0,0
1098,30177500,23709,0,0,0,0,0,0,0,0,0,0,0,0,555625,1,523167,1,0,0
1099,30767540,23709,0,0,0,0,0,0,0,0,0,0,0,0,552458,1,518583,1,0,0
1100,30579376,23773,0,0,0,0,0,0,0,0,0,0,0,0,563000,1,533250,1,0,0
1101,31432500,23797,0,0,0,0,0,0,0,0,0,0,0,0,564958,1,532042,1,0,0
1102,31581500,23761,0,0,0,0,0,0,0,0,0,0,0,0,562041,1,532000,1,0,0
1103,31432376,23709,0,0,0,0,0,0,0,0,0,0,0,0,548333,1,512209,1,0,0
1104,33393958,24337,0,0,0,0,0,0,0,0,0,0,0,0,566833,1,536291,1,0,0
1105,33431458,23925,0,0,0,0,0,0,0,0,0,0,0,0,603167,1,565958,1,0,0
1106,33587960,23797,0,0,0,0,0,0,0,0,0,0,0,0,584959,1,551750,1,0,0
1107,33647544,23773,0,0,0,0,0,0,0,0,0,0,0,0,598291,1,557584,1,0,0
1108,34216708,23709,0,0,0,0,0,0,0,0,0,0,0,0,571000,1,537459,1,0,0
1109,39522168,23761,0,0,0,0,0,0,0,0,0,0,0,0,678125,1,633125,1,0,0
1110,36555376,23773,0,0,0,0,0,0,0,0,0,0,0,0,925958,1,892084,1,0,0
1111,34970708,23797,0,0,0,0,0,0,0,0,0,0,0,0,581000,1,539666,1,0,0
1112,36689416,23709,0,0,0,0,0,0,0,0,0,0,0,0,651334,1,616083,1,0,0
1113,36341960,23773,0,0,0,0,0,0,0,0,0,0,0,0,600375,1,549750,1,0,0
1114,35136832,23709,0,0,0,0,0,0,0,0,0,0,0,0,568209,1,535791,1,0,0
1115,40508000,23761,0,0,0,0,0,0,0,0,0,0,0,0,607167,1,568417,1,0,0
1116,43427664,23861,0,0,0,0,0,0,0,0,0,0,0,0,858667,1,817500,1,0,0
1117,57771500,24273,0,0,0,0,0,0,0,0,0,0,0,0,745917,1,690042,1,0,0
1118,68170000,23989,0,0,0,0,0,0,0,0,0,0,0,0,997250,1,935333,1,0,0
1119,71944040,23849,0,0,0,0,0,0,0,0,0,0,0,0,1155500,1,1071625,1,0,0
1120,77521376,23773,0,0,0,0,0,0,0,0,0,0,0,0,1145334,1,1077125,1,0,0
1121,68426000,23709,0,0,0,0,0,0,0,0,0,0,0,0,1095917,1,1023625,1,0,0
1122,64176752,23913,0,0,0,0,0,0,0,0,0,0,0,0,1211208,1,1145167,1,0,0
1123,52675292,23709,0,0,0,0,0,0,0,0,0,0,0,0,929000,1,849125,1,0,0
1124,45186792,23773,0,0,0,0,0,0,0,0,0,0,0,0,734875,1,692458,1,0,0
1125,46082500,24361,0,0,0,0,0,0,0,0,0,0,0,0,786917,1,713750,1,0,0
1126,47007040,23977,0,0,0,0,0,0,0,0,0,0,0,0,1217625,1,1163459,1,0,0
1127,48220168,23773,0,0,0,0,0,0,0,0,0,0,0,0,761541,1,690000,1,0,0
1128,47440208,23709,0,0,0,0,0,0,0,0,0,0,0,0,735167,1,692833,1,0,0
1129,50291376,23797,0,0,0,0,0,0,0,0,0,0,0,0,804458,1,748084,1,0,0
1130,53426292,23773,0,0,0,0,0,0,0,0,0,0,0,0,741416,1,700250,1,0,0
1131,55050124,23761,0,0,0,0,0,0,0,0,0,0,0,0,846750,1,790209,1,0,0
1132,63976832,23861,0,0,0,0,0,0,0,0,0,0,0,0,1091125,1,982542,1,0,0
1133,62165752,23709,0,0,0,0,0,0,0,0,0,0,0,0,1084167,1,1015084,1,0,0
1134,54775376,23773,0,0,0,0,0,0,0,0,0,0,0,0,844084,1,794375,1,0,0
1135,62800000,24413,0,0,0,0,0,0,0,0,0,0,0,0,1498750,1,1430167,1,0,0
1136,58290624,23989,0,0,0,0,0,0,0,0,0,0,0,0,856709,1,805625,1,0,0
1137,52624916,23709,0,0,0,0,0,0,0,0,0,0,0,0,878584,1,817209,1,0,0
1138,54190168,23861,0,0,0,0,0,0,0,0,0,0,0,0,912917,1,860959,1,0,0
1139,44090456,23761,0,0,0,0,0,0,0,0,0,0,0,0,754084,1,702500,1,0,0
1140,37821376,23709,0,0,0,0,0,0,0,0,0,0,0,0,669250,1,632875,1,0,0
1141,37529084,23773,0,0,0,0,0,0,0,0,0,0,0,0,642667,1,601375,1,0,0
1142,34527460,23797,0,0,0,0,0,0,0,0,0,0,0,0,569792,1,537541,1,0,0
1143,33955500,23709,0,0,0,0,0,0,0,0,0,0,0,0,594875,1,557208,1,0,0
1144,33533000,23773,0,0,0,0,0,0,0,0,0,0,0,0,593167,1,560416,1,0,0
1145,33831876,23761,0,0,0,0,0,0,0,0,0,0,0,0,602917,1,562666,1,0,0
1146,33437832,24273,0,0,0,0,0,0,0,0,0,0,0,0,607208,1,574500,1,0,0
1147,33340000,24077,0,0,0,0,0,0,0,0,0,0,0,0,611250,1,570209,1,0,0
1148,33616040,23709,0,0,0,0,0,0,0,0,0,0,0,0,611875,1,579042,1,0,0
1149,33017250,23709,0,0,0,0,0,0,0,0,0,0,0,0,607625,1,572250,1,0,0
1150,30391666,23709,0,0,0,0,0,0,0,0,0,0,0,0,560334,1,528458,1,0,0
1151,30385292,23773,0,0,0,0,0,0,0,0,0,0,0,0,569542,1,534125,1,0,0
1152,33149916,23849,0,0,0,0,0,0,0,0,0,0,0,0,611500,1,578709,1,0,0
1153,30837584,23709,0,0,0,0,0,0,0,0,0,0,0,0,531250,1,498750,1,0,0
1154,33758332,23709,0,0,0,0,0,0,0,0,0,0,0,0,632750,1,600625,1,0,0
1155,34765000,23773,0,0,0,0,0,0,0,0,0,0,0,0,604125,1,567250,1,0,0
1156,36298208,23709,0,0,0,0,0,0,0,0,0,0,0,0,577584,1,542875,1,0,0
1157,37432416,23797,0,0,0,0,0,0,0,0,0,0,0,0,590333,1,547208,1,0,0
1158,35780336,23825,0,0,0,0,0,0,0,0,0,0,0,0,1152542,1,1098792,1,0,0
1159,35260708,23709,0,0,0,0,0,0,0,0,0,0,0,0,859500,1,804625,1,0,0
1160,38367584,23709,0,0,0,0,0,0,0,0,0,0,0,0,604000,1,568042,1,0,0
1161,40164584,24337,0,0,0,0,0,0,0,0,0,0,0,0,664083,1,622125,1,0,0
1162,50416336,24013,0,0,0,0,0,0,0,0,0,0,0,0,1264792,1,1192292,1,0,0
1163,64247708,23761,0,0,0,0,0,0,0,0,0,0,0,0,857458,1,782666,1,0,0
1164,68164584,23773,0,0,0,0,0,0,0,0,0,0,0,0,1239875,1,1179416,1,0,0
1165,94251920,23797,0,0,0,0,0,0,0,0,0,0,0,0,1521250,1,1452541,1,0,0
1166,69369584,23825,0,0,0,0,0,0,0,0,0,0,0,0,1313750,1,1242042,1,0,0
1167,67781832,23797,0,0,0,0,0,0,0,0,0,0,0,0,1088333,1,1000000,1,0,0
1168,67361000,24109,0,0,0,0,0,0,0,0,0,0,0,0,1065708,1,1003083,1,0,0
1169,55388832,24205,0,0,0,0,0,0,0,0,0,0,0,0,917583,1,859792,1,0,0
1170,50071124,23861,0,0,0,0,0,0,0,0,0,0,0,0,1219500,1,1159792,1,0,0
1171,45859960,23709,0,0,0,0,0,0,0,0,0,0,0,0,1094917,1,1030833,1,0,0
1172,51724248,23709,0,0,0,0,0,0,0,0,0,0,0,0,797792,1,748750,1,0,0
1173,46424040,23825,0,0,0,0,0,0,0,0,0,0,0,0,973708,1,897458,1,0,0
1174,47307376,23797,0,0,0,0,0,0,0,0,0,0,0,0,895708,1,849334,1,0,0
1175,47391752,23709,0,0,0,0,0,0,0,0,0,0,0,0,713458,1,662292,1,0,0
1176,49582248,23773,0,0,0,0,0,0,0,0,0,0,0,0,705334,1,664000,1,0,0
1177,54566168,23709,0,0,0,0,0,0,0,0,0,0,0,0,822792,1,767333,1,0,0
1178,55452544,24477,0,0,0,0,0,0,0,0,0,0,0,0,860916,1,810791,1,0,0
1179,55659500,23925,0,0,0,0,0,0,0,0,0,0,0,0,1188333,1,1119000,1,0,0
1180,63195292,23773,0,0,0,0,0,0,0,0,0,0,0,0,939500,1,885458,1,0,0
1181,57639168,23797,0,0,0,0,0,0,0,0,0,0,0,0,1064417,1,986084,1,0,0
1182,55978248,23825,0,0,0,0,0,0,0,0,0,0,0,0,939792,1,887458,1,0,0
1183,44185500,23709,0,0,0,0,0,0,0,0,0,0,0,0,819666,1,768958,1,0,0
1184,39665168,23861,0,0,0,0,0,0,0,0,0,0,0,0,706292,1,665000,1,0,0
1185,37785624,23709,0,0,0,0,0,0,0,0,0,0,0,0,673916,1,632125,1,0,0
1186,33929664,23709,0,0,0,0,0,0,0,0,0,0,0,0,632667,1,598458,1,0,0
1187,33543832,23825,0,0,0,0,0,0,0,0,0,0,0,0,598708,1,561875,1,0,0
1188,33652040,23709,0,0,0,0,0,0,0,0,0,0,0,0,628375,1,595208,1,0,0
1189,33651248,23797,0,0,0,0,0,0,0,0,0,0,0,0,601500,1,565667,1,0,0
1190,33656376,24337,0,0,0,0,0,0,0,0,0,0,0,0,616334,1,574959,1,0,0
1191,33640500,23925,0,0,0,0,0,0,0,0,0,0,0,0,617959,1,581292,1,0,0
1192,33648876,23709,0,0,0,0,0,0,0,0,0,0,0,0,598667,1,564666,1,0,0
1193,33247376,23825,0,0,0,0,0,0,0,0,0,0,0,0,617834,1,577708,1,0,0
1194,32153458,23797,0,0,0,0,0,0,0,0,0,0,0,0,596125,1,556625,1,0,0
1195,33337124,23709,0,0,0,0,0,0,0,0,0,0,0,0,676916,1,638250,1,0,0
1196,30378876,23709,0,0,0,0,0,0,0,0,0,0,0,0,538125,1,507958,1,0,0
1197,30653876,23773,0,0,0,0,0,0,0,0,0,0,0,0,542625,1,506792,1,0,0
1198,30646124,23709,0,0,0,0,0,0,0,0,0,0,0,0,594875,1,563667,1,0,0
1199,31474334,23797,0,0,0,0,0,0,0,0,0,0,0,0,582750,1,521875,1,0,0
1200,32964084,23761,0,0,0,0,0,0,0,0,0,0,0,0,570292,1,537541,1,0,0
1201,32642250,23773,0,0,0,0,0,0,0,0,0,0,0,0,581292,1,534166,1,0,0
1202,33655752,23709,0,0,0,0,0,0,0,0,0,0,0,0,545084,1,514125,1,0,0
1203,38727168,23709,0,0,0,0,0,0,0,0,0,0,0,0,954708,1,895958,1,0,0
1204,36616544,23861,0,0,0,0,0,0,0,0,0,0,0,0,900458,1,856708,1,0,0
1205,34649792,24273,0,0,0,0,0,0,0,0,0,0,0,0,627291,1,570500,1,0,0
1206,35419460,23977,0,0,0,0,0,0,0,0,0,0,0,0,582750,1,549208,1,0,0
1207,35205916,23773,0,0,0,0,0,0,0,0,0,0,0,0,601167,1,562125,1,0,0
1208,37534960,23709,0,0,0,0,0,0,0,0,0,0,0,0,641125,1,596083,1,0,0
1209,44129668,23797,0,0,0,0,0,0,0,0,0,0,0,0,664750,1,611417,1,0,0
1210,62752916,23773,0,0,0,0,0,0,0,0,0,0,0,0,908000,1,829833,1,0,0
1211,66156500,23761,0,0,0,0,0,0,0,0,0,0,0,0,1051458,1,979375,1,0,0
1212,69853248,23861,0,0,0,0,0,0,0,0,0,0,0,0,1080959,1,1017000,1,0,0
1213,65020916,23709,0,0,0,0,0,0,0,0,0,0,0,0,1061333,1,989500,1,0,0
1214,66610832,24389,0,0,0,0,0,0,0,0,0,0,0,0,1030083,1,963500,1,0,0
1215,64402292,24013,0,0,0,0,0,0,0,0,0,0,0,0,1071541,1,995833,1,0,0
1216,54221584,23773,0,0,0,0,0,0,0,0,0,0,0,0,1092958,1,1022791,1,0,0
1217,50039376,23709,0,0,0,0,0,0,0,0,0,0,0,0,1003250,1,937583,1,0,0
1218,50501460,23913,0,0,0,0,0,0,0,0,0,0,0,0,834583,1,782584,1,0,0
1219,44784876,23709,0,0,0,0,0,0,0,0,0,0,0,0,740625,1,672542,1,0,0
1220,43839584,23709,0,0,0,0,0,0,0,0,0,0,0,0,1239792,1,1170375,1,0,0
1221,45326624,23773,0,0,0,0,0,0,0,0,0,0,0,0,660125,1,616500,1,0,0
1222,45907876,23797,0,0,0,0,0,0,0,0,0,0,0,0,863375,1,818125,1,0,0
1223,46904584,23761,0,0,0,0,0,0,0,0,0,0,0,0,731250,1,681625,1,0,0
1224,45895624,23773,0,0,0,0,0,0,0,0,0,0,0,0,756625,1,703458,1,0,0
1225,46289792,24273,0,0,0,0,0,0,0,0,0,0,0,0,728334,1,680375,1,0,0
1226,47401792,24013,0,0,0,0,0,0,0,0,0,0,0,0,842875,1,797458,1,0,0
1227,49525000,23773,0,0,0,0,0,0,0,0,0,0,0,0,794833,1,737166,1,0,0
1228,53328416,23761,0,0,0,0,0,0,0,0,0,0,0,0,1028959,1,973083,1,0,0
1229,59323292,23861,0,0,0,0,0,0,0,0,0,0,0,0,1263542,1,1200833,1,0,0
1230,63782752,23709,0,0,0,0,0,0,0,0,0,0,0,0,1344375,1,1276583,1,0,0
1231,68064416,23773,0,0,0,0,0,0,0,0,0,0,0,0,1505834,1,1400375,1,0,0
1232,58880168,23849,0,0,0,0,0,0,0,0,0,0,0,0,1279708,1,1208291,1,0,0
1233,53129040,23773,0,0,0,0,0,0,0,0,0,0,0,0,847291,1,782916,1,0,0
1234,50745544,24273,0,0,0,0,0,0,0,0,0,0,0,0,876791,1,815375,1,0,0
1235,44706832,24077,0,0,0,0,0,0,0,0,0,0,0,0,710958,1,665541,1,0,0
1236,43904544,23761,0,0,0,0,0,0,0,0,0,0,0,0,867084,1,821709,1,0,0
1237,41553208,23709,0,0,0,0,0,0,0,0,0,0,0,0,1213792,1,1145083,1,0,0
1238,45681792,23773,0,0,0,0,0,0,0,0,0,0,0,0,738666,1,700833,1,0,0
1239,40024916,23797,0,0,0,0,0,0,0,0,0,0,0,0,838167,1,785625,1,0,0
1240,42339084,23709,0,0,0,0,0,0,0,0,0,0,0,0,639625,1,602750,1,0,0
1241,39538124,23825,0,0,0,0,0,0,0,0,0,0,0,0,680792,1,629209,1,0,0
1242,40690664,23709,0,0,0,0,0,0,0,0,0,0,0,0,632750,1,596917,1,0,0
1243,44774000,23797,0,0,0,0,0,0,0,0,0,0,0,0,746416,1,695917,1,0,0
1244,45279708,23773,0,0,0,0,0,0,0,0,0,0,0,0,773042,1,701000,1,0,0
1245,45803960,24273,0,0,0,0,0,0,0,0,0,0,0,0,735084,1,689459,1,0,0
1246,44950416,23977,0,0,0,0,0,0,0,0,0,0,0,0,746292,1,701917,1,0,0
1247,52014000,23861,0,0,0,0,0,0,0,0,0,0,0,0,879167,1,816167,1,0,0
1248,52839292,23709,0,0,0,0,0,0,0,0,0,0,0,0,1310959,1,1245917,1,0,0
1249,54889960,23773,0,0,0,0,0,0,0,0,0,0,0,0,863292,1,802667,1,0,0
1250,52098544,23849,0,0,0,0,0,0,0,0,0,0,0,0,878333,1,832166,1,0,0
1251,53294584,23773,0,0,0,0,0,0,0,0,0,0,0,0,810667,1,757083,1,0,0
1252,54199832,23709,0,0,0,0,0,0,0,0,0,0,0,0,822750,1,774708,1,0,0
1253,56132832,23861,0,0,0,0,0,0,0,0,0,0,0,0,1102625,1,1044000,1,0,0
1254,55774624,23761,0,0,0,0,0,0,0,0,0,0,0,0,818792,1,771375,1,0,0
1255,55097336,24553,0,0,0,0,0,0,0,0,0,0,0,0,888709,1,830959,1,0,0
1256,56507332,23797,0,0,0,0,0,0,0,0,0,0,0,0,1233416,1,1167125,1,0,0
1257,55103208,23773,0,0,0,0,0,0,0,0,0,0,0,0,957084,1,891167,1,0,0
1258,67504128,23761,0,0,0,0,0,0,0,0,0,0,0,0,1396541,1,1326167,1,0,0
1259,65139752,23861,0,0,0,0,0,0,0,0,0,0,0,0,1383584,1,1313625,1,0,0
1260,57978832,23709,0,0,0,0,0,0,0,0,0,0,0,0,836125,1,786083,1,0,0
1261,55776124,23773,0,0,0,0,0,0,0,0,0,0,0,0,865417,1,810917,1,0,0
1262,56762752,23849,0,0,0,0,0,0,0,0,0,0,0,0,995917,1,927459,1,0,0
1263,61370792,24337,0,0,0,0,0,0,0,0,0,0,0,0,865375,1,804792,1,0,0
1264,57279168,23925,0,0,0,0,0,0,0,0,0,0,0,0,862375,1,812083,1,0,0
1265,52421960,23861,0,0,0,0,0,0,0,0,0,0,0,0,852459,1,795167,1,0,0
1266,50165084,23761,0,0,0,0,0,0,0,0,0,0,0,0,841833,1,794042,1,0,0
1267,48402752,23773,0,0,0,0,0,0,0,0,0,0,0,0,818333,1,763083,1,0,0
1268,41705168,23709,0,0,0,0,0,0,0,0,0,0,0,0,757125,1,715875,1,0,0
1269,38127292,23797,0,0,0,0,0,0,0,0,0,0,0,0,632958,1,588375,1,0,0
1270,33691124,23773,0,0,0,0,0,0,0,0,0,0,0,0,746208,1,712333,1,0,0
1271,36120292,23761,0,0,0,0,0,0,0,0,0,0,0,0,610666,1,568584,1,0,0
1272,36414248,23709,0,0,0,0,0,0,0,0,0,0,0,0,737625,1,690291,1,0,0
1273,38550000,23773,0,0,0,0,0,0,0,0,0,0,0,0,1024667,1,970000,1,0,0
1274,35447708,23797,0,0,0,0,0,0,0,0,0,0,0,0,579375,1,547958,1,0,0
1275,37037916,24489,0,0,0,0,0,0,0,0,0,0,0,0,618209,1,576791,1,0,0
1276,39327376,23773,0,0,0,0,0,0,0,0,0,0,0,0,660291,1,620000,1,0,0
1277,43426916,23761,0,0,0,0,0,0,0,0,0,0,0,0,688958,1,641625,1,0,0
1278,57478792,23797,0,0,0,0,0,0,0,0,0,0,0,0,1393583,1,1334583,1,0,0
1279,73367920,23773,0,0,0,0,0,0,0,0,0,0,0,0,1107625,1,1029959,1,0,0
1280,69364416,23709,0,0,0,0,0,0,0,0,0,0,0,0,1083416,1,1000042,1,0,0
1281,68929544,23913,0,0,0,0,0,0,0,0,0,0,0,0,1028250,1,966542,1,0,0
1282,71566960,23709,0,0,0,0,0,0,0,0,0,0,0,0,1179333,1,1120750,1,0,0
1283,69065336,24337,0,0,0,0,0,0,0,0,0,0,0,0,1082458,1,998208,1,0,0
1284,59066960,24065,0,0,0,0,0,0,0,0,0,0,0,0,1039708,1,967583,1,0,0
1285,55071500,23773,0,0,0,0,0,0,0,0,0,0,0,0,844291,1,788792,1,0,0
1286,50022124,23709,0,0,0,0,0,0,0,0,0,0,0,0,845542,1,800959,1,0,0
1287,46816624,23861,0,0,0,0,0,0,0,0,0,0,0,0,756375,1,710375,1,0,0
1288,45809584,23761,0,0,0,0,0,0,0,0,0,0,0,0,752916,1,708291,1,0,0
1289,46168544,23709,0,0,0,0,0,0,0,0,0,0,0,0,758292,1,712292,1,0,0
1290,46037292,23773,0,0,0,0,0,0,0,0,0,0,0,0,751458,1,712625,1,0,0
1291,46464084,23797,0,0,0,0,0,0,0,0,0,0,0,0,807125,1,756250,1,0,0
1292,45252832,23709,0,0,0,0,0,0,0,0,0,0,0,0,867292,1,831708,1,0,0
1293,46956124,24389,0,0,0,0,0,0,0,0,0,0,0,0,775834,1,702000,1,0,0
1294,47620084,23925,0,0,0,0,0,0,0,0,0,0,0,0,701208,1,661417,1,0,0
1295,47956500,23797,0,0,0,0,0,0,0,0,0,0,0,0,724666,1,672417,1,0,0
1296,54693708,23353,0,0,0,0,0,0,0,0,0,0,0,0,825333,1,769708,1,0,0
1297,60346832,23289,0,0,0,0,0,0,0,0,0,0,0,0,881833,1,835208,1,0,0
1298,67095752,26943,0,0,0,0,0,0,0,0,0,0,0,0,791458,1,749542,1,0,0
1299,58876876,25967,0,0,0,0,0,0,0,0,0,0,0,0,1038958,1,973541,1,0,0
1300,51995584,23353,0,0,0,0,0,0,0,0,0,0,0,0,751375,1,708041,1,0,0
1301,48799540,23377,0,0,0,0,0,0,0,0,0,0,0,0,806125,1,751791,1,0,0
1302,42614248,23405,0,0,0,0,0,0,0,0,0,0,0,0,722459,1,679625,1,0,0
1303,38331832,23853,0,0,0,0,0,0,0,0,0,0,0,0,595416,1,564083,1,0,0
1304,36650544,23505,0,0,0,0,0,0,0,0,0,0,0,0,635041,1,603625,1,0,0
1305,36272416,23441,0,0,0,0,0,0,0,0,0,0,0,0,614958,1,580625,1,0,0
1306,36988000,23289,0,0,0,0,0,0,0,0,0,0,0,0,973125,1,929125,1,0,0
1307,40016584,23289,0,0,0,0,0,0,0,0,0,0,0,0,620791,1,581584,1,0,0
1308,35316624,23405,0,0,0,0,0,0,0,0,0,0,0,0,578625,1,544666,1,0,0
1309,37780624,23289,0,0,0,0,0,0,0,0,0,0,0,0,1109750,1,1063041,1,0,0
1310,38597124,23377,0,0,0,0,0,0,0,0,0,0,0,0,725833,1,697458,1,0,0
1311,41709876,23353,0,0,0,0,0,0,0,0,0,0,0,0,706000,1,661375,1,0,0
1312,45639752,23289,0,0,0,0,0,0,0,0,0,0,0,0,676042,1,638084,1,0,0
1313,49303376,23289,0,0,0,0,0,0,0,0,0,0,0,0,652584,1,615917,1,0,0
1314,53724624,23493,0,0,0,0,0,0,0,0,0,0,0,0,770250,1,722959,1,0,0
1315,55406040,23853,0,0,0,0,0,0,0,0,0,0,0,0,1307375,1,1248875,1,0,0
1316,64735876,23569,0,0,0,0,0,0,0,0,0,0,0,0,956167,1,904416,1,0,0
1317,68609168,23377,0,0,0,0,0,0,0,0,0,0,0,0,1004666,1,914000,1,0,0
1318,72739168,23405,0,0,0,0,0,0,0,0,0,0,0,0,1091458,1,1036791,1,0,0
1319,59978916,23289,0,0,0,0,0,0,0,0,0,0,0,0,948750,1,905000,1,0,0
1320,55058336,23441,0,0,0,0,0,0,0,0,0,0,0,0,810791,1,760709,1,0,0
1321,54215540,23289,0,0,0,0,0,0,0,0,0,0,0,0,804209,1,761500,1,0,0
1322,55285000,23405,0,0,0,0,0,0,0,0,0,0,0,0,818083,1,761000,1,0,0
1323,55404624,23941,0,0,0,0,0,0,0,0,0,0,0,0,892459,1,836584,1,0,0
1324,56848376,23569,0,0,0,0,0,0,0,0,0,0,0,0,820292,1,778250,1,0,0
1325,55376208,23289,0,0,0,0,0,0,0,0,0,0,0,0,1121875,1,1068292,1,0,0
1326,55478832,23493,0,0,0,0,0,0,0,0,0,0,0,0,805542,1,755791,1,0,0
1327,58388416,23289,0,0,0,0,0,0,0,0,0,0,0,0,853084,1,805292,1,0,0
1328,60848832,23353,0,0,0,0,0,0,0,0,0,0,0,0,1236292,1,1191458,1,0,0
1329,66268708,23377,0,0,0,0,0,0,0,0,0,0,0,0,935042,1,873875,1,0,0
1330,63225916,23405,0,0,0,0,0,0,0,0,0,0,0,0,1040792,1,987333,1,0,0
1331,55652708,23853,0,0,0,0,0,0,0,0,0,0,0,0,745833,1,696709,1,0,0
1332,54665248,23657,0,0,0,0,0,0,0,0,0,0,0,0,803209,1,744875,1,0,0
1333,51868708,23289,0,0,0,0,0,0,0,0,0,0,0,0,816250,1,773500,1,0,0
1334,43640668,23405,0,0,0,0,0,0,0,0,0,0,0,0,707875,1,666792,1,0,0
1335,45985916,23289,0,0,0,0,0,0,0,0,0,0,0,0,744959,1,699042,1,0,0
1336,38451000,23377,0,0,0,0,0,0,0,0,0,0,0,0,601375,1,570042,1,0,0
1337,38246376,23353,0,0,0,0,0,0,0,0,0,0,0,0,607625,1,573167,1,0,0
1338,34909084,23289,0,0,0,0,0,0,0,0,0,0,0,0,632625,1,595875,1,0,0
1339,33810708,23341,0,0,0,0,0,0,0,0,0,0,0,0,524250,1,496167,1,0,0
1340,33953168,23353,0,0,0,0,0,0,0,0,0,0,0,0,621292,1,592167,1,0,0
1341,33733248,23377,0,0,0,0,0,0,0,0,0,0,0,0,543584,1,510583,1,0,0
1342,33914376,23289,0,0,0,0,0,0,0,0,0,0,0,0,579833,1,551084,1,0,0
1343,32946292,23353,0,0,0,0,0,0,0,0,0,0,0,0,554375,1,526792,1,0,0
1344,33480584,23853,0,0,0,0,0,0,0,0,0,0,0,0,598083,1,561708,1,0,0
1345,33304834,23557,0,0,0,0,0,0,0,0,0,0,0,0,527708,1,500375,1,0,0
1346,33405542,23377,0,0,0,0,0,0,0,0,0,0,0,0,566125,1,538708,1,0,0
1347,33143334,23353,0,0,0,0,0,0,0,0,0,0,0,0,577583,1,545292,1,0,0
1348,33395750,23289,0,0,0,0,0,0,0,0,0,0,0,0,569541,1,541375,1,0,0
1349,36253416,23289,0,0,0,0,0,0,0,0,0,0,0,0,644125,1,612958,1,0,0
1350,33992916,23353,0,0,0,0,0,0,0,0,0,0,0,0,534750,1,501875,1,0,0
1351,33129916,23429,0,0,0,0,0,0,0,0,0,0,0,0,525541,1,496000,1,0,0
1352,33685584,23289,0,0,0,0,0,0,0,0,0,0,0,0,564375,1,531375,1,0,0
1353,33387708,23353,0,0,0,0,0,0,0,0,0,0,0,0,526625,1,493083,1,0,0
1354,33415500,23289,0,0,0,0,0,0,0,0,0,0,0,0,551917,1,523958,1,0,0
1355,33629624,23289,0,0,0,0,0,0,0,0,0,0,0,0,552792,1,513084,1,0,0
1356,33368916,23441,0,0,0,0,0,0,0,0,0,0,0,0,565083,1,527250,1,0,0
1357,32812000,23341,0,0,0,0,0,0,0,0,0,0,0,0,575666,1,548250,1,0,0
1358,31823292,23289,0,0,0,0,0,0,0,0,0,0,0,0,491375,1,463417,1,0,0
1359,32693668,23853,0,0,0,0,0,0,0,0,0,0,0,0,549458,1,519583,1,0,0
1360,35586376,23569,0,0,0,0,0,0,0,0,0,0,0,0,543167,1,515625,1,0,0
1361,35676000,23377,0,0,0,0,0,0,0,0,0,0,0,0,526000,1,493042,1,0,0
1362,40251752,23289,0,0,0,0,0,0,0,0,0,0,0,0,579208,1,530708,1,0,0
1363,35862332,23405,0,0,0,0,0,0,0,0,0,0,0,0,555000,1,526667,1,0,0
1364,39285248,23289,0,0,0,0,0,0,0,0,0,0,0,0,626084,1,589875,1,0,0
1365,37541456,23377,0,0,0,0,0,0,0,0,0,0,0,0,531334,1,493167,1,0,0
1366,43547000,23353,0,0,0,0,0,0,0,0,0,0,0,0,1056083,1,1010542,1,0,0
1367,49937084,23289,0,0,0,0,0,0,0,0,0,0,0,0,682458,1,647042,1,0,0
1368,66309792,23341,0,0,0,0,0,0,0,0,0,0,0,0,811125,1,756958,1,0,0
1369,73873832,23441,0,0,0,0,0,0,0,0,0,0,0,0,993125,1,940250,1,0,0
1370,76352288,23853,0,0,0,0,0,0,0,0,0,0,0,0,1087916,1,1016709,1,0,0
1371,72254664,23709,0,0,0,0,0,0,0,0,0,0,0,0,1151000,1,1055041,1,0,0
1372,69088336,23289,0,0,0,0,0,0,0,0,0,0,0,0,1501791,1,1445917,1,0,0
1373,64031584,23353,0,0,0,0,0,0,0,0,0,0,0,0,1028583,1,970750,1,0,0
1374,51982376,23429,0,0,0,0,0,0,0,0,0,0,0,0,844542,1,774209,1,0,0
1375,48679544,36482,0,0,0,0,0,0,0,0,0,0,0,0,731041,1,690833,1,0,0
1376,46933832,23289,0,0,0,0,0,0,0,0,0,0,0,0,662875,1,620666,1,0,0
1377,54675544,23289,0,0,0,0,0,0,0,0,0,0,0,0,787875,1,742500,1,0,0
1378,55542916,24057,0,0,0,0,0,0,0,0,0,0,0,0,910541,1,851584,1,0,0
1379,54388376,23505,0,0,0,0,0,0,0,0,0,0,0,0,758334,1,715875,1,0,0
1380,54541584,23353,0,0,0,0,0,0,0,0,0,0,0,0,775916,1,731875,1,0,0
1381,57486960,23377,0,0,0,0,0,0,0,0,0,0,0,0,792292,1,741250,1,0,0
1382,60319584,23405,0,0,0,0,0,0,0,0,0,0,0,0,905375,1,855250,1,0,0
1383,61411416,23289,0,0,0,0,0,0,0,0,0,0,0,0,802791,1,755791,1,0,0
1384,62159292,23441,0,0,0,0,0,0,0,0,0,0,0,0,992334,1,928333,1,0,0
1385,60902416,23289,0,0,0,0,0,0,0,0,0,0,0,0,1065542,1,1006500,1,0,0
1386,58466584,23405,0,0,0,0,0,0,0,0,0,0,0,0,860125,1,785916,1,0,0
1387,58047124,23941,0,0,0,0,0,0,0,0,0,0,0,0,1186708,1,1074583,1,0,0
1388,62113664,23569,0,0,0,0,0,0,0,0,0,0,0,0,1357208,1,1256333,1,0,0
1389,52854040,23289,0,0,0,0,0,0,0,0,0,0,0,0,784250,1,738708,1,0,0
1390,57673332,23493,0,0,0,0,0,0,0,0,0,0,0,0,901958,1,816417,1,0,0
1391,48771876,23289,0,0,0,0,0,0,0,0,0,0,0,0,976458,1,920125,1,0,0
1392,47089584,23353,0,0,0,0,0,0,0,0,0,0,0,0,872208,1,816125,1,0,0
1393,48600960,23377,0,0,0,0,0,0,0,0,0,0,0,0,693709,1,649416,1,0,0
1394,49748376,23341,0,0,0,0,0,0,0,0,0,0,0,0,689416,1,648750,1,0,0
1395,55961336,23353,0,0,0,0,0,0,0,0,0,0,0,0,756250,1,709250,1,0,0
1396,55029708,23941,0,0,0,0,0,0,0,0,0,0,0,0,806875,1,748875,1,0,0
1397,54265792,23569,0,0,0,0,0,0,0,0,0,0,0,0,748791,1,699542,1,0,0
1398,54675792,23341,0,0,0,0,0,0,0,0,0,0,0,0,1006000,1,959666,1,0,0
1399,57791248,23441,0,0,0,0,0,0,0,0,0,0,0,0,812041,1,757917,1,0,0
1400,63409540,23289,0,0,0,0,0,0,0,0,0,0,0,0,1003084,1,944500,1,0,0
1401,54809292,23353,0,0,0,0,0,0,0,0,0,0,0,0,877458,1,826208,1,0,0
1402,55744000,23429,0,0,0,0,0,0,0,0,0,0,0,0,828625,1,775250,1,0,0
1403,56065584,23353,0,0,0,0,0,0,0,0,0,0,0,0,1182208,1,1121833,1,0,0
1404,56729208,23817,0,0,0,0,0,0,0,0,0,0,0,0,1075334,1,1023166,1,0,0
1405,70673288,36831,0,0,0,0,0,0,0,0,0,0,0,0,1009041,1,947792,1,0,0
1406,56538540,26763,0,0,0,0,0,0,0,0,0,0,0,0,1069083,1,1004834,1,0,0
1407,55965624,23881,0,0,0,0,0,0,0,0,0,0,0,0,909041,1,853625,1,0,0
1408,58261916,23905,0,0,0,0,0,0,0,0,0,0,0,0,903875,1,806917,1,0,0
1409,56624584,23881,0,0,0,0,0,0,0,0,0,0,0,0,890709,1,839042,1,0,0
1410,55072664,23869,0,0,0,0,0,0,0,0,0,0,0,0,946250,1,881208,1,0,0
1411,57743084,23969,0,0,0,0,0,0,0,0,0,0,0,0,1126042,1,1072834,1,0,0
1412,53872040,23817,0,0,0,0,0,0,0,0,0,0,0,0,888500,1,829958,1,0,0
1413,50528376,23881,0,0,0,0,0,0,0,0,0,0,0,0,875166,1,822666,1,0,0
1414,44401376,24521,0,0,0,0,0,0,0,0,0,0,0,0,752750,1,704875,1,0,0
1415,43784000,24033,0,0,0,0,0,0,0,0,0,0,0,0,755416,1,710291,1,0,0
1416,38801040,23881,0,0,0,0,0,0,0,0,0,0,0,0,667584,1,610625,1,0,0
1417,38384792,23817,0,0,0,0,0,0,0,0,0,0,0,0,637542,1,600000,1,0,0
1418,37836500,23905,0,0,0,0,0,0,0,0,0,0,0,0,697834,1,652208,1,0,0
1419,34369916,23933,0,0,0,0,0,0,0,0,0,0,0,0,654416,1,619792,1,0,0
1420,33922960,23817,0,0,0,0,0,0,0,0,0,0,0,0,727333,1,684167,1,0,0
1421,34142168,23817,0,0,0,0,0,0,0,0,0,0,0,0,615458,1,579250,1,0,0
1422,33668040,23881,0,0,0,0,0,0,0,0,0,0,0,0,604375,1,563667,1,0,0
1423,33521416,23905,0,0,0,0,0,0,0,0,0,0,0,0,584083,1,549500,1,0,0
1424,33697792,23817,0,0,0,0,0,0,0,0,0,0,0,0,604291,1,560417,1,0,0
1425,34026832,23933,0,0,0,0,0,0,0,0,0,0,0,0,585500,1,551791,1,0,0
1426,33683832,23817,0,0,0,0,0,0,0,0,0,0,0,0,603167,1,558917,1,0,0
1427,33740960,23817,0,0,0,0,0,0,0,0,0,0,0,0,617500,1,583041,1,0,0
1428,34224084,24533,0,0,0,0,0,0,0,0,0,0,0,0,631000,1,575875,1,0,0
1429,33998456,24033,0,0,0,0,0,0,0,0,0,0,0,0,576625,1,543667,1,0,0
1430,33211832,23817,0,0,0,0,0,0,0,0,0,0,0,0,606792,1,553917,1,0,0
1431,36037124,23933,0,0,0,0,0,0,0,0,0,0,0,0,610875,1,576209,1,0,0
1432,34126792,23817,0,0,0,0,0,0,0,0,0,0,0,0,561208,1,526125,1,0,0
1433,40264792,23905,0,0,0,0,0,0,0,0,0,0,0,0,726083,1,673875,1,0,0
1434,35325456,23881,0,0,0,0,0,0,0,0,0,0,0,0,700500,1,613125,1,0,0
1435,34614500,23817,0,0,0,0,0,0,0,0,0,0,0,0,611208,1,574667,1,0,0
1436,35679668,23817,0,0,0,0,0,0,0,0,0,0,0,0,621166,1,581500,1,0,0
1437,35558084,23933,0,0,0,0,0,0,0,0,0,0,0,0,768667,1,724792,1,0,0
1438,36039832,23905,0,0,0,0,0,0,0,0,0,0,0,0,614000,1,573208,1,0,0
1439,40932792,23817,0,0,0,0,0,0,0,0,0,0,0,0,637583,1,599417,1,0,0
1440,44746000,23881,0,0,0,0,0,0,0,0,0,0,0,0,782625,1,731667,1,0,0
1441,54689832,24381,0,0,0,0,0,0,0,0,0,0,0,0,863542,1,812125,1,0,0
1442,66676040,24173,0,0,0,0,0,0,0,0,0,0,0,0,1111083,1,1038375,1,0,0
1443,67781624,23881,0,0,0,0,0,0,0,0,0,0,0,0,1104125,1,1036042,1,0,0
1444,72303872,23817,0,0,0,0,0,0,0,0,0,0,0,0,1098625,1,1016500,1,0,0
1445,68702960,24021,0,0,0,0,0,0,0,0,0,0,0,0,1176791,1,1106709,1,0,0
1446,67726832,23817,0,0,0,0,0,0,0,0,0,0,0,0,1082042,1,1006083,1,0,0
1447,55458416,23881,0,0,0,0,0,0,0,0,0,0,0,0,935666,1,857209,1,0,0
1448,54366168,23905,0,0,0,0,0,0,0,0,0,0,0,0,992125,1,904833,1,0,0
1449,47475460,24497,0,0,0,0,0,0,0,0,0,0,0,0,1140375,1,1081250,1,0,0
1450,47761752,24033,0,0,0,0,0,0,0,0,0,0,0,0,740917,1,688250,1,0,0
1451,51098792,23817,0,0,0,0,0,0,0,0,0,0,0,0,822542,1,776250,1,0,0
1452,56300792,23969,0,0,0,0,0,0,0,0,0,0,0,0,1410542,1,1328708,1,0,0
1453,59478000,23869,0,0,0,0,0,0,0,0,0,0,0,0,943917,1,889250,1,0,0
1454,54727832,23881,0,0,0,0,0,0,0,0,0,0,0,0,931667,1,870958,1,0,0
1455,55229000,23905,0,0,0,0,0,0,0,0,0,0,0,0,884500,1,832875,1,0,0
1456,57878292,23881,0,0,0,0,0,0,0,0,0,0,0,0,834958,1,774458,1,0,0
1457,69468248,23869,0,0,0,0,0,0,0,0,0,0,0,0,1286875,1,1206042,1,0,0
1458,66449084,24533,0,0,0,0,0,0,0,0,0,0,0,0,1209458,1,1104583,1,0,0
1459,59982248,24033,0,0,0,0,0,0,0,0,0,0,0,0,1199000,1,1126500,1,0,0
1460,53606248,23881,0,0,0,0,0,0,0,0,0,0,0,0,901333,1,840625,1,0,0
1461,55949124,23957,0,0,0,0,0,0,0,0,0,0,0,0,970250,1,917083,1,0,0
1462,49503292,23881,0,0,0,0,0,0,0,0,0,0,0,0,900916,1,818583,1,0,0
1463,42710416,23817,0,0,0,0,0,0,0,0,0,0,0,0,747916,1,704000,1,0,0
1464,38163832,23817,0,0,0,0,0,0,0,0,0,0,0,0,668208,1,626417,1,0,0
1465,35428544,23969,0,0,0,0,0,0,0,0,0,0,0,0,670042,1,632167,1,0,0
1466,34412292,23869,0,0,0,0,0,0,0,0,0,0,0,0,606208,1,564083,1,0,0
1467,34298752,23817,0,0,0,0,0,0,0,0,0,0,0,0,649042,1,611917,1,0,0
1468,34116208,23881,0,0,0,0,0,0,0,0,0,0,0,0,636250,1,594417,1,0,0
1469,34166040,24583,0,0,0,0,0,0,0,0,0,0,0,0,581875,1,546000,1,0,0
1470,34545376,24121,0,0,0,0,0,0,0,0,0,0,0,0,605792,1,567083,1,0,0
1471,33747668,23881,0,0,0,0,0,0,0,0,0,0,0,0,601375,1,565416,1,0,0
1472,33753544,23869,0,0,0,0,0,0,0,0,0,0,0,0,624625,1,587791,1,0,0
1473,33823752,23817,0,0,0,0,0,0,0,0,0,0,0,0,592708,1,559917,1,0,0
1474,37236916,23881,0,0,0,0,0,0,0,0,0,0,0,0,730125,1,677792,1,0,0
1475,30304000,23905,0,0,0,0,0,0,0,0,0,0,0,0,532333,1,501959,1,0,0
1476,30594500,23817,0,0,0,0,0,0,0,0,0,0,0,0,589208,1,550375,1,0,0
1477,30601124,23817,0,0,0,0,0,0,0,0,0,0,0,0,587000,1,551792,1,0,0
1478,30577624,23881,0,0,0,0,0,0,0,0,0,0,0,0,608958,1,574250,1,0,0
1479,32939376,23869,0,0,0,0,0,0,0,0,0,0,0,0,578750,1,545792,1,0,0
1480,32952916,23905,0,0,0,0,0,0,0,0,0,0,0,0,549292,1,514166,1,0,0
1481,32919084,23817,0,0,0,0,0,0,0,0,0,0,0,0,616500,1,582375,1,0,0
1482,33929584,23881,0,0,0,0,0,0,0,0,0,0,0,0,555083,1,518666,1,0,0
1483,35101876,23817,0,0,0,0,0,0,0,0,0,0,0,0,603416,1,568084,1,0,0
1484,36722708,24381,0,0,0,0,0,0,0,0,0,0,0,0,1006042,1,947791,1,0,0
1485,39233624,24237,0,0,0,0,0,0,0,0,0,0,0,0,633708,1,599541,1,0,0
1486,37861332,24115,0,0,0,0,0,0,0,0,0,0,0,0,633041,1,590250,1,0,0
1487,35757624,23817,0,0,0,0,0,0,0,0,0,0,0,0,863875,1,816583,1,0,0
1488,36947084,23881,0,0,0,0,0,0,0,0,0,0,0,0,668541,1,614959,1,0,0
1489,48403584,23817,0,0,0,0,0,0,0,0,0,0,0,0,737458,1,697792,1,0,0
1490,55959416,23905,0,0,0,0,0,0,0,0,0,0,0,0,983750,1,917875,1,0,0
1491,69229208,23933,0,0,0,0,0,0,0,0,0,0,0,0,1055208,1,992833,1,0,0
1492,75824376,23817,0,0,0,0,0,0,0,0,0,0,0,0,1157167,1,1070750,1,0,0
1493,70733712,23969,0,0,0,0,0,0,0,0,0,0,0,0,1219041,1,1155542,1,0,0
1494,66601124,24433,0,0,0,0,0,0,0,0,0,0,0,0,1039125,1,968625,1,0,0
1495,67544336,24097,0,0,0,0,0,0,0,0,0,0,0,0,1460000,1,1358250,1,0,0
1496,54265832,23905,0,0,0,0,0,0,0,0,0,0,0,0,973083,1,912833,1,0,0
1497,58658208,23881,0,0,0,0,0,0,0,0,0,0,0,0,883834,1,828167,1,0,0
1498,47838916,23869,0,0,0,0,0,0,0,0,0,0,0,0,768625,1,719625,1,0,0
1499,48229876,23969,0,0,0,0,0,0,0,0,0,0,0,0,798125,1,752500,1,0,0
1500,45560876,23817,0,0,0,0,0,0,0,0,0,0,0,0,761875,1,711125,1,0,0
1501,47588208,23817,0,0,0,0,0,0,0,0,0,0,0,0,726625,1,684125,1,0,0
1502,46480376,23881,0,0,0,0,0,0,0,0,0,0,0,0,772833,1,702209,1,0,0
1503,45806000,24521,0,0,0,0,0,0,0,0,0,0,0,0,755292,1,713333,1,0,0
1504,45356332,24033,0,0,0,0,0,0,0,0,0,0,0,0,764625,1,714208,1,0,0
1505,47792248,23881,0,0,0,0,0,0,0,0,0,0,0,0,749875,1,706875,1,0,0
1506,46041624,23817,0,0,0,0,0,0,0,0,0,0,0,0,1247000,1,1179167,1,0,0
1507,57150708,23905,0,0,0,0,0,0,0,0,0,0,0,0,1481834,1,1412667,1,0,0
1508,54746168,23933,0,0,0,0,0,0,0,0,0,0,0,0,846958,1,785416,1,0,0
1509,56020832,23817,0,0,0,0,0,0,0,0,0,0,0,0,876416,1,825209,1,0,0
1510,55832584,23969,0,0,0,0,0,0,0,0,0,0,0,0,862042,1,803417,1,0,0
1511,55426416,23817,0,0,0,0,0,0,0,0,0,0,0,0,859333,1,807833,1,0,0
1512,55672376,23933,0,0,0,0,0,0,0,0,0,0,0,0,905584,1,848333,1,0,0
1513,52440708,24469,0,0,0,0,0,0,0,0,0,0,0,0,905958,1,829041,1,0,0
1514,51125500,24097,0,0,0,0,0,0,0,0,0,0,0,0,862334,1,784000,1,0,0
1515,43935000,23817,0,0,0,0,0,0,0,0,0,0,0,0,748083,1,682250,1,0,0
1516,41645500,23869,0,0,0,0,0,0,0,0,0,0,0,0,758541,1,684291,1,0,0
1517,41319540,23969,0,0,0,0,0,0,0,0,0,0,0,0,794875,1,730041,1,0,0
1518,33830832,23817,0,0,0,0,0,0,0,0,0,0,0,0,640292,1,563041,1,0,0
1519,35260584,23817,0,0,0,0,0,0,0,0,0,0,0,0,596709,1,545167,1,0,0
1520,36923832,23881,0,0,0,0,0,0,0,0,0,0,0,0,625083,1,570875,1,0,0
1521,36925168,23817,0,0,0,0,0,0,0,0,0,0,0,0,625750,1,566208,1,0,0
1522,37557916,23957,0,0,0,0,0,0,0,0,0,0,0,0,703708,1,648083,1,0,0
1523,35276248,23881,0,0,0,0,0,0,0,0,0,0,0,0,607500,1,555375,1,0,0
1524,37013248,23817,0,0,0,0,0,0,0,0,0,0,0,0,696375,1,621417,1,0,0
1525,38145960,24381,0,0,0,0,0,0,0,0,0,0,0,0,608666,1,556584,1,0,0
1526,37895084,24097,0,0,0,0,0,0,0,0,0,0,0,0,676625,1,619917,1,0,0
1527,43458584,23905,0,0,0,0,0,0,0,0,0,0,0,0,668167,1,606333,1,0,0
1528,46735916,23869,0,0,0,0,0,0,0,0,0,0,0,0,767042,1,676833,1,0,0
1529,57804248,23881,0,0,0,0,0,0,0,0,0,0,0,0,1087083,1,1015042,1,0,0
1530,73271288,23817,0,0,0,0,0,0,0,0,0,0,0,0,1119584,1,1012708,1,0,0
1531,70473208,23969,0,0,0,0,0,0,0,0,0,0,0,0,1058375,1,970750,1,0,0
1532,68507872,23869,0,0,0,0,0,0,0,0,0,0,0,0,1568584,1,1470791,1,0,0
1533,68285712,23881,0,0,0,0,0,0,0,0,0,0,0,0,1133250,1,1037541,1,0,0
1534,67842664,24469,0,0,0,0,0,0,0,0,0,0,0,0,1403917,1,1239583,1,0,0
1535,57039876,24149,0,0,0,0,0,0,0,0,0,0,0,0,961583,1,886458,1,0,0
1536,51856708,23817,0,0,0,0,0,0,0,0,0,0,0,0,905250,1,800083,1,0,0
1537,53474544,23969,0,0,0,0,0,0,0,0,0,0,0,0,951625,1,860917,1,0,0
1538,47836456,23817,0,0,0,0,0,0,0,0,0,0,0,0,835417,1,755666,1,0,0
1539,51077664,23933,0,0,0,0,0,0,0,0,0,0,0,0,837250,1,774542,1,0,0
1540,53379456,23905,0,0,0,0,0,0,0,0,0,0,0,0,912166,1,831416,1,0,0
1541,54054416,23881,0,0,0,0,0,0,0,0,0,0,0,0,1122625,1,1046292,1,0,0
1542,55505832,23817,0,0,0,0,0,0,0,0,0,0,0,0,1201166,1,1090417,1,0,0
1543,54535000,24585,0,0,0,0,0,0,0,0,0,0,0,0,903083,1,832833,1,0,0
1544,54611000,24033,0,0,0,0,0,0,0,0,0,0,0,0,1099125,1,1018625,1,0,0
1545,56634544,23881,0,0,0,0,0,0,0,0,0,0,0,0,1245291,1,1172709,1,0,0
1546,52503040,23905,0,0,0,0,0,0,0,0,0,0,0,0,912750,1,830875,1,0,0
1547,53958708,23933,0,0,0,0,0,0,0,0,0,0,0,0,941791,1,859792,1,0,0
1548,44417292,23817,0,0,0,0,0,0,0,0,0,0,0,0,763667,1,694667,1,0,0
1549,40226208,23905,0,0,0,0,0,0,0,0,0,0,0,0,742875,1,680625,1,0,0
1550,39179248,23881,0,0,0,0,0,0,0,0,0,0,0,0,699083,1,637709,1,0,0
1551,36372752,23817,0,0,0,0,0,0,0,0,0,0,0,0,657167,1,602875,1,0,0
1552,34106708,23869,0,0,0,0,0,0,0,0,0,0,0,0,635125,1,581458,1,0,0
1553,34716876,23969,0,0,0,0,0,0,0,0,0,0,0,0,643292,1,594833,1,0,0
1554,34687416,23817,0,0,0,0,0,0,0,0,0,0,0,0,610292,1,554791,1,0,0
1555,34581208,24381,0,0,0,0,0,0,0,0,0,0,0,0,613584,1,562125,1,0,0
1556,34011208,24097,0,0,0,0,0,0,0,0,0,0,0,0,652000,1,594250,1,0,0
1557,33791040,23817,0,0,0,0,0,0,0,0,0,0,0,0,600250,1,548375,1,0,0
1558,33598416,23957,0,0,0,0,0,0,0,0,0,0,0,0,608709,1,554042,1,0,0
1559,33697584,23881,0,0,0,0,0,0,0,0,0,0,0,0,651083,1,598667,1,0,0
1560,36572792,23817,0,0,0,0,0,0,0,0,0,0,0,0,696208,1,635042,1,0,0
1561,33771248,23817,0,0,0,0,0,0,0,0,0,0,0,0,610459,1,559917,1,0,0
1562,33154416,23881,0,0,0,0,0,0,0,0,0,0,0,0,631500,1,572750,1,0,0
1563,31774416,23905,0,0,0,0,0,0,0,0,0,0,0,0,556083,1,506542,1,0,0
1564,31952540,23869,0,0,0,0,0,0,0,0,0,0,0,0,591208,1,535584,1,0,0
1565,30168292,23817,0,0,0,0,0,0,0,0,0,0,0,0,557625,1,508875,1,0,0
1566,32192292,23881,0,0,0,0,0,0,0,0,0,0,0,0,625875,1,553333,1,0,0
1567,32698708,23817,0,0,0,0,0,0,0,0,0,0,0,0,589250,1,540459,1,0,0
1568,33132876,23905,0,0,0,0,0,0,0,0,0,0,0,0,579375,1,529417,1,0,0
1569,32799584,23817,0,0,0,0,0,0,0,0,0,0,0,0,618209,1,566959,1,0,0
1570,33095668,24445,0,0,0,0,0,0,0,0,0,0,0,0,599750,1,546833,1,0,0
1571,34084416,24085,0,0,0,0,0,0,0,0,0,0,0,0,552084,1,504500,1,0,0
1572,36654540,23817,0,0,0,0,0,0,0,0,0,0,0,0,606792,1,546208,1,0,0
1573,36576500,23969,0,0,0,0,0,0,0,0,0,0,0,0,638458,1,605458,1,0,0
1574,35830792,23817,0,0,0,0,0,0,0,0,0,0,0,0,610667,1,571500,1,0,0
1575,41252500,23817,0,0,0,0,0,0,0,0,0,0,0,0,893500,1,845000,1,0,0
1576,38714876,23881,0,0,0,0,0,0,0,0,0,0,0,0,725416,1,683041,1,0,0
1577,39193668,23957,0,0,0,0,0,0,0,0,0,0,0,0,585625,1,552625,1,0,0
1578,43899540,23817,0,0,0,0,0,0,0,0,0,0,0,0,831791,1,746458,1,0,0
1579,56197960,23881,0,0,0,0,0,0,0,0,0,0,0,0,929416,1,870916,1,0,0
1580,67492912,23817,0,0,0,0,0,0,0,0,0,0,0,0,1057000,1,980666,1,0,0
1581,68726080,24585,0,0,0,0,0,0,0,0,0,0,0,0,1067000,1,1002458,1,0,0
1582,68662456,24033,0,0,0,0,0,0,0,0,0,0,0,0,1080458,1,1000709,1,0,0
1583,67866544,23881,0,0,0,0,0,0,0,0,0,0,0,0,1163625,1,1061459,1,0,0
1584,67424912,23957,0,0,0,0,0,0,0,0,0,0,0,0,1539875,1,1460791,1,0,0
1585,55404792,23881,0,0,0,0,0,0,0,0,0,0,0,0,1291583,1,1240416,1,0,0
1586,56826624,23817,0,0,0,0,0,0,0,0,0,0,0,0,1175875,1,1115542,1,0,0
1587,54113832,23969,0,0,0,0,0,0,0,0,0,0,0,0,907458,1,829792,1,0,0
1588,52420916,23869,0,0,0,0,0,0,0,0,0,0,0,0,924458,1,866833,1,0,0
1589,51325960,24445,0,0,0,0,0,0,0,0,0,0,0,0,859167,1,814625,1,0,0
1590,48551960,24121,0,0,0,0,0,0,0,0,0,0,0,0,1125000,1,1033000,1,0,0
1591,48372208,23817,0,0,0,0,0,0,0,0,0,0,0,0,761000,1,712916,1,0,0
1592,47120752,23933,0,0,0,0,0,0,0,0,0,0,0,0,797333,1,749458,1,0,0
1593,56174168,23817,0,0,0,0,0,0,0,0,0,0,0,0,771125,1,727042,1,0,0
1594,53908416,23969,0,0,0,0,0,0,0,0,0,0,0,0,960500,1,900500,1,0,0
1595,52753832,23817,0,0,0,0,0,0,0,0,0,0,0,0,871375,1,818000,1,0,0
1596,56169668,23933,0,0,0,0,0,0,0,0,0,0,0,0,847792,1,785625,1,0,0
1597,54875084,23905,0,0,0,0,0,0,0,0,0,0,0,0,917666,1,863000,1,0,0
1598,56851584,23881,0,0,0,0,0,0,0,0,0,0,0,0,852042,1,793750,1,0,0
1599,55320084,24381,0,0,0,0,0,0,0,0,0,0,0,0,840375,1,789334,1,0,0
1600,61484124,24237,0,0,0,0,0,0,0,0,0,0,0,0,1451500,1,1369709,1,0,0
1601,61210376,23817,0,0,0,0,0,0,0,0,0,0,0,0,914166,1,864333,1,0,0
1602,58206624,23881,0,0,0,0,0,0,0,0,0,0,0,0,972375,1,910167,1,0,0
1603,50155832,23905,0,0,0,0,0,0,0,0,0,0,0,0,872917,1,821000,1,0,0
1604,43357040,23933,0,0,0,0,0,0,0,0,0,0,0,0,747291,1,690542,1,0,0
1605,38836584,23817,0,0,0,0,0,0,0,0,0,0,0,0,650708,1,610625,1,0,0
1606,37399916,23817,0,0,0,0,0,0,0,0,0,0,0,0,662667,1,620791,1,0,0
1607,34347456,23969,0,0,0,0,0,0,0,0,0,0,0,0,628542,1,593625,1,0,0
1608,34274332,23817,0,0,0,0,0,0,0,0,0,0,0,0,598833,1,558875,1,0,0
1609,34076168,23817,0,0,0,0,0,0,0,0,0,0,0,0,590583,1,551375,1,0,0
1610,33494124,26617,0,0,0,0,0,0,0,0,0,0,0,0,615708,1,559458,1,0,0
1611,33789376,24033,0,0,0,0,0,0,0,0,0,0,0,0,631209,1,596291,1,0,0
1612,33802376,23905,0,0,0,0,0,0,0,0,0,0,0,0,619792,1,580041,1,0,0
1613,34415664,23881,0,0,0,0,0,0,0,0,0,0,0,0,586291,1,550167,1,0,0
1614,34381792,23817,0,0,0,0,0,0,0,0,0,0,0,0,639584,1,601833,1,0,0
1615,40328124,23817,0,0,0,0,0,0,0,0,0,0,0,0,724583,1,680333,1,0,0
1616,37976960,23933,0,0,0,0,0,0,0,0,0,0,0,0,590125,1,551625,1,0,0
1617,35747500,23905,0,0,0,0,0,0,0,0,0,0,0,0,609375,1,575208,1,0,0
1618,36060416,23817,0,0,0,0,0,0,0,0,0,0,0,0,665333,1,622250,1,0,0
1619,35498876,23881,0,0,0,0,0,0,0,0,0,0,0,0,813000,1,731417,1,0,0
1620,38807584,23817,0,0,0,0,0,0,0,0,0,0,0,0,1007292,1,922375,1,0,0
1621,38476000,23817,0,0,0,0,0,0,0,0,0,0,0,0,575875,1,541625,1,0,0
1622,36610540,24021,0,0,0,0,0,0,0,0,0,0,0,0,605084,1,560125,1,0,0
1623,44091292,23817,0,0,0,0,0,0,0,0,0,0,0,0,644875,1,605625,1,0,0
1624,54081208,24381,0,0,0,0,0,0,0,0,0,0,0,0,818791,1,765458,1,0,0
1625,69897504,24097,0,0,0,0,0,0,0,0,0,0,0,0,1197500,1,1128041,1,0,0
1626,73578208,23957,0,0,0,0,0,0,0,0,0,0,0,0,1059416,1,970917,1,0,0
1627,85556584,23881,0,0,0,0,0,0,0,0,0,0,0,0,1187708,1,1089834,1,0,0
1628,65714040,23905,0,0,0,0,0,0,0,0,0,0,0,0,1110125,1,1035500,1,0,0
1629,69053128,23933,0,0,0,0,0,0,0,0,0,0,0,0,1317708,1,1252042,1,0,0
1630,61980500,23817,0,0,0,0,0,0,0,0,0,0,0,0,1541208,1,1446708,1,0,0
1631,55756292,24533,0,0,0,0,0,0,0,0,0,0,0,0,917667,1,864375,1,0,0
1632,50499000,24033,0,0,0,0,0,0,0,0,0,0,0,0,765125,1,713000,1,0,0
1633,47295668,23933,0,0,0,0,0,0,0,0,0,0,0,0,822792,1,767083,1,0,0
1634,49730208,23905,0,0,0,0,0,0,0,0,0,0,0,0,737584,1,683458,1,0,0
1635,58714248,23817,0,0,0,0,0,0,0,0,0,0,0,0,1068167,1,1011667,1,0,0
1636,54754084,23881,0,0,0,0,0,0,0,0,0,0,0,0,910667,1,853333,1,0,0
1637,53362416,23957,0,0,0,0,0,0,0,0,0,0,0,0,843083,1,792167,1,0,0
1638,52972544,23881,0,0,0,0,0,0,0,0,0,0,0,0,1072666,1,1010917,1,0,0
1639,48854708,23817,0,0,0,0,0,0,0,0,0,0,0,0,745750,1,698792,1,0,0
1640,54512584,24533,0,0,0,0,0,0,0,0,0,0,0,0,1569583,1,1499792,1,0,0
1641,54255832,24085,0,0,0,0,0,0,0,0,0,0,0,0,986458,1,925375,1,0,0
1642,55815208,23881,0,0,0,0,0,0,0,0,0,0,0,0,854833,1,790125,1,0,0
1643,56183000,23905,0,0,0,0,0,0,0,0,0,0,0,0,886625,1,808375,1,0,0
1644,58829500,23881,0,0,0,0,0,0,0,0,0,0,0,0,934667,1,870750,1,0,0
1645,52134000,23869,0,0,0,0,0,0,0,0,0,0,0,0,855542,1,806042,1,0,0
1646,49851584,23969,0,0,0,0,0,0,0,0,0,0,0,0,837667,1,778875,1,0,0
1647,43877960,23817,0,0,0,0,0,0,0,0,0,0,0,0,743250,1,701375,1,0,0
1648,40778456,23817,0,0,0,0,0,0,0,0,0,0,0,0,735667,1,688958,1,0,0
1649,37928540,23881,0,0,0,0,0,0,0,0,0,0,0,0,712708,1,675000,1,0,0
1650,34269876,23957,0,0,0,0,0,0,0,0,0,0,0,0,615833,1,576709,1,0,0
1651,33569292,24381,0,0,0,0,0,0,0,0,0,0,0,0,608875,1,575000,1,0,0
1652,33866624,24097,0,0,0,0,0,0,0,0,0,0,0,0,609792,1,570708,1,0,0
1653,33986416,23817,0,0,0,0,0,0,0,0,0,0,0,0,611291,1,577000,1,0,0
1654,34458500,23817,0,0,0,0,0,0,0,0,0,0,0,0,641917,1,603916,1,0,0
1655,34530544,23969,0,0,0,0,0,0,0,0,0,0,0,0,618583,1,585125,1,0,0
1656,42368168,23869,0,0,0,0,0,0,0,0,0,0,0,0,701792,1,657417,1,0,0
1657,36295332,23817,0,0,0,0,0,0,0,0,0,0,0,0,825959,1,786791,1,0,0
1658,35658040,23881,0,0,0,0,0,0,0,0,0,0,0,0,899084,1,852125,1,0,0
1659,36536960,23817,0,0,0,0,0,0,0,0,0,0,0,0,805667,1,764166,1,0,0
1660,35575084,23905,0,0,0,0,0,0,0,0,0,0,0,0,611459,1,572583,1,0,0
1661,36098916,23881,0,0,0,0,0,0,0,0,0,0,0,0,587958,1,545750,1,0,0
1662,38439376,23869,0,0,0,0,0,0,0,0,0,0,0,0,776292,1,714875,1,0,0
1663,41992168,23817,0,0,0,0,0,0,0,0,0,0,0,0,681833,1,641208,1,0,0
1664,47569500,24533,0,0,0,0,0,0,0,0,0,0,0,0,787750,1,720459,1,0,0
1665,57727876,24033,0,0,0,0,0,0,0,0,0,0,0,0,846167,1,794833,1,0,0
1666,67778960,23881,0,0,0,0,0,0,0,0,0,0,0,0,1259917,1,1175000,1,0,0
1667,69068544,23957,0,0,0,0,0,0,0,0,0,0,0,0,1467500,1,1401916,1,0,0
1668,76279128,23881,0,0,0,0,0,0,0,0,0,0,0,0,1163709,1,1088917,1,0,0
1669,68698664,23817,0,0,0,0,0,0,0,0,0,0,0,0,1250416,1,1181416,1,0,0
1670,66042708,24021,0,0,0,0,0,0,0,0,0,0,0,0,1354625,1,1281417,1,0,0
1671,55251040,23817,0,0,0,0,0,0,0,0,0,0,0,0,871917,1,819208,1,0,0
1672,53948584,24445,0,0,0,0,0,0,0,0,0,0,0,0,899584,1,841042,1,0,0
1673,48112584,24121,0,0,0,0,0,0,0,0,0,0,0,0,764458,1,720375,1,0,0
1674,45733248,23933,0,0,0,0,0,0,0,0,0,0,0,0,777208,1,719667,1,0,0
1675,49697000,23817,0,0,0,0,0,0,0,0,0,0,0,0,1279458,1,1220166,1,0,0
1676,56027248,23817,0,0,0,0,0,0,0,0,0,0,0,0,858625,1,781542,1,0,0
1677,56349000,23969,0,0,0,0,0,0,0,0,0,0,0,0,1044208,1,987958,1,0,0
1678,55021336,23869,0,0,0,0,0,0,0,0,0,0,0,0,854834,1,796083,1,0,0
1679,55500500,23881,0,0,0,0,0,0,0,0,0,0,0,0,875208,1,822125,1,0,0
1680,56603540,23377,0,0,0,0,0,0,0,0,0,0,0,0,860000,1,810958,1,0,0
1681,56432584,23917,0,0,0,0,0,0,0,0,0,0,0,0,853583,1,806334,1,0,0
1682,63318168,23557,0,0,0,0,0,0,0,0,0,0,0,0,1240166,1,1178375,1,0,0
1683,72214664,26891,0,0,0,0,0,0,0,0,0,0,0,0,970750,1,900750,1,0,0
1684,57404416,25967,0,0,0,0,0,0,0,0,0,0,0,0,1070791,1,1015417,1,0,0
1685,60522708,23353,0,0,0,0,0,0,0,0,0,0,0,0,1085084,1,1002834,1,0,0
1686,52669544,23429,0,0,0,0,0,0,0,0,0,0,0,0,803333,1,757125,1,0,0
1687,47990376,23353,0,0,0,0,0,0,0,0,0,0,0,0,802750,1,756833,1,0,0
1688,45291332,23289,0,0,0,0,0,0,0,0,0,0,0,0,767792,1,720375,1,0,0
1689,44530876,23289,0,0,0,0,0,0,0,0,0,0,0,0,690834,1,650584,1,0,0
1690,40683500,23441,0,0,0,0,0,0,0,0,0,0,0,0,698666,1,659125,1,0,0
1691,39120664,23905,0,0,0,0,0,0,0,0,0,0,0,0,692375,1,648458,1,0,0
1692,38512544,23505,0,0,0,0,0,0,0,0,0,0,0,0,580875,1,547209,1,0,0
1693,37575960,23353,0,0,0,0,0,0,0,0,0,0,0,0,651208,1,616792,1,0,0
1694,33604500,23377,0,0,0,0,0,0,0,0,0,0,0,0,577041,1,540084,1,0,0
1695,33708960,23289,0,0,0,0,0,0,0,0,0,0,0,0,541458,1,511584,1,0,0
1696,37267084,23353,0,0,0,0,0,0,0,0,0,0,0,0,675625,1,639541,1,0,0
1697,33202668,23341,0,0,0,0,0,0,0,0,0,0,0,0,538625,1,504375,1,0,0
1698,33195334,23289,0,0,0,0,0,0,0,0,0,0,0,0,532375,1,504000,1,0,0
1699,33315124,23441,0,0,0,0,0,0,0,0,0,0,0,0,591042,1,562166,1,0,0
1700,33355584,23289,0,0,0,0,0,0,0,0,0,0,0,0,606125,1,566500,1,0,0
1701,33246042,23289,0,0,0,0,0,0,0,0,0,0,0,0,595542,1,565834,1,0,0
1702,36938292,23289,0,0,0,0,0,0,0,0,0,0,0,0,614417,1,580750,1,0,0
1703,35847916,23405,0,0,0,0,0,0,0,0,0,0,0,0,544916,1,510625,1,0,0
1704,35655292,23377,0,0,0,0,0,0,0,0,0,0,0,0,544000,1,515083,1,0,0
1705,35941456,23853,0,0,0,0,0,0,0,0,0,0,0,0,541625,1,512333,1,0,0
1706,35586248,23569,0,0,0,0,0,0,0,0,0,0,0,0,811959,1,764584,1,0,0
1707,36104708,23289,0,0,0,0,0,0,0,0,0,0,0,0,546042,1,515833,1,0,0
1708,37053416,23289,0,0,0,0,0,0,0,0,0,0,0,0,645083,1,613750,1,0,0
1709,35874000,23493,0,0,0,0,0,0,0,0,0,0,0,0,558958,1,522041,1,0,0
1710,45100624,23289,0,0,0,0,0,0,0,0,0,0,0,0,814083,1,738833,1,0,0
1711,48917792,23289,0,0,0,0,0,0,0,0,0,0,0,0,684167,1,644333,1,0,0
1712,59074000,23353,0,0,0,0,0,0,0,0,0,0,0,0,808417,1,760208,1,0,0
1713,66257624,23377,0,0,0,0,0,0,0,0,0,0,0,0,1114125,1,1040917,1,0,0
1714,66640168,23405,0,0,0,0,0,0,0,0,0,0,0,0,1070875,1,1015959,1,0,0
1715,68263584,23853,0,0,0,0,0,0,0,0,0,0,0,0,1341417,1,1263542,1,0,0
1716,66855168,23657,0,0,0,0,0,0,0,0,0,0,0,0,907167,1,854417,1,0,0
1717,61628916,23341,0,0,0,0,0,0,0,0,0,0,0,0,992917,1,928875,1,0,0
1718,60750336,23353,0,0,0,0,0,0,0,0,0,0,0,0,861625,1,802208,1,0,0
1719,54212168,23377,0,0,0,0,0,0,0,0,0,0,0,0,809042,1,766208,1,0,0
1720,50515456,23353,0,0,0,0,0,0,0,0,0,0,0,0,733166,1,690416,1,0,0
1721,47181916,23341,0,0,0,0,0,0,0,0,0,0,0,0,692625,1,634250,1,0,0
1722,52245040,23377,0,0,0,0,0,0,0,0,0,0,0,0,758500,1,720833,1,0,0
1723,55105248,23353,0,0,0,0,0,0,0,0,0,0,0,0,800417,1,756250,1,0,0
1724,54222916,23853,0,0,0,0,0,0,0,0,0,0,0,0,779208,1,727000,1,0,0
1725,57398792,23709,0,0,0,0,0,0,0,0,0,0,0,0,856250,1,804834,1,0,0
1726,56889332,23289,0,0,0,0,0,0,0,0,0,0,0,0,768333,1,714084,1,0,0
1727,66604500,23353,0,0,0,0,0,0,0,0,0,0,0,0,1006666,1,941709,1,0,0
1728,73267208,23377,0,0,0,0,0,0,0,0,0,0,0,0,977166,1,923291,1,0,0
1729,71067584,23405,0,0,0,0,0,0,0,0,0,0,0,0,960458,1,907625,1,0,0
1730,71211504,23289,0,0,0,0,0,0,0,0,0,0,0,0,997166,1,934000,1,0,0
1731,66559876,23441,0,0,0,0,0,0,0,0,0,0,0,0,987917,1,934791,1,0,0
1732,52212248,23905,0,0,0,0,0,0,0,0,0,0,0,0,805375,1,761625,1,0,0
1733,44093708,23569,0,0,0,0,0,0,0,0,0,0,0,0,682750,1,638167,1,0,0
1734,38072376,23377,0,0,0,0,0,0,0,0,0,0,0,0,615875,1,555917,1,0,0
1735,36480168,23289,0,0,0,0,0,0,0,0,0,0,0,0,732459,1,700959,1,0,0
1736,37532040,23353,0,0,0,0,0,0,0,0,0,0,0,0,626625,1,587083,1,0,0
1737,34240376,23341,0,0,0,0,0,0,0,0,0,0,0,0,530042,1,501875,1,0,0
1738,33853916,23289,0,0,0,0,0,0,0,0,0,0,0,0,550375,1,521875,1,0,0
1739,34025752,23441,0,0,0,0,0,0,0,0,0,0,0,0,544250,1,508000,1,0,0
1740,34467584,23289,0,0,0,0,0,0,0,0,0,0,0,0,561292,1,531791,1,0,0
1741,34441456,23289,0,0,0,0,0,0,0,0,0,0,0,0,533959,1,506542,1,0,0
1742,36889376,23353,0,0,0,0,0,0,0,0,0,0,0,0,542416,1,502750,1,0,0
1743,36175792,23341,0,0,0,0,0,0,0,0,0,0,0,0,558875,1,529125,1,0,0
1744,37908336,23377,0,0,0,0,0,0,0,0,0,0,0,0,529042,1,499000,1,0,0
1745,38127792,23917,0,0,0,0,0,0,0,0,0,0,0,0,641666,1,608166,1,0,0
1746,36352876,23505,0,0,0,0,0,0,0,0,0,0,0,0,571208,1,538291,1,0,0
1747,35680540,23289,0,0,0,0,0,0,0,0,0,0,0,0,563000,1,528333,1,0,0
1748,35595752,23353,0,0,0,0,0,0,0,0,0,0,0,0,633125,1,595292,1,0,0
1749,41786332,23429,0,0,0,0,0,0,0,0,0,0,0,0,789583,1,745917,1,0,0
1750,53083416,23289,0,0,0,0,0,0,0,0,0,0,0,0,754458,1,716208,1,0,0
1751,66236540,23353,0,0,0,0,0,0,0,0,0,0,0,0,1067334,1,1018041,1,0,0
1752,72832288,23377,0,0,0,0,0,0,0,0,0,0,0,0,958917,1,905750,1,0,0
1753,73794544,23405,0,0,0,0,0,0,0,0,0,0,0,0,937833,1,886541,1,0,0
1754,63460000,23289,0,0,0,0,0,0,0,0,0,0,0,0,973375,1,920209,1,0,0
1755,68425376,24005,0,0,0,0,0,0,0,0,0,0,0,0,928833,1,875042,1,0,0
1756,63525500,23557,0,0,0,0,0,0,0,0,0,0,0,0,1061416,1,1005417,1,0,0
1757,53084292,23353,0,0,0,0,0,0,0,0,0,0,0,0,868500,1,807375,1,0,0
1758,51317332,23377,0,0,0,0,0,0,0,0,0,0,0,0,780334,1,736708,1,0,0
1759,47451416,23353,0,0,0,0,0,0,0,0,0,0,0,0,675375,1,639416,1,0,0
1760,47317416,23341,0,0,0,0,0,0,0,0,0,0,0,0,669000,1,627292,1,0,0
1761,47114376,23289,0,0,0,0,0,0,0,0,0,0,0,0,923792,1,887000,1,0,0
1762,46686332,23441,0,0,0,0,0,0,0,0,0,0,0,0,662166,1,625583,1,0,0
1763,53119208,23289,0,0,0,0,0,0,0,0,0,0,0,0,736625,1,692166,1,0,0
1764,58570376,23853,0,0,0,0,0,0,0,0,0,0,0,0,1288750,1,1229584,1,0,0
1765,61810500,23709,0,0,0,0,0,0,0,0,0,0,0,0,818500,1,776583,1,0,0
1766,69763544,23289,0,0,0,0,0,0,0,0,0,0,0,0,954291,1,888084,1,0,0
1767,75379872,23353,0,0,0,0,0,0,0,0,0,0,0,0,1225292,1,1167500,1,0,0
1768,66024084,23429,0,0,0,0,0,0,0,0,0,0,0,0,1051000,1,989084,1,0,0
1769,52672124,23353,0,0,0,0,0,0,0,0,0,0,0,0,836000,1,786334,1,0,0
1770,50073084,23289,0,0,0,0,0,0,0,0,0,0,0,0,809250,1,764500,1,0,0
1771,41805916,23441,0,0,0,0,0,0,0,0,0,0,0,0,723958,1,687708,1,0,0
1772,38641084,23341,0,0,0,0,0,0,0,0,0,0,0,0,621625,1,585125,1,0,0
1773,41810416,23853,0,0,0,0,0,0,0,0,0,0,0,0,620375,1,587834,1,0,0
1774,40486376,23569,0,0,0,0,0,0,0,0,0,0,0,0,881750,1,835958,1,0,0
1775,39596584,23377,0,0,0,0,0,0,0,0,0,0,0,0,563792,1,530167,1,0,0
1776,41002084,23289,0,0,0,0,0,0,0,0,0,0,0,0,901959,1,860000,1,0,0
1777,44843708,23405,0,0,0,0,0,0,0,0,0,0,0,0,791666,1,753083,1,0,0
1778,42631752,23289,0,0,0,0,0,0,0,0,0,0,0,0,594208,1,549000,1,0,0
1779,46663168,23377,0,0,0,0,0,0,0,0,0,0,0,0,1120584,1,1070334,1,0,0
1780,49501624,23353,0,0,0,0,0,0,0,0,0,0,0,0,671166,1,634208,1,0,0
1781,53601376,23289,0,0,0,0,0,0,0,0,0,0,0,0,756625,1,709667,1,0,0
1782,55929832,23493,0,0,0,0,0,0,0,0,0,0,0,0,1022333,1,960916,1,0,0
1783,54662584,23289,0,0,0,0,0,0,0,0,0,0,0,0,792500,1,749666,1,0,0
1784,62622544,23917,0,0,0,0,0,0,0,0,0,0,0,0,775833,1,726667,1,0,0
1785,68969336,23593,0,0,0,0,0,0,0,0,0,0,0,0,911291,1,858583,1,0,0
1786,59580084,23405,0,0,0,0,0,0,0,0,0,0,0,0,994750,1,940500,1,0,0
1787,60707544,23289,0,0,0,0,0,0,0,0,0,0,0,0,887500,1,834375,1,0,0
1788,54217584,23861,0,0,0,0,0,0,0,0,0,0,0,0,1007958,1,950958,1,0,0
1789,56653124,23709,0,0,0,0,0,0,0,0,0,0,0,0,898000,1,849750,1,0,0
1790,55288832,23825,0,0,0,0,0,0,0,0,0,0,0,0,834500,1,775708,1,0,0
1791,64027084,27247,0,0,0,0,0,0,0,0,0,0,0,0,831667,1,785542,1,0,0
1792,57008416,27015,0,0,0,0,0,0,0,0,0,0,0,0,958667,1,900000,1,0,0
1793,55338040,23925,0,0,0,0,0,0,0,0,0,0,0,0,1073667,1,1015708,1,0,0
1794,55671876,23913,0,0,0,0,0,0,0,0,0,0,0,0,1022334,1,964334,1,0,0
1795,58486248,23709,0,0,0,0,0,0,0,0,0,0,0,0,902750,1,853250,1,0,0
1796,56651084,23773,0,0,0,0,0,0,0,0,0,0,0,0,885541,1,829625,1,0,0
1797,54258332,23797,0,0,0,0,0,0,0,0,0,0,0,0,854791,1,808542,1,0,0
1798,55186376,23825,0,0,0,0,0,0,0,0,0,0,0,0,877166,1,821416,1,0,0
1799,56097040,23709,0,0,0,0,0,0,0,0,0,0,0,0,880083,1,822666,1,0,0
1800,51669792,23861,0,0,0,0,0,0,0,0,0,0,0,0,878042,1,822125,1,0,0
1801,948041,0,0,0,0,0,0,0,0,0,0,0,0,0,0,0,0,0,0,0
