frame_index,frame_time_ns,gc_alloc_bytes,tnd_bench_t1_hover_ns,tnd_bench_t1_hover_calls,tnd_bench_t1_reclassify_ns,tnd_bench_t1_reclassify_calls,tnd_bench_t1_hoveredborder_ns,tnd_bench_t1_hoveredborder_calls,tnd_bench_t1_hoveredborderrebuild_ns,tnd_bench_t1_hoveredborderrebuild_calls,tnd_bench_t1_modeenter_ns,tnd_bench_t1_modeenter_calls,tnd_bench_t1_conquerui_ns,tnd_bench_t1_conquerui_calls,tnd_bench_s0_hover_ns,tnd_bench_s0_hover_calls,tnd_bench_s0_rebuild_ns,tnd_bench_s0_rebuild_calls,conquestmodecontroller_update_ns,conquestmodecontroller_update_calls
0,58873544,106833,0,0,0,0,0,0,0,0,0,0,0,0,935625,1,884083,1,0,0
1,53116376,23881,0,0,0,0,0,0,0,0,0,0,0,0,734625,1,670791,1,0,0
2,63110416,27919,0,0,0,0,0,0,0,0,0,0,0,0,1119583,1,1037667,1,0,0
3,66499916,211925,0,0,0,0,0,0,0,0,0,0,0,0,1152708,1,1075500,1,0,0
4,54615960,23869,0,0,0,0,0,0,0,0,0,0,0,0,931583,1,851000,1,0,0
5,55915336,23969,0,0,0,0,0,0,0,0,0,0,0,0,1204125,1,1102041,1,0,0
6,56381292,23817,0,0,0,0,0,0,0,0,0,0,0,0,898083,1,818958,1,0,0
7,55749540,23881,0,0,0,0,0,0,0,0,0,0,0,0,917167,1,840042,1,0,0
8,59757752,23957,0,0,0,0,0,0,0,0,0,0,0,0,988750,1,893542,1,0,0
9,52104876,23881,0,0,0,0,0,0,0,0,0,0,0,0,909125,1,832834,1,0,0
10,53568040,23817,0,0,0,0,0,0,0,0,0,0,0,0,868583,1,788666,1,0,0
11,57048248,24533,0,0,0,0,0,0,0,0,0,0,0,0,1234125,1,1121583,1,0,0
12,53725916,24085,0,0,0,0,0,0,0,0,0,0,0,0,868083,1,794750,1,0,0
13,53470000,23881,0,0,0,0,0,0,0,0,0,0,0,0,915917,1,865709,1,0,0
14,56041084,23905,0,0,0,0,0,0,0,0,0,0,0,0,888917,1,830666,1,0,0
15,54892416,23881,0,0,0,0,0,0,0,0,0,0,0,0,841375,1,788167,1,0,0
16,54650540,23869,0,0,0,0,0,0,0,0,0,0,0,0,928125,1,790375,1,0,0
17,54243456,23969,0,0,0,0,0,0,0,0,0,0,0,0,880708,1,830209,1,0,0
18,60819168,23817,0,0,0,0,0,0,0,0,0,0,0,0,973750,1,908875,1,0,0
19,63558792,23881,0,0,0,0,0,0,0,0,0,0,0,0,905750,1,853667,1,0,0
20,58281416,24521,0,0,0,0,0,0,0,0,0,0,0,0,1081291,1,996958,1,0,0
21,53275000,24097,0,0,0,0,0,0,0,0,0,0,0,0,906625,1,852000,1,0,0
22,52922336,23817,0,0,0,0,0,0,0,0,0,0,0,0,898375,1,840084,1,0,0
23,51767792,23969,0,0,0,0,0,0,0,0,0,0,0,0,1071875,1,1015667,1,0,0
24,51439124,23869,0,0,0,0,0,0,0,0,0,0,0,0,1006417,1,943750,1,0,0
25,44706960,23881,0,0,0,0,0,0,0,0,0,0,0,0,801667,1,756750,1,0,0
26,43884960,23817,0,0,0,0,0,0,0,0,0,0,0,0,755875,1,704375,1,0,0
27,44656456,23905,0,0,0,0,0,0,0,0,0,0,0,0,765166,1,719583,1,0,0
28,39901168,23881,0,0,0,0,0,0,0,0,0,0,0,0,702917,1,656959,1,0,0
29,38884624,23869,0,0,0,0,0,0,0,0,0,0,0,0,663917,1,625541,1,0,0
30,42176664,24019,0,0,0,0,0,0,0,0,0,0,0,0,692000,1,648416,1,0,0
31,41643832,24331,0,0,0,0,0,0,0,0,0,0,0,0,679583,1,642209,1,0,0
32,43702584,24033,0,0,0,0,0,0,0,0,0,0,0,0,780209,1,728042,1,0,0
33,45325500,23817,0,0,0,0,0,0,0,0,0,0,0,0,771291,1,726875,1,0,0
34,43277248,23933,0,0,0,0,0,0,0,0,0,0,0,0,779458,1,720083,1,0,0
35,38480040,23905,0,0,0,0,0,0,0,0,0,0,0,0,905167,1,844209,1,0,0
36,41695376,23817,0,0,0,0,0,0,0,0,0,0,0,0,654417,1,611292,1,0,0
37,42405000,23881,0,0,0,0,0,0,0,0,0,0,0,0,868208,1,829708,1,0,0
38,47603544,23817,0,0,0,0,0,0,0,0,0,0,0,0,773666,1,725375,1,0,0
39,48924500,23957,0,0,0,0,0,0,0,0,0,0,0,0,798875,1,751958,1,0,0
40,47269376,23881,0,0,0,0,0,0,0,0,0,0,0,0,770375,1,720708,1,0,0
41,53952540,24019,0,0,0,0,0,0,0,0,0,0,0,0,770875,1,727750,1,0,0
42,55752292,24331,0,0,0,0,0,0,0,0,0,0,0,0,876084,1,815000,1,0,0
43,56438040,24085,0,0,0,0,0,0,0,0,0,0,0,0,977166,1,876583,1,0,0
44,54983124,23881,0,0,0,0,0,0,0,0,0,0,0,0,903500,1,843708,1,0,0
45,53959168,23905,0,0,0,0,0,0,0,0,0,0,0,0,876250,1,825334,1,0,0
46,50017208,23881,0,0,0,0,0,0,0,0,0,0,0,0,766500,1,713042,1,0,0
47,49073168,23869,0,0,0,0,0,0,0,0,0,0,0,0,770917,1,727709,1,0,0
48,54831208,23377,0,0,0,0,0,0,0,0,0,0,0,0,908708,1,853750,1,0,0
49,52007084,23353,0,0,0,0,0,0,0,0,0,0,0,0,1251167,1,1178416,1,0,0
50,53257000,23289,0,0,0,0,0,0,0,0,0,0,0,0,1122291,1,1072625,1,0,0
51,59626916,27507,0,0,0,0,0,0,0,0,0,0,0,0,775250,1,721125,1,0,0
52,54132708,26183,0,0,0,0,0,0,0,0,0,0,0,0,938000,1,874334,1,0,0
53,54862332,23353,0,0,0,0,0,0,0,0,0,0,0,0,752791,1,702833,1,0,0
54,53640876,23377,0,0,0,0,0,0,0,0,0,0,0,0,763167,1,718792,1,0,0
55,54889248,23405,0,0,0,0,0,0,0,0,0,0,0,0,760833,1,710000,1,0,0
56,51292248,23289,0,0,0,0,0,0,0,0,0,0,0,0,915875,1,853667,1,0,0
57,61187876,23441,0,0,0,0,0,0,0,0,0,0,0,0,823875,1,760000,1,0,0
58,54052248,23289,0,0,0,0,0,0,0,0,0,0,0,0,871083,1,812375,1,0,0
59,54346832,23405,0,0,0,0,0,0,0,0,0,0,0,0,1123166,1,1062583,1,0,0
60,54087500,23941,0,0,0,0,0,0,0,0,0,0,0,0,1049666,1,1008709,1,0,0
61,47934040,23569,0,0,0,0,0,0,0,0,0,0,0,0,752125,1,696166,1,0,0
62,43751500,23289,0,0,0,0,0,0,0,0,0,0,0,0,651375,1,611959,1,0,0
63,44405248,23341,0,0,0,0,0,0,0,0,0,0,0,0,679208,1,641500,1,0,0
64,39210584,23441,0,0,0,0,0,0,0,0,0,0,0,0,662500,1,609542,1,0,0
65,38210916,23289,0,0,0,0,0,0,0,0,0,0,0,0,610708,1,576292,1,0,0
66,37089792,23289,0,0,0,0,0,0,0,0,0,0,0,0,593041,1,560125,1,0,0
67,33675292,23353,0,0,0,0,0,0,0,0,0,0,0,0,555250,1,517667,1,0,0
68,36271460,23289,0,0,0,0,0,0,0,0,0,0,0,0,662541,1,628417,1,0,0
69,33870668,23429,0,0,0,0,0,0,0,0,0,0,0,0,536375,1,506584,1,0,0
70,33746792,23353,0,0,0,0,0,0,0,0,0,0,0,0,545417,1,511583,1,0,0
71,33412084,23289,0,0,0,0,0,0,0,0,0,0,0,0,541542,1,512958,1,0,0
72,33759000,23289,0,0,0,0,0,0,0,0,0,0,0,0,565834,1,534000,1,0,0
73,33607248,23917,0,0,0,0,0,0,0,0,0,0,0,0,576042,1,538041,1,0,0
74,33608376,23593,0,0,0,0,0,0,0,0,0,0,0,0,578292,1,548541,1,0,0
75,33678376,23341,0,0,0,0,0,0,0,0,0,0,0,0,552417,1,524042,1,0,0
76,33325292,23353,0,0,0,0,0,0,0,0,0,0,0,0,533125,1,496625,1,0,0
77,33543668,23289,0,0,0,0,0,0,0,0,0,0,0,0,552458,1,523291,1,0,0
78,33612792,23289,0,0,0,0,0,0,0,0,0,0,0,0,540000,1,512000,1,0,0
79,33685752,23441,0,0,0,0,0,0,0,0,0,0,0,0,544459,1,510625,1,0,0
80,33169458,23289,0,0,0,0,0,0,0,0,0,0,0,0,538709,1,510208,1,0,0
81,33024292,23341,0,0,0,0,0,0,0,0,0,0,0,0,563500,1,529833,1,0,0
82,31508542,23289,0,0,0,0,0,0,0,0,0,0,0,0,511625,1,479459,1,0,0
83,35942668,23353,0,0,0,0,0,0,0,0,0,0,0,0,644375,1,616875,1,0,0
84,34662208,23797,0,0,0,0,0,0,0,0,0,0,0,0,707542,1,664000,1,0,0
85,34478208,23709,0,0,0,0,0,0,0,0,0,0,0,0,592708,1,560417,1,0,0
86,35652544,23773,0,0,0,0,0,0,0,0,0,0,0,0,623459,1,584333,1,0,0
87,35306124,23761,0,0,0,0,0,0,0,0,0,0,0,0,612875,1,581375,1,0,0
88,37150832,24273,0,0,0,0,0,0,0,0,0,0,0,0,1168875,1,1101875,1,0,0
89,42601168,27527,0,0,0,0,0,0,0,0,0,0,0,0,1049875,1,1001625,1,0,0
90,39686456,26387,0,0,0,0,0,0,0,0,0,0,0,0,1311959,1,1256958,1,0,0
91,41034876,23709,0,0,0,0,0,0,0,0,0,0,0,0,626417,1,595625,1,0,0
92,47892416,23773,0,0,0,0,0,0,0,0,0,0,0,0,1067209,1,1011584,1,0,0
93,61403708,23849,0,0,0,0,0,0,0,0,0,0,0,0,833292,1,784834,1,0,0
94,69134208,23773,0,0,0,0,0,0,0,0,0,0,0,0,999667,1,931250,1,0,0
95,84452080,34388,0,0,0,0,0,0,0,0,0,0,0,0,941000,1,893083,1,0,0
96,66817084,23913,0,0,0,0,0,0,0,0,0,0,0,0,1135833,1,1061209,1,0,0
97,66613416,24273,0,0,0,0,0,0,0,0,0,0,0,0,1049375,1,988416,1,0,0
98,60443960,23989,0,0,0,0,0,0,0,0,0,0,0,0,1262292,1,1189209,1,0,0
99,51233708,23797,0,0,0,0,0,0,0,0,0,0,0,0,926625,1,864334,1,0,0
100,47956416,23825,0,0,0,0,0,0,0,0,0,0,0,0,772417,1,725125,1,0,0
101,46371084,23709,0,0,0,0,0,0,0,0,0,0,0,0,764125,1,723084,1,0,0
102,45591500,23709,0,0,0,0,0,0,0,0,0,0,0,0,1162500,1,1092250,1,0,0
103,40704168,23861,0,0,0,0,0,0,0,0,0,0,0,0,660208,1,623459,1,0,0
104,50039624,23709,0,0,0,0,0,0,0,0,0,0,0,0,818000,1,758875,1,0,0
105,46922000,23761,0,0,0,0,0,0,0,0,0,0,0,0,889583,1,840833,1,0,0
106,45107960,23773,0,0,0,0,0,0,0,0,0,0,0,0,993750,1,933750,1,0,0
107,46215040,24361,0,0,0,0,0,0,0,0,0,0,0,0,705292,1,662250,1,0,0
108,46275624,23925,0,0,0,0,0,0,0,0,0,0,0,0,736500,1,688125,1,0,0
109,47201084,23773,0,0,0,0,0,0,0,0,0,0,0,0,709708,1,664583,1,0,0
110,45724084,23761,0,0,0,0,0,0,0,0,0,0,0,0,832417,1,762583,1,0,0
111,45603416,23797,0,0,0,0,0,0,0,0,0,0,0,0,725375,1,682666,1,0,0
112,47240960,23773,0,0,0,0,0,0,0,0,0,0,0,0,772708,1,721958,1,0,0
113,47294416,23709,0,0,0,0,0,0,0,0,0,0,0,0,739041,1,697250,1,0,0
114,46825040,23709,0,0,0,0,0,0,0,0,0,0,0,0,811708,1,758667,1,0,0
115,43534792,23913,0,0,0,0,0,0,0,0,0,0,0,0,703792,1,662042,1,0,0
116,43510544,23709,0,0,0,0,0,0,0,0,0,0,0,0,702834,1,652375,1,0,0
117,42345416,23709,0,0,0,0,0,0,0,0,0,0,0,0,714583,1,669917,1,0,0
118,39380960,24337,0,0,0,0,0,0,0,0,0,0,0,0,671958,1,629208,1,0,0
119,39710960,24013,0,0,0,0,0,0,0,0,0,0,0,0,647416,1,610792,1,0,0
120,41535168,23761,0,0,0,0,0,0,0,0,0,0,0,0,681375,1,640042,1,0,0
121,39178168,23773,0,0,0,0,0,0,0,0,0,0,0,0,629250,1,592417,1,0,0
122,40125336,23709,0,0,0,0,0,0,0,0,0,0,0,0,656333,1,612792,1,0,0
123,39455124,23797,0,0,0,0,0,0,0,0,0,0,0,0,677916,1,641208,1,0,0
124,39724752,23773,0,0,0,0,0,0,0,0,0,0,0,0,641000,1,595500,1,0,0
125,42061124,23709,0,0,0,0,0,0,0,0,0,0,0,0,677084,1,639125,1,0,0
126,49099624,23761,0,0,0,0,0,0,0,0,0,0,0,0,752250,1,702083,1,0,0
127,45405416,23861,0,0,0,0,0,0,0,0,0,0,0,0,714250,1,673125,1,0,0
128,48948416,23709,0,0,0,0,0,0,0,0,0,0,0,0,763125,1,710833,1,0,0
129,53808376,23911,0,0,0,0,0,0,0,0,0,0,0,0,852000,1,802458,1,0,0
130,56647876,24135,0,0,0,0,0,0,0,0,0,0,0,0,1274209,1,1200250,1,0,0
131,63961668,24065,0,0,0,0,0,0,0,0,0,0,0,0,809500,1,760417,1,0,0
132,61999040,23773,0,0,0,0,0,0,0,0,0,0,0,0,1129875,1,1057416,1,0,0
133,58452916,23709,0,0,0,0,0,0,0,0,0,0,0,0,904375,1,824167,1,0,0
134,56541708,23861,0,0,0,0,0,0,0,0,0,0,0,0,882125,1,825042,1,0,0
135,56887916,23761,0,0,0,0,0,0,0,0,0,0,0,0,837833,1,787750,1,0,0
136,61463040,23773,0,0,0,0,0,0,0,0,0,0,0,0,913417,1,850792,1,0,0
137,53195664,23797,0,0,0,0,0,0,0,0,0,0,0,0,980167,1,929250,1,0,0
138,53567708,24337,0,0,0,0,0,0,0,0,0,0,0,0,1095542,1,1027041,1,0,0
139,47245708,23977,0,0,0,0,0,0,0,0,0,0,0,0,721334,1,667500,1,0,0
140,45934124,23861,0,0,0,0,0,0,0,0,0,0,0,0,761041,1,713208,1,0,0
141,45444500,23709,0,0,0,0,0,0,0,0,0,0,0,0,737750,1,689083,1,0,0
142,46399708,23709,0,0,0,0,0,0,0,0,0,0,0,0,736291,1,686292,1,0,0
143,46773708,23773,0,0,0,0,0,0,0,0,0,0,0,0,712333,1,666125,1,0,0
144,44063792,23849,0,0,0,0,0,0,0,0,0,0,0,0,940292,1,878667,1,0,0
145,40938752,23709,0,0,0,0,0,0,0,0,0,0,0,0,725083,1,681584,1,0,0
146,44354624,23773,0,0,0,0,0,0,0,0,0,0,0,0,758667,1,711459,1,0,0
147,38168248,23709,0,0,0,0,0,0,0,0,0,0,0,0,648125,1,611583,1,0,0
148,37786500,23797,0,0,0,0,0,0,0,0,0,0,0,0,676708,1,633709,1,0,0
149,38436584,24027,0,0,0,0,0,0,0,0,0,0,0,0,642917,1,605833,1,0,0
150,37040376,24071,0,0,0,0,0,0,0,0,0,0,0,0,671750,1,630250,1,0,0
151,33887916,23925,0,0,0,0,0,0,0,0,0,0,0,0,712500,1,679000,1,0,0
152,33971832,23773,0,0,0,0,0,0,0,0,0,0,0,0,706125,1,664375,1,0,0
153,33291292,23797,0,0,0,0,0,0,0,0,0,0,0,0,738959,1,705833,1,0,0
154,33785832,23709,0,0,0,0,0,0,0,0,0,0,0,0,661416,1,621042,1,0,0
155,33467292,23825,0,0,0,0,0,0,0,0,0,0,0,0,595542,1,558166,1,0,0
156,33143042,23709,0,0,0,0,0,0,0,0,0,0,0,0,609166,1,567209,1,0,0
157,33562500,23709,0,0,0,0,0,0,0,0,0,0,0,0,586250,1,554292,1,0,0
158,33240668,23861,0,0,0,0,0,0,0,0,0,0,0,0,619084,1,577750,1,0,0
159,36207668,23709,0,0,0,0,0,0,0,0,0,0,0,0,635625,1,603125,1,0,0
160,33612960,23709,0,0,0,0,0,0,0,0,0,0,0,0,579042,1,541584,1,0,0
161,33728336,23825,0,0,0,0,0,0,0,0,0,0,0,0,582458,1,550583,1,0,0
162,33835752,23709,0,0,0,0,0,0,0,0,0,0,0,0,604875,1,564583,1,0,0
163,31357540,23797,0,0,0,0,0,0,0,0,0,0,0,0,586750,1,552167,1,0,0
164,30359292,23911,0,0,0,0,0,0,0,0,0,0,0,0,563625,1,528667,1,0,0
165,30738084,24135,0,0,0,0,0,0,0,0,0,0,0,0,626584,1,595875,1,0,0
166,31642376,23925,0,0,0,0,0,0,0,0,0,0,0,0,534417,1,496833,1,0,0
167,31690584,23709,0,0,0,0,0,0,0,0,0,0,0,0,552250,1,523125,1,0,0
168,32462168,23849,0,0,0,0,0,0,0,0,0,0,0,0,573458,1,539750,1,0,0
169,32519084,23773,0,0,0,0,0,0,0,0,0,0,0,0,535000,1,505750,1,0,0
170,34306876,23709,0,0,0,0,0,0,0,0,0,0,0,0,614250,1,578875,1,0,0
171,35853124,23709,0,0,0,0,0,0,0,0,0,0,0,0,595167,1,563792,1,0,0
172,35941208,23773,0,0,0,0,0,0,0,0,0,0,0,0,736708,1,699250,1,0,0
173,35411000,23797,0,0,0,0,0,0,0,0,0,0,0,0,614958,1,584250,1,0,0
174,39564584,23761,0,0,0,0,0,0,0,0,0,0,0,0,691958,1,653000,1,0,0
175,36177332,23773,0,0,0,0,0,0,0,0,0,0,0,0,575500,1,543125,1,0,0
176,36522708,23289,0,0,0,0,0,0,0,0,0,0,0,0,598166,1,565208,1,0,0
177,37980208,23289,0,0,0,0,0,0,0,0,0,0,0,0,632750,1,594166,1,0,0
178,48760668,27093,0,0,0,0,0,0,0,0,0,0,0,0,777542,1,745584,1,0,0
179,49506708,26329,0,0,0,0,0,0,0,0,0,0,0,0,795459,1,751584,1,0,0
180,60612040,23557,0,0,0,0,0,0,0,0,0,0,0,0,1342833,1,1286167,1,0,0
181,66755624,23441,0,0,0,0,0,0,0,0,0,0,0,0,960500,1,906209,1,0,0
182,67560128,23289,0,0,0,0,0,0,0,0,0,0,0,0,979542,1,926667,1,0,0
183,68300288,23353,0,0,0,0,0,0,0,0,0,0,0,0,1116500,1,1045750,1,0,0
184,67321296,23429,0,0,0,0,0,0,0,0,0,0,0,0,1172292,1,1115750,1,0,0
185,55840248,23353,0,0,0,0,0,0,0,0,0,0,0,0,1069208,1,988958,1,0,0
186,56895456,23491,0,0,0,0,0,0,0,0,0,0,0,0,909417,1,847750,1,0,0
187,48447248,23803,0,0,0,0,0,0,0,0,0,0,0,0,795792,1,751292,1,0,0
188,46469292,23557,0,0,0,0,0,0,0,0,0,0,0,0,694833,1,658084,1,0,0
189,46787792,23289,0,0,0,0,0,0,0,0,0,0,0,0,713666,1,667250,1,0,0
190,47640752,23353,0,0,0,0,0,0,0,0,0,0,0,0,892458,1,844708,1,0,0
191,47854208,23377,0,0,0,0,0,0,0,0,0,0,0,0,1007750,1,969875,1,0,0
192,46502916,23289,0,0,0,0,0,0,0,0,0,0,0,0,772375,1,728417,1,0,0
193,49505916,23405,0,0,0,0,0,0,0,0,0,0,0,0,674125,1,635250,1,0,0
194,59237832,23289,0,0,0,0,0,0,0,0,0,0,0,0,892292,1,847625,1,0,0
195,56102332,23441,0,0,0,0,0,0,0,0,0,0,0,0,775334,1,725000,1,0,0
196,54708040,23491,0,0,0,0,0,0,0,0,0,0,0,0,801417,1,757291,1,0,0
197,57608336,23767,0,0,0,0,0,0,0,0,0,0,0,0,800958,1,753833,1,0,0
198,56943960,23593,0,0,0,0,0,0,0,0,0,0,0,0,951833,1,887292,1,0,0
199,53053336,23353,0,0,0,0,0,0,0,0,0,0,0,0,829625,1,786583,1,0,0
200,46461248,23289,0,0,0,0,0,0,0,0,0,0,0,0,812958,1,768208,1,0,0
201,41613792,23429,0,0,0,0,0,0,0,0,0,0,0,0,687375,1,644584,1,0,0
202,41432500,23353,0,0,0,0,0,0,0,0,0,0,0,0,668875,1,634125,1,0,0
203,36771292,23289,0,0,0,0,0,0,0,0,0,0,0,0,593083,1,559875,1,0,0
204,41180208,23289,0,0,0,0,0,0,0,0,0,0,0,0,1235542,1,1162834,1,0,0
205,38235168,23441,0,0,0,0,0,0,0,0,0,0,0,0,581875,1,544917,1,0,0
206,39848708,23289,0,0,0,0,0,0,0,0,0,0,0,0,561125,1,531667,1,0,0
207,42305416,23543,0,0,0,0,0,0,0,0,0,0,0,0,1085875,1,1044458,1,0,0
208,45439916,23715,0,0,0,0,0,0,0,0,0,0,0,0,634959,1,600083,1,0,0
209,45065416,23593,0,0,0,0,0,0,0,0,0,0,0,0,690167,1,648333,1,0,0
210,50054376,23289,0,0,0,0,0,0,0,0,0,0,0,0,755958,1,695584,1,0,0
211,55921168,23353,0,0,0,0,0,0,0,0,0,0,0,0,1148916,1,1096458,1,0,0
212,54459916,23869,0,0,0,0,0,0,0,0,0,0,0,0,1055833,1,995167,1,0,0
213,75043920,27419,0,0,0,0,0,0,0,0,0,0,0,0,1029000,1,963708,1,0,0
214,65627960,26495,0,0,0,0,0,0,0,0,0,0,0,0,1100333,1,1037167,1,0,0
215,58258248,23881,0,0,0,0,0,0,0,0,0,0,0,0,1042792,1,970958,1,0,0
216,54746960,24159,0,0,0,0,0,0,0,0,0,0,0,0,898458,1,835750,1,0,0
217,56749416,24243,0,0,0,0,0,0,0,0,0,0,0,0,885042,1,830209,1,0,0
218,55159292,24033,0,0,0,0,0,0,0,0,0,0,0,0,963958,1,897250,1,0,0
219,54080168,23969,0,0,0,0,0,0,0,0,0,0,0,0,873208,1,818209,1,0,0
220,46343416,23869,0,0,0,0,0,0,0,0,0,0,0,0,815667,1,758500,1,0,0
221,47968084,24131,0,0,0,0,0,0,0,0,0,0,0,0,773292,1,730917,1,0,0
222,48916040,23817,0,0,0,0,0,0,0,0,0,0,0,0,822042,1,766833,1,0,0
223,50484916,23905,0,0,0,0,0,0,0,0,0,0,0,0,848250,1,802167,1,0,0
224,54947332,23881,0,0,0,0,0,0,0,0,0,0,0,0,847875,1,789208,1,0,0
225,55398916,23869,0,0,0,0,0,0,0,0,0,0,0,0,827834,1,775917,1,0,0
226,58020248,24533,0,0,0,0,0,0,0,0,0,0,0,0,1219917,1,1136125,1,0,0
227,56799292,24033,0,0,0,0,0,0,0,0,0,0,0,0,852542,1,797500,1,0,0
228,63485000,23881,0,0,0,0,0,0,0,0,0,0,0,0,1415334,1,1325875,1,0,0
229,55173624,23957,0,0,0,0,0,0,0,0,0,0,0,0,901666,1,849042,1,0,0
230,53900084,23881,0,0,0,0,0,0,0,0,0,0,0,0,1025000,1,960333,1,0,0
231,48122544,23817,0,0,0,0,0,0,0,0,0,0,0,0,892916,1,840625,1,0,0
232,48810168,23969,0,0,0,0,0,0,0,0,0,0,0,0,833208,1,771292,1,0,0
233,40667752,23869,0,0,0,0,0,0,0,0,0,0,0,0,771000,1,728625,1,0,0
234,38764376,24575,0,0,0,0,0,0,0,0,0,0,0,0,650667,1,607375,1,0,0
235,35158876,23881,0,0,0,0,0,0,0,0,0,0,0,0,621083,1,584875,1,0,0
236,36065624,24107,0,0,0,0,0,0,0,0,0,0,0,0,618041,1,572417,1,0,0
237,35077336,24179,0,0,0,0,0,0,0,0,0,0,0,0,590916,1,552334,1,0,0
238,37294124,24097,0,0,0,0,0,0,0,0,0,0,0,0,653000,1,605791,1,0,0
239,38058000,23869,0,0,0,0,0,0,0,0,0,0,0,0,732334,1,689875,1,0,0
240,35785708,23817,0,0,0,0,0,0,0,0,0,0,0,0,595000,1,552791,1,0,0
241,39515668,23969,0,0,0,0,0,0,0,0,0,0,0,0,831250,1,776000,1,0,0
242,39850540,23817,0,0,0,0,0,0,0,0,0,0,0,0,683083,1,638958,1,0,0
243,43280208,23817,0,0,0,0,0,0,0,0,0,0,0,0,649417,1,611709,1,0,0
244,45699292,23881,0,0,0,0,0,0,0,0,0,0,0,0,757334,1,709667,1,0,0
245,57469124,23957,0,0,0,0,0,0,0,0,0,0,0,0,1126250,1,1057833,1,0,0
246,55138624,23881,0,0,0,0,0,0,0,0,0,0,0,0,848291,1,781167,1,0,0
247,64567960,24019,0,0,0,0,0,0,0,0,0,0,0,0,866125,1,795042,1,0,0
248,68876624,24331,0,0,0,0,0,0,0,0,0,0,0,0,1095041,1,1015334,1,0,0
249,64444040,24085,0,0,0,0,0,0,0,0,0,0,0,0,1195792,1,1077000,1,0,0
250,56081292,23881,0,0,0,0,0,0,0,0,0,0,0,0,927500,1,836500,1,0,0
251,54745040,23905,0,0,0,0,0,0,0,0,0,0,0,0,1363125,1,1242875,1,0,0
252,55126000,23881,0,0,0,0,0,0,0,0,0,0,0,0,918459,1,833125,1,0,0
253,47533832,23869,0,0,0,0,0,0,0,0,0,0,0,0,782208,1,713166,1,0,0
254,51069832,23969,0,0,0,0,0,0,0,0,0,0,0,0,896041,1,813125,1,0,0
255,47699792,23817,0,0,0,0,0,0,0,0,0,0,0,0,807167,1,731208,1,0,0
256,47983416,23817,0,0,0,0,0,0,0,0,0,0,0,0,743375,1,676333,1,0,0
257,47634084,24445,0,0,0,0,0,0,0,0,0,0,0,0,733125,1,672333,1,0,0
258,45243456,24173,0,0,0,0,0,0,0,0,0,0,0,0,779500,1,707000,1,0,0
259,47301832,23817,0,0,0,0,0,0,0,0,0,0,0,0,779541,1,701291,1,0,0
260,46133792,23881,0,0,0,0,0,0,0,0,0,0,0,0,776291,1,704333,1,0,0
261,46616544,23817,0,0,0,0,0,0,0,0,0,0,0,0,789334,1,728833,1,0,0
262,44750752,23905,0,0,0,0,0,0,0,0,0,0,0,0,792792,1,724542,1,0,0
263,47012084,23933,0,0,0,0,0,0,0,0,0,0,0,0,804042,1,728667,1,0,0
264,50981000,23817,0,0,0,0,0,0,0,0,0,0,0,0,1012709,1,935708,1,0,0
265,44931500,23817,0,0,0,0,0,0,0,0,0,0,0,0,789375,1,727167,1,0,0
266,44479584,23969,0,0,0,0,0,0,0,0,0,0,0,0,750583,1,678958,1,0,0
267,43429040,24019,0,0,0,0,0,0,0,0,0,0,0,0,790083,1,722083,1,0,0
268,40341792,24231,0,0,0,0,0,0,0,0,0,0,0,0,768625,1,701708,1,0,0
269,38408876,24097,0,0,0,0,0,0,0,0,0,0,0,0,679084,1,642584,1,0,0
270,36851752,23905,0,0,0,0,0,0,0,0,0,0,0,0,687333,1,643000,1,0,0
271,33568544,23817,0,0,0,0,0,0,0,0,0,0,0,0,603250,1,570125,1,0,0
272,33746084,23881,0,0,0,0,0,0,0,0,0,0,0,0,634417,1,596042,1,0,0
273,33759376,23817,0,0,0,0,0,0,0,0,0,0,0,0,586542,1,552750,1,0,0
274,33648668,23869,0,0,0,0,0,0,0,0,0,0,0,0,600708,1,560458,1,0,0
275,33522832,23969,0,0,0,0,0,0,0,0,0,0,0,0,628250,1,594916,1,0,0
276,33904292,23817,0,0,0,0,0,0,0,0,0,0,0,0,586833,1,550709,1,0,0
277,36582624,23817,0,0,0,0,0,0,0,0,0,0,0,0,693292,1,658958,1,0,0
278,33755000,23881,0,0,0,0,0,0,0,0,0,0,0,0,614166,1,570625,1,0,0
279,33520292,23817,0,0,0,0,0,0,0,0,0,0,0,0,597166,1,561750,1,0,0
280,33642456,23957,0,0,0,0,0,0,0,0,0,0,0,0,632083,1,592625,1,0,0
281,34356916,23881,0,0,0,0,0,0,0,0,0,0,0,0,691250,1,657125,1,0,0
282,33336668,24381,0,0,0,0,0,0,0,0,0,0,0,0,549958,1,510750,1,0,0
283,34634168,24033,0,0,0,0,0,0,0,0,0,0,0,0,997125,1,944041,1,0,0
284,35636876,23881,0,0,0,0,0,0,0,0,0,0,0,0,717209,1,664667,1,0,0
285,36638456,23905,0,0,0,0,0,0,0,0,0,0,0,0,626458,1,592000,1,0,0
286,38407336,23869,0,0,0,0,0,0,0,0,0,0,0,0,634750,1,587084,1,0,0
287,37177208,23881,0,0,0,0,0,0,0,0,0,0,0,0,715333,1,680042,1,0,0
288,38853876,23817,0,0,0,0,0,0,0,0,0,0,0,0,1123917,1,1058375,1,0,0
289,38606832,23905,0,0,0,0,0,0,0,0,0,0,0,0,597291,1,561625,1,0,0
290,43817752,23881,0,0,0,0,0,0,0,0,0,0,0,0,675666,1,628166,1,0,0
291,63176708,23817,0,0,0,0,0,0,0,0,0,0,0,0,919042,1,865875,1,0,0
292,66806208,23933,0,0,0,0,0,0,0,0,0,0,0,0,1058166,1,981417,1,0,0
293,72086040,26589,0,0,0,0,0,0,0,0,0,0,0,0,1148167,1,1083583,1,0,0
294,70847584,24097,0,0,0,0,0,0,0,0,0,0,0,0,1436625,1,1361458,1,0,0
295,68844752,23869,0,0,0,0,0,0,0,0,0,0,0,0,1110542,1,1045584,1,0,0
296,66603168,23969,0,0,0,0,0,0,0,0,0,0,0,0,1442125,1,1343542,1,0,0
297,55191000,23817,0,0,0,0,0,0,0,0,0,0,0,0,1051292,1,978500,1,0,0
298,47011544,23881,0,0,0,0,0,0,0,0,0,0,0,0,1018250,1,955292,1,0,0
299,47299332,23957,0,0,0,0,0,0,0,0,0,0,0,0,844750,1,789333,1,0,0
300,44490376,23817,0,0,0,0,0,0,0,0,0,0,0,0,702917,1,656500,1,0,0
301,40760376,23881,0,0,0,0,0,0,0,0,0,0,0,0,648625,1,609750,1,0,0
302,41844624,24019,0,0,0,0,0,0,0,0,0,0,0,0,689250,1,641250,1,0,0
303,46655792,24267,0,0,0,0,0,0,0,0,0,0,0,0,716166,1,670458,1,0,0
304,47643456,23621,0,0,0,0,0,0,0,0,0,0,0,0,717375,1,679542,1,0,0
305,47164500,23289,0,0,0,0,0,0,0,0,0,0,0,0,1021333,1,953250,1,0,0
306,47262584,23289,0,0,0,0,0,0,0,0,0,0,0,0,717208,1,674042,1,0,0
307,61555376,26891,0,0,0,0,0,0,0,0,0,0,0,0,679958,1,639125,1,0,0
308,56381544,26019,0,0,0,0,0,0,0,0,0,0,0,0,833792,1,780917,1,0,0
309,69338544,23353,0,0,0,0,0,0,0,0,0,0,0,0,1051625,1,988625,1,0,0
310,66916332,23377,0,0,0,0,0,0,0,0,0,0,0,0,991542,1,933250,1,0,0
311,56717248,23555,0,0,0,0,0,0,0,0,0,0,0,0,1059541,1,989792,1,0,0
312,52499792,23703,0,0,0,0,0,0,0,0,0,0,0,0,920625,1,875416,1,0,0
313,43786124,23657,0,0,0,0,0,0,0,0,0,0,0,0,693750,1,655875,1,0,0
314,42156544,23289,0,0,0,0,0,0,0,0,0,0,0,0,667459,1,620042,1,0,0
315,38759624,23289,0,0,0,0,0,0,0,0,0,0,0,0,597959,1,565750,1,0,0
316,37665544,23353,0,0,0,0,0,0,0,0,0,0,0,0,602125,1,571041,1,0,0
317,33831876,23429,0,0,0,0,0,0,0,0,0,0,0,0,558166,1,524542,1,0,0
318,33660960,23289,0,0,0,0,0,0,0,0,0,0,0,0,552500,1,523167,1,0,0
319,33340500,23353,0,0,0,0,0,0,0,0,0,0,0,0,557375,1,528542,1,0,0
320,35893916,23289,0,0,0,0,0,0,0,0,0,0,0,0,633750,1,598083,1,0,0
321,33332416,23289,0,0,0,0,0,0,0,0,0,0,0,0,531459,1,501625,1,0,0
322,33288292,23441,0,0,0,0,0,0,0,0,0,0,0,0,573583,1,545834,1,0,0
323,33395876,23341,0,0,0,0,0,0,0,0,0,0,0,0,560375,1,526375,1,0,0
324,32778250,23289,0,0,0,0,0,0,0,0,0,0,0,0,556083,1,527500,1,0,0
325,30327668,23853,0,0,0,0,0,0,0,0,0,0,0,0,542667,1,516708,1,0,0
326,30169250,23569,0,0,0,0,0,0,0,0,0,0,0,0,513083,1,471875,1,0,0
327,30096750,23377,0,0,0,0,0,0,0,0,0,0,0,0,528917,1,502333,1,0,0
328,30710250,23289,0,0,0,0,0,0,0,0,0,0,0,0,529167,1,501750,1,0,0
329,30393084,23289,0,0,0,0,0,0,0,0,0,0,0,0,506792,1,470000,1,0,0
330,30643458,23405,0,0,0,0,0,0,0,0,0,0,0,0,491083,1,462417,1,0,0
331,30246834,23289,0,0,0,0,0,0,0,0,0,0,0,0,506375,1,478708,1,0,0
332,30396124,23377,0,0,0,0,0,0,0,0,0,0,0,0,508667,1,473375,1,0,0
333,32793708,23289,0,0,0,0,0,0,0,0,0,0,0,0,505417,1,479083,1,0,0
334,34810832,23353,0,0,0,0,0,0,0,0,0,0,0,0,531667,1,501666,1,0,0
335,38761752,23289,0,0,0,0,0,0,0,0,0,0,0,0,674250,1,619042,1,0,0
336,38069584,23289,0,0,0,0,0,0,0,0,0,0,0,0,536791,1,508042,1,0,0
337,36676084,23493,0,0,0,0,0,0,0,0,0,0,0,0,607291,1,568208,1,0,0
338,35587960,23289,0,0,0,0,0,0,0,0,0,0,0,0,653250,1,588542,1,0,0
339,35267916,23289,0,0,0,0,0,0,0,0,0,0,0,0,554625,1,521375,1,0,0
340,41496832,24337,0,0,0,0,0,0,0,0,0,0,0,0,952209,1,887417,1,0,0
341,47998916,23925,0,0,0,0,0,0,0,0,0,0,0,0,727667,1,683917,1,0,0
342,70043248,27247,0,0,0,0,0,0,0,0,0,0,0,0,859667,1,810042,1,0,0
343,68535920,26503,0,0,0,0,0,0,0,0,0,0,0,0,1217125,1,1160084,1,0,0
344,73490624,23709,0,0,0,0,0,0,0,0,0,0,0,0,1094500,1,1028916,1,0,0
345,70502664,23861,0,0,0,0,0,0,0,0,0,0,0,0,1016333,1,959000,1,0,0
346,71279832,23761,0,0,0,0,0,0,0,0,0,0,0,0,1361834,1,1263333,1,0,0
347,58674124,23773,0,0,0,0,0,0,0,0,0,0,0,0,1197708,1,1128042,1,0,0
348,49114084,24361,0,0,0,0,0,0,0,0,0,0,0,0,882542,1,816458,1,0,0
349,47463124,23989,0,0,0,0,0,0,0,0,0,0,0,0,783708,1,741000,1,0,0
350,48267664,23761,0,0,0,0,0,0,0,0,0,0,0,0,722458,1,675875,1,0,0
351,46803040,23709,0,0,0,0,0,0,0,0,0,0,0,0,1190500,1,1128417,1,0,0
352,46427960,23861,0,0,0,0,0,0,0,0,0,0,0,0,803375,1,755584,1,0,0
353,46130376,23709,0,0,0,0,0,0,0,0,0,0,0,0,708250,1,667166,1,0,0
354,45589792,23709,0,0,0,0,0,0,0,0,0,0,0,0,794333,1,744583,1,0,0
355,53791792,23825,0,0,0,0,0,0,0,0,0,0,0,0,762250,1,720375,1,0,0
356,45416792,23797,0,0,0,0,0,0,0,0,0,0,0,0,718083,1,668000,1,0,0
357,46291668,23709,0,0,0,0,0,0,0,0,0,0,0,0,747833,1,706625,1,0,0
358,45193084,23975,0,0,0,0,0,0,0,0,0,0,0,0,812042,1,762708,1,0,0
359,47167708,24071,0,0,0,0,0,0,0,0,0,0,0,0,917292,1,864167,1,0,0
360,46287084,24065,0,0,0,0,0,0,0,0,0,0,0,0,739375,1,691834,1,0,0
361,46466832,23773,0,0,0,0,0,0,0,0,0,0,0,0,731458,1,688417,1,0,0
362,44895752,23709,0,0,0,0,0,0,0,0,0,0,0,0,764000,1,713667,1,0,0
363,47090040,23709,0,0,0,0,0,0,0,0,0,0,0,0,747792,1,706417,1,0,0
364,47585752,23861,0,0,0,0,0,0,0,0,0,0,0,0,758834,1,711875,1,0,0
365,44102584,23761,0,0,0,0,0,0,0,0,0,0,0,0,752042,1,709750,1,0,0
366,46312832,23709,0,0,0,0,0,0,0,0,0,0,0,0,831958,1,776791,1,0,0
367,42765168,23773,0,0,0,0,0,0,0,0,0,0,0,0,754667,1,706458,1,0,0
368,39939292,23797,0,0,0,0,0,0,0,0,0,0,0,0,734333,1,685791,1,0,0
369,37389124,23911,0,0,0,0,0,0,0,0,0,0,0,0,641167,1,603459,1,0,0
370,35923876,24187,0,0,0,0,0,0,0,0,0,0,0,0,676500,1,630667,1,0,0
371,33679292,23925,0,0,0,0,0,0,0,0,0,0,0,0,618291,1,584458,1,0,0
372,33260834,23709,0,0,0,0,0,0,0,0,0,0,0,0,711750,1,670042,1,0,0
373,33377792,23861,0,0,0,0,0,0,0,0,0,0,0,0,580541,1,548125,1,0,0
374,33232832,23709,0,0,0,0,0,0,0,0,0,0,0,0,718333,1,679958,1,0,0
375,33816960,23709,0,0,0,0,0,0,0,0,0,0,0,0,729458,1,696083,1,0,0
376,33382500,23825,0,0,0,0,0,0,0,0,0,0,0,0,595125,1,552625,1,0,0
377,33386208,23709,0,0,0,0,0,0,0,0,0,0,0,0,662125,1,610125,1,0,0
378,33840960,23797,0,0,0,0,0,0,0,0,0,0,0,0,612750,1,568584,1,0,0
379,37373292,23773,0,0,0,0,0,0,0,0,0,0,0,0,719667,1,679542,1,0,0
380,33487458,23709,0,0,0,0,0,0,0,0,0,0,0,0,621709,1,574208,1,0,0
381,31625460,23709,0,0,0,0,0,0,0,0,0,0,0,0,535625,1,503958,1,0,0
382,30199542,23825,0,0,0,0,0,0,0,0,0,0,0,0,558083,1,523834,1,0,0
383,30141416,23797,0,0,0,0,0,0,0,0,0,0,0,0,557625,1,528042,1,0,0
384,30412792,23911,0,0,0,0,0,0,0,0,0,0,0,0,588083,1,542959,1,0,0
385,30323876,24071,0,0,0,0,0,0,0,0,0,0,0,0,559000,1,528916,1,0,0
386,31857958,23989,0,0,0,0,0,0,0,0,0,0,0,0,532167,1,498875,1,0,0
387,36252376,23709,0,0,0,0,0,0,0,0,0,0,0,0,626917,1,592167,1,0,0
388,36589000,23797,0,0,0,0,0,0,0,0,0,0,0,0,656541,1,607333,1,0,0
389,38081624,23825,0,0,0,0,0,0,0,0,0,0,0,0,805625,1,748042,1,0,0
390,38403916,23709,0,0,0,0,0,0,0,0,0,0,0,0,996500,1,937458,1,0,0
391,37796084,23709,0,0,0,0,0,0,0,0,0,0,0,0,670292,1,627041,1,0,0
392,41685000,23861,0,0,0,0,0,0,0,0,0,0,0,0,600125,1,560417,1,0,0
393,43488500,23709,0,0,0,0,0,0,0,0,0,0,0,0,634166,1,595875,1,0,0
394,61534168,23709,0,0,0,0,0,0,0,0,0,0,0,0,1209542,1,1127542,1,0,0
395,67953920,23825,0,0,0,0,0,0,0,0,0,0,0,0,1018916,1,957500,1,0,0
396,71366792,24361,0,0,0,0,0,0,0,0,0,0,0,0,1035250,1,962083,1,0,0
397,68872960,23989,0,0,0,0,0,0,0,0,0,0,0,0,1342834,1,1266334,1,0,0
398,70734920,23761,0,0,0,0,0,0,0,0,0,0,0,0,1023416,1,950208,1,0,0
399,67142248,23861,0,0,0,0,0,0,0,0,0,0,0,0,1025709,1,963625,1,0,0
400,56862124,23709,0,0,0,0,0,0,0,0,0,0,0,0,862459,1,798959,1,0,0
401,49842168,23773,0,0,0,0,0,0,0,0,0,0,0,0,874458,1,822000,1,0,0
402,51009584,23849,0,0,0,0,0,0,0,0,0,0,0,0,1031542,1,956333,1,0,0
403,46237456,23773,0,0,0,0,0,0,0,0,0,0,0,0,711125,1,668917,1,0,0
404,47231292,23709,0,0,0,0,0,0,0,0,0,0,0,0,732750,1,684375,1,0,0
405,48060624,24273,0,0,0,0,0,0,0,0,0,0,0,0,884958,1,836750,1,0,0
406,45269456,24077,0,0,0,0,0,0,0,0,0,0,0,0,745166,1,695750,1,0,0
407,47864624,23761,0,0,0,0,0,0,0,0,0,0,0,0,839042,1,796250,1,0,0
408,49178792,23709,0,0,0,0,0,0,0,0,0,0,0,0,791959,1,740042,1,0,0
409,50506832,23773,0,0,0,0,0,0,0,0,0,0,0,0,793583,1,749833,1,0,0
410,45133248,23797,0,0,0,0,0,0,0,0,0,0,0,0,725208,1,676834,1,0,0
411,45988960,23709,0,0,0,0,0,0,0,0,0,0,0,0,731541,1,689166,1,0,0
412,47564292,23825,0,0,0,0,0,0,0,0,0,0,0,0,836250,1,775709,1,0,0
413,44002792,23709,0,0,0,0,0,0,0,0,0,0,0,0,718084,1,676584,1,0,0
414,41570832,23797,0,0,0,0,0,0,0,0,0,0,0,0,771125,1,715041,1,0,0
415,37718708,23773,0,0,0,0,0,0,0,0,0,0,0,0,664708,1,628500,1,0,0
416,36342040,24273,0,0,0,0,0,0,0,0,0,0,0,0,633583,1,589292,1,0,0
417,33513250,23977,0,0,0,0,0,0,0,0,0,0,0,0,584958,1,551958,1,0,0
418,33592000,23861,0,0,0,0,0,0,0,0,0,0,0,0,579667,1,538166,1,0,0
419,33540250,23709,0,0,0,0,0,0,0,0,0,0,0,0,608334,1,575791,1,0,0
420,33732208,23709,0,0,0,0,0,0,0,0,0,0,0,0,572625,1,535667,1,0,0
421,33527124,23773,0,0,0,0,0,0,0,0,0,0,0,0,581542,1,549083,1,0,0
422,33722624,23709,0,0,0,0,0,0,0,0,0,0,0,0,588166,1,549125,1,0,0
423,33378250,23849,0,0,0,0,0,0,0,0,0,0,0,0,603542,1,571917,1,0,0
424,33502750,23773,0,0,0,0,0,0,0,0,0,0,0,0,577083,1,538917,1,0,0
425,31256916,23709,0,0,0,0,0,0,0,0,0,0,0,0,604333,1,572917,1,0,0
426,33103960,23709,0,0,0,0,0,0,0,0,0,0,0,0,656250,1,613750,1,0,0
427,30229750,23709,0,0,0,0,0,0,0,0,0,0,0,0,524791,1,497084,1,0,0
428,30349542,23861,0,0,0,0,0,0,0,0,0,0,0,0,575833,1,536709,1,0,0
429,30643876,23709,0,0,0,0,0,0,0,0,0,0,0,0,571291,1,543417,1,0,0
430,30399750,23761,0,0,0,0,0,0,0,0,0,0,0,0,582958,1,535917,1,0,0
431,31437584,23911,0,0,0,0,0,0,0,0,0,0,0,0,533375,1,504958,1,0,0
432,32431376,23715,0,0,0,0,0,0,0,0,0,0,0,0,535209,1,509583,1,0,0
433,37423084,27043,0,0,0,0,0,0,0,0,0,0,0,0,575334,1,534208,1,0,0
434,32336208,25967,0,0,0,0,0,0,0,0,0,0,0,0,581625,1,551750,1,0,0
435,32740460,23353,0,0,0,0,0,0,0,0,0,0,0,0,508708,1,483416,1,0,0
436,33382084,23289,0,0,0,0,0,0,0,0,0,0,0,0,543958,1,509375,1,0,0
437,32510624,23341,0,0,0,0,0,0,0,0,0,0,0,0,567792,1,538250,1,0,0
438,32895208,23377,0,0,0,0,0,0,0,0,0,0,0,0,515458,1,489625,1,0,0
439,34296084,23353,0,0,0,0,0,0,0,0,0,0,0,0,539917,1,507417,1,0,0
440,35182500,23289,0,0,0,0,0,0,0,0,0,0,0,0,725167,1,689833,1,0,0
441,40206876,23289,0,0,0,0,0,0,0,0,0,0,0,0,679500,1,643875,1,0,0
442,36652960,23353,0,0,0,0,0,0,0,0,0,0,0,0,576334,1,534042,1,0,0
443,36246832,23429,0,0,0,0,0,0,0,0,0,0,0,0,591292,1,563041,1,0,0
444,37365124,23289,0,0,0,0,0,0,0,0,0,0,0,0,602125,1,570708,1,0,0
445,40049416,23555,0,0,0,0,0,0,0,0,0,0,0,0,861291,1,803917,1,0,0
446,48199040,23651,0,0,0,0,0,0,0,0,0,0,0,0,606416,1,568625,1,0,0
447,63132792,23593,0,0,0,0,0,0,0,0,0,0,0,0,789125,1,746416,1,0,0
448,70629584,23405,0,0,0,0,0,0,0,0,0,0,0,0,1086709,1,1010666,1,0,0
449,70238248,23289,0,0,0,0,0,0,0,0,0,0,0,0,984875,1,917583,1,0,0
450,66870624,23441,0,0,0,0,0,0,0,0,0,0,0,0,1079292,1,1030167,1,0,0
451,73185456,23341,0,0,0,0,0,0,0,0,0,0,0,0,1267500,1,1197750,1,0,0
452,62288456,23353,0,0,0,0,0,0,0,0,0,0,0,0,1183709,1,1120583,1,0,0
453,55604416,23579,0,0,0,0,0,0,0,0,0,0,0,0,835125,1,790292,1,0,0
454,48232708,23931,0,0,0,0,0,0,0,0,0,0,0,0,860625,1,806500,1,0,0
455,48226416,23341,0,0,0,0,0,0,0,0,0,0,0,0,1266125,1,1201875,1,0,0
456,47360416,23377,0,0,0,0,0,0,0,0,0,0,0,0,1172167,1,1132875,1,0,0
457,47227208,23353,0,0,0,0,0,0,0,0,0,0,0,0,702667,1,658291,1,0,0
458,47973876,23289,0,0,0,0,0,0,0,0,0,0,0,0,660916,1,624792,1,0,0
459,50467376,23289,0,0,0,0,0,0,0,0,0,0,0,0,677542,1,640541,1,0,0
460,58250916,23493,0,0,0,0,0,0,0,0,0,0,0,0,849958,1,787834,1,0,0
461,54934792,23289,0,0,0,0,0,0,0,0,0,0,0,0,885459,1,840709,1,0,0
462,51084584,23353,0,0,0,0,0,0,0,0,0,0,0,0,782625,1,737084,1,0,0
463,52651664,23941,0,0,0,0,0,0,0,0,0,0,0,0,792000,1,736375,1,0,0
464,53346000,23621,0,0,0,0,0,0,0,0,0,0,0,0,782583,1,736917,1,0,0
465,53044752,23289,0,0,0,0,0,0,0,0,0,0,0,0,759708,1,714500,1,0,0
466,50492960,23441,0,0,0,0,0,0,0,0,0,0,0,0,1175708,1,1118000,1,0,0
467,46693124,23289,0,0,0,0,0,0,0,0,0,0,0,0,703291,1,663958,1,0,0
468,45115000,23869,0,0,0,0,0,0,0,0,0,0,0,0,936042,1,881292,1,0,0
469,44896208,23881,0,0,0,0,0,0,0,0,0,0,0,0,797541,1,754417,1,0,0
470,49132792,27355,0,0,0,0,0,0,0,0,0,0,0,0,778500,1,729042,1,0,0
471,42408752,26495,0,0,0,0,0,0,0,0,0,0,0,0,712917,1,647917,1,0,0
472,42369708,23881,0,0,0,0,0,0,0,0,0,0,0,0,667166,1,620250,1,0,0
473,41238292,23869,0,0,0,0,0,0,0,0,0,0,0,0,1007125,1,961250,1,0,0
474,43087544,24469,0,0,0,0,0,0,0,0,0,0,0,0,753833,1,703125,1,0,0
475,43702708,24097,0,0,0,0,0,0,0,0,0,0,0,0,689042,1,649291,1,0,0
476,46557664,23817,0,0,0,0,0,0,0,0,0,0,0,0,741709,1,692625,1,0,0
477,46772960,23817,0,0,0,0,0,0,0,0,0,0,0,0,759708,1,714250,1,0,0
478,54625000,24021,0,0,0,0,0,0,0,0,0,0,0,0,847667,1,784208,1,0,0
479,55831500,23817,0,0,0,0,0,0,0,0,0,0,0,0,845750,1,794834,1,0,0
480,55638208,23881,0,0,0,0,0,0,0,0,0,0,0,0,1156625,1,1079792,1,0,0
481,66917040,23905,0,0,0,0,0,0,0,0,0,0,0,0,1087666,1,1022375,1,0,0
482,56491460,23933,0,0,0,0,0,0,0,0,0,0,0,0,1077959,1,996792,1,0,0
483,57571540,24381,0,0,0,0,0,0,0,0,0,0,0,0,864541,1,812041,1,0,0
484,56109664,24185,0,0,0,0,0,0,0,0,0,0,0,0,885417,1,815334,1,0,0
485,56067752,23817,0,0,0,0,0,0,0,0,0,0,0,0,884000,1,831416,1,0,0
486,57223124,23933,0,0,0,0,0,0,0,0,0,0,0,0,1274875,1,1134334,1,0,0
487,57147664,23905,0,0,0,0,0,0,0,0,0,0,0,0,944791,1,877375,1,0,0
488,55539668,23881,0,0,0,0,0,0,0,0,0,0,0,0,1041250,1,963750,1,0,0
489,61067000,23817,0,0,0,0,0,0,0,0,0,0,0,0,1069959,1,1013250,1,0,0
490,54372416,24021,0,0,0,0,0,0,0,0,0,0,0,0,1131375,1,1067792,1,0,0
491,53234960,23817,0,0,0,0,0,0,0,0,0,0,0,0,1553792,1,1480541,1,0,0
492,52532000,24445,0,0,0,0,0,0,0,0,0,0,0,0,904541,1,849375,1,0,0
493,50662500,24121,0,0,0,0,0,0,0,0,0,0,0,0,758917,1,714917,1,0,0
494,53414664,23933,0,0,0,0,0,0,0,0,0,0,0,0,872500,1,803250,1,0,0
495,52617336,23817,0,0,0,0,0,0,0,0,0,0,0,0,729250,1,684750,1,0,0
496,48799124,23969,0,0,0,0,0,0,0,0,0,0,0,0,891458,1,830333,1,0,0
497,44765332,23817,0,0,0,0,0,0,0,0,0,0,0,0,783958,1,738208,1,0,0
498,43861416,23817,0,0,0,0,0,0,0,0,0,0,0,0,823666,1,768958,1,0,0
499,42311416,23933,0,0,0,0,0,0,0,0,0,0,0,0,752958,1,710959,1,0,0
500,38754376,23905,0,0,0,0,0,0,0,0,0,0,0,0,678542,1,624792,1,0,0
501,36750040,23817,0,0,0,0,0,0,0,0,0,0,0,0,645084,1,606000,1,0,0
502,33754624,23881,0,0,0,0,0,0,0,0,0,0,0,0,599875,1,560875,1,0,0
503,34524416,24019,0,0,0,0,0,0,0,0,0,0,0,0,586083,1,550833,1,0,0
504,34288416,24179,0,0,0,0,0,0,0,0,0,0,0,0,643958,1,599875,1,0,0
505,34202960,24237,0,0,0,0,0,0,0,0,0,0,0,0,648916,1,596750,1,0,0
506,33706916,23817,0,0,0,0,0,0,0,0,0,0,0,0,615792,1,555042,1,0,0
507,33311584,23817,0,0,0,0,0,0,0,0,0,0,0,0,633333,1,573625,1,0,0
508,33624876,23881,0,0,0,0,0,0,0,0,0,0,0,0,635542,1,573708,1,0,0
509,33529416,23817,0,0,0,0,0,0,0,0,0,0,0,0,650000,1,597500,1,0,0
510,33905668,23905,0,0,0,0,0,0,0,0,0,0,0,0,617750,1,558959,1,0,0
511,33946584,23933,0,0,0,0,0,0,0,0,0,0,0,0,651458,1,600291,1,0,0
512,33554500,23817,0,0,0,0,0,0,0,0,0,0,0,0,669542,1,611250,1,0,0
513,37067040,23817,0,0,0,0,0,0,0,0,0,0,0,0,654625,1,603833,1,0,0
514,34502544,23881,0,0,0,0,0,0,0,0,0,0,0,0,655084,1,601042,1,0,0
515,36215000,23905,0,0,0,0,0,0,0,0,0,0,0,0,607084,1,550583,1,0,0
516,35820792,23817,0,0,0,0,0,0,0,0,0,0,0,0,646000,1,585041,1,0,0
517,35440668,23933,0,0,0,0,0,0,0,0,0,0,0,0,1146833,1,1057875,1,0,0
518,37314040,24381,0,0,0,0,0,0,0,0,0,0,0,0,861000,1,779417,1,0,0
519,35963960,24033,0,0,0,0,0,0,0,0,0,0,0,0,606542,1,558209,1,0,0
520,36991248,23969,0,0,0,0,0,0,0,0,0,0,0,0,619458,1,547791,1,0,0
521,36590960,23817,0,0,0,0,0,0,0,0,0,0,0,0,650375,1,597125,1,0,0
522,38220208,23817,0,0,0,0,0,0,0,0,0,0,0,0,1250000,1,1134458,1,0,0
523,42750708,23933,0,0,0,0,0,0,0,0,0,0,0,0,666209,1,610875,1,0,0
524,50748500,23905,0,0,0,0,0,0,0,0,0,0,0,0,1131709,1,1062083,1,0,0
525,65604708,23817,0,0,0,0,0,0,0,0,0,0,0,0,1296333,1,1238416,1,0,0
526,78584456,23881,0,0,0,0,0,0,0,0,0,0,0,0,1132042,1,1057750,1,0,0
527,68380000,23957,0,0,0,0,0,0,0,0,0,0,0,0,1072083,1,1016958,1,0,0
528,67828080,24445,0,0,0,0,0,0,0,0,0,0,0,0,1190042,1,1112416,1,0,0
529,68226000,24033,0,0,0,0,0,0,0,0,0,0,0,0,1093500,1,1017667,1,0,0
530,60577040,24021,0,0,0,0,0,0,0,0,0,0,0,0,1557750,1,1469083,1,0,0
531,50583000,23817,0,0,0,0,0,0,0,0,0,0,0,0,889292,1,835708,1,0,0
532,46427292,23881,0,0,0,0,0,0,0,0,0,0,0,0,728167,1,679250,1,0,0
533,43537960,23905,0,0,0,0,0,0,0,0,0,0,0,0,748250,1,703542,1,0,0
534,47668208,23869,0,0,0,0,0,0,0,0,0,0,0,0,1113792,1,1027917,1,0,0
535,42507752,23881,0,0,0,0,0,0,0,0,0,0,0,0,733875,1,686500,1,0,0
536,46269664,23817,0,0,0,0,0,0,0,0,0,0,0,0,786708,1,730166,1,0,0
537,45828376,23905,0,0,0,0,0,0,0,0,0,0,0,0,745458,1,702000,1,0,0
538,46658792,24445,0,0,0,0,0,0,0,0,0,0,0,0,1031542,1,969625,1,0,0
539,46310208,24085,0,0,0,0,0,0,0,0,0,0,0,0,758000,1,713958,1,0,0
540,47355084,23817,0,0,0,0,0,0,0,0,0,0,0,0,765167,1,708333,1,0,0
541,47780416,23969,0,0,0,0,0,0,0,0,0,0,0,0,744042,1,701042,1,0,0
542,44416708,23817,0,0,0,0,0,0,0,0,0,0,0,0,764917,1,712000,1,0,0
543,43395040,23817,0,0,0,0,0,0,0,0,0,0,0,0,729458,1,679708,1,0,0
544,42345332,23933,0,0,0,0,0,0,0,0,0,0,0,0,747542,1,695042,1,0,0
545,42157876,23905,0,0,0,0,0,0,0,0,0,0,0,0,748417,1,704000,1,0,0
546,37950000,23817,0,0,0,0,0,0,0,0,0,0,0,0,658584,1,608167,1,0,0
547,37073544,23881,0,0,0,0,0,0,0,0,0,0,0,0,671209,1,630375,1,0,0
548,33483624,23817,0,0,0,0,0,0,0,0,0,0,0,0,609000,1,567875,1,0,0
549,33822460,24107,0,0,0,0,0,0,0,0,0,0,0,0,635750,1,601917,1,0,0
550,33455624,24295,0,0,0,0,0,0,0,0,0,0,0,0,720208,1,678208,1,0,0
551,33820332,24033,0,0,0,0,0,0,0,0,0,0,0,0,732667,1,698292,1,0,0
552,33510084,23817,0,0,0,0,0,0,0,0,0,0,0,0,587375,1,550042,1,0,0
553,33744752,23881,0,0,0,0,0,0,0,0,0,0,0,0,610667,1,570875,1,0,0
554,33625960,23905,0,0,0,0,0,0,0,0,0,0,0,0,702042,1,663500,1,0,0
555,33755040,23817,0,0,0,0,0,0,0,0,0,0,0,0,677042,1,638709,1,0,0
556,33715456,23933,0,0,0,0,0,0,0,0,0,0,0,0,631459,1,588084,1,0,0
557,34410248,23817,0,0,0,0,0,0,0,0,0,0,0,0,577542,1,543416,1,0,0
558,31794376,23817,0,0,0,0,0,0,0,0,0,0,0,0,614834,1,569958,1,0,0
559,33271166,23905,0,0,0,0,0,0,0,0,0,0,0,0,667334,1,634250,1,0,0
560,30052584,23353,0,0,0,0,0,0,0,0,0,0,0,0,573250,1,542375,1,0,0
561,30812040,23289,0,0,0,0,0,0,0,0,0,0,0,0,545667,1,511167,1,0,0
562,31560458,23289,0,0,0,0,0,0,0,0,0,0,0,0,525333,1,497167,1,0,0
563,31239668,23341,0,0,0,0,0,0,0,0,0,0,0,0,518750,1,491708,1,0,0
564,37470500,26891,0,0,0,0,0,0,0,0,0,0,0,0,552334,1,522667,1,0,0
565,30188668,26531,0,0,0,0,0,0,0,0,0,0,0,0,559833,1,533209,1,0,0
566,33268376,23505,0,0,0,0,0,0,0,0,0,0,0,0,525000,1,495375,1,0,0
567,33546750,23353,0,0,0,0,0,0,0,0,0,0,0,0,527000,1,495542,1,0,0
568,35205084,23289,0,0,0,0,0,0,0,0,0,0,0,0,566208,1,534083,1,0,0
569,35215832,23429,0,0,0,0,0,0,0,0,0,0,0,0,541167,1,510916,1,0,0
570,37024416,23353,0,0,0,0,0,0,0,0,0,0,0,0,711709,1,660084,1,0,0
571,35148376,23289,0,0,0,0,0,0,0,0,0,0,0,0,570917,1,541666,1,0,0
572,35778792,23289,0,0,0,0,0,0,0,0,0,0,0,0,699750,1,664583,1,0,0
573,36962248,23353,0,0,0,0,0,0,0,0,0,0,0,0,602333,1,563292,1,0,0
574,43789752,23377,0,0,0,0,0,0,0,0,0,0,0,0,728834,1,694375,1,0,0
575,46313500,23341,0,0,0,0,0,0,0,0,0,0,0,0,904750,1,864250,1,0,0
576,58487876,23353,0,0,0,0,0,0,0,0,0,0,0,0,985125,1,903750,1,0,0
577,69075872,23853,0,0,0,0,0,0,0,0,0,0,0,0,956333,1,903375,1,0,0
578,70851832,23657,0,0,0,0,0,0,0,0,0,0,0,0,1026625,1,941250,1,0,0
579,64350832,23341,0,0,0,0,0,0,0,0,0,0,0,0,945875,1,870791,1,0,0
580,68040752,23353,0,0,0,0,0,0,0,0,0,0,0,0,951958,1,897125,1,0,0
581,62256752,23377,0,0,0,0,0,0,0,0,0,0,0,0,1149375,1,1083666,1,0,0
582,53491500,23353,0,0,0,0,0,0,0,0,0,0,0,0,822458,1,762125,1,0,0
583,51040040,23341,0,0,0,0,0,0,0,0,0,0,0,0,1299083,1,1244125,1,0,0
584,44022040,23441,0,0,0,0,0,0,0,0,0,0,0,0,735583,1,697500,1,0,0
585,42372208,23289,0,0,0,0,0,0,0,0,0,0,0,0,612958,1,574042,1,0,0
586,41137876,23853,0,0,0,0,0,0,0,0,0,0,0,0,1111750,1,1066334,1,0,0
587,42759376,23569,0,0,0,0,0,0,0,0,0,0,0,0,640458,1,598542,1,0,0
588,45587168,23429,0,0,0,0,0,0,0,0,0,0,0,0,1160292,1,1099291,1,0,0
589,45573960,23289,0,0,0,0,0,0,0,0,0,0,0,0,648417,1,611041,1,0,0
590,45993624,23353,0,0,0,0,0,0,0,0,0,0,0,0,824500,1,745708,1,0,0
591,45823624,23289,0,0,0,0,0,0,0,0,0,0,0,0,816375,1,765542,1,0,0
592,46926544,23377,0,0,0,0,0,0,0,0,0,0,0,0,730750,1,692833,1,0,0
593,50519208,23405,0,0,0,0,0,0,0,0,0,0,0,0,765375,1,727458,1,0,0
594,47236292,23289,0,0,0,0,0,0,0,0,0,0,0,0,703667,1,659333,1,0,0
595,52037584,23289,0,0,0,0,0,0,0,0,0,0,0,0,743792,1,701083,1,0,0
596,54596248,24063,0,0,0,0,0,0,0,0,0,0,0,0,1133000,1,1052375,1,0,0
597,55731124,24123,0,0,0,0,0,0,0,0,0,0,0,0,1194208,1,1138458,1,0,0
598,55635500,23989,0,0,0,0,0,0,0,0,0,0,0,0,950416,1,890333,1,0,0
599,62778584,27247,0,0,0,0,0,0,0,0,0,0,0,0,816000,1,768292,1,0,0
600,48770792,26451,0,0,0,0,0,0,0,0,0,0,0,0,949125,1,888708,1,0,0
601,44561916,23761,0,0,0,0,0,0,0,0,0,0,0,0,741375,1,700708,1,0,0
602,45256584,23797,0,0,0,0,0,0,0,0,0,0,0,0,754250,1,705500,1,0,0
603,53124040,23773,0,0,0,0,0,0,0,0,0,0,0,0,1204916,1,1149875,1,0,0
604,46028624,23709,0,0,0,0,0,0,0,0,0,0,0,0,1172833,1,1103291,1,0,0
605,47555248,23709,0,0,0,0,0,0,0,0,0,0,0,0,695875,1,654208,1,0,0
606,47345292,24115,0,0,0,0,0,0,0,0,0,0,0,0,760542,1,689542,1,0,0
607,47738792,24071,0,0,0,0,0,0,0,0,0,0,0,0,722792,1,682083,1,0,0
608,47780664,23925,0,0,0,0,0,0,0,0,0,0,0,0,724458,1,675209,1,0,0
609,54730124,23773,0,0,0,0,0,0,0,0,0,0,0,0,699458,1,658458,1,0,0
610,54277416,23797,0,0,0,0,0,0,0,0,0,0,0,0,883959,1,820250,1,0,0
611,53988416,23825,0,0,0,0,0,0,0,0,0,0,0,0,839834,1,787667,1,0,0
612,54607040,23709,0,0,0,0,0,0,0,0,0,0,0,0,909917,1,851833,1,0,0
613,64757832,23861,0,0,0,0,0,0,0,0,0,0,0,0,1085458,1,1023291,1,0,0
614,55492456,23709,0,0,0,0,0,0,0,0,0,0,0,0,1112375,1,1043791,1,0,0
615,55834792,23825,0,0,0,0,0,0,0,0,0,0,0,0,902500,1,853084,1,0,0
616,53614708,24361,0,0,0,0,0,0,0,0,0,0,0,0,1006958,1,939833,1,0,0
617,55870708,23989,0,0,0,0,0,0,0,0,0,0,0,0,958791,1,903875,1,0,0
618,53817500,23709,0,0,0,0,0,0,0,0,0,0,0,0,848000,1,784000,1,0,0
619,49823124,23913,0,0,0,0,0,0,0,0,0,0,0,0,778333,1,735166,1,0,0
620,44799000,23709,0,0,0,0,0,0,0,0,0,0,0,0,747667,1,693708,1,0,0
621,46155876,23709,0,0,0,0,0,0,0,0,0,0,0,0,703208,1,660458,1,0,0
622,52897416,23773,0,0,0,0,0,0,0,0,0,0,0,0,828042,1,773542,1,0,0
623,45808708,23797,0,0,0,0,0,0,0,0,0,0,0,0,737583,1,695083,1,0,0
624,46624916,23761,0,0,0,0,0,0,0,0,0,0,0,0,735125,1,685166,1,0,0
625,45543708,23773,0,0,0,0,0,0,0,0,0,0,0,0,747333,1,702250,1,0,0
626,46673376,24273,0,0,0,0,0,0,0,0,0,0,0,0,733459,1,681583,1,0,0
627,47903248,24013,0,0,0,0,0,0,0,0,0,0,0,0,716709,1,673875,1,0,0
628,44955208,23773,0,0,0,0,0,0,0,0,0,0,0,0,739708,1,687208,1,0,0
629,46475708,23761,0,0,0,0,0,0,0,0,0,0,0,0,923375,1,870000,1,0,0
630,46050876,23709,0,0,0,0,0,0,0,0,0,0,0,0,739083,1,686667,1,0,0
631,51023540,23861,0,0,0,0,0,0,0,0,0,0,0,0,723583,1,679708,1,0,0
632,48180168,23709,0,0,0,0,0,0,0,0,0,0,0,0,864833,1,808959,1,0,0
633,47330456,23709,0,0,0,0,0,0,0,0,0,0,0,0,783500,1,740875,1,0,0
634,43083292,23825,0,0,0,0,0,0,0,0,0,0,0,0,719625,1,663541,1,0,0
635,40274168,23797,0,0,0,0,0,0,0,0,0,0,0,0,699875,1,658000,1,0,0
636,37609916,23709,0,0,0,0,0,0,0,0,0,0,0,0,679292,1,634541,1,0,0
637,36916544,24337,0,0,0,0,0,0,0,0,0,0,0,0,687500,1,641541,1,0,0
638,33547584,23925,0,0,0,0,0,0,0,0,0,0,0,0,600125,1,563500,1,0,0
639,33393208,23709,0,0,0,0,0,0,0,0,0,0,0,0,575625,1,543250,1,0,0
640,33434668,23913,0,0,0,0,0,0,0,0,0,0,0,0,605208,1,566542,1,0,0
641,33372500,23709,0,0,0,0,0,0,0,0,0,0,0,0,570959,1,538458,1,0,0
642,33346916,23709,0,0,0,0,0,0,0,0,0,0,0,0,615208,1,574750,1,0,0
643,33610876,23773,0,0,0,0,0,0,0,0,0,0,0,0,585083,1,549084,1,0,0
644,33623168,23709,0,0,0,0,0,0,0,0,0,0,0,0,628583,1,590459,1,0,0
645,33700916,23797,0,0,0,0,0,0,0,0,0,0,0,0,574750,1,542709,1,0,0
646,33609208,23825,0,0,0,0,0,0,0,0,0,0,0,0,625708,1,577750,1,0,0
647,36347752,23709,0,0,0,0,0,0,0,0,0,0,0,0,668750,1,634833,1,0,0
648,33739332,23709,0,0,0,0,0,0,0,0,0,0,0,0,609709,1,566708,1,0,0
649,33547084,23773,0,0,0,0,0,0,0,0,0,0,0,0,660083,1,626792,1,0,0
650,33125960,23797,0,0,0,0,0,0,0,0,0,0,0,0,605333,1,562750,1,0,0
651,32955376,23709,0,0,0,0,0,0,0,0,0,0,0,0,621416,1,587917,1,0,0
652,30457916,24325,0,0,0,0,0,0,0,0,0,0,0,0,577041,1,541584,1,0,0
653,30275376,23989,0,0,0,0,0,0,0,0,0,0,0,0,579250,1,545292,1,0,0
654,30434168,23709,0,0,0,0,0,0,0,0,0,0,0,0,595791,1,552750,1,0,0
655,32469042,23797,0,0,0,0,0,0,0,0,0,0,0,0,597458,1,567042,1,0,0
656,34656124,23709,0,0,0,0,0,0,0,0,0,0,0,0,574167,1,537208,1,0,0
657,37015208,23773,0,0,0,0,0,0,0,0,0,0,0,0,620625,1,586375,1,0,0
658,37096752,23709,0,0,0,0,0,0,0,0,0,0,0,0,641208,1,597792,1,0,0
659,35688376,23761,0,0,0,0,0,0,0,0,0,0,0,0,587583,1,553333,1,0,0
660,36876040,23861,0,0,0,0,0,0,0,0,0,0,0,0,995291,1,936375,1,0,0
661,40979584,23709,0,0,0,0,0,0,0,0,0,0,0,0,723500,1,676875,1,0,0
662,39522624,23709,0,0,0,0,0,0,0,0,0,0,0,0,659541,1,614625,1,0,0
663,43683376,23773,0,0,0,0,0,0,0,0,0,0,0,0,841500,1,792125,1,0,0
664,51605668,23797,0,0,0,0,0,0,0,0,0,0,0,0,778958,1,724916,1,0,0
665,64134792,24325,0,0,0,0,0,0,0,0,0,0,0,0,1060584,1,999792,1,0,0
666,66085292,23989,0,0,0,0,0,0,0,0,0,0,0,0,1150833,1,1051333,1,0,0
667,67886496,23797,0,0,0,0,0,0,0,0,0,0,0,0,1021583,1,958500,1,0,0
668,68326624,23773,0,0,0,0,0,0,0,0,0,0,0,0,1253209,1,1180542,1,0,0
669,63143624,23761,0,0,0,0,0,0,0,0,0,0,0,0,1228209,1,1161709,1,0,0
670,62322460,23861,0,0,0,0,0,0,0,0,0,0,0,0,1457666,1,1370167,1,0,0
671,52806876,23709,0,0,0,0,0,0,0,0,0,0,0,0,862000,1,813458,1,0,0
672,47676040,23773,0,0,0,0,0,0,0,0,0,0,0,0,794792,1,729292,1,0,0
673,47375376,24051,0,0,0,0,0,0,0,0,0,0,0,0,787125,1,747333,1,0,0
674,47539708,24071,0,0,0,0,0,0,0,0,0,0,0,0,979833,1,916667,1,0,0
675,48265376,23989,0,0,0,0,0,0,0,0,0,0,0,0,752083,1,701167,1,0,0
676,55246792,23709,0,0,0,0,0,0,0,0,0,0,0,0,1271041,1,1195791,1,0,0
677,54801960,23861,0,0,0,0,0,0,0,0,0,0,0,0,833083,1,785708,1,0,0
678,64360336,23761,0,0,0,0,0,0,0,0,0,0,0,0,852542,1,793584,1,0,0
679,66300168,23773,0,0,0,0,0,0,0,0,0,0,0,0,1062625,1,977791,1,0,0
680,62124584,23797,0,0,0,0,0,0,0,0,0,0,0,0,882375,1,823250,1,0,0
681,54424292,23773,0,0,0,0,0,0,0,0,0,0,0,0,876625,1,827458,1,0,0
682,55444084,24325,0,0,0,0,0,0,0,0,0,0,0,0,851708,1,791833,1,0,0
683,50088292,24077,0,0,0,0,0,0,0,0,0,0,0,0,924375,1,873792,1,0,0
684,46077416,23709,0,0,0,0,0,0,0,0,0,0,0,0,725250,1,674917,1,0,0
685,47046460,23709,0,0,0,0,0,0,0,0,0,0,0,0,714417,1,674625,1,0,0
686,44917040,23773,0,0,0,0,0,0,0,0,0,0,0,0,774791,1,723500,1,0,0
687,41506540,23849,0,0,0,0,0,0,0,0,0,0,0,0,742667,1,703208,1,0,0
688,38714876,23289,0,0,0,0,0,0,0,0,0,0,0,0,676958,1,638708,1,0,0
689,42213248,23353,0,0,0,0,0,0,0,0,0,0,0,0,684500,1,643416,1,0,0
690,38956708,23289,0,0,0,0,0,0,0,0,0,0,0,0,599584,1,567084,1,0,0
691,41088584,26827,0,0,0,0,0,0,0,0,0,0,0,0,597458,1,554875,1,0,0
692,34345000,26083,0,0,0,0,0,0,0,0,0,0,0,0,647292,1,606666,1,0,0
693,33857792,23289,0,0,0,0,0,0,0,0,0,0,0,0,575416,1,546583,1,0,0
694,33985500,23491,0,0,0,0,0,0,0,0,0,0,0,0,550875,1,522292,1,0,0
695,33941540,23715,0,0,0,0,0,0,0,0,0,0,0,0,565875,1,526583,1,0,0
696,33831876,23593,0,0,0,0,0,0,0,0,0,0,0,0,570458,1,541500,1,0,0
697,33283708,23289,0,0,0,0,0,0,0,0,0,0,0,0,528833,1,499583,1,0,0
698,33355540,23405,0,0,0,0,0,0,0,0,0,0,0,0,557958,1,516625,1,0,0
699,33382000,23289,0,0,0,0,0,0,0,0,0,0,0,0,549333,1,519500,1,0,0
700,33512084,23289,0,0,0,0,0,0,0,0,0,0,0,0,576000,1,544917,1,0,0
701,33721792,23441,0,0,0,0,0,0,0,0,0,0,0,0,588125,1,553792,1,0,0
702,34258248,23289,0,0,0,0,0,0,0,0,0,0,0,0,567000,1,531542,1,0,0
703,37243916,23289,0,0,0,0,0,0,0,0,0,0,0,0,708583,1,678833,1,0,0
704,41099416,23405,0,0,0,0,0,0,0,0,0,0,0,0,812416,1,770625,1,0,0
705,36384752,23289,0,0,0,0,0,0,0,0,0,0,0,0,795250,1,762708,1,0,0
706,38607876,23377,0,0,0,0,0,0,0,0,0,0,0,0,775250,1,735917,1,0,0
707,37162000,23353,0,0,0,0,0,0,0,0,0,0,0,0,597375,1,560541,1,0,0
708,36323916,23491,0,0,0,0,0,0,0,0,0,0,0,0,616625,1,575417,1,0,0
709,38607500,23651,0,0,0,0,0,0,0,0,0,0,0,0,839000,1,769042,1,0,0
710,46923248,23709,0,0,0,0,0,0,0,0,0,0,0,0,651917,1,611834,1,0,0
711,58693208,23289,0,0,0,0,0,0,0,0,0,0,0,0,758917,1,715750,1,0,0
712,66870624,23353,0,0,0,0,0,0,0,0,0,0,0,0,1129584,1,1074167,1,0,0
713,66736208,23377,0,0,0,0,0,0,0,0,0,0,0,0,1005000,1,929375,1,0,0
714,66978792,23405,0,0,0,0,0,0,0,0,0,0,0,0,1150792,1,1040000,1,0,0
715,72978664,23289,0,0,0,0,0,0,0,0,0,0,0,0,1172875,1,1115334,1,0,0
716,64801752,23441,0,0,0,0,0,0,0,0,0,0,0,0,975458,1,897917,1,0,0
717,55233792,23905,0,0,0,0,0,0,0,0,0,0,0,0,759042,1,707625,1,0,0
718,46457040,23569,0,0,0,0,0,0,0,0,0,0,0,0,696334,1,658042,1,0,0
719,44645456,23377,0,0,0,0,0,0,0,0,0,0,0,0,1121583,1,1058375,1,0,0
720,44105000,23289,0,0,0,0,0,0,0,0,0,0,0,0,707333,1,658833,1,0,0
721,43593832,23353,0,0,0,0,0,0,0,0,0,0,0,0,635417,1,601666,1,0,0
722,43893332,23341,0,0,0,0,0,0,0,0,0,0,0,0,993042,1,926125,1,0,0
723,46220292,23377,0,0,0,0,0,0,0,0,0,0,0,0,672958,1,630375,1,0,0
724,52048456,23881,0,0,0,0,0,0,0,0,0,0,0,0,1113708,1,1049875,1,0,0
725,47539460,23817,0,0,0,0,0,0,0,0,0,0,0,0,785125,1,741833,1,0,0
726,48138584,23817,0,0,0,0,0,0,0,0,0,0,0,0,778334,1,716792,1,0,0
727,53007084,28035,0,0,0,0,0,0,0,0,0,0,0,0,749750,1,705667,1,0,0
728,55411540,26711,0,0,0,0,0,0,0,0,0,0,0,0,916791,1,853750,1,0,0
729,55370000,23881,0,0,0,0,0,0,0,0,0,0,0,0,873416,1,822375,1,0,0
730,56516460,23905,0,0,0,0,0,0,0,0,0,0,0,0,1039209,1,965709,1,0,0
731,54342208,23933,0,0,0,0,0,0,0,0,0,0,0,0,893375,1,841291,1,0,0
732,45910376,23817,0,0,0,0,0,0,0,0,0,0,0,0,919458,1,850875,1,0,0
733,44057752,23969,0,0,0,0,0,0,0,0,0,0,0,0,742125,1,697708,1,0,0
734,46789960,23817,0,0,0,0,0,0,0,0,0,0,0,0,773000,1,723041,1,0,0
735,38363084,23817,0,0,0,0,0,0,0,0,0,0,0,0,679833,1,640750,1,0,0
736,37985208,23933,0,0,0,0,0,0,0,0,0,0,0,0,707917,1,652208,1,0,0
737,37732876,23905,0,0,0,0,0,0,0,0,0,0,0,0,647625,1,607625,1,0,0
738,33782792,24381,0,0,0,0,0,0,0,0,0,0,0,0,597833,1,556583,1,0,0
739,33675332,24097,0,0,0,0,0,0,0,0,0,0,0,0,623958,1,588833,1,0,0
740,33767084,23817,0,0,0,0,0,0,0,0,0,0,0,0,604916,1,561083,1,0,0
741,33649544,23817,0,0,0,0,0,0,0,0,0,0,0,0,585625,1,551000,1,0,0
742,33910084,24021,0,0,0,0,0,0,0,0,0,0,0,0,642584,1,601375,1,0,0
743,33647584,23817,0,0,0,0,0,0,0,0,0,0,0,0,629875,1,595583,1,0,0
744,35203708,23817,0,0,0,0,0,0,0,0,0,0,0,0,666208,1,625250,1,0,0
745,35459040,23881,0,0,0,0,0,0,0,0,0,0,0,0,604208,1,570333,1,0,0
746,36180708,23817,0,0,0,0,0,0,0,0,0,0,0,0,589291,1,550000,1,0,0
747,41123292,23905,0,0,0,0,0,0,0,0,0,0,0,0,728541,1,685292,1,0,0
748,35984664,23933,0,0,0,0,0,0,0,0,0,0,0,0,598666,1,557709,1,0,0
749,36279960,23817,0,0,0,0,0,0,0,0,0,0,0,0,1115375,1,1058292,1,0,0
750,36778332,23817,0,0,0,0,0,0,0,0,0,0,0,0,626209,1,568292,1,0,0
751,38186832,23969,0,0,0,0,0,0,0,0,0,0,0,0,642459,1,608667,1,0,0
752,36160084,24381,0,0,0,0,0,0,0,0,0,0,0,0,641000,1,598041,1,0,0
753,39992376,24033,0,0,0,0,0,0,0,0,0,0,0,0,839166,1,800375,1,0,0
754,44729832,23933,0,0,0,0,0,0,0,0,0,0,0,0,964000,1,900459,1,0,0
755,52574876,23905,0,0,0,0,0,0,0,0,0,0,0,0,915583,1,850166,1,0,0
756,66236708,23817,0,0,0,0,0,0,0,0,0,0,0,0,1144042,1,1060459,1,0,0
757,66943084,23881,0,0,0,0,0,0,0,0,0,0,0,0,1073250,1,1004583,1,0,0
758,71921248,23957,0,0,0,0,0,0,0,0,0,0,0,0,1104625,1,1032667,1,0,0
759,65063208,40156,0,0,0,0,0,0,0,0,0,0,0,0,1039875,1,976625,1,0,0
760,55564456,23817,0,0,0,0,0,0,0,0,0,0,0,0,889500,1,825958,1,0,0
761,55170752,24533,0,0,0,0,0,0,0,0,0,0,0,0,932292,1,858417,1,0,0
762,50178960,24085,0,0,0,0,0,0,0,0,0,0,0,0,1147125,1,1038000,1,0,0
763,47745960,23881,0,0,0,0,0,0,0,0,0,0,0,0,1014000,1,919209,1,0,0
764,45495084,23905,0,0,0,0,0,0,0,0,0,0,0,0,787209,1,717250,1,0,0
765,45487376,23817,0,0,0,0,0,0,0,0,0,0,0,0,792208,1,731083,1,0,0
766,45728168,23881,0,0,0,0,0,0,0,0,0,0,0,0,796375,1,726583,1,0,0
767,46050876,23869,0,0,0,0,0,0,0,0,0,0,0,0,918666,1,853042,1,0,0
768,49321624,23905,0,0,0,0,0,0,0,0,0,0,0,0,942875,1,827709,1,0,0
769,45679624,23881,0,0,0,0,0,0,0,0,0,0,0,0,808542,1,742750,1,0,0
770,47192708,23817,0,0,0,0,0,0,0,0,0,0,0,0,789125,1,717625,1,0,0
771,46044708,24019,0,0,0,0,0,0,0,0,0,0,0,0,746125,1,683250,1,0,0
772,41435376,24383,0,0,0,0,0,0,0,0,0,0,0,0,779375,1,705208,1,0,0
773,37889208,24033,0,0,0,0,0,0,0,0,0,0,0,0,711792,1,655583,1,0,0
774,37859248,23817,0,0,0,0,0,0,0,0,0,0,0,0,664708,1,607833,1,0,0
775,37843376,23881,0,0,0,0,0,0,0,0,0,0,0,0,665583,1,611875,1,0,0
776,36916416,23905,0,0,0,0,0,0,0,0,0,0,0,0,680750,1,619708,1,0,0
777,33650664,23817,0,0,0,0,0,0,0,0,0,0,0,0,633250,1,576541,1,0,0
778,33764416,23933,0,0,0,0,0,0,0,0,0,0,0,0,606625,1,551292,1,0,0
779,33900624,23817,0,0,0,0,0,0,0,0,0,0,0,0,597000,1,543791,1,0,0
780,36850544,23817,0,0,0,0,0,0,0,0,0,0,0,0,748500,1,689666,1,0,0
781,33426376,23969,0,0,0,0,0,0,0,0,0,0,0,0,581209,1,548375,1,0,0
782,33873876,23817,0,0,0,0,0,0,0,0,0,0,0,0,619083,1,578292,1,0,0
783,33963460,23817,0,0,0,0,0,0,0,0,0,0,0,0,630750,1,588584,1,0,0
784,33770500,23933,0,0,0,0,0,0,0,0,0,0,0,0,652959,1,608750,1,0,0
785,33669456,24019,0,0,0,0,0,0,0,0,0,0,0,0,620625,1,585625,1,0,0
786,33640332,24267,0,0,0,0,0,0,0,0,0,0,0,0,598000,1,558208,1,0,0
787,33470624,24097,0,0,0,0,0,0,0,0,0,0,0,0,617792,1,584875,1,0,0
788,33633792,23817,0,0,0,0,0,0,0,0,0,0,0,0,674875,1,635625,1,0,0
789,33631832,23817,0,0,0,0,0,0,0,0,0,0,0,0,752209,1,718500,1,0,0
790,33833416,23933,0,0,0,0,0,0,0,0,0,0,0,0,603459,1,559458,1,0,0
791,32863916,23905,0,0,0,0,0,0,0,0,0,0,0,0,588667,1,548708,1,0,0
792,30320584,23817,0,0,0,0,0,0,0,0,0,0,0,0,568375,1,521417,1,0,0
793,31337542,23817,0,0,0,0,0,0,0,0,0,0,0,0,557000,1,526459,1,0,0
794,35043040,23881,0,0,0,0,0,0,0,0,0,0,0,0,648417,1,606542,1,0,0
795,38826792,23817,0,0,0,0,0,0,0,0,0,0,0,0,940333,1,899417,1,0,0
796,37243500,23957,0,0,0,0,0,0,0,0,0,0,0,0,717333,1,673584,1,0,0
797,38210000,23881,0,0,0,0,0,0,0,0,0,0,0,0,1056375,1,1021209,1,0,0
798,37616248,23817,0,0,0,0,0,0,0,0,0,0,0,0,609500,1,563791,1,0,0
799,38101000,24019,0,0,0,0,0,0,0,0,0,0,0,0,1137792,1,1087333,1,0,0
800,40252000,24331,0,0,0,0,0,0,0,0,0,0,0,0,702125,1,648625,1,0,0
801,45887876,24033,0,0,0,0,0,0,0,0,0,0,0,0,726041,1,679292,1,0,0
802,60309540,23869,0,0,0,0,0,0,0,0,0,0,0,0,922625,1,839334,1,0,0
803,71276912,23881,0,0,0,0,0,0,0,0,0,0,0,0,1102917,1,1029625,1,0,0
804,69322496,23905,0,0,0,0,0,0,0,0,0,0,0,0,1069750,1,974125,1,0,0
805,70542456,23933,0,0,0,0,0,0,0,0,0,0,0,0,1169334,1,1105959,1,0,0
806,75354336,23817,0,0,0,0,0,0,0,0,0,0,0,0,1217375,1,1130625,1,0,0
807,58879248,23969,0,0,0,0,0,0,0,0,0,0,0,0,1089917,1,1021583,1,0,0
808,50357124,24433,0,0,0,0,0,0,0,0,0,0,0,0,1329000,1,1269292,1,0,0
809,47162000,24097,0,0,0,0,0,0,0,0,0,0,0,0,1255375,1,1173750,1,0,0
810,46422416,23905,0,0,0,0,0,0,0,0,0,0,0,0,760125,1,709500,1,0,0
811,44697832,23817,0,0,0,0,0,0,0,0,0,0,0,0,669000,1,628834,1,0,0
812,43715916,23881,0,0,0,0,0,0,0,0,0,0,0,0,851791,1,795042,1,0,0
813,45968292,23869,0,0,0,0,0,0,0,0,0,0,0,0,791000,1,737125,1,0,0
814,46853084,23905,0,0,0,0,0,0,0,0,0,0,0,0,754750,1,704083,1,0,0
815,51748124,23881,0,0,0,0,0,0,0,0,0,0,0,0,828250,1,773459,1,0,0
816,45882832,23289,0,0,0,0,0,0,0,0,0,0,0,0,764250,1,725417,1,0,0
817,47136668,23289,0,0,0,0,0,0,0,0,0,0,0,0,892958,1,845792,1,0,0
818,53123000,35993,0,0,0,0,0,0,0,0,0,0,0,0,660334,1,614334,1,0,0
819,44039544,26329,0,0,0,0,0,0,0,0,0,0,0,0,717334,1,672250,1,0,0
820,44844752,23505,0,0,0,0,0,0,0,0,0,0,0,0,750167,1,704333,1,0,0
821,43969376,23353,0,0,0,0,0,0,0,0,0,0,0,0,701000,1,661250,1,0,0
822,43316584,23377,0,0,0,0,0,0,0,0,0,0,0,0,695583,1,652750,1,0,0
823,41739456,23341,0,0,0,0,0,0,0,0,0,0,0,0,686333,1,647834,1,0,0
824,37686248,23353,0,0,0,0,0,0,0,0,0,0,0,0,580834,1,548500,1,0,0
825,37892544,23289,0,0,0,0,0,0,0,0,0,0,0,0,607500,1,569917,1,0,0
826,38337960,23377,0,0,0,0,0,0,0,0,0,0,0,0,633833,1,601333,1,0,0
827,33226042,23353,0,0,0,0,0,0,0,0,0,0,0,0,530917,1,502750,1,0,0
828,33418042,23289,0,0,0,0,0,0,0,0,0,0,0,0,623917,1,554750,1,0,0
829,33667752,23341,0,0,0,0,0,0,0,0,0,0,0,0,576458,1,533208,1,0,0
830,33272168,23353,0,0,0,0,0,0,0,0,0,0,0,0,539959,1,511667,1,0,0
831,33107542,23579,0,0,0,0,0,0,0,0,0,0,0,0,539500,1,499792,1,0,0
832,33465458,23651,0,0,0,0,0,0,0,0,0,0,0,0,564875,1,535958,1,0,0
833,33245124,23505,0,0,0,0,0,0,0,0,0,0,0,0,570041,1,541000,1,0,0
834,33377708,23353,0,0,0,0,0,0,0,0,0,0,0,0,552667,1,499125,1,0,0
835,33548750,23341,0,0,0,0,0,0,0,0,0,0,0,0,523500,1,495583,1,0,0
836,30516168,23377,0,0,0,0,0,0,0,0,0,0,0,0,539291,1,509375,1,0,0
837,30233168,23289,0,0,0,0,0,0,0,0,0,0,0,0,537459,1,499250,1,0,0
838,30307834,23353,0,0,0,0,0,0,0,0,0,0,0,0,493834,1,466292,1,0,0
839,29921124,23289,0,0,0,0,0,0,0,0,0,0,0,0,525792,1,500167,1,0,0
840,30116792,23289,0,0,0,0,0,0,0,0,0,0,0,0,532250,1,503917,1,0,0
841,32928750,23377,0,0,0,0,0,0,0,0,0,0,0,0,566375,1,539375,1,0,0
842,31267124,23405,0,0,0,0,0,0,0,0,0,0,0,0,501250,1,475125,1,0,0
843,33070416,23289,0,0,0,0,0,0,0,0,0,0,0,0,531792,1,497875,1,0,0
844,33075332,23289,0,0,0,0,0,0,0,0,0,0,0,0,578625,1,550000,1,0,0
845,33213042,23289,0,0,0,0,0,0,0,0,0,0,0,0,575458,1,544000,1,0,0
846,33505584,23441,0,0,0,0,0,0,0,0,0,0,0,0,645791,1,611792,1,0,0
847,33335000,23853,0,0,0,0,0,0,0,0,0,0,0,0,580458,1,551209,1,0,0
848,33966336,23505,0,0,0,0,0,0,0,0,0,0,0,0,675250,1,636834,1,0,0
849,34021376,23405,0,0,0,0,0,0,0,0,0,0,0,0,543333,1,508750,1,0,0
850,33537960,23289,0,0,0,0,0,0,0,0,0,0,0,0,536791,1,509375,1,0,0
851,33316584,23377,0,0,0,0,0,0,0,0,0,0,0,0,544125,1,515292,1,0,0
852,36913624,23773,0,0,0,0,0,0,0,0,0,0,0,0,679875,1,649834,1,0,0
853,33571168,23709,0,0,0,0,0,0,0,0,0,0,0,0,597875,1,559833,1,0,0
854,34148792,23709,0,0,0,0,0,0,0,0,0,0,0,0,604125,1,572708,1,0,0
855,35625624,23825,0,0,0,0,0,0,0,0,0,0,0,0,655666,1,619250,1,0,0
856,47053124,27247,0,0,0,0,0,0,0,0,0,0,0,0,1309625,1,1251292,1,0,0
857,36099000,26387,0,0,0,0,0,0,0,0,0,0,0,0,668583,1,631208,1,0,0
858,37115124,23773,0,0,0,0,0,0,0,0,0,0,0,0,574250,1,543292,1,0,0
859,35959248,23709,0,0,0,0,0,0,0,0,0,0,0,0,617375,1,577625,1,0,0
860,35013832,23797,0,0,0,0,0,0,0,0,0,0,0,0,626459,1,592958,1,0,0
861,38486960,24389,0,0,0,0,0,0,0,0,0,0,0,0,995292,1,931959,1,0,0
862,41241708,23925,0,0,0,0,0,0,0,0,0,0,0,0,712250,1,675166,1,0,0
863,50286792,23709,0,0,0,0,0,0,0,0,0,0,0,0,735666,1,688292,1,0,0
864,64944752,23861,0,0,0,0,0,0,0,0,0,0,0,0,1236542,1,1185375,1,0,0
865,69244416,23709,0,0,0,0,0,0,0,0,0,0,0,0,1041250,1,965875,1,0,0
866,72410704,23825,0,0,0,0,0,0,0,0,0,0,0,0,993708,1,928625,1,0,0
867,74895128,23797,0,0,0,0,0,0,0,0,0,0,0,0,1340958,1,1252042,1,0,0
868,67696960,23773,0,0,0,0,0,0,0,0,0,0,0,0,1099500,1,1032292,1,0,0
869,61814460,24325,0,0,0,0,0,0,0,0,0,0,0,0,1101833,1,1027833,1,0,0
870,53724960,24077,0,0,0,0,0,0,0,0,0,0,0,0,866708,1,816500,1,0,0
871,46245292,23709,0,0,0,0,0,0,0,0,0,0,0,0,796041,1,739166,1,0,0
872,45718916,23709,0,0,0,0,0,0,0,0,0,0,0,0,747542,1,702250,1,0,0
873,43727040,23825,0,0,0,0,0,0,0,0,0,0,0,0,718250,1,664334,1,0,0
874,43638456,23797,0,0,0,0,0,0,0,0,0,0,0,0,873583,1,833000,1,0,0
875,46002752,23709,0,0,0,0,0,0,0,0,0,0,0,0,759792,1,672125,1,0,0
876,51506708,23773,0,0,0,0,0,0,0,0,0,0,0,0,805875,1,757208,1,0,0
877,46546000,23709,0,0,0,0,0,0,0,0,0,0,0,0,762416,1,708667,1,0,0
878,45594624,23849,0,0,0,0,0,0,0,0,0,0,0,0,739416,1,697166,1,0,0
879,46388040,23975,0,0,0,0,0,0,0,0,0,0,0,0,728416,1,664583,1,0,0
880,46316708,24071,0,0,0,0,0,0,0,0,0,0,0,0,727917,1,683667,1,0,0
881,49489168,23925,0,0,0,0,0,0,0,0,0,0,0,0,820250,1,758083,1,0,0
882,44215500,23861,0,0,0,0,0,0,0,0,0,0,0,0,769584,1,726000,1,0,0
883,44006124,23761,0,0,0,0,0,0,0,0,0,0,0,0,722250,1,661584,1,0,0
884,40130708,23709,0,0,0,0,0,0,0,0,0,0,0,0,719000,1,677250,1,0,0
885,38033792,23773,0,0,0,0,0,0,0,0,0,0,0,0,645042,1,599000,1,0,0
886,36224248,23797,0,0,0,0,0,0,0,0,0,0,0,0,679958,1,641167,1,0,0
887,36544124,23709,0,0,0,0,0,0,0,0,0,0,0,0,707041,1,666292,1,0,0
888,33706332,23773,0,0,0,0,0,0,0,0,0,0,0,0,577416,1,543417,1,0,0
889,33522916,23761,0,0,0,0,0,0,0,0,0,0,0,0,610459,1,570750,1,0,0
890,33711792,23709,0,0,0,0,0,0,0,0,0,0,0,0,604583,1,570083,1,0,0
891,33549168,23861,0,0,0,0,0,0,0,0,0,0,0,0,594417,1,550708,1,0,0
892,33545460,23911,0,0,0,0,0,0,0,0,0,0,0,0,607625,1,574500,1,0,0
893,33766208,24071,0,0,0,0,0,0,0,0,0,0,0,0,629542,1,585959,1,0,0
894,33396750,23989,0,0,0,0,0,0,0,0,0,0,0,0,619292,1,579500,1,0,0
895,31810292,23761,0,0,0,0,0,0,0,0,0,0,0,0,606750,1,559792,1,0,0
896,30120668,23797,0,0,0,0,0,0,0,0,0,0,0,0,574208,1,544042,1,0,0
897,30217000,23709,0,0,0,0,0,0,0,0,0,0,0,0,548167,1,513542,1,0,0
898,30630458,23773,0,0,0,0,0,0,0,0,0,0,0,0,555292,1,525208,1,0,0
899,30016084,23709,0,0,0,0,0,0,0,0,0,0,0,0,574583,1,538458,1,0,0
900,30848000,23911,0,0,0,0,0,0,0,0,0,0,0,0,578375,1,548000,1,0,0
901,30455084,23797,0,0,0,0,0,0,0,0,0,0,0,0,551583,1,510834,1,0,0
902,32431750,23825,0,0,0,0,0,0,0,0,0,0,0,0,609500,1,576375,1,0,0
903,37070708,23709,0,0,0,0,0,0,0,0,0,0,0,0,668250,1,622750,1,0,0
904,34982168,23709,0,0,0,0,0,0,0,0,0,0,0,0,643625,1,609750,1,0,0
905,34687456,23773,0,0,0,0,0,0,0,0,0,0,0,0,597958,1,556958,1,0,0
906,35358624,23797,0,0,0,0,0,0,0,0,0,0,0,0,607500,1,571875,1,0,0
907,36339124,23709,0,0,0,0,0,0,0,0,0,0,0,0,1165250,1,1119208,1,0,0
908,35843332,24389,0,0,0,0,0,0,0,0,0,0,0,0,607209,1,574583,1,0,0
909,36508456,23925,0,0,0,0,0,0,0,0,0,0,0,0,588209,1,546667,1,0,0
910,35468456,23709,0,0,0,0,0,0,0,0,0,0,0,0,582375,1,547666,1,0,0
911,40393876,23861,0,0,0,0,0,0,0,0,0,0,0,0,647584,1,603875,1,0,0
912,47872292,23709,0,0,0,0,0,0,0,0,0,0,0,0,823209,1,780334,1,0,0
913,61555208,23709,0,0,0,0,0,0,0,0,0,0,0,0,870666,1,808500,1,0,0
914,67707960,23913,0,0,0,0,0,0,0,0,0,0,0,0,996000,1,934292,1,0,0
915,71150496,23709,0,0,0,0,0,0,0,0,0,0,0,0,1170125,1,1076625,1,0,0
916,71506792,24071,0,0,0,0,0,0,0,0,0,0,0,0,1085083,1,1022709,1,0,0
917,67262752,24413,0,0,0,0,0,0,0,0,0,0,0,0,1092500,1,1010125,1,0,0
918,65575168,23989,0,0,0,0,0,0,0,0,0,0,0,0,1210583,1,1138125,1,0,0
919,56085916,23709,0,0,0,0,0,0,0,0,0,0,0,0,862584,1,790416,1,0,0
920,48878376,23861,0,0,0,0,0,0,0,0,0,0,0,0,1057417,1,978042,1,0,0
921,47500752,23761,0,0,0,0,0,0,0,0,0,0,0,0,729208,1,680666,1,0,0
922,47359500,23709,0,0,0,0,0,0,0,0,0,0,0,0,707125,1,665333,1,0,0
923,50992416,23773,0,0,0,0,0,0,0,0,0,0,0,0,833208,1,771875,1,0,0
924,45909624,23797,0,0,0,0,0,0,0,0,0,0,0,0,810750,1,757792,1,0,0
925,47854208,23709,0,0,0,0,0,0,0,0,0,0,0,0,930292,1,868834,1,0,0
926,47836040,23825,0,0,0,0,0,0,0,0,0,0,0,0,1079792,1,1027334,1,0,0
927,45938960,24273,0,0,0,0,0,0,0,0,0,0,0,0,782667,1,703875,1,0,0
928,54211584,24013,0,0,0,0,0,0,0,0,0,0,0,0,857625,1,807750,1,0,0
929,49188624,23773,0,0,0,0,0,0,0,0,0,0,0,0,1016917,1,946250,1,0,0
930,43873084,23709,0,0,0,0,0,0,0,0,0,0,0,0,742833,1,700708,1,0,0
931,44231084,23761,0,0,0,0,0,0,0,0,0,0,0,0,754625,1,705375,1,0,0
932,38151584,23861,0,0,0,0,0,0,0,0,0,0,0,0,670792,1,632167,1,0,0
933,38319792,23709,0,0,0,0,0,0,0,0,0,0,0,0,659166,1,612333,1,0,0
934,38528500,23709,0,0,0,0,0,0,0,0,0,0,0,0,715833,1,679500,1,0,0
935,33166250,23773,0,0,0,0,0,0,0,0,0,0,0,0,581625,1,543125,1,0,0
936,33334624,23709,0,0,0,0,0,0,0,0,0,0,0,0,617041,1,586375,1,0,0
937,33646500,23849,0,0,0,0,0,0,0,0,0,0,0,0,581041,1,543166,1,0,0
938,33188832,23773,0,0,0,0,0,0,0,0,0,0,0,0,611084,1,571959,1,0,0
939,33348750,23911,0,0,0,0,0,0,0,0,0,0,0,0,634291,1,580792,1,0,0
940,33539958,24071,0,0,0,0,0,0,0,0,0,0,0,0,625583,1,592708,1,0,0
941,33375792,23989,0,0,0,0,0,0,0,0,0,0,0,0,606750,1,571291,1,0,0
942,33564416,23797,0,0,0,0,0,0,0,0,0,0,0,0,614959,1,583292,1,0,0
943,33174500,23761,0,0,0,0,0,0,0,0,0,0,0,0,720292,1,683458,1,0,0
944,33318584,23353,0,0,0,0,0,0,0,0,0,0,0,0,597500,1,560625,1,0,0
945,33594248,23289,0,0,0,0,0,0,0,0,0,0,0,0,667375,1,638750,1,0,0
946,33081042,23289,0,0,0,0,0,0,0,0,0,0,0,0,671458,1,634458,1,0,0
947,36425084,26891,0,0,0,0,0,0,0,0,0,0,0,0,530084,1,496875,1,0,0
948,30803834,25967,0,0,0,0,0,0,0,0,0,0,0,0,575917,1,549917,1,0,0
949,33765500,23341,0,0,0,0,0,0,0,0,0,0,0,0,582625,1,555875,1,0,0
950,31481500,23353,0,0,0,0,0,0,0,0,0,0,0,0,548666,1,504625,1,0,0
951,32778584,23289,0,0,0,0,0,0,0,0,0,0,0,0,545541,1,515083,1,0,0
952,32523040,23377,0,0,0,0,0,0,0,0,0,0,0,0,513750,1,487875,1,0,0
953,32706958,23289,0,0,0,0,0,0,0,0,0,0,0,0,509541,1,478542,1,0,0
954,32038584,23555,0,0,0,0,0,0,0,0,0,0,0,0,497625,1,471334,1,0,0
955,33514168,23651,0,0,0,0,0,0,0,0,0,0,0,0,566375,1,537209,1,0,0
956,33420458,23557,0,0,0,0,0,0,0,0,0,0,0,0,549042,1,499042,1,0,0
957,34306624,23377,0,0,0,0,0,0,0,0,0,0,0,0,571125,1,540000,1,0,0
958,33699960,23353,0,0,0,0,0,0,0,0,0,0,0,0,543083,1,515000,1,0,0
959,34052376,23289,0,0,0,0,0,0,0,0,0,0,0,0,576250,1,540292,1,0,0
960,33791960,23289,0,0,0,0,0,0,0,0,0,0,0,0,587375,1,558584,1,0,0
961,33467416,23353,0,0,0,0,0,0,0,0,0,0,0,0,517709,1,490208,1,0,0
962,33135208,23429,0,0,0,0,0,0,0,0,0,0,0,0,538125,1,502666,1,0,0
963,33414500,23289,0,0,0,0,0,0,0,0,0,0,0,0,595833,1,567125,1,0,0
964,36028376,23289,0,0,0,0,0,0,0,0,0,0,0,0,609125,1,580084,1,0,0
965,34964960,23353,0,0,0,0,0,0,0,0,0,0,0,0,576375,1,539167,1,0,0
966,37426792,23289,0,0,0,0,0,0,0,0,0,0,0,0,668083,1,635042,1,0,0
967,40316084,23377,0,0,0,0,0,0,0,0,0,0,0,0,946583,1,903000,1,0,0
968,37556544,23405,0,0,0,0,0,0,0,0,0,0,0,0,549292,1,514209,1,0,0
969,36777376,23853,0,0,0,0,0,0,0,0,0,0,0,0,848875,1,815084,1,0,0
970,38554000,23505,0,0,0,0,0,0,0,0,0,0,0,0,602292,1,563208,1,0,0
971,44760040,23441,0,0,0,0,0,0,0,0,0,0,0,0,658375,1,615000,1,0,0
972,55066332,23289,0,0,0,0,0,0,0,0,0,0,0,0,734083,1,694625,1,0,0
973,67829000,23341,0,0,0,0,0,0,0,0,0,0,0,0,917625,1,859125,1,0,0
974,66172668,23441,0,0,0,0,0,0,0,0,0,0,0,0,950500,1,881583,1,0,0
975,73764208,23289,0,0,0,0,0,0,0,0,0,0,0,0,1052834,1,984916,1,0,0
976,68845168,23405,0,0,0,0,0,0,0,0,0,0,0,0,907709,1,848625,1,0,0
977,63675960,23579,0,0,0,0,0,0,0,0,0,0,0,0,1000167,1,930916,1,0,0
978,55455584,23715,0,0,0,0,0,0,0,0,0,0,0,0,941667,1,888500,1,0,0
979,49702544,23505,0,0,0,0,0,0,0,0,0,0,0,0,801666,1,752458,1,0,0
980,48209040,24021,0,0,0,0,0,0,0,0,0,0,0,0,934458,1,889125,1,0,0
981,45405708,23817,0,0,0,0,0,0,0,0,0,0,0,0,783875,1,727417,1,0,0
982,44432792,23817,0,0,0,0,0,0,0,0,0,0,0,0,741416,1,697875,1,0,0
983,45746456,23881,0,0,0,0,0,0,0,0,0,0,0,0,734875,1,672042,1,0,0
984,51585084,27355,0,0,0,0,0,0,0,0,0,0,0,0,755750,1,707083,1,0,0
985,43777040,26547,0,0,0,0,0,0,0,0,0,0,0,0,790000,1,720333,1,0,0
986,45802000,23881,0,0,0,0,0,0,0,0,0,0,0,0,731625,1,688458,1,0,0
987,46030544,23817,0,0,0,0,0,0,0,0,0,0,0,0,749500,1,698125,1,0,0
988,46872248,24469,0,0,0,0,0,0,0,0,0,0,0,0,746291,1,701041,1,0,0
989,47769832,24097,0,0,0,0,0,0,0,0,0,0,0,0,763375,1,692625,1,0,0
990,48215832,23869,0,0,0,0,0,0,0,0,0,0,0,0,756666,1,710500,1,0,0
991,52510960,23817,0,0,0,0,0,0,0,0,0,0,0,0,886166,1,823125,1,0,0
992,53846792,23969,0,0,0,0,0,0,0,0,0,0,0,0,859167,1,808209,1,0,0
993,54180084,23817,0,0,0,0,0,0,0,0,0,0,0,0,850041,1,787416,1,0,0
994,60274124,23933,0,0,0,0,0,0,0,0,0,0,0,0,957625,1,902334,1,0,0
995,52783084,23905,0,0,0,0,0,0,0,0,0,0,0,0,882500,1,822375,1,0,0
996,50287832,23881,0,0,0,0,0,0,0,0,0,0,0,0,846334,1,794500,1,0,0
997,43984208,23817,0,0,0,0,0,0,0,0,0,0,0,0,731375,1,674083,1,0,0
998,40959876,24433,0,0,0,0,0,0,0,0,0,0,0,0,748292,1,705084,1,0,0
999,37886584,24185,0,0,0,0,0,0,0,0,0,0,0,0,724000,1,677667,1,0,0
1000,33529000,23817,0,0,0,0,0,0,0,0,0,0,0,0,601709,1,567875,1,0,0
1001,33797084,23817,0,0,0,0,0,0,0,0,0,0,0,0,592208,1,554500,1,0,0
1002,33417958,23881,0,0,0,0,0,0,0,0,0,0,0,0,591042,1,556416,1,0,0
1003,33842916,23817,0,0,0,0,0,0,0,0,0,0,0,0,590959,1,549542,1,0,0
1004,33618752,23957,0,0,0,0,0,0,0,0,0,0,0,0,583583,1,550084,1,0,0
1005,33734040,23881,0,0,0,0,0,0,0,0,0,0,0,0,624708,1,585584,1,0,0
1006,33012084,23817,0,0,0,0,0,0,0,0,0,0,0,0,581291,1,547708,1,0,0
1007,33027458,23817,0,0,0,0,0,0,0,0,0,0,0,0,641792,1,604167,1,0,0
1008,30260458,23817,0,0,0,0,0,0,0,0,0,0,0,0,533042,1,503291,1,0,0
1009,30951334,23969,0,0,0,0,0,0,0,0,0,0,0,0,556375,1,521458,1,0,0
1010,30231668,23817,0,0,0,0,0,0,0,0,0,0,0,0,545792,1,512166,1,0,0
1011,30382042,23869,0,0,0,0,0,0,0,0,0,0,0,0,563292,1,524458,1,0,0
1012,30541084,23817,0,0,0,0,0,0,0,0,0,0,0,0,532167,1,502375,1,0,0
1013,30380876,24445,0,0,0,0,0,0,0,0,0,0,0,0,557000,1,521375,1,0,0
1014,30374000,24121,0,0,0,0,0,0,0,0,0,0,0,0,554000,1,520083,1,0,0
1015,30513416,23817,0,0,0,0,0,0,0,0,0,0,0,0,546792,1,513084,1,0,0
1016,31816376,23817,0,0,0,0,0,0,0,0,0,0,0,0,545375,1,515000,1,0,0
1017,33138376,23881,0,0,0,0,0,0,0,0,0,0,0,0,579292,1,526584,1,0,0
1018,33704916,23869,0,0,0,0,0,0,0,0,0,0,0,0,622541,1,571208,1,0,0
1019,33715208,23905,0,0,0,0,0,0,0,0,0,0,0,0,613791,1,557792,1,0,0
1020,34083208,23881,0,0,0,0,0,0,0,0,0,0,0,0,617208,1,569709,1,0,0
1021,33681416,23817,0,0,0,0,0,0,0,0,0,0,0,0,648750,1,593041,1,0,0
1022,33462500,23817,0,0,0,0,0,0,0,0,0,0,0,0,607291,1,556875,1,0,0
1023,39638336,23881,0,0,0,0,0,0,0,0,0,0,0,0,786667,1,719792,1,0,0
1024,36359832,23957,0,0,0,0,0,0,0,0,0,0,0,0,609917,1,557417,1,0,0
1025,36511916,23817,0,0,0,0,0,0,0,0,0,0,0,0,1074292,1,973625,1,0,0
1026,37850832,23881,0,0,0,0,0,0,0,0,0,0,0,0,642791,1,592042,1,0,0
1027,38182248,24019,0,0,0,0,0,0,0,0,0,0,0,0,657750,1,598000,1,0,0
1028,44162664,24179,0,0,0,0,0,0,0,0,0,0,0,0,979208,1,876500,1,0,0
1029,52771000,24185,0,0,0,0,0,0,0,0,0,0,0,0,978875,1,909542,1,0,0
1030,66866084,23869,0,0,0,0,0,0,0,0,0,0,0,0,1167250,1,1076625,1,0,0
1031,72667288,23881,0,0,0,0,0,0,0,0,0,0,0,0,1365000,1,1222958,1,0,0
1032,73296288,23905,0,0,0,0,0,0,0,0,0,0,0,0,1061541,1,959417,1,0,0
1033,75245288,23933,0,0,0,0,0,0,0,0,0,0,0,0,1160083,1,1059166,1,0,0
1034,68974664,23817,0,0,0,0,0,0,0,0,0,0,0,0,1184834,1,1089833,1,0,0
1035,58513792,24171,0,0,0,0,0,0,0,0,0,0,0,0,1149250,1,1040625,1,0,0
1036,47779376,24231,0,0,0,0,0,0,0,0,0,0,0,0,839583,1,773792,1,0,0
1037,46493500,24097,0,0,0,0,0,0,0,0,0,0,0,0,760959,1,710792,1,0,0
1038,44919708,23905,0,0,0,0,0,0,0,0,0,0,0,0,767875,1,724625,1,0,0
1039,41692500,23817,0,0,0,0,0,0,0,0,0,0,0,0,745084,1,688000,1,0,0
1040,47487500,23881,0,0,0,0,0,0,0,0,0,0,0,0,750583,1,706708,1,0,0
1041,47057832,23869,0,0,0,0,0,0,0,0,0,0,0,0,772541,1,720833,1,0,0
1042,55202376,23905,0,0,0,0,0,0,0,0,0,0,0,0,883708,1,834208,1,0,0
1043,55220540,23881,0,0,0,0,0,0,0,0,0,0,0,0,880834,1,820041,1,0,0
1044,55683376,23817,0,0,0,0,0,0,0,0,0,0,0,0,888750,1,826000,1,0,0
1045,55431500,24223,0,0,0,0,0,0,0,0,0,0,0,0,892375,1,830250,1,0,0
1046,59924916,24179,0,0,0,0,0,0,0,0,0,0,0,0,930584,1,868959,1,0,0
1047,61039124,24097,0,0,0,0,0,0,0,0,0,0,0,0,1091917,1,999291,1,0,0
1048,54258000,23905,0,0,0,0,0,0,0,0,0,0,0,0,929459,1,877792,1,0,0
1049,49732876,23933,0,0,0,0,0,0,0,0,0,0,0,0,933500,1,867666,1,0,0
1050,43785248,23817,0,0,0,0,0,0,0,0,0,0,0,0,731292,1,688917,1,0,0
1051,38587752,23817,0,0,0,0,0,0,0,0,0,0,0,0,663000,1,616792,1,0,0
1052,41347460,23969,0,0,0,0,0,0,0,0,0,0,0,0,759084,1,713292,1,0,0
1053,34562624,23817,0,0,0,0,0,0,0,0,0,0,0,0,602083,1,560167,1,0,0
1054,34163248,23869,0,0,0,0,0,0,0,0,0,0,0,0,616042,1,579042,1,0,0
1055,33571456,23881,0,0,0,0,0,0,0,0,0,0,0,0,621583,1,582334,1,0,0
1056,33894332,23817,0,0,0,0,0,0,0,0,0,0,0,0,576833,1,542667,1,0,0
1057,33531668,24469,0,0,0,0,0,0,0,0,0,0,0,0,611583,1,570542,1,0,0
1058,33762084,24097,0,0,0,0,0,0,0,0,0,0,0,0,620000,1,582792,1,0,0
1059,33947040,23817,0,0,0,0,0,0,0,0,0,0,0,0,583166,1,545792,1,0,0
1060,31588876,23869,0,0,0,0,0,0,0,0,0,0,0,0,602792,1,568833,1,0,0
1061,30382458,23817,0,0,0,0,0,0,0,0,0,0,0,0,596667,1,560375,1,0,0
1062,30264960,23969,0,0,0,0,0,0,0,0,0,0,0,0,592917,1,561125,1,0,0
1063,30608832,23817,0,0,0,0,0,0,0,0,0,0,0,0,549875,1,515875,1,0,0
1064,30461792,23817,0,0,0,0,0,0,0,0,0,0,0,0,591917,1,557209,1,0,0
1065,31041084,23817,0,0,0,0,0,0,0,0,0,0,0,0,586375,1,553250,1,0,0
1066,35392124,23881,0,0,0,0,0,0,0,0,0,0,0,0,797250,1,748916,1,0,0
1067,32775584,23957,0,0,0,0,0,0,0,0,0,0,0,0,554125,1,516042,1,0,0
1068,33054958,23817,0,0,0,0,0,0,0,0,0,0,0,0,592125,1,557625,1,0,0
1069,33462584,23881,0,0,0,0,0,0,0,0,0,0,0,0,572542,1,536209,1,0,0
1070,33433040,23817,0,0,0,0,0,0,0,0,0,0,0,0,581666,1,547667,1,0,0
1071,33865540,23817,0,0,0,0,0,0,0,0,0,0,0,0,598541,1,559708,1,0,0
1072,33496708,24005,0,0,0,0,0,0,0,0,0,0,0,0,637792,1,594208,1,0,0
1073,34552124,23557,0,0,0,0,0,0,0,0,0,0,0,0,544458,1,507209,1,0,0
1074,34567248,23289,0,0,0,0,0,0,0,0,0,0,0,0,541583,1,509542,1,0,0
1075,35370336,23353,0,0,0,0,0,0,0,0,0,0,0,0,579708,1,545041,1,0,0
1076,34294460,23289,0,0,0,0,0,0,0,0,0,0,0,0,546750,1,516792,1,0,0
1077,39668752,26827,0,0,0,0,0,0,0,0,0,0,0,0,536167,1,507000,1,0,0
1078,36820584,26031,0,0,0,0,0,0,0,0,0,0,0,0,629375,1,592875,1,0,0
1079,35404544,23341,0,0,0,0,0,0,0,0,0,0,0,0,644042,1,601875,1,0,0
1080,40340624,23289,0,0,0,0,0,0,0,0,0,0,0,0,1038916,1,995250,1,0,0
1081,52459624,23441,0,0,0,0,0,0,0,0,0,0,0,0,761041,1,711875,1,0,0
1082,61808832,23289,0,0,0,0,0,0,0,0,0,0,0,0,794917,1,749167,1,0,0
1083,67851040,23353,0,0,0,0,0,0,0,0,0,0,0,0,991333,1,938375,1,0,0
1084,68154376,23993,0,0,0,0,0,0,0,0,0,0,0,0,1002291,1,912916,1,0,0
1085,69752920,23569,0,0,0,0,0,0,0,0,0,0,0,0,1026459,1,969416,1,0,0
1086,68308872,23289,0,0,0,0,0,0,0,0,0,0,0,0,1151166,1,1096166,1,0,0
1087,64248332,23493,0,0,0,0,0,0,0,0,0,0,0,0,1369833,1,1292375,1,0,0
1088,54859460,23289,0,0,0,0,0,0,0,0,0,0,0,0,878208,1,778417,1,0,0
1089,54827040,23353,0,0,0,0,0,0,0,0,0,0,0,0,794709,1,744666,1,0,0
1090,47031792,23377,0,0,0,0,0,0,0,0,0,0,0,0,649458,1,606500,1,0,0
1091,46669708,23405,0,0,0,0,0,0,0,0,0,0,0,0,810792,1,770292,1,0,0
1092,50546668,23491,0,0,0,0,0,0,0,0,0,0,0,0,709584,1,672583,1,0,0
1093,51152040,23651,0,0,0,0,0,0,0,0,0,0,0,0,847750,1,761917,1,0,0
1094,57150624,23657,0,0,0,0,0,0,0,0,0,0,0,0,1486125,1,1437042,1,0,0
1095,55691332,23341,0,0,0,0,0,0,0,0,0,0,0,0,784500,1,741792,1,0,0
1096,56144456,23353,0,0,0,0,0,0,0,0,0,0,0,0,786792,1,738208,1,0,0
1097,56957916,23377,0,0,0,0,0,0,0,0,0,0,0,0,1088000,1,1027875,1,0,0
1098,60179876,23353,0,0,0,0,0,0,0,0,0,0,0,0,1127708,1,1076334,1,0,0
1099,55678916,23341,0,0,0,0,0,0,0,0,0,0,0,0,1057416,1,986875,1,0,0
1100,54128040,23441,0,0,0,0,0,0,0,0,0,0,0,0,792250,1,747667,1,0,0
1101,52535752,23491,0,0,0,0,0,0,0,0,0,0,0,0,750041,1,704084,1,0,0
1102,46061376,23715,0,0,0,0,0,0,0,0,0,0,0,0,765792,1,720375,1,0,0
1103,41811584,23645,0,0,0,0,0,0,0,0,0,0,0,0,673584,1,634500,1,0,0
1104,37547456,23289,0,0,0,0,0,0,0,0,0,0,0,0,584750,1,552833,1,0,0
1105,34353668,23353,0,0,0,0,0,0,0,0,0,0,0,0,585666,1,548583,1,0,0
1106,34057876,23289,0,0,0,0,0,0,0,0,0,0,0,0,535542,1,506000,1,0,0
1107,33189208,23289,0,0,0,0,0,0,0,0,0,0,0,0,597666,1,567958,1,0,0
1108,33482084,23861,0,0,0,0,0,0,0,0,0,0,0,0,694166,1,663625,1,0,0
1109,33173084,23761,0,0,0,0,0,0,0,0,0,0,0,0,636042,1,596042,1,0,0
1110,36393544,23709,0,0,0,0,0,0,0,0,0,0,0,0,694333,1,662958,1,0,0
1111,33613208,23773,0,0,0,0,0,0,0,0,0,0,0,0,568542,1,535375,1,0,0
1112,33999792,23709,0,0,0,0,0,0,0,0,0,0,0,0,632125,1,600000,1,0,0
1113,35596916,27247,0,0,0,0,0,0,0,0,0,0,0,0,619208,1,581209,1,0,0
1114,30892584,26451,0,0,0,0,0,0,0,0,0,0,0,0,629625,1,600291,1,0,0
1115,31570334,23963,0,0,0,0,0,0,0,0,0,0,0,0,540791,1,508917,1,0,0
1116,33844124,24071,0,0,0,0,0,0,0,0,0,0,0,0,524875,1,496166,1,0,0
1117,33400000,23925,0,0,0,0,0,0,0,0,0,0,0,0,537417,1,501458,1,0,0
1118,34652460,23861,0,0,0,0,0,0,0,0,0,0,0,0,557875,1,527375,1,0,0
1119,35222040,23709,0,0,0,0,0,0,0,0,0,0,0,0,624834,1,587625,1,0,0
1120,35387416,23709,0,0,0,0,0,0,0,0,0,0,0,0,636583,1,602000,1,0,0
1121,35040708,23825,0,0,0,0,0,0,0,0,0,0,0,0,607375,1,569333,1,0,0
1122,35296336,23709,0,0,0,0,0,0,0,0,0,0,0,0,599083,1,564875,1,0,0
1123,36126000,23797,0,0,0,0,0,0,0,0,0,0,0,0,725250,1,675708,1,0,0
1124,45813000,23773,0,0,0,0,0,0,0,0,0,0,0,0,778625,1,737292,1,0,0
1125,47277456,23709,0,0,0,0,0,0,0,0,0,0,0,0,1214084,1,1160500,1,0,0
1126,59754708,23709,0,0,0,0,0,0,0,0,0,0,0,0,887375,1,831125,1,0,0
1127,67052624,24115,0,0,0,0,0,0,0,0,0,0,0,0,1045209,1,975875,1,0,0
1128,69435080,24071,0,0,0,0,0,0,0,0,0,0,0,0,1008416,1,947584,1,0,0
1129,69065040,23989,0,0,0,0,0,0,0,0,0,0,0,0,1117667,1,1045833,1,0,0
1130,68820456,23849,0,0,0,0,0,0,0,0,0,0,0,0,1056500,1,1003042,1,0,0
1131,63577084,23773,0,0,0,0,0,0,0,0,0,0,0,0,1320708,1,1230000,1,0,0
1132,54140208,23709,0,0,0,0,0,0,0,0,0,0,0,0,880000,1,828834,1,0,0
1133,56043456,23861,0,0,0,0,0,0,0,0,0,0,0,0,843458,1,795167,1,0,0
1134,47806000,23761,0,0,0,0,0,0,0,0,0,0,0,0,748208,1,704875,1,0,0
1135,48826208,23773,0,0,0,0,0,0,0,0,0,0,0,0,753125,1,699958,1,0,0
1136,46948832,24361,0,0,0,0,0,0,0,0,0,0,0,0,1076542,1,1014667,1,0,0
1137,52871832,23925,0,0,0,0,0,0,0,0,0,0,0,0,979042,1,909375,1,0,0
1138,55430208,23773,0,0,0,0,0,0,0,0,0,0,0,0,940375,1,878375,1,0,0
1139,51421876,23849,0,0,0,0,0,0,0,0,0,0,0,0,870208,1,810833,1,0,0
1140,49314832,23773,0,0,0,0,0,0,0,0,0,0,0,0,727541,1,685334,1,0,0
1141,49162752,23709,0,0,0,0,0,0,0,0,0,0,0,0,763042,1,715666,1,0,0
1142,57708664,23709,0,0,0,0,0,0,0,0,0,0,0,0,766208,1,721875,1,0,0
1143,55921708,23913,0,0,0,0,0,0,0,0,0,0,0,0,1090959,1,1017583,1,0,0
1144,55006376,23709,0,0,0,0,0,0,0,0,0,0,0,0,868042,1,818083,1,0,0
1145,55077752,23975,0,0,0,0,0,0,0,0,0,0,0,0,878083,1,820875,1,0,0
1146,53517416,24159,0,0,0,0,0,0,0,0,0,0,0,0,896667,1,836958,1,0,0
1147,48665084,24041,0,0,0,0,0,0,0,0,0,0,0,0,713917,1,663959,1,0,0
1148,44104668,23709,0,0,0,0,0,0,0,0,0,0,0,0,770708,1,709875,1,0,0
1149,43978876,23709,0,0,0,0,0,0,0,0,0,0,0,0,711667,1,662458,1,0,0
1150,41503456,23861,0,0,0,0,0,0,0,0,0,0,0,0,736833,1,688458,1,0,0
1151,39502124,23709,0,0,0,0,0,0,0,0,0,0,0,0,673542,1,629833,1,0,0
1152,44966416,23761,0,0,0,0,0,0,0,0,0,0,0,0,711875,1,669000,1,0,0
1153,40559124,23773,0,0,0,0,0,0,0,0,0,0,0,0,650333,1,597875,1,0,0
1154,42356876,23797,0,0,0,0,0,0,0,0,0,0,0,0,703667,1,666833,1,0,0
1155,41866040,23709,0,0,0,0,0,0,0,0,0,0,0,0,676500,1,630583,1,0,0
1156,42840376,23975,0,0,0,0,0,0,0,0,0,0,0,0,639791,1,604167,1,0,0
1157,46466916,24123,0,0,0,0,0,0,0,0,0,0,0,0,1019875,1,949333,1,0,0
1158,46210124,24013,0,0,0,0,0,0,0,0,0,0,0,0,807209,1,763416,1,0,0
1159,54252624,23773,0,0,0,0,0,0,0,0,0,0,0,0,868416,1,811458,1,0,0
1160,55829292,23709,0,0,0,0,0,0,0,0,0,0,0,0,829333,1,780000,1,0,0
1161,54186248,23913,0,0,0,0,0,0,0,0,0,0,0,0,871583,1,815250,1,0,0
1162,53650248,23709,0,0,0,0,0,0,0,0,0,0,0,0,805584,1,756583,1,0,0
1163,62774584,23773,0,0,0,0,0,0,0,0,0,0,0,0,1204750,1,1141000,1,0,0
1164,60804876,23797,0,0,0,0,0,0,0,0,0,0,0,0,828250,1,777625,1,0,0
1165,71322456,24027,0,0,0,0,0,0,0,0,0,0,0,0,1166458,1,1086084,1,0,0
1166,69532208,24071,0,0,0,0,0,0,0,0,0,0,0,0,1027500,1,965709,1,0,0
1167,69506752,24077,0,0,0,0,0,0,0,0,0,0,0,0,1133125,1,1057375,1,0,0
1168,63186040,23761,0,0,0,0,0,0,0,0,0,0,0,0,1077125,1,1011333,1,0,0
1169,55567208,23773,0,0,0,0,0,0,0,0,0,0,0,0,868708,1,811792,1,0,0
1170,51882624,23797,0,0,0,0,0,0,0,0,0,0,0,0,844417,1,794333,1,0,0
1171,51118708,23773,0,0,0,0,0,0,0,0,0,0,0,0,804625,1,734583,1,0,0
1172,46606456,23761,0,0,0,0,0,0,0,0,0,0,0,0,795583,1,752708,1,0,0
1173,46946416,23709,0,0,0,0,0,0,0,0,0,0,0,0,750125,1,701292,1,0,0
1174,47924084,24063,0,0,0,0,0,0,0,0,0,0,0,0,737041,1,695167,1,0,0
1175,47320084,24071,0,0,0,0,0,0,0,0,0,0,0,0,751458,1,701291,1,0,0
1176,44092168,23925,0,0,0,0,0,0,0,0,0,0,0,0,754834,1,712459,1,0,0
1177,43688456,23825,0,0,0,0,0,0,0,0,0,0,0,0,924166,1,873333,1,0,0
1178,43434168,23797,0,0,0,0,0,0,0,0,0,0,0,0,753500,1,711416,1,0,0
1179,39820876,23709,0,0,0,0,0,0,0,0,0,0,0,0,659584,1,612500,1,0,0
1180,38606540,23773,0,0,0,0,0,0,0,0,0,0,0,0,640875,1,603750,1,0,0
1181,38551876,23709,0,0,0,0,0,0,0,0,0,0,0,0,639083,1,596084,1,0,0
1182,38413084,23849,0,0,0,0,0,0,0,0,0,0,0,0,667375,1,631708,1,0,0
1183,33760584,23773,0,0,0,0,0,0,0,0,0,0,0,0,575917,1,539083,1,0,0
1184,33289376,23709,0,0,0,0,0,0,0,0,0,0,0,0,613166,1,576000,1,0,0
1185,33391416,23709,0,0,0,0,0,0,0,0,0,0,0,0,614458,1,560791,1,0,0
1186,33561208,23773,0,0,0,0,0,0,0,0,0,0,0,0,598250,1,554458,1,0,0
1187,33474584,23999,0,0,0,0,0,0,0,0,0,0,0,0,632375,1,579542,1,0,0
1188,33165958,24123,0,0,0,0,0,0,0,0,0,0,0,0,604625,1,572000,1,0,0
1189,33383916,23989,0,0,0,0,0,0,0,0,0,0,0,0,569166,1,535500,1,0,0
1190,33209124,23709,0,0,0,0,0,0,0,0,0,0,0,0,617375,1,585375,1,0,0
1191,33285708,23709,0,0,0,0,0,0,0,0,0,0,0,0,609917,1,573250,1,0,0
1192,33565876,23797,0,0,0,0,0,0,0,0,0,0,0,0,606875,1,575375,1,0,0
1193,33499292,23773,0,0,0,0,0,0,0,0,0,0,0,0,621375,1,586417,1,0,0
1194,33151040,23761,0,0,0,0,0,0,0,0,0,0,0,0,596875,1,565875,1,0,0
1195,30290916,23709,0,0,0,0,0,0,0,0,0,0,0,0,607667,1,574333,1,0,0
1196,30367876,23709,0,0,0,0,0,0,0,0,0,0,0,0,529458,1,500791,1,0,0
1197,34095000,23861,0,0,0,0,0,0,0,0,0,0,0,0,679708,1,635250,1,0,0
1198,32596792,23709,0,0,0,0,0,0,0,0,0,0,0,0,606125,1,574875,1,0,0
1199,31438292,23709,0,0,0,0,0,0,0,0,0,0,0,0,593375,1,548167,1,0,0
1200,32202624,23289,0,0,0,0,0,0,0,0,0,0,0,0,565208,1,534416,1,0,0
1201,33083040,23405,0,0,0,0,0,0,0,0,0,0,0,0,548875,1,520625,1,0,0
1202,37425124,27029,0,0,0,0,0,0,0,0,0,0,0,0,554833,1,525084,1,0,0
1203,31662250,26329,0,0,0,0,0,0,0,0,0,0,0,0,601708,1,568917,1,0,0
1204,33881376,23569,0,0,0,0,0,0,0,0,0,0,0,0,703458,1,672250,1,0,0
1205,33373084,23289,0,0,0,0,0,0,0,0,0,0,0,0,555167,1,526875,1,0,0
1206,34301624,23289,0,0,0,0,0,0,0,0,0,0,0,0,611584,1,571791,1,0,0
1207,34267000,23493,0,0,0,0,0,0,0,0,0,0,0,0,573292,1,540750,1,0,0
1208,36803664,23289,0,0,0,0,0,0,0,0,0,0,0,0,1053709,1,999541,1,0,0
1209,38633248,23289,0,0,0,0,0,0,0,0,0,0,0,0,1049208,1,981709,1,0,0
1210,38185292,23353,0,0,0,0,0,0,0,0,0,0,0,0,526583,1,497958,1,0,0
1211,43622624,23289,0,0,0,0,0,0,0,0,0,0,0,0,681625,1,636917,1,0,0
1212,41368248,23377,0,0,0,0,0,0,0,0,0,0,0,0,637875,1,595083,1,0,0
1213,49516668,23405,0,0,0,0,0,0,0,0,0,0,0,0,727875,1,689334,1,0,0
1214,62128168,23289,0,0,0,0,0,0,0,0,0,0,0,0,1348417,1,1296916,1,0,0
1215,68245376,24005,0,0,0,0,0,0,0,0,0,0,0,0,1258791,1,1177375,1,0,0
1216,73024168,23505,0,0,0,0,0,0,0,0,0,0,0,0,1039833,1,970625,1,0,0
1217,68382752,23405,0,0,0,0,0,0,0,0,0,0,0,0,1089500,1,1040125,1,0,0
1218,68821872,23377,0,0,0,0,0,0,0,0,0,0,0,0,1005291,1,941041,1,0,0
1219,62978916,23353,0,0,0,0,0,0,0,0,0,0,0,0,991625,1,920917,1,0,0
1220,57249416,23341,0,0,0,0,0,0,0,0,0,0,0,0,849833,1,805750,1,0,0
1221,46061456,23441,0,0,0,0,0,0,0,0,0,0,0,0,852209,1,803334,1,0,0
1222,46810124,23289,0,0,0,0,0,0,0,0,0,0,0,0,667209,1,631375,1,0,0
1223,41802376,23491,0,0,0,0,0,0,0,0,0,0,0,0,595583,1,561667,1,0,0
1224,40442336,23715,0,0,0,0,0,0,0,0,0,0,0,0,658917,1,616375,1,0,0
1225,43906916,23645,0,0,0,0,0,0,0,0,0,0,0,0,623958,1,591292,1,0,0
1226,45171168,23289,0,0,0,0,0,0,0,0,0,0,0,0,735708,1,698750,1,0,0
1227,44338500,23353,0,0,0,0,0,0,0,0,0,0,0,0,721709,1,669917,1,0,0
1228,44527040,23289,0,0,0,0,0,0,0,0,0,0,0,0,697125,1,653375,1,0,0
1229,45672664,23377,0,0,0,0,0,0,0,0,0,0,0,0,739958,1,694625,1,0,0
1230,46513916,23405,0,0,0,0,0,0,0,0,0,0,0,0,682583,1,639333,1,0,0
1231,50036084,23289,0,0,0,0,0,0,0,0,0,0,0,0,737041,1,698375,1,0,0
1232,47325876,23289,0,0,0,0,0,0,0,0,0,0,0,0,691333,1,651791,1,0,0
1233,45755752,23441,0,0,0,0,0,0,0,0,0,0,0,0,712000,1,668208,1,0,0
1234,44153624,23491,0,0,0,0,0,0,0,0,0,0,0,0,909084,1,868541,1,0,0
1235,44596624,23703,0,0,0,0,0,0,0,0,0,0,0,0,689792,1,651375,1,0,0
1236,43871752,24097,0,0,0,0,0,0,0,0,0,0,0,0,904833,1,861333,1,0,0
1237,49007208,27355,0,0,0,0,0,0,0,0,0,0,0,0,772208,1,716750,1,0,0
1238,37117960,26495,0,0,0,0,0,0,0,0,0,0,0,0,683625,1,644625,1,0,0
1239,37688248,23881,0,0,0,0,0,0,0,0,0,0,0,0,676542,1,630125,1,0,0
1240,34173208,23869,0,0,0,0,0,0,0,0,0,0,0,0,684709,1,629333,1,0,0
1241,33384708,23905,0,0,0,0,0,0,0,0,0,0,0,0,625250,1,588000,1,0,0
1242,37647332,23881,0,0,0,0,0,0,0,0,0,0,0,0,700792,1,661333,1,0,0
1243,33718416,23817,0,0,0,0,0,0,0,0,0,0,0,0,586291,1,546708,1,0,0
1244,33806668,23817,0,0,0,0,0,0,0,0,0,0,0,0,630666,1,597125,1,0,0
1245,34057292,23881,0,0,0,0,0,0,0,0,0,0,0,0,627250,1,583708,1,0,0
1246,33719664,23957,0,0,0,0,0,0,0,0,0,0,0,0,586208,1,549333,1,0,0
1247,33749332,23817,0,0,0,0,0,0,0,0,0,0,0,0,621958,1,585042,1,0,0
1248,33780248,24445,0,0,0,0,0,0,0,0,0,0,0,0,628084,1,593875,1,0,0
1249,33127708,24033,0,0,0,0,0,0,0,0,0,0,0,0,644584,1,605333,1,0,0
1250,33657624,23817,0,0,0,0,0,0,0,0,0,0,0,0,621459,1,587750,1,0,0
1251,32764168,23969,0,0,0,0,0,0,0,0,0,0,0,0,665625,1,613792,1,0,0
1252,31912166,23869,0,0,0,0,0,0,0,0,0,0,0,0,572000,1,539750,1,0,0
1253,33913292,23817,0,0,0,0,0,0,0,0,0,0,0,0,610250,1,570292,1,0,0
1254,34730500,23817,0,0,0,0,0,0,0,0,0,0,0,0,591334,1,555625,1,0,0
1255,35981292,23881,0,0,0,0,0,0,0,0,0,0,0,0,677667,1,638084,1,0,0
1256,35332792,23905,0,0,0,0,0,0,0,0,0,0,0,0,616167,1,582125,1,0,0
1257,40405456,23817,0,0,0,0,0,0,0,0,0,0,0,0,672583,1,627417,1,0,0
1258,36540708,23933,0,0,0,0,0,0,0,0,0,0,0,0,591167,1,557000,1,0,0
1259,36370664,23817,0,0,0,0,0,0,0,0,0,0,0,0,695666,1,656042,1,0,0
1260,40365500,23817,0,0,0,0,0,0,0,0,0,0,0,0,1120500,1,1037375,1,0,0
1261,46280668,24171,0,0,0,0,0,0,0,0,0,0,0,0,835375,1,782833,1,0,0
1262,51072876,24179,0,0,0,0,0,0,0,0,0,0,0,0,771042,1,727542,1,0,0
1263,64924708,24085,0,0,0,0,0,0,0,0,0,0,0,0,1069250,1,991333,1,0,0
1264,66307500,23969,0,0,0,0,0,0,0,0,0,0,0,0,1075333,1,1005625,1,0,0
1265,72018040,23817,0,0,0,0,0,0,0,0,0,0,0,0,1198084,1,1116875,1,0,0
1266,70160288,23933,0,0,0,0,0,0,0,0,0,0,0,0,1118708,1,1055334,1,0,0
1267,71824288,23905,0,0,0,0,0,0,0,0,0,0,0,0,1179709,1,1102125,1,0,0
1268,57953624,23881,0,0,0,0,0,0,0,0,0,0,0,0,1072708,1,1010459,1,0,0
1269,52099624,24019,0,0,0,0,0,0,0,0,0,0,0,0,1077084,1,1001667,1,0,0
1270,45793208,24383,0,0,0,0,0,0,0,0,0,0,0,0,791541,1,742916,1,0,0
1271,41515168,24033,0,0,0,0,0,0,0,0,0,0,0,0,786584,1,732917,1,0,0
1272,39505124,23817,0,0,0,0,0,0,0,0,0,0,0,0,677375,1,639416,1,0,0
1273,40595376,23881,0,0,0,0,0,0,0,0,0,0,0,0,704375,1,644917,1,0,0
1274,40611916,23905,0,0,0,0,0,0,0,0,0,0,0,0,671625,1,614750,1,0,0
1275,39325584,23869,0,0,0,0,0,0,0,0,0,0,0,0,706167,1,641625,1,0,0
1276,39406168,23881,0,0,0,0,0,0,0,0,0,0,0,0,706667,1,643750,1,0,0
1277,43745752,23817,0,0,0,0,0,0,0,0,0,0,0,0,778042,1,705417,1,0,0
1278,45694000,23905,0,0,0,0,0,0,0,0,0,0,0,0,787541,1,726667,1,0,0
1279,45160124,23881,0,0,0,0,0,0,0,0,0,0,0,0,833000,1,761000,1,0,0
1280,45416084,23869,0,0,0,0,0,0,0,0,0,0,0,0,1043125,1,970750,1,0,0
1281,44623124,24019,0,0,0,0,0,0,0,0,0,0,0,0,761500,1,694250,1,0,0
1282,48031540,24547,0,0,0,0,0,0,0,0,0,0,0,0,1006542,1,936083,1,0,0
1283,53894000,23817,0,0,0,0,0,0,0,0,0,0,0,0,1055042,1,956750,1,0,0
1284,51051668,23881,0,0,0,0,0,0,0,0,0,0,0,0,851500,1,782375,1,0,0
1285,44872708,23957,0,0,0,0,0,0,0,0,0,0,0,0,738958,1,672458,1,0,0
1286,43204664,23817,0,0,0,0,0,0,0,0,0,0,0,0,776625,1,715958,1,0,0
1287,42018960,23881,0,0,0,0,0,0,0,0,0,0,0,0,763291,1,684917,1,0,0
1288,40672668,23817,0,0,0,0,0,0,0,0,0,0,0,0,744333,1,688750,1,0,0
1289,36676624,23905,0,0,0,0,0,0,0,0,0,0,0,0,706083,1,639209,1,0,0
1290,33973960,23933,0,0,0,0,0,0,0,0,0,0,0,0,590625,1,540917,1,0,0
1291,33496876,23817,0,0,0,0,0,0,0,0,0,0,0,0,622583,1,562250,1,0,0
1292,35643084,23817,0,0,0,0,0,0,0,0,0,0,0,0,619208,1,569208,1,0,0
1293,35573544,24083,0,0,0,0,0,0,0,0,0,0,0,0,787708,1,735625,1,0,0
1294,37296000,24267,0,0,0,0,0,0,0,0,0,0,0,0,742916,1,697584,1,0,0
1295,37221208,24033,0,0,0,0,0,0,0,0,0,0,0,0,999375,1,933833,1,0,0
1296,35935500,23933,0,0,0,0,0,0,0,0,0,0,0,0,630125,1,597208,1,0,0
1297,35373960,23817,0,0,0,0,0,0,0,0,0,0,0,0,657959,1,618250,1,0,0
1298,36906876,23817,0,0,0,0,0,0,0,0,0,0,0,0,628292,1,594417,1,0,0
1299,40135416,23969,0,0,0,0,0,0,0,0,0,0,0,0,752083,1,698917,1,0,0
1300,44696376,23817,0,0,0,0,0,0,0,0,0,0,0,0,660084,1,621459,1,0,0
1301,51215124,23817,0,0,0,0,0,0,0,0,0,0,0,0,805958,1,756417,1,0,0
1302,54270416,23933,0,0,0,0,0,0,0,0,0,0,0,0,872000,1,821208,1,0,0
1303,62799292,23905,0,0,0,0,0,0,0,0,0,0,0,0,838417,1,781250,1,0,0
1304,69535960,24445,0,0,0,0,0,0,0,0,0,0,0,0,1060667,1,992250,1,0,0
1305,66681792,24033,0,0,0,0,0,0,0,0,0,0,0,0,1095667,1,1023875,1,0,0
1306,57368708,24021,0,0,0,0,0,0,0,0,0,0,0,0,928084,1,874792,1,0,0
1307,54509456,23817,0,0,0,0,0,0,0,0,0,0,0,0,1201750,1,1125250,1,0,0
1308,55656416,23881,0,0,0,0,0,0,0,0,0,0,0,0,914291,1,863209,1,0,0
1309,51200708,23905,0,0,0,0,0,0,0,0,0,0,0,0,900875,1,835666,1,0,0
1310,52026876,23933,0,0,0,0,0,0,0,0,0,0,0,0,1410333,1,1347375,1,0,0
1311,46112456,23817,0,0,0,0,0,0,0,0,0,0,0,0,740334,1,680500,1,0,0
1312,48648084,23817,0,0,0,0,0,0,0,0,0,0,0,0,768791,1,725625,1,0,0
1313,48589832,24171,0,0,0,0,0,0,0,0,0,0,0,0,745708,1,697209,1,0,0
1314,54218040,24179,0,0,0,0,0,0,0,0,0,0,0,0,763125,1,717500,1,0,0
1315,55709292,24149,0,0,0,0,0,0,0,0,0,0,0,0,1013208,1,951708,1,0,0
1316,56402752,23905,0,0,0,0,0,0,0,0,0,0,0,0,1199541,1,1125583,1,0,0
1317,55319456,23881,0,0,0,0,0,0,0,0,0,0,0,0,885291,1,826083,1,0,0
1318,53098584,23817,0,0,0,0,0,0,0,0,0,0,0,0,906417,1,854292,1,0,0
1319,55480544,24021,0,0,0,0,0,0,0,0,0,0,0,0,941167,1,879084,1,0,0
1320,44099040,23817,0,0,0,0,0,0,0,0,0,0,0,0,770666,1,726791,1,0,0
1321,39547040,23817,0,0,0,0,0,0,0,0,0,0,0,0,774459,1,725709,1,0,0
1322,37018332,23881,0,0,0,0,0,0,0,0,0,0,0,0,683583,1,644542,1,0,0
1323,33458542,23905,0,0,0,0,0,0,0,0,0,0,0,0,652417,1,610666,1,0,0
1324,33269376,24433,0,0,0,0,0,0,0,0,0,0,0,0,621541,1,585750,1,0,0
1325,33216166,24097,0,0,0,0,0,0,0,0,0,0,0,0,643583,1,592000,1,0,0
1326,33323832,23817,0,0,0,0,0,0,0,0,0,0,0,0,604500,1,569583,1,0,0
1327,33346416,23817,0,0,0,0,0,0,0,0,0,0,0,0,658458,1,616583,1,0,0
1328,33449876,23377,0,0,0,0,0,0,0,0,0,0,0,0,634833,1,593292,1,0,0
1329,33254916,23353,0,0,0,0,0,0,0,0,0,0,0,0,535959,1,505375,1,0,0
1330,33106624,23289,0,0,0,0,0,0,0,0,0,0,0,0,556708,1,526250,1,0,0
1331,33382376,23341,0,0,0,0,0,0,0,0,0,0,0,0,581375,1,548542,1,0,0
1332,33434124,23289,0,0,0,0,0,0,0,0,0,0,0,0,568250,1,539125,1,0,0
1333,41676624,26891,0,0,0,0,0,0,0,0,0,0,0,0,663666,1,628834,1,0,0
1334,33111624,25967,0,0,0,0,0,0,0,0,0,0,0,0,589125,1,550292,1,0,0
1335,33268084,23289,0,0,0,0,0,0,0,0,0,0,0,0,533417,1,503958,1,0,0
1336,33610832,23353,0,0,0,0,0,0,0,0,0,0,0,0,530917,1,502333,1,0,0
1337,31682540,23341,0,0,0,0,0,0,0,0,0,0,0,0,547250,1,511458,1,0,0
1338,30067750,23377,0,0,0,0,0,0,0,0,0,0,0,0,546208,1,518459,1,0,0
1339,30174416,23853,0,0,0,0,0,0,0,0,0,0,0,0,536209,1,509667,1,0,0
1340,31431500,23569,0,0,0,0,0,0,0,0,0,0,0,0,561542,1,525750,1,0,0
1341,34337332,23289,0,0,0,0,0,0,0,0,0,0,0,0,534334,1,502833,1,0,0
1342,36864248,23289,0,0,0,0,0,0,0,0,0,0,0,0,1309417,1,1257292,1,0,0
1343,36167292,23441,0,0,0,0,0,0,0,0,0,0,0,0,592084,1,553792,1,0,0
1344,36158540,23341,0,0,0,0,0,0,0,0,0,0,0,0,624625,1,593542,1,0,0
1345,35776876,23289,0,0,0,0,0,0,0,0,0,0,0,0,553125,1,523875,1,0,0
1346,38025792,23353,0,0,0,0,0,0,0,0,0,0,0,0,911750,1,861583,1,0,0
1347,35420624,23289,0,0,0,0,0,0,0,0,0,0,0,0,547875,1,519084,1,0,0
1348,42020708,23377,0,0,0,0,0,0,0,0,0,0,0,0,642709,1,607542,1,0,0
1349,42892456,23353,0,0,0,0,0,0,0,0,0,0,0,0,752958,1,712875,1,0,0
1350,55261540,23341,0,0,0,0,0,0,0,0,0,0,0,0,725125,1,688625,1,0,0
1351,66353792,23491,0,0,0,0,0,0,0,0,0,0,0,0,1301041,1,1246375,1,0,0
1352,68354376,23803,0,0,0,0,0,0,0,0,0,0,0,0,1116917,1,1002417,1,0,0
1353,68972040,23505,0,0,0,0,0,0,0,0,0,0,0,0,1044500,1,986792,1,0,0
1354,70477624,23405,0,0,0,0,0,0,0,0,0,0,0,0,953166,1,899916,1,0,0
1355,67052456,23377,0,0,0,0,0,0,0,0,0,0,0,0,975458,1,912375,1,0,0
1356,60225500,23353,0,0,0,0,0,0,0,0,0,0,0,0,1189750,1,1140584,1,0,0
1357,52796916,23289,0,0,0,0,0,0,0,0,0,0,0,0,823291,1,780334,1,0,0
1358,47668460,23493,0,0,0,0,0,0,0,0,0,0,0,0,827791,1,776416,1,0,0
1359,47418248,23289,0,0,0,0,0,0,0,0,0,0,0,0,1126916,1,1077416,1,0,0
1360,46614624,23853,0,0,0,0,0,0,0,0,0,0,0,0,797583,1,741084,1,0,0
1361,48454084,23569,0,0,0,0,0,0,0,0,0,0,0,0,693042,1,648583,1,0,0
1362,47377040,23377,0,0,0,0,0,0,0,0,0,0,0,0,677250,1,639542,1,0,0
1363,47898752,23341,0,0,0,0,0,0,0,0,0,0,0,0,668209,1,632083,1,0,0
1364,51307792,23773,0,0,0,0,0,0,0,0,0,0,0,0,894708,1,855541,1,0,0
1365,54385584,23709,0,0,0,0,0,0,0,0,0,0,0,0,854500,1,794375,1,0,0
1366,67486664,27311,0,0,0,0,0,0,0,0,0,0,0,0,1402375,1,1327000,1,0,0
1367,52553248,26439,0,0,0,0,0,0,0,0,0,0,0,0,899958,1,847167,1,0,0
1368,49155124,23773,0,0,0,0,0,0,0,0,0,0,0,0,844000,1,795584,1,0,0
1369,44333668,23999,0,0,0,0,0,0,0,0,0,0,0,0,743250,1,693708,1,0,0
1370,39015544,24071,0,0,0,0,0,0,0,0,0,0,0,0,745500,1,703791,1,0,0
1371,37835124,23989,0,0,0,0,0,0,0,0,0,0,0,0,638292,1,598084,1,0,0
1372,33615708,23761,0,0,0,0,0,0,0,0,0,0,0,0,593791,1,561875,1,0,0
1373,33198876,23797,0,0,0,0,0,0,0,0,0,0,0,0,712125,1,669833,1,0,0
1374,33835664,23773,0,0,0,0,0,0,0,0,0,0,0,0,568708,1,536792,1,0,0
1375,33098292,23709,0,0,0,0,0,0,0,0,0,0,0,0,678167,1,641625,1,0,0
1376,33564168,23709,0,0,0,0,0,0,0,0,0,0,0,0,736667,1,698708,1,0,0
1377,33473040,23773,0,0,0,0,0,0,0,0,0,0,0,0,573709,1,534166,1,0,0
1378,36074124,23849,0,0,0,0,0,0,0,0,0,0,0,0,670417,1,636541,1,0,0
1379,33796376,23709,0,0,0,0,0,0,0,0,0,0,0,0,593333,1,554708,1,0,0
1380,31221458,23773,0,0,0,0,0,0,0,0,0,0,0,0,571292,1,539417,1,0,0
1381,30271250,23709,0,0,0,0,0,0,0,0,0,0,0,0,566208,1,526041,1,0,0
1382,30936250,23709,0,0,0,0,0,0,0,0,0,0,0,0,592958,1,556333,1,0,0
1383,30517332,23797,0,0,0,0,0,0,0,0,0,0,0,0,576375,1,541000,1,0,0
1384,30049458,23975,0,0,0,0,0,0,0,0,0,0,0,0,562583,1,532458,1,0,0
1385,30223458,24123,0,0,0,0,0,0,0,0,0,0,0,0,596500,1,559792,1,0,0
1386,30404916,23925,0,0,0,0,0,0,0,0,0,0,0,0,545458,1,515334,1,0,0
1387,32869500,23709,0,0,0,0,0,0,0,0,0,0,0,0,576041,1,542042,1,0,0
1388,32605416,23861,0,0,0,0,0,0,0,0,0,0,0,0,532917,1,498833,1,0,0
1389,33272332,23709,0,0,0,0,0,0,0,0,0,0,0,0,595875,1,556791,1,0,0
1390,33485124,23709,0,0,0,0,0,0,0,0,0,0,0,0,582834,1,549583,1,0,0
1391,33545500,23709,0,0,0,0,0,0,0,0,0,0,0,0,603416,1,564500,1,0,0
1392,33493792,23825,0,0,0,0,0,0,0,0,0,0,0,0,607958,1,574000,1,0,0
1393,35513916,23797,0,0,0,0,0,0,0,0,0,0,0,0,728541,1,672084,1,0,0
1394,41476168,23709,0,0,0,0,0,0,0,0,0,0,0,0,726750,1,684834,1,0,0
1395,37027292,23773,0,0,0,0,0,0,0,0,0,0,0,0,629833,1,589291,1,0,0
1396,34957000,23709,0,0,0,0,0,0,0,0,0,0,0,0,599833,1,560500,1,0,0
1397,35464376,23709,0,0,0,0,0,0,0,0,0,0,0,0,948375,1,899375,1,0,0
1398,35164248,23913,0,0,0,0,0,0,0,0,0,0,0,0,622125,1,588750,1,0,0
1399,38582752,24273,0,0,0,0,0,0,0,0,0,0,0,0,756083,1,706917,1,0,0
1400,42956208,23925,0,0,0,0,0,0,0,0,0,0,0,0,896125,1,850959,1,0,0
1401,48829416,23773,0,0,0,0,0,0,0,0,0,0,0,0,881667,1,819459,1,0,0
1402,61510000,23797,0,0,0,0,0,0,0,0,0,0,0,0,1076167,1,1015625,1,0,0
1403,68410128,23825,0,0,0,0,0,0,0,0,0,0,0,0,1385666,1,1311542,1,0,0
1404,68619040,23709,0,0,0,0,0,0,0,0,0,0,0,0,1502541,1,1440917,1,0,0
1405,75824168,23861,0,0,0,0,0,0,0,0,0,0,0,0,1212375,1,1132917,1,0,0
1406,69181208,23761,0,0,0,0,0,0,0,0,0,0,0,0,1054792,1,992500,1,0,0
1407,62967664,23975,0,0,0,0,0,0,0,0,0,0,0,0,1049542,1,973625,1,0,0
1408,54388084,24159,0,0,0,0,0,0,0,0,0,0,0,0,896583,1,843625,1,0,0
1409,45789708,23989,0,0,0,0,0,0,0,0,0,0,0,0,813250,1,712042,1,0,0
1410,46503624,23761,0,0,0,0,0,0,0,0,0,0,0,0,725458,1,684083,1,0,0
1411,46879208,23709,0,0,0,0,0,0,0,0,0,0,0,0,730583,1,682125,1,0,0
1412,45092500,23861,0,0,0,0,0,0,0,0,0,0,0,0,734625,1,684916,1,0,0
1413,46568000,23709,0,0,0,0,0,0,0,0,0,0,0,0,725791,1,673375,1,0,0
1414,50223040,23709,0,0,0,0,0,0,0,0,0,0,0,0,945708,1,900417,1,0,0
1415,46744332,23825,0,0,0,0,0,0,0,0,0,0,0,0,756417,1,708708,1,0,0
1416,45343456,23797,0,0,0,0,0,0,0,0,0,0,0,0,749375,1,707708,1,0,0
1417,43413040,23709,0,0,0,0,0,0,0,0,0,0,0,0,660334,1,613709,1,0,0
1418,44520832,24337,0,0,0,0,0,0,0,0,0,0,0,0,723875,1,677417,1,0,0
1419,43125000,23925,0,0,0,0,0,0,0,0,0,0,0,0,753708,1,664291,1,0,0
1420,41096544,23849,0,0,0,0,0,0,0,0,0,0,0,0,793792,1,756542,1,0,0
1421,38336544,23773,0,0,0,0,0,0,0,0,0,0,0,0,666750,1,617667,1,0,0
1422,38095832,23709,0,0,0,0,0,0,0,0,0,0,0,0,667458,1,630833,1,0,0
1423,37857208,23709,0,0,0,0,0,0,0,0,0,0,0,0,639416,1,595958,1,0,0
1424,37878708,23861,0,0,0,0,0,0,0,0,0,0,0,0,659708,1,613375,1,0,0
1425,38208916,23709,0,0,0,0,0,0,0,0,0,0,0,0,671500,1,627708,1,0,0
1426,40496876,23761,0,0,0,0,0,0,0,0,0,0,0,0,740334,1,702000,1,0,0
1427,37511544,23773,0,0,0,0,0,0,0,0,0,0,0,0,635125,1,597250,1,0,0
1428,40673376,23797,0,0,0,0,0,0,0,0,0,0,0,0,599125,1,566042,1,0,0
1429,39354832,23709,0,0,0,0,0,0,0,0,0,0,0,0,1204500,1,1152041,1,0,0
1430,40599916,23975,0,0,0,0,0,0,0,0,0,0,0,0,661500,1,622750,1,0,0
1431,40722124,24071,0,0,0,0,0,0,0,0,0,0,0,0,644000,1,599750,1,0,0
1432,46822084,24065,0,0,0,0,0,0,0,0,0,0,0,0,727542,1,682708,1,0,0
1433,44442040,23773,0,0,0,0,0,0,0,0,0,0,0,0,1066291,1,1009541,1,0,0
1434,48718292,23709,0,0,0,0,0,0,0,0,0,0,0,0,775375,1,732917,1,0,0
1435,52781416,23709,0,0,0,0,0,0,0,0,0,0,0,0,857791,1,801667,1,0,0
1436,53795040,23861,0,0,0,0,0,0,0,0,0,0,0,0,877416,1,827625,1,0,0
1437,57695040,23761,0,0,0,0,0,0,0,0,0,0,0,0,881208,1,826125,1,0,0
1438,54571540,23773,0,0,0,0,0,0,0,0,0,0,0,0,819125,1,769666,1,0,0
1439,55979376,23797,0,0,0,0,0,0,0,0,0,0,0,0,832625,1,777459,1,0,0
1440,56351168,23975,0,0,0,0,0,0,0,0,0,0,0,0,1052958,1,999750,1,0,0
1441,54785916,24123,0,0,0,0,0,0,0,0,0,0,0,0,899750,1,842708,1,0,0
1442,53967124,24077,0,0,0,0,0,0,0,0,0,0,0,0,871667,1,820916,1,0,0
1443,55618208,23709,0,0,0,0,0,0,0,0,0,0,0,0,963667,1,906625,1,0,0
1444,51258624,23773,0,0,0,0,0,0,0,0,0,0,0,0,734459,1,693417,1,0,0
1445,49831332,23849,0,0,0,0,0,0,0,0,0,0,0,0,749750,1,702916,1,0,0
1446,59220792,23773,0,0,0,0,0,0,0,0,0,0,0,0,942125,1,886709,1,0,0
1447,55219668,31110,0,0,0,0,0,0,0,0,0,0,0,0,1311708,1,1236291,1,0,0
1448,53631876,29589,0,0,0,0,0,0,0,0,0,0,0,0,880125,1,809833,1,0,0
1449,52361708,23963,0,0,0,0,0,0,0,0,0,0,0,0,735292,1,691042,1,0,0
1450,54169460,24135,0,0,0,0,0,0,0,0,0,0,0,0,861333,1,816541,1,0,0
1451,48191832,24013,0,0,0,0,0,0,0,0,0,0,0,0,1227333,1,1163042,1,0,0
1452,46156916,23773,0,0,0,0,0,0,0,0,0,0,0,0,745333,1,701167,1,0,0
1453,44218248,23761,0,0,0,0,0,0,0,0,0,0,0,0,750459,1,702375,1,0,0
1454,43140832,23709,0,0,0,0,0,0,0,0,0,0,0,0,746750,1,707625,1,0,0
1455,38493000,23861,0,0,0,0,0,0,0,0,0,0,0,0,658500,1,616708,1,0,0
1456,41001960,23289,0,0,0,0,0,0,0,0,0,0,0,0,736292,1,700458,1,0,0
1457,35156084,23289,0,0,0,0,0,0,0,0,0,0,0,0,625792,1,585833,1,0,0
1458,33637916,23405,0,0,0,0,0,0,0,0,0,0,0,0,558708,1,530583,1,0,0
1459,33569792,23289,0,0,0,0,0,0,0,0,0,0,0,0,560541,1,531750,1,0,0
1460,37555208,35675,0,0,0,0,0,0,0,0,0,0,0,0,578542,1,545625,1,0,0
1461,35444168,26031,0,0,0,0,0,0,0,0,0,0,0,0,648500,1,595208,1,0,0
1462,34385000,23853,0,0,0,0,0,0,0,0,0,0,0,0,582542,1,554083,1,0,0
1463,37343876,23505,0,0,0,0,0,0,0,0,0,0,0,0,709500,1,674375,1,0,0
1464,37334664,23405,0,0,0,0,0,0,0,0,0,0,0,0,556000,1,519417,1,0,0
1465,35108540,23377,0,0,0,0,0,0,0,0,0,0,0,0,544541,1,513875,1,0,0
1466,35468752,23289,0,0,0,0,0,0,0,0,0,0,0,0,555417,1,521917,1,0,0
1467,36253460,23353,0,0,0,0,0,0,0,0,0,0,0,0,586208,1,550792,1,0,0
1468,34881332,23289,0,0,0,0,0,0,0,0,0,0,0,0,574334,1,544208,1,0,0
1469,36316832,23289,0,0,0,0,0,0,0,0,0,0,0,0,726417,1,693792,1,0,0
1470,47624668,23493,0,0,0,0,0,0,0,0,0,0,0,0,728750,1,684500,1,0,0
1471,46994248,23289,0,0,0,0,0,0,0,0,0,0,0,0,893708,1,850291,1,0,0
1472,54144000,23289,0,0,0,0,0,0,0,0,0,0,0,0,769750,1,726042,1,0,0
1473,68670912,23555,0,0,0,0,0,0,0,0,0,0,0,0,926167,1,855000,1,0,0
1474,67718000,23791,0,0,0,0,0,0,0,0,0,0,0,0,941625,1,887500,1,0,0
1475,69310832,23569,0,0,0,0,0,0,0,0,0,0,0,0,1167125,1,1111541,1,0,0
1476,67625128,23289,0,0,0,0,0,0,0,0,0,0,0,0,922333,1,859833,1,0,0
1477,66521208,23493,0,0,0,0,0,0,0,0,0,0,0,0,1147542,1,1092333,1,0,0
1478,55046584,23289,0,0,0,0,0,0,0,0,0,0,0,0,800958,1,757000,1,0,0
1479,59102664,23353,0,0,0,0,0,0,0,0,0,0,0,0,894459,1,837084,1,0,0
1480,47344208,23377,0,0,0,0,0,0,0,0,0,0,0,0,710083,1,671375,1,0,0
1481,45291208,23405,0,0,0,0,0,0,0,0,0,0,0,0,677833,1,641458,1,0,0
1482,47540624,23853,0,0,0,0,0,0,0,0,0,0,0,0,1054084,1,992042,1,0,0
1483,45788084,23505,0,0,0,0,0,0,0,0,0,0,0,0,877459,1,817541,1,0,0
1484,47674416,23441,0,0,0,0,0,0,0,0,0,0,0,0,699000,1,660458,1,0,0
1485,47802336,23289,0,0,0,0,0,0,0,0,0,0,0,0,728833,1,679542,1,0,0
1486,46045040,23341,0,0,0,0,0,0,0,0,0,0,0,0,654042,1,615209,1,0,0
1487,45493248,23353,0,0,0,0,0,0,0,0,0,0,0,0,807083,1,760000,1,0,0
1488,46884456,23377,0,0,0,0,0,0,0,0,0,0,0,0,821417,1,755208,1,0,0
1489,52440168,23289,0,0,0,0,0,0,0,0,0,0,0,0,697708,1,657791,1,0,0
1490,47645168,23353,0,0,0,0,0,0,0,0,0,0,0,0,708167,1,668584,1,0,0
1491,43788084,23341,0,0,0,0,0,0,0,0,0,0,0,0,664750,1,617375,1,0,0
1492,42650960,23905,0,0,0,0,0,0,0,0,0,0,0,0,944125,1,893125,1,0,0
1493,37377752,24445,0,0,0,0,0,0,0,0,0,0,0,0,643375,1,605875,1,0,0
1494,37155832,24033,0,0,0,0,0,0,0,0,0,0,0,0,685959,1,642917,1,0,0
1495,33818292,23817,0,0,0,0,0,0,0,0,0,0,0,0,591000,1,550750,1,0,0
1496,38032708,27419,0,0,0,0,0,0,0,0,0,0,0,0,622875,1,581375,1,0,0
1497,33005500,26547,0,0,0,0,0,0,0,0,0,0,0,0,631583,1,593375,1,0,0
1498,33904668,23817,0,0,0,0,0,0,0,0,0,0,0,0,613166,1,574542,1,0,0
1499,33799292,23881,0,0,0,0,0,0,0,0,0,0,0,0,607125,1,571750,1,0,0
1500,33750916,23817,0,0,0,0,0,0,0,0,0,0,0,0,624334,1,586500,1,0,0
1501,33769668,23905,0,0,0,0,0,0,0,0,0,0,0,0,621458,1,587625,1,0,0
1502,35665664,23881,0,0,0,0,0,0,0,0,0,0,0,0,709584,1,662750,1,0,0
1503,30317000,23869,0,0,0,0,0,0,0,0,0,0,0,0,583542,1,553125,1,0,0
1504,30807750,23817,0,0,0,0,0,0,0,0,0,0,0,0,584916,1,550208,1,0,0
1505,30355416,23817,0,0,0,0,0,0,0,0,0,0,0,0,561084,1,529375,1,0,0
1506,30399960,23969,0,0,0,0,0,0,0,0,0,0,0,0,562000,1,526333,1,0,0
1507,30547460,23817,0,0,0,0,0,0,0,0,0,0,0,0,583042,1,543041,1,0,0
1508,30763958,24381,0,0,0,0,0,0,0,0,0,0,0,0,571291,1,530792,1,0,0
1509,30488916,24033,0,0,0,0,0,0,0,0,0,0,0,0,589042,1,557125,1,0,0
1510,32261876,23933,0,0,0,0,0,0,0,0,0,0,0,0,580834,1,541917,1,0,0
1511,33439832,23905,0,0,0,0,0,0,0,0,0,0,0,0,606083,1,572458,1,0,0
1512,33597500,23817,0,0,0,0,0,0,0,0,0,0,0,0,616500,1,575166,1,0,0
1513,33842668,23817,0,0,0,0,0,0,0,0,0,0,0,0,594125,1,559916,1,0,0
1514,33665708,23881,0,0,0,0,0,0,0,0,0,0,0,0,613042,1,571750,1,0,0
1515,33834208,23817,0,0,0,0,0,0,0,0,0,0,0,0,603584,1,570458,1,0,0
1516,33980876,23957,0,0,0,0,0,0,0,0,0,0,0,0,603875,1,562958,1,0,0
1517,38344084,23881,0,0,0,0,0,0,0,0,0,0,0,0,715708,1,673459,1,0,0
1518,34167876,23817,0,0,0,0,0,0,0,0,0,0,0,0,617792,1,577291,1,0,0
1519,35699376,23817,0,0,0,0,0,0,0,0,0,0,0,0,674542,1,638875,1,0,0
1520,36636664,23881,0,0,0,0,0,0,0,0,0,0,0,0,823625,1,785167,1,0,0
1521,38549376,23905,0,0,0,0,0,0,0,0,0,0,0,0,801291,1,763542,1,0,0
1522,36510248,24071,0,0,0,0,0,0,0,0,0,0,0,0,644291,1,601875,1,0,0
1523,39344500,24243,0,0,0,0,0,0,0,0,0,0,0,0,1109333,1,1055334,1,0,0
1524,43050416,24033,0,0,0,0,0,0,0,0,0,0,0,0,756084,1,709000,1,0,0
1525,48447876,23905,0,0,0,0,0,0,0,0,0,0,0,0,798958,1,747667,1,0,0
1526,60607668,23881,0,0,0,0,0,0,0,0,0,0,0,0,1286416,1,1228834,1,0,0
1527,66716208,23869,0,0,0,0,0,0,0,0,0,0,0,0,1051584,1,990125,1,0,0
1528,67843792,23969,0,0,0,0,0,0,0,0,0,0,0,0,1141417,1,1060750,1,0,0
1529,70275376,23817,0,0,0,0,0,0,0,0,0,0,0,0,1138167,1,1021375,1,0,0
1530,64706792,23933,0,0,0,0,0,0,0,0,0,0,0,0,1272750,1,1156042,1,0,0
1531,53987168,24469,0,0,0,0,0,0,0,0,0,0,0,0,926583,1,850125,1,0,0
1532,52800708,24097,0,0,0,0,0,0,0,0,0,0,0,0,1241584,1,1145125,1,0,0
1533,45366916,23817,0,0,0,0,0,0,0,0,0,0,0,0,909875,1,819500,1,0,0
1534,45614960,23957,0,0,0,0,0,0,0,0,0,0,0,0,799417,1,731208,1,0,0
1535,46953500,23881,0,0,0,0,0,0,0,0,0,0,0,0,797416,1,735750,1,0,0
1536,43227832,23817,0,0,0,0,0,0,0,0,0,0,0,0,699959,1,637041,1,0,0
1537,45289500,23817,0,0,0,0,0,0,0,0,0,0,0,0,671916,1,606375,1,0,0
1538,50178292,23969,0,0,0,0,0,0,0,0,0,0,0,0,906458,1,824167,1,0,0
1539,46808084,23869,0,0,0,0,0,0,0,0,0,0,0,0,758000,1,696916,1,0,0
1540,42938332,23817,0,0,0,0,0,0,0,0,0,0,0,0,781500,1,715375,1,0,0
1541,44263332,23881,0,0,0,0,0,0,0,0,0,0,0,0,933959,1,836333,1,0,0
1542,44237832,24469,0,0,0,0,0,0,0,0,0,0,0,0,760375,1,693208,1,0,0
1543,45825792,24033,0,0,0,0,0,0,0,0,0,0,0,0,739750,1,680041,1,0,0
1544,44816500,23933,0,0,0,0,0,0,0,0,0,0,0,0,999792,1,918125,1,0,0
1545,41764624,23817,0,0,0,0,0,0,0,0,0,0,0,0,750709,1,685875,1,0,0
1546,37489876,23905,0,0,0,0,0,0,0,0,0,0,0,0,661416,1,597833,1,0,0
1547,37774708,23881,0,0,0,0,0,0,0,0,0,0,0,0,664208,1,608125,1,0,0
1548,37559040,23817,0,0,0,0,0,0,0,0,0,0,0,0,677625,1,618125,1,0,0
1549,40627584,23817,0,0,0,0,0,0,0,0,0,0,0,0,663792,1,626500,1,0,0
1550,37799332,24021,0,0,0,0,0,0,0,0,0,0,0,0,669584,1,628292,1,0,0
1551,37542248,23817,0,0,0,0,0,0,0,0,0,0,0,0,671709,1,634708,1,0,0
1552,33705332,23817,0,0,0,0,0,0,0,0,0,0,0,0,601291,1,557084,1,0,0
1553,33266916,23881,0,0,0,0,0,0,0,0,0,0,0,0,713500,1,675042,1,0,0
1554,33906248,23817,0,0,0,0,0,0,0,0,0,0,0,0,602458,1,561417,1,0,0
1555,33596708,24469,0,0,0,0,0,0,0,0,0,0,0,0,589291,1,554792,1,0,0
1556,33510208,24149,0,0,0,0,0,0,0,0,0,0,0,0,589834,1,552333,1,0,0
1557,33549040,23817,0,0,0,0,0,0,0,0,0,0,0,0,717208,1,683958,1,0,0
1558,33629832,23817,0,0,0,0,0,0,0,0,0,0,0,0,643333,1,598625,1,0,0
1559,33696332,23881,0,0,0,0,0,0,0,0,0,0,0,0,595083,1,560125,1,0,0
1560,33927460,23905,0,0,0,0,0,0,0,0,0,0,0,0,603167,1,559834,1,0,0
1561,33582332,23817,0,0,0,0,0,0,0,0,0,0,0,0,625042,1,591625,1,0,0
1562,33511876,23933,0,0,0,0,0,0,0,0,0,0,0,0,598125,1,552666,1,0,0
1563,33116792,23817,0,0,0,0,0,0,0,0,0,0,0,0,603959,1,570125,1,0,0
1564,33331792,23817,0,0,0,0,0,0,0,0,0,0,0,0,685625,1,648166,1,0,0
1565,30284584,23905,0,0,0,0,0,0,0,0,0,0,0,0,568000,1,534166,1,0,0
1566,30636834,23881,0,0,0,0,0,0,0,0,0,0,0,0,572458,1,537083,1,0,0
1567,30460624,23817,0,0,0,0,0,0,0,0,0,0,0,0,589209,1,555542,1,0,0
1568,31519042,23817,0,0,0,0,0,0,0,0,0,0,0,0,576708,1,537291,1,0,0
1569,31579460,23869,0,0,0,0,0,0,0,0,0,0,0,0,551875,1,521083,1,0,0
1570,33217458,24171,0,0,0,0,0,0,0,0,0,0,0,0,628875,1,590709,1,0,0
1571,33427500,24179,0,0,0,0,0,0,0,0,0,0,0,0,647125,1,610292,1,0,0
1572,33904584,24033,0,0,0,0,0,0,0,0,0,0,0,0,594708,1,549584,1,0,0
1573,34317168,23881,0,0,0,0,0,0,0,0,0,0,0,0,804375,1,765083,1,0,0
1574,34815624,23817,0,0,0,0,0,0,0,0,0,0,0,0,600958,1,564542,1,0,0
1575,38564124,23957,0,0,0,0,0,0,0,0,0,0,0,0,608167,1,574042,1,0,0
1576,37735876,23881,0,0,0,0,0,0,0,0,0,0,0,0,678833,1,638584,1,0,0
1577,35407540,23817,0,0,0,0,0,0,0,0,0,0,0,0,579625,1,545625,1,0,0
1578,34701000,23817,0,0,0,0,0,0,0,0,0,0,0,0,635292,1,595625,1,0,0
1579,42161416,23881,0,0,0,0,0,0,0,0,0,0,0,0,729250,1,689500,1,0,0
1580,38971040,23905,0,0,0,0,0,0,0,0,0,0,0,0,628042,1,578375,1,0,0
1581,43013124,23869,0,0,0,0,0,0,0,0,0,0,0,0,657209,1,619208,1,0,0
1582,49106500,23881,0,0,0,0,0,0,0,0,0,0,0,0,818708,1,757041,1,0,0
1583,63814584,24381,0,0,0,0,0,0,0,0,0,0,0,0,888792,1,837375,1,0,0
1584,67302496,23657,0,0,0,0,0,0,0,0,0,0,0,0,1137084,1,1075375,1,0,0
1585,68007872,23341,0,0,0,0,0,0,0,0,0,0,0,0,910792,1,855459,1,0,0
1586,67353456,23555,0,0,0,0,0,0,0,0,0,0,0,0,1216459,1,1143500,1,0,0
1587,76216912,26827,0,0,0,0,0,0,0,0,0,0,0,0,1112625,1,1050708,1,0,0
1588,61500960,26083,0,0,0,0,0,0,0,0,0,0,0,0,853583,1,806917,1,0,0
1589,45821624,23289,0,0,0,0,0,0,0,0,0,0,0,0,1073584,1,1011292,1,0,0
1590,46931752,23441,0,0,0,0,0,0,0,0,0,0,0,0,921958,1,883125,1,0,0
1591,42983916,23491,0,0,0,0,0,0,0,0,0,0,0,0,700083,1,662458,1,0,0
1592,39686040,23651,0,0,0,0,0,0,0,0,0,0,0,0,802500,1,750166,1,0,0
1593,40690708,23621,0,0,0,0,0,0,0,0,0,0,0,0,623958,1,589875,1,0,0
1594,42886376,23377,0,0,0,0,0,0,0,0,0,0,0,0,1049875,1,1004292,1,0,0
1595,46743792,23289,0,0,0,0,0,0,0,0,0,0,0,0,706750,1,658250,1,0,0
1596,46177292,23353,0,0,0,0,0,0,0,0,0,0,0,0,657125,1,621125,1,0,0
1597,47159040,23289,0,0,0,0,0,0,0,0,0,0,0,0,811375,1,768792,1,0,0
1598,48698832,23429,0,0,0,0,0,0,0,0,0,0,0,0,758125,1,708583,1,0,0
1599,49008876,23353,0,0,0,0,0,0,0,0,0,0,0,0,1121375,1,1072708,1,0,0
1600,53707168,23587,0,0,0,0,0,0,0,0,0,0,0,0,857834,1,795042,1,0,0
1601,53144876,23441,0,0,0,0,0,0,0,0,0,0,0,0,820834,1,738167,1,0,0
1602,47927292,23905,0,0,0,0,0,0,0,0,0,0,0,0,694417,1,657875,1,0,0
1603,42573416,23569,0,0,0,0,0,0,0,0,0,0,0,0,657791,1,620792,1,0,0
1604,41064040,23289,0,0,0,0,0,0,0,0,0,0,0,0,644333,1,602083,1,0,0
1605,37847084,23377,0,0,0,0,0,0,0,0,0,0,0,0,603916,1,571833,1,0,0
1606,37330544,23353,0,0,0,0,0,0,0,0,0,0,0,0,570667,1,540292,1,0,0
1607,33386250,23341,0,0,0,0,0,0,0,0,0,0,0,0,566458,1,531792,1,0,0
1608,33797832,23289,0,0,0,0,0,0,0,0,0,0,0,0,581291,1,552292,1,0,0
1609,34458916,23353,0,0,0,0,0,0,0,0,0,0,0,0,531166,1,500875,1,0,0
1610,38541208,23377,0,0,0,0,0,0,0,0,0,0,0,0,635167,1,592791,1,0,0
1611,34887000,23289,0,0,0,0,0,0,0,0,0,0,0,0,745916,1,716625,1,0,0
1612,37068916,23353,0,0,0,0,0,0,0,0,0,0,0,0,559625,1,530209,1,0,0
1613,37612916,23341,0,0,0,0,0,0,0,0,0,0,0,0,545708,1,511542,1,0,0
1614,37892752,23289,0,0,0,0,0,0,0,0,0,0,0,0,568791,1,540625,1,0,0
1615,34741416,23643,0,0,0,0,0,0,0,0,0,0,0,0,1009750,1,949583,1,0,0
1616,35309040,23651,0,0,0,0,0,0,0,0,0,0,0,0,699416,1,645875,1,0,0
1617,36345500,23505,0,0,0,0,0,0,0,0,0,0,0,0,531000,1,501833,1,0,0
1618,39047584,23353,0,0,0,0,0,0,0,0,0,0,0,0,595250,1,562958,1,0,0
1619,44456960,23341,0,0,0,0,0,0,0,0,0,0,0,0,670583,1,627083,1,0,0
1620,45388792,23797,0,0,0,0,0,0,0,0,0,0,0,0,865917,1,817583,1,0,0
1621,52529456,23773,0,0,0,0,0,0,0,0,0,0,0,0,1081458,1,1033666,1,0,0
1622,54090668,23709,0,0,0,0,0,0,0,0,0,0,0,0,963375,1,905166,1,0,0
1623,78069336,27311,0,0,0,0,0,0,0,0,0,0,0,0,1049708,1,993958,1,0,0
1624,64822040,26439,0,0,0,0,0,0,0,0,0,0,0,0,1075375,1,1003167,1,0,0
1625,59803292,23975,0,0,0,0,0,0,0,0,0,0,0,0,1056334,1,986667,1,0,0
1626,54877624,24159,0,0,0,0,0,0,0,0,0,0,0,0,877416,1,786334,1,0,0
1627,54460376,23989,0,0,0,0,0,0,0,0,0,0,0,0,1082125,1,1024333,1,0,0
1628,53540332,23761,0,0,0,0,0,0,0,0,0,0,0,0,892625,1,825000,1,0,0
1629,47993168,23861,0,0,0,0,0,0,0,0,0,0,0,0,784375,1,742291,1,0,0
1630,46209584,23709,0,0,0,0,0,0,0,0,0,0,0,0,734958,1,688208,1,0,0
1631,50060168,23709,0,0,0,0,0,0,0,0,0,0,0,0,863250,1,816791,1,0,0
1632,49540792,23773,0,0,0,0,0,0,0,0,0,0,0,0,711500,1,661292,1,0,0
1633,51322000,23849,0,0,0,0,0,0,0,0,0,0,0,0,1011417,1,951500,1,0,0
1634,50869292,23773,0,0,0,0,0,0,0,0,0,0,0,0,958750,1,899625,1,0,0
1635,52014500,24273,0,0,0,0,0,0,0,0,0,0,0,0,981375,1,932125,1,0,0
1636,47511292,24077,0,0,0,0,0,0,0,0,0,0,0,0,791208,1,720417,1,0,0
1637,45831084,23761,0,0,0,0,0,0,0,0,0,0,0,0,711500,1,668000,1,0,0
1638,45267960,23709,0,0,0,0,0,0,0,0,0,0,0,0,808583,1,750625,1,0,0
1639,43987248,23773,0,0,0,0,0,0,0,0,0,0,0,0,735791,1,693542,1,0,0
1640,44142124,23797,0,0,0,0,0,0,0,0,0,0,0,0,705958,1,657542,1,0,0
1641,42075752,23709,0,0,0,0,0,0,0,0,0,0,0,0,734500,1,691334,1,0,0
1642,42374500,23825,0,0,0,0,0,0,0,0,0,0,0,0,790833,1,735042,1,0,0
1643,36503500,23709,0,0,0,0,0,0,0,0,0,0,0,0,674458,1,637042,1,0,0
1644,33399876,23797,0,0,0,0,0,0,0,0,0,0,0,0,612083,1,573333,1,0,0
1645,33448500,23773,0,0,0,0,0,0,0,0,0,0,0,0,573375,1,535000,1,0,0
1646,33047584,23709,0,0,0,0,0,0,0,0,0,0,0,0,604708,1,563292,1,0,0
1647,33731876,23911,0,0,0,0,0,0,0,0,0,0,0,0,613167,1,579709,1,0,0
1648,33364000,24187,0,0,0,0,0,0,0,0,0,0,0,0,575750,1,537542,1,0,0
1649,33661456,24013,0,0,0,0,0,0,0,0,0,0,0,0,591875,1,558417,1,0,0
1650,33795916,23709,0,0,0,0,0,0,0,0,0,0,0,0,593541,1,536709,1,0,0
1651,33554876,23773,0,0,0,0,0,0,0,0,0,0,0,0,591791,1,555625,1,0,0
1652,34109084,23709,0,0,0,0,0,0,0,0,0,0,0,0,621541,1,583500,1,0,0
1653,34264960,23709,0,0,0,0,0,0,0,0,0,0,0,0,784458,1,742666,1,0,0
1654,33532500,23913,0,0,0,0,0,0,0,0,0,0,0,0,601458,1,565333,1,0,0
1655,36603040,23709,0,0,0,0,0,0,0,0,0,0,0,0,607292,1,573125,1,0,0
1656,40995292,23709,0,0,0,0,0,0,0,0,0,0,0,0,689708,1,643958,1,0,0
1657,38323500,23773,0,0,0,0,0,0,0,0,0,0,0,0,1026167,1,981417,1,0,0
1658,35731792,23709,0,0,0,0,0,0,0,0,0,0,0,0,640792,1,599167,1,0,0
1659,38582584,23797,0,0,0,0,0,0,0,0,0,0,0,0,693750,1,654167,1,0,0
1660,40082960,23825,0,0,0,0,0,0,0,0,0,0,0,0,637458,1,595458,1,0,0
1661,48190248,24273,0,0,0,0,0,0,0,0,0,0,0,0,709125,1,666958,1,0,0
1662,59097916,23925,0,0,0,0,0,0,0,0,0,0,0,0,838000,1,772708,1,0,0
1663,66064456,23861,0,0,0,0,0,0,0,0,0,0,0,0,1133375,1,1072791,1,0,0
1664,67339960,23761,0,0,0,0,0,0,0,0,0,0,0,0,1371166,1,1278792,1,0,0
1665,67178208,23773,0,0,0,0,0,0,0,0,0,0,0,0,1529083,1,1170167,1,0,0
1666,71715544,23797,0,0,0,0,0,0,0,0,0,0,0,0,1295750,1,1216750,1,0,0
1667,66929876,23825,0,0,0,0,0,0,0,0,0,0,0,0,1212209,1,1139958,1,0,0
1668,57676544,23709,0,0,0,0,0,0,0,0,0,0,0,0,1329667,1,1244750,1,0,0
1669,56142332,24425,0,0,0,0,0,0,0,0,0,0,0,0,907125,1,856042,1,0,0
1670,55316624,23925,0,0,0,0,0,0,0,0,0,0,0,0,974166,1,884334,1,0,0
1671,50803248,23825,0,0,0,0,0,0,0,0,0,0,0,0,1017459,1,960167,1,0,0
1672,45502124,23797,0,0,0,0,0,0,0,0,0,0,0,0,739083,1,692083,1,0,0
1673,44800792,23709,0,0,0,0,0,0,0,0,0,0,0,0,764291,1,719166,1,0,0
1674,47481376,23773,0,0,0,0,0,0,0,0,0,0,0,0,760167,1,710917,1,0,0
1675,48631752,23709,0,0,0,0,0,0,0,0,0,0,0,0,826125,1,780708,1,0,0
1676,46439916,23849,0,0,0,0,0,0,0,0,0,0,0,0,733416,1,682625,1,0,0
1677,45093416,23773,0,0,0,0,0,0,0,0,0,0,0,0,746250,1,702334,1,0,0
1678,45390332,23709,0,0,0,0,0,0,0,0,0,0,0,0,816333,1,763416,1,0,0
1679,43062540,23911,0,0,0,0,0,0,0,0,0,0,0,0,740416,1,698834,1,0,0
1680,39517456,24223,0,0,0,0,0,0,0,0,0,0,0,0,665875,1,621667,1,0,0
1681,38047624,23977,0,0,0,0,0,0,0,0,0,0,0,0,650584,1,614166,1,0,0
1682,38374624,23709,0,0,0,0,0,0,0,0,0,0,0,0,689167,1,644708,1,0,0
1683,37784332,23773,0,0,0,0,0,0,0,0,0,0,0,0,629542,1,592500,1,0,0
1684,36801376,23797,0,0,0,0,0,0,0,0,0,0,0,0,660333,1,619291,1,0,0
1685,33874208,23709,0,0,0,0,0,0,0,0,0,0,0,0,595167,1,561833,1,0,0
1686,33711664,23773,0,0,0,0,0,0,0,0,0,0,0,0,578958,1,539667,1,0,0
1687,33541084,23761,0,0,0,0,0,0,0,0,0,0,0,0,581667,1,547042,1,0,0
1688,36448000,23709,0,0,0,0,0,0,0,0,0,0,0,0,722542,1,681292,1,0,0
1689,33627832,23861,0,0,0,0,0,0,0,0,0,0,0,0,571792,1,539250,1,0,0
1690,33593752,23709,0,0,0,0,0,0,0,0,0,0,0,0,575459,1,530625,1,0,0
1691,35332416,23709,0,0,0,0,0,0,0,0,0,0,0,0,591250,1,552917,1,0,0
1692,35409416,23773,0,0,0,0,0,0,0,0,0,0,0,0,620291,1,582208,1,0,0
1693,35258456,23963,0,0,0,0,0,0,0,0,0,0,0,0,777166,1,744042,1,0,0
1694,37037248,24159,0,0,0,0,0,0,0,0,0,0,0,0,758833,1,718084,1,0,0
1695,38586456,23989,0,0,0,0,0,0,0,0,0,0,0,0,764458,1,715750,1,0,0
1696,37195832,23709,0,0,0,0,0,0,0,0,0,0,0,0,578875,1,541458,1,0,0
1697,41428376,23709,0,0,0,0,0,0,0,0,0,0,0,0,1075833,1,1038166,1,0,0
1698,45582916,23861,0,0,0,0,0,0,0,0,0,0,0,0,762958,1,713042,1,0,0
1699,53184752,23761,0,0,0,0,0,0,0,0,0,0,0,0,811208,1,763750,1,0,0
1700,60809040,23709,0,0,0,0,0,0,0,0,0,0,0,0,831333,1,774166,1,0,0
1701,71936752,23861,0,0,0,0,0,0,0,0,0,0,0,0,1093709,1,1031792,1,0,0
1702,67139544,23709,0,0,0,0,0,0,0,0,0,0,0,0,1005375,1,938041,1,0,0
1703,54705668,24027,0,0,0,0,0,0,0,0,0,0,0,0,870083,1,820583,1,0,0
1704,55026584,24159,0,0,0,0,0,0,0,0,0,0,0,0,846750,1,790250,1,0,0
1705,56416084,23989,0,0,0,0,0,0,0,0,0,0,0,0,844208,1,797500,1,0,0
1706,55505084,23709,0,0,0,0,0,0,0,0,0,0,0,0,821292,1,767958,1,0,0
1707,55340124,23913,0,0,0,0,0,0,0,0,0,0,0,0,891959,1,842625,1,0,0
1708,55162292,23709,0,0,0,0,0,0,0,0,0,0,0,0,1166708,1,1091209,1,0,0
1709,56171752,23773,0,0,0,0,0,0,0,0,0,0,0,0,932041,1,881584,1,0,0
1710,50234960,23797,0,0,0,0,0,0,0,0,0,0,0,0,764959,1,717625,1,0,0
1711,47281500,23825,0,0,0,0,0,0,0,0,0,0,0,0,710750,1,665750,1,0,0
1712,50620040,23491,0,0,0,0,0,0,0,0,0,0,0,0,715709,1,679666,1,0,0
1713,52791584,23651,0,0,0,0,0,0,0,0,0,0,0,0,771791,1,729250,1,0,0
1714,60129292,27107,0,0,0,0,0,0,0,0,0,0,0,0,851708,1,801916,1,0,0
1715,49879792,26019,0,0,0,0,0,0,0,0,0,0,0,0,843208,1,804416,1,0,0
1716,52633792,23353,0,0,0,0,0,0,0,0,0,0,0,0,809500,1,767083,1,0,0
1717,54001292,23377,0,0,0,0,0,0,0,0,0,0,0,0,723958,1,681750,1,0,0
1718,51052500,23353,0,0,0,0,0,0,0,0,0,0,0,0,809542,1,767292,1,0,0
1719,49909916,23341,0,0,0,0,0,0,0,0,0,0,0,0,695459,1,658542,1,0,0
1720,43915832,23441,0,0,0,0,0,0,0,0,0,0,0,0,715083,1,670250,1,0,0
1721,44074332,23289,0,0,0,0,0,0,0,0,0,0,0,0,685458,1,649500,1,0,0
1722,41384584,25611,0,0,0,0,0,0,0,0,0,0,0,0,692166,1,655875,1,0,0
1723,37946416,23715,0,0,0,0,0,0,0,0,0,0,0,0,586541,1,549042,1,0,0
1724,35979084,23645,0,0,0,0,0,0,0,0,0,0,0,0,625334,1,593250,1,0,0
1725,33572752,23289,0,0,0,0,0,0,0,0,0,0,0,0,547334,1,518667,1,0,0
1726,33321332,23353,0,0,0,0,0,0,0,0,0,0,0,0,566000,1,532125,1,0,0
1727,33246666,23289,0,0,0,0,0,0,0,0,0,0,0,0,576083,1,545000,1,0,0
1728,35384960,23289,0,0,0,0,0,0,0,0,0,0,0,0,608000,1,568833,1,0,0
1729,34705916,23441,0,0,0,0,0,0,0,0,0,0,0,0,767583,1,726917,1,0,0
1730,37054460,23341,0,0,0,0,0,0,0,0,0,0,0,0,870292,1,823000,1,0,0
1731,39598168,23289,0,0,0,0,0,0,0,0,0,0,0,0,649083,1,617250,1,0,0
1732,35610500,23353,0,0,0,0,0,0,0,0,0,0,0,0,730250,1,695417,1,0,0
1733,35884544,23289,0,0,0,0,0,0,0,0,0,0,0,0,579917,1,551167,1,0,0
1734,36084584,23377,0,0,0,0,0,0,0,0,0,0,0,0,729333,1,701125,1,0,0
1735,37700332,23353,0,0,0,0,0,0,0,0,0,0,0,0,560792,1,529500,1,0,0
1736,41360792,23543,0,0,0,0,0,0,0,0,0,0,0,0,612042,1,579708,1,0,0
1737,44506124,23651,0,0,0,0,0,0,0,0,0,0,0,0,1160917,1,1110167,1,0,0
1738,51770332,23657,0,0,0,0,0,0,0,0,0,0,0,0,703791,1,660875,1,0,0
1739,60351960,23289,0,0,0,0,0,0,0,0,0,0,0,0,776959,1,733292,1,0,0
1740,69801584,23353,0,0,0,0,0,0,0,0,0,0,0,0,1053500,1,995250,1,0,0
1741,67422040,23429,0,0,0,0,0,0,0,0,0,0,0,0,1025250,1,958041,1,0,0
1742,64407668,23353,0,0,0,0,0,0,0,0,0,0,0,0,1191875,1,1127542,1,0,0
1743,54920456,23289,0,0,0,0,0,0,0,0,0,0,0,0,813167,1,766833,1,0,0
1744,56348584,23441,0,0,0,0,0,0,0,0,0,0,0,0,780000,1,726333,1,0,0
1745,50451544,23905,0,0,0,0,0,0,0,0,0,0,0,0,980958,1,930834,1,0,0
1746,46318124,23569,0,0,0,0,0,0,0,0,0,0,0,0,726208,1,686042,1,0,0
1747,45867168,23377,0,0,0,0,0,0,0,0,0,0,0,0,1177250,1,1112583,1,0,0
1748,46063916,23817,0,0,0,0,0,0,0,0,0,0,0,0,892542,1,839917,1,0,0
1749,47491624,23881,0,0,0,0,0,0,0,0,0,0,0,0,768708,1,724792,1,0,0
1750,46709500,23869,0,0,0,0,0,0,0,0,0,0,0,0,745833,1,695875,1,0,0
1751,52824124,27355,0,0,0,0,0,0,0,0,0,0,0,0,756834,1,712792,1,0,0
1752,52175124,26559,0,0,0,0,0,0,0,0,0,0,0,0,754667,1,683833,1,0,0
1753,45300832,23817,0,0,0,0,0,0,0,0,0,0,0,0,783375,1,740000,1,0,0
1754,45013832,23905,0,0,0,0,0,0,0,0,0,0,0,0,759167,1,709667,1,0,0
1755,42021544,23933,0,0,0,0,0,0,0,0,0,0,0,0,672958,1,631834,1,0,0
1756,41641876,24381,0,0,0,0,0,0,0,0,0,0,0,0,668125,1,624125,1,0,0
1757,43402624,24033,0,0,0,0,0,0,0,0,0,0,0,0,878000,1,829750,1,0,0
1758,43900752,23969,0,0,0,0,0,0,0,0,0,0,0,0,685375,1,642417,1,0,0
1759,43672208,23817,0,0,0,0,0,0,0,0,0,0,0,0,748958,1,706292,1,0,0
1760,39626960,23869,0,0,0,0,0,0,0,0,0,0,0,0,668917,1,626708,1,0,0
1761,37851708,23881,0,0,0,0,0,0,0,0,0,0,0,0,650500,1,605416,1,0,0
1762,37830248,23905,0,0,0,0,0,0,0,0,0,0,0,0,662208,1,618750,1,0,0
1763,40472500,23817,0,0,0,0,0,0,0,0,0,0,0,0,739083,1,700125,1,0,0
1764,35900500,23881,0,0,0,0,0,0,0,0,0,0,0,0,694125,1,653041,1,0,0
1765,33455876,23817,0,0,0,0,0,0,0,0,0,0,0,0,593667,1,558292,1,0,0
1766,33880332,23869,0,0,0,0,0,0,0,0,0,0,0,0,620833,1,577417,1,0,0
1767,33717960,23969,0,0,0,0,0,0,0,0,0,0,0,0,588042,1,551916,1,0,0
1768,33689040,23817,0,0,0,0,0,0,0,0,0,0,0,0,585959,1,547583,1,0,0
1769,33557584,24381,0,0,0,0,0,0,0,0,0,0,0,0,588584,1,552375,1,0,0
1770,34112960,24097,0,0,0,0,0,0,0,0,0,0,0,0,630584,1,592750,1,0,0
1771,33441792,23817,0,0,0,0,0,0,0,0,0,0,0,0,628375,1,594792,1,0,0
1772,33431542,23957,0,0,0,0,0,0,0,0,0,0,0,0,585791,1,548167,1,0,0
1773,33281750,23881,0,0,0,0,0,0,0,0,0,0,0,0,601667,1,566375,1,0,0
1774,33668668,23817,0,0,0,0,0,0,0,0,0,0,0,0,624917,1,585958,1,0,0
1775,33810460,23817,0,0,0,0,0,0,0,0,0,0,0,0,596750,1,562625,1,0,0
1776,33397208,23881,0,0,0,0,0,0,0,0,0,0,0,0,611250,1,571708,1,0,0
1777,33451332,23905,0,0,0,0,0,0,0,0,0,0,0,0,616584,1,583375,1,0,0
1778,34317708,23869,0,0,0,0,0,0,0,0,0,0,0,0,669625,1,625584,1,0,0
1779,31691376,23881,0,0,0,0,0,0,0,0,0,0,0,0,557625,1,519625,1,0,0
1780,32801168,23817,0,0,0,0,0,0,0,0,0,0,0,0,587375,1,550917,1,0,0
1781,32884668,23817,0,0,0,0,0,0,0,0,0,0,0,0,597542,1,566542,1,0,0
1782,32636460,23905,0,0,0,0,0,0,0,0,0,0,0,0,641708,1,600250,1,0,0
1783,32640000,23881,0,0,0,0,0,0,0,0,0,0,0,0,599000,1,564250,1,0,0
1784,34782416,24381,0,0,0,0,0,0,0,0,0,0,0,0,589208,1,550625,1,0,0
1785,38156792,24085,0,0,0,0,0,0,0,0,0,0,0,0,639708,1,585750,1,0,0
1786,37827292,23881,0,0,0,0,0,0,0,0,0,0,0,0,649167,1,586750,1,0,0
1787,36019000,23905,0,0,0,0,0,0,0,0,0,0,0,0,650333,1,563458,1,0,0
1788,37392876,23817,0,0,0,0,0,0,0,0,0,0,0,0,818042,1,721500,1,0,0
1789,36575376,23881,0,0,0,0,0,0,0,0,0,0,0,0,621667,1,570375,1,0,0
1790,38716584,23817,0,0,0,0,0,0,0,0,0,0,0,0,652542,1,592083,1,0,0
1791,46203916,23869,0,0,0,0,0,0,0,0,0,0,0,0,1082333,1,1018459,1,0,0
1792,63562792,23969,0,0,0,0,0,0,0,0,0,0,0,0,1444584,1,1331667,1,0,0
1793,67888376,23817,0,0,0,0,0,0,0,0,0,0,0,0,1037375,1,948291,1,0,0
1794,70262496,24083,0,0,0,0,0,0,0,0,0,0,0,0,1107458,1,1011791,1,0,0
1795,67961664,24319,0,0,0,0,0,0,0,0,0,0,0,0,1320250,1,1213250,1,0,0
1796,70696336,24097,0,0,0,0,0,0,0,0,0,0,0,0,1363917,1,1262958,1,0,0
1797,66866544,23817,0,0,0,0,0,0,0,0,0,0,0,0,1505458,1,1346083,1,0,0
1798,55987832,24021,0,0,0,0,0,0,0,0,0,0,0,0,1158167,1,1055834,1,0,0
1799,48929668,23817,0,0,0,0,0,0,0,0,0,0,0,0,792291,1,723500,1,0,0
1800,51441124,23881,0,0,0,0,0,0,0,0,0,0,0,0,891208,1,814792,1,0,0
1801,1060375,0,0,0,0,0,0,0,0,0,0,0,0,0,0,0,0,0,0,0
