frame_index,frame_time_ns,gc_alloc_bytes,tnd_bench_t1_hover_ns,tnd_bench_t1_hover_calls,tnd_bench_t1_reclassify_ns,tnd_bench_t1_reclassify_calls,tnd_bench_t1_hoveredborder_ns,tnd_bench_t1_hoveredborder_calls,tnd_bench_t1_hoveredborderrebuild_ns,tnd_bench_t1_hoveredborderrebuild_calls,tnd_bench_t1_modeenter_ns,tnd_bench_t1_modeenter_calls,tnd_bench_t1_conquerui_ns,tnd_bench_t1_conquerui_calls,tnd_bench_s0_hover_ns,tnd_bench_s0_hover_calls,tnd_bench_s0_rebuild_ns,tnd_bench_s0_rebuild_calls,conquestmodecontroller_update_ns,conquestmodecontroller_update_calls
0,41564040,104155,0,0,0,0,0,0,0,0,0,0,0,0,894875,1,850083,1,0,0
1,45022708,27471,0,0,0,0,0,0,0,0,0,0,0,0,795000,1,737292,1,0,0
2,38175668,26495,0,0,0,0,0,0,0,0,0,0,0,0,714167,1,646500,1,0,0
3,40039792,23817,0,0,0,0,0,0,0,0,0,0,0,0,1054083,1,957167,1,0,0
4,44145624,209065,0,0,0,0,0,0,0,0,0,0,0,0,904292,1,826750,1,0,0
5,39684624,23905,0,0,0,0,0,0,0,0,0,0,0,0,730459,1,670458,1,0,0
6,39181248,23869,0,0,0,0,0,0,0,0,0,0,0,0,665250,1,620750,1,0,0
7,46487292,23881,0,0,0,0,0,0,0,0,0,0,0,0,711500,1,673791,1,0,0
8,45118416,23817,0,0,0,0,0,0,0,0,0,0,0,0,780708,1,732834,1,0,0
9,46711376,24469,0,0,0,0,0,0,0,0,0,0,0,0,974667,1,929875,1,0,0
10,61182168,24097,0,0,0,0,0,0,0,0,0,0,0,0,900000,1,842292,1,0,0
11,64687584,23869,0,0,0,0,0,0,0,0,0,0,0,0,906042,1,852459,1,0,0
12,69060080,23969,0,0,0,0,0,0,0,0,0,0,0,0,1092000,1,1007042,1,0,0
13,69157416,23817,0,0,0,0,0,0,0,0,0,0,0,0,1123000,1,1057625,1,0,0
14,69440128,23933,0,0,0,0,0,0,0,0,0,0,0,0,1415083,1,1269333,1,0,0
15,63024416,23905,0,0,0,0,0,0,0,0,0,0,0,0,1044542,1,979625,1,0,0
16,55260208,23881,0,0,0,0,0,0,0,0,0,0,0,0,890584,1,832417,1,0,0
17,57292248,24381,0,0,0,0,0,0,0,0,0,0,0,0,1029083,1,965000,1,0,0
18,61778208,23709,0,0,0,0,0,0,0,0,0,0,0,0,1046416,1,970125,1,0,0
19,56953084,23289,0,0,0,0,0,0,0,0,0,0,0,0,1004791,1,940042,1,0,0
20,56889040,23353,0,0,0,0,0,0,0,0,0,0,0,0,1111500,1,1057791,1,0,0
21,64874416,26827,0,0,0,0,0,0,0,0,0,0,0,0,1045541,1,985083,1,0,0
22,65698708,26083,0,0,0,0,0,0,0,0,0,0,0,0,898333,1,835500,1,0,0
23,67704664,23289,0,0,0,0,0,0,0,0,0,0,0,0,1433833,1,1346916,1,0,0
24,65749084,23441,0,0,0,0,0,0,0,0,0,0,0,0,1046208,1,979708,1,0,0
25,64584040,23853,0,0,0,0,0,0,0,0,0,0,0,0,1048166,1,989750,1,0,0
26,63150376,23621,0,0,0,0,0,0,0,0,0,0,0,0,927958,1,862416,1,0,0
27,49135292,23377,0,0,0,0,0,0,0,0,0,0,0,0,852500,1,808083,1,0,0
28,43846292,23353,0,0,0,0,0,0,0,0,0,0,0,0,680375,1,625542,1,0,0
29,40165792,23289,0,0,0,0,0,0,0,0,0,0,0,0,700041,1,656291,1,0,0
30,38724040,23289,0,0,0,0,0,0,0,0,0,0,0,0,611792,1,572958,1,0,0
31,38605832,23493,0,0,0,0,0,0,0,0,0,0,0,0,625166,1,588334,1,0,0
32,38018168,23709,0,0,0,0,0,0,0,0,0,0,0,0,810958,1,769042,1,0,0
33,41399876,23709,0,0,0,0,0,0,0,0,0,0,0,0,719500,1,681000,1,0,0
34,42144708,23773,0,0,0,0,0,0,0,0,0,0,0,0,664625,1,624625,1,0,0
35,48746792,27247,0,0,0,0,0,0,0,0,0,0,0,0,688375,1,652666,1,0,0
36,42776040,27003,0,0,0,0,0,0,0,0,0,0,0,0,708834,1,666125,1,0,0
37,37764416,23989,0,0,0,0,0,0,0,0,0,0,0,0,656875,1,621542,1,0,0
38,36034500,23709,0,0,0,0,0,0,0,0,0,0,0,0,701042,1,658459,1,0,0
39,33550876,23797,0,0,0,0,0,0,0,0,0,0,0,0,632000,1,599458,1,0,0
40,33661248,23773,0,0,0,0,0,0,0,0,0,0,0,0,640500,1,600333,1,0,0
41,34696332,23709,0,0,0,0,0,0,0,0,0,0,0,0,612000,1,579083,1,0,0
42,35440792,23761,0,0,0,0,0,0,0,0,0,0,0,0,598291,1,557041,1,0,0
43,36918376,23773,0,0,0,0,0,0,0,0,0,0,0,0,646167,1,611208,1,0,0
44,36502540,23797,0,0,0,0,0,0,0,0,0,0,0,0,1150875,1,1094958,1,0,0
45,35996584,23709,0,0,0,0,0,0,0,0,0,0,0,0,800833,1,762459,1,0,0
46,39809668,23773,0,0,0,0,0,0,0,0,0,0,0,0,849708,1,808791,1,0,0
47,44945000,23709,0,0,0,0,0,0,0,0,0,0,0,0,701333,1,664500,1,0,0
48,51570040,23849,0,0,0,0,0,0,0,0,0,0,0,0,913667,1,856542,1,0,0
49,71085040,24337,0,0,0,0,0,0,0,0,0,0,0,0,1409750,1,1353583,1,0,0
50,68805168,23925,0,0,0,0,0,0,0,0,0,0,0,0,1099459,1,1029084,1,0,0
51,67095084,23861,0,0,0,0,0,0,0,0,0,0,0,0,1174833,1,1110958,1,0,0
52,68788080,23761,0,0,0,0,0,0,0,0,0,0,0,0,1252541,1,1146541,1,0,0
53,68761000,23773,0,0,0,0,0,0,0,0,0,0,0,0,1569917,1,1507625,1,0,0
54,68471336,23797,0,0,0,0,0,0,0,0,0,0,0,0,1030250,1,961250,1,0,0
55,58942792,23825,0,0,0,0,0,0,0,0,0,0,0,0,1132334,1,1067834,1,0,0
56,55223792,24273,0,0,0,0,0,0,0,0,0,0,0,0,882167,1,815958,1,0,0
57,54105124,24077,0,0,0,0,0,0,0,0,0,0,0,0,783541,1,737333,1,0,0
58,46242168,23709,0,0,0,0,0,0,0,0,0,0,0,0,782875,1,733542,1,0,0
59,46731292,23825,0,0,0,0,0,0,0,0,0,0,0,0,982958,1,942542,1,0,0
60,46236168,23709,0,0,0,0,0,0,0,0,0,0,0,0,767166,1,712458,1,0,0
61,46034248,23797,0,0,0,0,0,0,0,0,0,0,0,0,747334,1,706791,1,0,0
62,46150168,23773,0,0,0,0,0,0,0,0,0,0,0,0,734500,1,673625,1,0,0
63,45574084,23709,0,0,0,0,0,0,0,0,0,0,0,0,721209,1,682958,1,0,0
64,49424456,23761,0,0,0,0,0,0,0,0,0,0,0,0,756250,1,696458,1,0,0
65,51849248,23861,0,0,0,0,0,0,0,0,0,0,0,0,881083,1,835333,1,0,0
66,47588960,23853,0,0,0,0,0,0,0,0,0,0,0,0,726500,1,690333,1,0,0
67,53170040,23505,0,0,0,0,0,0,0,0,0,0,0,0,801500,1,756125,1,0,0
68,51797916,26943,0,0,0,0,0,0,0,0,0,0,0,0,756167,1,683375,1,0,0
69,43714208,25967,0,0,0,0,0,0,0,0,0,0,0,0,741500,1,689542,1,0,0
70,44805084,23289,0,0,0,0,0,0,0,0,0,0,0,0,684000,1,647208,1,0,0
71,46877876,23353,0,0,0,0,0,0,0,0,0,0,0,0,669917,1,624375,1,0,0
72,47042876,23377,0,0,0,0,0,0,0,0,0,0,0,0,977708,1,929209,1,0,0
73,48873584,23341,0,0,0,0,0,0,0,0,0,0,0,0,757375,1,710875,1,0,0
74,47157208,23353,0,0,0,0,0,0,0,0,0,0,0,0,882667,1,839708,1,0,0
75,46298292,33968,0,0,0,0,0,0,0,0,0,0,0,0,1189750,1,1136125,1,0,0
76,44826376,23377,0,0,0,0,0,0,0,0,0,0,0,0,698167,1,662625,1,0,0
77,47306040,23917,0,0,0,0,0,0,0,0,0,0,0,0,719750,1,671750,1,0,0
78,57747792,23557,0,0,0,0,0,0,0,0,0,0,0,0,828625,1,765292,1,0,0
79,51288960,23441,0,0,0,0,0,0,0,0,0,0,0,0,771709,1,732750,1,0,0
80,51934208,23817,0,0,0,0,0,0,0,0,0,0,0,0,1041375,1,986750,1,0,0
81,50868708,23881,0,0,0,0,0,0,0,0,0,0,0,0,808750,1,763500,1,0,0
82,55528000,27407,0,0,0,0,0,0,0,0,0,0,0,0,894375,1,834792,1,0,0
83,45493584,26559,0,0,0,0,0,0,0,0,0,0,0,0,1110500,1,1066875,1,0,0
84,46176624,23817,0,0,0,0,0,0,0,0,0,0,0,0,752209,1,699208,1,0,0
85,46271708,23817,0,0,0,0,0,0,0,0,0,0,0,0,757541,1,712791,1,0,0
86,46174752,23969,0,0,0,0,0,0,0,0,0,0,0,0,739583,1,687292,1,0,0
87,45764832,24433,0,0,0,0,0,0,0,0,0,0,0,0,791167,1,748792,1,0,0
88,57669668,24033,0,0,0,0,0,0,0,0,0,0,0,0,832583,1,775750,1,0,0
89,53978208,23969,0,0,0,0,0,0,0,0,0,0,0,0,867625,1,816250,1,0,0
90,54340500,23817,0,0,0,0,0,0,0,0,0,0,0,0,908917,1,849583,1,0,0
91,54975000,23933,0,0,0,0,0,0,0,0,0,0,0,0,1032416,1,962125,1,0,0
92,55727544,23905,0,0,0,0,0,0,0,0,0,0,0,0,1074084,1,1010292,1,0,0
93,64509792,23881,0,0,0,0,0,0,0,0,0,0,0,0,1023541,1,972250,1,0,0
94,68001584,23817,0,0,0,0,0,0,0,0,0,0,0,0,1075333,1,973042,1,0,0
95,64657416,24021,0,0,0,0,0,0,0,0,0,0,0,0,1161959,1,1075500,1,0,0
96,61242624,24381,0,0,0,0,0,0,0,0,0,0,0,0,983875,1,896792,1,0,0
97,61207248,24097,0,0,0,0,0,0,0,0,0,0,0,0,1116042,1,1028042,1,0,0
98,55439168,23905,0,0,0,0,0,0,0,0,0,0,0,0,1272416,1,1187458,1,0,0
99,56389544,23933,0,0,0,0,0,0,0,0,0,0,0,0,900791,1,822875,1,0,0
100,55255832,23817,0,0,0,0,0,0,0,0,0,0,0,0,896500,1,814042,1,0,0
101,52663752,23969,0,0,0,0,0,0,0,0,0,0,0,0,1065666,1,974959,1,0,0
102,50292084,23817,0,0,0,0,0,0,0,0,0,0,0,0,914875,1,852333,1,0,0
103,44621916,23933,0,0,0,0,0,0,0,0,0,0,0,0,771292,1,727167,1,0,0
104,40311040,23817,0,0,0,0,0,0,0,0,0,0,0,0,771458,1,710875,1,0,0
105,39059208,24469,0,0,0,0,0,0,0,0,0,0,0,0,689959,1,652000,1,0,0
106,39127544,24097,0,0,0,0,0,0,0,0,0,0,0,0,729333,1,677167,1,0,0
107,34333292,23817,0,0,0,0,0,0,0,0,0,0,0,0,611875,1,577417,1,0,0
108,33879000,23817,0,0,0,0,0,0,0,0,0,0,0,0,649916,1,612333,1,0,0
109,33969168,23933,0,0,0,0,0,0,0,0,0,0,0,0,703083,1,664791,1,0,0
110,34196124,23905,0,0,0,0,0,0,0,0,0,0,0,0,643584,1,605500,1,0,0
111,33678124,23817,0,0,0,0,0,0,0,0,0,0,0,0,824958,1,790167,1,0,0
112,33495208,23881,0,0,0,0,0,0,0,0,0,0,0,0,639833,1,595708,1,0,0
113,33626416,23817,0,0,0,0,0,0,0,0,0,0,0,0,629959,1,595208,1,0,0
114,33437958,23289,0,0,0,0,0,0,0,0,0,0,0,0,635167,1,599625,1,0,0
115,35098376,26943,0,0,0,0,0,0,0,0,0,0,0,0,560125,1,528584,1,0,0
116,30172750,25967,0,0,0,0,0,0,0,0,0,0,0,0,643541,1,614834,1,0,0
117,30174458,23289,0,0,0,0,0,0,0,0,0,0,0,0,558458,1,522834,1,0,0
118,30639208,23289,0,0,0,0,0,0,0,0,0,0,0,0,524834,1,497834,1,0,0
119,30140832,23353,0,0,0,0,0,0,0,0,0,0,0,0,551583,1,525833,1,0,0
120,30509708,23941,0,0,0,0,0,0,0,0,0,0,0,0,537000,1,504375,1,0,0
121,36299040,23505,0,0,0,0,0,0,0,0,0,0,0,0,613250,1,580625,1,0,0
122,32239708,23341,0,0,0,0,0,0,0,0,0,0,0,0,546459,1,520208,1,0,0
123,33351166,23353,0,0,0,0,0,0,0,0,0,0,0,0,598125,1,562333,1,0,0
124,33235708,23289,0,0,0,0,0,0,0,0,0,0,0,0,576833,1,546584,1,0,0
125,33155584,23377,0,0,0,0,0,0,0,0,0,0,0,0,567042,1,538500,1,0,0
126,35135168,23289,0,0,0,0,0,0,0,0,0,0,0,0,685333,1,647041,1,0,0
127,35422876,23353,0,0,0,0,0,0,0,0,0,0,0,0,558542,1,530167,1,0,0
128,35979208,23761,0,0,0,0,0,0,0,0,0,0,0,0,724125,1,686333,1,0,0
129,38740876,23709,0,0,0,0,0,0,0,0,0,0,0,0,598917,1,557500,1,0,0
130,44101500,27311,0,0,0,0,0,0,0,0,0,0,0,0,697750,1,660667,1,0,0
131,39279292,26387,0,0,0,0,0,0,0,0,0,0,0,0,664208,1,625667,1,0,0
132,42995292,23709,0,0,0,0,0,0,0,0,0,0,0,0,684000,1,643709,1,0,0
133,58198208,24389,0,0,0,0,0,0,0,0,0,0,0,0,887209,1,841000,1,0,0
134,73429128,24013,0,0,0,0,0,0,0,0,0,0,0,0,1168750,1,1097042,1,0,0
135,77341208,23773,0,0,0,0,0,0,0,0,0,0,0,0,1107125,1,1005333,1,0,0
136,70314248,23761,0,0,0,0,0,0,0,0,0,0,0,0,1183792,1,1094417,1,0,0
137,66048248,23861,0,0,0,0,0,0,0,0,0,0,0,0,1110625,1,1051125,1,0,0
138,66990544,23709,0,0,0,0,0,0,0,0,0,0,0,0,1086000,1,1011375,1,0,0
139,55439544,23825,0,0,0,0,0,0,0,0,0,0,0,0,1082375,1,1015875,1,0,0
140,49759876,23797,0,0,0,0,0,0,0,0,0,0,0,0,1045500,1,985208,1,0,0
141,45328460,24337,0,0,0,0,0,0,0,0,0,0,0,0,756417,1,714709,1,0,0
142,47405584,23925,0,0,0,0,0,0,0,0,0,0,0,0,794250,1,747625,1,0,0
143,40745916,23709,0,0,0,0,0,0,0,0,0,0,0,0,960375,1,921792,1,0,0
144,39653460,23913,0,0,0,0,0,0,0,0,0,0,0,0,671625,1,624958,1,0,0
145,42628624,23709,0,0,0,0,0,0,0,0,0,0,0,0,681875,1,643542,1,0,0
146,42996000,23709,0,0,0,0,0,0,0,0,0,0,0,0,655209,1,613125,1,0,0
147,44542376,23773,0,0,0,0,0,0,0,0,0,0,0,0,895667,1,857792,1,0,0
148,45906584,23797,0,0,0,0,0,0,0,0,0,0,0,0,1098583,1,1051417,1,0,0
149,45558376,23761,0,0,0,0,0,0,0,0,0,0,0,0,768041,1,724042,1,0,0
150,47414040,23773,0,0,0,0,0,0,0,0,0,0,0,0,743625,1,692834,1,0,0
151,44044792,23709,0,0,0,0,0,0,0,0,0,0,0,0,815750,1,765292,1,0,0
152,47797248,23797,0,0,0,0,0,0,0,0,0,0,0,0,912292,1,856375,1,0,0
153,60531168,24553,0,0,0,0,0,0,0,0,0,0,0,0,928666,1,873250,1,0,0
154,54578456,23761,0,0,0,0,0,0,0,0,0,0,0,0,989750,1,916667,1,0,0
155,54746168,23861,0,0,0,0,0,0,0,0,0,0,0,0,851083,1,801500,1,0,0
156,57388792,23709,0,0,0,0,0,0,0,0,0,0,0,0,1058042,1,970792,1,0,0
157,69028584,23773,0,0,0,0,0,0,0,0,0,0,0,0,1114500,1,1049417,1,0,0
158,57477960,23849,0,0,0,0,0,0,0,0,0,0,0,0,1074666,1,1007750,1,0,0
159,56415832,23773,0,0,0,0,0,0,0,0,0,0,0,0,1028458,1,975500,1,0,0
160,56210376,23709,0,0,0,0,0,0,0,0,0,0,0,0,1110958,1,1038583,1,0,0
161,55126040,24425,0,0,0,0,0,0,0,0,0,0,0,0,863458,1,818000,1,0,0
162,62852916,23557,0,0,0,0,0,0,0,0,0,0,0,0,1058667,1,1003417,1,0,0
163,61189544,23353,0,0,0,0,0,0,0,0,0,0,0,0,1102916,1,1021125,1,0,0
164,67671168,26827,0,0,0,0,0,0,0,0,0,0,0,0,803792,1,759958,1,0,0
165,62117500,26031,0,0,0,0,0,0,0,0,0,0,0,0,899625,1,851375,1,0,0
166,59023624,23341,0,0,0,0,0,0,0,0,0,0,0,0,1200875,1,1103083,1,0,0
167,60356664,23441,0,0,0,0,0,0,0,0,0,0,0,0,1010000,1,956417,1,0,0
168,58873832,23289,0,0,0,0,0,0,0,0,0,0,0,0,959084,1,906083,1,0,0
169,70005544,23917,0,0,0,0,0,0,0,0,0,0,0,0,1479333,1,1341833,1,0,0
170,77652128,23645,0,0,0,0,0,0,0,0,0,0,0,0,1101375,1,1035666,1,0,0
171,72791792,23353,0,0,0,0,0,0,0,0,0,0,0,0,1012667,1,943375,1,0,0
172,69120208,23289,0,0,0,0,0,0,0,0,0,0,0,0,1087500,1,1019083,1,0,0
173,70514128,23493,0,0,0,0,0,0,0,0,0,0,0,0,1036333,1,966333,1,0,0
174,67677792,23289,0,0,0,0,0,0,0,0,0,0,0,0,974333,1,916708,1,0,0
175,66079168,23353,0,0,0,0,0,0,0,0,0,0,0,0,1059792,1,988583,1,0,0
176,55338792,24521,0,0,0,0,0,0,0,0,0,0,0,0,1158917,1,1091291,1,0,0
177,60863168,24097,0,0,0,0,0,0,0,0,0,0,0,0,1113875,1,1045792,1,0,0
178,48096792,23817,0,0,0,0,0,0,0,0,0,0,0,0,762250,1,709625,1,0,0
179,53946708,27419,0,0,0,0,0,0,0,0,0,0,0,0,834000,1,778625,1,0,0
180,48963040,26547,0,0,0,0,0,0,0,0,0,0,0,0,799084,1,748334,1,0,0
181,42846416,23881,0,0,0,0,0,0,0,0,0,0,0,0,768750,1,723709,1,0,0
182,44923000,23817,0,0,0,0,0,0,0,0,0,0,0,0,746875,1,698875,1,0,0
183,45006708,23905,0,0,0,0,0,0,0,0,0,0,0,0,876875,1,834209,1,0,0
184,44028332,24131,0,0,0,0,0,0,0,0,0,0,0,0,776042,1,726167,1,0,0
185,44902084,23869,0,0,0,0,0,0,0,0,0,0,0,0,817167,1,768334,1,0,0
186,42208916,23817,0,0,0,0,0,0,0,0,0,0,0,0,688125,1,641750,1,0,0
187,41505752,24533,0,0,0,0,0,0,0,0,0,0,0,0,678667,1,640791,1,0,0
188,47082416,24033,0,0,0,0,0,0,0,0,0,0,0,0,768334,1,713833,1,0,0
189,45192584,23817,0,0,0,0,0,0,0,0,0,0,0,0,694917,1,655625,1,0,0
190,47396000,23933,0,0,0,0,0,0,0,0,0,0,0,0,787958,1,714792,1,0,0
191,53202040,23905,0,0,0,0,0,0,0,0,0,0,0,0,1015916,1,926750,1,0,0
192,56299668,23881,0,0,0,0,0,0,0,0,0,0,0,0,922209,1,842750,1,0,0
193,68202288,23817,0,0,0,0,0,0,0,0,0,0,0,0,1287334,1,1153500,1,0,0
194,68122168,24021,0,0,0,0,0,0,0,0,0,0,0,0,1293125,1,1183208,1,0,0
195,68765000,23817,0,0,0,0,0,0,0,0,0,0,0,0,1370500,1,1266416,1,0,0
196,62882960,24445,0,0,0,0,0,0,0,0,0,0,0,0,1165792,1,1065333,1,0,0
197,61232376,24121,0,0,0,0,0,0,0,0,0,0,0,0,1044083,1,943209,1,0,0
198,57218792,23933,0,0,0,0,0,0,0,0,0,0,0,0,916542,1,852125,1,0,0
199,56299668,23817,0,0,0,0,0,0,0,0,0,0,0,0,1295417,1,1230209,1,0,0
200,55228584,24727,0,0,0,0,0,0,0,0,0,0,0,0,918500,1,859666,1,0,0
201,55695040,23817,0,0,0,0,0,0,0,0,0,0,0,0,895791,1,840709,1,0,0
202,56423292,23933,0,0,0,0,0,0,0,0,0,0,0,0,903000,1,844042,1,0,0
203,56053584,23905,0,0,0,0,0,0,0,0,0,0,0,0,981416,1,928291,1,0,0
204,55818000,23881,0,0,0,0,0,0,0,0,0,0,0,0,895791,1,829500,1,0,0
205,56246124,24381,0,0,0,0,0,0,0,0,0,0,0,0,889958,1,822333,1,0,0
206,61170916,24237,0,0,0,0,0,0,0,0,0,0,0,0,1261042,1,1190708,1,0,0
207,56608584,23817,0,0,0,0,0,0,0,0,0,0,0,0,919625,1,868084,1,0,0
208,54627000,23881,0,0,0,0,0,0,0,0,0,0,0,0,924542,1,865750,1,0,0
209,51543332,23905,0,0,0,0,0,0,0,0,0,0,0,0,999833,1,919833,1,0,0
210,44641336,23405,0,0,0,0,0,0,0,0,0,0,0,0,758292,1,718875,1,0,0
211,43372624,23289,0,0,0,0,0,0,0,0,0,0,0,0,701542,1,657542,1,0,0
212,41162336,23289,0,0,0,0,0,0,0,0,0,0,0,0,687958,1,634625,1,0,0
213,43383960,26891,0,0,0,0,0,0,0,0,0,0,0,0,633458,1,599500,1,0,0
214,36642168,25967,0,0,0,0,0,0,0,0,0,0,0,0,661375,1,628667,1,0,0
215,33662916,23905,0,0,0,0,0,0,0,0,0,0,0,0,574000,1,541083,1,0,0
216,38409336,23569,0,0,0,0,0,0,0,0,0,0,0,0,673042,1,639167,1,0,0
217,33500834,23377,0,0,0,0,0,0,0,0,0,0,0,0,586167,1,557583,1,0,0
218,33505124,23289,0,0,0,0,0,0,0,0,0,0,0,0,567416,1,529000,1,0,0
219,33825752,23353,0,0,0,0,0,0,0,0,0,0,0,0,677084,1,644792,1,0,0
220,33396458,23289,0,0,0,0,0,0,0,0,0,0,0,0,585875,1,556583,1,0,0
221,33327624,23341,0,0,0,0,0,0,0,0,0,0,0,0,590417,1,558792,1,0,0
222,33509000,23441,0,0,0,0,0,0,0,0,0,0,0,0,607250,1,579042,1,0,0
223,33493000,23289,0,0,0,0,0,0,0,0,0,0,0,0,645375,1,613375,1,0,0
224,32931376,23709,0,0,0,0,0,0,0,0,0,0,0,0,712250,1,670208,1,0,0
225,33731336,23709,0,0,0,0,0,0,0,0,0,0,0,0,641500,1,610084,1,0,0
226,32882168,23773,0,0,0,0,0,0,0,0,0,0,0,0,611750,1,576333,1,0,0
227,34493584,27247,0,0,0,0,0,0,0,0,0,0,0,0,600208,1,570708,1,0,0
228,30509792,26439,0,0,0,0,0,0,0,0,0,0,0,0,746958,1,704500,1,0,0
229,31305834,23709,0,0,0,0,0,0,0,0,0,0,0,0,590250,1,561250,1,0,0
230,35385500,24337,0,0,0,0,0,0,0,0,0,0,0,0,565542,1,524791,1,0,0
231,39577416,23925,0,0,0,0,0,0,0,0,0,0,0,0,1034458,1,976250,1,0,0
232,36430752,23797,0,0,0,0,0,0,0,0,0,0,0,0,747250,1,693083,1,0,0
233,36672792,23773,0,0,0,0,0,0,0,0,0,0,0,0,1479750,1,1412000,1,0,0
234,37637208,23761,0,0,0,0,0,0,0,0,0,0,0,0,808542,1,752375,1,0,0
235,38392416,23709,0,0,0,0,0,0,0,0,0,0,0,0,837458,1,804667,1,0,0
236,38169168,23861,0,0,0,0,0,0,0,0,0,0,0,0,635625,1,597292,1,0,0
237,43967456,23709,0,0,0,0,0,0,0,0,0,0,0,0,668583,1,632584,1,0,0
238,60232668,23709,0,0,0,0,0,0,0,0,0,0,0,0,985458,1,922208,1,0,0
239,68678496,23825,0,0,0,0,0,0,0,0,0,0,0,0,1571917,1,1477000,1,0,0
240,84019000,23797,0,0,0,0,0,0,0,0,0,0,0,0,1394208,1,1324334,1,0,0
241,82917208,24553,0,0,0,0,0,0,0,0,0,0,0,0,1113292,1,1021208,1,0,0
242,69337248,23849,0,0,0,0,0,0,0,0,0,0,0,0,1100541,1,1023625,1,0,0
243,65808084,23773,0,0,0,0,0,0,0,0,0,0,0,0,1065917,1,996291,1,0,0
244,54268332,23709,0,0,0,0,0,0,0,0,0,0,0,0,1015459,1,951500,1,0,0
245,50446124,23861,0,0,0,0,0,0,0,0,0,0,0,0,923625,1,872167,1,0,0
246,48517708,23761,0,0,0,0,0,0,0,0,0,0,0,0,804292,1,754916,1,0,0
247,47680500,23709,0,0,0,0,0,0,0,0,0,0,0,0,1053084,1,1008834,1,0,0
248,48237668,23773,0,0,0,0,0,0,0,0,0,0,0,0,1125250,1,1021291,1,0,0
249,46516416,24361,0,0,0,0,0,0,0,0,0,0,0,0,744916,1,702208,1,0,0
250,61277792,23925,0,0,0,0,0,0,0,0,0,0,0,0,1006125,1,946958,1,0,0
251,55433832,23825,0,0,0,0,0,0,0,0,0,0,0,0,925958,1,873083,1,0,0
252,54244000,23797,0,0,0,0,0,0,0,0,0,0,0,0,891917,1,827708,1,0,0
253,53810332,23773,0,0,0,0,0,0,0,0,0,0,0,0,1161917,1,1106834,1,0,0
254,52341624,23709,0,0,0,0,0,0,0,0,0,0,0,0,854334,1,793041,1,0,0
255,49028584,23913,0,0,0,0,0,0,0,0,0,0,0,0,840584,1,793500,1,0,0
256,43753460,23709,0,0,0,0,0,0,0,0,0,0,0,0,775333,1,719167,1,0,0
257,39410416,23709,0,0,0,0,0,0,0,0,0,0,0,0,749709,1,710000,1,0,0
258,38124248,23353,0,0,0,0,0,0,0,0,0,0,0,0,664833,1,623625,1,0,0
259,38951792,29283,0,0,0,0,0,0,0,0,0,0,0,0,621584,1,588542,1,0,0
260,39099248,26463,0,0,0,0,0,0,0,0,0,0,0,0,585583,1,555292,1,0,0
261,33511500,23353,0,0,0,0,0,0,0,0,0,0,0,0,559625,1,519625,1,0,0
262,33530168,23289,0,0,0,0,0,0,0,0,0,0,0,0,566167,1,537250,1,0,0
263,33839000,23289,0,0,0,0,0,0,0,0,0,0,0,0,577875,1,549333,1,0,0
264,33429084,23441,0,0,0,0,0,0,0,0,0,0,0,0,625250,1,591333,1,0,0
265,33413540,23289,0,0,0,0,0,0,0,0,0,0,0,0,570125,1,534333,1,0,0
266,32746876,23341,0,0,0,0,0,0,0,0,0,0,0,0,576500,1,548625,1,0,0
267,31414960,23289,0,0,0,0,0,0,0,0,0,0,0,0,523208,1,487708,1,0,0
268,30155832,23353,0,0,0,0,0,0,0,0,0,0,0,0,511709,1,485917,1,0,0
269,30528376,23377,0,0,0,0,0,0,0,0,0,0,0,0,539417,1,507708,1,0,0
270,30441166,23289,0,0,0,0,0,0,0,0,0,0,0,0,535375,1,496791,1,0,0
271,30440792,23289,0,0,0,0,0,0,0,0,0,0,0,0,558625,1,525417,1,0,0
272,31990084,23881,0,0,0,0,0,0,0,0,0,0,0,0,709417,1,675083,1,0,0
273,32779916,23869,0,0,0,0,0,0,0,0,0,0,0,0,581042,1,551208,1,0,0
274,35847792,27355,0,0,0,0,0,0,0,0,0,0,0,0,609750,1,567000,1,0,0
275,38565792,27123,0,0,0,0,0,0,0,0,0,0,0,0,622417,1,588167,1,0,0
276,33046460,24033,0,0,0,0,0,0,0,0,0,0,0,0,600959,1,564125,1,0,0
277,33609876,23817,0,0,0,0,0,0,0,0,0,0,0,0,609708,1,572584,1,0,0
278,33760248,23881,0,0,0,0,0,0,0,0,0,0,0,0,625583,1,584167,1,0,0
279,34048208,23957,0,0,0,0,0,0,0,0,0,0,0,0,649125,1,614208,1,0,0
280,34342456,23817,0,0,0,0,0,0,0,0,0,0,0,0,611125,1,570708,1,0,0
281,34864084,23881,0,0,0,0,0,0,0,0,0,0,0,0,670167,1,627541,1,0,0
282,34485248,23817,0,0,0,0,0,0,0,0,0,0,0,0,618333,1,575958,1,0,0
283,35474584,23817,0,0,0,0,0,0,0,0,0,0,0,0,651208,1,617542,1,0,0
284,39305332,23969,0,0,0,0,0,0,0,0,0,0,0,0,628666,1,589292,1,0,0
285,40493500,23869,0,0,0,0,0,0,0,0,0,0,0,0,1176709,1,1133833,1,0,0
286,38550416,23817,0,0,0,0,0,0,0,0,0,0,0,0,1036792,1,925625,1,0,0
287,40895624,23881,0,0,0,0,0,0,0,0,0,0,0,0,1075833,1,975208,1,0,0
288,47790832,24469,0,0,0,0,0,0,0,0,0,0,0,0,774292,1,704500,1,0,0
289,67120664,24033,0,0,0,0,0,0,0,0,0,0,0,0,1002791,1,924875,1,0,0
290,72117920,23933,0,0,0,0,0,0,0,0,0,0,0,0,1132000,1,1035125,1,0,0
291,75730624,23905,0,0,0,0,0,0,0,0,0,0,0,0,1060958,1,975417,1,0,0
292,68396920,23881,0,0,0,0,0,0,0,0,0,0,0,0,1115250,1,1019541,1,0,0
293,65525292,23869,0,0,0,0,0,0,0,0,0,0,0,0,1136458,1,1032500,1,0,0
294,64356416,23969,0,0,0,0,0,0,0,0,0,0,0,0,1110917,1,1035417,1,0,0
295,54306168,23817,0,0,0,0,0,0,0,0,0,0,0,0,837583,1,788333,1,0,0
296,48209668,24445,0,0,0,0,0,0,0,0,0,0,0,0,768709,1,719000,1,0,0
297,52340376,24173,0,0,0,0,0,0,0,0,0,0,0,0,1331208,1,1283916,1,0,0
298,48653708,23881,0,0,0,0,0,0,0,0,0,0,0,0,742625,1,693959,1,0,0
299,47150168,23817,0,0,0,0,0,0,0,0,0,0,0,0,753834,1,707667,1,0,0
300,51707208,23817,0,0,0,0,0,0,0,0,0,0,0,0,840416,1,779583,1,0,0
301,54487708,23969,0,0,0,0,0,0,0,0,0,0,0,0,906000,1,844500,1,0,0
302,56448544,23869,0,0,0,0,0,0,0,0,0,0,0,0,908875,1,851958,1,0,0
303,55751376,23881,0,0,0,0,0,0,0,0,0,0,0,0,861291,1,810667,1,0,0
304,55072960,23905,0,0,0,0,0,0,0,0,0,0,0,0,878208,1,816833,1,0,0
305,61529752,24445,0,0,0,0,0,0,0,0,0,0,0,0,934084,1,881833,1,0,0
306,71750128,23557,0,0,0,0,0,0,0,0,0,0,0,0,1372750,1,1293959,1,0,0
307,65691544,26891,0,0,0,0,0,0,0,0,0,0,0,0,821709,1,757333,1,0,0
308,49808124,25967,0,0,0,0,0,0,0,0,0,0,0,0,822500,1,777250,1,0,0
309,44521292,23353,0,0,0,0,0,0,0,0,0,0,0,0,844250,1,789375,1,0,0
310,42293752,23429,0,0,0,0,0,0,0,0,0,0,0,0,694250,1,649583,1,0,0
311,38323792,23289,0,0,0,0,0,0,0,0,0,0,0,0,611625,1,578791,1,0,0
312,34814292,23353,0,0,0,0,0,0,0,0,0,0,0,0,613250,1,580375,1,0,0
313,33624708,23289,0,0,0,0,0,0,0,0,0,0,0,0,598583,1,560792,1,0,0
314,33890292,23289,0,0,0,0,0,0,0,0,0,0,0,0,555167,1,522250,1,0,0
315,33546958,23441,0,0,0,0,0,0,0,0,0,0,0,0,570833,1,541166,1,0,0
316,33939248,23341,0,0,0,0,0,0,0,0,0,0,0,0,565667,1,529667,1,0,0
317,36575124,23853,0,0,0,0,0,0,0,0,0,0,0,0,671541,1,641125,1,0,0
318,33479584,23569,0,0,0,0,0,0,0,0,0,0,0,0,595584,1,564792,1,0,0
319,33409332,23289,0,0,0,0,0,0,0,0,0,0,0,0,581333,1,548375,1,0,0
320,33974624,23797,0,0,0,0,0,0,0,0,0,0,0,0,718708,1,681125,1,0,0
321,33635916,23773,0,0,0,0,0,0,0,0,0,0,0,0,593166,1,561500,1,0,0
322,32724584,23761,0,0,0,0,0,0,0,0,0,0,0,0,637500,1,598917,1,0,0
323,30461832,23709,0,0,0,0,0,0,0,0,0,0,0,0,545375,1,517292,1,0,0
324,30254124,23709,0,0,0,0,0,0,0,0,0,0,0,0,605417,1,568584,1,0,0
325,34285752,27311,0,0,0,0,0,0,0,0,0,0,0,0,575583,1,543292,1,0,0
326,30208416,26387,0,0,0,0,0,0,0,0,0,0,0,0,664166,1,627416,1,0,0
327,32101916,23709,0,0,0,0,0,0,0,0,0,0,0,0,584666,1,555041,1,0,0
328,32665084,23709,0,0,0,0,0,0,0,0,0,0,0,0,641209,1,597792,1,0,0
329,33001250,23825,0,0,0,0,0,0,0,0,0,0,0,0,572208,1,542167,1,0,0
330,34024292,23797,0,0,0,0,0,0,0,0,0,0,0,0,666958,1,624792,1,0,0
331,33325540,23709,0,0,0,0,0,0,0,0,0,0,0,0,616833,1,578667,1,0,0
332,33676336,24337,0,0,0,0,0,0,0,0,0,0,0,0,599375,1,560500,1,0,0
333,37446084,23925,0,0,0,0,0,0,0,0,0,0,0,0,718500,1,676958,1,0,0
334,33395040,23709,0,0,0,0,0,0,0,0,0,0,0,0,614541,1,571875,1,0,0
335,34537584,23913,0,0,0,0,0,0,0,0,0,0,0,0,791500,1,754917,1,0,0
336,33426376,23709,0,0,0,0,0,0,0,0,0,0,0,0,623792,1,586959,1,0,0
337,36494584,23709,0,0,0,0,0,0,0,0,0,0,0,0,626792,1,594292,1,0,0
338,35626832,23773,0,0,0,0,0,0,0,0,0,0,0,0,616667,1,577667,1,0,0
339,38233124,23709,0,0,0,0,0,0,0,0,0,0,0,0,606875,1,569208,1,0,0
340,38956376,23797,0,0,0,0,0,0,0,0,0,0,0,0,1050458,1,991708,1,0,0
341,35346792,23825,0,0,0,0,0,0,0,0,0,0,0,0,611875,1,577166,1,0,0
342,36259292,23709,0,0,0,0,0,0,0,0,0,0,0,0,617541,1,575833,1,0,0
343,41580456,23709,0,0,0,0,0,0,0,0,0,0,0,0,678042,1,640959,1,0,0
344,47541416,23861,0,0,0,0,0,0,0,0,0,0,0,0,785542,1,724417,1,0,0
345,61440544,24273,0,0,0,0,0,0,0,0,0,0,0,0,1128416,1,1076291,1,0,0
346,76075584,24041,0,0,0,0,0,0,0,0,0,0,0,0,1139042,1,1058083,1,0,0
347,74092128,23797,0,0,0,0,0,0,0,0,0,0,0,0,976959,1,917750,1,0,0
348,68251832,23773,0,0,0,0,0,0,0,0,0,0,0,0,1377875,1,1301083,1,0,0
349,67806496,23761,0,0,0,0,0,0,0,0,0,0,0,0,1101333,1,1031458,1,0,0
350,64506292,23861,0,0,0,0,0,0,0,0,0,0,0,0,1290292,1,1210833,1,0,0
351,52684460,23709,0,0,0,0,0,0,0,0,0,0,0,0,877834,1,832125,1,0,0
352,45646876,23773,0,0,0,0,0,0,0,0,0,0,0,0,1022416,1,967125,1,0,0
353,46089960,24413,0,0,0,0,0,0,0,0,0,0,0,0,753250,1,714708,1,0,0
354,47937752,23505,0,0,0,0,0,0,0,0,0,0,0,0,801000,1,748500,1,0,0
355,43592000,23353,0,0,0,0,0,0,0,0,0,0,0,0,628375,1,595416,1,0,0
356,46471544,23289,0,0,0,0,0,0,0,0,0,0,0,0,724042,1,672833,1,0,0
357,52518124,26827,0,0,0,0,0,0,0,0,0,0,0,0,673792,1,635000,1,0,0
358,45429876,26083,0,0,0,0,0,0,0,0,0,0,0,0,879417,1,825875,1,0,0
359,45685376,23289,0,0,0,0,0,0,0,0,0,0,0,0,695542,1,650667,1,0,0
360,46083792,23289,0,0,0,0,0,0,0,0,0,0,0,0,919209,1,872166,1,0,0
361,51804584,23441,0,0,0,0,0,0,0,0,0,0,0,0,719042,1,681250,1,0,0
362,51834416,23289,0,0,0,0,0,0,0,0,0,0,0,0,822542,1,765125,1,0,0
363,52909460,23969,0,0,0,0,0,0,0,0,0,0,0,0,763375,1,720792,1,0,0
364,58597916,23593,0,0,0,0,0,0,0,0,0,0,0,0,1467500,1,1399000,1,0,0
365,53975832,23353,0,0,0,0,0,0,0,0,0,0,0,0,870208,1,801416,1,0,0
366,49680000,23289,0,0,0,0,0,0,0,0,0,0,0,0,798667,1,753500,1,0,0
367,45140084,23493,0,0,0,0,0,0,0,0,0,0,0,0,813917,1,768792,1,0,0
368,43499916,23817,0,0,0,0,0,0,0,0,0,0,0,0,911042,1,856584,1,0,0
369,41368292,23817,0,0,0,0,0,0,0,0,0,0,0,0,727875,1,685333,1,0,0
370,38423584,23881,0,0,0,0,0,0,0,0,0,0,0,0,710875,1,656167,1,0,0
371,41375168,27355,0,0,0,0,0,0,0,0,0,0,0,0,671875,1,634583,1,0,0
372,34332624,26547,0,0,0,0,0,0,0,0,0,0,0,0,644917,1,600417,1,0,0
373,34058916,23881,0,0,0,0,0,0,0,0,0,0,0,0,634500,1,599167,1,0,0
374,34285664,23817,0,0,0,0,0,0,0,0,0,0,0,0,757208,1,712917,1,0,0
375,34036832,24381,0,0,0,0,0,0,0,0,0,0,0,0,604209,1,570666,1,0,0
376,38302916,24185,0,0,0,0,0,0,0,0,0,0,0,0,710875,1,669916,1,0,0
377,33516750,23817,0,0,0,0,0,0,0,0,0,0,0,0,667208,1,631334,1,0,0
378,33521458,23869,0,0,0,0,0,0,0,0,0,0,0,0,621000,1,579291,1,0,0
379,33613168,23881,0,0,0,0,0,0,0,0,0,0,0,0,646917,1,612167,1,0,0
380,33728668,23817,0,0,0,0,0,0,0,0,0,0,0,0,644834,1,590833,1,0,0
381,33235458,23905,0,0,0,0,0,0,0,0,0,0,0,0,602458,1,568916,1,0,0
382,33513416,23881,0,0,0,0,0,0,0,0,0,0,0,0,622375,1,566708,1,0,0
383,33679584,23817,0,0,0,0,0,0,0,0,0,0,0,0,619042,1,568625,1,0,0
384,33444208,23869,0,0,0,0,0,0,0,0,0,0,0,0,637833,1,574125,1,0,0
385,33764248,23881,0,0,0,0,0,0,0,0,0,0,0,0,655417,1,607125,1,0,0
386,33632208,23905,0,0,0,0,0,0,0,0,0,0,0,0,631042,1,577000,1,0,0
387,33638124,23817,0,0,0,0,0,0,0,0,0,0,0,0,628667,1,577417,1,0,0
388,33671416,23881,0,0,0,0,0,0,0,0,0,0,0,0,650834,1,590708,1,0,0
389,34851624,23817,0,0,0,0,0,0,0,0,0,0,0,0,656375,1,606792,1,0,0
390,41094960,24433,0,0,0,0,0,0,0,0,0,0,0,0,738667,1,699875,1,0,0
391,35801376,24185,0,0,0,0,0,0,0,0,0,0,0,0,697625,1,662959,1,0,0
392,36368124,23817,0,0,0,0,0,0,0,0,0,0,0,0,694500,1,650791,1,0,0
393,36690456,23817,0,0,0,0,0,0,0,0,0,0,0,0,945625,1,908416,1,0,0
394,35961248,23881,0,0,0,0,0,0,0,0,0,0,0,0,640375,1,597875,1,0,0
395,37047332,23817,0,0,0,0,0,0,0,0,0,0,0,0,607375,1,571875,1,0,0
396,40277000,23957,0,0,0,0,0,0,0,0,0,0,0,0,677166,1,629209,1,0,0
397,47819832,23881,0,0,0,0,0,0,0,0,0,0,0,0,771417,1,724500,1,0,0
398,62560624,23817,0,0,0,0,0,0,0,0,0,0,0,0,1153958,1,1070000,1,0,0
399,71002872,23969,0,0,0,0,0,0,0,0,0,0,0,0,1079083,1,1013250,1,0,0
400,79142416,24433,0,0,0,0,0,0,0,0,0,0,0,0,1115375,1,1036417,1,0,0
401,83913168,24185,0,0,0,0,0,0,0,0,0,0,0,0,1198791,1,1135667,1,0,0
402,67801288,23289,0,0,0,0,0,0,0,0,0,0,0,0,1166334,1,1105292,1,0,0
403,68966584,23405,0,0,0,0,0,0,0,0,0,0,0,0,1106584,1,1036792,1,0,0
404,79936544,26827,0,0,0,0,0,0,0,0,0,0,0,0,965167,1,908333,1,0,0
405,68249456,26031,0,0,0,0,0,0,0,0,0,0,0,0,1329125,1,1192708,1,0,0
406,54444584,23341,0,0,0,0,0,0,0,0,0,0,0,0,811791,1,767125,1,0,0
407,56108124,23441,0,0,0,0,0,0,0,0,0,0,0,0,820792,1,778000,1,0,0
408,59497124,23853,0,0,0,0,0,0,0,0,0,0,0,0,955417,1,898625,1,0,0
409,56479292,23569,0,0,0,0,0,0,0,0,0,0,0,0,840583,1,792125,1,0,0
410,63599416,23429,0,0,0,0,0,0,0,0,0,0,0,0,840417,1,796667,1,0,0
411,59437916,23353,0,0,0,0,0,0,0,0,0,0,0,0,1005750,1,939833,1,0,0
412,55941000,23289,0,0,0,0,0,0,0,0,0,0,0,0,887958,1,843208,1,0,0
413,60916876,23441,0,0,0,0,0,0,0,0,0,0,0,0,842166,1,798708,1,0,0
414,55874668,23341,0,0,0,0,0,0,0,0,0,0,0,0,848333,1,748250,1,0,0
415,56305544,23353,0,0,0,0,0,0,0,0,0,0,0,0,777334,1,735417,1,0,0
416,52518500,24361,0,0,0,0,0,0,0,0,0,0,0,0,1191917,1,1132875,1,0,0
417,56906624,23989,0,0,0,0,0,0,0,0,0,0,0,0,965375,1,915333,1,0,0
418,43667540,23761,0,0,0,0,0,0,0,0,0,0,0,0,757542,1,707084,1,0,0
419,46456376,27311,0,0,0,0,0,0,0,0,0,0,0,0,717000,1,676084,1,0,0
420,38203040,26387,0,0,0,0,0,0,0,0,0,0,0,0,698500,1,651958,1,0,0
421,35584168,23709,0,0,0,0,0,0,0,0,0,0,0,0,660667,1,624917,1,0,0
422,33875084,23773,0,0,0,0,0,0,0,0,0,0,0,0,657875,1,615833,1,0,0
423,35275752,23797,0,0,0,0,0,0,0,0,0,0,0,0,658458,1,614417,1,0,0
424,37125832,23761,0,0,0,0,0,0,0,0,0,0,0,0,629333,1,588750,1,0,0
425,39626960,23773,0,0,0,0,0,0,0,0,0,0,0,0,601584,1,566125,1,0,0
426,39456460,23709,0,0,0,0,0,0,0,0,0,0,0,0,726250,1,682291,1,0,0
427,41102000,23797,0,0,0,0,0,0,0,0,0,0,0,0,749292,1,707167,1,0,0
428,42533248,24337,0,0,0,0,0,0,0,0,0,0,0,0,668542,1,621875,1,0,0
429,50168960,23925,0,0,0,0,0,0,0,0,0,0,0,0,837417,1,792625,1,0,0
430,50169332,23761,0,0,0,0,0,0,0,0,0,0,0,0,926750,1,858084,1,0,0
431,53425540,23861,0,0,0,0,0,0,0,0,0,0,0,0,868667,1,804500,1,0,0
432,52876540,23709,0,0,0,0,0,0,0,0,0,0,0,0,853292,1,792750,1,0,0
433,55542460,23773,0,0,0,0,0,0,0,0,0,0,0,0,1011291,1,955375,1,0,0
434,63538832,23849,0,0,0,0,0,0,0,0,0,0,0,0,1074667,1,1002458,1,0,0
435,61013292,23773,0,0,0,0,0,0,0,0,0,0,0,0,1161625,1,1107333,1,0,0
436,62141832,23709,0,0,0,0,0,0,0,0,0,0,0,0,1062792,1,988625,1,0,0
437,57115584,24425,0,0,0,0,0,0,0,0,0,0,0,0,1005250,1,952458,1,0,0
438,67854288,23977,0,0,0,0,0,0,0,0,0,0,0,0,1300666,1,1234166,1,0,0
439,54558500,23773,0,0,0,0,0,0,0,0,0,0,0,0,1060250,1,1003875,1,0,0
440,55813752,23797,0,0,0,0,0,0,0,0,0,0,0,0,981500,1,913375,1,0,0
441,55636248,23773,0,0,0,0,0,0,0,0,0,0,0,0,885084,1,834292,1,0,0
442,55250124,23761,0,0,0,0,0,0,0,0,0,0,0,0,1344166,1,1276375,1,0,0
443,55490500,23861,0,0,0,0,0,0,0,0,0,0,0,0,893500,1,844833,1,0,0
444,55071708,23709,0,0,0,0,0,0,0,0,0,0,0,0,858167,1,796167,1,0,0
445,55234292,23773,0,0,0,0,0,0,0,0,0,0,0,0,1263542,1,1198875,1,0,0
446,54906584,24413,0,0,0,0,0,0,0,0,0,0,0,0,1098334,1,1034625,1,0,0
447,60911584,23989,0,0,0,0,0,0,0,0,0,0,0,0,1328250,1,1276750,1,0,0
448,54234624,23709,0,0,0,0,0,0,0,0,0,0,0,0,883042,1,821792,1,0,0
449,53215332,23861,0,0,0,0,0,0,0,0,0,0,0,0,997208,1,947833,1,0,0
450,45811000,23341,0,0,0,0,0,0,0,0,0,0,0,0,727250,1,691541,1,0,0
451,43949876,23289,0,0,0,0,0,0,0,0,0,0,0,0,700375,1,647250,1,0,0
452,42815376,23353,0,0,0,0,0,0,0,0,0,0,0,0,819833,1,774542,1,0,0
453,43023292,26827,0,0,0,0,0,0,0,0,0,0,0,0,633542,1,600334,1,0,0
454,37268624,25967,0,0,0,0,0,0,0,0,0,0,0,0,659125,1,616041,1,0,0
455,37623040,23405,0,0,0,0,0,0,0,0,0,0,0,0,660458,1,627917,1,0,0
456,34168332,23289,0,0,0,0,0,0,0,0,0,0,0,0,558334,1,526417,1,0,0
457,33787540,23941,0,0,0,0,0,0,0,0,0,0,0,0,592000,1,558834,1,0,0
458,38582752,23569,0,0,0,0,0,0,0,0,0,0,0,0,601708,1,559417,1,0,0
459,33510750,23289,0,0,0,0,0,0,0,0,0,0,0,0,562666,1,532042,1,0,0
460,33375208,23289,0,0,0,0,0,0,0,0,0,0,0,0,580708,1,542834,1,0,0
461,33243916,23405,0,0,0,0,0,0,0,0,0,0,0,0,690708,1,655458,1,0,0
462,33069750,23377,0,0,0,0,0,0,0,0,0,0,0,0,576958,1,546375,1,0,0
463,33342916,23289,0,0,0,0,0,0,0,0,0,0,0,0,602125,1,562083,1,0,0
464,33537584,23817,0,0,0,0,0,0,0,0,0,0,0,0,795584,1,753125,1,0,0
465,34018124,23881,0,0,0,0,0,0,0,0,0,0,0,0,727500,1,693917,1,0,0
466,33609456,23817,0,0,0,0,0,0,0,0,0,0,0,0,743959,1,702708,1,0,0
467,38138000,27407,0,0,0,0,0,0,0,0,0,0,0,0,694000,1,661416,1,0,0
468,34984336,26559,0,0,0,0,0,0,0,0,0,0,0,0,744500,1,701542,1,0,0
469,33244250,23817,0,0,0,0,0,0,0,0,0,0,0,0,602750,1,569042,1,0,0
470,33788124,23817,0,0,0,0,0,0,0,0,0,0,0,0,609041,1,568209,1,0,0
471,36174084,23881,0,0,0,0,0,0,0,0,0,0,0,0,697208,1,659917,1,0,0
472,40564292,24469,0,0,0,0,0,0,0,0,0,0,0,0,723875,1,675958,1,0,0
473,35696332,24085,0,0,0,0,0,0,0,0,0,0,0,0,666584,1,628875,1,0,0
474,37302332,23881,0,0,0,0,0,0,0,0,0,0,0,0,660333,1,617667,1,0,0
475,37520376,23817,0,0,0,0,0,0,0,0,0,0,0,0,1015333,1,963291,1,0,0
476,35297168,23905,0,0,0,0,0,0,0,0,0,0,0,0,634542,1,591000,1,0,0
477,39084376,23881,0,0,0,0,0,0,0,0,0,0,0,0,605541,1,572084,1,0,0
478,44747500,23817,0,0,0,0,0,0,0,0,0,0,0,0,884375,1,811750,1,0,0
479,54344168,23869,0,0,0,0,0,0,0,0,0,0,0,0,745375,1,686958,1,0,0
480,66976876,23969,0,0,0,0,0,0,0,0,0,0,0,0,1146250,1,1041084,1,0,0
481,67231544,23817,0,0,0,0,0,0,0,0,0,0,0,0,1286416,1,1173500,1,0,0
482,66692292,24445,0,0,0,0,0,0,0,0,0,0,0,0,1228083,1,1129416,1,0,0
483,73552832,24173,0,0,0,0,0,0,0,0,0,0,0,0,1128708,1,1030000,1,0,0
484,68525624,23881,0,0,0,0,0,0,0,0,0,0,0,0,1128208,1,1033375,1,0,0
485,65762916,23817,0,0,0,0,0,0,0,0,0,0,0,0,1145125,1,1051541,1,0,0
486,55763168,24021,0,0,0,0,0,0,0,0,0,0,0,0,955792,1,894708,1,0,0
487,49004960,23817,0,0,0,0,0,0,0,0,0,0,0,0,907958,1,844959,1,0,0
488,46441040,23881,0,0,0,0,0,0,0,0,0,0,0,0,845833,1,791791,1,0,0
489,46388752,23817,0,0,0,0,0,0,0,0,0,0,0,0,763542,1,719542,1,0,0
490,44828832,23905,0,0,0,0,0,0,0,0,0,0,0,0,951750,1,888959,1,0,0
491,45616916,24497,0,0,0,0,0,0,0,0,0,0,0,0,872583,1,821083,1,0,0
492,52235792,24033,0,0,0,0,0,0,0,0,0,0,0,0,1090458,1,1018042,1,0,0
493,46093916,23817,0,0,0,0,0,0,0,0,0,0,0,0,746292,1,695375,1,0,0
494,46097456,23969,0,0,0,0,0,0,0,0,0,0,0,0,809375,1,757334,1,0,0
495,46635460,23817,0,0,0,0,0,0,0,0,0,0,0,0,831459,1,783041,1,0,0
496,44375832,23869,0,0,0,0,0,0,0,0,0,0,0,0,795458,1,742958,1,0,0
497,44958500,23881,0,0,0,0,0,0,0,0,0,0,0,0,759125,1,715500,1,0,0
498,43368792,23377,0,0,0,0,0,0,0,0,0,0,0,0,750833,1,707541,1,0,0
499,42945040,23289,0,0,0,0,0,0,0,0,0,0,0,0,692542,1,653084,1,0,0
500,39814376,23353,0,0,0,0,0,0,0,0,0,0,0,0,633208,1,594209,1,0,0
501,38233752,23341,0,0,0,0,0,0,0,0,0,0,0,0,634750,1,602875,1,0,0
502,41388456,27391,0,0,0,0,0,0,0,0,0,0,0,0,594750,1,562500,1,0,0
503,39926292,26247,0,0,0,0,0,0,0,0,0,0,0,0,573834,1,531208,1,0,0
504,33109332,23289,0,0,0,0,0,0,0,0,0,0,0,0,567167,1,538208,1,0,0
505,33501416,23289,0,0,0,0,0,0,0,0,0,0,0,0,571875,1,543292,1,0,0
506,33243000,23353,0,0,0,0,0,0,0,0,0,0,0,0,549250,1,513459,1,0,0
507,33424792,23429,0,0,0,0,0,0,0,0,0,0,0,0,565875,1,537708,1,0,0
508,33187668,23289,0,0,0,0,0,0,0,0,0,0,0,0,555833,1,527542,1,0,0
509,33595500,23289,0,0,0,0,0,0,0,0,0,0,0,0,576709,1,537750,1,0,0
510,33580124,23353,0,0,0,0,0,0,0,0,0,0,0,0,548417,1,518375,1,0,0
511,33484000,23289,0,0,0,0,0,0,0,0,0,0,0,0,553542,1,523958,1,0,0
512,33610752,23797,0,0,0,0,0,0,0,0,0,0,0,0,705416,1,667500,1,0,0
513,35027960,23825,0,0,0,0,0,0,0,0,0,0,0,0,630459,1,599208,1,0,0
514,34710916,23709,0,0,0,0,0,0,0,0,0,0,0,0,627250,1,588458,1,0,0
515,37802708,23709,0,0,0,0,0,0,0,0,0,0,0,0,1008708,1,972167,1,0,0
516,36039876,23773,0,0,0,0,0,0,0,0,0,0,0,0,767834,1,690542,1,0,0
517,40782708,27811,0,0,0,0,0,0,0,0,0,0,0,0,657625,1,612791,1,0,0
518,42446456,26603,0,0,0,0,0,0,0,0,0,0,0,0,633542,1,589625,1,0,0
519,36595292,23825,0,0,0,0,0,0,0,0,0,0,0,0,713083,1,679250,1,0,0
520,40680416,23709,0,0,0,0,0,0,0,0,0,0,0,0,626916,1,583916,1,0,0
521,49632544,23797,0,0,0,0,0,0,0,0,0,0,0,0,843833,1,799375,1,0,0
522,60391792,23773,0,0,0,0,0,0,0,0,0,0,0,0,884125,1,818750,1,0,0
523,67426544,23709,0,0,0,0,0,0,0,0,0,0,0,0,1097667,1,1033542,1,0,0
524,69758208,23913,0,0,0,0,0,0,0,0,0,0,0,0,1108875,1,1037709,1,0,0
525,67018500,23709,0,0,0,0,0,0,0,0,0,0,0,0,1040125,1,971333,1,0,0
526,67661248,24337,0,0,0,0,0,0,0,0,0,0,0,0,1071666,1,994208,1,0,0
527,72791712,24065,0,0,0,0,0,0,0,0,0,0,0,0,1243666,1,1160208,1,0,0
528,56229332,23773,0,0,0,0,0,0,0,0,0,0,0,0,932375,1,848500,1,0,0
529,56085000,23709,0,0,0,0,0,0,0,0,0,0,0,0,980125,1,926416,1,0,0
530,51884292,23861,0,0,0,0,0,0,0,0,0,0,0,0,831750,1,771875,1,0,0
531,62312960,23761,0,0,0,0,0,0,0,0,0,0,0,0,1253917,1,1202334,1,0,0
532,70090128,23773,0,0,0,0,0,0,0,0,0,0,0,0,1162958,1,1082750,1,0,0
533,69744248,23797,0,0,0,0,0,0,0,0,0,0,0,0,1151000,1,1088584,1,0,0
534,70070960,24389,0,0,0,0,0,0,0,0,0,0,0,0,1100125,1,1016000,1,0,0
535,77009248,23925,0,0,0,0,0,0,0,0,0,0,0,0,1186250,1,1117583,1,0,0
536,69683128,23861,0,0,0,0,0,0,0,0,0,0,0,0,1264833,1,1188417,1,0,0
537,68090832,23761,0,0,0,0,0,0,0,0,0,0,0,0,1131125,1,1060875,1,0,0
538,56102168,23773,0,0,0,0,0,0,0,0,0,0,0,0,1027208,1,934250,1,0,0
539,55734292,23797,0,0,0,0,0,0,0,0,0,0,0,0,944625,1,892750,1,0,0
540,51675752,23773,0,0,0,0,0,0,0,0,0,0,0,0,1291125,1,1225125,1,0,0
541,44250792,23761,0,0,0,0,0,0,0,0,0,0,0,0,776000,1,724542,1,0,0
542,42817168,24361,0,0,0,0,0,0,0,0,0,0,0,0,773958,1,721875,1,0,0
543,43761124,23989,0,0,0,0,0,0,0,0,0,0,0,0,796167,1,742292,1,0,0
544,38435332,23709,0,0,0,0,0,0,0,0,0,0,0,0,683834,1,639000,1,0,0
545,36167168,23709,0,0,0,0,0,0,0,0,0,0,0,0,678458,1,644166,1,0,0
546,34046040,23493,0,0,0,0,0,0,0,0,0,0,0,0,626167,1,588708,1,0,0
547,34021084,23289,0,0,0,0,0,0,0,0,0,0,0,0,558125,1,520958,1,0,0
548,33710708,23289,0,0,0,0,0,0,0,0,0,0,0,0,591708,1,563291,1,0,0
549,33314624,23353,0,0,0,0,0,0,0,0,0,0,0,0,586583,1,545084,1,0,0
550,33710708,23289,0,0,0,0,0,0,0,0,0,0,0,0,582666,1,553084,1,0,0
551,37863584,26827,0,0,0,0,0,0,0,0,0,0,0,0,583958,1,555584,1,0,0
552,34297208,26083,0,0,0,0,0,0,0,0,0,0,0,0,635542,1,596542,1,0,0
553,33276958,23289,0,0,0,0,0,0,0,0,0,0,0,0,596250,1,567958,1,0,0
554,33893664,23289,0,0,0,0,0,0,0,0,0,0,0,0,565125,1,537250,1,0,0
555,34155832,23353,0,0,0,0,0,0,0,0,0,0,0,0,607709,1,561125,1,0,0
556,34169332,23377,0,0,0,0,0,0,0,0,0,0,0,0,578417,1,549708,1,0,0
557,38442456,23853,0,0,0,0,0,0,0,0,0,0,0,0,681000,1,644875,1,0,0
558,35997668,23621,0,0,0,0,0,0,0,0,0,0,0,0,579291,1,545417,1,0,0
559,36917460,23289,0,0,0,0,0,0,0,0,0,0,0,0,594291,1,563458,1,0,0
560,37578500,23817,0,0,0,0,0,0,0,0,0,0,0,0,1211750,1,1162125,1,0,0
561,42119544,27419,0,0,0,0,0,0,0,0,0,0,0,0,738542,1,702958,1,0,0
562,35567208,26495,0,0,0,0,0,0,0,0,0,0,0,0,734625,1,687000,1,0,0
563,35617584,23817,0,0,0,0,0,0,0,0,0,0,0,0,639500,1,606084,1,0,0
564,41589248,23933,0,0,0,0,0,0,0,0,0,0,0,0,657958,1,615750,1,0,0
565,48420376,23905,0,0,0,0,0,0,0,0,0,0,0,0,760208,1,715125,1,0,0
566,62369500,23817,0,0,0,0,0,0,0,0,0,0,0,0,888416,1,821750,1,0,0
567,67153040,23881,0,0,0,0,0,0,0,0,0,0,0,0,1163625,1,1091334,1,0,0
568,67703128,24521,0,0,0,0,0,0,0,0,0,0,0,0,1103333,1,1029458,1,0,0
569,75188080,24097,0,0,0,0,0,0,0,0,0,0,0,0,1237708,1,1172708,1,0,0
570,67696000,23817,0,0,0,0,0,0,0,0,0,0,0,0,1087417,1,1014833,1,0,0
571,69254376,24021,0,0,0,0,0,0,0,0,0,0,0,0,1082667,1,1020000,1,0,0
572,69639664,23817,0,0,0,0,0,0,0,0,0,0,0,0,1187625,1,1100542,1,0,0
573,63830584,23881,0,0,0,0,0,0,0,0,0,0,0,0,1104625,1,1040125,1,0,0
574,60078248,23957,0,0,0,0,0,0,0,0,0,0,0,0,906833,1,820709,1,0,0
575,58325832,24445,0,0,0,0,0,0,0,0,0,0,0,0,1308125,1,1226375,1,0,0
576,67276832,24033,0,0,0,0,0,0,0,0,0,0,0,0,1720875,1,1563500,1,0,0
577,55022292,23969,0,0,0,0,0,0,0,0,0,0,0,0,995334,1,924666,1,0,0
578,55698040,23869,0,0,0,0,0,0,0,0,0,0,0,0,982959,1,897042,1,0,0
579,57925584,23881,0,0,0,0,0,0,0,0,0,0,0,0,924542,1,850625,1,0,0
580,58800416,23905,0,0,0,0,0,0,0,0,0,0,0,0,921083,1,831209,1,0,0
581,55302500,23881,0,0,0,0,0,0,0,0,0,0,0,0,894458,1,823250,1,0,0
582,54153708,23869,0,0,0,0,0,0,0,0,0,0,0,0,890167,1,830042,1,0,0
583,52596752,23969,0,0,0,0,0,0,0,0,0,0,0,0,885542,1,834541,1,0,0
584,48474708,24381,0,0,0,0,0,0,0,0,0,0,0,0,914208,1,852958,1,0,0
585,48814208,24097,0,0,0,0,0,0,0,0,0,0,0,0,806167,1,756000,1,0,0
586,39742124,23869,0,0,0,0,0,0,0,0,0,0,0,0,722500,1,671583,1,0,0
587,38410292,23905,0,0,0,0,0,0,0,0,0,0,0,0,684667,1,644041,1,0,0
588,38807624,23881,0,0,0,0,0,0,0,0,0,0,0,0,690167,1,645875,1,0,0
589,37044208,23817,0,0,0,0,0,0,0,0,0,0,0,0,714083,1,673500,1,0,0
590,36209416,23817,0,0,0,0,0,0,0,0,0,0,0,0,708833,1,660000,1,0,0
591,36190460,23969,0,0,0,0,0,0,0,0,0,0,0,0,667709,1,628375,1,0,0
592,37364584,23869,0,0,0,0,0,0,0,0,0,0,0,0,924625,1,863625,1,0,0
593,40336084,23817,0,0,0,0,0,0,0,0,0,0,0,0,644333,1,604584,1,0,0
594,39684544,23353,0,0,0,0,0,0,0,0,0,0,0,0,694375,1,657625,1,0,0
595,50139416,26827,0,0,0,0,0,0,0,0,0,0,0,0,614042,1,570958,1,0,0
596,47226084,26531,0,0,0,0,0,0,0,0,0,0,0,0,799166,1,758250,1,0,0
597,62107040,23621,0,0,0,0,0,0,0,0,0,0,0,0,1151875,1,1106084,1,0,0
598,64786376,23377,0,0,0,0,0,0,0,0,0,0,0,0,977542,1,902833,1,0,0
599,68028584,23353,0,0,0,0,0,0,0,0,0,0,0,0,1236292,1,1174083,1,0,0
600,67512584,23289,0,0,0,0,0,0,0,0,0,0,0,0,1061208,1,1002708,1,0,0
601,67572584,23493,0,0,0,0,0,0,0,0,0,0,0,0,1032542,1,964166,1,0,0
602,57544208,23289,0,0,0,0,0,0,0,0,0,0,0,0,1158333,1,1050208,1,0,0
603,55888708,23353,0,0,0,0,0,0,0,0,0,0,0,0,867958,1,824708,1,0,0
604,55562040,23941,0,0,0,0,0,0,0,0,0,0,0,0,1041083,1,976000,1,0,0
605,60925332,23621,0,0,0,0,0,0,0,0,0,0,0,0,863500,1,818750,1,0,0
606,51028292,23289,0,0,0,0,0,0,0,0,0,0,0,0,1165500,1,1103792,1,0,0
607,47484916,23441,0,0,0,0,0,0,0,0,0,0,0,0,1051083,1,990292,1,0,0
608,50729916,23709,0,0,0,0,0,0,0,0,0,0,0,0,928250,1,875625,1,0,0
609,54775460,23761,0,0,0,0,0,0,0,0,0,0,0,0,1392416,1,1336250,1,0,0
610,62522792,27311,0,0,0,0,0,0,0,0,0,0,0,0,873250,1,803125,1,0,0
611,53296040,26387,0,0,0,0,0,0,0,0,0,0,0,0,1227375,1,1152125,1,0,0
612,54403876,23773,0,0,0,0,0,0,0,0,0,0,0,0,908041,1,844917,1,0,0
613,56104916,23849,0,0,0,0,0,0,0,0,0,0,0,0,1096833,1,1039375,1,0,0
614,62470208,24337,0,0,0,0,0,0,0,0,0,0,0,0,996334,1,925584,1,0,0
615,54449084,23925,0,0,0,0,0,0,0,0,0,0,0,0,902000,1,851750,1,0,0
616,53412040,23861,0,0,0,0,0,0,0,0,0,0,0,0,913209,1,848250,1,0,0
617,50193084,23761,0,0,0,0,0,0,0,0,0,0,0,0,946041,1,896125,1,0,0
618,44064376,23773,0,0,0,0,0,0,0,0,0,0,0,0,755792,1,702583,1,0,0
619,40520752,23709,0,0,0,0,0,0,0,0,0,0,0,0,757583,1,714250,1,0,0
620,38554916,23797,0,0,0,0,0,0,0,0,0,0,0,0,654666,1,610250,1,0,0
621,34791624,23773,0,0,0,0,0,0,0,0,0,0,0,0,667000,1,621916,1,0,0
622,34553376,23761,0,0,0,0,0,0,0,0,0,0,0,0,611334,1,570458,1,0,0
623,33787708,23709,0,0,0,0,0,0,0,0,0,0,0,0,639583,1,606208,1,0,0
624,34033960,23773,0,0,0,0,0,0,0,0,0,0,0,0,611166,1,571292,1,0,0
625,34915000,24361,0,0,0,0,0,0,0,0,0,0,0,0,611250,1,575541,1,0,0
626,40471000,23925,0,0,0,0,0,0,0,0,0,0,0,0,726791,1,678459,1,0,0
627,36197124,23773,0,0,0,0,0,0,0,0,0,0,0,0,753041,1,714208,1,0,0
628,37025248,23761,0,0,0,0,0,0,0,0,0,0,0,0,648167,1,607875,1,0,0
629,36531416,23709,0,0,0,0,0,0,0,0,0,0,0,0,1022208,1,976125,1,0,0
630,35941832,23861,0,0,0,0,0,0,0,0,0,0,0,0,602542,1,556167,1,0,0
631,36697000,23709,0,0,0,0,0,0,0,0,0,0,0,0,624958,1,592083,1,0,0
632,41001208,23709,0,0,0,0,0,0,0,0,0,0,0,0,1000375,1,933875,1,0,0
633,45913752,23773,0,0,0,0,0,0,0,0,0,0,0,0,728584,1,687791,1,0,0
634,53601040,23849,0,0,0,0,0,0,0,0,0,0,0,0,856708,1,798500,1,0,0
635,66214248,23709,0,0,0,0,0,0,0,0,0,0,0,0,1087417,1,1024500,1,0,0
636,67159920,24337,0,0,0,0,0,0,0,0,0,0,0,0,1049416,1,973166,1,0,0
637,74933040,24013,0,0,0,0,0,0,0,0,0,0,0,0,1224208,1,1137750,1,0,0
638,67014124,23825,0,0,0,0,0,0,0,0,0,0,0,0,1224958,1,1153583,1,0,0
639,67785416,23709,0,0,0,0,0,0,0,0,0,0,0,0,1281916,1,1224417,1,0,0
640,61786248,23861,0,0,0,0,0,0,0,0,0,0,0,0,1075333,1,1004875,1,0,0
641,53774960,23709,0,0,0,0,0,0,0,0,0,0,0,0,858875,1,813667,1,0,0
642,46690500,23405,0,0,0,0,0,0,0,0,0,0,0,0,1072000,1,1031917,1,0,0
643,51760208,26827,0,0,0,0,0,0,0,0,0,0,0,0,667375,1,631709,1,0,0
644,44343624,25967,0,0,0,0,0,0,0,0,0,0,0,0,1074833,1,1018292,1,0,0
645,45366208,23917,0,0,0,0,0,0,0,0,0,0,0,0,666084,1,629458,1,0,0
646,48569708,23505,0,0,0,0,0,0,0,0,0,0,0,0,727042,1,690708,1,0,0
647,45757460,23429,0,0,0,0,0,0,0,0,0,0,0,0,893833,1,832500,1,0,0
648,44532500,23353,0,0,0,0,0,0,0,0,0,0,0,0,681541,1,643875,1,0,0
649,46412916,23289,0,0,0,0,0,0,0,0,0,0,0,0,677292,1,641417,1,0,0
650,45084332,23289,0,0,0,0,0,0,0,0,0,0,0,0,705959,1,665583,1,0,0
651,45835124,23441,0,0,0,0,0,0,0,0,0,0,0,0,689375,1,649333,1,0,0
652,45419832,23341,0,0,0,0,0,0,0,0,0,0,0,0,696583,1,660000,1,0,0
653,46044124,23289,0,0,0,0,0,0,0,0,0,0,0,0,719541,1,669750,1,0,0
654,44067292,23353,0,0,0,0,0,0,0,0,0,0,0,0,683959,1,644416,1,0,0
655,46434000,23377,0,0,0,0,0,0,0,0,0,0,0,0,699417,1,659042,1,0,0
656,43793456,24381,0,0,0,0,0,0,0,0,0,0,0,0,906417,1,853709,1,0,0
657,48917752,24149,0,0,0,0,0,0,0,0,0,0,0,0,827208,1,779666,1,0,0
658,39872792,23817,0,0,0,0,0,0,0,0,0,0,0,0,769208,1,716667,1,0,0
659,42915708,27355,0,0,0,0,0,0,0,0,0,0,0,0,682375,1,637667,1,0,0
660,35249752,26559,0,0,0,0,0,0,0,0,0,0,0,0,693541,1,649000,1,0,0
661,33315792,23817,0,0,0,0,0,0,0,0,0,0,0,0,643792,1,608250,1,0,0
662,33578248,23869,0,0,0,0,0,0,0,0,0,0,0,0,636250,1,593375,1,0,0
663,33714960,23881,0,0,0,0,0,0,0,0,0,0,0,0,604959,1,570625,1,0,0
664,33659960,23905,0,0,0,0,0,0,0,0,0,0,0,0,629625,1,586083,1,0,0
665,33566708,23817,0,0,0,0,0,0,0,0,0,0,0,0,613958,1,580792,1,0,0
666,34284832,23881,0,0,0,0,0,0,0,0,0,0,0,0,647375,1,602958,1,0,0
667,33489916,23817,0,0,0,0,0,0,0,0,0,0,0,0,643833,1,610750,1,0,0
668,33650168,23869,0,0,0,0,0,0,0,0,0,0,0,0,651958,1,609625,1,0,0
669,33872292,23969,0,0,0,0,0,0,0,0,0,0,0,0,661750,1,629041,1,0,0
670,36710960,24381,0,0,0,0,0,0,0,0,0,0,0,0,749125,1,684875,1,0,0
671,33890376,24033,0,0,0,0,0,0,0,0,0,0,0,0,672292,1,614458,1,0,0
672,32534124,23881,0,0,0,0,0,0,0,0,0,0,0,0,648125,1,587417,1,0,0
673,31875250,23817,0,0,0,0,0,0,0,0,0,0,0,0,629167,1,582666,1,0,0
674,31513540,23957,0,0,0,0,0,0,0,0,0,0,0,0,625458,1,570958,1,0,0
675,31687500,23817,0,0,0,0,0,0,0,0,0,0,0,0,614250,1,568541,1,0,0
676,31964832,23881,0,0,0,0,0,0,0,0,0,0,0,0,607959,1,550542,1,0,0
677,35085668,23817,0,0,0,0,0,0,0,0,0,0,0,0,686125,1,620750,1,0,0
678,36465876,23817,0,0,0,0,0,0,0,0,0,0,0,0,643958,1,602000,1,0,0
679,35470624,23969,0,0,0,0,0,0,0,0,0,0,0,0,673791,1,638792,1,0,0
680,36277960,23869,0,0,0,0,0,0,0,0,0,0,0,0,631667,1,593916,1,0,0
681,36523916,23817,0,0,0,0,0,0,0,0,0,0,0,0,859166,1,824667,1,0,0
682,36846456,23881,0,0,0,0,0,0,0,0,0,0,0,0,653791,1,613750,1,0,0
683,37132376,23817,0,0,0,0,0,0,0,0,0,0,0,0,746417,1,712250,1,0,0
684,39999544,24469,0,0,0,0,0,0,0,0,0,0,0,0,675000,1,631208,1,0,0
685,54830752,24097,0,0,0,0,0,0,0,0,0,0,0,0,817417,1,768167,1,0,0
686,61401332,23869,0,0,0,0,0,0,0,0,0,0,0,0,894750,1,841583,1,0,0
687,66907916,23969,0,0,0,0,0,0,0,0,0,0,0,0,1105917,1,1038583,1,0,0
688,67693000,23817,0,0,0,0,0,0,0,0,0,0,0,0,1244625,1,1156959,1,0,0
689,67937168,23881,0,0,0,0,0,0,0,0,0,0,0,0,1216625,1,1135791,1,0,0
690,68726544,23429,0,0,0,0,0,0,0,0,0,0,0,0,1139458,1,1071792,1,0,0
691,69814168,23353,0,0,0,0,0,0,0,0,0,0,0,0,977500,1,921167,1,0,0
692,55487208,23853,0,0,0,0,0,0,0,0,0,0,0,0,792708,1,738458,1,0,0
693,72101624,27107,0,0,0,0,0,0,0,0,0,0,0,0,881167,1,821542,1,0,0
694,55141456,26019,0,0,0,0,0,0,0,0,0,0,0,0,957834,1,902208,1,0,0
695,54357248,23353,0,0,0,0,0,0,0,0,0,0,0,0,796875,1,752833,1,0,0
696,55169376,23377,0,0,0,0,0,0,0,0,0,0,0,0,811500,1,759958,1,0,0
697,53925624,23353,0,0,0,0,0,0,0,0,0,0,0,0,1033000,1,983250,1,0,0
698,53077376,23341,0,0,0,0,0,0,0,0,0,0,0,0,857750,1,802000,1,0,0
699,46349916,23441,0,0,0,0,0,0,0,0,0,0,0,0,693792,1,649750,1,0,0
700,49730000,23289,0,0,0,0,0,0,0,0,0,0,0,0,885542,1,847334,1,0,0
701,49878336,23853,0,0,0,0,0,0,0,0,0,0,0,0,668833,1,624000,1,0,0
702,58488336,23569,0,0,0,0,0,0,0,0,0,0,0,0,809958,1,754042,1,0,0
703,53784168,23429,0,0,0,0,0,0,0,0,0,0,0,0,776333,1,724375,1,0,0
704,55342960,23773,0,0,0,0,0,0,0,0,0,0,0,0,1211916,1,1153250,1,0,0
705,55183376,23709,0,0,0,0,0,0,0,0,0,0,0,0,830333,1,784625,1,0,0
706,64091124,27311,0,0,0,0,0,0,0,0,0,0,0,0,889667,1,829875,1,0,0
707,55662456,26439,0,0,0,0,0,0,0,0,0,0,0,0,999125,1,945500,1,0,0
708,52920876,34320,0,0,0,0,0,0,0,0,0,0,0,0,1031833,1,967000,1,0,0
709,48468584,29525,0,0,0,0,0,0,0,0,0,0,0,0,926292,1,876292,1,0,0
710,44306792,24337,0,0,0,0,0,0,0,0,0,0,0,0,820125,1,744667,1,0,0
711,51546792,23977,0,0,0,0,0,0,0,0,0,0,0,0,1331416,1,1284916,1,0,0
712,40202832,23709,0,0,0,0,0,0,0,0,0,0,0,0,760958,1,710500,1,0,0
713,40238248,23861,0,0,0,0,0,0,0,0,0,0,0,0,740541,1,703000,1,0,0
714,43798208,23709,0,0,0,0,0,0,0,0,0,0,0,0,826917,1,775250,1,0,0
715,46164792,23709,0,0,0,0,0,0,0,0,0,0,0,0,995208,1,952709,1,0,0
716,46766668,23825,0,0,0,0,0,0,0,0,0,0,0,0,965459,1,913750,1,0,0
717,45976336,23797,0,0,0,0,0,0,0,0,0,0,0,0,727708,1,678167,1,0,0
718,48494248,23709,0,0,0,0,0,0,0,0,0,0,0,0,900917,1,847958,1,0,0
719,52370416,23773,0,0,0,0,0,0,0,0,0,0,0,0,736208,1,694708,1,0,0
720,55091376,23709,0,0,0,0,0,0,0,0,0,0,0,0,1005417,1,945167,1,0,0
721,53425332,24477,0,0,0,0,0,0,0,0,0,0,0,0,844416,1,797291,1,0,0
722,58528832,23925,0,0,0,0,0,0,0,0,0,0,0,0,1117125,1,1051667,1,0,0
723,54805168,23773,0,0,0,0,0,0,0,0,0,0,0,0,865084,1,816209,1,0,0
724,54534668,23797,0,0,0,0,0,0,0,0,0,0,0,0,881084,1,826958,1,0,0
725,55832040,23825,0,0,0,0,0,0,0,0,0,0,0,0,1108542,1,1047125,1,0,0
726,57875668,23709,0,0,0,0,0,0,0,0,0,0,0,0,973792,1,899709,1,0,0
727,59857456,23861,0,0,0,0,0,0,0,0,0,0,0,0,1071041,1,1008958,1,0,0
728,61018708,23709,0,0,0,0,0,0,0,0,0,0,0,0,1061917,1,984667,1,0,0
729,59834292,23825,0,0,0,0,0,0,0,0,0,0,0,0,876333,1,824708,1,0,0
730,58108752,24361,0,0,0,0,0,0,0,0,0,0,0,0,974416,1,907959,1,0,0
731,56149916,23989,0,0,0,0,0,0,0,0,0,0,0,0,912583,1,863833,1,0,0
732,56262752,23709,0,0,0,0,0,0,0,0,0,0,0,0,842041,1,790459,1,0,0
733,54923336,23913,0,0,0,0,0,0,0,0,0,0,0,0,914042,1,863542,1,0,0
734,55504624,23709,0,0,0,0,0,0,0,0,0,0,0,0,913291,1,854916,1,0,0
735,55979752,23773,0,0,0,0,0,0,0,0,0,0,0,0,851833,1,805792,1,0,0
736,54182624,23797,0,0,0,0,0,0,0,0,0,0,0,0,861000,1,804584,1,0,0
737,49348168,23825,0,0,0,0,0,0,0,0,0,0,0,0,905791,1,859583,1,0,0
738,43520000,23289,0,0,0,0,0,0,0,0,0,0,0,0,734500,1,698375,1,0,0
739,43572540,23853,0,0,0,0,0,0,0,0,0,0,0,0,695708,1,659000,1,0,0
740,48440124,35955,0,0,0,0,0,0,0,0,0,0,0,0,760250,1,710125,1,0,0
741,37254208,25967,0,0,0,0,0,0,0,0,0,0,0,0,612709,1,571334,1,0,0
742,33944752,23341,0,0,0,0,0,0,0,0,0,0,0,0,549916,1,521792,1,0,0
743,34232708,23353,0,0,0,0,0,0,0,0,0,0,0,0,574667,1,546375,1,0,0
744,34134000,23377,0,0,0,0,0,0,0,0,0,0,0,0,588042,1,547833,1,0,0
745,33817960,23289,0,0,0,0,0,0,0,0,0,0,0,0,582292,1,554458,1,0,0
746,34030292,23353,0,0,0,0,0,0,0,0,0,0,0,0,562458,1,526250,1,0,0
747,33425000,23289,0,0,0,0,0,0,0,0,0,0,0,0,583625,1,541958,1,0,0
748,33557708,23341,0,0,0,0,0,0,0,0,0,0,0,0,554458,1,522875,1,0,0
749,33374876,23441,0,0,0,0,0,0,0,0,0,0,0,0,552375,1,523125,1,0,0
750,34171248,23289,0,0,0,0,0,0,0,0,0,0,0,0,595500,1,545958,1,0,0
751,33960916,23289,0,0,0,0,0,0,0,0,0,0,0,0,560666,1,530416,1,0,0
752,33998084,23881,0,0,0,0,0,0,0,0,0,0,0,0,727208,1,692458,1,0,0
753,33622668,24381,0,0,0,0,0,0,0,0,0,0,0,0,616875,1,574792,1,0,0
754,42186792,27623,0,0,0,0,0,0,0,0,0,0,0,0,708458,1,672917,1,0,0
755,33040708,26559,0,0,0,0,0,0,0,0,0,0,0,0,675416,1,625584,1,0,0
756,30415540,23817,0,0,0,0,0,0,0,0,0,0,0,0,588625,1,554833,1,0,0
757,30068834,23817,0,0,0,0,0,0,0,0,0,0,0,0,590709,1,548209,1,0,0
758,32554168,23817,0,0,0,0,0,0,0,0,0,0,0,0,591583,1,560667,1,0,0
759,35354752,23969,0,0,0,0,0,0,0,0,0,0,0,0,794875,1,751833,1,0,0
760,36944792,23869,0,0,0,0,0,0,0,0,0,0,0,0,1053583,1,1000125,1,0,0
761,37228460,23817,0,0,0,0,0,0,0,0,0,0,0,0,656917,1,610041,1,0,0
762,36603792,23881,0,0,0,0,0,0,0,0,0,0,0,0,647958,1,615125,1,0,0
763,36729208,23817,0,0,0,0,0,0,0,0,0,0,0,0,816667,1,768416,1,0,0
764,36830456,23905,0,0,0,0,0,0,0,0,0,0,0,0,1083250,1,1040125,1,0,0
765,39808792,23881,0,0,0,0,0,0,0,0,0,0,0,0,898750,1,854916,1,0,0
766,44763376,23869,0,0,0,0,0,0,0,0,0,0,0,0,768208,1,705416,1,0,0
767,60238168,24381,0,0,0,0,0,0,0,0,0,0,0,0,1082416,1,985166,1,0,0
768,76165376,24185,0,0,0,0,0,0,0,0,0,0,0,0,1141333,1,1050500,1,0,0
769,69275168,23817,0,0,0,0,0,0,0,0,0,0,0,0,1174375,1,1055334,1,0,0
770,65333792,23933,0,0,0,0,0,0,0,0,0,0,0,0,1094167,1,1019500,1,0,0
771,67232792,23905,0,0,0,0,0,0,0,0,0,0,0,0,1168500,1,1068375,1,0,0
772,66471416,23881,0,0,0,0,0,0,0,0,0,0,0,0,1182833,1,1093709,1,0,0
773,56723832,23817,0,0,0,0,0,0,0,0,0,0,0,0,1028708,1,931416,1,0,0
774,48428708,24021,0,0,0,0,0,0,0,0,0,0,0,0,977917,1,922250,1,0,0
775,51348960,24381,0,0,0,0,0,0,0,0,0,0,0,0,946708,1,889541,1,0,0
776,46185960,24033,0,0,0,0,0,0,0,0,0,0,0,0,776833,1,734917,1,0,0
777,47836040,23881,0,0,0,0,0,0,0,0,0,0,0,0,800709,1,737250,1,0,0
778,44968084,23905,0,0,0,0,0,0,0,0,0,0,0,0,762041,1,719166,1,0,0
779,46687168,23869,0,0,0,0,0,0,0,0,0,0,0,0,756083,1,706667,1,0,0
780,47256248,23881,0,0,0,0,0,0,0,0,0,0,0,0,848292,1,778167,1,0,0
781,46228668,23817,0,0,0,0,0,0,0,0,0,0,0,0,804791,1,751458,1,0,0
782,45820708,23905,0,0,0,0,0,0,0,0,0,0,0,0,750292,1,702083,1,0,0
783,50946376,23881,0,0,0,0,0,0,0,0,0,0,0,0,880208,1,820958,1,0,0
784,51325084,23869,0,0,0,0,0,0,0,0,0,0,0,0,953584,1,895750,1,0,0
785,53030960,24445,0,0,0,0,0,0,0,0,0,0,0,0,797834,1,740542,1,0,0
786,61208876,23593,0,0,0,0,0,0,0,0,0,0,0,0,1311458,1,1244584,1,0,0
787,53237336,23353,0,0,0,0,0,0,0,0,0,0,0,0,799541,1,744584,1,0,0
788,49407500,23341,0,0,0,0,0,0,0,0,0,0,0,0,817541,1,773625,1,0,0
789,49529416,26891,0,0,0,0,0,0,0,0,0,0,0,0,680375,1,643250,1,0,0
790,41034500,25967,0,0,0,0,0,0,0,0,0,0,0,0,702708,1,661875,1,0,0
791,37666456,23289,0,0,0,0,0,0,0,0,0,0,0,0,649125,1,616291,1,0,0
792,37932460,23353,0,0,0,0,0,0,0,0,0,0,0,0,628958,1,593834,1,0,0
793,36792960,23429,0,0,0,0,0,0,0,0,0,0,0,0,618833,1,582042,1,0,0
794,33987708,23289,0,0,0,0,0,0,0,0,0,0,0,0,574709,1,542667,1,0,0
795,33795208,23353,0,0,0,0,0,0,0,0,0,0,0,0,573917,1,539000,1,0,0
796,35824208,23289,0,0,0,0,0,0,0,0,0,0,0,0,588292,1,551291,1,0,0
797,38892332,23853,0,0,0,0,0,0,0,0,0,0,0,0,723209,1,690833,1,0,0
798,36464664,23657,0,0,0,0,0,0,0,0,0,0,0,0,584750,1,556459,1,0,0
799,36426624,23341,0,0,0,0,0,0,0,0,0,0,0,0,919208,1,867500,1,0,0
800,35485416,23709,0,0,0,0,0,0,0,0,0,0,0,0,701250,1,670750,1,0,0
801,36587540,23773,0,0,0,0,0,0,0,0,0,0,0,0,601375,1,567500,1,0,0
802,39910752,23709,0,0,0,0,0,0,0,0,0,0,0,0,645000,1,612917,1,0,0
803,44666084,27247,0,0,0,0,0,0,0,0,0,0,0,0,692125,1,642500,1,0,0
804,48222208,26451,0,0,0,0,0,0,0,0,0,0,0,0,904333,1,858375,1,0,0
805,49347544,23761,0,0,0,0,0,0,0,0,0,0,0,0,1161958,1,1101333,1,0,0
806,60616208,23709,0,0,0,0,0,0,0,0,0,0,0,0,1057916,1,1010041,1,0,0
807,68300288,23861,0,0,0,0,0,0,0,0,0,0,0,0,1159875,1,1068167,1,0,0
808,74400288,24273,0,0,0,0,0,0,0,0,0,0,0,0,1096292,1,1020667,1,0,0
809,70060000,24041,0,0,0,0,0,0,0,0,0,0,0,0,1155459,1,1069959,1,0,0
810,68878248,23797,0,0,0,0,0,0,0,0,0,0,0,0,1087584,1,1023167,1,0,0
811,63896040,23773,0,0,0,0,0,0,0,0,0,0,0,0,1073750,1,994292,1,0,0
812,54637960,23761,0,0,0,0,0,0,0,0,0,0,0,0,862208,1,812208,1,0,0
813,56443416,23861,0,0,0,0,0,0,0,0,0,0,0,0,914958,1,856125,1,0,0
814,54468168,23709,0,0,0,0,0,0,0,0,0,0,0,0,855209,1,806167,1,0,0
815,54150832,23773,0,0,0,0,0,0,0,0,0,0,0,0,883042,1,826375,1,0,0
816,58325336,24413,0,0,0,0,0,0,0,0,0,0,0,0,959500,1,908292,1,0,0
817,55493084,23989,0,0,0,0,0,0,0,0,0,0,0,0,1068000,1,973458,1,0,0
818,53761084,23709,0,0,0,0,0,0,0,0,0,0,0,0,863834,1,814459,1,0,0
819,54743832,23861,0,0,0,0,0,0,0,0,0,0,0,0,860166,1,787667,1,0,0
820,54905500,23761,0,0,0,0,0,0,0,0,0,0,0,0,903167,1,853125,1,0,0
821,56426376,23773,0,0,0,0,0,0,0,0,0,0,0,0,949417,1,870834,1,0,0
822,55983832,23999,0,0,0,0,0,0,0,0,0,0,0,0,856792,1,802708,1,0,0
823,56191500,23773,0,0,0,0,0,0,0,0,0,0,0,0,1288084,1,1188708,1,0,0
824,54831916,23761,0,0,0,0,0,0,0,0,0,0,0,0,915709,1,861000,1,0,0
825,58334332,24425,0,0,0,0,0,0,0,0,0,0,0,0,976250,1,906417,1,0,0
826,51065208,23925,0,0,0,0,0,0,0,0,0,0,0,0,871875,1,821959,1,0,0
827,43585084,23773,0,0,0,0,0,0,0,0,0,0,0,0,773292,1,717875,1,0,0
828,43045544,23849,0,0,0,0,0,0,0,0,0,0,0,0,726458,1,686292,1,0,0
829,38665832,23709,0,0,0,0,0,0,0,0,0,0,0,0,692542,1,648958,1,0,0
830,37401084,23773,0,0,0,0,0,0,0,0,0,0,0,0,685500,1,649250,1,0,0
831,34537208,23709,0,0,0,0,0,0,0,0,0,0,0,0,650417,1,611833,1,0,0
832,34239292,23797,0,0,0,0,0,0,0,0,0,0,0,0,629708,1,600542,1,0,0
833,33989416,23773,0,0,0,0,0,0,0,0,0,0,0,0,655667,1,608833,1,0,0
834,33888832,23341,0,0,0,0,0,0,0,0,0,0,0,0,618625,1,589500,1,0,0
835,33579124,23289,0,0,0,0,0,0,0,0,0,0,0,0,675625,1,645500,1,0,0
836,33672668,23353,0,0,0,0,0,0,0,0,0,0,0,0,580167,1,532541,1,0,0
837,38127416,27391,0,0,0,0,0,0,0,0,0,0,0,0,676666,1,648709,1,0,0
838,38472124,26183,0,0,0,0,0,0,0,0,0,0,0,0,594208,1,565042,1,0,0
839,33387958,23353,0,0,0,0,0,0,0,0,0,0,0,0,567916,1,533834,1,0,0
840,34042960,23341,0,0,0,0,0,0,0,0,0,0,0,0,586500,1,557792,1,0,0
841,32476084,23289,0,0,0,0,0,0,0,0,0,0,0,0,575042,1,543667,1,0,0
842,30225166,23377,0,0,0,0,0,0,0,0,0,0,0,0,536750,1,504458,1,0,0
843,30191916,23353,0,0,0,0,0,0,0,0,0,0,0,0,510291,1,484666,1,0,0
844,30302708,23289,0,0,0,0,0,0,0,0,0,0,0,0,516000,1,488084,1,0,0
845,30378416,23587,0,0,0,0,0,0,0,0,0,0,0,0,547584,1,510875,1,0,0
846,31313624,23289,0,0,0,0,0,0,0,0,0,0,0,0,535500,1,506417,1,0,0
847,33323708,23493,0,0,0,0,0,0,0,0,0,0,0,0,538375,1,503083,1,0,0
848,33967040,23817,0,0,0,0,0,0,0,0,0,0,0,0,758667,1,725125,1,0,0
849,33618708,23817,0,0,0,0,0,0,0,0,0,0,0,0,608250,1,563625,1,0,0
850,35910084,23881,0,0,0,0,0,0,0,0,0,0,0,0,628500,1,595084,1,0,0
851,35417500,23817,0,0,0,0,0,0,0,0,0,0,0,0,640583,1,604459,1,0,0
852,42416292,27919,0,0,0,0,0,0,0,0,0,0,0,0,669209,1,629916,1,0,0
853,44422084,26827,0,0,0,0,0,0,0,0,0,0,0,0,1139042,1,1070416,1,0,0
854,38026124,23817,0,0,0,0,0,0,0,0,0,0,0,0,973000,1,921333,1,0,0
855,37639708,23817,0,0,0,0,0,0,0,0,0,0,0,0,637375,1,594083,1,0,0
856,44579248,23969,0,0,0,0,0,0,0,0,0,0,0,0,909916,1,867917,1,0,0
857,55803624,23817,0,0,0,0,0,0,0,0,0,0,0,0,1023334,1,970125,1,0,0
858,67309664,23933,0,0,0,0,0,0,0,0,0,0,0,0,1136834,1,1072250,1,0,0
859,71301544,23905,0,0,0,0,0,0,0,0,0,0,0,0,1157125,1,1082917,1,0,0
860,66202460,23881,0,0,0,0,0,0,0,0,0,0,0,0,1056292,1,1000000,1,0,0
861,69921456,24433,0,0,0,0,0,0,0,0,0,0,0,0,1077625,1,1005042,1,0,0
862,77090208,24185,0,0,0,0,0,0,0,0,0,0,0,0,1483709,1,1360375,1,0,0
863,60120248,23817,0,0,0,0,0,0,0,0,0,0,0,0,1256917,1,1114250,1,0,0
864,55351416,23933,0,0,0,0,0,0,0,0,0,0,0,0,938834,1,866958,1,0,0
865,47147540,23905,0,0,0,0,0,0,0,0,0,0,0,0,1042208,1,922041,1,0,0
866,48453460,23881,0,0,0,0,0,0,0,0,0,0,0,0,786917,1,721000,1,0,0
867,45922084,23817,0,0,0,0,0,0,0,0,0,0,0,0,778042,1,703958,1,0,0
868,46271084,23817,0,0,0,0,0,0,0,0,0,0,0,0,938500,1,865250,1,0,0
869,45942792,24021,0,0,0,0,0,0,0,0,0,0,0,0,952208,1,878500,1,0,0
870,46930916,23817,0,0,0,0,0,0,0,0,0,0,0,0,771542,1,729375,1,0,0
871,48895876,24381,0,0,0,0,0,0,0,0,0,0,0,0,757458,1,710667,1,0,0
872,53029456,24097,0,0,0,0,0,0,0,0,0,0,0,0,796000,1,751125,1,0,0
873,47527000,23905,0,0,0,0,0,0,0,0,0,0,0,0,799625,1,734833,1,0,0
874,55580168,23933,0,0,0,0,0,0,0,0,0,0,0,0,855291,1,804625,1,0,0
875,56917752,23817,0,0,0,0,0,0,0,0,0,0,0,0,928833,1,861583,1,0,0
876,65736624,23969,0,0,0,0,0,0,0,0,0,0,0,0,935750,1,884000,1,0,0
877,69065792,23817,0,0,0,0,0,0,0,0,0,0,0,0,1080750,1,1012334,1,0,0
878,61367208,23933,0,0,0,0,0,0,0,0,0,0,0,0,1206084,1,1137333,1,0,0
879,53987376,23905,0,0,0,0,0,0,0,0,0,0,0,0,1049167,1,980500,1,0,0
880,57420124,24445,0,0,0,0,0,0,0,0,0,0,0,0,1060000,1,1007000,1,0,0
881,46572456,24033,0,0,0,0,0,0,0,0,0,0,0,0,911708,1,849833,1,0,0
882,42197876,23493,0,0,0,0,0,0,0,0,0,0,0,0,802208,1,743042,1,0,0
883,38268584,23289,0,0,0,0,0,0,0,0,0,0,0,0,615375,1,580958,1,0,0
884,35149040,23289,0,0,0,0,0,0,0,0,0,0,0,0,630875,1,598583,1,0,0
885,34014960,23353,0,0,0,0,0,0,0,0,0,0,0,0,551250,1,517209,1,0,0
886,33947752,23289,0,0,0,0,0,0,0,0,0,0,0,0,568666,1,539041,1,0,0
887,38762376,26827,0,0,0,0,0,0,0,0,0,0,0,0,555000,1,527167,1,0,0
888,38483040,26083,0,0,0,0,0,0,0,0,0,0,0,0,716375,1,676000,1,0,0
889,35216708,23289,0,0,0,0,0,0,0,0,0,0,0,0,590083,1,560459,1,0,0
890,35649208,23289,0,0,0,0,0,0,0,0,0,0,0,0,585375,1,551875,1,0,0
891,35826500,23353,0,0,0,0,0,0,0,0,0,0,0,0,567541,1,533750,1,0,0
892,37895960,23377,0,0,0,0,0,0,0,0,0,0,0,0,551917,1,522041,1,0,0
893,39079584,23853,0,0,0,0,0,0,0,0,0,0,0,0,669125,1,636750,1,0,0
894,36082792,23621,0,0,0,0,0,0,0,0,0,0,0,0,610875,1,563750,1,0,0
895,36157168,23289,0,0,0,0,0,0,0,0,0,0,0,0,586875,1,558417,1,0,0
896,37809208,23709,0,0,0,0,0,0,0,0,0,0,0,0,728584,1,698167,1,0,0
897,48424248,27311,0,0,0,0,0,0,0,0,0,0,0,0,946792,1,878708,1,0,0
898,47221668,26387,0,0,0,0,0,0,0,0,0,0,0,0,887250,1,848458,1,0,0
899,56332544,23761,0,0,0,0,0,0,0,0,0,0,0,0,885084,1,827250,1,0,0
900,66895456,23861,0,0,0,0,0,0,0,0,0,0,0,0,1009667,1,949584,1,0,0
901,68566624,23709,0,0,0,0,0,0,0,0,0,0,0,0,1151417,1,1023792,1,0,0
902,68666000,24337,0,0,0,0,0,0,0,0,0,0,0,0,1243708,1,1182250,1,0,0
903,74018168,24065,0,0,0,0,0,0,0,0,0,0,0,0,1188042,1,1119042,1,0,0
904,65586416,23773,0,0,0,0,0,0,0,0,0,0,0,0,1443833,1,1370542,1,0,0
905,57116292,23709,0,0,0,0,0,0,0,0,0,0,0,0,926250,1,864542,1,0,0
906,55401376,23861,0,0,0,0,0,0,0,0,0,0,0,0,988958,1,934292,1,0,0
907,56730876,23761,0,0,0,0,0,0,0,0,0,0,0,0,879584,1,818167,1,0,0
908,56701376,23773,0,0,0,0,0,0,0,0,0,0,0,0,883250,1,833333,1,0,0
909,56327376,23797,0,0,0,0,0,0,0,0,0,0,0,0,1147416,1,1062875,1,0,0
910,64180248,23773,0,0,0,0,0,0,0,0,0,0,0,0,921791,1,863417,1,0,0
911,70969088,24325,0,0,0,0,0,0,0,0,0,0,0,0,1178500,1,1102750,1,0,0
912,57112168,24077,0,0,0,0,0,0,0,0,0,0,0,0,1186583,1,1120083,1,0,0
913,56448500,23709,0,0,0,0,0,0,0,0,0,0,0,0,878125,1,816750,1,0,0
914,54786292,23773,0,0,0,0,0,0,0,0,0,0,0,0,890167,1,841000,1,0,0
915,53206168,23849,0,0,0,0,0,0,0,0,0,0,0,0,1256667,1,1180458,1,0,0
916,50040040,23773,0,0,0,0,0,0,0,0,0,0,0,0,877042,1,827208,1,0,0
917,45401792,23709,0,0,0,0,0,0,0,0,0,0,0,0,835375,1,780666,1,0,0
918,38649540,23709,0,0,0,0,0,0,0,0,0,0,0,0,718334,1,674166,1,0,0
919,37292584,23861,0,0,0,0,0,0,0,0,0,0,0,0,678500,1,632958,1,0,0
920,34115040,23761,0,0,0,0,0,0,0,0,0,0,0,0,601709,1,567250,1,0,0
921,34096248,24273,0,0,0,0,0,0,0,0,0,0,0,0,623083,1,582208,1,0,0
922,38394664,23989,0,0,0,0,0,0,0,0,0,0,0,0,691375,1,644708,1,0,0
923,34353708,23709,0,0,0,0,0,0,0,0,0,0,0,0,602209,1,561875,1,0,0
924,34074792,23797,0,0,0,0,0,0,0,0,0,0,0,0,617167,1,585166,1,0,0
925,34040000,23773,0,0,0,0,0,0,0,0,0,0,0,0,616667,1,576958,1,0,0
926,33716416,23761,0,0,0,0,0,0,0,0,0,0,0,0,621125,1,588500,1,0,0
927,33509376,23709,0,0,0,0,0,0,0,0,0,0,0,0,629750,1,594750,1,0,0
928,33372168,23773,0,0,0,0,0,0,0,0,0,0,0,0,690083,1,659125,1,0,0
929,30844460,23797,0,0,0,0,0,0,0,0,0,0,0,0,630750,1,595166,1,0,0
930,30664332,23289,0,0,0,0,0,0,0,0,0,0,0,0,551334,1,525167,1,0,0
931,30786958,23289,0,0,0,0,0,0,0,0,0,0,0,0,548000,1,514625,1,0,0
932,29911876,23353,0,0,0,0,0,0,0,0,0,0,0,0,524250,1,498708,1,0,0
933,31436960,23341,0,0,0,0,0,0,0,0,0,0,0,0,527542,1,494167,1,0,0
934,35610460,26827,0,0,0,0,0,0,0,0,0,0,0,0,536958,1,506875,1,0,0
935,32282416,25967,0,0,0,0,0,0,0,0,0,0,0,0,645708,1,617375,1,0,0
936,32655292,23917,0,0,0,0,0,0,0,0,0,0,0,0,542708,1,517042,1,0,0
937,37608540,23505,0,0,0,0,0,0,0,0,0,0,0,0,679292,1,640375,1,0,0
938,33225084,23289,0,0,0,0,0,0,0,0,0,0,0,0,566750,1,538875,1,0,0
939,33365584,23493,0,0,0,0,0,0,0,0,0,0,0,0,588084,1,559750,1,0,0
940,36148000,23289,0,0,0,0,0,0,0,0,0,0,0,0,596167,1,553500,1,0,0
941,35785124,23289,0,0,0,0,0,0,0,0,0,0,0,0,544000,1,514833,1,0,0
942,37119792,23353,0,0,0,0,0,0,0,0,0,0,0,0,696042,1,658750,1,0,0
943,35252208,23289,0,0,0,0,0,0,0,0,0,0,0,0,590208,1,551291,1,0,0
944,35760376,23905,0,0,0,0,0,0,0,0,0,0,0,0,766416,1,729125,1,0,0
945,37699376,23933,0,0,0,0,0,0,0,0,0,0,0,0,774791,1,735625,1,0,0
946,41260916,23817,0,0,0,0,0,0,0,0,0,0,0,0,851083,1,807333,1,0,0
947,50607544,23817,0,0,0,0,0,0,0,0,0,0,0,0,753375,1,703667,1,0,0
948,74539456,27983,0,0,0,0,0,0,0,0,0,0,0,0,1102584,1,1049167,1,0,0
949,83936456,26763,0,0,0,0,0,0,0,0,0,0,0,0,1167084,1,1067084,1,0,0
950,69021168,23969,0,0,0,0,0,0,0,0,0,0,0,0,1170125,1,1115000,1,0,0
951,65409752,23817,0,0,0,0,0,0,0,0,0,0,0,0,1158750,1,1086167,1,0,0
952,68433712,23933,0,0,0,0,0,0,0,0,0,0,0,0,1086583,1,1023292,1,0,0
953,64032168,23905,0,0,0,0,0,0,0,0,0,0,0,0,1128666,1,1053958,1,0,0
954,55697376,23881,0,0,0,0,0,0,0,0,0,0,0,0,907666,1,854458,1,0,0
955,49892040,23817,0,0,0,0,0,0,0,0,0,0,0,0,916542,1,850416,1,0,0
956,48064664,24585,0,0,0,0,0,0,0,0,0,0,0,0,1084542,1,1018625,1,0,0
957,55884000,24033,0,0,0,0,0,0,0,0,0,0,0,0,1035167,1,953625,1,0,0
958,56344292,23881,0,0,0,0,0,0,0,0,0,0,0,0,893334,1,814583,1,0,0
959,55182544,23905,0,0,0,0,0,0,0,0,0,0,0,0,898625,1,820500,1,0,0
960,56513624,23933,0,0,0,0,0,0,0,0,0,0,0,0,1363458,1,1287584,1,0,0
961,58424916,23817,0,0,0,0,0,0,0,0,0,0,0,0,906792,1,825833,1,0,0
962,66504916,23969,0,0,0,0,0,0,0,0,0,0,0,0,918000,1,846000,1,0,0
963,65545336,23817,0,0,0,0,0,0,0,0,0,0,0,0,1204458,1,1084875,1,0,0
964,54751416,23933,0,0,0,0,0,0,0,0,0,0,0,0,964542,1,889209,1,0,0
965,52981752,24469,0,0,0,0,0,0,0,0,0,0,0,0,1134458,1,1022958,1,0,0
966,56141376,24097,0,0,0,0,0,0,0,0,0,0,0,0,966542,1,912958,1,0,0
967,44053916,23817,0,0,0,0,0,0,0,0,0,0,0,0,781375,1,733791,1,0,0
968,41185124,24021,0,0,0,0,0,0,0,0,0,0,0,0,772417,1,730166,1,0,0
969,38536916,23817,0,0,0,0,0,0,0,0,0,0,0,0,676208,1,631709,1,0,0
970,35425500,23817,0,0,0,0,0,0,0,0,0,0,0,0,702292,1,664375,1,0,0
971,34142456,23881,0,0,0,0,0,0,0,0,0,0,0,0,639958,1,598666,1,0,0
972,33978292,23817,0,0,0,0,0,0,0,0,0,0,0,0,669042,1,634667,1,0,0
973,33765876,23905,0,0,0,0,0,0,0,0,0,0,0,0,620083,1,578834,1,0,0
974,33810500,23933,0,0,0,0,0,0,0,0,0,0,0,0,640583,1,607375,1,0,0
975,34028248,23817,0,0,0,0,0,0,0,0,0,0,0,0,644791,1,606792,1,0,0
976,33794668,23817,0,0,0,0,0,0,0,0,0,0,0,0,608583,1,573834,1,0,0
977,33867124,23881,0,0,0,0,0,0,0,0,0,0,0,0,650625,1,610292,1,0,0
978,33295000,23941,0,0,0,0,0,0,0,0,0,0,0,0,591833,1,562625,1,0,0
979,35494624,23505,0,0,0,0,0,0,0,0,0,0,0,0,659583,1,619167,1,0,0
980,30543876,23405,0,0,0,0,0,0,0,0,0,0,0,0,519333,1,484834,1,0,0
981,30125084,23289,0,0,0,0,0,0,0,0,0,0,0,0,548792,1,522333,1,0,0
982,30223376,23289,0,0,0,0,0,0,0,0,0,0,0,0,546166,1,512041,1,0,0
983,35471876,26827,0,0,0,0,0,0,0,0,0,0,0,0,516083,1,488208,1,0,0
984,33426792,26031,0,0,0,0,0,0,0,0,0,0,0,0,799417,1,758292,1,0,0
985,33559500,23289,0,0,0,0,0,0,0,0,0,0,0,0,575000,1,545500,1,0,0
986,33386168,23289,0,0,0,0,0,0,0,0,0,0,0,0,577000,1,544708,1,0,0
987,33225624,23405,0,0,0,0,0,0,0,0,0,0,0,0,593416,1,564542,1,0,0
988,33440332,23377,0,0,0,0,0,0,0,0,0,0,0,0,602917,1,573167,1,0,0
989,33555960,23289,0,0,0,0,0,0,0,0,0,0,0,0,572167,1,538292,1,0,0
990,33972168,23353,0,0,0,0,0,0,0,0,0,0,0,0,559416,1,531125,1,0,0
991,34307332,23289,0,0,0,0,0,0,0,0,0,0,0,0,724167,1,694167,1,0,0
992,35704960,23709,0,0,0,0,0,0,0,0,0,0,0,0,744333,1,713542,1,0,0
993,40998040,27927,0,0,0,0,0,0,0,0,0,0,0,0,668542,1,632541,1,0,0
994,41627832,26603,0,0,0,0,0,0,0,0,0,0,0,0,994541,1,955416,1,0,0
995,36785916,23709,0,0,0,0,0,0,0,0,0,0,0,0,648625,1,607625,1,0,0
996,39542000,23773,0,0,0,0,0,0,0,0,0,0,0,0,665250,1,633708,1,0,0
997,38369124,23797,0,0,0,0,0,0,0,0,0,0,0,0,673250,1,627750,1,0,0
998,43512584,23709,0,0,0,0,0,0,0,0,0,0,0,0,670750,1,631708,1,0,0
999,50426040,23825,0,0,0,0,0,0,0,0,0,0,0,0,743666,1,695875,1,0,0
1000,68127168,23709,0,0,0,0,0,0,0,0,0,0,0,0,1012125,1,962708,1,0,0
1001,76171208,23861,0,0,0,0,0,0,0,0,0,0,0,0,1369417,1,1284125,1,0,0
1002,78338416,23709,0,0,0,0,0,0,0,0,0,0,0,0,1238042,1,1139500,1,0,0
1003,80880960,24693,0,0,0,0,0,0,0,0,0,0,0,0,1477541,1,1407292,1,0,0
1004,68518128,23709,0,0,0,0,0,0,0,0,0,0,0,0,1273750,1,1194167,1,0,0
1005,62462084,23773,0,0,0,0,0,0,0,0,0,0,0,0,1210500,1,1117459,1,0,0
1006,51056752,23849,0,0,0,0,0,0,0,0,0,0,0,0,863917,1,811291,1,0,0
1007,48682876,23773,0,0,0,0,0,0,0,0,0,0,0,0,1164333,1,1112458,1,0,0
1008,46997168,23709,0,0,0,0,0,0,0,0,0,0,0,0,794084,1,754083,1,0,0
1009,45882292,23709,0,0,0,0,0,0,0,0,0,0,0,0,759250,1,695834,1,0,0
1010,47392456,23861,0,0,0,0,0,0,0,0,0,0,0,0,917416,1,868750,1,0,0
1011,46395916,23761,0,0,0,0,0,0,0,0,0,0,0,0,797583,1,745000,1,0,0
1012,51423124,24273,0,0,0,0,0,0,0,0,0,0,0,0,1265458,1,1150292,1,0,0
1013,46363624,23989,0,0,0,0,0,0,0,0,0,0,0,0,733833,1,686125,1,0,0
1014,48034584,23797,0,0,0,0,0,0,0,0,0,0,0,0,726458,1,683625,1,0,0
1015,54224376,23709,0,0,0,0,0,0,0,0,0,0,0,0,857875,1,801167,1,0,0
1016,54047376,23825,0,0,0,0,0,0,0,0,0,0,0,0,982458,1,928417,1,0,0
1017,54754332,23797,0,0,0,0,0,0,0,0,0,0,0,0,951250,1,885834,1,0,0
1018,59286376,23773,0,0,0,0,0,0,0,0,0,0,0,0,832459,1,784000,1,0,0
1019,68665336,23709,0,0,0,0,0,0,0,0,0,0,0,0,1329459,1,1245042,1,0,0
1020,63328624,23913,0,0,0,0,0,0,0,0,0,0,0,0,1143083,1,1078458,1,0,0
1021,54634000,24273,0,0,0,0,0,0,0,0,0,0,0,0,945083,1,887959,1,0,0
1022,50850664,23989,0,0,0,0,0,0,0,0,0,0,0,0,852125,1,804083,1,0,0
1023,43188544,23797,0,0,0,0,0,0,0,0,0,0,0,0,752917,1,706000,1,0,0
1024,40145416,23761,0,0,0,0,0,0,0,0,0,0,0,0,782292,1,743167,1,0,0
1025,38398124,23773,0,0,0,0,0,0,0,0,0,0,0,0,689750,1,645042,1,0,0
1026,37843624,23289,0,0,0,0,0,0,0,0,0,0,0,0,673125,1,633958,1,0,0
1027,38618624,26827,0,0,0,0,0,0,0,0,0,0,0,0,554708,1,526375,1,0,0
1028,34514376,26031,0,0,0,0,0,0,0,0,0,0,0,0,675042,1,636708,1,0,0
1029,33395332,23289,0,0,0,0,0,0,0,0,0,0,0,0,589708,1,553167,1,0,0
1030,33854624,23341,0,0,0,0,0,0,0,0,0,0,0,0,582333,1,553500,1,0,0
1031,33455376,23353,0,0,0,0,0,0,0,0,0,0,0,0,609125,1,579208,1,0,0
1032,33456292,23377,0,0,0,0,0,0,0,0,0,0,0,0,567833,1,529542,1,0,0
1033,33534084,23853,0,0,0,0,0,0,0,0,0,0,0,0,579333,1,551125,1,0,0
1034,37691000,23569,0,0,0,0,0,0,0,0,0,0,0,0,631500,1,601083,1,0,0
1035,33727332,23289,0,0,0,0,0,0,0,0,0,0,0,0,583834,1,551750,1,0,0
1036,32952332,23341,0,0,0,0,0,0,0,0,0,0,0,0,594667,1,553000,1,0,0
1037,30304958,23441,0,0,0,0,0,0,0,0,0,0,0,0,517792,1,487958,1,0,0
1038,30349250,23289,0,0,0,0,0,0,0,0,0,0,0,0,532375,1,496000,1,0,0
1039,30282876,23289,0,0,0,0,0,0,0,0,0,0,0,0,552833,1,519625,1,0,0
1040,30425792,23817,0,0,0,0,0,0,0,0,0,0,0,0,772916,1,731833,1,0,0
1041,32919584,23881,0,0,0,0,0,0,0,0,0,0,0,0,606750,1,574000,1,0,0
1042,35921208,27355,0,0,0,0,0,0,0,0,0,0,0,0,590417,1,560542,1,0,0
1043,35806292,26547,0,0,0,0,0,0,0,0,0,0,0,0,785375,1,744042,1,0,0
1044,34722084,23881,0,0,0,0,0,0,0,0,0,0,0,0,879792,1,829958,1,0,0
1045,37093832,23817,0,0,0,0,0,0,0,0,0,0,0,0,745625,1,696375,1,0,0
1046,36160668,23817,0,0,0,0,0,0,0,0,0,0,0,0,833500,1,781334,1,0,0
1047,37647000,23969,0,0,0,0,0,0,0,0,0,0,0,0,1019334,1,967208,1,0,0
1048,37312416,24381,0,0,0,0,0,0,0,0,0,0,0,0,630500,1,587625,1,0,0
1049,42689668,24085,0,0,0,0,0,0,0,0,0,0,0,0,713917,1,672250,1,0,0
1050,43131668,23881,0,0,0,0,0,0,0,0,0,0,0,0,662375,1,625500,1,0,0
1051,57055084,23905,0,0,0,0,0,0,0,0,0,0,0,0,959834,1,906375,1,0,0
1052,68937248,23881,0,0,0,0,0,0,0,0,0,0,0,0,1033541,1,973416,1,0,0
1053,86590208,23869,0,0,0,0,0,0,0,0,0,0,0,0,1229291,1,1166958,1,0,0
1054,71457832,23969,0,0,0,0,0,0,0,0,0,0,0,0,1349958,1,1156250,1,0,0
1055,69852040,23817,0,0,0,0,0,0,0,0,0,0,0,0,1099958,1,1003333,1,0,0
1056,66214000,24497,0,0,0,0,0,0,0,0,0,0,0,0,1126958,1,1041500,1,0,0
1057,61060084,24121,0,0,0,0,0,0,0,0,0,0,0,0,1054792,1,965792,1,0,0
1058,47404248,23881,0,0,0,0,0,0,0,0,0,0,0,0,823833,1,748542,1,0,0
1059,45866456,23817,0,0,0,0,0,0,0,0,0,0,0,0,813042,1,735083,1,0,0
1060,46683376,23957,0,0,0,0,0,0,0,0,0,0,0,0,771000,1,705625,1,0,0
1061,49435668,23881,0,0,0,0,0,0,0,0,0,0,0,0,854333,1,777875,1,0,0
1062,47199376,23817,0,0,0,0,0,0,0,0,0,0,0,0,796458,1,752833,1,0,0
1063,50155584,23817,0,0,0,0,0,0,0,0,0,0,0,0,1024458,1,960375,1,0,0
1064,54081292,23969,0,0,0,0,0,0,0,0,0,0,0,0,864958,1,814959,1,0,0
1065,55349792,23869,0,0,0,0,0,0,0,0,0,0,0,0,896959,1,829042,1,0,0
1066,53035960,24445,0,0,0,0,0,0,0,0,0,0,0,0,898500,1,846750,1,0,0
1067,59214208,24121,0,0,0,0,0,0,0,0,0,0,0,0,896625,1,827125,1,0,0
1068,55098332,23881,0,0,0,0,0,0,0,0,0,0,0,0,892833,1,841333,1,0,0
1069,52542000,23869,0,0,0,0,0,0,0,0,0,0,0,0,893792,1,830333,1,0,0
1070,48647124,23969,0,0,0,0,0,0,0,0,0,0,0,0,869125,1,812291,1,0,0
1071,43658916,23817,0,0,0,0,0,0,0,0,0,0,0,0,789042,1,740708,1,0,0
1072,41398876,23817,0,0,0,0,0,0,0,0,0,0,0,0,735083,1,692833,1,0,0
1073,38379752,23881,0,0,0,0,0,0,0,0,0,0,0,0,680417,1,637500,1,0,0
1074,37113624,23429,0,0,0,0,0,0,0,0,0,0,0,0,676583,1,642667,1,0,0
1075,33558208,23289,0,0,0,0,0,0,0,0,0,0,0,0,561792,1,526208,1,0,0
1076,34079456,23353,0,0,0,0,0,0,0,0,0,0,0,0,559417,1,527500,1,0,0
1077,33330876,23853,0,0,0,0,0,0,0,0,0,0,0,0,557834,1,529583,1,0,0
1078,37234624,23505,0,0,0,0,0,0,0,0,0,0,0,0,670667,1,635291,1,0,0
1079,37782000,26891,0,0,0,0,0,0,0,0,0,0,0,0,652583,1,625084,1,0,0
1080,33055168,26019,0,0,0,0,0,0,0,0,0,0,0,0,611125,1,579334,1,0,0
1081,33139916,23289,0,0,0,0,0,0,0,0,0,0,0,0,556667,1,521375,1,0,0
1082,32874084,23353,0,0,0,0,0,0,0,0,0,0,0,0,563250,1,532292,1,0,0
1083,30084042,23289,0,0,0,0,0,0,0,0,0,0,0,0,531792,1,505667,1,0,0
1084,30679332,23377,0,0,0,0,0,0,0,0,0,0,0,0,587542,1,555875,1,0,0
1085,30405624,23289,0,0,0,0,0,0,0,0,0,0,0,0,539334,1,511208,1,0,0
1086,30582960,23353,0,0,0,0,0,0,0,0,0,0,0,0,519167,1,494083,1,0,0
1087,30326376,23341,0,0,0,0,0,0,0,0,0,0,0,0,547833,1,516417,1,0,0
1088,30222668,23709,0,0,0,0,0,0,0,0,0,0,0,0,636458,1,608125,1,0,0
1089,35725876,27247,0,0,0,0,0,0,0,0,0,0,0,0,569959,1,536542,1,0,0
1090,32986584,26451,0,0,0,0,0,0,0,0,0,0,0,0,694875,1,659167,1,0,0
1091,32151834,23709,0,0,0,0,0,0,0,0,0,0,0,0,620292,1,575667,1,0,0
1092,33287958,23709,0,0,0,0,0,0,0,0,0,0,0,0,595208,1,566750,1,0,0
1093,36405124,24273,0,0,0,0,0,0,0,0,0,0,0,0,697709,1,654750,1,0,0
1094,33388376,24129,0,0,0,0,0,0,0,0,0,0,0,0,643292,1,610208,1,0,0
1095,33341000,23709,0,0,0,0,0,0,0,0,0,0,0,0,642500,1,603833,1,0,0
1096,33826500,23709,0,0,0,0,0,0,0,0,0,0,0,0,616125,1,583208,1,0,0
1097,34143876,23773,0,0,0,0,0,0,0,0,0,0,0,0,777708,1,732958,1,0,0
1098,33381292,23709,0,0,0,0,0,0,0,0,0,0,0,0,621542,1,581958,1,0,0
1099,35165832,23797,0,0,0,0,0,0,0,0,0,0,0,0,651250,1,608583,1,0,0
1100,35191792,23825,0,0,0,0,0,0,0,0,0,0,0,0,615125,1,583041,1,0,0
1101,37019708,23709,0,0,0,0,0,0,0,0,0,0,0,0,608542,1,571959,1,0,0
1102,37608792,23709,0,0,0,0,0,0,0,0,0,0,0,0,615875,1,582875,1,0,0
1103,39158168,23773,0,0,0,0,0,0,0,0,0,0,0,0,838709,1,787208,1,0,0
1104,44649916,23797,0,0,0,0,0,0,0,0,0,0,0,0,680042,1,643666,1,0,0
1105,51465668,23709,0,0,0,0,0,0,0,0,0,0,0,0,868375,1,802583,1,0,0
1106,63669916,24389,0,0,0,0,0,0,0,0,0,0,0,0,846416,1,795125,1,0,0
1107,71752288,24013,0,0,0,0,0,0,0,0,0,0,0,0,1072916,1,998166,1,0,0
1108,68707000,23773,0,0,0,0,0,0,0,0,0,0,0,0,1043958,1,963334,1,0,0
1109,66582832,23761,0,0,0,0,0,0,0,0,0,0,0,0,1104833,1,1029500,1,0,0
1110,66888124,23861,0,0,0,0,0,0,0,0,0,0,0,0,1111959,1,1049167,1,0,0
1111,60326708,23709,0,0,0,0,0,0,0,0,0,0,0,0,1049125,1,978000,1,0,0
1112,54268876,23773,0,0,0,0,0,0,0,0,0,0,0,0,897208,1,839458,1,0,0
1113,44157416,23849,0,0,0,0,0,0,0,0,0,0,0,0,743125,1,696583,1,0,0
1114,46350084,24273,0,0,0,0,0,0,0,0,0,0,0,0,1228958,1,1164542,1,0,0
1115,51687416,23989,0,0,0,0,0,0,0,0,0,0,0,0,841958,1,790167,1,0,0
1116,46246292,23709,0,0,0,0,0,0,0,0,0,0,0,0,747667,1,707250,1,0,0
1117,45563624,23797,0,0,0,0,0,0,0,0,0,0,0,0,735500,1,688500,1,0,0
1118,46605168,23825,0,0,0,0,0,0,0,0,0,0,0,0,838334,1,790292,1,0,0
1119,52844500,23709,0,0,0,0,0,0,0,0,0,0,0,0,808250,1,750375,1,0,0
1120,54924584,23709,0,0,0,0,0,0,0,0,0,0,0,0,859625,1,812708,1,0,0
1121,61195916,23861,0,0,0,0,0,0,0,0,0,0,0,0,845583,1,792208,1,0,0
1122,67466376,23341,0,0,0,0,0,0,0,0,0,0,0,0,1024125,1,972125,1,0,0
1123,60634332,23917,0,0,0,0,0,0,0,0,0,0,0,0,1105291,1,1047416,1,0,0
1124,63808500,27043,0,0,0,0,0,0,0,0,0,0,0,0,945208,1,879750,1,0,0
1125,44154376,26031,0,0,0,0,0,0,0,0,0,0,0,0,761000,1,722125,1,0,0
1126,39686376,23341,0,0,0,0,0,0,0,0,0,0,0,0,661834,1,625958,1,0,0
1127,37403040,23289,0,0,0,0,0,0,0,0,0,0,0,0,624417,1,581125,1,0,0
1128,33988708,23441,0,0,0,0,0,0,0,0,0,0,0,0,573417,1,542250,1,0,0
1129,33972292,23289,0,0,0,0,0,0,0,0,0,0,0,0,553958,1,524750,1,0,0
1130,33954500,23289,0,0,0,0,0,0,0,0,0,0,0,0,577792,1,543750,1,0,0
1131,34005208,23353,0,0,0,0,0,0,0,0,0,0,0,0,573334,1,542792,1,0,0
1132,33392124,23341,0,0,0,0,0,0,0,0,0,0,0,0,593334,1,564542,1,0,0
1133,33318750,23377,0,0,0,0,0,0,0,0,0,0,0,0,571834,1,532834,1,0,0
1134,33604540,23353,0,0,0,0,0,0,0,0,0,0,0,0,572000,1,542084,1,0,0
1135,32629292,23289,0,0,0,0,0,0,0,0,0,0,0,0,600791,1,570125,1,0,0
1136,30573000,23817,0,0,0,0,0,0,0,0,0,0,0,0,679417,1,647167,1,0,0
1137,33399958,24381,0,0,0,0,0,0,0,0,0,0,0,0,693792,1,649000,1,0,0
1138,34288332,27635,0,0,0,0,0,0,0,0,0,0,0,0,613041,1,580417,1,0,0
1139,30605084,26547,0,0,0,0,0,0,0,0,0,0,0,0,668083,1,626500,1,0,0
1140,30927876,23817,0,0,0,0,0,0,0,0,0,0,0,0,582583,1,551417,1,0,0
1141,30817292,23817,0,0,0,0,0,0,0,0,0,0,0,0,589875,1,553542,1,0,0
1142,30731208,23881,0,0,0,0,0,0,0,0,0,0,0,0,568750,1,537250,1,0,0
1143,33652876,23905,0,0,0,0,0,0,0,0,0,0,0,0,615834,1,573125,1,0,0
1144,36540248,23817,0,0,0,0,0,0,0,0,0,0,0,0,735291,1,692542,1,0,0
1145,36840416,23881,0,0,0,0,0,0,0,0,0,0,0,0,982542,1,917375,1,0,0
1146,37617876,23869,0,0,0,0,0,0,0,0,0,0,0,0,1166500,1,1107000,1,0,0
1147,37366040,23817,0,0,0,0,0,0,0,0,0,0,0,0,626208,1,583792,1,0,0
1148,38510916,23969,0,0,0,0,0,0,0,0,0,0,0,0,633958,1,601125,1,0,0
1149,47751708,23817,0,0,0,0,0,0,0,0,0,0,0,0,694875,1,652542,1,0,0
1150,57207960,24381,0,0,0,0,0,0,0,0,0,0,0,0,882792,1,810916,1,0,0
1151,75605504,24149,0,0,0,0,0,0,0,0,0,0,0,0,1112917,1,1015667,1,0,0
1152,68889792,23905,0,0,0,0,0,0,0,0,0,0,0,0,1007625,1,931750,1,0,0
1153,67220336,23881,0,0,0,0,0,0,0,0,0,0,0,0,1483458,1,1334375,1,0,0
1154,70138496,23869,0,0,0,0,0,0,0,0,0,0,0,0,1118792,1,1027833,1,0,0
1155,69493208,23969,0,0,0,0,0,0,0,0,0,0,0,0,1144125,1,1036250,1,0,0
1156,59844332,23817,0,0,0,0,0,0,0,0,0,0,0,0,1112959,1,996459,1,0,0
1157,54882376,23881,0,0,0,0,0,0,0,0,0,0,0,0,1208792,1,1126166,1,0,0
1158,45404332,24521,0,0,0,0,0,0,0,0,0,0,0,0,801375,1,753250,1,0,0
1159,52065708,24097,0,0,0,0,0,0,0,0,0,0,0,0,929417,1,832167,1,0,0
1160,45348292,23817,0,0,0,0,0,0,0,0,0,0,0,0,787000,1,745166,1,0,0
1161,40877208,23817,0,0,0,0,0,0,0,0,0,0,0,0,700792,1,657958,1,0,0
1162,40964040,23969,0,0,0,0,0,0,0,0,0,0,0,0,855041,1,814500,1,0,0
1163,45761500,23869,0,0,0,0,0,0,0,0,0,0,0,0,681333,1,629833,1,0,0
1164,46730040,23817,0,0,0,0,0,0,0,0,0,0,0,0,1029334,1,919833,1,0,0
1165,44547416,23881,0,0,0,0,0,0,0,0,0,0,0,0,810708,1,753958,1,0,0
1166,45476668,23905,0,0,0,0,0,0,0,0,0,0,0,0,772291,1,729917,1,0,0
1167,50636168,23817,0,0,0,0,0,0,0,0,0,0,0,0,740167,1,684500,1,0,0
1168,54653376,23933,0,0,0,0,0,0,0,0,0,0,0,0,903792,1,841250,1,0,0
1169,58345832,24469,0,0,0,0,0,0,0,0,0,0,0,0,1157500,1,1086583,1,0,0
1170,54526040,23569,0,0,0,0,0,0,0,0,0,0,0,0,849208,1,789709,1,0,0
1171,58409376,23289,0,0,0,0,0,0,0,0,0,0,0,0,805042,1,757708,1,0,0
1172,75651336,26943,0,0,0,0,0,0,0,0,0,0,0,0,1013916,1,957541,1,0,0
1173,57779124,25967,0,0,0,0,0,0,0,0,0,0,0,0,1019125,1,955792,1,0,0
1174,51904876,23353,0,0,0,0,0,0,0,0,0,0,0,0,842666,1,798666,1,0,0
1175,47899500,23377,0,0,0,0,0,0,0,0,0,0,0,0,804416,1,762583,1,0,0
1176,42042292,23341,0,0,0,0,0,0,0,0,0,0,0,0,692000,1,646333,1,0,0
1177,38131332,23353,0,0,0,0,0,0,0,0,0,0,0,0,617542,1,582500,1,0,0
1178,36119168,23853,0,0,0,0,0,0,0,0,0,0,0,0,604500,1,573584,1,0,0
1179,37988500,23593,0,0,0,0,0,0,0,0,0,0,0,0,678959,1,640541,1,0,0
1180,33673792,23353,0,0,0,0,0,0,0,0,0,0,0,0,614542,1,583667,1,0,0
1181,33080168,23289,0,0,0,0,0,0,0,0,0,0,0,0,568125,1,539000,1,0,0
1182,33440668,23341,0,0,0,0,0,0,0,0,0,0,0,0,575750,1,541459,1,0,0
1183,33313500,23353,0,0,0,0,0,0,0,0,0,0,0,0,598833,1,570583,1,0,0
1184,33434416,23797,0,0,0,0,0,0,0,0,0,0,0,0,701875,1,670291,1,0,0
1185,33403376,23709,0,0,0,0,0,0,0,0,0,0,0,0,613375,1,570291,1,0,0
1186,34582332,23773,0,0,0,0,0,0,0,0,0,0,0,0,632541,1,602291,1,0,0
1187,37204876,23709,0,0,0,0,0,0,0,0,0,0,0,0,1503458,1,1420000,1,0,0
1188,36499040,23761,0,0,0,0,0,0,0,0,0,0,0,0,612417,1,578125,1,0,0
1189,43063416,27311,0,0,0,0,0,0,0,0,0,0,0,0,778083,1,738750,1,0,0
1190,38106960,26387,0,0,0,0,0,0,0,0,0,0,0,0,934709,1,885459,1,0,0
1191,36484876,23709,0,0,0,0,0,0,0,0,0,0,0,0,653291,1,612292,1,0,0
1192,38437544,24337,0,0,0,0,0,0,0,0,0,0,0,0,1151875,1,1050875,1,0,0
1193,46252248,24013,0,0,0,0,0,0,0,0,0,0,0,0,770166,1,726375,1,0,0
1194,49133792,23761,0,0,0,0,0,0,0,0,0,0,0,0,810583,1,762250,1,0,0
1195,63036668,23773,0,0,0,0,0,0,0,0,0,0,0,0,1119042,1,1056709,1,0,0
1196,66265084,23797,0,0,0,0,0,0,0,0,0,0,0,0,1024375,1,962542,1,0,0
1197,67902336,23773,0,0,0,0,0,0,0,0,0,0,0,0,1043167,1,972875,1,0,0
1198,66918708,23761,0,0,0,0,0,0,0,0,0,0,0,0,1072125,1,1009000,1,0,0
1199,70060872,23861,0,0,0,0,0,0,0,0,0,0,0,0,1359292,1,1277292,1,0,0
1200,63350916,24273,0,0,0,0,0,0,0,0,0,0,0,0,1120958,1,1061000,1,0,0
1201,63299500,24041,0,0,0,0,0,0,0,0,0,0,0,0,1128334,1,998958,1,0,0
1202,54887040,23797,0,0,0,0,0,0,0,0,0,0,0,0,933875,1,879958,1,0,0
1203,54506208,23773,0,0,0,0,0,0,0,0,0,0,0,0,1017209,1,945791,1,0,0
1204,51551416,23709,0,0,0,0,0,0,0,0,0,0,0,0,964542,1,920417,1,0,0
1205,46972376,23913,0,0,0,0,0,0,0,0,0,0,0,0,789834,1,742125,1,0,0
1206,52990752,23709,0,0,0,0,0,0,0,0,0,0,0,0,1377666,1,1327041,1,0,0
1207,54079376,23709,0,0,0,0,0,0,0,0,0,0,0,0,900250,1,842958,1,0,0
1208,56224416,23861,0,0,0,0,0,0,0,0,0,0,0,0,845542,1,794292,1,0,0
1209,55326248,23761,0,0,0,0,0,0,0,0,0,0,0,0,947875,1,888291,1,0,0
1210,59608040,24337,0,0,0,0,0,0,0,0,0,0,0,0,942583,1,885208,1,0,0
1211,57245416,24013,0,0,0,0,0,0,0,0,0,0,0,0,948958,1,884750,1,0,0
1212,57549624,23773,0,0,0,0,0,0,0,0,0,0,0,0,1033625,1,974458,1,0,0
1213,53407248,23761,0,0,0,0,0,0,0,0,0,0,0,0,880792,1,822375,1,0,0
1214,45570792,23861,0,0,0,0,0,0,0,0,0,0,0,0,893667,1,844416,1,0,0
1215,41592832,23709,0,0,0,0,0,0,0,0,0,0,0,0,736500,1,692833,1,0,0
1216,39279624,23709,0,0,0,0,0,0,0,0,0,0,0,0,682042,1,647375,1,0,0
1217,39380624,23773,0,0,0,0,0,0,0,0,0,0,0,0,763458,1,711250,1,0,0
1218,36507168,23429,0,0,0,0,0,0,0,0,0,0,0,0,604625,1,570791,1,0,0
1219,37361960,23289,0,0,0,0,0,0,0,0,0,0,0,0,1088959,1,1038333,1,0,0
1220,37360584,23917,0,0,0,0,0,0,0,0,0,0,0,0,572417,1,540875,1,0,0
1221,45448332,23505,0,0,0,0,0,0,0,0,0,0,0,0,599834,1,561375,1,0,0
1222,48928416,26827,0,0,0,0,0,0,0,0,0,0,0,0,780000,1,717333,1,0,0
1223,47126248,26083,0,0,0,0,0,0,0,0,0,0,0,0,782917,1,724083,1,0,0
1224,52322124,23289,0,0,0,0,0,0,0,0,0,0,0,0,939917,1,875375,1,0,0
1225,60534292,23289,0,0,0,0,0,0,0,0,0,0,0,0,891208,1,842209,1,0,0
1226,66344124,23441,0,0,0,0,0,0,0,0,0,0,0,0,974959,1,921875,1,0,0
1227,67963080,23341,0,0,0,0,0,0,0,0,0,0,0,0,983708,1,929750,1,0,0
1228,68354416,23353,0,0,0,0,0,0,0,0,0,0,0,0,1281292,1,1214292,1,0,0
1229,68392544,23941,0,0,0,0,0,0,0,0,0,0,0,0,1009708,1,950541,1,0,0
1230,70601208,23621,0,0,0,0,0,0,0,0,0,0,0,0,1121541,1,1035791,1,0,0
1231,55661500,23289,0,0,0,0,0,0,0,0,0,0,0,0,821666,1,769083,1,0,0
1232,55957624,23969,0,0,0,0,0,0,0,0,0,0,0,0,1127167,1,1066208,1,0,0
1233,50130040,23817,0,0,0,0,0,0,0,0,0,0,0,0,1051500,1,966750,1,0,0
1234,46407752,23933,0,0,0,0,0,0,0,0,0,0,0,0,737208,1,694541,1,0,0
1235,53058332,27355,0,0,0,0,0,0,0,0,0,0,0,0,752416,1,698208,1,0,0
1236,47809916,26495,0,0,0,0,0,0,0,0,0,0,0,0,849916,1,793166,1,0,0
1237,47095708,23881,0,0,0,0,0,0,0,0,0,0,0,0,753166,1,696000,1,0,0
1238,47286124,24381,0,0,0,0,0,0,0,0,0,0,0,0,744208,1,699292,1,0,0
1239,58068168,24173,0,0,0,0,0,0,0,0,0,0,0,0,924750,1,865583,1,0,0
1240,53998124,23881,0,0,0,0,0,0,0,0,0,0,0,0,879667,1,829708,1,0,0
1241,56247876,23817,0,0,0,0,0,0,0,0,0,0,0,0,1070833,1,1004208,1,0,0
1242,55706960,23969,0,0,0,0,0,0,0,0,0,0,0,0,873500,1,822625,1,0,0
1243,54799876,23869,0,0,0,0,0,0,0,0,0,0,0,0,892750,1,833292,1,0,0
1244,55587248,23881,0,0,0,0,0,0,0,0,0,0,0,0,860875,1,808041,1,0,0
1245,54811292,23905,0,0,0,0,0,0,0,0,0,0,0,0,1021125,1,953792,1,0,0
1246,54025500,23881,0,0,0,0,0,0,0,0,0,0,0,0,925042,1,848416,1,0,0
1247,53961456,23869,0,0,0,0,0,0,0,0,0,0,0,0,910959,1,819833,1,0,0
1248,58755376,24749,0,0,0,0,0,0,0,0,0,0,0,0,977041,1,873958,1,0,0
1249,46371876,23817,0,0,0,0,0,0,0,0,0,0,0,0,774000,1,706417,1,0,0
1250,47132456,23881,0,0,0,0,0,0,0,0,0,0,0,0,755250,1,691792,1,0,0
1251,44914376,23869,0,0,0,0,0,0,0,0,0,0,0,0,768791,1,699041,1,0,0
1252,47398544,23905,0,0,0,0,0,0,0,0,0,0,0,0,1043250,1,954375,1,0,0
1253,47003624,23881,0,0,0,0,0,0,0,0,0,0,0,0,848292,1,779375,1,0,0
1254,46804916,23817,0,0,0,0,0,0,0,0,0,0,0,0,761625,1,718000,1,0,0
1255,45825916,23817,0,0,0,0,0,0,0,0,0,0,0,0,788375,1,739292,1,0,0
1256,45683456,24021,0,0,0,0,0,0,0,0,0,0,0,0,738916,1,695625,1,0,0
1257,45821540,23817,0,0,0,0,0,0,0,0,0,0,0,0,1032084,1,960542,1,0,0
1258,47391624,24381,0,0,0,0,0,0,0,0,0,0,0,0,769500,1,728209,1,0,0
1259,57512792,24097,0,0,0,0,0,0,0,0,0,0,0,0,896917,1,841834,1,0,0
1260,54470668,23905,0,0,0,0,0,0,0,0,0,0,0,0,966750,1,913541,1,0,0
1261,54670248,23933,0,0,0,0,0,0,0,0,0,0,0,0,1007708,1,944875,1,0,0
1262,54371416,23817,0,0,0,0,0,0,0,0,0,0,0,0,864417,1,814583,1,0,0
1263,57361248,23969,0,0,0,0,0,0,0,0,0,0,0,0,879459,1,812125,1,0,0
1264,55774584,23817,0,0,0,0,0,0,0,0,0,0,0,0,905542,1,844875,1,0,0
1265,60154752,23933,0,0,0,0,0,0,0,0,0,0,0,0,929500,1,860708,1,0,0
1266,58583248,23377,0,0,0,0,0,0,0,0,0,0,0,0,1016750,1,960542,1,0,0
1267,53783168,23917,0,0,0,0,0,0,0,0,0,0,0,0,828792,1,779333,1,0,0
1268,59802124,23505,0,0,0,0,0,0,0,0,0,0,0,0,1069375,1,1006208,1,0,0
1269,62320544,26943,0,0,0,0,0,0,0,0,0,0,0,0,794584,1,750541,1,0,0
1270,56671708,25967,0,0,0,0,0,0,0,0,0,0,0,0,943042,1,893791,1,0,0
1271,54861584,23353,0,0,0,0,0,0,0,0,0,0,0,0,1098667,1,1026333,1,0,0
1272,56434168,23377,0,0,0,0,0,0,0,0,0,0,0,0,1151375,1,1106458,1,0,0
1273,56075544,23405,0,0,0,0,0,0,0,0,0,0,0,0,821250,1,769166,1,0,0
1274,64518456,23289,0,0,0,0,0,0,0,0,0,0,0,0,830667,1,778625,1,0,0
1275,68461544,24005,0,0,0,0,0,0,0,0,0,0,0,0,1012500,1,958416,1,0,0
1276,67610792,23505,0,0,0,0,0,0,0,0,0,0,0,0,1100750,1,1041458,1,0,0
1277,52271000,23405,0,0,0,0,0,0,0,0,0,0,0,0,855083,1,797500,1,0,0
1278,45159584,23377,0,0,0,0,0,0,0,0,0,0,0,0,682375,1,645959,1,0,0
1279,38745668,23289,0,0,0,0,0,0,0,0,0,0,0,0,703792,1,667792,1,0,0
1280,38007248,23773,0,0,0,0,0,0,0,0,0,0,0,0,803709,1,769459,1,0,0
1281,34159544,23709,0,0,0,0,0,0,0,0,0,0,0,0,611667,1,577875,1,0,0
1282,37610584,27299,0,0,0,0,0,0,0,0,0,0,0,0,630375,1,599583,1,0,0
1283,34720416,26451,0,0,0,0,0,0,0,0,0,0,0,0,675375,1,638250,1,0,0
1284,33594584,23709,0,0,0,0,0,0,0,0,0,0,0,0,608916,1,577125,1,0,0
1285,34493832,23709,0,0,0,0,0,0,0,0,0,0,0,0,635750,1,600292,1,0,0
1286,34195544,23773,0,0,0,0,0,0,0,0,0,0,0,0,602625,1,570750,1,0,0
1287,33355792,23797,0,0,0,0,0,0,0,0,0,0,0,0,613292,1,575542,1,0,0
1288,36076752,24325,0,0,0,0,0,0,0,0,0,0,0,0,861291,1,819417,1,0,0
1289,30651000,23989,0,0,0,0,0,0,0,0,0,0,0,0,564250,1,529583,1,0,0
1290,30707624,23709,0,0,0,0,0,0,0,0,0,0,0,0,557083,1,524833,1,0,0
1291,30314542,23709,0,0,0,0,0,0,0,0,0,0,0,0,562583,1,531625,1,0,0
1292,30279916,23797,0,0,0,0,0,0,0,0,0,0,0,0,578500,1,548750,1,0,0
1293,30378376,23773,0,0,0,0,0,0,0,0,0,0,0,0,595375,1,558375,1,0,0
1294,32000168,23709,0,0,0,0,0,0,0,0,0,0,0,0,580625,1,545125,1,0,0
1295,32252792,23761,0,0,0,0,0,0,0,0,0,0,0,0,611584,1,573500,1,0,0
1296,33193458,23709,0,0,0,0,0,0,0,0,0,0,0,0,609375,1,574584,1,0,0
1297,33717708,23861,0,0,0,0,0,0,0,0,0,0,0,0,592583,1,554458,1,0,0
1298,33129168,23709,0,0,0,0,0,0,0,0,0,0,0,0,633667,1,601625,1,0,0
1299,33501542,23709,0,0,0,0,0,0,0,0,0,0,0,0,631042,1,592958,1,0,0
1300,33063750,23773,0,0,0,0,0,0,0,0,0,0,0,0,626667,1,594458,1,0,0
1301,33838376,23709,0,0,0,0,0,0,0,0,0,0,0,0,630500,1,592250,1,0,0
1302,35552584,23849,0,0,0,0,0,0,0,0,0,0,0,0,683209,1,641583,1,0,0
1303,37193376,24337,0,0,0,0,0,0,0,0,0,0,0,0,700625,1,646291,1,0,0
1304,40830084,23925,0,0,0,0,0,0,0,0,0,0,0,0,660791,1,624000,1,0,0
1305,37456544,23709,0,0,0,0,0,0,0,0,0,0,0,0,747000,1,689416,1,0,0
1306,34311500,23861,0,0,0,0,0,0,0,0,0,0,0,0,643917,1,608833,1,0,0
1307,37576876,23709,0,0,0,0,0,0,0,0,0,0,0,0,647166,1,607334,1,0,0
1308,41889124,23761,0,0,0,0,0,0,0,0,0,0,0,0,816292,1,775667,1,0,0
1309,51562584,23773,0,0,0,0,0,0,0,0,0,0,0,0,932375,1,855917,1,0,0
1310,67467792,23797,0,0,0,0,0,0,0,0,0,0,0,0,1184125,1,1119584,1,0,0
1311,79466704,23773,0,0,0,0,0,0,0,0,0,0,0,0,1050875,1,985333,1,0,0
1312,71246496,23761,0,0,0,0,0,0,0,0,0,0,0,0,1519458,1,1459250,1,0,0
1313,70628208,24425,0,0,0,0,0,0,0,0,0,0,0,0,1405958,1,1326833,1,0,0
1314,76412624,23505,0,0,0,0,0,0,0,0,0,0,0,0,1262167,1,1192000,1,0,0
1315,60038292,23405,0,0,0,0,0,0,0,0,0,0,0,0,1087292,1,1032125,1,0,0
1316,59990624,26827,0,0,0,0,0,0,0,0,0,0,0,0,807375,1,765292,1,0,0
1317,47919752,26031,0,0,0,0,0,0,0,0,0,0,0,0,785416,1,734042,1,0,0
1318,48163456,23289,0,0,0,0,0,0,0,0,0,0,0,0,1062292,1,1014000,1,0,0
1319,46549792,23429,0,0,0,0,0,0,0,0,0,0,0,0,674833,1,638875,1,0,0
1320,46498752,23353,0,0,0,0,0,0,0,0,0,0,0,0,765584,1,702083,1,0,0
1321,47042544,23289,0,0,0,0,0,0,0,0,0,0,0,0,715208,1,669750,1,0,0
1322,55114124,23853,0,0,0,0,0,0,0,0,0,0,0,0,1059792,1,1016125,1,0,0
1323,60461000,23657,0,0,0,0,0,0,0,0,0,0,0,0,1176667,1,1114584,1,0,0
1324,55829376,23341,0,0,0,0,0,0,0,0,0,0,0,0,866708,1,819459,1,0,0
1325,56026584,23353,0,0,0,0,0,0,0,0,0,0,0,0,810167,1,765708,1,0,0
1326,56367376,23377,0,0,0,0,0,0,0,0,0,0,0,0,1011042,1,919833,1,0,0
1327,52675876,23353,0,0,0,0,0,0,0,0,0,0,0,0,836417,1,788000,1,0,0
1328,45192292,23869,0,0,0,0,0,0,0,0,0,0,0,0,1071709,1,1019292,1,0,0
1329,46840124,27355,0,0,0,0,0,0,0,0,0,0,0,0,770958,1,721708,1,0,0
1330,39531544,26559,0,0,0,0,0,0,0,0,0,0,0,0,808250,1,763875,1,0,0
1331,33308292,23817,0,0,0,0,0,0,0,0,0,0,0,0,653583,1,597042,1,0,0
1332,33469208,24381,0,0,0,0,0,0,0,0,0,0,0,0,633958,1,599542,1,0,0
1333,38069544,24185,0,0,0,0,0,0,0,0,0,0,0,0,718250,1,670292,1,0,0
1334,33751668,23869,0,0,0,0,0,0,0,0,0,0,0,0,641250,1,603292,1,0,0
1335,33886292,23817,0,0,0,0,0,0,0,0,0,0,0,0,601459,1,565542,1,0,0
1336,33838124,23881,0,0,0,0,0,0,0,0,0,0,0,0,647459,1,614584,1,0,0
1337,33838544,23817,0,0,0,0,0,0,0,0,0,0,0,0,624792,1,582917,1,0,0
1338,31986042,23905,0,0,0,0,0,0,0,0,0,0,0,0,606042,1,571292,1,0,0
1339,30756292,23817,0,0,0,0,0,0,0,0,0,0,0,0,634916,1,590500,1,0,0
1340,30323458,23881,0,0,0,0,0,0,0,0,0,0,0,0,555917,1,526375,1,0,0
1341,30717124,23869,0,0,0,0,0,0,0,0,0,0,0,0,578667,1,544667,1,0,0
1342,30022084,23817,0,0,0,0,0,0,0,0,0,0,0,0,594833,1,541667,1,0,0
1343,30581084,23905,0,0,0,0,0,0,0,0,0,0,0,0,590542,1,542292,1,0,0
1344,30814250,23881,0,0,0,0,0,0,0,0,0,0,0,0,625875,1,571667,1,0,0
1345,31052916,23817,0,0,0,0,0,0,0,0,0,0,0,0,598167,1,547625,1,0,0
1346,32392334,23817,0,0,0,0,0,0,0,0,0,0,0,0,600042,1,554833,1,0,0
1347,34075584,24381,0,0,0,0,0,0,0,0,0,0,0,0,617083,1,561833,1,0,0
1348,38391000,24237,0,0,0,0,0,0,0,0,0,0,0,0,739792,1,654291,1,0,0
1349,33525500,23817,0,0,0,0,0,0,0,0,0,0,0,0,631500,1,575917,1,0,0
1350,34010664,23817,0,0,0,0,0,0,0,0,0,0,0,0,639125,1,606042,1,0,0
1351,33545624,23881,0,0,0,0,0,0,0,0,0,0,0,0,678166,1,635250,1,0,0
1352,33871208,23817,0,0,0,0,0,0,0,0,0,0,0,0,611625,1,576208,1,0,0
1353,34449752,23905,0,0,0,0,0,0,0,0,0,0,0,0,661750,1,622583,1,0,0
1354,33600708,23933,0,0,0,0,0,0,0,0,0,0,0,0,636666,1,596084,1,0,0
1355,36955084,23817,0,0,0,0,0,0,0,0,0,0,0,0,734833,1,678209,1,0,0
1356,35028248,23817,0,0,0,0,0,0,0,0,0,0,0,0,633583,1,596750,1,0,0
1357,38007208,23881,0,0,0,0,0,0,0,0,0,0,0,0,798959,1,751750,1,0,0
1358,39441000,23905,0,0,0,0,0,0,0,0,0,0,0,0,655292,1,622042,1,0,0
1359,43206752,36946,0,0,0,0,0,0,0,0,0,0,0,0,1177542,1,1132125,1,0,0
1360,48077292,23933,0,0,0,0,0,0,0,0,0,0,0,0,733375,1,690750,1,0,0
1361,67465080,24381,0,0,0,0,0,0,0,0,0,0,0,0,946333,1,880125,1,0,0
1362,68255872,23657,0,0,0,0,0,0,0,0,0,0,0,0,1077167,1,1011792,1,0,0
1363,69927080,23289,0,0,0,0,0,0,0,0,0,0,0,0,874500,1,825667,1,0,0
1364,67295584,23405,0,0,0,0,0,0,0,0,0,0,0,0,1262625,1,1195250,1,0,0
1365,77612336,35675,0,0,0,0,0,0,0,0,0,0,0,0,1193667,1,1138958,1,0,0
1366,64948336,26031,0,0,0,0,0,0,0,0,0,0,0,0,1105958,1,1035375,1,0,0
1367,56682124,23341,0,0,0,0,0,0,0,0,0,0,0,0,904208,1,841583,1,0,0
1368,55144040,24005,0,0,0,0,0,0,0,0,0,0,0,0,861042,1,797916,1,0,0
1369,51456248,23505,0,0,0,0,0,0,0,0,0,0,0,0,777625,1,740583,1,0,0
1370,45384292,23353,0,0,0,0,0,0,0,0,0,0,0,0,719458,1,667000,1,0,0
1371,45836168,23429,0,0,0,0,0,0,0,0,0,0,0,0,1237875,1,1168166,1,0,0
1372,45572664,23289,0,0,0,0,0,0,0,0,0,0,0,0,690875,1,646292,1,0,0
1373,46900416,23353,0,0,0,0,0,0,0,0,0,0,0,0,824209,1,783000,1,0,0
1374,45785040,23289,0,0,0,0,0,0,0,0,0,0,0,0,718833,1,674792,1,0,0
1375,50705416,23377,0,0,0,0,0,0,0,0,0,0,0,0,800625,1,752292,1,0,0
1376,51185708,23825,0,0,0,0,0,0,0,0,0,0,0,0,1003000,1,951291,1,0,0
1377,50587540,23709,0,0,0,0,0,0,0,0,0,0,0,0,869000,1,823125,1,0,0
1378,59751208,27875,0,0,0,0,0,0,0,0,0,0,0,0,870458,1,796500,1,0,0
1379,60882376,26603,0,0,0,0,0,0,0,0,0,0,0,0,918458,1,868417,1,0,0
1380,52146336,23825,0,0,0,0,0,0,0,0,0,0,0,0,847459,1,789958,1,0,0
1381,47343376,23797,0,0,0,0,0,0,0,0,0,0,0,0,818708,1,777875,1,0,0
1382,43258332,23709,0,0,0,0,0,0,0,0,0,0,0,0,741666,1,693417,1,0,0
1383,42036376,23773,0,0,0,0,0,0,0,0,0,0,0,0,719584,1,677417,1,0,0
1384,38360584,23709,0,0,0,0,0,0,0,0,0,0,0,0,692334,1,652208,1,0,0
1385,36501000,23849,0,0,0,0,0,0,0,0,0,0,0,0,648583,1,612459,1,0,0
1386,33703248,23773,0,0,0,0,0,0,0,0,0,0,0,0,621875,1,585416,1,0,0
1387,33469584,23709,0,0,0,0,0,0,0,0,0,0,0,0,622792,1,588666,1,0,0
1388,33454168,23709,0,0,0,0,0,0,0,0,0,0,0,0,615334,1,576667,1,0,0
1389,33180376,23773,0,0,0,0,0,0,0,0,0,0,0,0,720333,1,687875,1,0,0
1390,33809124,23797,0,0,0,0,0,0,0,0,0,0,0,0,639500,1,602084,1,0,0
1391,36463292,24325,0,0,0,0,0,0,0,0,0,0,0,0,659833,1,624667,1,0,0
1392,33494292,23989,0,0,0,0,0,0,0,0,0,0,0,0,638875,1,599084,1,0,0
1393,33940584,23709,0,0,0,0,0,0,0,0,0,0,0,0,641459,1,607250,1,0,0
1394,35688876,23709,0,0,0,0,0,0,0,0,0,0,0,0,626875,1,589833,1,0,0
1395,35512336,23861,0,0,0,0,0,0,0,0,0,0,0,0,778541,1,739459,1,0,0
1396,36999416,23709,0,0,0,0,0,0,0,0,0,0,0,0,794667,1,743333,1,0,0
1397,39096876,23761,0,0,0,0,0,0,0,0,0,0,0,0,1046000,1,983458,1,0,0
1398,35196416,23773,0,0,0,0,0,0,0,0,0,0,0,0,978917,1,932916,1,0,0
1399,35201124,23709,0,0,0,0,0,0,0,0,0,0,0,0,613666,1,578417,1,0,0
1400,36204708,23797,0,0,0,0,0,0,0,0,0,0,0,0,691083,1,646709,1,0,0
1401,35762624,23773,0,0,0,0,0,0,0,0,0,0,0,0,586083,1,553250,1,0,0
1402,40835248,23709,0,0,0,0,0,0,0,0,0,0,0,0,661834,1,623291,1,0,0
1403,44785752,23761,0,0,0,0,0,0,0,0,0,0,0,0,694958,1,659583,1,0,0
1404,54466668,24425,0,0,0,0,0,0,0,0,0,0,0,0,877292,1,823542,1,0,0
1405,73177248,23925,0,0,0,0,0,0,0,0,0,0,0,0,1064834,1,1003709,1,0,0
1406,69515792,23773,0,0,0,0,0,0,0,0,0,0,0,0,1184583,1,1116125,1,0,0
1407,66968168,23849,0,0,0,0,0,0,0,0,0,0,0,0,1072333,1,1009583,1,0,0
1408,66867752,23773,0,0,0,0,0,0,0,0,0,0,0,0,1167750,1,1100666,1,0,0
1409,67869040,23709,0,0,0,0,0,0,0,0,0,0,0,0,1086916,1,1028084,1,0,0
1410,61220168,23493,0,0,0,0,0,0,0,0,0,0,0,0,1062375,1,1006083,1,0,0
1411,52425832,23289,0,0,0,0,0,0,0,0,0,0,0,0,843541,1,792708,1,0,0
1412,52194668,23917,0,0,0,0,0,0,0,0,0,0,0,0,840167,1,797750,1,0,0
1413,53849248,27043,0,0,0,0,0,0,0,0,0,0,0,0,713625,1,674416,1,0,0
1414,47150668,26083,0,0,0,0,0,0,0,0,0,0,0,0,793959,1,736167,1,0,0
1415,46102544,23289,0,0,0,0,0,0,0,0,0,0,0,0,672958,1,635667,1,0,0
1416,50907292,23289,0,0,0,0,0,0,0,0,0,0,0,0,821375,1,772667,1,0,0
1417,54901168,23441,0,0,0,0,0,0,0,0,0,0,0,0,781125,1,730875,1,0,0
1418,58684624,23289,0,0,0,0,0,0,0,0,0,0,0,0,794333,1,747125,1,0,0
1419,63193876,23405,0,0,0,0,0,0,0,0,0,0,0,0,982792,1,928542,1,0,0
1420,59514832,23377,0,0,0,0,0,0,0,0,0,0,0,0,1281500,1,1212750,1,0,0
1421,52084540,23917,0,0,0,0,0,0,0,0,0,0,0,0,846750,1,802541,1,0,0
1422,53465544,23505,0,0,0,0,0,0,0,0,0,0,0,0,946000,1,896167,1,0,0
1423,42776960,23493,0,0,0,0,0,0,0,0,0,0,0,0,724000,1,676125,1,0,0
1424,38377584,23817,0,0,0,0,0,0,0,0,0,0,0,0,829583,1,782875,1,0,0
1425,37239500,23817,0,0,0,0,0,0,0,0,0,0,0,0,662417,1,625125,1,0,0
1426,33813832,23881,0,0,0,0,0,0,0,0,0,0,0,0,604291,1,566709,1,0,0
1427,38392876,27355,0,0,0,0,0,0,0,0,0,0,0,0,631958,1,591792,1,0,0
1428,33706752,26495,0,0,0,0,0,0,0,0,0,0,0,0,630459,1,592083,1,0,0
1429,33432166,23933,0,0,0,0,0,0,0,0,0,0,0,0,613708,1,579208,1,0,0
1430,33502624,23817,0,0,0,0,0,0,0,0,0,0,0,0,640042,1,602875,1,0,0
1431,35195752,23817,0,0,0,0,0,0,0,0,0,0,0,0,622833,1,588667,1,0,0
1432,32912792,23969,0,0,0,0,0,0,0,0,0,0,0,0,639166,1,601666,1,0,0
1433,30181916,23817,0,0,0,0,0,0,0,0,0,0,0,0,586334,1,556292,1,0,0
1434,31209834,23817,0,0,0,0,0,0,0,0,0,0,0,0,576458,1,541542,1,0,0
1435,35389416,24381,0,0,0,0,0,0,0,0,0,0,0,0,678000,1,638000,1,0,0
1436,33266584,24149,0,0,0,0,0,0,0,0,0,0,0,0,589542,1,547041,1,0,0
1437,36174916,23905,0,0,0,0,0,0,0,0,0,0,0,0,664167,1,624541,1,0,0
1438,36309500,23817,0,0,0,0,0,0,0,0,0,0,0,0,648750,1,590208,1,0,0
1439,36802544,23881,0,0,0,0,0,0,0,0,0,0,0,0,750708,1,694500,1,0,0
1440,35714916,23817,0,0,0,0,0,0,0,0,0,0,0,0,712000,1,648791,1,0,0
1441,34927208,23817,0,0,0,0,0,0,0,0,0,0,0,0,657875,1,608291,1,0,0
1442,37081456,24021,0,0,0,0,0,0,0,0,0,0,0,0,641958,1,587125,1,0,0
1443,43770208,23817,0,0,0,0,0,0,0,0,0,0,0,0,808834,1,741417,1,0,0
1444,50132876,23817,0,0,0,0,0,0,0,0,0,0,0,0,877334,1,807458,1,0,0
1445,62763584,23881,0,0,0,0,0,0,0,0,0,0,0,0,1054208,1,973584,1,0,0
1446,67031876,24469,0,0,0,0,0,0,0,0,0,0,0,0,1198416,1,1129000,1,0,0
1447,74108624,24149,0,0,0,0,0,0,0,0,0,0,0,0,1129250,1,1066292,1,0,0
1448,67733040,23817,0,0,0,0,0,0,0,0,0,0,0,0,1074000,1,1000584,1,0,0
1449,68659376,23969,0,0,0,0,0,0,0,0,0,0,0,0,1060583,1,995667,1,0,0
1450,58186916,23869,0,0,0,0,0,0,0,0,0,0,0,0,1128416,1,1048875,1,0,0
1451,55346460,23881,0,0,0,0,0,0,0,0,0,0,0,0,1028542,1,972875,1,0,0
1452,49425124,23905,0,0,0,0,0,0,0,0,0,0,0,0,932625,1,866667,1,0,0
1453,46543248,23881,0,0,0,0,0,0,0,0,0,0,0,0,807208,1,762250,1,0,0
1454,47052500,23869,0,0,0,0,0,0,0,0,0,0,0,0,771916,1,723500,1,0,0
1455,47138916,24381,0,0,0,0,0,0,0,0,0,0,0,0,743208,1,700583,1,0,0
1456,55054832,24185,0,0,0,0,0,0,0,0,0,0,0,0,1004750,1,930667,1,0,0
1457,56045332,23817,0,0,0,0,0,0,0,0,0,0,0,0,1229625,1,1185250,1,0,0
1458,53471460,23405,0,0,0,0,0,0,0,0,0,0,0,0,849750,1,803250,1,0,0
1459,72507664,26827,0,0,0,0,0,0,0,0,0,0,0,0,827041,1,771292,1,0,0
1460,77254040,26031,0,0,0,0,0,0,0,0,0,0,0,0,1076125,1,1011500,1,0,0
1461,70597296,23341,0,0,0,0,0,0,0,0,0,0,0,0,1072000,1,1012417,1,0,0
1462,69494040,23441,0,0,0,0,0,0,0,0,0,0,0,0,1272084,1,1210167,1,0,0
1463,66313708,23853,0,0,0,0,0,0,0,0,0,0,0,0,1028083,1,964084,1,0,0
1464,59187084,23621,0,0,0,0,0,0,0,0,0,0,0,0,962792,1,912667,1,0,0
1465,41722456,23377,0,0,0,0,0,0,0,0,0,0,0,0,691792,1,653917,1,0,0
1466,35854832,23353,0,0,0,0,0,0,0,0,0,0,0,0,646459,1,585750,1,0,0
1467,33970668,23289,0,0,0,0,0,0,0,0,0,0,0,0,553167,1,525375,1,0,0
1468,34192668,23289,0,0,0,0,0,0,0,0,0,0,0,0,590959,1,562208,1,0,0
1469,33884336,23405,0,0,0,0,0,0,0,0,0,0,0,0,610542,1,572042,1,0,0
1470,34472084,23377,0,0,0,0,0,0,0,0,0,0,0,0,567917,1,533750,1,0,0
1471,33788916,23491,0,0,0,0,0,0,0,0,0,0,0,0,588333,1,557000,1,0,0
1472,30367668,23773,0,0,0,0,0,0,0,0,0,0,0,0,692125,1,654875,1,0,0
1473,30339876,23709,0,0,0,0,0,0,0,0,0,0,0,0,558083,1,529750,1,0,0
1474,30369624,23709,0,0,0,0,0,0,0,0,0,0,0,0,574625,1,538375,1,0,0
1475,34550416,27247,0,0,0,0,0,0,0,0,0,0,0,0,588667,1,560042,1,0,0
1476,31349624,27067,0,0,0,0,0,0,0,0,0,0,0,0,667625,1,612417,1,0,0
1477,33836708,23925,0,0,0,0,0,0,0,0,0,0,0,0,689792,1,652208,1,0,0
1478,30518292,23709,0,0,0,0,0,0,0,0,0,0,0,0,596542,1,561458,1,0,0
1479,31261876,23709,0,0,0,0,0,0,0,0,0,0,0,0,592125,1,559709,1,0,0
1480,32439208,23861,0,0,0,0,0,0,0,0,0,0,0,0,576083,1,538167,1,0,0
1481,32323166,23709,0,0,0,0,0,0,0,0,0,0,0,0,551459,1,522083,1,0,0
1482,33874544,23709,0,0,0,0,0,0,0,0,0,0,0,0,840125,1,788000,1,0,0
1483,35695916,23761,0,0,0,0,0,0,0,0,0,0,0,0,890959,1,847959,1,0,0
1484,35056208,23773,0,0,0,0,0,0,0,0,0,0,0,0,597084,1,557542,1,0,0
1485,35137832,23797,0,0,0,0,0,0,0,0,0,0,0,0,602708,1,566875,1,0,0
1486,36992664,23709,0,0,0,0,0,0,0,0,0,0,0,0,601250,1,564375,1,0,0
1487,42554040,23773,0,0,0,0,0,0,0,0,0,0,0,0,650667,1,615709,1,0,0
1488,51605708,23709,0,0,0,0,0,0,0,0,0,0,0,0,844542,1,786417,1,0,0
1489,66119916,24413,0,0,0,0,0,0,0,0,0,0,0,0,830250,1,782833,1,0,0
1490,74703168,23989,0,0,0,0,0,0,0,0,0,0,0,0,1121583,1,1042917,1,0,0
1491,74443416,23709,0,0,0,0,0,0,0,0,0,0,0,0,1103292,1,1041542,1,0,0
1492,65790708,23913,0,0,0,0,0,0,0,0,0,0,0,0,1081042,1,1005833,1,0,0
1493,69231712,24007,0,0,0,0,0,0,0,0,0,0,0,0,1036291,1,973875,1,0,0
1494,68584752,23773,0,0,0,0,0,0,0,0,0,0,0,0,1196667,1,1122333,1,0,0
1495,54953664,23849,0,0,0,0,0,0,0,0,0,0,0,0,962916,1,907542,1,0,0
1496,54665584,23773,0,0,0,0,0,0,0,0,0,0,0,0,972125,1,899958,1,0,0
1497,46870000,24273,0,0,0,0,0,0,0,0,0,0,0,0,957208,1,905792,1,0,0
1498,52496792,24077,0,0,0,0,0,0,0,0,0,0,0,0,785625,1,728042,1,0,0
1499,44999292,23761,0,0,0,0,0,0,0,0,0,0,0,0,818416,1,776292,1,0,0
1500,47303584,23709,0,0,0,0,0,0,0,0,0,0,0,0,1038709,1,991041,1,0,0
1501,47413544,23773,0,0,0,0,0,0,0,0,0,0,0,0,1212333,1,1172750,1,0,0
1502,53145876,23797,0,0,0,0,0,0,0,0,0,0,0,0,762958,1,717167,1,0,0
1503,54905792,23773,0,0,0,0,0,0,0,0,0,0,0,0,1267584,1,1204166,1,0,0
1504,57166624,23761,0,0,0,0,0,0,0,0,0,0,0,0,1105875,1,1023291,1,0,0
1505,65192416,23861,0,0,0,0,0,0,0,0,0,0,0,0,857833,1,811916,1,0,0
1506,67893752,23853,0,0,0,0,0,0,0,0,0,0,0,0,1105125,1,1039542,1,0,0
1507,69093584,23569,0,0,0,0,0,0,0,0,0,0,0,0,1090042,1,1035708,1,0,0
1508,62313876,26879,0,0,0,0,0,0,0,0,0,0,0,0,839125,1,796666,1,0,0
1509,59137040,26031,0,0,0,0,0,0,0,0,0,0,0,0,1052791,1,995542,1,0,0
1510,53516124,23289,0,0,0,0,0,0,0,0,0,0,0,0,791833,1,727333,1,0,0
1511,51856456,23441,0,0,0,0,0,0,0,0,0,0,0,0,801333,1,759125,1,0,0
1512,52000336,23341,0,0,0,0,0,0,0,0,0,0,0,0,856208,1,805125,1,0,0
1513,44470960,23353,0,0,0,0,0,0,0,0,0,0,0,0,747625,1,701458,1,0,0
1514,43561540,23289,0,0,0,0,0,0,0,0,0,0,0,0,718125,1,664542,1,0,0
1515,41251040,23377,0,0,0,0,0,0,0,0,0,0,0,0,621542,1,584292,1,0,0
1516,40647332,23917,0,0,0,0,0,0,0,0,0,0,0,0,626584,1,592125,1,0,0
1517,43732832,23557,0,0,0,0,0,0,0,0,0,0,0,0,1046334,1,1006459,1,0,0
1518,39068336,23289,0,0,0,0,0,0,0,0,0,0,0,0,603625,1,569708,1,0,0
1519,38465544,23441,0,0,0,0,0,0,0,0,0,0,0,0,553250,1,520667,1,0,0
1520,41026376,23817,0,0,0,0,0,0,0,0,0,0,0,0,839459,1,793916,1,0,0
1521,40783916,23817,0,0,0,0,0,0,0,0,0,0,0,0,675583,1,638250,1,0,0
1522,47844168,23933,0,0,0,0,0,0,0,0,0,0,0,0,1115166,1,1070167,1,0,0
1523,56161752,27355,0,0,0,0,0,0,0,0,0,0,0,0,780584,1,737459,1,0,0
1524,53686332,26559,0,0,0,0,0,0,0,0,0,0,0,0,1192875,1,1132000,1,0,0
1525,67543960,23817,0,0,0,0,0,0,0,0,0,0,0,0,1299375,1,1212375,1,0,0
1526,66829416,24585,0,0,0,0,0,0,0,0,0,0,0,0,1086917,1,995500,1,0,0
1527,75334496,24033,0,0,0,0,0,0,0,0,0,0,0,0,1174291,1,1108834,1,0,0
1528,67737960,23881,0,0,0,0,0,0,0,0,0,0,0,0,1154583,1,1079625,1,0,0
1529,64282584,23957,0,0,0,0,0,0,0,0,0,0,0,0,1604666,1,1536416,1,0,0
1530,55704416,23881,0,0,0,0,0,0,0,0,0,0,0,0,1359792,1,1277625,1,0,0
1531,51285456,23817,0,0,0,0,0,0,0,0,0,0,0,0,1174917,1,1117083,1,0,0
1532,47531584,23969,0,0,0,0,0,0,0,0,0,0,0,0,815208,1,763334,1,0,0
1533,46378000,23869,0,0,0,0,0,0,0,0,0,0,0,0,754334,1,703042,1,0,0
1534,47769208,23817,0,0,0,0,0,0,0,0,0,0,0,0,755417,1,686750,1,0,0
1535,54365916,24445,0,0,0,0,0,0,0,0,0,0,0,0,830625,1,769959,1,0,0
1536,61412664,24121,0,0,0,0,0,0,0,0,0,0,0,0,1198583,1,1091625,1,0,0
1537,54895544,23933,0,0,0,0,0,0,0,0,0,0,0,0,922792,1,851458,1,0,0
1538,54706916,23817,0,0,0,0,0,0,0,0,0,0,0,0,1069500,1,993000,1,0,0
1539,61844752,23969,0,0,0,0,0,0,0,0,0,0,0,0,916833,1,831500,1,0,0
1540,62146336,23817,0,0,0,0,0,0,0,0,0,0,0,0,1208042,1,1100959,1,0,0
1541,56948248,23933,0,0,0,0,0,0,0,0,0,0,0,0,918875,1,833958,1,0,0
1542,53980124,23905,0,0,0,0,0,0,0,0,0,0,0,0,932625,1,852500,1,0,0
1543,54464832,23881,0,0,0,0,0,0,0,0,0,0,0,0,902000,1,844875,1,0,0
1544,50492792,24381,0,0,0,0,0,0,0,0,0,0,0,0,1395542,1,1328583,1,0,0
1545,47455624,24237,0,0,0,0,0,0,0,0,0,0,0,0,778292,1,735833,1,0,0
1546,46967168,23817,0,0,0,0,0,0,0,0,0,0,0,0,767000,1,715500,1,0,0
1547,45668332,23817,0,0,0,0,0,0,0,0,0,0,0,0,740542,1,696458,1,0,0
1548,45395040,23881,0,0,0,0,0,0,0,0,0,0,0,0,907958,1,841792,1,0,0
1549,43763292,23905,0,0,0,0,0,0,0,0,0,0,0,0,780125,1,735917,1,0,0
1550,44217376,23869,0,0,0,0,0,0,0,0,0,0,0,0,999041,1,946750,1,0,0
1551,45705124,23881,0,0,0,0,0,0,0,0,0,0,0,0,917167,1,853167,1,0,0
1552,45810624,23817,0,0,0,0,0,0,0,0,0,0,0,0,903791,1,846791,1,0,0
1553,45897708,23905,0,0,0,0,0,0,0,0,0,0,0,0,815083,1,766958,1,0,0
1554,46274752,23353,0,0,0,0,0,0,0,0,0,0,0,0,1087500,1,1039375,1,0,0
1555,54513460,23905,0,0,0,0,0,0,0,0,0,0,0,0,814916,1,768750,1,0,0
1556,53114456,23569,0,0,0,0,0,0,0,0,0,0,0,0,837542,1,783958,1,0,0
1557,62967124,26827,0,0,0,0,0,0,0,0,0,0,0,0,923875,1,876000,1,0,0
1558,62702664,26031,0,0,0,0,0,0,0,0,0,0,0,0,1011417,1,941417,1,0,0
1559,61177332,23341,0,0,0,0,0,0,0,0,0,0,0,0,1236667,1,1182125,1,0,0
1560,59264292,23441,0,0,0,0,0,0,0,0,0,0,0,0,989375,1,933917,1,0,0
1561,55035916,23289,0,0,0,0,0,0,0,0,0,0,0,0,843500,1,791417,1,0,0
1562,54230752,23353,0,0,0,0,0,0,0,0,0,0,0,0,827958,1,784917,1,0,0
1563,55116832,23993,0,0,0,0,0,0,0,0,0,0,0,0,800292,1,756917,1,0,0
1564,61678708,23569,0,0,0,0,0,0,0,0,0,0,0,0,859583,1,804416,1,0,0
1565,55143832,23289,0,0,0,0,0,0,0,0,0,0,0,0,1100417,1,1056625,1,0,0
1566,55470376,23441,0,0,0,0,0,0,0,0,0,0,0,0,833917,1,789833,1,0,0
1567,54593040,23341,0,0,0,0,0,0,0,0,0,0,0,0,901250,1,838459,1,0,0
1568,50017752,23773,0,0,0,0,0,0,0,0,0,0,0,0,1069917,1,1013750,1,0,0
1569,49882960,27247,0,0,0,0,0,0,0,0,0,0,0,0,778500,1,731125,1,0,0
1570,39700752,26387,0,0,0,0,0,0,0,0,0,0,0,0,755792,1,711166,1,0,0
1571,37609708,23773,0,0,0,0,0,0,0,0,0,0,0,0,667708,1,631833,1,0,0
1572,35461876,23761,0,0,0,0,0,0,0,0,0,0,0,0,656958,1,615209,1,0,0
1573,33390124,23797,0,0,0,0,0,0,0,0,0,0,0,0,608750,1,575500,1,0,0
1574,38015168,24337,0,0,0,0,0,0,0,0,0,0,0,0,765333,1,711375,1,0,0
1575,33695664,23925,0,0,0,0,0,0,0,0,0,0,0,0,632000,1,599750,1,0,0
1576,33337416,23709,0,0,0,0,0,0,0,0,0,0,0,0,621792,1,581625,1,0,0
1577,33391416,23773,0,0,0,0,0,0,0,0,0,0,0,0,590625,1,558125,1,0,0
1578,33575916,23849,0,0,0,0,0,0,0,0,0,0,0,0,624042,1,585250,1,0,0
1579,33427416,23709,0,0,0,0,0,0,0,0,0,0,0,0,617208,1,582667,1,0,0
1580,33418292,23773,0,0,0,0,0,0,0,0,0,0,0,0,612083,1,574542,1,0,0
1581,33818248,23709,0,0,0,0,0,0,0,0,0,0,0,0,637375,1,604666,1,0,0
1582,33392042,23709,0,0,0,0,0,0,0,0,0,0,0,0,640958,1,604125,1,0,0
1583,33198208,23861,0,0,0,0,0,0,0,0,0,0,0,0,603000,1,570833,1,0,0
1584,30522416,23761,0,0,0,0,0,0,0,0,0,0,0,0,568542,1,535375,1,0,0
1585,30318834,23709,0,0,0,0,0,0,0,0,0,0,0,0,548375,1,519000,1,0,0
1586,30415958,23709,0,0,0,0,0,0,0,0,0,0,0,0,587334,1,552167,1,0,0
1587,31236332,23773,0,0,0,0,0,0,0,0,0,0,0,0,586167,1,555666,1,0,0
1588,32917000,23797,0,0,0,0,0,0,0,0,0,0,0,0,577084,1,539417,1,0,0
1589,32882624,24273,0,0,0,0,0,0,0,0,0,0,0,0,649750,1,608541,1,0,0
1590,37359500,23925,0,0,0,0,0,0,0,0,0,0,0,0,720875,1,682958,1,0,0
1591,32769584,23825,0,0,0,0,0,0,0,0,0,0,0,0,592041,1,558959,1,0,0
1592,32698832,23709,0,0,0,0,0,0,0,0,0,0,0,0,577500,1,540833,1,0,0
1593,33378292,23797,0,0,0,0,0,0,0,0,0,0,0,0,615750,1,583541,1,0,0
1594,33571292,23709,0,0,0,0,0,0,0,0,0,0,0,0,634542,1,591916,1,0,0
1595,35415916,23773,0,0,0,0,0,0,0,0,0,0,0,0,643500,1,608750,1,0,0
1596,35676752,23709,0,0,0,0,0,0,0,0,0,0,0,0,598709,1,561875,1,0,0
1597,36637292,23761,0,0,0,0,0,0,0,0,0,0,0,0,709042,1,650166,1,0,0
1598,37713668,23861,0,0,0,0,0,0,0,0,0,0,0,0,631917,1,595542,1,0,0
1599,38721084,23709,0,0,0,0,0,0,0,0,0,0,0,0,1003709,1,959333,1,0,0
1600,33967292,23709,0,0,0,0,0,0,0,0,0,0,0,0,597250,1,561792,1,0,0
1601,40689752,23773,0,0,0,0,0,0,0,0,0,0,0,0,669583,1,629458,1,0,0
1602,48194292,23377,0,0,0,0,0,0,0,0,0,0,0,0,1155125,1,1112709,1,0,0
1603,65809416,23905,0,0,0,0,0,0,0,0,0,0,0,0,985125,1,932792,1,0,0
1604,70250664,23569,0,0,0,0,0,0,0,0,0,0,0,0,1355375,1,1282541,1,0,0
1605,79841168,26827,0,0,0,0,0,0,0,0,0,0,0,0,894417,1,847834,1,0,0
1606,69758752,26083,0,0,0,0,0,0,0,0,0,0,0,0,955250,1,901833,1,0,0
1607,65881292,23289,0,0,0,0,0,0,0,0,0,0,0,0,1003500,1,941000,1,0,0
1608,64901040,23441,0,0,0,0,0,0,0,0,0,0,0,0,1263708,1,1194208,1,0,0
1609,53010624,23341,0,0,0,0,0,0,0,0,0,0,0,0,795667,1,752750,1,0,0
1610,46076916,26037,0,0,0,0,0,0,0,0,0,0,0,0,749375,1,707500,1,0,0
1611,52096460,23593,0,0,0,0,0,0,0,0,0,0,0,0,1177833,1,1124334,1,0,0
1612,45577668,23289,0,0,0,0,0,0,0,0,0,0,0,0,702875,1,665375,1,0,0
1613,46524916,23353,0,0,0,0,0,0,0,0,0,0,0,0,707833,1,663167,1,0,0
1614,46456456,23341,0,0,0,0,0,0,0,0,0,0,0,0,958750,1,912167,1,0,0
1615,47043668,23377,0,0,0,0,0,0,0,0,0,0,0,0,858375,1,795333,1,0,0
1616,47696708,23881,0,0,0,0,0,0,0,0,0,0,0,0,923584,1,873959,1,0,0
1617,55676168,23817,0,0,0,0,0,0,0,0,0,0,0,0,1019041,1,969125,1,0,0
1618,63537544,27419,0,0,0,0,0,0,0,0,0,0,0,0,1168875,1,1112167,1,0,0
1619,57037624,26547,0,0,0,0,0,0,0,0,0,0,0,0,1033333,1,980958,1,0,0
1620,65616248,24445,0,0,0,0,0,0,0,0,0,0,0,0,1074417,1,996042,1,0,0
1621,64681168,24121,0,0,0,0,0,0,0,0,0,0,0,0,1085541,1,1011958,1,0,0
1622,55603752,23881,0,0,0,0,0,0,0,0,0,0,0,0,909875,1,850959,1,0,0
1623,57026040,23869,0,0,0,0,0,0,0,0,0,0,0,0,883084,1,833209,1,0,0
1624,53330876,23969,0,0,0,0,0,0,0,0,0,0,0,0,1102167,1,1035584,1,0,0
1625,52043456,23817,0,0,0,0,0,0,0,0,0,0,0,0,872750,1,819625,1,0,0
1626,49627456,23881,0,0,0,0,0,0,0,0,0,0,0,0,916458,1,857125,1,0,0
1627,43588292,23957,0,0,0,0,0,0,0,0,0,0,0,0,832042,1,782916,1,0,0
1628,42356668,23817,0,0,0,0,0,0,0,0,0,0,0,0,777500,1,714584,1,0,0
1629,39376124,23881,0,0,0,0,0,0,0,0,0,0,0,0,659208,1,621708,1,0,0
1630,45746544,24381,0,0,0,0,0,0,0,0,0,0,0,0,1062167,1,981750,1,0,0
1631,40057000,24121,0,0,0,0,0,0,0,0,0,0,0,0,625375,1,575167,1,0,0
1632,39228084,23933,0,0,0,0,0,0,0,0,0,0,0,0,696625,1,636250,1,0,0
1633,42431960,23817,0,0,0,0,0,0,0,0,0,0,0,0,962792,1,903291,1,0,0
1634,44700668,23817,0,0,0,0,0,0,0,0,0,0,0,0,1026708,1,964541,1,0,0
1635,49586248,23969,0,0,0,0,0,0,0,0,0,0,0,0,752333,1,689666,1,0,0
1636,57646332,23817,0,0,0,0,0,0,0,0,0,0,0,0,957834,1,865917,1,0,0
1637,67705712,23933,0,0,0,0,0,0,0,0,0,0,0,0,1308208,1,1203041,1,0,0
1638,70072960,23905,0,0,0,0,0,0,0,0,0,0,0,0,1260750,1,1185500,1,0,0
1639,68388336,24445,0,0,0,0,0,0,0,0,0,0,0,0,1081875,1,1019000,1,0,0
1640,69538336,24085,0,0,0,0,0,0,0,0,0,0,0,0,1208208,1,1130208,1,0,0
1641,55420916,23969,0,0,0,0,0,0,0,0,0,0,0,0,915375,1,860500,1,0,0
1642,55707792,23817,0,0,0,0,0,0,0,0,0,0,0,0,1240667,1,1181667,1,0,0
1643,53254792,23881,0,0,0,0,0,0,0,0,0,0,0,0,902958,1,850708,1,0,0
1644,51267084,23957,0,0,0,0,0,0,0,0,0,0,0,0,988375,1,900750,1,0,0
1645,50971248,23881,0,0,0,0,0,0,0,0,0,0,0,0,762250,1,718792,1,0,0
1646,55381668,23817,0,0,0,0,0,0,0,0,0,0,0,0,862333,1,807666,1,0,0
1647,55755624,23969,0,0,0,0,0,0,0,0,0,0,0,0,1285458,1,1218083,1,0,0
1648,57275624,24433,0,0,0,0,0,0,0,0,0,0,0,0,886291,1,815708,1,0,0
1649,60313416,24097,0,0,0,0,0,0,0,0,0,0,0,0,1128250,1,1056750,1,0,0
1650,56060500,23377,0,0,0,0,0,0,0,0,0,0,0,0,871167,1,813750,1,0,0
1651,52373960,23353,0,0,0,0,0,0,0,0,0,0,0,0,843458,1,797375,1,0,0
1652,46145876,23341,0,0,0,0,0,0,0,0,0,0,0,0,712125,1,674458,1,0,0
1653,49478376,26827,0,0,0,0,0,0,0,0,0,0,0,0,723375,1,680750,1,0,0
1654,40681540,26031,0,0,0,0,0,0,0,0,0,0,0,0,734833,1,692583,1,0,0
1655,37662208,23289,0,0,0,0,0,0,0,0,0,0,0,0,643583,1,610792,1,0,0
1656,37901752,23289,0,0,0,0,0,0,0,0,0,0,0,0,642584,1,603292,1,0,0
1657,33961084,23493,0,0,0,0,0,0,0,0,0,0,0,0,593667,1,565875,1,0,0
1658,34088916,23289,0,0,0,0,0,0,0,0,0,0,0,0,552083,1,524584,1,0,0
1659,34671084,23853,0,0,0,0,0,0,0,0,0,0,0,0,572125,1,530459,1,0,0
1660,40423876,23569,0,0,0,0,0,0,0,0,0,0,0,0,606250,1,574208,1,0,0
1661,35264960,23289,0,0,0,0,0,0,0,0,0,0,0,0,561791,1,530917,1,0,0
1662,36553916,23377,0,0,0,0,0,0,0,0,0,0,0,0,656916,1,616334,1,0,0
1663,36504584,23405,0,0,0,0,0,0,0,0,0,0,0,0,982209,1,938833,1,0,0
1664,38982000,23709,0,0,0,0,0,0,0,0,0,0,0,0,943916,1,888458,1,0,0
1665,39859752,23709,0,0,0,0,0,0,0,0,0,0,0,0,629875,1,596042,1,0,0
1666,51061960,27311,0,0,0,0,0,0,0,0,0,0,0,0,865500,1,807000,1,0,0
1667,53397332,26387,0,0,0,0,0,0,0,0,0,0,0,0,1128333,1,1076166,1,0,0
1668,67314336,23825,0,0,0,0,0,0,0,0,0,0,0,0,1010875,1,938375,1,0,0
1669,72128624,23797,0,0,0,0,0,0,0,0,0,0,0,0,1037000,1,978083,1,0,0
1670,79770376,24337,0,0,0,0,0,0,0,0,0,0,0,0,1959666,1,1893167,1,0,0
1671,80589584,24065,0,0,0,0,0,0,0,0,0,0,0,0,1153667,1,1091458,1,0,0
1672,67927624,23773,0,0,0,0,0,0,0,0,0,0,0,0,1061958,1,988208,1,0,0
1673,57691960,23709,0,0,0,0,0,0,0,0,0,0,0,0,1053708,1,991792,1,0,0
1674,54929752,23913,0,0,0,0,0,0,0,0,0,0,0,0,1253917,1,1181542,1,0,0
1675,47232544,23709,0,0,0,0,0,0,0,0,0,0,0,0,864917,1,810958,1,0,0
1676,47921000,23773,0,0,0,0,0,0,0,0,0,0,0,0,934916,1,887000,1,0,0
1677,51855752,23709,0,0,0,0,0,0,0,0,0,0,0,0,1025209,1,963333,1,0,0
1678,55252292,24413,0,0,0,0,0,0,0,0,0,0,0,0,1223625,1,1162750,1,0,0
1679,61870084,23989,0,0,0,0,0,0,0,0,0,0,0,0,1226541,1,1175708,1,0,0
1680,55354000,23709,0,0,0,0,0,0,0,0,0,0,0,0,873750,1,818375,1,0,0
1681,55850292,23861,0,0,0,0,0,0,0,0,0,0,0,0,878000,1,830625,1,0,0
1682,60731584,23761,0,0,0,0,0,0,0,0,0,0,0,0,1248958,1,1194541,1,0,0
1683,54461040,23773,0,0,0,0,0,0,0,0,0,0,0,0,882417,1,833667,1,0,0
1684,52151168,23797,0,0,0,0,0,0,0,0,0,0,0,0,888584,1,829500,1,0,0
1685,44644876,23773,0,0,0,0,0,0,0,0,0,0,0,0,761334,1,719542,1,0,0
1686,40209456,23761,0,0,0,0,0,0,0,0,0,0,0,0,729333,1,678500,1,0,0
1687,38340084,23709,0,0,0,0,0,0,0,0,0,0,0,0,775584,1,727208,1,0,0
1688,34357084,24425,0,0,0,0,0,0,0,0,0,0,0,0,712208,1,672334,1,0,0
1689,38047540,23925,0,0,0,0,0,0,0,0,0,0,0,0,712167,1,671667,1,0,0
1690,33533916,23709,0,0,0,0,0,0,0,0,0,0,0,0,613291,1,577208,1,0,0
1691,33705124,23773,0,0,0,0,0,0,0,0,0,0,0,0,608542,1,572375,1,0,0
1692,33308500,23761,0,0,0,0,0,0,0,0,0,0,0,0,644584,1,592667,1,0,0
1693,33348124,23797,0,0,0,0,0,0,0,0,0,0,0,0,635459,1,604125,1,0,0
1694,33401876,23773,0,0,0,0,0,0,0,0,0,0,0,0,593334,1,553292,1,0,0
1695,33708000,23709,0,0,0,0,0,0,0,0,0,0,0,0,640958,1,608083,1,0,0
1696,33569916,23709,0,0,0,0,0,0,0,0,0,0,0,0,603667,1,568750,1,0,0
1697,31633708,23773,0,0,0,0,0,0,0,0,0,0,0,0,602750,1,574583,1,0,0
1698,31462168,23377,0,0,0,0,0,0,0,0,0,0,0,0,574792,1,548708,1,0,0
1699,31006084,23341,0,0,0,0,0,0,0,0,0,0,0,0,534291,1,504375,1,0,0
1700,31301332,23289,0,0,0,0,0,0,0,0,0,0,0,0,531000,1,503166,1,0,0
1701,32854708,23353,0,0,0,0,0,0,0,0,0,0,0,0,606625,1,578167,1,0,0
1702,32549208,23289,0,0,0,0,0,0,0,0,0,0,0,0,562667,1,519917,1,0,0
1703,36741960,27391,0,0,0,0,0,0,0,0,0,0,0,0,566791,1,534792,1,0,0
1704,37762168,26247,0,0,0,0,0,0,0,0,0,0,0,0,557333,1,527292,1,0,0
1705,32044208,23341,0,0,0,0,0,0,0,0,0,0,0,0,517125,1,488375,1,0,0
1706,33362334,23289,0,0,0,0,0,0,0,0,0,0,0,0,568166,1,539792,1,0,0
1707,33489332,23353,0,0,0,0,0,0,0,0,0,0,0,0,589500,1,560125,1,0,0
1708,33489208,23377,0,0,0,0,0,0,0,0,0,0,0,0,596917,1,559750,1,0,0
1709,33849584,23289,0,0,0,0,0,0,0,0,0,0,0,0,585791,1,556209,1,0,0
1710,34944124,23353,0,0,0,0,0,0,0,0,0,0,0,0,568041,1,536375,1,0,0
1711,33462832,23341,0,0,0,0,0,0,0,0,0,0,0,0,565000,1,530125,1,0,0
1712,33864832,23817,0,0,0,0,0,0,0,0,0,0,0,0,744209,1,705666,1,0,0
1713,38911208,27419,0,0,0,0,0,0,0,0,0,0,0,0,640000,1,605958,1,0,0
1714,36023000,26495,0,0,0,0,0,0,0,0,0,0,0,0,678292,1,636167,1,0,0
1715,36370916,23817,0,0,0,0,0,0,0,0,0,0,0,0,616750,1,581417,1,0,0
1716,37260876,23881,0,0,0,0,0,0,0,0,0,0,0,0,624583,1,584917,1,0,0
1717,37749248,24433,0,0,0,0,0,0,0,0,0,0,0,0,603500,1,570042,1,0,0
1718,44075664,24121,0,0,0,0,0,0,0,0,0,0,0,0,769042,1,716792,1,0,0
1719,43770248,23881,0,0,0,0,0,0,0,0,0,0,0,0,671250,1,633250,1,0,0
1720,52868376,23817,0,0,0,0,0,0,0,0,0,0,0,0,941666,1,880875,1,0,0
1721,66726416,23817,0,0,0,0,0,0,0,0,0,0,0,0,1182792,1,1115000,1,0,0
1722,67196128,24021,0,0,0,0,0,0,0,0,0,0,0,0,1261500,1,1179084,1,0,0
1723,67582752,23817,0,0,0,0,0,0,0,0,0,0,0,0,1141584,1,1077375,1,0,0
1724,69469376,23881,0,0,0,0,0,0,0,0,0,0,0,0,1130042,1,1054834,1,0,0
1725,69904128,23957,0,0,0,0,0,0,0,0,0,0,0,0,1048792,1,988333,1,0,0
1726,75378208,24445,0,0,0,0,0,0,0,0,0,0,0,0,1244000,1,1094875,1,0,0
1727,57262084,24033,0,0,0,0,0,0,0,0,0,0,0,0,1039750,1,946708,1,0,0
1728,54247792,24021,0,0,0,0,0,0,0,0,0,0,0,0,1230292,1,1130750,1,0,0
1729,47922248,23817,0,0,0,0,0,0,0,0,0,0,0,0,1187084,1,1077125,1,0,0
1730,46298124,23881,0,0,0,0,0,0,0,0,0,0,0,0,1154792,1,1067750,1,0,0
1731,46759708,23817,0,0,0,0,0,0,0,0,0,0,0,0,802042,1,737708,1,0,0
1732,53082584,23905,0,0,0,0,0,0,0,0,0,0,0,0,809375,1,733292,1,0,0
1733,56349832,23933,0,0,0,0,0,0,0,0,0,0,0,0,889333,1,816417,1,0,0
1734,57141708,23817,0,0,0,0,0,0,0,0,0,0,0,0,1131375,1,1075166,1,0,0
1735,67251584,24533,0,0,0,0,0,0,0,0,0,0,0,0,1245750,1,1190750,1,0,0
1736,68969168,24033,0,0,0,0,0,0,0,0,0,0,0,0,1092583,1,1006417,1,0,0
1737,63262332,23933,0,0,0,0,0,0,0,0,0,0,0,0,1212458,1,1149791,1,0,0
1738,58810000,23905,0,0,0,0,0,0,0,0,0,0,0,0,992500,1,926500,1,0,0
1739,56647248,23881,0,0,0,0,0,0,0,0,0,0,0,0,1018583,1,958000,1,0,0
1740,55106248,23817,0,0,0,0,0,0,0,0,0,0,0,0,940459,1,875875,1,0,0
1741,58060584,24021,0,0,0,0,0,0,0,0,0,0,0,0,908208,1,854250,1,0,0
1742,52407000,23817,0,0,0,0,0,0,0,0,0,0,0,0,916125,1,852292,1,0,0
1743,52660040,24445,0,0,0,0,0,0,0,0,0,0,0,0,872333,1,820625,1,0,0
1744,50046084,24121,0,0,0,0,0,0,0,0,0,0,0,0,965292,1,896083,1,0,0
1745,41621832,23933,0,0,0,0,0,0,0,0,0,0,0,0,759459,1,716666,1,0,0
1746,38033416,23289,0,0,0,0,0,0,0,0,0,0,0,0,662083,1,625500,1,0,0
1747,35978832,23289,0,0,0,0,0,0,0,0,0,0,0,0,654166,1,620500,1,0,0
1748,38583792,26891,0,0,0,0,0,0,0,0,0,0,0,0,592708,1,558000,1,0,0
1749,33645792,25967,0,0,0,0,0,0,0,0,0,0,0,0,596666,1,566083,1,0,0
1750,33717668,23289,0,0,0,0,0,0,0,0,0,0,0,0,588416,1,559459,1,0,0
1751,33673916,23405,0,0,0,0,0,0,0,0,0,0,0,0,582958,1,548000,1,0,0
1752,33588876,23289,0,0,0,0,0,0,0,0,0,0,0,0,563833,1,534625,1,0,0
1753,33510416,23377,0,0,0,0,0,0,0,0,0,0,0,0,557208,1,528917,1,0,0
1754,33225000,23353,0,0,0,0,0,0,0,0,0,0,0,0,563250,1,530541,1,0,0
1755,33755500,23289,0,0,0,0,0,0,0,0,0,0,0,0,600750,1,571541,1,0,0
1756,31465750,23289,0,0,0,0,0,0,0,0,0,0,0,0,608667,1,558458,1,0,0
1757,36166752,23853,0,0,0,0,0,0,0,0,0,0,0,0,661000,1,625666,1,0,0
1758,34831752,23709,0,0,0,0,0,0,0,0,0,0,0,0,541750,1,512167,1,0,0
1759,34603084,23289,0,0,0,0,0,0,0,0,0,0,0,0,538500,1,510125,1,0,0
1760,34845584,23709,0,0,0,0,0,0,0,0,0,0,0,0,755500,1,714625,1,0,0
1761,35720708,23773,0,0,0,0,0,0,0,0,0,0,0,0,618000,1,578584,1,0,0
1762,36155124,23709,0,0,0,0,0,0,0,0,0,0,0,0,792583,1,750458,1,0,0
1763,39315124,27247,0,0,0,0,0,0,0,0,0,0,0,0,599333,1,568375,1,0,0
1764,37425916,26503,0,0,0,0,0,0,0,0,0,0,0,0,763083,1,697834,1,0,0
1765,36914456,23709,0,0,0,0,0,0,0,0,0,0,0,0,672833,1,637542,1,0,0
1766,43004668,23709,0,0,0,0,0,0,0,0,0,0,0,0,1069917,1,1009583,1,0,0
1767,53655708,23861,0,0,0,0,0,0,0,0,0,0,0,0,884667,1,835292,1,0,0
1768,65465336,23709,0,0,0,0,0,0,0,0,0,0,0,0,1034417,1,965792,1,0,0
1769,65854292,24389,0,0,0,0,0,0,0,0,0,0,0,0,1055542,1,975917,1,0,0
1770,76461624,24013,0,0,0,0,0,0,0,0,0,0,0,0,1269083,1,1188833,1,0,0
1771,64964624,23773,0,0,0,0,0,0,0,0,0,0,0,0,1101542,1,1036625,1,0,0
1772,68211040,23761,0,0,0,0,0,0,0,0,0,0,0,0,1102584,1,1030500,1,0,0
1773,63029168,23861,0,0,0,0,0,0,0,0,0,0,0,0,1101500,1,1040875,1,0,0
1774,53839332,23709,0,0,0,0,0,0,0,0,0,0,0,0,919167,1,863292,1,0,0
1775,46645876,23773,0,0,0,0,0,0,0,0,0,0,0,0,722917,1,682000,1,0,0
1776,47617416,23849,0,0,0,0,0,0,0,0,0,0,0,0,987083,1,923583,1,0,0
1777,48027832,24273,0,0,0,0,0,0,0,0,0,0,0,0,754750,1,713333,1,0,0
1778,51867624,23989,0,0,0,0,0,0,0,0,0,0,0,0,816250,1,767834,1,0,0
1779,47059876,23709,0,0,0,0,0,0,0,0,0,0,0,0,766958,1,725958,1,0,0
1780,53645960,23797,0,0,0,0,0,0,0,0,0,0,0,0,871167,1,809834,1,0,0
1781,55344000,23825,0,0,0,0,0,0,0,0,0,0,0,0,1002458,1,941833,1,0,0
1782,54301248,23709,0,0,0,0,0,0,0,0,0,0,0,0,830792,1,775875,1,0,0
1783,53967960,23861,0,0,0,0,0,0,0,0,0,0,0,0,843083,1,794750,1,0,0
1784,55236456,23709,0,0,0,0,0,0,0,0,0,0,0,0,927167,1,864708,1,0,0
1785,52404040,23825,0,0,0,0,0,0,0,0,0,0,0,0,844083,1,794333,1,0,0
1786,51891000,23797,0,0,0,0,0,0,0,0,0,0,0,0,852000,1,794042,1,0,0
1787,52556332,24337,0,0,0,0,0,0,0,0,0,0,0,0,927666,1,875459,1,0,0
1788,42242832,23925,0,0,0,0,0,0,0,0,0,0,0,0,804458,1,759083,1,0,0
1789,38513876,23709,0,0,0,0,0,0,0,0,0,0,0,0,664000,1,625666,1,0,0
1790,36331668,23913,0,0,0,0,0,0,0,0,0,0,0,0,652667,1,613875,1,0,0
1791,33469376,23709,0,0,0,0,0,0,0,0,0,0,0,0,616500,1,586250,1,0,0
1792,33612752,23709,0,0,0,0,0,0,0,0,0,0,0,0,634583,1,596959,1,0,0
1793,33274960,23773,0,0,0,0,0,0,0,0,0,0,0,0,609750,1,578834,1,0,0
1794,33539876,23289,0,0,0,0,0,0,0,0,0,0,0,0,605667,1,572291,1,0,0
1795,37655708,26827,0,0,0,0,0,0,0,0,0,0,0,0,572958,1,543875,1,0,0
1796,34051208,26083,0,0,0,0,0,0,0,0,0,0,0,0,606333,1,570417,1,0,0
1797,35333752,23289,0,0,0,0,0,0,0,0,0,0,0,0,621792,1,585000,1,0,0
1798,35964540,23289,0,0,0,0,0,0,0,0,0,0,0,0,917375,1,863041,1,0,0
1799,36622544,23353,0,0,0,0,0,0,0,0,0,0,0,0,536041,1,508666,1,0,0
1800,37187208,23941,0,0,0,0,0,0,0,0,0,0,0,0,570417,1,528375,1,0,0
1801,2742458,0,0,0,0,0,0,0,0,0,0,0,0,0,0,0,0,0,0,0
