frame_index,frame_time_ns,gc_alloc_bytes,tnd_bench_t1_hover_ns,tnd_bench_t1_hover_calls,tnd_bench_t1_reclassify_ns,tnd_bench_t1_reclassify_calls,tnd_bench_t1_hoveredborder_ns,tnd_bench_t1_hoveredborder_calls,tnd_bench_t1_hoveredborderrebuild_ns,tnd_bench_t1_hoveredborderrebuild_calls,tnd_bench_t1_modeenter_ns,tnd_bench_t1_modeenter_calls,tnd_bench_t1_conquerui_ns,tnd_bench_t1_conquerui_calls,tnd_bench_s0_hover_ns,tnd_bench_s0_hover_calls,tnd_bench_s0_rebuild_ns,tnd_bench_s0_rebuild_calls,conquestmodecontroller_update_ns,conquestmodecontroller_update_calls
0,48947376,112683,441292,1,0,0,414500,1,410959,1,0,0,0,0,0,0,0,0,0,0
1,55250376,207257,46333,1,0,0,0,0,0,0,0,0,0,0,0,0,0,0,0,0
2,55993292,22789,81709,1,0,0,0,0,0,0,0,0,0,0,0,0,0,0,0,0
3,54116708,22341,83833,1,0,0,0,0,0,0,0,0,0,0,0,0,0,0,0,0
4,48485960,22137,50666,1,0,0,0,0,0,0,0,0,0,0,0,0,0,0,0,0
5,46577500,22161,47917,1,0,0,0,0,0,0,0,0,0,0,0,0,0,0,0,0
6,45259752,22073,46167,1,0,0,0,0,0,0,0,0,0,0,0,0,0,0,0,0
7,54555876,22137,112583,1,0,0,0,0,0,0,0,0,0,0,0,0,0,0,0,0
8,44817000,22125,52292,1,0,0,0,0,0,0,0,0,0,0,0,0,0,0,0,0
9,45108208,22161,50833,1,0,0,0,0,0,0,0,0,0,0,0,0,0,0,0,0
10,46392168,22137,45625,1,0,0,0,0,0,0,0,0,0,0,0,0,0,0,0,0
11,46796084,22073,48916,1,0,0,0,0,0,0,0,0,0,0,0,0,0,0,0,0
12,45225668,22637,41291,1,0,0,0,0,0,0,0,0,0,0,0,0,0,0,0,0
13,46440792,22493,23625,1,0,0,0,0,0,0,0,0,0,0,0,0,0,0,0,0
14,46257168,22073,21583,1,0,0,0,0,0,0,0,0,0,0,0,0,0,0,0,0
15,46579544,22073,21541,1,0,0,0,0,0,0,0,0,0,0,0,0,0,0,0,0
16,44908084,22137,21708,1,0,0,0,0,0,0,0,0,0,0,0,0,0,0,0,0
17,46332668,22161,22500,1,0,0,0,0,0,0,0,0,0,0,0,0,0,0,0,0
18,47352668,22125,22792,1,0,0,0,0,0,0,0,0,0,0,0,0,0,0,0,0
19,46044916,22137,21750,1,0,0,0,0,0,0,0,0,0,0,0,0,0,0,0,0
20,46003624,22073,23917,1,0,0,0,0,0,0,0,0,0,0,0,0,0,0,0,0
21,46590332,22161,22709,1,0,0,0,0,0,0,0,0,0,0,0,0,0,0,0,0
22,52569376,22137,27541,1,0,0,0,0,0,0,0,0,0,0,0,0,0,0,0,0
23,55292584,22689,27166,1,0,0,0,0,0,0,0,0,0,0,0,0,0,0,0,0
24,58243960,22441,25583,1,0,0,0,0,0,0,0,0,0,0,0,0,0,0,0,0
25,67891544,22073,32583,1,0,0,0,0,0,0,0,0,0,0,0,0,0,0,0,0
26,72787040,22137,36542,1,0,0,0,0,0,0,0,0,0,0,0,0,0,0,0,0
27,74485624,22213,39583,1,0,0,0,0,0,0,0,0,0,0,0,0,0,0,0,0
28,69682960,22137,34667,1,0,0,0,0,0,0,0,0,0,0,0,0,0,0,0,0
29,70638416,22073,34459,1,0,0,0,0,0,0,0,0,0,0,0,0,0,0,0,0
30,72289792,22841,33834,1,0,0,0,0,0,0,0,0,0,0,0,0,0,0,0,0
31,67832496,22289,35333,1,0,0,0,0,0,0,0,0,0,0,0,0,0,0,0,0
32,68011456,22137,34375,1,0,0,0,0,0,0,0,0,0,0,0,0,0,0,0,0
33,62806168,22213,33792,1,0,0,0,0,0,0,0,0,0,0,0,0,0,0,0,0
34,56938416,22137,29375,1,0,0,0,0,0,0,0,0,0,0,0,0,0,0,0,0
35,46980544,22073,28708,1,0,0,0,0,0,0,0,0,0,0,0,0,0,0,0,0
36,42829876,22225,24250,1,0,0,0,0,0,0,0,0,0,0,0,0,0,0,0,0
37,38924544,22125,19125,1,0,0,0,0,0,0,0,0,0,0,0,0,0,0,0,0
38,38682376,22073,19542,1,0,0,0,0,0,0,0,0,0,0,0,0,0,0,0,0
39,36384540,22137,21875,1,0,0,0,0,0,0,0,0,0,0,0,0,0,0,0,0
40,34160456,22725,17042,1,0,0,0,0,0,0,0,0,0,0,0,0,0,0,0,0
41,33515542,22289,16583,1,0,0,0,0,0,0,0,0,0,0,0,0,0,0,0,0
42,33916376,22137,17334,1,0,0,0,0,0,0,0,0,0,0,0,0,0,0,0,0
43,33506332,22125,16875,1,0,0,0,0,0,0,0,0,0,0,0,0,0,0,0,0
44,33720500,22073,17333,1,0,0,0,0,0,0,0,0,0,0,0,0,0,0,0,0
45,33865668,22225,16917,1,0,0,0,0,0,0,0,0,0,0,0,0,0,0,0,0
46,32812584,22073,16458,1,0,0,0,0,0,0,0,0,0,0,0,0,0,0,0,0
47,30325416,22073,15500,1,0,0,0,0,0,0,0,0,0,0,0,0,0,0,0,0
48,34366916,27553,285542,1,0,0,260459,1,256125,1,0,0,0,0,0,0,0,0,0,0
49,31655208,22137,14625,1,0,0,0,0,0,0,0,0,0,0,0,0,0,0,0,0
50,33360168,22213,14834,1,0,0,0,0,0,0,0,0,0,0,0,0,0,0,0,0
51,34730624,22073,21875,1,0,0,0,0,0,0,0,0,0,0,0,0,0,0,0,0
52,35941500,22073,16166,1,0,0,0,0,0,0,0,0,0,0,0,0,0,0,0,0
53,37587040,22137,16458,1,0,0,0,0,0,0,0,0,0,0,0,0,0,0,0,0
54,37752624,22073,18333,1,0,0,0,0,0,0,0,0,0,0,0,0,0,0,0,0
55,38758124,22725,15542,1,0,0,0,0,0,0,0,0,0,0,0,0,0,0,0,0
56,41092832,22405,18417,1,0,0,0,0,0,0,0,0,0,0,0,0,0,0,0,0
57,47737832,22073,19875,1,0,0,0,0,0,0,0,0,0,0,0,0,0,0,0,0
58,62738332,22073,23917,1,0,0,0,0,0,0,0,0,0,0,0,0,0,0,0,0
59,69158832,22225,28666,1,0,0,0,0,0,0,0,0,0,0,0,0,0,0,0,0
60,71965000,22125,29417,1,0,0,0,0,0,0,0,0,0,0,0,0,0,0,0,0
61,67573960,22137,19292,1,0,0,0,0,0,0,0,0,0,0,0,0,0,0,0,0
62,68252912,22161,28750,1,0,0,0,0,0,0,0,0,0,0,0,0,0,0,0,0
63,64075460,22753,32542,1,0,0,0,0,0,0,0,0,0,0,0,0,0,0,0,0
64,53840960,22289,22625,1,0,0,0,0,0,0,0,0,0,0,0,0,0,0,0,0
65,48150124,22225,22708,1,0,0,0,0,0,0,0,0,0,0,0,0,0,0,0,0
66,46866832,22073,19500,1,0,0,0,0,0,0,0,0,0,0,0,0,0,0,0,0
67,47820500,22125,19083,1,0,0,0,0,0,0,0,0,0,0,0,0,0,0,0,0
68,51883248,22137,19125,1,0,0,0,0,0,0,0,0,0,0,0,0,0,0,0,0
69,47307752,22161,25542,1,0,0,0,0,0,0,0,0,0,0,0,0,0,0,0,0
70,47419832,22073,19209,1,0,0,0,0,0,0,0,0,0,0,0,0,0,0,0,0
71,48518664,22137,19042,1,0,0,0,0,0,0,0,0,0,0,0,0,0,0,0,0
72,46636248,22125,22791,1,0,0,0,0,0,0,0,0,0,0,0,0,0,0,0,0
73,55127876,22725,20709,1,0,0,0,0,0,0,0,0,0,0,0,0,0,0,0,0
74,54471456,22353,22292,1,0,0,0,0,0,0,0,0,0,0,0,0,0,0,0,0
75,56899000,22073,22541,1,0,0,0,0,0,0,0,0,0,0,0,0,0,0,0,0
76,60557124,22277,30709,1,0,0,0,0,0,0,0,0,0,0,0,0,0,0,0,0
77,53027456,22073,22667,1,0,0,0,0,0,0,0,0,0,0,0,0,0,0,0,0
78,52437876,22137,23333,1,0,0,0,0,0,0,0,0,0,0,0,0,0,0,0,0
79,44004876,22161,19708,1,0,0,0,0,0,0,0,0,0,0,0,0,0,0,0,0
80,37918544,22125,16584,1,0,0,0,0,0,0,0,0,0,0,0,0,0,0,0,0
81,36495792,22137,16625,1,0,0,0,0,0,0,0,0,0,0,0,0,0,0,0,0
82,33737708,22073,14792,1,0,0,0,0,0,0,0,0,0,0,0,0,0,0,0,0
83,33497708,22161,14584,1,0,0,0,0,0,0,0,0,0,0,0,0,0,0,0,0
84,33343750,32973,319166,1,0,0,300042,1,297084,1,0,0,0,0,0,0,0,0,0,0
85,33730208,22289,14791,1,0,0,0,0,0,0,0,0,0,0,0,0,0,0,0,0
86,33352584,22125,15542,1,0,0,0,0,0,0,0,0,0,0,0,0,0,0,0,0
87,32654416,22137,14500,1,0,0,0,0,0,0,0,0,0,0,0,0,0,0,0,0
88,30207458,22161,13625,1,0,0,0,0,0,0,0,0,0,0,0,0,0,0,0,0
89,30641376,22073,13667,1,0,0,0,0,0,0,0,0,0,0,0,0,0,0,0,0
90,30420292,22073,13333,1,0,0,0,0,0,0,0,0,0,0,0,0,0,0,0,0
91,30413208,22137,13750,1,0,0,0,0,0,0,0,0,0,0,0,0,0,0,0,0
92,32798376,22073,15416,1,0,0,0,0,0,0,0,0,0,0,0,0,0,0,0,0
93,30360042,22213,14958,1,0,0,0,0,0,0,0,0,0,0,0,0,0,0,0,0
94,30579084,33115,14833,1,0,0,0,0,0,0,0,0,0,0,0,0,0,0,0,0
95,30472540,22137,14416,1,0,0,0,0,0,0,0,0,0,0,0,0,0,0,0,0
96,30414332,22073,15334,1,0,0,0,0,0,0,0,0,0,0,0,0,0,0,0,0
97,30213458,22073,15417,1,0,0,0,0,0,0,0,0,0,0,0,0,0,0,0,0
98,30142958,22161,14500,1,0,0,0,0,0,0,0,0,0,0,0,0,0,0,0,0
99,31703792,22137,14459,1,0,0,0,0,0,0,0,0,0,0,0,0,0,0,0,0
100,33584336,22689,17375,1,0,0,0,0,0,0,0,0,0,0,0,0,0,0,0,0
101,33726040,22289,15833,1,0,0,0,0,0,0,0,0,0,0,0,0,0,0,0,0
102,33671624,22073,16416,1,0,0,0,0,0,0,0,0,0,0,0,0,0,0,0,0
103,33328376,22225,15958,1,0,0,0,0,0,0,0,0,0,0,0,0,0,0,0,0
104,33867416,22073,16750,1,0,0,0,0,0,0,0,0,0,0,0,0,0,0,0,0
105,36969752,22073,18583,1,0,0,0,0,0,0,0,0,0,0,0,0,0,0,0,0
106,36304292,22189,16791,1,0,0,0,0,0,0,0,0,0,0,0,0,0,0,0,0
107,43247500,22073,16667,1,0,0,0,0,0,0,0,0,0,0,0,0,0,0,0,0
108,36060040,22161,20167,1,0,0,0,0,0,0,0,0,0,0,0,0,0,0,0,0
109,41815000,22137,20667,1,0,0,0,0,0,0,0,0,0,0,0,0,0,0,0,0
110,49213292,22073,22125,1,0,0,0,0,0,0,0,0,0,0,0,0,0,0,0,0
111,58497416,22125,26375,1,0,0,0,0,0,0,0,0,0,0,0,0,0,0,0,0
112,67056000,22789,32167,1,0,0,0,0,0,0,0,0,0,0,0,0,0,0,0,0
113,69556912,22289,32125,1,0,0,0,0,0,0,0,0,0,0,0,0,0,0,0,0
114,69341000,22137,24166,1,0,0,0,0,0,0,0,0,0,0,0,0,0,0,0,0
115,68680248,22213,33958,1,0,0,0,0,0,0,0,0,0,0,0,0,0,0,0,0
116,69020704,22137,35208,1,0,0,0,0,0,0,0,0,0,0,0,0,0,0,0,0
117,56523376,22073,29666,1,0,0,0,0,0,0,0,0,0,0,0,0,0,0,0,0
118,48260752,22225,22500,1,0,0,0,0,0,0,0,0,0,0,0,0,0,0,0,0
119,47702416,22125,28125,1,0,0,0,0,0,0,0,0,0,0,0,0,0,0,0,0
120,47545456,22073,22000,1,0,0,0,0,0,0,0,0,0,0,0,0,0,0,0,0
121,47667708,22701,22000,1,0,0,0,0,0,0,0,0,0,0,0,0,0,0,0,0
122,46670416,22377,23541,1,0,0,0,0,0,0,0,0,0,0,0,0,0,0,0,0
123,47861584,22073,22333,1,0,0,0,0,0,0,0,0,0,0,0,0,0,0,0,0
124,47350876,22189,22667,1,0,0,0,0,0,0,0,0,0,0,0,0,0,0,0,0
125,53066456,22073,21917,1,0,0,0,0,0,0,0,0,0,0,0,0,0,0,0,0
126,60413916,22225,32500,1,0,0,0,0,0,0,0,0,0,0,0,0,0,0,0,0
127,55097084,22073,25875,1,0,0,0,0,0,0,0,0,0,0,0,0,0,0,0,0
128,60446000,22189,31625,1,0,0,0,0,0,0,0,0,0,0,0,0,0,0,0,0
129,57149292,22161,26541,1,0,0,0,0,0,0,0,0,0,0,0,0,0,0,0,0
130,54962544,22701,25875,1,0,0,0,0,0,0,0,0,0,0,0,0,0,0,0,0
131,55587124,22289,31750,1,0,0,0,0,0,0,0,0,0,0,0,0,0,0,0,0
132,56067832,22277,27375,1,0,0,0,0,0,0,0,0,0,0,0,0,0,0,0,0
133,54822292,22073,26459,1,0,0,0,0,0,0,0,0,0,0,0,0,0,0,0,0
134,53004040,22137,31333,1,0,0,0,0,0,0,0,0,0,0,0,0,0,0,0,0
135,49121624,22161,26125,1,0,0,0,0,0,0,0,0,0,0,0,0,0,0,0,0
136,44352040,22189,21708,1,0,0,0,0,0,0,0,0,0,0,0,0,0,0,0,0
137,41586000,22073,21458,1,0,0,0,0,0,0,0,0,0,0,0,0,0,0,0,0
138,37920460,22073,19000,1,0,0,0,0,0,0,0,0,0,0,0,0,0,0,0,0
139,34221584,22225,16584,1,0,0,0,0,0,0,0,0,0,0,0,0,0,0,0,0
140,33855416,22073,16709,1,0,0,0,0,0,0,0,0,0,0,0,0,0,0,0,0
141,34288124,22637,16667,1,0,0,0,0,0,0,0,0,0,0,0,0,0,0,0,0
142,34248708,22405,16584,1,0,0,0,0,0,0,0,0,0,0,0,0,0,0,0,0
143,33571248,22073,16666,1,0,0,0,0,0,0,0,0,0,0,0,0,0,0,0,0
144,33538960,22161,16875,1,0,0,0,0,0,0,0,0,0,0,0,0,0,0,0,0
145,33834040,22137,17042,1,0,0,0,0,0,0,0,0,0,0,0,0,0,0,0,0
146,34055084,22073,16667,1,0,0,0,0,0,0,0,0,0,0,0,0,0,0,0,0
147,31544792,22073,16916,1,0,0,0,0,0,0,0,0,0,0,0,0,0,0,0,0
148,32710708,22125,15084,1,0,0,0,0,0,0,0,0,0,0,0,0,0,0,0,0
149,30399876,22225,15334,1,0,0,0,0,0,0,0,0,0,0,0,0,0,0,0,0
150,30632416,22073,15625,1,0,0,0,0,0,0,0,0,0,0,0,0,0,0,0,0
151,30660960,22073,15416,1,0,0,0,0,0,0,0,0,0,0,0,0,0,0,0,0
152,30467832,22073,15125,1,0,0,0,0,0,0,0,0,0,0,0,0,0,0,0,0
153,31427084,22137,14958,1,0,0,0,0,0,0,0,0,0,0,0,0,0,0,0,0
154,34170960,22161,15042,1,0,0,0,0,0,0,0,0,0,0,0,0,0,0,0,0
155,35892124,22125,15625,1,0,0,0,0,0,0,0,0,0,0,0,0,0,0,0,0
156,36666332,22701,16583,1,0,0,0,0,0,0,0,0,0,0,0,0,0,0,0,0
157,37309208,22289,20083,1,0,0,0,0,0,0,0,0,0,0,0,0,0,0,0,0
158,39647832,22073,18542,1,0,0,0,0,0,0,0,0,0,0,0,0,0,0,0,0
159,37124332,22225,15833,1,0,0,0,0,0,0,0,0,0,0,0,0,0,0,0,0
160,41880376,22073,16458,1,0,0,0,0,0,0,0,0,0,0,0,0,0,0,0,0
161,45227960,22125,17958,1,0,0,0,0,0,0,0,0,0,0,0,0,0,0,0,0
162,61609168,22137,25250,1,0,0,0,0,0,0,0,0,0,0,0,0,0,0,0,0
163,74494792,22161,32833,1,0,0,0,0,0,0,0,0,0,0,0,0,0,0,0,0
164,69788496,22137,21417,1,0,0,0,0,0,0,0,0,0,0,0,0,0,0,0,0
165,69777456,22125,21959,1,0,0,0,0,0,0,0,0,0,0,0,0,0,0,0,0
166,66119752,22789,31541,1,0,0,0,0,0,0,0,0,0,0,0,0,0,0,0,0
167,54282668,22289,26000,1,0,0,0,0,0,0,0,0,0,0,0,0,0,0,0,0
168,48326000,22137,20375,1,0,0,0,0,0,0,0,0,0,0,0,0,0,0,0,0
169,47458248,22213,24750,1,0,0,0,0,0,0,0,0,0,0,0,0,0,0,0,0
170,43374168,22073,24958,1,0,0,0,0,0,0,0,0,0,0,0,0,0,0,0,0
171,45641084,22137,19583,1,0,0,0,0,0,0,0,0,0,0,0,0,0,0,0,0
172,42516668,22073,19958,1,0,0,0,0,0,0,0,0,0,0,0,0,0,0,0,0
173,43076584,22161,16833,1,0,0,0,0,0,0,0,0,0,0,0,0,0,0,0,0
174,42935084,22189,20458,1,0,0,0,0,0,0,0,0,0,0,0,0,0,0,0,0
175,46040292,22073,17583,1,0,0,0,0,0,0,0,0,0,0,0,0,0,0,0,0
176,45349584,28117,380417,1,0,0,356916,1,353708,1,0,0,0,0,0,0,0,0,0,0
177,45386456,22441,18708,1,0,0,0,0,0,0,0,0,0,0,0,0,0,0,0,0
178,44792248,22073,23333,1,0,0,0,0,0,0,0,0,0,0,0,0,0,0,0,0
179,44659500,22125,16750,1,0,0,0,0,0,0,0,0,0,0,0,0,0,0,0,0
180,41544248,22137,16334,1,0,0,0,0,0,0,0,0,0,0,0,0,0,0,0,0
181,39112752,22161,18875,1,0,0,0,0,0,0,0,0,0,0,0,0,0,0,0,0
182,41683500,22073,17333,1,0,0,0,0,0,0,0,0,0,0,0,0,0,0,0,0
183,37885500,22137,16458,1,0,0,0,0,0,0,0,0,0,0,0,0,0,0,0,0
184,37860376,22125,16709,1,0,0,0,0,0,0,0,0,0,0,0,0,0,0,0,0
185,37079584,22161,16875,1,0,0,0,0,0,0,0,0,0,0,0,0,0,0,0,0
186,33644124,22137,14667,1,0,0,0,0,0,0,0,0,0,0,0,0,0,0,0,0
187,33959624,22073,14917,1,0,0,0,0,0,0,0,0,0,0,0,0,0,0,0,0
188,33707208,22073,14583,1,0,0,0,0,0,0,0,0,0,0,0,0,0,0,0,0
189,33866168,22701,14292,1,0,0,0,0,0,0,0,0,0,0,0,0,0,0,0,0
190,33885584,22429,14791,1,0,0,0,0,0,0,0,0,0,0,0,0,0,0,0,0
191,33928248,22073,14625,1,0,0,0,0,0,0,0,0,0,0,0,0,0,0,0,0
192,33343500,22137,15083,1,0,0,0,0,0,0,0,0,0,0,0,0,0,0,0,0
193,33796832,22073,14791,1,0,0,0,0,0,0,0,0,0,0,0,0,0,0,0,0
194,34883456,22073,15042,1,0,0,0,0,0,0,0,0,0,0,0,0,0,0,0,0
195,37214416,22225,15292,1,0,0,0,0,0,0,0,0,0,0,0,0,0,0,0,0
196,40785248,22125,15916,1,0,0,0,0,0,0,0,0,0,0,0,0,0,0,0,0
197,36520168,22073,14542,1,0,0,0,0,0,0,0,0,0,0,0,0,0,0,0,0
198,38378208,22137,14750,1,0,0,0,0,0,0,0,0,0,0,0,0,0,0,0,0
199,38707584,22161,17917,1,0,0,0,0,0,0,0,0,0,0,0,0,0,0,0,0
200,37693752,22073,17708,1,0,0,0,0,0,0,0,0,0,0,0,0,0,0,0,0
201,36515584,22137,14625,1,0,0,0,0,0,0,0,0,0,0,0,0,0,0,0,0
202,41099456,22125,19000,1,0,0,0,0,0,0,0,0,0,0,0,0,0,0,0,0
203,43464916,22725,16416,1,0,0,0,0,0,0,0,0,0,0,0,0,0,0,0,0
204,53868332,22353,24000,1,0,0,0,0,0,0,0,0,0,0,0,0,0,0,0,0
205,63010624,22073,25750,1,0,0,0,0,0,0,0,0,0,0,0,0,0,0,0,0
206,66751792,22277,32917,1,0,0,0,0,0,0,0,0,0,0,0,0,0,0,0,0
207,69801416,22073,33875,1,0,0,0,0,0,0,0,0,0,0,0,0,0,0,0,0
208,64361708,22137,32000,1,0,0,0,0,0,0,0,0,0,0,0,0,0,0,0,0
209,56608208,22213,27083,1,0,0,0,0,0,0,0,0,0,0,0,0,0,0,0,0
210,55895084,22137,25916,1,0,0,0,0,0,0,0,0,0,0,0,0,0,0,0,0
211,55704544,22637,25958,1,0,0,0,0,0,0,0,0,0,0,0,0,0,0,0,0
212,54938084,32963,592292,1,0,0,521291,1,513250,1,0,0,0,0,0,0,0,0,0,0
213,45671456,22125,23125,1,0,0,0,0,0,0,0,0,0,0,0,0,0,0,0,0
214,46635084,22137,25833,1,0,0,0,0,0,0,0,0,0,0,0,0,0,0,0,0
215,47606456,22073,22125,1,0,0,0,0,0,0,0,0,0,0,0,0,0,0,0,0
216,50416876,22161,23083,1,0,0,0,0,0,0,0,0,0,0,0,0,0,0,0,0
217,48234124,22137,22084,1,0,0,0,0,0,0,0,0,0,0,0,0,0,0,0,0
218,56144456,22125,27000,1,0,0,0,0,0,0,0,0,0,0,0,0,0,0,0,0
219,56136624,22225,27167,1,0,0,0,0,0,0,0,0,0,0,0,0,0,0,0,0
220,54296208,22073,27084,1,0,0,0,0,0,0,0,0,0,0,0,0,0,0,0,0
221,55301416,22701,25875,1,0,0,0,0,0,0,0,0,0,0,0,0,0,0,0,0
222,62533084,22429,29083,1,0,0,0,0,0,0,0,0,0,0,0,0,0,0,0,0
223,63829000,22137,35209,1,0,0,0,0,0,0,0,0,0,0,0,0,0,0,0,0
224,54793168,22073,29542,1,0,0,0,0,0,0,0,0,0,0,0,0,0,0,0,0
225,60344124,22225,29375,1,0,0,0,0,0,0,0,0,0,0,0,0,0,0,0,0
226,54647500,22125,28125,1,0,0,0,0,0,0,0,0,0,0,0,0,0,0,0,0
227,47431544,22137,27166,1,0,0,0,0,0,0,0,0,0,0,0,0,0,0,0,0
228,43607416,22161,22042,1,0,0,0,0,0,0,0,0,0,0,0,0,0,0,0,0
229,38627416,22073,19709,1,0,0,0,0,0,0,0,0,0,0,0,0,0,0,0,0
230,37893416,22770,19708,1,0,0,0,0,0,0,0,0,0,0,0,0,0,0,0,0
231,34162248,22814,17833,1,0,0,0,0,0,0,0,0,0,0,0,0,0,0,0,0
232,33992960,22377,17459,1,0,0,0,0,0,0,0,0,0,0,0,0,0,0,0,0
233,34077624,22137,17500,1,0,0,0,0,0,0,0,0,0,0,0,0,0,0,0,0
234,33469168,22073,17458,1,0,0,0,0,0,0,0,0,0,0,0,0,0,0,0,0
235,36296124,22073,17416,1,0,0,0,0,0,0,0,0,0,0,0,0,0,0,0,0
236,35262248,22137,16792,1,0,0,0,0,0,0,0,0,0,0,0,0,0,0,0,0
237,37296040,22213,16625,1,0,0,0,0,0,0,0,0,0,0,0,0,0,0,0,0
238,38195376,22073,18584,1,0,0,0,0,0,0,0,0,0,0,0,0,0,0,0,0
239,37667460,22137,18417,1,0,0,0,0,0,0,0,0,0,0,0,0,0,0,0,0
240,36928456,22073,17292,1,0,0,0,0,0,0,0,0,0,0,0,0,0,0,0,0
241,35020124,22161,17084,1,0,0,0,0,0,0,0,0,0,0,0,0,0,0,0,0
242,39451544,22137,18875,1,0,0,0,0,0,0,0,0,0,0,0,0,0,0,0,0
243,44605456,22125,19250,1,0,0,0,0,0,0,0,0,0,0,0,0,0,0,0,0
244,51623124,22637,22292,1,0,0,0,0,0,0,0,0,0,0,0,0,0,0,0,0
245,62069248,22441,25542,1,0,0,0,0,0,0,0,0,0,0,0,0,0,0,0,0
246,67001832,22073,40375,1,0,0,0,0,0,0,0,0,0,0,0,0,0,0,0,0
247,71132376,22189,32500,1,0,0,0,0,0,0,0,0,0,0,0,0,0,0,0,0
248,74222456,22161,35333,1,0,0,0,0,0,0,0,0,0,0,0,0,0,0,0,0
249,69764664,22137,111625,1,0,0,0,0,0,0,0,0,0,0,0,0,0,0,0,0
250,69098288,22125,83625,1,0,0,0,0,0,0,0,0,0,0,0,0,0,0,0,0
251,57072416,22225,83667,1,0,0,0,0,0,0,0,0,0,0,0,0,0,0,0,0
252,55136124,22637,48917,1,0,0,0,0,0,0,0,0,0,0,0,0,0,0,0,0
253,48774000,22353,85709,1,0,0,0,0,0,0,0,0,0,0,0,0,0,0,0,0
254,46558752,22213,48167,1,0,0,0,0,0,0,0,0,0,0,0,0,0,0,0,0
255,47998540,22073,45250,1,0,0,0,0,0,0,0,0,0,0,0,0,0,0,0,0
256,46205248,22137,40792,1,0,0,0,0,0,0,0,0,0,0,0,0,0,0,0,0
257,50191332,22073,51125,1,0,0,0,0,0,0,0,0,0,0,0,0,0,0,0,0
258,48720832,22161,93333,1,0,0,0,0,0,0,0,0,0,0,0,0,0,0,0,0
259,48095416,22189,47167,1,0,0,0,0,0,0,0,0,0,0,0,0,0,0,0,0
260,44123916,22073,44125,1,0,0,0,0,0,0,0,0,0,0,0,0,0,0,0,0
261,51948624,22073,46042,1,0,0,0,0,0,0,0,0,0,0,0,0,0,0,0,0
262,56433584,22789,57959,1,0,0,0,0,0,0,0,0,0,0,0,0,0,0,0,0
263,55637248,22341,52625,1,0,0,0,0,0,0,0,0,0,0,0,0,0,0,0,0
264,56107832,22137,51625,1,0,0,0,0,0,0,0,0,0,0,0,0,0,0,0,0
265,53460332,22161,61458,1,0,0,0,0,0,0,0,0,0,0,0,0,0,0,0,0
266,50679124,22137,69500,1,0,0,0,0,0,0,0,0,0,0,0,0,0,0,0,0
267,49445040,22125,52542,1,0,0,0,0,0,0,0,0,0,0,0,0,0,0,0,0
268,43853208,22161,43292,1,0,0,0,0,0,0,0,0,0,0,0,0,0,0,0,0
269,43194336,22137,22417,1,0,0,0,0,0,0,0,0,0,0,0,0,0,0,0,0
270,38482500,22073,18750,1,0,0,0,0,0,0,0,0,0,0,0,0,0,0,0,0
271,38320752,22073,18792,1,0,0,0,0,0,0,0,0,0,0,0,0,0,0,0,0
272,33851124,22841,16625,1,0,0,0,0,0,0,0,0,0,0,0,0,0,0,0,0
273,33597040,22289,16667,1,0,0,0,0,0,0,0,0,0,0,0,0,0,0,0,0
274,33256292,22073,16917,1,0,0,0,0,0,0,0,0,0,0,0,0,0,0,0,0
275,33460750,22137,16917,1,0,0,0,0,0,0,0,0,0,0,0,0,0,0,0,0
276,33548208,22073,16792,1,0,0,0,0,0,0,0,0,0,0,0,0,0,0,0,0
277,33429750,22161,17417,1,0,0,0,0,0,0,0,0,0,0,0,0,0,0,0,0
278,33560668,22189,16208,1,0,0,0,0,0,0,0,0,0,0,0,0,0,0,0,0
279,36345376,22073,16958,1,0,0,0,0,0,0,0,0,0,0,0,0,0,0,0,0
280,39947832,22073,19792,1,0,0,0,0,0,0,0,0,0,0,0,0,0,0,0,0
281,39745876,22137,17375,1,0,0,0,0,0,0,0,0,0,0,0,0,0,0,0,0
282,37132124,22161,17083,1,0,0,0,0,0,0,0,0,0,0,0,0,0,0,0,0
283,35937752,22073,18042,1,0,0,0,0,0,0,0,0,0,0,0,0,0,0,0,0
284,38234000,22189,22250,1,0,0,0,0,0,0,0,0,0,0,0,0,0,0,0,0
285,37144832,22073,17208,1,0,0,0,0,0,0,0,0,0,0,0,0,0,0,0,0
286,37554876,22637,20541,1,0,0,0,0,0,0,0,0,0,0,0,0,0,0,0,0
287,37469292,22441,16792,1,0,0,0,0,0,0,0,0,0,0,0,0,0,0,0,0
288,40556124,22073,19500,1,0,0,0,0,0,0,0,0,0,0,0,0,0,0,0,0
289,49106664,22073,25000,1,0,0,0,0,0,0,0,0,0,0,0,0,0,0,0,0
290,60959832,22189,27042,1,0,0,0,0,0,0,0,0,0,0,0,0,0,0,0,0
291,69019584,22161,34791,1,0,0,0,0,0,0,0,0,0,0,0,0,0,0,0,0
292,74446872,22137,39709,1,0,0,0,0,0,0,0,0,0,0,0,0,0,0,0,0
293,68495040,22125,33959,1,0,0,0,0,0,0,0,0,0,0,0,0,0,0,0,0
294,69685752,22225,33917,1,0,0,0,0,0,0,0,0,0,0,0,0,0,0,0,0
295,66234708,24757,33167,1,0,0,0,0,0,0,0,0,0,0,0,0,0,0,0,0
296,55466416,22405,26542,1,0,0,0,0,0,0,0,0,0,0,0,0,0,0,0,0
297,49608248,22161,26500,1,0,0,0,0,0,0,0,0,0,0,0,0,0,0,0,0
298,46737752,22137,22791,1,0,0,0,0,0,0,0,0,0,0,0,0,0,0,0,0
299,47175124,22073,22208,1,0,0,0,0,0,0,0,0,0,0,0,0,0,0,0,0
300,48422960,22073,22167,1,0,0,0,0,0,0,0,0,0,0,0,0,0,0,0,0
301,47175040,22277,22917,1,0,0,0,0,0,0,0,0,0,0,0,0,0,0,0,0
302,47146916,22073,23209,1,0,0,0,0,0,0,0,0,0,0,0,0,0,0,0,0
303,46554500,22073,23542,1,0,0,0,0,0,0,0,0,0,0,0,0,0,0,0,0
304,46407416,27617,396750,1,0,0,369375,1,365458,1,0,0,0,0,0,0,0,0,0,0
305,47230792,22725,21209,1,0,0,0,0,0,0,0,0,0,0,0,0,0,0,0,0
306,45073960,22341,20917,1,0,0,0,0,0,0,0,0,0,0,0,0,0,0,0,0
307,44028000,22137,21583,1,0,0,0,0,0,0,0,0,0,0,0,0,0,0,0,0
308,44240668,22073,20084,1,0,0,0,0,0,0,0,0,0,0,0,0,0,0,0,0
309,41243500,22161,21000,1,0,0,0,0,0,0,0,0,0,0,0,0,0,0,0,0
310,38119544,22137,17667,1,0,0,0,0,0,0,0,0,0,0,0,0,0,0,0,0
311,39730916,22125,18000,1,0,0,0,0,0,0,0,0,0,0,0,0,0,0,0,0
312,33786832,22073,15041,1,0,0,0,0,0,0,0,0,0,0,0,0,0,0,0,0
313,33719500,22225,14500,1,0,0,0,0,0,0,0,0,0,0,0,0,0,0,0,0
314,33594500,22073,15292,1,0,0,0,0,0,0,0,0,0,0,0,0,0,0,0,0
315,34003668,22073,14875,1,0,0,0,0,0,0,0,0,0,0,0,0,0,0,0,0
316,33455208,22137,14208,1,0,0,0,0,0,0,0,0,0,0,0,0,0,0,0,0
317,33517208,22125,14792,1,0,0,0,0,0,0,0,0,0,0,0,0,0,0,0,0
318,33472668,22725,14542,1,0,0,0,0,0,0,0,0,0,0,0,0,0,0,0,0
319,33786916,22353,14416,1,0,0,0,0,0,0,0,0,0,0,0,0,0,0,0,0
320,33374624,22073,15166,1,0,0,0,0,0,0,0,0,0,0,0,0,0,0,0,0
321,33709584,22073,15125,1,0,0,0,0,0,0,0,0,0,0,0,0,0,0,0,0
322,32845084,22137,14625,1,0,0,0,0,0,0,0,0,0,0,0,0,0,0,0,0
323,30343500,22213,13167,1,0,0,0,0,0,0,0,0,0,0,0,0,0,0,0,0
324,30563624,22073,13250,1,0,0,0,0,0,0,0,0,0,0,0,0,0,0,0,0
325,30396332,22073,13375,1,0,0,0,0,0,0,0,0,0,0,0,0,0,0,0,0
326,36916000,22137,15417,1,0,0,0,0,0,0,0,0,0,0,0,0,0,0,0,0
327,34842792,22073,13500,1,0,0,0,0,0,0,0,0,0,0,0,0,0,0,0,0
328,35996792,22161,15042,1,0,0,0,0,0,0,0,0,0,0,0,0,0,0,0,0
329,35601832,22137,14708,1,0,0,0,0,0,0,0,0,0,0,0,0,0,0,0,0
330,38127832,22125,19541,1,0,0,0,0,0,0,0,0,0,0,0,0,0,0,0,0
331,37779624,22073,18250,1,0,0,0,0,0,0,0,0,0,0,0,0,0,0,0,0
332,37354376,22137,15625,1,0,0,0,0,0,0,0,0,0,0,0,0,0,0,0,0
333,39747040,22725,16209,1,0,0,0,0,0,0,0,0,0,0,0,0,0,0,0,0
334,47870584,22289,19792,1,0,0,0,0,0,0,0,0,0,0,0,0,0,0,0,0
335,64750876,22189,22875,1,0,0,0,0,0,0,0,0,0,0,0,0,0,0,0,0
336,68754624,22161,27459,1,0,0,0,0,0,0,0,0,0,0,0,0,0,0,0,0
337,81530544,22137,19666,1,0,0,0,0,0,0,0,0,0,0,0,0,0,0,0,0
338,69420000,22213,29000,1,0,0,0,0,0,0,0,0,0,0,0,0,0,0,0,0
339,66026500,22137,28250,1,0,0,0,0,0,0,0,0,0,0,0,0,0,0,0,0
340,54748248,32345,491083,1,0,0,462666,1,458208,1,0,0,0,0,0,0,0,0,0,0
341,48068332,22789,19875,1,0,0,0,0,0,0,0,0,0,0,0,0,0,0,0,0
342,47399040,22341,20625,1,0,0,0,0,0,0,0,0,0,0,0,0,0,0,0,0
343,45407040,22073,19542,1,0,0,0,0,0,0,0,0,0,0,0,0,0,0,0,0
344,40337708,22137,16833,1,0,0,0,0,0,0,0,0,0,0,0,0,0,0,0,0
345,45444832,22161,18041,1,0,0,0,0,0,0,0,0,0,0,0,0,0,0,0,0
346,48202248,22073,19875,1,0,0,0,0,0,0,0,0,0,0,0,0,0,0,0,0
347,47066416,22189,19792,1,0,0,0,0,0,0,0,0,0,0,0,0,0,0,0,0
348,45848832,22073,21791,1,0,0,0,0,0,0,0,0,0,0,0,0,0,0,0,0
349,46437584,22161,24750,1,0,0,0,0,0,0,0,0,0,0,0,0,0,0,0,0
350,46856332,22137,21000,1,0,0,0,0,0,0,0,0,0,0,0,0,0,0,0,0
351,47642292,22073,21500,1,0,0,0,0,0,0,0,0,0,0,0,0,0,0,0,0
352,47253292,22689,20959,1,0,0,0,0,0,0,0,0,0,0,0,0,0,0,0,0
353,47717376,22441,20500,1,0,0,0,0,0,0,0,0,0,0,0,0,0,0,0,0
354,45121960,22073,21125,1,0,0,0,0,0,0,0,0,0,0,0,0,0,0,0,0
355,50144832,22073,28166,1,0,0,0,0,0,0,0,0,0,0,0,0,0,0,0,0
356,45425584,22137,25208,1,0,0,0,0,0,0,0,0,0,0,0,0,0,0,0,0
357,45623248,22213,21375,1,0,0,0,0,0,0,0,0,0,0,0,0,0,0,0,0
358,41888376,22073,21417,1,0,0,0,0,0,0,0,0,0,0,0,0,0,0,0,0
359,38099916,22137,21500,1,0,0,0,0,0,0,0,0,0,0,0,0,0,0,0,0
360,37809584,22073,18541,1,0,0,0,0,0,0,0,0,0,0,0,0,0,0,0,0
361,36466208,22161,18833,1,0,0,0,0,0,0,0,0,0,0,0,0,0,0,0,0
362,33537500,22137,17084,1,0,0,0,0,0,0,0,0,0,0,0,0,0,0,0,0
363,33606168,22125,16500,1,0,0,0,0,0,0,0,0,0,0,0,0,0,0,0,0
364,33671332,22637,16875,1,0,0,0,0,0,0,0,0,0,0,0,0,0,0,0,0
365,33798792,22353,16959,1,0,0,0,0,0,0,0,0,0,0,0,0,0,0,0,0
366,33570376,22161,16750,1,0,0,0,0,0,0,0,0,0,0,0,0,0,0,0,0
367,33916916,22073,16667,1,0,0,0,0,0,0,0,0,0,0,0,0,0,0,0,0
368,33708876,22137,16416,1,0,0,0,0,0,0,0,0,0,0,0,0,0,0,0,0
369,33097584,22125,16958,1,0,0,0,0,0,0,0,0,0,0,0,0,0,0,0,0
370,31586208,22073,15333,1,0,0,0,0,0,0,0,0,0,0,0,0,0,0,0,0
371,33115376,22161,17292,1,0,0,0,0,0,0,0,0,0,0,0,0,0,0,0,0
372,30767376,22137,14458,1,0,0,0,0,0,0,0,0,0,0,0,0,0,0,0,0
373,30311334,22073,15792,1,0,0,0,0,0,0,0,0,0,0,0,0,0,0,0,0
374,31314124,22073,14875,1,0,0,0,0,0,0,0,0,0,0,0,0,0,0,0,0
375,31435208,22073,15958,1,0,0,0,0,0,0,0,0,0,0,0,0,0,0,0,0
376,34591336,22277,14958,1,0,0,0,0,0,0,0,0,0,0,0,0,0,0,0,0
377,35774500,22073,16375,1,0,0,0,0,0,0,0,0,0,0,0,0,0,0,0,0
378,35846876,22073,16833,1,0,0,0,0,0,0,0,0,0,0,0,0,0,0,0,0
379,36313376,22701,16458,1,0,0,0,0,0,0,0,0,0,0,0,0,0,0,0,0
380,37312208,22289,16041,1,0,0,0,0,0,0,0,0,0,0,0,0,0,0,0,0
381,37570544,22161,19875,1,0,0,0,0,0,0,0,0,0,0,0,0,0,0,0,0
382,38101832,22189,16708,1,0,0,0,0,0,0,0,0,0,0,0,0,0,0,0,0
383,44072040,22073,18708,1,0,0,0,0,0,0,0,0,0,0,0,0,0,0,0,0
384,54780084,22073,24833,1,0,0,0,0,0,0,0,0,0,0,0,0,0,0,0,0
385,70231960,22225,33250,1,0,0,0,0,0,0,0,0,0,0,0,0,0,0,0,0
386,68212248,22125,31916,1,0,0,0,0,0,0,0,0,0,0,0,0,0,0,0,0
387,67758000,22137,31833,1,0,0,0,0,0,0,0,0,0,0,0,0,0,0,0,0
388,67322416,22725,32709,1,0,0,0,0,0,0,0,0,0,0,0,0,0,0,0,0
389,64937500,22405,34208,1,0,0,0,0,0,0,0,0,0,0,0,0,0,0,0,0
390,54312624,22073,25584,1,0,0,0,0,0,0,0,0,0,0,0,0,0,0,0,0
391,50064540,22225,26125,1,0,0,0,0,0,0,0,0,0,0,0,0,0,0,0,0
392,46762876,22073,21916,1,0,0,0,0,0,0,0,0,0,0,0,0,0,0,0,0
393,48497456,22125,23125,1,0,0,0,0,0,0,0,0,0,0,0,0,0,0,0,0
394,42719248,22137,22000,1,0,0,0,0,0,0,0,0,0,0,0,0,0,0,0,0
395,40700168,22161,22208,1,0,0,0,0,0,0,0,0,0,0,0,0,0,0,0,0
396,41093624,22073,19167,1,0,0,0,0,0,0,0,0,0,0,0,0,0,0,0,0
397,42307248,22137,20125,1,0,0,0,0,0,0,0,0,0,0,0,0,0,0,0,0
398,45601168,22125,21958,1,0,0,0,0,0,0,0,0,0,0,0,0,0,0,0,0
399,45776168,22725,22041,1,0,0,0,0,0,0,0,0,0,0,0,0,0,0,0,0
400,45710624,22353,21958,1,0,0,0,0,0,0,0,0,0,0,0,0,0,0,0,0
401,43299376,22073,25292,1,0,0,0,0,0,0,0,0,0,0,0,0,0,0,0,0
402,39697208,22073,19209,1,0,0,0,0,0,0,0,0,0,0,0,0,0,0,0,0
403,37594916,22277,19125,1,0,0,0,0,0,0,0,0,0,0,0,0,0,0,0,0
404,37525960,22073,19417,1,0,0,0,0,0,0,0,0,0,0,0,0,0,0,0,0
405,40248544,22073,20375,1,0,0,0,0,0,0,0,0,0,0,0,0,0,0,0,0
406,37446208,22137,18875,1,0,0,0,0,0,0,0,0,0,0,0,0,0,0,0,0
407,35185708,22161,19000,1,0,0,0,0,0,0,0,0,0,0,0,0,0,0,0,0
408,33596916,22073,16458,1,0,0,0,0,0,0,0,0,0,0,0,0,0,0,0,0
409,33413250,22189,16292,1,0,0,0,0,0,0,0,0,0,0,0,0,0,0,0,0
410,33843752,22073,16917,1,0,0,0,0,0,0,0,0,0,0,0,0,0,0,0,0
411,33628000,22073,16083,1,0,0,0,0,0,0,0,0,0,0,0,0,0,0,0,0
412,33729084,22789,16208,1,0,0,0,0,0,0,0,0,0,0,0,0,0,0,0,0
413,33687960,22289,15375,1,0,0,0,0,0,0,0,0,0,0,0,0,0,0,0,0
414,34075040,22073,16083,1,0,0,0,0,0,0,0,0,0,0,0,0,0,0,0,0
415,34525916,22189,16250,1,0,0,0,0,0,0,0,0,0,0,0,0,0,0,0,0
416,33690208,22073,15750,1,0,0,0,0,0,0,0,0,0,0,0,0,0,0,0,0
417,33292960,22161,16333,1,0,0,0,0,0,0,0,0,0,0,0,0,0,0,0,0
418,33534792,22137,15666,1,0,0,0,0,0,0,0,0,0,0,0,0,0,0,0,0
419,35439832,22073,16250,1,0,0,0,0,0,0,0,0,0,0,0,0,0,0,0,0
420,33933876,22073,16166,1,0,0,0,0,0,0,0,0,0,0,0,0,0,0,0,0
421,33617208,22189,15667,1,0,0,0,0,0,0,0,0,0,0,0,0,0,0,0,0
422,33461168,22161,16083,1,0,0,0,0,0,0,0,0,0,0,0,0,0,0,0,0
423,33811500,22073,15875,1,0,0,0,0,0,0,0,0,0,0,0,0,0,0,0,0
424,34819376,22137,14416,1,0,0,0,0,0,0,0,0,0,0,0,0,0,0,0,0
425,37395960,22073,16875,1,0,0,0,0,0,0,0,0,0,0,0,0,0,0,0,0
426,38039040,22637,18042,1,0,0,0,0,0,0,0,0,0,0,0,0,0,0,0,0
427,44272916,22493,19250,1,0,0,0,0,0,0,0,0,0,0,0,0,0,0,0,0
428,44040792,22073,18959,1,0,0,0,0,0,0,0,0,0,0,0,0,0,0,0,0
429,52169624,22073,19375,1,0,0,0,0,0,0,0,0,0,0,0,0,0,0,0,0
430,56337624,22137,24458,1,0,0,0,0,0,0,0,0,0,0,0,0,0,0,0,0
431,63643624,22161,23291,1,0,0,0,0,0,0,0,0,0,0,0,0,0,0,0,0
432,76235624,27669,583042,1,0,0,544959,1,536583,1,0,0,0,0,0,0,0,0,0,0
433,69300920,22073,28083,1,0,0,0,0,0,0,0,0,0,0,0,0,0,0,0,0
434,68141336,22225,28958,1,0,0,0,0,0,0,0,0,0,0,0,0,0,0,0,0
435,69033872,22689,63125,1,0,0,0,0,0,0,0,0,0,0,0,0,0,0,0,0
436,64615708,22353,27500,1,0,0,0,0,0,0,0,0,0,0,0,0,0,0,0,0
437,58464000,22161,22417,1,0,0,0,0,0,0,0,0,0,0,0,0,0,0,0,0
438,50834248,22137,22584,1,0,0,0,0,0,0,0,0,0,0,0,0,0,0,0,0
439,50866000,22125,21042,1,0,0,0,0,0,0,0,0,0,0,0,0,0,0,0,0
440,47631376,22225,18583,1,0,0,0,0,0,0,0,0,0,0,0,0,0,0,0,0
441,46365544,22073,18625,1,0,0,0,0,0,0,0,0,0,0,0,0,0,0,0,0
442,47796292,22073,19417,1,0,0,0,0,0,0,0,0,0,0,0,0,0,0,0,0
443,51596416,22137,23834,1,0,0,0,0,0,0,0,0,0,0,0,0,0,0,0,0
444,56906416,22777,27250,1,0,0,0,0,0,0,0,0,0,0,0,0,0,0,0,0
445,55507040,22353,22208,1,0,0,0,0,0,0,0,0,0,0,0,0,0,0,0,0
446,55312248,22073,22292,1,0,0,0,0,0,0,0,0,0,0,0,0,0,0,0,0
447,56535624,22225,22416,1,0,0,0,0,0,0,0,0,0,0,0,0,0,0,0,0
448,56199208,22125,25292,1,0,0,0,0,0,0,0,0,0,0,0,0,0,0,0,0
449,61466752,22137,29042,1,0,0,0,0,0,0,0,0,0,0,0,0,0,0,0,0
450,56013376,22161,22833,1,0,0,0,0,0,0,0,0,0,0,0,0,0,0,0,0
451,58323876,22137,25541,1,0,0,0,0,0,0,0,0,0,0,0,0,0,0,0,0
452,56758916,22125,22541,1,0,0,0,0,0,0,0,0,0,0,0,0,0,0,0,0
453,52783876,22789,22750,1,0,0,0,0,0,0,0,0,0,0,0,0,0,0,0,0
454,49968456,22289,22792,1,0,0,0,0,0,0,0,0,0,0,0,0,0,0,0,0
455,44478248,22137,19583,1,0,0,0,0,0,0,0,0,0,0,0,0,0,0,0,0
456,38416084,22125,17209,1,0,0,0,0,0,0,0,0,0,0,0,0,0,0,0,0
457,38410624,22161,17167,1,0,0,0,0,0,0,0,0,0,0,0,0,0,0,0,0
458,34055208,22137,15417,1,0,0,0,0,0,0,0,0,0,0,0,0,0,0,0,0
459,36553664,22073,15625,1,0,0,0,0,0,0,0,0,0,0,0,0,0,0,0,0
460,36579000,22073,15916,1,0,0,0,0,0,0,0,0,0,0,0,0,0,0,0,0
461,35954124,22137,15667,1,0,0,0,0,0,0,0,0,0,0,0,0,0,0,0,0
462,37645832,22213,15792,1,0,0,0,0,0,0,0,0,0,0,0,0,0,0,0,0
463,38008752,22073,16292,1,0,0,0,0,0,0,0,0,0,0,0,0,0,0,0,0
464,38536792,22137,16500,1,0,0,0,0,0,0,0,0,0,0,0,0,0,0,0,0
465,38369624,22073,16666,1,0,0,0,0,0,0,0,0,0,0,0,0,0,0,0,0
466,42775668,22725,19875,1,0,0,0,0,0,0,0,0,0,0,0,0,0,0,0,0
467,45696752,22353,21083,1,0,0,0,0,0,0,0,0,0,0,0,0,0,0,0,0
468,54759000,32397,577708,1,0,0,535916,1,527792,1,0,0,0,0,0,0,0,0,0,0
469,63126832,22137,26084,1,0,0,0,0,0,0,0,0,0,0,0,0,0,0,0,0
470,67572128,22161,35541,1,0,0,0,0,0,0,0,0,0,0,0,0,0,0,0,0
471,66816500,22137,34625,1,0,0,0,0,0,0,0,0,0,0,0,0,0,0,0,0
472,55068752,22125,27625,1,0,0,0,0,0,0,0,0,0,0,0,0,0,0,0,0
473,55553960,22225,26834,1,0,0,0,0,0,0,0,0,0,0,0,0,0,0,0,0
474,56956792,22637,65750,1,0,0,0,0,0,0,0,0,0,0,0,0,0,0,0,0
475,52333876,22353,26209,1,0,0,0,0,0,0,0,0,0,0,0,0,0,0,0,0
476,46330792,22213,22084,1,0,0,0,0,0,0,0,0,0,0,0,0,0,0,0,0
477,48310544,22073,21875,1,0,0,0,0,0,0,0,0,0,0,0,0,0,0,0,0
478,45792460,22137,25208,1,0,0,0,0,0,0,0,0,0,0,0,0,0,0,0,0
479,52734960,22073,26500,1,0,0,0,0,0,0,0,0,0,0,0,0,0,0,0,0
480,60113040,22161,29833,1,0,0,0,0,0,0,0,0,0,0,0,0,0,0,0,0
481,65301084,22189,27458,1,0,0,0,0,0,0,0,0,0,0,0,0,0,0,0,0
482,71816496,22073,34458,1,0,0,0,0,0,0,0,0,0,0,0,0,0,0,0,0
483,72387872,22789,36334,1,0,0,0,0,0,0,0,0,0,0,0,0,0,0,0,0
484,69336496,22341,33500,1,0,0,0,0,0,0,0,0,0,0,0,0,0,0,0,0
485,67416376,22137,34209,1,0,0,0,0,0,0,0,0,0,0,0,0,0,0,0,0
486,56901832,22161,33042,1,0,0,0,0,0,0,0,0,0,0,0,0,0,0,0,0
487,47504792,22137,22958,1,0,0,0,0,0,0,0,0,0,0,0,0,0,0,0,0
488,38831544,22125,19458,1,0,0,0,0,0,0,0,0,0,0,0,0,0,0,0,0
489,37070000,22073,19292,1,0,0,0,0,0,0,0,0,0,0,0,0,0,0,0,0
490,34126832,22225,17125,1,0,0,0,0,0,0,0,0,0,0,0,0,0,0,0,0
491,33683000,22073,16666,1,0,0,0,0,0,0,0,0,0,0,0,0,0,0,0,0
492,34100208,22073,16750,1,0,0,0,0,0,0,0,0,0,0,0,0,0,0,0,0
493,34065500,22137,16416,1,0,0,0,0,0,0,0,0,0,0,0,0,0,0,0,0
494,34617292,22689,16625,1,0,0,0,0,0,0,0,0,0,0,0,0,0,0,0,0
495,33581084,22377,16875,1,0,0,0,0,0,0,0,0,0,0,0,0,0,0,0,0
496,30938708,22137,14709,1,0,0,0,0,0,0,0,0,0,0,0,0,0,0,0,0
497,30340124,22073,14792,1,0,0,0,0,0,0,0,0,0,0,0,0,0,0,0,0
498,30175750,22073,14792,1,0,0,0,0,0,0,0,0,0,0,0,0,0,0,0,0
499,30699584,22073,14792,1,0,0,0,0,0,0,0,0,0,0,0,0,0,0,0,0
500,30059332,22225,14834,1,0,0,0,0,0,0,0,0,0,0,0,0,0,0,0,0
501,30673000,22125,14291,1,0,0,0,0,0,0,0,0,0,0,0,0,0,0,0,0
502,32592834,22073,14958,1,0,0,0,0,0,0,0,0,0,0,0,0,0,0,0,0
503,30180042,22073,14583,1,0,0,0,0,0,0,0,0,0,0,0,0,0,0,0,0
504,30429376,22137,14167,1,0,0,0,0,0,0,0,0,0,0,0,0,0,0,0,0
505,30342832,22161,37500,1,0,0,0,0,0,0,0,0,0,0,0,0,0,0,0,0
506,30293500,22073,35792,1,0,0,0,0,0,0,0,0,0,0,0,0,0,0,0,0
507,30574668,22073,36500,1,0,0,0,0,0,0,0,0,0,0,0,0,0,0,0,0
508,32765416,22189,30834,1,0,0,0,0,0,0,0,0,0,0,0,0,0,0,0,0
509,33565000,22073,37500,1,0,0,0,0,0,0,0,0,0,0,0,0,0,0,0,0
510,33984332,22725,40000,1,0,0,0,0,0,0,0,0,0,0,0,0,0,0,0,0
511,33441250,22353,36459,1,0,0,0,0,0,0,0,0,0,0,0,0,0,0,0,0
512,33817456,22073,34250,1,0,0,0,0,0,0,0,0,0,0,0,0,0,0,0,0
513,34087500,22073,36666,1,0,0,0,0,0,0,0,0,0,0,0,0,0,0,0,0
514,34381000,22189,36209,1,0,0,0,0,0,0,0,0,0,0,0,0,0,0,0,0
515,33822624,22161,36292,1,0,0,0,0,0,0,0,0,0,0,0,0,0,0,0,0
516,33867416,22073,33125,1,0,0,0,0,0,0,0,0,0,0,0,0,0,0,0,0
517,38522792,22137,48500,1,0,0,0,0,0,0,0,0,0,0,0,0,0,0,0,0
518,35825460,22073,37333,1,0,0,0,0,0,0,0,0,0,0,0,0,0,0,0,0
519,35747960,22073,42250,1,0,0,0,0,0,0,0,0,0,0,0,0,0,0,0,0
520,37331376,22277,35083,1,0,0,0,0,0,0,0,0,0,0,0,0,0,0,0,0
521,40717708,22073,42333,1,0,0,0,0,0,0,0,0,0,0,0,0,0,0,0,0
522,44577248,22073,43084,1,0,0,0,0,0,0,0,0,0,0,0,0,0,0,0,0
523,50395500,22137,72541,1,0,0,0,0,0,0,0,0,0,0,0,0,0,0,0,0
524,57954000,22725,52209,1,0,0,0,0,0,0,0,0,0,0,0,0,0,0,0,0
525,66712456,22405,31667,1,0,0,0,0,0,0,0,0,0,0,0,0,0,0,0,0
526,67407872,22073,31375,1,0,0,0,0,0,0,0,0,0,0,0,0,0,0,0,0
527,60338708,22225,32000,1,0,0,0,0,0,0,0,0,0,0,0,0,0,0,0,0
528,59651376,22073,26666,1,0,0,0,0,0,0,0,0,0,0,0,0,0,0,0,0
529,54617208,22189,25750,1,0,0,0,0,0,0,0,0,0,0,0,0,0,0,0,0
530,54349584,22161,26458,1,0,0,0,0,0,0,0,0,0,0,0,0,0,0,0,0
531,50373500,22137,24917,1,0,0,0,0,0,0,0,0,0,0,0,0,0,0,0,0
532,47134248,22637,21875,1,0,0,0,0,0,0,0,0,0,0,0,0,0,0,0,0
533,46637792,22429,22208,1,0,0,0,0,0,0,0,0,0,0,0,0,0,0,0,0
534,47927708,22137,22084,1,0,0,0,0,0,0,0,0,0,0,0,0,0,0,0,0
535,47397960,22073,22000,1,0,0,0,0,0,0,0,0,0,0,0,0,0,0,0,0
536,55519500,22073,26042,1,0,0,0,0,0,0,0,0,0,0,0,0,0,0,0,0
537,60417292,22225,28959,1,0,0,0,0,0,0,0,0,0,0,0,0,0,0,0,0
538,55388416,22125,26083,1,0,0,0,0,0,0,0,0,0,0,0,0,0,0,0,0
539,54901584,22137,27709,1,0,0,0,0,0,0,0,0,0,0,0,0,0,0,0,0
540,55469084,22161,28125,1,0,0,0,0,0,0,0,0,0,0,0,0,0,0,0,0
541,55482876,22137,26875,1,0,0,0,0,0,0,0,0,0,0,0,0,0,0,0,0
542,54829708,22689,26042,1,0,0,0,0,0,0,0,0,0,0,0,0,0,0,0,0
543,50198336,22441,26417,1,0,0,0,0,0,0,0,0,0,0,0,0,0,0,0,0
544,44057416,22073,23709,1,0,0,0,0,0,0,0,0,0,0,0,0,0,0,0,0
545,40301916,22073,22708,1,0,0,0,0,0,0,0,0,0,0,0,0,0,0,0,0
546,38251708,22137,19291,1,0,0,0,0,0,0,0,0,0,0,0,0,0,0,0,0
547,37172332,22213,20292,1,0,0,0,0,0,0,0,0,0,0,0,0,0,0,0,0
548,34435456,22073,17208,1,0,0,0,0,0,0,0,0,0,0,0,0,0,0,0,0
549,34358960,22137,16208,1,0,0,0,0,0,0,0,0,0,0,0,0,0,0,0,0
550,33978084,22073,16917,1,0,0,0,0,0,0,0,0,0,0,0,0,0,0,0,0
551,33608376,22073,16791,1,0,0,0,0,0,0,0,0,0,0,0,0,0,0,0,0
552,33643124,22225,16833,1,0,0,0,0,0,0,0,0,0,0,0,0,0,0,0,0
553,33608168,22125,16791,1,0,0,0,0,0,0,0,0,0,0,0,0,0,0,0,0
554,33672916,22073,16625,1,0,0,0,0,0,0,0,0,0,0,0,0,0,0,0,0
555,33931584,22701,17000,1,0,0,0,0,0,0,0,0,0,0,0,0,0,0,0,0
556,31724666,22289,16791,1,0,0,0,0,0,0,0,0,0,0,0,0,0,0,0,0
557,30720124,22161,14875,1,0,0,0,0,0,0,0,0,0,0,0,0,0,0,0,0
558,30276334,22073,15042,1,0,0,0,0,0,0,0,0,0,0,0,0,0,0,0,0
559,30261208,22137,14792,1,0,0,0,0,0,0,0,0,0,0,0,0,0,0,0,0
560,30646792,27605,268958,1,0,0,249708,1,247583,1,0,0,0,0,0,0,0,0,0,0
561,30559916,22073,15125,1,0,0,0,0,0,0,0,0,0,0,0,0,0,0,0,0
562,32723376,22161,17042,1,0,0,0,0,0,0,0,0,0,0,0,0,0,0,0,0
563,31764500,22137,14625,1,0,0,0,0,0,0,0,0,0,0,0,0,0,0,0,0
564,33041750,22073,14083,1,0,0,0,0,0,0,0,0,0,0,0,0,0,0,0,0
565,33677960,22073,15625,1,0,0,0,0,0,0,0,0,0,0,0,0,0,0,0,0
566,33474084,22073,15584,1,0,0,0,0,0,0,0,0,0,0,0,0,0,0,0,0
567,33930124,22277,15792,1,0,0,0,0,0,0,0,0,0,0,0,0,0,0,0,0
568,35020832,22073,15166,1,0,0,0,0,0,0,0,0,0,0,0,0,0,0,0,0
569,36503540,22073,16458,1,0,0,0,0,0,0,0,0,0,0,0,0,0,0,0,0
570,37149708,22701,15167,1,0,0,0,0,0,0,0,0,0,0,0,0,0,0,0,0
571,37678540,22289,14916,1,0,0,0,0,0,0,0,0,0,0,0,0,0,0,0,0
572,37234000,22161,15375,1,0,0,0,0,0,0,0,0,0,0,0,0,0,0,0,0
573,39328916,22189,14833,1,0,0,0,0,0,0,0,0,0,0,0,0,0,0,0,0
574,44167336,22073,17291,1,0,0,0,0,0,0,0,0,0,0,0,0,0,0,0,0
575,56365376,22073,18875,1,0,0,0,0,0,0,0,0,0,0,0,0,0,0,0,0
576,73190624,22225,29334,1,0,0,0,0,0,0,0,0,0,0,0,0,0,0,0,0
577,68566000,22125,28458,1,0,0,0,0,0,0,0,0,0,0,0,0,0,0,0,0
578,67591128,22137,22667,1,0,0,0,0,0,0,0,0,0,0,0,0,0,0,0,0
579,67817792,22725,29208,1,0,0,0,0,0,0,0,0,0,0,0,0,0,0,0,0
580,64693416,22405,31542,1,0,0,0,0,0,0,0,0,0,0,0,0,0,0,0,0
581,51962040,22073,22875,1,0,0,0,0,0,0,0,0,0,0,0,0,0,0,0,0
582,46488668,22225,19333,1,0,0,0,0,0,0,0,0,0,0,0,0,0,0,0,0
583,47320376,22073,18583,1,0,0,0,0,0,0,0,0,0,0,0,0,0,0,0,0
584,45524624,22125,18000,1,0,0,0,0,0,0,0,0,0,0,0,0,0,0,0,0
585,41466460,22137,16541,1,0,0,0,0,0,0,0,0,0,0,0,0,0,0,0,0
586,46981960,22161,17167,1,0,0,0,0,0,0,0,0,0,0,0,0,0,0,0,0
587,48620708,22073,18875,1,0,0,0,0,0,0,0,0,0,0,0,0,0,0,0,0
588,48425540,22137,18375,1,0,0,0,0,0,0,0,0,0,0,0,0,0,0,0,0
589,54138124,22689,23375,1,0,0,0,0,0,0,0,0,0,0,0,0,0,0,0,0
590,54738500,22441,22292,1,0,0,0,0,0,0,0,0,0,0,0,0,0,0,0,0
591,56536000,22073,22958,1,0,0,0,0,0,0,0,0,0,0,0,0,0,0,0,0
592,55034084,22137,21542,1,0,0,0,0,0,0,0,0,0,0,0,0,0,0,0,0
593,56117332,22213,22500,1,0,0,0,0,0,0,0,0,0,0,0,0,0,0,0,0
594,56503332,22137,26166,1,0,0,0,0,0,0,0,0,0,0,0,0,0,0,0,0
595,48337960,22073,22333,1,0,0,0,0,0,0,0,0,0,0,0,0,0,0,0,0
596,42248668,32497,408667,1,0,0,384541,1,381416,1,0,0,0,0,0,0,0,0,0,0
597,38630292,22125,16500,1,0,0,0,0,0,0,0,0,0,0,0,0,0,0,0,0
598,37365040,22073,17083,1,0,0,0,0,0,0,0,0,0,0,0,0,0,0,0,0
599,33889292,22137,15000,1,0,0,0,0,0,0,0,0,0,0,0,0,0,0,0,0
600,33610960,22725,14917,1,0,0,0,0,0,0,0,0,0,0,0,0,0,0,0,0
601,33597960,22289,14625,1,0,0,0,0,0,0,0,0,0,0,0,0,0,0,0,0
602,33595544,22137,14458,1,0,0,0,0,0,0,0,0,0,0,0,0,0,0,0,0
603,33333624,22125,14167,1,0,0,0,0,0,0,0,0,0,0,0,0,0,0,0,0
604,33708960,22073,15834,1,0,0,0,0,0,0,0,0,0,0,0,0,0,0,0,0
605,33672544,22225,15667,1,0,0,0,0,0,0,0,0,0,0,0,0,0,0,0,0
606,30405500,22073,14625,1,0,0,0,0,0,0,0,0,0,0,0,0,0,0,0,0
607,32429500,22073,14792,1,0,0,0,0,0,0,0,0,0,0,0,0,0,0,0,0
608,30910500,22073,14125,1,0,0,0,0,0,0,0,0,0,0,0,0,0,0,0,0
609,30145668,22137,15167,1,0,0,0,0,0,0,0,0,0,0,0,0,0,0,0,0
610,30215208,22213,14208,1,0,0,0,0,0,0,0,0,0,0,0,0,0,0,0,0
611,30404334,22073,14292,1,0,0,0,0,0,0,0,0,0,0,0,0,0,0,0,0
612,30810624,22073,14292,1,0,0,0,0,0,0,0,0,0,0,0,0,0,0,0,0
613,30338832,22137,14333,1,0,0,0,0,0,0,0,0,0,0,0,0,0,0,0,0
614,31521416,22073,14500,1,0,0,0,0,0,0,0,0,0,0,0,0,0,0,0,0
615,33334668,22161,14375,1,0,0,0,0,0,0,0,0,0,0,0,0,0,0,0,0
616,33418542,22637,17666,1,0,0,0,0,0,0,0,0,0,0,0,0,0,0,0,0
617,33445958,22405,16208,1,0,0,0,0,0,0,0,0,0,0,0,0,0,0,0,0
618,35959168,22073,17125,1,0,0,0,0,0,0,0,0,0,0,0,0,0,0,0,0
619,36266124,22073,16792,1,0,0,0,0,0,0,0,0,0,0,0,0,0,0,0,0
620,36406416,22225,16625,1,0,0,0,0,0,0,0,0,0,0,0,0,0,0,0,0
621,37582752,22073,17334,1,0,0,0,0,0,0,0,0,0,0,0,0,0,0,0,0
622,40728540,22073,23666,1,0,0,0,0,0,0,0,0,0,0,0,0,0,0,0,0
623,38377876,22189,16834,1,0,0,0,0,0,0,0,0,0,0,0,0,0,0,0,0
624,44189876,22161,21584,1,0,0,0,0,0,0,0,0,0,0,0,0,0,0,0,0
625,47607792,22073,21958,1,0,0,0,0,0,0,0,0,0,0,0,0,0,0,0,0
626,63631336,22137,30375,1,0,0,0,0,0,0,0,0,0,0,0,0,0,0,0,0
627,68938040,22725,39000,1,0,0,0,0,0,0,0,0,0,0,0,0,0,0,0,0
628,71099584,22405,32625,1,0,0,0,0,0,0,0,0,0,0,0,0,0,0,0,0
629,70884080,22073,33416,1,0,0,0,0,0,0,0,0,0,0,0,0,0,0,0,0
630,65833500,22225,33750,1,0,0,0,0,0,0,0,0,0,0,0,0,0,0,0,0
631,59074456,22125,27416,1,0,0,0,0,0,0,0,0,0,0,0,0,0,0,0,0
632,48357832,22137,25041,1,0,0,0,0,0,0,0,0,0,0,0,0,0,0,0,0
633,47432168,22161,26667,1,0,0,0,0,0,0,0,0,0,0,0,0,0,0,0,0
634,46102792,22073,21459,1,0,0,0,0,0,0,0,0,0,0,0,0,0,0,0,0
635,46503792,22189,21542,1,0,0,0,0,0,0,0,0,0,0,0,0,0,0,0,0
636,45171500,22637,21167,1,0,0,0,0,0,0,0,0,0,0,0,0,0,0,0,0
637,45985960,22377,21208,1,0,0,0,0,0,0,0,0,0,0,0,0,0,0,0,0
638,47402460,22137,27416,1,0,0,0,0,0,0,0,0,0,0,0,0,0,0,0,0
639,47358960,22073,20791,1,0,0,0,0,0,0,0,0,0,0,0,0,0,0,0,0
640,45754960,22125,21250,1,0,0,0,0,0,0,0,0,0,0,0,0,0,0,0,0
641,50706916,22225,23416,1,0,0,0,0,0,0,0,0,0,0,0,0,0,0,0,0
642,47645040,22073,22000,1,0,0,0,0,0,0,0,0,0,0,0,0,0,0,0,0
643,53222208,22073,21084,1,0,0,0,0,0,0,0,0,0,0,0,0,0,0,0,0
644,56212876,22225,25375,1,0,0,0,0,0,0,0,0,0,0,0,0,0,0,0,0
645,56910292,22125,26583,1,0,0,0,0,0,0,0,0,0,0,0,0,0,0,0,0
646,54365500,22701,28875,1,0,0,0,0,0,0,0,0,0,0,0,0,0,0,0,0
647,53322416,22377,25166,1,0,0,0,0,0,0,0,0,0,0,0,0,0,0,0,0
648,51835916,22137,25459,1,0,0,0,0,0,0,0,0,0,0,0,0,0,0,0,0
649,44600456,22125,22666,1,0,0,0,0,0,0,0,0,0,0,0,0,0,0,0,0
650,42841292,22073,22500,1,0,0,0,0,0,0,0,0,0,0,0,0,0,0,0,0
651,45190876,22225,20625,1,0,0,0,0,0,0,0,0,0,0,0,0,0,0,0,0
652,40750124,22073,19375,1,0,0,0,0,0,0,0,0,0,0,0,0,0,0,0,0
653,40581708,22073,23542,1,0,0,0,0,0,0,0,0,0,0,0,0,0,0,0,0
654,41263624,22189,18958,1,0,0,0,0,0,0,0,0,0,0,0,0,0,0,0,0
655,39448336,22161,19625,1,0,0,0,0,0,0,0,0,0,0,0,0,0,0,0,0
656,41401416,22073,18875,1,0,0,0,0,0,0,0,0,0,0,0,0,0,0,0,0
657,43297960,22701,29041,1,0,0,0,0,0,0,0,0,0,0,0,0,0,0,0,0
658,46020208,22289,22333,1,0,0,0,0,0,0,0,0,0,0,0,0,0,0,0,0
659,45483500,22213,21750,1,0,0,0,0,0,0,0,0,0,0,0,0,0,0,0,0
660,45841544,22137,21709,1,0,0,0,0,0,0,0,0,0,0,0,0,0,0,0,0
661,49297208,22073,22333,1,0,0,0,0,0,0,0,0,0,0,0,0,0,0,0,0
662,51552124,22073,27166,1,0,0,0,0,0,0,0,0,0,0,0,0,0,0,0,0
663,59419916,22225,27084,1,0,0,0,0,0,0,0,0,0,0,0,0,0,0,0,0
664,56097292,22125,25916,1,0,0,0,0,0,0,0,0,0,0,0,0,0,0,0,0
665,55262084,22137,26125,1,0,0,0,0,0,0,0,0,0,0,0,0,0,0,0,0
666,56972124,22161,25958,1,0,0,0,0,0,0,0,0,0,0,0,0,0,0,0,0
667,56141668,22701,25584,1,0,0,0,0,0,0,0,0,0,0,0,0,0,0,0,0
668,56567960,22341,29750,1,0,0,0,0,0,0,0,0,0,0,0,0,0,0,0,0
669,54504668,22225,25208,1,0,0,0,0,0,0,0,0,0,0,0,0,0,0,0,0
670,55323792,22073,25042,1,0,0,0,0,0,0,0,0,0,0,0,0,0,0,0,0
671,54848376,22137,29500,1,0,0,0,0,0,0,0,0,0,0,0,0,0,0,0,0
672,58016000,22213,25375,1,0,0,0,0,0,0,0,0,0,0,0,0,0,0,0,0
673,50041168,22137,20666,1,0,0,0,0,0,0,0,0,0,0,0,0,0,0,0,0
674,53298624,22073,24292,1,0,0,0,0,0,0,0,0,0,0,0,0,0,0,0,0
675,53942668,22225,20667,1,0,0,0,0,0,0,0,0,0,0,0,0,0,0,0,0
676,56122752,22689,25459,1,0,0,0,0,0,0,0,0,0,0,0,0,0,0,0,0
677,55309416,22353,25500,1,0,0,0,0,0,0,0,0,0,0,0,0,0,0,0,0
678,55784832,22161,51667,1,0,0,0,0,0,0,0,0,0,0,0,0,0,0,0,0
679,54224624,22137,28292,1,0,0,0,0,0,0,0,0,0,0,0,0,0,0,0,0
680,49771416,22125,23000,1,0,0,0,0,0,0,0,0,0,0,0,0,0,0,0,0
681,47514168,22225,20000,1,0,0,0,0,0,0,0,0,0,0,0,0,0,0,0,0
682,43125500,22073,19958,1,0,0,0,0,0,0,0,0,0,0,0,0,0,0,0,0
683,38154876,22073,16584,1,0,0,0,0,0,0,0,0,0,0,0,0,0,0,0,0
684,38327248,22137,16250,1,0,0,0,0,0,0,0,0,0,0,0,0,0,0,0,0
685,34387040,22213,16958,1,0,0,0,0,0,0,0,0,0,0,0,0,0,0,0,0
686,34017168,22073,15458,1,0,0,0,0,0,0,0,0,0,0,0,0,0,0,0,0
687,33801668,22701,14667,1,0,0,0,0,0,0,0,0,0,0,0,0,0,0,0,0
688,35105168,27769,292917,1,0,0,274000,1,271083,1,0,0,0,0,0,0,0,0,0,0
689,34327752,22073,14792,1,0,0,0,0,0,0,0,0,0,0,0,0,0,0,0,0
690,37483460,22225,14292,1,0,0,0,0,0,0,0,0,0,0,0,0,0,0,0,0
691,36002752,22125,16708,1,0,0,0,0,0,0,0,0,0,0,0,0,0,0,0,0
692,37383876,22073,16250,1,0,0,0,0,0,0,0,0,0,0,0,0,0,0,0,0
693,39092916,22137,14959,1,0,0,0,0,0,0,0,0,0,0,0,0,0,0,0,0
694,40966960,22073,16042,1,0,0,0,0,0,0,0,0,0,0,0,0,0,0,0,0
695,35887416,22161,14709,1,0,0,0,0,0,0,0,0,0,0,0,0,0,0,0,0
696,39652708,22137,15125,1,0,0,0,0,0,0,0,0,0,0,0,0,0,0,0,0
697,43428584,22125,16958,1,0,0,0,0,0,0,0,0,0,0,0,0,0,0,0,0
698,54380168,22073,19125,1,0,0,0,0,0,0,0,0,0,0,0,0,0,0,0,0
699,69173792,22789,28542,1,0,0,0,0,0,0,0,0,0,0,0,0,0,0,0,0
700,78362664,22289,19000,1,0,0,0,0,0,0,0,0,0,0,0,0,0,0,0,0
701,68172000,22189,20916,1,0,0,0,0,0,0,0,0,0,0,0,0,0,0,0,0
702,71954712,22161,28042,1,0,0,0,0,0,0,0,0,0,0,0,0,0,0,0,0
703,68375000,22137,32209,1,0,0,0,0,0,0,0,0,0,0,0,0,0,0,0,0
704,52598416,22125,22958,1,0,0,0,0,0,0,0,0,0,0,0,0,0,0,0,0
705,46596960,22225,19167,1,0,0,0,0,0,0,0,0,0,0,0,0,0,0,0,0
706,41924664,22073,16917,1,0,0,0,0,0,0,0,0,0,0,0,0,0,0,0,0
707,41205584,22073,16542,1,0,0,0,0,0,0,0,0,0,0,0,0,0,0,0,0
708,42133040,22701,17250,1,0,0,0,0,0,0,0,0,0,0,0,0,0,0,0,0
709,47277000,22429,18625,1,0,0,0,0,0,0,0,0,0,0,0,0,0,0,0,0
710,46456832,22073,18917,1,0,0,0,0,0,0,0,0,0,0,0,0,0,0,0,0
711,46653376,22137,20041,1,0,0,0,0,0,0,0,0,0,0,0,0,0,0,0,0
712,45898668,22073,20375,1,0,0,0,0,0,0,0,0,0,0,0,0,0,0,0,0
713,49596416,22161,20292,1,0,0,0,0,0,0,0,0,0,0,0,0,0,0,0,0
714,52400668,22189,19583,1,0,0,0,0,0,0,0,0,0,0,0,0,0,0,0,0
715,53364416,22073,23084,1,0,0,0,0,0,0,0,0,0,0,0,0,0,0,0,0
716,49935168,22225,23708,1,0,0,0,0,0,0,0,0,0,0,0,0,0,0,0,0
717,43572124,22073,20500,1,0,0,0,0,0,0,0,0,0,0,0,0,0,0,0,0
718,44143084,22073,20042,1,0,0,0,0,0,0,0,0,0,0,0,0,0,0,0,0
719,39488124,22753,19625,1,0,0,0,0,0,0,0,0,0,0,0,0,0,0,0,0
720,38573584,22377,18166,1,0,0,0,0,0,0,0,0,0,0,0,0,0,0,0,0
721,36659168,22073,18666,1,0,0,0,0,0,0,0,0,0,0,0,0,0,0,0,0
722,33695292,22137,15834,1,0,0,0,0,0,0,0,0,0,0,0,0,0,0,0,0
723,33429458,22073,16250,1,0,0,0,0,0,0,0,0,0,0,0,0,0,0,0,0
724,33458458,32345,346583,1,0,0,324375,1,321500,1,0,0,0,0,0,0,0,0,0,0
725,37154248,22277,18042,1,0,0,0,0,0,0,0,0,0,0,0,0,0,0,0,0
726,34125000,22073,17000,1,0,0,0,0,0,0,0,0,0,0,0,0,0,0,0,0
727,33295792,22073,16750,1,0,0,0,0,0,0,0,0,0,0,0,0,0,0,0,0
728,33610416,22137,16250,1,0,0,0,0,0,0,0,0,0,0,0,0,0,0,0,0
729,32329540,22073,17125,1,0,0,0,0,0,0,0,0,0,0,0,0,0,0,0,0
730,30534416,22161,15125,1,0,0,0,0,0,0,0,0,0,0,0,0,0,0,0,0
731,30342624,22125,15458,1,0,0,0,0,0,0,0,0,0,0,0,0,0,0,0,0
732,32696666,22137,15833,1,0,0,0,0,0,0,0,0,0,0,0,0,0,0,0,0
733,33155124,22637,15167,1,0,0,0,0,0,0,0,0,0,0,0,0,0,0,0,0
734,34183500,22289,15291,1,0,0,0,0,0,0,0,0,0,0,0,0,0,0,0,0
735,37857876,22225,20916,1,0,0,0,0,0,0,0,0,0,0,0,0,0,0,0,0
736,35443960,22073,17875,1,0,0,0,0,0,0,0,0,0,0,0,0,0,0,0,0
737,35579916,22125,20750,1,0,0,0,0,0,0,0,0,0,0,0,0,0,0,0,0
738,37658544,22137,18708,1,0,0,0,0,0,0,0,0,0,0,0,0,0,0,0,0
739,36891832,22073,17833,1,0,0,0,0,0,0,0,0,0,0,0,0,0,0,0,0
740,43736752,22161,20166,1,0,0,0,0,0,0,0,0,0,0,0,0,0,0,0,0
741,47198624,22137,23166,1,0,0,0,0,0,0,0,0,0,0,0,0,0,0,0,0
742,53718040,22125,26958,1,0,0,0,0,0,0,0,0,0,0,0,0,0,0,0,0
743,65701624,22137,35333,1,0,0,0,0,0,0,0,0,0,0,0,0,0,0,0,0
744,68387584,22725,32625,1,0,0,0,0,0,0,0,0,0,0,0,0,0,0,0,0
745,67426664,22353,33000,1,0,0,0,0,0,0,0,0,0,0,0,0,0,0,0,0
746,69303544,22125,33875,1,0,0,0,0,0,0,0,0,0,0,0,0,0,0,0,0
747,58542540,22225,37250,1,0,0,0,0,0,0,0,0,0,0,0,0,0,0,0,0
748,55695708,22073,25958,1,0,0,0,0,0,0,0,0,0,0,0,0,0,0,0,0
749,56214248,22137,28333,1,0,0,0,0,0,0,0,0,0,0,0,0,0,0,0,0
750,46414416,22213,25833,1,0,0,0,0,0,0,0,0,0,0,0,0,0,0,0,0
751,49721624,22137,25917,1,0,0,0,0,0,0,0,0,0,0,0,0,0,0,0,0
752,52547040,22073,22000,1,0,0,0,0,0,0,0,0,0,0,0,0,0,0,0,0
753,52108960,22789,26166,1,0,0,0,0,0,0,0,0,0,0,0,0,0,0,0,0
754,52633416,22341,37375,1,0,0,0,0,0,0,0,0,0,0,0,0,0,0,0,0
755,49942876,22137,21709,1,0,0,0,0,0,0,0,0,0,0,0,0,0,0,0,0
756,54200168,22161,27875,1,0,0,0,0,0,0,0,0,0,0,0,0,0,0,0,0
757,52859292,22137,24916,1,0,0,0,0,0,0,0,0,0,0,0,0,0,0,0,0
758,50087168,22125,21417,1,0,0,0,0,0,0,0,0,0,0,0,0,0,0,0,0
759,44711292,32167,20875,1,0,0,0,0,0,0,0,0,0,0,0,0,0,0,0,0
760,44413668,27801,21375,1,0,0,0,0,0,0,0,0,0,0,0,0,0,0,0,0
761,40496084,22073,47083,1,0,0,0,0,0,0,0,0,0,0,0,0,0,0,0,0
762,38333000,22137,43084,1,0,0,0,0,0,0,0,0,0,0,0,0,0,0,0,0
763,35295376,22213,43500,1,0,0,0,0,0,0,0,0,0,0,0,0,0,0,0,0
764,33809832,22637,35791,1,0,0,0,0,0,0,0,0,0,0,0,0,0,0,0,0
765,33867040,22353,48292,1,0,0,0,0,0,0,0,0,0,0,0,0,0,0,0,0
766,33706084,22073,40042,1,0,0,0,0,0,0,0,0,0,0,0,0,0,0,0,0
767,33457792,22073,39417,1,0,0,0,0,0,0,0,0,0,0,0,0,0,0,0,0
768,33753124,22225,33541,1,0,0,0,0,0,0,0,0,0,0,0,0,0,0,0,0
769,33610960,22125,39042,1,0,0,0,0,0,0,0,0,0,0,0,0,0,0,0,0
770,33568000,22073,38083,1,0,0,0,0,0,0,0,0,0,0,0,0,0,0,0,0
771,36770000,22137,55167,1,0,0,0,0,0,0,0,0,0,0,0,0,0,0,0,0
772,33609336,22073,33917,1,0,0,0,0,0,0,0,0,0,0,0,0,0,0,0,0
773,33723960,22161,38833,1,0,0,0,0,0,0,0,0,0,0,0,0,0,0,0,0
774,33834584,22137,36708,1,0,0,0,0,0,0,0,0,0,0,0,0,0,0,0,0
775,33812416,22125,37166,1,0,0,0,0,0,0,0,0,0,0,0,0,0,0,0,0
776,33124376,22073,35583,1,0,0,0,0,0,0,0,0,0,0,0,0,0,0,0,0
777,30205876,22137,34625,1,0,0,0,0,0,0,0,0,0,0,0,0,0,0,0,0
778,30338668,22161,37000,1,0,0,0,0,0,0,0,0,0,0,0,0,0,0,0,0
779,30400042,22637,40709,1,0,0,0,0,0,0,0,0,0,0,0,0,0,0,0,0
780,31490500,22289,30917,1,0,0,0,0,0,0,0,0,0,0,0,0,0,0,0,0
781,32652042,22137,15041,1,0,0,0,0,0,0,0,0,0,0,0,0,0,0,0,0
782,32868166,22125,14750,1,0,0,0,0,0,0,0,0,0,0,0,0,0,0,0,0
783,32913584,22161,15875,1,0,0,0,0,0,0,0,0,0,0,0,0,0,0,0,0
784,33017166,22073,14334,1,0,0,0,0,0,0,0,0,0,0,0,0,0,0,0,0
785,33770000,22137,16625,1,0,0,0,0,0,0,0,0,0,0,0,0,0,0,0,0
786,37078168,22073,28917,1,0,0,0,0,0,0,0,0,0,0,0,0,0,0,0,0
787,33830624,22073,16500,1,0,0,0,0,0,0,0,0,0,0,0,0,0,0,0,0
788,34154752,22277,16375,1,0,0,0,0,0,0,0,0,0,0,0,0,0,0,0,0
789,33378000,22073,16500,1,0,0,0,0,0,0,0,0,0,0,0,0,0,0,0,0
790,33819624,22073,16708,1,0,0,0,0,0,0,0,0,0,0,0,0,0,0,0,0
791,35444668,22137,16291,1,0,0,0,0,0,0,0,0,0,0,0,0,0,0,0,0
792,38720084,22073,24209,1,0,0,0,0,0,0,0,0,0,0,0,0,0,0,0,0
793,37054336,22161,17292,1,0,0,0,0,0,0,0,0,0,0,0,0,0,0,0,0
794,36969876,22753,16833,1,0,0,0,0,0,0,0,0,0,0,0,0,0,0,0,0
795,35195456,22289,17042,1,0,0,0,0,0,0,0,0,0,0,0,0,0,0,0,0
796,39915376,22073,17125,1,0,0,0,0,0,0,0,0,0,0,0,0,0,0,0,0
797,44620708,22225,20375,1,0,0,0,0,0,0,0,0,0,0,0,0,0,0,0,0
798,55185416,22073,27584,1,0,0,0,0,0,0,0,0,0,0,0,0,0,0,0,0
799,66497584,22125,33334,1,0,0,0,0,0,0,0,0,0,0,0,0,0,0,0,0
800,71416168,22225,34041,1,0,0,0,0,0,0,0,0,0,0,0,0,0,0,0,0
801,67255664,22073,33917,1,0,0,0,0,0,0,0,0,0,0,0,0,0,0,0,0
802,68565128,22189,35417,1,0,0,0,0,0,0,0,0,0,0,0,0,0,0,0,0
803,62092876,22725,34084,1,0,0,0,0,0,0,0,0,0,0,0,0,0,0,0,0
804,56098000,22353,25666,1,0,0,0,0,0,0,0,0,0,0,0,0,0,0,0,0
805,51823416,22073,25708,1,0,0,0,0,0,0,0,0,0,0,0,0,0,0,0,0
806,46711960,22277,27333,1,0,0,0,0,0,0,0,0,0,0,0,0,0,0,0,0
807,47600332,22073,21667,1,0,0,0,0,0,0,0,0,0,0,0,0,0,0,0,0
808,50091668,22073,23292,1,0,0,0,0,0,0,0,0,0,0,0,0,0,0,0,0
809,48065916,22137,22000,1,0,0,0,0,0,0,0,0,0,0,0,0,0,0,0,0
810,49236168,22161,22541,1,0,0,0,0,0,0,0,0,0,0,0,0,0,0,0,0
811,55689040,22125,26667,1,0,0,0,0,0,0,0,0,0,0,0,0,0,0,0,0
812,59265500,22137,26166,1,0,0,0,0,0,0,0,0,0,0,0,0,0,0,0,0
813,65575208,22941,33209,1,0,0,0,0,0,0,0,0,0,0,0,0,0,0,0,0
814,58081416,22137,32875,1,0,0,0,0,0,0,0,0,0,0,0,0,0,0,0,0
815,55897916,22125,26334,1,0,0,0,0,0,0,0,0,0,0,0,0,0,0,0,0
816,56551832,27705,527250,1,0,0,491875,1,486125,1,0,0,0,0,0,0,0,0,0,0
817,55254168,22073,27042,1,0,0,0,0,0,0,0,0,0,0,0,0,0,0,0,0
818,51632584,22137,26542,1,0,0,0,0,0,0,0,0,0,0,0,0,0,0,0,0
819,44362248,22213,25667,1,0,0,0,0,0,0,0,0,0,0,0,0,0,0,0,0
820,41950460,22073,20084,1,0,0,0,0,0,0,0,0,0,0,0,0,0,0,0,0
821,38296168,22137,17042,1,0,0,0,0,0,0,0,0,0,0,0,0,0,0,0,0
822,34215500,22637,16125,1,0,0,0,0,0,0,0,0,0,0,0,0,0,0,0,0
823,33898668,22377,15750,1,0,0,0,0,0,0,0,0,0,0,0,0,0,0,0,0
824,33958668,22137,14791,1,0,0,0,0,0,0,0,0,0,0,0,0,0,0,0,0
825,34316500,22125,15250,1,0,0,0,0,0,0,0,0,0,0,0,0,0,0,0,0
826,34376248,22073,15042,1,0,0,0,0,0,0,0,0,0,0,0,0,0,0,0,0
827,34287832,22137,14958,1,0,0,0,0,0,0,0,0,0,0,0,0,0,0,0,0
828,33945708,22161,14542,1,0,0,0,0,0,0,0,0,0,0,0,0,0,0,0,0
829,36078124,22073,15667,1,0,0,0,0,0,0,0,0,0,0,0,0,0,0,0,0
830,31814876,22137,13583,1,0,0,0,0,0,0,0,0,0,0,0,0,0,0,0,0
831,30638832,22125,13417,1,0,0,0,0,0,0,0,0,0,0,0,0,0,0,0,0
832,31858750,22073,13667,1,0,0,0,0,0,0,0,0,0,0,0,0,0,0,0,0
833,32638834,22161,13166,1,0,0,0,0,0,0,0,0,0,0,0,0,0,0,0,0
834,33562168,22137,13250,1,0,0,0,0,0,0,0,0,0,0,0,0,0,0,0,0
835,38082668,22073,14666,1,0,0,0,0,0,0,0,0,0,0,0,0,0,0,0,0
836,38528124,22073,15167,1,0,0,0,0,0,0,0,0,0,0,0,0,0,0,0,0
837,35590624,22753,14791,1,0,0,0,0,0,0,0,0,0,0,0,0,0,0,0,0
838,37520376,22377,21209,1,0,0,0,0,0,0,0,0,0,0,0,0,0,0,0,0
839,37878752,22073,14208,1,0,0,0,0,0,0,0,0,0,0,0,0,0,0,0,0
840,44647416,22137,16750,1,0,0,0,0,0,0,0,0,0,0,0,0,0,0,0,0
841,51698708,22073,18583,1,0,0,0,0,0,0,0,0,0,0,0,0,0,0,0,0
842,64608208,22213,22416,1,0,0,0,0,0,0,0,0,0,0,0,0,0,0,0,0
843,71518456,22137,28542,1,0,0,0,0,0,0,0,0,0,0,0,0,0,0,0,0
844,71146496,22073,27833,1,0,0,0,0,0,0,0,0,0,0,0,0,0,0,0,0
845,73526168,22277,32542,1,0,0,0,0,0,0,0,0,0,0,0,0,0,0,0,0
846,65572124,22637,28167,1,0,0,0,0,0,0,0,0,0,0,0,0,0,0,0,0
847,54703084,22353,22583,1,0,0,0,0,0,0,0,0,0,0,0,0,0,0,0,0
848,48015792,22161,19334,1,0,0,0,0,0,0,0,0,0,0,0,0,0,0,0,0
849,47058544,22189,18541,1,0,0,0,0,0,0,0,0,0,0,0,0,0,0,0,0
850,40916376,22073,18792,1,0,0,0,0,0,0,0,0,0,0,0,0,0,0,0,0
851,44439916,22073,17042,1,0,0,0,0,0,0,0,0,0,0,0,0,0,0,0,0
852,44374416,32497,351291,1,0,0,330417,1,326458,1,0,0,0,0,0,0,0,0,0,0
853,46251916,22073,19917,1,0,0,0,0,0,0,0,0,0,0,0,0,0,0,0,0
854,45859292,22125,20000,1,0,0,0,0,0,0,0,0,0,0,0,0,0,0,0,0
855,48098708,22137,18958,1,0,0,0,0,0,0,0,0,0,0,0,0,0,0,0,0
856,47220040,22725,19000,1,0,0,0,0,0,0,0,0,0,0,0,0,0,0,0,0
857,48787168,22289,18708,1,0,0,0,0,0,0,0,0,0,0,0,0,0,0,0,0
858,53860040,22137,21042,1,0,0,0,0,0,0,0,0,0,0,0,0,0,0,0,0
859,55009000,22125,23250,1,0,0,0,0,0,0,0,0,0,0,0,0,0,0,0,0
860,63225752,22225,24250,1,0,0,0,0,0,0,0,0,0,0,0,0,0,0,0,0
861,57374460,22073,25500,1,0,0,0,0,0,0,0,0,0,0,0,0,0,0,0,0
862,50639332,22137,25125,1,0,0,0,0,0,0,0,0,0,0,0,0,0,0,0,0
863,43709084,22213,20542,1,0,0,0,0,0,0,0,0,0,0,0,0,0,0,0,0
864,42414248,22073,20666,1,0,0,0,0,0,0,0,0,0,0,0,0,0,0,0,0
865,39966208,22137,17583,1,0,0,0,0,0,0,0,0,0,0,0,0,0,0,0,0
866,39656668,22073,22583,1,0,0,0,0,0,0,0,0,0,0,0,0,0,0,0,0
867,38339792,22725,23625,1,0,0,0,0,0,0,0,0,0,0,0,0,0,0,0,0
868,38320376,22405,16208,1,0,0,0,0,0,0,0,0,0,0,0,0,0,0,0,0
869,39513832,22073,17916,1,0,0,0,0,0,0,0,0,0,0,0,0,0,0,0,0
870,41177664,22073,18875,1,0,0,0,0,0,0,0,0,0,0,0,0,0,0,0,0
871,40967376,22225,17791,1,0,0,0,0,0,0,0,0,0,0,0,0,0,0,0,0
872,44114792,22073,23625,1,0,0,0,0,0,0,0,0,0,0,0,0,0,0,0,0
873,50933416,22125,21625,1,0,0,0,0,0,0,0,0,0,0,0,0,0,0,0,0
874,50124792,22137,20708,1,0,0,0,0,0,0,0,0,0,0,0,0,0,0,0,0
875,54668084,22161,25625,1,0,0,0,0,0,0,0,0,0,0,0,0,0,0,0,0
876,61817332,22137,29917,1,0,0,0,0,0,0,0,0,0,0,0,0,0,0,0,0
877,68829504,22891,63667,1,0,0,0,0,0,0,0,0,0,0,0,0,0,0,0,0
878,65933376,22441,38416,1,0,0,0,0,0,0,0,0,0,0,0,0,0,0,0,0
879,56207624,22073,27042,1,0,0,0,0,0,0,0,0,0,0,0,0,0,0,0,0
880,56637960,22137,28250,1,0,0,0,0,0,0,0,0,0,0,0,0,0,0,0,0
881,56532916,22213,26958,1,0,0,0,0,0,0,0,0,0,0,0,0,0,0,0,0
882,55436500,22137,29667,1,0,0,0,0,0,0,0,0,0,0,0,0,0,0,0,0
883,53145500,22073,26709,1,0,0,0,0,0,0,0,0,0,0,0,0,0,0,0,0
884,47790168,22225,21750,1,0,0,0,0,0,0,0,0,0,0,0,0,0,0,0,0
885,47731792,22125,24291,1,0,0,0,0,0,0,0,0,0,0,0,0,0,0,0,0
886,48193208,22637,22375,1,0,0,0,0,0,0,0,0,0,0,0,0,0,0,0,0
887,49324916,22353,24333,1,0,0,0,0,0,0,0,0,0,0,0,0,0,0,0,0
888,49147876,22161,22667,1,0,0,0,0,0,0,0,0,0,0,0,0,0,0,0,0
889,57651248,22073,26667,1,0,0,0,0,0,0,0,0,0,0,0,0,0,0,0,0
890,57928500,22189,26375,1,0,0,0,0,0,0,0,0,0,0,0,0,0,0,0,0
891,71414832,22161,34458,1,0,0,0,0,0,0,0,0,0,0,0,0,0,0,0,0
892,72356080,22137,33167,1,0,0,0,0,0,0,0,0,0,0,0,0,0,0,0,0
893,66402624,22125,32416,1,0,0,0,0,0,0,0,0,0,0,0,0,0,0,0,0
894,67614000,23087,33750,1,0,0,0,0,0,0,0,0,0,0,0,0,0,0,0,0
895,59513876,22289,32667,1,0,0,0,0,0,0,0,0,0,0,0,0,0,0,0,0
896,49487000,22137,25750,1,0,0,0,0,0,0,0,0,0,0,0,0,0,0,0,0
897,40888832,22213,21292,1,0,0,0,0,0,0,0,0,0,0,0,0,0,0,0,0
898,37174500,22073,19625,1,0,0,0,0,0,0,0,0,0,0,0,0,0,0,0,0
899,34152832,22137,16625,1,0,0,0,0,0,0,0,0,0,0,0,0,0,0,0,0
900,36663752,22073,17583,1,0,0,0,0,0,0,0,0,0,0,0,0,0,0,0,0
901,33615208,22073,20625,1,0,0,0,0,0,0,0,0,0,0,0,0,0,0,0,0
902,34002248,22225,15875,1,0,0,0,0,0,0,0,0,0,0,0,0,0,0,0,0
903,33548166,22125,16250,1,0,0,0,0,0,0,0,0,0,0,0,0,0,0,0,0
904,30463208,22073,15083,1,0,0,0,0,0,0,0,0,0,0,0,0,0,0,0,0
905,30296332,22073,15625,1,0,0,0,0,0,0,0,0,0,0,0,0,0,0,0,0
906,30776040,22137,14416,1,0,0,0,0,0,0,0,0,0,0,0,0,0,0,0,0
907,30713250,22161,15041,1,0,0,0,0,0,0,0,0,0,0,0,0,0,0,0,0
908,30435624,22637,17458,1,0,0,0,0,0,0,0,0,0,0,0,0,0,0,0,0
909,30265958,22289,14792,1,0,0,0,0,0,0,0,0,0,0,0,0,0,0,0,0
910,30572876,22189,14875,1,0,0,0,0,0,0,0,0,0,0,0,0,0,0,0,0
911,30358708,22073,15083,1,0,0,0,0,0,0,0,0,0,0,0,0,0,0,0,0
912,30545000,22161,15125,1,0,0,0,0,0,0,0,0,0,0,0,0,0,0,0,0
913,30578960,22073,15292,1,0,0,0,0,0,0,0,0,0,0,0,0,0,0,0,0
914,30406708,22137,14625,1,0,0,0,0,0,0,0,0,0,0,0,0,0,0,0,0
915,30424876,22073,14625,1,0,0,0,0,0,0,0,0,0,0,0,0,0,0,0,0
916,32533208,22073,15250,1,0,0,0,0,0,0,0,0,0,0,0,0,0,0,0,0
917,33407376,22213,16583,1,0,0,0,0,0,0,0,0,0,0,0,0,0,0,0,0
918,33253876,22137,16125,1,0,0,0,0,0,0,0,0,0,0,0,0,0,0,0,0
919,35121416,22073,16916,1,0,0,0,0,0,0,0,0,0,0,0,0,0,0,0,0
920,36232084,22073,20833,1,0,0,0,0,0,0,0,0,0,0,0,0,0,0,0,0
921,36363752,22137,16958,1,0,0,0,0,0,0,0,0,0,0,0,0,0,0,0,0
922,35941916,22161,16375,1,0,0,0,0,0,0,0,0,0,0,0,0,0,0,0,0
923,38208584,22689,16833,1,0,0,0,0,0,0,0,0,0,0,0,0,0,0,0,0
924,43766916,22353,22750,1,0,0,0,0,0,0,0,0,0,0,0,0,0,0,0,0
925,54667664,22073,20917,1,0,0,0,0,0,0,0,0,0,0,0,0,0,0,0,0
926,68720832,22161,31084,1,0,0,0,0,0,0,0,0,0,0,0,0,0,0,0,0
927,72559920,22189,32000,1,0,0,0,0,0,0,0,0,0,0,0,0,0,0,0,0
928,76755832,22073,23125,1,0,0,0,0,0,0,0,0,0,0,0,0,0,0,0,0
929,67123712,22225,20834,1,0,0,0,0,0,0,0,0,0,0,0,0,0,0,0,0
930,69213792,22125,30833,1,0,0,0,0,0,0,0,0,0,0,0,0,0,0,0,0
931,61985960,22701,30917,1,0,0,0,0,0,0,0,0,0,0,0,0,0,0,0,0
932,51936832,22377,24625,1,0,0,0,0,0,0,0,0,0,0,0,0,0,0,0,0
933,46089208,22137,24333,1,0,0,0,0,0,0,0,0,0,0,0,0,0,0,0,0
934,47868624,22125,20542,1,0,0,0,0,0,0,0,0,0,0,0,0,0,0,0,0
935,42758752,22073,18375,1,0,0,0,0,0,0,0,0,0,0,0,0,0,0,0,0
936,46744416,22225,21833,1,0,0,0,0,0,0,0,0,0,0,0,0,0,0,0,0
937,53598292,22073,17500,1,0,0,0,0,0,0,0,0,0,0,0,0,0,0,0,0
938,54022668,22137,24375,1,0,0,0,0,0,0,0,0,0,0,0,0,0,0,0,0
939,56675792,22213,23625,1,0,0,0,0,0,0,0,0,0,0,0,0,0,0,0,0
940,69206040,22137,28834,1,0,0,0,0,0,0,0,0,0,0,0,0,0,0,0,0
941,67621752,22637,30125,1,0,0,0,0,0,0,0,0,0,0,0,0,0,0,0,0
942,68901080,22441,31750,1,0,0,0,0,0,0,0,0,0,0,0,0,0,0,0,0
943,60491124,22125,31167,1,0,0,0,0,0,0,0,0,0,0,0,0,0,0,0,0
944,55624456,27617,472958,1,0,0,443667,1,438584,1,0,0,0,0,0,0,0,0,0,0
945,61187584,22161,25125,1,0,0,0,0,0,0,0,0,0,0,0,0,0,0,0,0
946,55810668,22137,22750,1,0,0,0,0,0,0,0,0,0,0,0,0,0,0,0,0
947,56352624,22125,23750,1,0,0,0,0,0,0,0,0,0,0,0,0,0,0,0,0
948,53096208,22225,21625,1,0,0,0,0,0,0,0,0,0,0,0,0,0,0,0,0
949,46387332,22637,22167,1,0,0,0,0,0,0,0,0,0,0,0,0,0,0,0,0
950,43725876,22289,18250,1,0,0,0,0,0,0,0,0,0,0,0,0,0,0,0,0
951,39689624,22137,18042,1,0,0,0,0,0,0,0,0,0,0,0,0,0,0,0,0
952,38559752,22213,16167,1,0,0,0,0,0,0,0,0,0,0,0,0,0,0,0,0
953,35949584,22073,16250,1,0,0,0,0,0,0,0,0,0,0,0,0,0,0,0,0
954,34027708,22137,15125,1,0,0,0,0,0,0,0,0,0,0,0,0,0,0,0,0
955,36294248,22073,15375,1,0,0,0,0,0,0,0,0,0,0,0,0,0,0,0,0
956,34101708,22073,14458,1,0,0,0,0,0,0,0,0,0,0,0,0,0,0,0,0
957,33574376,22225,14709,1,0,0,0,0,0,0,0,0,0,0,0,0,0,0,0,0
958,33650792,22125,14334,1,0,0,0,0,0,0,0,0,0,0,0,0,0,0,0,0
959,33854668,22073,14417,1,0,0,0,0,0,0,0,0,0,0,0,0,0,0,0,0
960,34087544,22137,14167,1,0,0,0,0,0,0,0,0,0,0,0,0,0,0,0,0
961,33173750,22073,14958,1,0,0,0,0,0,0,0,0,0,0,0,0,0,0,0,0
962,31725416,22161,13250,1,0,0,0,0,0,0,0,0,0,0,0,0,0,0,0,0
963,34536248,22637,15833,1,0,0,0,0,0,0,0,0,0,0,0,0,0,0,0,0
964,37435664,22405,14875,1,0,0,0,0,0,0,0,0,0,0,0,0,0,0,0,0
965,37449960,22073,14250,1,0,0,0,0,0,0,0,0,0,0,0,0,0,0,0,0
966,38391752,22073,15333,1,0,0,0,0,0,0,0,0,0,0,0,0,0,0,0,0
967,36154624,22225,14375,1,0,0,0,0,0,0,0,0,0,0,0,0,0,0,0,0
968,36969084,22073,17416,1,0,0,0,0,0,0,0,0,0,0,0,0,0,0,0,0
969,42233960,22073,16708,1,0,0,0,0,0,0,0,0,0,0,0,0,0,0,0,0
970,44310376,22189,17000,1,0,0,0,0,0,0,0,0,0,0,0,0,0,0,0,0
971,52940376,22161,19584,1,0,0,0,0,0,0,0,0,0,0,0,0,0,0,0,0
972,66485708,22073,30792,1,0,0,0,0,0,0,0,0,0,0,0,0,0,0,0,0
973,66662668,22137,31208,1,0,0,0,0,0,0,0,0,0,0,0,0,0,0,0,0
974,67465000,22777,31125,1,0,0,0,0,0,0,0,0,0,0,0,0,0,0,0,0
975,66697584,22353,34042,1,0,0,0,0,0,0,0,0,0,0,0,0,0,0,0,0
976,62474752,22073,32958,1,0,0,0,0,0,0,0,0,0,0,0,0,0,0,0,0
977,55363168,22225,25916,1,0,0,0,0,0,0,0,0,0,0,0,0,0,0,0,0
978,56869292,22125,33583,1,0,0,0,0,0,0,0,0,0,0,0,0,0,0,0,0
979,48051376,22137,21291,1,0,0,0,0,0,0,0,0,0,0,0,0,0,0,0,0
980,46183124,32433,429958,1,0,0,403583,1,400500,1,0,0,0,0,0,0,0,0,0,0
981,46626624,22073,26875,1,0,0,0,0,0,0,0,0,0,0,0,0,0,0,0,0
982,45400292,22137,22125,1,0,0,0,0,0,0,0,0,0,0,0,0,0,0,0,0
983,46569832,22689,22333,1,0,0,0,0,0,0,0,0,0,0,0,0,0,0,0,0
984,46038876,22377,23708,1,0,0,0,0,0,0,0,0,0,0,0,0,0,0,0,0
985,45527500,22137,23541,1,0,0,0,0,0,0,0,0,0,0,0,0,0,0,0,0
986,45662292,22073,21875,1,0,0,0,0,0,0,0,0,0,0,0,0,0,0,0,0
987,46515332,22073,21708,1,0,0,0,0,0,0,0,0,0,0,0,0,0,0,0,0
988,49760624,22277,22917,1,0,0,0,0,0,0,0,0,0,0,0,0,0,0,0,0
989,46987792,22073,21708,1,0,0,0,0,0,0,0,0,0,0,0,0,0,0,0,0
990,43963040,22073,21041,1,0,0,0,0,0,0,0,0,0,0,0,0,0,0,0,0
991,44471040,22137,21708,1,0,0,0,0,0,0,0,0,0,0,0,0,0,0,0,0
992,43765168,22161,22834,1,0,0,0,0,0,0,0,0,0,0,0,0,0,0,0,0
993,39629832,22125,22750,1,0,0,0,0,0,0,0,0,0,0,0,0,0,0,0,0
994,38484208,22701,19584,1,0,0,0,0,0,0,0,0,0,0,0,0,0,0,0,0
995,37854376,22289,19250,1,0,0,0,0,0,0,0,0,0,0,0,0,0,0,0,0
996,35501456,22161,21584,1,0,0,0,0,0,0,0,0,0,0,0,0,0,0,0,0
997,33346000,22137,16792,1,0,0,0,0,0,0,0,0,0,0,0,0,0,0,0,0
998,33523458,22073,17542,1,0,0,0,0,0,0,0,0,0,0,0,0,0,0,0,0
999,33954540,22125,16833,1,0,0,0,0,0,0,0,0,0,0,0,0,0,0,0,0
1000,34051040,22137,16500,1,0,0,0,0,0,0,0,0,0,0,0,0,0,0,0,0
1001,35984416,22161,17667,1,0,0,0,0,0,0,0,0,0,0,0,0,0,0,0,0
1002,33523876,22073,16708,1,0,0,0,0,0,0,0,0,0,0,0,0,0,0,0,0
1003,33646792,22137,16708,1,0,0,0,0,0,0,0,0,0,0,0,0,0,0,0,0
1004,33769584,22073,17041,1,0,0,0,0,0,0,0,0,0,0,0,0,0,0,0,0
1005,33856500,22125,16417,1,0,0,0,0,0,0,0,0,0,0,0,0,0,0,0,0
1006,32046000,22225,16333,1,0,0,0,0,0,0,0,0,0,0,0,0,0,0,0,0
1007,30592292,22073,14917,1,0,0,0,0,0,0,0,0,0,0,0,0,0,0,0,0
1008,30172084,22073,14208,1,0,0,0,0,0,0,0,0,0,0,0,0,0,0,0,0
1009,30990124,22637,14833,1,0,0,0,0,0,0,0,0,0,0,0,0,0,0,0,0
1010,30672624,22353,14208,1,0,0,0,0,0,0,0,0,0,0,0,0,0,0,0,0
1011,30430250,22161,15208,1,0,0,0,0,0,0,0,0,0,0,0,0,0,0,0,0
1012,31697960,22125,14833,1,0,0,0,0,0,0,0,0,0,0,0,0,0,0,0,0
1013,32664832,22073,14584,1,0,0,0,0,0,0,0,0,0,0,0,0,0,0,0,0
1014,33440168,22137,16417,1,0,0,0,0,0,0,0,0,0,0,0,0,0,0,0,0
1015,33576084,22073,15958,1,0,0,0,0,0,0,0,0,0,0,0,0,0,0,0,0
1016,35748000,22161,16209,1,0,0,0,0,0,0,0,0,0,0,0,0,0,0,0,0
1017,34190456,22137,39500,1,0,0,0,0,0,0,0,0,0,0,0,0,0,0,0,0
1018,34901040,22125,38667,1,0,0,0,0,0,0,0,0,0,0,0,0,0,0,0,0
1019,36986124,22073,42209,1,0,0,0,0,0,0,0,0,0,0,0,0,0,0,0,0
1020,37057752,22137,36625,1,0,0,0,0,0,0,0,0,0,0,0,0,0,0,0,0
1021,37996544,22161,56875,1,0,0,0,0,0,0,0,0,0,0,0,0,0,0,0,0
1022,36374960,22073,51375,1,0,0,0,0,0,0,0,0,0,0,0,0,0,0,0,0
1023,36331376,22137,37042,1,0,0,0,0,0,0,0,0,0,0,0,0,0,0,0,0
1024,40296168,22689,36458,1,0,0,0,0,0,0,0,0,0,0,0,0,0,0,0,0
1025,43302752,22377,43042,1,0,0,0,0,0,0,0,0,0,0,0,0,0,0,0,0
1026,52366584,22137,99917,1,0,0,0,0,0,0,0,0,0,0,0,0,0,0,0,0
1027,65365664,22073,77500,1,0,0,0,0,0,0,0,0,0,0,0,0,0,0,0,0
1028,65921456,22277,73500,1,0,0,0,0,0,0,0,0,0,0,0,0,0,0,0,0
1029,70892544,22073,99750,1,0,0,0,0,0,0,0,0,0,0,0,0,0,0,0,0
1030,69104336,22137,121875,1,0,0,0,0,0,0,0,0,0,0,0,0,0,0,0,0
1031,64837332,22213,100583,1,0,0,0,0,0,0,0,0,0,0,0,0,0,0,0,0
1032,56153416,22701,50583,1,0,0,0,0,0,0,0,0,0,0,0,0,0,0,0,0
1033,55009916,22289,54084,1,0,0,0,0,0,0,0,0,0,0,0,0,0,0,0,0
1034,57090000,22225,55916,1,0,0,0,0,0,0,0,0,0,0,0,0,0,0,0,0
1035,53169208,22125,56250,1,0,0,0,0,0,0,0,0,0,0,0,0,0,0,0,0
1036,46907876,22137,41666,1,0,0,0,0,0,0,0,0,0,0,0,0,0,0,0,0
1037,51222876,22161,27750,1,0,0,0,0,0,0,0,0,0,0,0,0,0,0,0,0
1038,49305916,22073,21209,1,0,0,0,0,0,0,0,0,0,0,0,0,0,0,0,0
1039,55171040,22189,25375,1,0,0,0,0,0,0,0,0,0,0,0,0,0,0,0,0
1040,55309040,22161,24958,1,0,0,0,0,0,0,0,0,0,0,0,0,0,0,0,0
1041,56734624,22137,26500,1,0,0,0,0,0,0,0,0,0,0,0,0,0,0,0,0
1042,53700752,22637,26792,1,0,0,0,0,0,0,0,0,0,0,0,0,0,0,0,0
1043,45722376,22493,25125,1,0,0,0,0,0,0,0,0,0,0,0,0,0,0,0,0
1044,44156376,22073,21625,1,0,0,0,0,0,0,0,0,0,0,0,0,0,0,0,0
1045,42376916,22073,21542,1,0,0,0,0,0,0,0,0,0,0,0,0,0,0,0,0
1046,38766416,22137,19458,1,0,0,0,0,0,0,0,0,0,0,0,0,0,0,0,0
1047,40675624,22161,20083,1,0,0,0,0,0,0,0,0,0,0,0,0,0,0,0,0
1048,34853248,22125,16583,1,0,0,0,0,0,0,0,0,0,0,0,0,0,0,0,0
1049,33633168,22137,17292,1,0,0,0,0,0,0,0,0,0,0,0,0,0,0,0,0
1050,34141832,22073,17667,1,0,0,0,0,0,0,0,0,0,0,0,0,0,0,0,0
1051,33538584,22073,17042,1,0,0,0,0,0,0,0,0,0,0,0,0,0,0,0,0
1052,33629456,22225,19042,1,0,0,0,0,0,0,0,0,0,0,0,0,0,0,0,0
1053,33519000,22073,17250,1,0,0,0,0,0,0,0,0,0,0,0,0,0,0,0,0
1054,33432584,22689,17458,1,0,0,0,0,0,0,0,0,0,0,0,0,0,0,0,0
1055,33527292,22353,16458,1,0,0,0,0,0,0,0,0,0,0,0,0,0,0,0,0
1056,33569416,22073,17167,1,0,0,0,0,0,0,0,0,0,0,0,0,0,0,0,0
1057,31961250,22161,17542,1,0,0,0,0,0,0,0,0,0,0,0,0,0,0,0,0
1058,34925500,22073,18000,1,0,0,0,0,0,0,0,0,0,0,0,0,0,0,0,0
1059,35526416,22137,16916,1,0,0,0,0,0,0,0,0,0,0,0,0,0,0,0,0
1060,35923376,22125,16125,1,0,0,0,0,0,0,0,0,0,0,0,0,0,0,0,0
1061,37312832,22073,17083,1,0,0,0,0,0,0,0,0,0,0,0,0,0,0,0,0
1062,36033916,22225,21875,1,0,0,0,0,0,0,0,0,0,0,0,0,0,0,0,0
1063,37121500,22073,17958,1,0,0,0,0,0,0,0,0,0,0,0,0,0,0,0,0
1064,36144916,22073,19875,1,0,0,0,0,0,0,0,0,0,0,0,0,0,0,0,0
1065,37895500,22137,18083,1,0,0,0,0,0,0,0,0,0,0,0,0,0,0,0,0
1066,41571624,22125,18708,1,0,0,0,0,0,0,0,0,0,0,0,0,0,0,0,0
1067,48418832,22161,22542,1,0,0,0,0,0,0,0,0,0,0,0,0,0,0,0,0
1068,61199000,22701,25625,1,0,0,0,0,0,0,0,0,0,0,0,0,0,0,0,0
1069,66226500,22289,33667,1,0,0,0,0,0,0,0,0,0,0,0,0,0,0,0,0
1070,67137208,22277,34375,1,0,0,0,0,0,0,0,0,0,0,0,0,0,0,0,0
1071,68798752,22073,45250,1,0,0,0,0,0,0,0,0,0,0,0,0,0,0,0,0
1072,74304416,27617,583417,1,0,0,540917,1,531875,1,0,0,0,0,0,0,0,0,0,0
1073,55847832,22213,36500,1,0,0,0,0,0,0,0,0,0,0,0,0,0,0,0,0
1074,53578624,22137,25917,1,0,0,0,0,0,0,0,0,0,0,0,0,0,0,0,0
1075,48370248,22073,23000,1,0,0,0,0,0,0,0,0,0,0,0,0,0,0,0,0
1076,48171416,22789,20500,1,0,0,0,0,0,0,0,0,0,0,0,0,0,0,0,0
1077,46026248,22341,24667,1,0,0,0,0,0,0,0,0,0,0,0,0,0,0,0,0
1078,48038376,22073,20459,1,0,0,0,0,0,0,0,0,0,0,0,0,0,0,0,0
1079,53006416,22137,20667,1,0,0,0,0,0,0,0,0,0,0,0,0,0,0,0,0
1080,55394000,22161,23500,1,0,0,0,0,0,0,0,0,0,0,0,0,0,0,0,0
1081,59087708,22189,28542,1,0,0,0,0,0,0,0,0,0,0,0,0,0,0,0,0
1082,53823832,22073,25667,1,0,0,0,0,0,0,0,0,0,0,0,0,0,0,0,0
1083,52032832,22225,19500,1,0,0,0,0,0,0,0,0,0,0,0,0,0,0,0,0
1084,54098376,22073,19125,1,0,0,0,0,0,0,0,0,0,0,0,0,0,0,0,0
1085,55179624,22753,25250,1,0,0,0,0,0,0,0,0,0,0,0,0,0,0,0,0
1086,55296832,22377,22209,1,0,0,0,0,0,0,0,0,0,0,0,0,0,0,0,0
1087,55696000,22137,22208,1,0,0,0,0,0,0,0,0,0,0,0,0,0,0,0,0
1088,56037292,22073,26334,1,0,0,0,0,0,0,0,0,0,0,0,0,0,0,0,0
1089,54518040,22277,22750,1,0,0,0,0,0,0,0,0,0,0,0,0,0,0,0,0
1090,54800544,22073,22458,1,0,0,0,0,0,0,0,0,0,0,0,0,0,0,0,0
1091,43767876,22137,18791,1,0,0,0,0,0,0,0,0,0,0,0,0,0,0,0,0
1092,43833292,22161,18417,1,0,0,0,0,0,0,0,0,0,0,0,0,0,0,0,0
1093,39361168,22073,19584,1,0,0,0,0,0,0,0,0,0,0,0,0,0,0,0,0
1094,38626544,22189,16500,1,0,0,0,0,0,0,0,0,0,0,0,0,0,0,0,0
1095,34553708,22073,16291,1,0,0,0,0,0,0,0,0,0,0,0,0,0,0,0,0
1096,34013876,22725,14750,1,0,0,0,0,0,0,0,0,0,0,0,0,0,0,0,0
1097,33876336,22353,14042,1,0,0,0,0,0,0,0,0,0,0,0,0,0,0,0,0
1098,33604248,22073,14708,1,0,0,0,0,0,0,0,0,0,0,0,0,0,0,0,0
1099,33802668,22073,14792,1,0,0,0,0,0,0,0,0,0,0,0,0,0,0,0,0
1100,33566544,22189,14250,1,0,0,0,0,0,0,0,0,0,0,0,0,0,0,0,0
1101,33686168,22161,14667,1,0,0,0,0,0,0,0,0,0,0,0,0,0,0,0,0
1102,33656040,22073,15000,1,0,0,0,0,0,0,0,0,0,0,0,0,0,0,0,0
1103,36898168,22137,17708,1,0,0,0,0,0,0,0,0,0,0,0,0,0,0,0,0
1104,34469500,22073,14208,1,0,0,0,0,0,0,0,0,0,0,0,0,0,0,0,0
1105,32370750,22073,14834,1,0,0,0,0,0,0,0,0,0,0,0,0,0,0,0,0
1106,30399168,22277,12834,1,0,0,0,0,0,0,0,0,0,0,0,0,0,0,0,0
1107,30227332,22073,13042,1,0,0,0,0,0,0,0,0,0,0,0,0,0,0,0,0
1108,30773750,32345,277334,1,0,0,260459,1,257250,1,0,0,0,0,0,0,0,0,0,0
1109,31817124,22073,13625,1,0,0,0,0,0,0,0,0,0,0,0,0,0,0,0,0
1110,32871876,22137,14709,1,0,0,0,0,0,0,0,0,0,0,0,0,0,0,0,0
1111,32651124,22725,13791,1,0,0,0,0,0,0,0,0,0,0,0,0,0,0,0,0
1112,34998124,22289,13209,1,0,0,0,0,0,0,0,0,0,0,0,0,0,0,0,0
1113,35945040,22189,15375,1,0,0,0,0,0,0,0,0,0,0,0,0,0,0,0,0
1114,34814500,22073,14916,1,0,0,0,0,0,0,0,0,0,0,0,0,0,0,0,0
1115,37181792,22073,15125,1,0,0,0,0,0,0,0,0,0,0,0,0,0,0,0,0
1116,39347792,22225,16000,1,0,0,0,0,0,0,0,0,0,0,0,0,0,0,0,0
1117,38628124,22073,15917,1,0,0,0,0,0,0,0,0,0,0,0,0,0,0,0,0
1118,46757168,22073,21500,1,0,0,0,0,0,0,0,0,0,0,0,0,0,0,0,0
1119,48286792,22189,20583,1,0,0,0,0,0,0,0,0,0,0,0,0,0,0,0,0
1120,62716084,22161,24292,1,0,0,0,0,0,0,0,0,0,0,0,0,0,0,0,0
1121,66824876,22137,29333,1,0,0,0,0,0,0,0,0,0,0,0,0,0,0,0,0
1122,68663128,22637,30959,1,0,0,0,0,0,0,0,0,0,0,0,0,0,0,0,0
1123,71868376,22493,31167,1,0,0,0,0,0,0,0,0,0,0,0,0,0,0,0,0
1124,69350168,22073,34709,1,0,0,0,0,0,0,0,0,0,0,0,0,0,0,0,0
1125,64243916,22137,39083,1,0,0,0,0,0,0,0,0,0,0,0,0,0,0,0,0
1126,58653668,22213,27459,1,0,0,0,0,0,0,0,0,0,0,0,0,0,0,0,0
1127,47896040,22137,20792,1,0,0,0,0,0,0,0,0,0,0,0,0,0,0,0,0
1128,47779584,22073,22583,1,0,0,0,0,0,0,0,0,0,0,0,0,0,0,0,0
1129,45213376,22161,21500,1,0,0,0,0,0,0,0,0,0,0,0,0,0,0,0,0
1130,44585960,22137,27542,1,0,0,0,0,0,0,0,0,0,0,0,0,0,0,0,0
1131,42254624,22689,19084,1,0,0,0,0,0,0,0,0,0,0,0,0,0,0,0,0
1132,40890248,22289,19291,1,0,0,0,0,0,0,0,0,0,0,0,0,0,0,0,0
1133,44891624,22225,19500,1,0,0,0,0,0,0,0,0,0,0,0,0,0,0,0,0
1134,44385792,22073,22083,1,0,0,0,0,0,0,0,0,0,0,0,0,0,0,0,0
1135,45140916,22073,261209,1,0,0,0,0,0,0,0,0,0,0,0,0,0,0,0,0
1136,45136456,22189,19125,1,0,0,0,0,0,0,0,0,0,0,0,0,0,0,0,0
1137,48491460,22161,22667,1,0,0,0,0,0,0,0,0,0,0,0,0,0,0,0,0
1138,45099376,22073,19625,1,0,0,0,0,0,0,0,0,0,0,0,0,0,0,0,0
1139,46374960,22137,22417,1,0,0,0,0,0,0,0,0,0,0,0,0,0,0,0,0
1140,45635916,22073,23334,1,0,0,0,0,0,0,0,0,0,0,0,0,0,0,0,0
1141,46084376,22213,22334,1,0,0,0,0,0,0,0,0,0,0,0,0,0,0,0,0
1142,43184752,22701,21958,1,0,0,0,0,0,0,0,0,0,0,0,0,0,0,0,0
1143,39359084,22289,21875,1,0,0,0,0,0,0,0,0,0,0,0,0,0,0,0,0
1144,38136040,22073,18708,1,0,0,0,0,0,0,0,0,0,0,0,0,0,0,0,0
1145,37886708,22225,18541,1,0,0,0,0,0,0,0,0,0,0,0,0,0,0,0,0
1146,37456248,22125,18875,1,0,0,0,0,0,0,0,0,0,0,0,0,0,0,0,0
1147,35810248,22073,18542,1,0,0,0,0,0,0,0,0,0,0,0,0,0,0,0,0
1148,33343208,22137,16458,1,0,0,0,0,0,0,0,0,0,0,0,0,0,0,0,0
1149,35814832,22073,17542,1,0,0,0,0,0,0,0,0,0,0,0,0,0,0,0,0
1150,33617416,22161,16708,1,0,0,0,0,0,0,0,0,0,0,0,0,0,0,0,0
1151,33524668,22137,16250,1,0,0,0,0,0,0,0,0,0,0,0,0,0,0,0,0
1152,33453834,22125,16125,1,0,0,0,0,0,0,0,0,0,0,0,0,0,0,0,0
1153,33678584,22073,16708,1,0,0,0,0,0,0,0,0,0,0,0,0,0,0,0,0
1154,33360624,22137,16083,1,0,0,0,0,0,0,0,0,0,0,0,0,0,0,0,0
1155,33741916,22161,16416,1,0,0,0,0,0,0,0,0,0,0,0,0,0,0,0,0
1156,33621000,22475,17125,1,0,0,0,0,0,0,0,0,0,0,0,0,0,0,0,0
1157,33416334,22387,16500,1,0,0,0,0,0,0,0,0,0,0,0,0,0,0,0,0
1158,33395792,22125,16667,1,0,0,0,0,0,0,0,0,0,0,0,0,0,0,0,0
1159,32419460,22073,15750,1,0,0,0,0,0,0,0,0,0,0,0,0,0,0,0,0
1160,30463876,22161,14792,1,0,0,0,0,0,0,0,0,0,0,0,0,0,0,0,0
1161,30176458,22137,14333,1,0,0,0,0,0,0,0,0,0,0,0,0,0,0,0,0
1162,30919958,22073,14791,1,0,0,0,0,0,0,0,0,0,0,0,0,0,0,0,0
1163,34177500,22073,14791,1,0,0,0,0,0,0,0,0,0,0,0,0,0,0,0,0
1164,40476668,22073,19959,1,0,0,0,0,0,0,0,0,0,0,0,0,0,0,0,0
1165,36851208,22277,16459,1,0,0,0,0,0,0,0,0,0,0,0,0,0,0,0,0
1166,35662876,22073,16667,1,0,0,0,0,0,0,0,0,0,0,0,0,0,0,0,0
1167,37535708,22073,18583,1,0,0,0,0,0,0,0,0,0,0,0,0,0,0,0,0
1168,38375208,22137,20083,1,0,0,0,0,0,0,0,0,0,0,0,0,0,0,0,0
1169,37576544,22073,24708,1,0,0,0,0,0,0,0,0,0,0,0,0,0,0,0,0
1170,42178000,22161,19250,1,0,0,0,0,0,0,0,0,0,0,0,0,0,0,0,0
1171,49283124,22753,22083,1,0,0,0,0,0,0,0,0,0,0,0,0,0,0,0,0
1172,61728584,22289,26208,1,0,0,0,0,0,0,0,0,0,0,0,0,0,0,0,0
1173,67550336,22225,32750,1,0,0,0,0,0,0,0,0,0,0,0,0,0,0,0,0
1174,68229248,22073,32917,1,0,0,0,0,0,0,0,0,0,0,0,0,0,0,0,0
1175,76445960,22189,38958,1,0,0,0,0,0,0,0,0,0,0,0,0,0,0,0,0
1176,69379040,22161,31958,1,0,0,0,0,0,0,0,0,0,0,0,0,0,0,0,0
1177,64367248,22137,32459,1,0,0,0,0,0,0,0,0,0,0,0,0,0,0,0,0
1178,56234332,22689,26292,1,0,0,0,0,0,0,0,0,0,0,0,0,0,0,0,0
1179,50509292,22441,25958,1,0,0,0,0,0,0,0,0,0,0,0,0,0,0,0,0
1180,47953500,22073,20875,1,0,0,0,0,0,0,0,0,0,0,0,0,0,0,0,0
1181,46941416,22073,20708,1,0,0,0,0,0,0,0,0,0,0,0,0,0,0,0,0
1182,47815792,22189,20500,1,0,0,0,0,0,0,0,0,0,0,0,0,0,0,0,0
1183,50046000,22161,21542,1,0,0,0,0,0,0,0,0,0,0,0,0,0,0,0,0
1184,47499832,22073,20916,1,0,0,0,0,0,0,0,0,0,0,0,0,0,0,0,0
1185,45918540,22137,20417,1,0,0,0,0,0,0,0,0,0,0,0,0,0,0,0,0
1186,56076876,22073,24583,1,0,0,0,0,0,0,0,0,0,0,0,0,0,0,0,0
1187,53008624,22277,25583,1,0,0,0,0,0,0,0,0,0,0,0,0,0,0,0,0
1188,50059876,22637,24708,1,0,0,0,0,0,0,0,0,0,0,0,0,0,0,0,0
1189,44038248,22353,20375,1,0,0,0,0,0,0,0,0,0,0,0,0,0,0,0,0
1190,43821544,22073,21208,1,0,0,0,0,0,0,0,0,0,0,0,0,0,0,0,0
1191,39082416,22161,21209,1,0,0,0,0,0,0,0,0,0,0,0,0,0,0,0,0
1192,37661248,22189,16750,1,0,0,0,0,0,0,0,0,0,0,0,0,0,0,0,0
1193,34382752,22073,17083,1,0,0,0,0,0,0,0,0,0,0,0,0,0,0,0,0
1194,36031832,22073,15666,1,0,0,0,0,0,0,0,0,0,0,0,0,0,0,0,0
1195,33758916,22137,14833,1,0,0,0,0,0,0,0,0,0,0,0,0,0,0,0,0
1196,33376584,22161,14542,1,0,0,0,0,0,0,0,0,0,0,0,0,0,0,0,0
1197,33534460,22073,14666,1,0,0,0,0,0,0,0,0,0,0,0,0,0,0,0,0
1198,33440416,22189,14667,1,0,0,0,0,0,0,0,0,0,0,0,0,0,0,0,0
1199,33477834,22073,14708,1,0,0,0,0,0,0,0,0,0,0,0,0,0,0,0,0
1200,34025544,27553,282709,1,0,0,264083,1,261625,1,0,0,0,0,0,0,0,0,0,0
1201,33749416,22225,14458,1,0,0,0,0,0,0,0,0,0,0,0,0,0,0,0,0
1202,30700958,22637,14667,1,0,0,0,0,0,0,0,0,0,0,0,0,0,0,0,0
1203,30336376,22289,13125,1,0,0,0,0,0,0,0,0,0,0,0,0,0,0,0,0
1204,30353168,22073,13000,1,0,0,0,0,0,0,0,0,0,0,0,0,0,0,0,0
1205,30331416,22189,13125,1,0,0,0,0,0,0,0,0,0,0,0,0,0,0,0,0
1206,30580000,22161,13041,1,0,0,0,0,0,0,0,0,0,0,0,0,0,0,0,0
1207,30606916,22073,13459,1,0,0,0,0,0,0,0,0,0,0,0,0,0,0,0,0
1208,30568292,22073,13834,1,0,0,0,0,0,0,0,0,0,0,0,0,0,0,0,0
1209,30414458,22137,12875,1,0,0,0,0,0,0,0,0,0,0,0,0,0,0,0,0
1210,37014752,22073,15666,1,0,0,0,0,0,0,0,0,0,0,0,0,0,0,0,0
1211,36044084,22161,14416,1,0,0,0,0,0,0,0,0,0,0,0,0,0,0,0,0
1212,37962040,22189,14208,1,0,0,0,0,0,0,0,0,0,0,0,0,0,0,0,0
1213,36334336,22073,14750,1,0,0,0,0,0,0,0,0,0,0,0,0,0,0,0,0
1214,37294248,22073,15916,1,0,0,0,0,0,0,0,0,0,0,0,0,0,0,0,0
1215,36280792,22137,14125,1,0,0,0,0,0,0,0,0,0,0,0,0,0,0,0,0
1216,39881084,22161,17583,1,0,0,0,0,0,0,0,0,0,0,0,0,0,0,0,0
1217,44335376,22637,17166,1,0,0,0,0,0,0,0,0,0,0,0,0,0,0,0,0
1218,54941916,22405,24000,1,0,0,0,0,0,0,0,0,0,0,0,0,0,0,0,0
1219,68479544,22073,28833,1,0,0,0,0,0,0,0,0,0,0,0,0,0,0,0,0
1220,69851584,22225,28292,1,0,0,0,0,0,0,0,0,0,0,0,0,0,0,0,0
1221,72915208,22073,29458,1,0,0,0,0,0,0,0,0,0,0,0,0,0,0,0,0
1222,69174040,22189,28625,1,0,0,0,0,0,0,0,0,0,0,0,0,0,0,0,0
1223,61858084,22161,33958,1,0,0,0,0,0,0,0,0,0,0,0,0,0,0,0,0
1224,54679248,22137,23875,1,0,0,0,0,0,0,0,0,0,0,0,0,0,0,0,0
1225,48562336,22637,20084,1,0,0,0,0,0,0,0,0,0,0,0,0,0,0,0,0
1226,46706040,22493,22584,1,0,0,0,0,0,0,0,0,0,0,0,0,0,0,0,0
1227,46838624,22073,19709,1,0,0,0,0,0,0,0,0,0,0,0,0,0,0,0,0
1228,47949876,22073,20458,1,0,0,0,0,0,0,0,0,0,0,0,0,0,0,0,0
1229,44994544,22137,20375,1,0,0,0,0,0,0,0,0,0,0,0,0,0,0,0,0
1230,51650040,22161,22625,1,0,0,0,0,0,0,0,0,0,0,0,0,0,0,0,0
1231,56225460,22125,25042,1,0,0,0,0,0,0,0,0,0,0,0,0,0,0,0,0
1232,55167708,22137,25250,1,0,0,0,0,0,0,0,0,0,0,0,0,0,0,0,0
1233,55517208,22161,25959,1,0,0,0,0,0,0,0,0,0,0,0,0,0,0,0,0
1234,57107416,22137,27458,1,0,0,0,0,0,0,0,0,0,0,0,0,0,0,0,0
1235,53166084,22689,25708,1,0,0,0,0,0,0,0,0,0,0,0,0,0,0,0,0
1236,50435124,32713,589958,1,0,0,553958,1,548208,1,0,0,0,0,0,0,0,0,0,0
1237,43922500,22073,21958,1,0,0,0,0,0,0,0,0,0,0,0,0,0,0,0,0
1238,42593500,22073,21958,1,0,0,0,0,0,0,0,0,0,0,0,0,0,0,0,0
1239,38365000,22137,26416,1,0,0,0,0,0,0,0,0,0,0,0,0,0,0,0,0
1240,39669292,22213,19833,1,0,0,0,0,0,0,0,0,0,0,0,0,0,0,0,0
1241,34442084,22073,17125,1,0,0,0,0,0,0,0,0,0,0,0,0,0,0,0,0
1242,34270916,22137,16375,1,0,0,0,0,0,0,0,0,0,0,0,0,0,0,0,0
1243,33743124,22073,16959,1,0,0,0,0,0,0,0,0,0,0,0,0,0,0,0,0
1244,33850292,22073,16458,1,0,0,0,0,0,0,0,0,0,0,0,0,0,0,0,0
1245,33957832,22225,16542,1,0,0,0,0,0,0,0,0,0,0,0,0,0,0,0,0
1246,33462292,22125,16916,1,0,0,0,0,0,0,0,0,0,0,0,0,0,0,0,0
1247,34490708,22073,16625,1,0,0,0,0,0,0,0,0,0,0,0,0,0,0,0,0
1248,36370500,22701,17708,1,0,0,0,0,0,0,0,0,0,0,0,0,0,0,0,0
1249,36140336,22289,20584,1,0,0,0,0,0,0,0,0,0,0,0,0,0,0,0,0
1250,36469916,22161,17250,1,0,0,0,0,0,0,0,0,0,0,0,0,0,0,0,0
1251,36447832,22137,18875,1,0,0,0,0,0,0,0,0,0,0,0,0,0,0,0,0
1252,36689376,22125,17375,1,0,0,0,0,0,0,0,0,0,0,0,0,0,0,0,0
1253,36523084,22073,17917,1,0,0,0,0,0,0,0,0,0,0,0,0,0,0,0,0
1254,41338708,22137,21916,1,0,0,0,0,0,0,0,0,0,0,0,0,0,0,0,0
1255,35923752,22161,17166,1,0,0,0,0,0,0,0,0,0,0,0,0,0,0,0,0
1256,40975336,22073,20291,1,0,0,0,0,0,0,0,0,0,0,0,0,0,0,0,0
1257,44928084,22137,21750,1,0,0,0,0,0,0,0,0,0,0,0,0,0,0,0,0
1258,52776124,22125,21959,1,0,0,0,0,0,0,0,0,0,0,0,0,0,0,0,0
1259,65920832,22161,35875,1,0,0,0,0,0,0,0,0,0,0,0,0,0,0,0,0
1260,69198336,22701,33583,1,0,0,0,0,0,0,0,0,0,0,0,0,0,0,0,0
1261,70336712,22289,34166,1,0,0,0,0,0,0,0,0,0,0,0,0,0,0,0,0
1262,71573000,22277,33208,1,0,0,0,0,0,0,0,0,0,0,0,0,0,0,0,0
1263,69369624,22073,38375,1,0,0,0,0,0,0,0,0,0,0,0,0,0,0,0,0
1264,56643540,22137,25417,1,0,0,0,0,0,0,0,0,0,0,0,0,0,0,0,0
1265,50462040,22161,25833,1,0,0,0,0,0,0,0,0,0,0,0,0,0,0,0,0
1266,47568584,22189,23583,1,0,0,0,0,0,0,0,0,0,0,0,0,0,0,0,0
1267,48627376,22073,21791,1,0,0,0,0,0,0,0,0,0,0,0,0,0,0,0,0
1268,47690248,22637,24875,1,0,0,0,0,0,0,0,0,0,0,0,0,0,0,0,0
1269,45992248,22441,20417,1,0,0,0,0,0,0,0,0,0,0,0,0,0,0,0,0
1270,46657084,22073,21792,1,0,0,0,0,0,0,0,0,0,0,0,0,0,0,0,0
1271,47376248,22125,22292,1,0,0,0,0,0,0,0,0,0,0,0,0,0,0,0,0
1272,46062416,22137,21000,1,0,0,0,0,0,0,0,0,0,0,0,0,0,0,0,0
1273,58375792,22161,75042,1,0,0,0,0,0,0,0,0,0,0,0,0,0,0,0,0
1274,56034208,22137,55291,1,0,0,0,0,0,0,0,0,0,0,0,0,0,0,0,0
1275,55173456,22125,57125,1,0,0,0,0,0,0,0,0,0,0,0,0,0,0,0,0
1276,55983084,22225,57833,1,0,0,0,0,0,0,0,0,0,0,0,0,0,0,0,0
1277,56449708,22073,53750,1,0,0,0,0,0,0,0,0,0,0,0,0,0,0,0,0
1278,56620792,22701,68416,1,0,0,0,0,0,0,0,0,0,0,0,0,0,0,0,0
1279,54702792,22429,54667,1,0,0,0,0,0,0,0,0,0,0,0,0,0,0,0,0
1280,52912960,22137,47292,1,0,0,0,0,0,0,0,0,0,0,0,0,0,0,0,0
1281,49567336,22073,53917,1,0,0,0,0,0,0,0,0,0,0,0,0,0,0,0,0
1282,51041584,22225,67791,1,0,0,0,0,0,0,0,0,0,0,0,0,0,0,0,0
1283,41460040,22125,48291,1,0,0,0,0,0,0,0,0,0,0,0,0,0,0,0,0
1284,39735876,22073,39459,1,0,0,0,0,0,0,0,0,0,0,0,0,0,0,0,0
1285,40498584,22137,40959,1,0,0,0,0,0,0,0,0,0,0,0,0,0,0,0,0
1286,39622960,22161,71916,1,0,0,0,0,0,0,0,0,0,0,0,0,0,0,0,0
1287,40617000,22073,40959,1,0,0,0,0,0,0,0,0,0,0,0,0,0,0,0,0
1288,42810168,22357,93666,1,0,0,0,0,0,0,0,0,0,0,0,0,0,0,0,0
1289,40166040,22685,43000,1,0,0,0,0,0,0,0,0,0,0,0,0,0,0,0,0
1290,46006416,22161,44625,1,0,0,0,0,0,0,0,0,0,0,0,0,0,0,0,0
1291,47672416,22137,45833,1,0,0,0,0,0,0,0,0,0,0,0,0,0,0,0,0
1292,50729624,22073,42917,1,0,0,0,0,0,0,0,0,0,0,0,0,0,0,0,0
1293,55189208,22125,25625,1,0,0,0,0,0,0,0,0,0,0,0,0,0,0,0,0
1294,62274000,22225,26375,1,0,0,0,0,0,0,0,0,0,0,0,0,0,0,0,0
1295,63167376,22073,32666,1,0,0,0,0,0,0,0,0,0,0,0,0,0,0,0,0
1296,54482040,22137,24709,1,0,0,0,0,0,0,0,0,0,0,0,0,0,0,0,0
1297,54472624,22213,25333,1,0,0,0,0,0,0,0,0,0,0,0,0,0,0,0,0
1298,57153792,22701,26542,1,0,0,0,0,0,0,0,0,0,0,0,0,0,0,0,0
1299,52503416,22289,25375,1,0,0,0,0,0,0,0,0,0,0,0,0,0,0,0,0
1300,50025668,22225,21750,1,0,0,0,0,0,0,0,0,0,0,0,0,0,0,0,0
1301,48762544,22125,26791,1,0,0,0,0,0,0,0,0,0,0,0,0,0,0,0,0
1302,47217832,22073,21750,1,0,0,0,0,0,0,0,0,0,0,0,0,0,0,0,0
1303,55116416,22137,26125,1,0,0,0,0,0,0,0,0,0,0,0,0,0,0,0,0
1304,53030624,22161,21458,1,0,0,0,0,0,0,0,0,0,0,0,0,0,0,0,0
1305,51241168,22189,26625,1,0,0,0,0,0,0,0,0,0,0,0,0,0,0,0,0
1306,51400832,22073,21625,1,0,0,0,0,0,0,0,0,0,0,0,0,0,0,0,0
1307,51116832,22225,32000,1,0,0,0,0,0,0,0,0,0,0,0,0,0,0,0,0
1308,48190292,22637,26958,1,0,0,0,0,0,0,0,0,0,0,0,0,0,0,0,0
1309,44124916,22341,22125,1,0,0,0,0,0,0,0,0,0,0,0,0,0,0,0,0
1310,44003832,22137,22208,1,0,0,0,0,0,0,0,0,0,0,0,0,0,0,0,0
1311,39875832,22161,22583,1,0,0,0,0,0,0,0,0,0,0,0,0,0,0,0,0
1312,37853124,22073,19917,1,0,0,0,0,0,0,0,0,0,0,0,0,0,0,0,0
1313,39443124,22137,21417,1,0,0,0,0,0,0,0,0,0,0,0,0,0,0,0,0
1314,33743168,22125,17542,1,0,0,0,0,0,0,0,0,0,0,0,0,0,0,0,0
1315,33666376,22161,17750,1,0,0,0,0,0,0,0,0,0,0,0,0,0,0,0,0
1316,33622876,22137,15667,1,0,0,0,0,0,0,0,0,0,0,0,0,0,0,0,0
1317,33969084,22073,16292,1,0,0,0,0,0,0,0,0,0,0,0,0,0,0,0,0
1318,33986584,22073,16959,1,0,0,0,0,0,0,0,0,0,0,0,0,0,0,0,0
1319,33322458,22137,16542,1,0,0,0,0,0,0,0,0,0,0,0,0,0,0,0,0
1320,36621416,22213,17208,1,0,0,0,0,0,0,0,0,0,0,0,0,0,0,0,0
1321,35306456,22637,16958,1,0,0,0,0,0,0,0,0,0,0,0,0,0,0,0,0
1322,36547916,22353,16541,1,0,0,0,0,0,0,0,0,0,0,0,0,0,0,0,0
1323,35599248,22073,16833,1,0,0,0,0,0,0,0,0,0,0,0,0,0,0,0,0
1324,37398084,22073,16542,1,0,0,0,0,0,0,0,0,0,0,0,0,0,0,0,0
1325,35558960,22225,20208,1,0,0,0,0,0,0,0,0,0,0,0,0,0,0,0,0
1326,37425876,22125,20167,1,0,0,0,0,0,0,0,0,0,0,0,0,0,0,0,0
1327,41341708,22073,19583,1,0,0,0,0,0,0,0,0,0,0,0,0,0,0,0,0
1328,37905248,27617,296500,1,0,0,274417,1,271000,1,0,0,0,0,0,0,0,0,0,0
1329,40791584,22161,16791,1,0,0,0,0,0,0,0,0,0,0,0,0,0,0,0,0
1330,49287960,22073,21500,1,0,0,0,0,0,0,0,0,0,0,0,0,0,0,0,0
1331,63143752,22189,25500,1,0,0,0,0,0,0,0,0,0,0,0,0,0,0,0,0
1332,69589752,22725,31042,1,0,0,0,0,0,0,0,0,0,0,0,0,0,0,0,0
1333,69613832,22353,38875,1,0,0,0,0,0,0,0,0,0,0,0,0,0,0,0,0
1334,65970752,22125,20833,1,0,0,0,0,0,0,0,0,0,0,0,0,0,0,0,0
1335,72593584,22225,33042,1,0,0,0,0,0,0,0,0,0,0,0,0,0,0,0,0
1336,72249336,22073,30458,1,0,0,0,0,0,0,0,0,0,0,0,0,0,0,0,0
1337,56449752,22189,30625,1,0,0,0,0,0,0,0,0,0,0,0,0,0,0,0,0
1338,53835376,22161,27208,1,0,0,0,0,0,0,0,0,0,0,0,0,0,0,0,0
1339,45518752,22137,20417,1,0,0,0,0,0,0,0,0,0,0,0,0,0,0,0,0
1340,45991792,22073,18750,1,0,0,0,0,0,0,0,0,0,0,0,0,0,0,0,0
1341,44562456,22689,18875,1,0,0,0,0,0,0,0,0,0,0,0,0,0,0,0,0
1342,42537624,22441,16375,1,0,0,0,0,0,0,0,0,0,0,0,0,0,0,0,0
1343,44379000,22073,16958,1,0,0,0,0,0,0,0,0,0,0,0,0,0,0,0,0
1344,46345752,22073,16667,1,0,0,0,0,0,0,0,0,0,0,0,0,0,0,0,0
1345,47704040,22137,20250,1,0,0,0,0,0,0,0,0,0,0,0,0,0,0,0,0
1346,47221916,22213,19917,1,0,0,0,0,0,0,0,0,0,0,0,0,0,0,0,0
1347,43931336,22073,19125,1,0,0,0,0,0,0,0,0,0,0,0,0,0,0,0,0
1348,43466544,22137,18208,1,0,0,0,0,0,0,0,0,0,0,0,0,0,0,0,0
1349,40784084,22073,18292,1,0,0,0,0,0,0,0,0,0,0,0,0,0,0,0,0
1350,38465000,22161,16250,1,0,0,0,0,0,0,0,0,0,0,0,0,0,0,0,0
1351,38129500,22189,16167,1,0,0,0,0,0,0,0,0,0,0,0,0,0,0,0,0
1352,36911832,22637,16708,1,0,0,0,0,0,0,0,0,0,0,0,0,0,0,0,0
1353,33787376,22289,14416,1,0,0,0,0,0,0,0,0,0,0,0,0,0,0,0,0
1354,33792960,22137,14167,1,0,0,0,0,0,0,0,0,0,0,0,0,0,0,0,0
1355,33523084,22161,14417,1,0,0,0,0,0,0,0,0,0,0,0,0,0,0,0,0
1356,33630040,22073,14875,1,0,0,0,0,0,0,0,0,0,0,0,0,0,0,0,0
1357,33632584,22189,14292,1,0,0,0,0,0,0,0,0,0,0,0,0,0,0,0,0
1358,33494042,22073,14583,1,0,0,0,0,0,0,0,0,0,0,0,0,0,0,0,0
1359,35909456,22073,14709,1,0,0,0,0,0,0,0,0,0,0,0,0,0,0,0,0
1360,33733876,22225,14458,1,0,0,0,0,0,0,0,0,0,0,0,0,0,0,0,0
1361,33626916,22073,14084,1,0,0,0,0,0,0,0,0,0,0,0,0,0,0,0,0
1362,33645708,22073,14708,1,0,0,0,0,0,0,0,0,0,0,0,0,0,0,0,0
1363,30611750,22189,13334,1,0,0,0,0,0,0,0,0,0,0,0,0,0,0,0,0
1364,30375542,32345,291417,1,0,0,274500,1,271792,1,0,0,0,0,0,0,0,0,0,0
1365,30535792,22161,13334,1,0,0,0,0,0,0,0,0,0,0,0,0,0,0,0,0
1366,31498542,22073,13791,1,0,0,0,0,0,0,0,0,0,0,0,0,0,0,0,0
1367,32972500,22137,14709,1,0,0,0,0,0,0,0,0,0,0,0,0,0,0,0,0
1368,33131916,22637,14125,1,0,0,0,0,0,0,0,0,0,0,0,0,0,0,0,0
1369,33486916,22289,14584,1,0,0,0,0,0,0,0,0,0,0,0,0,0,0,0,0
1370,33603460,22213,14958,1,0,0,0,0,0,0,0,0,0,0,0,0,0,0,0,0
1371,33889624,22137,14417,1,0,0,0,0,0,0,0,0,0,0,0,0,0,0,0,0
1372,33862832,22073,15875,1,0,0,0,0,0,0,0,0,0,0,0,0,0,0,0,0
1373,33861876,22073,15875,1,0,0,0,0,0,0,0,0,0,0,0,0,0,0,0,0
1374,34037832,22137,15666,1,0,0,0,0,0,0,0,0,0,0,0,0,0,0,0,0
1375,37150832,22161,17792,1,0,0,0,0,0,0,0,0,0,0,0,0,0,0,0,0
1376,34027376,22125,15208,1,0,0,0,0,0,0,0,0,0,0,0,0,0,0,0,0
1377,35589376,22137,15500,1,0,0,0,0,0,0,0,0,0,0,0,0,0,0,0,0
1378,35735624,22073,16334,1,0,0,0,0,0,0,0,0,0,0,0,0,0,0,0,0
1379,38202292,22073,16333,1,0,0,0,0,0,0,0,0,0,0,0,0,0,0,0,0
1380,37647332,22225,16584,1,0,0,0,0,0,0,0,0,0,0,0,0,0,0,0,0
1381,36727332,22073,17958,1,0,0,0,0,0,0,0,0,0,0,0,0,0,0,0,0
1382,37053708,22689,17500,1,0,0,0,0,0,0,0,0,0,0,0,0,0,0,0,0
1383,39670000,22353,18625,1,0,0,0,0,0,0,0,0,0,0,0,0,0,0,0,0
1384,44340292,22073,18625,1,0,0,0,0,0,0,0,0,0,0,0,0,0,0,0,0
1385,50104084,22161,22750,1,0,0,0,0,0,0,0,0,0,0,0,0,0,0,0,0
1386,58368832,22137,26500,1,0,0,0,0,0,0,0,0,0,0,0,0,0,0,0,0
1387,69264416,22125,32292,1,0,0,0,0,0,0,0,0,0,0,0,0,0,0,0,0
1388,67623544,22225,32459,1,0,0,0,0,0,0,0,0,0,0,0,0,0,0,0,0
1389,68625960,22073,50167,1,0,0,0,0,0,0,0,0,0,0,0,0,0,0,0,0
1390,61760124,22189,33750,1,0,0,0,0,0,0,0,0,0,0,0,0,0,0,0,0
1391,55977416,22725,26250,1,0,0,0,0,0,0,0,0,0,0,0,0,0,0,0,0
1392,52435124,22353,28917,1,0,0,0,0,0,0,0,0,0,0,0,0,0,0,0,0
1393,47713752,22073,24083,1,0,0,0,0,0,0,0,0,0,0,0,0,0,0,0,0
1394,45801124,22277,22459,1,0,0,0,0,0,0,0,0,0,0,0,0,0,0,0,0
1395,48286876,22073,21750,1,0,0,0,0,0,0,0,0,0,0,0,0,0,0,0,0
1396,50546000,22073,22375,1,0,0,0,0,0,0,0,0,0,0,0,0,0,0,0,0
1397,51845752,22137,21625,1,0,0,0,0,0,0,0,0,0,0,0,0,0,0,0,0
1398,55300792,22161,26417,1,0,0,0,0,0,0,0,0,0,0,0,0,0,0,0,0
1399,56977500,22189,27083,1,0,0,0,0,0,0,0,0,0,0,0,0,0,0,0,0
1400,55750040,22637,27833,1,0,0,0,0,0,0,0,0,0,0,0,0,0,0,0,0
1401,54880752,22441,26083,1,0,0,0,0,0,0,0,0,0,0,0,0,0,0,0,0
1402,61837168,22073,28958,1,0,0,0,0,0,0,0,0,0,0,0,0,0,0,0,0
1403,55615168,22189,25792,1,0,0,0,0,0,0,0,0,0,0,0,0,0,0,0,0
1404,56298708,22161,25875,1,0,0,0,0,0,0,0,0,0,0,0,0,0,0,0,0
1405,60096832,22137,26500,1,0,0,0,0,0,0,0,0,0,0,0,0,0,0,0,0
1406,53111832,22073,26042,1,0,0,0,0,0,0,0,0,0,0,0,0,0,0,0,0
1407,44610416,22277,21875,1,0,0,0,0,0,0,0,0,0,0,0,0,0,0,0,0
1408,44021876,22073,21709,1,0,0,0,0,0,0,0,0,0,0,0,0,0,0,0,0
1409,39611960,22073,21083,1,0,0,0,0,0,0,0,0,0,0,0,0,0,0,0,0
1410,38288832,22701,19666,1,0,0,0,0,0,0,0,0,0,0,0,0,0,0,0,0
1411,37165708,22377,18750,1,0,0,0,0,0,0,0,0,0,0,0,0,0,0,0,0
1412,34014708,22125,16333,1,0,0,0,0,0,0,0,0,0,0,0,0,0,0,0,0
1413,33884292,22137,16666,1,0,0,0,0,0,0,0,0,0,0,0,0,0,0,0,0
1414,34174208,22073,16333,1,0,0,0,0,0,0,0,0,0,0,0,0,0,0,0,0
1415,33939832,22073,16417,1,0,0,0,0,0,0,0,0,0,0,0,0,0,0,0,0
1416,33443376,22225,16042,1,0,0,0,0,0,0,0,0,0,0,0,0,0,0,0,0
1417,36267208,22073,17375,1,0,0,0,0,0,0,0,0,0,0,0,0,0,0,0,0
1418,33731248,22125,16958,1,0,0,0,0,0,0,0,0,0,0,0,0,0,0,0,0
1419,33531960,22137,16625,1,0,0,0,0,0,0,0,0,0,0,0,0,0,0,0,0
1420,33241916,22073,16917,1,0,0,0,0,0,0,0,0,0,0,0,0,0,0,0,0
1421,31509666,22161,15000,1,0,0,0,0,0,0,0,0,0,0,0,0,0,0,0,0
1422,30369542,22073,15083,1,0,0,0,0,0,0,0,0,0,0,0,0,0,0,0,0
1423,30330584,22137,14375,1,0,0,0,0,0,0,0,0,0,0,0,0,0,0,0,0
1424,30297124,22073,15750,1,0,0,0,0,0,0,0,0,0,0,0,0,0,0,0,0
1425,30695332,22689,15542,1,0,0,0,0,0,0,0,0,0,0,0,0,0,0,0,0
1426,30648460,22377,15125,1,0,0,0,0,0,0,0,0,0,0,0,0,0,0,0,0
1427,30367292,22137,14625,1,0,0,0,0,0,0,0,0,0,0,0,0,0,0,0,0
1428,32813542,22073,15708,1,0,0,0,0,0,0,0,0,0,0,0,0,0,0,0,0
1429,32872084,22073,14791,1,0,0,0,0,0,0,0,0,0,0,0,0,0,0,0,0
1430,33707040,22073,16209,1,0,0,0,0,0,0,0,0,0,0,0,0,0,0,0,0
1431,33442958,22225,16250,1,0,0,0,0,0,0,0,0,0,0,0,0,0,0,0,0
1432,38216416,22125,17208,1,0,0,0,0,0,0,0,0,0,0,0,0,0,0,0,0
1433,35546168,22073,17417,1,0,0,0,0,0,0,0,0,0,0,0,0,0,0,0,0
1434,35827292,22137,16542,1,0,0,0,0,0,0,0,0,0,0,0,0,0,0,0,0
1435,37108584,34597,19791,1,0,0,0,0,0,0,0,0,0,0,0,0,0,0,0,0
1436,37090376,22161,16250,1,0,0,0,0,0,0,0,0,0,0,0,0,0,0,0,0
1437,39254832,22137,15792,1,0,0,0,0,0,0,0,0,0,0,0,0,0,0,0,0
1438,40215668,22125,18125,1,0,0,0,0,0,0,0,0,0,0,0,0,0,0,0,0
1439,47111584,22637,21625,1,0,0,0,0,0,0,0,0,0,0,0,0,0,0,0,0
1440,58502500,22441,24708,1,0,0,0,0,0,0,0,0,0,0,0,0,0,0,0,0
1441,68396248,22073,30875,1,0,0,0,0,0,0,0,0,0,0,0,0,0,0,0,0
1442,68254456,22189,29875,1,0,0,0,0,0,0,0,0,0,0,0,0,0,0,0,0
1443,78257504,22161,30792,1,0,0,0,0,0,0,0,0,0,0,0,0,0,0,0,0
1444,70106920,22137,31583,1,0,0,0,0,0,0,0,0,0,0,0,0,0,0,0,0
1445,58122876,22125,33417,1,0,0,0,0,0,0,0,0,0,0,0,0,0,0,0,0
1446,54202084,22225,25209,1,0,0,0,0,0,0,0,0,0,0,0,0,0,0,0,0
1447,47961332,22637,21208,1,0,0,0,0,0,0,0,0,0,0,0,0,0,0,0,0
1448,47589168,22353,19084,1,0,0,0,0,0,0,0,0,0,0,0,0,0,0,0,0
1449,48654416,22125,19375,1,0,0,0,0,0,0,0,0,0,0,0,0,0,0,0,0
1450,46273792,22161,19000,1,0,0,0,0,0,0,0,0,0,0,0,0,0,0,0,0
1451,46008792,22137,19167,1,0,0,0,0,0,0,0,0,0,0,0,0,0,0,0,0
1452,50594416,22073,25833,1,0,0,0,0,0,0,0,0,0,0,0,0,0,0,0,0
1453,45916540,22073,19417,1,0,0,0,0,0,0,0,0,0,0,0,0,0,0,0,0
1454,51019624,22277,22375,1,0,0,0,0,0,0,0,0,0,0,0,0,0,0,0,0
1455,49861168,22073,19000,1,0,0,0,0,0,0,0,0,0,0,0,0,0,0,0,0
1456,50295460,27617,385792,1,0,0,361792,1,358416,1,0,0,0,0,0,0,0,0,0,0
1457,53214668,22637,22875,1,0,0,0,0,0,0,0,0,0,0,0,0,0,0,0,0
1458,55996416,22493,23417,1,0,0,0,0,0,0,0,0,0,0,0,0,0,0,0,0
1459,54180624,22073,20750,1,0,0,0,0,0,0,0,0,0,0,0,0,0,0,0,0
1460,53681752,22137,21708,1,0,0,0,0,0,0,0,0,0,0,0,0,0,0,0,0
1461,47726124,22161,22792,1,0,0,0,0,0,0,0,0,0,0,0,0,0,0,0,0
1462,47435624,22189,19583,1,0,0,0,0,0,0,0,0,0,0,0,0,0,0,0,0
1463,42494540,22073,18459,1,0,0,0,0,0,0,0,0,0,0,0,0,0,0,0,0
1464,37914960,22073,17125,1,0,0,0,0,0,0,0,0,0,0,0,0,0,0,0,0
1465,38039416,22225,16250,1,0,0,0,0,0,0,0,0,0,0,0,0,0,0,0,0
1466,35545416,22073,16292,1,0,0,0,0,0,0,0,0,0,0,0,0,0,0,0,0
1467,34021832,22125,14667,1,0,0,0,0,0,0,0,0,0,0,0,0,0,0,0,0
1468,34266624,22137,14125,1,0,0,0,0,0,0,0,0,0,0,0,0,0,0,0,0
1469,33765336,22637,15166,1,0,0,0,0,0,0,0,0,0,0,0,0,0,0,0,0
1470,33798040,22377,14750,1,0,0,0,0,0,0,0,0,0,0,0,0,0,0,0,0
1471,33607168,22137,14083,1,0,0,0,0,0,0,0,0,0,0,0,0,0,0,0,0
1472,33654708,22073,14375,1,0,0,0,0,0,0,0,0,0,0,0,0,0,0,0,0
1473,33396416,22125,14917,1,0,0,0,0,0,0,0,0,0,0,0,0,0,0,0,0
1474,33590876,22137,14875,1,0,0,0,0,0,0,0,0,0,0,0,0,0,0,0,0
1475,32911208,22161,14625,1,0,0,0,0,0,0,0,0,0,0,0,0,0,0,0,0
1476,33067124,22073,15208,1,0,0,0,0,0,0,0,0,0,0,0,0,0,0,0,0
1477,30384540,22073,12917,1,0,0,0,0,0,0,0,0,0,0,0,0,0,0,0,0
1478,30404292,22137,13042,1,0,0,0,0,0,0,0,0,0,0,0,0,0,0,0,0
1479,30154708,22073,13375,1,0,0,0,0,0,0,0,0,0,0,0,0,0,0,0,0
1480,30527376,22213,13417,1,0,0,0,0,0,0,0,0,0,0,0,0,0,0,0,0
1481,30520292,22073,13458,1,0,0,0,0,0,0,0,0,0,0,0,0,0,0,0,0
1482,31653624,22137,13458,1,0,0,0,0,0,0,0,0,0,0,0,0,0,0,0,0
1483,32627250,22073,13750,1,0,0,0,0,0,0,0,0,0,0,0,0,0,0,0,0
1484,32558376,22637,13750,1,0,0,0,0,0,0,0,0,0,0,0,0,0,0,0,0
1485,33923792,22377,15667,1,0,0,0,0,0,0,0,0,0,0,0,0,0,0,0,0
1486,33308540,22137,15250,1,0,0,0,0,0,0,0,0,0,0,0,0,0,0,0,0
1487,33858708,22125,15417,1,0,0,0,0,0,0,0,0,0,0,0,0,0,0,0,0
1488,34477708,22073,16167,1,0,0,0,0,0,0,0,0,0,0,0,0,0,0,0,0
1489,33989040,22137,15792,1,0,0,0,0,0,0,0,0,0,0,0,0,0,0,0,0
1490,34441708,22161,16500,1,0,0,0,0,0,0,0,0,0,0,0,0,0,0,0,0
1491,42321540,22073,24167,1,0,0,0,0,0,0,0,0,0,0,0,0,0,0,0,0
1492,36113332,32409,353250,1,0,0,330375,1,326208,1,0,0,0,0,0,0,0,0,0,0
1493,36418832,22125,17292,1,0,0,0,0,0,0,0,0,0,0,0,0,0,0,0,0
1494,37435584,22073,17417,1,0,0,0,0,0,0,0,0,0,0,0,0,0,0,0,0
1495,40812040,22225,20750,1,0,0,0,0,0,0,0,0,0,0,0,0,0,0,0,0
1496,46806416,22073,22208,1,0,0,0,0,0,0,0,0,0,0,0,0,0,0,0,0
1497,53517876,22637,27625,1,0,0,0,0,0,0,0,0,0,0,0,0,0,0,0,0
1498,66693456,22405,32542,1,0,0,0,0,0,0,0,0,0,0,0,0,0,0,0,0
1499,69138960,22161,32667,1,0,0,0,0,0,0,0,0,0,0,0,0,0,0,0,0
1500,70469872,22137,33000,1,0,0,0,0,0,0,0,0,0,0,0,0,0,0,0,0
1501,72838000,22125,32000,1,0,0,0,0,0,0,0,0,0,0,0,0,0,0,0,0
1502,66152832,22225,31792,1,0,0,0,0,0,0,0,0,0,0,0,0,0,0,0,0
1503,52669584,22073,26125,1,0,0,0,0,0,0,0,0,0,0,0,0,0,0,0,0
1504,49227668,22137,22875,1,0,0,0,0,0,0,0,0,0,0,0,0,0,0,0,0
1505,47606124,22213,23625,1,0,0,0,0,0,0,0,0,0,0,0,0,0,0,0,0
1506,45568792,22637,22166,1,0,0,0,0,0,0,0,0,0,0,0,0,0,0,0,0
1507,46464584,22353,28709,1,0,0,0,0,0,0,0,0,0,0,0,0,0,0,0,0
1508,47957040,22073,22750,1,0,0,0,0,0,0,0,0,0,0,0,0,0,0,0,0
1509,47871416,22161,22250,1,0,0,0,0,0,0,0,0,0,0,0,0,0,0,0,0
1510,48222040,22189,22500,1,0,0,0,0,0,0,0,0,0,0,0,0,0,0,0,0
1511,54303752,22073,22917,1,0,0,0,0,0,0,0,0,0,0,0,0,0,0,0,0
1512,55045124,22225,26791,1,0,0,0,0,0,0,0,0,0,0,0,0,0,0,0,0
1513,56333040,22073,26417,1,0,0,0,0,0,0,0,0,0,0,0,0,0,0,0,0
1514,60999416,22189,32625,1,0,0,0,0,0,0,0,0,0,0,0,0,0,0,0,0
1515,62547500,22725,33083,1,0,0,0,0,0,0,0,0,0,0,0,0,0,0,0,0
1516,60053876,22353,29625,1,0,0,0,0,0,0,0,0,0,0,0,0,0,0,0,0
1517,54989624,22073,27500,1,0,0,0,0,0,0,0,0,0,0,0,0,0,0,0,0
1518,54766584,22277,26583,1,0,0,0,0,0,0,0,0,0,0,0,0,0,0,0,0
1519,48818752,22073,31334,1,0,0,0,0,0,0,0,0,0,0,0,0,0,0,0,0
1520,47313000,22137,23291,1,0,0,0,0,0,0,0,0,0,0,0,0,0,0,0,0
1521,41207500,22073,21292,1,0,0,0,0,0,0,0,0,0,0,0,0,0,0,0,0
1522,38128000,22161,18708,1,0,0,0,0,0,0,0,0,0,0,0,0,0,0,0,0
1523,37987208,22189,18333,1,0,0,0,0,0,0,0,0,0,0,0,0,0,0,0,0
1524,36472876,22073,16709,1,0,0,0,0,0,0,0,0,0,0,0,0,0,0,0,0
1525,37721168,22073,18292,1,0,0,0,0,0,0,0,0,0,0,0,0,0,0,0,0
1526,37322876,22789,19625,1,0,0,0,0,0,0,0,0,0,0,0,0,0,0,0,0
1527,38578376,22289,17250,1,0,0,0,0,0,0,0,0,0,0,0,0,0,0,0,0
1528,40337500,22073,18959,1,0,0,0,0,0,0,0,0,0,0,0,0,0,0,0,0
1529,39458500,22189,59083,1,0,0,0,0,0,0,0,0,0,0,0,0,0,0,0,0
1530,45479540,22161,43833,1,0,0,0,0,0,0,0,0,0,0,0,0,0,0,0,0
1531,47404792,22073,69917,1,0,0,0,0,0,0,0,0,0,0,0,0,0,0,0,0
1532,56280584,22137,67083,1,0,0,0,0,0,0,0,0,0,0,0,0,0,0,0,0
1533,55227208,22073,51250,1,0,0,0,0,0,0,0,0,0,0,0,0,0,0,0,0
1534,58823040,22277,88750,1,0,0,0,0,0,0,0,0,0,0,0,0,0,0,0,0
1535,61414540,22073,62959,1,0,0,0,0,0,0,0,0,0,0,0,0,0,0,0,0
1536,54920624,22701,57250,1,0,0,0,0,0,0,0,0,0,0,0,0,0,0,0,0
1537,56770916,22377,56209,1,0,0,0,0,0,0,0,0,0,0,0,0,0,0,0,0
1538,56344832,22189,58750,1,0,0,0,0,0,0,0,0,0,0,0,0,0,0,0,0
1539,56400376,22073,59458,1,0,0,0,0,0,0,0,0,0,0,0,0,0,0,0,0
1540,55827000,22225,50916,1,0,0,0,0,0,0,0,0,0,0,0,0,0,0,0,0
1541,60041376,22073,69166,1,0,0,0,0,0,0,0,0,0,0,0,0,0,0,0,0
1542,55521208,22189,51417,1,0,0,0,0,0,0,0,0,0,0,0,0,0,0,0,0
1543,55125084,22161,56250,1,0,0,0,0,0,0,0,0,0,0,0,0,0,0,0,0
1544,54540668,22137,55708,1,0,0,0,0,0,0,0,0,0,0,0,0,0,0,0,0
1545,54699708,22637,68791,1,0,0,0,0,0,0,0,0,0,0,0,0,0,0,0,0
1546,45972208,22695,52958,1,0,0,0,0,0,0,0,0,0,0,0,0,0,0,0,0
1547,47601916,22073,48875,1,0,0,0,0,0,0,0,0,0,0,0,0,0,0,0,0
1548,47140792,22073,42625,1,0,0,0,0,0,0,0,0,0,0,0,0,0,0,0,0
1549,47256916,22137,24833,1,0,0,0,0,0,0,0,0,0,0,0,0,0,0,0,0
1550,55448752,22161,23875,1,0,0,0,0,0,0,0,0,0,0,0,0,0,0,0,0
1551,51397292,22189,25458,1,0,0,0,0,0,0,0,0,0,0,0,0,0,0,0,0
1552,46524084,22073,21125,1,0,0,0,0,0,0,0,0,0,0,0,0,0,0,0,0
1553,44352292,22161,21458,1,0,0,0,0,0,0,0,0,0,0,0,0,0,0,0,0
1554,42700876,22137,21167,1,0,0,0,0,0,0,0,0,0,0,0,0,0,0,0,0
1555,38407456,22073,19125,1,0,0,0,0,0,0,0,0,0,0,0,0,0,0,0,0
1556,38377876,22689,19584,1,0,0,0,0,0,0,0,0,0,0,0,0,0,0,0,0
1557,37322876,22441,18416,1,0,0,0,0,0,0,0,0,0,0,0,0,0,0,0,0
1558,35206752,22073,18208,1,0,0,0,0,0,0,0,0,0,0,0,0,0,0,0,0
1559,36551332,22073,16792,1,0,0,0,0,0,0,0,0,0,0,0,0,0,0,0,0
1560,38011832,22137,16916,1,0,0,0,0,0,0,0,0,0,0,0,0,0,0,0,0
1561,37646336,22073,17083,1,0,0,0,0,0,0,0,0,0,0,0,0,0,0,0,0
1562,45294752,22213,20458,1,0,0,0,0,0,0,0,0,0,0,0,0,0,0,0,0
1563,41516668,22137,18750,1,0,0,0,0,0,0,0,0,0,0,0,0,0,0,0,0
1564,42087832,22073,20875,1,0,0,0,0,0,0,0,0,0,0,0,0,0,0,0,0
1565,51055416,22073,23125,1,0,0,0,0,0,0,0,0,0,0,0,0,0,0,0,0
1566,62742752,22225,31042,1,0,0,0,0,0,0,0,0,0,0,0,0,0,0,0,0
1567,68786752,22987,32625,1,0,0,0,0,0,0,0,0,0,0,0,0,0,0,0,0
1568,66435248,22353,35625,1,0,0,0,0,0,0,0,0,0,0,0,0,0,0,0,0
1569,69142496,22161,35625,1,0,0,0,0,0,0,0,0,0,0,0,0,0,0,0,0
1570,69257584,22189,33375,1,0,0,0,0,0,0,0,0,0,0,0,0,0,0,0,0
1571,66160960,22073,33583,1,0,0,0,0,0,0,0,0,0,0,0,0,0,0,0,0
1572,56981668,22225,30000,1,0,0,0,0,0,0,0,0,0,0,0,0,0,0,0,0
1573,53676584,22073,26125,1,0,0,0,0,0,0,0,0,0,0,0,0,0,0,0,0
1574,47286456,22189,22208,1,0,0,0,0,0,0,0,0,0,0,0,0,0,0,0,0
1575,46659208,22161,21500,1,0,0,0,0,0,0,0,0,0,0,0,0,0,0,0,0
1576,45451500,22637,22916,1,0,0,0,0,0,0,0,0,0,0,0,0,0,0,0,0
1577,49501876,22353,29708,1,0,0,0,0,0,0,0,0,0,0,0,0,0,0,0,0
1578,48052376,22073,26125,1,0,0,0,0,0,0,0,0,0,0,0,0,0,0,0,0
1579,56660124,22213,26458,1,0,0,0,0,0,0,0,0,0,0,0,0,0,0,0,0
1580,55165540,22137,27167,1,0,0,0,0,0,0,0,0,0,0,0,0,0,0,0,0
1581,57870292,22073,26584,1,0,0,0,0,0,0,0,0,0,0,0,0,0,0,0,0
1582,55208460,22225,35417,1,0,0,0,0,0,0,0,0,0,0,0,0,0,0,0,0
1583,54349876,22125,27333,1,0,0,0,0,0,0,0,0,0,0,0,0,0,0,0,0
1584,55617916,27617,469666,1,0,0,438750,1,434708,1,0,0,0,0,0,0,0,0,0,0
1585,53677500,22725,29791,1,0,0,0,0,0,0,0,0,0,0,0,0,0,0,0,0
1586,51985544,22353,25333,1,0,0,0,0,0,0,0,0,0,0,0,0,0,0,0,0
1587,43449752,22125,21834,1,0,0,0,0,0,0,0,0,0,0,0,0,0,0,0,0
1588,40989500,22073,20667,1,0,0,0,0,0,0,0,0,0,0,0,0,0,0,0,0
1589,38030208,22225,17625,1,0,0,0,0,0,0,0,0,0,0,0,0,0,0,0,0
1590,37233792,22073,16125,1,0,0,0,0,0,0,0,0,0,0,0,0,0,0,0,0
1591,34075708,22073,16417,1,0,0,0,0,0,0,0,0,0,0,0,0,0,0,0,0
1592,33774084,22137,14584,1,0,0,0,0,0,0,0,0,0,0,0,0,0,0,0,0
1593,34036040,22125,14792,1,0,0,0,0,0,0,0,0,0,0,0,0,0,0,0,0
1594,33310792,22161,15250,1,0,0,0,0,0,0,0,0,0,0,0,0,0,0,0,0
1595,33559332,22137,15750,1,0,0,0,0,0,0,0,0,0,0,0,0,0,0,0,0
1596,33294750,22073,14500,1,0,0,0,0,0,0,0,0,0,0,0,0,0,0,0,0
1597,33315916,22073,14292,1,0,0,0,0,0,0,0,0,0,0,0,0,0,0,0,0
1598,32161500,22701,14625,1,0,0,0,0,0,0,0,0,0,0,0,0,0,0,0,0
1599,30525876,22377,12625,1,0,0,0,0,0,0,0,0,0,0,0,0,0,0,0,0
1600,30653540,22125,13250,1,0,0,0,0,0,0,0,0,0,0,0,0,0,0,0,0
1601,30534792,22073,13125,1,0,0,0,0,0,0,0,0,0,0,0,0,0,0,0,0
1602,30525792,22137,13958,1,0,0,0,0,0,0,0,0,0,0,0,0,0,0,0,0
1603,30423916,22073,13584,1,0,0,0,0,0,0,0,0,0,0,0,0,0,0,0,0
1604,30596916,22161,12833,1,0,0,0,0,0,0,0,0,0,0,0,0,0,0,0,0
1605,31022084,22073,13166,1,0,0,0,0,0,0,0,0,0,0,0,0,0,0,0,0
1606,33938832,22137,16542,1,0,0,0,0,0,0,0,0,0,0,0,0,0,0,0,0
1607,34286792,22125,14416,1,0,0,0,0,0,0,0,0,0,0,0,0,0,0,0,0
1608,36308584,22073,14875,1,0,0,0,0,0,0,0,0,0,0,0,0,0,0,0,0
1609,35954500,22225,16000,1,0,0,0,0,0,0,0,0,0,0,0,0,0,0,0,0
1610,37580332,22073,15917,1,0,0,0,0,0,0,0,0,0,0,0,0,0,0,0,0
1611,39156040,22073,14792,1,0,0,0,0,0,0,0,0,0,0,0,0,0,0,0,0
1612,36221624,22137,14833,1,0,0,0,0,0,0,0,0,0,0,0,0,0,0,0,0
1613,37773916,22689,15250,1,0,0,0,0,0,0,0,0,0,0,0,0,0,0,0,0
1614,43488832,22377,19708,1,0,0,0,0,0,0,0,0,0,0,0,0,0,0,0,0
1615,52096540,22137,19250,1,0,0,0,0,0,0,0,0,0,0,0,0,0,0,0,0
1616,63792708,22073,22542,1,0,0,0,0,0,0,0,0,0,0,0,0,0,0,0,0
1617,66186208,22225,27834,1,0,0,0,0,0,0,0,0,0,0,0,0,0,0,0,0
1618,70169544,22125,28916,1,0,0,0,0,0,0,0,0,0,0,0,0,0,0,0,0
1619,68848624,22137,30458,1,0,0,0,0,0,0,0,0,0,0,0,0,0,0,0,0
1620,65996668,32433,610500,1,0,0,573334,1,567417,1,0,0,0,0,0,0,0,0,0,0
1621,57076040,22189,26916,1,0,0,0,0,0,0,0,0,0,0,0,0,0,0,0,0
1622,54658208,22637,22792,1,0,0,0,0,0,0,0,0,0,0,0,0,0,0,0,0
1623,52969040,22441,27500,1,0,0,0,0,0,0,0,0,0,0,0,0,0,0,0,0
1624,47084084,22073,25000,1,0,0,0,0,0,0,0,0,0,0,0,0,0,0,0,0
1625,45517336,22189,19459,1,0,0,0,0,0,0,0,0,0,0,0,0,0,0,0,0
1626,50584332,22073,19750,1,0,0,0,0,0,0,0,0,0,0,0,0,0,0,0,0
1627,47858416,22161,19125,1,0,0,0,0,0,0,0,0,0,0,0,0,0,0,0,0
1628,47203792,22137,20291,1,0,0,0,0,0,0,0,0,0,0,0,0,0,0,0,0
1629,47907376,22073,25542,1,0,0,0,0,0,0,0,0,0,0,0,0,0,0,0,0
1630,54490084,22125,20875,1,0,0,0,0,0,0,0,0,0,0,0,0,0,0,0,0
1631,55405376,22789,24333,1,0,0,0,0,0,0,0,0,0,0,0,0,0,0,0,0
1632,54761248,22289,24541,1,0,0,0,0,0,0,0,0,0,0,0,0,0,0,0,0
1633,56057540,22137,24500,1,0,0,0,0,0,0,0,0,0,0,0,0,0,0,0,0
1634,55228040,22213,24625,1,0,0,0,0,0,0,0,0,0,0,0,0,0,0,0,0
1635,54155416,22137,25250,1,0,0,0,0,0,0,0,0,0,0,0,0,0,0,0,0
1636,57666752,22073,25125,1,0,0,0,0,0,0,0,0,0,0,0,0,0,0,0,0
1637,51990168,22225,24875,1,0,0,0,0,0,0,0,0,0,0,0,0,0,0,0,0
1638,48058584,22125,25125,1,0,0,0,0,0,0,0,0,0,0,0,0,0,0,0,0
1639,43678376,22073,20125,1,0,0,0,0,0,0,0,0,0,0,0,0,0,0,0,0
1640,42752456,22137,23209,1,0,0,0,0,0,0,0,0,0,0,0,0,0,0,0,0
1641,40355832,22725,18375,1,0,0,0,0,0,0,0,0,0,0,0,0,0,0,0,0
1642,41433624,22289,22250,1,0,0,0,0,0,0,0,0,0,0,0,0,0,0,0,0
1643,38612584,22189,18417,1,0,0,0,0,0,0,0,0,0,0,0,0,0,0,0,0
1644,35709124,22073,16583,1,0,0,0,0,0,0,0,0,0,0,0,0,0,0,0,0
1645,38696708,22161,21000,1,0,0,0,0,0,0,0,0,0,0,0,0,0,0,0,0
1646,39945208,22137,18750,1,0,0,0,0,0,0,0,0,0,0,0,0,0,0,0,0
1647,43147040,22073,20291,1,0,0,0,0,0,0,0,0,0,0,0,0,0,0,0,0
1648,39794876,22073,18916,1,0,0,0,0,0,0,0,0,0,0,0,0,0,0,0,0
1649,43762960,22277,18583,1,0,0,0,0,0,0,0,0,0,0,0,0,0,0,0,0
1650,44773960,22073,22500,1,0,0,0,0,0,0,0,0,0,0,0,0,0,0,0,0
1651,45296332,22073,23667,1,0,0,0,0,0,0,0,0,0,0,0,0,0,0,0,0
1652,46892456,22137,21625,1,0,0,0,0,0,0,0,0,0,0,0,0,0,0,0,0
1653,49438292,22725,21459,1,0,0,0,0,0,0,0,0,0,0,0,0,0,0,0,0
1654,53035208,22341,25709,1,0,0,0,0,0,0,0,0,0,0,0,0,0,0,0,0
1655,52489376,22137,25583,1,0,0,0,0,0,0,0,0,0,0,0,0,0,0,0,0
1656,48833084,22161,21292,1,0,0,0,0,0,0,0,0,0,0,0,0,0,0,0,0
1657,48133752,22137,22125,1,0,0,0,0,0,0,0,0,0,0,0,0,0,0,0,0
1658,52306668,22125,21916,1,0,0,0,0,0,0,0,0,0,0,0,0,0,0,0,0
1659,45236040,22225,21417,1,0,0,0,0,0,0,0,0,0,0,0,0,0,0,0,0
1660,45235416,22073,21167,1,0,0,0,0,0,0,0,0,0,0,0,0,0,0,0,0
1661,45547040,22073,21375,1,0,0,0,0,0,0,0,0,0,0,0,0,0,0,0,0
1662,45669708,22137,24542,1,0,0,0,0,0,0,0,0,0,0,0,0,0,0,0,0
1663,45056124,22213,21167,1,0,0,0,0,0,0,0,0,0,0,0,0,0,0,0,0
1664,47194168,22637,21500,1,0,0,0,0,0,0,0,0,0,0,0,0,0,0,0,0
1665,45646168,22353,21209,1,0,0,0,0,0,0,0,0,0,0,0,0,0,0,0,0
1666,46291040,22073,21458,1,0,0,0,0,0,0,0,0,0,0,0,0,0,0,0,0
1667,53196832,22161,21084,1,0,0,0,0,0,0,0,0,0,0,0,0,0,0,0,0
1668,57290668,22189,26292,1,0,0,0,0,0,0,0,0,0,0,0,0,0,0,0,0
1669,57222040,22073,26209,1,0,0,0,0,0,0,0,0,0,0,0,0,0,0,0,0
1670,55906124,22225,26709,1,0,0,0,0,0,0,0,0,0,0,0,0,0,0,0,0
1671,56195248,22073,26084,1,0,0,0,0,0,0,0,0,0,0,0,0,0,0,0,0
1672,56328376,22189,24958,1,0,0,0,0,0,0,0,0,0,0,0,0,0,0,0,0
1673,57328624,22725,30000,1,0,0,0,0,0,0,0,0,0,0,0,0,0,0,0,0
1674,53347084,22353,26084,1,0,0,0,0,0,0,0,0,0,0,0,0,0,0,0,0
1675,51982416,22073,26459,1,0,0,0,0,0,0,0,0,0,0,0,0,0,0,0,0
1676,44619040,22277,30333,1,0,0,0,0,0,0,0,0,0,0,0,0,0,0,0,0
1677,40954460,22073,21917,1,0,0,0,0,0,0,0,0,0,0,0,0,0,0,0,0
1678,40319168,22073,19916,1,0,0,0,0,0,0,0,0,0,0,0,0,0,0,0,0
1679,36645584,22137,18625,1,0,0,0,0,0,0,0,0,0,0,0,0,0,0,0,0
1680,33909332,22161,17791,1,0,0,0,0,0,0,0,0,0,0,0,0,0,0,0,0
1681,33509416,22073,16250,1,0,0,0,0,0,0,0,0,0,0,0,0,0,0,0,0
1682,33582708,22189,17333,1,0,0,0,0,0,0,0,0,0,0,0,0,0,0,0,0
1683,34090752,22073,16333,1,0,0,0,0,0,0,0,0,0,0,0,0,0,0,0,0
1684,36317584,22073,16625,1,0,0,0,0,0,0,0,0,0,0,0,0,0,0,0,0
1685,36086456,22789,16542,1,0,0,0,0,0,0,0,0,0,0,0,0,0,0,0,0
1686,37972332,22289,17208,1,0,0,0,0,0,0,0,0,0,0,0,0,0,0,0,0
1687,40272792,22073,17375,1,0,0,0,0,0,0,0,0,0,0,0,0,0,0,0,0
1688,38488292,22189,16792,1,0,0,0,0,0,0,0,0,0,0,0,0,0,0,0,0
1689,37367540,22161,16750,1,0,0,0,0,0,0,0,0,0,0,0,0,0,0,0,0
1690,40074792,22073,16917,1,0,0,0,0,0,0,0,0,0,0,0,0,0,0,0,0
1691,48546292,22137,21750,1,0,0,0,0,0,0,0,0,0,0,0,0,0,0,0,0
1692,50851000,22073,20750,1,0,0,0,0,0,0,0,0,0,0,0,0,0,0,0,0
1693,63624960,22213,24833,1,0,0,0,0,0,0,0,0,0,0,0,0,0,0,0,0
1694,69219792,22137,31334,1,0,0,0,0,0,0,0,0,0,0,0,0,0,0,0,0
1695,69050040,22073,31375,1,0,0,0,0,0,0,0,0,0,0,0,0,0,0,0,0
1696,66673208,25177,31500,1,0,0,0,0,0,0,0,0,0,0,0,0,0,0,0,0
1697,66806456,22073,31375,1,0,0,0,0,0,0,0,0,0,0,0,0,0,0,0,0
1698,54334584,22137,35417,1,0,0,0,0,0,0,0,0,0,0,0,0,0,0,0,0
1699,47387124,22161,24708,1,0,0,0,0,0,0,0,0,0,0,0,0,0,0,0,0
1700,49482792,22189,29292,1,0,0,0,0,0,0,0,0,0,0,0,0,0,0,0,0
1701,40405624,22073,18542,1,0,0,0,0,0,0,0,0,0,0,0,0,0,0,0,0
1702,39882584,22073,20041,1,0,0,0,0,0,0,0,0,0,0,0,0,0,0,0,0
1703,39632832,22225,18333,1,0,0,0,0,0,0,0,0,0,0,0,0,0,0,0,0
1704,40719916,22073,16625,1,0,0,0,0,0,0,0,0,0,0,0,0,0,0,0,0
1705,39581664,22125,17000,1,0,0,0,0,0,0,0,0,0,0,0,0,0,0,0,0
1706,39876540,22701,16375,1,0,0,0,0,0,0,0,0,0,0,0,0,0,0,0,0
1707,39894876,22377,19333,1,0,0,0,0,0,0,0,0,0,0,0,0,0,0,0,0
1708,39649832,22073,16833,1,0,0,0,0,0,0,0,0,0,0,0,0,0,0,0,0
1709,43571832,22137,16250,1,0,0,0,0,0,0,0,0,0,0,0,0,0,0,0,0
1710,45471584,22125,19542,1,0,0,0,0,0,0,0,0,0,0,0,0,0,0,0,0
1711,45319040,22161,19542,1,0,0,0,0,0,0,0,0,0,0,0,0,0,0,0,0
1712,51000456,27617,383209,1,0,0,355250,1,351375,1,0,0,0,0,0,0,0,0,0,0
1713,43989168,22073,24083,1,0,0,0,0,0,0,0,0,0,0,0,0,0,0,0,0
1714,43191624,22073,18833,1,0,0,0,0,0,0,0,0,0,0,0,0,0,0,0,0
1715,40885584,22277,18250,1,0,0,0,0,0,0,0,0,0,0,0,0,0,0,0,0
1716,37839124,22073,16708,1,0,0,0,0,0,0,0,0,0,0,0,0,0,0,0,0
1717,37502916,22073,16833,1,0,0,0,0,0,0,0,0,0,0,0,0,0,0,0,0
1718,35284084,22701,15875,1,0,0,0,0,0,0,0,0,0,0,0,0,0,0,0,0
1719,33618792,22377,14541,1,0,0,0,0,0,0,0,0,0,0,0,0,0,0,0,0
1720,33684040,22073,14375,1,0,0,0,0,0,0,0,0,0,0,0,0,0,0,0,0
1721,37084292,22189,17125,1,0,0,0,0,0,0,0,0,0,0,0,0,0,0,0,0
1722,36839500,22073,14833,1,0,0,0,0,0,0,0,0,0,0,0,0,0,0,0,0
1723,37057292,22073,14791,1,0,0,0,0,0,0,0,0,0,0,0,0,0,0,0,0
1724,40242416,22225,15125,1,0,0,0,0,0,0,0,0,0,0,0,0,0,0,0,0
1725,37468876,22073,14583,1,0,0,0,0,0,0,0,0,0,0,0,0,0,0,0,0
1726,42522248,22073,16042,1,0,0,0,0,0,0,0,0,0,0,0,0,0,0,0,0
1727,44229708,22189,18334,1,0,0,0,0,0,0,0,0,0,0,0,0,0,0,0,0
1728,47650248,22161,19416,1,0,0,0,0,0,0,0,0,0,0,0,0,0,0,0,0
1729,54514124,22073,22792,1,0,0,0,0,0,0,0,0,0,0,0,0,0,0,0,0
1730,65730832,22701,22625,1,0,0,0,0,0,0,0,0,0,0,0,0,0,0,0,0
1731,69449416,22429,28500,1,0,0,0,0,0,0,0,0,0,0,0,0,0,0,0,0
1732,68559416,22137,31000,1,0,0,0,0,0,0,0,0,0,0,0,0,0,0,0,0
1733,67685752,22073,28875,1,0,0,0,0,0,0,0,0,0,0,0,0,0,0,0,0
1734,60490752,22277,29042,1,0,0,0,0,0,0,0,0,0,0,0,0,0,0,0,0
1735,56303168,22073,22542,1,0,0,0,0,0,0,0,0,0,0,0,0,0,0,0,0
1736,55195544,22137,22875,1,0,0,0,0,0,0,0,0,0,0,0,0,0,0,0,0
1737,50914040,22161,23542,1,0,0,0,0,0,0,0,0,0,0,0,0,0,0,0,0
1738,48018832,22753,19666,1,0,0,0,0,0,0,0,0,0,0,0,0,0,0,0,0
1739,46569876,22289,19375,1,0,0,0,0,0,0,0,0,0,0,0,0,0,0,0,0
1740,48374708,22073,22417,1,0,0,0,0,0,0,0,0,0,0,0,0,0,0,0,0
1741,46107668,22225,19667,1,0,0,0,0,0,0,0,0,0,0,0,0,0,0,0,0
1742,47151708,22073,24375,1,0,0,0,0,0,0,0,0,0,0,0,0,0,0,0,0
1743,51772456,22125,21167,1,0,0,0,0,0,0,0,0,0,0,0,0,0,0,0,0
1744,57201916,22137,25333,1,0,0,0,0,0,0,0,0,0,0,0,0,0,0,0,0
1745,55754292,22161,25583,1,0,0,0,0,0,0,0,0,0,0,0,0,0,0,0,0
1746,54717960,22137,30958,1,0,0,0,0,0,0,0,0,0,0,0,0,0,0,0,0
1747,56530460,22125,29750,1,0,0,0,0,0,0,0,0,0,0,0,0,0,0,0,0
1748,56100124,33061,501000,1,0,0,469208,1,465167,1,0,0,0,0,0,0,0,0,0,0
1749,52923168,22289,26542,1,0,0,0,0,0,0,0,0,0,0,0,0,0,0,0,0
1750,51637752,22137,27542,1,0,0,0,0,0,0,0,0,0,0,0,0,0,0,0,0
1751,44068084,22213,23167,1,0,0,0,0,0,0,0,0,0,0,0,0,0,0,0,0
1752,39724000,22073,22083,1,0,0,0,0,0,0,0,0,0,0,0,0,0,0,0,0
1753,42394832,22137,21250,1,0,0,0,0,0,0,0,0,0,0,0,0,0,0,0,0
1754,35684832,22073,19667,1,0,0,0,0,0,0,0,0,0,0,0,0,0,0,0,0
1755,34664040,22161,16916,1,0,0,0,0,0,0,0,0,0,0,0,0,0,0,0,0
1756,34329792,22137,16042,1,0,0,0,0,0,0,0,0,0,0,0,0,0,0,0,0
1757,34127584,22125,18667,1,0,0,0,0,0,0,0,0,0,0,0,0,0,0,0,0
1758,33839752,22073,16083,1,0,0,0,0,0,0,0,0,0,0,0,0,0,0,0,0
1759,33409124,22137,16000,1,0,0,0,0,0,0,0,0,0,0,0,0,0,0,0,0
1760,33663584,22725,17500,1,0,0,0,0,0,0,0,0,0,0,0,0,0,0,0,0
1761,33875040,22289,17042,1,0,0,0,0,0,0,0,0,0,0,0,0,0,0,0,0
1762,35947500,22137,17083,1,0,0,0,0,0,0,0,0,0,0,0,0,0,0,0,0
1763,32384416,22125,19250,1,0,0,0,0,0,0,0,0,0,0,0,0,0,0,0,0
1764,35335124,22073,17833,1,0,0,0,0,0,0,0,0,0,0,0,0,0,0,0,0
1765,36613124,22225,18708,1,0,0,0,0,0,0,0,0,0,0,0,0,0,0,0,0
1766,36745332,22073,19416,1,0,0,0,0,0,0,0,0,0,0,0,0,0,0,0,0
1767,41581456,22073,18542,1,0,0,0,0,0,0,0,0,0,0,0,0,0,0,0,0
1768,35984376,22137,16208,1,0,0,0,0,0,0,0,0,0,0,0,0,0,0,0,0
1769,37975832,22125,16917,1,0,0,0,0,0,0,0,0,0,0,0,0,0,0,0,0
1770,41287124,22161,16291,1,0,0,0,0,0,0,0,0,0,0,0,0,0,0,0,0
1771,48953916,22137,22209,1,0,0,0,0,0,0,0,0,0,0,0,0,0,0,0,0
1772,63565040,22073,32791,1,0,0,0,0,0,0,0,0,0,0,0,0,0,0,0,0
1773,67945336,22789,34667,1,0,0,0,0,0,0,0,0,0,0,0,0,0,0,0,0
1774,65865664,22341,34584,1,0,0,0,0,0,0,0,0,0,0,0,0,0,0,0,0
1775,67701584,22137,36417,1,0,0,0,0,0,0,0,0,0,0,0,0,0,0,0,0
1776,67856584,22161,32208,1,0,0,0,0,0,0,0,0,0,0,0,0,0,0,0,0
1777,69416792,22189,78792,1,0,0,0,0,0,0,0,0,0,0,0,0,0,0,0,0
1778,55566000,22073,26334,1,0,0,0,0,0,0,0,0,0,0,0,0,0,0,0,0
1779,48756208,22225,25666,1,0,0,0,0,0,0,0,0,0,0,0,0,0,0,0,0
1780,47452456,22073,22042,1,0,0,0,0,0,0,0,0,0,0,0,0,0,0,0,0
1781,45611292,22689,20958,1,0,0,0,0,0,0,0,0,0,0,0,0,0,0,0,0
1782,45655376,22353,20833,1,0,0,0,0,0,0,0,0,0,0,0,0,0,0,0,0
1783,44052084,22161,21292,1,0,0,0,0,0,0,0,0,0,0,0,0,0,0,0,0
1784,42052040,22073,19000,1,0,0,0,0,0,0,0,0,0,0,0,0,0,0,0,0
1785,44715876,22137,48375,1,0,0,0,0,0,0,0,0,0,0,0,0,0,0,0,0
1786,48502124,22125,52250,1,0,0,0,0,0,0,0,0,0,0,0,0,0,0,0,0
1787,46730832,22161,49500,1,0,0,0,0,0,0,0,0,0,0,0,0,0,0,0,0
1788,43930376,22137,40791,1,0,0,0,0,0,0,0,0,0,0,0,0,0,0,0,0
1789,46086332,22073,47000,1,0,0,0,0,0,0,0,0,0,0,0,0,0,0,0,0
1790,45358040,22073,46166,1,0,0,0,0,0,0,0,0,0,0,0,0,0,0,0,0
1791,44758084,22277,46958,1,0,0,0,0,0,0,0,0,0,0,0,0,0,0,0,0
1792,41272876,22637,37625,1,0,0,0,0,0,0,0,0,0,0,0,0,0,0,0,0
1793,40479876,22289,40542,1,0,0,0,0,0,0,0,0,0,0,0,0,0,0,0,0
1794,38441960,22137,40500,1,0,0,0,0,0,0,0,0,0,0,0,0,0,0,0,0
1795,38015668,22161,39792,1,0,0,0,0,0,0,0,0,0,0,0,0,0,0,0,0
1796,38478168,22125,39667,1,0,0,0,0,0,0,0,0,0,0,0,0,0,0,0,0
1797,37881460,22137,44166,1,0,0,0,0,0,0,0,0,0,0,0,0,0,0,0,0
1798,38586124,22073,44416,1,0,0,0,0,0,0,0,0,0,0,0,0,0,0,0,0
1799,33664500,22161,42500,1,0,0,0,0,0,0,0,0,0,0,0,0,0,0,0,0
1800,33616168,22137,42333,1,0,0,0,0,0,0,0,0,0,0,0,0,0,0,0,0
1801,690291,0,0,0,0,0,0,0,0,0,0,0,0,0,0,0,0,0,0,0
