frame_index,frame_time_ns,gc_alloc_bytes,tnd_bench_t1_hover_ns,tnd_bench_t1_hover_calls,tnd_bench_t1_reclassify_ns,tnd_bench_t1_reclassify_calls,tnd_bench_t1_hoveredborder_ns,tnd_bench_t1_hoveredborder_calls,tnd_bench_t1_hoveredborderrebuild_ns,tnd_bench_t1_hoveredborderrebuild_calls,tnd_bench_t1_modeenter_ns,tnd_bench_t1_modeenter_calls,tnd_bench_t1_conquerui_ns,tnd_bench_t1_conquerui_calls,tnd_bench_s0_hover_ns,tnd_bench_s0_hover_calls,tnd_bench_s0_rebuild_ns,tnd_bench_s0_rebuild_calls,conquestmodecontroller_update_ns,conquestmodecontroller_update_calls
0,40074668,112683,390208,1,0,0,365959,1,362958,1,0,0,0,0,0,0,0,0,0,0
1,41563248,22161,47125,1,0,0,0,0,0,0,0,0,0,0,0,0,0,0,0,0
2,43428668,22137,39209,1,0,0,0,0,0,0,0,0,0,0,0,0,0,0,0,0
3,53711040,207257,68042,1,0,0,0,0,0,0,0,0,0,0,0,0,0,0,0,0
4,44789084,22125,55834,1,0,0,0,0,0,0,0,0,0,0,0,0,0,0,0,0
5,45305584,22225,46084,1,0,0,0,0,0,0,0,0,0,0,0,0,0,0,0,0
6,46417792,22073,22209,1,0,0,0,0,0,0,0,0,0,0,0,0,0,0,0,0
7,45417584,22073,21292,1,0,0,0,0,0,0,0,0,0,0,0,0,0,0,0,0
8,46236416,22701,21583,1,0,0,0,0,0,0,0,0,0,0,0,0,0,0,0,0
9,46559708,22429,22584,1,0,0,0,0,0,0,0,0,0,0,0,0,0,0,0,0
10,45055208,22073,21458,1,0,0,0,0,0,0,0,0,0,0,0,0,0,0,0,0
11,43278040,22137,22792,1,0,0,0,0,0,0,0,0,0,0,0,0,0,0,0,0
12,42745544,22073,22458,1,0,0,0,0,0,0,0,0,0,0,0,0,0,0,0,0
13,42194668,22161,22708,1,0,0,0,0,0,0,0,0,0,0,0,0,0,0,0,0
14,41407708,22189,18958,1,0,0,0,0,0,0,0,0,0,0,0,0,0,0,0,0
15,37915040,22073,18792,1,0,0,0,0,0,0,0,0,0,0,0,0,0,0,0,0
16,38893752,22073,21917,1,0,0,0,0,0,0,0,0,0,0,0,0,0,0,0,0
17,37041544,22225,18167,1,0,0,0,0,0,0,0,0,0,0,0,0,0,0,0,0
18,36393832,27553,326333,1,0,0,302083,1,298541,1,0,0,0,0,0,0,0,0,0,0
19,37068668,22073,15750,1,0,0,0,0,0,0,0,0,0,0,0,0,0,0,0,0
20,40303752,22189,16167,1,0,0,0,0,0,0,0,0,0,0,0,0,0,0,0,0
21,41332752,22637,18125,1,0,0,0,0,0,0,0,0,0,0,0,0,0,0,0,0
22,39807876,22377,17292,1,0,0,0,0,0,0,0,0,0,0,0,0,0,0,0,0
23,43311376,22137,16125,1,0,0,0,0,0,0,0,0,0,0,0,0,0,0,0,0
24,47684168,22073,18917,1,0,0,0,0,0,0,0,0,0,0,0,0,0,0,0,0
25,54035124,22125,24000,1,0,0,0,0,0,0,0,0,0,0,0,0,0,0,0,0
26,59936248,22225,29458,1,0,0,0,0,0,0,0,0,0,0,0,0,0,0,0,0
27,68638416,22073,28458,1,0,0,0,0,0,0,0,0,0,0,0,0,0,0,0,0
28,69669664,22137,27875,1,0,0,0,0,0,0,0,0,0,0,0,0,0,0,0,0
29,70853504,22213,33459,1,0,0,0,0,0,0,0,0,0,0,0,0,0,0,0,0
30,70913296,22701,28041,1,0,0,0,0,0,0,0,0,0,0,0,0,0,0,0,0
31,70223456,22289,28000,1,0,0,0,0,0,0,0,0,0,0,0,0,0,0,0,0
32,68962080,32549,626625,1,0,0,584250,1,578000,1,0,0,0,0,0,0,0,0,0,0
33,71720752,22073,29792,1,0,0,0,0,0,0,0,0,0,0,0,0,0,0,0,0
34,68127376,22137,41708,1,0,0,0,0,0,0,0,0,0,0,0,0,0,0,0,0
35,58395792,22213,31000,1,0,0,0,0,0,0,0,0,0,0,0,0,0,0,0,0
36,60666336,22137,26250,1,0,0,0,0,0,0,0,0,0,0,0,0,0,0,0,0
37,67209544,22637,33500,1,0,0,0,0,0,0,0,0,0,0,0,0,0,0,0,0
38,62519668,22441,33792,1,0,0,0,0,0,0,0,0,0,0,0,0,0,0,0,0
39,61348040,22125,26250,1,0,0,0,0,0,0,0,0,0,0,0,0,0,0,0,0
40,57393500,22137,25833,1,0,0,0,0,0,0,0,0,0,0,0,0,0,0,0,0
41,63488456,22161,33459,1,0,0,0,0,0,0,0,0,0,0,0,0,0,0,0,0
42,52636876,22137,26666,1,0,0,0,0,0,0,0,0,0,0,0,0,0,0,0,0
43,49677916,22125,26250,1,0,0,0,0,0,0,0,0,0,0,0,0,0,0,0,0
44,43047752,22225,21791,1,0,0,0,0,0,0,0,0,0,0,0,0,0,0,0,0
45,38926208,22073,19084,1,0,0,0,0,0,0,0,0,0,0,0,0,0,0,0,0
46,38470624,22073,18708,1,0,0,0,0,0,0,0,0,0,0,0,0,0,0,0,0
47,33822292,22701,16833,1,0,0,0,0,0,0,0,0,0,0,0,0,0,0,0,0
48,34082416,22429,16125,1,0,0,0,0,0,0,0,0,0,0,0,0,0,0,0,0
49,34467752,22073,16292,1,0,0,0,0,0,0,0,0,0,0,0,0,0,0,0,0
50,34213752,22137,16792,1,0,0,0,0,0,0,0,0,0,0,0,0,0,0,0,0
51,34522376,22073,16125,1,0,0,0,0,0,0,0,0,0,0,0,0,0,0,0,0
52,34027124,22073,16834,1,0,0,0,0,0,0,0,0,0,0,0,0,0,0,0,0
53,37058916,22225,20959,1,0,0,0,0,0,0,0,0,0,0,0,0,0,0,0,0
54,33779040,22125,16958,1,0,0,0,0,0,0,0,0,0,0,0,0,0,0,0,0
55,33025832,22073,16708,1,0,0,0,0,0,0,0,0,0,0,0,0,0,0,0,0
56,30534000,22137,15042,1,0,0,0,0,0,0,0,0,0,0,0,0,0,0,0,0
57,30302832,22073,14667,1,0,0,0,0,0,0,0,0,0,0,0,0,0,0,0,0
58,30217708,22161,15292,1,0,0,0,0,0,0,0,0,0,0,0,0,0,0,0,0
59,30256750,22073,14416,1,0,0,0,0,0,0,0,0,0,0,0,0,0,0,0,0
60,30800416,22137,14291,1,0,0,0,0,0,0,0,0,0,0,0,0,0,0,0,0
61,30322542,22125,14167,1,0,0,0,0,0,0,0,0,0,0,0,0,0,0,0,0
62,31726624,22637,14666,1,0,0,0,0,0,0,0,0,0,0,0,0,0,0,0,0
63,33251000,22377,14458,1,0,0,0,0,0,0,0,0,0,0,0,0,0,0,0,0
64,33580876,22137,14583,1,0,0,0,0,0,0,0,0,0,0,0,0,0,0,0,0
65,34431832,22073,15208,1,0,0,0,0,0,0,0,0,0,0,0,0,0,0,0,0
66,35756792,27553,297458,1,0,0,278083,1,274583,1,0,0,0,0,0,0,0,0,0,0
67,35828876,22137,14500,1,0,0,0,0,0,0,0,0,0,0,0,0,0,0,0,0
68,35835664,22213,14625,1,0,0,0,0,0,0,0,0,0,0,0,0,0,0,0,0
69,38525876,22073,20750,1,0,0,0,0,0,0,0,0,0,0,0,0,0,0,0,0
70,37105376,22137,14958,1,0,0,0,0,0,0,0,0,0,0,0,0,0,0,0,0
71,37269124,22073,14334,1,0,0,0,0,0,0,0,0,0,0,0,0,0,0,0,0
72,39641752,22073,14667,1,0,0,0,0,0,0,0,0,0,0,0,0,0,0,0,0
73,45163916,22225,17250,1,0,0,0,0,0,0,0,0,0,0,0,0,0,0,0,0
74,54462168,22125,18500,1,0,0,0,0,0,0,0,0,0,0,0,0,0,0,0,0
75,68072128,22637,29542,1,0,0,0,0,0,0,0,0,0,0,0,0,0,0,0,0
76,68843504,22441,29583,1,0,0,0,0,0,0,0,0,0,0,0,0,0,0,0,0
77,68801456,22073,29584,1,0,0,0,0,0,0,0,0,0,0,0,0,0,0,0,0
78,69106912,22189,31458,1,0,0,0,0,0,0,0,0,0,0,0,0,0,0,0,0
79,66440916,22161,40541,1,0,0,0,0,0,0,0,0,0,0,0,0,0,0,0,0
80,54730248,32409,536250,1,0,0,501000,1,495417,1,0,0,0,0,0,0,0,0,0,0
81,49498416,22073,27667,1,0,0,0,0,0,0,0,0,0,0,0,0,0,0,0,0
82,47820292,22277,22375,1,0,0,0,0,0,0,0,0,0,0,0,0,0,0,0,0
83,47206584,22637,21625,1,0,0,0,0,0,0,0,0,0,0,0,0,0,0,0,0
84,46968416,22289,22167,1,0,0,0,0,0,0,0,0,0,0,0,0,0,0,0,0
85,49480292,22137,22541,1,0,0,0,0,0,0,0,0,0,0,0,0,0,0,0,0
86,54422876,22161,21917,1,0,0,0,0,0,0,0,0,0,0,0,0,0,0,0,0
87,55158668,22189,26125,1,0,0,0,0,0,0,0,0,0,0,0,0,0,0,0,0
88,58333332,22073,27375,1,0,0,0,0,0,0,0,0,0,0,0,0,0,0,0,0
89,54621752,22225,29834,1,0,0,0,0,0,0,0,0,0,0,0,0,0,0,0,0
90,54677332,22073,26959,1,0,0,0,0,0,0,0,0,0,0,0,0,0,0,0,0
91,49801916,22189,30833,1,0,0,0,0,0,0,0,0,0,0,0,0,0,0,0,0
92,43660540,22161,20958,1,0,0,0,0,0,0,0,0,0,0,0,0,0,0,0,0
93,41266584,22637,20917,1,0,0,0,0,0,0,0,0,0,0,0,0,0,0,0,0
94,38624668,22353,44916,1,0,0,0,0,0,0,0,0,0,0,0,0,0,0,0,0
95,37246292,22073,36541,1,0,0,0,0,0,0,0,0,0,0,0,0,0,0,0,0
96,33923708,22213,33333,1,0,0,0,0,0,0,0,0,0,0,0,0,0,0,0,0
97,33842248,22137,37917,1,0,0,0,0,0,0,0,0,0,0,0,0,0,0,0,0
98,34250664,22073,34334,1,0,0,0,0,0,0,0,0,0,0,0,0,0,0,0,0
99,36098332,22073,41542,1,0,0,0,0,0,0,0,0,0,0,0,0,0,0,0,0
100,33650416,22137,38750,1,0,0,0,0,0,0,0,0,0,0,0,0,0,0,0,0
101,33393624,22161,33500,1,0,0,0,0,0,0,0,0,0,0,0,0,0,0,0,0
102,33510750,22125,20917,1,0,0,0,0,0,0,0,0,0,0,0,0,0,0,0,0
103,33446876,22137,16375,1,0,0,0,0,0,0,0,0,0,0,0,0,0,0,0,0
104,33475584,22073,16875,1,0,0,0,0,0,0,0,0,0,0,0,0,0,0,0,0
105,33851208,22073,16584,1,0,0,0,0,0,0,0,0,0,0,0,0,0,0,0,0
106,32785958,22225,16000,1,0,0,0,0,0,0,0,0,0,0,0,0,0,0,0,0
107,33685456,33679,15458,1,0,0,0,0,0,0,0,0,0,0,0,0,0,0,0,0
108,30569250,22341,15250,1,0,0,0,0,0,0,0,0,0,0,0,0,0,0,0,0
109,30364208,22073,15375,1,0,0,0,0,0,0,0,0,0,0,0,0,0,0,0,0
110,30723832,22137,14167,1,0,0,0,0,0,0,0,0,0,0,0,0,0,0,0,0
111,33896040,22161,14791,1,0,0,0,0,0,0,0,0,0,0,0,0,0,0,0,0
112,36577124,22073,20000,1,0,0,0,0,0,0,0,0,0,0,0,0,0,0,0,0
113,35446584,22137,16917,1,0,0,0,0,0,0,0,0,0,0,0,0,0,0,0,0
114,38881416,27553,361708,1,0,0,336083,1,329875,1,0,0,0,0,0,0,0,0,0,0
115,35778584,22125,18292,1,0,0,0,0,0,0,0,0,0,0,0,0,0,0,0,0
116,34971416,22225,15042,1,0,0,0,0,0,0,0,0,0,0,0,0,0,0,0,0
117,36910336,22073,15333,1,0,0,0,0,0,0,0,0,0,0,0,0,0,0,0,0
118,38025416,22073,14959,1,0,0,0,0,0,0,0,0,0,0,0,0,0,0,0,0
119,42356960,22137,16458,1,0,0,0,0,0,0,0,0,0,0,0,0,0,0,0,0
120,52587208,22161,18458,1,0,0,0,0,0,0,0,0,0,0,0,0,0,0,0,0
121,64215332,22689,22459,1,0,0,0,0,0,0,0,0,0,0,0,0,0,0,0,0
122,67229040,22353,27292,1,0,0,0,0,0,0,0,0,0,0,0,0,0,0,0,0
123,69062920,22161,28042,1,0,0,0,0,0,0,0,0,0,0,0,0,0,0,0,0
124,67541872,22189,28084,1,0,0,0,0,0,0,0,0,0,0,0,0,0,0,0,0
125,68259792,22073,29417,1,0,0,0,0,0,0,0,0,0,0,0,0,0,0,0,0
126,56427664,22225,22584,1,0,0,0,0,0,0,0,0,0,0,0,0,0,0,0,0
127,50291000,22073,24458,1,0,0,0,0,0,0,0,0,0,0,0,0,0,0,0,0
128,45626208,32461,428500,1,0,0,404083,1,400125,1,0,0,0,0,0,0,0,0,0,0
129,45972916,22725,19458,1,0,0,0,0,0,0,0,0,0,0,0,0,0,0,0,0
130,46573040,22289,19208,1,0,0,0,0,0,0,0,0,0,0,0,0,0,0,0,0
131,47440208,22137,20584,1,0,0,0,0,0,0,0,0,0,0,0,0,0,0,0,0
132,46533876,22073,21958,1,0,0,0,0,0,0,0,0,0,0,0,0,0,0,0,0
133,47862960,22213,23791,1,0,0,0,0,0,0,0,0,0,0,0,0,0,0,0,0
134,51745624,22137,21041,1,0,0,0,0,0,0,0,0,0,0,0,0,0,0,0,0
135,46355124,22073,22084,1,0,0,0,0,0,0,0,0,0,0,0,0,0,0,0,0
136,46431376,22073,22250,1,0,0,0,0,0,0,0,0,0,0,0,0,0,0,0,0
137,45608336,22225,23042,1,0,0,0,0,0,0,0,0,0,0,0,0,0,0,0,0
138,52246416,22125,22042,1,0,0,0,0,0,0,0,0,0,0,0,0,0,0,0,0
139,47979916,22073,26417,1,0,0,0,0,0,0,0,0,0,0,0,0,0,0,0,0
140,43273792,22701,21417,1,0,0,0,0,0,0,0,0,0,0,0,0,0,0,0,0
141,43464916,22377,21375,1,0,0,0,0,0,0,0,0,0,0,0,0,0,0,0,0
142,41240540,22073,21958,1,0,0,0,0,0,0,0,0,0,0,0,0,0,0,0,0
143,38215584,22189,18458,1,0,0,0,0,0,0,0,0,0,0,0,0,0,0,0,0
144,37408248,22073,18291,1,0,0,0,0,0,0,0,0,0,0,0,0,0,0,0,0
145,35875456,22161,18000,1,0,0,0,0,0,0,0,0,0,0,0,0,0,0,0,0
146,34043376,22137,16375,1,0,0,0,0,0,0,0,0,0,0,0,0,0,0,0,0
147,33672292,22073,16666,1,0,0,0,0,0,0,0,0,0,0,0,0,0,0,0,0
148,33439416,22073,16583,1,0,0,0,0,0,0,0,0,0,0,0,0,0,0,0,0
149,33598376,22189,16708,1,0,0,0,0,0,0,0,0,0,0,0,0,0,0,0,0
150,33718456,22161,16875,1,0,0,0,0,0,0,0,0,0,0,0,0,0,0,0,0
151,33484250,22073,17208,1,0,0,0,0,0,0,0,0,0,0,0,0,0,0,0,0
152,33481250,22137,16625,1,0,0,0,0,0,0,0,0,0,0,0,0,0,0,0,0
153,33757500,22637,16667,1,0,0,0,0,0,0,0,0,0,0,0,0,0,0,0,0
154,31534960,22289,16584,1,0,0,0,0,0,0,0,0,0,0,0,0,0,0,0,0
155,30377084,22161,17959,1,0,0,0,0,0,0,0,0,0,0,0,0,0,0,0,0
156,30383624,22189,13875,1,0,0,0,0,0,0,0,0,0,0,0,0,0,0,0,0
157,30532250,22073,14625,1,0,0,0,0,0,0,0,0,0,0,0,0,0,0,0,0
158,30544916,22073,14209,1,0,0,0,0,0,0,0,0,0,0,0,0,0,0,0,0
159,30209124,22073,13417,1,0,0,0,0,0,0,0,0,0,0,0,0,0,0,0,0
160,31766124,22225,12792,1,0,0,0,0,0,0,0,0,0,0,0,0,0,0,0,0
161,36267292,22073,13459,1,0,0,0,0,0,0,0,0,0,0,0,0,0,0,0,0
162,35312584,27553,291083,1,0,0,272250,1,269000,1,0,0,0,0,0,0,0,0,0,0
163,35620292,22189,16666,1,0,0,0,0,0,0,0,0,0,0,0,0,0,0,0,0
164,37184916,22073,17333,1,0,0,0,0,0,0,0,0,0,0,0,0,0,0,0,0
165,36076500,22161,14250,1,0,0,0,0,0,0,0,0,0,0,0,0,0,0,0,0
166,35805416,22137,14875,1,0,0,0,0,0,0,0,0,0,0,0,0,0,0,0,0
167,36338500,22073,14375,1,0,0,0,0,0,0,0,0,0,0,0,0,0,0,0,0
168,38024000,22637,14208,1,0,0,0,0,0,0,0,0,0,0,0,0,0,0,0,0
169,45788832,22405,16417,1,0,0,0,0,0,0,0,0,0,0,0,0,0,0,0,0
170,54958460,22161,25291,1,0,0,0,0,0,0,0,0,0,0,0,0,0,0,0,0
171,65748040,22137,29125,1,0,0,0,0,0,0,0,0,0,0,0,0,0,0,0,0
172,69159248,22073,29000,1,0,0,0,0,0,0,0,0,0,0,0,0,0,0,0,0
173,73246624,22277,31458,1,0,0,0,0,0,0,0,0,0,0,0,0,0,0,0,0
174,69636168,22073,33916,1,0,0,0,0,0,0,0,0,0,0,0,0,0,0,0,0
175,72100712,22137,34000,1,0,0,0,0,0,0,0,0,0,0,0,0,0,0,0,0
176,66947544,33049,653875,1,0,0,609708,1,601584,1,0,0,0,0,0,0,0,0,0,0
177,56467752,22353,26584,1,0,0,0,0,0,0,0,0,0,0,0,0,0,0,0,0
178,56030248,22073,27417,1,0,0,0,0,0,0,0,0,0,0,0,0,0,0,0,0
179,55827376,22225,27583,1,0,0,0,0,0,0,0,0,0,0,0,0,0,0,0,0
180,58401208,22125,27125,1,0,0,0,0,0,0,0,0,0,0,0,0,0,0,0,0
181,56192456,22137,29625,1,0,0,0,0,0,0,0,0,0,0,0,0,0,0,0,0
182,56051500,22161,26875,1,0,0,0,0,0,0,0,0,0,0,0,0,0,0,0,0
183,52180792,22137,27208,1,0,0,0,0,0,0,0,0,0,0,0,0,0,0,0,0
184,50377456,22125,22416,1,0,0,0,0,0,0,0,0,0,0,0,0,0,0,0,0
185,50190500,22789,27334,1,0,0,0,0,0,0,0,0,0,0,0,0,0,0,0,0
186,50308584,22289,25375,1,0,0,0,0,0,0,0,0,0,0,0,0,0,0,0,0
187,46996168,22137,25708,1,0,0,0,0,0,0,0,0,0,0,0,0,0,0,0,0
188,44020084,22073,21917,1,0,0,0,0,0,0,0,0,0,0,0,0,0,0,0,0
189,44397124,22213,21500,1,0,0,0,0,0,0,0,0,0,0,0,0,0,0,0,0
190,46976624,22137,94875,1,0,0,0,0,0,0,0,0,0,0,0,0,0,0,0,0
191,38399456,22073,36750,1,0,0,0,0,0,0,0,0,0,0,0,0,0,0,0,0
192,37604124,22073,75916,1,0,0,0,0,0,0,0,0,0,0,0,0,0,0,0,0
193,37098876,22225,41417,1,0,0,0,0,0,0,0,0,0,0,0,0,0,0,0,0
194,34148376,22125,34959,1,0,0,0,0,0,0,0,0,0,0,0,0,0,0,0,0
195,34430876,22073,34458,1,0,0,0,0,0,0,0,0,0,0,0,0,0,0,0,0
196,34086584,22137,42542,1,0,0,0,0,0,0,0,0,0,0,0,0,0,0,0,0
197,33611876,22637,34417,1,0,0,0,0,0,0,0,0,0,0,0,0,0,0,0,0
198,33817376,22377,16542,1,0,0,0,0,0,0,0,0,0,0,0,0,0,0,0,0
199,33592208,22137,16459,1,0,0,0,0,0,0,0,0,0,0,0,0,0,0,0,0
200,34966624,22125,16958,1,0,0,0,0,0,0,0,0,0,0,0,0,0,0,0,0
201,35196292,22073,17458,1,0,0,0,0,0,0,0,0,0,0,0,0,0,0,0,0
202,34750584,22137,16500,1,0,0,0,0,0,0,0,0,0,0,0,0,0,0,0,0
203,34664876,22161,17333,1,0,0,0,0,0,0,0,0,0,0,0,0,0,0,0,0
204,38695208,22073,18917,1,0,0,0,0,0,0,0,0,0,0,0,0,0,0,0,0
205,37121208,22137,16792,1,0,0,0,0,0,0,0,0,0,0,0,0,0,0,0,0
206,37239708,22125,17125,1,0,0,0,0,0,0,0,0,0,0,0,0,0,0,0,0
207,35124624,22073,16791,1,0,0,0,0,0,0,0,0,0,0,0,0,0,0,0,0
208,35024752,22225,16959,1,0,0,0,0,0,0,0,0,0,0,0,0,0,0,0,0
209,35573832,22073,16708,1,0,0,0,0,0,0,0,0,0,0,0,0,0,0,0,0
210,40283208,27553,348208,1,0,0,325666,1,322459,1,0,0,0,0,0,0,0,0,0,0
211,44607708,22701,18709,1,0,0,0,0,0,0,0,0,0,0,0,0,0,0,0,0
212,52094292,22429,20042,1,0,0,0,0,0,0,0,0,0,0,0,0,0,0,0,0
213,60200916,22073,23208,1,0,0,0,0,0,0,0,0,0,0,0,0,0,0,0,0
214,66555124,22137,44459,1,0,0,0,0,0,0,0,0,0,0,0,0,0,0,0,0
215,60614000,22161,28375,1,0,0,0,0,0,0,0,0,0,0,0,0,0,0,0,0
216,58510752,22189,24292,1,0,0,0,0,0,0,0,0,0,0,0,0,0,0,0,0
217,53846040,22073,23083,1,0,0,0,0,0,0,0,0,0,0,0,0,0,0,0,0
218,52993668,22225,21792,1,0,0,0,0,0,0,0,0,0,0,0,0,0,0,0,0
219,47320500,22073,18792,1,0,0,0,0,0,0,0,0,0,0,0,0,0,0,0,0
220,45411584,22753,18959,1,0,0,0,0,0,0,0,0,0,0,0,0,0,0,0,0
221,47511456,22289,19042,1,0,0,0,0,0,0,0,0,0,0,0,0,0,0,0,0
222,49538832,22161,22375,1,0,0,0,0,0,0,0,0,0,0,0,0,0,0,0,0
223,48806376,22137,22375,1,0,0,0,0,0,0,0,0,0,0,0,0,0,0,0,0
224,47011876,32345,398292,1,0,0,374042,1,369834,1,0,0,0,0,0,0,0,0,0,0
225,50360624,22125,19416,1,0,0,0,0,0,0,0,0,0,0,0,0,0,0,0,0
226,44494584,22225,19208,1,0,0,0,0,0,0,0,0,0,0,0,0,0,0,0,0
227,45700292,22073,20542,1,0,0,0,0,0,0,0,0,0,0,0,0,0,0,0,0
228,45595460,22073,21250,1,0,0,0,0,0,0,0,0,0,0,0,0,0,0,0,0
229,44541500,22137,22917,1,0,0,0,0,0,0,0,0,0,0,0,0,0,0,0,0
230,45786124,22213,20875,1,0,0,0,0,0,0,0,0,0,0,0,0,0,0,0,0
231,44070792,22887,21625,1,0,0,0,0,0,0,0,0,0,0,0,0,0,0,0,0
232,42687960,22353,21792,1,0,0,0,0,0,0,0,0,0,0,0,0,0,0,0,0
233,45830040,22073,21709,1,0,0,0,0,0,0,0,0,0,0,0,0,0,0,0,0
234,43225416,22161,21916,1,0,0,0,0,0,0,0,0,0,0,0,0,0,0,0,0
235,43127664,22189,19292,1,0,0,0,0,0,0,0,0,0,0,0,0,0,0,0,0
236,45161960,22073,22625,1,0,0,0,0,0,0,0,0,0,0,0,0,0,0,0,0
237,37853752,22073,18333,1,0,0,0,0,0,0,0,0,0,0,0,0,0,0,0,0
238,37977332,22225,18750,1,0,0,0,0,0,0,0,0,0,0,0,0,0,0,0,0
239,37736544,22073,18708,1,0,0,0,0,0,0,0,0,0,0,0,0,0,0,0,0
240,38125124,22125,18084,1,0,0,0,0,0,0,0,0,0,0,0,0,0,0,0,0
241,35938584,22137,18542,1,0,0,0,0,0,0,0,0,0,0,0,0,0,0,0,0
242,34919708,22073,16667,1,0,0,0,0,0,0,0,0,0,0,0,0,0,0,0,0
243,35591416,22725,24667,1,0,0,0,0,0,0,0,0,0,0,0,0,0,0,0,0
244,35425248,22353,19875,1,0,0,0,0,0,0,0,0,0,0,0,0,0,0,0,0
245,35217708,22073,16666,1,0,0,0,0,0,0,0,0,0,0,0,0,0,0,0,0
246,38253668,22125,17084,1,0,0,0,0,0,0,0,0,0,0,0,0,0,0,0,0
247,41014460,22137,19000,1,0,0,0,0,0,0,0,0,0,0,0,0,0,0,0,0
248,39193544,22161,18792,1,0,0,0,0,0,0,0,0,0,0,0,0,0,0,0,0
249,40746208,22073,19792,1,0,0,0,0,0,0,0,0,0,0,0,0,0,0,0,0
250,49767916,22895,22625,1,0,0,0,0,0,0,0,0,0,0,0,0,0,0,0,0
251,51621500,22125,20625,1,0,0,0,0,0,0,0,0,0,0,0,0,0,0,0,0
252,53480668,22225,24375,1,0,0,0,0,0,0,0,0,0,0,0,0,0,0,0,0
253,53653000,22073,24834,1,0,0,0,0,0,0,0,0,0,0,0,0,0,0,0,0
254,53181040,22137,24292,1,0,0,0,0,0,0,0,0,0,0,0,0,0,0,0,0
255,53414332,22777,24583,1,0,0,0,0,0,0,0,0,0,0,0,0,0,0,0,0
256,53220168,22353,22875,1,0,0,0,0,0,0,0,0,0,0,0,0,0,0,0,0
257,53318668,22073,22167,1,0,0,0,0,0,0,0,0,0,0,0,0,0,0,0,0
258,56390416,27705,478792,1,0,0,448459,1,440709,1,0,0,0,0,0,0,0,0,0,0
259,56147292,22125,22792,1,0,0,0,0,0,0,0,0,0,0,0,0,0,0,0,0
260,53047876,22137,22291,1,0,0,0,0,0,0,0,0,0,0,0,0,0,0,0,0
261,50296832,22161,22375,1,0,0,0,0,0,0,0,0,0,0,0,0,0,0,0,0
262,45560124,22137,26166,1,0,0,0,0,0,0,0,0,0,0,0,0,0,0,0,0
263,46524752,22125,18792,1,0,0,0,0,0,0,0,0,0,0,0,0,0,0,0,0
264,45054584,22637,18667,1,0,0,0,0,0,0,0,0,0,0,0,0,0,0,0,0
265,44749664,22441,19125,1,0,0,0,0,0,0,0,0,0,0,0,0,0,0,0,0
266,45621040,22073,19459,1,0,0,0,0,0,0,0,0,0,0,0,0,0,0,0,0
267,49126332,22073,19625,1,0,0,0,0,0,0,0,0,0,0,0,0,0,0,0,0
268,53937540,22189,23125,1,0,0,0,0,0,0,0,0,0,0,0,0,0,0,0,0
269,56281584,22161,25250,1,0,0,0,0,0,0,0,0,0,0,0,0,0,0,0,0
270,54449500,22137,25291,1,0,0,0,0,0,0,0,0,0,0,0,0,0,0,0,0
271,59820456,22073,32875,1,0,0,0,0,0,0,0,0,0,0,0,0,0,0,0,0
272,54225708,32549,677292,1,0,0,636125,1,629875,1,0,0,0,0,0,0,0,0,0,0
273,51233624,22073,26416,1,0,0,0,0,0,0,0,0,0,0,0,0,0,0,0,0
274,44651544,22701,26042,1,0,0,0,0,0,0,0,0,0,0,0,0,0,0,0,0
275,42370416,22289,21334,1,0,0,0,0,0,0,0,0,0,0,0,0,0,0,0,0
276,37804084,22161,18958,1,0,0,0,0,0,0,0,0,0,0,0,0,0,0,0,0
277,37034584,22189,20042,1,0,0,0,0,0,0,0,0,0,0,0,0,0,0,0,0
278,33481332,22073,17625,1,0,0,0,0,0,0,0,0,0,0,0,0,0,0,0,0
279,33992208,22073,16833,1,0,0,0,0,0,0,0,0,0,0,0,0,0,0,0,0
280,37233456,22137,17166,1,0,0,0,0,0,0,0,0,0,0,0,0,0,0,0,0
281,33550458,22161,16625,1,0,0,0,0,0,0,0,0,0,0,0,0,0,0,0,0
282,33512958,22073,16584,1,0,0,0,0,0,0,0,0,0,0,0,0,0,0,0,0
283,33518750,22189,17084,1,0,0,0,0,0,0,0,0,0,0,0,0,0,0,0,0
284,34543416,22073,16208,1,0,0,0,0,0,0,0,0,0,0,0,0,0,0,0,0
285,37495708,22073,16959,1,0,0,0,0,0,0,0,0,0,0,0,0,0,0,0,0
286,40530336,22225,54667,1,0,0,0,0,0,0,0,0,0,0,0,0,0,0,0,0
287,40545624,22073,38083,1,0,0,0,0,0,0,0,0,0,0,0,0,0,0,0,0
288,45240584,22637,38291,1,0,0,0,0,0,0,0,0,0,0,0,0,0,0,0,0
289,49717000,22405,55292,1,0,0,0,0,0,0,0,0,0,0,0,0,0,0,0,0
290,58381084,22161,62833,1,0,0,0,0,0,0,0,0,0,0,0,0,0,0,0,0
291,68440128,22137,61959,1,0,0,0,0,0,0,0,0,0,0,0,0,0,0,0,0
292,72580080,22073,98459,1,0,0,0,0,0,0,0,0,0,0,0,0,0,0,0,0
293,70316336,22277,73708,1,0,0,0,0,0,0,0,0,0,0,0,0,0,0,0,0
294,69096040,22073,33791,1,0,0,0,0,0,0,0,0,0,0,0,0,0,0,0,0
295,62184584,22137,32125,1,0,0,0,0,0,0,0,0,0,0,0,0,0,0,0,0
296,53122168,22777,26291,1,0,0,0,0,0,0,0,0,0,0,0,0,0,0,0,0
297,47241336,22353,21959,1,0,0,0,0,0,0,0,0,0,0,0,0,0,0,0,0
298,46919000,22073,23292,1,0,0,0,0,0,0,0,0,0,0,0,0,0,0,0,0
299,45068668,22073,22333,1,0,0,0,0,0,0,0,0,0,0,0,0,0,0,0,0
300,43607460,22225,22500,1,0,0,0,0,0,0,0,0,0,0,0,0,0,0,0,0
301,49786876,22125,19625,1,0,0,0,0,0,0,0,0,0,0,0,0,0,0,0,0
302,45931336,22073,22750,1,0,0,0,0,0,0,0,0,0,0,0,0,0,0,0,0
303,46238292,22137,22708,1,0,0,0,0,0,0,0,0,0,0,0,0,0,0,0,0
304,45436376,22161,25792,1,0,0,0,0,0,0,0,0,0,0,0,0,0,0,0,0
305,48848584,22073,21667,1,0,0,0,0,0,0,0,0,0,0,0,0,0,0,0,0
306,53320708,30353,447291,1,0,0,415875,1,411209,1,0,0,0,0,0,0,0,0,0,0
307,54630752,22289,25250,1,0,0,0,0,0,0,0,0,0,0,0,0,0,0,0,0
308,55248124,22225,24750,1,0,0,0,0,0,0,0,0,0,0,0,0,0,0,0,0
309,54998292,22073,23166,1,0,0,0,0,0,0,0,0,0,0,0,0,0,0,0,0
310,57525416,22189,23375,1,0,0,0,0,0,0,0,0,0,0,0,0,0,0,0,0
311,61953752,22161,23709,1,0,0,0,0,0,0,0,0,0,0,0,0,0,0,0,0
312,58167208,22137,27375,1,0,0,0,0,0,0,0,0,0,0,0,0,0,0,0,0
313,62018916,22073,29709,1,0,0,0,0,0,0,0,0,0,0,0,0,0,0,0,0
314,53534500,22277,21250,1,0,0,0,0,0,0,0,0,0,0,0,0,0,0,0,0
315,52294832,22637,22208,1,0,0,0,0,0,0,0,0,0,0,0,0,0,0,0,0
316,44020248,22353,18750,1,0,0,0,0,0,0,0,0,0,0,0,0,0,0,0,0
317,41519916,22073,18417,1,0,0,0,0,0,0,0,0,0,0,0,0,0,0,0,0
318,38579124,22161,16375,1,0,0,0,0,0,0,0,0,0,0,0,0,0,0,0,0
319,36152084,22189,16375,1,0,0,0,0,0,0,0,0,0,0,0,0,0,0,0,0
320,33759584,32345,327833,1,0,0,308375,1,305375,1,0,0,0,0,0,0,0,0,0,0
321,36007960,22073,16208,1,0,0,0,0,0,0,0,0,0,0,0,0,0,0,0,0
322,33657040,22137,14792,1,0,0,0,0,0,0,0,0,0,0,0,0,0,0,0,0
323,34336832,22161,16042,1,0,0,0,0,0,0,0,0,0,0,0,0,0,0,0,0
324,32722042,22073,15792,1,0,0,0,0,0,0,0,0,0,0,0,0,0,0,0,0
325,33649584,22189,15458,1,0,0,0,0,0,0,0,0,0,0,0,0,0,0,0,0
326,33692208,22073,16125,1,0,0,0,0,0,0,0,0,0,0,0,0,0,0,0,0
327,33255624,22073,16542,1,0,0,0,0,0,0,0,0,0,0,0,0,0,0,0,0
328,32837542,22225,15584,1,0,0,0,0,0,0,0,0,0,0,0,0,0,0,0,0
329,30743000,22637,14959,1,0,0,0,0,0,0,0,0,0,0,0,0,0,0,0,0
330,30529832,22289,15000,1,0,0,0,0,0,0,0,0,0,0,0,0,0,0,0,0
331,30375000,22073,14917,1,0,0,0,0,0,0,0,0,0,0,0,0,0,0,0,0
332,30540084,22189,14958,1,0,0,0,0,0,0,0,0,0,0,0,0,0,0,0,0
333,30371958,22161,15417,1,0,0,0,0,0,0,0,0,0,0,0,0,0,0,0,0
334,30645084,22073,14667,1,0,0,0,0,0,0,0,0,0,0,0,0,0,0,0,0
335,33902876,22073,14750,1,0,0,0,0,0,0,0,0,0,0,0,0,0,0,0,0
336,42330876,22137,17208,1,0,0,0,0,0,0,0,0,0,0,0,0,0,0,0,0
337,36693000,22073,20500,1,0,0,0,0,0,0,0,0,0,0,0,0,0,0,0,0
338,36416332,22213,16667,1,0,0,0,0,0,0,0,0,0,0,0,0,0,0,0,0
339,34881416,22137,17833,1,0,0,0,0,0,0,0,0,0,0,0,0,0,0,0,0
340,36533708,22073,18334,1,0,0,0,0,0,0,0,0,0,0,0,0,0,0,0,0
341,37372000,22073,16833,1,0,0,0,0,0,0,0,0,0,0,0,0,0,0,0,0
342,41994624,22137,18875,1,0,0,0,0,0,0,0,0,0,0,0,0,0,0,0,0
343,50537000,22725,23459,1,0,0,0,0,0,0,0,0,0,0,0,0,0,0,0,0
344,61418124,22341,26125,1,0,0,0,0,0,0,0,0,0,0,0,0,0,0,0,0
345,66370708,22137,32083,1,0,0,0,0,0,0,0,0,0,0,0,0,0,0,0,0
346,66570752,22161,32875,1,0,0,0,0,0,0,0,0,0,0,0,0,0,0,0,0
347,73229664,22137,31750,1,0,0,0,0,0,0,0,0,0,0,0,0,0,0,0,0
348,57939916,22125,33000,1,0,0,0,0,0,0,0,0,0,0,0,0,0,0,0,0
349,56894040,22225,24083,1,0,0,0,0,0,0,0,0,0,0,0,0,0,0,0,0
350,53756708,22073,26708,1,0,0,0,0,0,0,0,0,0,0,0,0,0,0,0,0
351,46889376,22701,19500,1,0,0,0,0,0,0,0,0,0,0,0,0,0,0,0,0
352,46046168,22429,18875,1,0,0,0,0,0,0,0,0,0,0,0,0,0,0,0,0
353,45827876,22073,23334,1,0,0,0,0,0,0,0,0,0,0,0,0,0,0,0,0
354,45977456,27617,381875,1,0,0,358250,1,354000,1,0,0,0,0,0,0,0,0,0,0
355,47369040,22073,19000,1,0,0,0,0,0,0,0,0,0,0,0,0,0,0,0,0
356,50075916,22161,18083,1,0,0,0,0,0,0,0,0,0,0,0,0,0,0,0,0
357,45931040,22189,18375,1,0,0,0,0,0,0,0,0,0,0,0,0,0,0,0,0
358,46812916,22073,22375,1,0,0,0,0,0,0,0,0,0,0,0,0,0,0,0,0
359,48225960,22073,18625,1,0,0,0,0,0,0,0,0,0,0,0,0,0,0,0,0
360,54623248,22225,19500,1,0,0,0,0,0,0,0,0,0,0,0,0,0,0,0,0
361,55166336,22073,23791,1,0,0,0,0,0,0,0,0,0,0,0,0,0,0,0,0
362,55475544,22753,22042,1,0,0,0,0,0,0,0,0,0,0,0,0,0,0,0,0
363,53482876,22377,22916,1,0,0,0,0,0,0,0,0,0,0,0,0,0,0,0,0
364,52299336,22137,22958,1,0,0,0,0,0,0,0,0,0,0,0,0,0,0,0,0
365,50427248,22073,24834,1,0,0,0,0,0,0,0,0,0,0,0,0,0,0,0,0
366,48432000,22277,22208,1,0,0,0,0,0,0,0,0,0,0,0,0,0,0,0,0
367,43755124,22073,20959,1,0,0,0,0,0,0,0,0,0,0,0,0,0,0,0,0
368,42430208,32345,422459,1,0,0,395875,1,391417,1,0,0,0,0,0,0,0,0,0,0
369,38115832,22137,19083,1,0,0,0,0,0,0,0,0,0,0,0,0,0,0,0,0
370,37818668,22161,19375,1,0,0,0,0,0,0,0,0,0,0,0,0,0,0,0,0
371,37952752,22125,19042,1,0,0,0,0,0,0,0,0,0,0,0,0,0,0,0,0
372,35798792,22137,20125,1,0,0,0,0,0,0,0,0,0,0,0,0,0,0,0,0
373,33283876,22637,16958,1,0,0,0,0,0,0,0,0,0,0,0,0,0,0,0,0
374,33979124,22289,17083,1,0,0,0,0,0,0,0,0,0,0,0,0,0,0,0,0
375,34976248,22225,17542,1,0,0,0,0,0,0,0,0,0,0,0,0,0,0,0,0
376,35440336,22073,18250,1,0,0,0,0,0,0,0,0,0,0,0,0,0,0,0,0
377,38142084,22125,16792,1,0,0,0,0,0,0,0,0,0,0,0,0,0,0,0,0
378,40272416,22137,18834,1,0,0,0,0,0,0,0,0,0,0,0,0,0,0,0,0
379,42948624,22073,21250,1,0,0,0,0,0,0,0,0,0,0,0,0,0,0,0,0
380,44981336,22161,19333,1,0,0,0,0,0,0,0,0,0,0,0,0,0,0,0,0
381,47219960,22137,21041,1,0,0,0,0,0,0,0,0,0,0,0,0,0,0,0,0
382,54417332,22125,60208,1,0,0,0,0,0,0,0,0,0,0,0,0,0,0,0,0
383,65610336,22137,57250,1,0,0,0,0,0,0,0,0,0,0,0,0,0,0,0,0
384,69583584,22725,57875,1,0,0,0,0,0,0,0,0,0,0,0,0,0,0,0,0
385,71106336,22353,68125,1,0,0,0,0,0,0,0,0,0,0,0,0,0,0,0,0
386,69032832,22125,82834,1,0,0,0,0,0,0,0,0,0,0,0,0,0,0,0,0
387,69527000,22225,88375,1,0,0,0,0,0,0,0,0,0,0,0,0,0,0,0,0
388,71123752,22073,257334,1,0,0,0,0,0,0,0,0,0,0,0,0,0,0,0,0
389,55972084,22189,47583,1,0,0,0,0,0,0,0,0,0,0,0,0,0,0,0,0
390,56695544,22161,26209,1,0,0,0,0,0,0,0,0,0,0,0,0,0,0,0,0
391,55939500,22137,25708,1,0,0,0,0,0,0,0,0,0,0,0,0,0,0,0,0
392,54624708,22637,26458,1,0,0,0,0,0,0,0,0,0,0,0,0,0,0,0,0
393,56369544,22493,31458,1,0,0,0,0,0,0,0,0,0,0,0,0,0,0,0,0
394,55602292,22073,29125,1,0,0,0,0,0,0,0,0,0,0,0,0,0,0,0,0
395,54263832,22137,26541,1,0,0,0,0,0,0,0,0,0,0,0,0,0,0,0,0
396,54145456,22161,28333,1,0,0,0,0,0,0,0,0,0,0,0,0,0,0,0,0
397,46689500,22189,26083,1,0,0,0,0,0,0,0,0,0,0,0,0,0,0,0,0
398,48027208,22073,21250,1,0,0,0,0,0,0,0,0,0,0,0,0,0,0,0,0
399,46496332,22073,22417,1,0,0,0,0,0,0,0,0,0,0,0,0,0,0,0,0
400,47731668,22225,24500,1,0,0,0,0,0,0,0,0,0,0,0,0,0,0,0,0
401,48909624,22073,27833,1,0,0,0,0,0,0,0,0,0,0,0,0,0,0,0,0
402,44277960,28169,397459,1,0,0,370375,1,366583,1,0,0,0,0,0,0,0,0,0,0
403,43532208,22353,21708,1,0,0,0,0,0,0,0,0,0,0,0,0,0,0,0,0
404,41156208,22161,20500,1,0,0,0,0,0,0,0,0,0,0,0,0,0,0,0,0
405,38418876,22073,17417,1,0,0,0,0,0,0,0,0,0,0,0,0,0,0,0,0
406,37992040,22137,17167,1,0,0,0,0,0,0,0,0,0,0,0,0,0,0,0,0
407,36321000,22125,14833,1,0,0,0,0,0,0,0,0,0,0,0,0,0,0,0,0
408,33886376,22161,15417,1,0,0,0,0,0,0,0,0,0,0,0,0,0,0,0,0
409,34793168,22137,14542,1,0,0,0,0,0,0,0,0,0,0,0,0,0,0,0,0
410,35969000,22073,17250,1,0,0,0,0,0,0,0,0,0,0,0,0,0,0,0,0
411,35324376,22073,14666,1,0,0,0,0,0,0,0,0,0,0,0,0,0,0,0,0
412,36570664,22137,16042,1,0,0,0,0,0,0,0,0,0,0,0,0,0,0,0,0
413,36671540,22213,15208,1,0,0,0,0,0,0,0,0,0,0,0,0,0,0,0,0
414,39005208,22073,16875,1,0,0,0,0,0,0,0,0,0,0,0,0,0,0,0,0
415,40563708,22701,16417,1,0,0,0,0,0,0,0,0,0,0,0,0,0,0,0,0
416,46057000,32561,357042,1,0,0,335834,1,332583,1,0,0,0,0,0,0,0,0,0,0
417,49113876,22161,18959,1,0,0,0,0,0,0,0,0,0,0,0,0,0,0,0,0
418,55339460,22189,23833,1,0,0,0,0,0,0,0,0,0,0,0,0,0,0,0,0
419,56161040,22073,24583,1,0,0,0,0,0,0,0,0,0,0,0,0,0,0,0,0
420,68714584,22225,33750,1,0,0,0,0,0,0,0,0,0,0,0,0,0,0,0,0
421,54442416,22073,25375,1,0,0,0,0,0,0,0,0,0,0,0,0,0,0,0,0
422,54605624,22189,24167,1,0,0,0,0,0,0,0,0,0,0,0,0,0,0,0,0
423,53753000,22161,25834,1,0,0,0,0,0,0,0,0,0,0,0,0,0,0,0,0
424,52113040,22701,26042,1,0,0,0,0,0,0,0,0,0,0,0,0,0,0,0,0
425,46010624,22289,22500,1,0,0,0,0,0,0,0,0,0,0,0,0,0,0,0,0
426,46871500,22213,22125,1,0,0,0,0,0,0,0,0,0,0,0,0,0,0,0,0
427,46047248,22137,21500,1,0,0,0,0,0,0,0,0,0,0,0,0,0,0,0,0
428,45617752,22073,24416,1,0,0,0,0,0,0,0,0,0,0,0,0,0,0,0,0
429,50329168,22073,25041,1,0,0,0,0,0,0,0,0,0,0,0,0,0,0,0,0
430,44612376,22225,23167,1,0,0,0,0,0,0,0,0,0,0,0,0,0,0,0,0
431,46153708,22125,21000,1,0,0,0,0,0,0,0,0,0,0,0,0,0,0,0,0
432,51032668,22073,22833,1,0,0,0,0,0,0,0,0,0,0,0,0,0,0,0,0
433,51628168,22137,22375,1,0,0,0,0,0,0,0,0,0,0,0,0,0,0,0,0
434,50815752,22161,25958,1,0,0,0,0,0,0,0,0,0,0,0,0,0,0,0,0
435,52705500,22701,25375,1,0,0,0,0,0,0,0,0,0,0,0,0,0,0,0,0
436,52875876,22341,28084,1,0,0,0,0,0,0,0,0,0,0,0,0,0,0,0,0
437,54517084,22225,25833,1,0,0,0,0,0,0,0,0,0,0,0,0,0,0,0,0
438,56083876,22073,28083,1,0,0,0,0,0,0,0,0,0,0,0,0,0,0,0,0
439,59224500,22137,27083,1,0,0,0,0,0,0,0,0,0,0,0,0,0,0,0,0
440,49688500,22213,29250,1,0,0,0,0,0,0,0,0,0,0,0,0,0,0,0,0
441,43769456,22137,21500,1,0,0,0,0,0,0,0,0,0,0,0,0,0,0,0,0
442,42834876,22073,21916,1,0,0,0,0,0,0,0,0,0,0,0,0,0,0,0,0
443,39093500,22073,20750,1,0,0,0,0,0,0,0,0,0,0,0,0,0,0,0,0
444,37784168,22225,17667,1,0,0,0,0,0,0,0,0,0,0,0,0,0,0,0,0
445,34972124,22689,17875,1,0,0,0,0,0,0,0,0,0,0,0,0,0,0,0,0
446,33731668,22289,16000,1,0,0,0,0,0,0,0,0,0,0,0,0,0,0,0,0
447,33391876,22137,14333,1,0,0,0,0,0,0,0,0,0,0,0,0,0,0,0,0
448,33698752,22073,14709,1,0,0,0,0,0,0,0,0,0,0,0,0,0,0,0,0
449,33748500,22161,14875,1,0,0,0,0,0,0,0,0,0,0,0,0,0,0,0,0
450,33924500,27617,289708,1,0,0,270042,1,266416,1,0,0,0,0,0,0,0,0,0,0
451,33493250,22125,14375,1,0,0,0,0,0,0,0,0,0,0,0,0,0,0,0,0
452,35913292,22073,14875,1,0,0,0,0,0,0,0,0,0,0,0,0,0,0,0,0
453,32726042,22137,14125,1,0,0,0,0,0,0,0,0,0,0,0,0,0,0,0,0
454,30512250,22161,13167,1,0,0,0,0,0,0,0,0,0,0,0,0,0,0,0,0
455,30519040,22073,13375,1,0,0,0,0,0,0,0,0,0,0,0,0,0,0,0,0
456,30887916,22073,13291,1,0,0,0,0,0,0,0,0,0,0,0,0,0,0,0,0
457,30479668,22137,12500,1,0,0,0,0,0,0,0,0,0,0,0,0,0,0,0,0
458,30413292,22125,13250,1,0,0,0,0,0,0,0,0,0,0,0,0,0,0,0,0
459,30135208,22161,13167,1,0,0,0,0,0,0,0,0,0,0,0,0,0,0,0,0
460,31585584,22637,13250,1,0,0,0,0,0,0,0,0,0,0,0,0,0,0,0,0
461,32632624,22353,14000,1,0,0,0,0,0,0,0,0,0,0,0,0,0,0,0,0
462,33420250,22073,16458,1,0,0,0,0,0,0,0,0,0,0,0,0,0,0,0,0
463,33730040,22073,16083,1,0,0,0,0,0,0,0,0,0,0,0,0,0,0,0,0
464,34527500,32433,341542,1,0,0,320542,1,317125,1,0,0,0,0,0,0,0,0,0,0
465,35631960,22189,16667,1,0,0,0,0,0,0,0,0,0,0,0,0,0,0,0,0
466,37391500,22073,19458,1,0,0,0,0,0,0,0,0,0,0,0,0,0,0,0,0
467,40455792,22073,22292,1,0,0,0,0,0,0,0,0,0,0,0,0,0,0,0,0
468,35487584,22137,17167,1,0,0,0,0,0,0,0,0,0,0,0,0,0,0,0,0
469,35948000,22161,20208,1,0,0,0,0,0,0,0,0,0,0,0,0,0,0,0,0
470,35728668,22073,18958,1,0,0,0,0,0,0,0,0,0,0,0,0,0,0,0,0
471,41189708,22189,18625,1,0,0,0,0,0,0,0,0,0,0,0,0,0,0,0,0
472,46285876,22073,21792,1,0,0,0,0,0,0,0,0,0,0,0,0,0,0,0,0
473,56073832,22725,27000,1,0,0,0,0,0,0,0,0,0,0,0,0,0,0,0,0
474,65807416,22353,32125,1,0,0,0,0,0,0,0,0,0,0,0,0,0,0,0,0
475,67175584,22125,33041,1,0,0,0,0,0,0,0,0,0,0,0,0,0,0,0,0
476,69086000,22225,33959,1,0,0,0,0,0,0,0,0,0,0,0,0,0,0,0,0
477,69760168,22073,33584,1,0,0,0,0,0,0,0,0,0,0,0,0,0,0,0,0
478,54911624,22189,62292,1,0,0,0,0,0,0,0,0,0,0,0,0,0,0,0,0
479,54811624,22161,53500,1,0,0,0,0,0,0,0,0,0,0,0,0,0,0,0,0
480,49056792,22137,59292,1,0,0,0,0,0,0,0,0,0,0,0,0,0,0,0,0
481,46833544,22073,47250,1,0,0,0,0,0,0,0,0,0,0,0,0,0,0,0,0
482,46392208,22777,42542,1,0,0,0,0,0,0,0,0,0,0,0,0,0,0,0,0
483,47411500,22353,42000,1,0,0,0,0,0,0,0,0,0,0,0,0,0,0,0,0
484,47796708,22073,79542,1,0,0,0,0,0,0,0,0,0,0,0,0,0,0,0,0
485,46149208,22073,45792,1,0,0,0,0,0,0,0,0,0,0,0,0,0,0,0,0
486,45396248,22225,21334,1,0,0,0,0,0,0,0,0,0,0,0,0,0,0,0,0
487,49331000,22125,21458,1,0,0,0,0,0,0,0,0,0,0,0,0,0,0,0,0
488,47712248,22073,21666,1,0,0,0,0,0,0,0,0,0,0,0,0,0,0,0,0
489,47166668,22137,21333,1,0,0,0,0,0,0,0,0,0,0,0,0,0,0,0,0
490,52355292,22161,21667,1,0,0,0,0,0,0,0,0,0,0,0,0,0,0,0,0
491,53518752,22073,26875,1,0,0,0,0,0,0,0,0,0,0,0,0,0,0,0,0
492,54347208,22753,26583,1,0,0,0,0,0,0,0,0,0,0,0,0,0,0,0,0
493,52968584,22377,28042,1,0,0,0,0,0,0,0,0,0,0,0,0,0,0,0,0
494,52233168,22137,25334,1,0,0,0,0,0,0,0,0,0,0,0,0,0,0,0,0
495,47814708,22073,26041,1,0,0,0,0,0,0,0,0,0,0,0,0,0,0,0,0
496,45174040,22277,22000,1,0,0,0,0,0,0,0,0,0,0,0,0,0,0,0,0
497,42882500,22073,21167,1,0,0,0,0,0,0,0,0,0,0,0,0,0,0,0,0
498,40406876,27553,331334,1,0,0,309250,1,306000,1,0,0,0,0,0,0,0,0,0,0
499,40549832,22137,19042,1,0,0,0,0,0,0,0,0,0,0,0,0,0,0,0,0
500,40776376,22161,17667,1,0,0,0,0,0,0,0,0,0,0,0,0,0,0,0,0
501,40546752,22125,16791,1,0,0,0,0,0,0,0,0,0,0,0,0,0,0,0,0
502,45169248,22137,19375,1,0,0,0,0,0,0,0,0,0,0,0,0,0,0,0,0
503,46099792,22637,18709,1,0,0,0,0,0,0,0,0,0,0,0,0,0,0,0,0
504,45296792,22377,18417,1,0,0,0,0,0,0,0,0,0,0,0,0,0,0,0,0
505,45304876,22137,18500,1,0,0,0,0,0,0,0,0,0,0,0,0,0,0,0,0
506,45534376,22125,18917,1,0,0,0,0,0,0,0,0,0,0,0,0,0,0,0,0
507,46866416,22073,18375,1,0,0,0,0,0,0,0,0,0,0,0,0,0,0,0,0
508,50025040,22225,24708,1,0,0,0,0,0,0,0,0,0,0,0,0,0,0,0,0
509,47573000,22073,18667,1,0,0,0,0,0,0,0,0,0,0,0,0,0,0,0,0
510,55291960,22073,18375,1,0,0,0,0,0,0,0,0,0,0,0,0,0,0,0,0
511,55021832,22277,21791,1,0,0,0,0,0,0,0,0,0,0,0,0,0,0,0,0
512,55231664,32345,587167,1,0,0,541208,1,533250,1,0,0,0,0,0,0,0,0,0,0
513,57708960,22701,22500,1,0,0,0,0,0,0,0,0,0,0,0,0,0,0,0,0
514,54232168,22377,25500,1,0,0,0,0,0,0,0,0,0,0,0,0,0,0,0,0
515,56014040,22189,25209,1,0,0,0,0,0,0,0,0,0,0,0,0,0,0,0,0
516,55360376,22073,24875,1,0,0,0,0,0,0,0,0,0,0,0,0,0,0,0,0
517,55751248,22225,24583,1,0,0,0,0,0,0,0,0,0,0,0,0,0,0,0,0
518,58102000,22073,25417,1,0,0,0,0,0,0,0,0,0,0,0,0,0,0,0,0
519,55361624,22189,26000,1,0,0,0,0,0,0,0,0,0,0,0,0,0,0,0,0
520,55359460,22161,30250,1,0,0,0,0,0,0,0,0,0,0,0,0,0,0,0,0
521,53216208,22137,26625,1,0,0,0,0,0,0,0,0,0,0,0,0,0,0,0,0
522,46151456,22637,22500,1,0,0,0,0,0,0,0,0,0,0,0,0,0,0,0,0
523,46513292,22429,22625,1,0,0,0,0,0,0,0,0,0,0,0,0,0,0,0,0
524,44715332,22137,21375,1,0,0,0,0,0,0,0,0,0,0,0,0,0,0,0,0
525,45004708,22073,20958,1,0,0,0,0,0,0,0,0,0,0,0,0,0,0,0,0
526,40453832,22073,21042,1,0,0,0,0,0,0,0,0,0,0,0,0,0,0,0,0
527,38088960,22225,17959,1,0,0,0,0,0,0,0,0,0,0,0,0,0,0,0,0
528,40065292,22125,18791,1,0,0,0,0,0,0,0,0,0,0,0,0,0,0,0,0
529,37166124,22073,18042,1,0,0,0,0,0,0,0,0,0,0,0,0,0,0,0,0
530,36048460,22137,15709,1,0,0,0,0,0,0,0,0,0,0,0,0,0,0,0,0
531,33486500,22161,15917,1,0,0,0,0,0,0,0,0,0,0,0,0,0,0,0,0
532,33823292,22073,16334,1,0,0,0,0,0,0,0,0,0,0,0,0,0,0,0,0
533,35388960,22137,16916,1,0,0,0,0,0,0,0,0,0,0,0,0,0,0,0,0
534,35561168,22125,16708,1,0,0,0,0,0,0,0,0,0,0,0,0,0,0,0,0
535,35447708,22637,16916,1,0,0,0,0,0,0,0,0,0,0,0,0,0,0,0,0
536,37225916,22441,16792,1,0,0,0,0,0,0,0,0,0,0,0,0,0,0,0,0
537,35178960,22073,16750,1,0,0,0,0,0,0,0,0,0,0,0,0,0,0,0,0
538,39695040,22073,16750,1,0,0,0,0,0,0,0,0,0,0,0,0,0,0,0,0
539,41090000,22137,17625,1,0,0,0,0,0,0,0,0,0,0,0,0,0,0,0,0
540,44193248,22213,17792,1,0,0,0,0,0,0,0,0,0,0,0,0,0,0,0,0
541,47985916,22073,21250,1,0,0,0,0,0,0,0,0,0,0,0,0,0,0,0,0
542,51827292,22137,22291,1,0,0,0,0,0,0,0,0,0,0,0,0,0,0,0,0
543,57955500,22073,22584,1,0,0,0,0,0,0,0,0,0,0,0,0,0,0,0,0
544,68526872,22277,27542,1,0,0,0,0,0,0,0,0,0,0,0,0,0,0,0,0
545,68053664,22073,28833,1,0,0,0,0,0,0,0,0,0,0,0,0,0,0,0,0
546,60384668,28397,543000,1,0,0,504500,1,493334,1,0,0,0,0,0,0,0,0,0,0
547,54781124,22161,22292,1,0,0,0,0,0,0,0,0,0,0,0,0,0,0,0,0
548,54589876,22189,21625,1,0,0,0,0,0,0,0,0,0,0,0,0,0,0,0,0
549,51018168,22073,22791,1,0,0,0,0,0,0,0,0,0,0,0,0,0,0,0,0
550,51953208,22225,21959,1,0,0,0,0,0,0,0,0,0,0,0,0,0,0,0,0
551,46227416,22073,18708,1,0,0,0,0,0,0,0,0,0,0,0,0,0,0,0,0
552,45287000,22125,24375,1,0,0,0,0,0,0,0,0,0,0,0,0,0,0,0,0
553,46003960,22137,18416,1,0,0,0,0,0,0,0,0,0,0,0,0,0,0,0,0
554,47519708,22161,19041,1,0,0,0,0,0,0,0,0,0,0,0,0,0,0,0,0
555,47616540,22637,19750,1,0,0,0,0,0,0,0,0,0,0,0,0,0,0,0,0
556,51609916,22353,23125,1,0,0,0,0,0,0,0,0,0,0,0,0,0,0,0,0
557,53487084,22125,24500,1,0,0,0,0,0,0,0,0,0,0,0,0,0,0,0,0
558,50351416,22225,25167,1,0,0,0,0,0,0,0,0,0,0,0,0,0,0,0,0
559,45103876,22073,27250,1,0,0,0,0,0,0,0,0,0,0,0,0,0,0,0,0
560,45682084,32345,437375,1,0,0,409625,1,405250,1,0,0,0,0,0,0,0,0,0,0
561,42164292,22137,22208,1,0,0,0,0,0,0,0,0,0,0,0,0,0,0,0,0
562,38382292,22213,19084,1,0,0,0,0,0,0,0,0,0,0,0,0,0,0,0,0
563,38002624,22073,18792,1,0,0,0,0,0,0,0,0,0,0,0,0,0,0,0,0
564,36024664,22137,19667,1,0,0,0,0,0,0,0,0,0,0,0,0,0,0,0,0
565,33824000,22073,18583,1,0,0,0,0,0,0,0,0,0,0,0,0,0,0,0,0
566,33393540,22073,17334,1,0,0,0,0,0,0,0,0,0,0,0,0,0,0,0,0
567,33558792,22789,16500,1,0,0,0,0,0,0,0,0,0,0,0,0,0,0,0,0
568,33827000,22341,16708,1,0,0,0,0,0,0,0,0,0,0,0,0,0,0,0,0
569,33495668,22073,16667,1,0,0,0,0,0,0,0,0,0,0,0,0,0,0,0,0
570,33610668,22137,16667,1,0,0,0,0,0,0,0,0,0,0,0,0,0,0,0,0
571,33659292,22073,16459,1,0,0,0,0,0,0,0,0,0,0,0,0,0,0,0,0
572,33856168,22161,16084,1,0,0,0,0,0,0,0,0,0,0,0,0,0,0,0,0
573,32685292,22137,16083,1,0,0,0,0,0,0,0,0,0,0,0,0,0,0,0,0
574,32602084,22125,40125,1,0,0,0,0,0,0,0,0,0,0,0,0,0,0,0,0
575,30414460,22073,30750,1,0,0,0,0,0,0,0,0,0,0,0,0,0,0,0,0
576,32137042,22073,33625,1,0,0,0,0,0,0,0,0,0,0,0,0,0,0,0,0
577,33819000,22225,40167,1,0,0,0,0,0,0,0,0,0,0,0,0,0,0,0,0
578,33555624,22073,34708,1,0,0,0,0,0,0,0,0,0,0,0,0,0,0,0,0
579,32616708,22073,35042,1,0,0,0,0,0,0,0,0,0,0,0,0,0,0,0,0
580,33182708,22073,38500,1,0,0,0,0,0,0,0,0,0,0,0,0,0,0,0,0
581,32695084,22189,30458,1,0,0,0,0,0,0,0,0,0,0,0,0,0,0,0,0
582,32808376,22725,14750,1,0,0,0,0,0,0,0,0,0,0,0,0,0,0,0,0
583,32885792,22289,16917,1,0,0,0,0,0,0,0,0,0,0,0,0,0,0,0,0
584,32935250,22073,14584,1,0,0,0,0,0,0,0,0,0,0,0,0,0,0,0,0
585,34101916,22137,17333,1,0,0,0,0,0,0,0,0,0,0,0,0,0,0,0,0
586,34456500,22073,17542,1,0,0,0,0,0,0,0,0,0,0,0,0,0,0,0,0
587,35182752,22161,19000,1,0,0,0,0,0,0,0,0,0,0,0,0,0,0,0,0
588,36300416,22189,18000,1,0,0,0,0,0,0,0,0,0,0,0,0,0,0,0,0
589,39737168,22073,21083,1,0,0,0,0,0,0,0,0,0,0,0,0,0,0,0,0
590,36602668,22073,16459,1,0,0,0,0,0,0,0,0,0,0,0,0,0,0,0,0
591,36193832,22137,16333,1,0,0,0,0,0,0,0,0,0,0,0,0,0,0,0,0
592,36111248,22161,16208,1,0,0,0,0,0,0,0,0,0,0,0,0,0,0,0,0
593,38091832,22073,18958,1,0,0,0,0,0,0,0,0,0,0,0,0,0,0,0,0
594,42793544,27669,347500,1,0,0,323084,1,318291,1,0,0,0,0,0,0,0,0,0,0
595,50542916,22073,21417,1,0,0,0,0,0,0,0,0,0,0,0,0,0,0,0,0
596,63570292,22725,24292,1,0,0,0,0,0,0,0,0,0,0,0,0,0,0,0,0
597,66618124,22353,29292,1,0,0,0,0,0,0,0,0,0,0,0,0,0,0,0,0
598,67279208,22125,32041,1,0,0,0,0,0,0,0,0,0,0,0,0,0,0,0,0
599,67345832,22225,29334,1,0,0,0,0,0,0,0,0,0,0,0,0,0,0,0,0
600,66289664,22073,29416,1,0,0,0,0,0,0,0,0,0,0,0,0,0,0,0,0
601,54380500,22189,22917,1,0,0,0,0,0,0,0,0,0,0,0,0,0,0,0,0
602,47647832,22161,21833,1,0,0,0,0,0,0,0,0,0,0,0,0,0,0,0,0
603,45465876,22137,21333,1,0,0,0,0,0,0,0,0,0,0,0,0,0,0,0,0
604,43104960,22637,19417,1,0,0,0,0,0,0,0,0,0,0,0,0,0,0,0,0
605,40294752,22289,16000,1,0,0,0,0,0,0,0,0,0,0,0,0,0,0,0,0
606,42175960,22277,16083,1,0,0,0,0,0,0,0,0,0,0,0,0,0,0,0,0
607,44656040,22073,16375,1,0,0,0,0,0,0,0,0,0,0,0,0,0,0,0,0
608,44468624,32345,352458,1,0,0,330583,1,326958,1,0,0,0,0,0,0,0,0,0,0
609,46763792,22137,19834,1,0,0,0,0,0,0,0,0,0,0,0,0,0,0,0,0
610,48469584,22161,19208,1,0,0,0,0,0,0,0,0,0,0,0,0,0,0,0,0
611,46241376,22125,20166,1,0,0,0,0,0,0,0,0,0,0,0,0,0,0,0,0
612,45049416,22137,22791,1,0,0,0,0,0,0,0,0,0,0,0,0,0,0,0,0
613,46308456,22073,20125,1,0,0,0,0,0,0,0,0,0,0,0,0,0,0,0,0
614,48976376,22161,20750,1,0,0,0,0,0,0,0,0,0,0,0,0,0,0,0,0
615,54797668,22701,25917,1,0,0,0,0,0,0,0,0,0,0,0,0,0,0,0,0
616,54689624,22341,26000,1,0,0,0,0,0,0,0,0,0,0,0,0,0,0,0,0
617,49459832,22225,25875,1,0,0,0,0,0,0,0,0,0,0,0,0,0,0,0,0
618,43271000,22073,22375,1,0,0,0,0,0,0,0,0,0,0,0,0,0,0,0,0
619,44962792,22073,22000,1,0,0,0,0,0,0,0,0,0,0,0,0,0,0,0,0
620,45792168,22137,23208,1,0,0,0,0,0,0,0,0,0,0,0,0,0,0,0,0
621,37678168,22213,18042,1,0,0,0,0,0,0,0,0,0,0,0,0,0,0,0,0
622,36899752,22073,18166,1,0,0,0,0,0,0,0,0,0,0,0,0,0,0,0,0
623,33913752,22137,16167,1,0,0,0,0,0,0,0,0,0,0,0,0,0,0,0,0
624,33760332,22073,16541,1,0,0,0,0,0,0,0,0,0,0,0,0,0,0,0,0
625,33802416,22073,16708,1,0,0,0,0,0,0,0,0,0,0,0,0,0,0,0,0
626,34079876,22225,16125,1,0,0,0,0,0,0,0,0,0,0,0,0,0,0,0,0
627,33558876,22125,16250,1,0,0,0,0,0,0,0,0,0,0,0,0,0,0,0,0
628,33406084,22637,16417,1,0,0,0,0,0,0,0,0,0,0,0,0,0,0,0,0
629,33784168,22353,16333,1,0,0,0,0,0,0,0,0,0,0,0,0,0,0,0,0
630,34419752,22073,16708,1,0,0,0,0,0,0,0,0,0,0,0,0,0,0,0,0
631,31481416,22161,16667,1,0,0,0,0,0,0,0,0,0,0,0,0,0,0,0,0
632,30467376,22073,15167,1,0,0,0,0,0,0,0,0,0,0,0,0,0,0,0,0
633,30183168,22137,14917,1,0,0,0,0,0,0,0,0,0,0,0,0,0,0,0,0
634,33054250,22125,15625,1,0,0,0,0,0,0,0,0,0,0,0,0,0,0,0,0
635,30442208,22073,14333,1,0,0,0,0,0,0,0,0,0,0,0,0,0,0,0,0
636,32536624,22161,14334,1,0,0,0,0,0,0,0,0,0,0,0,0,0,0,0,0
637,32728668,22137,18542,1,0,0,0,0,0,0,0,0,0,0,0,0,0,0,0,0
638,35092456,22073,16250,1,0,0,0,0,0,0,0,0,0,0,0,0,0,0,0,0
639,35158960,22073,16042,1,0,0,0,0,0,0,0,0,0,0,0,0,0,0,0,0
640,37108168,22137,21834,1,0,0,0,0,0,0,0,0,0,0,0,0,0,0,0,0
641,36687248,22213,14625,1,0,0,0,0,0,0,0,0,0,0,0,0,0,0,0,0
642,35274752,27553,286834,1,0,0,268959,1,265542,1,0,0,0,0,0,0,0,0,0,0
643,38205916,22917,14459,1,0,0,0,0,0,0,0,0,0,0,0,0,0,0,0,0
644,40990792,22073,17542,1,0,0,0,0,0,0,0,0,0,0,0,0,0,0,0,0
645,49609832,22161,19208,1,0,0,0,0,0,0,0,0,0,0,0,0,0,0,0,0
646,60768248,22189,22875,1,0,0,0,0,0,0,0,0,0,0,0,0,0,0,0,0
647,66335664,22073,28459,1,0,0,0,0,0,0,0,0,0,0,0,0,0,0,0,0
648,72493248,22225,29583,1,0,0,0,0,0,0,0,0,0,0,0,0,0,0,0,0
649,67108376,22073,28625,1,0,0,0,0,0,0,0,0,0,0,0,0,0,0,0,0
650,63529792,22189,27250,1,0,0,0,0,0,0,0,0,0,0,0,0,0,0,0,0
651,54836336,22725,22334,1,0,0,0,0,0,0,0,0,0,0,0,0,0,0,0,0
652,51390916,22353,23917,1,0,0,0,0,0,0,0,0,0,0,0,0,0,0,0,0
653,46445792,22073,20500,1,0,0,0,0,0,0,0,0,0,0,0,0,0,0,0,0
654,48094832,22213,21209,1,0,0,0,0,0,0,0,0,0,0,0,0,0,0,0,0
655,45074124,22137,21084,1,0,0,0,0,0,0,0,0,0,0,0,0,0,0,0,0
656,49943168,32345,446250,1,0,0,415833,1,409167,1,0,0,0,0,0,0,0,0,0,0
657,46279124,22073,22667,1,0,0,0,0,0,0,0,0,0,0,0,0,0,0,0,0
658,46546416,22225,21917,1,0,0,0,0,0,0,0,0,0,0,0,0,0,0,0,0
659,47790168,22125,21875,1,0,0,0,0,0,0,0,0,0,0,0,0,0,0,0,0
660,47951624,22073,22167,1,0,0,0,0,0,0,0,0,0,0,0,0,0,0,0,0
661,50299040,22137,22458,1,0,0,0,0,0,0,0,0,0,0,0,0,0,0,0,0
662,53531500,22725,26917,1,0,0,0,0,0,0,0,0,0,0,0,0,0,0,0,0
663,49705584,22353,25667,1,0,0,0,0,0,0,0,0,0,0,0,0,0,0,0,0
664,43487084,22125,21791,1,0,0,0,0,0,0,0,0,0,0,0,0,0,0,0,0
665,43955248,22073,21250,1,0,0,0,0,0,0,0,0,0,0,0,0,0,0,0,0
666,40790960,22225,21000,1,0,0,0,0,0,0,0,0,0,0,0,0,0,0,0,0
667,40345248,22073,19333,1,0,0,0,0,0,0,0,0,0,0,0,0,0,0,0,0
668,36442248,22073,18167,1,0,0,0,0,0,0,0,0,0,0,0,0,0,0,0,0
669,33371416,22189,15542,1,0,0,0,0,0,0,0,0,0,0,0,0,0,0,0,0
670,33343250,22073,37916,1,0,0,0,0,0,0,0,0,0,0,0,0,0,0,0,0
671,33510458,22161,33083,1,0,0,0,0,0,0,0,0,0,0,0,0,0,0,0,0
672,33851752,22137,33375,1,0,0,0,0,0,0,0,0,0,0,0,0,0,0,0,0
673,33407708,22073,36667,1,0,0,0,0,0,0,0,0,0,0,0,0,0,0,0,0
674,33552792,22637,33708,1,0,0,0,0,0,0,0,0,0,0,0,0,0,0,0,0
675,33749876,22405,40333,1,0,0,0,0,0,0,0,0,0,0,0,0,0,0,0,0
676,33280876,22161,41375,1,0,0,0,0,0,0,0,0,0,0,0,0,0,0,0,0
677,32885124,22073,34125,1,0,0,0,0,0,0,0,0,0,0,0,0,0,0,0,0
678,30401832,22073,15250,1,0,0,0,0,0,0,0,0,0,0,0,0,0,0,0,0
679,30166876,22137,14833,1,0,0,0,0,0,0,0,0,0,0,0,0,0,0,0,0
680,31434124,22073,15042,1,0,0,0,0,0,0,0,0,0,0,0,0,0,0,0,0
681,32841292,22161,17084,1,0,0,0,0,0,0,0,0,0,0,0,0,0,0,0,0
682,30301500,22125,15083,1,0,0,0,0,0,0,0,0,0,0,0,0,0,0,0,0
683,30838124,22137,15208,1,0,0,0,0,0,0,0,0,0,0,0,0,0,0,0,0
684,30555334,22073,15708,1,0,0,0,0,0,0,0,0,0,0,0,0,0,0,0,0
685,31783042,22073,14917,1,0,0,0,0,0,0,0,0,0,0,0,0,0,0,0,0
686,33513584,22161,16083,1,0,0,0,0,0,0,0,0,0,0,0,0,0,0,0,0
687,33678792,22137,15834,1,0,0,0,0,0,0,0,0,0,0,0,0,0,0,0,0
688,34495248,22073,16417,1,0,0,0,0,0,0,0,0,0,0,0,0,0,0,0,0
689,35287000,22125,17291,1,0,0,0,0,0,0,0,0,0,0,0,0,0,0,0,0
690,35610832,28181,334542,1,0,0,310792,1,305542,1,0,0,0,0,0,0,0,0,0,0
691,35876876,22377,16333,1,0,0,0,0,0,0,0,0,0,0,0,0,0,0,0,0
692,37931584,22073,15500,1,0,0,0,0,0,0,0,0,0,0,0,0,0,0,0,0
693,35418584,22137,15042,1,0,0,0,0,0,0,0,0,0,0,0,0,0,0,0,0
694,35176000,22073,15083,1,0,0,0,0,0,0,0,0,0,0,0,0,0,0,0,0
695,37843832,22125,14250,1,0,0,0,0,0,0,0,0,0,0,0,0,0,0,0,0
696,47465292,22225,17625,1,0,0,0,0,0,0,0,0,0,0,0,0,0,0,0,0
697,50815248,22073,18750,1,0,0,0,0,0,0,0,0,0,0,0,0,0,0,0,0
698,60408456,22073,25917,1,0,0,0,0,0,0,0,0,0,0,0,0,0,0,0,0
699,66171668,22225,28167,1,0,0,0,0,0,0,0,0,0,0,0,0,0,0,0,0
700,66343456,22125,27625,1,0,0,0,0,0,0,0,0,0,0,0,0,0,0,0,0
701,55543624,22701,27375,1,0,0,0,0,0,0,0,0,0,0,0,0,0,0,0,0
702,54342040,22377,27291,1,0,0,0,0,0,0,0,0,0,0,0,0,0,0,0,0
703,49594752,22137,21833,1,0,0,0,0,0,0,0,0,0,0,0,0,0,0,0,0
704,45167000,32397,443208,1,0,0,417084,1,411791,1,0,0,0,0,0,0,0,0,0,0
705,47790376,22073,19417,1,0,0,0,0,0,0,0,0,0,0,0,0,0,0,0,0
706,44648248,22225,19375,1,0,0,0,0,0,0,0,0,0,0,0,0,0,0,0,0
707,43680168,22073,17625,1,0,0,0,0,0,0,0,0,0,0,0,0,0,0,0,0
708,43897124,22073,23250,1,0,0,0,0,0,0,0,0,0,0,0,0,0,0,0,0
709,46012664,22189,20375,1,0,0,0,0,0,0,0,0,0,0,0,0,0,0,0,0
710,45332292,22161,20917,1,0,0,0,0,0,0,0,0,0,0,0,0,0,0,0,0
711,46269456,22637,45667,1,0,0,0,0,0,0,0,0,0,0,0,0,0,0,0,0
712,45863624,22353,20750,1,0,0,0,0,0,0,0,0,0,0,0,0,0,0,0,0
713,45735168,22073,21875,1,0,0,0,0,0,0,0,0,0,0,0,0,0,0,0,0
714,45115000,22213,21709,1,0,0,0,0,0,0,0,0,0,0,0,0,0,0,0,0
715,45483792,22137,21833,1,0,0,0,0,0,0,0,0,0,0,0,0,0,0,0,0
716,47620000,22073,22125,1,0,0,0,0,0,0,0,0,0,0,0,0,0,0,0,0
717,45130124,22073,21750,1,0,0,0,0,0,0,0,0,0,0,0,0,0,0,0,0
718,43830916,22225,20708,1,0,0,0,0,0,0,0,0,0,0,0,0,0,0,0,0
719,41605124,22125,20959,1,0,0,0,0,0,0,0,0,0,0,0,0,0,0,0,0
720,39633708,22073,22250,1,0,0,0,0,0,0,0,0,0,0,0,0,0,0,0,0
721,37727292,22137,17792,1,0,0,0,0,0,0,0,0,0,0,0,0,0,0,0,0
722,37780876,22161,17875,1,0,0,0,0,0,0,0,0,0,0,0,0,0,0,0,0
723,34761040,22637,17959,1,0,0,0,0,0,0,0,0,0,0,0,0,0,0,0,0
724,33597000,22353,16042,1,0,0,0,0,0,0,0,0,0,0,0,0,0,0,0,0
725,33772208,22125,16750,1,0,0,0,0,0,0,0,0,0,0,0,0,0,0,0,0
726,33385876,22073,16834,1,0,0,0,0,0,0,0,0,0,0,0,0,0,0,0,0
727,33740960,22225,16667,1,0,0,0,0,0,0,0,0,0,0,0,0,0,0,0,0
728,33984124,22073,16791,1,0,0,0,0,0,0,0,0,0,0,0,0,0,0,0,0
729,36542752,22073,17375,1,0,0,0,0,0,0,0,0,0,0,0,0,0,0,0,0
730,33767752,22137,16083,1,0,0,0,0,0,0,0,0,0,0,0,0,0,0,0,0
731,34539584,22125,16250,1,0,0,0,0,0,0,0,0,0,0,0,0,0,0,0,0
732,33444916,22161,15250,1,0,0,0,0,0,0,0,0,0,0,0,0,0,0,0,0
733,33939248,22137,15875,1,0,0,0,0,0,0,0,0,0,0,0,0,0,0,0,0
734,33610168,22073,15875,1,0,0,0,0,0,0,0,0,0,0,0,0,0,0,0,0
735,33510124,22073,15417,1,0,0,0,0,0,0,0,0,0,0,0,0,0,0,0,0
736,33557124,22137,14375,1,0,0,0,0,0,0,0,0,0,0,0,0,0,0,0,0
737,33484332,22777,14291,1,0,0,0,0,0,0,0,0,0,0,0,0,0,0,0,0
738,33841668,27769,292833,1,0,0,273125,1,269334,1,0,0,0,0,0,0,0,0,0,0
739,33331084,22137,14333,1,0,0,0,0,0,0,0,0,0,0,0,0,0,0,0,0
740,33434958,22073,13791,1,0,0,0,0,0,0,0,0,0,0,0,0,0,0,0,0
741,33522332,22073,14375,1,0,0,0,0,0,0,0,0,0,0,0,0,0,0,0,0
742,33614416,22225,13875,1,0,0,0,0,0,0,0,0,0,0,0,0,0,0,0,0
743,33219208,22125,13667,1,0,0,0,0,0,0,0,0,0,0,0,0,0,0,0,0
744,35072876,22073,15583,1,0,0,0,0,0,0,0,0,0,0,0,0,0,0,0,0
745,32792332,22137,12958,1,0,0,0,0,0,0,0,0,0,0,0,0,0,0,0,0
746,32259876,22073,12958,1,0,0,0,0,0,0,0,0,0,0,0,0,0,0,0,0
747,35208668,22161,14792,1,0,0,0,0,0,0,0,0,0,0,0,0,0,0,0,0
748,37665752,22137,18542,1,0,0,0,0,0,0,0,0,0,0,0,0,0,0,0,0
749,37124000,22125,15709,1,0,0,0,0,0,0,0,0,0,0,0,0,0,0,0,0
750,36584124,22073,16458,1,0,0,0,0,0,0,0,0,0,0,0,0,0,0,0,0
751,35463876,22137,19000,1,0,0,0,0,0,0,0,0,0,0,0,0,0,0,0,0
752,35168292,32997,388125,1,0,0,362250,1,358459,1,0,0,0,0,0,0,0,0,0,0
753,39258084,22289,18625,1,0,0,0,0,0,0,0,0,0,0,0,0,0,0,0,0
754,44685668,22137,21167,1,0,0,0,0,0,0,0,0,0,0,0,0,0,0,0,0
755,53005584,22125,25500,1,0,0,0,0,0,0,0,0,0,0,0,0,0,0,0,0
756,66947544,22161,33459,1,0,0,0,0,0,0,0,0,0,0,0,0,0,0,0,0
757,69422704,22137,36541,1,0,0,0,0,0,0,0,0,0,0,0,0,0,0,0,0
758,67676584,22073,34167,1,0,0,0,0,0,0,0,0,0,0,0,0,0,0,0,0
759,68425832,22277,33541,1,0,0,0,0,0,0,0,0,0,0,0,0,0,0,0,0
760,67934712,22073,32250,1,0,0,0,0,0,0,0,0,0,0,0,0,0,0,0,0
761,56069084,22917,27208,1,0,0,0,0,0,0,0,0,0,0,0,0,0,0,0,0
762,51738416,22161,25500,1,0,0,0,0,0,0,0,0,0,0,0,0,0,0,0,0
763,47060832,22189,21834,1,0,0,0,0,0,0,0,0,0,0,0,0,0,0,0,0
764,46600040,22073,20500,1,0,0,0,0,0,0,0,0,0,0,0,0,0,0,0,0
765,48814916,22073,21000,1,0,0,0,0,0,0,0,0,0,0,0,0,0,0,0,0
766,44939292,22225,54875,1,0,0,0,0,0,0,0,0,0,0,0,0,0,0,0,0
767,47348668,22073,39958,1,0,0,0,0,0,0,0,0,0,0,0,0,0,0,0,0
768,45572916,22125,42041,1,0,0,0,0,0,0,0,0,0,0,0,0,0,0,0,0
769,47024544,22137,47750,1,0,0,0,0,0,0,0,0,0,0,0,0,0,0,0,0
770,46037084,22161,42416,1,0,0,0,0,0,0,0,0,0,0,0,0,0,0,0,0
771,45390664,22637,42750,1,0,0,0,0,0,0,0,0,0,0,0,0,0,0,0,0
772,48097000,22353,50916,1,0,0,0,0,0,0,0,0,0,0,0,0,0,0,0,0
773,53692416,22125,46875,1,0,0,0,0,0,0,0,0,0,0,0,0,0,0,0,0
774,54220084,22225,25542,1,0,0,0,0,0,0,0,0,0,0,0,0,0,0,0,0
775,54911376,22073,26167,1,0,0,0,0,0,0,0,0,0,0,0,0,0,0,0,0
776,54802624,22137,26958,1,0,0,0,0,0,0,0,0,0,0,0,0,0,0,0,0
777,45057960,22213,21750,1,0,0,0,0,0,0,0,0,0,0,0,0,0,0,0,0
778,43391624,22073,21458,1,0,0,0,0,0,0,0,0,0,0,0,0,0,0,0,0
779,43086292,22137,23084,1,0,0,0,0,0,0,0,0,0,0,0,0,0,0,0,0
780,38361332,22073,19125,1,0,0,0,0,0,0,0,0,0,0,0,0,0,0,0,0
781,38286040,22725,19208,1,0,0,0,0,0,0,0,0,0,0,0,0,0,0,0,0
782,34387584,38075,18334,1,0,0,0,0,0,0,0,0,0,0,0,0,0,0,0,0
783,33790124,22073,16042,1,0,0,0,0,0,0,0,0,0,0,0,0,0,0,0,0
784,33801624,22073,16542,1,0,0,0,0,0,0,0,0,0,0,0,0,0,0,0,0
785,33828208,22137,16959,1,0,0,0,0,0,0,0,0,0,0,0,0,0,0,0,0
786,33418416,27641,290750,1,0,0,270250,1,266625,1,0,0,0,0,0,0,0,0,0,0
787,33382832,22073,16375,1,0,0,0,0,0,0,0,0,0,0,0,0,0,0,0,0
788,36881208,22189,17000,1,0,0,0,0,0,0,0,0,0,0,0,0,0,0,0,0
789,34211084,22073,14958,1,0,0,0,0,0,0,0,0,0,0,0,0,0,0,0,0
790,34179500,22073,15250,1,0,0,0,0,0,0,0,0,0,0,0,0,0,0,0,0
791,37245960,22225,15042,1,0,0,0,0,0,0,0,0,0,0,0,0,0,0,0,0
792,35803248,22073,14375,1,0,0,0,0,0,0,0,0,0,0,0,0,0,0,0,0
793,35474208,22073,14459,1,0,0,0,0,0,0,0,0,0,0,0,0,0,0,0,0
794,34987332,22189,14041,1,0,0,0,0,0,0,0,0,0,0,0,0,0,0,0,0
795,35195376,22073,15125,1,0,0,0,0,0,0,0,0,0,0,0,0,0,0,0,0
796,35118624,22725,14209,1,0,0,0,0,0,0,0,0,0,0,0,0,0,0,0,0
797,36589544,22353,14209,1,0,0,0,0,0,0,0,0,0,0,0,0,0,0,0,0
798,36157752,22073,14750,1,0,0,0,0,0,0,0,0,0,0,0,0,0,0,0,0
799,40104916,22073,19416,1,0,0,0,0,0,0,0,0,0,0,0,0,0,0,0,0
800,41730584,32461,476167,1,0,0,447333,1,441125,1,0,0,0,0,0,0,0,0,0,0
801,50291456,22161,18833,1,0,0,0,0,0,0,0,0,0,0,0,0,0,0,0,0
802,66117292,22073,22417,1,0,0,0,0,0,0,0,0,0,0,0,0,0,0,0,0
803,68344624,22137,30416,1,0,0,0,0,0,0,0,0,0,0,0,0,0,0,0,0
804,66932168,22213,30333,1,0,0,0,0,0,0,0,0,0,0,0,0,0,0,0,0
805,68418040,22137,30542,1,0,0,0,0,0,0,0,0,0,0,0,0,0,0,0,0
806,68014704,22637,30750,1,0,0,0,0,0,0,0,0,0,0,0,0,0,0,0,0
807,62103248,22493,35459,1,0,0,0,0,0,0,0,0,0,0,0,0,0,0,0,0
808,53926624,22073,25792,1,0,0,0,0,0,0,0,0,0,0,0,0,0,0,0,0
809,46215416,22137,22459,1,0,0,0,0,0,0,0,0,0,0,0,0,0,0,0,0
810,50329832,22161,22167,1,0,0,0,0,0,0,0,0,0,0,0,0,0,0,0,0
811,47116084,22125,21458,1,0,0,0,0,0,0,0,0,0,0,0,0,0,0,0,0
812,45193664,22137,21292,1,0,0,0,0,0,0,0,0,0,0,0,0,0,0,0,0
813,46796168,22073,21292,1,0,0,0,0,0,0,0,0,0,0,0,0,0,0,0,0
814,45397668,22161,21125,1,0,0,0,0,0,0,0,0,0,0,0,0,0,0,0,0
815,46966332,22701,20792,1,0,0,0,0,0,0,0,0,0,0,0,0,0,0,0,0
816,46677544,22341,21375,1,0,0,0,0,0,0,0,0,0,0,0,0,0,0,0,0
817,45380916,22073,20792,1,0,0,0,0,0,0,0,0,0,0,0,0,0,0,0,0
818,45565416,22225,22875,1,0,0,0,0,0,0,0,0,0,0,0,0,0,0,0,0
819,44715624,22073,22042,1,0,0,0,0,0,0,0,0,0,0,0,0,0,0,0,0
820,45525792,22073,22125,1,0,0,0,0,0,0,0,0,0,0,0,0,0,0,0,0
821,42902248,22189,21333,1,0,0,0,0,0,0,0,0,0,0,0,0,0,0,0,0
822,39039876,22161,21667,1,0,0,0,0,0,0,0,0,0,0,0,0,0,0,0,0
823,37439832,22073,18917,1,0,0,0,0,0,0,0,0,0,0,0,0,0,0,0,0
824,37204668,22137,18791,1,0,0,0,0,0,0,0,0,0,0,0,0,0,0,0,0
825,33714248,22073,16667,1,0,0,0,0,0,0,0,0,0,0,0,0,0,0,0,0
826,33586876,22073,17041,1,0,0,0,0,0,0,0,0,0,0,0,0,0,0,0,0
827,33410416,22277,15500,1,0,0,0,0,0,0,0,0,0,0,0,0,0,0,0,0
828,33401292,22637,18167,1,0,0,0,0,0,0,0,0,0,0,0,0,0,0,0,0
829,33717752,22289,15333,1,0,0,0,0,0,0,0,0,0,0,0,0,0,0,0,0
830,33514460,22137,15583,1,0,0,0,0,0,0,0,0,0,0,0,0,0,0,0,0
831,33094750,22073,14875,1,0,0,0,0,0,0,0,0,0,0,0,0,0,0,0,0
832,33637292,22161,14375,1,0,0,0,0,0,0,0,0,0,0,0,0,0,0,0,0
833,33578792,22189,14708,1,0,0,0,0,0,0,0,0,0,0,0,0,0,0,0,0
834,37285544,27553,311292,1,0,0,292042,1,288208,1,0,0,0,0,0,0,0,0,0,0
835,35572292,22073,15250,1,0,0,0,0,0,0,0,0,0,0,0,0,0,0,0,0
836,35543332,22137,13875,1,0,0,0,0,0,0,0,0,0,0,0,0,0,0,0,0
837,35674960,22161,14208,1,0,0,0,0,0,0,0,0,0,0,0,0,0,0,0,0
838,35558416,22073,15459,1,0,0,0,0,0,0,0,0,0,0,0,0,0,0,0,0
839,36938500,22189,15083,1,0,0,0,0,0,0,0,0,0,0,0,0,0,0,0,0
840,36172832,22073,14500,1,0,0,0,0,0,0,0,0,0,0,0,0,0,0,0,0
841,36042960,22073,14584,1,0,0,0,0,0,0,0,0,0,0,0,0,0,0,0,0
842,38202124,22789,14084,1,0,0,0,0,0,0,0,0,0,0,0,0,0,0,0,0
843,42759416,22289,16375,1,0,0,0,0,0,0,0,0,0,0,0,0,0,0,0,0
844,48770000,22073,19375,1,0,0,0,0,0,0,0,0,0,0,0,0,0,0,0,0
845,60529248,22189,23708,1,0,0,0,0,0,0,0,0,0,0,0,0,0,0,0,0
846,68042288,22161,30875,1,0,0,0,0,0,0,0,0,0,0,0,0,0,0,0,0
847,73939128,22137,40708,1,0,0,0,0,0,0,0,0,0,0,0,0,0,0,0,0
848,68231000,32397,662542,1,0,0,619583,1,612875,1,0,0,0,0,0,0,0,0,0,0
849,69316000,22225,35750,1,0,0,0,0,0,0,0,0,0,0,0,0,0,0,0,0
850,56698124,22637,25583,1,0,0,0,0,0,0,0,0,0,0,0,0,0,0,0,0
851,51452336,22353,25417,1,0,0,0,0,0,0,0,0,0,0,0,0,0,0,0,0
852,47858040,22213,22666,1,0,0,0,0,0,0,0,0,0,0,0,0,0,0,0,0
853,47232584,22073,22667,1,0,0,0,0,0,0,0,0,0,0,0,0,0,0,0,0
854,43995248,22137,21917,1,0,0,0,0,0,0,0,0,0,0,0,0,0,0,0,0
855,45700584,22073,22458,1,0,0,0,0,0,0,0,0,0,0,0,0,0,0,0,0
856,45305416,22161,21333,1,0,0,0,0,0,0,0,0,0,0,0,0,0,0,0,0
857,43854124,22189,22583,1,0,0,0,0,0,0,0,0,0,0,0,0,0,0,0,0
858,46617708,22073,23458,1,0,0,0,0,0,0,0,0,0,0,0,0,0,0,0,0
859,46066708,22073,21667,1,0,0,0,0,0,0,0,0,0,0,0,0,0,0,0,0
860,46775168,22225,20791,1,0,0,0,0,0,0,0,0,0,0,0,0,0,0,0,0
861,46028292,22637,21833,1,0,0,0,0,0,0,0,0,0,0,0,0,0,0,0,0
862,46491500,22341,47375,1,0,0,0,0,0,0,0,0,0,0,0,0,0,0,0,0
863,45882668,22137,41709,1,0,0,0,0,0,0,0,0,0,0,0,0,0,0,0,0
864,46257084,22161,43208,1,0,0,0,0,0,0,0,0,0,0,0,0,0,0,0,0
865,46283960,22073,46458,1,0,0,0,0,0,0,0,0,0,0,0,0,0,0,0,0
866,51159832,22137,69417,1,0,0,0,0,0,0,0,0,0,0,0,0,0,0,0,0
867,54485916,22125,52541,1,0,0,0,0,0,0,0,0,0,0,0,0,0,0,0,0
868,55664500,22225,58417,1,0,0,0,0,0,0,0,0,0,0,0,0,0,0,0,0
869,54682500,22073,56958,1,0,0,0,0,0,0,0,0,0,0,0,0,0,0,0,0
870,56128708,22137,107833,1,0,0,0,0,0,0,0,0,0,0,0,0,0,0,0,0
871,54229084,22777,25667,1,0,0,0,0,0,0,0,0,0,0,0,0,0,0,0,0
872,53223584,22353,25583,1,0,0,0,0,0,0,0,0,0,0,0,0,0,0,0,0
873,47883000,22073,21792,1,0,0,0,0,0,0,0,0,0,0,0,0,0,0,0,0
874,48461168,22225,22042,1,0,0,0,0,0,0,0,0,0,0,0,0,0,0,0,0
875,49274168,22125,26292,1,0,0,0,0,0,0,0,0,0,0,0,0,0,0,0,0
876,58385040,22073,29625,1,0,0,0,0,0,0,0,0,0,0,0,0,0,0,0,0
877,52886084,22225,28000,1,0,0,0,0,0,0,0,0,0,0,0,0,0,0,0,0
878,52943416,22073,25875,1,0,0,0,0,0,0,0,0,0,0,0,0,0,0,0,0
879,51957876,22189,20833,1,0,0,0,0,0,0,0,0,0,0,0,0,0,0,0,0
880,53701752,22161,22375,1,0,0,0,0,0,0,0,0,0,0,0,0,0,0,0,0
881,52986832,22917,30750,1,0,0,0,0,0,0,0,0,0,0,0,0,0,0,0,0
882,49673292,27553,453041,1,0,0,420875,1,415417,1,0,0,0,0,0,0,0,0,0,0
883,51216456,22277,21459,1,0,0,0,0,0,0,0,0,0,0,0,0,0,0,0,0
884,49566084,22073,24959,1,0,0,0,0,0,0,0,0,0,0,0,0,0,0,0,0
885,55403584,22137,23542,1,0,0,0,0,0,0,0,0,0,0,0,0,0,0,0,0
886,52495332,22161,19917,1,0,0,0,0,0,0,0,0,0,0,0,0,0,0,0,0
887,51863084,22189,22750,1,0,0,0,0,0,0,0,0,0,0,0,0,0,0,0,0
888,51906168,22073,22292,1,0,0,0,0,0,0,0,0,0,0,0,0,0,0,0,0
889,52117668,22225,22375,1,0,0,0,0,0,0,0,0,0,0,0,0,0,0,0,0
890,51687168,22637,19041,1,0,0,0,0,0,0,0,0,0,0,0,0,0,0,0,0
891,44430124,22405,18666,1,0,0,0,0,0,0,0,0,0,0,0,0,0,0,0,0
892,44991292,22073,18791,1,0,0,0,0,0,0,0,0,0,0,0,0,0,0,0,0
893,43381248,22161,18375,1,0,0,0,0,0,0,0,0,0,0,0,0,0,0,0,0
894,40302624,22137,18417,1,0,0,0,0,0,0,0,0,0,0,0,0,0,0,0,0
895,40515416,22073,16542,1,0,0,0,0,0,0,0,0,0,0,0,0,0,0,0,0
896,36019040,32397,367166,1,0,0,346167,1,342916,1,0,0,0,0,0,0,0,0,0,0
897,34071332,22225,14084,1,0,0,0,0,0,0,0,0,0,0,0,0,0,0,0,0
898,33489084,22073,14875,1,0,0,0,0,0,0,0,0,0,0,0,0,0,0,0,0
899,33363960,22073,15375,1,0,0,0,0,0,0,0,0,0,0,0,0,0,0,0,0
900,33999916,22137,15583,1,0,0,0,0,0,0,0,0,0,0,0,0,0,0,0,0
901,33522416,22073,16042,1,0,0,0,0,0,0,0,0,0,0,0,0,0,0,0,0
902,34125500,22213,15667,1,0,0,0,0,0,0,0,0,0,0,0,0,0,0,0,0
903,33117540,22903,16500,1,0,0,0,0,0,0,0,0,0,0,0,0,0,0,0,0
904,35522916,22289,16583,1,0,0,0,0,0,0,0,0,0,0,0,0,0,0,0,0
905,37677960,22073,17625,1,0,0,0,0,0,0,0,0,0,0,0,0,0,0,0,0
906,35703000,22137,18917,1,0,0,0,0,0,0,0,0,0,0,0,0,0,0,0,0
907,35963292,22161,16875,1,0,0,0,0,0,0,0,0,0,0,0,0,0,0,0,0
908,35972916,22125,21834,1,0,0,0,0,0,0,0,0,0,0,0,0,0,0,0,0
909,34601456,22137,15959,1,0,0,0,0,0,0,0,0,0,0,0,0,0,0,0,0
910,39520876,22073,17917,1,0,0,0,0,0,0,0,0,0,0,0,0,0,0,0,0
911,36560040,22073,16416,1,0,0,0,0,0,0,0,0,0,0,0,0,0,0,0,0
912,35930456,22225,15791,1,0,0,0,0,0,0,0,0,0,0,0,0,0,0,0,0
913,37458960,22073,16500,1,0,0,0,0,0,0,0,0,0,0,0,0,0,0,0,0
914,40414084,22125,18375,1,0,0,0,0,0,0,0,0,0,0,0,0,0,0,0,0
915,49572664,22137,20708,1,0,0,0,0,0,0,0,0,0,0,0,0,0,0,0,0
916,58023040,22725,26083,1,0,0,0,0,0,0,0,0,0,0,0,0,0,0,0,0
917,66528624,22353,34375,1,0,0,0,0,0,0,0,0,0,0,0,0,0,0,0,0
918,66701500,22125,34958,1,0,0,0,0,0,0,0,0,0,0,0,0,0,0,0,0
919,65646624,22225,32875,1,0,0,0,0,0,0,0,0,0,0,0,0,0,0,0,0
920,57865332,22371,30375,1,0,0,0,0,0,0,0,0,0,0,0,0,0,0,0,0
921,53441624,22137,25583,1,0,0,0,0,0,0,0,0,0,0,0,0,0,0,0,0
922,47460124,22213,25834,1,0,0,0,0,0,0,0,0,0,0,0,0,0,0,0,0
923,47887876,22137,20208,1,0,0,0,0,0,0,0,0,0,0,0,0,0,0,0,0
924,44933124,22073,19959,1,0,0,0,0,0,0,0,0,0,0,0,0,0,0,0,0
925,45513544,22637,20541,1,0,0,0,0,0,0,0,0,0,0,0,0,0,0,0,0
926,45929960,22441,22959,1,0,0,0,0,0,0,0,0,0,0,0,0,0,0,0,0
927,44411876,22125,19083,1,0,0,0,0,0,0,0,0,0,0,0,0,0,0,0,0
928,44208248,22073,19500,1,0,0,0,0,0,0,0,0,0,0,0,0,0,0,0,0
929,46053500,22137,19666,1,0,0,0,0,0,0,0,0,0,0,0,0,0,0,0,0
930,48560292,27641,391917,1,0,0,366583,1,362292,1,0,0,0,0,0,0,0,0,0,0
931,46280248,22073,18000,1,0,0,0,0,0,0,0,0,0,0,0,0,0,0,0,0
932,45980040,22189,18542,1,0,0,0,0,0,0,0,0,0,0,0,0,0,0,0,0
933,45467876,22073,23875,1,0,0,0,0,0,0,0,0,0,0,0,0,0,0,0,0
934,45216916,22161,18625,1,0,0,0,0,0,0,0,0,0,0,0,0,0,0,0,0
935,47516876,22137,17958,1,0,0,0,0,0,0,0,0,0,0,0,0,0,0,0,0
936,45208416,22637,18875,1,0,0,0,0,0,0,0,0,0,0,0,0,0,0,0,0
937,47457416,22341,19500,1,0,0,0,0,0,0,0,0,0,0,0,0,0,0,0,0
938,46366456,22225,18875,1,0,0,0,0,0,0,0,0,0,0,0,0,0,0,0,0
939,51320332,22073,22417,1,0,0,0,0,0,0,0,0,0,0,0,0,0,0,0,0
940,45255248,22073,19792,1,0,0,0,0,0,0,0,0,0,0,0,0,0,0,0,0
941,46130416,22137,21583,1,0,0,0,0,0,0,0,0,0,0,0,0,0,0,0,0
942,43356960,22213,22458,1,0,0,0,0,0,0,0,0,0,0,0,0,0,0,0,0
943,41002664,22073,17958,1,0,0,0,0,0,0,0,0,0,0,0,0,0,0,0,0
944,41239000,32409,378084,1,0,0,352958,1,348458,1,0,0,0,0,0,0,0,0,0,0
945,39572416,22073,19083,1,0,0,0,0,0,0,0,0,0,0,0,0,0,0,0,0
946,39490584,22161,18416,1,0,0,0,0,0,0,0,0,0,0,0,0,0,0,0,0
947,39821668,22189,18125,1,0,0,0,0,0,0,0,0,0,0,0,0,0,0,0,0
948,43339040,22637,20500,1,0,0,0,0,0,0,0,0,0,0,0,0,0,0,0,0
949,46331124,22289,22125,1,0,0,0,0,0,0,0,0,0,0,0,0,0,0,0,0
950,47975664,22225,22042,1,0,0,0,0,0,0,0,0,0,0,0,0,0,0,0,0
951,47654876,22073,22916,1,0,0,0,0,0,0,0,0,0,0,0,0,0,0,0,0
952,46497792,22125,24333,1,0,0,0,0,0,0,0,0,0,0,0,0,0,0,0,0
953,53560416,22137,27792,1,0,0,0,0,0,0,0,0,0,0,0,0,0,0,0,0
954,54529664,22161,25250,1,0,0,0,0,0,0,0,0,0,0,0,0,0,0,0,0
955,55277832,22137,25583,1,0,0,0,0,0,0,0,0,0,0,0,0,0,0,0,0
956,56140916,22125,25208,1,0,0,0,0,0,0,0,0,0,0,0,0,0,0,0,0
957,54663208,22789,25583,1,0,0,0,0,0,0,0,0,0,0,0,0,0,0,0,0
958,55408040,22289,54042,1,0,0,0,0,0,0,0,0,0,0,0,0,0,0,0,0
959,54011792,22137,53666,1,0,0,0,0,0,0,0,0,0,0,0,0,0,0,0,0
960,56175416,22213,48875,1,0,0,0,0,0,0,0,0,0,0,0,0,0,0,0,0
961,54813792,22137,53583,1,0,0,0,0,0,0,0,0,0,0,0,0,0,0,0,0
962,57487416,22073,57083,1,0,0,0,0,0,0,0,0,0,0,0,0,0,0,0,0
963,54463752,22225,83625,1,0,0,0,0,0,0,0,0,0,0,0,0,0,0,0,0
964,48030168,22125,48667,1,0,0,0,0,0,0,0,0,0,0,0,0,0,0,0,0
965,47047544,22137,80875,1,0,0,0,0,0,0,0,0,0,0,0,0,0,0,0,0
966,46364544,22073,26542,1,0,0,0,0,0,0,0,0,0,0,0,0,0,0,0,0
967,46436584,22725,21625,1,0,0,0,0,0,0,0,0,0,0,0,0,0,0,0,0
968,48418040,22353,20792,1,0,0,0,0,0,0,0,0,0,0,0,0,0,0,0,0
969,52471708,22125,25708,1,0,0,0,0,0,0,0,0,0,0,0,0,0,0,0,0
970,52167960,22137,26458,1,0,0,0,0,0,0,0,0,0,0,0,0,0,0,0,0
971,52310708,22161,25958,1,0,0,0,0,0,0,0,0,0,0,0,0,0,0,0,0
972,61046584,22137,31542,1,0,0,0,0,0,0,0,0,0,0,0,0,0,0,0,0
973,50840752,22125,26500,1,0,0,0,0,0,0,0,0,0,0,0,0,0,0,0,0
974,46111208,22225,25167,1,0,0,0,0,0,0,0,0,0,0,0,0,0,0,0,0
975,44389040,22073,21833,1,0,0,0,0,0,0,0,0,0,0,0,0,0,0,0,0
976,42414752,22073,38000,1,0,0,0,0,0,0,0,0,0,0,0,0,0,0,0,0
977,38078960,22701,19333,1,0,0,0,0,0,0,0,0,0,0,0,0,0,0,0,0
978,37675168,27909,338625,1,0,0,316167,1,313041,1,0,0,0,0,0,0,0,0,0,0
979,36023084,22073,18042,1,0,0,0,0,0,0,0,0,0,0,0,0,0,0,0,0
980,33556584,22137,15791,1,0,0,0,0,0,0,0,0,0,0,0,0,0,0,0,0
981,33649168,22073,14959,1,0,0,0,0,0,0,0,0,0,0,0,0,0,0,0,0
982,33334876,22073,15125,1,0,0,0,0,0,0,0,0,0,0,0,0,0,0,0,0
983,33680624,22225,13708,1,0,0,0,0,0,0,0,0,0,0,0,0,0,0,0,0
984,35722376,22125,14583,1,0,0,0,0,0,0,0,0,0,0,0,0,0,0,0,0
985,33554544,22073,14667,1,0,0,0,0,0,0,0,0,0,0,0,0,0,0,0,0
986,33638664,22137,13958,1,0,0,0,0,0,0,0,0,0,0,0,0,0,0,0,0
987,33322876,22073,14333,1,0,0,0,0,0,0,0,0,0,0,0,0,0,0,0,0
988,33582752,22161,14000,1,0,0,0,0,0,0,0,0,0,0,0,0,0,0,0,0
989,31710124,22137,13041,1,0,0,0,0,0,0,0,0,0,0,0,0,0,0,0,0
990,30548584,22125,13000,1,0,0,0,0,0,0,0,0,0,0,0,0,0,0,0,0
991,30045542,22073,12667,1,0,0,0,0,0,0,0,0,0,0,0,0,0,0,0,0
992,32494250,32909,299750,1,0,0,281417,1,278125,1,0,0,0,0,0,0,0,0,0,0
993,33658168,22441,14709,1,0,0,0,0,0,0,0,0,0,0,0,0,0,0,0,0
994,33616040,22073,14666,1,0,0,0,0,0,0,0,0,0,0,0,0,0,0,0,0
995,33630000,22073,15917,1,0,0,0,0,0,0,0,0,0,0,0,0,0,0,0,0
996,34123084,22137,15458,1,0,0,0,0,0,0,0,0,0,0,0,0,0,0,0,0
997,35351584,22125,15542,1,0,0,0,0,0,0,0,0,0,0,0,0,0,0,0,0
998,35626916,22161,16042,1,0,0,0,0,0,0,0,0,0,0,0,0,0,0,0,0
999,41385040,22137,16667,1,0,0,0,0,0,0,0,0,0,0,0,0,0,0,0,0
1000,36365248,22073,16958,1,0,0,0,0,0,0,0,0,0,0,0,0,0,0,0,0
1001,35201664,22073,32917,1,0,0,0,0,0,0,0,0,0,0,0,0,0,0,0,0
1002,38932168,22137,17709,1,0,0,0,0,0,0,0,0,0,0,0,0,0,0,0,0
1003,43688292,22213,19458,1,0,0,0,0,0,0,0,0,0,0,0,0,0,0,0,0
1004,52604416,22073,22292,1,0,0,0,0,0,0,0,0,0,0,0,0,0,0,0,0
1005,64553000,22701,31042,1,0,0,0,0,0,0,0,0,0,0,0,0,0,0,0,0
1006,66271168,22377,33750,1,0,0,0,0,0,0,0,0,0,0,0,0,0,0,0,0
1007,67815504,22189,34542,1,0,0,0,0,0,0,0,0,0,0,0,0,0,0,0,0
1008,66078332,22073,33583,1,0,0,0,0,0,0,0,0,0,0,0,0,0,0,0,0
1009,59178460,22225,27875,1,0,0,0,0,0,0,0,0,0,0,0,0,0,0,0,0
1010,52367876,22073,25250,1,0,0,0,0,0,0,0,0,0,0,0,0,0,0,0,0
1011,45638040,22189,21708,1,0,0,0,0,0,0,0,0,0,0,0,0,0,0,0,0
1012,47006292,22161,21916,1,0,0,0,0,0,0,0,0,0,0,0,0,0,0,0,0
1013,46290960,22073,22708,1,0,0,0,0,0,0,0,0,0,0,0,0,0,0,0,0
1014,44770752,22701,24166,1,0,0,0,0,0,0,0,0,0,0,0,0,0,0,0,0
1015,42924000,22289,19167,1,0,0,0,0,0,0,0,0,0,0,0,0,0,0,0,0
1016,42057752,22213,18667,1,0,0,0,0,0,0,0,0,0,0,0,0,0,0,0,0
1017,44994500,22137,24417,1,0,0,0,0,0,0,0,0,0,0,0,0,0,0,0,0
1018,46264000,22073,22792,1,0,0,0,0,0,0,0,0,0,0,0,0,0,0,0,0
1019,47558456,22073,21791,1,0,0,0,0,0,0,0,0,0,0,0,0,0,0,0,0
1020,46424416,22225,20833,1,0,0,0,0,0,0,0,0,0,0,0,0,0,0,0,0
1021,46864416,22125,20167,1,0,0,0,0,0,0,0,0,0,0,0,0,0,0,0,0
1022,50595456,22073,21208,1,0,0,0,0,0,0,0,0,0,0,0,0,0,0,0,0
1023,55292792,22137,36542,1,0,0,0,0,0,0,0,0,0,0,0,0,0,0,0,0
1024,52843832,22725,22583,1,0,0,0,0,0,0,0,0,0,0,0,0,0,0,0,0
1025,51633292,22405,21459,1,0,0,0,0,0,0,0,0,0,0,0,0,0,0,0,0
1026,45659832,27553,451625,1,0,0,423291,1,419459,1,0,0,0,0,0,0,0,0,0,0
1027,42600124,22161,17916,1,0,0,0,0,0,0,0,0,0,0,0,0,0,0,0,0
1028,37862916,22137,15500,1,0,0,0,0,0,0,0,0,0,0,0,0,0,0,0,0
1029,36727248,22073,16167,1,0,0,0,0,0,0,0,0,0,0,0,0,0,0,0,0
1030,36009792,22125,14667,1,0,0,0,0,0,0,0,0,0,0,0,0,0,0,0,0
1031,33816084,22225,13750,1,0,0,0,0,0,0,0,0,0,0,0,0,0,0,0,0
1032,33673332,22073,14458,1,0,0,0,0,0,0,0,0,0,0,0,0,0,0,0,0
1033,33460500,22073,14209,1,0,0,0,0,0,0,0,0,0,0,0,0,0,0,0,0
1034,33615752,22137,13542,1,0,0,0,0,0,0,0,0,0,0,0,0,0,0,0,0
1035,34093960,22073,14541,1,0,0,0,0,0,0,0,0,0,0,0,0,0,0,0,0
1036,33519376,22213,15500,1,0,0,0,0,0,0,0,0,0,0,0,0,0,0,0,0
1037,33493542,22137,15917,1,0,0,0,0,0,0,0,0,0,0,0,0,0,0,0,0
1038,30481334,22637,14958,1,0,0,0,0,0,0,0,0,0,0,0,0,0,0,0,0
1039,30457208,22289,14125,1,0,0,0,0,0,0,0,0,0,0,0,0,0,0,0,0
1040,30627000,32345,332125,1,0,0,312000,1,309000,1,0,0,0,0,0,0,0,0,0,0
1041,30517000,22225,14583,1,0,0,0,0,0,0,0,0,0,0,0,0,0,0,0,0
1042,30402960,22073,15375,1,0,0,0,0,0,0,0,0,0,0,0,0,0,0,0,0
1043,30294668,22125,14666,1,0,0,0,0,0,0,0,0,0,0,0,0,0,0,0,0
1044,30553876,22073,15833,1,0,0,0,0,0,0,0,0,0,0,0,0,0,0,0,0
1045,34544960,22137,16792,1,0,0,0,0,0,0,0,0,0,0,0,0,0,0,0,0
1046,33139416,22161,14667,1,0,0,0,0,0,0,0,0,0,0,0,0,0,0,0,0
1047,33790708,22073,16584,1,0,0,0,0,0,0,0,0,0,0,0,0,0,0,0,0
1048,33714664,22137,16209,1,0,0,0,0,0,0,0,0,0,0,0,0,0,0,0,0
1049,33505292,22073,16375,1,0,0,0,0,0,0,0,0,0,0,0,0,0,0,0,0
1050,33798208,22125,16375,1,0,0,0,0,0,0,0,0,0,0,0,0,0,0,0,0
1051,33483208,22225,16167,1,0,0,0,0,0,0,0,0,0,0,0,0,0,0,0,0
1052,33862456,22073,15709,1,0,0,0,0,0,0,0,0,0,0,0,0,0,0,0,0
1053,36294708,22637,16167,1,0,0,0,0,0,0,0,0,0,0,0,0,0,0,0,0
1054,37175040,22353,38625,1,0,0,0,0,0,0,0,0,0,0,0,0,0,0,0,0
1055,35304916,22073,39500,1,0,0,0,0,0,0,0,0,0,0,0,0,0,0,0,0
1056,36135332,22213,33667,1,0,0,0,0,0,0,0,0,0,0,0,0,0,0,0,0
1057,35301624,22137,51541,1,0,0,0,0,0,0,0,0,0,0,0,0,0,0,0,0
1058,39347544,22073,51666,1,0,0,0,0,0,0,0,0,0,0,0,0,0,0,0,0
1059,47649248,22073,67083,1,0,0,0,0,0,0,0,0,0,0,0,0,0,0,0,0
1060,52963248,22225,50542,1,0,0,0,0,0,0,0,0,0,0,0,0,0,0,0,0
1061,66519248,22125,56834,1,0,0,0,0,0,0,0,0,0,0,0,0,0,0,0,0
1062,66461168,22137,31250,1,0,0,0,0,0,0,0,0,0,0,0,0,0,0,0,0
1063,68338080,22161,32250,1,0,0,0,0,0,0,0,0,0,0,0,0,0,0,0,0
1064,69278288,22753,63416,1,0,0,0,0,0,0,0,0,0,0,0,0,0,0,0,0
1065,66056248,22289,32166,1,0,0,0,0,0,0,0,0,0,0,0,0,0,0,0,0
1066,54905332,22225,30125,1,0,0,0,0,0,0,0,0,0,0,0,0,0,0,0,0
1067,47978960,22073,27833,1,0,0,0,0,0,0,0,0,0,0,0,0,0,0,0,0
1068,50964376,22189,23625,1,0,0,0,0,0,0,0,0,0,0,0,0,0,0,0,0
1069,43891584,22161,22542,1,0,0,0,0,0,0,0,0,0,0,0,0,0,0,0,0
1070,39757708,22073,18209,1,0,0,0,0,0,0,0,0,0,0,0,0,0,0,0,0
1071,40397544,22137,18250,1,0,0,0,0,0,0,0,0,0,0,0,0,0,0,0,0
1072,45707376,22073,19042,1,0,0,0,0,0,0,0,0,0,0,0,0,0,0,0,0
1073,46161916,22213,21625,1,0,0,0,0,0,0,0,0,0,0,0,0,0,0,0,0
1074,45600752,28397,378208,1,0,0,352291,1,348917,1,0,0,0,0,0,0,0,0,0,0
1075,46125376,22073,21250,1,0,0,0,0,0,0,0,0,0,0,0,0,0,0,0,0
1076,46023208,22073,20958,1,0,0,0,0,0,0,0,0,0,0,0,0,0,0,0,0
1077,45224832,22225,19292,1,0,0,0,0,0,0,0,0,0,0,0,0,0,0,0,0
1078,43540376,22125,19625,1,0,0,0,0,0,0,0,0,0,0,0,0,0,0,0,0
1079,45709540,22073,18709,1,0,0,0,0,0,0,0,0,0,0,0,0,0,0,0,0
1080,44310336,22137,18750,1,0,0,0,0,0,0,0,0,0,0,0,0,0,0,0,0
1081,40683292,22161,18750,1,0,0,0,0,0,0,0,0,0,0,0,0,0,0,0,0
1082,37912832,22073,15875,1,0,0,0,0,0,0,0,0,0,0,0,0,0,0,0,0
1083,37339708,22189,15916,1,0,0,0,0,0,0,0,0,0,0,0,0,0,0,0,0
1084,33861336,22073,14375,1,0,0,0,0,0,0,0,0,0,0,0,0,0,0,0,0
1085,33431042,22073,13958,1,0,0,0,0,0,0,0,0,0,0,0,0,0,0,0,0
1086,33612248,23005,14125,1,0,0,0,0,0,0,0,0,0,0,0,0,0,0,0,0
1087,33666500,22073,14750,1,0,0,0,0,0,0,0,0,0,0,0,0,0,0,0,0
1088,33622752,32345,352750,1,0,0,334084,1,331125,1,0,0,0,0,0,0,0,0,0,0
1089,33513376,22189,14500,1,0,0,0,0,0,0,0,0,0,0,0,0,0,0,0,0
1090,33438792,22073,14375,1,0,0,0,0,0,0,0,0,0,0,0,0,0,0,0,0
1091,33461332,22161,15583,1,0,0,0,0,0,0,0,0,0,0,0,0,0,0,0,0
1092,37017292,22137,16791,1,0,0,0,0,0,0,0,0,0,0,0,0,0,0,0,0
1093,33577916,22073,15625,1,0,0,0,0,0,0,0,0,0,0,0,0,0,0,0,0
1094,31958542,22073,16000,1,0,0,0,0,0,0,0,0,0,0,0,0,0,0,0,0
1095,30508584,22189,14500,1,0,0,0,0,0,0,0,0,0,0,0,0,0,0,0,0
1096,30734334,22161,14541,1,0,0,0,0,0,0,0,0,0,0,0,0,0,0,0,0
1097,30725624,22073,14709,1,0,0,0,0,0,0,0,0,0,0,0,0,0,0,0,0
1098,30484876,22073,15083,1,0,0,0,0,0,0,0,0,0,0,0,0,0,0,0,0
1099,30781208,22137,15208,1,0,0,0,0,0,0,0,0,0,0,0,0,0,0,0,0
1100,31607916,22073,14792,1,0,0,0,0,0,0,0,0,0,0,0,0,0,0,0,0
1101,33057250,22725,14584,1,0,0,0,0,0,0,0,0,0,0,0,0,0,0,0,0
1102,33618248,22341,16125,1,0,0,0,0,0,0,0,0,0,0,0,0,0,0,0,0
1103,33734792,22137,16542,1,0,0,0,0,0,0,0,0,0,0,0,0,0,0,0,0
1104,33910376,22073,15916,1,0,0,0,0,0,0,0,0,0,0,0,0,0,0,0,0
1105,33406208,22073,16167,1,0,0,0,0,0,0,0,0,0,0,0,0,0,0,0,0
1106,33702168,22225,16583,1,0,0,0,0,0,0,0,0,0,0,0,0,0,0,0,0
1107,36543708,22073,16459,1,0,0,0,0,0,0,0,0,0,0,0,0,0,0,0,0
1108,34015416,22125,16375,1,0,0,0,0,0,0,0,0,0,0,0,0,0,0,0,0
1109,34187624,22137,16500,1,0,0,0,0,0,0,0,0,0,0,0,0,0,0,0,0
1110,35092752,22073,16542,1,0,0,0,0,0,0,0,0,0,0,0,0,0,0,0,0
1111,33324332,22161,16708,1,0,0,0,0,0,0,0,0,0,0,0,0,0,0,0,0
1112,33774500,22137,16167,1,0,0,0,0,0,0,0,0,0,0,0,0,0,0,0,0
1113,34770248,22073,16708,1,0,0,0,0,0,0,0,0,0,0,0,0,0,0,0,0
1114,34637124,22125,19417,1,0,0,0,0,0,0,0,0,0,0,0,0,0,0,0,0
1115,36857752,22701,18333,1,0,0,0,0,0,0,0,0,0,0,0,0,0,0,0,0
1116,36234376,22377,15375,1,0,0,0,0,0,0,0,0,0,0,0,0,0,0,0,0
1117,35506876,22073,15541,1,0,0,0,0,0,0,0,0,0,0,0,0,0,0,0,0
1118,36599708,22137,16167,1,0,0,0,0,0,0,0,0,0,0,0,0,0,0,0,0
1119,35666124,22073,14458,1,0,0,0,0,0,0,0,0,0,0,0,0,0,0,0,0
1120,40652168,22125,14833,1,0,0,0,0,0,0,0,0,0,0,0,0,0,0,0,0
1121,47791208,22225,20250,1,0,0,0,0,0,0,0,0,0,0,0,0,0,0,0,0
1122,54599248,27553,454208,1,0,0,426000,1,416041,1,0,0,0,0,0,0,0,0,0,0
1123,65622752,22137,27667,1,0,0,0,0,0,0,0,0,0,0,0,0,0,0,0,0
1124,66795208,22213,26917,1,0,0,0,0,0,0,0,0,0,0,0,0,0,0,0,0
1125,67174168,22137,27834,1,0,0,0,0,0,0,0,0,0,0,0,0,0,0,0,0
1126,63703208,22637,28375,1,0,0,0,0,0,0,0,0,0,0,0,0,0,0,0,0
1127,54554916,22441,21750,1,0,0,0,0,0,0,0,0,0,0,0,0,0,0,0,0
1128,50442124,22125,22458,1,0,0,0,0,0,0,0,0,0,0,0,0,0,0,0,0
1129,46993376,22137,19000,1,0,0,0,0,0,0,0,0,0,0,0,0,0,0,0,0
1130,48995624,22073,19167,1,0,0,0,0,0,0,0,0,0,0,0,0,0,0,0,0
1131,45254500,22161,19708,1,0,0,0,0,0,0,0,0,0,0,0,0,0,0,0,0
1132,44961084,22137,19083,1,0,0,0,0,0,0,0,0,0,0,0,0,0,0,0,0
1133,39266376,22125,18083,1,0,0,0,0,0,0,0,0,0,0,0,0,0,0,0,0
1134,41550208,22073,21125,1,0,0,0,0,0,0,0,0,0,0,0,0,0,0,0,0
1135,42910456,22225,21042,1,0,0,0,0,0,0,0,0,0,0,0,0,0,0,0,0
1136,43707792,32909,450708,1,0,0,422125,1,417667,1,0,0,0,0,0,0,0,0,0,0
1137,45412000,22289,21916,1,0,0,0,0,0,0,0,0,0,0,0,0,0,0,0,0
1138,46214792,22189,22000,1,0,0,0,0,0,0,0,0,0,0,0,0,0,0,0,0
1139,45572792,22161,21542,1,0,0,0,0,0,0,0,0,0,0,0,0,0,0,0,0
1140,46282336,22073,40167,1,0,0,0,0,0,0,0,0,0,0,0,0,0,0,0,0
1141,53035376,22137,27125,1,0,0,0,0,0,0,0,0,0,0,0,0,0,0,0,0
1142,48326248,22073,22292,1,0,0,0,0,0,0,0,0,0,0,0,0,0,0,0,0
1143,55223040,22277,25791,1,0,0,0,0,0,0,0,0,0,0,0,0,0,0,0,0
1144,52964208,22073,27542,1,0,0,0,0,0,0,0,0,0,0,0,0,0,0,0,0
1145,53191500,22137,25875,1,0,0,0,0,0,0,0,0,0,0,0,0,0,0,0,0
1146,53832292,22725,25417,1,0,0,0,0,0,0,0,0,0,0,0,0,0,0,0,0
1147,51009208,22405,25583,1,0,0,0,0,0,0,0,0,0,0,0,0,0,0,0,0
1148,43713624,22073,20875,1,0,0,0,0,0,0,0,0,0,0,0,0,0,0,0,0
1149,43630040,22073,20959,1,0,0,0,0,0,0,0,0,0,0,0,0,0,0,0,0
1150,38236248,22225,39917,1,0,0,0,0,0,0,0,0,0,0,0,0,0,0,0,0
1151,39999624,22073,40625,1,0,0,0,0,0,0,0,0,0,0,0,0,0,0,0,0
1152,34962168,22125,37500,1,0,0,0,0,0,0,0,0,0,0,0,0,0,0,0,0
1153,33494500,22137,35916,1,0,0,0,0,0,0,0,0,0,0,0,0,0,0,0,0
1154,33656292,22073,32875,1,0,0,0,0,0,0,0,0,0,0,0,0,0,0,0,0
1155,33626584,22161,34708,1,0,0,0,0,0,0,0,0,0,0,0,0,0,0,0,0
1156,35962832,22137,39542,1,0,0,0,0,0,0,0,0,0,0,0,0,0,0,0,0
1157,35389000,22073,35833,1,0,0,0,0,0,0,0,0,0,0,0,0,0,0,0,0
1158,37204624,22125,22542,1,0,0,0,0,0,0,0,0,0,0,0,0,0,0,0,0
1159,36783916,22701,16417,1,0,0,0,0,0,0,0,0,0,0,0,0,0,0,0,0
1160,35159624,22377,16750,1,0,0,0,0,0,0,0,0,0,0,0,0,0,0,0,0
1161,35480376,22073,16500,1,0,0,0,0,0,0,0,0,0,0,0,0,0,0,0,0
1162,35076544,22137,16417,1,0,0,0,0,0,0,0,0,0,0,0,0,0,0,0,0
1163,35679292,22073,17458,1,0,0,0,0,0,0,0,0,0,0,0,0,0,0,0,0
1164,35924124,22125,16791,1,0,0,0,0,0,0,0,0,0,0,0,0,0,0,0,0
1165,44478336,22225,20000,1,0,0,0,0,0,0,0,0,0,0,0,0,0,0,0,0
1166,45427376,22073,20125,1,0,0,0,0,0,0,0,0,0,0,0,0,0,0,0,0
1167,48142876,22073,21667,1,0,0,0,0,0,0,0,0,0,0,0,0,0,0,0,0
1168,53179168,22137,26208,1,0,0,0,0,0,0,0,0,0,0,0,0,0,0,0,0
1169,57425584,22213,25875,1,0,0,0,0,0,0,0,0,0,0,0,0,0,0,0,0
1170,59965040,27617,570375,1,0,0,531459,1,525958,1,0,0,0,0,0,0,0,0,0,0
1171,56296624,22637,25458,1,0,0,0,0,0,0,0,0,0,0,0,0,0,0,0,0
1172,53897584,22441,23791,1,0,0,0,0,0,0,0,0,0,0,0,0,0,0,0,0
1173,53388584,22125,23417,1,0,0,0,0,0,0,0,0,0,0,0,0,0,0,0,0
1174,52863376,22137,23750,1,0,0,0,0,0,0,0,0,0,0,0,0,0,0,0,0
1175,54109752,22161,22166,1,0,0,0,0,0,0,0,0,0,0,0,0,0,0,0,0
1176,44991456,22137,21375,1,0,0,0,0,0,0,0,0,0,0,0,0,0,0,0,0
1177,46134000,22125,19125,1,0,0,0,0,0,0,0,0,0,0,0,0,0,0,0,0
1178,45663208,22073,18125,1,0,0,0,0,0,0,0,0,0,0,0,0,0,0,0,0
1179,43932292,22225,18333,1,0,0,0,0,0,0,0,0,0,0,0,0,0,0,0,0
1180,45768084,22073,18833,1,0,0,0,0,0,0,0,0,0,0,0,0,0,0,0,0
1181,45531084,22637,18375,1,0,0,0,0,0,0,0,0,0,0,0,0,0,0,0,0
1182,44898456,22405,17875,1,0,0,0,0,0,0,0,0,0,0,0,0,0,0,0,0
1183,44974876,22161,19916,1,0,0,0,0,0,0,0,0,0,0,0,0,0,0,0,0
1184,45943208,32345,400833,1,0,0,375791,1,371667,1,0,0,0,0,0,0,0,0,0,0
1185,47936544,22137,19083,1,0,0,0,0,0,0,0,0,0,0,0,0,0,0,0,0
1186,54869544,22073,20209,1,0,0,0,0,0,0,0,0,0,0,0,0,0,0,0,0
1187,55719540,22277,24542,1,0,0,0,0,0,0,0,0,0,0,0,0,0,0,0,0
1188,57142792,22073,27375,1,0,0,0,0,0,0,0,0,0,0,0,0,0,0,0,0
1189,53479668,22137,24042,1,0,0,0,0,0,0,0,0,0,0,0,0,0,0,0,0
1190,52569668,22161,24458,1,0,0,0,0,0,0,0,0,0,0,0,0,0,0,0,0
1191,46688168,22753,25542,1,0,0,0,0,0,0,0,0,0,0,0,0,0,0,0,0
1192,43669376,22289,21458,1,0,0,0,0,0,0,0,0,0,0,0,0,0,0,0,0
1193,38788460,22073,21667,1,0,0,0,0,0,0,0,0,0,0,0,0,0,0,0,0
1194,37725584,22225,18417,1,0,0,0,0,0,0,0,0,0,0,0,0,0,0,0,0
1195,33591332,22073,16583,1,0,0,0,0,0,0,0,0,0,0,0,0,0,0,0,0
1196,35925916,22125,16041,1,0,0,0,0,0,0,0,0,0,0,0,0,0,0,0,0
1197,33883332,22137,16250,1,0,0,0,0,0,0,0,0,0,0,0,0,0,0,0,0
1198,34083832,22073,16458,1,0,0,0,0,0,0,0,0,0,0,0,0,0,0,0,0
1199,34517708,22161,16000,1,0,0,0,0,0,0,0,0,0,0,0,0,0,0,0,0
1200,36641208,22137,16958,1,0,0,0,0,0,0,0,0,0,0,0,0,0,0,0,0
1201,37363916,22073,15916,1,0,0,0,0,0,0,0,0,0,0,0,0,0,0,0,0
1202,36016960,22125,15667,1,0,0,0,0,0,0,0,0,0,0,0,0,0,0,0,0
1203,35523208,22137,16958,1,0,0,0,0,0,0,0,0,0,0,0,0,0,0,0,0
1204,35464248,22725,18000,1,0,0,0,0,0,0,0,0,0,0,0,0,0,0,0,0
1205,38760832,22289,16833,1,0,0,0,0,0,0,0,0,0,0,0,0,0,0,0,0
1206,40609832,22137,19208,1,0,0,0,0,0,0,0,0,0,0,0,0,0,0,0,0
1207,43895792,22073,22041,1,0,0,0,0,0,0,0,0,0,0,0,0,0,0,0,0
1208,50497832,22213,21916,1,0,0,0,0,0,0,0,0,0,0,0,0,0,0,0,0
1209,57135248,22137,27958,1,0,0,0,0,0,0,0,0,0,0,0,0,0,0,0,0
1210,66380792,22073,36625,1,0,0,0,0,0,0,0,0,0,0,0,0,0,0,0,0
1211,66414040,22225,35500,1,0,0,0,0,0,0,0,0,0,0,0,0,0,0,0,0
1212,69021416,22125,35250,1,0,0,0,0,0,0,0,0,0,0,0,0,0,0,0,0
1213,59201540,22701,24916,1,0,0,0,0,0,0,0,0,0,0,0,0,0,0,0,0
1214,56107668,22377,24792,1,0,0,0,0,0,0,0,0,0,0,0,0,0,0,0,0
1215,51818208,22137,23667,1,0,0,0,0,0,0,0,0,0,0,0,0,0,0,0,0
1216,46926832,22125,19291,1,0,0,0,0,0,0,0,0,0,0,0,0,0,0,0,0
1217,45855000,22161,19042,1,0,0,0,0,0,0,0,0,0,0,0,0,0,0,0,0
1218,50451000,27617,483375,1,0,0,445709,1,436917,1,0,0,0,0,0,0,0,0,0,0
1219,47224752,22073,18750,1,0,0,0,0,0,0,0,0,0,0,0,0,0,0,0,0
1220,47420208,22073,19167,1,0,0,0,0,0,0,0,0,0,0,0,0,0,0,0,0
1221,46717460,22277,17875,1,0,0,0,0,0,0,0,0,0,0,0,0,0,0,0,0
1222,49990248,22073,21708,1,0,0,0,0,0,0,0,0,0,0,0,0,0,0,0,0
1223,56190040,22637,25375,1,0,0,0,0,0,0,0,0,0,0,0,0,0,0,0,0
1224,54443832,22441,22375,1,0,0,0,0,0,0,0,0,0,0,0,0,0,0,0,0
1225,53419708,22125,22375,1,0,0,0,0,0,0,0,0,0,0,0,0,0,0,0,0
1226,51715416,22137,22708,1,0,0,0,0,0,0,0,0,0,0,0,0,0,0,0,0
1227,52382668,22161,25333,1,0,0,0,0,0,0,0,0,0,0,0,0,0,0,0,0
1228,55819000,22137,24000,1,0,0,0,0,0,0,0,0,0,0,0,0,0,0,0,0
1229,46552332,22125,24125,1,0,0,0,0,0,0,0,0,0,0,0,0,0,0,0,0
1230,47792624,22225,21000,1,0,0,0,0,0,0,0,0,0,0,0,0,0,0,0,0
1231,46264540,22073,22250,1,0,0,0,0,0,0,0,0,0,0,0,0,0,0,0,0
1232,46529752,32345,481958,1,0,0,447375,1,439000,1,0,0,0,0,0,0,0,0,0,0
1233,53366332,22701,21958,1,0,0,0,0,0,0,0,0,0,0,0,0,0,0,0,0
1234,54809416,22429,27375,1,0,0,0,0,0,0,0,0,0,0,0,0,0,0,0,0
1235,49346124,22137,21083,1,0,0,0,0,0,0,0,0,0,0,0,0,0,0,0,0
1236,49228876,22073,28042,1,0,0,0,0,0,0,0,0,0,0,0,0,0,0,0,0
1237,47221084,22161,23708,1,0,0,0,0,0,0,0,0,0,0,0,0,0,0,0,0
1238,52887624,22189,27917,1,0,0,0,0,0,0,0,0,0,0,0,0,0,0,0,0
1239,46699624,22073,27125,1,0,0,0,0,0,0,0,0,0,0,0,0,0,0,0,0
1240,48250916,22073,21958,1,0,0,0,0,0,0,0,0,0,0,0,0,0,0,0,0
1241,51154040,22225,26209,1,0,0,0,0,0,0,0,0,0,0,0,0,0,0,0,0
1242,48679876,22073,25500,1,0,0,0,0,0,0,0,0,0,0,0,0,0,0,0,0
1243,49230544,22689,21333,1,0,0,0,0,0,0,0,0,0,0,0,0,0,0,0,0
1244,49471248,22353,24208,1,0,0,0,0,0,0,0,0,0,0,0,0,0,0,0,0
1245,48312000,22161,20375,1,0,0,0,0,0,0,0,0,0,0,0,0,0,0,0,0
1246,45477292,22073,44625,1,0,0,0,0,0,0,0,0,0,0,0,0,0,0,0,0
1247,45875416,22137,40375,1,0,0,0,0,0,0,0,0,0,0,0,0,0,0,0,0
1248,48007084,22125,51625,1,0,0,0,0,0,0,0,0,0,0,0,0,0,0,0,0
1249,47741708,22161,69458,1,0,0,0,0,0,0,0,0,0,0,0,0,0,0,0,0
1250,46667376,22137,42375,1,0,0,0,0,0,0,0,0,0,0,0,0,0,0,0,0
1251,46960040,22073,44000,1,0,0,0,0,0,0,0,0,0,0,0,0,0,0,0,0
1252,46226124,22073,46000,1,0,0,0,0,0,0,0,0,0,0,0,0,0,0,0,0
1253,47625876,22277,49083,1,0,0,0,0,0,0,0,0,0,0,0,0,0,0,0,0
1254,46888248,22637,24250,1,0,0,0,0,0,0,0,0,0,0,0,0,0,0,0,0
1255,45076292,22289,24333,1,0,0,0,0,0,0,0,0,0,0,0,0,0,0,0,0
1256,46193416,22137,21958,1,0,0,0,0,0,0,0,0,0,0,0,0,0,0,0,0
1257,43459960,22161,22000,1,0,0,0,0,0,0,0,0,0,0,0,0,0,0,0,0
1258,43237124,22125,21291,1,0,0,0,0,0,0,0,0,0,0,0,0,0,0,0,0
1259,41821168,22137,20292,1,0,0,0,0,0,0,0,0,0,0,0,0,0,0,0,0
1260,38038456,22073,20667,1,0,0,0,0,0,0,0,0,0,0,0,0,0,0,0,0
1261,36331668,22161,18834,1,0,0,0,0,0,0,0,0,0,0,0,0,0,0,0,0
1262,33263460,22137,16833,1,0,0,0,0,0,0,0,0,0,0,0,0,0,0,0,0
1263,33946708,22073,16125,1,0,0,0,0,0,0,0,0,0,0,0,0,0,0,0,0
1264,33350416,22125,16292,1,0,0,0,0,0,0,0,0,0,0,0,0,0,0,0,0
1265,33686668,22137,16584,1,0,0,0,0,0,0,0,0,0,0,0,0,0,0,0,0
1266,33563876,27641,294125,1,0,0,273209,1,270250,1,0,0,0,0,0,0,0,0,0,0
1267,33941168,22637,16291,1,0,0,0,0,0,0,0,0,0,0,0,0,0,0,0,0
1268,33849960,22353,15375,1,0,0,0,0,0,0,0,0,0,0,0,0,0,0,0,0
1269,33577960,22073,14917,1,0,0,0,0,0,0,0,0,0,0,0,0,0,0,0,0
1270,33610416,22125,14792,1,0,0,0,0,0,0,0,0,0,0,0,0,0,0,0,0
1271,30806376,22225,12458,1,0,0,0,0,0,0,0,0,0,0,0,0,0,0,0,0
1272,30164708,22073,13333,1,0,0,0,0,0,0,0,0,0,0,0,0,0,0,0,0
1273,32784668,22073,13250,1,0,0,0,0,0,0,0,0,0,0,0,0,0,0,0,0
1274,30515668,22073,12917,1,0,0,0,0,0,0,0,0,0,0,0,0,0,0,0,0
1275,30502584,22137,12750,1,0,0,0,0,0,0,0,0,0,0,0,0,0,0,0,0
1276,32837000,22161,13167,1,0,0,0,0,0,0,0,0,0,0,0,0,0,0,0,0
1277,31713832,22125,12667,1,0,0,0,0,0,0,0,0,0,0,0,0,0,0,0,0
1278,33361084,22073,14292,1,0,0,0,0,0,0,0,0,0,0,0,0,0,0,0,0
1279,33551876,22137,14000,1,0,0,0,0,0,0,0,0,0,0,0,0,0,0,0,0
1280,33670124,32345,319750,1,0,0,296334,1,293417,1,0,0,0,0,0,0,0,0,0,0
1281,32782376,22161,14125,1,0,0,0,0,0,0,0,0,0,0,0,0,0,0,0,0
1282,33507832,22701,14542,1,0,0,0,0,0,0,0,0,0,0,0,0,0,0,0,0
1283,33799000,22289,15167,1,0,0,0,0,0,0,0,0,0,0,0,0,0,0,0,0
1284,33411000,22125,15750,1,0,0,0,0,0,0,0,0,0,0,0,0,0,0,0,0
1285,34647168,22137,15125,1,0,0,0,0,0,0,0,0,0,0,0,0,0,0,0,0
1286,33583124,22161,15750,1,0,0,0,0,0,0,0,0,0,0,0,0,0,0,0,0
1287,33512000,22073,19583,1,0,0,0,0,0,0,0,0,0,0,0,0,0,0,0,0
1288,34215832,22137,18084,1,0,0,0,0,0,0,0,0,0,0,0,0,0,0,0,0
1289,38182416,22073,19125,1,0,0,0,0,0,0,0,0,0,0,0,0,0,0,0,0
1290,37519208,22125,18709,1,0,0,0,0,0,0,0,0,0,0,0,0,0,0,0,0
1291,36632168,22225,20458,1,0,0,0,0,0,0,0,0,0,0,0,0,0,0,0,0
1292,35311960,22073,17208,1,0,0,0,0,0,0,0,0,0,0,0,0,0,0,0,0
1293,35566708,22073,16583,1,0,0,0,0,0,0,0,0,0,0,0,0,0,0,0,0
1294,35451708,22137,17250,1,0,0,0,0,0,0,0,0,0,0,0,0,0,0,0,0
1295,40033708,22073,18417,1,0,0,0,0,0,0,0,0,0,0,0,0,0,0,0,0
1296,45898332,22777,17958,1,0,0,0,0,0,0,0,0,0,0,0,0,0,0,0,0
1297,53343084,22353,25083,1,0,0,0,0,0,0,0,0,0,0,0,0,0,0,0,0
1298,65282248,22073,30583,1,0,0,0,0,0,0,0,0,0,0,0,0,0,0,0,0
1299,65519668,22225,31750,1,0,0,0,0,0,0,0,0,0,0,0,0,0,0,0,0
1300,69349504,22125,32166,1,0,0,0,0,0,0,0,0,0,0,0,0,0,0,0,0
1301,63345916,22137,32625,1,0,0,0,0,0,0,0,0,0,0,0,0,0,0,0,0
1302,54078084,22161,25958,1,0,0,0,0,0,0,0,0,0,0,0,0,0,0,0,0
1303,51280668,22137,27208,1,0,0,0,0,0,0,0,0,0,0,0,0,0,0,0,0
1304,44915040,22125,21834,1,0,0,0,0,0,0,0,0,0,0,0,0,0,0,0,0
1305,46794624,22725,22000,1,0,0,0,0,0,0,0,0,0,0,0,0,0,0,0,0
1306,44604876,22353,21792,1,0,0,0,0,0,0,0,0,0,0,0,0,0,0,0,0
1307,43074208,22073,20167,1,0,0,0,0,0,0,0,0,0,0,0,0,0,0,0,0
1308,40646832,22073,17208,1,0,0,0,0,0,0,0,0,0,0,0,0,0,0,0,0
1309,43967624,22277,17750,1,0,0,0,0,0,0,0,0,0,0,0,0,0,0,0,0
1310,48583500,22073,20625,1,0,0,0,0,0,0,0,0,0,0,0,0,0,0,0,0
1311,45825376,22073,18500,1,0,0,0,0,0,0,0,0,0,0,0,0,0,0,0,0
1312,45341708,22137,19542,1,0,0,0,0,0,0,0,0,0,0,0,0,0,0,0,0
1313,46045292,22161,18500,1,0,0,0,0,0,0,0,0,0,0,0,0,0,0,0,0
1314,45042040,27605,410333,1,0,0,384958,1,380167,1,0,0,0,0,0,0,0,0,0,0
1315,46272624,22137,18042,1,0,0,0,0,0,0,0,0,0,0,0,0,0,0,0,0
1316,45301000,22637,18000,1,0,0,0,0,0,0,0,0,0,0,0,0,0,0,0,0
1317,46609292,22377,18375,1,0,0,0,0,0,0,0,0,0,0,0,0,0,0,0,0
1318,45607332,22137,18375,1,0,0,0,0,0,0,0,0,0,0,0,0,0,0,0,0
1319,48274876,22125,18417,1,0,0,0,0,0,0,0,0,0,0,0,0,0,0,0,0
1320,53875292,22073,22875,1,0,0,0,0,0,0,0,0,0,0,0,0,0,0,0,0
1321,59823832,22225,24291,1,0,0,0,0,0,0,0,0,0,0,0,0,0,0,0,0
1322,54057124,22073,22291,1,0,0,0,0,0,0,0,0,0,0,0,0,0,0,0,0
1323,53831752,22189,22792,1,0,0,0,0,0,0,0,0,0,0,0,0,0,0,0,0
1324,50305708,22161,23083,1,0,0,0,0,0,0,0,0,0,0,0,0,0,0,0,0
1325,46216376,22137,20000,1,0,0,0,0,0,0,0,0,0,0,0,0,0,0,0,0
1326,46201000,22637,21083,1,0,0,0,0,0,0,0,0,0,0,0,0,0,0,0,0
1327,45158752,22289,21125,1,0,0,0,0,0,0,0,0,0,0,0,0,0,0,0,0
1328,45620248,32549,501542,1,0,0,473042,1,467833,1,0,0,0,0,0,0,0,0,0,0
1329,46409916,22073,21375,1,0,0,0,0,0,0,0,0,0,0,0,0,0,0,0,0
1330,44419208,22073,22541,1,0,0,0,0,0,0,0,0,0,0,0,0,0,0,0,0
1331,49810708,22137,22042,1,0,0,0,0,0,0,0,0,0,0,0,0,0,0,0,0
1332,54512000,22161,27458,1,0,0,0,0,0,0,0,0,0,0,0,0,0,0,0,0
1333,51351664,22189,26625,1,0,0,0,0,0,0,0,0,0,0,0,0,0,0,0,0
1334,52139248,22073,26375,1,0,0,0,0,0,0,0,0,0,0,0,0,0,0,0,0
1335,50762040,22225,25833,1,0,0,0,0,0,0,0,0,0,0,0,0,0,0,0,0
1336,47473040,22637,21542,1,0,0,0,0,0,0,0,0,0,0,0,0,0,0,0,0
1337,49348624,22341,21750,1,0,0,0,0,0,0,0,0,0,0,0,0,0,0,0,0
1338,45584500,22137,21000,1,0,0,0,0,0,0,0,0,0,0,0,0,0,0,0,0
1339,47828124,22161,21625,1,0,0,0,0,0,0,0,0,0,0,0,0,0,0,0,0
1340,44026124,22073,21417,1,0,0,0,0,0,0,0,0,0,0,0,0,0,0,0,0
1341,49787832,22137,22208,1,0,0,0,0,0,0,0,0,0,0,0,0,0,0,0,0
1342,46151456,22125,47250,1,0,0,0,0,0,0,0,0,0,0,0,0,0,0,0,0
1343,47485168,22161,69875,1,0,0,0,0,0,0,0,0,0,0,0,0,0,0,0,0
1344,47982084,22137,49750,1,0,0,0,0,0,0,0,0,0,0,0,0,0,0,0,0
1345,43780460,22073,43959,1,0,0,0,0,0,0,0,0,0,0,0,0,0,0,0,0
1346,45669084,22073,43167,1,0,0,0,0,0,0,0,0,0,0,0,0,0,0,0,0
1347,44962292,22841,42250,1,0,0,0,0,0,0,0,0,0,0,0,0,0,0,0,0
1348,45590208,22289,44875,1,0,0,0,0,0,0,0,0,0,0,0,0,0,0,0,0
1349,45287752,22073,42709,1,0,0,0,0,0,0,0,0,0,0,0,0,0,0,0,0
1350,45331376,22137,21167,1,0,0,0,0,0,0,0,0,0,0,0,0,0,0,0,0
1351,43814332,22161,21625,1,0,0,0,0,0,0,0,0,0,0,0,0,0,0,0,0
1352,42226416,22125,22417,1,0,0,0,0,0,0,0,0,0,0,0,0,0,0,0,0
1353,37953624,22137,18041,1,0,0,0,0,0,0,0,0,0,0,0,0,0,0,0,0
1354,37528876,22073,18583,1,0,0,0,0,0,0,0,0,0,0,0,0,0,0,0,0
1355,36144708,22161,19208,1,0,0,0,0,0,0,0,0,0,0,0,0,0,0,0,0
1356,33569916,22137,16833,1,0,0,0,0,0,0,0,0,0,0,0,0,0,0,0,0
1357,33848456,22073,17250,1,0,0,0,0,0,0,0,0,0,0,0,0,0,0,0,0
1358,33316708,22125,16625,1,0,0,0,0,0,0,0,0,0,0,0,0,0,0,0,0
1359,33448208,22701,16833,1,0,0,0,0,0,0,0,0,0,0,0,0,0,0,0,0
1360,33692208,22377,16166,1,0,0,0,0,0,0,0,0,0,0,0,0,0,0,0,0
1361,33370958,22073,16750,1,0,0,0,0,0,0,0,0,0,0,0,0,0,0,0,0
1362,33793040,27617,289834,1,0,0,269959,1,267042,1,0,0,0,0,0,0,0,0,0,0
1363,33386916,22073,16417,1,0,0,0,0,0,0,0,0,0,0,0,0,0,0,0,0
1364,33123124,22125,14833,1,0,0,0,0,0,0,0,0,0,0,0,0,0,0,0,0
1365,30563876,22225,13000,1,0,0,0,0,0,0,0,0,0,0,0,0,0,0,0,0
1366,32524584,22073,13542,1,0,0,0,0,0,0,0,0,0,0,0,0,0,0,0,0
1367,30438460,22073,12666,1,0,0,0,0,0,0,0,0,0,0,0,0,0,0,0,0
1368,30449000,22073,13208,1,0,0,0,0,0,0,0,0,0,0,0,0,0,0,0,0
1369,31654250,22137,13334,1,0,0,0,0,0,0,0,0,0,0,0,0,0,0,0,0
1370,32827750,22161,12166,1,0,0,0,0,0,0,0,0,0,0,0,0,0,0,0,0
1371,33378168,22125,13084,1,0,0,0,0,0,0,0,0,0,0,0,0,0,0,0,0
1372,35994876,22073,14875,1,0,0,0,0,0,0,0,0,0,0,0,0,0,0,0,0
1373,35966708,22137,14250,1,0,0,0,0,0,0,0,0,0,0,0,0,0,0,0,0
1374,35721456,22073,14292,1,0,0,0,0,0,0,0,0,0,0,0,0,0,0,0,0
1375,35299708,22725,14208,1,0,0,0,0,0,0,0,0,0,0,0,0,0,0,0,0
1376,37077208,32625,330125,1,0,0,310084,1,306167,1,0,0,0,0,0,0,0,0,0,0
1377,35744208,22125,14542,1,0,0,0,0,0,0,0,0,0,0,0,0,0,0,0,0
1378,36846544,22073,14458,1,0,0,0,0,0,0,0,0,0,0,0,0,0,0,0,0
1379,42953540,22137,18041,1,0,0,0,0,0,0,0,0,0,0,0,0,0,0,0,0
1380,53329084,22161,21375,1,0,0,0,0,0,0,0,0,0,0,0,0,0,0,0,0
1381,64133876,22073,24208,1,0,0,0,0,0,0,0,0,0,0,0,0,0,0,0,0
1382,67259584,22189,29750,1,0,0,0,0,0,0,0,0,0,0,0,0,0,0,0,0
1383,73147792,22161,33708,1,0,0,0,0,0,0,0,0,0,0,0,0,0,0,0,0
1384,66791960,22701,32375,1,0,0,0,0,0,0,0,0,0,0,0,0,0,0,0,0
1385,66678292,22341,33667,1,0,0,0,0,0,0,0,0,0,0,0,0,0,0,0,0
1386,64182624,22225,32625,1,0,0,0,0,0,0,0,0,0,0,0,0,0,0,0,0
1387,51316792,22073,26041,1,0,0,0,0,0,0,0,0,0,0,0,0,0,0,0,0
1388,51229792,22137,23750,1,0,0,0,0,0,0,0,0,0,0,0,0,0,0,0,0
1389,46597584,22213,27417,1,0,0,0,0,0,0,0,0,0,0,0,0,0,0,0,0
1390,44114248,22073,21875,1,0,0,0,0,0,0,0,0,0,0,0,0,0,0,0,0
1391,41535500,22137,17667,1,0,0,0,0,0,0,0,0,0,0,0,0,0,0,0,0
1392,43790500,22073,18333,1,0,0,0,0,0,0,0,0,0,0,0,0,0,0,0,0
1393,47505124,22161,20875,1,0,0,0,0,0,0,0,0,0,0,0,0,0,0,0,0
1394,46910248,22753,20750,1,0,0,0,0,0,0,0,0,0,0,0,0,0,0,0,0
1395,46474084,22289,21209,1,0,0,0,0,0,0,0,0,0,0,0,0,0,0,0,0
1396,46577584,22073,20958,1,0,0,0,0,0,0,0,0,0,0,0,0,0,0,0,0
1397,49237416,22225,21458,1,0,0,0,0,0,0,0,0,0,0,0,0,0,0,0,0
1398,55207500,22073,25625,1,0,0,0,0,0,0,0,0,0,0,0,0,0,0,0,0
1399,60845832,22189,25875,1,0,0,0,0,0,0,0,0,0,0,0,0,0,0,0,0
1400,54622248,22161,25875,1,0,0,0,0,0,0,0,0,0,0,0,0,0,0,0,0
1401,53069124,22137,25375,1,0,0,0,0,0,0,0,0,0,0,0,0,0,0,0,0
1402,50868456,22073,25750,1,0,0,0,0,0,0,0,0,0,0,0,0,0,0,0,0
1403,43962752,22277,20167,1,0,0,0,0,0,0,0,0,0,0,0,0,0,0,0,0
1404,40986832,22637,19750,1,0,0,0,0,0,0,0,0,0,0,0,0,0,0,0,0
1405,38593376,22289,16958,1,0,0,0,0,0,0,0,0,0,0,0,0,0,0,0,0
1406,37691292,22137,18083,1,0,0,0,0,0,0,0,0,0,0,0,0,0,0,0,0
1407,36039540,22161,14958,1,0,0,0,0,0,0,0,0,0,0,0,0,0,0,0,0
1408,35786248,22073,15416,1,0,0,0,0,0,0,0,0,0,0,0,0,0,0,0,0
1409,35457292,22189,18000,1,0,0,0,0,0,0,0,0,0,0,0,0,0,0,0,0
1410,42796584,27553,296833,1,0,0,275500,1,270291,1,0,0,0,0,0,0,0,0,0,0
1411,39294456,22161,16750,1,0,0,0,0,0,0,0,0,0,0,0,0,0,0,0,0
1412,39730832,22137,15833,1,0,0,0,0,0,0,0,0,0,0,0,0,0,0,0,0
1413,45137708,22073,16083,1,0,0,0,0,0,0,0,0,0,0,0,0,0,0,0,0
1414,43101460,22125,18333,1,0,0,0,0,0,0,0,0,0,0,0,0,0,0,0,0
1415,44979708,22225,25417,1,0,0,0,0,0,0,0,0,0,0,0,0,0,0,0,0
1416,52803168,22637,21916,1,0,0,0,0,0,0,0,0,0,0,0,0,0,0,0,0
1417,53388792,22289,22667,1,0,0,0,0,0,0,0,0,0,0,0,0,0,0,0,0
1418,54172668,22225,40875,1,0,0,0,0,0,0,0,0,0,0,0,0,0,0,0,0
1419,51114040,22125,23958,1,0,0,0,0,0,0,0,0,0,0,0,0,0,0,0,0
1420,47129332,22137,20000,1,0,0,0,0,0,0,0,0,0,0,0,0,0,0,0,0
1421,48634000,22161,21209,1,0,0,0,0,0,0,0,0,0,0,0,0,0,0,0,0
1422,45542708,22073,20875,1,0,0,0,0,0,0,0,0,0,0,0,0,0,0,0,0
1423,45597624,22137,20542,1,0,0,0,0,0,0,0,0,0,0,0,0,0,0,0,0
1424,45435000,32397,415792,1,0,0,388333,1,384375,1,0,0,0,0,0,0,0,0,0,0
1425,45149916,22161,21375,1,0,0,0,0,0,0,0,0,0,0,0,0,0,0,0,0
1426,45856124,22137,24042,1,0,0,0,0,0,0,0,0,0,0,0,0,0,0,0,0
1427,45127960,22637,21500,1,0,0,0,0,0,0,0,0,0,0,0,0,0,0,0,0
1428,43000084,22289,22125,1,0,0,0,0,0,0,0,0,0,0,0,0,0,0,0,0
1429,44299376,22277,19792,1,0,0,0,0,0,0,0,0,0,0,0,0,0,0,0,0
1430,44511708,22073,22459,1,0,0,0,0,0,0,0,0,0,0,0,0,0,0,0,0
1431,45460668,22073,21333,1,0,0,0,0,0,0,0,0,0,0,0,0,0,0,0,0
1432,49706624,22137,25042,1,0,0,0,0,0,0,0,0,0,0,0,0,0,0,0,0
1433,45356208,22161,21625,1,0,0,0,0,0,0,0,0,0,0,0,0,0,0,0,0
1434,44317292,22125,21167,1,0,0,0,0,0,0,0,0,0,0,0,0,0,0,0,0
1435,45123124,22137,20959,1,0,0,0,0,0,0,0,0,0,0,0,0,0,0,0,0
1436,45017876,22073,23458,1,0,0,0,0,0,0,0,0,0,0,0,0,0,0,0,0
1437,45828124,22161,21125,1,0,0,0,0,0,0,0,0,0,0,0,0,0,0,0,0
1438,44328248,22701,46333,1,0,0,0,0,0,0,0,0,0,0,0,0,0,0,0,0
1439,41883916,22341,40542,1,0,0,0,0,0,0,0,0,0,0,0,0,0,0,0,0
1440,37688544,22073,36542,1,0,0,0,0,0,0,0,0,0,0,0,0,0,0,0,0
1441,37565752,22225,37750,1,0,0,0,0,0,0,0,0,0,0,0,0,0,0,0,0
1442,37786248,22073,36583,1,0,0,0,0,0,0,0,0,0,0,0,0,0,0,0,0
1443,39064624,22073,41792,1,0,0,0,0,0,0,0,0,0,0,0,0,0,0,0,0
1444,33695124,22137,37667,1,0,0,0,0,0,0,0,0,0,0,0,0,0,0,0,0
1445,33526208,22125,33500,1,0,0,0,0,0,0,0,0,0,0,0,0,0,0,0,0
1446,33565416,22161,16625,1,0,0,0,0,0,0,0,0,0,0,0,0,0,0,0,0
1447,35814084,22137,16167,1,0,0,0,0,0,0,0,0,0,0,0,0,0,0,0,0
1448,35755752,22073,16250,1,0,0,0,0,0,0,0,0,0,0,0,0,0,0,0,0
1449,35236084,22073,16292,1,0,0,0,0,0,0,0,0,0,0,0,0,0,0,0,0
1450,36530752,22137,17958,1,0,0,0,0,0,0,0,0,0,0,0,0,0,0,0,0
1451,36926416,22777,18667,1,0,0,0,0,0,0,0,0,0,0,0,0,0,0,0,0
1452,35922124,22289,16583,1,0,0,0,0,0,0,0,0,0,0,0,0,0,0,0,0
1453,39052292,22137,17458,1,0,0,0,0,0,0,0,0,0,0,0,0,0,0,0,0
1454,43387500,22073,18708,1,0,0,0,0,0,0,0,0,0,0,0,0,0,0,0,0
1455,46464376,22161,21750,1,0,0,0,0,0,0,0,0,0,0,0,0,0,0,0,0
1456,50918248,22189,21417,1,0,0,0,0,0,0,0,0,0,0,0,0,0,0,0,0
1457,55595416,22073,26542,1,0,0,0,0,0,0,0,0,0,0,0,0,0,0,0,0
1458,53550040,27705,450083,1,0,0,417917,1,412917,1,0,0,0,0,0,0,0,0,0,0
1459,56149708,22073,27250,1,0,0,0,0,0,0,0,0,0,0,0,0,0,0,0,0
1460,60909248,22189,30083,1,0,0,0,0,0,0,0,0,0,0,0,0,0,0,0,0
1461,54562832,22725,23042,1,0,0,0,0,0,0,0,0,0,0,0,0,0,0,0,0
1462,53928292,34877,23000,1,0,0,0,0,0,0,0,0,0,0,0,0,0,0,0,0
1463,53942624,22073,22208,1,0,0,0,0,0,0,0,0,0,0,0,0,0,0,0,0
1464,53120708,22277,24500,1,0,0,0,0,0,0,0,0,0,0,0,0,0,0,0,0
1465,47773752,22073,22584,1,0,0,0,0,0,0,0,0,0,0,0,0,0,0,0,0
1466,49860456,22137,20709,1,0,0,0,0,0,0,0,0,0,0,0,0,0,0,0,0
1467,45610584,22073,18541,1,0,0,0,0,0,0,0,0,0,0,0,0,0,0,0,0
1468,46442500,22161,19041,1,0,0,0,0,0,0,0,0,0,0,0,0,0,0,0,0
1469,46470500,22189,18458,1,0,0,0,0,0,0,0,0,0,0,0,0,0,0,0,0
1470,44964624,22073,20125,1,0,0,0,0,0,0,0,0,0,0,0,0,0,0,0,0
1471,45821416,22073,19042,1,0,0,0,0,0,0,0,0,0,0,0,0,0,0,0,0
1472,45933168,33061,420208,1,0,0,396541,1,392750,1,0,0,0,0,0,0,0,0,0,0
1473,45826332,22289,18584,1,0,0,0,0,0,0,0,0,0,0,0,0,0,0,0,0
1474,45350460,22125,19167,1,0,0,0,0,0,0,0,0,0,0,0,0,0,0,0,0
1475,50716708,22137,20375,1,0,0,0,0,0,0,0,0,0,0,0,0,0,0,0,0
1476,52448708,22161,24125,1,0,0,0,0,0,0,0,0,0,0,0,0,0,0,0,0
1477,55786456,22137,24834,1,0,0,0,0,0,0,0,0,0,0,0,0,0,0,0,0
1478,48061292,22125,24625,1,0,0,0,0,0,0,0,0,0,0,0,0,0,0,0,0
1479,44777248,22225,20750,1,0,0,0,0,0,0,0,0,0,0,0,0,0,0,0,0
1480,42912084,22073,22000,1,0,0,0,0,0,0,0,0,0,0,0,0,0,0,0,0
1481,40498832,22073,22000,1,0,0,0,0,0,0,0,0,0,0,0,0,0,0,0,0
1482,40419124,22701,19083,1,0,0,0,0,0,0,0,0,0,0,0,0,0,0,0,0
1483,41301208,22429,18625,1,0,0,0,0,0,0,0,0,0,0,0,0,0,0,0,0
1484,38783084,22073,18791,1,0,0,0,0,0,0,0,0,0,0,0,0,0,0,0,0
1485,37727792,22137,16166,1,0,0,0,0,0,0,0,0,0,0,0,0,0,0,0,0
1486,41545668,22073,21708,1,0,0,0,0,0,0,0,0,0,0,0,0,0,0,0,0
1487,39723292,22161,23208,1,0,0,0,0,0,0,0,0,0,0,0,0,0,0,0,0
1488,45736500,22137,20750,1,0,0,0,0,0,0,0,0,0,0,0,0,0,0,0,0
1489,44664584,22125,21167,1,0,0,0,0,0,0,0,0,0,0,0,0,0,0,0,0
1490,46004124,22073,20959,1,0,0,0,0,0,0,0,0,0,0,0,0,0,0,0,0
1491,45827332,22225,20791,1,0,0,0,0,0,0,0,0,0,0,0,0,0,0,0,0
1492,49257168,22073,21833,1,0,0,0,0,0,0,0,0,0,0,0,0,0,0,0,0
1493,53519084,22073,26000,1,0,0,0,0,0,0,0,0,0,0,0,0,0,0,0,0
1494,53242540,22753,26291,1,0,0,0,0,0,0,0,0,0,0,0,0,0,0,0,0
1495,50439292,22377,25584,1,0,0,0,0,0,0,0,0,0,0,0,0,0,0,0,0
1496,48533916,22137,21333,1,0,0,0,0,0,0,0,0,0,0,0,0,0,0,0,0
1497,47798668,22073,20958,1,0,0,0,0,0,0,0,0,0,0,0,0,0,0,0,0
1498,51756084,22073,21625,1,0,0,0,0,0,0,0,0,0,0,0,0,0,0,0,0
1499,52401292,22277,24167,1,0,0,0,0,0,0,0,0,0,0,0,0,0,0,0,0
1500,51844624,22073,23875,1,0,0,0,0,0,0,0,0,0,0,0,0,0,0,0,0
1501,49508124,22137,19834,1,0,0,0,0,0,0,0,0,0,0,0,0,0,0,0,0
1502,50287664,22161,20750,1,0,0,0,0,0,0,0,0,0,0,0,0,0,0,0,0
1503,45657792,22125,19625,1,0,0,0,0,0,0,0,0,0,0,0,0,0,0,0,0
1504,46117876,22701,18459,1,0,0,0,0,0,0,0,0,0,0,0,0,0,0,0,0
1505,45271832,22289,18917,1,0,0,0,0,0,0,0,0,0,0,0,0,0,0,0,0
1506,45403416,27641,430375,1,0,0,401292,1,396000,1,0,0,0,0,0,0,0,0,0,0
1507,44868832,22137,24291,1,0,0,0,0,0,0,0,0,0,0,0,0,0,0,0,0
1508,46967876,22125,18625,1,0,0,0,0,0,0,0,0,0,0,0,0,0,0,0,0
1509,45924876,22073,19250,1,0,0,0,0,0,0,0,0,0,0,0,0,0,0,0,0
1510,42765124,22225,18458,1,0,0,0,0,0,0,0,0,0,0,0,0,0,0,0,0
1511,40363000,22073,18416,1,0,0,0,0,0,0,0,0,0,0,0,0,0,0,0,0
1512,37763416,22073,15916,1,0,0,0,0,0,0,0,0,0,0,0,0,0,0,0,0
1513,36897376,22189,15625,1,0,0,0,0,0,0,0,0,0,0,0,0,0,0,0,0
1514,33585584,22161,15000,1,0,0,0,0,0,0,0,0,0,0,0,0,0,0,0,0
1515,33708668,22073,14875,1,0,0,0,0,0,0,0,0,0,0,0,0,0,0,0,0
1516,33706876,22701,14833,1,0,0,0,0,0,0,0,0,0,0,0,0,0,0,0,0
1517,33511668,22289,15125,1,0,0,0,0,0,0,0,0,0,0,0,0,0,0,0,0
1518,33626752,22073,15750,1,0,0,0,0,0,0,0,0,0,0,0,0,0,0,0,0
1519,33643500,22277,16000,1,0,0,0,0,0,0,0,0,0,0,0,0,0,0,0,0
1520,33585544,32345,319333,1,0,0,298250,1,295084,1,0,0,0,0,0,0,0,0,0,0
1521,33535708,22073,16708,1,0,0,0,0,0,0,0,0,0,0,0,0,0,0,0,0
1522,36804208,22137,18417,1,0,0,0,0,0,0,0,0,0,0,0,0,0,0,0,0
1523,33693416,22073,16208,1,0,0,0,0,0,0,0,0,0,0,0,0,0,0,0,0
1524,34357792,22161,17083,1,0,0,0,0,0,0,0,0,0,0,0,0,0,0,0,0
1525,34913584,22189,17958,1,0,0,0,0,0,0,0,0,0,0,0,0,0,0,0,0
1526,31696168,22073,15708,1,0,0,0,0,0,0,0,0,0,0,0,0,0,0,0,0
1527,35490584,22073,16458,1,0,0,0,0,0,0,0,0,0,0,0,0,0,0,0,0
1528,35560376,22137,18458,1,0,0,0,0,0,0,0,0,0,0,0,0,0,0,0,0
1529,35724668,22161,18458,1,0,0,0,0,0,0,0,0,0,0,0,0,0,0,0,0
1530,37604792,22637,17292,1,0,0,0,0,0,0,0,0,0,0,0,0,0,0,0,0
1531,36841292,22405,16709,1,0,0,0,0,0,0,0,0,0,0,0,0,0,0,0,0
1532,35570000,22073,16917,1,0,0,0,0,0,0,0,0,0,0,0,0,0,0,0,0
1533,36738208,22073,16500,1,0,0,0,0,0,0,0,0,0,0,0,0,0,0,0,0
1534,45005456,22225,43459,1,0,0,0,0,0,0,0,0,0,0,0,0,0,0,0,0
1535,59147460,22073,72458,1,0,0,0,0,0,0,0,0,0,0,0,0,0,0,0,0
1536,78675960,22189,84333,1,0,0,0,0,0,0,0,0,0,0,0,0,0,0,0,0
1537,81141832,22161,222708,1,0,0,0,0,0,0,0,0,0,0,0,0,0,0,0,0
1538,67398792,22137,89791,1,0,0,0,0,0,0,0,0,0,0,0,0,0,0,0,0
1539,68458288,22689,68125,1,0,0,0,0,0,0,0,0,0,0,0,0,0,0,0,0
1540,62331664,22441,64250,1,0,0,0,0,0,0,0,0,0,0,0,0,0,0,0,0
1541,53766332,22073,49292,1,0,0,0,0,0,0,0,0,0,0,0,0,0,0,0,0
1542,48009960,22137,21333,1,0,0,0,0,0,0,0,0,0,0,0,0,0,0,0,0
1543,45168124,22213,45625,1,0,0,0,0,0,0,0,0,0,0,0,0,0,0,0,0
1544,47776664,22073,19375,1,0,0,0,0,0,0,0,0,0,0,0,0,0,0,0,0
1545,45455876,22137,18542,1,0,0,0,0,0,0,0,0,0,0,0,0,0,0,0,0
1546,45550336,22073,21208,1,0,0,0,0,0,0,0,0,0,0,0,0,0,0,0,0
1547,45442500,22161,22917,1,0,0,0,0,0,0,0,0,0,0,0,0,0,0,0,0
1548,46402416,22189,22542,1,0,0,0,0,0,0,0,0,0,0,0,0,0,0,0,0
1549,45945752,22637,22416,1,0,0,0,0,0,0,0,0,0,0,0,0,0,0,0,0
1550,46352916,22289,21750,1,0,0,0,0,0,0,0,0,0,0,0,0,0,0,0,0
1551,45955708,22225,25375,1,0,0,0,0,0,0,0,0,0,0,0,0,0,0,0,0
1552,46649624,22073,22583,1,0,0,0,0,0,0,0,0,0,0,0,0,0,0,0,0
1553,46109168,22125,21583,1,0,0,0,0,0,0,0,0,0,0,0,0,0,0,0,0
1554,50416332,27617,400083,1,0,0,372417,1,366833,1,0,0,0,0,0,0,0,0,0,0
1555,44949624,22161,21667,1,0,0,0,0,0,0,0,0,0,0,0,0,0,0,0,0
1556,44911208,22073,21542,1,0,0,0,0,0,0,0,0,0,0,0,0,0,0,0,0
1557,43971916,22137,18666,1,0,0,0,0,0,0,0,0,0,0,0,0,0,0,0,0
1558,42696248,22125,19458,1,0,0,0,0,0,0,0,0,0,0,0,0,0,0,0,0
1559,37745584,22161,17791,1,0,0,0,0,0,0,0,0,0,0,0,0,0,0,0,0
1560,38177668,22137,15667,1,0,0,0,0,0,0,0,0,0,0,0,0,0,0,0,0
1561,37856292,22637,16709,1,0,0,0,0,0,0,0,0,0,0,0,0,0,0,0,0
1562,38991876,22289,15583,1,0,0,0,0,0,0,0,0,0,0,0,0,0,0,0,0
1563,37365500,22225,15875,1,0,0,0,0,0,0,0,0,0,0,0,0,0,0,0,0
1564,37154124,22125,14958,1,0,0,0,0,0,0,0,0,0,0,0,0,0,0,0,0
1565,35648876,22073,14375,1,0,0,0,0,0,0,0,0,0,0,0,0,0,0,0,0
1566,38001832,22137,14416,1,0,0,0,0,0,0,0,0,0,0,0,0,0,0,0,0
1567,42825332,22073,16583,1,0,0,0,0,0,0,0,0,0,0,0,0,0,0,0,0
1568,41210708,32433,347917,1,0,0,324916,1,320875,1,0,0,0,0,0,0,0,0,0,0
1569,44868124,22137,19042,1,0,0,0,0,0,0,0,0,0,0,0,0,0,0,0,0
1570,46744916,22125,19833,1,0,0,0,0,0,0,0,0,0,0,0,0,0,0,0,0
1571,51916168,22073,20458,1,0,0,0,0,0,0,0,0,0,0,0,0,0,0,0,0
1572,56215668,22225,70167,1,0,0,0,0,0,0,0,0,0,0,0,0,0,0,0,0
1573,60765416,22637,30250,1,0,0,0,0,0,0,0,0,0,0,0,0,0,0,0,0
1574,56695792,22405,24750,1,0,0,0,0,0,0,0,0,0,0,0,0,0,0,0,0
1575,54477664,22161,26584,1,0,0,0,0,0,0,0,0,0,0,0,0,0,0,0,0
1576,53979916,22137,25084,1,0,0,0,0,0,0,0,0,0,0,0,0,0,0,0,0
1577,57079668,22073,26791,1,0,0,0,0,0,0,0,0,0,0,0,0,0,0,0,0
1578,54092752,22277,27458,1,0,0,0,0,0,0,0,0,0,0,0,0,0,0,0,0
1579,49099544,22073,25959,1,0,0,0,0,0,0,0,0,0,0,0,0,0,0,0,0
1580,48802664,22137,22000,1,0,0,0,0,0,0,0,0,0,0,0,0,0,0,0,0
1581,47777792,22161,21375,1,0,0,0,0,0,0,0,0,0,0,0,0,0,0,0,0
1582,50215376,22839,27625,1,0,0,0,0,0,0,0,0,0,0,0,0,0,0,0,0
1583,52193376,22405,25916,1,0,0,0,0,0,0,0,0,0,0,0,0,0,0,0,0
1584,49091376,22161,24375,1,0,0,0,0,0,0,0,0,0,0,0,0,0,0,0,0
1585,48671500,22137,20792,1,0,0,0,0,0,0,0,0,0,0,0,0,0,0,0,0
1586,46571544,22073,21875,1,0,0,0,0,0,0,0,0,0,0,0,0,0,0,0,0
1587,52140960,22073,24958,1,0,0,0,0,0,0,0,0,0,0,0,0,0,0,0,0
1588,53029708,22277,23000,1,0,0,0,0,0,0,0,0,0,0,0,0,0,0,0,0
1589,50890876,22073,25792,1,0,0,0,0,0,0,0,0,0,0,0,0,0,0,0,0
1590,54746168,22137,25875,1,0,0,0,0,0,0,0,0,0,0,0,0,0,0,0,0
1591,55012248,22161,26584,1,0,0,0,0,0,0,0,0,0,0,0,0,0,0,0,0
1592,52832832,22753,26250,1,0,0,0,0,0,0,0,0,0,0,0,0,0,0,0,0
1593,48196916,22289,23334,1,0,0,0,0,0,0,0,0,0,0,0,0,0,0,0,0
1594,44050376,22225,21708,1,0,0,0,0,0,0,0,0,0,0,0,0,0,0,0,0
1595,44541000,22073,20250,1,0,0,0,0,0,0,0,0,0,0,0,0,0,0,0,0
1596,42759040,22073,20791,1,0,0,0,0,0,0,0,0,0,0,0,0,0,0,0,0
1597,45267376,22487,18125,1,0,0,0,0,0,0,0,0,0,0,0,0,0,0,0,0
1598,39961168,22161,17583,1,0,0,0,0,0,0,0,0,0,0,0,0,0,0,0,0
1599,40439040,22073,20333,1,0,0,0,0,0,0,0,0,0,0,0,0,0,0,0,0
1600,39824168,22137,16083,1,0,0,0,0,0,0,0,0,0,0,0,0,0,0,0,0
1601,39758040,22073,16875,1,0,0,0,0,0,0,0,0,0,0,0,0,0,0,0,0
1602,40351456,27693,389792,1,0,0,366166,1,361584,1,0,0,0,0,0,0,0,0,0,0
1603,42777376,22701,15792,1,0,0,0,0,0,0,0,0,0,0,0,0,0,0,0,0
1604,45979668,22289,18083,1,0,0,0,0,0,0,0,0,0,0,0,0,0,0,0,0
1605,47230084,22073,18083,1,0,0,0,0,0,0,0,0,0,0,0,0,0,0,0,0
1606,52965668,22225,18959,1,0,0,0,0,0,0,0,0,0,0,0,0,0,0,0,0
1607,55285500,22125,28000,1,0,0,0,0,0,0,0,0,0,0,0,0,0,0,0,0
1608,57009876,22137,23333,1,0,0,0,0,0,0,0,0,0,0,0,0,0,0,0,0
1609,53645332,22161,22542,1,0,0,0,0,0,0,0,0,0,0,0,0,0,0,0,0
1610,55005544,22137,22750,1,0,0,0,0,0,0,0,0,0,0,0,0,0,0,0,0
1611,53327876,22125,24125,1,0,0,0,0,0,0,0,0,0,0,0,0,0,0,0,0
1612,49036336,22225,19709,1,0,0,0,0,0,0,0,0,0,0,0,0,0,0,0,0
1613,49576832,22637,21584,1,0,0,0,0,0,0,0,0,0,0,0,0,0,0,0,0
1614,48050332,22289,21291,1,0,0,0,0,0,0,0,0,0,0,0,0,0,0,0,0
1615,52321624,22137,26875,1,0,0,0,0,0,0,0,0,0,0,0,0,0,0,0,0
1616,49326832,32485,544542,1,0,0,507875,1,500083,1,0,0,0,0,0,0,0,0,0,0
1617,52628292,22137,24125,1,0,0,0,0,0,0,0,0,0,0,0,0,0,0,0,0
1618,45989832,22073,21125,1,0,0,0,0,0,0,0,0,0,0,0,0,0,0,0,0
1619,44548292,22073,21125,1,0,0,0,0,0,0,0,0,0,0,0,0,0,0,0,0
1620,45394876,22225,22416,1,0,0,0,0,0,0,0,0,0,0,0,0,0,0,0,0
1621,45550792,22125,22958,1,0,0,0,0,0,0,0,0,0,0,0,0,0,0,0,0
1622,46069208,22073,22166,1,0,0,0,0,0,0,0,0,0,0,0,0,0,0,0,0
1623,45519584,22701,21333,1,0,0,0,0,0,0,0,0,0,0,0,0,0,0,0,0
1624,44652752,22377,21458,1,0,0,0,0,0,0,0,0,0,0,0,0,0,0,0,0
1625,43411332,22073,21458,1,0,0,0,0,0,0,0,0,0,0,0,0,0,0,0,0
1626,42286500,22189,20625,1,0,0,0,0,0,0,0,0,0,0,0,0,0,0,0,0
1627,37543500,22073,17917,1,0,0,0,0,0,0,0,0,0,0,0,0,0,0,0,0
1628,38099584,22161,18208,1,0,0,0,0,0,0,0,0,0,0,0,0,0,0,0,0
1629,40210376,22137,20167,1,0,0,0,0,0,0,0,0,0,0,0,0,0,0,0,0
1630,33485958,22073,38625,1,0,0,0,0,0,0,0,0,0,0,0,0,0,0,0,0
1631,33526376,22073,33750,1,0,0,0,0,0,0,0,0,0,0,0,0,0,0,0,0
1632,33535708,22189,34125,1,0,0,0,0,0,0,0,0,0,0,0,0,0,0,0,0
1633,33595544,22161,38959,1,0,0,0,0,0,0,0,0,0,0,0,0,0,0,0,0
1634,33839832,22073,33708,1,0,0,0,0,0,0,0,0,0,0,0,0,0,0,0,0
1635,33966832,22137,34541,1,0,0,0,0,0,0,0,0,0,0,0,0,0,0,0,0
1636,33539334,22073,39208,1,0,0,0,0,0,0,0,0,0,0,0,0,0,0,0,0
1637,33320168,22637,34292,1,0,0,0,0,0,0,0,0,0,0,0,0,0,0,0,0
1638,33886876,22493,16125,1,0,0,0,0,0,0,0,0,0,0,0,0,0,0,0,0
1639,33348168,22073,16208,1,0,0,0,0,0,0,0,0,0,0,0,0,0,0,0,0
1640,33750000,22073,16791,1,0,0,0,0,0,0,0,0,0,0,0,0,0,0,0,0
1641,33481000,22137,16333,1,0,0,0,0,0,0,0,0,0,0,0,0,0,0,0,0
1642,32765084,22073,15167,1,0,0,0,0,0,0,0,0,0,0,0,0,0,0,0,0
1643,37659456,22161,17209,1,0,0,0,0,0,0,0,0,0,0,0,0,0,0,0,0
1644,35542792,22189,17417,1,0,0,0,0,0,0,0,0,0,0,0,0,0,0,0,0
1645,35348832,22073,17041,1,0,0,0,0,0,0,0,0,0,0,0,0,0,0,0,0
1646,35216792,22073,17708,1,0,0,0,0,0,0,0,0,0,0,0,0,0,0,0,0
1647,38386500,22137,16667,1,0,0,0,0,0,0,0,0,0,0,0,0,0,0,0,0
1648,36255124,22161,19333,1,0,0,0,0,0,0,0,0,0,0,0,0,0,0,0,0
1649,38065416,22073,17208,1,0,0,0,0,0,0,0,0,0,0,0,0,0,0,0,0
1650,41314456,27669,396458,1,0,0,369833,1,364834,1,0,0,0,0,0,0,0,0,0,0
1651,50664540,22637,21250,1,0,0,0,0,0,0,0,0,0,0,0,0,0,0,0,0
1652,66840584,22377,24625,1,0,0,0,0,0,0,0,0,0,0,0,0,0,0,0,0
1653,68994208,22137,29125,1,0,0,0,0,0,0,0,0,0,0,0,0,0,0,0,0
1654,68731544,22125,29334,1,0,0,0,0,0,0,0,0,0,0,0,0,0,0,0,0
1655,78053624,22225,29250,1,0,0,0,0,0,0,0,0,0,0,0,0,0,0,0,0
1656,67887456,22073,29250,1,0,0,0,0,0,0,0,0,0,0,0,0,0,0,0,0
1657,58935708,22189,28291,1,0,0,0,0,0,0,0,0,0,0,0,0,0,0,0,0
1658,51206792,22161,21041,1,0,0,0,0,0,0,0,0,0,0,0,0,0,0,0,0
1659,50193540,22917,19125,1,0,0,0,0,0,0,0,0,0,0,0,0,0,0,0,0
1660,45127124,22073,18584,1,0,0,0,0,0,0,0,0,0,0,0,0,0,0,0,0
1661,47008124,22125,18167,1,0,0,0,0,0,0,0,0,0,0,0,0,0,0,0,0
1662,46816624,22225,22375,1,0,0,0,0,0,0,0,0,0,0,0,0,0,0,0,0
1663,52670040,22073,18708,1,0,0,0,0,0,0,0,0,0,0,0,0,0,0,0,0
1664,56412124,32345,518708,1,0,0,488708,1,482333,1,0,0,0,0,0,0,0,0,0,0
1665,57374500,22277,22584,1,0,0,0,0,0,0,0,0,0,0,0,0,0,0,0,0
1666,58970040,22073,28125,1,0,0,0,0,0,0,0,0,0,0,0,0,0,0,0,0
1667,55735960,22137,41042,1,0,0,0,0,0,0,0,0,0,0,0,0,0,0,0,0
1668,55336000,22725,24500,1,0,0,0,0,0,0,0,0,0,0,0,0,0,0,0,0
1669,54244456,22405,25167,1,0,0,0,0,0,0,0,0,0,0,0,0,0,0,0,0
1670,52978584,22073,28125,1,0,0,0,0,0,0,0,0,0,0,0,0,0,0,0,0
1671,44366376,22225,21375,1,0,0,0,0,0,0,0,0,0,0,0,0,0,0,0,0
1672,42615292,22073,20917,1,0,0,0,0,0,0,0,0,0,0,0,0,0,0,0,0
1673,40475416,22073,18916,1,0,0,0,0,0,0,0,0,0,0,0,0,0,0,0,0
1674,36904708,22189,18542,1,0,0,0,0,0,0,0,0,0,0,0,0,0,0,0,0
1675,34004752,22161,17083,1,0,0,0,0,0,0,0,0,0,0,0,0,0,0,0,0
1676,34302544,22073,17083,1,0,0,0,0,0,0,0,0,0,0,0,0,0,0,0,0
1677,35138040,22137,16542,1,0,0,0,0,0,0,0,0,0,0,0,0,0,0,0,0
1678,37011040,22073,18958,1,0,0,0,0,0,0,0,0,0,0,0,0,0,0,0,0
1679,35917248,22073,16542,1,0,0,0,0,0,0,0,0,0,0,0,0,0,0,0,0
1680,36004752,22841,16083,1,0,0,0,0,0,0,0,0,0,0,0,0,0,0,0,0
1681,35458000,22289,21541,1,0,0,0,0,0,0,0,0,0,0,0,0,0,0,0,0
1682,35797584,22073,16709,1,0,0,0,0,0,0,0,0,0,0,0,0,0,0,0,0
1683,35863668,22137,17041,1,0,0,0,0,0,0,0,0,0,0,0,0,0,0,0,0
1684,37727416,22073,17834,1,0,0,0,0,0,0,0,0,0,0,0,0,0,0,0,0
1685,40284916,22161,20209,1,0,0,0,0,0,0,0,0,0,0,0,0,0,0,0,0
1686,49141876,22189,22000,1,0,0,0,0,0,0,0,0,0,0,0,0,0,0,0,0
1687,50593708,22073,22209,1,0,0,0,0,0,0,0,0,0,0,0,0,0,0,0,0
1688,53288124,22073,26958,1,0,0,0,0,0,0,0,0,0,0,0,0,0,0,0,0
1689,59405708,22225,24958,1,0,0,0,0,0,0,0,0,0,0,0,0,0,0,0,0
1690,59981708,22125,32084,1,0,0,0,0,0,0,0,0,0,0,0,0,0,0,0,0
1691,54093168,22701,24041,1,0,0,0,0,0,0,0,0,0,0,0,0,0,0,0,0
1692,53174376,22377,24500,1,0,0,0,0,0,0,0,0,0,0,0,0,0,0,0,0
1693,53339544,22137,24125,1,0,0,0,0,0,0,0,0,0,0,0,0,0,0,0,0
1694,51710000,22125,24375,1,0,0,0,0,0,0,0,0,0,0,0,0,0,0,0,0
1695,45598500,22225,19750,1,0,0,0,0,0,0,0,0,0,0,0,0,0,0,0,0
1696,48060208,22073,18875,1,0,0,0,0,0,0,0,0,0,0,0,0,0,0,0,0
1697,46226832,22073,18583,1,0,0,0,0,0,0,0,0,0,0,0,0,0,0,0,0
1698,46220416,27617,382416,1,0,0,360042,1,355958,1,0,0,0,0,0,0,0,0,0,0
1699,45574960,22213,18291,1,0,0,0,0,0,0,0,0,0,0,0,0,0,0,0,0
1700,45719916,22073,18208,1,0,0,0,0,0,0,0,0,0,0,0,0,0,0,0,0
1701,50588292,22701,18750,1,0,0,0,0,0,0,0,0,0,0,0,0,0,0,0,0
1702,50812248,22289,21917,1,0,0,0,0,0,0,0,0,0,0,0,0,0,0,0,0
1703,50122168,22225,21875,1,0,0,0,0,0,0,0,0,0,0,0,0,0,0,0,0
1704,43562000,22125,18750,1,0,0,0,0,0,0,0,0,0,0,0,0,0,0,0,0
1705,43369584,22073,18417,1,0,0,0,0,0,0,0,0,0,0,0,0,0,0,0,0
1706,46354624,22137,19125,1,0,0,0,0,0,0,0,0,0,0,0,0,0,0,0,0
1707,38384832,22161,16334,1,0,0,0,0,0,0,0,0,0,0,0,0,0,0,0,0
1708,36991456,22073,16958,1,0,0,0,0,0,0,0,0,0,0,0,0,0,0,0,0
1709,33651248,22189,15208,1,0,0,0,0,0,0,0,0,0,0,0,0,0,0,0,0
1710,33904876,22073,15959,1,0,0,0,0,0,0,0,0,0,0,0,0,0,0,0,0
1711,33817624,22073,16459,1,0,0,0,0,0,0,0,0,0,0,0,0,0,0,0,0
1712,34012084,32497,330417,1,0,0,309750,1,306625,1,0,0,0,0,0,0,0,0,0,0
1713,33594168,22073,16542,1,0,0,0,0,0,0,0,0,0,0,0,0,0,0,0,0
1714,33535084,22637,16667,1,0,0,0,0,0,0,0,0,0,0,0,0,0,0,0,0
1715,33694960,22405,16084,1,0,0,0,0,0,0,0,0,0,0,0,0,0,0,0,0
1716,33491292,22073,16750,1,0,0,0,0,0,0,0,0,0,0,0,0,0,0,0,0
1717,33305500,22161,17084,1,0,0,0,0,0,0,0,0,0,0,0,0,0,0,0,0
1718,30521500,22137,15750,1,0,0,0,0,0,0,0,0,0,0,0,0,0,0,0,0
1719,30310458,22073,14708,1,0,0,0,0,0,0,0,0,0,0,0,0,0,0,0,0
1720,30335500,22073,15250,1,0,0,0,0,0,0,0,0,0,0,0,0,0,0,0,0
1721,33217876,22073,15500,1,0,0,0,0,0,0,0,0,0,0,0,0,0,0,0,0
1722,30762958,22277,14417,1,0,0,0,0,0,0,0,0,0,0,0,0,0,0,0,0
1723,31935584,22073,14542,1,0,0,0,0,0,0,0,0,0,0,0,0,0,0,0,0
1724,32856084,22073,14250,1,0,0,0,0,0,0,0,0,0,0,0,0,0,0,0,0
1725,33941040,22073,16417,1,0,0,0,0,0,0,0,0,0,0,0,0,0,0,0,0
1726,33703624,22137,37958,1,0,0,0,0,0,0,0,0,0,0,0,0,0,0,0,0
1727,33526376,22161,33584,1,0,0,0,0,0,0,0,0,0,0,0,0,0,0,0,0
1728,33360584,22073,32917,1,0,0,0,0,0,0,0,0,0,0,0,0,0,0,0,0
1729,33729416,24873,34834,1,0,0,0,0,0,0,0,0,0,0,0,0,0,0,0,0
1730,33714544,22289,33625,1,0,0,0,0,0,0,0,0,0,0,0,0,0,0,0,0
1731,32961916,22073,34875,1,0,0,0,0,0,0,0,0,0,0,0,0,0,0,0,0
1732,33108750,22225,36167,1,0,0,0,0,0,0,0,0,0,0,0,0,0,0,0,0
1733,35465544,22073,39084,1,0,0,0,0,0,0,0,0,0,0,0,0,0,0,0,0
1734,37968208,22073,16000,1,0,0,0,0,0,0,0,0,0,0,0,0,0,0,0,0
1735,37061500,22189,15958,1,0,0,0,0,0,0,0,0,0,0,0,0,0,0,0,0
1736,38552084,22073,18541,1,0,0,0,0,0,0,0,0,0,0,0,0,0,0,0,0
1737,35733876,22161,35292,1,0,0,0,0,0,0,0,0,0,0,0,0,0,0,0,0
1738,37300792,22137,17042,1,0,0,0,0,0,0,0,0,0,0,0,0,0,0,0,0
1739,38857040,22073,16416,1,0,0,0,0,0,0,0,0,0,0,0,0,0,0,0,0
1740,45494916,22073,22250,1,0,0,0,0,0,0,0,0,0,0,0,0,0,0,0,0
1741,54039500,22277,26792,1,0,0,0,0,0,0,0,0,0,0,0,0,0,0,0,0
1742,65536876,22637,32000,1,0,0,0,0,0,0,0,0,0,0,0,0,0,0,0,0
1743,66617292,22353,31875,1,0,0,0,0,0,0,0,0,0,0,0,0,0,0,0,0
1744,68621208,22161,32459,1,0,0,0,0,0,0,0,0,0,0,0,0,0,0,0,0
1745,66671376,22189,33125,1,0,0,0,0,0,0,0,0,0,0,0,0,0,0,0,0
1746,61351624,27553,569125,1,0,0,526500,1,518666,1,0,0,0,0,0,0,0,0,0,0
1747,52553124,22225,25583,1,0,0,0,0,0,0,0,0,0,0,0,0,0,0,0,0
1748,45639332,22073,20333,1,0,0,0,0,0,0,0,0,0,0,0,0,0,0,0,0
1749,44608752,22125,19667,1,0,0,0,0,0,0,0,0,0,0,0,0,0,0,0,0
1750,45149208,22137,19708,1,0,0,0,0,0,0,0,0,0,0,0,0,0,0,0,0
1751,39981292,22725,15875,1,0,0,0,0,0,0,0,0,0,0,0,0,0,0,0,0
1752,40564208,22289,16083,1,0,0,0,0,0,0,0,0,0,0,0,0,0,0,0,0
1753,38926584,22137,16334,1,0,0,0,0,0,0,0,0,0,0,0,0,0,0,0,0
1754,43324708,22125,16583,1,0,0,0,0,0,0,0,0,0,0,0,0,0,0,0,0
1755,42390664,22161,16917,1,0,0,0,0,0,0,0,0,0,0,0,0,0,0,0,0
1756,49655084,22137,18833,1,0,0,0,0,0,0,0,0,0,0,0,0,0,0,0,0
1757,46189832,22073,17917,1,0,0,0,0,0,0,0,0,0,0,0,0,0,0,0,0
1758,47130960,22073,18417,1,0,0,0,0,0,0,0,0,0,0,0,0,0,0,0,0
1759,47724168,22277,18125,1,0,0,0,0,0,0,0,0,0,0,0,0,0,0,0,0
1760,51380916,32345,479125,1,0,0,450709,1,445875,1,0,0,0,0,0,0,0,0,0,0
1761,54968084,22073,25708,1,0,0,0,0,0,0,0,0,0,0,0,0,0,0,0,0
1762,55318708,22789,22167,1,0,0,0,0,0,0,0,0,0,0,0,0,0,0,0,0
1763,54778416,22341,50083,1,0,0,0,0,0,0,0,0,0,0,0,0,0,0,0,0
1764,53797292,22137,23792,1,0,0,0,0,0,0,0,0,0,0,0,0,0,0,0,0
1765,53257540,22161,23792,1,0,0,0,0,0,0,0,0,0,0,0,0,0,0,0,0
1766,52808460,22137,26459,1,0,0,0,0,0,0,0,0,0,0,0,0,0,0,0,0
1767,43488124,22125,20833,1,0,0,0,0,0,0,0,0,0,0,0,0,0,0,0,0
1768,38129248,22073,18583,1,0,0,0,0,0,0,0,0,0,0,0,0,0,0,0,0
1769,38287168,22225,18917,1,0,0,0,0,0,0,0,0,0,0,0,0,0,0,0,0
1770,37752000,22073,19250,1,0,0,0,0,0,0,0,0,0,0,0,0,0,0,0,0
1771,35195792,22073,16875,1,0,0,0,0,0,0,0,0,0,0,0,0,0,0,0,0
1772,35818624,22137,16667,1,0,0,0,0,0,0,0,0,0,0,0,0,0,0,0,0
1773,35412000,22689,16375,1,0,0,0,0,0,0,0,0,0,0,0,0,0,0,0,0
1774,37129084,22377,16708,1,0,0,0,0,0,0,0,0,0,0,0,0,0,0,0,0
1775,35798416,22137,16208,1,0,0,0,0,0,0,0,0,0,0,0,0,0,0,0,0
1776,35175416,22073,16292,1,0,0,0,0,0,0,0,0,0,0,0,0,0,0,0,0
1777,35940752,22073,15917,1,0,0,0,0,0,0,0,0,0,0,0,0,0,0,0,0
1778,39974000,22137,19583,1,0,0,0,0,0,0,0,0,0,0,0,0,0,0,0,0
1779,45634124,22213,20209,1,0,0,0,0,0,0,0,0,0,0,0,0,0,0,0,0
1780,44469624,22073,21500,1,0,0,0,0,0,0,0,0,0,0,0,0,0,0,0,0
1781,51112292,22137,25666,1,0,0,0,0,0,0,0,0,0,0,0,0,0,0,0,0
1782,53977336,22073,28625,1,0,0,0,0,0,0,0,0,0,0,0,0,0,0,0,0
1783,54260708,22225,25625,1,0,0,0,0,0,0,0,0,0,0,0,0,0,0,0,0
1784,56959624,22689,25541,1,0,0,0,0,0,0,0,0,0,0,0,0,0,0,0,0
1785,64620292,22353,33208,1,0,0,0,0,0,0,0,0,0,0,0,0,0,0,0,0
1786,56880876,22161,25917,1,0,0,0,0,0,0,0,0,0,0,0,0,0,0,0,0
1787,53896792,22137,24250,1,0,0,0,0,0,0,0,0,0,0,0,0,0,0,0,0
1788,56204376,22125,25500,1,0,0,0,0,0,0,0,0,0,0,0,0,0,0,0,0
1789,48158084,22225,23958,1,0,0,0,0,0,0,0,0,0,0,0,0,0,0,0,0
1790,44591416,22073,19958,1,0,0,0,0,0,0,0,0,0,0,0,0,0,0,0,0
1791,47024376,22073,19292,1,0,0,0,0,0,0,0,0,0,0,0,0,0,0,0,0
1792,44295584,22137,19458,1,0,0,0,0,0,0,0,0,0,0,0,0,0,0,0,0
1793,42835456,22213,18542,1,0,0,0,0,0,0,0,0,0,0,0,0,0,0,0,0
1794,41814960,28117,371625,1,0,0,347833,1,344000,1,0,0,0,0,0,0,0,0,0,0
1795,43450624,22353,20709,1,0,0,0,0,0,0,0,0,0,0,0,0,0,0,0,0
1796,46422000,22073,18208,1,0,0,0,0,0,0,0,0,0,0,0,0,0,0,0,0
1797,46303832,22161,18667,1,0,0,0,0,0,0,0,0,0,0,0,0,0,0,0,0
1798,45563916,22189,18833,1,0,0,0,0,0,0,0,0,0,0,0,0,0,0,0,0
1799,46547248,22073,18375,1,0,0,0,0,0,0,0,0,0,0,0,0,0,0,0,0
1800,45531376,22073,18167,1,0,0,0,0,0,0,0,0,0,0,0,0,0,0,0,0
1801,2242708,0,0,0,0,0,0,0,0,0,0,0,0,0,0,0,0,0,0,0
