frame_index,read_frame_count,unscaled_delta_ns,main_thread_ns,gc_alloc_bytes,batches,set_pass_calls,draw_calls,engine_controller_update_ns,intended_cell_x,intended_cell_y,actual_cell_x,actual_cell_y,cell_match,input_checked,mouse_is_virtual,tnd_bench_t1_hover_ns,tnd_bench_t1_reclassify_ns,tnd_bench_t1_hoveredborder_ns,tnd_bench_t1_hoveredborderrebuild_ns,tnd_bench_t1_modeenter_ns,tnd_bench_t1_conquerui_ns,tnd_bench_s0_hover_ns,tnd_bench_s0_rebuild_ns
0,275,51021706,35592708,73009,7933,93,7955,0,-17,-18,14,-18,0,1,1,18708,0,0,0,0,0,0,0
1,276,40888752,39638500,22289,7934,94,7956,0,-17,-18,14,-18,0,1,1,19500,0,0,0,0,0,0,0
2,277,39217870,40450250,22353,7933,93,7955,0,-16,-18,14,-18,0,1,1,21958,0,0,0,0,0,0,0
3,278,44636126,44707542,284733,7933,93,7955,0,-15,-18,14,-18,0,1,1,18625,0,0,0,0,0,0,0
4,279,38491211,37354917,22289,7933,93,7955,0,-15,-18,14,-18,0,1,1,19000,0,0,0,0,0,0,0
5,280,41845168,42957500,22353,7933,93,7955,0,-14,-18,14,-18,0,1,1,20375,0,0,0,0,0,0,0
6,281,40113832,38709459,22853,7933,96,7955,0,-13,-18,14,-18,0,1,1,21417,0,0,0,0,0,0,0
7,282,38597036,38763834,22625,7933,93,7955,0,-13,-18,14,-18,0,1,1,21458,0,0,0,0,0,0,0
8,283,37610296,38782500,22405,7933,93,7955,0,-12,-18,14,-18,0,1,1,18750,0,0,0,0,0,0,0
9,284,37197787,37211375,22289,7933,93,7955,0,-11,-18,14,-18,0,1,1,18791,0,0,0,0,0,0,0
10,285,38548916,37322708,22289,7933,93,7955,0,-11,-18,14,-18,0,1,1,18958,0,0,0,0,0,0,0
11,286,37798248,38994750,22441,7933,93,7955,0,-10,-18,14,-18,0,1,1,18375,0,0,0,0,0,0,0
12,287,37273582,37221500,22289,7933,93,7955,0,-9,-18,14,-18,0,1,1,18458,0,0,0,0,0,0,0
13,288,38150921,36981541,22289,7933,93,7955,0,-9,-18,14,-18,0,1,1,19042,0,0,0,0,0,0,0
14,289,36303456,37246875,22405,7933,93,7955,0,-8,-18,14,-18,0,1,1,17791,0,0,0,0,0,0,0
15,290,38978621,39121541,22289,7933,93,7955,0,-7,-18,14,-18,0,1,1,19291,0,0,0,0,0,0,0
16,291,38619961,37301875,22377,7934,94,7956,0,-7,-18,14,-18,0,1,1,18875,0,0,0,0,0,0,0
17,292,37061203,38404667,22353,7933,93,7955,0,-6,-18,14,-18,0,1,1,21584,0,0,0,0,0,0,0
18,293,42468048,42437292,22289,7933,93,7955,0,-5,-18,14,-18,0,1,1,19666,0,0,0,0,0,0,0
19,294,40889788,38762459,22491,7933,96,7955,0,-5,-18,14,-18,0,1,1,18875,0,0,0,0,0,0,0
20,295,35295329,37353583,23103,7933,93,7955,0,-4,-18,14,-18,0,1,1,18958,0,0,0,0,0,0,0
21,296,37187002,37198417,22289,7933,93,7955,0,-3,-18,14,-18,0,1,1,19333,0,0,0,0,0,0,0
22,297,37865914,36731625,22289,7933,93,7955,0,-3,-18,14,-18,0,1,1,19125,0,0,0,0,0,0,0
23,298,37141043,38259750,22353,7933,93,7955,0,-2,-18,14,-18,0,1,1,18250,0,0,0,0,0,0,0
24,299,38395706,38303542,22289,7933,93,7955,0,-1,-18,14,-18,0,1,1,19375,0,0,0,0,0,0,0
25,300,38364455,37144958,22377,7933,93,7955,0,-1,-18,14,-18,0,1,1,19084,0,0,0,0,0,0,0
26,301,40703542,41883500,22405,7933,93,7955,0,0,-18,14,-18,0,1,1,18833,0,0,0,0,0,0,0
27,302,43890170,43919625,22289,7933,93,7955,0,1,-18,14,-18,0,1,1,22334,0,0,0,0,0,0,0
28,303,44432334,43237208,22289,7933,93,7955,0,1,-18,14,-18,0,1,1,22000,0,0,0,0,0,0,0
29,304,35759538,36931583,22441,7933,93,7955,0,2,-18,14,-18,0,1,1,18250,0,0,0,0,0,0,0
30,305,37544123,37410209,22289,7933,93,7955,0,3,-18,14,-18,0,1,1,18792,0,0,0,0,0,0,0
31,306,41794877,40735917,22341,7934,94,7956,0,3,-18,14,-18,0,1,1,20458,0,0,0,0,0,0,0
32,307,38117162,37967291,22917,7933,96,7955,0,4,-18,14,-18,0,1,1,18292,0,0,0,0,0,0,0
33,308,36792501,38066167,22625,7933,93,7955,0,5,-18,14,-18,0,1,1,18791,0,0,0,0,0,0,0
34,309,42542330,41101291,22289,7933,93,7955,0,5,-18,14,-18,0,1,1,19459,0,0,0,0,0,0,0
35,310,42290419,43625042,22353,7933,93,7955,0,6,-18,14,-18,0,1,1,21708,0,0,0,0,0,0,0
36,311,43772123,43712667,22341,7933,93,7955,0,7,-18,14,-18,0,1,1,22291,0,0,0,0,0,0,0
37,312,44290453,43072208,22377,7933,93,7955,0,7,-18,14,-18,0,1,1,22167,0,0,0,0,0,0,0
38,313,41310790,42566542,22353,7933,93,7955,0,8,-18,14,-18,0,1,1,21625,0,0,0,0,0,0,0
39,314,40038209,40059167,22289,7933,93,7955,0,9,-18,14,-18,0,1,1,21708,0,0,0,0,0,0,0
40,315,40063917,38817750,22289,7933,93,7955,0,9,-18,14,-18,0,1,1,19083,0,0,0,0,0,0,0
41,316,37454746,38699209,22493,7933,93,7955,0,10,-18,14,-18,0,1,1,18625,0,0,0,0,0,0,0
42,317,39272624,39242416,22289,7933,93,7955,0,11,-18,14,-18,0,1,1,19125,0,0,0,0,0,0,0
43,318,42138669,40982459,22289,7933,93,7955,0,11,-18,14,-18,0,1,1,19458,0,0,0,0,0,0,0
44,319,37375997,38428458,22353,7933,96,7955,0,12,-18,14,-18,0,1,1,21208,0,0,0,0,0,0,0
45,320,38797754,37479667,22941,7933,93,7955,0,13,-18,14,-18,0,1,1,18833,0,0,0,0,0,0,0
46,321,41507497,41697459,22537,7934,94,7956,0,13,-18,14,-18,0,1,1,21416,0,0,0,0,0,0,0
47,322,39952620,41095708,22405,7933,93,7955,0,14,-18,14,-18,1,1,1,18583,0,0,0,0,0,0,0
48,323,39550084,39483833,22289,7933,93,7955,0,15,-18,14,-18,0,1,1,21542,0,0,0,0,0,0,0
49,324,38446377,37201000,22377,7933,93,7955,0,15,-18,14,-18,0,1,1,19292,0,0,0,0,0,0,0
50,325,37165164,38421291,22353,7933,93,7955,0,16,-18,14,-18,0,1,1,21500,0,0,0,0,0,0,0
51,326,37425708,37435584,22289,7933,93,7955,0,15,-18,14,-18,0,1,1,19125,0,0,0,0,0,0,0
52,327,42176373,40945125,22289,7933,93,7955,0,15,-18,14,-18,0,1,1,19042,0,0,0,0,0,0,0
53,328,37592161,38778333,22493,7933,93,7955,0,14,-18,14,-18,1,1,1,18875,0,0,0,0,0,0,0
54,329,37376791,37344000,22289,7933,93,7955,0,13,-18,14,-18,0,1,1,18458,0,0,0,0,0,0,0
55,330,40120046,38967583,22289,7933,93,7955,0,13,-18,14,-18,0,1,1,18708,0,0,0,0,0,0,0
56,331,41490163,42483667,22353,7933,93,7955,0,12,-18,14,-18,0,1,1,20209,0,0,0,0,0,0,0
57,332,40020663,38967750,22941,7933,96,7955,0,11,-18,14,-18,0,1,1,19041,0,0,0,0,0,0,0
58,333,38647916,38658375,22537,7933,93,7955,0,11,-18,14,-18,0,1,1,18250,0,0,0,0,0,0,0
59,334,36247421,37388208,22405,7933,93,7955,0,10,-18,14,-18,0,1,1,18833,0,0,0,0,0,0,0
60,335,39085287,38992625,22289,7933,93,7955,0,9,-18,14,-18,0,1,1,18833,0,0,0,0,0,0,0
61,336,41427254,40353291,22377,7934,94,7956,0,9,-18,14,-18,0,1,1,18833,0,0,0,0,0,0,0
62,337,39001539,40118291,22353,7933,93,7955,0,8,-18,14,-18,0,1,1,18542,0,0,0,0,0,0,0
63,338,38887586,38865916,22289,7933,93,7955,0,7,-18,14,-18,0,1,1,18833,0,0,0,0,0,0,0
64,339,39942290,38707917,22289,7933,93,7955,0,7,-18,14,-18,0,1,1,19000,0,0,0,0,0,0,0
65,340,38776502,39776041,22493,7933,93,7955,0,6,-18,14,-18,0,1,1,18208,0,0,0,0,0,0,0
66,341,38642913,38824250,22289,7933,93,7955,0,5,-18,14,-18,0,1,1,18750,0,0,0,0,0,0,0
67,342,39568707,38453875,22289,7933,93,7955,0,5,-18,14,-18,0,1,1,19208,0,0,0,0,0,0,0
68,343,37341333,38375209,22353,7933,93,7955,0,4,-18,14,-18,0,1,1,18750,0,0,0,0,0,0,0
69,344,42304124,42355666,22377,7933,93,7955,0,3,-18,14,-18,0,1,1,18917,0,0,0,0,0,0,0
70,345,40914915,38801625,22853,7933,96,7955,0,3,-18,14,-18,0,1,1,19208,0,0,0,0,0,0,0
71,346,36500964,38574417,22653,7933,93,7955,0,2,-18,14,-18,0,1,1,18917,0,0,0,0,0,0,0
72,347,37203289,37103583,22289,7933,93,7955,0,1,-18,14,-18,0,1,1,18917,0,0,0,0,0,0,0
73,348,38109663,37054667,22377,7933,93,7955,0,1,-18,14,-18,0,1,1,19291,0,0,0,0,0,0,0
74,349,36067295,37165792,22353,7933,93,7955,0,0,-18,14,-18,0,1,1,21208,0,0,0,0,0,0,0
75,350,37452373,37442375,22289,7933,93,7955,0,-1,-18,14,-18,0,1,1,18708,0,0,0,0,0,0,0
76,351,39765205,38529292,22289,7934,94,7956,0,-1,-18,14,-18,0,1,1,18917,0,0,0,0,0,0,0
77,352,37675999,38837500,22493,7933,93,7955,0,-2,-18,14,-18,0,1,1,18625,0,0,0,0,0,0,0
78,353,39323292,39341625,22289,7933,93,7955,0,-3,-18,14,-18,0,1,1,19583,0,0,0,0,0,0,0
79,354,39674248,38518875,22289,7933,93,7955,0,-3,-18,14,-18,0,1,1,19583,0,0,0,0,0,0,0
80,355,37803295,38868083,22353,7933,93,7955,0,-4,-18,14,-18,0,1,1,21125,0,0,0,0,0,0,0
81,356,37278875,37326417,22377,7933,93,7955,0,-5,-18,14,-18,0,1,1,19042,0,0,0,0,0,0,0
82,357,43974667,42809125,22289,7933,93,7955,0,-5,-18,14,-18,0,1,1,19250,0,0,0,0,0,0,0
83,358,38560204,38480792,22969,7933,96,7955,0,-6,-18,14,-18,0,1,1,18709,0,0,0,0,0,0,0
84,359,36048751,37188166,22537,7933,93,7955,0,-7,-18,14,-18,0,1,1,18708,0,0,0,0,0,0,0
85,360,38301706,37168333,22377,7933,93,7955,0,-7,-18,14,-18,0,1,1,18959,0,0,0,0,0,0,0
86,361,35924829,37079709,22353,7933,93,7955,0,-8,-18,14,-18,0,1,1,19416,0,0,0,0,0,0,0
87,362,38898836,38904000,22289,7933,93,7955,0,-9,-18,14,-18,0,1,1,18750,0,0,0,0,0,0,0
88,363,38518372,37276458,22289,7933,93,7955,0,-9,-18,14,-18,0,1,1,18958,0,0,0,0,0,0,0
89,364,36242581,37441291,22493,7933,93,7955,0,-10,-18,14,-18,0,1,1,18416,0,0,0,0,0,0,0
90,365,39594963,39587708,22289,7933,93,7955,0,-11,-18,14,-18,0,1,1,19208,0,0,0,0,0,0,0
91,366,39955414,38812292,22289,7934,94,7956,0,-11,-18,14,-18,0,1,1,19000,0,0,0,0,0,0,0
92,367,37725709,38739375,22353,7933,93,7955,0,-12,-18,14,-18,0,1,1,18542,0,0,0,0,0,0,0
93,368,38488294,38574917,22377,7933,93,7955,0,-13,-18,14,-18,0,1,1,21209,0,0,0,0,0,0,0
94,369,39641205,38449958,22289,7933,93,7955,0,-13,-18,14,-18,0,1,1,18959,0,0,0,0,0,0,0
95,370,41179664,42331041,22405,7933,93,7955,0,-14,-18,14,-18,0,1,1,21042,0,0,0,0,0,0,0
96,371,38536295,37280250,22853,7933,96,7955,0,-15,-18,14,-18,0,1,1,22209,0,0,0,0,0,0,0
97,372,38707122,38811708,22625,7933,93,7955,0,-15,-18,14,-18,0,1,1,19000,0,0,0,0,0,0,0
98,373,35974044,37057333,22353,7933,93,7955,0,-16,-18,14,-18,0,1,1,18125,0,0,0,0,0,0,0
99,374,37307206,37305542,22289,7933,93,7955,0,-17,-18,14,-18,0,1,1,19042,0,0,0,0,0,0,0
100,375,38974042,37640084,22289,7933,93,7955,0,-17,-18,14,-18,0,1,1,19125,0,0,0,0,0,0,0
101,376,40518544,41775167,22493,7933,93,7955,0,-16,-18,14,-18,0,1,1,18584,0,0,0,0,0,0,0
102,377,43111622,43100417,22289,7933,93,7955,0,-15,-18,14,-18,0,1,1,21833,0,0,0,0,0,0,0
103,378,44235125,42975208,22289,7933,93,7955,0,-15,-18,14,-18,0,1,1,21625,0,0,0,0,0,0,0
104,379,37962876,39131417,22353,7933,93,7955,0,-14,-18,14,-18,0,1,1,21292,0,0,0,0,0,0,0
105,380,38830917,38895833,22377,7933,93,7955,0,-13,-18,14,-18,0,1,1,21417,0,0,0,0,0,0,0
106,381,38470670,37118375,22341,7934,94,7956,0,-13,-18,14,-18,0,1,1,19583,0,0,0,0,0,0,0
107,382,41713662,43045750,22353,7933,93,7955,0,-12,-18,14,-18,0,1,1,20959,0,0,0,0,0,0,0
108,383,36927167,36851208,22289,7933,96,7955,0,-11,-18,14,-18,0,1,1,18667,0,0,0,0,0,0,0
109,384,39412960,37248750,22941,7933,93,7955,0,-11,-18,14,-18,0,1,1,18625,0,0,0,0,0,0,0
110,385,36840334,38990042,22601,7933,93,7955,0,-10,-18,14,-18,0,1,1,21250,0,0,0,0,0,0,0
111,386,37555079,37559625,22289,7933,93,7955,0,-9,-18,14,-18,0,1,1,19083,0,0,0,0,0,0,0
112,387,40535125,39354500,22341,7933,93,7955,0,-9,-18,14,-18,0,1,1,21292,0,0,0,0,0,0,0
113,388,39310127,40498166,22441,7933,93,7955,0,-8,-18,14,-18,0,1,1,19000,0,0,0,0,0,0,0
114,389,37723124,37682584,22289,7933,93,7955,0,-7,-18,14,-18,0,1,1,18834,0,0,0,0,0,0,0
115,390,39567459,38449833,22289,7933,93,7955,0,-7,-18,14,-18,0,1,1,22125,0,0,0,0,0,0,0
116,391,37894912,38922708,22353,7933,93,7955,0,-6,-18,14,-18,0,1,1,18625,0,0,0,0,0,0,0
117,392,37368543,37213791,22377,7933,93,7955,0,-5,-18,14,-18,0,1,1,18666,0,0,0,0,0,0,0
118,393,39292462,38316750,22341,7933,93,7955,0,-5,-18,14,-18,0,1,1,19334,0,0,0,0,0,0,0
119,394,36207668,37369458,22353,7933,93,7955,0,-4,-18,14,-18,0,1,1,19000,0,0,0,0,0,0,0
120,395,41209623,41106375,22289,7933,93,7955,0,-3,-18,14,-18,0,1,1,19250,0,0,0,0,0,0,0
121,396,38250204,37173459,22377,7934,97,7956,0,-3,-18,14,-18,0,1,1,18750,0,0,0,0,0,0,0
122,397,42043663,41745250,25037,7933,93,7955,0,-2,-18,14,-18,0,1,1,18875,0,0,0,0,0,0,0
123,398,42387962,43732459,22537,7933,93,7955,0,-1,-18,14,-18,0,1,1,22375,0,0,0,0,0,0,0
124,399,43963711,42626334,22341,7933,93,7955,0,-1,-18,14,-18,0,1,1,23167,0,0,0,0,0,0,0
125,400,41687328,43016000,22441,7933,93,7955,0,0,-18,14,-18,0,1,1,21542,0,0,0,0,0,0,0
126,401,42760416,42713333,22289,7933,93,7955,0,1,-18,14,-18,0,1,1,22000,0,0,0,0,0,0,0
127,402,40964420,39865375,22289,7933,93,7955,0,1,-18,14,-18,0,1,1,21792,0,0,0,0,0,0,0
128,403,36953039,37941166,22353,7933,93,7955,0,2,-18,14,-18,0,1,1,18584,0,0,0,0,0,0,0
129,404,36820746,36936791,22429,7933,93,7955,0,3,-18,14,-18,0,1,1,19208,0,0,0,0,0,0,0
130,405,38635212,37433833,22289,7933,93,7955,0,3,-18,14,-18,0,1,1,18750,0,0,0,0,0,0,0
131,406,36153953,37332583,22353,7933,93,7955,0,4,-18,14,-18,0,1,1,18750,0,0,0,0,0,0,0
132,407,37366710,37329042,22289,7933,93,7955,0,5,-18,14,-18,0,1,1,19083,0,0,0,0,0,0,0
133,408,45336961,43943083,22289,7933,93,7955,0,5,-18,14,-18,0,1,1,19958,0,0,0,0,0,0,0
134,409,42593751,42564750,23005,7933,96,7955,0,6,-18,14,-18,0,1,1,21208,0,0,0,0,0,0,0
135,410,41166454,42516708,22589,7933,93,7955,0,7,-18,14,-18,0,1,1,21583,0,0,0,0,0,0,0
136,411,44961337,43633167,22289,7934,94,7956,0,7,-18,14,-18,0,1,1,22167,0,0,0,0,0,0,0
137,412,40674164,41926417,22353,7933,93,7955,0,8,-18,14,-18,0,1,1,21542,0,0,0,0,0,0,0
138,413,42280498,42309875,22377,7933,93,7955,0,9,-18,14,-18,0,1,1,21333,0,0,0,0,0,0,0
139,414,40788166,39686459,22289,7933,93,7955,0,9,-18,14,-18,0,1,1,21459,0,0,0,0,0,0,0
140,415,39038754,40133708,22405,7933,93,7955,0,10,-18,14,-18,0,1,1,18334,0,0,0,0,0,0,0
141,416,40677998,40615583,22289,7933,93,7955,0,11,-18,14,-18,0,1,1,21917,0,0,0,0,0,0,0
142,417,41234835,40110042,22377,7933,93,7955,0,11,-18,14,-18,0,1,1,19167,0,0,0,0,0,0,0
143,418,39163619,40330959,22353,7933,93,7955,0,12,-18,14,-18,0,1,1,18750,0,0,0,0,0,0,0
144,419,41738711,41638292,22289,7933,93,7955,0,13,-18,14,-18,0,1,1,19291,0,0,0,0,0,0,0
145,420,42917128,41778125,22341,7933,93,7955,0,13,-18,14,-18,0,1,1,22542,0,0,0,0,0,0,0
146,421,38804542,38810833,23005,7933,96,7955,0,14,-18,14,-18,1,1,1,19250,0,0,0,0,0,0,0
147,422,36227997,37380959,22537,7933,93,7955,0,15,-18,14,-18,0,1,1,18250,0,0,0,0,0,0,0
148,423,38601417,37408083,22289,7933,93,7955,0,15,-18,14,-18,0,1,1,19250,0,0,0,0,0,0,0
149,424,36052290,37210375,22353,7933,93,7955,0,16,-18,14,-18,0,1,1,18834,0,0,0,0,0,0,0
150,425,37810631,37701709,22289,7933,93,7955,0,15,-18,14,-18,0,1,1,19292,0,0,0,0,0,0,0
151,426,40205329,39113333,22429,7934,94,7956,0,15,-18,14,-18,0,1,1,19000,0,0,0,0,0,0,0
152,427,36102671,37233000,22353,7933,93,7955,0,14,-18,14,-18,1,1,1,18791,0,0,0,0,0,0,0
153,428,37155788,37141375,22289,7933,93,7955,0,13,-18,14,-18,0,1,1,18458,0,0,0,0,0,0,0
154,429,42355582,41092584,22289,7933,93,7955,0,13,-18,14,-18,0,1,1,19083,0,0,0,0,0,0,0
155,430,38391623,39631167,22441,7933,93,7955,0,12,-18,14,-18,0,1,1,18750,0,0,0,0,0,0,0
156,431,38939002,38881833,22289,7933,93,7955,0,11,-18,14,-18,0,1,1,19208,0,0,0,0,0,0,0
157,432,39105080,37979875,22341,7933,93,7955,0,11,-18,14,-18,0,1,1,19042,0,0,0,0,0,0,0
158,433,44829960,45846541,22353,7933,93,7955,0,10,-18,14,-18,0,1,1,19709,0,0,0,0,0,0,0
159,434,40915001,39758625,22941,7933,96,7955,0,9,-18,14,-18,0,1,1,24000,0,0,0,0,0,0,0
160,435,38845952,38943959,22537,7933,93,7955,0,9,-18,14,-18,0,1,1,18916,0,0,0,0,0,0,0
161,436,37538252,38668333,22353,7933,93,7955,0,8,-18,14,-18,0,1,1,18417,0,0,0,0,0,0,0
162,437,37449207,37362250,22341,7933,93,7955,0,7,-18,14,-18,0,1,1,18625,0,0,0,0,0,0,0
163,438,38380667,37299167,22377,7933,93,7955,0,7,-18,14,-18,0,1,1,18458,0,0,0,0,0,0,0
164,439,35862252,36972792,22353,7933,93,7955,0,6,-18,14,-18,0,1,1,18750,0,0,0,0,0,0,0
165,440,39243578,39231791,22289,7933,93,7955,0,5,-18,14,-18,0,1,1,19041,0,0,0,0,0,0,0
166,441,38794543,37547666,22289,7934,94,7956,0,5,-18,14,-18,0,1,1,19208,0,0,0,0,0,0,0
167,442,36024998,37231542,22441,7933,93,7955,0,4,-18,14,-18,0,1,1,17917,0,0,0,0,0,0,0
168,443,37375539,37169166,22341,7933,93,7955,0,3,-18,14,-18,0,1,1,18875,0,0,0,0,0,0,0
169,444,39522044,38569333,22289,7933,93,7955,0,3,-18,14,-18,0,1,1,18959,0,0,0,0,0,0,0
170,445,37643246,38683209,22353,7933,93,7955,0,2,-18,14,-18,0,1,1,18208,0,0,0,0,0,0,0
171,446,40798000,40866667,22377,7933,93,7955,0,1,-18,14,-18,0,1,1,19209,0,0,0,0,0,0,0
172,447,39908289,37555167,22853,7933,96,7955,0,1,-18,14,-18,0,1,1,19125,0,0,0,0,0,0,0
173,448,37208084,39523834,22601,7933,93,7955,0,0,-18,14,-18,0,1,1,21375,0,0,0,0,0,0,0
174,449,37302955,37213333,22341,7933,93,7955,0,-1,-18,14,-18,0,1,1,19000,0,0,0,0,0,0,0
175,450,38001585,36939459,22377,7933,93,7955,0,-1,-18,14,-18,0,1,1,19292,0,0,0,0,0,0,0
176,451,38411706,39510709,22353,7933,93,7955,0,-2,-18,14,-18,0,1,1,18375,0,0,0,0,0,0,0
177,452,37068665,37067375,22289,7933,93,7955,0,-3,-18,14,-18,0,1,1,18875,0,0,0,0,0,0,0
178,453,38117546,36855875,22289,7933,93,7955,0,-3,-18,14,-18,0,1,1,18708,0,0,0,0,0,0,0
179,454,35789251,36994667,22441,7933,93,7955,0,-4,-18,14,-18,0,1,1,18334,0,0,0,0,0,0,0
180,455,39400495,39394458,22341,7933,93,7955,0,-5,-18,14,-18,0,1,1,18750,0,0,0,0,0,0,0
181,456,42090214,40921959,22289,7934,94,7956,0,-5,-18,14,-18,0,1,1,18625,0,0,0,0,0,0,0
182,457,37396166,38449250,22353,7933,93,7955,0,-6,-18,14,-18,0,1,1,18083,0,0,0,0,0,0,0
183,458,37318330,37392875,22377,7933,93,7955,0,-7,-18,14,-18,0,1,1,19333,0,0,0,0,0,0,0
184,459,42628750,41452584,22289,7933,93,7955,0,-7,-18,14,-18,0,1,1,19334,0,0,0,0,0,0,0
185,460,38998957,38975750,22917,7933,96,7955,0,-8,-18,14,-18,0,1,1,18542,0,0,0,0,0,0,0
186,461,37590086,38669167,22589,7933,93,7955,0,-9,-18,14,-18,0,1,1,18708,0,0,0,0,0,0,0
187,462,38181327,37107208,22377,7933,93,7955,0,-9,-18,14,-18,0,1,1,18791,0,0,0,0,0,0,0
188,463,37763670,38857625,22353,7933,93,7955,0,-10,-18,14,-18,0,1,1,18334,0,0,0,0,0,0,0
189,464,37050168,37053167,22289,7933,93,7955,0,-11,-18,14,-18,0,1,1,18750,0,0,0,0,0,0,0
190,465,40044244,38811917,22289,7933,93,7955,0,-11,-18,14,-18,0,1,1,18667,0,0,0,0,0,0,0
191,466,37174001,38359000,22441,7933,93,7955,0,-12,-18,14,-18,0,1,1,18917,0,0,0,0,0,0,0
192,467,38814872,38803041,22341,7933,93,7955,0,-13,-18,14,-18,0,1,1,19209,0,0,0,0,0,0,0
193,468,38494415,37356791,22289,7933,93,7955,0,-13,-18,14,-18,0,1,1,18917,0,0,0,0,0,0,0
194,469,36367956,37424291,22353,7933,93,7955,0,-14,-18,14,-18,0,1,1,18625,0,0,0,0,0,0,0
195,470,37083376,37126250,22377,7933,93,7955,0,-15,-18,14,-18,0,1,1,18750,0,0,0,0,0,0,0
196,471,39764463,38587000,22289,7934,94,7956,0,-15,-18,14,-18,0,1,1,19166,0,0,0,0,0,0,0
197,472,40847454,41988667,22353,7933,93,7955,0,-16,-18,14,-18,0,1,1,19833,0,0,0,0,0,0,0
198,473,38278125,37057375,22905,7933,96,7955,0,-17,-18,14,-18,0,1,1,18542,0,0,0,0,0,0,0
199,474,38434956,38402334,22625,7933,93,7955,0,-17,-18,14,-18,0,1,1,17959,0,0,0,0,0,0,0
200,475,36391749,37573750,22353,7933,93,7955,0,-16,-18,14,-18,0,1,1,18708,0,0,0,0,0,0,0
201,476,36730457,36734459,22289,7933,93,7955,0,-15,-18,14,-18,0,1,1,19125,0,0,0,0,0,0,0
202,477,40202919,38992583,22289,7933,93,7955,0,-15,-18,14,-18,0,1,1,19042,0,0,0,0,0,0,0
203,478,35832121,37011917,22441,7933,93,7955,0,-14,-18,14,-18,0,1,1,18709,0,0,0,0,0,0,0
204,479,37574667,37526959,22341,7933,93,7955,0,-13,-18,14,-18,0,1,1,19250,0,0,0,0,0,0,0
205,480,40011338,38893792,22289,7933,93,7955,0,-13,-18,14,-18,0,1,1,19333,0,0,0,0,0,0,0
206,481,38164455,39226667,22353,7933,93,7955,0,-12,-18,14,-18,0,1,1,18791,0,0,0,0,0,0,0
207,482,39002373,39060500,22377,7933,93,7955,0,-11,-18,14,-18,0,1,1,18833,0,0,0,0,0,0,0
208,483,39842791,38669209,22289,7933,93,7955,0,-11,-18,14,-18,0,1,1,18875,0,0,0,0,0,0,0
209,484,37939626,39068333,22353,7933,93,7955,0,-10,-18,14,-18,0,1,1,18833,0,0,0,0,0,0,0
210,485,43210543,43122500,22341,7933,93,7955,0,-9,-18,14,-18,0,1,1,20291,0,0,0,0,0,0,0
211,486,40658496,38666583,22941,7934,97,7956,0,-9,-18,14,-18,0,1,1,18709,0,0,0,0,0,0,0
212,487,36700837,38724959,22601,7933,93,7955,0,-8,-18,14,-18,0,1,1,18292,0,0,0,0,0,0,0
213,488,36838207,36807792,22289,7933,93,7955,0,-7,-18,14,-18,0,1,1,18416,0,0,0,0,0,0,0
214,489,38270954,37067042,22289,7933,93,7955,0,-7,-18,14,-18,0,1,1,19167,0,0,0,0,0,0,0
215,490,36055669,37252000,22441,7933,93,7955,0,-6,-18,14,-18,0,1,1,18583,0,0,0,0,0,0,0
216,491,36901582,36852458,22341,7933,93,7955,0,-5,-18,14,-18,0,1,1,18625,0,0,0,0,0,0,0
217,492,39470501,38293417,22289,7933,93,7955,0,-5,-18,14,-18,0,1,1,21417,0,0,0,0,0,0,0
218,493,36506667,37659042,22353,7933,93,7955,0,-4,-18,14,-18,0,1,1,17541,0,0,0,0,0,0,0
219,494,37273917,37220666,22289,7933,93,7955,0,-3,-18,14,-18,0,1,1,18750,0,0,0,0,0,0,0
220,495,40030419,38929584,22377,7933,93,7955,0,-3,-18,14,-18,0,1,1,18583,0,0,0,0,0,0,0
221,496,37723124,38617667,22353,7933,93,7955,0,-2,-18,14,-18,0,1,1,18708,0,0,0,0,0,0,0
222,497,36952663,37115500,22341,7933,93,7955,0,-1,-18,14,-18,0,1,1,18542,0,0,0,0,0,0,0
223,498,42227875,41069750,22289,7933,93,7955,0,-1,-18,14,-18,0,1,1,20166,0,0,0,0,0,0,0
224,499,37177961,37171625,23005,7933,96,7955,0,0,-18,14,-18,0,1,1,18916,0,0,0,0,0,0,0
225,500,36222327,37393000,22537,7933,93,7955,0,1,-18,14,-18,0,1,1,18625,0,0,0,0,0,0,0
226,501,39599418,38372000,22289,7934,94,7956,0,1,-18,14,-18,0,1,1,18875,0,0,0,0,0,0,0
227,502,36391872,37571583,22353,7933,93,7955,0,2,-18,14,-18,0,1,1,18416,0,0,0,0,0,0,0
228,503,38737755,38660458,22341,7933,93,7955,0,3,-18,14,-18,0,1,1,19042,0,0,0,0,0,0,0
229,504,40091831,38992083,22377,7933,93,7955,0,3,-18,14,-18,0,1,1,21250,0,0,0,0,0,0,0
230,505,35893332,37026125,22353,7933,93,7955,0,4,-18,14,-18,0,1,1,18458,0,0,0,0,0,0,0
231,506,36945834,36922084,22289,7933,93,7955,0,5,-18,14,-18,0,1,1,19084,0,0,0,0,0,0,0
232,507,41102007,39726500,22289,7933,93,7955,0,5,-18,14,-18,0,1,1,19000,0,0,0,0,0,0,0
233,508,41556660,42873333,22441,7933,93,7955,0,6,-18,14,-18,0,1,1,21667,0,0,0,0,0,0,0
234,509,40380172,40374917,22341,7933,93,7955,0,7,-18,14,-18,0,1,1,21833,0,0,0,0,0,0,0
235,510,38284331,37125666,22289,7933,93,7955,0,7,-18,14,-18,0,1,1,18875,0,0,0,0,0,0,0
236,511,43435748,44494042,22353,7933,93,7955,0,8,-18,14,-18,0,1,1,21333,0,0,0,0,0,0,0
237,512,40519792,39256875,22941,7933,96,7955,0,9,-18,14,-18,0,1,1,21459,0,0,0,0,0,0,0
238,513,38667749,38827416,22537,7933,93,7955,0,9,-18,14,-18,0,1,1,21416,0,0,0,0,0,0,0
239,514,37550207,38700917,22405,7933,93,7955,0,10,-18,14,-18,0,1,1,18959,0,0,0,0,0,0,0
240,515,37865668,37763500,22289,7933,93,7955,0,11,-18,14,-18,0,1,1,18750,0,0,0,0,0,0,0
241,516,38097292,37031375,22377,7934,94,7956,0,11,-18,14,-18,0,1,1,18875,0,0,0,0,0,0,0
242,517,37420537,38510667,22353,7933,93,7955,0,12,-18,14,-18,0,1,1,18750,0,0,0,0,0,0,0
243,518,37097129,37109292,22289,7933,93,7955,0,13,-18,14,-18,0,1,1,18792,0,0,0,0,0,0,0
244,519,38698036,37430583,22289,7933,93,7955,0,13,-18,14,-18,0,1,1,18667,0,0,0,0,0,0,0
245,520,36093670,37315500,22493,7933,93,7955,0,14,-18,14,-18,1,1,1,19166,0,0,0,0,0,0,0
246,521,37036955,37015542,22289,7933,93,7955,0,15,-18,14,-18,0,1,1,19000,0,0,0,0,0,0,0
247,522,38583751,37278584,22289,7933,93,7955,0,15,-18,14,-18,0,1,1,19000,0,0,0,0,0,0,0
248,523,37482958,38747750,22353,7933,93,7955,0,16,-18,14,-18,0,1,1,21208,0,0,0,0,0,0,0
249,524,40785375,40730458,22289,7933,93,7955,0,15,-18,14,-18,0,1,1,19416,0,0,0,0,0,0,0
250,525,40639959,38632125,22941,7933,96,7955,0,15,-18,14,-18,0,1,1,19209,0,0,0,0,0,0,0
251,526,36436960,38454000,22653,7933,93,7955,0,14,-18,14,-18,1,1,1,18875,0,0,0,0,0,0,0
252,527,37507120,37485958,22289,7933,93,7955,0,13,-18,14,-18,0,1,1,18292,0,0,0,0,0,0,0
253,528,38236338,37048167,22289,7933,93,7955,0,13,-18,14,-18,0,1,1,19000,0,0,0,0,0,0,0
254,529,38007080,39170459,22441,7933,93,7955,0,12,-18,14,-18,0,1,1,18125,0,0,0,0,0,0,0
255,530,37274375,37260375,22289,7933,93,7955,0,11,-18,14,-18,0,1,1,18750,0,0,0,0,0,0,0
256,531,38674999,37487334,22289,7934,94,7956,0,11,-18,14,-18,0,1,1,19000,0,0,0,0,0,0,0
257,532,39261125,40356083,22405,7933,93,7955,0,10,-18,14,-18,0,1,1,19500,0,0,0,0,0,0,0
258,533,42515829,42512208,22377,7933,93,7955,0,9,-18,14,-18,0,1,1,18709,0,0,0,0,0,0,0
259,534,41340582,40258625,22289,7933,93,7955,0,9,-18,14,-18,0,1,1,22042,0,0,0,0,0,0,0
260,535,39572294,40668125,22353,7933,93,7955,0,8,-18,14,-18,0,1,1,18667,0,0,0,0,0,0,0
261,536,39473127,39388041,22289,7933,93,7955,0,7,-18,14,-18,0,1,1,19167,0,0,0,0,0,0,0
262,537,42388789,41275000,22429,7933,96,7955,0,7,-18,14,-18,0,1,1,18875,0,0,0,0,0,0,0
263,538,40512628,40507167,22917,7933,93,7955,0,6,-18,14,-18,0,1,1,18750,0,0,0,0,0,0,0
264,539,35964079,37105459,22537,7933,93,7955,0,5,-18,14,-18,0,1,1,18708,0,0,0,0,0,0,0
265,540,38611210,37420167,22289,7933,93,7955,0,5,-18,14,-18,0,1,1,19209,0,0,0,0,0,0,0
266,541,36491744,37651084,22441,7933,93,7955,0,4,-18,14,-18,0,1,1,18292,0,0,0,0,0,0,0
267,542,36732546,36718458,22289,7933,93,7955,0,3,-18,14,-18,0,1,1,18625,0,0,0,0,0,0,0
268,543,39959162,38777042,22341,7933,93,7955,0,3,-18,14,-18,0,1,1,18791,0,0,0,0,0,0,0
269,544,36022294,37174000,22353,7933,93,7955,0,2,-18,14,-18,0,1,1,18750,0,0,0,0,0,0,0
270,545,37618707,37529417,22289,7933,93,7955,0,1,-18,14,-18,0,1,1,18708,0,0,0,0,0,0,0
271,546,38132045,37044375,22377,7934,94,7956,0,1,-18,14,-18,0,1,1,18667,0,0,0,0,0,0,0
272,547,37840206,38952709,22353,7933,93,7955,0,0,-18,14,-18,0,1,1,18875,0,0,0,0,0,0,0
273,548,38745541,38495167,22289,7933,93,7955,0,-1,-18,14,-18,0,1,1,19458,0,0,0,0,0,0,0
274,549,38434125,37444083,22341,7933,93,7955,0,-1,-18,14,-18,0,1,1,19292,0,0,0,0,0,0,0
275,550,39352372,40564750,22441,7933,93,7955,0,-2,-18,14,-18,0,1,1,20750,0,0,0,0,0,0,0
276,551,38588371,37301834,22853,7933,96,7955,0,-3,-18,14,-18,0,1,1,18834,0,0,0,0,0,0,0
277,552,37173796,37302417,22537,7933,93,7955,0,-3,-18,14,-18,0,1,1,18625,0,0,0,0,0,0,0
278,553,37342872,38382417,22353,7933,93,7955,0,-4,-18,14,-18,0,1,1,18209,0,0,0,0,0,0,0
279,554,38740333,38790625,22377,7933,93,7955,0,-5,-18,14,-18,0,1,1,19084,0,0,0,0,0,0,0
280,555,41483879,40301458,22341,7933,93,7955,0,-5,-18,14,-18,0,1,1,19833,0,0,0,0,0,0,0
281,556,35702791,36869792,22353,7933,93,7955,0,-6,-18,14,-18,0,1,1,19167,0,0,0,0,0,0,0
282,557,38972582,38889167,22289,7933,93,7955,0,-7,-18,14,-18,0,1,1,19000,0,0,0,0,0,0,0
283,558,38442872,37218333,22377,7933,93,7955,0,-7,-18,14,-18,0,1,1,19458,0,0,0,0,0,0,0
284,559,39840623,40993000,22353,7933,93,7955,0,-8,-18,14,-18,0,1,1,19542,0,0,0,0,0,0,0
285,560,39421334,39497458,22289,7933,93,7955,0,-9,-18,14,-18,0,1,1,19958,0,0,0,0,0,0,0
286,561,40503706,39290625,22341,7934,94,7956,0,-9,-18,14,-18,0,1,1,18833,0,0,0,0,0,0,0
287,562,39339754,40492375,22441,7933,93,7955,0,-10,-18,14,-18,0,1,1,19500,0,0,0,0,0,0,0
288,563,40318205,40306167,22289,7933,96,7955,0,-11,-18,14,-18,0,1,1,19209,0,0,0,0,0,0,0
289,564,40940959,38894458,22853,7933,93,7955,0,-11,-18,14,-18,0,1,1,18709,0,0,0,0,0,0,0
290,565,36911834,38882542,22601,7933,93,7955,0,-12,-18,14,-18,0,1,1,18708,0,0,0,0,0,0,0
291,566,40053706,40083250,22377,7933,93,7955,0,-13,-18,14,-18,0,1,1,18708,0,0,0,0,0,0,0
292,567,39684794,38503375,22341,7933,93,7955,0,-13,-18,14,-18,0,1,1,18792,0,0,0,0,0,0,0
293,568,35889957,37049500,22353,7933,93,7955,0,-14,-18,14,-18,0,1,1,18667,0,0,0,0,0,0,0
294,569,38442581,38374792,22289,7933,93,7955,0,-15,-18,14,-18,0,1,1,18833,0,0,0,0,0,0,0
295,570,38435082,37351583,22377,7933,93,7955,0,-15,-18,14,-18,0,1,1,19417,0,0,0,0,0,0,0
296,571,35720165,36821250,22353,7933,93,7955,0,-16,-18,14,-18,0,1,1,19417,0,0,0,0,0,0,0
297,572,36934752,36915458,22289,7933,93,7955,0,-17,-18,14,-18,0,1,1,19166,0,0,0,0,0,0,0
298,573,38413379,37255792,22341,7933,93,7955,0,-17,-18,14,-18,0,1,1,18875,0,0,0,0,0,0,0
299,574,38134496,39199750,22353,7933,93,7955,0,-16,-18,14,-18,0,1,1,18917,0,0,0,0,0,0,0
300,575,41013628,41053000,22377,7933,93,7955,0,-15,-18,14,-18,0,1,1,20416,0,0,0,0,0,0,0
301,576,38405291,37234250,22289,7934,97,7956,0,-15,-18,14,-18,0,1,1,18542,0,0,0,0,0,0,0
302,577,38883958,38840584,22917,7933,93,7955,0,-14,-18,14,-18,0,1,1,18375,0,0,0,0,0,0,0
303,578,36090873,37195375,22537,7933,93,7955,0,-13,-18,14,-18,0,1,1,18625,0,0,0,0,0,0,0
304,579,38568083,37310917,22429,7933,93,7955,0,-13,-18,14,-18,0,1,1,19334,0,0,0,0,0,0,0
305,580,38180377,39472125,22353,7933,93,7955,0,-12,-18,14,-18,0,1,1,22042,0,0,0,0,0,0,0
306,581,38840744,38809500,22289,7933,93,7955,0,-11,-18,14,-18,0,1,1,19000,0,0,0,0,0,0,0
307,582,38282334,37110208,22289,7933,93,7955,0,-11,-18,14,-18,0,1,1,18708,0,0,0,0,0,0,0
308,583,36105420,37228208,22441,7933,93,7955,0,-10,-18,14,-18,0,1,1,18708,0,0,0,0,0,0,0
309,584,39435416,39425083,22289,7933,93,7955,0,-9,-18,14,-18,0,1,1,19333,0,0,0,0,0,0,0
310,585,39847705,38717916,22341,7933,93,7955,0,-9,-18,14,-18,0,1,1,19250,0,0,0,0,0,0,0
311,586,38233999,39308167,22353,7933,93,7955,0,-8,-18,14,-18,0,1,1,18542,0,0,0,0,0,0,0
312,587,41548460,41521583,22377,7933,93,7955,0,-7,-18,14,-18,0,1,1,18917,0,0,0,0,0,0,0
313,588,44369246,43235000,22289,7933,93,7955,0,-7,-18,14,-18,0,1,1,22292,0,0,0,0,0,0,0
314,589,40294669,41402708,22353,7933,96,7955,0,-6,-18,14,-18,0,1,1,18583,0,0,0,0,0,0,0
315,590,42663704,41483541,22905,7933,93,7955,0,-5,-18,14,-18,0,1,1,21542,0,0,0,0,0,0,0
316,591,36951586,36976875,22625,7934,94,7956,0,-5,-18,14,-18,0,1,1,18584,0,0,0,0,0,0,0
317,592,35719748,36880125,22353,7933,93,7955,0,-4,-18,14,-18,0,1,1,19000,0,0,0,0,0,0,0
318,593,38745619,38698709,22289,7933,93,7955,0,-3,-18,14,-18,0,1,1,18916,0,0,0,0,0,0,0
319,594,38516376,37365708,22289,7933,93,7955,0,-3,-18,14,-18,0,1,1,19000,0,0,0,0,0,0,0
320,595,37629831,38677167,22353,7933,93,7955,0,-2,-18,14,-18,0,1,1,18750,0,0,0,0,0,0,0
321,596,38801833,38883500,22429,7933,93,7955,0,-1,-18,14,-18,0,1,1,18625,0,0,0,0,0,0,0
322,597,38505252,37313959,22289,7933,93,7955,0,-1,-18,14,-18,0,1,1,19292,0,0,0,0,0,0,0
323,598,36114711,37270792,22353,7933,93,7955,0,0,-18,14,-18,0,1,1,18667,0,0,0,0,0,0,0
324,599,37137705,37052208,22289,7933,93,7955,0,1,-18,14,-18,0,1,1,19416,0,0,0,0,0,0,0
325,600,38626205,37357792,22377,7933,93,7955,0,1,-18,14,-18,0,1,1,18791,0,0,0,0,0,0,0
326,601,40468297,41732667,22353,7933,93,7955,0,2,-18,14,-18,0,1,1,19833,0,0,0,0,0,0,0
327,602,40351871,40370583,22341,7933,96,7955,0,3,-18,14,-18,0,1,1,18959,0,0,0,0,0,0,0
328,603,41141211,38932666,22853,7933,93,7955,0,3,-18,14,-18,0,1,1,18583,0,0,0,0,0,0,0
329,604,37272039,39455834,22689,7933,93,7955,0,4,-18,14,-18,0,1,1,18833,0,0,0,0,0,0,0
330,605,37366501,37333750,22289,7933,93,7955,0,5,-18,14,-18,0,1,1,18583,0,0,0,0,0,0,0
331,606,38421917,37306333,22289,7934,94,7956,0,5,-18,14,-18,0,1,1,19709,0,0,0,0,0,0,0
332,607,38978997,39993291,22353,7933,93,7955,0,6,-18,14,-18,0,1,1,25292,0,0,0,0,0,0,0
333,608,38348626,38402083,22429,7933,93,7955,0,7,-18,14,-18,0,1,1,18458,0,0,0,0,0,0,0
334,609,40512628,39202000,22289,7933,93,7955,0,7,-18,14,-18,0,1,1,18708,0,0,0,0,0,0,0
335,610,41970416,43218208,22353,7933,93,7955,0,8,-18,14,-18,0,1,1,23042,0,0,0,0,0,0,0
336,611,41075915,40984500,22289,7933,93,7955,0,9,-18,14,-18,0,1,1,21500,0,0,0,0,0,0,0
337,612,41343376,40290584,22377,7933,93,7955,0,9,-18,14,-18,0,1,1,21750,0,0,0,0,0,0,0
338,613,39742041,40847750,22405,7933,93,7955,0,10,-18,14,-18,0,1,1,19167,0,0,0,0,0,0,0
339,614,41729584,41728667,22289,7933,93,7955,0,11,-18,14,-18,0,1,1,19250,0,0,0,0,0,0,0
340,615,43726835,41608333,22853,7933,96,7955,0,11,-18,14,-18,0,1,1,21792,0,0,0,0,0,0,0
341,616,38023121,40125750,22689,7933,93,7955,0,12,-18,14,-18,0,1,1,19458,0,0,0,0,0,0,0
342,617,38575958,38531416,22289,7933,93,7955,0,13,-18,14,-18,0,1,1,21458,0,0,0,0,0,0,0
343,618,39702627,38424917,22341,7933,93,7955,0,13,-18,14,-18,0,1,1,21792,0,0,0,0,0,0,0
344,619,37883248,39070292,22353,7933,93,7955,0,14,-18,14,-18,1,1,1,21500,0,0,0,0,0,0,0
345,620,38642581,38713709,22377,7933,93,7955,0,15,-18,14,-18,0,1,1,19209,0,0,0,0,0,0,0
346,621,38609296,37441458,22289,7934,94,7956,0,15,-18,14,-18,0,1,1,18958,0,0,0,0,0,0,0
347,622,36153245,37289709,22353,7933,93,7955,0,16,-18,14,-18,0,1,1,18541,0,0,0,0,0,0,0
348,623,39112422,39008916,22289,7933,93,7955,0,15,-18,14,-18,0,1,1,18791,0,0,0,0,0,0,0
349,624,38093578,37012625,22429,7933,93,7955,0,15,-18,14,-18,0,1,1,18709,0,0,0,0,0,0,0
350,625,37625417,38739375,22353,7933,93,7955,0,14,-18,14,-18,1,1,1,19250,0,0,0,0,0,0,0
351,626,36935083,36909625,22289,7931,93,7953,0,13,-18,14,-18,0,1,1,19000,0,0,0,0,0,0,0
352,627,42917497,41715542,22289,7933,93,7955,0,13,-18,14,-18,0,1,1,19167,0,0,0,0,0,0,0
353,628,37937045,37827708,23005,7933,96,7955,0,12,-18,14,-18,0,1,1,18333,0,0,0,0,0,0,0
354,629,39880122,41116250,22537,7933,93,7955,0,11,-18,14,-18,0,1,1,21667,0,0,0,0,0,0,0
355,630,39375085,38285250,22341,7933,93,7955,0,11,-18,14,-18,0,1,1,21792,0,0,0,0,0,0,0
356,631,38034792,39081750,22353,7933,93,7955,0,10,-18,14,-18,0,1,1,18541,0,0,0,0,0,0,0
357,632,37268664,37332834,22377,7933,93,7955,0,9,-18,14,-18,0,1,1,19084,0,0,0,0,0,0,0
358,633,37994246,36815875,22289,7933,93,7955,0,9,-18,14,-18,0,1,1,18625,0,0,0,0,0,0,0
359,634,36194711,37346417,22353,7933,93,7955,0,8,-18,14,-18,0,1,1,18791,0,0,0,0,0,0,0
360,635,39385620,39218000,22289,7933,93,7955,0,7,-18,14,-18,0,1,1,19125,0,0,0,0,0,0,0
361,636,40778543,39590708,22429,7934,94,7956,0,7,-18,14,-18,0,1,1,22875,0,0,0,0,0,0,0
362,637,38717869,39993542,22353,7933,93,7955,0,6,-18,14,-18,0,1,1,21875,0,0,0,0,0,0,0
363,638,38546960,38541541,22289,7933,93,7955,0,5,-18,14,-18,0,1,1,18833,0,0,0,0,0,0,0
364,639,39963334,38721917,22289,7933,93,7955,0,5,-18,14,-18,0,1,1,18917,0,0,0,0,0,0,0
365,640,41808709,43037625,22441,7933,93,7955,0,4,-18,14,-18,0,1,1,20208,0,0,0,0,0,0,0
366,641,39754286,38540875,22853,7933,96,7955,0,3,-18,14,-18,0,1,1,18458,0,0,0,0,0,0,0
367,642,38598667,38644042,22589,7933,93,7955,0,3,-18,14,-18,0,1,1,18791,0,0,0,0,0,0,0
368,643,38094706,39132959,22353,7933,93,7955,0,2,-18,14,-18,0,1,1,19000,0,0,0,0,0,0,0
369,644,37201084,37264083,22377,7933,93,7955,0,1,-18,14,-18,0,1,1,18583,0,0,0,0,0,0,0
370,645,38120251,36960875,22289,7933,93,7955,0,1,-18,14,-18,0,1,1,18417,0,0,0,0,0,0,0
371,646,37874583,39007917,22353,7933,93,7955,0,0,-18,14,-18,0,1,1,18083,0,0,0,0,0,0,0
372,647,37025999,36920792,22289,7933,93,7955,0,-1,-18,14,-18,0,1,1,19042,0,0,0,0,0,0,0
373,648,38939461,37862834,22429,7933,93,7955,0,-1,-18,14,-18,0,1,1,19041,0,0,0,0,0,0,0
374,649,35248916,36348375,22353,7933,93,7955,0,-2,-18,14,-18,0,1,1,18916,0,0,0,0,0,0,0
375,650,40620502,40636417,22289,7933,93,7955,0,-3,-18,14,-18,0,1,1,19083,0,0,0,0,0,0,0
376,651,40412414,39196875,22289,7934,94,7956,0,-3,-18,14,-18,0,1,1,18958,0,0,0,0,0,0,0
377,652,39403166,40397166,22441,7933,93,7955,0,-4,-18,14,-18,0,1,1,19875,0,0,0,0,0,0,0
378,653,39071373,39199958,22289,7933,96,7955,0,-5,-18,14,-18,0,1,1,18042,0,0,0,0,0,0,0
379,654,39172753,37176833,22905,7933,93,7955,0,-5,-18,14,-18,0,1,1,19250,0,0,0,0,0,0,0
380,655,35120416,37060875,22601,7933,93,7955,0,-6,-18,14,-18,0,1,1,18833,0,0,0,0,0,0,0
381,656,38781747,38839916,22377,7933,93,7955,0,-7,-18,14,-18,0,1,1,19333,0,0,0,0,0,0,0
382,657,39548419,38375167,22289,7933,93,7955,0,-7,-18,14,-18,0,1,1,20958,0,0,0,0,0,0,0
383,658,36077417,37211417,22353,7933,93,7955,0,-8,-18,14,-18,0,1,1,19083,0,0,0,0,0,0,0
384,659,36899838,36767709,22289,7933,93,7955,0,-9,-18,14,-18,0,1,1,19208,0,0,0,0,0,0,0
385,660,39867702,38828875,22429,7933,93,7955,0,-9,-18,14,-18,0,1,1,22125,0,0,0,0,0,0,0
386,661,35933170,37046917,22353,7933,93,7955,0,-10,-18,14,-18,0,1,1,18750,0,0,0,0,0,0,0
387,662,41130080,41122584,22289,7933,93,7955,0,-11,-18,14,-18,0,1,1,19292,0,0,0,0,0,0,0
388,663,40108878,38862167,22289,7933,93,7955,0,-11,-18,14,-18,0,1,1,19292,0,0,0,0,0,0,0
389,664,38027167,39238208,22441,7933,93,7955,0,-12,-18,14,-18,0,1,1,18542,0,0,0,0,0,0,0
390,665,39734706,39697666,22289,7933,93,7955,0,-13,-18,14,-18,0,1,1,19375,0,0,0,0,0,0,0
391,666,41886705,40766667,22341,7934,97,7956,0,-13,-18,14,-18,0,1,1,18917,0,0,0,0,0,0,0
392,667,39690498,39390459,22917,7933,93,7955,0,-14,-18,14,-18,0,1,1,19208,0,0,0,0,0,0,0
393,668,37415541,38784042,22625,7933,93,7955,0,-15,-18,14,-18,0,1,1,21625,0,0,0,0,0,0,0
394,669,39600674,38478541,22289,7933,93,7955,0,-15,-18,14,-18,0,1,1,19542,0,0,0,0,0,0,0
395,670,36100830,37216500,22353,7933,93,7955,0,-16,-18,14,-18,0,1,1,18166,0,0,0,0,0,0,0
396,671,37299335,37188084,22289,7933,93,7955,0,-17,-18,14,-18,0,1,1,19125,0,0,0,0,0,0,0
397,672,39949249,38884375,22429,7933,93,7955,0,-17,-18,14,-18,0,1,1,18750,0,0,0,0,0,0,0
398,673,37524376,38613542,22353,7933,93,7955,0,-16,-18,14,-18,0,1,1,31417,0,0,0,0,0,0,0
399,674,37263747,37282000,22289,7933,93,7955,0,-15,-18,14,-18,0,1,1,19166,0,0,0,0,0,0,0
400,675,38217630,36976792,22289,7933,93,7955,0,-15,-18,14,-18,0,1,1,19375,0,0,0,0,0,0,0
401,676,36302577,37505291,22441,7933,93,7955,0,-14,-18,14,-18,0,1,1,18292,0,0,0,0,0,0,0
402,677,38982085,38895916,22289,7933,93,7955,0,-13,-18,14,-18,0,1,1,19292,0,0,0,0,0,0,0
403,678,40329620,39255541,22341,7933,93,7955,0,-13,-18,14,-18,0,1,1,20167,0,0,0,0,0,0,0
404,679,38073170,39126083,22353,7933,96,7955,0,-12,-18,14,-18,0,1,1,18958,0,0,0,0,0,0,0
405,680,40000084,38876125,22941,7933,93,7955,0,-11,-18,14,-18,0,1,1,19375,0,0,0,0,0,0,0
406,681,37077493,37071542,22537,7934,94,7956,0,-11,-18,14,-18,0,1,1,18708,0,0,0,0,0,0,0
407,682,35846669,36993416,22353,7933,93,7955,0,-10,-18,14,-18,0,1,1,18500,0,0,0,0,0,0,0
408,683,38750998,38639375,22289,7933,93,7955,0,-9,-18,14,-18,0,1,1,18959,0,0,0,0,0,0,0
409,684,38208462,37153208,22429,7933,93,7955,0,-9,-18,14,-18,0,1,1,18750,0,0,0,0,0,0,0
410,685,35922832,36993583,22353,7933,93,7955,0,-8,-18,14,-18,0,1,1,18541,0,0,0,0,0,0,0
411,686,39157249,39180959,22289,7933,93,7955,0,-7,-18,14,-18,0,1,1,19209,0,0,0,0,0,0,0
412,687,39910629,38677708,22289,7933,93,7955,0,-7,-18,14,-18,0,1,1,19375,0,0,0,0,0,0,0
413,688,38831122,39973708,22441,7933,93,7955,0,-6,-18,14,-18,0,1,1,18458,0,0,0,0,0,0,0
414,689,39225667,39207541,22289,7933,93,7955,0,-5,-18,14,-18,0,1,1,21458,0,0,0,0,0,0,0
415,690,40031250,38949250,22341,7933,93,7955,0,-5,-18,14,-18,0,1,1,23208,0,0,0,0,0,0,0
416,691,41070543,42097000,22353,7933,93,7955,0,-4,-18,14,-18,0,1,1,20292,0,0,0,0,0,0,0
417,692,38800247,38849042,22377,7933,96,7955,0,-3,-18,14,-18,0,1,1,18875,0,0,0,0,0,0,0
418,693,40925912,38816875,22853,7933,93,7955,0,-3,-18,14,-18,0,1,1,19167,0,0,0,0,0,0,0
419,694,36398377,38474584,22601,7933,93,7955,0,-2,-18,14,-18,0,1,1,18375,0,0,0,0,0,0,0
420,695,38059212,37964583,50301,7933,93,7955,0,-1,-18,14,-18,0,1,1,19375,0,0,0,0,0,0,0
421,696,40233623,39100791,22429,7934,94,7956,0,-1,-18,14,-18,0,1,1,18458,0,0,0,0,0,0,0
422,697,35958454,37106042,22353,7933,93,7955,0,0,-18,14,-18,0,1,1,18541,0,0,0,0,0,0,0
423,698,37196498,37221000,22289,7933,93,7955,0,1,-18,14,-18,0,1,1,19208,0,0,0,0,0,0,0
424,699,43223753,41981541,22289,7933,93,7955,0,1,-18,14,-18,0,1,1,20042,0,0,0,0,0,0,0
425,700,37746250,38953333,22441,7933,93,7955,0,2,-18,14,-18,0,1,1,19292,0,0,0,0,0,0,0
426,701,39177749,39110542,22289,7933,93,7955,0,3,-18,14,-18,0,1,1,19542,0,0,0,0,0,0,0
427,702,44285543,43000125,22543,7933,93,7955,0,3,-18,14,-18,0,1,1,19542,0,0,0,0,0,0,0
428,703,38735706,39966584,22353,7933,93,7955,0,4,-18,14,-18,0,1,1,21333,0,0,0,0,0,0,0
429,704,41347540,41161208,22377,7933,93,7955,0,5,-18,14,-18,0,1,1,19083,0,0,0,0,0,0,0
430,705,39948623,39009792,22289,7933,96,7955,0,5,-18,14,-18,0,1,1,19541,0,0,0,0,0,0,0
431,706,37248704,37223333,22917,7933,93,7955,0,6,-18,14,-18,0,1,1,18792,0,0,0,0,0,0,0
432,707,37305291,38386291,22589,7933,93,7955,0,7,-18,14,-18,0,1,1,19000,0,0,0,0,0,0,0
433,708,41839376,40765791,22377,7933,93,7955,0,7,-18,14,-18,0,1,1,19000,0,0,0,0,0,0,0
434,709,37632122,38711625,22353,7933,93,7955,0,8,-18,14,-18,0,1,1,20000,0,0,0,0,0,0,0
435,710,37044126,37033792,22289,7933,93,7955,0,9,-18,14,-18,0,1,1,18792,0,0,0,0,0,0,0
436,711,38187626,36912875,22289,7934,94,7956,0,9,-18,14,-18,0,1,1,19500,0,0,0,0,0,0,0
437,712,37595834,38838583,22441,7933,93,7955,0,10,-18,14,-18,0,1,1,21333,0,0,0,0,0,0,0
438,713,40114369,40044958,22341,7933,93,7955,0,11,-18,14,-18,0,1,1,19459,0,0,0,0,0,0,0
439,714,42669918,41575875,22289,7933,93,7955,0,11,-18,14,-18,0,1,1,21625,0,0,0,0,0,0,0
440,715,37871167,38928500,22353,7933,93,7955,0,12,-18,14,-18,0,1,1,22333,0,0,0,0,0,0,0
441,716,38477372,38523958,22377,7933,93,7955,0,13,-18,14,-18,0,1,1,18916,0,0,0,0,0,0,0
442,717,42451296,41236625,22289,7933,93,7955,0,13,-18,14,-18,0,1,1,19542,0,0,0,0,0,0,0
443,718,39115369,39137500,22969,7933,96,7955,0,14,-18,14,-18,1,1,1,18291,0,0,0,0,0,0,0
444,719,39047166,40099958,22537,7933,93,7955,0,15,-18,14,-18,0,1,1,21875,0,0,0,0,0,0,0
445,720,41600041,40533292,22377,7933,93,7955,0,15,-18,14,-18,0,1,1,24875,0,0,0,0,0,0,0
446,721,37992417,39084917,22353,7933,93,7955,0,16,-18,14,-18,0,1,1,18500,0,0,0,0,0,0,0
447,722,38834545,38862875,22289,7933,93,7955,0,15,-18,14,-18,0,1,1,18833,0,0,0,0,0,0,0
448,723,38550119,37257083,22289,7933,93,7955,0,15,-18,14,-18,0,1,1,18833,0,0,0,0,0,0,0
449,724,35907503,37148875,22493,7933,93,7955,0,14,-18,14,-18,1,1,1,18750,0,0,0,0,0,0,0
450,725,37342537,37284125,22289,7933,93,7955,0,13,-18,14,-18,0,1,1,19292,0,0,0,0,0,0,0
451,726,39908792,38809042,22289,7934,94,7956,0,13,-18,14,-18,0,1,1,19417,0,0,0,0,0,0,0
452,727,36479584,37489709,22353,7933,93,7955,0,12,-18,14,-18,0,1,1,19666,0,0,0,0,0,0,0
453,728,41852869,41874875,22587,7933,93,7955,0,11,-18,14,-18,0,1,1,22750,0,0,0,0,0,0,0
454,729,41601836,40378042,22377,7933,93,7955,0,11,-18,14,-18,0,1,1,19750,0,0,0,0,0,0,0
455,730,41778296,43011000,22405,7933,93,7955,0,10,-18,14,-18,0,1,1,22167,0,0,0,0,0,0,0
456,731,40103789,38877708,22853,7933,96,7955,0,9,-18,14,-18,0,1,1,19333,0,0,0,0,0,0,0
457,732,37327956,37360958,22537,7933,93,7955,0,9,-18,14,-18,0,1,1,18292,0,0,0,0,0,0,0
458,733,37542920,38679208,22441,7933,93,7955,0,8,-18,14,-18,0,1,1,19500,0,0,0,0,0,0,0
459,734,37135664,37139417,22289,7933,93,7955,0,7,-18,14,-18,0,1,1,19167,0,0,0,0,0,0,0
460,735,41364960,40156000,22289,7933,93,7955,0,7,-18,14,-18,0,1,1,18500,0,0,0,0,0,0,0
461,736,41393794,42472292,22405,7933,93,7955,0,6,-18,14,-18,0,1,1,18833,0,0,0,0,0,0,0
462,737,39492581,39551709,22377,7933,93,7955,0,5,-18,14,-18,0,1,1,21417,0,0,0,0,0,0,0
463,738,40156207,38994791,22289,7933,93,7955,0,5,-18,14,-18,0,1,1,19084,0,0,0,0,0,0,0
464,739,40006250,41137125,22353,7933,93,7955,0,4,-18,14,-18,0,1,1,19250,0,0,0,0,0,0,0
465,740,39752252,39680209,22289,7933,93,7955,0,3,-18,14,-18,0,1,1,19750,0,0,0,0,0,0,0
466,741,37996210,36789875,22429,7934,94,7956,0,3,-18,14,-18,0,1,1,18833,0,0,0,0,0,0,0
467,742,42284622,43532542,22353,7933,93,7955,0,2,-18,14,-18,0,1,1,22709,0,0,0,0,0,0,0
468,743,39558827,39531500,22289,7933,96,7955,0,1,-18,14,-18,0,1,1,19291,0,0,0,0,0,0,0
469,744,40927875,38834500,22853,7933,93,7955,0,1,-18,14,-18,0,1,1,19042,0,0,0,0,0,0,0
470,745,37000000,39048166,22689,7933,93,7955,0,0,-18,14,-18,0,1,1,18958,0,0,0,0,0,0,0
471,746,38967248,38964875,22289,7933,93,7955,0,-1,-18,14,-18,0,1,1,18750,0,0,0,0,0,0,0
472,747,38300920,37150666,22341,7933,93,7955,0,-1,-18,14,-18,0,1,1,19042,0,0,0,0,0,0,0
473,748,37642460,38710375,22353,7933,93,7955,0,-2,-18,14,-18,0,1,1,18541,0,0,0,0,0,0,0
474,749,37582743,37598042,22377,7933,93,7955,0,-3,-18,14,-18,0,1,1,19209,0,0,0,0,0,0,0
475,750,39748914,38659125,22289,7933,93,7955,0,-3,-18,14,-18,0,1,1,19417,0,0,0,0,0,0,0
476,751,36341879,37421750,22353,7933,93,7955,0,-4,-18,14,-18,0,1,1,18500,0,0,0,0,0,0,0
477,752,37387792,37328541,22289,7933,93,7955,0,-5,-18,14,-18,0,1,1,19000,0,0,0,0,0,0,0
478,753,38183331,37075875,22429,7933,93,7955,0,-5,-18,14,-18,0,1,1,19084,0,0,0,0,0,0,0
479,754,37643622,38785916,22353,7933,93,7955,0,-6,-18,14,-18,0,1,1,19333,0,0,0,0,0,0,0
480,755,43561380,43506208,22289,7933,93,7955,0,-7,-18,14,-18,0,1,1,19250,0,0,0,0,0,0,0
481,756,41574958,40192041,22289,7934,97,7956,0,-7,-18,14,-18,0,1,1,21625,0,0,0,0,0,0,0
482,757,37158001,37305708,23005,7933,93,7955,0,-8,-18,14,-18,0,1,1,18459,0,0,0,0,0,0,0
483,758,37850290,39057459,22537,7933,93,7955,0,-9,-18,14,-18,0,1,1,18667,0,0,0,0,0,0,0
484,759,38230706,37035584,22341,7933,93,7955,0,-9,-18,14,-18,0,1,1,18917,0,0,0,0,0,0,0
485,760,37832625,38935708,22353,7933,93,7955,0,-10,-18,14,-18,0,1,1,18833,0,0,0,0,0,0,0
486,761,38564216,38594625,22377,7933,93,7955,0,-11,-18,14,-18,0,1,1,18959,0,0,0,0,0,0,0
487,762,38279037,37136584,22289,7933,93,7955,0,-11,-18,14,-18,0,1,1,19125,0,0,0,0,0,0,0
488,763,37668708,38789541,22353,7933,93,7955,0,-12,-18,14,-18,0,1,1,19083,0,0,0,0,0,0,0
489,764,37259913,37167375,22289,7933,93,7955,0,-13,-18,14,-18,0,1,1,18625,0,0,0,0,0,0,0
490,765,42017214,40864959,22429,7933,93,7955,0,-13,-18,14,-18,0,1,1,20916,0,0,0,0,0,0,0
491,766,37783998,38985542,22353,7933,93,7955,0,-14,-18,14,-18,0,1,1,18834,0,0,0,0,0,0,0
492,767,40348753,40310625,22289,7933,93,7955,0,-15,-18,14,-18,0,1,1,18875,0,0,0,0,0,0,0
493,768,44206995,43036500,22289,7933,93,7955,0,-15,-18,14,-18,0,1,1,19292,0,0,0,0,0,0,0
494,769,37473045,38616209,22441,7933,96,7955,0,-16,-18,14,-18,0,1,1,18708,0,0,0,0,0,0,0
495,770,40248334,39090375,22905,7933,93,7955,0,-17,-18,14,-18,0,1,1,21208,0,0,0,0,0,0,0
496,771,40483042,40465833,22537,7934,94,7956,0,-17,-18,14,-18,0,1,1,21167,0,0,0,0,0,0,0
497,772,37580747,38659417,22353,7933,93,7955,0,-16,-18,14,-18,0,1,1,18792,0,0,0,0,0,0,0
498,773,37018287,37057708,22377,7933,93,7955,0,-15,-18,14,-18,0,1,1,18834,0,0,0,0,0,0,0
499,774,38569048,37446583,22289,7933,93,7955,0,-15,-18,14,-18,0,1,1,18667,0,0,0,0,0,0,0
500,775,37710707,38776250,22353,7933,93,7955,0,-14,-18,14,-18,0,1,1,18125,0,0,0,0,0,0,0
501,776,37105079,37060875,22341,7933,93,7955,0,-13,-18,14,-18,0,1,1,18375,0,0,0,0,0,0,0
502,777,40074292,38943875,22377,7933,93,7955,0,-13,-18,14,-18,0,1,1,19292,0,0,0,0,0,0,0
503,778,36083128,37243708,22353,7933,93,7955,0,-12,-18,14,-18,0,1,1,19000,0,0,0,0,0,0,0
504,779,36764036,36718125,22289,7933,93,7955,0,-11,-18,14,-18,0,1,1,19208,0,0,0,0,0,0,0
505,780,38404457,37233458,22289,7933,93,7955,0,-11,-18,14,-18,0,1,1,19000,0,0,0,0,0,0,0
506,781,40830627,41974625,22441,7933,93,7955,0,-10,-18,14,-18,0,1,1,19583,0,0,0,0,0,0,0
507,782,37623584,37623333,22341,7933,96,7955,0,-9,-18,14,-18,0,1,1,19708,0,0,0,0,0,0,0
508,783,41912499,39629625,22853,7933,93,7955,0,-9,-18,14,-18,0,1,1,19042,0,0,0,0,0,0,0
509,784,40614627,42787375,22601,7933,93,7955,0,-8,-18,14,-18,0,1,1,21792,0,0,0,0,0,0,0
510,785,43756045,43743667,22377,7933,93,7955,0,-7,-18,14,-18,0,1,1,21666,0,0,0,0,0,0,0
511,786,43563831,42247417,22289,7934,94,7956,0,-7,-18,14,-18,0,1,1,22000,0,0,0,0,0,0,0
512,787,41309911,42645625,22405,7933,93,7955,0,-6,-18,14,-18,0,1,1,21416,0,0,0,0,0,0,0
513,788,39148710,39092834,22289,7933,93,7955,0,-5,-18,14,-18,0,1,1,18959,0,0,0,0,0,0,0
514,789,38331042,37230875,22377,7933,93,7955,0,-5,-18,14,-18,0,1,1,19000,0,0,0,0,0,0,0
515,790,36439329,37557375,22353,7933,93,7955,0,-4,-18,14,-18,0,1,1,18417,0,0,0,0,0,0,0
516,791,39133921,39118500,22289,7933,93,7955,0,-3,-18,14,-18,0,1,1,19292,0,0,0,0,0,0,0
517,792,41292827,39921458,22289,7933,93,7955,0,-3,-18,14,-18,0,1,1,18834,0,0,0,0,0,0,0
518,793,44068545,45394292,22493,7933,93,7955,0,-2,-18,14,-18,0,1,1,23167,0,0,0,0,0,0,0
519,794,38699418,38708292,22289,7933,96,7955,0,-1,-18,14,-18,0,1,1,18958,0,0,0,0,0,0,0
520,795,40760748,38705750,22853,7933,93,7955,0,-1,-18,14,-18,0,1,1,18791,0,0,0,0,0,0,0
521,796,35316001,37280958,22601,7933,93,7955,0,0,-18,14,-18,0,1,1,18542,0,0,0,0,0,0,0
522,797,38878038,38899959,22377,7933,93,7955,0,1,-18,14,-18,0,1,1,18792,0,0,0,0,0,0,0
523,798,37981454,36833875,22289,7933,93,7955,0,1,-18,14,-18,0,1,1,18500,0,0,0,0,0,0,0
524,799,37610672,38731458,22405,7933,93,7955,0,2,-18,14,-18,0,1,1,18958,0,0,0,0,0,0,0
525,800,37545535,37485709,22289,7933,93,7955,0,3,-18,14,-18,0,1,1,19417,0,0,0,0,0,0,0
526,801,38241256,37145041,22377,7934,94,7956,0,3,-18,14,-18,0,1,1,19083,0,0,0,0,0,0,0
527,802,36129456,37246250,22353,7933,93,7955,0,4,-18,14,-18,0,1,1,18834,0,0,0,0,0,0,0
528,803,37209458,37169375,22289,7933,93,7955,0,5,-18,14,-18,0,1,1,19000,0,0,0,0,0,0,0
529,804,38542121,37341667,22289,7933,93,7955,0,5,-18,14,-18,0,1,1,19209,0,0,0,0,0,0,0
530,805,37912756,39062083,22493,7933,93,7955,0,6,-18,14,-18,0,1,1,18250,0,0,0,0,0,0,0
531,806,43509829,43524292,22289,7933,93,7955,0,7,-18,14,-18,0,1,1,21667,0,0,0,0,0,0,0
532,807,41610833,40455833,22289,7933,96,7955,0,7,-18,14,-18,0,1,1,18750,0,0,0,0,0,0,0
533,808,37311833,36976208,22917,7933,93,7955,0,8,-18,14,-18,0,1,1,19458,0,0,0,0,0,0,0
534,809,37463080,38915666,22625,7933,93,7955,0,9,-18,14,-18,0,1,1,18125,0,0,0,0,0,0,0
535,810,39295628,38135833,22289,7933,93,7955,0,9,-18,14,-18,0,1,1,18375,0,0,0,0,0,0,0
536,811,35809621,36915875,22405,7933,93,7955,0,10,-18,14,-18,0,1,1,18625,0,0,0,0,0,0,0
537,812,39139121,39088375,22289,7933,93,7955,0,11,-18,14,-18,0,1,1,18792,0,0,0,0,0,0,0
538,813,39992127,38849667,22377,7933,93,7955,0,11,-18,14,-18,0,1,1,19292,0,0,0,0,0,0,0
539,814,36158915,37323792,22353,7933,93,7955,0,12,-18,14,-18,0,1,1,19084,0,0,0,0,0,0,0
540,815,38950212,38911292,22289,7933,93,7955,0,13,-18,14,-18,0,1,1,18958,0,0,0,0,0,0,0
541,816,40720663,39515875,22289,7934,94,7956,0,13,-18,14,-18,0,1,1,19208,0,0,0,0,0,0,0
542,817,39329834,40507916,22493,7933,93,7955,0,14,-18,14,-18,1,1,1,18250,0,0,0,0,0,0,0
543,818,38668919,38660250,22289,7933,93,7955,0,15,-18,14,-18,0,1,1,18542,0,0,0,0,0,0,0
544,819,40429040,39279000,22289,7933,93,7955,0,15,-18,14,-18,0,1,1,18875,0,0,0,0,0,0,0
545,820,38567665,39641250,22353,7933,96,7955,0,16,-18,14,-18,0,1,1,18208,0,0,0,0,0,0,0
546,821,39834167,38675500,22941,7933,93,7955,0,15,-18,14,-18,0,1,1,19208,0,0,0,0,0,0,0
547,822,38339875,38384208,22537,7933,93,7955,0,15,-18,14,-18,0,1,1,19041,0,0,0,0,0,0,0
548,823,38984503,40085417,22405,7933,93,7955,0,14,-18,14,-18,1,1,1,20959,0,0,0,0,0,0,0
549,824,39015874,38957667,22289,7933,93,7955,0,13,-18,14,-18,0,1,1,19000,0,0,0,0,0,0,0
550,825,38253962,37118208,22377,7933,93,7955,0,13,-18,14,-18,0,1,1,19041,0,0,0,0,0,0,0
551,826,36100290,37264208,22353,7933,93,7955,0,12,-18,14,-18,0,1,1,18667,0,0,0,0,0,0,0
552,827,36943666,36913792,22289,7933,93,7955,0,11,-18,14,-18,0,1,1,18792,0,0,0,0,0,0,0
553,828,40053371,38822000,22289,7933,93,7955,0,11,-18,14,-18,0,1,1,19416,0,0,0,0,0,0,0
554,829,35565171,36779542,22493,7933,93,7955,0,10,-18,14,-18,0,1,1,19000,0,0,0,0,0,0,0
555,830,39359290,39342291,22289,7933,93,7955,0,9,-18,14,-18,0,1,1,18833,0,0,0,0,0,0,0
556,831,38371250,37233417,22289,7934,94,7956,0,9,-18,14,-18,0,1,1,19125,0,0,0,0,0,0,0
557,832,39249498,40263666,22353,7933,93,7955,0,8,-18,14,-18,0,1,1,20208,0,0,0,0,0,0,0
558,833,41784211,41846792,22377,7933,96,7955,0,7,-18,14,-18,0,1,1,21459,0,0,0,0,0,0,0
559,834,40395166,38343709,22853,7933,93,7955,0,7,-18,14,-18,0,1,1,18917,0,0,0,0,0,0,0
560,835,36710333,38710167,22653,7933,93,7955,0,6,-18,14,-18,0,1,1,18541,0,0,0,0,0,0,0
561,836,36986913,36944875,22289,7933,93,7955,0,5,-18,14,-18,0,1,1,18917,0,0,0,0,0,0,0
562,837,40222711,38958375,22377,7933,93,7955,0,5,-18,14,-18,0,1,1,19500,0,0,0,0,0,0,0
563,838,38702167,40003000,22353,7933,93,7955,0,4,-18,14,-18,0,1,1,21417,0,0,0,0,0,0,0
564,839,38774538,38716500,22289,7933,93,7955,0,3,-18,14,-18,0,1,1,18875,0,0,0,0,0,0,0
565,840,38427963,37217791,22289,7933,93,7955,0,3,-18,14,-18,0,1,1,18917,0,0,0,0,0,0,0
566,841,37539958,38707458,22493,7933,93,7955,0,2,-18,14,-18,0,1,1,18500,0,0,0,0,0,0,0
567,842,39157744,39157458,22289,7933,93,7955,0,1,-18,14,-18,0,1,1,19709,0,0,0,0,0,0,0
568,843,40315914,39164791,22289,7933,93,7955,0,1,-18,14,-18,0,1,1,19208,0,0,0,0,0,0,0
569,844,37568084,38664750,22353,7933,93,7955,0,0,-18,14,-18,0,1,1,17959,0,0,0,0,0,0,0
570,845,42888585,42859333,22377,7933,93,7955,0,-1,-18,14,-18,0,1,1,19084,0,0,0,0,0,0,0
571,846,41181541,40009083,22289,7934,97,7956,0,-1,-18,14,-18,0,1,1,22167,0,0,0,0,0,0,0
572,847,40332376,40345333,22969,7933,93,7955,0,-2,-18,14,-18,0,1,1,18792,0,0,0,0,0,0,0
573,848,37466172,38579875,22537,7933,93,7955,0,-3,-18,14,-18,0,1,1,18667,0,0,0,0,0,0,0
574,849,37962161,36825792,22377,7933,93,7955,0,-3,-18,14,-18,0,1,1,18584,0,0,0,0,0,0,0
575,850,36026749,37191708,22353,7933,93,7955,0,-4,-18,14,-18,0,1,1,18417,0,0,0,0,0,0,0
576,851,37335671,37277834,22289,7933,93,7955,0,-5,-18,14,-18,0,1,1,18375,0,0,0,0,0,0,0
577,852,38126911,37009458,22289,7933,93,7955,0,-5,-18,14,-18,0,1,1,19083,0,0,0,0,0,0,0
578,853,36521378,37561000,22405,7933,93,7955,0,-6,-18,14,-18,0,1,1,18584,0,0,0,0,0,0,0
579,854,37109706,37175417,22377,7933,93,7955,0,-7,-18,14,-18,0,1,1,19333,0,0,0,0,0,0,0
580,855,40111247,38898292,22289,7933,93,7955,0,-7,-18,14,-18,0,1,1,19000,0,0,0,0,0,0,0
581,856,36080874,37242125,22353,7933,93,7955,0,-8,-18,14,-18,0,1,1,18667,0,0,0,0,0,0,0
582,857,37178047,37118250,22289,7933,93,7955,0,-9,-18,14,-18,0,1,1,18917,0,0,0,0,0,0,0
583,858,45534119,44264875,22377,7933,93,7955,0,-9,-18,14,-18,0,1,1,19291,0,0,0,0,0,0,0
584,859,37651751,38926792,22405,7933,96,7955,0,-10,-18,14,-18,0,1,1,21459,0,0,0,0,0,0,0
585,860,40271122,38874750,22853,7933,93,7955,0,-11,-18,14,-18,0,1,1,19042,0,0,0,0,0,0,0
586,861,38807213,38986625,22537,7934,94,7956,0,-11,-18,14,-18,0,1,1,19083,0,0,0,0,0,0,0
587,862,35830833,37004667,22441,7933,93,7955,0,-12,-18,14,-18,0,1,1,18333,0,0,0,0,0,0,0
588,863,37108495,37108583,22289,7933,93,7955,0,-13,-18,14,-18,0,1,1,19125,0,0,0,0,0,0,0
589,864,38529004,37353500,22289,7933,93,7955,0,-13,-18,14,-18,0,1,1,18833,0,0,0,0,0,0,0
590,865,37687458,38800625,22405,7933,93,7955,0,-14,-18,14,-18,0,1,1,18417,0,0,0,0,0,0,0
591,866,37478167,37431708,22289,7933,93,7955,0,-15,-18,14,-18,0,1,1,19167,0,0,0,0,0,0,0
592,867,38650836,37464125,22377,7933,93,7955,0,-15,-18,14,-18,0,1,1,19542,0,0,0,0,0,0,0
593,868,37854161,39050917,22353,7933,93,7955,0,-16,-18,14,-18,0,1,1,19250,0,0,0,0,0,0,0
594,869,38747087,38725375,22289,7933,93,7955,0,-17,-18,14,-18,0,1,1,19458,0,0,0,0,0,0,0
595,870,41900292,40600458,22289,7933,93,7955,0,-17,-18,14,-18,0,1,1,19750,0,0,0,0,0,0,0
596,871,41916418,43167125,22493,7933,93,7955,0,-16,-18,14,-18,0,1,1,23292,0,0,0,0,0,0,0
597,872,41580252,40429959,22853,7933,96,7955,0,-15,-18,14,-18,0,1,1,18625,0,0,0,0,0,0,0
598,873,39003126,39006417,22537,7933,93,7955,0,-15,-18,14,-18,0,1,1,19083,0,0,0,0,0,0,0
599,874,36039832,37094375,22353,7933,93,7955,0,-14,-18,14,-18,0,1,1,18084,0,0,0,0,0,0,0
600,875,37737585,37768292,22377,7933,93,7955,0,-13,-18,14,-18,0,1,1,18667,0,0,0,0,0,0,0
601,876,40057744,38925000,22289,7934,94,7956,0,-13,-18,14,-18,0,1,1,18916,0,0,0,0,0,0,0
602,877,35934418,37043208,22405,7933,93,7955,0,-12,-18,14,-18,0,1,1,18875,0,0,0,0,0,0,0
603,878,37177793,37129459,22289,7933,93,7955,0,-11,-18,14,-18,0,1,1,19084,0,0,0,0,0,0,0
604,879,39403039,38271042,22377,7933,93,7955,0,-11,-18,14,-18,0,1,1,19166,0,0,0,0,0,0,0
605,880,35992007,37134792,22353,7933,93,7955,0,-10,-18,14,-18,0,1,1,18292,0,0,0,0,0,0,0
606,881,37015166,36985167,22289,7933,93,7955,0,-9,-18,14,-18,0,1,1,19416,0,0,0,0,0,0,0
607,882,40508624,39255042,22289,7933,93,7955,0,-9,-18,14,-18,0,1,1,18791,0,0,0,0,0,0,0
608,883,39466708,40676000,22493,7933,93,7955,0,-8,-18,14,-18,0,1,1,21834,0,0,0,0,0,0,0
609,884,40586542,40603250,22289,7933,93,7955,0,-7,-18,14,-18,0,1,1,19791,0,0,0,0,0,0,0
610,885,40759954,38692583,22289,7933,96,7955,0,-7,-18,14,-18,0,1,1,18209,0,0,0,0,0,0,0
611,886,37114709,39070750,23165,7933,93,7955,0,-6,-18,14,-18,0,1,1,18959,0,0,0,0,0,0,0
612,887,37070997,37094916,22377,7933,93,7955,0,-5,-18,14,-18,0,1,1,18500,0,0,0,0,0,0,0
613,888,38113582,36980917,22289,7933,93,7955,0,-5,-18,14,-18,0,1,1,19083,0,0,0,0,0,0,0
614,889,35931166,37029708,22405,7933,93,7955,0,-4,-18,14,-18,0,1,1,18541,0,0,0,0,0,0,0
615,890,38619253,38639625,22289,7933,93,7955,0,-3,-18,14,-18,0,1,1,19000,0,0,0,0,0,0,0
616,891,38429919,37191667,22289,7934,94,7956,0,-3,-18,14,-18,0,1,1,18583,0,0,0,0,0,0,0
617,892,35960000,37151791,22441,7933,93,7955,0,-2,-18,14,-18,0,1,1,18583,0,0,0,0,0,0,0
618,893,39236124,39214709,22289,7933,93,7955,0,-1,-18,14,-18,0,1,1,19000,0,0,0,0,0,0,0
619,894,42743459,41342250,22289,7933,93,7955,0,-1,-18,14,-18,0,1,1,18959,0,0,0,0,0,0,0
620,895,41686289,42960125,22405,7933,93,7955,0,0,-18,14,-18,0,1,1,21583,0,0,0,0,0,0,0
621,896,39541836,39629209,22377,7933,93,7955,0,1,-18,14,-18,0,1,1,22541,0,0,0,0,0,0,0
622,897,43689582,42514625,22289,7933,93,7955,0,1,-18,14,-18,0,1,1,25833,0,0,0,0,0,0,0
623,898,38571413,38565000,22917,7933,96,7955,0,2,-18,14,-18,0,1,1,18625,0,0,0,0,0,0,0
624,899,38006000,39034833,22537,7933,93,7955,0,3,-18,14,-18,0,1,1,18250,0,0,0,0,0,0,0
625,900,38075000,37031500,22429,7933,93,7955,0,3,-18,14,-18,0,1,1,19250,0,0,0,0,0,0,0
626,901,35960000,37033084,22353,7933,93,7955,0,4,-18,14,-18,0,1,1,18625,0,0,0,0,0,0,0
627,902,37318751,37326833,22289,7933,93,7955,0,5,-18,14,-18,0,1,1,18667,0,0,0,0,0,0,0
628,903,38300041,37121458,22289,7933,93,7955,0,5,-18,14,-18,0,1,1,19208,0,0,0,0,0,0,0
629,904,39396040,40498625,22353,7933,93,7955,0,6,-18,14,-18,0,1,1,21250,0,0,0,0,0,0,0
630,905,39043791,39053166,22377,7933,93,7955,0,7,-18,14,-18,0,1,1,18333,0,0,0,0,0,0,0
631,906,37983249,36871500,22341,7934,94,7956,0,7,-18,14,-18,0,1,1,19000,0,0,0,0,0,0,0
632,907,37338584,38429959,22353,7933,93,7955,0,8,-18,14,-18,0,1,1,18917,0,0,0,0,0,0,0
633,908,37196628,37143417,22289,7933,93,7955,0,9,-18,14,-18,0,1,1,19583,0,0,0,0,0,0,0
634,909,39950247,38836291,22377,7933,93,7955,0,9,-18,14,-18,0,1,1,19083,0,0,0,0,0,0,0
635,910,39300210,40412375,22353,7933,93,7955,0,10,-18,14,-18,0,1,1,19417,0,0,0,0,0,0,0
636,911,38463994,37261583,22853,7933,96,7955,0,11,-18,14,-18,0,1,1,19083,0,0,0,0,0,0,0
637,912,38433376,38237334,22589,7933,93,7955,0,11,-18,14,-18,0,1,1,18667,0,0,0,0,0,0,0
638,913,36011792,37385750,22441,7933,93,7955,0,12,-18,14,-18,0,1,1,18458,0,0,0,0,0,0,0
639,914,38730498,38711709,22289,7933,93,7955,0,13,-18,14,-18,0,1,1,18458,0,0,0,0,0,0,0
640,915,38141503,36957292,22289,7933,93,7955,0,13,-18,14,-18,0,1,1,19708,0,0,0,0,0,0,0
641,916,36115247,37276167,22353,7933,93,7955,0,14,-18,14,-18,1,1,1,18750,0,0,0,0,0,0,0
642,917,38658291,38555709,22289,7933,93,7955,0,15,-18,14,-18,0,1,1,18375,0,0,0,0,0,0,0
643,918,38341708,37274667,22429,7933,93,7955,0,15,-18,14,-18,0,1,1,18916,0,0,0,0,0,0,0
644,919,37775915,38888041,22353,7933,93,7955,0,16,-18,14,-18,0,1,1,19000,0,0,0,0,0,0,0
645,920,39244707,39210291,22289,7933,93,7955,0,15,-18,14,-18,0,1,1,19083,0,0,0,0,0,0,0
646,921,40130507,38903917,22289,7934,94,7956,0,15,-18,14,-18,0,1,1,18958,0,0,0,0,0,0,0
647,922,37839036,39051500,22441,7933,93,7955,0,14,-18,14,-18,1,1,1,18541,0,0,0,0,0,0,0
648,923,39247874,39187708,22289,7933,93,7955,0,13,-18,14,-18,0,1,1,19625,0,0,0,0,0,0,0
649,924,40638498,38618375,22905,7933,96,7955,0,13,-18,14,-18,0,1,1,18916,0,0,0,0,0,0,0
650,925,36827083,38772209,22601,7933,93,7955,0,12,-18,14,-18,0,1,1,19000,0,0,0,0,0,0,0
651,926,38466751,38533292,22377,7933,93,7955,0,11,-18,14,-18,0,1,1,18875,0,0,0,0,0,0,0
652,927,39769083,38598875,22289,7933,93,7955,0,11,-18,14,-18,0,1,1,20083,0,0,0,0,0,0,0
653,928,35671334,36824584,22353,7933,93,7955,0,10,-18,14,-18,0,1,1,18416,0,0,0,0,0,0,0
654,929,37517454,37406542,22289,7933,93,7955,0,9,-18,14,-18,0,1,1,18959,0,0,0,0,0,0,0
655,930,38361962,37266917,22429,7933,93,7955,0,9,-18,14,-18,0,1,1,18542,0,0,0,0,0,0,0
656,931,36368254,37497291,22353,7933,93,7955,0,8,-18,14,-18,0,1,1,18500,0,0,0,0,0,0,0
657,932,37099454,37089791,22289,7933,93,7955,0,7,-18,14,-18,0,1,1,19333,0,0,0,0,0,0,0
658,933,40185585,38981625,22289,7933,93,7955,0,7,-18,14,-18,0,1,1,19000,0,0,0,0,0,0,0
659,934,37171542,38312833,22441,7933,93,7955,0,6,-18,14,-18,0,1,1,18333,0,0,0,0,0,0,0
660,935,37681583,37672000,22289,7933,93,7955,0,5,-18,14,-18,0,1,1,18333,0,0,0,0,0,0,0
661,936,42540993,41446083,22341,7934,94,7956,0,5,-18,14,-18,0,1,1,19917,0,0,0,0,0,0,0
662,937,36023546,37047042,22353,7933,96,7955,0,4,-18,14,-18,0,1,1,18292,0,0,0,0,0,0,0
663,938,38504287,37392666,22941,7933,93,7955,0,3,-18,14,-18,0,1,1,19084,0,0,0,0,0,0,0
664,939,38731839,38743333,22537,7933,93,7955,0,3,-18,14,-18,0,1,1,18667,0,0,0,0,0,0,0
665,940,36321457,37442333,22353,7933,93,7955,0,2,-18,14,-18,0,1,1,19000,0,0,0,0,0,0,0
666,941,36808792,36671042,22289,7933,93,7955,0,1,-18,14,-18,0,1,1,19333,0,0,0,0,0,0,0
667,942,40021456,38965041,22429,7933,93,7955,0,1,-18,14,-18,0,1,1,19000,0,0,0,0,0,0,0
668,943,37212833,38337292,22353,7933,93,7955,0,0,-18,14,-18,0,1,1,18959,0,0,0,0,0,0,0
669,944,37100709,37100542,22289,7933,93,7955,0,-1,-18,14,-18,0,1,1,23583,0,0,0,0,0,0,0
670,945,38992624,37706625,22289,7933,93,7955,0,-1,-18,14,-18,0,1,1,19167,0,0,0,0,0,0,0
671,946,37925042,39168083,22441,7933,93,7955,0,-2,-18,14,-18,0,1,1,19875,0,0,0,0,0,0,0
672,947,38984082,38927750,22289,7933,93,7955,0,-3,-18,14,-18,0,1,1,18875,0,0,0,0,0,0,0
673,948,39669331,38576333,22341,7933,93,7955,0,-3,-18,14,-18,0,1,1,19208,0,0,0,0,0,0,0
674,949,42313251,43342375,22353,7933,93,7955,0,-4,-18,14,-18,0,1,1,23250,0,0,0,0,0,0,0
675,950,38819417,38894125,22377,7933,96,7955,0,-5,-18,14,-18,0,1,1,18834,0,0,0,0,0,0,0
676,951,40742333,38602625,22853,7934,94,7956,0,-5,-18,14,-18,0,1,1,18792,0,0,0,0,0,0,0
677,952,36635290,38731958,22601,7933,93,7955,0,-6,-18,14,-18,0,1,1,18333,0,0,0,0,0,0,0
678,953,38744125,38637084,22289,7933,93,7955,0,-7,-18,14,-18,0,1,1,18375,0,0,0,0,0,0,0
679,954,38599170,37533083,22429,7933,93,7955,0,-7,-18,14,-18,0,1,1,18625,0,0,0,0,0,0,0
680,955,36352954,37453792,22353,7933,93,7955,0,-8,-18,14,-18,0,1,1,19250,0,0,0,0,0,0,0
681,956,38154456,38151875,22289,7933,93,7955,0,-9,-18,14,-18,0,1,1,18958,0,0,0,0,0,0,0
682,957,37536296,36300042,22289,7933,93,7955,0,-9,-18,14,-18,0,1,1,18750,0,0,0,0,0,0,0
683,958,36217667,37422417,22441,7933,93,7955,0,-10,-18,14,-18,0,1,1,18834,0,0,0,0,0,0,0
684,959,36801878,36752583,22289,7933,93,7955,0,-11,-18,14,-18,0,1,1,19209,0,0,0,0,0,0,0
685,960,38250289,37151583,22341,7933,93,7955,0,-11,-18,14,-18,0,1,1,18917,0,0,0,0,0,0,0
686,961,37015248,38102125,22353,7933,93,7955,0,-12,-18,14,-18,0,1,1,18334,0,0,0,0,0,0,0
687,962,44201288,44150958,22289,7933,93,7955,0,-13,-18,14,-18,0,1,1,22458,0,0,0,0,0,0,0
688,963,39804294,38635917,22377,7933,96,7955,0,-13,-18,14,-18,0,1,1,18167,0,0,0,0,0,0,0
689,964,37256874,37285875,22917,7933,93,7955,0,-14,-18,14,-18,0,1,1,18583,0,0,0,0,0,0,0
690,965,37922166,38832375,22537,7933,93,7955,0,-15,-18,14,-18,0,1,1,19125,0,0,0,0,0,0,0
691,966,38250375,37273167,22341,7934,94,7956,0,-15,-18,14,-18,0,1,1,18166,0,0,0,0,0,0,0
692,967,35885501,37052000,22441,7933,93,7955,0,-16,-18,14,-18,0,1,1,18917,0,0,0,0,0,0,0
693,968,39027996,39011209,22289,7933,93,7955,0,-17,-18,14,-18,0,1,1,18375,0,0,0,0,0,0,0
694,969,38090709,36917583,22289,7933,93,7955,0,-17,-18,14,-18,0,1,1,19292,0,0,0,0,0,0,0
695,970,36146540,37309084,22353,7933,93,7955,0,-16,-18,14,-18,0,1,1,18541,0,0,0,0,0,0,0
696,971,39747249,39618375,22289,7933,93,7955,0,-15,-18,14,-18,0,1,1,19250,0,0,0,0,0,0,0
697,972,39799708,38725875,22429,7933,93,7955,0,-15,-18,14,-18,0,1,1,18500,0,0,0,0,0,0,0
698,973,37714079,38849792,22353,7933,93,7955,0,-14,-18,14,-18,0,1,1,18791,0,0,0,0,0,0,0
699,974,38580585,38563000,22289,7933,93,7955,0,-13,-18,14,-18,0,1,1,18708,0,0,0,0,0,0,0
700,975,42603790,41412625,22289,7933,93,7955,0,-13,-18,14,-18,0,1,1,20416,0,0,0,0,0,0,0
701,976,37579458,38755167,22441,7933,96,7955,0,-12,-18,14,-18,0,1,1,18458,0,0,0,0,0,0,0
702,977,40074247,38858333,22853,7933,93,7955,0,-11,-18,14,-18,0,1,1,18125,0,0,0,0,0,0,0
703,978,38648001,38682208,22589,7933,93,7955,0,-11,-18,14,-18,0,1,1,18500,0,0,0,0,0,0,0
704,979,39279583,40280625,22353,7933,93,7955,0,-10,-18,14,-18,0,1,1,21250,0,0,0,0,0,0,0
705,980,37169247,37278625,22377,7933,93,7955,0,-9,-18,14,-18,0,1,1,18792,0,0,0,0,0,0,0
706,981,38272880,37089416,22289,7934,94,7956,0,-9,-18,14,-18,0,1,1,18833,0,0,0,0,0,0,0
707,982,37181917,38306750,22353,7933,93,7955,0,-8,-18,14,-18,0,1,1,18625,0,0,0,0,0,0,0
708,983,36922790,36892084,22289,7933,93,7955,0,-7,-18,14,-18,0,1,1,19625,0,0,0,0,0,0,0
709,984,40188122,39007958,22341,7933,93,7955,0,-7,-18,14,-18,0,1,1,19000,0,0,0,0,0,0,0
710,985,35928253,37104000,22441,7933,93,7955,0,-6,-18,14,-18,0,1,1,18792,0,0,0,0,0,0,0
711,986,38835290,38823750,22289,7933,93,7955,0,-5,-18,14,-18,0,1,1,19000,0,0,0,0,0,0,0
712,987,38324333,37156625,22289,7933,93,7955,0,-5,-18,14,-18,0,1,1,19084,0,0,0,0,0,0,0
713,988,39261456,40366000,22353,7933,93,7955,0,-4,-18,14,-18,0,1,1,21958,0,0,0,0,0,0,0
714,989,38778834,38759292,22377,7933,96,7955,0,-3,-18,14,-18,0,1,1,18750,0,0,0,0,0,0,0
715,990,39309374,37291292,22905,7933,93,7955,0,-3,-18,14,-18,0,1,1,18708,0,0,0,0,0,0,0
716,991,35168211,37176292,22601,7933,93,7955,0,-2,-18,14,-18,0,1,1,18541,0,0,0,0,0,0,0
717,992,38441624,38401875,22289,7933,93,7955,0,-1,-18,14,-18,0,1,1,19916,0,0,0,0,0,0,0
718,993,41701957,40568833,22377,7933,93,7955,0,-1,-18,14,-18,0,1,1,19292,0,0,0,0,0,0,0
719,994,36072626,37215708,22353,7933,93,7955,0,0,-18,14,-18,0,1,1,18333,0,0,0,0,0,0,0
720,995,37738371,37688041,22289,7933,93,7955,0,1,-18,14,-18,0,1,1,18833,0,0,0,0,0,0,0
721,996,39651751,38431500,22341,7934,94,7956,0,1,-18,14,-18,0,1,1,19125,0,0,0,0,0,0,0
722,997,38360588,39532042,22441,7933,93,7955,0,2,-18,14,-18,0,1,1,18750,0,0,0,0,0,0,0
723,998,40272627,40294167,22289,7933,93,7955,0,3,-18,14,-18,0,1,1,18875,0,0,0,0,0,0,0
724,999,40027622,38840209,22289,7933,93,7955,0,3,-18,14,-18,0,1,1,18750,0,0,0,0,0,0,0
725,1000,37572130,38657500,22353,7933,93,7955,0,4,-18,14,-18,0,1,1,18458,0,0,0,0,0,0,0
726,1001,41238911,41277500,22377,7933,93,7955,0,5,-18,14,-18,0,1,1,18708,0,0,0,0,0,0,0
727,1002,40615625,38546500,22341,7933,96,7955,0,5,-18,14,-18,0,1,1,19000,0,0,0,0,0,0,0
728,1003,38246583,40286875,23165,7933,93,7955,0,6,-18,14,-18,0,1,1,21292,0,0,0,0,0,0,0
729,1004,38698293,38630750,22289,7933,93,7955,0,7,-18,14,-18,0,1,1,18750,0,0,0,0,0,0,0
730,1005,38031917,36922292,22377,7933,93,7955,0,7,-18,14,-18,0,1,1,18792,0,0,0,0,0,0,0
731,1006,39502415,40644791,22353,7933,93,7955,0,8,-18,14,-18,0,1,1,18625,0,0,0,0,0,0,0
732,1007,39096873,39019250,22289,7933,93,7955,0,9,-18,14,-18,0,1,1,18791,0,0,0,0,0,0,0
733,1008,39469253,38321917,22341,7933,93,7955,0,9,-18,14,-18,0,1,1,19042,0,0,0,0,0,0,0
734,1009,36078918,37233167,22441,7933,93,7955,0,10,-18,14,-18,0,1,1,19125,0,0,0,0,0,0,0
735,1010,39093375,39114917,22289,7933,93,7955,0,11,-18,14,-18,0,1,1,19000,0,0,0,0,0,0,0
736,1011,39764959,38587875,22289,7934,94,7956,0,11,-18,14,-18,0,1,1,18834,0,0,0,0,0,0,0
737,1012,37505079,38572916,22353,7933,93,7955,0,12,-18,14,-18,0,1,1,19166,0,0,0,0,0,0,0
738,1013,37302125,37327250,22377,7933,93,7955,0,13,-18,14,-18,0,1,1,19167,0,0,0,0,0,0,0
739,1014,41910748,40795792,22341,7933,93,7955,0,13,-18,14,-18,0,1,1,19167,0,0,0,0,0,0,0
740,1015,39296705,39092208,22917,7933,96,7955,0,14,-18,14,-18,1,1,1,18542,0,0,0,0,0,0,0
741,1016,39050254,40277875,22537,7933,93,7955,0,15,-18,14,-18,0,1,1,18834,0,0,0,0,0,0,0
742,1017,41712373,40362041,22377,7933,93,7955,0,15,-18,14,-18,0,1,1,19167,0,0,0,0,0,0,0
743,1018,35379789,36753167,22353,7933,93,7955,0,16,-18,14,-18,0,1,1,18583,0,0,0,0,0,0,0
744,1019,37016205,36980417,22289,7933,93,7955,0,15,-18,14,-18,0,1,1,19333,0,0,0,0,0,0,0
745,1020,40082924,38845083,22341,7933,93,7955,0,15,-18,14,-18,0,1,1,21542,0,0,0,0,0,0,0
746,1021,37668418,38871417,22441,7933,93,7955,0,14,-18,14,-18,1,1,1,18333,0,0,0,0,0,0,0
747,1022,37151452,37156208,22289,7933,93,7955,0,13,-18,14,-18,0,1,1,22125,0,0,0,0,0,0,0
748,1023,40776297,39619792,22289,7933,93,7955,0,13,-18,14,-18,0,1,1,19084,0,0,0,0,0,0,0
749,1024,38805082,39896167,22353,7933,93,7955,0,12,-18,14,-18,0,1,1,21291,0,0,0,0,0,0,0
750,1025,39123378,39117042,22377,7933,93,7955,0,11,-18,14,-18,0,1,1,19208,0,0,0,0,0,0,0
751,1026,39592795,38380750,22341,7934,94,7956,0,11,-18,14,-18,0,1,1,18709,0,0,0,0,0,0,0
752,1027,42800914,43951375,22353,7933,93,7955,0,10,-18,14,-18,0,1,1,20417,0,0,0,0,0,0,0
753,1028,39908580,38687666,22853,7933,96,7955,0,9,-18,14,-18,0,1,1,19125,0,0,0,0,0,0,0
754,1029,38870003,38954334,22625,7933,93,7955,0,9,-18,14,-18,0,1,1,18458,0,0,0,0,0,0,0
755,1030,39250373,40362583,22353,7933,93,7955,0,8,-18,14,-18,0,1,1,19000,0,0,0,0,0,0,0
756,1031,37158325,37161250,22341,7933,93,7955,0,7,-18,14,-18,0,1,1,18958,0,0,0,0,0,0,0
757,1032,39965335,38760709,22289,7933,93,7955,0,7,-18,14,-18,0,1,1,18541,0,0,0,0,0,0,0
758,1033,36030918,37198958,22441,7933,93,7955,0,6,-18,14,-18,0,1,1,19083,0,0,0,0,0,0,0
759,1034,38357753,38363583,22289,7933,93,7955,0,5,-18,14,-18,0,1,1,18583,0,0,0,0,0,0,0
760,1035,38233205,37045166,22289,7933,93,7955,0,5,-18,14,-18,0,1,1,19334,0,0,0,0,0,0,0
761,1036,37501998,38575500,22353,7933,93,7955,0,4,-18,14,-18,0,1,1,19000,0,0,0,0,0,0,0
762,1037,38706548,38765416,22429,7933,93,7955,0,3,-18,14,-18,0,1,1,19500,0,0,0,0,0,0,0
763,1038,38130994,36952208,22289,7933,93,7955,0,3,-18,14,-18,0,1,1,19209,0,0,0,0,0,0,0
764,1039,37763293,38885083,22353,7931,93,7953,0,2,-18,14,-18,0,1,1,18666,0,0,0,0,0,0,0
765,1040,41349165,41251875,22289,7933,93,7955,0,1,-18,14,-18,0,1,1,19084,0,0,0,0,0,0,0
766,1041,41899297,39939875,22941,7934,97,7956,0,1,-18,14,-18,0,1,1,21750,0,0,0,0,0,0,0
767,1042,34874916,36889583,22601,7933,93,7955,0,0,-18,14,-18,0,1,1,18500,0,0,0,0,0,0,0
768,1043,38795877,38782125,22341,7933,93,7955,0,-1,-18,14,-18,0,1,1,19041,0,0,0,0,0,0,0
769,1044,39686288,38464833,22289,7933,93,7955,0,-1,-18,14,-18,0,1,1,19375,0,0,0,0,0,0,0
770,1045,35872582,37047084,22441,7933,93,7955,0,-2,-18,14,-18,0,1,1,18375,0,0,0,0,0,0,0
771,1046,37038497,37043292,22289,7933,93,7955,0,-3,-18,14,-18,0,1,1,18750,0,0,0,0,0,0,0
772,1047,39933957,38769291,22289,7933,93,7955,0,-3,-18,14,-18,0,1,1,18792,0,0,0,0,0,0,0
773,1048,35776082,36912375,22353,7933,93,7955,0,-4,-18,14,-18,0,1,1,18708,0,0,0,0,0,0,0
774,1049,39412710,39117542,22341,7933,93,7955,0,-5,-18,14,-18,0,1,1,18625,0,0,0,0,0,0,0
775,1050,39883956,39018833,22377,7933,93,7955,0,-5,-18,14,-18,0,1,1,18333,0,0,0,0,0,0,0
776,1051,37834752,38882583,22353,7933,93,7955,0,-6,-18,14,-18,0,1,1,18625,0,0,0,0,0,0,0
777,1052,43592084,43593958,22289,7933,93,7955,0,-7,-18,14,-18,0,1,1,22375,0,0,0,0,0,0,0
778,1053,46265702,44914291,22289,7933,93,7955,0,-7,-18,14,-18,0,1,1,22208,0,0,0,0,0,0,0
779,1054,42615711,42635334,23057,7933,96,7955,0,-8,-18,14,-18,0,1,1,21416,0,0,0,0,0,0,0
780,1055,40089540,41376708,22537,7933,93,7955,0,-9,-18,14,-18,0,1,1,21584,0,0,0,0,0,0,0
781,1056,38286712,37183417,22289,7934,94,7956,0,-9,-18,14,-18,0,1,1,18875,0,0,0,0,0,0,0
782,1057,36031581,37066125,22353,7933,93,7955,0,-10,-18,14,-18,0,1,1,18417,0,0,0,0,0,0,0
783,1058,36987245,37041208,22377,7933,93,7955,0,-11,-18,14,-18,0,1,1,23792,0,0,0,0,0,0,0
784,1059,38146752,36975958,22289,7933,93,7955,0,-11,-18,14,-18,0,1,1,19334,0,0,0,0,0,0,0
785,1060,35910289,37059375,22405,7933,93,7955,0,-12,-18,14,-18,0,1,1,19042,0,0,0,0,0,0,0
786,1061,37053499,37027250,22289,7933,93,7955,0,-13,-18,14,-18,0,1,1,19209,0,0,0,0,0,0,0
787,1062,40781915,39580375,22289,7933,93,7955,0,-13,-18,14,-18,0,1,1,18000,0,0,0,0,0,0,0
788,1063,38851212,40010458,22441,7933,93,7955,0,-14,-18,14,-18,0,1,1,19250,0,0,0,0,0,0,0
789,1064,37488952,37458792,22289,7933,93,7955,0,-15,-18,14,-18,0,1,1,19083,0,0,0,0,0,0,0
790,1065,42877919,41750625,22289,7933,93,7955,0,-15,-18,14,-18,0,1,1,22041,0,0,0,0,0,0,0
791,1066,37569623,38648334,22405,7933,96,7955,0,-16,-18,14,-18,0,1,1,18667,0,0,0,0,0,0,0
792,1067,38405086,37218917,22941,7933,93,7955,0,-17,-18,14,-18,0,1,1,18166,0,0,0,0,0,0,0
793,1068,43270081,43123708,22537,7933,93,7955,0,-17,-18,14,-18,0,1,1,21667,0,0,0,0,0,0,0
794,1069,42223583,43283208,22353,7933,93,7955,0,-16,-18,14,-18,0,1,1,22167,0,0,0,0,0,0,0
795,1070,41142791,41328958,22289,7933,93,7955,0,-15,-18,14,-18,0,1,1,34791,0,0,0,0,0,0,0
796,1071,40051836,38930000,22429,7934,94,7956,0,-15,-18,14,-18,0,1,1,18750,0,0,0,0,0,0,0
797,1072,36191582,37361583,22353,7933,93,7955,0,-14,-18,14,-18,0,1,1,18333,0,0,0,0,0,0,0
798,1073,38931708,38884292,22289,7933,93,7955,0,-13,-18,14,-18,0,1,1,19084,0,0,0,0,0,0,0
799,1074,41377119,39989416,22289,7933,93,7955,0,-13,-18,14,-18,0,1,1,19000,0,0,0,0,0,0,0
800,1075,39428584,40776375,22441,7933,93,7955,0,-12,-18,14,-18,0,1,1,21458,0,0,0,0,0,0,0
801,1076,38922335,38902084,22289,7933,93,7955,0,-11,-18,14,-18,0,1,1,19208,0,0,0,0,0,0,0
802,1077,41149623,39990042,22341,7933,93,7955,0,-11,-18,14,-18,0,1,1,18792,0,0,0,0,0,0,0
803,1078,41700750,42797667,22353,7933,93,7955,0,-10,-18,14,-18,0,1,1,20416,0,0,0,0,0,0,0
804,1079,40008291,38851125,22941,7933,96,7955,0,-9,-18,14,-18,0,1,1,18958,0,0,0,0,0,0,0
805,1080,38842536,38916875,22537,7933,93,7955,0,-9,-18,14,-18,0,1,1,18833,0,0,0,0,0,0,0
806,1081,37482541,38540667,22353,7933,93,7955,0,-8,-18,14,-18,0,1,1,18667,0,0,0,0,0,0,0
807,1082,37349548,37302084,22289,7933,93,7955,0,-7,-18,14,-18,0,1,1,18833,0,0,0,0,0,0,0
808,1083,39326168,38223250,22429,7933,93,7955,0,-7,-18,14,-18,0,1,1,18917,0,0,0,0,0,0,0
809,1084,37903457,39022792,22353,7933,93,7955,0,-6,-18,14,-18,0,1,1,18583,0,0,0,0,0,0,0
810,1085,37319451,37300625,22289,7933,93,7955,0,-5,-18,14,-18,0,1,1,19000,0,0,0,0,0,0,0
811,1086,39979796,38771083,22289,7934,94,7956,0,-5,-18,14,-18,0,1,1,19166,0,0,0,0,0,0,0
812,1087,37312168,38500500,22441,7933,93,7955,0,-4,-18,14,-18,0,1,1,18500,0,0,0,0,0,0,0
813,1088,39072915,39050667,22289,7933,93,7955,0,-3,-18,14,-18,0,1,1,18916,0,0,0,0,0,0,0
814,1089,41876289,40497292,22341,7933,93,7955,0,-3,-18,14,-18,0,1,1,21875,0,0,0,0,0,0,0
815,1090,38716625,40016791,22353,7933,93,7955,0,-2,-18,14,-18,0,1,1,20875,0,0,0,0,0,0,0
816,1091,41046373,41050000,22377,7933,93,7955,0,-1,-18,14,-18,0,1,1,19666,0,0,0,0,0,0,0
817,1092,40690589,38705458,22853,7933,96,7955,0,-1,-18,14,-18,0,1,1,21334,0,0,0,0,0,0,0
818,1093,34984078,36963042,22601,7933,93,7955,0,0,-18,14,-18,0,1,1,19167,0,0,0,0,0,0,0
819,1094,38870960,38795625,22289,7933,93,7955,0,1,-18,14,-18,0,1,1,18625,0,0,0,0,0,0,0
820,1095,38411501,37258083,22429,7933,93,7955,0,1,-18,14,-18,0,1,1,18917,0,0,0,0,0,0,0
821,1096,35834249,37031792,22353,7933,93,7955,0,2,-18,14,-18,0,1,1,18709,0,0,0,0,0,0,0
822,1097,39658043,39603042,22289,7933,93,7955,0,3,-18,14,-18,0,1,1,19125,0,0,0,0,0,0,0
823,1098,42347420,40931083,22289,7933,93,7955,0,3,-18,14,-18,0,1,1,21625,0,0,0,0,0,0,0
824,1099,37070952,38460375,22441,7933,93,7955,0,4,-18,14,-18,0,1,1,21375,0,0,0,0,0,0,0
825,1100,40946207,40954958,22289,7933,93,7955,0,5,-18,14,-18,0,1,1,19166,0,0,0,0,0,0,0
826,1101,39967000,38806000,22341,7934,94,7956,0,5,-18,14,-18,0,1,1,19375,0,0,0,0,0,0,0
827,1102,36437381,37517167,22353,7933,93,7955,0,6,-18,14,-18,0,1,1,18209,0,0,0,0,0,0,0
828,1103,41362125,41380667,22377,7933,93,7955,0,7,-18,14,-18,0,1,1,19417,0,0,0,0,0,0,0
829,1104,40230620,39078750,22289,7933,96,7955,0,7,-18,14,-18,0,1,1,18666,0,0,0,0,0,0,0
830,1105,38444295,38394084,22917,7933,93,7955,0,8,-18,14,-18,0,1,1,18625,0,0,0,0,0,0,0
831,1106,38269374,39375500,22537,7933,93,7955,0,9,-18,14,-18,0,1,1,21291,0,0,0,0,0,0,0
832,1107,40928501,39816750,22429,7933,93,7955,0,9,-18,14,-18,0,1,1,21709,0,0,0,0,0,0,0
833,1108,38931000,40052333,22353,7933,93,7955,0,10,-18,14,-18,0,1,1,19041,0,0,0,0,0,0,0
834,1109,38525290,38511917,22289,7933,93,7955,0,11,-18,14,-18,0,1,1,19625,0,0,0,0,0,0,0
835,1110,38594875,37388666,22289,7933,93,7955,0,11,-18,14,-18,0,1,1,19083,0,0,0,0,0,0,0
836,1111,37455994,38619917,22441,7933,93,7955,0,12,-18,14,-18,0,1,1,18917,0,0,0,0,0,0,0
837,1112,37259876,37256625,22289,7933,93,7955,0,13,-18,14,-18,0,1,1,19083,0,0,0,0,0,0,0
838,1113,38309834,37137042,22341,7933,93,7955,0,13,-18,14,-18,0,1,1,22000,0,0,0,0,0,0,0
839,1114,37802245,38898000,22353,7933,93,7955,0,14,-18,14,-18,1,1,1,18041,0,0,0,0,0,0,0
840,1115,38838043,38881333,22377,7933,93,7955,0,15,-18,14,-18,0,1,1,19375,0,0,0,0,0,0,0
841,1116,43858624,42530625,22289,7934,94,7956,0,15,-18,14,-18,0,1,1,19583,0,0,0,0,0,0,0
842,1117,39151418,40438291,22353,7933,96,7955,0,16,-18,14,-18,0,1,1,21458,0,0,0,0,0,0,0
843,1118,40002290,38702375,22853,7933,93,7955,0,15,-18,14,-18,0,1,1,19208,0,0,0,0,0,0,0
844,1119,37098333,37217875,22677,7933,93,7955,0,15,-18,14,-18,0,1,1,18375,0,0,0,0,0,0,0
845,1120,35964541,37112167,22353,7933,93,7955,0,14,-18,14,-18,1,1,1,21666,0,0,0,0,0,0,0
846,1121,38874667,38594458,22289,7933,93,7955,0,13,-18,14,-18,0,1,1,19125,0,0,0,0,0,0,0
847,1122,41186876,40206125,22289,7933,93,7955,0,13,-18,14,-18,0,1,1,28667,0,0,0,0,0,0,0
848,1123,37368871,38534667,22441,7933,93,7955,0,12,-18,14,-18,0,1,1,19042,0,0,0,0,0,0,0
849,1124,37056669,37064792,22289,7933,93,7955,0,11,-18,14,-18,0,1,1,18625,0,0,0,0,0,0,0
850,1125,40518458,39308500,22341,7933,93,7955,0,11,-18,14,-18,0,1,1,18541,0,0,0,0,0,0,0
851,1126,38073375,39215417,22353,7933,93,7955,0,10,-18,14,-18,0,1,1,19209,0,0,0,0,0,0,0
852,1127,38716666,38706958,22377,7933,93,7955,0,9,-18,14,-18,0,1,1,19167,0,0,0,0,0,0,0
853,1128,38305617,37150792,22289,7933,93,7955,0,9,-18,14,-18,0,1,1,19250,0,0,0,0,0,0,0
854,1129,41198838,42345083,22353,7933,93,7955,0,8,-18,14,-18,0,1,1,19875,0,0,0,0,0,0,0
855,1130,39133537,39065750,22289,7933,96,7955,0,7,-18,14,-18,0,1,1,18958,0,0,0,0,0,0,0
856,1131,39122376,37131334,22993,7934,94,7956,0,7,-18,14,-18,0,1,1,18417,0,0,0,0,0,0,0
857,1132,36682873,38687292,22601,7933,93,7955,0,6,-18,14,-18,0,1,1,18833,0,0,0,0,0,0,0
858,1133,38674291,38637584,22289,7933,93,7955,0,5,-18,14,-18,0,1,1,19250,0,0,0,0,0,0,0
859,1134,41532129,40360208,22289,7933,93,7955,0,5,-18,14,-18,0,1,1,21500,0,0,0,0,0,0,0
860,1135,37468120,38613875,22441,7933,93,7955,0,4,-18,14,-18,0,1,1,18833,0,0,0,0,0,0,0
861,1136,37126380,37130708,22289,7933,93,7955,0,3,-18,14,-18,0,1,1,19292,0,0,0,0,0,0,0
862,1137,39746288,38586541,22341,7933,93,7955,0,3,-18,14,-18,0,1,1,18500,0,0,0,0,0,0,0
863,1138,37643127,38720584,22353,7933,93,7955,0,2,-18,14,-18,0,1,1,18917,0,0,0,0,0,0,0
864,1139,37256207,37283125,22377,7933,93,7955,0,1,-18,14,-18,0,1,1,19750,0,0,0,0,0,0,0
865,1140,38714788,37590583,22289,7933,93,7955,0,1,-18,14,-18,0,1,1,19000,0,0,0,0,0,0,0
866,1141,35745210,36761292,22353,7933,93,7955,0,0,-18,14,-18,0,1,1,18833,0,0,0,0,0,0,0
867,1142,39353005,39365625,22289,7933,93,7955,0,-1,-18,14,-18,0,1,1,19292,0,0,0,0,0,0,0
868,1143,39802204,38716125,22429,7933,96,7955,0,-1,-18,14,-18,0,1,1,18750,0,0,0,0,0,0,0
869,1144,38407206,38323750,22917,7933,93,7955,0,-2,-18,14,-18,0,1,1,18625,0,0,0,0,0,0,0
870,1145,39035588,40193291,22537,7933,93,7955,0,-3,-18,14,-18,0,1,1,18875,0,0,0,0,0,0,0
871,1146,39874956,38730375,22289,7934,94,7956,0,-3,-18,14,-18,0,1,1,21667,0,0,0,0,0,0,0
872,1147,37083957,38217291,22441,7933,93,7955,0,-4,-18,14,-18,0,1,1,18208,0,0,0,0,0,0,0
873,1148,37312168,37304750,22289,7933,93,7955,0,-5,-18,14,-18,0,1,1,19375,0,0,0,0,0,0,0
874,1149,37867665,36691292,22341,7933,93,7955,0,-5,-18,14,-18,0,1,1,19250,0,0,0,0,0,0,0
875,1150,38142919,39239500,22353,7933,93,7955,0,-6,-18,14,-18,0,1,1,18375,0,0,0,0,0,0,0
876,1151,39185833,39157917,22377,7933,93,7955,0,-7,-18,14,-18,0,1,1,18875,0,0,0,0,0,0,0
877,1152,40271542,39159375,22289,7933,93,7955,0,-7,-18,14,-18,0,1,1,20291,0,0,0,0,0,0,0
878,1153,35706080,36794458,22353,7933,93,7955,0,-8,-18,14,-18,0,1,1,18833,0,0,0,0,0,0,0
879,1154,38560457,38485375,22289,7933,93,7955,0,-9,-18,14,-18,0,1,1,18958,0,0,0,0,0,0,0
880,1155,45030705,43955084,22429,7933,93,7955,0,-9,-18,14,-18,0,1,1,22875,0,0,0,0,0,0,0
881,1156,38875170,40036542,22353,7933,96,7955,0,-10,-18,14,-18,0,1,1,21625,0,0,0,0,0,0,0
882,1157,38504209,37284416,22853,7933,93,7955,0,-11,-18,14,-18,0,1,1,21709,0,0,0,0,0,0,0
883,1158,39295874,39262667,22537,7933,93,7955,0,-11,-18,14,-18,0,1,1,18375,0,0,0,0,0,0,0
884,1159,36981746,38162417,22441,7933,93,7955,0,-12,-18,14,-18,0,1,1,18375,0,0,0,0,0,0,0
885,1160,37715129,37688584,22289,7933,93,7955,0,-13,-18,14,-18,0,1,1,18917,0,0,0,0,0,0,0
886,1161,37923038,36791291,22341,7934,94,7956,0,-13,-18,14,-18,0,1,1,18750,0,0,0,0,0,0,0
887,1162,38267545,39331125,22353,7933,93,7955,0,-14,-18,14,-18,0,1,1,18333,0,0,0,0,0,0,0
888,1163,36169286,36190458,22377,7933,93,7955,0,-15,-18,14,-18,0,1,1,19125,0,0,0,0,0,0,0
889,1164,39938207,38809167,22289,7933,93,7955,0,-15,-18,14,-18,0,1,1,18792,0,0,0,0,0,0,0
890,1165,36312833,37422041,22353,7933,93,7955,0,-16,-18,14,-18,0,1,1,18875,0,0,0,0,0,0,0
891,1166,37117708,37101542,22289,7933,93,7955,0,-17,-18,14,-18,0,1,1,19333,0,0,0,0,0,0,0
892,1167,38703124,37362833,22341,7933,93,7955,0,-17,-18,14,-18,0,1,1,19166,0,0,0,0,0,0,0
893,1168,42768295,44094042,22441,7933,93,7955,0,-16,-18,14,-18,0,1,1,20084,0,0,0,0,0,0,0
894,1169,40119662,40078375,22289,7933,96,7955,0,-15,-18,14,-18,0,1,1,22292,0,0,0,0,0,0,0
895,1170,39688002,37634125,22853,7933,93,7955,0,-15,-18,14,-18,0,1,1,19000,0,0,0,0,0,0,0
896,1171,36695536,38650417,22601,7933,93,7955,0,-14,-18,14,-18,0,1,1,18625,0,0,0,0,0,0,0
897,1172,38177672,38241583,22377,7933,93,7955,0,-13,-18,14,-18,0,1,1,18916,0,0,0,0,0,0,0
898,1173,39452578,38059959,22341,7933,93,7955,0,-13,-18,14,-18,0,1,1,19125,0,0,0,0,0,0,0
899,1174,37080250,38443000,22353,7933,93,7955,0,-12,-18,14,-18,0,1,1,20333,0,0,0,0,0,0,0
900,1175,37546627,37468292,22289,7933,93,7955,0,-11,-18,14,-18,0,1,1,18916,0,0,0,0,0,0,0
901,1176,38227956,37159625,22377,7934,94,7956,0,-11,-18,14,-18,0,1,1,18917,0,0,0,0,0,0,0
902,1177,37265002,38354167,22353,7933,93,7955,0,-10,-18,14,-18,0,1,1,18125,0,0,0,0,0,0,0
903,1178,39689164,39682708,22289,7933,93,7955,0,-9,-18,14,-18,0,1,1,19708,0,0,0,0,0,0,0
904,1179,39172958,37948292,22341,7933,93,7955,0,-9,-18,14,-18,0,1,1,18917,0,0,0,0,0,0,0
905,1180,39582420,40781084,22441,7933,93,7955,0,-8,-18,14,-18,0,1,1,18875,0,0,0,0,0,0,0
906,1181,41129663,41076583,22289,7933,93,7955,0,-7,-18,14,-18,0,1,1,19208,0,0,0,0,0,0,0
907,1182,42596422,40541542,22853,7933,96,7955,0,-7,-18,14,-18,0,1,1,19375,0,0,0,0,0,0,0
908,1183,37693373,39660916,22601,7933,93,7955,0,-6,-18,14,-18,0,1,1,21000,0,0,0,0,0,0,0
909,1184,39111372,39188958,22429,7933,93,7955,0,-5,-18,14,-18,0,1,1,19125,0,0,0,0,0,0,0
910,1185,38157377,36987959,22289,7933,93,7955,0,-5,-18,14,-18,0,1,1,21375,0,0,0,0,0,0,0
911,1186,35960663,37090125,22353,7933,93,7955,0,-4,-18,14,-18,0,1,1,19541,0,0,0,0,0,0,0
912,1187,38868963,38792291,22289,7933,93,7955,0,-3,-18,14,-18,0,1,1,18625,0,0,0,0,0,0,0
913,1188,39688285,38603791,22377,7933,93,7955,0,-3,-18,14,-18,0,1,1,18709,0,0,0,0,0,0,0
914,1189,36100331,37190167,22353,7933,93,7955,0,-2,-18,14,-18,0,1,1,18708,0,0,0,0,0,0,0
915,1190,38774505,38792500,22341,7933,93,7955,0,-1,-18,14,-18,0,1,1,19208,0,0,0,0,0,0,0
916,1191,38253083,36981417,22289,7934,94,7956,0,-1,-18,14,-18,0,1,1,19625,0,0,0,0,0,0,0
917,1192,36069083,37302083,22441,7933,93,7955,0,0,-18,14,-18,0,1,1,18208,0,0,0,0,0,0,0
918,1193,37020877,36982375,22289,7933,93,7955,0,1,-18,14,-18,0,1,1,19083,0,0,0,0,0,0,0
919,1194,42422208,41257000,22289,7933,93,7955,0,1,-18,14,-18,0,1,1,19458,0,0,0,0,0,0,0
920,1195,38194704,38096375,22353,7933,96,7955,0,2,-18,14,-18,0,1,1,18792,0,0,0,0,0,0,0
921,1196,35773333,37010250,23241,7933,93,7955,0,3,-18,14,-18,0,1,1,18667,0,0,0,0,0,0,0
922,1197,39745707,38574875,22289,7933,93,7955,0,3,-18,14,-18,0,1,1,18833,0,0,0,0,0,0,0
923,1198,38970831,40088083,22353,7933,93,7955,0,4,-18,14,-18,0,1,1,18208,0,0,0,0,0,0,0
924,1199,38899581,38796500,22289,7933,93,7955,0,5,-18,14,-18,0,1,1,22041,0,0,0,0,0,0,0
925,1200,38027297,36978167,22377,7933,93,7955,0,5,-18,14,-18,0,1,1,18625,0,0,0,0,0,0,0
926,1201,37575121,38684458,22353,7933,93,7955,0,6,-18,14,-18,0,1,1,18209,0,0,0,0,0,0,0
927,1202,39039712,39033042,22341,7933,93,7955,0,7,-18,14,-18,0,1,1,18458,0,0,0,0,0,0,0
928,1203,41566666,40177833,22289,7933,93,7955,0,7,-18,14,-18,0,1,1,19333,0,0,0,0,0,0,0
929,1204,41942581,43262083,22441,7933,93,7955,0,8,-18,14,-18,0,1,1,22000,0,0,0,0,0,0,0
930,1205,40414087,40413041,22289,7933,93,7955,0,9,-18,14,-18,0,1,1,22000,0,0,0,0,0,0,0
931,1206,40100749,38962875,22289,7934,94,7956,0,9,-18,14,-18,0,1,1,19541,0,0,0,0,0,0,0
932,1207,42926870,43970458,22405,7933,93,7955,0,10,-18,14,-18,0,1,1,21375,0,0,0,0,0,0,0
933,1208,41336670,40232834,22941,7933,96,7955,0,11,-18,14,-18,0,1,1,19375,0,0,0,0,0,0,0
934,1209,38719169,38703292,22537,7933,93,7955,0,11,-18,14,-18,0,1,1,18958,0,0,0,0,0,0,0
935,1210,36084871,37230167,22353,7933,93,7955,0,12,-18,14,-18,0,1,1,18250,0,0,0,0,0,0,0
936,1211,39188917,39109208,22289,7933,93,7955,0,13,-18,14,-18,0,1,1,19291,0,0,0,0,0,0,0
937,1212,38085918,36965500,22377,7933,93,7955,0,13,-18,14,-18,0,1,1,19000,0,0,0,0,0,0,0
938,1213,36104869,37242917,22405,7933,93,7955,0,14,-18,14,-18,1,1,1,19083,0,0,0,0,0,0,0
939,1214,38618125,38606208,22289,7933,93,7955,0,15,-18,14,-18,0,1,1,18792,0,0,0,0,0,0,0
940,1215,39967376,38702125,22289,7933,93,7955,0,15,-18,14,-18,0,1,1,18958,0,0,0,0,0,0,0
941,1216,36743879,37977667,22441,7933,93,7955,0,16,-18,14,-18,0,1,1,21792,0,0,0,0,0,0,0
942,1217,38951084,38931250,22289,7933,93,7955,0,15,-18,14,-18,0,1,1,18875,0,0,0,0,0,0,0
943,1218,38013584,36885166,22289,7933,93,7955,0,15,-18,14,-18,0,1,1,19500,0,0,0,0,0,0,0
944,1219,38213286,39249291,22405,7933,93,7955,0,14,-18,14,-18,1,1,1,19250,0,0,0,0,0,0,0
945,1220,41125547,41189000,22377,7933,93,7955,0,13,-18,14,-18,0,1,1,19459,0,0,0,0,0,0,0
946,1221,40812082,38755375,22853,7934,97,7956,0,13,-18,14,-18,0,1,1,19125,0,0,0,0,0,0,0
947,1222,34986585,37012250,22601,7933,93,7955,0,12,-18,14,-18,0,1,1,18458,0,0,0,0,0,0,0
948,1223,38547918,38453708,22289,7933,93,7955,0,11,-18,14,-18,0,1,1,19334,0,0,0,0,0,0,0
949,1224,38170211,37076417,22377,7933,93,7955,0,11,-18,14,-18,0,1,1,18625,0,0,0,0,0,0,0
950,1225,37556327,38465500,22405,7933,93,7955,0,10,-18,14,-18,0,1,1,18459,0,0,0,0,0,0,0
951,1226,36652460,36866334,22289,7933,93,7955,0,9,-18,14,-18,0,1,1,18709,0,0,0,0,0,0,0
952,1227,39586458,38356250,22289,7933,93,7955,0,9,-18,14,-18,0,1,1,19083,0,0,0,0,0,0,0
953,1228,37238001,38435958,22441,7933,93,7955,0,8,-18,14,-18,0,1,1,19334,0,0,0,0,0,0,0
954,1229,39380583,39301834,22289,7933,93,7955,0,7,-18,14,-18,0,1,1,18500,0,0,0,0,0,0,0
955,1230,41542623,40435292,22289,7933,93,7955,0,7,-18,14,-18,0,1,1,21750,0,0,0,0,0,0,0
956,1231,37873744,38927583,22405,7933,93,7955,0,6,-18,14,-18,0,1,1,19083,0,0,0,0,0,0,0
957,1232,42222172,42282291,22377,7933,93,7955,0,5,-18,14,-18,0,1,1,18708,0,0,0,0,0,0,0
958,1233,40694244,39546375,22289,7933,96,7955,0,5,-18,14,-18,0,1,1,18833,0,0,0,0,0,0,0
959,1234,38676794,38616750,22917,7933,93,7955,0,4,-18,14,-18,0,1,1,18459,0,0,0,0,0,0,0
960,1235,37899333,38988375,22537,7933,93,7955,0,3,-18,14,-18,0,1,1,18417,0,0,0,0,0,0,0
961,1236,38215711,36814458,22377,7934,94,7956,0,3,-18,14,-18,0,1,1,18875,0,0,0,0,0,0,0
962,1237,37608120,39027417,22405,7933,93,7955,0,2,-18,14,-18,0,1,1,21584,0,0,0,0,0,0,0
963,1238,36890462,36870458,22289,7933,93,7955,0,1,-18,14,-18,0,1,1,19250,0,0,0,0,0,0,0
964,1239,40439411,39061834,22289,7933,93,7955,0,1,-18,14,-18,0,1,1,21875,0,0,0,0,0,0,0
965,1240,40271088,41646667,22441,7933,93,7955,0,0,-18,14,-18,0,1,1,20833,0,0,0,0,0,0,0
966,1241,37163373,37125625,22289,7933,93,7955,0,-1,-18,14,-18,0,1,1,19583,0,0,0,0,0,0,0
967,1242,39876878,38726583,22289,7933,93,7955,0,-1,-18,14,-18,0,1,1,19209,0,0,0,0,0,0,0
968,1243,36324035,37391125,22405,7933,93,7955,0,-2,-18,14,-18,0,1,1,18625,0,0,0,0,0,0,0
969,1244,36984670,37032083,22377,7933,93,7955,0,-3,-18,14,-18,0,1,1,19792,0,0,0,0,0,0,0
970,1245,42043000,40883542,22289,7933,93,7955,0,-3,-18,14,-18,0,1,1,19166,0,0,0,0,0,0,0
971,1246,37413500,38552750,22353,7933,96,7955,0,-4,-18,14,-18,0,1,1,18708,0,0,0,0,0,0,0
972,1247,38617461,37288541,22853,7933,93,7955,0,-5,-18,14,-18,0,1,1,18708,0,0,0,0,0,0,0
973,1248,38103371,38258834,22625,7933,93,7955,0,-5,-18,14,-18,0,1,1,18792,0,0,0,0,0,0,0
974,1249,37452500,38547291,22405,7933,93,7955,0,-6,-18,14,-18,0,1,1,19042,0,0,0,0,0,0,0
975,1250,40888663,40898500,22289,7933,93,7955,0,-7,-18,14,-18,0,1,1,21875,0,0,0,0,0,0,0
976,1251,38693629,37449875,22289,7934,94,7956,0,-7,-18,14,-18,0,1,1,19333,0,0,0,0,0,0,0
977,1252,37302535,38525333,22441,7933,93,7955,0,-8,-18,14,-18,0,1,1,18291,0,0,0,0,0,0,0
978,1253,37199668,37151625,22289,7933,93,7955,0,-9,-18,14,-18,0,1,1,18833,0,0,0,0,0,0,0
979,1254,38016170,36850500,22289,7933,93,7955,0,-9,-18,14,-18,0,1,1,19000,0,0,0,0,0,0,0
980,1255,37528954,38569708,22405,7933,93,7955,0,-10,-18,14,-18,0,1,1,18625,0,0,0,0,0,0,0
981,1256,40592040,40679833,22377,7933,93,7955,0,-11,-18,14,-18,0,1,1,19375,0,0,0,0,0,0,0
982,1257,39929669,38766250,22289,7933,93,7955,0,-11,-18,14,-18,0,1,1,19334,0,0,0,0,0,0,0
983,1258,42525164,43653208,22353,7933,93,7955,0,-12,-18,14,-18,0,1,1,24958,0,0,0,0,0,0,0
984,1259,37764336,37688542,22289,7933,96,7955,0,-13,-18,14,-18,0,1,1,19166,0,0,0,0,0,0,0
985,1260,40558129,38592166,22941,7933,93,7955,0,-13,-18,14,-18,0,1,1,18792,0,0,0,0,0,0,0
986,1261,36645244,38603750,22653,7933,93,7955,0,-14,-18,14,-18,0,1,1,18708,0,0,0,0,0,0,0
987,1262,39267331,39277292,22289,7933,93,7955,0,-15,-18,14,-18,0,1,1,19417,0,0,0,0,0,0,0
988,1263,42059008,40841167,22289,7933,93,7955,0,-15,-18,14,-18,0,1,1,19500,0,0,0,0,0,0,0
989,1264,37496663,38668917,22441,7933,93,7955,0,-16,-18,14,-18,0,1,1,21541,0,0,0,0,0,0,0
990,1265,39202708,39179375,22289,7933,93,7955,0,-17,-18,14,-18,0,1,1,19208,0,0,0,0,0,0,0
991,1266,38176879,37049709,22289,7934,94,7956,0,-17,-18,14,-18,0,1,1,19250,0,0,0,0,0,0,0
992,1267,35621292,36670875,22405,7933,93,7955,0,-16,-18,14,-18,0,1,1,18875,0,0,0,0,0,0,0
993,1268,37018496,37071625,22377,7933,93,7955,0,-15,-18,14,-18,0,1,1,19083,0,0,0,0,0,0,0
994,1269,39508752,38326708,22289,7933,93,7955,0,-15,-18,14,-18,0,1,1,23542,0,0,0,0,0,0,0
995,1270,36115087,37275167,22353,7933,93,7955,0,-14,-18,14,-18,0,1,1,19084,0,0,0,0,0,0,0
996,1271,41773412,41660000,22289,7933,93,7955,0,-13,-18,14,-18,0,1,1,18917,0,0,0,0,0,0,0
997,1272,38152005,37025167,22377,7933,96,7955,0,-13,-18,14,-18,0,1,1,18667,0,0,0,0,0,0,0
998,1273,37610705,37447042,22969,7933,93,7955,0,-12,-18,14,-18,0,1,1,18625,0,0,0,0,0,0,0
999,1274,36713577,38053209,22537,7933,93,7955,0,-11,-18,14,-18,0,1,1,21125,0,0,0,0,0,0,0
1000,1275,40220584,38975000,22289,7933,93,7955,0,-11,-18,14,-18,0,1,1,19042,0,0,0,0,0,0,0
1001,1276,35768039,36970458,22441,7933,93,7955,0,-10,-18,14,-18,0,1,1,18667,0,0,0,0,0,0,0
1002,1277,38889873,38642666,22289,7933,93,7955,0,-9,-18,14,-18,0,1,1,18625,0,0,0,0,0,0,0
1003,1278,40004499,39081416,22289,7933,93,7955,0,-9,-18,14,-18,0,1,1,18541,0,0,0,0,0,0,0
1004,1279,35646419,36677500,22405,7933,93,7955,0,-8,-18,14,-18,0,1,1,18000,0,0,0,0,0,0,0
1005,1280,37249043,37327916,22377,7933,93,7955,0,-7,-18,14,-18,0,1,1,19375,0,0,0,0,0,0,0
1006,1281,39599496,38396959,22289,7934,94,7956,0,-7,-18,14,-18,0,1,1,18458,0,0,0,0,0,0,0
1007,1282,40052585,41185834,22353,7933,93,7955,0,-6,-18,14,-18,0,1,1,18625,0,0,0,0,0,0,0
1008,1283,42041454,41942542,22289,7933,93,7955,0,-5,-18,14,-18,0,1,1,18458,0,0,0,0,0,0,0
1009,1284,46044670,44788708,22377,7933,93,7955,0,-5,-18,14,-18,0,1,1,22000,0,0,0,0,0,0,0
1010,1285,41204579,42522375,22405,7933,96,7955,0,-4,-18,14,-18,0,1,1,22042,0,0,0,0,0,0,0
1011,1286,41116625,39958334,22853,7933,93,7955,0,-3,-18,14,-18,0,1,1,21792,0,0,0,0,0,0,0
1012,1287,40215548,40036500,22537,7933,93,7955,0,-3,-18,14,-18,0,1,1,18416,0,0,0,0,0,0,0
1013,1288,39364080,40663125,22441,7933,93,7955,0,-2,-18,14,-18,0,1,1,21125,0,0,0,0,0,0,0
1014,1289,36912500,36865583,22289,7933,93,7955,0,-1,-18,14,-18,0,1,1,19417,0,0,0,0,0,0,0
1015,1290,38221124,37096333,22341,7933,93,7955,0,-1,-18,14,-18,0,1,1,19042,0,0,0,0,0,0,0
1016,1291,36391880,37433709,22353,7933,93,7955,0,0,-18,14,-18,0,1,1,18917,0,0,0,0,0,0,0
1017,1292,36535289,36577917,22377,7933,93,7955,0,1,-18,14,-18,0,1,1,18834,0,0,0,0,0,0,0
1018,1293,39720628,38463458,22289,7933,93,7955,0,1,-18,14,-18,0,1,1,19041,0,0,0,0,0,0,0
1019,1294,38861911,40092417,22353,7933,93,7955,0,2,-18,14,-18,0,1,1,18292,0,0,0,0,0,0,0
1020,1295,37787918,37706959,22289,7933,93,7955,0,3,-18,14,-18,0,1,1,19083,0,0,0,0,0,0,0
1021,1296,37937372,36861542,22429,7934,94,7956,0,3,-18,14,-18,0,1,1,18709,0,0,0,0,0,0,0
1022,1297,40709458,41812833,22353,7933,93,7955,0,4,-18,14,-18,0,1,1,20209,0,0,0,0,0,0,0
1023,1298,41778165,40565000,22853,7933,96,7955,0,5,-18,14,-18,0,1,1,19000,0,0,0,0,0,0,0
1024,1299,37135288,37136375,22537,7933,93,7955,0,5,-18,14,-18,0,1,1,18583,0,0,0,0,0,0,0
1025,1300,37598256,38781584,22441,7933,93,7955,0,6,-18,14,-18,0,1,1,17791,0,0,0,0,0,0,0
1026,1301,37307035,37264167,22289,7933,93,7955,0,7,-18,14,-18,0,1,1,19084,0,0,0,0,0,0,0
1027,1302,38065332,36907625,22341,7933,93,7955,0,7,-18,14,-18,0,1,1,19250,0,0,0,0,0,0,0
1028,1303,37728626,38808458,22353,7933,93,7955,0,8,-18,14,-18,0,1,1,18208,0,0,0,0,0,0,0
1029,1304,36753039,36807541,22377,7933,93,7955,0,9,-18,14,-18,0,1,1,19333,0,0,0,0,0,0,0
1030,1305,39677083,38505875,22289,7933,93,7955,0,9,-18,14,-18,0,1,1,19000,0,0,0,0,0,0,0
1031,1306,37396125,38538000,22353,7933,93,7955,0,10,-18,14,-18,0,1,1,19667,0,0,0,0,0,0,0
1032,1307,39001125,38881458,22289,7933,93,7955,0,11,-18,14,-18,0,1,1,21250,0,0,0,0,0,0,0
1033,1308,40481582,39250875,22429,7933,93,7955,0,11,-18,14,-18,0,1,1,18875,0,0,0,0,0,0,0
1034,1309,40233958,41498917,22353,7933,93,7955,0,12,-18,14,-18,0,1,1,22042,0,0,0,0,0,0,0
1035,1310,42099207,42112500,22289,7933,93,7955,0,13,-18,14,-18,0,1,1,22250,0,0,0,0,0,0,0
1036,1311,41408255,39286333,22853,7934,97,7956,0,13,-18,14,-18,0,1,1,19500,0,0,0,0,0,0,0
1037,1312,36407455,38495875,22689,7933,93,7955,0,14,-18,14,-18,1,1,1,18709,0,0,0,0,0,0,0
1038,1313,37321038,37283417,22341,7933,93,7955,0,15,-18,14,-18,0,1,1,18791,0,0,0,0,0,0,0
1039,1314,41409168,40257958,22289,7933,93,7955,0,15,-18,14,-18,0,1,1,18542,0,0,0,0,0,0,0
1040,1315,39033539,40096417,22353,7933,93,7955,0,16,-18,14,-18,0,1,1,22000,0,0,0,0,0,0,0
1041,1316,36840837,36902417,22377,7933,93,7955,0,15,-18,14,-18,0,1,1,18708,0,0,0,0,0,0,0
1042,1317,37923581,36746042,22289,7933,93,7955,0,15,-18,14,-18,0,1,1,19625,0,0,0,0,0,0,0
1043,1318,38355790,39486583,22353,7933,93,7955,0,14,-18,14,-18,1,1,1,18708,0,0,0,0,0,0,0
1044,1319,36373462,36339667,22341,7933,93,7955,0,13,-18,14,-18,0,1,1,19166,0,0,0,0,0,0,0
1045,1320,39210665,38012167,22289,7933,93,7955,0,13,-18,14,-18,0,1,1,19208,0,0,0,0,0,0,0
1046,1321,35607915,36797833,22441,7933,93,7955,0,12,-18,14,-18,0,1,1,18333,0,0,0,0,0,0,0
1047,1322,38940794,38939583,22289,7933,93,7955,0,11,-18,14,-18,0,1,1,18750,0,0,0,0,0,0,0
1048,1323,41696876,40508250,22289,7933,93,7955,0,11,-18,14,-18,0,1,1,19375,0,0,0,0,0,0,0
1049,1324,36977913,36727833,22917,7933,96,7955,0,10,-18,14,-18,0,1,1,18708,0,0,0,0,0,0,0
1050,1325,37685252,39042458,22677,7933,93,7955,0,9,-18,14,-18,0,1,1,21208,0,0,0,0,0,0,0
1051,1326,39958622,38848042,22289,7934,94,7956,0,9,-18,14,-18,0,1,1,18958,0,0,0,0,0,0,0
1052,1327,37232667,38331833,22353,7933,93,7955,0,8,-18,14,-18,0,1,1,19292,0,0,0,0,0,0,0
1053,1328,38320831,38249750,22289,7933,93,7955,0,7,-18,14,-18,0,1,1,19417,0,0,0,0,0,0,0
1054,1329,38618247,37317375,22377,7933,93,7955,0,7,-18,14,-18,0,1,1,18667,0,0,0,0,0,0,0
1055,1330,37205293,38517917,22353,7933,93,7955,0,6,-18,14,-18,0,1,1,19000,0,0,0,0,0,0,0
1056,1331,38696497,38672583,22341,7933,93,7955,0,5,-18,14,-18,0,1,1,19042,0,0,0,0,0,0,0
1057,1332,40341544,39118041,22289,7933,93,7955,0,5,-18,14,-18,0,1,1,19125,0,0,0,0,0,0,0
1058,1333,37751913,38940291,22441,7933,93,7955,0,4,-18,14,-18,0,1,1,18542,0,0,0,0,0,0,0
1059,1334,38719542,38723125,22289,7933,93,7955,0,3,-18,14,-18,0,1,1,19250,0,0,0,0,0,0,0
1060,1335,39757121,38585667,22289,7933,93,7955,0,3,-18,14,-18,0,1,1,18625,0,0,0,0,0,0,0
1061,1336,41091170,42169292,22353,7933,93,7955,0,2,-18,14,-18,0,1,1,19250,0,0,0,0,0,0,0
1062,1337,41788455,40627667,22993,7933,96,7955,0,1,-18,14,-18,0,1,1,18625,0,0,0,0,0,0,0
1063,1338,40425121,40478291,22537,7933,93,7955,0,1,-18,14,-18,0,1,1,21333,0,0,0,0,0,0,0
1064,1339,35887338,36984875,22353,7933,93,7955,0,0,-18,14,-18,0,1,1,19041,0,0,0,0,0,0,0
1065,1340,39283540,39215792,22289,7933,93,7955,0,-1,-18,14,-18,0,1,1,18875,0,0,0,0,0,0,0
1066,1341,39479166,38369750,22377,7934,94,7956,0,-1,-18,14,-18,0,1,1,18417,0,0,0,0,0,0,0
1067,1342,37046294,37426250,22353,7933,93,7955,0,-2,-18,14,-18,0,1,1,18541,0,0,0,0,0,0,0
1068,1343,41092000,41791042,22341,7933,93,7955,0,-3,-18,14,-18,0,1,1,19500,0,0,0,0,0,0,0
1069,1344,44524084,43162959,22289,7933,93,7955,0,-3,-18,14,-18,0,1,1,21750,0,0,0,0,0,0,0
1070,1345,38737285,40110875,22441,7933,93,7955,0,-4,-18,14,-18,0,1,1,24292,0,0,0,0,0,0,0
1071,1346,39683375,39615250,22289,7933,93,7955,0,-5,-18,14,-18,0,1,1,18750,0,0,0,0,0,0,0
1072,1347,40220919,39031792,22289,7933,93,7955,0,-5,-18,14,-18,0,1,1,22500,0,0,0,0,0,0,0
1073,1348,45148208,46235417,22405,7933,93,7955,0,-6,-18,14,-18,0,1,1,19625,0,0,0,0,0,0,0
1074,1349,44250126,44271542,22377,7933,96,7955,0,-7,-18,14,-18,0,1,1,22291,0,0,0,0,0,0,0
1075,1350,46719416,44442416,22853,7933,93,7955,0,-7,-18,14,-18,0,1,1,21542,0,0,0,0,0,0,0
1076,1351,40832120,43098000,22601,7933,93,7955,0,-8,-18,14,-18,0,1,1,21208,0,0,0,0,0,0,0
1077,1352,43513167,43454083,22289,7933,93,7955,0,-9,-18,14,-18,0,1,1,22125,0,0,0,0,0,0,0
1078,1353,43571252,42336167,22429,7933,93,7955,0,-9,-18,14,-18,0,1,1,21708,0,0,0,0,0,0,0
1079,1354,39550922,40830458,22353,7933,93,7955,0,-10,-18,14,-18,0,1,1,21917,0,0,0,0,0,0,0
1080,1355,39460204,39440292,22289,7933,93,7955,0,-11,-18,14,-18,0,1,1,19542,0,0,0,0,0,0,0
1081,1356,39951834,38743542,22289,7934,94,7956,0,-11,-18,14,-18,0,1,1,19333,0,0,0,0,0,0,0
1082,1357,36584708,37765792,22441,7933,93,7955,0,-12,-18,14,-18,0,1,1,18709,0,0,0,0,0,0,0
1083,1358,42276125,42042292,22289,7933,93,7955,0,-13,-18,14,-18,0,1,1,19083,0,0,0,0,0,0,0
1084,1359,43292451,42292042,22341,7933,93,7955,0,-13,-18,14,-18,0,1,1,22584,0,0,0,0,0,0,0
1085,1360,41423045,42548792,22353,7933,93,7955,0,-14,-18,14,-18,0,1,1,20750,0,0,0,0,0,0,0
1086,1361,39393212,39417083,22377,7933,96,7955,0,-15,-18,14,-18,0,1,1,18625,0,0,0,0,0,0,0
1087,1362,42605541,40480167,22853,7933,93,7955,0,-15,-18,14,-18,0,1,1,18625,0,0,0,0,0,0,0
1088,1363,37872660,39932208,22601,7933,93,7955,0,-16,-18,14,-18,0,1,1,19167,0,0,0,0,0,0,0
1089,1364,37141922,37120166,22341,7933,93,7955,0,-17,-18,14,-18,0,1,1,19166,0,0,0,0,0,0,0
1090,1365,40256917,39136791,22377,7933,93,7955,0,-17,-18,14,-18,0,1,1,18333,0,0,0,0,0,0,0
1091,1366,36088455,37249042,22353,7933,93,7955,0,-16,-18,14,-18,0,1,1,18333,0,0,0,0,0,0,0
1092,1367,38658957,38600333,22289,7933,93,7955,0,-15,-18,14,-18,0,1,1,18708,0,0,0,0,0,0,0
1093,1368,38691502,37519750,22289,7933,93,7955,0,-15,-18,14,-18,0,1,1,18833,0,0,0,0,0,0,0
1094,1369,37627622,38753625,22441,7933,93,7955,0,-14,-18,14,-18,0,1,1,18583,0,0,0,0,0,0,0
1095,1370,37251997,37276458,22341,7933,93,7955,0,-13,-18,14,-18,0,1,1,19125,0,0,0,0,0,0,0
1096,1371,38250334,36894708,22289,7934,94,7956,0,-13,-18,14,-18,0,1,1,18958,0,0,0,0,0,0,0
1097,1372,37351127,38618916,22353,7933,93,7955,0,-12,-18,14,-18,0,1,1,21167,0,0,0,0,0,0,0
1098,1373,42011339,42034125,22377,7933,93,7955,0,-11,-18,14,-18,0,1,1,19292,0,0,0,0,0,0,0
1099,1374,38074914,36904625,22289,7933,96,7955,0,-11,-18,14,-18,0,1,1,19125,0,0,0,0,0,0,0
1100,1375,38916829,38871542,22917,7933,93,7955,0,-10,-18,14,-18,0,1,1,18875,0,0,0,0,0,0,0
1101,1376,36357503,37478334,22589,7933,93,7955,0,-9,-18,14,-18,0,1,1,19042,0,0,0,0,0,0,0
1102,1377,38025122,36916917,22377,7933,93,7955,0,-9,-18,14,-18,0,1,1,18084,0,0,0,0,0,0,0
1103,1378,37478338,38617458,22353,7933,93,7955,0,-8,-18,14,-18,0,1,1,18875,0,0,0,0,0,0,0
1104,1379,39050333,38896000,22289,7933,93,7955,0,-7,-18,14,-18,0,1,1,19167,0,0,0,0,0,0,0
1105,1380,38408331,37104166,22289,7933,93,7955,0,-7,-18,14,-18,0,1,1,19084,0,0,0,0,0,0,0
1106,1381,35693749,37070167,22441,7933,93,7955,0,-6,-18,14,-18,0,1,1,18542,0,0,0,0,0,0,0
1107,1382,38735203,38711042,22341,7933,93,7955,0,-5,-18,14,-18,0,1,1,18791,0,0,0,0,0,0,0
1108,1383,38375418,37093042,22289,7933,93,7955,0,-5,-18,14,-18,0,1,1,19375,0,0,0,0,0,0,0
1109,1384,37498831,38665041,22353,7933,93,7955,0,-4,-18,14,-18,0,1,1,21750,0,0,0,0,0,0,0
1110,1385,42007587,42016542,22377,7933,93,7955,0,-3,-18,14,-18,0,1,1,21000,0,0,0,0,0,0,0
1111,1386,44465035,43370083,22289,7934,94,7956,0,-3,-18,14,-18,0,1,1,21625,0,0,0,0,0,0,0
1112,1387,40124084,39906375,22917,7933,96,7955,0,-2,-18,14,-18,0,1,1,18250,0,0,0,0,0,0,0
1113,1388,38594417,39860375,22589,7933,93,7955,0,-1,-18,14,-18,0,1,1,21125,0,0,0,0,0,0,0
1114,1389,40024999,38854250,22377,7933,93,7955,0,-1,-18,14,-18,0,1,1,19125,0,0,0,0,0,0,0
1115,1390,36260623,37456167,22353,7933,93,7955,0,0,-18,14,-18,0,1,1,18625,0,0,0,0,0,0,0
1116,1391,38916632,38892500,22289,7933,93,7955,0,1,-18,14,-18,0,1,1,18916,0,0,0,0,0,0,0
1117,1392,38032915,36858375,22289,7933,93,7955,0,1,-18,14,-18,0,1,1,18792,0,0,0,0,0,0,0
1118,1393,35562328,36696750,22441,7933,93,7955,0,2,-18,14,-18,0,1,1,18500,0,0,0,0,0,0,0
1119,1394,36907460,36925584,22341,7933,93,7955,0,3,-18,14,-18,0,1,1,18500,0,0,0,0,0,0,0
1120,1395,39968330,38797167,22289,7933,93,7955,0,3,-18,14,-18,0,1,1,18792,0,0,0,0,0,0,0
1121,1396,35894040,37024834,22353,7933,93,7955,0,4,-18,14,-18,0,1,1,18625,0,0,0,0,0,0,0
1122,1397,36956250,36859167,22289,7933,93,7955,0,5,-18,14,-18,0,1,1,18542,0,0,0,0,0,0,0
1123,1398,39870791,38782041,22377,7933,93,7955,0,5,-18,14,-18,0,1,1,19000,0,0,0,0,0,0,0
1124,1399,39006538,40112666,22353,7933,93,7955,0,6,-18,14,-18,0,1,1,21958,0,0,0,0,0,0,0
1125,1400,38749042,38743625,22341,7933,96,7955,0,7,-18,14,-18,0,1,1,19000,0,0,0,0,0,0,0
1126,1401,38918748,36804125,22853,7934,94,7956,0,7,-18,14,-18,0,1,1,18917,0,0,0,0,0,0,0
1127,1402,35112541,37167041,22689,7933,93,7955,0,8,-18,14,-18,0,1,1,18959,0,0,0,0,0,0,0
1128,1403,38321625,38330167,22289,7933,93,7955,0,9,-18,14,-18,0,1,1,22250,0,0,0,0,0,0,0
1129,1404,39371747,38208917,22289,7933,93,7955,0,9,-18,14,-18,0,1,1,18834,0,0,0,0,0,0,0
1130,1405,37673000,38749500,22353,7933,93,7955,0,10,-18,14,-18,0,1,1,18792,0,0,0,0,0,0,0
1131,1406,37201955,37249250,22429,7933,93,7955,0,11,-18,14,-18,0,1,1,19125,0,0,0,0,0,0,0
1132,1407,38422249,37235000,22289,7933,93,7955,0,11,-18,14,-18,0,1,1,19250,0,0,0,0,0,0,0
1133,1408,38538336,39701875,22353,7933,93,7955,0,12,-18,14,-18,0,1,1,18291,0,0,0,0,0,0,0
1134,1409,40090829,39959458,22289,7933,93,7955,0,13,-18,14,-18,0,1,1,18584,0,0,0,0,0,0,0
1135,1410,40509041,39431375,22377,7933,93,7955,0,13,-18,14,-18,0,1,1,21333,0,0,0,0,0,0,0
1136,1411,37616502,38728458,22353,7933,93,7955,0,14,-18,14,-18,1,1,1,18542,0,0,0,0,0,0,0
1137,1412,41034828,41033500,22341,7933,93,7955,0,15,-18,14,-18,0,1,1,19083,0,0,0,0,0,0,0
1138,1413,46486672,43925083,22853,7933,96,7955,0,15,-18,14,-18,0,1,1,22083,0,0,0,0,0,0,0
1139,1414,41208162,43702958,22689,7933,93,7955,0,16,-18,14,-18,0,1,1,21958,0,0,0,0,0,0,0
1140,1415,45237500,45177375,22289,7933,93,7955,0,15,-18,14,-18,0,1,1,21792,0,0,0,0,0,0,0
1141,1416,45722462,44461584,22289,7934,94,7956,0,15,-18,14,-18,0,1,1,26500,0,0,0,0,0,0,0
1142,1417,41705951,42911958,22405,7933,93,7955,0,14,-18,14,-18,1,1,1,21959,0,0,0,0,0,0,0
1143,1418,42136166,42214167,22377,7933,93,7955,0,13,-18,14,-18,0,1,1,21792,0,0,0,0,0,0,0
1144,1419,41990377,40786000,22289,7933,93,7955,0,13,-18,14,-18,0,1,1,21542,0,0,0,0,0,0,0
1145,1420,35965334,37161458,22353,7933,93,7955,0,12,-18,14,-18,0,1,1,19375,0,0,0,0,0,0,0
1146,1421,37081498,36973334,22289,7933,93,7955,0,11,-18,14,-18,0,1,1,19334,0,0,0,0,0,0,0
1147,1422,38613583,37513875,22429,7933,93,7955,0,11,-18,14,-18,0,1,1,18958,0,0,0,0,0,0,0
1148,1423,36168374,37303333,22353,7933,93,7955,0,10,-18,14,-18,0,1,1,18041,0,0,0,0,0,0,0
1149,1424,39299916,39285542,22289,7933,93,7955,0,9,-18,14,-18,0,1,1,19458,0,0,0,0,0,0,0
1150,1425,38273584,37048708,22289,7933,96,7955,0,9,-18,14,-18,0,1,1,18917,0,0,0,0,0,0,0
1151,1426,36784708,36806958,23005,7933,93,7955,0,8,-18,14,-18,0,1,1,18709,0,0,0,0,0,0,0
1152,1427,35825751,36948500,22537,7933,93,7955,0,7,-18,14,-18,0,1,1,18583,0,0,0,0,0,0,0
1153,1428,38251709,37146667,22341,7933,93,7955,0,7,-18,14,-18,0,1,1,19209,0,0,0,0,0,0,0
1154,1429,35902712,36986333,22353,7933,93,7955,0,6,-18,14,-18,0,1,1,18958,0,0,0,0,0,0,0
1155,1430,39297789,39218000,22289,7933,93,7955,0,5,-18,14,-18,0,1,1,19167,0,0,0,0,0,0,0
1156,1431,39406873,38277750,22377,7934,94,7956,0,5,-18,14,-18,0,1,1,18667,0,0,0,0,0,0,0
1157,1432,38104373,39069208,22353,7933,93,7955,0,4,-18,14,-18,0,1,1,18500,0,0,0,0,0,0,0
1158,1433,36821421,36980709,22289,7933,93,7955,0,3,-18,14,-18,0,1,1,18834,0,0,0,0,0,0,0
1159,1434,40011543,38773292,22341,7933,93,7955,0,3,-18,14,-18,0,1,1,19084,0,0,0,0,0,0,0
1160,1435,37755873,38950375,22441,7933,93,7955,0,2,-18,14,-18,0,1,1,18875,0,0,0,0,0,0,0
1161,1436,38632787,38649417,22289,7933,93,7955,0,1,-18,14,-18,0,1,1,19625,0,0,0,0,0,0,0
1162,1437,45641623,44288875,22289,7933,93,7955,0,1,-18,14,-18,0,1,1,22250,0,0,0,0,0,0,0
1163,1438,38350127,39598583,22353,7933,96,7955,0,0,-18,14,-18,0,1,1,21125,0,0,0,0,0,0,0
1164,1439,42194209,40880833,22993,7933,93,7955,0,-1,-18,14,-18,0,1,1,21500,0,0,0,0,0,0,0
1165,1440,44924538,44916542,22537,7933,93,7955,0,-1,-18,14,-18,0,1,1,22958,0,0,0,0,0,0,0
1166,1441,44696208,45791708,22353,7933,93,7955,0,-2,-18,14,-18,0,1,1,21875,0,0,0,0,0,0,0
1167,1442,51803167,51813417,22289,7933,93,7955,0,-3,-18,14,-18,0,1,1,26209,0,0,0,0,0,0,0
1168,1443,55108413,53579334,22377,7933,93,7955,0,-3,-18,14,-18,0,1,1,25208,0,0,0,0,0,0,0
1169,1444,52579753,54037583,22405,7933,93,7955,0,-4,-18,14,-18,0,1,1,26542,0,0,0,0,0,0,0
1170,1445,54574914,53050875,22289,7933,93,7955,0,-5,-18,14,-18,0,1,1,26459,0,0,0,0,0,0,0
1171,1446,52640795,54111500,22441,7934,94,7956,0,-5,-18,14,-18,0,1,1,27125,0,0,0,0,0,0,0
1172,1447,54733745,53264875,22289,7933,93,7955,0,-6,-18,14,-18,0,1,1,27125,0,0,0,0,0,0,0
1173,1448,54847378,56312417,22405,7933,93,7955,0,-7,-18,14,-18,0,1,1,28167,0,0,0,0,0,0,0
1174,1449,55044706,52236000,22941,7933,96,7955,0,-7,-18,14,-18,0,1,1,25833,0,0,0,0,0,0,0
1175,1450,47462005,50334833,22601,7933,93,7955,0,-8,-18,14,-18,0,1,1,26708,0,0,0,0,0,0,0
1176,1451,45378204,45328708,22289,7933,93,7955,0,-9,-18,14,-18,0,1,1,22333,0,0,0,0,0,0,0
1177,1452,46903003,45590125,22341,7933,93,7955,0,-9,-18,14,-18,0,1,1,26208,0,0,0,0,0,0,0
1178,1453,45225828,46505250,22441,7933,93,7955,0,-10,-18,14,-18,0,1,1,22208,0,0,0,0,0,0,0
1179,1454,49150709,49023000,22289,7933,93,7955,0,-11,-18,14,-18,0,1,1,26750,0,0,0,0,0,0,0
1180,1455,48820916,47379209,22289,7933,93,7955,0,-11,-18,14,-18,0,1,1,22041,0,0,0,0,0,0,0
1181,1456,47251041,48731000,22353,7933,93,7955,0,-12,-18,14,-18,0,1,1,26791,0,0,0,0,0,0,0
1182,1457,49129124,49197625,22429,7933,93,7955,0,-13,-18,14,-18,0,1,1,22292,0,0,0,0,0,0,0
1183,1458,51975041,50324875,22289,7933,93,7955,0,-13,-18,14,-18,0,1,1,27125,0,0,0,0,0,0,0
1184,1459,50290249,50247166,22917,7933,96,7955,0,-14,-18,14,-18,0,1,1,26333,0,0,0,0,0,0,0
1185,1460,46556666,48206708,29421,7933,93,7955,0,-15,-18,14,-18,0,1,1,26208,0,0,0,0,0,0,0
1186,1461,45124460,43773542,28017,7934,94,7956,0,-15,-18,14,-18,0,1,1,24292,0,0,0,0,0,0,0
1187,1462,42025998,43310084,22405,7933,93,7955,0,-16,-18,14,-18,0,1,1,21917,0,0,0,0,0,0,0
1188,1463,42666871,42574292,22289,7933,93,7955,0,-17,-18,14,-18,0,1,1,21958,0,0,0,0,0,0,0
1189,1464,43726708,42493667,22377,7933,93,7955,0,-17,-18,14,-18,0,1,1,22000,0,0,0,0,0,0,0
1190,1465,37985127,39279208,22353,7933,93,7955,0,-16,-18,14,-18,0,1,1,21750,0,0,0,0,0,0,0
1191,1466,37009622,37016375,22289,7933,93,7955,0,-15,-18,14,-18,0,1,1,19292,0,0,0,0,0,0,0
1192,1467,38456793,37238459,22341,7933,93,7955,0,-15,-18,14,-18,0,1,1,19292,0,0,0,0,0,0,0
1193,1468,35980995,37165208,22643,7933,93,7955,0,-14,-18,14,-18,0,1,1,18833,0,0,0,0,0,0,0
1194,1469,39180044,39148125,22289,7933,93,7955,0,-13,-18,14,-18,0,1,1,19250,0,0,0,0,0,0,0
1195,1470,38344997,37227459,22289,7933,96,7955,0,-13,-18,14,-18,0,1,1,19208,0,0,0,0,0,0,0
1196,1471,37124503,36964250,22917,7933,93,7955,0,-12,-18,14,-18,0,1,1,18750,0,0,0,0,0,0,0
1197,1472,35762373,37015875,22625,7933,93,7955,0,-11,-18,14,-18,0,1,1,19292,0,0,0,0,0,0,0
1198,1473,38085587,36906667,22341,7933,93,7955,0,-11,-18,14,-18,0,1,1,18625,0,0,0,0,0,0,0
1199,1474,36075580,37223750,22353,7933,93,7955,0,-10,-18,14,-18,0,1,1,18833,0,0,0,0,0,0,0
1200,1475,37527460,37458625,22289,7933,93,7955,0,-9,-18,14,-18,0,1,1,18959,0,0,0,0,0,0,0
1201,1476,38079455,36877333,22289,7934,94,7956,0,-9,-18,14,-18,0,1,1,19083,0,0,0,0,0,0,0
1202,1477,35553749,36737375,22441,7933,93,7955,0,-8,-18,14,-18,0,1,1,19083,0,0,0,0,0,0,0
1203,1478,37530582,37306125,22289,7933,93,7955,0,-7,-18,14,-18,0,1,1,19416,0,0,0,0,0,0,0
1204,1479,38197830,37245291,22341,7933,93,7955,0,-7,-18,14,-18,0,1,1,20625,0,0,0,0,0,0,0
1205,1480,39301920,40413334,22353,7933,93,7955,0,-6,-18,14,-18,0,1,1,19375,0,0,0,0,0,0,0
1206,1481,38784749,38788250,22377,7933,93,7955,0,-5,-18,14,-18,0,1,1,18833,0,0,0,0,0,0,0
1207,1482,41340079,40189792,22289,7933,93,7955,0,-5,-18,14,-18,0,1,1,19542,0,0,0,0,0,0,0
1208,1483,41716836,42814291,22353,7933,93,7955,0,-4,-18,14,-18,0,1,1,22375,0,0,0,0,0,0,0
1209,1484,42683452,41485125,22853,7933,96,7955,0,-3,-18,14,-18,0,1,1,21375,0,0,0,0,0,0,0
1210,1485,38371540,38392917,22677,7933,93,7955,0,-3,-18,14,-18,0,1,1,19208,0,0,0,0,0,0,0
1211,1486,37091001,38275792,22353,7933,93,7955,0,-2,-18,14,-18,0,1,1,20791,0,0,0,0,0,0,0
1212,1487,40245961,40203250,22289,7933,93,7955,0,-1,-18,14,-18,0,1,1,18500,0,0,0,0,0,0,0
1213,1488,41784543,40577083,22289,7933,93,7955,0,-1,-18,14,-18,0,1,1,18916,0,0,0,0,0,0,0
1214,1489,37406206,38585125,22441,7933,93,7955,0,0,-18,14,-18,0,1,1,19208,0,0,0,0,0,0,0
1215,1490,37351828,37351834,22289,7933,93,7955,0,1,-18,14,-18,0,1,1,19167,0,0,0,0,0,0,0
1216,1491,40006376,38839833,22341,7934,94,7956,0,1,-18,14,-18,0,1,1,19791,0,0,0,0,0,0,0
1217,1492,36048874,37123792,22353,7933,93,7955,0,2,-18,14,-18,0,1,1,18708,0,0,0,0,0,0,0
1218,1493,37027500,37044334,22675,7933,93,7955,0,3,-18,14,-18,0,1,1,18417,0,0,0,0,0,0,0
1219,1494,39385415,38237875,22289,7933,93,7955,0,3,-18,14,-18,0,1,1,19292,0,0,0,0,0,0,0
1220,1495,42541332,43644250,22353,7933,93,7955,0,4,-18,14,-18,0,1,1,21417,0,0,0,0,0,0,0
1221,1496,38586083,38551625,22289,7933,96,7955,0,5,-18,14,-18,0,1,1,21833,0,0,0,0,0,0,0
1222,1497,40978126,38963375,22993,7933,93,7955,0,5,-18,14,-18,0,1,1,19250,0,0,0,0,0,0,0
1223,1498,34952919,36985417,22601,7933,93,7955,0,6,-18,14,-18,0,1,1,18875,0,0,0,0,0,0,0
1224,1499,38338873,38312709,22289,7933,93,7955,0,7,-18,14,-18,0,1,1,18917,0,0,0,0,0,0,0
1225,1500,38079287,36835334,22289,7933,93,7955,0,7,-18,14,-18,0,1,1,19333,0,0,0,0,0,0,0
1226,1501,37147209,38339375,22441,7933,93,7955,0,8,-18,14,-18,0,1,1,19209,0,0,0,0,0,0,0
1227,1502,38597669,38614375,22289,7933,93,7955,0,9,-18,14,-18,0,1,1,18583,0,0,0,0,0,0,0
1228,1503,37735503,36590792,22341,7933,93,7955,0,9,-18,14,-18,0,1,1,18833,0,0,0,0,0,0,0
1229,1504,37918418,38986041,22353,7933,93,7955,0,10,-18,14,-18,0,1,1,18084,0,0,0,0,0,0,0
1230,1505,38240414,38210166,22377,7933,93,7955,0,11,-18,14,-18,0,1,1,18542,0,0,0,0,0,0,0
1231,1506,44401586,43127292,22289,7934,94,7956,0,11,-18,14,-18,0,1,1,22625,0,0,0,0,0,0,0
1232,1507,38262289,39549042,22353,7933,93,7955,0,12,-18,14,-18,0,1,1,21542,0,0,0,0,0,0,0
1233,1508,42224623,42155542,22289,7933,93,7955,0,13,-18,14,-18,0,1,1,20292,0,0,0,0,0,0,0
1234,1509,39229210,38130958,22429,7933,96,7955,0,13,-18,14,-18,0,1,1,18958,0,0,0,0,0,0,0
1235,1510,38165170,38116834,22917,7933,93,7955,0,14,-18,14,-18,1,1,1,22041,0,0,0,0,0,0,0
1236,1511,37631541,38784416,22537,7933,93,7955,0,15,-18,14,-18,0,1,1,18583,0,0,0,0,0,0,0
1237,1512,38217827,37018125,22289,7933,93,7955,0,15,-18,14,-18,0,1,1,18917,0,0,0,0,0,0,0
1238,1513,37876047,39034708,22441,7933,93,7955,0,16,-18,14,-18,0,1,1,19625,0,0,0,0,0,0,0
1239,1514,38575582,38580542,22289,7933,93,7955,0,15,-18,14,-18,0,1,1,19083,0,0,0,0,0,0,0
1240,1515,38366246,37129959,22341,7933,93,7955,0,15,-18,14,-18,0,1,1,18417,0,0,0,0,0,0,0
1241,1516,37221789,38388167,22353,7933,93,7955,0,14,-18,14,-18,1,1,1,18791,0,0,0,0,0,0,0
1242,1517,40264669,40272708,22377,7933,93,7955,0,13,-18,14,-18,0,1,1,18750,0,0,0,0,0,0,0
1243,1518,38307249,37178125,22289,7933,93,7955,0,13,-18,14,-18,0,1,1,18959,0,0,0,0,0,0,0
1244,1519,35857085,36964000,22353,7933,93,7955,0,12,-18,14,-18,0,1,1,18750,0,0,0,0,0,0,0
1245,1520,39111167,39050667,22289,7933,93,7955,0,11,-18,14,-18,0,1,1,19000,0,0,0,0,0,0,0
1246,1521,43888911,42752750,22429,7934,94,7956,0,11,-18,14,-18,0,1,1,20042,0,0,0,0,0,0,0
1247,1522,37598751,38752750,22353,7933,96,7955,0,10,-18,14,-18,0,1,1,18500,0,0,0,0,0,0,0
1248,1523,38349129,37117541,22853,7933,93,7955,0,9,-18,14,-18,0,1,1,19333,0,0,0,0,0,0,0
1249,1524,37347123,37355625,22537,7933,93,7955,0,9,-18,14,-18,0,1,1,18875,0,0,0,0,0,0,0
1250,1525,37461124,38633583,22441,7933,93,7955,0,8,-18,14,-18,0,1,1,18125,0,0,0,0,0,0,0
1251,1526,37025205,37014875,22289,7933,93,7955,0,7,-18,14,-18,0,1,1,18917,0,0,0,0,0,0,0
1252,1527,38063004,36865416,22341,7933,93,7955,0,7,-18,14,-18,0,1,1,19542,0,0,0,0,0,0,0
1253,1528,37624496,38744958,22353,7933,93,7955,0,6,-18,14,-18,0,1,1,18708,0,0,0,0,0,0,0
1254,1529,38532249,38546750,22377,7933,93,7955,0,5,-18,14,-18,0,1,1,19583,0,0,0,0,0,0,0
1255,1530,41365504,40032542,22289,7933,93,7955,0,5,-18,14,-18,0,1,1,19208,0,0,0,0,0,0,0
1256,1531,35940293,37210125,22353,7933,93,7955,0,4,-18,14,-18,0,1,1,18958,0,0,0,0,0,0,0
1257,1532,39087288,39059417,22289,7933,93,7955,0,3,-18,14,-18,0,1,1,19625,0,0,0,0,0,0,0
1258,1533,39924290,38690541,22429,7933,93,7955,0,3,-18,14,-18,0,1,1,18916,0,0,0,0,0,0,0
1259,1534,40763713,42003208,22353,7933,93,7955,0,2,-18,14,-18,0,1,1,20917,0,0,0,0,0,0,0
1260,1535,37847209,37812625,22289,7933,96,7955,0,1,-18,14,-18,0,1,1,18917,0,0,0,0,0,0,0
1261,1536,42045500,39995333,22853,7934,94,7956,0,1,-18,14,-18,0,1,1,21834,0,0,0,0,0,0,0
1262,1537,36506079,38530875,22689,7933,93,7955,0,0,-18,14,-18,0,1,1,18417,0,0,0,0,0,0,0
1263,1538,38719125,38724041,22289,7933,93,7955,0,-1,-18,14,-18,0,1,1,18542,0,0,0,0,0,0,0
1264,1539,40468748,39303625,22341,7933,93,7955,0,-1,-18,14,-18,0,1,1,18917,0,0,0,0,0,0,0
1265,1540,35846378,36948291,22353,7933,93,7955,0,-2,-18,14,-18,0,1,1,18834,0,0,0,0,0,0,0
1266,1541,36849249,36878333,22377,7933,93,7955,0,-3,-18,14,-18,0,1,1,19042,0,0,0,0,0,0,0
1267,1542,41671082,40449250,22289,7933,93,7955,0,-3,-18,14,-18,0,1,1,21625,0,0,0,0,0,0,0
1268,1543,37887498,39057334,22353,7933,93,7955,0,-4,-18,14,-18,0,1,1,18666,0,0,0,0,0,0,0
1269,1544,37101749,37042834,22289,7933,93,7955,0,-5,-18,14,-18,0,1,1,18958,0,0,0,0,0,0,0
1270,1545,38603585,37454208,22429,7933,93,7955,0,-5,-18,14,-18,0,1,1,19125,0,0,0,0,0,0,0
1271,1546,37170208,38356292,22353,7933,93,7955,0,-6,-18,14,-18,0,1,1,18875,0,0,0,0,0,0,0
1272,1547,40695123,40663042,22289,7933,93,7955,0,-7,-18,14,-18,0,1,1,19334,0,0,0,0,0,0,0
1273,1548,38322456,37135833,22289,7933,96,7955,0,-7,-18,14,-18,0,1,1,19167,0,0,0,0,0,0,0
1274,1549,36892749,36847917,23005,7933,93,7955,0,-8,-18,14,-18,0,1,1,19167,0,0,0,0,0,0,0
1275,1550,37615377,38807041,22537,7933,93,7955,0,-9,-18,14,-18,0,1,1,18875,0,0,0,0,0,0,0
1276,1551,39617579,38460167,22341,7934,94,7956,0,-9,-18,14,-18,0,1,1,19916,0,0,0,0,0,0,0
1277,1552,37540454,38615500,22353,7933,93,7955,0,-10,-18,14,-18,0,1,1,18584,0,0,0,0,0,0,0
1278,1553,37369336,37382416,22377,7933,93,7955,0,-11,-18,14,-18,0,1,1,19208,0,0,0,0,0,0,0
1279,1554,38011331,36836416,22289,7933,93,7955,0,-11,-18,14,-18,0,1,1,18917,0,0,0,0,0,0,0
1280,1555,37632837,38773250,22353,7933,93,7955,0,-12,-18,14,-18,0,1,1,18916,0,0,0,0,0,0,0
1281,1556,40189620,40145834,22289,7933,93,7955,0,-13,-18,14,-18,0,1,1,21542,0,0,0,0,0,0,0
1282,1557,38220960,37031792,22429,7933,93,7955,0,-13,-18,14,-18,0,1,1,21708,0,0,0,0,0,0,0
1283,1558,40137626,41340875,22353,7933,93,7955,0,-14,-18,14,-18,0,1,1,18791,0,0,0,0,0,0,0
1284,1559,38646917,38606708,22289,7933,93,7955,0,-15,-18,14,-18,0,1,1,21875,0,0,0,0,0,0,0
1285,1560,43900709,42729625,22289,7933,93,7955,0,-15,-18,14,-18,0,1,1,19333,0,0,0,0,0,0,0
1286,1561,37300288,38459500,22441,7933,96,7955,0,-16,-18,14,-18,0,1,1,18833,0,0,0,0,0,0,0
1287,1562,40028203,38823750,22853,7933,93,7955,0,-17,-18,14,-18,0,1,1,19000,0,0,0,0,0,0,0
1288,1563,38606960,38611917,22589,7933,93,7955,0,-17,-18,14,-18,0,1,1,19417,0,0,0,0,0,0,0
1289,1564,36054249,37165250,22353,7933,93,7955,0,-16,-18,14,-18,0,1,1,18625,0,0,0,0,0,0,0
1290,1565,38955122,38960125,22377,7933,93,7955,0,-15,-18,14,-18,0,1,1,18708,0,0,0,0,0,0,0
1291,1566,41647464,40481458,22289,7934,94,7956,0,-15,-18,14,-18,0,1,1,18916,0,0,0,0,0,0,0
1292,1567,39905585,41026042,22353,7933,93,7955,0,-14,-18,14,-18,0,1,1,18875,0,0,0,0,0,0,0
1293,1568,40610663,40561167,22289,7933,93,7955,0,-13,-18,14,-18,0,1,1,21375,0,0,0,0,0,0,0
1294,1569,39796039,38700167,22429,7933,93,7955,0,-13,-18,14,-18,0,1,1,19416,0,0,0,0,0,0,0
1295,1570,37669457,38795334,22353,7933,93,7955,0,-12,-18,14,-18,0,1,1,20208,0,0,0,0,0,0,0
1296,1571,38721457,38709750,22289,7933,93,7955,0,-11,-18,14,-18,0,1,1,18875,0,0,0,0,0,0,0
1297,1572,38527421,37348458,22289,7933,93,7955,0,-11,-18,14,-18,0,1,1,19000,0,0,0,0,0,0,0
1298,1573,43060373,44061708,22441,7933,93,7955,0,-10,-18,14,-18,0,1,1,20333,0,0,0,0,0,0,0
1299,1574,41012123,39945750,22853,7933,96,7955,0,-9,-18,14,-18,0,1,1,20375,0,0,0,0,0,0,0
1300,1575,38786537,38840083,22589,7933,93,7955,0,-9,-18,14,-18,0,1,1,19292,0,0,0,0,0,0,0
1301,1576,37499878,38563208,22353,7933,93,7955,0,-8,-18,14,-18,0,1,1,18458,0,0,0,0,0,0,0
1302,1577,37016872,37021208,22377,7933,93,7955,0,-7,-18,14,-18,0,1,1,18583,0,0,0,0,0,0,0
1303,1578,38149751,37046167,22289,7933,93,7955,0,-7,-18,14,-18,0,1,1,19000,0,0,0,0,0,0,0
1304,1579,37500709,38588084,22353,7933,93,7955,0,-6,-18,14,-18,0,1,1,18917,0,0,0,0,0,0,0
1305,1580,38977332,38913750,22289,7933,93,7955,0,-5,-18,14,-18,0,1,1,18791,0,0,0,0,0,0,0
1306,1581,39944082,38820875,22429,7934,94,7956,0,-5,-18,14,-18,0,1,1,18667,0,0,0,0,0,0,0
1307,1582,37785790,38734708,22353,7933,93,7955,0,-4,-18,14,-18,0,1,1,18791,0,0,0,0,0,0,0
1308,1583,39412789,39542750,22289,7933,93,7955,0,-3,-18,14,-18,0,1,1,18625,0,0,0,0,0,0,0
1309,1584,39845962,38658083,22289,7933,93,7955,0,-3,-18,14,-18,0,1,1,22208,0,0,0,0,0,0,0
1310,1585,37417206,38592708,22441,7933,93,7955,0,-2,-18,14,-18,0,1,1,18250,0,0,0,0,0,0,0
1311,1586,43122377,43092125,22289,7933,93,7955,0,-1,-18,14,-18,0,1,1,19584,0,0,0,0,0,0,0
1312,1587,43817374,41761959,22905,7933,96,7955,0,-1,-18,14,-18,0,1,1,22167,0,0,0,0,0,0,0
1313,1588,36258708,38265541,22601,7933,93,7955,0,0,-18,14,-18,0,1,1,21334,0,0,0,0,0,0,0
1314,1589,38797702,38795959,22377,7933,93,7955,0,1,-18,14,-18,0,1,1,21833,0,0,0,0,0,0,0
1315,1590,41384376,40180917,22289,7933,93,7955,0,1,-18,14,-18,0,1,1,21375,0,0,0,0,0,0,0
1316,1591,37489667,38666708,22353,7933,93,7955,0,2,-18,14,-18,0,1,1,18667,0,0,0,0,0,0,0
1317,1592,38786791,38746375,22289,7933,93,7955,0,3,-18,14,-18,0,1,1,19375,0,0,0,0,0,0,0
1318,1593,38230709,37108458,22429,7933,93,7955,0,3,-18,14,-18,0,1,1,18792,0,0,0,0,0,0,0
1319,1594,35938080,37088083,22353,7933,93,7955,0,4,-18,14,-18,0,1,1,18667,0,0,0,0,0,0,0
1320,1595,38848754,38827625,22289,7933,93,7955,0,5,-18,14,-18,0,1,1,18833,0,0,0,0,0,0,0
1321,1596,41518375,40318500,22289,7934,94,7956,0,5,-18,14,-18,0,1,1,19042,0,0,0,0,0,0,0
1322,1597,37046875,38220041,22441,7933,93,7955,0,6,-18,14,-18,0,1,1,18292,0,0,0,0,0,0,0
1323,1598,41273411,41254167,22289,7933,93,7955,0,7,-18,14,-18,0,1,1,18958,0,0,0,0,0,0,0
1324,1599,40089208,38922042,22341,7933,96,7955,0,7,-18,14,-18,0,1,1,21500,0,0,0,0,0,0,0
1325,1600,37142962,37055750,22917,7933,93,7955,0,8,-18,14,-18,0,1,1,19125,0,0,0,0,0,0,0
1326,1601,35843119,37026250,22625,7933,93,7955,0,9,-18,14,-18,0,1,1,18333,0,0,0,0,0,0,0
1327,1602,39988584,38894917,22289,7933,93,7955,0,9,-18,14,-18,0,1,1,20166,0,0,0,0,0,0,0
1328,1603,37277713,38343458,22353,7933,93,7955,0,10,-18,14,-18,0,1,1,18416,0,0,0,0,0,0,0
1329,1604,40400624,40348584,22289,7933,93,7955,0,11,-18,14,-18,0,1,1,19417,0,0,0,0,0,0,0
1330,1605,39940744,38850791,22429,7933,93,7955,0,11,-18,14,-18,0,1,1,18750,0,0,0,0,0,0,0
1331,1606,35790462,36906500,22353,7933,93,7955,0,12,-18,14,-18,0,1,1,18167,0,0,0,0,0,0,0
1332,1607,41236706,41175000,22289,7933,93,7955,0,13,-18,14,-18,0,1,1,19250,0,0,0,0,0,0,0
1333,1608,40506336,39337292,22289,7933,93,7955,0,13,-18,14,-18,0,1,1,22000,0,0,0,0,0,0,0
1334,1609,39903126,41026417,22441,7933,93,7955,0,14,-18,14,-18,1,1,1,19458,0,0,0,0,0,0,0
1335,1610,38641829,38634917,22289,7933,93,7955,0,15,-18,14,-18,0,1,1,21875,0,0,0,0,0,0,0
1336,1611,43710749,42606583,22341,7934,94,7956,0,15,-18,14,-18,0,1,1,19125,0,0,0,0,0,0,0
1337,1612,38021378,39076500,22353,7933,96,7955,0,16,-18,14,-18,0,1,1,18208,0,0,0,0,0,0,0
1338,1613,38199998,37054459,22941,7933,93,7955,0,15,-18,14,-18,0,1,1,20166,0,0,0,0,0,0,0
1339,1614,37275332,37312375,22537,7933,93,7955,0,15,-18,14,-18,0,1,1,18750,0,0,0,0,0,0,0
1340,1615,39598248,40706167,22353,7933,93,7955,0,14,-18,14,-18,1,1,1,18750,0,0,0,0,0,0,0
1341,1616,36803919,36738250,22289,7933,93,7955,0,13,-18,14,-18,0,1,1,19750,0,0,0,0,0,0,0
1342,1617,40240626,39138875,22429,7933,93,7955,0,13,-18,14,-18,0,1,1,19209,0,0,0,0,0,0,0
1343,1618,36404330,37534459,22353,7933,93,7955,0,12,-18,14,-18,0,1,1,18250,0,0,0,0,0,0,0
1344,1619,38361251,38336709,22289,7933,93,7955,0,11,-18,14,-18,0,1,1,18708,0,0,0,0,0,0,0
1345,1620,38299452,37128292,22289,7933,93,7955,0,11,-18,14,-18,0,1,1,18541,0,0,0,0,0,0,0
1346,1621,35877004,37020167,22441,7933,93,7955,0,10,-18,14,-18,0,1,1,18625,0,0,0,0,0,0,0
1347,1622,38755167,38722083,22289,7933,93,7955,0,9,-18,14,-18,0,1,1,19250,0,0,0,0,0,0,0
1348,1623,38366749,37212500,22341,7933,93,7955,0,9,-18,14,-18,0,1,1,18792,0,0,0,0,0,0,0
1349,1624,41489284,42588125,22353,7933,93,7955,0,8,-18,14,-18,0,1,1,21875,0,0,0,0,0,0,0
1350,1625,36861296,36887416,22377,7933,96,7955,0,7,-18,14,-18,0,1,1,18833,0,0,0,0,0,0,0
1351,1626,40750581,38728000,22853,7934,94,7956,0,7,-18,14,-18,0,1,1,19167,0,0,0,0,0,0,0
1352,1627,35484921,37472208,22601,7933,93,7955,0,6,-18,14,-18,0,1,1,18584,0,0,0,0,0,0,0
1353,1628,38224540,38168125,22289,7933,93,7955,0,5,-18,14,-18,0,1,1,19250,0,0,0,0,0,0,0
1354,1629,38248002,37112333,22429,7933,93,7955,0,5,-18,14,-18,0,1,1,18792,0,0,0,0,0,0,0
1355,1630,37527084,38694708,22353,7933,93,7955,0,4,-18,14,-18,0,1,1,19041,0,0,0,0,0,0,0
1356,1631,40141165,40097709,22289,7933,93,7955,0,3,-18,14,-18,0,1,1,19209,0,0,0,0,0,0,0
1357,1632,38397789,37133208,22289,7933,93,7955,0,3,-18,14,-18,0,1,1,18417,0,0,0,0,0,0,0
1358,1633,37267751,38488125,22441,7933,93,7955,0,2,-18,14,-18,0,1,1,20667,0,0,0,0,0,0,0
1359,1634,36905337,36697166,22289,7933,93,7955,0,1,-18,14,-18,0,1,1,19000,0,0,0,0,0,0,0
1360,1635,40118373,39160458,22341,7933,93,7955,0,1,-18,14,-18,0,1,1,19125,0,0,0,0,0,0,0
1361,1636,39428707,40517542,22353,7933,93,7955,0,0,-18,14,-18,0,1,1,18625,0,0,0,0,0,0,0
1362,1637,40823042,40855833,22377,7933,93,7955,0,-1,-18,14,-18,0,1,1,19542,0,0,0,0,0,0,0
1363,1638,38562458,37277125,22289,7933,96,7955,0,-1,-18,14,-18,0,1,1,19042,0,0,0,0,0,0,0
1364,1639,41588123,41660958,22917,7933,93,7955,0,-2,-18,14,-18,0,1,1,21541,0,0,0,0,0,0,0
1365,1640,37575125,38693208,22537,7933,93,7955,0,-3,-18,14,-18,0,1,1,19208,0,0,0,0,0,0,0
1366,1641,39896961,38758916,22429,7934,94,7956,0,-3,-18,14,-18,0,1,1,18750,0,0,0,0,0,0,0
1367,1642,35878792,37048208,22353,7933,93,7955,0,-4,-18,14,-18,0,1,1,18500,0,0,0,0,0,0,0
1368,1643,37485793,37418958,22289,7933,93,7955,0,-5,-18,14,-18,0,1,1,19250,0,0,0,0,0,0,0
1369,1644,39746917,38563709,22289,7933,93,7955,0,-5,-18,14,-18,0,1,1,19666,0,0,0,0,0,0,0
1370,1645,35965744,37124333,22441,7933,93,7955,0,-6,-18,14,-18,0,1,1,18625,0,0,0,0,0,0,0
1371,1646,38790710,38799375,22289,7933,93,7955,0,-7,-18,14,-18,0,1,1,19542,0,0,0,0,0,0,0
1372,1647,38290251,37105667,22341,7933,93,7955,0,-7,-18,14,-18,0,1,1,19333,0,0,0,0,0,0,0
1373,1648,37982881,39081041,22353,7933,93,7955,0,-8,-18,14,-18,0,1,1,18750,0,0,0,0,0,0,0
1374,1649,36273453,36302583,22377,7933,93,7955,0,-9,-18,14,-18,0,1,1,18917,0,0,0,0,0,0,0
1375,1650,43520372,42392584,22289,7933,93,7955,0,-9,-18,14,-18,0,1,1,22500,0,0,0,0,0,0,0
1376,1651,35834211,36939292,22353,7933,96,7955,0,-10,-18,14,-18,0,1,1,19084,0,0,0,0,0,0,0
1377,1652,40169458,38949750,22853,7933,93,7955,0,-11,-18,14,-18,0,1,1,18958,0,0,0,0,0,0,0
1378,1653,39366785,39391458,22677,7933,93,7955,0,-11,-18,14,-18,0,1,1,18375,0,0,0,0,0,0,0
1379,1654,37302460,38457917,22353,7933,93,7955,0,-12,-18,14,-18,0,1,1,18917,0,0,0,0,0,0,0
1380,1655,38429122,38375083,22289,7933,93,7955,0,-13,-18,14,-18,0,1,1,19000,0,0,0,0,0,0,0
1381,1656,38304917,37131334,22289,7934,94,7956,0,-13,-18,14,-18,0,1,1,19500,0,0,0,0,0,0,0
1382,1657,37298377,38452250,22441,7933,93,7955,0,-14,-18,14,-18,0,1,1,18834,0,0,0,0,0,0,0
1383,1658,39671789,39682666,22289,7933,93,7955,0,-15,-18,14,-18,0,1,1,22792,0,0,0,0,0,0,0
1384,1659,40005709,38818125,22341,7933,93,7955,0,-15,-18,14,-18,0,1,1,19083,0,0,0,0,0,0,0
1385,1660,35686790,36772792,22353,7933,93,7955,0,-16,-18,14,-18,0,1,1,18458,0,0,0,0,0,0,0
1386,1661,40771663,40805333,22377,7933,93,7955,0,-17,-18,14,-18,0,1,1,19417,0,0,0,0,0,0,0
1387,1662,40849212,39533709,22289,7933,93,7955,0,-17,-18,14,-18,0,1,1,18959,0,0,0,0,0,0,0
1388,1663,43156329,44380083,22353,7933,93,7955,0,-16,-18,14,-18,0,1,1,21959,0,0,0,0,0,0,0
1389,1664,40495380,39139000,22905,7933,96,7955,0,-15,-18,14,-18,0,1,1,19625,0,0,0,0,0,0,0
1390,1665,40180251,40417334,22625,7933,93,7955,0,-15,-18,14,-18,0,1,1,21666,0,0,0,0,0,0,0
1391,1666,35967331,37083292,22353,7933,93,7955,0,-14,-18,14,-18,0,1,1,18792,0,0,0,0,0,0,0
1392,1667,38646876,38617458,22289,7933,93,7955,0,-13,-18,14,-18,0,1,1,20000,0,0,0,0,0,0,0
1393,1668,40384829,39200459,22289,7933,93,7955,0,-13,-18,14,-18,0,1,1,21375,0,0,0,0,0,0,0
1394,1669,35678755,36809458,22441,7933,93,7955,0,-12,-18,14,-18,0,1,1,19208,0,0,0,0,0,0,0
1395,1670,39046704,39075708,22341,7933,93,7955,0,-11,-18,14,-18,0,1,1,18875,0,0,0,0,0,0,0
1396,1671,37853211,36617916,22289,7934,94,7956,0,-11,-18,14,-18,0,1,1,19084,0,0,0,0,0,0,0
1397,1672,37675667,38832208,22353,7933,93,7955,0,-10,-18,14,-18,0,1,1,18833,0,0,0,0,0,0,0
1398,1673,39836917,39848375,22377,7933,93,7955,0,-9,-18,14,-18,0,1,1,19458,0,0,0,0,0,0,0
1399,1674,38156747,36987750,22289,7933,93,7955,0,-9,-18,14,-18,0,1,1,19292,0,0,0,0,0,0,0
1400,1675,35769790,36897834,22353,7933,93,7955,0,-8,-18,14,-18,0,1,1,18875,0,0,0,0,0,0,0
1401,1676,40960460,40925750,22341,7933,93,7955,0,-7,-18,14,-18,0,1,1,19375,0,0,0,0,0,0,0
1402,1677,40941290,38899125,22941,7933,96,7955,0,-7,-18,14,-18,0,1,1,19375,0,0,0,0,0,0,0
1403,1678,35224836,37238708,22601,7933,93,7955,0,-6,-18,14,-18,0,1,1,18250,0,0,0,0,0,0,0
1404,1679,41804373,41818334,22289,7933,93,7955,0,-5,-18,14,-18,0,1,1,21459,0,0,0,0,0,0,0
1405,1680,39692126,38382833,22289,7933,93,7955,0,-5,-18,14,-18,0,1,1,19083,0,0,0,0,0,0,0
1406,1681,35777330,37040583,22441,7933,93,7955,0,-4,-18,14,-18,0,1,1,18750,0,0,0,0,0,0,0
1407,1682,37636168,37652584,22341,7933,93,7955,0,-3,-18,14,-18,0,1,1,19167,0,0,0,0,0,0,0
1408,1683,40183205,38947500,22289,7933,93,7955,0,-3,-18,14,-18,0,1,1,20958,0,0,0,0,0,0,0
1409,1684,35710878,36898125,22353,7933,93,7955,0,-2,-18,14,-18,0,1,1,18584,0,0,0,0,0,0,0
1410,1685,39358451,39261709,22289,7933,93,7955,0,-1,-18,14,-18,0,1,1,20667,0,0,0,0,0,0,0
1411,1686,40193751,38897666,22377,7934,94,7956,0,-1,-18,14,-18,0,1,1,18916,0,0,0,0,0,0,0
1412,1687,39656709,40967500,22353,7933,93,7955,0,0,-18,14,-18,0,1,1,18708,0,0,0,0,0,0,0
1413,1688,40317580,40343417,22341,7933,93,7955,0,1,-18,14,-18,0,1,1,22083,0,0,0,0,0,0,0
1414,1689,41809126,40565541,22289,7933,93,7955,0,1,-18,14,-18,0,1,1,19333,0,0,0,0,0,0,0
1415,1690,38792211,38818416,23005,7933,96,7955,0,2,-18,14,-18,0,1,1,18583,0,0,0,0,0,0,0
1416,1691,37605412,38750334,22537,7933,93,7955,0,3,-18,14,-18,0,1,1,23459,0,0,0,0,0,0,0
1417,1692,38411375,37133791,22289,7933,93,7955,0,3,-18,14,-18,0,1,1,18542,0,0,0,0,0,0,0
1418,1693,39629295,40815250,22353,7933,93,7955,0,4,-18,14,-18,0,1,1,21459,0,0,0,0,0,0,0
1419,1694,38205251,38269792,22429,7933,93,7955,0,5,-18,14,-18,0,1,1,19458,0,0,0,0,0,0,0
1420,1695,38395952,37132750,22289,7933,93,7955,0,5,-18,14,-18,0,1,1,18750,0,0,0,0,0,0,0
1421,1696,37273708,38513541,22353,7933,93,7955,0,6,-18,14,-18,0,1,1,18917,0,0,0,0,0,0,0
1422,1697,38619417,38511166,22289,7933,93,7955,0,7,-18,14,-18,0,1,1,18666,0,0,0,0,0,0,0
1423,1698,38341544,37265000,22377,7933,93,7955,0,7,-18,14,-18,0,1,1,18833,0,0,0,0,0,0,0
1424,1699,35720746,36821750,22353,7933,93,7955,0,8,-18,14,-18,0,1,1,18208,0,0,0,0,0,0,0
1425,1700,40511749,40504459,22341,7933,93,7955,0,9,-18,14,-18,0,1,1,21833,0,0,0,0,0,0,0
1426,1701,38720041,37505834,22289,7934,94,7956,0,9,-18,14,-18,0,1,1,19125,0,0,0,0,0,0,0
1427,1702,40618125,41801416,22441,7933,93,7955,0,10,-18,14,-18,0,1,1,21500,0,0,0,0,0,0,0
1428,1703,38571380,37364167,22853,7933,96,7955,0,11,-18,14,-18,0,1,1,20291,0,0,0,0,0,0,0
1429,1704,38521993,38564458,22537,7933,93,7955,0,11,-18,14,-18,0,1,1,17958,0,0,0,0,0,0,0
1430,1705,36474540,37515125,22353,7933,93,7955,0,12,-18,14,-18,0,1,1,18625,0,0,0,0,0,0,0
1431,1706,38771294,38807916,22429,7933,93,7955,0,13,-18,14,-18,0,1,1,18834,0,0,0,0,0,0,0
1432,1707,41637122,40502875,22289,7933,93,7955,0,13,-18,14,-18,0,1,1,18458,0,0,0,0,0,0,0
1433,1708,37452209,38580417,22353,7933,93,7955,0,14,-18,14,-18,1,1,1,18792,0,0,0,0,0,0,0
1434,1709,38312081,38233916,22289,7933,93,7955,0,15,-18,14,-18,0,1,1,19209,0,0,0,0,0,0,0
1435,1710,38268957,37160125,22377,7933,93,7955,0,15,-18,14,-18,0,1,1,40292,0,0,0,0,0,0,0
1436,1711,37997171,39097125,22353,7933,93,7955,0,16,-18,14,-18,0,1,1,18292,0,0,0,0,0,0,0
1437,1712,37723872,37728750,22341,7933,93,7955,0,15,-18,14,-18,0,1,1,19042,0,0,0,0,0,0,0
1438,1713,40986705,39703375,22289,7933,93,7955,0,15,-18,14,-18,0,1,1,21416,0,0,0,0,0,0,0
1439,1714,41123460,42395125,22441,7933,93,7955,0,14,-18,14,-18,1,1,1,20792,0,0,0,0,0,0,0
1440,1715,38985580,38939042,22289,7933,96,7955,0,13,-18,14,-18,0,1,1,18500,0,0,0,0,0,0,0
1441,1716,42455207,40439500,22853,7934,94,7956,0,13,-18,14,-18,0,1,1,20042,0,0,0,0,0,0,0
1442,1717,35163626,37102291,22601,7933,93,7955,0,12,-18,14,-18,0,1,1,18958,0,0,0,0,0,0,0
1443,1718,38522329,38583459,22429,7933,93,7955,0,11,-18,14,-18,0,1,1,18250,0,0,0,0,0,0,0
1444,1719,39735458,38540958,22289,7933,93,7955,0,11,-18,14,-18,0,1,1,19458,0,0,0,0,0,0,0
1445,1720,39558377,40710917,22353,7933,93,7955,0,10,-18,14,-18,0,1,1,21708,0,0,0,0,0,0,0
1446,1721,38532335,38457916,22289,7933,93,7955,0,9,-18,14,-18,0,1,1,19333,0,0,0,0,0,0,0
1447,1722,39737500,38651833,22377,7933,93,7955,0,9,-18,14,-18,0,1,1,18584,0,0,0,0,0,0,0
1448,1723,35384587,36480792,22353,7933,93,7955,0,8,-18,14,-18,0,1,1,18708,0,0,0,0,0,0,0
1449,1724,39582207,39603125,22341,7933,93,7955,0,7,-18,14,-18,0,1,1,18792,0,0,0,0,0,0,0
1450,1725,37278123,35994292,22289,7933,93,7955,0,7,-18,14,-18,0,1,1,18833,0,0,0,0,0,0,0
1451,1726,36317419,37547500,22441,7933,93,7955,0,6,-18,14,-18,0,1,1,18333,0,0,0,0,0,0,0
1452,1727,41233744,41218291,22289,7933,93,7955,0,5,-18,14,-18,0,1,1,19625,0,0,0,0,0,0,0
1453,1728,40722336,39577750,22289,7933,96,7955,0,5,-18,14,-18,0,1,1,19208,0,0,0,0,0,0,0
1454,1729,40578082,40458292,22917,7933,93,7955,0,4,-18,14,-18,0,1,1,18583,0,0,0,0,0,0,0
1455,1730,37565503,38795416,22677,7933,93,7955,0,3,-18,14,-18,0,1,1,21334,0,0,0,0,0,0,0
1456,1731,38475625,37314875,22289,7934,94,7956,0,3,-18,14,-18,0,1,1,19125,0,0,0,0,0,0,0
1457,1732,37553619,38662209,22353,7933,93,7955,0,2,-18,14,-18,0,1,1,18125,0,0,0,0,0,0,0
1458,1733,37135630,37055334,22289,7933,93,7955,0,1,-18,14,-18,0,1,1,19042,0,0,0,0,0,0,0
1459,1734,38443125,37350750,22377,7933,93,7955,0,1,-18,14,-18,0,1,1,18916,0,0,0,0,0,0,0
1460,1735,37513498,38619291,22353,7933,93,7955,0,0,-18,14,-18,0,1,1,20083,0,0,0,0,0,0,0
1461,1736,36658667,36673833,22341,7933,93,7955,0,-1,-18,14,-18,0,1,1,18958,0,0,0,0,0,0,0
1462,1737,39635039,38411959,22289,7933,93,7955,0,-1,-18,14,-18,0,1,1,18583,0,0,0,0,0,0,0
1463,1738,37732496,38666083,22441,7933,93,7955,0,-2,-18,14,-18,0,1,1,18958,0,0,0,0,0,0,0
1464,1739,39963498,40182042,22289,7933,93,7955,0,-3,-18,14,-18,0,1,1,21459,0,0,0,0,0,0,0
1465,1740,43844670,42633584,22289,7933,93,7955,0,-3,-18,14,-18,0,1,1,19000,0,0,0,0,0,0,0
1466,1741,39346415,40407291,22353,7933,96,7955,0,-4,-18,14,-18,0,1,1,21834,0,0,0,0,0,0,0
1467,1742,41032206,39992958,22993,7933,93,7955,0,-5,-18,14,-18,0,1,1,21417,0,0,0,0,0,0,0
1468,1743,38707289,38704209,22537,7933,93,7955,0,-5,-18,14,-18,0,1,1,18875,0,0,0,0,0,0,0
1469,1744,37677500,38809916,22353,7933,93,7955,0,-6,-18,14,-18,0,1,1,18541,0,0,0,0,0,0,0
1470,1745,37152543,37045041,22289,7933,93,7955,0,-7,-18,14,-18,0,1,1,19416,0,0,0,0,0,0,0
1471,1746,38240369,37173834,22377,7934,94,7956,0,-7,-18,14,-18,0,1,1,19083,0,0,0,0,0,0,0
1472,1747,37493340,38598833,22353,7933,93,7955,0,-8,-18,14,-18,0,1,1,18500,0,0,0,0,0,0,0
1473,1748,36741830,36742000,22341,7933,93,7955,0,-9,-18,14,-18,0,1,1,18791,0,0,0,0,0,0,0
1474,1749,38471002,37263125,22289,7933,93,7955,0,-9,-18,14,-18,0,1,1,19125,0,0,0,0,0,0,0
1475,1750,37443496,38629250,22441,7933,93,7955,0,-10,-18,14,-18,0,1,1,18458,0,0,0,0,0,0,0
1476,1751,37323754,37287458,22289,7933,93,7955,0,-11,-18,14,-18,0,1,1,19459,0,0,0,0,0,0,0
1477,1752,39898421,38779083,22289,7933,93,7955,0,-11,-18,14,-18,0,1,1,19250,0,0,0,0,0,0,0
1478,1753,40767118,41784667,22353,7933,93,7955,0,-12,-18,14,-18,0,1,1,20416,0,0,0,0,0,0,0
1479,1754,38191750,38254250,22429,7933,96,7955,0,-13,-18,14,-18,0,1,1,21792,0,0,0,0,0,0,0
1480,1755,38925837,36853209,22853,7933,93,7955,0,-13,-18,14,-18,0,1,1,19084,0,0,0,0,0,0,0
1481,1756,36701869,38694291,22601,7933,93,7955,0,-14,-18,14,-18,0,1,1,18666,0,0,0,0,0,0,0
1482,1757,37308957,37269625,22289,7933,93,7955,0,-15,-18,14,-18,0,1,1,19250,0,0,0,0,0,0,0
1483,1758,39637420,38544334,22377,7933,93,7955,0,-15,-18,14,-18,0,1,1,18459,0,0,0,0,0,0,0
1484,1759,35650040,36747750,22353,7933,93,7955,0,-16,-18,14,-18,0,1,1,18334,0,0,0,0,0,0,0
1485,1760,38712535,38741500,22341,7933,93,7955,0,-17,-18,14,-18,0,1,1,19042,0,0,0,0,0,0,0
1486,1761,38537207,37319417,22289,7934,94,7956,0,-17,-18,14,-18,0,1,1,18834,0,0,0,0,0,0,0
1487,1762,36989875,38146583,22441,7933,93,7955,0,-16,-18,14,-18,0,1,1,18625,0,0,0,0,0,0,0
1488,1763,38676004,38632458,22289,7933,93,7955,0,-15,-18,14,-18,0,1,1,21834,0,0,0,0,0,0,0
1489,1764,41340701,40221250,22289,7933,93,7955,0,-15,-18,14,-18,0,1,1,21625,0,0,0,0,0,0,0
1490,1765,37579543,38610959,22353,7933,93,7955,0,-14,-18,14,-18,0,1,1,18666,0,0,0,0,0,0,0
1491,1766,42469337,42562791,22429,7933,93,7955,0,-13,-18,14,-18,0,1,1,22375,0,0,0,0,0,0,0
1492,1767,38482788,37224875,22289,7933,96,7955,0,-13,-18,14,-18,0,1,1,18458,0,0,0,0,0,0,0
1493,1768,36905165,36956750,22917,7933,93,7955,0,-12,-18,14,-18,0,1,1,19084,0,0,0,0,0,0,0
1494,1769,37765376,38842292,22537,7933,93,7955,0,-11,-18,14,-18,0,1,1,18583,0,0,0,0,0,0,0
1495,1770,39780747,38674542,22377,7933,93,7955,0,-11,-18,14,-18,0,1,1,18875,0,0,0,0,0,0,0
1496,1771,37395168,38518000,22353,7933,93,7955,0,-10,-18,14,-18,0,1,1,19125,0,0,0,0,0,0,0
1497,1772,38733955,38732333,22341,7933,93,7955,0,-9,-18,14,-18,0,1,1,19000,0,0,0,0,0,0,0
1498,1773,38509964,37284917,22289,7933,93,7955,0,-9,-18,14,-18,0,1,1,19000,0,0,0,0,0,0,0
1499,1774,36276537,37458750,22441,7933,93,7955,0,-8,-18,14,-18,0,1,1,19042,0,0,0,0,0,0,0
1500,1775,37289205,37242542,22289,7933,93,7955,0,-7,-18,14,-18,0,1,1,19167,0,0,0,0,0,0,0
1501,1776,39601750,38467959,22289,7934,94,7956,0,-7,-18,14,-18,0,1,1,22334,0,0,0,0,0,0,0
1502,1777,37287294,38343375,22353,7933,93,7955,0,-6,-18,14,-18,0,1,1,18292,0,0,0,0,0,0,0
1503,1778,36791127,36873583,22429,7933,93,7955,0,-5,-18,14,-18,0,1,1,67875,0,0,0,0,0,0,0
1504,1779,43313909,42095666,22289,7933,93,7955,0,-5,-18,14,-18,0,1,1,19541,0,0,0,0,0,0,0
1505,1780,35717587,36873875,22353,7933,96,7955,0,-4,-18,14,-18,0,1,1,19042,0,0,0,0,0,0,0
1506,1781,38328584,37039625,22853,7933,93,7955,0,-3,-18,14,-18,0,1,1,19125,0,0,0,0,0,0,0
1507,1782,38550537,38689583,22625,7933,93,7955,0,-3,-18,14,-18,0,1,1,18584,0,0,0,0,0,0,0
1508,1783,35881787,36953916,22353,7933,93,7955,0,-2,-18,14,-18,0,1,1,18709,0,0,0,0,0,0,0
1509,1784,38494713,38527209,22341,7933,93,7955,0,-1,-18,14,-18,0,1,1,18584,0,0,0,0,0,0,0
1510,1785,37969790,36700958,22289,7933,93,7955,0,-1,-18,14,-18,0,1,1,18833,0,0,0,0,0,0,0
1511,1786,37000745,38227875,22441,7933,93,7955,0,0,-18,14,-18,0,1,1,18667,0,0,0,0,0,0,0
1512,1787,39047505,39010041,22289,7933,93,7955,0,1,-18,14,-18,0,1,1,19000,0,0,0,0,0,0,0
1513,1788,41912749,40631458,22289,7933,93,7955,0,1,-18,14,-18,0,1,1,19334,0,0,0,0,0,0,0
1514,1789,39273668,40470292,22353,7933,93,7955,0,2,-18,14,-18,0,1,1,21542,0,0,0,0,0,0,0
1515,1790,40409624,40193125,22429,7933,93,7955,0,3,-18,14,-18,0,1,1,19208,0,0,0,0,0,0,0
1516,1791,43706875,42623542,22289,7934,94,7956,0,3,-18,14,-18,0,1,1,21875,0,0,0,0,0,0,0
1517,1792,43089207,44418042,22353,7933,93,7955,0,4,-18,14,-18,0,1,1,23083,0,0,0,0,0,0,0
1518,1793,37574667,37444625,22289,7933,96,7955,0,5,-18,14,-18,0,1,1,19208,0,0,0,0,0,0,0
1519,1794,42031627,40040334,22941,7933,93,7955,0,5,-18,14,-18,0,1,1,21666,0,0,0,0,0,0,0
1520,1795,36508418,38546166,22653,7933,93,7955,0,6,-18,14,-18,0,1,1,18875,0,0,0,0,0,0,0
1521,1796,36833494,36856917,22289,7933,93,7955,0,7,-18,14,-18,0,1,1,19500,0,0,0,0,0,0,0
1522,1797,39835460,38609084,22289,7933,93,7955,0,7,-18,14,-18,0,1,1,19166,0,0,0,0,0,0,0
1523,1798,36298584,37482750,22441,7933,93,7955,0,8,-18,14,-18,0,1,1,18875,0,0,0,0,0,0,0
1524,1799,37093587,37042042,22289,7933,93,7955,0,9,-18,14,-18,0,1,1,18875,0,0,0,0,0,0,0
1525,1800,38037251,36927583,22289,7933,93,7955,0,9,-18,14,-18,0,1,1,19250,0,0,0,0,0,0,0
1526,1801,37604328,38689208,22405,7933,93,7955,0,10,-18,14,-18,0,1,1,18958,0,0,0,0,0,0,0
1527,1802,36992419,36956083,22289,7933,93,7955,0,11,-18,14,-18,0,1,1,18584,0,0,0,0,0,0,0
1528,1803,39727415,38575083,22377,7933,93,7955,0,11,-18,14,-18,0,1,1,18792,0,0,0,0,0,0,0
1529,1804,36105167,37271541,22353,7933,93,7955,0,12,-18,14,-18,0,1,1,19166,0,0,0,0,0,0,0
1530,1805,42690165,42647250,22289,7933,93,7955,0,13,-18,14,-18,0,1,1,19583,0,0,0,0,0,0,0
1531,1806,38239419,37005000,22289,7934,97,7956,0,13,-18,14,-18,0,1,1,19083,0,0,0,0,0,0,0
1532,1807,36940999,36979167,23057,7933,93,7955,0,14,-18,14,-18,1,1,1,18416,0,0,0,0,0,0,0
1533,1808,35789873,36956708,22537,7933,93,7955,0,15,-18,14,-18,0,1,1,19375,0,0,0,0,0,0,0
1534,1809,39597958,38437125,22289,7933,93,7955,0,15,-18,14,-18,0,1,1,18792,0,0,0,0,0,0,0
1535,1810,35974044,37106541,22353,7933,93,7955,0,16,-18,14,-18,0,1,1,18625,0,0,0,0,0,0,0
1536,1811,37010997,36907541,22289,7933,93,7955,0,15,-18,14,-18,0,1,1,21833,0,0,0,0,0,0,0
1537,1812,39754543,38644250,22377,7933,93,7955,0,15,-18,14,-18,0,1,1,19083,0,0,0,0,0,0,0
1538,1813,36081627,37233500,22405,7933,93,7955,0,14,-18,14,-18,1,1,1,18583,0,0,0,0,0,0,0
1539,1814,38105830,38105459,22289,7933,93,7955,0,13,-18,14,-18,0,1,1,18917,0,0,0,0,0,0,0
1540,1815,39785210,38472458,22289,7933,93,7955,0,13,-18,14,-18,0,1,1,19792,0,0,0,0,0,0,0
1541,1816,37906035,39156125,22441,7933,93,7955,0,12,-18,14,-18,0,1,1,18500,0,0,0,0,0,0,0
1542,1817,38707334,38702375,22289,7933,93,7955,0,11,-18,14,-18,0,1,1,21917,0,0,0,0,0,0,0
1543,1818,42377587,41248500,22289,7933,93,7955,0,11,-18,14,-18,0,1,1,19458,0,0,0,0,0,0,0
1544,1819,39066001,40048209,22405,7933,96,7955,0,10,-18,14,-18,0,1,1,18458,0,0,0,0,0,0,0
1545,1820,44240999,42832333,22941,7933,93,7955,0,9,-18,14,-18,0,1,1,19750,0,0,0,0,0,0,0
1546,1821,44189251,44219083,22537,7934,94,7956,0,9,-18,14,-18,0,1,1,22458,0,0,0,0,0,0,0
1547,1822,46801373,48163792,22353,7933,93,7955,0,8,-18,14,-18,0,1,1,22500,0,0,0,0,0,0,0
1548,1823,46449452,46414042,22289,7933,93,7955,0,7,-18,14,-18,0,1,1,26125,0,0,0,0,0,0,0
1549,1824,44033460,42848875,22429,7933,93,7955,0,7,-18,14,-18,0,1,1,21833,0,0,0,0,0,0,0
1550,1825,41927956,43129375,22353,7933,93,7955,0,6,-18,14,-18,0,1,1,21458,0,0,0,0,0,0,0
1551,1826,42401041,42406125,22289,7933,93,7955,0,5,-18,14,-18,0,1,1,22250,0,0,0,0,0,0,0
1552,1827,42272336,41095500,22289,7933,93,7955,0,5,-18,14,-18,0,1,1,21625,0,0,0,0,0,0,0
1553,1828,36854252,38016500,22441,7933,93,7955,0,4,-18,14,-18,0,1,1,18375,0,0,0,0,0,0,0
1554,1829,37263583,37248750,22341,7933,93,7955,0,3,-18,14,-18,0,1,1,19208,0,0,0,0,0,0,0
1555,1830,40521953,39362500,22289,7933,93,7955,0,3,-18,14,-18,0,1,1,19375,0,0,0,0,0,0,0
1556,1831,37483289,38489125,22353,7933,96,7955,0,2,-18,14,-18,0,1,1,18917,0,0,0,0,0,0,0
1557,1832,44343918,43002000,22941,7933,93,7955,0,1,-18,14,-18,0,1,1,21709,0,0,0,0,0,0,0
1558,1833,43002791,43078708,22537,7933,93,7955,0,1,-18,14,-18,0,1,1,22750,0,0,0,0,0,0,0
1559,1834,41199419,42505125,22405,7933,93,7955,0,0,-18,14,-18,0,1,1,21583,0,0,0,0,0,0,0
1560,1835,42978577,42893334,22289,7933,93,7955,0,-1,-18,14,-18,0,1,1,21500,0,0,0,0,0,0,0
1561,1836,42938668,41713209,22377,7934,94,7956,0,-1,-18,14,-18,0,1,1,21583,0,0,0,0,0,0,0
1562,1837,40908709,42173709,22353,7933,93,7955,0,-2,-18,14,-18,0,1,1,21500,0,0,0,0,0,0,0
1563,1838,38763210,38780958,22289,7933,93,7955,0,-3,-18,14,-18,0,1,1,19667,0,0,0,0,0,0,0
1564,1839,38342125,37099417,22341,7933,93,7955,0,-3,-18,14,-18,0,1,1,19209,0,0,0,0,0,0,0
1565,1840,38243204,39411500,22441,7933,93,7955,0,-4,-18,14,-18,0,1,1,18709,0,0,0,0,0,0,0
1566,1841,40786877,40550375,22289,7933,93,7955,0,-5,-18,14,-18,0,1,1,21625,0,0,0,0,0,0,0
1567,1842,42531669,41592791,22289,7933,93,7955,0,-5,-18,14,-18,0,1,1,19042,0,0,0,0,0,0,0
1568,1843,40471706,41500334,22353,7933,96,7955,0,-6,-18,14,-18,0,1,1,20958,0,0,0,0,0,0,0
1569,1844,40608417,39541291,22993,7933,93,7955,0,-7,-18,14,-18,0,1,1,21292,0,0,0,0,0,0,0
1570,1845,40196582,40207459,22537,7933,93,7955,0,-7,-18,14,-18,0,1,1,19709,0,0,0,0,0,0,0
1571,1846,35681456,36829583,22353,7933,93,7955,0,-8,-18,14,-18,0,1,1,18500,0,0,0,0,0,0,0
1572,1847,37020295,36933792,22289,7933,93,7955,0,-9,-18,14,-18,0,1,1,18708,0,0,0,0,0,0,0
1573,1848,39878748,38755458,22377,7933,93,7955,0,-9,-18,14,-18,0,1,1,18541,0,0,0,0,0,0,0
1574,1849,37757121,38869500,22353,7933,93,7955,0,-10,-18,14,-18,0,1,1,18542,0,0,0,0,0,0,0
1575,1850,37262380,37299209,22341,7933,93,7955,0,-11,-18,14,-18,0,1,1,18875,0,0,0,0,0,0,0
1576,1851,40291290,38977709,22289,7934,94,7956,0,-11,-18,14,-18,0,1,1,18916,0,0,0,0,0,0,0
1577,1852,39851870,41090000,22441,7933,93,7955,0,-12,-18,14,-18,0,1,1,18875,0,0,0,0,0,0,0
1578,1853,41906461,41890542,22289,7933,93,7955,0,-13,-18,14,-18,0,1,1,21791,0,0,0,0,0,0,0
1579,1854,41024956,39894833,22289,7933,93,7955,0,-13,-18,14,-18,0,1,1,19292,0,0,0,0,0,0,0
1580,1855,40620252,41652708,22353,7933,93,7955,0,-14,-18,14,-18,0,1,1,23834,0,0,0,0,0,0,0
1581,1856,38443621,38518166,22429,7933,96,7955,0,-15,-18,14,-18,0,1,1,19166,0,0,0,0,0,0,0
1582,1857,39427664,37036709,22853,7933,93,7955,0,-15,-18,14,-18,0,1,1,18834,0,0,0,0,0,0,0
1583,1858,39240170,41596833,22601,7933,93,7955,0,-16,-18,14,-18,0,1,1,21917,0,0,0,0,0,0,0
1584,1859,36789122,36668042,22289,7933,93,7955,0,-17,-18,14,-18,0,1,1,18875,0,0,0,0,0,0,0
1585,1860,39881035,38827750,22377,7933,93,7955,0,-17,-18,14,-18,0,1,1,18792,0,0,0,0,0,0,0
1586,1861,36016460,37123667,22353,7933,93,7955,0,-16,-18,14,-18,0,1,1,19292,0,0,0,0,0,0,0
1587,1862,38840208,38843542,22341,7933,93,7955,0,-15,-18,14,-18,0,1,1,18875,0,0,0,0,0,0,0
1588,1863,38370501,37144667,22289,7933,93,7955,0,-15,-18,14,-18,0,1,1,19250,0,0,0,0,0,0,0
1589,1864,36334212,37511333,22441,7933,93,7955,0,-14,-18,14,-18,0,1,1,18542,0,0,0,0,0,0,0
1590,1865,42530499,42484958,22289,7933,93,7955,0,-13,-18,14,-18,0,1,1,21833,0,0,0,0,0,0,0
1591,1866,42228877,41023709,22289,7934,94,7956,0,-13,-18,14,-18,0,1,1,19500,0,0,0,0,0,0,0
1592,1867,37411082,38559250,22353,7933,93,7955,0,-12,-18,14,-18,0,1,1,19000,0,0,0,0,0,0,0
1593,1868,41399121,41465333,22429,7933,93,7955,0,-11,-18,14,-18,0,1,1,20375,0,0,0,0,0,0,0
1594,1869,40426127,38366500,22853,7933,96,7955,0,-11,-18,14,-18,0,1,1,18917,0,0,0,0,0,0,0
1595,1870,37007998,39012167,22601,7933,93,7955,0,-10,-18,14,-18,0,1,1,18542,0,0,0,0,0,0,0
1596,1871,37150539,37069000,22289,7933,93,7955,0,-9,-18,14,-18,0,1,1,19083,0,0,0,0,0,0,0
1597,1872,39933338,38813541,22377,7933,93,7955,0,-9,-18,14,-18,0,1,1,18917,0,0,0,0,0,0,0
1598,1873,35987533,37130000,22353,7933,93,7955,0,-8,-18,14,-18,0,1,1,18958,0,0,0,0,0,0,0
1599,1874,37366334,37376375,22341,7933,93,7955,0,-7,-18,14,-18,0,1,1,19000,0,0,0,0,0,0,0
1600,1875,39559707,38332500,22289,7933,93,7955,0,-7,-18,14,-18,0,1,1,19500,0,0,0,0,0,0,0
1601,1876,35672582,36877375,22441,7933,93,7955,0,-6,-18,14,-18,0,1,1,18208,0,0,0,0,0,0,0
1602,1877,40155291,40103709,22289,7933,93,7955,0,-5,-18,14,-18,0,1,1,19084,0,0,0,0,0,0,0
1603,1878,38233503,37049833,22289,7933,93,7955,0,-5,-18,14,-18,0,1,1,18916,0,0,0,0,0,0,0
1604,1879,35988662,37073667,22353,7933,93,7955,0,-4,-18,14,-18,0,1,1,18625,0,0,0,0,0,0,0
1605,1880,38414582,38495125,22429,7933,93,7955,0,-3,-18,14,-18,0,1,1,18709,0,0,0,0,0,0,0
1606,1881,41884962,40700459,22289,7934,94,7956,0,-3,-18,14,-18,0,1,1,20333,0,0,0,0,0,0,0
1607,1882,39944868,39904459,22353,7933,96,7955,0,-2,-18,14,-18,0,1,1,18959,0,0,0,0,0,0,0
1608,1883,38990247,40073875,23101,7933,93,7955,0,-1,-18,14,-18,0,1,1,19042,0,0,0,0,0,0,0
1609,1884,37993252,36758833,22377,7933,93,7955,0,-1,-18,14,-18,0,1,1,25333,0,0,0,0,0,0,0
1610,1885,39159622,40422000,22353,7933,93,7955,0,0,-18,14,-18,0,1,1,21000,0,0,0,0,0,0,0
1611,1886,38555961,38554250,22341,7933,93,7955,0,1,-18,14,-18,0,1,1,19375,0,0,0,0,0,0,0
1612,1887,39472833,38253958,22289,7933,93,7955,0,1,-18,14,-18,0,1,1,18666,0,0,0,0,0,0,0
1613,1888,37350170,38542833,22441,7933,93,7955,0,2,-18,14,-18,0,1,1,18917,0,0,0,0,0,0,0
1614,1889,36919910,36891625,22289,7933,93,7955,0,3,-18,14,-18,0,1,1,19042,0,0,0,0,0,0,0
1615,1890,38364376,37226959,22289,7933,93,7955,0,3,-18,14,-18,0,1,1,18875,0,0,0,0,0,0,0
1616,1891,36504916,37538583,22353,7933,93,7955,0,4,-18,14,-18,0,1,1,18917,0,0,0,0,0,0,0
1617,1892,43033041,43006541,22341,7933,93,7955,0,5,-18,14,-18,0,1,1,21542,0,0,0,0,0,0,0
1618,1893,40670081,39365709,22377,7933,93,7955,0,5,-18,14,-18,0,1,1,21750,0,0,0,0,0,0,0
1619,1894,40886543,42247042,22353,7933,93,7955,0,6,-18,14,-18,0,1,1,22209,0,0,0,0,0,0,0
1620,1895,40359042,39152250,22853,7933,96,7955,0,7,-18,14,-18,0,1,1,19000,0,0,0,0,0,0,0
1621,1896,38524668,38511083,22537,7934,94,7956,0,7,-18,14,-18,0,1,1,18458,0,0,0,0,0,0,0
1622,1897,37072200,38231208,22493,7933,93,7955,0,8,-18,14,-18,0,1,1,18250,0,0,0,0,0,0,0
1623,1898,37256255,37236375,22289,7933,93,7955,0,9,-18,14,-18,0,1,1,18833,0,0,0,0,0,0,0
1624,1899,39735708,38570583,22289,7933,93,7955,0,9,-18,14,-18,0,1,1,19125,0,0,0,0,0,0,0
1625,1900,36256499,37337667,22353,7933,93,7955,0,10,-18,14,-18,0,1,1,18750,0,0,0,0,0,0,0
1626,1901,38561169,38594750,22377,7933,93,7955,0,11,-18,14,-18,0,1,1,18833,0,0,0,0,0,0,0
1627,1902,38170583,37035000,22289,7933,93,7955,0,11,-18,14,-18,0,1,1,18583,0,0,0,0,0,0,0
1628,1903,37454534,38554500,22405,7933,93,7955,0,12,-18,14,-18,0,1,1,18625,0,0,0,0,0,0,0
1629,1904,37209086,37176291,22289,7933,93,7955,0,13,-18,14,-18,0,1,1,19458,0,0,0,0,0,0,0
1630,1905,38027167,36920542,22377,7933,93,7955,0,13,-18,14,-18,0,1,1,19292,0,0,0,0,0,0,0
1631,1906,39895541,40960875,22353,7933,93,7955,0,14,-18,14,-18,1,1,1,19084,0,0,0,0,0,0,0
1632,1907,40881209,40862500,22289,7933,93,7955,0,15,-18,14,-18,0,1,1,20041,0,0,0,0,0,0,0
1633,1908,40670208,38620125,22853,7933,96,7955,0,15,-18,14,-18,0,1,1,19375,0,0,0,0,0,0,0
1634,1909,35114124,37103792,22741,7933,93,7955,0,16,-18,14,-18,0,1,1,18667,0,0,0,0,0,0,0
1635,1910,38631420,38695625,22289,7933,93,7955,0,15,-18,14,-18,0,1,1,19083,0,0,0,0,0,0,0
1636,1911,38176827,37009042,22289,7934,94,7956,0,15,-18,14,-18,0,1,1,20291,0,0,0,0,0,0,0
1637,1912,37570498,38709292,22353,7933,93,7955,0,14,-18,14,-18,1,1,1,21541,0,0,0,0,0,0,0
1638,1913,38520585,38413166,22289,7933,93,7955,0,13,-18,14,-18,0,1,1,18709,0,0,0,0,0,0,0
1639,1914,38265250,37153375,22377,7933,93,7955,0,13,-18,14,-18,0,1,1,18959,0,0,0,0,0,0,0
1640,1915,35815335,36950291,22405,7933,93,7955,0,12,-18,14,-18,0,1,1,18875,0,0,0,0,0,0,0
1641,1916,38274914,38300167,22289,7933,93,7955,0,11,-18,14,-18,0,1,1,19083,0,0,0,0,0,0,0
1642,1917,40531333,38988000,22289,7933,93,7955,0,11,-18,14,-18,0,1,1,19125,0,0,0,0,0,0,0
1643,1918,39010331,40493333,22441,7933,93,7955,0,10,-18,14,-18,0,1,1,18708,0,0,0,0,0,0,0
1644,1919,38281582,38255792,22289,7933,93,7955,0,9,-18,14,-18,0,1,1,19208,0,0,0,0,0,0,0
1645,1920,42241998,41053292,22289,7933,93,7955,0,9,-18,14,-18,0,1,1,19583,0,0,0,0,0,0,0
1646,1921,44367458,43959375,22969,7933,96,7955,0,8,-18,14,-18,0,1,1,18625,0,0,0,0,0,0,0
1647,1922,42351998,43815667,22625,7933,93,7955,0,7,-18,14,-18,0,1,1,21333,0,0,0,0,0,0,0
1648,1923,46499922,45231250,22289,7933,93,7955,0,7,-18,14,-18,0,1,1,23084,0,0,0,0,0,0,0
1649,1924,41814915,43093417,22353,7933,93,7955,0,6,-18,14,-18,0,1,1,21625,0,0,0,0,0,0,0
1650,1925,43481625,43375500,22289,7933,93,7955,0,5,-18,14,-18,0,1,1,21916,0,0,0,0,0,0,0
1651,1926,43878994,42692458,22429,7934,94,7956,0,5,-18,14,-18,0,1,1,21334,0,0,0,0,0,0,0
1652,1927,40757164,41918792,22353,7933,93,7955,0,4,-18,14,-18,0,1,1,21708,0,0,0,0,0,0,0
1653,1928,42718749,42799000,22289,7933,93,7955,0,3,-18,14,-18,0,1,1,22209,0,0,0,0,0,0,0
1654,1929,41661500,40414167,22289,7933,93,7955,0,3,-18,14,-18,0,1,1,22209,0,0,0,0,0,0,0
1655,1930,35736672,36970542,22441,7933,93,7955,0,2,-18,14,-18,0,1,1,19291,0,0,0,0,0,0,0
1656,1931,37005167,36965375,22341,7933,93,7955,0,1,-18,14,-18,0,1,1,19250,0,0,0,0,0,0,0
1657,1932,40631122,39504625,22289,7933,93,7955,0,1,-18,14,-18,0,1,1,19416,0,0,0,0,0,0,0
1658,1933,37156123,37058125,22917,7933,96,7955,0,0,-18,14,-18,0,1,1,19000,0,0,0,0,0,0,0
1659,1934,35930752,37138083,22625,7933,93,7955,0,-1,-18,14,-18,0,1,1,18375,0,0,0,0,0,0,0
1660,1935,38247540,37076625,22289,7933,93,7955,0,-1,-18,14,-18,0,1,1,19167,0,0,0,0,0,0,0
1661,1936,35354543,36485667,22353,7933,93,7955,0,-2,-18,14,-18,0,1,1,18417,0,0,0,0,0,0,0
1662,1937,37409622,37386916,22341,7933,93,7955,0,-3,-18,14,-18,0,1,1,19167,0,0,0,0,0,0,0
1663,1938,38079671,36847000,22289,7933,93,7955,0,-3,-18,14,-18,0,1,1,18459,0,0,0,0,0,0,0
1664,1939,35976000,37178500,22441,7933,93,7955,0,-4,-18,14,-18,0,1,1,18750,0,0,0,0,0,0,0
1665,1940,37095252,37088000,22289,7933,93,7955,0,-5,-18,14,-18,0,1,1,18750,0,0,0,0,0,0,0
1666,1941,38014952,36831875,22289,7934,94,7956,0,-5,-18,14,-18,0,1,1,18833,0,0,0,0,0,0,0
1667,1942,35679087,36828458,22353,7933,93,7955,0,-6,-18,14,-18,0,1,1,18666,0,0,0,0,0,0,0
1668,1943,38363166,38269458,22341,7933,93,7955,0,-7,-18,14,-18,0,1,1,19750,0,0,0,0,0,0,0
1669,1944,39605788,38540250,22377,7933,93,7955,0,-7,-18,14,-18,0,1,1,18333,0,0,0,0,0,0,0
1670,1945,44132750,44956541,22353,7933,93,7955,0,-8,-18,14,-18,0,1,1,23417,0,0,0,0,0,0,0
1671,1946,41542042,40486459,22853,7933,96,7955,0,-9,-18,14,-18,0,1,1,21792,0,0,0,0,0,0,0
1672,1947,39901331,39928125,22537,7933,93,7955,0,-9,-18,14,-18,0,1,1,21584,0,0,0,0,0,0,0
1673,1948,37153791,38422833,22493,7933,93,7955,0,-10,-18,14,-18,0,1,1,21667,0,0,0,0,0,0,0
1674,1949,38394458,38316333,22289,7933,93,7955,0,-11,-18,14,-18,0,1,1,18708,0,0,0,0,0,0,0
1675,1950,39795663,38703666,22289,7933,93,7955,0,-11,-18,14,-18,0,1,1,21958,0,0,0,0,0,0,0
1676,1951,43607085,44609458,22353,7933,93,7955,0,-12,-18,14,-18,0,1,1,20542,0,0,0,0,0,0,0
1677,1952,46074580,46028334,22377,7933,93,7955,0,-13,-18,14,-18,0,1,1,23083,0,0,0,0,0,0,0
1678,1953,53353626,51645542,22341,7933,93,7955,0,-13,-18,14,-18,0,1,1,29584,0,0,0,0,0,0,0
1679,1954,48716787,50446750,22353,7933,93,7955,0,-14,-18,14,-18,0,1,1,26459,0,0,0,0,0,0,0
1680,1955,48599667,48585292,22289,7933,93,7955,0,-15,-18,14,-18,0,1,1,25792,0,0,0,0,0,0,0
1681,1956,45843545,44510917,22377,7934,94,7956,0,-15,-18,14,-18,0,1,1,21708,0,0,0,0,0,0,0
1682,1957,40889874,42263916,22353,7933,96,7955,0,-16,-18,14,-18,0,1,1,21541,0,0,0,0,0,0,0
1683,1958,38134954,36938458,22905,7933,93,7955,0,-17,-18,14,-18,0,1,1,18917,0,0,0,0,0,0,0
1684,1959,37298418,37203708,22537,7933,93,7955,0,-17,-18,14,-18,0,1,1,23791,0,0,0,0,0,0,0
1685,1960,35650666,36899459,22441,7933,93,7955,0,-16,-18,14,-18,0,1,1,18584,0,0,0,0,0,0,0
1686,1961,36990754,36958167,22289,7933,93,7955,0,-15,-18,14,-18,0,1,1,18958,0,0,0,0,0,0,0
1687,1962,38144331,37009667,22289,7933,93,7955,0,-15,-18,14,-18,0,1,1,19291,0,0,0,0,0,0,0
1688,1963,35339668,36478875,22353,7933,93,7955,0,-14,-18,14,-18,0,1,1,18750,0,0,0,0,0,0,0
1689,1964,35724956,35647917,22341,7933,93,7955,0,-13,-18,14,-18,0,1,1,17125,0,0,0,0,0,0,0
1690,1965,36906745,35918875,22377,7933,93,7955,0,-13,-18,14,-18,0,1,1,16959,0,0,0,0,0,0,0
1691,1966,35444959,36418792,22353,7933,93,7955,0,-12,-18,14,-18,0,1,1,16334,0,0,0,0,0,0,0
1692,1967,37380039,37378333,22289,7933,93,7955,0,-11,-18,14,-18,0,1,1,19041,0,0,0,0,0,0,0
1693,1968,38404498,37230667,22289,7933,93,7955,0,-11,-18,14,-18,0,1,1,18708,0,0,0,0,0,0,0
1694,1969,35685423,36765792,22353,7933,93,7955,0,-10,-18,14,-18,0,1,1,18916,0,0,0,0,0,0,0
1695,1970,39245456,39282667,22429,7933,93,7955,0,-9,-18,14,-18,0,1,1,19042,0,0,0,0,0,0,0
1696,1971,43470576,41062167,22853,7934,97,7956,0,-9,-18,14,-18,0,1,1,22542,0,0,0,0,0,0,0
1697,1972,39085585,41472459,22601,7933,93,7955,0,-8,-18,14,-18,0,1,1,21417,0,0,0,0,0,0,0
1698,1973,40805328,40729542,22289,7933,93,7955,0,-7,-18,14,-18,0,1,1,18833,0,0,0,0,0,0,0
1699,1974,42025964,40734167,22377,7933,93,7955,0,-7,-18,14,-18,0,1,1,21750,0,0,0,0,0,0,0
1700,1975,41497703,42768125,22405,7933,93,7955,0,-6,-18,14,-18,0,1,1,21542,0,0,0,0,0,0,0
1701,1976,40440205,40457958,22289,7933,93,7955,0,-5,-18,14,-18,0,1,1,21708,0,0,0,0,0,0,0
1702,1977,39320711,38113875,22289,7933,93,7955,0,-5,-18,14,-18,0,1,1,19000,0,0,0,0,0,0,0
1703,1978,35723455,36901917,22441,7933,93,7955,0,-4,-18,14,-18,0,1,1,18709,0,0,0,0,0,0,0
1704,1979,38217999,38220166,22289,7933,93,7955,0,-3,-18,14,-18,0,1,1,18917,0,0,0,0,0,0,0
1705,1980,38659460,37480875,22289,7933,93,7955,0,-3,-18,14,-18,0,1,1,19125,0,0,0,0,0,0,0
1706,1981,37086792,38223167,22405,7933,93,7955,0,-2,-18,14,-18,0,1,1,18750,0,0,0,0,0,0,0
1707,1982,40965292,40893125,22289,7933,93,7955,0,-1,-18,14,-18,0,1,1,19625,0,0,0,0,0,0,0
1708,1983,38194417,37106958,22377,7933,96,7955,0,-1,-18,14,-18,0,1,1,18417,0,0,0,0,0,0,0
1709,1984,36875709,36767833,22917,7933,93,7955,0,0,-18,14,-18,0,1,1,18625,0,0,0,0,0,0,0
1710,1985,38061875,39270333,22537,7933,93,7955,0,1,-18,14,-18,0,1,1,18791,0,0,0,0,0,0,0
1711,1986,39316043,38107625,22289,7934,94,7956,0,1,-18,14,-18,0,1,1,19125,0,0,0,0,0,0,0
1712,1987,35903543,37080791,22493,7933,93,7955,0,2,-18,14,-18,0,1,1,18166,0,0,0,0,0,0,0
1713,1988,38578126,38547458,22289,7933,93,7955,0,3,-18,14,-18,0,1,1,19291,0,0,0,0,0,0,0
1714,1989,39522249,38390209,22289,7933,93,7955,0,3,-18,14,-18,0,1,1,18917,0,0,0,0,0,0,0
1715,1990,37520203,38567958,22353,7933,93,7955,0,4,-18,14,-18,0,1,1,18750,0,0,0,0,0,0,0
1716,1991,36759167,36825375,22377,7933,93,7955,0,5,-18,14,-18,0,1,1,18459,0,0,0,0,0,0,0
1717,1992,39680875,38456792,22289,7933,93,7955,0,5,-18,14,-18,0,1,1,19209,0,0,0,0,0,0,0
1718,1993,36731708,37869084,22405,7933,93,7955,0,6,-18,14,-18,0,1,1,18666,0,0,0,0,0,0,0
1719,1994,39898205,39850666,22289,7933,93,7955,0,7,-18,14,-18,0,1,1,21084,0,0,0,0,0,0,0
1720,1995,41448455,40362458,22377,7933,93,7955,0,7,-18,14,-18,0,1,1,21958,0,0,0,0,0,0,0
1721,1996,37980712,38852167,22353,7933,96,7955,0,8,-18,14,-18,0,1,1,19083,0,0,0,0,0,0,0
1722,1997,40915332,39994125,22853,7933,93,7955,0,9,-18,14,-18,0,1,1,18916,0,0,0,0,0,0,0
1723,1998,38665916,38554750,22537,7933,93,7955,0,9,-18,14,-18,0,1,1,18667,0,0,0,0,0,0,0
1724,1999,37482999,38731291,22493,7933,93,7955,0,10,-18,14,-18,0,1,1,18291,0,0,0,0,0,0,0
1725,2000,37089291,37042791,22289,7933,93,7955,0,11,-18,14,-18,0,1,1,18917,0,0,0,0,0,0,0
1726,2001,38295168,37144625,22289,7934,94,7956,0,11,-18,14,-18,0,1,1,19166,0,0,0,0,0,0,0
1727,2002,36355372,37451292,22353,7933,93,7955,0,12,-18,14,-18,0,1,1,18333,0,0,0,0,0,0,0
1728,2003,38633666,38584500,22289,7933,93,7955,0,13,-18,14,-18,0,1,1,22291,0,0,0,0,0,0,0
1729,2004,39636041,38530833,22377,7933,93,7955,0,13,-18,14,-18,0,1,1,18875,0,0,0,0,0,0,0
1730,2005,37248000,38412333,22405,7933,93,7955,0,14,-18,14,-18,1,1,1,19209,0,0,0,0,0,0,0
1731,2006,38527835,38480958,22289,7933,93,7955,0,15,-18,14,-18,0,1,1,18666,0,0,0,0,0,0,0
1732,2007,38015495,36796208,22289,7933,93,7955,0,15,-18,14,-18,0,1,1,18958,0,0,0,0,0,0,0
1733,2008,39185542,40376833,22441,7933,93,7955,0,16,-18,14,-18,0,1,1,21083,0,0,0,0,0,0,0
1734,2009,38698669,38694416,22289,7933,96,7955,0,15,-18,14,-18,0,1,1,18750,0,0,0,0,0,0,0
1735,2010,39120126,37004750,24973,7933,93,7955,0,15,-18,14,-18,0,1,1,19625,0,0,0,0,0,0,0
1736,2011,35045746,37087666,22653,7933,93,7955,0,14,-18,14,-18,1,1,1,19125,0,0,0,0,0,0,0
1737,2012,39175622,39181000,22377,7933,93,7955,0,13,-18,14,-18,0,1,1,18959,0,0,0,0,0,0,0
1738,2013,38289498,37159166,22289,7933,93,7955,0,13,-18,14,-18,0,1,1,19791,0,0,0,0,0,0,0
1739,2014,37346422,38449875,22353,7933,93,7955,0,12,-18,14,-18,0,1,1,18000,0,0,0,0,0,0,0
1740,2015,39060126,39013708,22289,7933,93,7955,0,11,-18,14,-18,0,1,1,18792,0,0,0,0,0,0,0
1741,2016,38048788,36873125,22377,7934,94,7956,0,11,-18,14,-18,0,1,1,19000,0,0,0,0,0,0,0
1742,2017,37271790,38445708,22405,7933,93,7955,0,10,-18,14,-18,0,1,1,18791,0,0,0,0,0,0,0
1743,2018,37139959,37118583,22289,7933,93,7955,0,9,-18,14,-18,0,1,1,18917,0,0,0,0,0,0,0
1744,2019,41331626,39982708,22289,7933,93,7955,0,9,-18,14,-18,0,1,1,18917,0,0,0,0,0,0,0
1745,2020,38501586,39825166,22441,7933,93,7955,0,8,-18,14,-18,0,1,1,21208,0,0,0,0,0,0,0
1746,2021,40975455,40968333,22289,7933,93,7955,0,7,-18,14,-18,0,1,1,19250,0,0,0,0,0,0,0
1747,2022,40100920,38873834,22289,7933,96,7955,0,7,-18,14,-18,0,1,1,19250,0,0,0,0,0,0,0
1748,2023,38393914,38347584,22969,7933,93,7955,0,6,-18,14,-18,0,1,1,19041,0,0,0,0,0,0,0
1749,2024,37034213,38237333,22625,7933,93,7955,0,5,-18,14,-18,0,1,1,18625,0,0,0,0,0,0,0
1750,2025,38165412,37041083,22289,7933,93,7955,0,5,-18,14,-18,0,1,1,19208,0,0,0,0,0,0,0
1751,2026,36168921,37268417,22353,7933,93,7955,0,4,-18,14,-18,0,1,1,17958,0,0,0,0,0,0,0
1752,2027,38507625,38517125,22289,7933,93,7955,0,3,-18,14,-18,0,1,1,19625,0,0,0,0,0,0,0
1753,2028,38518872,37289916,22289,7933,93,7955,0,3,-18,14,-18,0,1,1,19250,0,0,0,0,0,0,0
1754,2029,35808086,36984291,22493,7933,93,7955,0,2,-18,14,-18,0,1,1,18583,0,0,0,0,0,0,0
1755,2030,39042543,39008792,22289,7933,93,7955,0,1,-18,14,-18,0,1,1,18541,0,0,0,0,0,0,0
1756,2031,38018707,36900292,22289,7934,94,7956,0,1,-18,14,-18,0,1,1,19000,0,0,0,0,0,0,0
1757,2032,37333998,38363583,22353,7933,93,7955,0,0,-18,14,-18,0,1,1,18708,0,0,0,0,0,0,0
1758,2033,37087541,37114542,22377,7933,93,7955,0,-1,-18,14,-18,0,1,1,18458,0,0,0,0,0,0,0
1759,2034,39526291,38378083,22289,7933,93,7955,0,-1,-18,14,-18,0,1,1,19292,0,0,0,0,0,0,0
1760,2035,41032291,42185166,22405,7933,93,7955,0,-2,-18,14,-18,0,1,1,20042,0,0,0,0,0,0,0
1761,2036,38298625,37045709,22853,7933,96,7955,0,-3,-18,14,-18,0,1,1,19083,0,0,0,0,0,0,0
1762,2037,36813125,36910792,22625,7933,93,7955,0,-3,-18,14,-18,0,1,1,18208,0,0,0,0,0,0,0
1763,2038,38248583,39328125,22353,7933,93,7955,0,-4,-18,14,-18,0,1,1,18833,0,0,0,0,0,0,0
1764,2039,36872670,36882708,22289,7933,93,7955,0,-5,-18,14,-18,0,1,1,18917,0,0,0,0,0,0,0
1765,2040,40188670,38956667,22289,7933,93,7955,0,-5,-18,14,-18,0,1,1,19166,0,0,0,0,0,0,0
1766,2041,37266369,38471500,22493,7933,93,7955,0,-6,-18,14,-18,0,1,1,18792,0,0,0,0,0,0,0
1767,2042,38575544,38489791,22289,7933,93,7955,0,-7,-18,14,-18,0,1,1,19125,0,0,0,0,0,0,0
1768,2043,44173207,42900541,22289,7933,93,7955,0,-7,-18,14,-18,0,1,1,22083,0,0,0,0,0,0,0
1769,2044,39920669,41135959,22353,7933,93,7955,0,-8,-18,14,-18,0,1,1,21458,0,0,0,0,0,0,0
1770,2045,39156787,39184750,22377,7933,93,7955,0,-9,-18,14,-18,0,1,1,19458,0,0,0,0,0,0,0
1771,2046,41598584,40481625,22341,7934,94,7956,0,-9,-18,14,-18,0,1,1,21417,0,0,0,0,0,0,0
1772,2047,42966581,44066500,22353,7933,93,7955,0,-10,-18,14,-18,0,1,1,19833,0,0,0,0,0,0,0
1773,2048,38855627,38533750,22289,7933,96,7955,0,-11,-18,14,-18,0,1,1,22208,0,0,0,0,0,0,0
1774,2049,41607085,39838959,22941,7933,93,7955,0,-11,-18,14,-18,0,1,1,21667,0,0,0,0,0,0,0
1775,2050,37012789,39054583,22601,7933,93,7955,0,-12,-18,14,-18,0,1,1,18709,0,0,0,0,0,0,0
1776,2051,37020415,37039208,22341,7933,93,7955,0,-13,-18,14,-18,0,1,1,18583,0,0,0,0,0,0,0
1777,2052,40433041,39177250,22289,7933,93,7955,0,-13,-18,14,-18,0,1,1,18792,0,0,0,0,0,0,0
1778,2053,35664379,36893833,22441,7933,93,7955,0,-14,-18,14,-18,0,1,1,18750,0,0,0,0,0,0,0
1779,2054,37046663,36995583,22289,7933,93,7955,0,-15,-18,14,-18,0,1,1,19000,0,0,0,0,0,0,0
1780,2055,39507914,38398875,22289,7933,93,7955,0,-15,-18,14,-18,0,1,1,19000,0,0,0,0,0,0,0
1781,2056,36013208,37080125,22353,7933,93,7955,0,-16,-18,14,-18,0,1,1,18416,0,0,0,0,0,0,0
1782,2057,37243373,37211375,22341,7933,93,7955,0,-17,-18,14,-18,0,1,1,19375,0,0,0,0,0,0,0
1783,2058,39985083,38854291,22377,7933,93,7955,0,-17,-18,14,-18,0,1,1,18584,0,0,0,0,0,0,0
1784,2059,37306915,38452250,22353,7933,93,7955,0,-16,-18,14,-18,0,1,1,18458,0,0,0,0,0,0,0
1785,2060,41676167,41627708,22289,7933,93,7955,0,-15,-18,14,-18,0,1,1,19166,0,0,0,0,0,0,0
1786,2061,37579625,36369625,22289,7934,97,7956,0,-15,-18,14,-18,0,1,1,18250,0,0,0,0,0,0,0
1787,2062,36958452,36957708,23005,7933,93,7955,0,-14,-18,14,-18,0,1,1,18500,0,0,0,0,0,0,0
1788,2063,35670831,36861666,22589,7933,93,7955,0,-13,-18,14,-18,0,1,1,19250,0,0,0,0,0,0,0
1789,2064,39671130,38424667,22289,7933,93,7955,0,-13,-18,14,-18,0,1,1,19292,0,0,0,0,0,0,0
1790,2065,37517581,38728625,22353,7933,93,7955,0,-12,-18,14,-18,0,1,1,18708,0,0,0,0,0,0,0
1791,2066,37153329,37041208,22289,7933,93,7955,0,-11,-18,14,-18,0,1,1,19167,0,0,0,0,0,0,0
1792,2067,39439875,38366917,22377,7933,93,7955,0,-11,-18,14,-18,0,1,1,19125,0,0,0,0,0,0,0
1793,2068,37802629,38920625,22353,7933,93,7955,0,-10,-18,14,-18,0,1,1,18958,0,0,0,0,0,0,0
1794,2069,36784663,36794208,22341,7933,93,7955,0,-9,-18,14,-18,0,1,1,20083,0,0,0,0,0,0,0
1795,2070,38321379,37089417,22289,7933,93,7955,0,-9,-18,14,-18,0,1,1,21750,0,0,0,0,0,0,0
1796,2071,37746243,38924000,22441,7933,93,7955,0,-8,-18,14,-18,0,1,1,18542,0,0,0,0,0,0,0
1797,2072,38738045,38722583,22289,7933,93,7955,0,-7,-18,14,-18,0,1,1,19417,0,0,0,0,0,0,0
1798,2073,43086204,41911666,22289,7933,93,7955,0,-7,-18,14,-18,0,1,1,19542,0,0,0,0,0,0,0
1799,2074,37807710,38871959,22353,7933,96,7955,0,-6,-18,14,-18,0,1,1,21250,0,0,0,0,0,0,0
