frame_index,read_frame_count,unscaled_delta_ns,main_thread_ns,gc_alloc_bytes,batches,set_pass_calls,draw_calls,engine_controller_update_ns,intended_cell_x,intended_cell_y,actual_cell_x,actual_cell_y,cell_match,input_checked,mouse_is_virtual,tnd_bench_t1_hover_ns,tnd_bench_t1_reclassify_ns,tnd_bench_t1_hoveredborder_ns,tnd_bench_t1_hoveredborderrebuild_ns,tnd_bench_t1_modeenter_ns,tnd_bench_t1_conquerui_ns,tnd_bench_s0_hover_ns,tnd_bench_s0_rebuild_ns
0,275,45405328,31466958,78457,7933,93,7955,0,0,-18,0,-18,1,1,1,295250,0,274833,271750,0,0,0,0
1,276,41135255,42211625,284677,7934,94,7956,0,0,-18,0,-18,1,1,1,16875,0,0,0,0,0,0,0
2,277,32280165,32222333,22257,7933,96,7955,0,0,-18,0,-18,1,1,1,15000,0,0,0,0,0,0,0
3,278,33654831,32623750,22345,7933,93,7955,0,0,-18,0,-18,1,1,1,14875,0,0,0,0,0,0,0
4,279,30873958,31904916,22321,7933,93,7955,0,0,-18,0,-18,1,1,1,14625,0,0,0,0,0,0,0
5,280,32019749,32025959,22257,7933,93,7955,0,0,-18,0,-18,1,1,1,15667,0,0,0,0,0,0,0
6,281,32207708,32181542,22257,7933,93,7955,0,0,-18,0,-18,1,1,1,14708,0,0,0,0,0,0,0
7,282,35249829,33700708,22309,7933,93,7955,0,0,-18,0,-18,1,1,1,15167,0,0,0,0,0,0,0
8,283,32470252,33900791,22409,7933,93,7955,0,0,-18,0,-18,1,1,1,15208,0,0,0,0,0,0,0
9,284,36027416,36085208,22257,7933,93,7955,0,0,-18,0,-18,1,1,1,15583,0,0,0,0,0,0,0
10,285,33813413,31801167,22821,7933,93,7955,0,0,-18,0,-18,1,1,1,15458,0,0,0,0,0,0,0
11,286,33093631,35044959,22569,7933,93,7955,0,0,-18,0,-18,1,1,1,17708,0,0,0,0,0,0,0
12,287,33455960,33340041,22257,7933,93,7955,0,0,-18,0,-18,1,1,1,21041,0,0,0,0,0,0,0
13,288,37493247,36124916,22397,7933,93,7955,0,0,-18,0,-18,1,1,1,16208,0,0,0,0,0,0,0
14,289,45915666,47265125,22321,7933,93,7955,0,0,-18,0,-18,1,1,1,19084,0,0,0,0,0,0,0
15,290,64686790,62456625,22257,7933,93,7955,0,0,-18,0,-18,1,1,1,23042,0,0,0,0,0,0,0
16,291,81617549,83521667,22321,7934,94,7956,0,0,-18,0,-18,1,1,1,29458,0,0,0,0,0,0,0
17,292,71174412,68922167,22397,7933,96,7955,0,0,-18,0,-18,1,1,1,20000,0,0,0,0,0,0,0
18,293,59190165,61453333,22321,7933,93,7955,0,0,-18,0,-18,1,1,1,20083,0,0,0,0,0,0,0
19,294,68166375,64561208,22821,7933,93,7955,0,0,-18,0,-18,1,1,1,30458,0,0,0,0,0,0,0
20,295,54712831,58422584,22657,7933,93,7955,0,0,-18,0,-18,1,1,1,30667,0,0,0,0,0,0,0
21,296,49895420,48386208,22309,7933,93,7955,0,0,-18,0,-18,1,1,1,23833,0,0,0,0,0,0,0
22,297,40696706,42247625,22321,7933,93,7955,0,0,-18,0,-18,1,1,1,19875,0,0,0,0,0,0,0
23,298,46316128,46120791,22257,7933,93,7955,0,0,-18,0,-18,1,1,1,23167,0,0,0,0,0,0,0
24,299,51498498,49884208,22345,7933,93,7955,0,0,-18,0,-18,1,1,1,24500,0,0,0,0,0,0,0
25,300,51219373,52906542,22321,7933,96,7955,0,0,-18,0,-18,1,1,1,24417,0,0,0,0,0,0,0
26,301,53022455,51409209,22309,7933,93,7955,0,0,-18,0,-18,1,1,1,24208,0,0,0,0,0,0,0
27,302,58462090,59757209,22409,7933,93,7955,0,0,-18,0,-18,1,1,1,25750,0,0,0,0,0,0,0
28,303,68388372,66444666,22257,7933,93,7955,0,0,-18,0,-18,1,1,1,30209,0,0,0,0,0,0,0
29,304,67089833,67063583,22885,7933,93,7955,0,0,-18,0,-18,1,1,1,20125,0,0,0,0,0,0,0
30,305,67013919,67258458,22645,7933,93,7955,0,0,-18,0,-18,1,1,1,20583,0,0,0,0,0,0,0
31,306,64597666,66288625,22321,7934,94,7956,0,0,-18,0,-18,1,1,1,29833,0,0,0,0,0,0,0
32,307,73024421,71077291,22257,7933,93,7955,0,0,-18,0,-18,1,1,1,30875,0,0,0,0,0,0,0
33,308,61359290,63428042,22461,7933,96,7955,0,0,-18,0,-18,1,1,1,31375,0,0,0,0,0,0,0
34,309,51787499,50297209,22257,7933,93,7955,0,0,-18,0,-18,1,1,1,23791,0,0,0,0,0,0,0
35,310,43821703,45201958,22321,7933,93,7955,0,0,-18,0,-18,1,1,1,19584,0,0,0,0,0,0,0
36,311,40951918,41093292,22345,7933,93,7955,0,0,-18,0,-18,1,1,1,19541,0,0,0,0,0,0,0
37,312,42866792,41731458,22309,7933,93,7955,0,0,-18,0,-18,1,1,1,19167,0,0,0,0,0,0,0
38,313,36525290,36449583,22885,7933,93,7955,0,0,-18,0,-18,1,1,1,17750,0,0,0,0,0,0,0
39,314,36064080,37207917,22505,7933,93,7955,0,0,-18,0,-18,1,1,1,16542,0,0,0,0,0,0,0
40,315,37928041,36782833,22345,7933,93,7955,0,0,-18,0,-18,1,1,1,17375,0,0,0,0,0,0,0
41,316,38888130,40050417,22321,7933,93,7955,0,0,-18,0,-18,1,1,1,18250,0,0,0,0,0,0,0
42,317,40176536,40106042,22257,7933,93,7955,0,0,-18,0,-18,1,1,1,17833,0,0,0,0,0,0,0
43,318,45805584,44573458,22309,7933,93,7955,0,0,-18,0,-18,1,1,1,23500,0,0,0,0,0,0,0
44,319,37532459,38753334,22409,7933,96,7955,0,0,-18,0,-18,1,1,1,19125,0,0,0,0,0,0,0
45,320,38577083,38552708,22257,7933,93,7955,0,0,-18,0,-18,1,1,1,20000,0,0,0,0,0,0,0
46,321,40577955,39355000,22257,7934,94,7956,0,0,-18,0,-18,1,1,1,19416,0,0,0,0,0,0,0
47,322,40328338,41449750,22321,7933,93,7955,0,0,-18,0,-18,1,1,1,16875,0,0,0,0,0,0,0
48,323,41625369,41642667,22397,7933,93,7955,0,0,-18,0,-18,1,1,1,19625,0,0,0,0,0,0,0
49,324,43078713,41817541,22257,7933,93,7955,0,0,-18,0,-18,1,1,1,19125,0,0,0,0,0,0,0
50,325,45057121,44767291,22885,7933,93,7955,0,0,-18,0,-18,1,1,1,19250,0,0,0,0,0,0,0
51,326,48660542,50061458,22505,7933,93,7955,0,0,-18,0,-18,1,1,1,22875,0,0,0,0,0,0,0
52,327,49241121,47799084,22345,7933,93,7955,0,0,-18,0,-18,1,1,1,22833,0,0,0,0,0,0,0
53,328,41958332,43460750,22373,7933,93,7955,0,0,-18,0,-18,1,1,1,23208,0,0,0,0,0,0,0
54,329,42048666,42057583,22257,7933,93,7955,0,0,-18,0,-18,1,1,1,19041,0,0,0,0,0,0,0
55,330,44035170,42657791,22257,7933,93,7955,0,0,-18,0,-18,1,1,1,19708,0,0,0,0,0,0,0
56,331,36097001,37458625,22409,7933,96,7955,0,0,-18,0,-18,1,1,1,16625,0,0,0,0,0,0,0
57,332,38404621,38364250,22257,7933,93,7955,0,0,-18,0,-18,1,1,1,17542,0,0,0,0,0,0,0
58,333,39777670,38592583,22309,7933,93,7955,0,0,-18,0,-18,1,1,1,17250,0,0,0,0,0,0,0
59,334,37687499,38576750,22321,7933,93,7955,0,0,-18,0,-18,1,1,1,17625,0,0,0,0,0,0,0
60,335,37932079,38217458,22345,7933,93,7955,0,0,-18,0,-18,1,1,1,17958,0,0,0,0,0,0,0
61,336,44792126,43276583,22257,7934,94,7956,0,0,-18,0,-18,1,1,1,17375,0,0,0,0,0,0,0
62,337,44694330,44780834,22885,7933,93,7955,0,0,-18,0,-18,1,1,1,20750,0,0,0,0,0,0,0
63,338,49042876,50249583,22557,7933,93,7955,0,0,-18,0,-18,1,1,1,23667,0,0,0,0,0,0,0
64,339,55878415,53949625,22345,7933,93,7955,0,0,-18,0,-18,1,1,1,25166,0,0,0,0,0,0,0
65,340,63357830,65222791,22321,7933,93,7955,0,0,-18,0,-18,1,1,1,29041,0,0,0,0,0,0,0
66,341,68808630,66538333,22257,7933,93,7955,0,0,-18,0,-18,1,1,1,28541,0,0,0,0,0,0,0
67,342,53972702,56141750,22461,7933,96,7955,0,0,-18,0,-18,1,1,1,27750,0,0,0,0,0,0,0
68,343,53438335,52031083,22257,7933,93,7955,0,0,-18,0,-18,1,1,1,21625,0,0,0,0,0,0,0
69,344,42341411,43881292,22321,7933,93,7955,0,0,-18,0,-18,1,1,1,19417,0,0,0,0,0,0,0
70,345,45313626,45225084,22257,7933,93,7955,0,0,-18,0,-18,1,1,1,19458,0,0,0,0,0,0,0
71,346,48802416,46007000,22345,7933,93,7955,0,0,-18,0,-18,1,1,1,24209,0,0,0,0,0,0,0
72,347,50044126,52811834,23185,7933,93,7955,0,0,-18,0,-18,1,1,1,25834,0,0,0,0,0,0,0
73,348,53671080,52062250,22257,7933,93,7955,0,0,-18,0,-18,1,1,1,27125,0,0,0,0,0,0,0
74,349,50141792,51720375,22409,7933,93,7955,0,0,-18,0,-18,1,1,1,24209,0,0,0,0,0,0,0
75,350,51168210,49492125,22257,7933,93,7955,0,0,-18,0,-18,1,1,1,24167,0,0,0,0,0,0,0
76,351,52465829,53987500,22373,7934,94,7956,0,0,-18,0,-18,1,1,1,24000,0,0,0,0,0,0,0
77,352,45459125,45607875,22345,7933,96,7955,0,0,-18,0,-18,1,1,1,23500,0,0,0,0,0,0,0
78,353,46055957,44767875,22257,7933,93,7955,0,0,-18,0,-18,1,1,1,19500,0,0,0,0,0,0,0
79,354,42719911,43962792,22321,7933,93,7955,0,0,-18,0,-18,1,1,1,19125,0,0,0,0,0,0,0
80,355,43323837,43153083,22257,7933,93,7955,0,0,-18,0,-18,1,1,1,21000,0,0,0,0,0,0,0
81,356,45790661,44688083,22397,7933,93,7955,0,0,-18,0,-18,1,1,1,19750,0,0,0,0,0,0,0
82,357,47567296,47109750,22885,7933,93,7955,0,0,-18,0,-18,1,1,1,19291,0,0,0,0,0,0,0
83,358,44394332,46049916,22505,7933,93,7955,0,0,-18,0,-18,1,1,1,20250,0,0,0,0,0,0,0
84,359,51966998,50335292,22257,7933,93,7955,0,0,-18,0,-18,1,1,1,23250,0,0,0,0,0,0,0
85,360,46189960,47807958,22409,7933,93,7955,0,0,-18,0,-18,1,1,1,22667,0,0,0,0,0,0,0
86,361,46612456,46568917,22309,7933,93,7955,0,0,-18,0,-18,1,1,1,20333,0,0,0,0,0,0,0
87,362,43270833,41975500,22257,7933,96,7955,0,0,-18,0,-18,1,1,1,18500,0,0,0,0,0,0,0
88,363,39789915,41044542,22321,7933,93,7955,0,0,-18,0,-18,1,1,1,20417,0,0,0,0,0,0,0
89,364,35890087,35930250,22345,7933,93,7955,0,0,-18,0,-18,1,1,1,16250,0,0,0,0,0,0,0
90,365,36724206,35679500,22257,7933,93,7955,0,0,-18,0,-18,1,1,1,17042,0,0,0,0,0,0,0
91,366,30980335,32035916,22373,7934,94,7956,0,0,-18,0,-18,1,1,1,14791,0,0,0,0,0,0,0
92,367,32117206,32083500,22257,7933,93,7955,0,0,-18,0,-18,1,1,1,15125,0,0,0,0,0,0,0
93,368,32275289,32225250,22257,7933,93,7955,0,0,-18,0,-18,1,1,1,14708,0,0,0,0,0,0,0
94,369,34182623,32376875,22909,7933,93,7955,0,0,-18,0,-18,1,1,1,14792,0,0,0,0,0,0,0
95,370,30316418,32144459,22569,7933,93,7955,0,0,-18,0,-18,1,1,1,15042,0,0,0,0,0,0,0
96,371,32364379,32305750,22257,7933,93,7955,0,0,-18,0,-18,1,1,1,14958,0,0,0,0,0,0,0
97,372,32342497,32366375,22257,7933,93,7955,0,0,-18,0,-18,1,1,1,15375,0,0,0,0,0,0,0
98,373,33527083,32399541,22309,7933,93,7955,0,0,-18,0,-18,1,1,1,14625,0,0,0,0,0,0,0
99,374,31137039,32237958,22409,7933,93,7955,0,0,-18,0,-18,1,1,1,14667,0,0,0,0,0,0,0
100,375,35029165,35002417,22257,7933,93,7955,0,0,-18,0,-18,1,1,1,14875,0,0,0,0,0,0,0
101,376,34800171,33500125,22257,7933,96,7955,0,0,-18,0,-18,1,1,1,14583,0,0,0,0,0,0,0
102,377,33388584,34638667,22321,7933,93,7955,0,0,-18,0,-18,1,1,1,15542,0,0,0,0,0,0,0
103,378,34069541,34051166,22257,7933,93,7955,0,0,-18,0,-18,1,1,1,14792,0,0,0,0,0,0,0
104,379,36295663,34944125,22397,7933,93,7955,0,0,-18,0,-18,1,1,1,13125,0,0,0,0,0,0,0
105,380,35151168,36484000,22321,7933,93,7955,0,0,-18,0,-18,1,1,1,14792,0,0,0,0,0,0,0
106,381,33680457,33445667,22257,7934,94,7956,0,0,-18,0,-18,1,1,1,16042,0,0,0,0,0,0,0
107,382,37689916,36783875,22257,7933,93,7955,0,0,-18,0,-18,1,1,1,16916,0,0,0,0,0,0,0
108,383,36506872,37316125,22321,7933,93,7955,0,0,-18,0,-18,1,1,1,21833,0,0,0,0,0,0,0
109,384,44814918,43249375,22909,7933,93,7955,0,0,-18,0,-18,1,1,1,21250,0,0,0,0,0,0,0
110,385,53206045,52618208,22557,7933,93,7955,0,0,-18,0,-18,1,1,1,23875,0,0,0,0,0,0,0
111,386,64546585,66643125,22321,7933,93,7955,0,0,-18,0,-18,1,1,1,28875,0,0,0,0,0,0,0
112,387,74281454,72040417,22345,7933,93,7955,0,0,-18,0,-18,1,1,1,19791,0,0,0,0,0,0,0
113,388,80219455,82371500,22321,7933,93,7955,0,0,-18,0,-18,1,1,1,19834,0,0,0,0,0,0,0
114,389,67792959,65755375,22397,7933,96,7955,0,0,-18,0,-18,1,1,1,29625,0,0,0,0,0,0,0
115,390,61945755,64116833,22321,7933,93,7955,0,0,-18,0,-18,1,1,1,28625,0,0,0,0,0,0,0
116,391,53992912,52347917,22257,7933,93,7955,0,0,-18,0,-18,1,1,1,23417,0,0,0,0,0,0,0
117,392,45246005,45360333,22973,7933,93,7955,0,0,-18,0,-18,1,1,1,19542,0,0,0,0,0,0,0
118,393,44338911,45828917,22557,7933,93,7955,0,0,-18,0,-18,1,1,1,20208,0,0,0,0,0,0,0
119,394,45165088,43924792,22257,7933,93,7955,0,0,-18,0,-18,1,1,1,20042,0,0,0,0,0,0,0
120,395,44362790,45526792,22321,7933,93,7955,0,0,-18,0,-18,1,1,1,19458,0,0,0,0,0,0,0
121,396,45320209,45356958,22345,7934,94,7956,0,0,-18,0,-18,1,1,1,21584,0,0,0,0,0,0,0
122,397,56467581,54878833,22257,7933,93,7955,0,0,-18,0,-18,1,1,1,20125,0,0,0,0,0,0,0
123,398,49590665,50923041,22373,7933,96,7955,0,0,-18,0,-18,1,1,1,22708,0,0,0,0,0,0,0
124,399,54633043,53316084,22345,7933,93,7955,0,0,-18,0,-18,1,1,1,22958,0,0,0,0,0,0,0
125,400,49528833,50981167,22321,7933,93,7955,0,0,-18,0,-18,1,1,1,22833,0,0,0,0,0,0,0
126,401,52246335,50653917,22257,7933,93,7955,0,0,-18,0,-18,1,1,1,23167,0,0,0,0,0,0,0
127,402,50310578,50345166,23025,7933,93,7955,0,0,-18,0,-18,1,1,1,26542,0,0,0,0,0,0,0
128,403,42963627,44537250,22505,7933,93,7955,0,0,-18,0,-18,1,1,1,23458,0,0,0,0,0,0,0
129,404,41801750,40612459,22257,7933,93,7955,0,0,-18,0,-18,1,1,1,18834,0,0,0,0,0,0,0
130,405,35606745,36693917,22321,7933,93,7955,0,0,-18,0,-18,1,1,1,19792,0,0,0,0,0,0,0
131,406,36183375,36225000,22345,7933,93,7955,0,0,-18,0,-18,1,1,1,17500,0,0,0,0,0,0,0
132,407,38783792,37790458,22309,7933,93,7955,0,0,-18,0,-18,1,1,1,16875,0,0,0,0,0,0,0
133,408,31900495,32885333,22321,7933,96,7955,0,0,-18,0,-18,1,1,1,14833,0,0,0,0,0,0,0
134,409,32824169,32831667,22257,7933,93,7955,0,0,-18,0,-18,1,1,1,15458,0,0,0,0,0,0,0
135,410,33144578,33060208,22257,7933,93,7955,0,0,-18,0,-18,1,1,1,14625,0,0,0,0,0,0,0
136,411,33319875,32324167,22345,7934,94,7956,0,0,-18,0,-18,1,1,1,15250,0,0,0,0,0,0,0
137,412,31396292,32405125,22321,7933,93,7955,0,0,-18,0,-18,1,1,1,14875,0,0,0,0,0,0,0
138,413,32047584,32060667,22309,7933,93,7955,0,0,-18,0,-18,1,1,1,15542,0,0,0,0,0,0,0
139,414,32245952,32216458,22257,7933,93,7955,0,0,-18,0,-18,1,1,1,14750,0,0,0,0,0,0,0
140,415,33235713,32157417,22257,7933,93,7955,0,0,-18,0,-18,1,1,1,14667,0,0,0,0,0,0,0
141,416,31783036,31794084,22973,7933,93,7955,0,0,-18,0,-18,1,1,1,14375,0,0,0,0,0,0,0
142,417,30863875,31918667,22505,7933,93,7955,0,0,-18,0,-18,1,1,1,14750,0,0,0,0,0,0,0
143,418,32216504,32168583,22257,7933,93,7955,0,0,-18,0,-18,1,1,1,15917,0,0,0,0,0,0,0
144,419,33069416,32027709,22257,7933,93,7955,0,0,-18,0,-18,1,1,1,14875,0,0,0,0,0,0,0
145,420,31412959,32391000,22373,7933,93,7955,0,0,-18,0,-18,1,1,1,14709,0,0,0,0,0,0,0
146,421,32386619,32422000,22345,7933,93,7955,0,0,-18,0,-18,1,1,1,14041,0,0,0,0,0,0,0
147,422,33879540,33861625,22257,7933,93,7955,0,0,-18,0,-18,1,1,1,18416,0,0,0,0,0,0,0
148,423,31386584,30423042,22257,7933,96,7955,0,0,-18,0,-18,1,1,1,13375,0,0,0,0,0,0,0
149,424,30437748,31370792,22321,7933,93,7955,0,0,-18,0,-18,1,1,1,13333,0,0,0,0,0,0,0
150,425,30507666,30475166,22257,7933,93,7955,0,0,-18,0,-18,1,1,1,13750,0,0,0,0,0,0,0
151,426,31479123,31461083,22345,7934,94,7956,0,0,-18,0,-18,1,1,1,13250,0,0,0,0,0,0,0
152,427,33195041,32179625,22309,7933,93,7955,0,0,-18,0,-18,1,1,1,14917,0,0,0,0,0,0,0
153,428,30520670,31532875,22321,7933,93,7955,0,0,-18,0,-18,1,1,1,14667,0,0,0,0,0,0,0
154,429,31244663,31022708,22257,7933,93,7955,0,0,-18,0,-18,1,1,1,13458,0,0,0,0,0,0,0
155,430,32808545,32884208,22257,7933,93,7955,0,0,-18,0,-18,1,1,1,15125,0,0,0,0,0,0,0
156,431,33080916,32149375,22345,7933,93,7955,0,0,-18,0,-18,1,1,1,15209,0,0,0,0,0,0,0
157,432,32876376,32797375,22885,7933,93,7955,0,0,-18,0,-18,1,1,1,15208,0,0,0,0,0,0,0
158,433,31006293,32088959,22505,7933,93,7955,0,0,-18,0,-18,1,1,1,14708,0,0,0,0,0,0,0
159,434,32562501,32541416,22309,7933,93,7955,0,0,-18,0,-18,1,1,1,19708,0,0,0,0,0,0,0
160,435,34511126,33409292,22257,7933,93,7955,0,0,-18,0,-18,1,1,1,14417,0,0,0,0,0,0,0
161,436,34662414,35740000,22409,7933,93,7955,0,0,-18,0,-18,1,1,1,14792,0,0,0,0,0,0,0
162,437,34144621,34137417,22257,7933,93,7955,0,0,-18,0,-18,1,1,1,15084,0,0,0,0,0,0,0
163,438,40279414,38888583,22257,7933,93,7955,0,0,-18,0,-18,1,1,1,18916,0,0,0,0,0,0,0
164,439,32896462,34207500,22321,7933,96,7955,0,0,-18,0,-18,1,1,1,16833,0,0,0,0,0,0,0
165,440,40689539,40537000,22309,7933,93,7955,0,0,-18,0,-18,1,1,1,18500,0,0,0,0,0,0,0
166,441,49664456,48250834,22345,7934,94,7956,0,0,-18,0,-18,1,1,1,19875,0,0,0,0,0,0,0
167,442,57576835,58924208,22321,7933,93,7955,0,0,-18,0,-18,1,1,1,25875,0,0,0,0,0,0,0
168,443,66198751,63977750,22257,7933,93,7955,0,0,-18,0,-18,1,1,1,32583,0,0,0,0,0,0,0
169,444,64386703,64618708,23025,7933,93,7955,0,0,-18,0,-18,1,1,1,29000,0,0,0,0,0,0,0
170,445,66499873,66452917,22505,7933,93,7955,0,0,-18,0,-18,1,1,1,28167,0,0,0,0,0,0,0
171,446,65610334,67433583,22321,7933,93,7955,0,0,-18,0,-18,1,1,1,28666,0,0,0,0,0,0,0
172,447,73162339,71224375,22345,7933,93,7955,0,0,-18,0,-18,1,1,1,31750,0,0,0,0,0,0,0
173,448,59597667,61663417,22373,7933,96,7955,0,0,-18,0,-18,1,1,1,30208,0,0,0,0,0,0,0
174,449,56369997,54303625,22257,7933,93,7955,0,0,-18,0,-18,1,1,1,23000,0,0,0,0,0,0,0
175,450,49358837,51366834,22409,7933,93,7955,0,0,-18,0,-18,1,1,1,24083,0,0,0,0,0,0,0
176,451,44989660,45020250,22257,7933,93,7955,0,0,-18,0,-18,1,1,1,28958,0,0,0,0,0,0,0
177,452,46531505,45225625,22309,7933,93,7955,0,0,-18,0,-18,1,1,1,20416,0,0,0,0,0,0,0
178,453,46835042,46346917,22885,7933,93,7955,0,0,-18,0,-18,1,1,1,19042,0,0,0,0,0,0,0
179,454,51614582,53284709,22593,7933,93,7955,0,0,-18,0,-18,1,1,1,24875,0,0,0,0,0,0,0
180,455,55378705,53734916,22257,7933,93,7955,0,0,-18,0,-18,1,1,1,23291,0,0,0,0,0,0,0
181,456,52234999,53523459,22321,7934,94,7956,0,0,-18,0,-18,1,1,1,22833,0,0,0,0,0,0,0
182,457,64816668,63032000,22397,7933,93,7955,0,0,-18,0,-18,1,1,1,24625,0,0,0,0,0,0,0
183,458,62174879,64148666,22321,7933,96,7955,0,0,-18,0,-18,1,1,1,34792,0,0,0,0,0,0,0
184,459,55181957,53624417,22257,7933,93,7955,0,0,-18,0,-18,1,1,1,29834,0,0,0,0,0,0,0
185,460,51488619,53058500,22409,7933,93,7955,0,0,-18,0,-18,1,1,1,23042,0,0,0,0,0,0,0
186,461,55789794,53806083,22309,7933,93,7955,0,0,-18,0,-18,1,1,1,24000,0,0,0,0,0,0,0
187,462,46117749,46014167,22885,7933,93,7955,0,0,-18,0,-18,1,1,1,23583,0,0,0,0,0,0,0
188,463,43755788,45804666,22593,7933,93,7955,0,0,-18,0,-18,1,1,1,19708,0,0,0,0,0,0,0
189,464,49091205,47865916,22257,7933,93,7955,0,0,-18,0,-18,1,1,1,21750,0,0,0,0,0,0,0
190,465,44703379,45894291,22321,7933,93,7955,0,0,-18,0,-18,1,1,1,19375,0,0,0,0,0,0,0
191,466,45070577,45012500,22309,7933,93,7955,0,0,-18,0,-18,1,1,1,19291,0,0,0,0,0,0,0
192,467,43032459,41811584,22345,7933,96,7955,0,0,-18,0,-18,1,1,1,19292,0,0,0,0,0,0,0
193,468,38796328,40093000,22321,7933,93,7955,0,0,-18,0,-18,1,1,1,19042,0,0,0,0,0,0,0
194,469,36624956,36598167,22257,7933,93,7955,0,0,-18,0,-18,1,1,1,17083,0,0,0,0,0,0,0
195,470,38335382,37099041,22257,7933,93,7955,0,0,-18,0,-18,1,1,1,16666,0,0,0,0,0,0,0
196,471,32476913,33682042,22461,7934,94,7956,0,0,-18,0,-18,1,1,1,16750,0,0,0,0,0,0,0
197,472,32850623,32663791,22257,7933,93,7955,0,0,-18,0,-18,1,1,1,15209,0,0,0,0,0,0,0
198,473,32573003,32745333,22257,7933,93,7955,0,0,-18,0,-18,1,1,1,15375,0,0,0,0,0,0,0
199,474,33849753,32051416,22821,7933,93,7955,0,0,-18,0,-18,1,1,1,14541,0,0,0,0,0,0,0
200,475,30427040,32151000,22569,7933,93,7955,0,0,-18,0,-18,1,1,1,14667,0,0,0,0,0,0,0
201,476,32366495,32419667,22345,7933,93,7955,0,0,-18,0,-18,1,1,1,14584,0,0,0,0,0,0,0
202,477,32413497,32353208,22257,7933,93,7955,0,0,-18,0,-18,1,1,1,15209,0,0,0,0,0,0,0
203,478,33052414,32027375,22309,7933,93,7955,0,0,-18,0,-18,1,1,1,14792,0,0,0,0,0,0,0
204,479,32322131,33328167,22321,7933,93,7955,0,0,-18,0,-18,1,1,1,14583,0,0,0,0,0,0,0
205,480,35587579,35543292,22257,7933,93,7955,0,0,-18,0,-18,1,1,1,14833,0,0,0,0,0,0,0
206,481,36021132,35000458,22345,7933,96,7955,0,0,-18,0,-18,1,1,1,14791,0,0,0,0,0,0,0
207,482,32095499,33131125,22321,7933,93,7955,0,0,-18,0,-18,1,1,1,14792,0,0,0,0,0,0,0
208,483,33475998,33444291,22257,7933,93,7955,0,0,-18,0,-18,1,1,1,14958,0,0,0,0,0,0,0
209,484,34637585,33589667,22309,7933,93,7955,0,0,-18,0,-18,1,1,1,14375,0,0,0,0,0,0,0
210,485,32729536,33691625,22321,7933,93,7955,0,0,-18,0,-18,1,1,1,14666,0,0,0,0,0,0,0
211,486,34331087,34380000,22345,7934,94,7956,0,0,-18,0,-18,1,1,1,15083,0,0,0,0,0,0,0
212,487,36665376,35443750,22257,7933,93,7955,0,0,-18,0,-18,1,1,1,14916,0,0,0,0,0,0,0
213,488,35497497,36682709,22523,7933,93,7955,0,0,-18,0,-18,1,1,1,16417,0,0,0,0,0,0,0
214,489,37477791,36198250,22821,7933,93,7955,0,0,-18,0,-18,1,1,1,16375,0,0,0,0,0,0,0
215,490,36474913,36449250,22557,7933,93,7955,0,0,-18,0,-18,1,1,1,16625,0,0,0,0,0,0,0
216,491,38952875,40019709,22409,7933,93,7955,0,0,-18,0,-18,1,1,1,17250,0,0,0,0,0,0,0
217,492,41329082,41439458,22257,7933,93,7955,0,0,-18,0,-18,1,1,1,16916,0,0,0,0,0,0,0
218,493,45962661,44496541,22257,7933,93,7955,0,0,-18,0,-18,1,1,1,19958,0,0,0,0,0,0,0
219,494,54747752,55862417,22321,7933,93,7955,0,0,-18,0,-18,1,1,1,25958,0,0,0,0,0,0,0
220,495,59604961,57716000,22397,7933,96,7955,0,0,-18,0,-18,1,1,1,23417,0,0,0,0,0,0,0
221,496,63725203,65717166,22321,7933,93,7955,0,0,-18,0,-18,1,1,1,30292,0,0,0,0,0,0,0
222,497,68921454,66928000,22257,7933,93,7955,0,0,-18,0,-18,1,1,1,28625,0,0,0,0,0,0,0
223,498,64498044,66451042,22409,7933,93,7955,0,0,-18,0,-18,1,1,1,29375,0,0,0,0,0,0,0
224,499,57602040,54900917,22873,7933,93,7955,0,0,-18,0,-18,1,1,1,29541,0,0,0,0,0,0,0
225,500,51758460,54401625,22569,7933,93,7955,0,0,-18,0,-18,1,1,1,23250,0,0,0,0,0,0,0
226,501,53465623,51536792,22643,7934,94,7956,0,0,-18,0,-18,1,1,1,23542,0,0,0,0,0,0,0
227,502,43639209,45660750,22321,7933,93,7955,0,0,-18,0,-18,1,1,1,19333,0,0,0,0,0,0,0
228,503,58726791,56660416,22309,7933,93,7955,0,0,-18,0,-18,1,1,1,24166,0,0,0,0,0,0,0
229,504,51497209,53487792,22409,7933,96,7955,0,0,-18,0,-18,1,1,1,23167,0,0,0,0,0,0,0
230,505,55415250,53889958,22257,7933,93,7955,0,0,-18,0,-18,1,1,1,24541,0,0,0,0,0,0,0
231,506,52081499,53448833,22321,7933,93,7955,0,0,-18,0,-18,1,1,1,23750,0,0,0,0,0,0,0
232,507,64193665,62668167,22397,7933,93,7955,0,0,-18,0,-18,1,1,1,28500,0,0,0,0,0,0,0
233,508,57332504,57301042,22885,7933,93,7955,0,0,-18,0,-18,1,1,1,23834,0,0,0,0,0,0,0
234,509,52690453,52320709,22505,7933,93,7955,0,0,-18,0,-18,1,1,1,29041,0,0,0,0,0,0,0
235,510,52176751,54048000,22409,7933,93,7955,0,0,-18,0,-18,1,1,1,23792,0,0,0,0,0,0,0
236,511,55217247,53767167,22309,7933,93,7955,0,0,-18,0,-18,1,1,1,77875,0,0,0,0,0,0,0
237,512,58111123,59474041,22321,7933,93,7955,0,0,-18,0,-18,1,1,1,28333,0,0,0,0,0,0,0
238,513,54825834,53214875,22345,7933,96,7955,0,0,-18,0,-18,1,1,1,23625,0,0,0,0,0,0,0
239,514,54761707,56388709,22321,7933,93,7955,0,0,-18,0,-18,1,1,1,31375,0,0,0,0,0,0,0
240,515,64090125,62183791,22309,7933,93,7955,0,0,-18,0,-18,1,1,1,23583,0,0,0,0,0,0,0
241,516,55987618,57345250,22409,7934,94,7956,0,0,-18,0,-18,1,1,1,23542,0,0,0,0,0,0,0
242,517,53716290,51413709,22821,7933,93,7955,0,0,-18,0,-18,1,1,1,23917,0,0,0,0,0,0,0
243,518,48239376,50931834,22569,7933,93,7955,0,0,-18,0,-18,1,1,1,22625,0,0,0,0,0,0,0
244,519,45057121,45207500,22397,7933,93,7955,0,0,-18,0,-18,1,1,1,23500,0,0,0,0,0,0,0
245,520,44363755,43243416,22257,7933,93,7955,0,0,-18,0,-18,1,1,1,19667,0,0,0,0,0,0,0
246,521,42008999,43101750,22321,7933,93,7955,0,0,-18,0,-18,1,1,1,18250,0,0,0,0,0,0,0
247,522,38475289,38379209,22257,7933,96,7955,0,0,-18,0,-18,1,1,1,17167,0,0,0,0,0,0,0
248,523,41894167,40439875,22345,7933,93,7955,0,0,-18,0,-18,1,1,1,21250,0,0,0,0,0,0,0
249,524,40330208,41767125,22373,7933,93,7955,0,0,-18,0,-18,1,1,1,17042,0,0,0,0,0,0,0
250,525,45535665,45405542,22257,7933,93,7955,0,0,-18,0,-18,1,1,1,19750,0,0,0,0,0,0,0
251,526,48587039,47061000,22257,7933,93,7955,0,0,-18,0,-18,1,1,1,20250,0,0,0,0,0,0,0
252,527,50519756,52095708,22409,7933,93,7955,0,0,-18,0,-18,1,1,1,22833,0,0,0,0,0,0,0
253,528,66007874,62438334,22821,7933,93,7955,0,0,-18,0,-18,1,1,1,24834,0,0,0,0,0,0,0
254,529,61894707,65106833,22621,7933,93,7955,0,0,-18,0,-18,1,1,1,28417,0,0,0,0,0,0,0
255,530,67363709,65713959,22345,7933,93,7955,0,0,-18,0,-18,1,1,1,27833,0,0,0,0,0,0,0
256,531,63004575,64791209,22321,7934,94,7956,0,0,-18,0,-18,1,1,1,37584,0,0,0,0,0,0,0
257,532,56413378,54933042,22257,7933,96,7955,0,0,-18,0,-18,1,1,1,25042,0,0,0,0,0,0,0
258,533,51083538,52623292,22461,7933,93,7955,0,0,-18,0,-18,1,1,1,23209,0,0,0,0,0,0,0
259,534,53898882,52367833,22257,7933,93,7955,0,0,-18,0,-18,1,1,1,23417,0,0,0,0,0,0,0
260,535,51993954,53354333,22321,7933,93,7955,0,0,-18,0,-18,1,1,1,25875,0,0,0,0,0,0,0
261,536,56080292,52979791,22909,7933,93,7955,0,0,-18,0,-18,1,1,1,22917,0,0,0,0,0,0,0
262,537,51294375,54435333,22621,7933,93,7955,0,0,-18,0,-18,1,1,1,23084,0,0,0,0,0,0,0
263,538,55383913,53756666,22257,7933,93,7955,0,0,-18,0,-18,1,1,1,23166,0,0,0,0,0,0,0
264,539,56954756,58479709,22409,7933,93,7955,0,0,-18,0,-18,1,1,1,23708,0,0,0,0,0,0,0
265,540,68396575,66884500,22257,7933,93,7955,0,0,-18,0,-18,1,1,1,29917,0,0,0,0,0,0,0
266,541,76154418,77190375,22373,7933,96,7955,0,0,-18,0,-18,1,1,1,22917,0,0,0,0,0,0,0
267,542,89400708,87245250,22345,7933,93,7955,0,0,-18,0,-18,1,1,1,32917,0,0,0,0,0,0,0
268,543,80866537,83241208,22321,7933,93,7955,0,0,-18,0,-18,1,1,1,20958,0,0,0,0,0,0,0
269,544,85698664,82731209,22397,7933,93,7955,0,0,-18,0,-18,1,1,1,21500,0,0,0,0,0,0,0
270,545,71105368,71219375,22885,7933,93,7955,0,0,-18,0,-18,1,1,1,20708,0,0,0,0,0,0,0
271,546,64677961,65618958,22593,7934,94,7956,0,0,-18,0,-18,1,1,1,21167,0,0,0,0,0,0,0
272,547,68047538,70070292,22373,7933,93,7955,0,0,-18,0,-18,1,1,1,50417,0,0,0,0,0,0,0
273,548,50136707,48766834,22257,7933,96,7955,0,0,-18,0,-18,1,1,1,25458,0,0,0,0,0,0,0
274,549,40340375,41750209,22409,7933,93,7955,0,0,-18,0,-18,1,1,1,19167,0,0,0,0,0,0,0
275,550,35879082,35912875,22257,7933,93,7955,0,0,-18,0,-18,1,1,1,16791,0,0,0,0,0,0,0
276,551,33826213,32750292,22257,7933,93,7955,0,0,-18,0,-18,1,1,1,15541,0,0,0,0,0,0,0
277,552,31245876,32309125,22373,7933,93,7955,0,0,-18,0,-18,1,1,1,15208,0,0,0,0,0,0,0
278,553,33050041,32768458,22257,7933,93,7955,0,0,-18,0,-18,1,1,1,15042,0,0,0,0,0,0,0
279,554,31923744,32173375,22345,7933,93,7955,0,0,-18,0,-18,1,1,1,14834,0,0,0,0,0,0,0
280,555,33509749,32394375,22257,7933,93,7955,0,0,-18,0,-18,1,1,1,14583,0,0,0,0,0,0,0
281,556,66712960,66722125,22885,7933,93,7955,0,0,-18,0,-18,1,1,1,14875,0,0,0,0,0,0,0
282,557,27799291,28814209,22505,7933,93,7955,0,0,-18,0,-18,1,1,1,13417,0,0,0,0,0,0,0
283,558,34164413,33208542,22397,7933,93,7955,0,0,-18,0,-18,1,1,1,18125,0,0,0,0,0,0,0
284,559,28610127,29596292,22321,7933,96,7955,0,0,-18,0,-18,1,1,1,14000,0,0,0,0,0,0,0
285,560,29481165,29448792,22257,7933,93,7955,0,0,-18,0,-18,1,1,1,13083,0,0,0,0,0,0,0
286,561,28829542,28829958,22257,7934,94,7956,0,0,-18,0,-18,1,1,1,13458,0,0,0,0,0,0,0
287,562,30466042,29429459,22257,7933,93,7955,0,0,-18,0,-18,1,1,1,14084,0,0,0,0,0,0,0
288,563,28012705,29015666,22409,7933,93,7955,0,0,-18,0,-18,1,1,1,13292,0,0,0,0,0,0,0
289,564,28825255,28777958,22257,7933,93,7955,0,0,-18,0,-18,1,1,1,13458,0,0,0,0,0,0,0
290,565,28838662,28866791,22309,7933,93,7955,0,0,-18,0,-18,1,1,1,13625,0,0,0,0,0,0,0
291,566,29806505,28804959,22257,7933,93,7955,0,0,-18,0,-18,1,1,1,16042,0,0,0,0,0,0,0
292,567,29017580,29975625,22321,7933,93,7955,0,0,-18,0,-18,1,1,1,12916,0,0,0,0,0,0,0
293,568,31035665,30959834,22257,7933,93,7955,0,0,-18,0,-18,1,1,1,13500,0,0,0,0,0,0,0
294,569,30556129,30415625,22345,7933,93,7955,0,0,-18,0,-18,1,1,1,13958,0,0,0,0,0,0,0
295,570,33167708,32253375,22257,7933,93,7955,0,0,-18,0,-18,1,1,1,14458,0,0,0,0,0,0,0
296,571,33687204,33644917,22885,7933,93,7955,0,0,-18,0,-18,1,1,1,15166,0,0,0,0,0,0,0
297,572,33945005,34988167,22557,7933,93,7955,0,0,-18,0,-18,1,1,1,15125,0,0,0,0,0,0,0
298,573,38631163,36988041,22257,7933,93,7955,0,0,-18,0,-18,1,1,1,15500,0,0,0,0,0,0,0
299,574,52085295,53625375,22409,7933,93,7955,0,0,-18,0,-18,1,1,1,19333,0,0,0,0,0,0,0
300,575,65699584,63358500,22257,7933,96,7955,0,0,-18,0,-18,1,1,1,23459,0,0,0,0,0,0,0
301,576,63149370,65228333,22321,7934,94,7956,0,0,-18,0,-18,1,1,1,27625,0,0,0,0,0,0,0
302,577,70520542,68477250,22397,7933,93,7955,0,0,-18,0,-18,1,1,1,20166,0,0,0,0,0,0,0
303,578,64325995,66399583,22321,7933,93,7955,0,0,-18,0,-18,1,1,1,19375,0,0,0,0,0,0,0
304,579,64375631,62217125,22257,7933,93,7955,0,0,-18,0,-18,1,1,1,29625,0,0,0,0,0,0,0
305,580,62353834,62953375,22973,7933,93,7955,0,0,-18,0,-18,1,1,1,29375,0,0,0,0,0,0,0
306,581,51857583,51657375,22557,7933,93,7955,0,0,-18,0,-18,1,1,1,25167,0,0,0,0,0,0,0
307,582,49127578,50794542,22321,7933,93,7955,0,0,-18,0,-18,1,1,1,23500,0,0,0,0,0,0,0
308,583,52240293,50651125,22345,7933,93,7955,0,0,-18,0,-18,1,1,1,19791,0,0,0,0,0,0,0
309,584,43247167,44889292,22321,7933,96,7955,0,0,-18,0,-18,1,1,1,19417,0,0,0,0,0,0,0
310,585,52070874,52048875,22257,7933,93,7955,0,0,-18,0,-18,1,1,1,23666,0,0,0,0,0,0,0
311,586,56093670,54365083,22309,7933,93,7955,0,0,-18,0,-18,1,1,1,27334,0,0,0,0,0,0,0
312,587,50331208,51999625,22409,7933,93,7955,0,0,-18,0,-18,1,1,1,22416,0,0,0,0,0,0,0
313,588,54521456,52895458,22257,7933,93,7955,0,0,-18,0,-18,1,1,1,23500,0,0,0,0,0,0,0
314,589,51705498,53220042,22321,7933,93,7955,0,0,-18,0,-18,1,1,1,23292,0,0,0,0,0,0,0
315,590,58878749,54916917,22961,7933,93,7955,0,0,-18,0,-18,1,1,1,22709,0,0,0,0,0,0,0
316,591,57144626,61137625,22569,7934,94,7956,0,0,-18,0,-18,1,1,1,29417,0,0,0,0,0,0,0
317,592,65505124,63683625,22257,7933,93,7955,0,0,-18,0,-18,1,1,1,30292,0,0,0,0,0,0,0
318,593,51283247,53030375,22409,7933,96,7955,0,0,-18,0,-18,1,1,1,23458,0,0,0,0,0,0,0
319,594,54020501,52419000,22309,7933,93,7955,0,0,-18,0,-18,1,1,1,23458,0,0,0,0,0,0,0
320,595,51157087,52652917,22321,7933,93,7955,0,0,-18,0,-18,1,1,1,23583,0,0,0,0,0,0,0
321,596,55080454,53273667,22345,7933,93,7955,0,0,-18,0,-18,1,1,1,25500,0,0,0,0,0,0,0
322,597,51786541,53283709,22321,7933,93,7955,0,0,-18,0,-18,1,1,1,26667,0,0,0,0,0,0,0
323,598,44849377,45190375,22309,7933,93,7955,0,0,-18,0,-18,1,1,1,22958,0,0,0,0,0,0,0
324,599,45061286,42766167,22909,7933,93,7955,0,0,-18,0,-18,1,1,1,19250,0,0,0,0,0,0,0
325,600,39942245,42275750,22569,7933,93,7955,0,0,-18,0,-18,1,1,1,19250,0,0,0,0,0,0,0
326,601,39253167,39240000,22257,7933,93,7955,0,0,-18,0,-18,1,1,1,19584,0,0,0,0,0,0,0
327,602,40972795,39615375,22257,7933,93,7955,0,0,-18,0,-18,1,1,1,17041,0,0,0,0,0,0,0
328,603,35048369,36365792,22461,7933,96,7955,0,0,-18,0,-18,1,1,1,16458,0,0,0,0,0,0,0
329,604,33609665,33649166,22257,7933,93,7955,0,0,-18,0,-18,1,1,1,16916,0,0,0,0,0,0,0
330,605,33913873,32799875,22257,7933,93,7955,0,0,-18,0,-18,1,1,1,14333,0,0,0,0,0,0,0
331,606,31178209,32263625,22321,7934,94,7956,0,0,-18,0,-18,1,1,1,14750,0,0,0,0,0,0,0
332,607,32423540,32337583,22257,7933,93,7955,0,0,-18,0,-18,1,1,1,14375,0,0,0,0,0,0,0
333,608,32606378,32638750,22345,7933,93,7955,0,0,-18,0,-18,1,1,1,14334,0,0,0,0,0,0,0
334,609,32813582,31750083,22309,7933,93,7955,0,0,-18,0,-18,1,1,1,15208,0,0,0,0,0,0,0
335,610,31856872,32899417,22321,7933,93,7955,0,0,-18,0,-18,1,1,1,14750,0,0,0,0,0,0,0
336,611,33338043,33290959,22257,7933,93,7955,0,0,-18,0,-18,1,1,1,14917,0,0,0,0,0,0,0
337,612,35682205,34553666,22257,7933,93,7955,0,0,-18,0,-18,1,1,1,15000,0,0,0,0,0,0,0
338,613,33708289,33731125,22973,7933,93,7955,0,0,-18,0,-18,1,1,1,15167,0,0,0,0,0,0,0
339,614,31743500,32823084,22505,7933,93,7955,0,0,-18,0,-18,1,1,1,15084,0,0,0,0,0,0,0
340,615,35556372,34352334,22257,7933,93,7955,0,0,-18,0,-18,1,1,1,19417,0,0,0,0,0,0,0
341,616,37275128,38433083,22373,7933,93,7955,0,0,-18,0,-18,1,1,1,16708,0,0,0,0,0,0,0
342,617,47071337,46898625,22257,7933,93,7955,0,0,-18,0,-18,1,1,1,18959,0,0,0,0,0,0,0
343,618,50382368,48890250,22345,7933,96,7955,0,0,-18,0,-18,1,1,1,19208,0,0,0,0,0,0,0
344,619,59201546,60617250,22321,7933,93,7955,0,0,-18,0,-18,1,1,1,23458,0,0,0,0,0,0,0
345,620,67325204,65386959,22257,7933,93,7955,0,0,-18,0,-18,1,1,1,29375,0,0,0,0,0,0,0
346,621,62900878,64781958,22461,7934,94,7956,0,0,-18,0,-18,1,1,1,29500,0,0,0,0,0,0,0
347,622,67725911,65607458,22257,7933,93,7955,0,0,-18,0,-18,1,1,1,29750,0,0,0,0,0,0,0
348,623,53128339,53654666,22885,7933,93,7955,0,0,-18,0,-18,1,1,1,28792,0,0,0,0,0,0,0
349,624,47965746,48159750,22593,7933,93,7955,0,0,-18,0,-18,1,1,1,22708,0,0,0,0,0,0,0
350,625,44226877,45649125,22373,7933,93,7955,0,0,-18,0,-18,1,1,1,19000,0,0,0,0,0,0,0
351,626,49471210,49263667,22257,7933,93,7955,0,0,-18,0,-18,1,1,1,21792,0,0,0,0,0,0,0
352,627,51046285,49499166,22257,7933,96,7955,0,0,-18,0,-18,1,1,1,38667,0,0,0,0,0,0,0
353,628,51026459,52645583,22409,7933,93,7955,0,0,-18,0,-18,1,1,1,22875,0,0,0,0,0,0,0
354,629,55686626,54143500,22257,7933,93,7955,0,0,-18,0,-18,1,1,1,22833,0,0,0,0,0,0,0
355,630,59693332,61081333,22373,7933,93,7955,0,0,-18,0,-18,1,1,1,23000,0,0,0,0,0,0,0
356,631,60542084,59104541,22345,7933,93,7955,0,0,-18,0,-18,1,1,1,29416,0,0,0,0,0,0,0
357,632,53333956,54808709,22321,7933,93,7955,0,0,-18,0,-18,1,1,1,25458,0,0,0,0,0,0,0
358,633,57168126,54271625,22821,7933,93,7955,0,0,-18,0,-18,1,1,1,23209,0,0,0,0,0,0,0
359,634,49112919,51978250,22709,7933,93,7955,0,0,-18,0,-18,1,1,1,23125,0,0,0,0,0,0,0
360,635,58949410,57421417,22257,7933,93,7955,0,0,-18,0,-18,1,1,1,27750,0,0,0,0,0,0,0
361,636,50956208,52406375,22321,7934,97,7956,0,0,-18,0,-18,1,1,1,23250,0,0,0,0,0,0,0
362,637,53697131,52032209,22345,7933,93,7955,0,0,-18,0,-18,1,1,1,22458,0,0,0,0,0,0,0
363,638,51117539,52758500,22373,7933,93,7955,0,0,-18,0,-18,1,1,1,24958,0,0,0,0,0,0,0
364,639,53965914,52433708,22257,7933,93,7955,0,0,-18,0,-18,1,1,1,23875,0,0,0,0,0,0,0
365,640,45493252,47124834,22409,7933,93,7955,0,0,-18,0,-18,1,1,1,23041,0,0,0,0,0,0,0
366,641,42158540,41873500,22257,7933,93,7955,0,0,-18,0,-18,1,1,1,20000,0,0,0,0,0,0,0
367,642,41411288,39630167,22821,7933,93,7955,0,0,-18,0,-18,1,1,1,19542,0,0,0,0,0,0,0
368,643,36051128,37872375,22621,7933,93,7955,0,0,-18,0,-18,1,1,1,16917,0,0,0,0,0,0,0
369,644,38080710,38271791,22345,7933,93,7955,0,0,-18,0,-18,1,1,1,17666,0,0,0,0,0,0,0
370,645,39278082,37913416,22257,7933,93,7955,0,0,-18,0,-18,1,1,1,18333,0,0,0,0,0,0,0
371,646,40400169,41681750,22321,7933,93,7955,0,0,-18,0,-18,1,1,1,18125,0,0,0,0,0,0,0
372,647,38320869,38268208,22257,7933,96,7955,0,0,-18,0,-18,1,1,1,17542,0,0,0,0,0,0,0
373,648,39662420,38592208,22345,7933,93,7955,0,0,-18,0,-18,1,1,1,16917,0,0,0,0,0,0,0
374,649,39557453,40632417,22373,7933,93,7955,0,0,-18,0,-18,1,1,1,19584,0,0,0,0,0,0,0
375,650,44937543,44901750,22257,7933,93,7955,0,0,-18,0,-18,1,1,1,19709,0,0,0,0,0,0,0
376,651,54897207,53067584,22257,7934,94,7956,0,0,-18,0,-18,1,1,1,23916,0,0,0,0,0,0,0
377,652,62326580,63982750,22409,7933,93,7955,0,0,-18,0,-18,1,1,1,28000,0,0,0,0,0,0,0
378,653,68183213,64623166,22677,7933,93,7955,0,0,-18,0,-18,1,1,1,28250,0,0,0,0,0,0,0
379,654,59757828,63309500,45049,7933,93,7955,0,0,-18,0,-18,1,1,1,29458,0,0,0,0,0,0,0
380,655,55621791,53892583,28073,7933,93,7955,0,0,-18,0,-18,1,1,1,29500,0,0,0,0,0,0,0
381,656,56089546,57822042,22321,7933,93,7955,0,0,-18,0,-18,1,1,1,24334,0,0,0,0,0,0,0
382,657,54624583,52924250,22309,7933,96,7955,0,0,-18,0,-18,1,1,1,25000,0,0,0,0,0,0,0
383,658,49157623,50846125,22409,7933,93,7955,0,0,-18,0,-18,1,1,1,23583,0,0,0,0,0,0,0
384,659,43908249,43860792,22257,7933,93,7955,0,0,-18,0,-18,1,1,1,20959,0,0,0,0,0,0,0
385,660,53807754,52307291,22257,7933,93,7955,0,0,-18,0,-18,1,1,1,28125,0,0,0,0,0,0,0
386,661,50468996,51874875,22373,7933,93,7955,0,0,-18,0,-18,1,1,1,37458,0,0,0,0,0,0,0
387,662,55160459,53265500,22345,7933,93,7955,0,0,-18,0,-18,1,1,1,24625,0,0,0,0,0,0,0
388,663,56472167,56026750,22885,7933,93,7955,0,0,-18,0,-18,1,1,1,24000,0,0,0,0,0,0,0
389,664,63368171,63489666,22505,7933,93,7955,0,0,-18,0,-18,1,1,1,28333,0,0,0,0,0,0,0
390,665,62423828,64548833,22461,7933,93,7955,0,0,-18,0,-18,1,1,1,29125,0,0,0,0,0,0,0
391,666,56005336,54169416,22257,7934,97,7956,0,0,-18,0,-18,1,1,1,23333,0,0,0,0,0,0,0
392,667,51459707,53162417,22321,7933,93,7955,0,0,-18,0,-18,1,1,1,22833,0,0,0,0,0,0,0
393,668,54299753,52843333,22345,7933,93,7955,0,0,-18,0,-18,1,1,1,22708,0,0,0,0,0,0,0
394,669,52551161,53882834,22373,7933,93,7955,0,0,-18,0,-18,1,1,1,23750,0,0,0,0,0,0,0
395,670,55165838,53550916,22257,7933,93,7955,0,0,-18,0,-18,1,1,1,24083,0,0,0,0,0,0,0
396,671,51627084,53135375,22409,7933,93,7955,0,0,-18,0,-18,1,1,1,23208,0,0,0,0,0,0,0
397,672,57227119,54625209,22821,7933,93,7955,0,0,-18,0,-18,1,1,1,23375,0,0,0,0,0,0,0
398,673,48189505,50924334,22621,7933,93,7955,0,0,-18,0,-18,1,1,1,23667,0,0,0,0,0,0,0
399,674,54527040,53015375,22345,7931,93,7953,0,0,-18,0,-18,1,1,1,22709,0,0,0,0,0,0,0
400,675,48622667,50189542,22321,7933,96,7955,0,0,-18,0,-18,1,1,1,23334,0,0,0,0,0,0,0
401,676,48646166,48647625,22257,7933,93,7955,0,0,-18,0,-18,1,1,1,22875,0,0,0,0,0,0,0
402,677,42707704,41407042,22397,7933,93,7955,0,0,-18,0,-18,1,1,1,19084,0,0,0,0,0,0,0
403,678,39535544,40895709,22321,7933,93,7955,0,0,-18,0,-18,1,1,1,18833,0,0,0,0,0,0,0
404,679,37193708,37135500,22257,7933,93,7955,0,0,-18,0,-18,1,1,1,16959,0,0,0,0,0,0,0
405,680,40593877,39034250,22257,7933,93,7955,0,0,-18,0,-18,1,1,1,18375,0,0,0,0,0,0,0
406,681,35520080,37071542,22409,7934,94,7956,0,0,-18,0,-18,1,1,1,16459,0,0,0,0,0,0,0
407,682,39766710,39361625,22257,7933,93,7955,0,0,-18,0,-18,1,1,1,17125,0,0,0,0,0,0,0
408,683,40783334,39081375,22873,7933,93,7955,0,0,-18,0,-18,1,1,1,17416,0,0,0,0,0,0,0
409,684,36042418,37946291,22569,7933,93,7955,0,0,-18,0,-18,1,1,1,16250,0,0,0,0,0,0,0
410,685,40527082,40588125,22345,7933,93,7955,0,0,-18,0,-18,1,1,1,18541,0,0,0,0,0,0,0
411,686,50102163,48535833,22257,7933,93,7955,0,0,-18,0,-18,1,1,1,20875,0,0,0,0,0,0,0
412,687,46000339,47493250,22321,7933,96,7955,0,0,-18,0,-18,1,1,1,19875,0,0,0,0,0,0,0
413,688,51490165,51393667,22309,7933,93,7955,0,0,-18,0,-18,1,1,1,22791,0,0,0,0,0,0,0
414,689,52541334,50888167,22345,7933,93,7955,0,0,-18,0,-18,1,1,1,26542,0,0,0,0,0,0,0
415,690,55389914,57072666,22321,7933,93,7955,0,0,-18,0,-18,1,1,1,30417,0,0,0,0,0,0,0
416,691,53726539,51808250,22257,7933,93,7955,0,0,-18,0,-18,1,1,1,25042,0,0,0,0,0,0,0
417,692,52055422,53961042,22461,7933,93,7955,0,0,-18,0,-18,1,1,1,22250,0,0,0,0,0,0,0
418,693,55146038,52286000,22821,7933,93,7955,0,0,-18,0,-18,1,1,1,22917,0,0,0,0,0,0,0
419,694,59215463,61801000,22569,7933,93,7955,0,0,-18,0,-18,1,1,1,23625,0,0,0,0,0,0,0
420,695,70383034,68418500,22345,7933,93,7955,0,0,-18,0,-18,1,1,1,29709,0,0,0,0,0,0,0
421,696,69275632,71299625,22373,7934,94,7956,0,0,-18,0,-18,1,1,1,31417,0,0,0,0,0,0,0
422,697,68269908,66061417,22257,7933,96,7955,0,0,-18,0,-18,1,1,1,33125,0,0,0,0,0,0,0
423,698,52231881,54458417,22409,7933,93,7955,0,0,-18,0,-18,1,1,1,29708,0,0,0,0,0,0,0
424,699,54894287,53123000,22257,7933,93,7955,0,0,-18,0,-18,1,1,1,22625,0,0,0,0,0,0,0
425,700,43705038,45459709,22373,7933,93,7955,0,0,-18,0,-18,1,1,1,24792,0,0,0,0,0,0,0
426,701,44402416,44441083,22345,7933,93,7955,0,0,-18,0,-18,1,1,1,20167,0,0,0,0,0,0,0
427,702,48839960,46132875,22821,7933,93,7955,0,0,-18,0,-18,1,1,1,19250,0,0,0,0,0,0,0
428,703,42875126,45445750,22569,7933,93,7955,0,0,-18,0,-18,1,1,1,19792,0,0,0,0,0,0,0
429,704,53096875,52961375,22257,7933,93,7955,0,0,-18,0,-18,1,1,1,25750,0,0,0,0,0,0,0
430,705,56568749,55170584,22397,7933,93,7955,0,0,-18,0,-18,1,1,1,23542,0,0,0,0,0,0,0
431,706,48976879,50459208,22321,7933,96,7955,0,0,-18,0,-18,1,1,1,22500,0,0,0,0,0,0,0
432,707,52340999,50778125,22257,7933,93,7955,0,0,-18,0,-18,1,1,1,23292,0,0,0,0,0,0,0
433,708,47944083,49533333,22409,7933,93,7955,0,0,-18,0,-18,1,1,1,22791,0,0,0,0,0,0,0
434,709,42106829,42085750,22309,7933,93,7955,0,0,-18,0,-18,1,1,1,19500,0,0,0,0,0,0,0
435,710,39835169,38755708,22257,7933,93,7955,0,0,-18,0,-18,1,1,1,19791,0,0,0,0,0,0,0
436,711,35771243,36794875,22321,7934,94,7956,0,0,-18,0,-18,1,1,1,16625,0,0,0,0,0,0,0
437,712,32950546,33042500,22345,7933,93,7955,0,0,-18,0,-18,1,1,1,15000,0,0,0,0,0,0,0
438,713,36755915,34840708,22821,7933,93,7955,0,0,-18,0,-18,1,1,1,15375,0,0,0,0,0,0,0
439,714,32617334,34488083,22569,7933,93,7955,0,0,-18,0,-18,1,1,1,15416,0,0,0,0,0,0,0
440,715,33541794,33359750,22309,7933,93,7955,0,0,-18,0,-18,1,1,1,16500,0,0,0,0,0,0,0
441,716,35164251,34115750,22257,7933,93,7955,0,0,-18,0,-18,1,1,1,20375,0,0,0,0,0,0,0
442,717,38505993,39503958,22409,7933,93,7955,0,0,-18,0,-18,1,1,1,18625,0,0,0,0,0,0,0
443,718,35248421,35378083,22257,7933,96,7955,0,0,-18,0,-18,1,1,1,16458,0,0,0,0,0,0,0
444,719,39718624,38379292,22257,7933,93,7955,0,0,-18,0,-18,1,1,1,17208,0,0,0,0,0,0,0
445,720,42025331,43157833,22321,7933,93,7955,0,0,-18,0,-18,1,1,1,19417,0,0,0,0,0,0,0
446,721,52319586,52208958,22397,7933,93,7955,0,0,-18,0,-18,1,1,1,23667,0,0,0,0,0,0,0
447,722,65768539,64051250,22257,7933,93,7955,0,0,-18,0,-18,1,1,1,28750,0,0,0,0,0,0,0
448,723,65077714,66746917,22321,7933,93,7955,0,0,-18,0,-18,1,1,1,28292,0,0,0,0,0,0,0
449,724,69362036,65479958,22909,7933,93,7955,0,0,-18,0,-18,1,1,1,28125,0,0,0,0,0,0,0
450,725,61791289,65475583,22621,7933,93,7955,0,0,-18,0,-18,1,1,1,28625,0,0,0,0,0,0,0
451,726,58477457,57217250,22257,7934,94,7956,0,0,-18,0,-18,1,1,1,29208,0,0,0,0,0,0,0
452,727,56490831,57970417,22409,7933,93,7955,0,0,-18,0,-18,1,1,1,23667,0,0,0,0,0,0,0
453,728,55145502,53301792,22257,7933,96,7955,0,0,-18,0,-18,1,1,1,23458,0,0,0,0,0,0,0
454,729,46477500,48143416,22373,7933,93,7955,0,0,-18,0,-18,1,1,1,19666,0,0,0,0,0,0,0
455,730,45601375,45766375,22345,7933,93,7955,0,0,-18,0,-18,1,1,1,24875,0,0,0,0,0,0,0
456,731,45420039,44206583,22257,7933,93,7955,0,0,-18,0,-18,1,1,1,20958,0,0,0,0,0,0,0
457,732,43718878,44928833,22321,7933,93,7955,0,0,-18,0,-18,1,1,1,19250,0,0,0,0,0,0,0
458,733,46210832,46012667,22257,7933,93,7955,0,0,-18,0,-18,1,1,1,21333,0,0,0,0,0,0,0
459,734,52125997,49022167,22961,7933,93,7955,0,0,-18,0,-18,1,1,1,82042,0,0,0,0,0,0,0
460,735,51708836,54832083,22569,7933,93,7955,0,0,-18,0,-18,1,1,1,26541,0,0,0,0,0,0,0
461,736,54341327,52461750,22257,7933,93,7955,0,0,-18,0,-18,1,1,1,24167,0,0,0,0,0,0,0
462,737,69363959,71157667,22409,7933,93,7955,0,0,-18,0,-18,1,1,1,33208,0,0,0,0,0,0,0
463,738,67755840,65702875,22309,7933,96,7955,0,0,-18,0,-18,1,1,1,28833,0,0,0,0,0,0,0
464,739,57887081,59844333,22321,7933,93,7955,0,0,-18,0,-18,1,1,1,29417,0,0,0,0,0,0,0
465,740,54395791,52663375,22345,7933,93,7955,0,0,-18,0,-18,1,1,1,23083,0,0,0,0,0,0,0
466,741,51133248,52916500,22321,7934,94,7956,0,0,-18,0,-18,1,1,1,23333,0,0,0,0,0,0,0
467,742,56997455,54567000,22309,7933,93,7955,0,0,-18,0,-18,1,1,1,23375,0,0,0,0,0,0,0
468,743,56663293,57455416,22973,7933,93,7955,0,0,-18,0,-18,1,1,1,29416,0,0,0,0,0,0,0
469,744,51376331,51452458,22505,7933,93,7955,0,0,-18,0,-18,1,1,1,23375,0,0,0,0,0,0,0
470,745,49943167,51436333,22321,7933,93,7955,0,0,-18,0,-18,1,1,1,28333,0,0,0,0,0,0,0
471,746,41596498,41680875,22397,7933,96,7955,0,0,-18,0,-18,1,1,1,19417,0,0,0,0,0,0,0
472,747,37898208,36744250,22257,7933,93,7955,0,0,-18,0,-18,1,1,1,17375,0,0,0,0,0,0,0
473,748,34538250,35690042,22321,7933,93,7955,0,0,-18,0,-18,1,1,1,17125,0,0,0,0,0,0,0
474,749,32477039,32466875,22257,7933,93,7955,0,0,-18,0,-18,1,1,1,14792,0,0,0,0,0,0,0
475,750,33678457,32580667,22257,7933,93,7955,0,0,-18,0,-18,1,1,1,14667,0,0,0,0,0,0,0
476,751,31273540,32329709,22409,7933,93,7955,0,0,-18,0,-18,1,1,1,14209,0,0,0,0,0,0,0
477,752,32258834,32253625,22309,7933,93,7955,0,0,-18,0,-18,1,1,1,15333,0,0,0,0,0,0,0
478,753,32439291,32410625,22257,7933,93,7955,0,0,-18,0,-18,1,1,1,15000,0,0,0,0,0,0,0
479,754,33205833,32116750,22257,7933,93,7955,0,0,-18,0,-18,1,1,1,15000,0,0,0,0,0,0,0
480,755,31413875,32430292,22321,7933,93,7955,0,0,-18,0,-18,1,1,1,14417,0,0,0,0,0,0,0
481,756,32849665,31811083,22909,7934,94,7956,0,0,-18,0,-18,1,1,1,15167,0,0,0,0,0,0,0
482,757,31102919,32168750,22505,7933,93,7955,0,0,-18,0,-18,1,1,1,14750,0,0,0,0,0,0,0
483,758,32791078,31743667,22257,7933,93,7955,0,0,-18,0,-18,1,1,1,15125,0,0,0,0,0,0,0
484,759,34651458,35674167,22373,7933,93,7955,0,0,-18,0,-18,1,1,1,15250,0,0,0,0,0,0,0
485,760,29474163,29445084,22257,7933,96,7955,0,0,-18,0,-18,1,1,1,13500,0,0,0,0,0,0,0
486,761,28526877,28523416,22345,7933,93,7955,0,0,-18,0,-18,1,1,1,13625,0,0,0,0,0,0,0
487,762,31096585,30161125,22257,7933,93,7955,0,0,-18,0,-18,1,1,1,13667,0,0,0,0,0,0,0
488,763,28855584,29767083,22321,7933,93,7955,0,0,-18,0,-18,1,1,1,13209,0,0,0,0,0,0,0
489,764,31452458,31460250,22257,7933,93,7955,0,0,-18,0,-18,1,1,1,13375,0,0,0,0,0,0,0
490,765,31837455,31756083,22257,7933,93,7955,0,0,-18,0,-18,1,1,1,14792,0,0,0,0,0,0,0
491,766,33340334,32349750,22397,7933,93,7955,0,0,-18,0,-18,1,1,1,14875,0,0,0,0,0,0,0
492,767,31431078,32431167,22321,7933,93,7955,0,0,-18,0,-18,1,1,1,14583,0,0,0,0,0,0,0
493,768,33147498,33158292,22257,7933,93,7955,0,0,-18,0,-18,1,1,1,15167,0,0,0,0,0,0,0
494,769,33149793,33109917,22257,7933,93,7955,0,0,-18,0,-18,1,1,1,15000,0,0,0,0,0,0,0
495,770,36307830,35052375,22257,7933,93,7955,0,0,-18,0,-18,1,1,1,18375,0,0,0,0,0,0,0
496,771,33860500,33724542,22973,7934,94,7956,0,0,-18,0,-18,1,1,1,14917,0,0,0,0,0,0,0
497,772,33484794,34438625,22505,7933,93,7955,0,0,-18,0,-18,1,1,1,15125,0,0,0,0,0,0,0
498,773,36447454,35626458,22309,7933,93,7955,0,0,-18,0,-18,1,1,1,19083,0,0,0,0,0,0,0
499,774,33792417,34887209,22321,7933,93,7955,0,0,-18,0,-18,1,1,1,18958,0,0,0,0,0,0,0
500,775,46378415,46285166,22257,7933,93,7955,0,0,-18,0,-18,1,1,1,18333,0,0,0,0,0,0,0
501,776,56366462,54241125,22345,7933,96,7955,0,0,-18,0,-18,1,1,1,19208,0,0,0,0,0,0,0
502,777,64167954,66152625,22321,7933,93,7955,0,0,-18,0,-18,1,1,1,28209,0,0,0,0,0,0,0
503,778,70164375,67810333,22309,7933,93,7955,0,0,-18,0,-18,1,1,1,28833,0,0,0,0,0,0,0
504,779,60590710,62891834,22409,7933,93,7955,0,0,-18,0,-18,1,1,1,29042,0,0,0,0,0,0,0
505,780,66613502,64714083,22257,7933,93,7955,0,0,-18,0,-18,1,1,1,31208,0,0,0,0,0,0,0
506,781,60481660,60299917,22885,7933,93,7955,0,0,-18,0,-18,1,1,1,28792,0,0,0,0,0,0,0
507,782,53251713,53926292,22645,7933,93,7955,0,0,-18,0,-18,1,1,1,22250,0,0,0,0,0,0,0
508,783,51520790,52976209,22321,7933,93,7955,0,0,-18,0,-18,1,1,1,29667,0,0,0,0,0,0,0
509,784,46048205,45943333,22257,7933,96,7955,0,0,-18,0,-18,1,1,1,19792,0,0,0,0,0,0,0
510,785,50762373,49423459,22345,7933,93,7955,0,0,-18,0,-18,1,1,1,19375,0,0,0,0,0,0,0
511,786,49679834,50987375,22373,7934,94,7956,0,0,-18,0,-18,1,1,1,19542,0,0,0,0,0,0,0
512,787,54256666,52699292,22257,7933,93,7955,0,0,-18,0,-18,1,1,1,22875,0,0,0,0,0,0,0
513,788,50282914,51908375,22409,7933,93,7955,0,0,-18,0,-18,1,1,1,23459,0,0,0,0,0,0,0
514,789,50469253,48590250,22257,7933,93,7955,0,0,-18,0,-18,1,1,1,19583,0,0,0,0,0,0,0
515,790,47078665,48820583,22373,7933,93,7955,0,0,-18,0,-18,1,1,1,22250,0,0,0,0,0,0,0
516,791,54734587,51666750,22821,7933,93,7955,0,0,-18,0,-18,1,1,1,23667,0,0,0,0,0,0,0
517,792,49951996,52992625,22657,7933,93,7955,0,0,-18,0,-18,1,1,1,23625,0,0,0,0,0,0,0
518,793,57374455,55854083,22257,7933,93,7955,0,0,-18,0,-18,1,1,1,23041,0,0,0,0,0,0,0
519,794,51611959,52889125,22373,7933,96,7955,0,0,-18,0,-18,1,1,1,27292,0,0,0,0,0,0,0
520,795,57086706,55323792,22345,7933,93,7955,0,0,-18,0,-18,1,1,1,23583,0,0,0,0,0,0,0
521,796,57951878,59743041,22321,7933,93,7955,0,0,-18,0,-18,1,1,1,28833,0,0,0,0,0,0,0
522,797,55300001,53796375,22257,7933,93,7955,0,0,-18,0,-18,1,1,1,24584,0,0,0,0,0,0,0
523,798,48559460,50178959,22461,7933,93,7955,0,0,-18,0,-18,1,1,1,23000,0,0,0,0,0,0,0
524,799,42277749,42287292,22257,7933,93,7955,0,0,-18,0,-18,1,1,1,19500,0,0,0,0,0,0,0
525,800,43017826,40967958,22821,7933,93,7955,0,0,-18,0,-18,1,1,1,19250,0,0,0,0,0,0,0
526,801,34612089,36591000,22569,7934,94,7956,0,0,-18,0,-18,1,1,1,17917,0,0,0,0,0,0,0
527,802,36730661,36761833,22345,7933,93,7955,0,0,-18,0,-18,1,1,1,16792,0,0,0,0,0,0,0
528,803,37933837,36753875,22309,7933,93,7955,0,0,-18,0,-18,1,1,1,17250,0,0,0,0,0,0,0
529,804,39394997,40558458,22321,7933,93,7955,0,0,-18,0,-18,1,1,1,21125,0,0,0,0,0,0,0
530,805,35268664,35277000,22257,7933,96,7955,0,0,-18,0,-18,1,1,1,16708,0,0,0,0,0,0,0
531,806,33688839,32555625,22257,7933,93,7955,0,0,-18,0,-18,1,1,1,15542,0,0,0,0,0,0,0
532,807,31598165,32712625,22409,7933,93,7955,0,0,-18,0,-18,1,1,1,14417,0,0,0,0,0,0,0
533,808,32581668,32558125,22257,7933,93,7955,0,0,-18,0,-18,1,1,1,14750,0,0,0,0,0,0,0
534,809,32205455,32213083,22309,7933,93,7955,0,0,-18,0,-18,1,1,1,14625,0,0,0,0,0,0,0
535,810,34803457,33746584,22257,7933,93,7955,0,0,-18,0,-18,1,1,1,14459,0,0,0,0,0,0,0
536,811,32605037,33568959,22321,7933,93,7955,0,0,-18,0,-18,1,1,1,14708,0,0,0,0,0,0,0
537,812,32002251,32040375,22345,7933,93,7955,0,0,-18,0,-18,1,1,1,17750,0,0,0,0,0,0,0
538,813,33495329,33467958,22257,7933,93,7955,0,0,-18,0,-18,1,1,1,14875,0,0,0,0,0,0,0
539,814,32922130,31878834,22257,7933,93,7955,0,0,-18,0,-18,1,1,1,15375,0,0,0,0,0,0,0
540,815,32362833,32342958,22885,7933,93,7955,0,0,-18,0,-18,1,1,1,14583,0,0,0,0,0,0,0
541,816,31165370,31925792,22557,7934,94,7956,0,0,-18,0,-18,1,1,1,17375,0,0,0,0,0,0,0
542,817,32906711,33152917,22345,7933,93,7955,0,0,-18,0,-18,1,1,1,14708,0,0,0,0,0,0,0
543,818,33226288,32172166,22257,7933,93,7955,0,0,-18,0,-18,1,1,1,14416,0,0,0,0,0,0,0
544,819,37212129,38244458,22321,7933,93,7955,0,0,-18,0,-18,1,1,1,16084,0,0,0,0,0,0,0
545,820,33630080,33568125,22257,7933,96,7955,0,0,-18,0,-18,1,1,1,14625,0,0,0,0,0,0,0
546,821,34440044,33403083,22257,7933,93,7955,0,0,-18,0,-18,1,1,1,16584,0,0,0,0,0,0,0
547,822,32357666,33395375,22461,7933,93,7955,0,0,-18,0,-18,1,1,1,14459,0,0,0,0,0,0,0
548,823,33047705,33054583,22257,7933,93,7955,0,0,-18,0,-18,1,1,1,15209,0,0,0,0,0,0,0
549,824,37527918,36316041,22257,7933,93,7955,0,0,-18,0,-18,1,1,1,15542,0,0,0,0,0,0,0
550,825,37385288,38511916,22321,7933,93,7955,0,0,-18,0,-18,1,1,1,16750,0,0,0,0,0,0,0
551,826,38255121,38172417,22257,7933,93,7955,0,0,-18,0,-18,1,1,1,18833,0,0,0,0,0,0,0
552,827,39681378,38599375,22345,7933,93,7955,0,0,-18,0,-18,1,1,1,17750,0,0,0,0,0,0,0
553,828,42642291,43620875,22373,7933,93,7955,0,0,-18,0,-18,1,1,1,19000,0,0,0,0,0,0,0
554,829,48767168,47014208,22821,7933,93,7955,0,0,-18,0,-18,1,1,1,19292,0,0,0,0,0,0,0
555,830,51855873,51929292,22505,7933,93,7955,0,0,-18,0,-18,1,1,1,22750,0,0,0,0,0,0,0
556,831,57140830,58717083,22409,7934,94,7956,0,0,-18,0,-18,1,1,1,24542,0,0,0,0,0,0,0
557,832,69823876,67679042,22309,7933,93,7955,0,0,-18,0,-18,1,1,1,29250,0,0,0,0,0,0,0
558,833,63555419,65517292,22321,7933,96,7955,0,0,-18,0,-18,1,1,1,30208,0,0,0,0,0,0,0
559,834,67526414,65428291,22345,7933,93,7955,0,0,-18,0,-18,1,1,1,31875,0,0,0,0,0,0,0
560,835,52019622,54241250,22321,7933,93,7955,0,0,-18,0,-18,1,1,1,26250,0,0,0,0,0,0,0
561,836,53805463,51954917,22309,7933,93,7955,0,0,-18,0,-18,1,1,1,22833,0,0,0,0,0,0,0
562,837,49007371,50818583,22409,7933,93,7955,0,0,-18,0,-18,1,1,1,28125,0,0,0,0,0,0,0
563,838,44177126,42961625,22821,7933,93,7955,0,0,-18,0,-18,1,1,1,21209,0,0,0,0,0,0,0
564,839,50304457,50030625,22505,7933,93,7955,0,0,-18,0,-18,1,1,1,19792,0,0,0,0,0,0,0
565,840,57007502,58229125,22321,7933,93,7955,0,0,-18,0,-18,1,1,1,24459,0,0,0,0,0,0,0
566,841,53160622,51635625,22397,7933,96,7955,0,0,-18,0,-18,1,1,1,22792,0,0,0,0,0,0,0
567,842,51436126,53080750,22321,7933,93,7955,0,0,-18,0,-18,1,1,1,24125,0,0,0,0,0,0,0
568,843,66872455,64616792,22257,7933,93,7955,0,0,-18,0,-18,1,1,1,23041,0,0,0,0,0,0,0
569,844,53804919,56039625,22409,7933,93,7955,0,0,-18,0,-18,1,1,1,29000,0,0,0,0,0,0,0
570,845,54381333,52906042,22309,7933,93,7955,0,0,-18,0,-18,1,1,1,23584,0,0,0,0,0,0,0
571,846,47288831,48672709,22321,7934,94,7956,0,0,-18,0,-18,1,1,1,23583,0,0,0,0,0,0,0
572,847,50195168,48742166,22909,7933,93,7955,0,0,-18,0,-18,1,1,1,23750,0,0,0,0,0,0,0
573,848,45656789,45957625,22505,7933,93,7955,0,0,-18,0,-18,1,1,1,23500,0,0,0,0,0,0,0
574,849,40417168,41644209,22321,7933,93,7955,0,0,-18,0,-18,1,1,1,19250,0,0,0,0,0,0,0
575,850,43143041,43132584,22309,7933,93,7955,0,0,-18,0,-18,1,1,1,20542,0,0,0,0,0,0,0
576,851,37815999,36652167,22345,7933,96,7955,0,0,-18,0,-18,1,1,1,20292,0,0,0,0,0,0,0
577,852,35756915,36925125,22321,7933,93,7955,0,0,-18,0,-18,1,1,1,17000,0,0,0,0,0,0,0
578,853,36077331,36067667,22257,7933,93,7955,0,0,-18,0,-18,1,1,1,17125,0,0,0,0,0,0,0
579,854,33558290,32530083,22257,7933,93,7955,0,0,-18,0,-18,1,1,1,15417,0,0,0,0,0,0,0
580,855,31209921,32173125,22321,7933,93,7955,0,0,-18,0,-18,1,1,1,15166,0,0,0,0,0,0,0
581,856,32692246,32591833,22397,7933,93,7955,0,0,-18,0,-18,1,1,1,14292,0,0,0,0,0,0,0
582,857,33936124,33919083,22257,7933,93,7955,0,0,-18,0,-18,1,1,1,15208,0,0,0,0,0,0,0
583,858,34676000,33498209,22257,7933,93,7955,0,0,-18,0,-18,1,1,1,17209,0,0,0,0,0,0,0
584,859,32897539,34063250,22321,7933,93,7955,0,0,-18,0,-18,1,1,1,18625,0,0,0,0,0,0,0
585,860,38562338,37071833,22821,7933,93,7955,0,0,-18,0,-18,1,1,1,18667,0,0,0,0,0,0,0
586,861,38947291,39058291,22593,7934,94,7956,0,0,-18,0,-18,1,1,1,17292,0,0,0,0,0,0,0
587,862,41300956,42354084,22373,7933,93,7955,0,0,-18,0,-18,1,1,1,17250,0,0,0,0,0,0,0
588,863,47425869,47578458,22257,7933,93,7955,0,0,-18,0,-18,1,1,1,21458,0,0,0,0,0,0,0
589,864,59681173,57764417,22257,7933,93,7955,0,0,-18,0,-18,1,1,1,23375,0,0,0,0,0,0,0
590,865,62336537,64196750,22409,7933,96,7955,0,0,-18,0,-18,1,1,1,28250,0,0,0,0,0,0,0
591,866,67611753,65758500,22309,7933,93,7955,0,0,-18,0,-18,1,1,1,28750,0,0,0,0,0,0,0
592,867,53170330,55014042,22321,7933,93,7955,0,0,-18,0,-18,1,1,1,28833,0,0,0,0,0,0,0
593,868,52916835,51434584,22345,7933,93,7955,0,0,-18,0,-18,1,1,1,23458,0,0,0,0,0,0,0
594,869,50219204,51560667,22321,7933,93,7955,0,0,-18,0,-18,1,1,1,23584,0,0,0,0,0,0,0
595,870,51131378,48787083,22873,7933,93,7955,0,0,-18,0,-18,1,1,1,22750,0,0,0,0,0,0,0
596,871,40277373,42733584,22657,7933,93,7955,0,0,-18,0,-18,1,1,1,20416,0,0,0,0,0,0,0
597,872,47010954,47051500,22257,7933,93,7955,0,0,-18,0,-18,1,1,1,24583,0,0,0,0,0,0,0
598,873,56567084,54996584,22257,7933,93,7955,0,0,-18,0,-18,1,1,1,25958,0,0,0,0,0,0,0
599,874,45783169,47169208,22321,7933,96,7955,0,0,-18,0,-18,1,1,1,23083,0,0,0,0,0,0,0
600,875,47796916,47784834,22397,7933,93,7955,0,0,-18,0,-18,1,1,1,20208,0,0,0,0,0,0,0
601,876,52803665,51200459,22257,7934,94,7956,0,0,-18,0,-18,1,1,1,23375,0,0,0,0,0,0,0
602,877,50056453,51631292,22321,7933,93,7955,0,0,-18,0,-18,1,1,1,25458,0,0,0,0,0,0,0
603,878,53366504,51610750,22345,7933,93,7955,0,0,-18,0,-18,1,1,1,24542,0,0,0,0,0,0,0
604,879,50879210,52636042,22373,7933,93,7955,0,0,-18,0,-18,1,1,1,22416,0,0,0,0,0,0,0
605,880,55941957,52978208,22821,7933,93,7955,0,0,-18,0,-18,1,1,1,23375,0,0,0,0,0,0,0
606,881,56671958,59565750,22657,7933,93,7955,0,0,-18,0,-18,1,1,1,31167,0,0,0,0,0,0,0
607,882,59050749,57496250,22257,7933,93,7955,0,0,-18,0,-18,1,1,1,22500,0,0,0,0,0,0,0
608,883,59880539,61019167,22373,7933,93,7955,0,0,-18,0,-18,1,1,1,24583,0,0,0,0,0,0,0
609,884,54374162,53234458,22345,7933,96,7955,0,0,-18,0,-18,1,1,1,23667,0,0,0,0,0,0,0
610,885,51688916,53088583,22321,7933,93,7955,0,0,-18,0,-18,1,1,1,26000,0,0,0,0,0,0,0
611,886,53097207,51813000,22257,7933,93,7955,0,0,-18,0,-18,1,1,1,24042,0,0,0,0,0,0,0
612,887,43883249,45279292,22461,7933,93,7955,0,0,-18,0,-18,1,1,1,19500,0,0,0,0,0,0,0
613,888,42989626,42930459,22257,7933,93,7955,0,0,-18,0,-18,1,1,1,19625,0,0,0,0,0,0,0
614,889,42996037,41734250,22257,7933,93,7955,0,0,-18,0,-18,1,1,1,19792,0,0,0,0,0,0,0
615,890,42828254,42693125,22885,7933,93,7955,0,0,-18,0,-18,1,1,1,19292,0,0,0,0,0,0,0
616,891,40361747,41760458,22593,7934,94,7956,0,0,-18,0,-18,1,1,1,19333,0,0,0,0,0,0,0
617,892,39382547,38223917,22309,7933,93,7955,0,0,-18,0,-18,1,1,1,17375,0,0,0,0,0,0,0
618,893,38600035,39761291,22321,7933,93,7955,0,0,-18,0,-18,1,1,1,18375,0,0,0,0,0,0,0
619,894,35897087,35818000,22257,7933,96,7955,0,0,-18,0,-18,1,1,1,16875,0,0,0,0,0,0,0
620,895,33812664,32837958,22345,7933,93,7955,0,0,-18,0,-18,1,1,1,14792,0,0,0,0,0,0,0
621,896,31432878,32432917,22321,7933,93,7955,0,0,-18,0,-18,1,1,1,14791,0,0,0,0,0,0,0
622,897,32567955,32560958,22257,7933,93,7955,0,0,-18,0,-18,1,1,1,14750,0,0,0,0,0,0,0
623,898,32551836,32532500,22309,7933,93,7955,0,0,-18,0,-18,1,1,1,17334,0,0,0,0,0,0,0
624,899,33438995,32342041,22257,7933,93,7955,0,0,-18,0,-18,1,1,1,15375,0,0,0,0,0,0,0
625,900,30904959,31950750,22409,7933,93,7955,0,0,-18,0,-18,1,1,1,17542,0,0,0,0,0,0,0
626,901,31829711,31845333,22257,7933,93,7955,0,0,-18,0,-18,1,1,1,14250,0,0,0,0,0,0,0
627,902,31826119,31797333,22257,7933,93,7955,0,0,-18,0,-18,1,1,1,15250,0,0,0,0,0,0,0
628,903,33190626,32151000,22257,7933,93,7955,0,0,-18,0,-18,1,1,1,14708,0,0,0,0,0,0,0
629,904,31782794,31672000,22885,7933,93,7955,0,0,-18,0,-18,1,1,1,14250,0,0,0,0,0,0,0
630,905,30857829,31979250,22645,7933,93,7955,0,0,-18,0,-18,1,1,1,14375,0,0,0,0,0,0,0
631,906,32113917,32087500,22257,7934,94,7956,0,0,-18,0,-18,1,1,1,17208,0,0,0,0,0,0,0
632,907,34488420,33160041,22257,7933,93,7955,0,0,-18,0,-18,1,1,1,14834,0,0,0,0,0,0,0
633,908,38116998,39381916,22321,7933,93,7955,0,0,-18,0,-18,1,1,1,18250,0,0,0,0,0,0,0
634,909,35350710,35329416,22257,7933,96,7955,0,0,-18,0,-18,1,1,1,15542,0,0,0,0,0,0,0
635,910,35066537,34015417,22345,7933,93,7955,0,0,-18,0,-18,1,1,1,18084,0,0,0,0,0,0,0
636,911,32533377,33599625,22373,7933,93,7955,0,0,-18,0,-18,1,1,1,14541,0,0,0,0,0,0,0
637,912,33674914,33653375,22257,7933,93,7955,0,0,-18,0,-18,1,1,1,15542,0,0,0,0,0,0,0
638,913,37981044,36832375,22257,7933,93,7955,0,0,-18,0,-18,1,1,1,15250,0,0,0,0,0,0,0
639,914,40862374,41797458,22321,7933,93,7955,0,0,-18,0,-18,1,1,1,16625,0,0,0,0,0,0,0
640,915,49635622,49601416,22345,7933,93,7955,0,0,-18,0,-18,1,1,1,18667,0,0,0,0,0,0,0
641,916,64938254,62876208,22257,7933,93,7955,0,0,-18,0,-18,1,1,1,28500,0,0,0,0,0,0,0
642,917,66044874,65079292,22937,7933,93,7955,0,0,-18,0,-18,1,1,1,28666,0,0,0,0,0,0,0
643,918,64126789,65267291,22593,7933,93,7955,0,0,-18,0,-18,1,1,1,26584,0,0,0,0,0,0,0
644,919,79894661,81646333,22321,7933,93,7955,0,0,-18,0,-18,1,1,1,31000,0,0,0,0,0,0,0
645,920,67372582,65189792,22309,7933,96,7955,0,0,-18,0,-18,1,1,1,29250,0,0,0,0,0,0,0
646,921,65048374,67205917,22409,7934,94,7956,0,0,-18,0,-18,1,1,1,29041,0,0,0,0,0,0,0
647,922,55506251,54055667,22257,7933,93,7955,0,0,-18,0,-18,1,1,1,30167,0,0,0,0,0,0,0
648,923,45297078,46734333,22321,7933,93,7955,0,0,-18,0,-18,1,1,1,22750,0,0,0,0,0,0,0
649,924,45279834,45364500,22397,7933,93,7955,0,0,-18,0,-18,1,1,1,20166,0,0,0,0,0,0,0
650,925,47729499,44674916,22821,7933,93,7955,0,0,-18,0,-18,1,1,1,20583,0,0,0,0,0,0,0
651,926,41716255,44759292,22569,7933,93,7955,0,0,-18,0,-18,1,1,1,19583,0,0,0,0,0,0,0
652,927,45046079,44855417,22257,7933,93,7955,0,0,-18,0,-18,1,1,1,20167,0,0,0,0,0,0,0
653,928,50939369,49360000,22345,7933,93,7955,0,0,-18,0,-18,1,1,1,20625,0,0,0,0,0,0,0
654,929,49650043,51161750,22373,7933,96,7955,0,0,-18,0,-18,1,1,1,19416,0,0,0,0,0,0,0
655,930,53412541,51993625,22257,7933,93,7955,0,0,-18,0,-18,1,1,1,23417,0,0,0,0,0,0,0
656,931,58717459,59854542,22409,7933,93,7955,0,0,-18,0,-18,1,1,1,22875,0,0,0,0,0,0,0
657,932,64876206,63328666,22257,7933,93,7955,0,0,-18,0,-18,1,1,1,29625,0,0,0,0,0,0,0
658,933,60038335,61594458,22373,7933,93,7955,0,0,-18,0,-18,1,1,1,23250,0,0,0,0,0,0,0
659,934,68739123,65316041,22909,7933,93,7955,0,0,-18,0,-18,1,1,1,30042,0,0,0,0,0,0,0
660,935,63154831,66728709,22569,7933,93,7955,0,0,-18,0,-18,1,1,1,33042,0,0,0,0,0,0,0
661,936,63602209,61975083,22257,7934,94,7956,0,0,-18,0,-18,1,1,1,29250,0,0,0,0,0,0,0
662,937,53800169,55503875,22461,7933,93,7955,0,0,-18,0,-18,1,1,1,24625,0,0,0,0,0,0,0
663,938,49606539,48377708,22257,7933,96,7955,0,0,-18,0,-18,1,1,1,22583,0,0,0,0,0,0,0
664,939,41240788,42439750,22321,7933,93,7955,0,0,-18,0,-18,1,1,1,21958,0,0,0,0,0,0,0
665,940,37874504,37896834,22257,7933,93,7955,0,0,-18,0,-18,1,1,1,18792,0,0,0,0,0,0,0
666,941,38031164,36898458,22345,7933,93,7955,0,0,-18,0,-18,1,1,1,16833,0,0,0,0,0,0,0
667,942,32104961,33285333,22373,7933,93,7955,0,0,-18,0,-18,1,1,1,15000,0,0,0,0,0,0,0
668,943,33223744,33175542,22257,7933,93,7955,0,0,-18,0,-18,1,1,1,15125,0,0,0,0,0,0,0
669,944,33071797,33086417,22257,7933,93,7955,0,0,-18,0,-18,1,1,1,15583,0,0,0,0,0,0,0
670,945,33710621,32600208,22257,7933,93,7955,0,0,-18,0,-18,1,1,1,14959,0,0,0,0,0,0,0
671,946,32517582,32536250,22973,7933,93,7955,0,0,-18,0,-18,1,1,1,14208,0,0,0,0,0,0,0
672,947,31824126,32803375,22505,7933,93,7955,0,0,-18,0,-18,1,1,1,14875,0,0,0,0,0,0,0
673,948,32359622,32387417,22257,7933,93,7955,0,0,-18,0,-18,1,1,1,15416,0,0,0,0,0,0,0
674,949,33353790,32091417,22309,7933,93,7955,0,0,-18,0,-18,1,1,1,15709,0,0,0,0,0,0,0
675,950,34962251,36166375,22321,7933,93,7955,0,0,-18,0,-18,1,1,1,16375,0,0,0,0,0,0,0
676,951,31866829,31882750,22345,7934,97,7956,0,0,-18,0,-18,1,1,1,15125,0,0,0,0,0,0,0
677,952,31726919,31732959,22257,7933,93,7955,0,0,-18,0,-18,1,1,1,15084,0,0,0,0,0,0,0
678,953,32985877,31924459,22257,7933,93,7955,0,0,-18,0,-18,1,1,1,15292,0,0,0,0,0,0,0
679,954,30955122,31979291,22321,7933,93,7955,0,0,-18,0,-18,1,1,1,14459,0,0,0,0,0,0,0
680,955,31718246,31632292,22257,7933,93,7955,0,0,-18,0,-18,1,1,1,14583,0,0,0,0,0,0,0
681,956,31630668,31704125,22397,7933,93,7955,0,0,-18,0,-18,1,1,1,15125,0,0,0,0,0,0,0
682,957,33916752,32815875,22257,7933,93,7955,0,0,-18,0,-18,1,1,1,15125,0,0,0,0,0,0,0
683,958,31973872,33027334,22321,7933,93,7955,0,0,-18,0,-18,1,1,1,15292,0,0,0,0,0,0,0
684,959,34380789,34332667,22257,7933,93,7955,0,0,-18,0,-18,1,1,1,16209,0,0,0,0,0,0,0
685,960,35703208,34490375,22257,7933,93,7955,0,0,-18,0,-18,1,1,1,15750,0,0,0,0,0,0,0
686,961,34962791,34894333,22973,7933,93,7955,0,0,-18,0,-18,1,1,1,15500,0,0,0,0,0,0,0
687,962,38150127,39362459,22557,7933,93,7955,0,0,-18,0,-18,1,1,1,16750,0,0,0,0,0,0,0
688,963,48551827,46874042,22257,7933,93,7955,0,0,-18,0,-18,1,1,1,19084,0,0,0,0,0,0,0
689,964,66224172,67636791,22321,7933,93,7955,0,0,-18,0,-18,1,1,1,23083,0,0,0,0,0,0,0
690,965,70759624,68542417,22345,7933,96,7955,0,0,-18,0,-18,1,1,1,29750,0,0,0,0,0,0,0
691,966,72965465,74976833,22373,7934,94,7956,0,0,-18,0,-18,1,1,1,24417,0,0,0,0,0,0,0
692,967,66709205,64089750,22257,7933,93,7955,0,0,-18,0,-18,1,1,1,19666,0,0,0,0,0,0,0
693,968,66467590,69212375,22409,7933,93,7955,0,0,-18,0,-18,1,1,1,19958,0,0,0,0,0,0,0
694,969,68934582,65341708,22873,7933,93,7955,0,0,-18,0,-18,1,1,1,29625,0,0,0,0,0,0,0
695,970,55375624,58815750,22569,7933,93,7955,0,0,-18,0,-18,1,1,1,30458,0,0,0,0,0,0,0
696,971,55245790,53833250,22345,7933,93,7955,0,0,-18,0,-18,1,1,1,23250,0,0,0,0,0,0,0
697,972,56713499,58208125,22321,7933,93,7955,0,0,-18,0,-18,1,1,1,26084,0,0,0,0,0,0,0
698,973,56575212,54561875,22309,7933,96,7955,0,0,-18,0,-18,1,1,1,23084,0,0,0,0,0,0,0
699,974,51176834,53123250,22409,7933,93,7955,0,0,-18,0,-18,1,1,1,23750,0,0,0,0,0,0,0
700,975,54590992,53128333,22257,7933,93,7955,0,0,-18,0,-18,1,1,1,24500,0,0,0,0,0,0,0
701,976,49627084,51064125,22321,7933,93,7955,0,0,-18,0,-18,1,1,1,26416,0,0,0,0,0,0,0
702,977,54952628,53447541,22397,7933,93,7955,0,0,-18,0,-18,1,1,1,24500,0,0,0,0,0,0,0
703,978,49228832,50734500,22321,7933,93,7955,0,0,-18,0,-18,1,1,1,23084,0,0,0,0,0,0,0
704,979,54822251,51526084,22821,7933,93,7955,0,0,-18,0,-18,1,1,1,27709,0,0,0,0,0,0,0
705,980,49946583,53225542,22657,7933,93,7955,0,0,-18,0,-18,1,1,1,23333,0,0,0,0,0,0,0
706,981,58505121,56811041,22309,7934,94,7956,0,0,-18,0,-18,1,1,1,25500,0,0,0,0,0,0,0
707,982,51339209,52920792,22321,7933,96,7955,0,0,-18,0,-18,1,1,1,23458,0,0,0,0,0,0,0
708,983,54033119,52099750,22345,7933,93,7955,0,0,-18,0,-18,1,1,1,23459,0,0,0,0,0,0,0
709,984,54776713,56733958,22321,7933,93,7955,0,0,-18,0,-18,1,1,1,28875,0,0,0,0,0,0,0
710,985,52549369,50998750,22309,7933,93,7955,0,0,-18,0,-18,1,1,1,24084,0,0,0,0,0,0,0
711,986,45521918,47125875,22409,7933,93,7955,0,0,-18,0,-18,1,1,1,23083,0,0,0,0,0,0,0
712,987,40398418,40376041,22257,7933,93,7955,0,0,-18,0,-18,1,1,1,19125,0,0,0,0,0,0,0
713,988,37692915,36439542,22257,7933,93,7955,0,0,-18,0,-18,1,1,1,16875,0,0,0,0,0,0,0
714,989,35015795,35162000,22885,7933,93,7955,0,0,-18,0,-18,1,1,1,16834,0,0,0,0,0,0,0
715,990,30917417,31981959,22645,7933,93,7955,0,0,-18,0,-18,1,1,1,14625,0,0,0,0,0,0,0
716,991,35074658,34027459,22257,7933,93,7955,0,0,-18,0,-18,1,1,1,16000,0,0,0,0,0,0,0
717,992,38987129,39856916,22321,7933,93,7955,0,0,-18,0,-18,1,1,1,18125,0,0,0,0,0,0,0
718,993,33988788,34003416,22257,7933,96,7955,0,0,-18,0,-18,1,1,1,15875,0,0,0,0,0,0,0
719,994,36569792,35483875,22257,7933,93,7955,0,0,-18,0,-18,1,1,1,15417,0,0,0,0,0,0,0
720,995,37952832,38880792,22409,7933,93,7955,0,0,-18,0,-18,1,1,1,15083,0,0,0,0,0,0,0
721,996,42854167,42955875,22309,7934,94,7956,0,0,-18,0,-18,1,1,1,17292,0,0,0,0,0,0,0
722,997,49331583,47309250,22257,7933,93,7955,0,0,-18,0,-18,1,1,1,19000,0,0,0,0,0,0,0
723,998,58706626,60378584,22321,7933,93,7955,0,0,-18,0,-18,1,1,1,23000,0,0,0,0,0,0,0
724,999,66006451,64353791,22345,7933,93,7955,0,0,-18,0,-18,1,1,1,30041,0,0,0,0,0,0,0
725,1000,65072417,64976250,22937,7933,93,7955,0,0,-18,0,-18,1,1,1,30125,0,0,0,0,0,0,0
726,1001,65130747,65107459,22505,7933,93,7955,0,0,-18,0,-18,1,1,1,28833,0,0,0,0,0,0,0
727,1002,67790046,69683208,22409,7933,93,7955,0,0,-18,0,-18,1,1,1,32500,0,0,0,0,0,0,0
728,1003,56622873,54842000,22257,7933,96,7955,0,0,-18,0,-18,1,1,1,29750,0,0,0,0,0,0,0
729,1004,46818204,48614583,22373,7933,93,7955,0,0,-18,0,-18,1,1,1,23042,0,0,0,0,0,0,0
730,1005,44107332,44191792,22345,7933,93,7955,0,0,-18,0,-18,1,1,1,25625,0,0,0,0,0,0,0
731,1006,45955419,44329417,22257,7933,93,7955,0,0,-18,0,-18,1,1,1,19750,0,0,0,0,0,0,0
732,1007,45007165,46466750,22321,7933,93,7955,0,0,-18,0,-18,1,1,1,20458,0,0,0,0,0,0,0
733,1008,44314581,44169250,22257,7933,93,7955,0,0,-18,0,-18,1,1,1,38375,0,0,0,0,0,0,0
734,1009,48539873,47229958,22397,7933,93,7955,0,0,-18,0,-18,1,1,1,19542,0,0,0,0,0,0,0
735,1010,51678877,51399333,22885,7933,93,7955,0,0,-18,0,-18,1,1,1,22917,0,0,0,0,0,0,0
736,1011,51319792,51348250,22505,7934,94,7956,0,0,-18,0,-18,1,1,1,25333,0,0,0,0,0,0,0
737,1012,61844039,63388250,22409,7933,93,7955,0,0,-18,0,-18,1,1,1,25083,0,0,0,0,0,0,0
738,1013,66577792,64508500,22309,7933,96,7955,0,0,-18,0,-18,1,1,1,29084,0,0,0,0,0,0,0
739,1014,60964453,63000041,22321,7933,93,7955,0,0,-18,0,-18,1,1,1,29042,0,0,0,0,0,0,0
740,1015,53558997,51663375,22345,7933,93,7955,0,0,-18,0,-18,1,1,1,24167,0,0,0,0,0,0,0
741,1016,51379423,53304500,22321,7933,93,7955,0,0,-18,0,-18,1,1,1,23167,0,0,0,0,0,0,0
742,1017,52371703,50807542,22309,7933,93,7955,0,0,-18,0,-18,1,1,1,23167,0,0,0,0,0,0,0
743,1018,46842999,48446042,22409,7933,93,7955,0,0,-18,0,-18,1,1,1,22125,0,0,0,0,0,0,0
744,1019,43379917,42043041,22821,7933,93,7955,0,0,-18,0,-18,1,1,1,19916,0,0,0,0,0,0,0
745,1020,39807207,40027625,22505,7933,93,7955,0,0,-18,0,-18,1,1,1,18542,0,0,0,0,0,0,0
746,1021,35752296,36768417,22321,7933,93,7955,0,0,-18,0,-18,1,1,1,16625,0,0,0,0,0,0,0
747,1022,38793042,38877000,22397,7933,93,7955,0,0,-18,0,-18,1,1,1,19041,0,0,0,0,0,0,0
748,1023,33280499,32159583,22257,7933,96,7955,0,0,-18,0,-18,1,1,1,14792,0,0,0,0,0,0,0
749,1024,30938670,32030292,22321,7933,93,7955,0,0,-18,0,-18,1,1,1,14250,0,0,0,0,0,0,0
750,1025,32579962,32543625,22257,7933,93,7955,0,0,-18,0,-18,1,1,1,16583,0,0,0,0,0,0,0
751,1026,32337158,32311292,22257,7934,94,7956,0,0,-18,0,-18,1,1,1,14917,0,0,0,0,0,0,0
752,1027,33533126,32501541,22345,7933,93,7955,0,0,-18,0,-18,1,1,1,15209,0,0,0,0,0,0,0
753,1028,31241871,32284958,22373,7933,93,7955,0,0,-18,0,-18,1,1,1,14709,0,0,0,0,0,0,0
754,1029,32197333,32163000,22257,7933,93,7955,0,0,-18,0,-18,1,1,1,14833,0,0,0,0,0,0,0
755,1030,31764712,31792917,22257,7933,93,7955,0,0,-18,0,-18,1,1,1,14625,0,0,0,0,0,0,0
756,1031,33057872,31907500,22257,7933,93,7955,0,0,-18,0,-18,1,1,1,14875,0,0,0,0,0,0,0
757,1032,30926665,32017916,22409,7933,93,7955,0,0,-18,0,-18,1,1,1,17375,0,0,0,0,0,0,0
758,1033,31962081,31920667,22257,7933,93,7955,0,0,-18,0,-18,1,1,1,15084,0,0,0,0,0,0,0
759,1034,32918382,31875541,22821,7933,93,7955,0,0,-18,0,-18,1,1,1,14917,0,0,0,0,0,0,0
760,1035,32168623,32178334,22557,7933,93,7955,0,0,-18,0,-18,1,1,1,15000,0,0,0,0,0,0,0
761,1036,30343579,31316750,22321,7933,93,7955,0,0,-18,0,-18,1,1,1,14083,0,0,0,0,0,0,0
762,1037,34711543,34746333,22345,7933,93,7955,0,0,-18,0,-18,1,1,1,15041,0,0,0,0,0,0,0
763,1038,31814087,31610125,22257,7933,96,7955,0,0,-18,0,-18,1,1,1,14375,0,0,0,0,0,0,0
764,1039,32573293,31697375,22257,7933,93,7955,0,0,-18,0,-18,1,1,1,14500,0,0,0,0,0,0,0
765,1040,31280081,32312291,22321,7933,93,7955,0,0,-18,0,-18,1,1,1,15042,0,0,0,0,0,0,0
766,1041,31918536,31827333,22257,7934,94,7956,0,0,-18,0,-18,1,1,1,15583,0,0,0,0,0,0,0
767,1042,31862542,31926375,22397,7933,93,7955,0,0,-18,0,-18,1,1,1,14583,0,0,0,0,0,0,0
768,1043,33009879,31965916,22257,7933,93,7955,0,0,-18,0,-18,1,1,1,15250,0,0,0,0,0,0,0
769,1044,30682044,31709500,22321,7933,93,7955,0,0,-18,0,-18,1,1,1,14625,0,0,0,0,0,0,0
770,1045,31184041,31107083,22257,7933,93,7955,0,0,-18,0,-18,1,1,1,13167,0,0,0,0,0,0,0
771,1046,31930327,31933417,22257,7933,93,7955,0,0,-18,0,-18,1,1,1,15458,0,0,0,0,0,0,0
772,1047,33365540,32337625,22345,7933,93,7955,0,0,-18,0,-18,1,1,1,14208,0,0,0,0,0,0,0
773,1048,31917501,32954583,22321,7933,93,7955,0,0,-18,0,-18,1,1,1,14833,0,0,0,0,0,0,0
774,1049,35394541,33840250,22873,7933,93,7955,0,0,-18,0,-18,1,1,1,18709,0,0,0,0,0,0,0
775,1050,36295041,36559875,22505,7933,93,7955,0,0,-18,0,-18,1,1,1,15166,0,0,0,0,0,0,0
776,1051,32073874,33216292,22321,7933,93,7955,0,0,-18,0,-18,1,1,1,20250,0,0,0,0,0,0,0
777,1052,35372335,35434291,22345,7933,93,7955,0,0,-18,0,-18,1,1,1,18834,0,0,0,0,0,0,0
778,1053,40583416,39322583,22257,7933,93,7955,0,0,-18,0,-18,1,1,1,15292,0,0,0,0,0,0,0
779,1054,40522329,41666416,22321,7933,96,7955,0,0,-18,0,-18,1,1,1,17958,0,0,0,0,0,0,0
780,1055,51896337,51559958,22309,7933,93,7955,0,0,-18,0,-18,1,1,1,26292,0,0,0,0,0,0,0
781,1056,64982376,63210667,22345,7934,94,7956,0,0,-18,0,-18,1,1,1,27750,0,0,0,0,0,0,0
782,1057,66508121,68434208,22321,7933,93,7955,0,0,-18,0,-18,1,1,1,28792,0,0,0,0,0,0,0
783,1058,67175336,64990458,22257,7933,93,7955,0,0,-18,0,-18,1,1,1,20042,0,0,0,0,0,0,0
784,1059,68430460,68632667,23025,7933,93,7955,0,0,-18,0,-18,1,1,1,28208,0,0,0,0,0,0,0
785,1060,65422207,65399375,22505,7933,93,7955,0,0,-18,0,-18,1,1,1,28708,0,0,0,0,0,0,0
786,1061,61275247,63139833,22321,7933,93,7955,0,0,-18,0,-18,1,1,1,28959,0,0,0,0,0,0,0
787,1062,57264711,55615250,22345,7933,93,7955,0,0,-18,0,-18,1,1,1,24583,0,0,0,0,0,0,0
788,1063,49916870,51517292,22373,7933,96,7955,0,0,-18,0,-18,1,1,1,24166,0,0,0,0,0,0,0
789,1064,43627995,43679333,22257,7933,93,7955,0,0,-18,0,-18,1,1,1,19833,0,0,0,0,0,0,0
790,1065,45710586,44109333,22345,7933,93,7955,0,0,-18,0,-18,1,1,1,19625,0,0,0,0,0,0,0
791,1066,47813542,49418375,22321,7933,93,7955,0,0,-18,0,-18,1,1,1,19834,0,0,0,0,0,0,0
792,1067,54395962,52795083,22257,7933,93,7955,0,0,-18,0,-18,1,1,1,23500,0,0,0,0,0,0,0
793,1068,50737664,52185667,22373,7933,93,7955,0,0,-18,0,-18,1,1,1,26458,0,0,0,0,0,0,0
794,1069,55464208,52609833,22909,7933,93,7955,0,0,-18,0,-18,1,1,1,23792,0,0,0,0,0,0,0
795,1070,50253629,53088583,22569,7933,93,7955,0,0,-18,0,-18,1,1,1,22959,0,0,0,0,0,0,0
796,1071,60890249,59245292,22257,7934,94,7956,0,0,-18,0,-18,1,1,1,23417,0,0,0,0,0,0,0
797,1072,53250163,54618500,22461,7933,96,7955,0,0,-18,0,-18,1,1,1,23583,0,0,0,0,0,0,0
798,1073,53987335,52419125,22257,7933,93,7955,0,0,-18,0,-18,1,1,1,23667,0,0,0,0,0,0,0
799,1074,50931788,52648708,22321,7933,93,7955,0,0,-18,0,-18,1,1,1,23250,0,0,0,0,0,0,0
800,1075,53412415,51942500,22345,7933,93,7955,0,0,-18,0,-18,1,1,1,23417,0,0,0,0,0,0,0
801,1076,49249041,50730584,22373,7933,93,7955,0,0,-18,0,-18,1,1,1,23583,0,0,0,0,0,0,0
802,1077,47412335,47450125,22257,7933,93,7955,0,0,-18,0,-18,1,1,1,23500,0,0,0,0,0,0,0
803,1078,43751373,41764750,22909,7933,93,7955,0,0,-18,0,-18,1,1,1,18791,0,0,0,0,0,0,0
804,1079,35069912,37084666,22569,7933,93,7955,0,0,-18,0,-18,1,1,1,16416,0,0,0,0,0,0,0
805,1080,36166127,36157583,22257,7933,93,7955,0,0,-18,0,-18,1,1,1,17000,0,0,0,0,0,0,0
806,1081,36498248,35384458,22309,7933,93,7955,0,0,-18,0,-18,1,1,1,15208,0,0,0,0,0,0,0
807,1082,31482495,32567792,22409,7933,96,7955,0,0,-18,0,-18,1,1,1,15125,0,0,0,0,0,0,0
808,1083,32509125,32311209,22257,7933,93,7955,0,0,-18,0,-18,1,1,1,15041,0,0,0,0,0,0,0
809,1084,32393254,32586042,22257,7933,93,7955,0,0,-18,0,-18,1,1,1,15708,0,0,0,0,0,0,0
810,1085,33578287,32510958,22257,7933,93,7955,0,0,-18,0,-18,1,1,1,14583,0,0,0,0,0,0,0
811,1086,31141128,32125292,22321,7934,94,7956,0,0,-18,0,-18,1,1,1,14500,0,0,0,0,0,0,0
812,1087,31878955,31925875,22345,7933,93,7955,0,0,-18,0,-18,1,1,1,15000,0,0,0,0,0,0,0
813,1088,32056666,32017708,22309,7933,93,7955,0,0,-18,0,-18,1,1,1,14792,0,0,0,0,0,0,0
814,1089,33019501,32012708,22257,7933,93,7955,0,0,-18,0,-18,1,1,1,15625,0,0,0,0,0,0,0
815,1090,30677167,31679375,22321,7933,93,7955,0,0,-18,0,-18,1,1,1,14500,0,0,0,0,0,0,0
816,1091,31957205,31890375,22257,7933,93,7955,0,0,-18,0,-18,1,1,1,14500,0,0,0,0,0,0,0
817,1092,31956497,31986208,22345,7933,93,7955,0,0,-18,0,-18,1,1,1,15000,0,0,0,0,0,0,0
818,1093,33783998,31952209,22821,7933,93,7955,0,0,-18,0,-18,1,1,1,14542,0,0,0,0,0,0,0
819,1094,30085040,31869750,22569,7933,93,7955,0,0,-18,0,-18,1,1,1,14292,0,0,0,0,0,0,0
820,1095,32179456,32197667,22309,7933,93,7955,0,0,-18,0,-18,1,1,1,15084,0,0,0,0,0,0,0
821,1096,31501084,31441834,22257,7933,93,7955,0,0,-18,0,-18,1,1,1,14708,0,0,0,0,0,0,0
822,1097,33473044,32559542,22345,7933,93,7955,0,0,-18,0,-18,1,1,1,14167,0,0,0,0,0,0,0
823,1098,29964413,30877875,22321,7933,96,7955,0,0,-18,0,-18,1,1,1,16084,0,0,0,0,0,0,0
824,1099,31742706,31774084,22257,7933,93,7955,0,0,-18,0,-18,1,1,1,14667,0,0,0,0,0,0,0
825,1100,31129421,31010584,22257,7933,93,7955,0,0,-18,0,-18,1,1,1,13083,0,0,0,0,0,0,0
826,1101,32845083,31797125,22257,7934,94,7956,0,0,-18,0,-18,1,1,1,14916,0,0,0,0,0,0,0
827,1102,30827663,31902292,22461,7933,93,7955,0,0,-18,0,-18,1,1,1,15125,0,0,0,0,0,0,0
828,1103,31696584,31700959,22257,7933,93,7955,0,0,-18,0,-18,1,1,1,14541,0,0,0,0,0,0,0
829,1104,33068418,33035833,22257,7933,93,7955,0,0,-18,0,-18,1,1,1,14917,0,0,0,0,0,0,0
830,1105,34558709,33517042,22257,7933,93,7955,0,0,-18,0,-18,1,1,1,14958,0,0,0,0,0,0,0
831,1106,31964078,32927583,22321,7933,93,7955,0,0,-18,0,-18,1,1,1,15375,0,0,0,0,0,0,0
832,1107,35703629,35633042,22345,7933,93,7955,0,0,-18,0,-18,1,1,1,15500,0,0,0,0,0,0,0
833,1108,34236166,33202375,22257,7933,93,7955,0,0,-18,0,-18,1,1,1,15000,0,0,0,0,0,0,0
834,1109,36659996,36447917,22937,7933,93,7955,0,0,-18,0,-18,1,1,1,15416,0,0,0,0,0,0,0
835,1110,38705747,39816959,22505,7933,93,7955,0,0,-18,0,-18,1,1,1,20959,0,0,0,0,0,0,0
836,1111,49408998,47620375,22257,7933,93,7955,0,0,-18,0,-18,1,1,1,19917,0,0,0,0,0,0,0
837,1112,68827293,70572459,22409,7933,93,7955,0,0,-18,0,-18,1,1,1,39375,0,0,0,0,0,0,0
838,1113,71568876,69431667,22257,7933,96,7955,0,0,-18,0,-18,1,1,1,29083,0,0,0,0,0,0,0
839,1114,66669158,68505542,22373,7933,93,7955,0,0,-18,0,-18,1,1,1,24041,0,0,0,0,0,0,0
840,1115,66281504,64615875,22345,7933,93,7955,0,0,-18,0,-18,1,1,1,22167,0,0,0,0,0,0,0
841,1116,64902290,66653541,22321,7934,94,7956,0,0,-18,0,-18,1,1,1,30583,0,0,0,0,0,0,0
842,1117,67710667,64779209,22821,7933,93,7955,0,0,-18,0,-18,1,1,1,32583,0,0,0,0,0,0,0
843,1118,50266459,53310292,22709,7933,93,7955,0,0,-18,0,-18,1,1,1,24292,0,0,0,0,0,0,0
844,1119,45969665,45934333,22257,7933,93,7955,0,0,-18,0,-18,1,1,1,23625,0,0,0,0,0,0,0
845,1120,50013292,48208125,22257,7933,93,7955,0,0,-18,0,-18,1,1,1,21542,0,0,0,0,0,0,0
846,1121,45176580,46830375,22321,7933,96,7955,0,0,-18,0,-18,1,1,1,19042,0,0,0,0,0,0,0
847,1122,42936626,43068042,22345,7933,93,7955,0,0,-18,0,-18,1,1,1,23750,0,0,0,0,0,0,0
848,1123,46839915,45570000,22309,7933,93,7955,0,0,-18,0,-18,1,1,1,19791,0,0,0,0,0,0,0
849,1124,47915250,49020708,22321,7933,93,7955,0,0,-18,0,-18,1,1,1,19166,0,0,0,0,0,0,0
850,1125,54787416,53288458,22257,7933,93,7955,0,0,-18,0,-18,1,1,1,23750,0,0,0,0,0,0,0
851,1126,51142588,52658625,22409,7933,93,7955,0,0,-18,0,-18,1,1,1,26834,0,0,0,0,0,0,0
852,1127,58897662,54919250,22873,7933,93,7955,0,0,-18,0,-18,1,1,1,25000,0,0,0,0,0,0,0
853,1128,60772839,64567000,22569,7933,93,7955,0,0,-18,0,-18,1,1,1,28042,0,0,0,0,0,0,0
854,1129,59722326,57645792,22345,7933,93,7955,0,0,-18,0,-18,1,1,1,28458,0,0,0,0,0,0,0
855,1130,58506581,60318875,22321,7933,93,7955,0,0,-18,0,-18,1,1,1,23208,0,0,0,0,0,0,0
856,1131,54084375,52770292,22309,7934,97,7956,0,0,-18,0,-18,1,1,1,24417,0,0,0,0,0,0,0
857,1132,50762668,52362708,22409,7933,93,7955,0,0,-18,0,-18,1,1,1,22625,0,0,0,0,0,0,0
858,1133,53485248,51887667,22257,7933,93,7955,0,0,-18,0,-18,1,1,1,23166,0,0,0,0,0,0,0
859,1134,49710836,51183708,22523,7933,93,7955,0,0,-18,0,-18,1,1,1,22708,0,0,0,0,0,0,0
860,1135,43052375,43228666,22397,7933,93,7955,0,0,-18,0,-18,1,1,1,19417,0,0,0,0,0,0,0
861,1136,43833751,42492584,22257,7933,93,7955,0,0,-18,0,-18,1,1,1,19625,0,0,0,0,0,0,0
862,1137,42384665,42373708,22885,7933,93,7955,0,0,-18,0,-18,1,1,1,31750,0,0,0,0,0,0,0
863,1138,39194628,40453458,22505,7933,93,7955,0,0,-18,0,-18,1,1,1,19375,0,0,0,0,0,0,0
864,1139,37661500,36545541,22345,7933,93,7955,0,0,-18,0,-18,1,1,1,17875,0,0,0,0,0,0,0
865,1140,39366368,40520333,22373,7933,93,7955,0,0,-18,0,-18,1,1,1,46084,0,0,0,0,0,0,0
866,1141,36413755,36406916,22257,7933,96,7955,0,0,-18,0,-18,1,1,1,16959,0,0,0,0,0,0,0
867,1142,34422121,33384166,22257,7933,93,7955,0,0,-18,0,-18,1,1,1,16084,0,0,0,0,0,0,0
868,1143,31913958,32894625,22321,7933,93,7955,0,0,-18,0,-18,1,1,1,14709,0,0,0,0,0,0,0
869,1144,32775495,32790333,22345,7933,93,7955,0,0,-18,0,-18,1,1,1,15208,0,0,0,0,0,0,0
870,1145,32765880,32765042,22257,7933,93,7955,0,0,-18,0,-18,1,1,1,14958,0,0,0,0,0,0,0
871,1146,33400624,32316666,22309,7934,94,7956,0,0,-18,0,-18,1,1,1,14833,0,0,0,0,0,0,0
872,1147,30895996,31952000,22321,7933,93,7955,0,0,-18,0,-18,1,1,1,14584,0,0,0,0,0,0,0
873,1148,31864795,31786208,22257,7933,93,7955,0,0,-18,0,-18,1,1,1,14959,0,0,0,0,0,0,0
874,1149,31819749,31855791,22345,7933,93,7955,0,0,-18,0,-18,1,1,1,15083,0,0,0,0,0,0,0
875,1150,33232539,32072291,22257,7933,93,7955,0,0,-18,0,-18,1,1,1,15334,0,0,0,0,0,0,0
876,1151,31988002,32056917,22885,7933,93,7955,0,0,-18,0,-18,1,1,1,14208,0,0,0,0,0,0,0
877,1152,30578954,31593667,22505,7933,93,7955,0,0,-18,0,-18,1,1,1,14708,0,0,0,0,0,0,0
878,1153,32195165,32156125,22607,7933,93,7955,0,0,-18,0,-18,1,1,1,15125,0,0,0,0,0,0,0
879,1154,33636003,32616834,22345,7933,93,7955,0,0,-18,0,-18,1,1,1,14958,0,0,0,0,0,0,0
880,1155,34673873,35713542,22321,7933,93,7955,0,0,-18,0,-18,1,1,1,16042,0,0,0,0,0,0,0
881,1156,32174874,32148958,22257,7933,96,7955,0,0,-18,0,-18,1,1,1,14875,0,0,0,0,0,0,0
882,1157,33227458,32191500,22257,7933,93,7955,0,0,-18,0,-18,1,1,1,14625,0,0,0,0,0,0,0
883,1158,31006129,31950834,22321,7933,93,7955,0,0,-18,0,-18,1,1,1,14375,0,0,0,0,0,0,0
884,1159,32743580,32801458,22345,7933,93,7955,0,0,-18,0,-18,1,1,1,14916,0,0,0,0,0,0,0
885,1160,33051416,33014417,22309,7933,93,7955,0,0,-18,0,-18,1,1,1,14958,0,0,0,0,0,0,0
886,1161,34279875,33263125,22257,7934,94,7956,0,0,-18,0,-18,1,1,1,15584,0,0,0,0,0,0,0
887,1162,32717503,33720000,22321,7933,93,7955,0,0,-18,0,-18,1,1,1,15166,0,0,0,0,0,0,0
888,1163,35643663,35562208,22257,7933,93,7955,0,0,-18,0,-18,1,1,1,14708,0,0,0,0,0,0,0
889,1164,40350709,38944875,22345,7933,93,7955,0,0,-18,0,-18,1,1,1,17291,0,0,0,0,0,0,0
890,1165,43837372,45080250,22321,7933,93,7955,0,0,-18,0,-18,1,1,1,19958,0,0,0,0,0,0,0
891,1166,64887210,61512792,22873,7933,93,7955,0,0,-18,0,-18,1,1,1,23083,0,0,0,0,0,0,0
892,1167,62884584,66021417,22569,7933,93,7955,0,0,-18,0,-18,1,1,1,28584,0,0,0,0,0,0,0
893,1168,85702382,83717791,22345,7933,93,7955,0,0,-18,0,-18,1,1,1,82209,0,0,0,0,0,0,0
894,1169,67171327,69180292,22373,7933,96,7955,0,0,-18,0,-18,1,1,1,22833,0,0,0,0,0,0,0
895,1170,68946167,67094500,22345,7933,93,7955,0,0,-18,0,-18,1,1,1,20833,0,0,0,0,0,0,0
896,1171,63977040,65823209,22321,7933,93,7955,0,0,-18,0,-18,1,1,1,29916,0,0,0,0,0,0,0
897,1172,58079712,55836208,22309,7933,93,7955,0,0,-18,0,-18,1,1,1,31083,0,0,0,0,0,0,0
898,1173,52610374,53173333,22973,7933,93,7955,0,0,-18,0,-18,1,1,1,23917,0,0,0,0,0,0,0
899,1174,49896582,50245333,22505,7933,93,7955,0,0,-18,0,-18,1,1,1,24917,0,0,0,0,0,0,0
900,1175,50607208,51886833,22321,7933,93,7955,0,0,-18,0,-18,1,1,1,26542,0,0,0,0,0,0,0
901,1176,60538250,58625666,22397,7934,94,7956,0,0,-18,0,-18,1,1,1,25417,0,0,0,0,0,0,0
902,1177,52873123,54546708,22321,7933,96,7955,0,0,-18,0,-18,1,1,1,26083,0,0,0,0,0,0,0
903,1178,58330584,56569000,22257,7933,93,7955,0,0,-18,0,-18,1,1,1,23292,0,0,0,0,0,0,0
904,1179,64111962,65970541,22409,7933,93,7955,0,0,-18,0,-18,1,1,1,31959,0,0,0,0,0,0,0
905,1180,66724956,65218959,22309,7933,93,7955,0,0,-18,0,-18,1,1,1,30709,0,0,0,0,0,0,0
906,1181,56113328,57611250,22321,7933,93,7955,0,0,-18,0,-18,1,1,1,29250,0,0,0,0,0,0,0
907,1182,56648377,53420416,22909,7933,93,7955,0,0,-18,0,-18,1,1,1,24292,0,0,0,0,0,0,0
908,1183,48878457,52086959,22569,7933,93,7955,0,0,-18,0,-18,1,1,1,23208,0,0,0,0,0,0,0
909,1184,53544372,51750250,22309,7933,93,7955,0,0,-18,0,-18,1,1,1,23709,0,0,0,0,0,0,0
910,1185,53185168,54931333,22409,7933,93,7955,0,0,-18,0,-18,1,1,1,21084,0,0,0,0,0,0,0
911,1186,51883582,50444416,22257,7933,96,7955,0,0,-18,0,-18,1,1,1,23583,0,0,0,0,0,0,0
912,1187,45493543,46962666,22321,7933,93,7955,0,0,-18,0,-18,1,1,1,23333,0,0,0,0,0,0,0
913,1188,42730703,42758250,22397,7933,93,7955,0,0,-18,0,-18,1,1,1,18875,0,0,0,0,0,0,0
914,1189,43264046,42011917,22257,7933,93,7955,0,0,-18,0,-18,1,1,1,19667,0,0,0,0,0,0,0
915,1190,40834914,42091083,22321,7933,93,7955,0,0,-18,0,-18,1,1,1,18750,0,0,0,0,0,0,0
916,1191,36627005,36562625,22257,7934,94,7956,0,0,-18,0,-18,1,1,1,17125,0,0,0,0,0,0,0
917,1192,37969790,36865125,22345,7933,93,7955,0,0,-18,0,-18,1,1,1,17333,0,0,0,0,0,0,0
918,1193,35725496,35803584,22937,7933,93,7955,0,0,-18,0,-18,1,1,1,16875,0,0,0,0,0,0,0
919,1194,31508579,32552083,22505,7933,93,7955,0,0,-18,0,-18,1,1,1,14833,0,0,0,0,0,0,0
920,1195,33470463,32406708,22257,7933,93,7955,0,0,-18,0,-18,1,1,1,15417,0,0,0,0,0,0,0
921,1196,35974163,36968333,22321,7933,93,7955,0,0,-18,0,-18,1,1,1,19292,0,0,0,0,0,0,0
922,1197,32573163,32614708,22345,7933,96,7955,0,0,-18,0,-18,1,1,1,14834,0,0,0,0,0,0,0
923,1198,33681001,32590209,22257,7933,93,7955,0,0,-18,0,-18,1,1,1,14667,0,0,0,0,0,0,0
924,1199,31636167,32715333,22373,7933,93,7955,0,0,-18,0,-18,1,1,1,14417,0,0,0,0,0,0,0
925,1200,32571543,32531708,22257,7933,93,7955,0,0,-18,0,-18,1,1,1,14917,0,0,0,0,0,0,0
926,1201,32025497,31968666,22257,7933,93,7955,0,0,-18,0,-18,1,1,1,14416,0,0,0,0,0,0,0
927,1202,32936584,31916375,22345,7933,93,7955,0,0,-18,0,-18,1,1,1,15167,0,0,0,0,0,0,0
928,1203,30989250,32035000,22321,7933,93,7955,0,0,-18,0,-18,1,1,1,14750,0,0,0,0,0,0,0
929,1204,31767126,31730584,22257,7933,93,7955,0,0,-18,0,-18,1,1,1,14875,0,0,0,0,0,0,0
930,1205,31978372,31993208,22257,7933,93,7955,0,0,-18,0,-18,1,1,1,14625,0,0,0,0,0,0,0
931,1206,33292580,32158417,22309,7934,94,7956,0,0,-18,0,-18,1,1,1,14541,0,0,0,0,0,0,0
932,1207,30386833,31486209,22409,7933,93,7955,0,0,-18,0,-18,1,1,1,14458,0,0,0,0,0,0,0
933,1208,34524913,33316667,22821,7933,93,7955,0,0,-18,0,-18,1,1,1,14334,0,0,0,0,0,0,0
934,1209,33355463,34544208,22505,7933,93,7955,0,0,-18,0,-18,1,1,1,16458,0,0,0,0,0,0,0
935,1210,36998368,35663833,22257,7933,93,7955,0,0,-18,0,-18,1,1,1,14583,0,0,0,0,0,0,0
936,1211,36470208,37528333,22321,7933,93,7955,0,0,-18,0,-18,1,1,1,19250,0,0,0,0,0,0,0
937,1212,45345168,45510000,22397,7933,93,7955,0,0,-18,0,-18,1,1,1,17416,0,0,0,0,0,0,0
938,1213,43821543,42545875,22257,7933,96,7955,0,0,-18,0,-18,1,1,1,17584,0,0,0,0,0,0,0
939,1214,47978669,49140791,22321,7933,93,7955,0,0,-18,0,-18,1,1,1,19417,0,0,0,0,0,0,0
940,1215,61675623,59617041,22257,7933,93,7955,0,0,-18,0,-18,1,1,1,24083,0,0,0,0,0,0,0
941,1216,65837830,67655000,22409,7933,93,7955,0,0,-18,0,-18,1,1,1,28916,0,0,0,0,0,0,0
942,1217,70976667,69008167,22309,7933,93,7955,0,0,-18,0,-18,1,1,1,32625,0,0,0,0,0,0,0
943,1218,65461918,65457542,22885,7933,93,7955,0,0,-18,0,-18,1,1,1,20250,0,0,0,0,0,0,0
944,1219,65680623,65758750,22593,7933,93,7955,0,0,-18,0,-18,1,1,1,30125,0,0,0,0,0,0,0
945,1220,65575920,67532167,22373,7933,93,7955,0,0,-18,0,-18,1,1,1,30458,0,0,0,0,0,0,0
946,1221,53990248,52376333,22257,7934,97,7956,0,0,-18,0,-18,1,1,1,27208,0,0,0,0,0,0,0
947,1222,43075203,44501709,22409,7933,93,7955,0,0,-18,0,-18,1,1,1,19958,0,0,0,0,0,0,0
948,1223,44494587,44696292,22257,7933,93,7955,0,0,-18,0,-18,1,1,1,19833,0,0,0,0,0,0,0
949,1224,45975539,44501042,22309,7933,93,7955,0,0,-18,0,-18,1,1,1,22542,0,0,0,0,0,0,0
950,1225,43511793,44662333,22321,7933,93,7955,0,0,-18,0,-18,1,1,1,19375,0,0,0,0,0,0,0
951,1226,51849666,52082208,22345,7933,93,7955,0,0,-18,0,-18,1,1,1,23166,0,0,0,0,0,0,0
952,1227,53903628,52171292,22257,7933,93,7955,0,0,-18,0,-18,1,1,1,24375,0,0,0,0,0,0,0
953,1228,52541334,52625208,22885,7933,93,7955,0,0,-18,0,-18,1,1,1,23000,0,0,0,0,0,0,0
954,1229,52639584,52674541,22645,7933,93,7955,0,0,-18,0,-18,1,1,1,22917,0,0,0,0,0,0,0
955,1230,56285750,57723750,22321,7933,93,7955,0,0,-18,0,-18,1,1,1,26000,0,0,0,0,0,0,0
956,1231,53708538,51808000,22257,7933,96,7955,0,0,-18,0,-18,1,1,1,23000,0,0,0,0,0,0,0
957,1232,50582751,52514750,22409,7933,93,7955,0,0,-18,0,-18,1,1,1,22625,0,0,0,0,0,0,0
958,1233,54569289,53118125,22309,7933,93,7955,0,0,-18,0,-18,1,1,1,22833,0,0,0,0,0,0,0
959,1234,50648249,52004042,22321,7933,93,7955,0,0,-18,0,-18,1,1,1,27292,0,0,0,0,0,0,0
960,1235,52934128,51739667,22345,7933,93,7955,0,0,-18,0,-18,1,1,1,25042,0,0,0,0,0,0,0
961,1236,46298626,47530708,22321,7934,94,7956,0,0,-18,0,-18,1,1,1,20542,0,0,0,0,0,0,0
962,1237,47103039,45433542,22873,7933,93,7955,0,0,-18,0,-18,1,1,1,19375,0,0,0,0,0,0,0
963,1238,50057172,50149334,22505,7933,93,7955,0,0,-18,0,-18,1,1,1,22708,0,0,0,0,0,0,0
964,1239,48577535,50091041,22409,7933,93,7955,0,0,-18,0,-18,1,1,1,22417,0,0,0,0,0,0,0
965,1240,56338667,54790084,22257,7933,93,7955,0,0,-18,0,-18,1,1,1,23916,0,0,0,0,0,0,0
966,1241,46665709,48175667,22373,7933,96,7955,0,0,-18,0,-18,1,1,1,27500,0,0,0,0,0,0,0
967,1242,41585460,41601625,22345,7933,93,7955,0,0,-18,0,-18,1,1,1,19791,0,0,0,0,0,0,0
968,1243,42908292,41658416,22257,7933,93,7955,0,0,-18,0,-18,1,1,1,19167,0,0,0,0,0,0,0
969,1244,38737252,40004875,22321,7933,93,7955,0,0,-18,0,-18,1,1,1,19333,0,0,0,0,0,0,0
970,1245,36696456,36594500,22257,7933,93,7955,0,0,-18,0,-18,1,1,1,16709,0,0,0,0,0,0,0
971,1246,38432121,37357625,22397,7933,93,7955,0,0,-18,0,-18,1,1,1,17333,0,0,0,0,0,0,0
972,1247,35259876,36405208,22321,7933,93,7955,0,0,-18,0,-18,1,1,1,16500,0,0,0,0,0,0,0
973,1248,34811038,34731417,22257,7933,93,7955,0,0,-18,0,-18,1,1,1,15583,0,0,0,0,0,0,0
974,1249,38317836,36435916,22821,7933,93,7955,0,0,-18,0,-18,1,1,1,15042,0,0,0,0,0,0,0
975,1250,35781539,37571875,22569,7933,93,7955,0,0,-18,0,-18,1,1,1,16333,0,0,0,0,0,0,0
976,1251,37301957,37378625,22345,7934,94,7956,0,0,-18,0,-18,1,1,1,20416,0,0,0,0,0,0,0
977,1252,42596627,41110917,22309,7933,93,7955,0,0,-18,0,-18,1,1,1,17875,0,0,0,0,0,0,0
978,1253,41904080,43333875,22321,7933,96,7955,0,0,-18,0,-18,1,1,1,20042,0,0,0,0,0,0,0
979,1254,46878706,46631958,22257,7933,93,7955,0,0,-18,0,-18,1,1,1,19875,0,0,0,0,0,0,0
980,1255,53292665,51963416,22345,7933,93,7955,0,0,-18,0,-18,1,1,1,23458,0,0,0,0,0,0,0
981,1256,58821335,60182750,22321,7933,93,7955,0,0,-18,0,-18,1,1,1,23083,0,0,0,0,0,0,0
982,1257,60435585,58975208,22309,7933,93,7955,0,0,-18,0,-18,1,1,1,28708,0,0,0,0,0,0,0
983,1258,49371372,50882167,22409,7933,93,7955,0,0,-18,0,-18,1,1,1,22792,0,0,0,0,0,0,0
984,1259,52733127,51209458,22257,7933,93,7955,0,0,-18,0,-18,1,1,1,23667,0,0,0,0,0,0,0
985,1260,50569459,50427708,22885,7933,93,7955,0,0,-18,0,-18,1,1,1,28250,0,0,0,0,0,0,0
986,1261,46745579,48428084,22645,7933,93,7955,0,0,-18,0,-18,1,1,1,24208,0,0,0,0,0,0,0
987,1262,47446627,46151875,22257,7933,93,7955,0,0,-18,0,-18,1,1,1,19709,0,0,0,0,0,0,0
988,1263,42333956,43413042,22321,7933,96,7955,0,0,-18,0,-18,1,1,1,19333,0,0,0,0,0,0,0
989,1264,43333332,43417625,22257,7933,93,7955,0,0,-18,0,-18,1,1,1,19916,0,0,0,0,0,0,0
990,1265,49982752,48128084,22345,7933,93,7955,0,0,-18,0,-18,1,1,1,34417,0,0,0,0,0,0,0
991,1266,50392083,52202833,22373,7934,94,7956,0,0,-18,0,-18,1,1,1,22209,0,0,0,0,0,0,0
992,1267,53574122,51971584,22257,7933,93,7955,0,0,-18,0,-18,1,1,1,23291,0,0,0,0,0,0,0
993,1268,50552666,52013416,22409,7933,93,7955,0,0,-18,0,-18,1,1,1,23875,0,0,0,0,0,0,0
994,1269,54938547,52997208,22257,7933,93,7955,0,0,-18,0,-18,1,1,1,24584,0,0,0,0,0,0,0
995,1270,63290871,63129375,22937,7933,93,7955,0,0,-18,0,-18,1,1,1,28666,0,0,0,0,0,0,0
996,1271,55985167,56182291,22593,7933,93,7955,0,0,-18,0,-18,1,1,1,30333,0,0,0,0,0,0,0
997,1272,58407325,60306750,22321,7933,93,7955,0,0,-18,0,-18,1,1,1,47458,0,0,0,0,0,0,0
998,1273,54231796,52359791,22257,7933,96,7955,0,0,-18,0,-18,1,1,1,23250,0,0,0,0,0,0,0
999,1274,47884415,49746959,22461,7933,93,7955,0,0,-18,0,-18,1,1,1,23375,0,0,0,0,0,0,0
1000,1275,44154953,44153750,22257,7933,93,7955,0,0,-18,0,-18,1,1,1,19709,0,0,0,0,0,0,0
1001,1276,42870499,41619667,22257,7933,93,7955,0,0,-18,0,-18,1,1,1,19166,0,0,0,0,0,0,0
1002,1277,39870671,41072167,22321,7933,93,7955,0,0,-18,0,-18,1,1,1,19334,0,0,0,0,0,0,0
1003,1278,36521997,36567708,22345,7933,93,7955,0,0,-18,0,-18,1,1,1,16708,0,0,0,0,0,0,0
1004,1279,37587087,36413500,22309,7933,93,7955,0,0,-18,0,-18,1,1,1,16833,0,0,0,0,0,0,0
1005,1280,33862542,35029708,22321,7933,93,7955,0,0,-18,0,-18,1,1,1,16708,0,0,0,0,0,0,0
1006,1281,33120997,32037458,22821,7934,94,7956,0,0,-18,0,-18,1,1,1,15167,0,0,0,0,0,0,0
1007,1282,30723001,31726458,22505,7933,93,7955,0,0,-18,0,-18,1,1,1,15000,0,0,0,0,0,0,0
1008,1283,32961502,31905833,22345,7933,93,7955,0,0,-18,0,-18,1,1,1,14583,0,0,0,0,0,0,0
1009,1284,34898251,35960792,22321,7933,93,7955,0,0,-18,0,-18,1,1,1,15125,0,0,0,0,0,0,0
1010,1285,31735911,31713667,22309,7933,96,7955,0,0,-18,0,-18,1,1,1,14709,0,0,0,0,0,0,0
1011,1286,31831003,31841333,22257,7933,93,7955,0,0,-18,0,-18,1,1,1,15291,0,0,0,0,0,0,0
1012,1287,33299207,32167042,22257,7933,93,7955,0,0,-18,0,-18,1,1,1,14958,0,0,0,0,0,0,0
1013,1288,30618084,31719500,22409,7933,93,7955,0,0,-18,0,-18,1,1,1,14459,0,0,0,0,0,0,0
1014,1289,32619670,32579959,22257,7933,93,7955,0,0,-18,0,-18,1,1,1,14916,0,0,0,0,0,0,0
1015,1290,33234041,33245333,22257,7933,93,7955,0,0,-18,0,-18,1,1,1,15625,0,0,0,0,0,0,0
1016,1291,35121832,33954667,22257,7933,93,7955,0,0,-18,0,-18,1,1,1,15083,0,0,0,0,0,0,0
1017,1292,33678080,34765250,22373,7933,93,7955,0,0,-18,0,-18,1,1,1,14750,0,0,0,0,0,0,0
1018,1293,33981002,34001875,22345,7933,93,7955,0,0,-18,0,-18,1,1,1,15416,0,0,0,0,0,0,0
1019,1294,39335418,38094542,22257,7933,93,7955,0,0,-18,0,-18,1,1,1,16041,0,0,0,0,0,0,0
1020,1295,43221123,42945167,22885,7933,93,7955,0,0,-18,0,-18,1,1,1,17334,0,0,0,0,0,0,0
1021,1296,49418162,50617250,22505,7934,94,7956,0,0,-18,0,-18,1,1,1,19959,0,0,0,0,0,0,0
1022,1297,66760964,64897417,22397,7933,93,7955,0,0,-18,0,-18,1,1,1,28583,0,0,0,0,0,0,0
1023,1298,76370127,78027375,22321,7933,93,7955,0,0,-18,0,-18,1,1,1,29333,0,0,0,0,0,0,0
1024,1299,69651082,67943375,22257,7933,96,7955,0,0,-18,0,-18,1,1,1,20583,0,0,0,0,0,0,0
1025,1300,61599873,63466958,22461,7933,93,7955,0,0,-18,0,-18,1,1,1,28250,0,0,0,0,0,0,0
1026,1301,68688914,66572792,22257,7933,93,7955,0,0,-18,0,-18,1,1,1,31875,0,0,0,0,0,0,0
1027,1302,57239752,59294000,22321,7933,93,7955,0,0,-18,0,-18,1,1,1,31166,0,0,0,0,0,0,0
1028,1303,52503537,49997750,22909,7933,93,7955,0,0,-18,0,-18,1,1,1,23875,0,0,0,0,0,0,0
1029,1304,40981043,43605583,22621,7933,93,7955,0,0,-18,0,-18,1,1,1,20125,0,0,0,0,0,0,0
1030,1305,45449957,45363750,22257,7933,93,7955,0,0,-18,0,-18,1,1,1,19125,0,0,0,0,0,0,0
1031,1306,47975912,46632292,22257,7933,93,7955,0,0,-18,0,-18,1,1,1,20084,0,0,0,0,0,0,0
1032,1307,42085587,43344041,22409,7933,96,7955,0,0,-18,0,-18,1,1,1,20000,0,0,0,0,0,0,0
1033,1308,43618205,43664875,22257,7933,93,7955,0,0,-18,0,-18,1,1,1,19958,0,0,0,0,0,0,0
1034,1309,52845917,50710625,22309,7933,93,7955,0,0,-18,0,-18,1,1,1,19709,0,0,0,0,0,0,0
1035,1310,50464797,52462958,22321,7933,93,7955,0,0,-18,0,-18,1,1,1,23000,0,0,0,0,0,0,0
1036,1311,52509579,50789042,22345,7934,94,7956,0,0,-18,0,-18,1,1,1,25291,0,0,0,0,0,0,0
1037,1312,50394877,52040333,22321,7933,93,7955,0,0,-18,0,-18,1,1,1,24000,0,0,0,0,0,0,0
1038,1313,53809955,52047584,22309,7933,93,7955,0,0,-18,0,-18,1,1,1,24083,0,0,0,0,0,0,0
1039,1314,58864872,58730417,22973,7933,93,7955,0,0,-18,0,-18,1,1,1,28042,0,0,0,0,0,0,0
1040,1315,54917879,55148583,35029,7933,93,7955,0,0,-18,0,-18,1,1,1,28834,0,0,0,0,0,0,0
1041,1316,56071251,57631500,22321,7933,93,7955,0,0,-18,0,-18,1,1,1,30208,0,0,0,0,0,0,0
1042,1317,52422251,50882292,22397,7933,96,7955,0,0,-18,0,-18,1,1,1,24291,0,0,0,0,0,0,0
1043,1318,46008743,47696417,22321,7933,93,7955,0,0,-18,0,-18,1,1,1,25750,0,0,0,0,0,0,0
1044,1319,42089208,42035125,22257,7933,93,7955,0,0,-18,0,-18,1,1,1,20000,0,0,0,0,0,0,0
1045,1320,41505463,40303208,22257,7933,93,7955,0,0,-18,0,-18,1,1,1,19917,0,0,0,0,0,0,0
1046,1321,35003371,36200166,22409,7933,93,7955,0,0,-18,0,-18,1,1,1,17500,0,0,0,0,0,0,0
1047,1322,36218211,36229083,22309,7933,93,7955,0,0,-18,0,-18,1,1,1,17042,0,0,0,0,0,0,0
1048,1323,34852620,33782250,22257,7933,93,7955,0,0,-18,0,-18,1,1,1,16833,0,0,0,0,0,0,0
1049,1324,31226580,32245708,22321,7933,93,7955,0,0,-18,0,-18,1,1,1,14791,0,0,0,0,0,0,0
1050,1325,33183921,32046667,22821,7933,93,7955,0,0,-18,0,-18,1,1,1,15375,0,0,0,0,0,0,0
1051,1326,30430542,31583666,22593,7934,94,7956,0,0,-18,0,-18,1,1,1,14625,0,0,0,0,0,0,0
1052,1327,33443126,32338500,22257,7933,93,7955,0,0,-18,0,-18,1,1,1,15000,0,0,0,0,0,0,0
1053,1328,31059205,32128333,22321,7933,93,7955,0,0,-18,0,-18,1,1,1,15125,0,0,0,0,0,0,0
1054,1329,35196747,35161209,22309,7933,93,7955,0,0,-18,0,-18,1,1,1,21667,0,0,0,0,0,0,0
1055,1330,32157998,32125791,22257,7933,96,7955,0,0,-18,0,-18,1,1,1,15417,0,0,0,0,0,0,0
1056,1331,33000126,31973292,22345,7933,93,7955,0,0,-18,0,-18,1,1,1,14958,0,0,0,0,0,0,0
1057,1332,33510878,34542958,22321,7933,93,7955,0,0,-18,0,-18,1,1,1,14625,0,0,0,0,0,0,0
1058,1333,34304585,34279875,22257,7933,93,7955,0,0,-18,0,-18,1,1,1,14792,0,0,0,0,0,0,0
1059,1334,33830575,32721000,22257,7933,93,7955,0,0,-18,0,-18,1,1,1,19916,0,0,0,0,0,0,0
1060,1335,32246958,33270875,22373,7933,93,7955,0,0,-18,0,-18,1,1,1,15333,0,0,0,0,0,0,0
1061,1336,34088917,34157584,22345,7933,93,7955,0,0,-18,0,-18,1,1,1,14792,0,0,0,0,0,0,0
1062,1337,37921044,36604917,22257,7933,93,7955,0,0,-18,0,-18,1,1,1,15083,0,0,0,0,0,0,0
1063,1338,39820201,40955916,22321,7933,93,7955,0,0,-18,0,-18,1,1,1,16417,0,0,0,0,0,0,0
1064,1339,47833289,47759834,22257,7933,93,7955,0,0,-18,0,-18,1,1,1,18875,0,0,0,0,0,0,0
1065,1340,64130000,60562709,22909,7933,93,7955,0,0,-18,0,-18,1,1,1,23167,0,0,0,0,0,0,0
1066,1341,61235126,64720250,22621,7934,94,7956,0,0,-18,0,-18,1,1,1,34833,0,0,0,0,0,0,0
1067,1342,74813999,72892541,22257,7933,93,7955,0,0,-18,0,-18,1,1,1,31875,0,0,0,0,0,0,0
1068,1343,64552001,66304042,22409,7933,96,7955,0,0,-18,0,-18,1,1,1,28417,0,0,0,0,0,0,0
1069,1344,68204037,66020791,22309,7933,93,7955,0,0,-18,0,-18,1,1,1,29500,0,0,0,0,0,0,0
1070,1345,51344748,53613500,22321,7933,93,7955,0,0,-18,0,-18,1,1,1,23584,0,0,0,0,0,0,0
1071,1346,47989670,46589958,22345,7933,93,7955,0,0,-18,0,-18,1,1,1,22792,0,0,0,0,0,0,0
1072,1347,40627416,42091500,22321,7933,93,7955,0,0,-18,0,-18,1,1,1,19375,0,0,0,0,0,0,0
1073,1348,43112792,41839292,22873,7933,93,7955,0,0,-18,0,-18,1,1,1,19417,0,0,0,0,0,0,0
1074,1349,41581541,41227792,22505,7933,93,7955,0,0,-18,0,-18,1,1,1,18584,0,0,0,0,0,0,0
1075,1350,41854131,43436542,22409,7933,93,7955,0,0,-18,0,-18,1,1,1,20000,0,0,0,0,0,0,0
1076,1351,49214206,49145750,22257,7933,93,7955,0,0,-18,0,-18,1,1,1,21291,0,0,0,0,0,0,0
1077,1352,46821996,45270250,22257,7933,96,7955,0,0,-18,0,-18,1,1,1,20667,0,0,0,0,0,0,0
1078,1353,49445081,50870709,22373,7933,93,7955,0,0,-18,0,-18,1,1,1,24000,0,0,0,0,0,0,0
1079,1354,53160544,51133834,22345,7933,93,7955,0,0,-18,0,-18,1,1,1,23291,0,0,0,0,0,0,0
1080,1355,49562040,51495750,22321,7933,93,7955,0,0,-18,0,-18,1,1,1,22750,0,0,0,0,0,0,0
1081,1356,58601330,57045000,22257,7934,94,7956,0,0,-18,0,-18,1,1,1,29167,0,0,0,0,0,0,0
1082,1357,54969627,56443958,22461,7933,93,7955,0,0,-18,0,-18,1,1,1,28125,0,0,0,0,0,0,0
1083,1358,53430166,50509541,22821,7933,93,7955,0,0,-18,0,-18,1,1,1,29959,0,0,0,0,0,0,0
1084,1359,48309877,51252250,22569,7933,93,7955,0,0,-18,0,-18,1,1,1,26625,0,0,0,0,0,0,0
1085,1360,51090538,49688750,22345,7933,93,7955,0,0,-18,0,-18,1,1,1,23417,0,0,0,0,0,0,0
1086,1361,51077954,52573875,22373,7933,93,7955,0,0,-18,0,-18,1,1,1,23917,0,0,0,0,0,0,0
1087,1362,41361294,41362791,22257,7933,96,7955,0,0,-18,0,-18,1,1,1,19375,0,0,0,0,0,0,0
1088,1363,41512664,40322042,22257,7933,93,7955,0,0,-18,0,-18,1,1,1,19167,0,0,0,0,0,0,0
1089,1364,35111337,36298167,22409,7933,93,7955,0,0,-18,0,-18,1,1,1,16375,0,0,0,0,0,0,0
1090,1365,35376496,35353708,22257,7933,93,7955,0,0,-18,0,-18,1,1,1,16875,0,0,0,0,0,0,0
1091,1366,33520210,32485667,22309,7933,93,7955,0,0,-18,0,-18,1,1,1,14291,0,0,0,0,0,0,0
1092,1367,31359791,32358791,22321,7933,93,7955,0,0,-18,0,-18,1,1,1,15042,0,0,0,0,0,0,0
1093,1368,32120961,32082709,22257,7933,93,7955,0,0,-18,0,-18,1,1,1,15208,0,0,0,0,0,0,0
1094,1369,31638704,31663667,22345,7933,93,7955,0,0,-18,0,-18,1,1,1,15334,0,0,0,0,0,0,0
1095,1370,33046379,32002041,22257,7933,93,7955,0,0,-18,0,-18,1,1,1,23500,0,0,0,0,0,0,0
1096,1371,31747620,31715667,22885,7934,94,7956,0,0,-18,0,-18,1,1,1,14833,0,0,0,0,0,0,0
1097,1372,30689958,31724000,22505,7933,93,7955,0,0,-18,0,-18,1,1,1,14083,0,0,0,0,0,0,0
1098,1373,31983964,31926833,22309,7933,93,7955,0,0,-18,0,-18,1,1,1,16542,0,0,0,0,0,0,0
1099,1374,32703705,31704000,22345,7933,93,7955,0,0,-18,0,-18,1,1,1,14458,0,0,0,0,0,0,0
1100,1375,34891624,35904333,22321,7933,93,7955,0,0,-18,0,-18,1,1,1,15333,0,0,0,0,0,0,0
1101,1376,31830415,31831083,22257,7933,96,7955,0,0,-18,0,-18,1,1,1,14708,0,0,0,0,0,0,0
1102,1377,31946837,31920333,22257,7933,93,7955,0,0,-18,0,-18,1,1,1,14875,0,0,0,0,0,0,0
1103,1378,32684914,31606416,22257,7933,93,7955,0,0,-18,0,-18,1,1,1,14792,0,0,0,0,0,0,0
1104,1379,29623001,30668000,22409,7933,93,7955,0,0,-18,0,-18,1,1,1,15166,0,0,0,0,0,0,0
1105,1380,29760792,29777625,22309,7933,93,7955,0,0,-18,0,-18,1,1,1,14917,0,0,0,0,0,0,0
1106,1381,29852911,29764209,22257,7933,93,7955,0,0,-18,0,-18,1,1,1,13166,0,0,0,0,0,0,0
1107,1382,31551212,30634625,22257,7933,93,7955,0,0,-18,0,-18,1,1,1,14709,0,0,0,0,0,0,0
1108,1383,30405038,31271250,22321,7933,93,7955,0,0,-18,0,-18,1,1,1,13542,0,0,0,0,0,0,0
1109,1384,30345337,30414625,22345,7933,93,7955,0,0,-18,0,-18,1,1,1,12959,0,0,0,0,0,0,0
1110,1385,32415080,32372417,22257,7933,93,7955,0,0,-18,0,-18,1,1,1,14625,0,0,0,0,0,0,0
1111,1386,33095125,32070042,22257,7934,94,7956,0,0,-18,0,-18,1,1,1,14667,0,0,0,0,0,0,0
1112,1387,31842544,31760583,22937,7933,93,7955,0,0,-18,0,-18,1,1,1,13833,0,0,0,0,0,0,0
1113,1388,31071081,32096583,22505,7933,93,7955,0,0,-18,0,-18,1,1,1,14250,0,0,0,0,0,0,0
1114,1389,31749419,31779667,22345,7933,93,7955,0,0,-18,0,-18,1,1,1,14333,0,0,0,0,0,0,0
1115,1390,33464875,32272875,22257,7933,93,7955,0,0,-18,0,-18,1,1,1,15791,0,0,0,0,0,0,0
1116,1391,35096876,36243708,22321,7933,93,7955,0,0,-18,0,-18,1,1,1,16791,0,0,0,0,0,0,0
1117,1392,34695208,34687834,22257,7933,96,7955,0,0,-18,0,-18,1,1,1,14542,0,0,0,0,0,0,0
1118,1393,34005291,32872792,22257,7933,93,7955,0,0,-18,0,-18,1,1,1,15083,0,0,0,0,0,0,0
1119,1394,31419202,32533625,22461,7933,93,7955,0,0,-18,0,-18,1,1,1,15000,0,0,0,0,0,0,0
1120,1395,34489251,34155000,22257,7933,93,7955,0,0,-18,0,-18,1,1,1,16958,0,0,0,0,0,0,0
1121,1396,36989122,35737459,22257,7933,93,7955,0,0,-18,0,-18,1,1,1,17042,0,0,0,0,0,0,0
1122,1397,32212961,33706459,22321,7933,93,7955,0,0,-18,0,-18,1,1,1,14833,0,0,0,0,0,0,0
1123,1398,37951502,37866459,22257,7933,93,7955,0,0,-18,0,-18,1,1,1,15125,0,0,0,0,0,0,0
1124,1399,44044997,42540292,22345,7933,93,7955,0,0,-18,0,-18,1,1,1,17958,0,0,0,0,0,0,0
1125,1400,52754960,54118708,22373,7933,93,7955,0,0,-18,0,-18,1,1,1,22167,0,0,0,0,0,0,0
1126,1401,67626208,63753417,22821,7934,94,7956,0,0,-18,0,-18,1,1,1,35625,0,0,0,0,0,0,0
1127,1402,63439331,67235792,22657,7933,93,7955,0,0,-18,0,-18,1,1,1,34542,0,0,0,0,0,0,0
1128,1403,70511668,68642375,22257,7933,93,7955,0,0,-18,0,-18,1,1,1,35083,0,0,0,0,0,0,0
1129,1404,62792956,64370708,22373,7933,96,7955,0,0,-18,0,-18,1,1,1,27834,0,0,0,0,0,0,0
1130,1405,63628621,61919417,22345,7933,93,7955,0,0,-18,0,-18,1,1,1,28417,0,0,0,0,0,0,0
1131,1406,49137420,51005625,22321,7933,93,7955,0,0,-18,0,-18,1,1,1,24166,0,0,0,0,0,0,0
1132,1407,49297500,49236541,22257,7933,93,7955,0,0,-18,0,-18,1,1,1,24958,0,0,0,0,0,0,0
1133,1408,45029122,43900208,22397,7933,93,7955,0,0,-18,0,-18,1,1,1,20042,0,0,0,0,0,0,0
1134,1409,44938165,44919875,22885,7933,93,7955,0,0,-18,0,-18,1,1,1,19792,0,0,0,0,0,0,0
1135,1410,42097456,43342333,22505,7933,93,7955,0,0,-18,0,-18,1,1,1,19000,0,0,0,0,0,0,0
1136,1411,44738002,43466750,22257,7933,93,7955,0,0,-18,0,-18,1,1,1,19750,0,0,0,0,0,0,0
1137,1412,47038413,48316167,22409,7933,93,7955,0,0,-18,0,-18,1,1,1,19791,0,0,0,0,0,0,0
1138,1413,46131208,45987416,22309,7933,96,7955,0,0,-18,0,-18,1,1,1,19417,0,0,0,0,0,0,0
1139,1414,52311081,50614416,22257,7933,93,7955,0,0,-18,0,-18,1,1,1,23292,0,0,0,0,0,0,0
1140,1415,50585169,52238417,22321,7933,93,7955,0,0,-18,0,-18,1,1,1,22792,0,0,0,0,0,0,0
1141,1416,54289497,52796000,22345,7934,94,7956,0,0,-18,0,-18,1,1,1,23500,0,0,0,0,0,0,0
1142,1417,51131837,52599292,22373,7933,93,7955,0,0,-18,0,-18,1,1,1,26084,0,0,0,0,0,0,0
1143,1418,52641119,50968042,22257,7933,93,7955,0,0,-18,0,-18,1,1,1,23500,0,0,0,0,0,0,0
1144,1419,47998376,49589334,22409,7933,93,7955,0,0,-18,0,-18,1,1,1,23000,0,0,0,0,0,0,0
1145,1420,46189915,45027750,22821,7933,93,7955,0,0,-18,0,-18,1,1,1,23625,0,0,0,0,0,0,0
1146,1421,41655790,41650208,22505,7933,93,7955,0,0,-18,0,-18,1,1,1,18958,0,0,0,0,0,0,0
1147,1422,36214001,37412750,22373,7933,93,7955,0,0,-18,0,-18,1,1,1,18875,0,0,0,0,0,0,0
1148,1423,39536919,39628334,22345,7933,93,7955,0,0,-18,0,-18,1,1,1,17292,0,0,0,0,0,0,0
1149,1424,37667624,36354583,22257,7933,96,7955,0,0,-18,0,-18,1,1,1,17291,0,0,0,0,0,0,0
1150,1425,34490540,35775542,22321,7933,93,7955,0,0,-18,0,-18,1,1,1,17250,0,0,0,0,0,0,0
1151,1426,32207794,32164042,22257,7933,93,7955,0,0,-18,0,-18,1,1,1,14875,0,0,0,0,0,0,0
1152,1427,31710706,31654250,22257,7933,93,7955,0,0,-18,0,-18,1,1,1,15084,0,0,0,0,0,0,0
1153,1428,32978706,32000209,22397,7933,93,7955,0,0,-18,0,-18,1,1,1,14917,0,0,0,0,0,0,0
1154,1429,31190291,32220792,22321,7933,93,7955,0,0,-18,0,-18,1,1,1,14833,0,0,0,0,0,0,0
1155,1430,32255917,32221250,22257,7933,93,7955,0,0,-18,0,-18,1,1,1,14834,0,0,0,0,0,0,0
1156,1431,31628414,31639667,22257,7934,94,7956,0,0,-18,0,-18,1,1,1,14917,0,0,0,0,0,0,0
1157,1432,33009503,31891250,22257,7933,93,7955,0,0,-18,0,-18,1,1,1,14541,0,0,0,0,0,0,0
1158,1433,30828585,31917375,22409,7933,93,7955,0,0,-18,0,-18,1,1,1,14250,0,0,0,0,0,0,0
1159,1434,32845329,31702375,22821,7933,93,7955,0,0,-18,0,-18,1,1,1,14500,0,0,0,0,0,0,0
1160,1435,30472377,31578375,22557,7933,93,7955,0,0,-18,0,-18,1,1,1,14042,0,0,0,0,0,0,0
1161,1436,33081788,31981333,22257,7933,93,7955,0,0,-18,0,-18,1,1,1,14834,0,0,0,0,0,0,0
1162,1437,30849164,31853666,22321,7933,93,7955,0,0,-18,0,-18,1,1,1,15459,0,0,0,0,0,0,0
1163,1438,34704294,34739458,22345,7933,93,7955,0,0,-18,0,-18,1,1,1,14916,0,0,0,0,0,0,0
1164,1439,31778790,31780167,22257,7933,96,7955,0,0,-18,0,-18,1,1,1,15000,0,0,0,0,0,0,0
1165,1440,32391794,31318958,22257,7933,93,7955,0,0,-18,0,-18,1,1,1,14833,0,0,0,0,0,0,0
1166,1441,30781958,31813542,22321,7933,93,7955,0,0,-18,0,-18,1,1,1,14333,0,0,0,0,0,0,0
1167,1442,32940495,32869791,22309,7933,93,7955,0,0,-18,0,-18,1,1,1,15375,0,0,0,0,0,0,0
1168,1443,32699503,32756833,22345,7933,93,7955,0,0,-18,0,-18,1,1,1,14791,0,0,0,0,0,0,0
1169,1444,34970622,33841458,22257,7933,93,7955,0,0,-18,0,-18,1,1,1,15500,0,0,0,0,0,0,0
1170,1445,34774333,35849500,22321,7933,93,7955,0,0,-18,0,-18,1,1,1,17750,0,0,0,0,0,0,0
1171,1446,33159580,33124125,22257,7934,94,7956,0,0,-18,0,-18,1,1,1,15542,0,0,0,0,0,0,0
1172,1447,33799257,32424542,22257,7933,93,7955,0,0,-18,0,-18,1,1,1,15375,0,0,0,0,0,0,0
1173,1448,32545246,33909834,22461,7933,93,7955,0,0,-18,0,-18,1,1,1,16250,0,0,0,0,0,0,0
1174,1449,37215795,35962250,22821,7933,93,7955,0,0,-18,0,-18,1,1,1,15125,0,0,0,0,0,0,0
1175,1450,41064038,40907333,22505,7933,93,7955,0,0,-18,0,-18,1,1,1,17584,0,0,0,0,0,0,0
1176,1451,48465419,49677125,22321,7933,93,7955,0,0,-18,0,-18,1,1,1,19250,0,0,0,0,0,0,0
1177,1452,64381875,62424250,22345,7933,93,7955,0,0,-18,0,-18,1,1,1,24041,0,0,0,0,0,0,0
1178,1453,64014002,65846208,22373,7933,96,7955,0,0,-18,0,-18,1,1,1,31209,0,0,0,0,0,0,0
1179,1454,67240498,64869750,22257,7933,93,7955,0,0,-18,0,-18,1,1,1,29167,0,0,0,0,0,0,0
1180,1455,61960127,63694791,22409,7933,93,7955,0,0,-18,0,-18,1,1,1,28875,0,0,0,0,0,0,0
1181,1456,63955672,63089750,22257,7933,93,7955,0,0,-18,0,-18,1,1,1,30834,0,0,0,0,0,0,0
1182,1457,49979705,51413708,22373,7933,93,7955,0,0,-18,0,-18,1,1,1,25208,0,0,0,0,0,0,0
1183,1458,56168332,53320084,22909,7933,93,7955,0,0,-18,0,-18,1,1,1,25625,0,0,0,0,0,0,0
1184,1459,49255710,52120542,22569,7933,93,7955,0,0,-18,0,-18,1,1,1,23375,0,0,0,0,0,0,0
1185,1460,46154499,46112750,22257,7933,93,7955,0,0,-18,0,-18,1,1,1,23250,0,0,0,0,0,0,0
1186,1461,50695251,49455500,22397,7934,94,7956,0,0,-18,0,-18,1,1,1,21750,0,0,0,0,0,0,0
1187,1462,43663285,44800708,22321,7933,96,7955,0,0,-18,0,-18,1,1,1,21208,0,0,0,0,0,0,0
1188,1463,49553629,49513958,22257,7933,93,7955,0,0,-18,0,-18,1,1,1,19375,0,0,0,0,0,0,0
1189,1464,53330916,51795875,22257,7933,93,7955,0,0,-18,0,-18,1,1,1,24041,0,0,0,0,0,0,0
1190,1465,50267912,51858292,22409,7933,93,7955,0,0,-18,0,-18,1,1,1,23709,0,0,0,0,0,0,0
1191,1466,53202714,51688000,22309,7933,93,7955,0,0,-18,0,-18,1,1,1,28833,0,0,0,0,0,0,0
1192,1467,50236750,51610125,22321,7933,93,7955,0,0,-18,0,-18,1,1,1,23708,0,0,0,0,0,0,0
1193,1468,54221037,51270958,22909,7933,93,7955,0,0,-18,0,-18,1,1,1,23667,0,0,0,0,0,0,0
1194,1469,50457000,53337500,22569,7933,93,7955,0,0,-18,0,-18,1,1,1,23250,0,0,0,0,0,0,0
1195,1470,54301373,52856041,22309,7933,93,7955,0,0,-18,0,-18,1,1,1,23458,0,0,0,0,0,0,0
1196,1471,55018372,56522958,22409,7933,93,7955,0,0,-18,0,-18,1,1,1,24000,0,0,0,0,0,0,0
1197,1472,51563166,50036375,22257,7933,96,7955,0,0,-18,0,-18,1,1,1,23375,0,0,0,0,0,0,0
1198,1473,47304168,48841542,22321,7933,93,7955,0,0,-18,0,-18,1,1,1,22750,0,0,0,0,0,0,0
1199,1474,41560962,41593625,22397,7933,93,7955,0,0,-18,0,-18,1,1,1,20084,0,0,0,0,0,0,0
1200,1475,41150204,40042875,22257,7933,93,7955,0,0,-18,0,-18,1,1,1,19667,0,0,0,0,0,0,0
1201,1476,35079125,36156833,22321,7934,94,7956,0,0,-18,0,-18,1,1,1,16917,0,0,0,0,0,0,0
1202,1477,34611459,34573291,22257,7933,93,7955,0,0,-18,0,-18,1,1,1,16542,0,0,0,0,0,0,0
1203,1478,32819252,31794541,22345,7933,93,7955,0,0,-18,0,-18,1,1,1,15917,0,0,0,0,0,0,0
1204,1479,32103329,32076458,22885,7933,93,7955,0,0,-18,0,-18,1,1,1,16417,0,0,0,0,0,0,0
1205,1480,30710415,31781000,22557,7933,93,7955,0,0,-18,0,-18,1,1,1,14708,0,0,0,0,0,0,0
1206,1481,32320834,32324667,22257,7933,93,7955,0,0,-18,0,-18,1,1,1,14875,0,0,0,0,0,0,0
1207,1482,32984416,31870166,22257,7933,93,7955,0,0,-18,0,-18,1,1,1,14875,0,0,0,0,0,0,0
1208,1483,34515164,35588625,22409,7933,93,7955,0,0,-18,0,-18,1,1,1,14875,0,0,0,0,0,0,0
1209,1484,31435877,31418791,22257,7933,96,7955,0,0,-18,0,-18,1,1,1,15083,0,0,0,0,0,0,0
1210,1485,31811416,31812041,22257,7933,93,7955,0,0,-18,0,-18,1,1,1,14542,0,0,0,0,0,0,0
1211,1486,32717835,31592417,22257,7933,93,7955,0,0,-18,0,-18,1,1,1,14292,0,0,0,0,0,0,0
1212,1487,30788747,31832292,22373,7933,93,7955,0,0,-18,0,-18,1,1,1,15125,0,0,0,0,0,0,0
1213,1488,31454458,31475000,22345,7933,93,7955,0,0,-18,0,-18,1,1,1,14500,0,0,0,0,0,0,0
1214,1489,31721916,31603375,22257,7933,93,7955,0,0,-18,0,-18,1,1,1,14375,0,0,0,0,0,0,0
1215,1490,33010330,32050917,22257,7933,93,7955,0,0,-18,0,-18,1,1,1,15542,0,0,0,0,0,0,0
1216,1491,30441213,31475917,22321,7934,94,7956,0,0,-18,0,-18,1,1,1,14542,0,0,0,0,0,0,0
1217,1492,31699247,31617875,22257,7933,93,7955,0,0,-18,0,-18,1,1,1,14916,0,0,0,0,0,0,0
1218,1493,32684955,32736291,22345,7933,93,7955,0,0,-18,0,-18,1,1,1,14625,0,0,0,0,0,0,0
1219,1494,34074172,33006375,22309,7933,93,7955,0,0,-18,0,-18,1,1,1,15500,0,0,0,0,0,0,0
1220,1495,34429166,34202958,22885,7933,93,7955,0,0,-18,0,-18,1,1,1,15000,0,0,0,0,0,0,0
1221,1496,32836791,34074917,22505,7933,93,7955,0,0,-18,0,-18,1,1,1,14583,0,0,0,0,0,0,0
1222,1497,35793248,34424000,22257,7933,93,7955,0,0,-18,0,-18,1,1,1,15708,0,0,0,0,0,0,0
1223,1498,43617580,44762416,22409,7933,93,7955,0,0,-18,0,-18,1,1,1,18125,0,0,0,0,0,0,0
1224,1499,44162500,44119667,22257,7933,96,7955,0,0,-18,0,-18,1,1,1,19542,0,0,0,0,0,0,0
1225,1500,55519714,53591083,22309,7933,93,7955,0,0,-18,0,-18,1,1,1,23208,0,0,0,0,0,0,0
1226,1501,62345243,64086959,22321,7933,93,7955,0,0,-18,0,-18,1,1,1,27916,0,0,0,0,0,0,0
1227,1502,67132458,64549834,22345,7933,93,7955,0,0,-18,0,-18,1,1,1,28417,0,0,0,0,0,0,0
1228,1503,62910042,65479583,22321,7933,93,7955,0,0,-18,0,-18,1,1,1,28750,0,0,0,0,0,0,0
1229,1504,67167952,65246167,22309,7933,93,7955,0,0,-18,0,-18,1,1,1,36250,0,0,0,0,0,0,0
1230,1505,65511837,65214666,22973,7933,93,7955,0,0,-18,0,-18,1,1,1,29875,0,0,0,0,0,0,0
1231,1506,55479414,56184958,22505,7934,94,7956,0,0,-18,0,-18,1,1,1,29417,0,0,0,0,0,0,0
1232,1507,53847376,55375084,22321,7933,93,7955,0,0,-18,0,-18,1,1,1,24708,0,0,0,0,0,0,0
1233,1508,43068792,43126042,22397,7933,96,7955,0,0,-18,0,-18,1,1,1,19625,0,0,0,0,0,0,0
1234,1509,44413704,43115583,22257,7933,93,7955,0,0,-18,0,-18,1,1,1,19292,0,0,0,0,0,0,0
1235,1510,41482668,42815833,22321,7933,93,7955,0,0,-18,0,-18,1,1,1,19416,0,0,0,0,0,0,0
1236,1511,41860792,41729500,22257,7933,93,7955,0,0,-18,0,-18,1,1,1,21459,0,0,0,0,0,0,0
1237,1512,45035671,43597583,22345,7933,93,7955,0,0,-18,0,-18,1,1,1,23042,0,0,0,0,0,0,0
1238,1513,42293787,43741542,22373,7933,93,7955,0,0,-18,0,-18,1,1,1,19125,0,0,0,0,0,0,0
1239,1514,44034417,43870375,22257,7933,93,7955,0,0,-18,0,-18,1,1,1,24042,0,0,0,0,0,0,0
1240,1515,47111749,44387000,22821,7933,93,7955,0,0,-18,0,-18,1,1,1,22041,0,0,0,0,0,0,0
1241,1516,45668587,48466792,22657,7933,93,7955,0,0,-18,0,-18,1,1,1,18875,0,0,0,0,0,0,0
1242,1517,54475128,52505333,22257,7933,93,7955,0,0,-18,0,-18,1,1,1,25709,0,0,0,0,0,0,0
1243,1518,67681543,69351083,22373,7933,93,7955,0,0,-18,0,-18,1,1,1,27959,0,0,0,0,0,0,0
1244,1519,66863834,64950375,22345,7933,96,7955,0,0,-18,0,-18,1,1,1,28917,0,0,0,0,0,0,0
1245,1520,63448414,65447542,22321,7933,93,7955,0,0,-18,0,-18,1,1,1,37250,0,0,0,0,0,0,0
1246,1521,58502294,56946125,22257,7934,94,7956,0,0,-18,0,-18,1,1,1,29125,0,0,0,0,0,0,0
1247,1522,45694500,47386208,22461,7933,93,7955,0,0,-18,0,-18,1,1,1,22708,0,0,0,0,0,0,0
1248,1523,41258580,41258834,22257,7933,93,7955,0,0,-18,0,-18,1,1,1,19625,0,0,0,0,0,0,0
1249,1524,37474121,36296292,22257,7933,93,7955,0,0,-18,0,-18,1,1,1,16875,0,0,0,0,0,0,0
1250,1525,33243834,33161417,22885,7933,93,7955,0,0,-18,0,-18,1,1,1,16542,0,0,0,0,0,0,0
1251,1526,30967375,32225833,22593,7933,93,7955,0,0,-18,0,-18,1,1,1,14834,0,0,0,0,0,0,0
1252,1527,31672917,31621583,22257,7933,93,7955,0,0,-18,0,-18,1,1,1,15417,0,0,0,0,0,0,0
1253,1528,35829670,34796583,22309,7933,93,7955,0,0,-18,0,-18,1,1,1,16833,0,0,0,0,0,0,0
1254,1529,30907709,31918542,22321,7933,96,7955,0,0,-18,0,-18,1,1,1,18041,0,0,0,0,0,0,0
1255,1530,31766913,31721958,22257,7933,93,7955,0,0,-18,0,-18,1,1,1,15000,0,0,0,0,0,0,0
1256,1531,31633958,31650542,22345,7933,93,7955,0,0,-18,0,-18,1,1,1,14208,0,0,0,0,0,0,0
1257,1532,32530874,31492750,22257,7933,93,7955,0,0,-18,0,-18,1,1,1,14791,0,0,0,0,0,0,0
1258,1533,30851544,31844417,22321,7933,93,7955,0,0,-18,0,-18,1,1,1,17375,0,0,0,0,0,0,0
1259,1534,30494289,30535125,22257,7933,93,7955,0,0,-18,0,-18,1,1,1,14959,0,0,0,0,0,0,0
1260,1535,28831087,28751625,22309,7933,93,7955,0,0,-18,0,-18,1,1,1,13834,0,0,0,0,0,0,0
1261,1536,29501453,28484167,22345,7934,94,7956,0,0,-18,0,-18,1,1,1,13125,0,0,0,0,0,0,0
1262,1537,27640085,28657291,22321,7933,93,7955,0,0,-18,0,-18,1,1,1,13792,0,0,0,0,0,0,0
1263,1538,30989164,31011709,22257,7933,93,7955,0,0,-18,0,-18,1,1,1,13042,0,0,0,0,0,0,0
1264,1539,31954336,31892167,22257,7933,93,7955,0,0,-18,0,-18,1,1,1,12708,0,0,0,0,0,0,0
1265,1540,36455873,34352292,22821,7933,93,7955,0,0,-18,0,-18,1,1,1,14459,0,0,0,0,0,0,0
1266,1541,34573744,36607417,22657,7933,93,7955,0,0,-18,0,-18,1,1,1,15750,0,0,0,0,0,0,0
1267,1542,34881293,34898417,22309,7933,93,7955,0,0,-18,0,-18,1,1,1,15083,0,0,0,0,0,0,0
1268,1543,36098837,34893792,22257,7933,93,7955,0,0,-18,0,-18,1,1,1,15209,0,0,0,0,0,0,0
1269,1544,41646748,42701250,22321,7933,93,7955,0,0,-18,0,-18,1,1,1,18250,0,0,0,0,0,0,0
1270,1545,48297248,48211875,22257,7933,96,7955,0,0,-18,0,-18,1,1,1,20166,0,0,0,0,0,0,0
1271,1546,63225872,60953875,22345,7933,93,7955,0,0,-18,0,-18,1,1,1,22750,0,0,0,0,0,0,0
1272,1547,63595049,65588041,22373,7933,93,7955,0,0,-18,0,-18,1,1,1,29375,0,0,0,0,0,0,0
1273,1548,69501869,66508083,22257,7933,93,7955,0,0,-18,0,-18,1,1,1,19250,0,0,0,0,0,0,0
1274,1549,60493376,63598042,22409,7933,93,7955,0,0,-18,0,-18,1,1,1,21958,0,0,0,0,0,0,0
1275,1550,67064955,63536500,22821,7933,93,7955,0,0,-18,0,-18,1,1,1,30958,0,0,0,0,0,0,0
1276,1551,57123582,60622041,22621,7934,94,7956,0,0,-18,0,-18,1,1,1,28709,0,0,0,0,0,0,0
1277,1552,50415668,49185125,22345,7933,93,7955,0,0,-18,0,-18,1,1,1,24167,0,0,0,0,0,0,0
1278,1553,47920584,49136125,22321,7933,93,7955,0,0,-18,0,-18,1,1,1,21500,0,0,0,0,0,0,0
1279,1554,42826127,42899833,22257,7933,96,7955,0,0,-18,0,-18,1,1,1,23375,0,0,0,0,0,0,0
1280,1555,44468954,42786125,22309,7933,93,7955,0,0,-18,0,-18,1,1,1,19583,0,0,0,0,0,0,0
1281,1556,42561165,44207459,22409,7933,93,7955,0,0,-18,0,-18,1,1,1,40125,0,0,0,0,0,0,0
1282,1557,43142128,43049708,22257,7933,93,7955,0,0,-18,0,-18,1,1,1,19917,0,0,0,0,0,0,0
1283,1558,51300119,49845167,22257,7933,93,7955,0,0,-18,0,-18,1,1,1,19583,0,0,0,0,0,0,0
1284,1559,49910083,51264208,22321,7933,93,7955,0,0,-18,0,-18,1,1,1,22666,0,0,0,0,0,0,0
1285,1560,53879626,51191583,22961,7933,93,7955,0,0,-18,0,-18,1,1,1,23417,0,0,0,0,0,0,0
1286,1561,47326460,50072125,22569,7933,93,7955,0,0,-18,0,-18,1,1,1,23667,0,0,0,0,0,0,0
1287,1562,52124913,50504000,22257,7933,93,7955,0,0,-18,0,-18,1,1,1,23542,0,0,0,0,0,0,0
1288,1563,56648001,58190291,22409,7933,93,7955,0,0,-18,0,-18,1,1,1,29208,0,0,0,0,0,0,0
1289,1564,53617332,51734542,22309,7933,96,7955,0,0,-18,0,-18,1,1,1,22834,0,0,0,0,0,0,0
1290,1565,50087746,51748500,22321,7933,93,7955,0,0,-18,0,-18,1,1,1,23208,0,0,0,0,0,0,0
1291,1566,51835875,50566208,22345,7934,94,7956,0,0,-18,0,-18,1,1,1,23667,0,0,0,0,0,0,0
1292,1567,46611126,48057167,22321,7933,93,7955,0,0,-18,0,-18,1,1,1,22958,0,0,0,0,0,0,0
1293,1568,41601084,41620125,22309,7933,93,7955,0,0,-18,0,-18,1,1,1,19500,0,0,0,0,0,0,0
1294,1569,41557326,40340417,22257,7933,93,7955,0,0,-18,0,-18,1,1,1,20041,0,0,0,0,0,0,0
1295,1570,35281460,36501667,22409,7933,93,7955,0,0,-18,0,-18,1,1,1,16667,0,0,0,0,0,0,0
1296,1571,37499289,36361333,22821,7933,93,7955,0,0,-18,0,-18,1,1,1,16791,0,0,0,0,0,0,0
1297,1572,34729372,34795208,22505,7933,93,7955,0,0,-18,0,-18,1,1,1,17584,0,0,0,0,0,0,0
1298,1573,31158290,32216167,22321,7933,93,7955,0,0,-18,0,-18,1,1,1,15125,0,0,0,0,0,0,0
1299,1574,35223878,35136250,22309,7933,93,7955,0,0,-18,0,-18,1,1,1,15917,0,0,0,0,0,0,0
1300,1575,31580951,31649125,22345,7933,96,7955,0,0,-18,0,-18,1,1,1,15250,0,0,0,0,0,0,0
1301,1576,32835416,31763458,22257,7933,93,7955,0,0,-18,0,-18,1,1,1,14875,0,0,0,0,0,0,0
1302,1577,31514044,32536375,22321,7933,93,7955,0,0,-18,0,-18,1,1,1,14625,0,0,0,0,0,0,0
1303,1578,35336792,35203833,22257,7933,93,7955,0,0,-18,0,-18,1,1,1,19791,0,0,0,0,0,0,0
1304,1579,35719662,34696041,22257,7933,93,7955,0,0,-18,0,-18,1,1,1,15500,0,0,0,0,0,0,0
1305,1580,34486167,35572500,22461,7933,93,7955,0,0,-18,0,-18,1,1,1,19833,0,0,0,0,0,0,0
1306,1581,35690207,35624917,22257,7934,94,7956,0,0,-18,0,-18,1,1,1,15709,0,0,0,0,0,0,0
1307,1582,39309125,37701417,22257,7933,93,7955,0,0,-18,0,-18,1,1,1,17416,0,0,0,0,0,0,0
1308,1583,40955249,42491333,22321,7933,93,7955,0,0,-18,0,-18,1,1,1,20250,0,0,0,0,0,0,0
1309,1584,49967624,49885583,22345,7933,93,7955,0,0,-18,0,-18,1,1,1,19500,0,0,0,0,0,0,0
1310,1585,65834172,62273458,22873,7933,93,7955,0,0,-18,0,-18,1,1,1,23458,0,0,0,0,0,0,0
1311,1586,60677748,64065833,22569,7933,93,7955,0,0,-18,0,-18,1,1,1,33958,0,0,0,0,0,0,0
1312,1587,71294255,69398292,22345,7933,93,7955,0,0,-18,0,-18,1,1,1,30166,0,0,0,0,0,0,0
1313,1588,63821703,65664208,22321,7933,96,7955,0,0,-18,0,-18,1,1,1,29875,0,0,0,0,0,0,0
1314,1589,67303039,65409667,22309,7933,93,7955,0,0,-18,0,-18,1,1,1,28959,0,0,0,0,0,0,0
1315,1590,51928337,53919583,22409,7933,93,7955,0,0,-18,0,-18,1,1,1,23166,0,0,0,0,0,0,0
1316,1591,52661579,51122458,22257,7933,93,7955,0,0,-18,0,-18,1,1,1,23834,0,0,0,0,0,0,0
1317,1592,43267168,44727583,22321,7933,93,7955,0,0,-18,0,-18,1,1,1,21000,0,0,0,0,0,0,0
1318,1593,45028917,43103958,24993,7933,93,7955,0,0,-18,0,-18,1,1,1,20542,0,0,0,0,0,0,0
1319,1594,44822789,44970000,22593,7933,93,7955,0,0,-18,0,-18,1,1,1,19708,0,0,0,0,0,0,0
1320,1595,42348165,43998750,22321,7933,93,7955,0,0,-18,0,-18,1,1,1,19833,0,0,0,0,0,0,0
1321,1596,54857045,54945166,22257,7934,94,7956,0,0,-18,0,-18,1,1,1,20375,0,0,0,0,0,0,0
1322,1597,52682787,51013625,22257,7933,96,7955,0,0,-18,0,-18,1,1,1,23209,0,0,0,0,0,0,0
1323,1598,51132213,52632292,22461,7933,93,7955,0,0,-18,0,-18,1,1,1,24542,0,0,0,0,0,0,0
1324,1599,59010792,57304417,22257,7933,93,7955,0,0,-18,0,-18,1,1,1,28583,0,0,0,0,0,0,0
1325,1600,54511040,56206875,22321,7933,93,7955,0,0,-18,0,-18,1,1,1,22666,0,0,0,0,0,0,0
1326,1601,52752878,51302542,22345,7933,93,7955,0,0,-18,0,-18,1,1,1,23416,0,0,0,0,0,0,0
1327,1602,49212705,50708458,22373,7933,93,7955,0,0,-18,0,-18,1,1,1,25291,0,0,0,0,0,0,0
1328,1603,53680166,50435584,22821,7933,93,7955,0,0,-18,0,-18,1,1,1,22625,0,0,0,0,0,0,0
1329,1604,43842248,47043917,22657,7933,93,7955,0,0,-18,0,-18,1,1,1,23250,0,0,0,0,0,0,0
1330,1605,43734628,43757833,22257,7933,93,7955,0,0,-18,0,-18,1,1,1,19792,0,0,0,0,0,0,0
1331,1606,53169332,51605542,22257,7933,93,7955,0,0,-18,0,-18,1,1,1,19500,0,0,0,0,0,0,0
1332,1607,50422918,51674375,22373,7933,96,7955,0,0,-18,0,-18,1,1,1,22750,0,0,0,0,0,0,0
1333,1608,51340088,50069292,22345,7933,93,7955,0,0,-18,0,-18,1,1,1,23250,0,0,0,0,0,0,0
1334,1609,46720415,48226625,22321,7933,93,7955,0,0,-18,0,-18,1,1,1,22375,0,0,0,0,0,0,0
1335,1610,42002126,41890917,22257,7933,93,7955,0,0,-18,0,-18,1,1,1,19500,0,0,0,0,0,0,0
1336,1611,42378619,41117542,22257,7934,94,7956,0,0,-18,0,-18,1,1,1,20083,0,0,0,0,0,0,0
1337,1612,37327084,38649834,22461,7933,93,7955,0,0,-18,0,-18,1,1,1,18791,0,0,0,0,0,0,0
1338,1613,36081291,36087916,22257,7933,93,7955,0,0,-18,0,-18,1,1,1,17042,0,0,0,0,0,0,0
1339,1614,38050126,36143625,22821,7933,93,7955,0,0,-18,0,-18,1,1,1,19334,0,0,0,0,0,0,0
1340,1615,30611040,32493917,22569,7933,93,7955,0,0,-18,0,-18,1,1,1,14375,0,0,0,0,0,0,0
1341,1616,31943213,31856750,22257,7933,93,7955,0,0,-18,0,-18,1,1,1,15084,0,0,0,0,0,0,0
1342,1617,32848995,32880417,22345,7933,93,7955,0,0,-18,0,-18,1,1,1,15792,0,0,0,0,0,0,0
1343,1618,43127458,41733875,22309,7933,93,7955,0,0,-18,0,-18,1,1,1,21458,0,0,0,0,0,0,0
1344,1619,35567879,36929833,22321,7933,96,7955,0,0,-18,0,-18,1,1,1,17292,0,0,0,0,0,0,0
1345,1620,37951204,37920750,22257,7933,93,7955,0,0,-18,0,-18,1,1,1,17667,0,0,0,0,0,0,0
1346,1621,40888130,39515458,22257,7933,93,7955,0,0,-18,0,-18,1,1,1,17041,0,0,0,0,0,0,0
1347,1622,41630167,42940625,22409,7933,93,7955,0,0,-18,0,-18,1,1,1,19416,0,0,0,0,0,0,0
1348,1623,50329584,50226958,22257,7933,93,7955,0,0,-18,0,-18,1,1,1,23167,0,0,0,0,0,0,0
1349,1624,60769826,58489917,22309,7933,93,7955,0,0,-18,0,-18,1,1,1,23459,0,0,0,0,0,0,0
1350,1625,63215337,65410167,22409,7933,93,7955,0,0,-18,0,-18,1,1,1,28708,0,0,0,0,0,0,0
1351,1626,66013835,62878375,22821,7934,94,7956,0,0,-18,0,-18,1,1,1,28542,0,0,0,0,0,0,0
1352,1627,48915293,51798542,22569,7933,93,7955,0,0,-18,0,-18,1,1,1,23125,0,0,0,0,0,0,0
1353,1628,57032752,55836000,22397,7933,93,7955,0,0,-18,0,-18,1,1,1,23875,0,0,0,0,0,0,0
1354,1629,50622336,52051375,22321,7933,96,7955,0,0,-18,0,-18,1,1,1,23375,0,0,0,0,0,0,0
1355,1630,53609997,51940333,22257,7933,93,7955,0,0,-18,0,-18,1,1,1,22792,0,0,0,0,0,0,0
1356,1631,50581540,52109416,22409,7933,93,7955,0,0,-18,0,-18,1,1,1,25333,0,0,0,0,0,0,0
1357,1632,51358085,50047458,22309,7933,93,7955,0,0,-18,0,-18,1,1,1,24209,0,0,0,0,0,0,0
1358,1633,44223703,45607000,22321,7933,93,7955,0,0,-18,0,-18,1,1,1,23833,0,0,0,0,0,0,0
1359,1634,53884338,53465459,22257,7933,93,7955,0,0,-18,0,-18,1,1,1,23750,0,0,0,0,0,0,0
1360,1635,54063953,51015166,22909,7933,93,7955,0,0,-18,0,-18,1,1,1,23250,0,0,0,0,0,0,0
1361,1636,48668339,51830584,22621,7933,93,7955,0,0,-18,0,-18,1,1,1,23542,0,0,0,0,0,0,0
1362,1637,53979910,51947875,22257,7933,93,7955,0,0,-18,0,-18,1,1,1,23084,0,0,0,0,0,0,0
1363,1638,56956131,59129084,22409,7933,93,7955,0,0,-18,0,-18,1,1,1,23584,0,0,0,0,0,0,0
1364,1639,52907165,51342083,22257,7933,96,7955,0,0,-18,0,-18,1,1,1,23750,0,0,0,0,0,0,0
1365,1640,60255121,61533458,22373,7933,93,7955,0,0,-18,0,-18,1,1,1,31833,0,0,0,0,0,0,0
1366,1641,54140880,52494542,22345,7934,94,7956,0,0,-18,0,-18,1,1,1,22917,0,0,0,0,0,0,0
1367,1642,54751288,56356542,22321,7933,93,7955,0,0,-18,0,-18,1,1,1,29125,0,0,0,0,0,0,0
1368,1643,63974753,62555708,22257,7933,93,7955,0,0,-18,0,-18,1,1,1,29041,0,0,0,0,0,0,0
1369,1644,50309289,50375042,23025,7933,93,7955,0,0,-18,0,-18,1,1,1,28042,0,0,0,0,0,0,0
1370,1645,46227041,47810791,22505,7933,93,7955,0,0,-18,0,-18,1,1,1,22250,0,0,0,0,0,0,0
1371,1646,44013038,42701583,22257,7933,93,7955,0,0,-18,0,-18,1,1,1,19292,0,0,0,0,0,0,0
1372,1647,40855001,42113125,22321,7933,93,7955,0,0,-18,0,-18,1,1,1,20333,0,0,0,0,0,0,0
1373,1648,36440830,36445958,22345,7933,96,7955,0,0,-18,0,-18,1,1,1,17792,0,0,0,0,0,0,0
1374,1649,37745293,36618458,22309,7933,93,7955,0,0,-18,0,-18,1,1,1,17292,0,0,0,0,0,0,0
1375,1650,33714499,34849167,22321,7933,93,7955,0,0,-18,0,-18,1,1,1,16458,0,0,0,0,0,0,0
1376,1651,31701125,31724584,22257,7933,93,7955,0,0,-18,0,-18,1,1,1,14833,0,0,0,0,0,0,0
1377,1652,32133247,32036333,22257,7933,93,7955,0,0,-18,0,-18,1,1,1,14709,0,0,0,0,0,0,0
1378,1653,32640460,31618208,22345,7933,93,7955,0,0,-18,0,-18,1,1,1,14959,0,0,0,0,0,0,0
1379,1654,30432334,31467375,22321,7933,93,7955,0,0,-18,0,-18,1,1,1,14208,0,0,0,0,0,0,0
1380,1655,32144792,32154000,22257,7933,93,7955,0,0,-18,0,-18,1,1,1,15709,0,0,0,0,0,0,0
1381,1656,32199665,32156292,22309,7934,94,7956,0,0,-18,0,-18,1,1,1,15375,0,0,0,0,0,0,0
1382,1657,32952871,31894792,22257,7933,93,7955,0,0,-18,0,-18,1,1,1,15916,0,0,0,0,0,0,0
1383,1658,30684920,31732042,22409,7933,93,7955,0,0,-18,0,-18,1,1,1,14542,0,0,0,0,0,0,0
1384,1659,32616667,31552791,22821,7933,93,7955,0,0,-18,0,-18,1,1,1,14458,0,0,0,0,0,0,0
1385,1660,30738584,31773166,22505,7933,93,7955,0,0,-18,0,-18,1,1,1,14625,0,0,0,0,0,0,0
1386,1661,32648872,31624291,22257,7933,93,7955,0,0,-18,0,-18,1,1,1,14875,0,0,0,0,0,0,0
1387,1662,34505039,35433959,22321,7933,93,7955,0,0,-18,0,-18,1,1,1,16666,0,0,0,0,0,0,0
1388,1663,31780838,31845792,22397,7933,96,7955,0,0,-18,0,-18,1,1,1,15125,0,0,0,0,0,0,0
1389,1664,31451120,31422000,22257,7933,93,7955,0,0,-18,0,-18,1,1,1,14417,0,0,0,0,0,0,0
1390,1665,32933589,31905250,22257,7933,93,7955,0,0,-18,0,-18,1,1,1,15750,0,0,0,0,0,0,0
1391,1666,30395245,31396250,22321,7933,93,7955,0,0,-18,0,-18,1,1,1,14667,0,0,0,0,0,0,0
1392,1667,31580131,31522583,22257,7933,93,7955,0,0,-18,0,-18,1,1,1,15042,0,0,0,0,0,0,0
1393,1668,31414244,31424375,22345,7933,93,7955,0,0,-18,0,-18,1,1,1,14792,0,0,0,0,0,0,0
1394,1669,32678004,31648584,22257,7933,93,7955,0,0,-18,0,-18,1,1,1,15250,0,0,0,0,0,0,0
1395,1670,30767623,31782291,22373,7933,93,7955,0,0,-18,0,-18,1,1,1,14875,0,0,0,0,0,0,0
1396,1671,31764667,31781708,22257,7934,94,7956,0,0,-18,0,-18,1,1,1,15250,0,0,0,0,0,0,0
1397,1672,32520331,32308917,22257,7933,93,7955,0,0,-18,0,-18,1,1,1,15000,0,0,0,0,0,0,0
1398,1673,32522875,31606375,22345,7933,93,7955,0,0,-18,0,-18,1,1,1,15083,0,0,0,0,0,0,0
1399,1674,32225083,32030000,22885,7933,93,7955,0,0,-18,0,-18,1,1,1,14542,0,0,0,0,0,0,0
1400,1675,31507998,32698125,22505,7933,93,7955,0,0,-18,0,-18,1,1,1,14833,0,0,0,0,0,0,0
1401,1676,33008582,32996125,22257,7933,93,7955,0,0,-18,0,-18,1,1,1,15458,0,0,0,0,0,0,0
1402,1677,36712586,35562791,22309,7933,93,7955,0,0,-18,0,-18,1,1,1,15333,0,0,0,0,0,0,0
1403,1678,41840914,42976917,22409,7933,93,7955,0,0,-18,0,-18,1,1,1,15667,0,0,0,0,0,0,0
1404,1679,35274878,35043375,22257,7933,96,7955,0,0,-18,0,-18,1,1,1,15458,0,0,0,0,0,0,0
1405,1680,38367751,37136292,22257,7933,93,7955,0,0,-18,0,-18,1,1,1,17625,0,0,0,0,0,0,0
1406,1681,42262788,43478625,22321,7933,93,7955,0,0,-18,0,-18,1,1,1,21542,0,0,0,0,0,0,0
1407,1682,60506496,58606500,22345,7933,93,7955,0,0,-18,0,-18,1,1,1,22500,0,0,0,0,0,0,0
1408,1683,62691085,64523541,22373,7933,93,7955,0,0,-18,0,-18,1,1,1,28750,0,0,0,0,0,0,0
1409,1684,67616038,64993875,22257,7933,93,7955,0,0,-18,0,-18,1,1,1,28708,0,0,0,0,0,0,0
1410,1685,66174998,65607500,22973,7933,93,7955,0,0,-18,0,-18,1,1,1,29041,0,0,0,0,0,0,0
1411,1686,62542960,63477042,22505,7934,94,7956,0,0,-18,0,-18,1,1,1,30041,0,0,0,0,0,0,0
1412,1687,66620208,68740708,22373,7933,93,7955,0,0,-18,0,-18,1,1,1,29542,0,0,0,0,0,0,0
1413,1688,51732078,50421750,22345,7933,96,7955,0,0,-18,0,-18,1,1,1,23958,0,0,0,0,0,0,0
1414,1689,40855001,42271875,22321,7933,93,7955,0,0,-18,0,-18,1,1,1,24750,0,0,0,0,0,0,0
1415,1690,42890496,42636791,22257,7933,93,7955,0,0,-18,0,-18,1,1,1,19167,0,0,0,0,0,0,0
1416,1691,41095834,40134667,22309,7933,93,7955,0,0,-18,0,-18,1,1,1,19500,0,0,0,0,0,0,0
1417,1692,38010876,39170458,22409,7933,93,7955,0,0,-18,0,-18,1,1,1,17166,0,0,0,0,0,0,0
1418,1693,41108828,41087916,22257,7933,93,7955,0,0,-18,0,-18,1,1,1,19208,0,0,0,0,0,0,0
1419,1694,44249378,42511667,22257,7933,93,7955,0,0,-18,0,-18,1,1,1,19083,0,0,0,0,0,0,0
1420,1695,42611543,44173333,22321,7933,93,7955,0,0,-18,0,-18,1,1,1,19958,0,0,0,0,0,0,0
1421,1696,45707378,44272500,22961,7933,93,7955,0,0,-18,0,-18,1,1,1,18917,0,0,0,0,0,0,0
1422,1697,48102289,48021208,22505,7933,93,7955,0,0,-18,0,-18,1,1,1,19500,0,0,0,0,0,0,0
1423,1698,55831249,57256375,22321,7933,93,7955,0,0,-18,0,-18,1,1,1,23792,0,0,0,0,0,0,0
1424,1699,63267707,61012917,22257,7933,96,7955,0,0,-18,0,-18,1,1,1,22959,0,0,0,0,0,0,0
1425,1700,58060836,60333708,22461,7933,93,7955,0,0,-18,0,-18,1,1,1,28500,0,0,0,0,0,0,0
1426,1701,54760623,53177750,22257,7934,94,7956,0,0,-18,0,-18,1,1,1,28750,0,0,0,0,0,0,0
1427,1702,49989461,51450792,22321,7933,93,7955,0,0,-18,0,-18,1,1,1,22792,0,0,0,0,0,0,0
1428,1703,54140541,52428500,22345,7933,93,7955,0,0,-18,0,-18,1,1,1,39042,0,0,0,0,0,0,0
1429,1704,44115122,45757875,22373,7933,93,7955,0,0,-18,0,-18,1,1,1,23041,0,0,0,0,0,0,0
1430,1705,44826295,43689083,22821,7933,93,7955,0,0,-18,0,-18,1,1,1,19542,0,0,0,0,0,0,0
1431,1706,41611161,41552584,22505,7933,93,7955,0,0,-18,0,-18,1,1,1,19000,0,0,0,0,0,0,0
1432,1707,38609750,39965417,22409,7933,93,7955,0,0,-18,0,-18,1,1,1,19000,0,0,0,0,0,0,0
1433,1708,40668964,40632375,22257,7933,93,7955,0,0,-18,0,-18,1,1,1,19375,0,0,0,0,0,0,0
1434,1709,37292454,36152333,22309,7933,96,7955,0,0,-18,0,-18,1,1,1,17041,0,0,0,0,0,0,0
1435,1710,33769253,34871333,22321,7933,93,7955,0,0,-18,0,-18,1,1,1,16583,0,0,0,0,0,0,0
1436,1711,31743127,31776000,22345,7933,93,7955,0,0,-18,0,-18,1,1,1,15083,0,0,0,0,0,0,0
1437,1712,31419202,31389875,22257,7933,93,7955,0,0,-18,0,-18,1,1,1,14542,0,0,0,0,0,0,0
1438,1713,32765001,31688083,22257,7933,93,7955,0,0,-18,0,-18,1,1,1,14791,0,0,0,0,0,0,0
1439,1714,30755626,31818083,22321,7933,93,7955,0,0,-18,0,-18,1,1,1,15166,0,0,0,0,0,0,0
1440,1715,32540708,32450417,22257,7933,93,7955,0,0,-18,0,-18,1,1,1,15417,0,0,0,0,0,0,0
1441,1716,31601082,31668584,22397,7934,94,7956,0,0,-18,0,-18,1,1,1,14791,0,0,0,0,0,0,0
1442,1717,32735168,31661583,22257,7933,93,7955,0,0,-18,0,-18,1,1,1,15208,0,0,0,0,0,0,0
1443,1718,30633829,31675792,22321,7933,93,7955,0,0,-18,0,-18,1,1,1,14875,0,0,0,0,0,0,0
1444,1719,32026458,32000916,22257,7933,93,7955,0,0,-18,0,-18,1,1,1,15000,0,0,0,0,0,0,0
1445,1720,32560579,31444541,22821,7933,93,7955,0,0,-18,0,-18,1,1,1,15083,0,0,0,0,0,0,0
1446,1721,31784333,31833166,22593,7933,93,7955,0,0,-18,0,-18,1,1,1,14875,0,0,0,0,0,0,0
1447,1722,30243126,31214250,22321,7933,93,7955,0,0,-18,0,-18,1,1,1,14625,0,0,0,0,0,0,0
1448,1723,34875545,34906292,22309,7933,93,7955,0,0,-18,0,-18,1,1,1,17250,0,0,0,0,0,0,0
1449,1724,31682334,31684000,22257,7933,96,7955,0,0,-18,0,-18,1,1,1,14708,0,0,0,0,0,0,0
1450,1725,32614830,31473708,22257,7933,93,7955,0,0,-18,0,-18,1,1,1,15292,0,0,0,0,0,0,0
1451,1726,30267417,31381291,22409,7933,93,7955,0,0,-18,0,-18,1,1,1,14708,0,0,0,0,0,0,0
1452,1727,31341120,31323417,22257,7933,93,7955,0,0,-18,0,-18,1,1,1,15083,0,0,0,0,0,0,0
1453,1728,31595584,31584541,22257,7933,93,7955,0,0,-18,0,-18,1,1,1,15084,0,0,0,0,0,0,0
1454,1729,32792042,31717750,22257,7933,93,7955,0,0,-18,0,-18,1,1,1,14875,0,0,0,0,0,0,0
1455,1730,31739916,32730042,22373,7933,93,7955,0,0,-18,0,-18,1,1,1,14500,0,0,0,0,0,0,0
1456,1731,33242914,33255833,22345,7934,94,7956,0,0,-18,0,-18,1,1,1,15375,0,0,0,0,0,0,0
1457,1732,33423546,33438167,22257,7933,93,7955,0,0,-18,0,-18,1,1,1,15458,0,0,0,0,0,0,0
1458,1733,35164166,33674584,22257,7933,93,7955,0,0,-18,0,-18,1,1,1,15250,0,0,0,0,0,0,0
1459,1734,32489165,33725292,22321,7933,93,7955,0,0,-18,0,-18,1,1,1,15083,0,0,0,0,0,0,0
1460,1735,34901708,33966709,22821,7933,93,7955,0,0,-18,0,-18,1,1,1,15542,0,0,0,0,0,0,0
1461,1736,35551082,35503125,22645,7933,93,7955,0,0,-18,0,-18,1,1,1,15125,0,0,0,0,0,0,0
1462,1737,38525126,39610500,22321,7933,93,7955,0,0,-18,0,-18,1,1,1,17250,0,0,0,0,0,0,0
1463,1738,62889367,60765500,22257,7933,93,7955,0,0,-18,0,-18,1,1,1,25167,0,0,0,0,0,0,0
1464,1739,65621048,67349583,22321,7933,96,7955,0,0,-18,0,-18,1,1,1,29750,0,0,0,0,0,0,0
1465,1740,87920621,83947042,22397,7933,93,7955,0,0,-18,0,-18,1,1,1,19417,0,0,0,0,0,0,0
1466,1741,77534332,81364250,22321,7933,93,7955,0,0,-18,0,-18,1,1,1,21708,0,0,0,0,0,0,0
1467,1742,65005421,63408375,22345,7933,93,7955,0,0,-18,0,-18,1,1,1,28458,0,0,0,0,0,0,0
1468,1743,65028041,65052625,22937,7933,93,7955,0,0,-18,0,-18,1,1,1,30000,0,0,0,0,0,0,0
1469,1744,51618289,51731166,22505,7933,93,7955,0,0,-18,0,-18,1,1,1,24125,0,0,0,0,0,0,0
1470,1745,46159546,47918333,22409,7933,93,7955,0,0,-18,0,-18,1,1,1,22708,0,0,0,0,0,0,0
1471,1746,54791871,53384042,22257,7934,94,7956,0,0,-18,0,-18,1,1,1,21167,0,0,0,0,0,0,0
1472,1747,42227040,43595625,22373,7933,96,7955,0,0,-18,0,-18,1,1,1,20292,0,0,0,0,0,0,0
1473,1748,47878082,47745125,22257,7933,93,7955,0,0,-18,0,-18,1,1,1,19583,0,0,0,0,0,0,0
1474,1749,53572960,51842709,22345,7933,93,7955,0,0,-18,0,-18,1,1,1,22959,0,0,0,0,0,0,0
1475,1750,77479958,79171167,22321,7933,93,7955,0,0,-18,0,-18,1,1,1,22333,0,0,0,0,0,0,0
1476,1751,52052665,50547041,22309,7933,93,7955,0,0,-18,0,-18,1,1,1,24792,0,0,0,0,0,0,0
1477,1752,47971207,49520417,22409,7933,93,7955,0,0,-18,0,-18,1,1,1,23583,0,0,0,0,0,0,0
1478,1753,54212834,51237333,22821,7933,93,7955,0,0,-18,0,-18,1,1,1,25666,0,0,0,0,0,0,0
1479,1754,48647917,51229666,22569,7933,93,7955,0,0,-18,0,-18,1,1,1,23500,0,0,0,0,0,0,0
1480,1755,56273087,54798584,22397,7933,93,7955,0,0,-18,0,-18,1,1,1,24416,0,0,0,0,0,0,0
1481,1756,49908205,51574625,22321,7933,96,7955,0,0,-18,0,-18,1,1,1,24375,0,0,0,0,0,0,0
1482,1757,54070372,52498083,22257,7933,93,7955,0,0,-18,0,-18,1,1,1,23250,0,0,0,0,0,0,0
1483,1758,46640504,48314750,22409,7933,93,7955,0,0,-18,0,-18,1,1,1,25416,0,0,0,0,0,0,0
1484,1759,42066622,42028250,22309,7933,93,7955,0,0,-18,0,-18,1,1,1,19375,0,0,0,0,0,0,0
1485,1760,42333044,41101209,22257,7933,93,7955,0,0,-18,0,-18,1,1,1,19084,0,0,0,0,0,0,0
1486,1761,38723412,39900708,22321,7934,94,7956,0,0,-18,0,-18,1,1,1,19459,0,0,0,0,0,0,0
1487,1762,36226671,36311375,22345,7933,93,7955,0,0,-18,0,-18,1,1,1,18458,0,0,0,0,0,0,0
1488,1763,35845868,34746375,22257,7933,93,7955,0,0,-18,0,-18,1,1,1,17250,0,0,0,0,0,0,0
1489,1764,32219920,32213958,22885,7933,93,7955,0,0,-18,0,-18,1,1,1,14625,0,0,0,0,0,0,0
1490,1765,30844330,31864459,22557,7933,93,7955,0,0,-18,0,-18,1,1,1,14917,0,0,0,0,0,0,0
1491,1766,33846378,33778792,22257,7933,93,7955,0,0,-18,0,-18,1,1,1,15917,0,0,0,0,0,0,0
1492,1767,37516247,36184417,22345,7933,93,7955,0,0,-18,0,-18,1,1,1,16209,0,0,0,0,0,0,0
1493,1768,32793708,34046042,22321,7933,96,7955,0,0,-18,0,-18,1,1,1,21208,0,0,0,0,0,0,0
1494,1769,34907914,34978625,22257,7933,93,7955,0,0,-18,0,-18,1,1,1,16584,0,0,0,0,0,0,0
1495,1770,39622131,38177000,22257,7933,93,7955,0,0,-18,0,-18,1,1,1,19625,0,0,0,0,0,0,0
1496,1771,40131960,41400709,22373,7933,93,7955,0,0,-18,0,-18,1,1,1,17458,0,0,0,0,0,0,0
1497,1772,47755703,47819833,22345,7933,93,7955,0,0,-18,0,-18,1,1,1,21250,0,0,0,0,0,0,0
1498,1773,55794876,53733708,22257,7933,93,7955,0,0,-18,0,-18,1,1,1,23708,0,0,0,0,0,0,0
1499,1774,62584750,64387542,22321,7933,93,7955,0,0,-18,0,-18,1,1,1,28167,0,0,0,0,0,0,0
1500,1775,68193159,64266792,22961,7933,93,7955,0,0,-18,0,-18,1,1,1,31042,0,0,0,0,0,0,0
1501,1776,59878125,63854417,22569,7934,94,7956,0,0,-18,0,-18,1,1,1,28625,0,0,0,0,0,0,0
1502,1777,57867128,56025167,22257,7933,93,7955,0,0,-18,0,-18,1,1,1,33625,0,0,0,0,0,0,0
1503,1778,55763918,57563709,22409,7933,93,7955,0,0,-18,0,-18,1,1,1,25583,0,0,0,0,0,0,0
1504,1779,53709834,52501959,22309,7933,96,7955,0,0,-18,0,-18,1,1,1,23500,0,0,0,0,0,0,0
1505,1780,45495331,46647791,22321,7933,93,7955,0,0,-18,0,-18,1,1,1,24917,0,0,0,0,0,0,0
1506,1781,44220756,44217083,22345,7933,93,7955,0,0,-18,0,-18,1,1,1,19459,0,0,0,0,0,0,0
1507,1782,51322747,49681792,22257,7933,93,7955,0,0,-18,0,-18,1,1,1,19250,0,0,0,0,0,0,0
1508,1783,49942418,51588666,22321,7933,93,7955,0,0,-18,0,-18,1,1,1,25500,0,0,0,0,0,0,0
1509,1784,53653746,51651167,22309,7933,93,7955,0,0,-18,0,-18,1,1,1,23083,0,0,0,0,0,0,0
1510,1785,50654124,50921084,22973,7933,93,7955,0,0,-18,0,-18,1,1,1,22000,0,0,0,0,0,0,0
1511,1786,52953671,53011041,22505,7933,93,7955,0,0,-18,0,-18,1,1,1,23208,0,0,0,0,0,0,0
1512,1787,58023992,59412083,22321,7933,93,7955,0,0,-18,0,-18,1,1,1,28750,0,0,0,0,0,0,0
1513,1788,57367127,55802833,22397,7933,96,7955,0,0,-18,0,-18,1,1,1,28834,0,0,0,0,0,0,0
1514,1789,54547626,56227417,22321,7933,93,7955,0,0,-18,0,-18,1,1,1,23000,0,0,0,0,0,0,0
1515,1790,52854456,51169375,22257,7933,93,7955,0,0,-18,0,-18,1,1,1,23541,0,0,0,0,0,0,0
1516,1791,49968663,51605875,22409,7934,94,7956,0,0,-18,0,-18,1,1,1,24875,0,0,0,0,0,0,0
1517,1792,52273206,50744416,22309,7933,93,7955,0,0,-18,0,-18,1,1,1,22708,0,0,0,0,0,0,0
1518,1793,45455463,46986333,22321,7933,93,7955,0,0,-18,0,-18,1,1,1,23750,0,0,0,0,0,0,0
1519,1794,41586413,41582208,22257,7933,93,7955,0,0,-18,0,-18,1,1,1,19166,0,0,0,0,0,0,0
1520,1795,40322832,38379292,22909,7933,93,7955,0,0,-18,0,-18,1,1,1,19375,0,0,0,0,0,0,0
1521,1796,33987585,35982542,22569,7933,93,7955,0,0,-18,0,-18,1,1,1,17167,0,0,0,0,0,0,0
1522,1797,33343333,33362334,22309,7931,93,7953,0,0,-18,0,-18,1,1,1,17166,0,0,0,0,0,0,0
1523,1798,35846125,34733458,22257,7933,93,7955,0,0,-18,0,-18,1,1,1,16250,0,0,0,0,0,0,0
1524,1799,30489541,31524333,22321,7933,96,7955,0,0,-18,0,-18,1,1,1,14459,0,0,0,0,0,0,0
1525,1800,31956087,31979584,22345,7933,93,7955,0,0,-18,0,-18,1,1,1,15500,0,0,0,0,0,0,0
1526,1801,31716417,31711167,22257,7933,93,7955,0,0,-18,0,-18,1,1,1,14834,0,0,0,0,0,0,0
1527,1802,33398661,32338500,22257,7933,93,7955,0,0,-18,0,-18,1,1,1,14958,0,0,0,0,0,0,0
1528,1803,30744295,31769625,22321,7933,93,7955,0,0,-18,0,-18,1,1,1,14416,0,0,0,0,0,0,0
1529,1804,31459085,31386916,22309,7933,93,7955,0,0,-18,0,-18,1,1,1,14958,0,0,0,0,0,0,0
1530,1805,31657710,31713208,22345,7933,93,7955,0,0,-18,0,-18,1,1,1,14708,0,0,0,0,0,0,0
1531,1806,32939702,31822834,22257,7934,94,7956,0,0,-18,0,-18,1,1,1,15292,0,0,0,0,0,0,0
1532,1807,30518125,31591666,22321,7933,93,7955,0,0,-18,0,-18,1,1,1,15750,0,0,0,0,0,0,0
1533,1808,31395498,31384708,22257,7933,93,7955,0,0,-18,0,-18,1,1,1,14458,0,0,0,0,0,0,0
1534,1809,31666625,31604458,22257,7933,93,7955,0,0,-18,0,-18,1,1,1,14125,0,0,0,0,0,0,0
1535,1810,32240461,30602834,22909,7933,93,7955,0,0,-18,0,-18,1,1,1,17000,0,0,0,0,0,0,0
1536,1811,29592871,31277750,22621,7933,93,7955,0,0,-18,0,-18,1,1,1,15375,0,0,0,0,0,0,0
1537,1812,28405208,28374417,22257,7933,93,7955,0,0,-18,0,-18,1,1,1,12625,0,0,0,0,0,0,0
1538,1813,30445961,30431208,22257,7933,93,7955,0,0,-18,0,-18,1,1,1,12834,0,0,0,0,0,0,0
1539,1814,34895911,33735667,22257,7933,93,7955,0,0,-18,0,-18,1,1,1,16791,0,0,0,0,0,0,0
1540,1815,30990753,32060833,22409,7933,96,7955,0,0,-18,0,-18,1,1,1,14458,0,0,0,0,0,0,0
1541,1816,31356666,31350542,22257,7933,93,7955,0,0,-18,0,-18,1,1,1,22125,0,0,0,0,0,0,0
1542,1817,31747747,31741917,22257,7933,93,7955,0,0,-18,0,-18,1,1,1,14666,0,0,0,0,0,0,0
1543,1818,32721046,31653709,22309,7933,93,7955,0,0,-18,0,-18,1,1,1,14833,0,0,0,0,0,0,0
1544,1819,30486082,31472834,22321,7933,93,7955,0,0,-18,0,-18,1,1,1,14542,0,0,0,0,0,0,0
1545,1820,31929664,31945250,22345,7933,93,7955,0,0,-18,0,-18,1,1,1,14750,0,0,0,0,0,0,0
1546,1821,31832590,31840417,22459,7934,94,7956,0,0,-18,0,-18,1,1,1,14292,0,0,0,0,0,0,0
1547,1822,32702911,31640417,22257,7933,93,7955,0,0,-18,0,-18,1,1,1,14834,0,0,0,0,0,0,0
1548,1823,31297542,32328625,22321,7933,93,7955,0,0,-18,0,-18,1,1,1,14209,0,0,0,0,0,0,0
1549,1824,36994084,36913292,22257,7933,93,7955,0,0,-18,0,-18,1,1,1,14542,0,0,0,0,0,0,0
1550,1825,36349587,34285583,22397,7933,93,7955,0,0,-18,0,-18,1,1,1,14875,0,0,0,0,0,0,0
1551,1826,33269450,35150792,23133,7933,93,7955,0,0,-18,0,-18,1,1,1,16875,0,0,0,0,0,0,0
1552,1827,33335294,33529792,22257,7933,93,7955,0,0,-18,0,-18,1,1,1,14958,0,0,0,0,0,0,0
1553,1828,35380415,34303417,22257,7933,93,7955,0,0,-18,0,-18,1,1,1,14708,0,0,0,0,0,0,0
1554,1829,41507292,42386792,22321,7933,93,7955,0,0,-18,0,-18,1,1,1,20375,0,0,0,0,0,0,0
1555,1830,46322669,46279584,22345,7933,96,7955,0,0,-18,0,-18,1,1,1,21166,0,0,0,0,0,0,0
1556,1831,58544587,56694583,22309,7933,93,7955,0,0,-18,0,-18,1,1,1,24166,0,0,0,0,0,0,0
1557,1832,63745491,65358500,22321,7933,93,7955,0,0,-18,0,-18,1,1,1,28459,0,0,0,0,0,0,0
1558,1833,70218503,68378000,22345,7933,93,7955,0,0,-18,0,-18,1,1,1,29458,0,0,0,0,0,0,0
1559,1834,62118876,64012584,22321,7933,93,7955,0,0,-18,0,-18,1,1,1,21625,0,0,0,0,0,0,0
1560,1835,67109376,63426375,22873,7933,93,7955,0,0,-18,0,-18,1,1,1,29083,0,0,0,0,0,0,0
1561,1836,59172250,62889167,22955,7934,94,7956,0,0,-18,0,-18,1,1,1,28417,0,0,0,0,0,0,0
1562,1837,52833829,50598667,22257,7933,93,7955,0,0,-18,0,-18,1,1,1,24000,0,0,0,0,0,0,0
1563,1838,46980958,49043666,22321,7933,93,7955,0,0,-18,0,-18,1,1,1,20292,0,0,0,0,0,0,0
1564,1839,43042503,43217750,22397,7933,96,7955,0,0,-18,0,-18,1,1,1,19792,0,0,0,0,0,0,0
1565,1840,43147124,42044541,22257,7933,93,7955,0,0,-18,0,-18,1,1,1,19792,0,0,0,0,0,0,0
1566,1841,41087705,42170041,22321,7933,93,7955,0,0,-18,0,-18,1,1,1,17333,0,0,0,0,0,0,0
1567,1842,43582376,43362667,22257,7933,93,7955,0,0,-18,0,-18,1,1,1,19041,0,0,0,0,0,0,0
1568,1843,44950332,43623375,22345,7933,93,7955,0,0,-18,0,-18,1,1,1,22209,0,0,0,0,0,0,0
1569,1844,44133085,45516583,22373,7933,93,7955,0,0,-18,0,-18,1,1,1,20000,0,0,0,0,0,0,0
1570,1845,53638875,53571084,22257,7933,93,7955,0,0,-18,0,-18,1,1,1,23542,0,0,0,0,0,0,0
1571,1846,67885667,64335750,22821,7933,93,7955,0,0,-18,0,-18,1,1,1,33667,0,0,0,0,0,0,0
1572,1847,59416461,62872042,22657,7933,93,7955,0,0,-18,0,-18,1,1,1,28833,0,0,0,0,0,0,0
1573,1848,58006249,56590292,22309,7933,93,7955,0,0,-18,0,-18,1,1,1,34333,0,0,0,0,0,0,0
1574,1849,49463413,50851417,22321,7933,96,7955,0,0,-18,0,-18,1,1,1,24583,0,0,0,0,0,0,0
1575,1850,46534921,46700167,22345,7933,93,7955,0,0,-18,0,-18,1,1,1,24000,0,0,0,0,0,0,0
1576,1851,42732998,41421959,22257,7934,94,7956,0,0,-18,0,-18,1,1,1,19041,0,0,0,0,0,0,0
1577,1852,37788577,39096250,22321,7933,93,7955,0,0,-18,0,-18,1,1,1,19834,0,0,0,0,0,0,0
1578,1853,36496959,36406625,22309,7933,93,7955,0,0,-18,0,-18,1,1,1,17333,0,0,0,0,0,0,0
1579,1854,36472957,35488500,22345,7933,93,7955,0,0,-18,0,-18,1,1,1,16916,0,0,0,0,0,0,0
1580,1855,33184956,34158625,22321,7933,93,7955,0,0,-18,0,-18,1,1,1,16250,0,0,0,0,0,0,0
1581,1856,33152211,33195250,22257,7933,93,7955,0,0,-18,0,-18,1,1,1,15750,0,0,0,0,0,0,0
1582,1857,36111041,34185084,22821,7933,93,7955,0,0,-18,0,-18,1,1,1,18166,0,0,0,0,0,0,0
1583,1858,31253669,33056334,22569,7933,93,7955,0,0,-18,0,-18,1,1,1,15042,0,0,0,0,0,0,0
1584,1859,36201246,36199625,22397,7933,93,7955,0,0,-18,0,-18,1,1,1,15041,0,0,0,0,0,0,0
1585,1860,42848795,41743083,22257,7933,93,7955,0,0,-18,0,-18,1,1,1,22917,0,0,0,0,0,0,0
1586,1861,42460288,43368083,22321,7933,96,7955,0,0,-18,0,-18,1,1,1,19750,0,0,0,0,0,0,0
1587,1862,46150289,46184625,22257,7933,93,7955,0,0,-18,0,-18,1,1,1,19875,0,0,0,0,0,0,0
1588,1863,52963875,51433417,22345,7933,93,7955,0,0,-18,0,-18,1,1,1,24709,0,0,0,0,0,0,0
1589,1864,56273464,57692541,22373,7933,93,7955,0,0,-18,0,-18,1,1,1,23333,0,0,0,0,0,0,0
1590,1865,62547914,60398250,22257,7933,93,7955,0,0,-18,0,-18,1,1,1,28167,0,0,0,0,0,0,0
1591,1866,53808998,55974875,22409,7934,94,7956,0,0,-18,0,-18,1,1,1,29417,0,0,0,0,0,0,0
1592,1867,53791623,50989417,22257,7933,93,7955,0,0,-18,0,-18,1,1,1,23625,0,0,0,0,0,0,0
1593,1868,50205249,52672000,23185,7933,93,7955,0,0,-18,0,-18,1,1,1,23708,0,0,0,0,0,0,0
1594,1869,53132746,51754250,22345,7933,93,7955,0,0,-18,0,-18,1,1,1,23625,0,0,0,0,0,0,0
1595,1870,64030751,65690833,22321,7933,93,7955,0,0,-18,0,-18,1,1,1,32208,0,0,0,0,0,0,0
1596,1871,53106412,51465666,22257,7933,96,7955,0,0,-18,0,-18,1,1,1,23000,0,0,0,0,0,0,0
1597,1872,49425665,51037375,22461,7933,93,7955,0,0,-18,0,-18,1,1,1,24250,0,0,0,0,0,0,0
1598,1873,53271960,51419917,22257,7933,93,7955,0,0,-18,0,-18,1,1,1,24291,0,0,0,0,0,0,0
1599,1874,46424042,48274708,22321,7933,93,7955,0,0,-18,0,-18,1,1,1,23000,0,0,0,0,0,0,0
1600,1875,45797917,45568792,22257,7933,93,7955,0,0,-18,0,-18,1,1,1,23959,0,0,0,0,0,0,0
1601,1876,49903918,48578375,22345,7933,93,7955,0,0,-18,0,-18,1,1,1,20750,0,0,0,0,0,0,0
1602,1877,50257164,50286667,22937,7933,93,7955,0,0,-18,0,-18,1,1,1,23208,0,0,0,0,0,0,0
1603,1878,50570294,50405667,22505,7933,93,7955,0,0,-18,0,-18,1,1,1,21750,0,0,0,0,0,0,0
1604,1879,49986790,51507417,22409,7933,93,7955,0,0,-18,0,-18,1,1,1,23125,0,0,0,0,0,0,0
1605,1880,59462748,57552208,22257,7933,93,7955,0,0,-18,0,-18,1,1,1,26791,0,0,0,0,0,0,0
1606,1881,48067416,49877833,22373,7934,97,7956,0,0,-18,0,-18,1,1,1,22917,0,0,0,0,0,0,0
1607,1882,56605163,55160125,22345,7933,93,7955,0,0,-18,0,-18,1,1,1,28875,0,0,0,0,0,0,0
1608,1883,47975912,49458584,22321,7933,93,7955,0,0,-18,0,-18,1,1,1,22791,0,0,0,0,0,0,0
1609,1884,43146420,43166333,22257,7933,93,7955,0,0,-18,0,-18,1,1,1,22750,0,0,0,0,0,0,0
1610,1885,42388457,41166666,22257,7933,93,7955,0,0,-18,0,-18,1,1,1,19292,0,0,0,0,0,0,0
1611,1886,35511579,36733416,22461,7933,93,7955,0,0,-18,0,-18,1,1,1,16750,0,0,0,0,0,0,0
1612,1887,35714711,35714041,22257,7933,93,7955,0,0,-18,0,-18,1,1,1,17000,0,0,0,0,0,0,0
1613,1888,33679541,31826500,22821,7933,93,7955,0,0,-18,0,-18,1,1,1,15958,0,0,0,0,0,0,0
1614,1889,30096082,31928209,22569,7933,93,7955,0,0,-18,0,-18,1,1,1,14792,0,0,0,0,0,0,0
1615,1890,32239131,32153667,22257,7933,93,7955,0,0,-18,0,-18,1,1,1,15167,0,0,0,0,0,0,0
1616,1891,35101536,35152917,22345,7933,93,7955,0,0,-18,0,-18,1,1,1,16208,0,0,0,0,0,0,0
1617,1892,33293664,32207458,22309,7933,96,7955,0,0,-18,0,-18,1,1,1,14541,0,0,0,0,0,0,0
1618,1893,31212961,32255584,22321,7933,93,7955,0,0,-18,0,-18,1,1,1,15125,0,0,0,0,0,0,0
1619,1894,31862415,31844167,22257,7933,93,7955,0,0,-18,0,-18,1,1,1,14917,0,0,0,0,0,0,0
1620,1895,31786877,31734458,22257,7933,93,7955,0,0,-18,0,-18,1,1,1,14916,0,0,0,0,0,0,0
1621,1896,32788004,31756166,22345,7934,94,7956,0,0,-18,0,-18,1,1,1,14666,0,0,0,0,0,0,0
1622,1897,30371952,31433208,22321,7933,93,7955,0,0,-18,0,-18,1,1,1,15167,0,0,0,0,0,0,0
1623,1898,31460046,31409541,22257,7933,93,7955,0,0,-18,0,-18,1,1,1,15375,0,0,0,0,0,0,0
1624,1899,31380705,31392125,22309,7933,93,7955,0,0,-18,0,-18,1,1,1,15542,0,0,0,0,0,0,0
1625,1900,32761961,31651167,22257,7933,93,7955,0,0,-18,0,-18,1,1,1,16250,0,0,0,0,0,0,0
1626,1901,30517453,31598958,22409,7933,93,7955,0,0,-18,0,-18,1,1,1,14667,0,0,0,0,0,0,0
1627,1902,31637337,31568625,22257,7933,93,7955,0,0,-18,0,-18,1,1,1,14916,0,0,0,0,0,0,0
1628,1903,31862288,31900542,22257,7933,93,7955,0,0,-18,0,-18,1,1,1,15750,0,0,0,0,0,0,0
1629,1904,33494960,31639083,22821,7933,93,7955,0,0,-18,0,-18,1,1,1,15083,0,0,0,0,0,0,0
1630,1905,30786791,32546292,22569,7933,93,7955,0,0,-18,0,-18,1,1,1,14458,0,0,0,0,0,0,0
1631,1906,33924002,33958458,22397,7933,93,7955,0,0,-18,0,-18,1,1,1,15250,0,0,0,0,0,0,0
1632,1907,40158666,39093875,22257,7933,93,7955,0,0,-18,0,-18,1,1,1,16792,0,0,0,0,0,0,0
1633,1908,32839369,33854500,22321,7933,96,7955,0,0,-18,0,-18,1,1,1,18000,0,0,0,0,0,0,0
1634,1909,33409673,33442958,22257,7933,93,7955,0,0,-18,0,-18,1,1,1,15625,0,0,0,0,0,0,0
1635,1910,38296498,36717334,22257,7933,93,7955,0,0,-18,0,-18,1,1,1,18958,0,0,0,0,0,0,0
1636,1911,37638369,39059416,22409,7934,94,7956,0,0,-18,0,-18,1,1,1,15708,0,0,0,0,0,0,0
1637,1912,43744005,43699583,22309,7933,93,7955,0,0,-18,0,-18,1,1,1,19666,0,0,0,0,0,0,0
1638,1913,58609411,56731000,22257,7933,93,7955,0,0,-18,0,-18,1,1,1,24583,0,0,0,0,0,0,0
1639,1914,64242795,65790750,22321,7933,93,7955,0,0,-18,0,-18,1,1,1,29041,0,0,0,0,0,0,0
1640,1915,69854542,66832291,22909,7933,93,7955,0,0,-18,0,-18,1,1,1,28959,0,0,0,0,0,0,0
1641,1916,61125170,63843333,22621,7933,93,7955,0,0,-18,0,-18,1,1,1,31167,0,0,0,0,0,0,0
1642,1917,67087456,65372042,22257,7933,93,7955,0,0,-18,0,-18,1,1,1,28709,0,0,0,0,0,0,0
1643,1918,62144126,64332167,22409,7933,93,7955,0,0,-18,0,-18,1,1,1,28667,0,0,0,0,0,0,0
1644,1919,50314411,49021208,22257,7933,96,7955,0,0,-18,0,-18,1,1,1,23958,0,0,0,0,0,0,0
1645,1920,41155584,42424000,22373,7933,93,7955,0,0,-18,0,-18,1,1,1,22958,0,0,0,0,0,0,0
1646,1921,39692793,39769042,22345,7933,93,7955,0,0,-18,0,-18,1,1,1,19500,0,0,0,0,0,0,0
1647,1922,39996746,38560167,22257,7933,93,7955,0,0,-18,0,-18,1,1,1,17625,0,0,0,0,0,0,0
1648,1923,35597626,36899417,22321,7933,93,7955,0,0,-18,0,-18,1,1,1,17042,0,0,0,0,0,0,0
1649,1924,36767877,36788458,22257,7933,93,7955,0,0,-18,0,-18,1,1,1,17167,0,0,0,0,0,0,0
1650,1925,42325582,40951250,22345,7933,93,7955,0,0,-18,0,-18,1,1,1,19375,0,0,0,0,0,0,0
1651,1926,42620707,42679583,22937,7934,94,7956,0,0,-18,0,-18,1,1,1,19875,0,0,0,0,0,0,0
1652,1927,41782915,42965584,22505,7933,93,7955,0,0,-18,0,-18,1,1,1,22125,0,0,0,0,0,0,0
1653,1928,48706505,46801917,22257,7933,93,7955,0,0,-18,0,-18,1,1,1,33000,0,0,0,0,0,0,0
1654,1929,60662288,62472125,22409,7933,93,7955,0,0,-18,0,-18,1,1,1,24375,0,0,0,0,0,0,0
1655,1930,67080006,65044916,22257,7933,96,7955,0,0,-18,0,-18,1,1,1,30708,0,0,0,0,0,0,0
1656,1931,62604829,64345375,22373,7933,93,7955,0,0,-18,0,-18,1,1,1,32459,0,0,0,0,0,0,0
1657,1932,66492088,64799292,22345,7933,93,7955,0,0,-18,0,-18,1,1,1,28958,0,0,0,0,0,0,0
1658,1933,53796585,55707417,22321,7933,93,7955,0,0,-18,0,-18,1,1,1,29375,0,0,0,0,0,0,0
1659,1934,50607956,49280208,22257,7933,93,7955,0,0,-18,0,-18,1,1,1,24042,0,0,0,0,0,0,0
1660,1935,44068623,43746334,23025,7933,93,7955,0,0,-18,0,-18,1,1,1,20375,0,0,0,0,0,0,0
1661,1936,43784245,45446541,22505,7933,93,7955,0,0,-18,0,-18,1,1,1,19209,0,0,0,0,0,0,0
1662,1937,44715043,43437625,22257,7933,93,7955,0,0,-18,0,-18,1,1,1,25209,0,0,0,0,0,0,0
1663,1938,46914335,48131791,22321,7933,93,7955,0,0,-18,0,-18,1,1,1,20250,0,0,0,0,0,0,0
1664,1939,43088458,43119333,22345,7933,96,7955,0,0,-18,0,-18,1,1,1,24083,0,0,0,0,0,0,0
1665,1940,43054670,41806333,22309,7933,93,7955,0,0,-18,0,-18,1,1,1,19167,0,0,0,0,0,0,0
1666,1941,41721038,42936958,22321,7934,94,7956,0,0,-18,0,-18,1,1,1,19083,0,0,0,0,0,0,0
1667,1942,38548540,38509542,22257,7933,93,7955,0,0,-18,0,-18,1,1,1,17875,0,0,0,0,0,0,0
1668,1943,38941547,37842000,22345,7933,93,7955,0,0,-18,0,-18,1,1,1,17250,0,0,0,0,0,0,0
1669,1944,38681078,39706084,22321,7933,93,7955,0,0,-18,0,-18,1,1,1,16917,0,0,0,0,0,0,0
1670,1945,41378919,41412041,22309,7933,93,7955,0,0,-18,0,-18,1,1,1,23167,0,0,0,0,0,0,0
1671,1946,45590121,44226625,22257,7933,93,7955,0,0,-18,0,-18,1,1,1,19625,0,0,0,0,0,0,0
1672,1947,42648624,42190125,22973,7933,93,7955,0,0,-18,0,-18,1,1,1,21750,0,0,0,0,0,0,0
1673,1948,44571500,46268250,22505,7933,93,7955,0,0,-18,0,-18,1,1,1,19875,0,0,0,0,0,0,0
1674,1949,57423170,55670458,22257,7933,93,7955,0,0,-18,0,-18,1,1,1,24500,0,0,0,0,0,0,0
1675,1950,60996245,62556041,22373,7933,96,7955,0,0,-18,0,-18,1,1,1,29333,0,0,0,0,0,0,0
1676,1951,61639420,59616000,22345,7933,93,7955,0,0,-18,0,-18,1,1,1,34084,0,0,0,0,0,0,0
1677,1952,52623499,54774792,22321,7933,93,7955,0,0,-18,0,-18,1,1,1,28042,0,0,0,0,0,0,0
1678,1953,54164957,52405375,22257,7933,93,7955,0,0,-18,0,-18,1,1,1,23500,0,0,0,0,0,0,0
1679,1954,50637293,52325375,22461,7933,93,7955,0,0,-18,0,-18,1,1,1,23792,0,0,0,0,0,0,0
1680,1955,54361201,52455709,22257,7933,93,7955,0,0,-18,0,-18,1,1,1,26542,0,0,0,0,0,0,0
1681,1956,52314914,52257209,22885,7934,94,7956,0,0,-18,0,-18,1,1,1,26334,0,0,0,0,0,0,0
1682,1957,51738668,51418291,22593,7933,93,7955,0,0,-18,0,-18,1,1,1,23041,0,0,0,0,0,0,0
1683,1958,54323915,56571750,22373,7933,93,7955,0,0,-18,0,-18,1,1,1,25292,0,0,0,0,0,0,0
1684,1959,46275168,44683791,22257,7933,96,7955,0,0,-18,0,-18,1,1,1,19792,0,0,0,0,0,0,0
1685,1960,41869662,43430666,22409,7933,93,7955,0,0,-18,0,-18,1,1,1,20417,0,0,0,0,0,0,0
1686,1961,42945705,42893709,22257,7933,93,7955,0,0,-18,0,-18,1,1,1,19875,0,0,0,0,0,0,0
1687,1962,45388754,43583708,22257,7933,93,7955,0,0,-18,0,-18,1,1,1,19042,0,0,0,0,0,0,0
1688,1963,50097037,51767666,22373,7933,93,7955,0,0,-18,0,-18,1,1,1,26916,0,0,0,0,0,0,0
1689,1964,53674709,52291666,22345,7933,93,7955,0,0,-18,0,-18,1,1,1,25917,0,0,0,0,0,0,0
1690,1965,50831958,52281500,22321,7933,93,7955,0,0,-18,0,-18,1,1,1,22917,0,0,0,0,0,0,0
1691,1966,51700752,48594542,22821,7933,93,7955,0,0,-18,0,-18,1,1,1,23375,0,0,0,0,0,0,0
1692,1967,47588746,50570583,22709,7933,93,7955,0,0,-18,0,-18,1,1,1,22500,0,0,0,0,0,0,0
1693,1968,51664795,50226416,22257,7933,93,7955,0,0,-18,0,-18,1,1,1,23083,0,0,0,0,0,0,0
1694,1969,54768331,56141125,22321,7933,93,7955,0,0,-18,0,-18,1,1,1,28625,0,0,0,0,0,0,0
1695,1970,51605667,49969709,22345,7933,96,7955,0,0,-18,0,-18,1,1,1,23292,0,0,0,0,0,0,0
1696,1971,48141743,49677250,22373,7934,94,7956,0,0,-18,0,-18,1,1,1,24916,0,0,0,0,0,0,0
1697,1972,43144628,43246000,22257,7933,93,7955,0,0,-18,0,-18,1,1,1,19875,0,0,0,0,0,0,0
1698,1973,44854704,43558000,22257,7933,93,7955,0,0,-18,0,-18,1,1,1,20792,0,0,0,0,0,0,0
1699,1974,40410544,41735792,22409,7933,93,7955,0,0,-18,0,-18,1,1,1,18791,0,0,0,0,0,0,0
1700,1975,41431412,41379209,22257,7933,93,7955,0,0,-18,0,-18,1,1,1,19208,0,0,0,0,0,0,0
1701,1976,41569169,40509709,22309,7933,93,7955,0,0,-18,0,-18,1,1,1,19416,0,0,0,0,0,0,0
1702,1977,36539670,36392209,22885,7933,93,7955,0,0,-18,0,-18,1,1,1,16375,0,0,0,0,0,0,0
1703,1978,34920584,36145459,22593,7933,93,7955,0,0,-18,0,-18,1,1,1,16583,0,0,0,0,0,0,0
1704,1979,36637954,35462917,22257,7933,93,7955,0,0,-18,0,-18,1,1,1,18250,0,0,0,0,0,0,0
1705,1980,34950170,36128041,22321,7933,93,7955,0,0,-18,0,-18,1,1,1,17125,0,0,0,0,0,0,0
1706,1981,31977042,31914125,22257,7933,96,7955,0,0,-18,0,-18,1,1,1,15208,0,0,0,0,0,0,0
1707,1982,31118793,31073083,22309,7933,93,7955,0,0,-18,0,-18,1,1,1,14791,0,0,0,0,0,0,0
1708,1983,33254500,32252000,22345,7933,93,7955,0,0,-18,0,-18,1,1,1,16750,0,0,0,0,0,0,0
1709,1984,30643623,31684583,22321,7933,93,7955,0,0,-18,0,-18,1,1,1,14875,0,0,0,0,0,0,0
1710,1985,31875751,31838709,22257,7933,93,7955,0,0,-18,0,-18,1,1,1,14916,0,0,0,0,0,0,0
1711,1986,32007914,32028708,22257,7934,94,7956,0,0,-18,0,-18,1,1,1,15042,0,0,0,0,0,0,0
1712,1987,32534588,31415375,22257,7933,93,7955,0,0,-18,0,-18,1,1,1,14875,0,0,0,0,0,0,0
1713,1988,30642163,31705333,22409,7933,93,7955,0,0,-18,0,-18,1,1,1,14708,0,0,0,0,0,0,0
1714,1989,31513001,31505792,22309,7933,93,7955,0,0,-18,0,-18,1,1,1,14709,0,0,0,0,0,0,0
1715,1990,31453832,31452625,22257,7933,93,7955,0,0,-18,0,-18,1,1,1,15000,0,0,0,0,0,0,0
1716,1991,32977331,31887375,22257,7933,93,7955,0,0,-18,0,-18,1,1,1,14625,0,0,0,0,0,0,0
1717,1992,31398247,31328708,22885,7933,93,7955,0,0,-18,0,-18,1,1,1,15083,0,0,0,0,0,0,0
1718,1993,31033588,32122000,22593,7933,93,7955,0,0,-18,0,-18,1,1,1,14625,0,0,0,0,0,0,0
1719,1994,33082623,33073125,22257,7933,93,7955,0,0,-18,0,-18,1,1,1,16125,0,0,0,0,0,0,0
1720,1995,34294664,33230291,22257,7933,93,7955,0,0,-18,0,-18,1,1,1,15125,0,0,0,0,0,0,0
1721,1996,38007121,38898209,22373,7933,93,7955,0,0,-18,0,-18,1,1,1,19584,0,0,0,0,0,0,0
1722,1997,34387834,34468250,22257,7933,96,7955,0,0,-18,0,-18,1,1,1,15042,0,0,0,0,0,0,0
1723,1998,35425085,34012708,22345,7933,93,7955,0,0,-18,0,-18,1,1,1,15500,0,0,0,0,0,0,0
1724,1999,38941044,40318833,22321,7933,93,7955,0,0,-18,0,-18,1,1,1,17417,0,0,0,0,0,0,0
1725,2000,47540668,47504583,22257,7933,93,7955,0,0,-18,0,-18,1,1,1,19666,0,0,0,0,0,0,0
1726,2001,62787957,60705458,22257,7934,94,7956,0,0,-18,0,-18,1,1,1,22833,0,0,0,0,0,0,0
1727,2002,64158916,65695042,22461,7933,93,7955,0,0,-18,0,-18,1,1,1,28083,0,0,0,0,0,0,0
1728,2003,65078496,63320916,22257,7933,93,7955,0,0,-18,0,-18,1,1,1,29375,0,0,0,0,0,0,0
1729,2004,64739294,64756000,22885,7933,93,7955,0,0,-18,0,-18,1,1,1,29250,0,0,0,0,0,0,0
1730,2005,61813578,62100625,35117,7933,93,7955,0,0,-18,0,-18,1,1,1,31000,0,0,0,0,0,0,0
1731,2006,56166630,57759791,22373,7933,93,7955,0,0,-18,0,-18,1,1,1,23500,0,0,0,0,0,0,0
1732,2007,51781993,50422250,22257,7933,96,7955,0,0,-18,0,-18,1,1,1,26209,0,0,0,0,0,0,0
1733,2008,44619295,46132833,22409,7933,93,7955,0,0,-18,0,-18,1,1,1,23334,0,0,0,0,0,0,0
1734,2009,45264333,45232458,22257,7933,93,7955,0,0,-18,0,-18,1,1,1,19792,0,0,0,0,0,0,0
1735,2010,50845202,49149250,22257,7933,93,7955,0,0,-18,0,-18,1,1,1,19750,0,0,0,0,0,0,0
1736,2011,49717042,51297417,22373,7933,93,7955,0,0,-18,0,-18,1,1,1,22916,0,0,0,0,0,0,0
1737,2012,52781421,51479666,22345,7933,93,7955,0,0,-18,0,-18,1,1,1,22292,0,0,0,0,0,0,0
1738,2013,47990292,47908792,22885,7933,93,7955,0,0,-18,0,-18,1,1,1,19708,0,0,0,0,0,0,0
1739,2014,49076125,50367542,22505,7933,93,7955,0,0,-18,0,-18,1,1,1,22708,0,0,0,0,0,0,0
1740,2015,51818333,50352166,22309,7933,93,7955,0,0,-18,0,-18,1,1,1,23083,0,0,0,0,0,0,0
1741,2016,54997541,56508042,22409,7934,94,7956,0,0,-18,0,-18,1,1,1,26709,0,0,0,0,0,0,0
1742,2017,54355327,52522083,22257,7933,96,7955,0,0,-18,0,-18,1,1,1,25500,0,0,0,0,0,0,0
1743,2018,47179959,48976667,22321,7933,93,7955,0,0,-18,0,-18,1,1,1,22250,0,0,0,0,0,0,0
1744,2019,41855003,41889584,22397,7933,93,7955,0,0,-18,0,-18,1,1,1,19333,0,0,0,0,0,0,0
1745,2020,46130251,44841041,22257,7933,93,7955,0,0,-18,0,-18,1,1,1,20167,0,0,0,0,0,0,0
1746,2021,39976332,41226875,22321,7933,93,7955,0,0,-18,0,-18,1,1,1,19250,0,0,0,0,0,0,0
1747,2022,41832000,41816875,22257,7933,93,7955,0,0,-18,0,-18,1,1,1,19708,0,0,0,0,0,0,0
1748,2023,37670202,36555167,22345,7933,93,7955,0,0,-18,0,-18,1,1,1,16500,0,0,0,0,0,0,0
1749,2024,36532878,36514417,22937,7933,93,7955,0,0,-18,0,-18,1,1,1,16291,0,0,0,0,0,0,0
1750,2025,33620875,34766000,22505,7933,93,7955,0,0,-18,0,-18,1,1,1,16666,0,0,0,0,0,0,0
1751,2026,33097993,32052125,22257,7933,93,7955,0,0,-18,0,-18,1,1,1,15167,0,0,0,0,0,0,0
1752,2027,35605881,36578541,22321,7933,93,7955,0,0,-18,0,-18,1,1,1,18208,0,0,0,0,0,0,0
1753,2028,31443580,31482875,22345,7933,96,7955,0,0,-18,0,-18,1,1,1,15000,0,0,0,0,0,0,0
1754,2029,35368040,34254833,22257,7933,93,7955,0,0,-18,0,-18,1,1,1,14917,0,0,0,0,0,0,0
1755,2030,32991707,34087166,22373,7933,93,7955,0,0,-18,0,-18,1,1,1,15500,0,0,0,0,0,0,0
1756,2031,32847959,32815209,22257,7934,94,7956,0,0,-18,0,-18,1,1,1,15458,0,0,0,0,0,0,0
1757,2032,35331081,33902083,22257,7933,93,7955,0,0,-18,0,-18,1,1,1,18292,0,0,0,0,0,0,0
1758,2033,36666043,38017791,22409,7933,93,7955,0,0,-18,0,-18,1,1,1,15084,0,0,0,0,0,0,0
1759,2034,39835706,39676417,22257,7933,93,7955,0,0,-18,0,-18,1,1,1,17458,0,0,0,0,0,0,0
1760,2035,48690915,46976250,22257,7933,93,7955,0,0,-18,0,-18,1,1,1,21375,0,0,0,0,0,0,0
1761,2036,55808462,57374625,22373,7933,93,7955,0,0,-18,0,-18,1,1,1,23000,0,0,0,0,0,0,0
1762,2037,67944832,64548875,22909,7933,93,7955,0,0,-18,0,-18,1,1,1,44000,0,0,0,0,0,0,0
1763,2038,61846166,65232125,22569,7933,93,7955,0,0,-18,0,-18,1,1,1,22917,0,0,0,0,0,0,0
1764,2039,71800753,69833666,22257,7933,93,7955,0,0,-18,0,-18,1,1,1,30167,0,0,0,0,0,0,0
1765,2040,63429206,65303667,22461,7933,96,7955,0,0,-18,0,-18,1,1,1,28875,0,0,0,0,0,0,0
1766,2041,66013701,64429000,22257,7933,93,7955,0,0,-18,0,-18,1,1,1,29458,0,0,0,0,0,0,0
1767,2042,50874710,52490875,22321,7933,93,7955,0,0,-18,0,-18,1,1,1,23750,0,0,0,0,0,0,0
1768,2043,50493996,49241417,22345,7933,93,7955,0,0,-18,0,-18,1,1,1,23416,0,0,0,0,0,0,0
1769,2044,42330626,43653792,22373,7933,93,7955,0,0,-18,0,-18,1,1,1,19458,0,0,0,0,0,0,0
1770,2045,43887875,43830833,22257,7933,93,7955,0,0,-18,0,-18,1,1,1,21875,0,0,0,0,0,0,0
1771,2046,46651124,44216250,22821,7934,94,7956,0,0,-18,0,-18,1,1,1,19417,0,0,0,0,0,0,0
1772,2047,42595919,45034083,22657,7933,93,7955,0,0,-18,0,-18,1,1,1,20125,0,0,0,0,0,0,0
1773,2048,43427202,43134584,22257,7933,93,7955,0,0,-18,0,-18,1,1,1,21459,0,0,0,0,0,0,0
1774,2049,47870378,46640375,22309,7933,93,7955,0,0,-18,0,-18,1,1,1,20708,0,0,0,0,0,0,0
1775,2050,50954166,52279459,22321,7933,96,7955,0,0,-18,0,-18,1,1,1,22625,0,0,0,0,0,0,0
1776,2051,52879288,51183000,22345,7933,93,7955,0,0,-18,0,-18,1,1,1,23792,0,0,0,0,0,0,0
1777,2052,50159793,51907875,22321,7933,93,7955,0,0,-18,0,-18,1,1,1,25958,0,0,0,0,0,0,0
1778,2053,46747379,46795583,22309,7933,93,7955,0,0,-18,0,-18,1,1,1,22875,0,0,0,0,0,0,0
1779,2054,48108290,46740875,22257,7933,93,7955,0,0,-18,0,-18,1,1,1,20125,0,0,0,0,0,0,0
1780,2055,43830789,45162084,22409,7933,93,7955,0,0,-18,0,-18,1,1,1,19416,0,0,0,0,0,0,0
1781,2056,51291335,49473709,22821,7933,93,7955,0,0,-18,0,-18,1,1,1,23041,0,0,0,0,0,0,0
1782,2057,52914455,52851708,22505,7933,93,7955,0,0,-18,0,-18,1,1,1,25250,0,0,0,0,0,0,0
1783,2058,48697710,50306625,22373,7933,93,7955,0,0,-18,0,-18,1,1,1,22167,0,0,0,0,0,0,0
1784,2059,56890830,55501166,22345,7933,93,7955,0,0,-18,0,-18,1,1,1,23000,0,0,0,0,0,0,0
1785,2060,50495292,51958125,22321,7933,96,7955,0,0,-18,0,-18,1,1,1,26042,0,0,0,0,0,0,0
1786,2061,52096500,50401334,22257,7934,94,7956,0,0,-18,0,-18,1,1,1,26500,0,0,0,0,0,0,0
1787,2062,48246916,49994167,22461,7933,93,7955,0,0,-18,0,-18,1,1,1,26500,0,0,0,0,0,0,0
1788,2063,43547581,43527166,22257,7933,93,7955,0,0,-18,0,-18,1,1,1,20166,0,0,0,0,0,0,0
1789,2064,45278288,43856750,22257,7933,93,7955,0,0,-18,0,-18,1,1,1,19833,0,0,0,0,0,0,0
1790,2065,44027749,45302375,22321,7933,93,7955,0,0,-18,0,-18,1,1,1,22500,0,0,0,0,0,0,0
1791,2066,47961544,46725125,22909,7933,93,7955,0,0,-18,0,-18,1,1,1,23375,0,0,0,0,0,0,0
1792,2067,47129038,46872916,22557,7933,93,7955,0,0,-18,0,-18,1,1,1,25125,0,0,0,0,0,0,0
1793,2068,47794628,49254000,22321,7933,93,7955,0,0,-18,0,-18,1,1,1,19083,0,0,0,0,0,0,0
1794,2069,56022372,54424584,22257,7933,93,7955,0,0,-18,0,-18,1,1,1,24083,0,0,0,0,0,0,0
1795,2070,46896755,48489791,22409,7933,96,7955,0,0,-18,0,-18,1,1,1,25959,0,0,0,0,0,0,0
1796,2071,47454915,47456750,22257,7933,93,7955,0,0,-18,0,-18,1,1,1,23333,0,0,0,0,0,0,0
1797,2072,42810577,41205667,22309,7933,93,7955,0,0,-18,0,-18,1,1,1,19291,0,0,0,0,0,0,0
1798,2073,43973874,45483792,22321,7933,93,7955,0,0,-18,0,-18,1,1,1,19500,0,0,0,0,0,0,0
1799,2074,42947463,42994333,22345,7933,93,7955,0,0,-18,0,-18,1,1,1,19333,0,0,0,0,0,0,0
